     44    1    b  1       java.lang.String::hashCode (76 bytes)
     45    2    b  1       java.lang.String::coder (21 bytes)
     46    3    b  1       java.lang.String::rawCoder (15 bytes)
     47    4    b  1       java.lang.Object::<init> (1 bytes)
     48    5    b  1       java.lang.String::mindex (54 bytes)
     51    6    b  1       java.lang.String::isLatin1 (19 bytes)
     53    7    b  1       java.util.concurrent.ConcurrentHashMap::tabAt (22 bytes)
     53    8    b  1       jdk.internal.misc.Unsafe::getReferenceAcquire (7 bytes)
     54    9     n 0       jdk.internal.misc.Unsafe::getReferenceVolatile (native)   
     54   10    b  1       java.util.concurrent.ConcurrentHashMap::spread (10 bytes)
     54   11     n 0       jdk.internal.misc.Unsafe::compareAndSetLong (native)   
     54   12   !b  1       java.util.concurrent.ConcurrentHashMap::putVal (432 bytes)
     58   13    b  1       java.util.concurrent.ConcurrentHashMap$Node::<init> (20 bytes)
     58   14    b  1       java.util.concurrent.ConcurrentHashMap::addCount (280 bytes)
     60   15    b  1       java.util.concurrent.ConcurrentHashMap::putIfAbsent (8 bytes)
     60   16    b  1       java.util.ImmutableCollections$SetN$SetNIterator::hasNext (13 bytes)
     61   17    b  1       java.util.ImmutableCollections$SetN$SetNIterator::next (90 bytes)
     62   18    b  1       java.lang.module.ModuleReference::descriptor (5 bytes)
     62   19    b  1       java.lang.module.ModuleDescriptor::name (5 bytes)
     62   20    b  1       java.util.HashMap::hash (20 bytes)
     63   21    b  1       java.util.HashMap::getNode (150 bytes)
     64   22    b  1       java.util.HashMap::get (19 bytes)
     65   23    b  1       java.lang.module.ModuleDescriptor::packages (5 bytes)
     65   24    b  1       java.lang.module.ResolvedModule::reference (5 bytes)
     66   25    b  1       java.util.Optional::<init> (10 bytes)
     66   26    b  1       java.util.Optional::ofNullable (19 bytes)
     67   27    b  1       java.util.Optional::orElse (16 bytes)
     67   28    b  1       java.util.HashMap::putVal (300 bytes)
     69   29    b  1       java.lang.String::equals (94 bytes)
     70   30    b  1       java.lang.module.ModuleDescriptor::isAutomatic (5 bytes)
     70   31    b  1       java.util.HashMap::put (13 bytes)
     71   32    b  1       java.lang.module.ResolvedModule::name (11 bytes)
     71   33    b  1       java.lang.module.ModuleDescriptor::isOpen (5 bytes)
     71   34     n 0       java.lang.Object::hashCode (native)   
     72   35    b  1       java.lang.module.ModuleDescriptor$Exports::source (5 bytes)
     72   36    b  1       java.util.ImmutableCollections$Set12$1::hasNext (13 bytes)
     72   37    b  1       java.lang.module.ResolvedModule::configuration (5 bytes)
     73   38    b  1       java.util.HashSet::add (20 bytes)
     73   39    b  1       java.util.ImmutableCollections$SetN::isEmpty (13 bytes)
     73   40    b  1       java.lang.module.ModuleDescriptor$Exports::isQualified (18 bytes)
     74   41    b  1       java.util.AbstractMap::<init> (5 bytes)
     74   42    b  1       java.util.ImmutableCollections$Set12$1::next (95 bytes)
     74   43     n 0       java.lang.Module::addExports0 (native)   (static)
     74   44     n 0       java.lang.Module::addExportsToAll0 (native)   (static)
     74   45    b  1       java.lang.module.ModuleDescriptor$Exports::targets (5 bytes)
     75   46    b  1       java.util.HashMap::resize (356 bytes)
     77   47    b  1       java.util.HashMap::<init> (11 bytes)
     77   48    b  1       java.util.AbstractCollection::<init> (5 bytes)
     77   49    b  1       java.util.ImmutableCollections$Set12::isEmpty (2 bytes)
     77   50    b  1       java.util.ImmutableCollections$SetN::iterator (9 bytes)
     78   51    b  1       java.util.ImmutableCollections$SetN$SetNIterator::<init> (36 bytes)
     78   52    b  1       java.util.AbstractSet::<init> (5 bytes)
     78   53    b  1       java.util.ImmutableCollections$Set12::iterator (9 bytes)
     78   54    b  1       java.util.ImmutableCollections$Set12$1::<init> (32 bytes)
     79   55    b  1       java.util.HashMap::isEmpty (13 bytes)
     79   56    b  1       java.util.HashSet::<init> (16 bytes)
     79   57    b  1       java.util.Objects::equals (23 bytes)
     80   58     n 0       java.lang.Module::addReads0 (native)   (static)
     80   59    b  1       java.util.HashSet::isEmpty (8 bytes)
     80   60    b  1       java.lang.module.ModuleDescriptor::opens (5 bytes)
     81   61    b  1       java.lang.Module::getDescriptor (5 bytes)
     81   62    b  1       java.lang.module.ModuleDescriptor::provides (5 bytes)
     84   63     n 0       java.lang.invoke.MethodHandle::linkToStatic(LLLLLLL)L (native)   (static)
     86   64    b  1       java.lang.Enum::ordinal (5 bytes)
     86   65    b  1       java.util.Objects::requireNonNull (14 bytes)
     87   66     n 0       java.lang.invoke.MethodHandle::linkToStatic(LL)L (native)   (static)
     87   67    b  1       java.lang.Enum::<init> (15 bytes)
     88   68    b  1       java.lang.String::length (27 bytes)
     89   69     n 0       java.lang.invoke.MethodHandle::invokeBasic(LLLLLL)L (native)   
     89   70    b  1       java.util.concurrent.ConcurrentHashMap::get (162 bytes)
     90   71     n 0       java.lang.invoke.MethodHandle::linkToSpecial(LLLLLLLL)L (native)   (static)
     90   72     n 0       java.lang.Class::isPrimitive (native)   
     90   73     n 0       java.lang.System::arraycopy (native)   (static)
     90   74    b  1       java.lang.invoke.MethodTypeForm::canonicalize (74 bytes)
     93   75    b  1       java.lang.invoke.MethodType::returnType (5 bytes)
     93   76    b  1       jdk.internal.util.Preconditions::checkIndex (18 bytes)
     94   77    b  1       java.lang.String::charAt (40 bytes)
     95   78    b  1       java.lang.StringLatin1::charAt (15 bytes)
     95   79    b  1       java.lang.String::checkIndex (10 bytes)
     96   80    b  1       java.lang.Math::min (11 bytes)
     98   81     n 0       java.lang.invoke.MethodHandle::linkToSpecial(LL)V (native)   (static)
     98   82     n 0       java.lang.invoke.MethodHandle::invokeBasic()L (native)   
     98   83     n 0       java.lang.invoke.MethodHandle::linkToSpecial(LL)L (native)   (static)
     99   84    b  1       java.lang.invoke.MethodType::ptypes (5 bytes)
     99   70       1       java.util.concurrent.ConcurrentHashMap::get (162 bytes)   made not entrant
    100   85     n 0       java.lang.invoke.MethodHandle::linkToStatic(LLL)L (native)   (static)
    100   86    b  1       java.lang.invoke.MethodType::checkSlotCount (33 bytes)
    101   87     n 0       java.lang.Class::isArray (native)   
    101   88    b  1       java.lang.ref.ReferenceQueue::headIsNull (13 bytes)
    101   89     n 0       java.lang.invoke.MethodHandle::linkToStatic(LLLL)L (native)   (static)
    101   90    b  1       java.lang.invoke.MemberName::getDeclaringClass (5 bytes)
    102   91    b  1       java.lang.StringLatin1::equals (36 bytes)
    102   92    b  1       java.lang.invoke.MethodType::hashCode (53 bytes)
    103   93    b  1       java.lang.invoke.MemberName::isInvocable (8 bytes)
    103   94    b  1       java.lang.invoke.MemberName::anyFlagSet (15 bytes)
    103   95    b  1       java.lang.invoke.MethodType$ConcurrentWeakInternSet::expungeStaleElements (27 bytes)
    103   96   !b  1       java.lang.ref.NativeReferenceQueue::poll (28 bytes)
    104   97    b  1       java.lang.Class::getClassLoader (28 bytes)
    107   98 %  b  1       jdk.internal.util.ArraysSupport::signedHashCode @ 8 (37 bytes)
    108   99    b  1       jdk.internal.util.ArraysSupport::signedHashCode (37 bytes)
    109  100    b  1       java.lang.invoke.MethodType::form (5 bytes)
    110  101    b  1       java.lang.String::value (21 bytes)
    111  102    b  1       java.lang.StringLatin1::canEncode (13 bytes)
    111  103     n 0       java.lang.Object::clone (native)   
    111  104    b  1       java.lang.AbstractStringBuilder::ensureCapacityInternal (39 bytes)
    112  105    b  1       java.lang.invoke.MethodType::parameterType (7 bytes)
    112  106    b  1       java.lang.String::maybeAdmit (33 bytes)
    113  107    b  1       java.lang.invoke.MethodType$ConcurrentWeakInternSet$WeakEntry::hashCode (5 bytes)
    114  108    b  1       java.lang.AbstractStringBuilder::isLatin1 (19 bytes)
    114  109 %  b  1       jdk.internal.org.objectweb.asm.ByteVector::putUTF8 @ 76 (144 bytes)
    115  110    b  1       jdk.internal.org.objectweb.asm.ByteVector::putUTF8 (144 bytes)
    116  111    b  1       jdk.internal.org.objectweb.asm.SymbolTable::get (13 bytes)
    117  112     n 0       java.lang.invoke.MethodHandle::linkToSpecial(LLL)V (native)   (static)
    117  113     n 0       java.lang.invoke.MethodHandle::invokeBasic(L)L (native)   
    117  114     n 0       java.lang.invoke.MethodHandle::linkToSpecial(LLL)L (native)   (static)
    117  115     n 0       jdk.internal.misc.Unsafe::compareAndSetReference (native)   
    118  116    b  1       java.util.concurrent.ConcurrentHashMap::get (162 bytes)
    121  117 %  b  1       java.lang.StringLatin1::indexOfChar @ 7 (33 bytes)
    121  118    b  1       java.lang.StringLatin1::indexOfChar (33 bytes)
    124  119    b  1       java.lang.AbstractStringBuilder::getValue (5 bytes)
    124  120    b  1       java.lang.AbstractStringBuilder::length (5 bytes)
    125  121    b  1       java.lang.Math::max (11 bytes)
    126  122    b  1       java.util.Arrays::copyOfRange (25 bytes)
    127  123    b  1       java.lang.String::getBytes (71 bytes)
    128  124    b  1       java.lang.String::<init> (48 bytes)
    129  125    b  1       java.lang.String::isEmpty (38 bytes)
    129  126 %  b  1       java.lang.StringLatin1::replace @ 79 (198 bytes)
    131  127    b  1       java.lang.StringLatin1::replace (198 bytes)
    133  128    b  1       java.lang.System::getSecurityManager (12 bytes)
    133  129    b  1       java.lang.System::allowSecurityManager (13 bytes)
    134  130    b  1       java.util.concurrent.ConcurrentHashMap::casTabAt (21 bytes)
    134  131    b  1       java.lang.StringLatin1::hashCode (52 bytes)
    135  132    b  1       jdk.internal.util.ArraysSupport::vectorizedHashCode (158 bytes)
    141  133    b  1       java.lang.StringBuilder::append (8 bytes)
    142  134    b  1       java.lang.AbstractStringBuilder::append (45 bytes)
    143  135    b  1       java.lang.AbstractStringBuilder::putStringAt (19 bytes)
    143  136    b  1       java.lang.AbstractStringBuilder::inflateIfNeededFor (22 bytes)
    144  137    b  1       sun.nio.fs.UnixPath::checkNotNul (16 bytes)
    145  138 %  b  1       java.lang.StringLatin1::indexOf @ 14 (121 bytes)
    146  139    b  1       java.lang.StringLatin1::indexOf (121 bytes)
    149  140    b  1       java.lang.ref.Reference::reachabilityFence (1 bytes)
    149  141    b  1       java.nio.Buffer::session (20 bytes)
    150  142    b  1       java.nio.Buffer::checkIndex (12 bytes)
    150  143   !b  1       java.nio.DirectByteBuffer::get (34 bytes)
    151  144    b  1       java.nio.DirectByteBuffer::ix (10 bytes)
    151  145   !b  1       jdk.internal.misc.ScopedMemoryAccess::getByte (16 bytes)
    152  146   !b  1       jdk.internal.misc.ScopedMemoryAccess::getByteInternal (34 bytes)
    152  147     n 0       jdk.internal.misc.Unsafe::getByte (native)   
    152  148 %  b  1       jdk.internal.jimage.ImageStringsReader::unmaskedHashCode @ 10 (166 bytes)
    154  149    b  1       jdk.internal.jimage.ImageStringsReader::unmaskedHashCode (166 bytes)
    155  150    b  1       jdk.internal.module.ModuleReferenceImpl::hashCode (56 bytes)
    156  151    b  1       java.nio.Buffer::limit (5 bytes)
    156  152     n 0       jdk.internal.misc.Unsafe::putReferenceVolatile (native)   
    156  153    b  1       jdk.internal.misc.Unsafe::putReferenceRelease (9 bytes)
    156  154    b  1       java.util.concurrent.ConcurrentHashMap::setTabAt (20 bytes)
    158  155    b  1       java.lang.String::indexOf (37 bytes)
    159  156    b  1       java.lang.StringLatin1::indexOf (37 bytes)
    167  157     n 0       java.lang.invoke.MethodHandle::linkToStatic(L)L (native)   (static)
    167  158    b  1       java.lang.invoke.MemberName::initResolved (53 bytes)
    167  159    b  1       java.lang.ref.Reference::<init> (25 bytes)
    168  160    b  1       java.lang.String::indexOf (7 bytes)
    168  161    b  1       jdk.internal.org.objectweb.asm.ByteVector::putShort (52 bytes)
    169  162    b  1       jdk.internal.org.objectweb.asm.SymbolTable::hash (10 bytes)
    169  163    b  1       jdk.internal.org.objectweb.asm.Symbol::<init> (38 bytes)
    169  164    b  1       jdk.internal.org.objectweb.asm.SymbolTable::put (150 bytes)
    170  165    b  1       java.lang.String::m3JoinedStringsEnabled (24 bytes)
    170  166    b  1       jdk.internal.util.Preconditions::checkFromToIndex (24 bytes)
    171  167    b  1       java.lang.String::substring (97 bytes)
    173  168    b  1       java.lang.String::checkBoundsBeginEnd (11 bytes)
    175  169     n 0       java.lang.Object::getClass (native)   
    175  170    b  1       java.lang.invoke.MethodTypeForm::erasedType (5 bytes)
    175  171    b  1       java.lang.invoke.MethodType::parameterCount (6 bytes)
    175  172    b  1       java.lang.invoke.MethodType::checkPtypes (76 bytes)
    176  173     n 0       java.lang.invoke.MethodHandle::linkToSpecial(LLL)I (native)   (static)
    176  174    b  1       java.lang.invoke.MethodType::makeImpl (109 bytes)
    177  175    b  1       java.lang.invoke.MethodType::<init> (15 bytes)
    178  176    b  1       java.lang.invoke.MethodType$ConcurrentWeakInternSet::get (47 bytes)
    179  177    b  1       jdk.internal.org.objectweb.asm.SymbolTable$Entry::<init> (17 bytes)
    179  178    b  1       jdk.internal.org.objectweb.asm.SymbolTable::addConstantUtf8 (98 bytes)
    180  179    b  1       jdk.internal.org.objectweb.asm.ByteVector::putByte (39 bytes)
    183  180    b  1       java.lang.invoke.MemberName::allFlagsSet (16 bytes)
    183  181    b  1       java.lang.StringBuilder::append (8 bytes)
    183  182    b  1       java.lang.AbstractStringBuilder::append (77 bytes)
    184  183    b  1       java.lang.invoke.MethodType::methodType (69 bytes)
    185  184     n 0       java.lang.invoke.MethodHandle::linkToSpecial(LLLL)V (native)   (static)
    185  185    b  1       sun.invoke.util.VerifyAccess::isTypeVisible (118 bytes)
    187  186    b  1       java.lang.invoke.MethodTypeForm::parameterSlotCount (5 bytes)
    187  187     n 0       java.lang.invoke.MethodHandle::invokeBasic(LL)L (native)   
    187  188     n 0       java.lang.invoke.MethodHandle::linkToSpecial(LLLL)L (native)   (static)
    187  189    b  1       java.lang.invoke.LambdaForm::argument (27 bytes)
    188  190    b  1       java.lang.invoke.LambdaForm$BasicType::basicType (187 bytes)
    189  191     n 0       java.lang.System::identityHashCode (native)   (static)
    189  192    b  1       jdk.internal.mindex.M3CI::enqueue (58 bytes)
    190  193    b  1       java.util.IdentityHashMap::hash (18 bytes)
    190  194    b  1       java.util.IdentityHashMap::maskNull (12 bytes)
    191  195    b  1       java.util.IdentityHashMap::put (137 bytes)
    194  196     n 0       java.lang.invoke.MethodHandle::linkToStatic(LLL)I (native)   (static)
    194  197    b  1       java.lang.invoke.LambdaForm$BasicType::basicType (8 bytes)
    194  198    b  1       sun.invoke.util.Wrapper::basicTypeChar (18 bytes)
    195  199    b  1       java.lang.invoke.LambdaForm$Name::initIndex (26 bytes)
    195  200    b  1       java.lang.invoke.MethodHandle::type (5 bytes)
    195  201    b  1       sun.invoke.util.Wrapper::basicTypeChar (5 bytes)
    195  202    b  1       java.lang.StringBuilder::length (5 bytes)
    196  203     n 0       java.lang.invoke.MethodHandle::linkToStatic(LLLLL)L (native)   (static)
    196  204     n 0       java.lang.invoke.MethodHandle::invokeBasic(LLLL)L (native)   
    196  205     n 0       java.lang.invoke.MethodHandle::linkToSpecial(LLLLLL)L (native)   (static)
    197  206   !b  1       java.lang.invoke.MemberName::getMethodType (211 bytes)
    198  207     n 0       java.lang.invoke.MethodHandle::linkToStatic(LLLL)I (native)   (static)
    198  208    b  1       java.lang.AbstractStringBuilder::<init> (39 bytes)
    199  209    b  1       java.lang.StringBuilder::toString (9 bytes)
    199  210    b  1       java.lang.String::<init> (7 bytes)
    199  211    b  1       java.lang.String::<init> (142 bytes)
    201  212     n 0       java.lang.Class::isInterface (native)   
    202  213    b  1       java.lang.Class::getName (18 bytes)
    203   56       1       java.util.HashSet::<init> (16 bytes)   made not entrant
    203   22       1       java.util.HashMap::get (19 bytes)   made not entrant
    203   28       1       java.util.HashMap::putVal (300 bytes)   made not entrant
    203   31       1       java.util.HashMap::put (13 bytes)   made not entrant
    203   38       1       java.util.HashSet::add (20 bytes)   made not entrant
    203   47       1       java.util.HashMap::<init> (11 bytes)   made not entrant
    203   59       1       java.util.HashSet::isEmpty (8 bytes)   made not entrant
    204  214    b  1       jdk.internal.org.objectweb.asm.ByteVector::put12 (64 bytes)
    205  215 %  b  1       java.lang.StringLatin1::lastIndexOf @ 18 (40 bytes)
    205  216    b  1       java.lang.StringLatin1::lastIndexOf (40 bytes)
    206  217    b  1       java.lang.invoke.MemberName::isResolved (13 bytes)
    206  218    b  1       java.lang.invoke.MethodHandles$Lookup::lookupClass (5 bytes)
    207  219    b  1       java.lang.invoke.MemberName::getReferenceKind (12 bytes)
    207  220    b  1       jdk.internal.org.objectweb.asm.SymbolTable::addConstantUtf8Reference (101 bytes)
    209  221    b  1       java.lang.ref.WeakReference::<init> (7 bytes)
    209  222     n 0       java.lang.invoke.MethodHandle::linkToSpecial(LLLLL)I (native)   (static)
    209  223    b  1       jdk.internal.util.ArraysSupport::newLength (27 bytes)
    210  224    b  1       jdk.internal.misc.Unsafe::allocateUninitializedArray (55 bytes)
    210  225    b  1       jdk.internal.misc.Unsafe::allocateUninitializedArray0 (90 bytes)
    211  226    b  1       java.lang.Class::getPackageName (81 bytes)
    213  227    b  1       java.lang.AbstractStringBuilder::newCapacity (59 bytes)
    215  228    b  1       java.lang.String::replace (44 bytes)
    215  229    b  1       jdk.internal.org.objectweb.asm.SymbolTable::addConstantClass (8 bytes)
    216  230   !b  1       java.lang.invoke.MemberName::clone (14 bytes)
    217  231    b  1       java.lang.Integer::intValue (5 bytes)
    217  232    b  1       jdk.internal.misc.Unsafe::getLongUnaligned (173 bytes)
    218  233     n 0       jdk.internal.misc.Unsafe::getLong (native)   
    218  234    b  1       jdk.internal.mindex.M3CI$$Lambda/0x00007fef0c048d40::applyAsInt (12 bytes)
    218  235    b  1       jdk.internal.mindex.M3CI::lambda$discover$2 (15 bytes)
    219  236    b  1       java.util.IdentityHashMap::get (60 bytes)
    220  237     n 0       jdk.internal.misc.Unsafe::getInt (native)   
    220  238    b  1       jdk.internal.mindex.M3CI$$Lambda/0x00007fef0c049218::apply (8 bytes)
    220  239    b  1       java.lang.StringLatin1::getChar (9 bytes)
    221  240    b  1       java.util.Comparator$$Lambda/0x00007fef0c049708::compare (16 bytes)
    221  241    b  1       java.util.Comparator::lambda$thenComparing$36697e65$1 (29 bytes)
    221  242    b  1       java.util.Comparator$$Lambda/0x00007fef0c048f70::compare (10 bytes)
    222  243    b  1       java.util.Comparator::lambda$comparingInt$7b0bb60$1 (18 bytes)
    223  244    b  1       java.lang.Integer::compare (20 bytes)
    224  245    b  1       java.util.Comparator$$Lambda/0x00007fef0c049460::compare (10 bytes)
    224  246    b  1       java.util.Comparator::lambda$comparing$77a9974f$1 (23 bytes)
    224  247    b  1       java.lang.String::compareTo (9 bytes)
    225  248    b  1       java.lang.String::compareTo (137 bytes)
    227  249    b  1       java.lang.StringLatin1::compareTo (14 bytes)
    227  250    b  1       java.lang.StringLatin1::compareTo (41 bytes)
    227  251    b  1       jdk.internal.util.ArraysSupport::mismatch (73 bytes)
    229  252    b  1       java.lang.invoke.MethodTypeForm::canonicalize (59 bytes)
    232  253    b  1       java.lang.invoke.MethodTypeForm::canonicalizeAll (63 bytes)
    233  254    b  1       java.lang.invoke.MethodType$ConcurrentWeakInternSet::add (66 bytes)
    234  255    b  1       java.lang.invoke.MethodType$ConcurrentWeakInternSet$WeakEntry::<init> (15 bytes)
    234  256     n 0       java.lang.invoke.MethodHandle::linkToStatic(IL)L (native)   (static)
    234  257    b  1       java.lang.Object::equals (11 bytes)
    235  258    b  1       java.lang.invoke.MemberName::isConstructor (8 bytes)
    236  259    b  1       java.lang.StringBuilder::<init> (7 bytes)
    236  260    b  1       jdk.internal.org.objectweb.asm.ByteVector::putInt (74 bytes)
    237  261    b  1       java.lang.Integer::valueOf (32 bytes)
    238  262    b  1       java.util.HashMap$Node::<init> (26 bytes)
    239  263     n 0       java.lang.Class::getDeclaringClass0 (native)   
    239  264    b  1       java.util.HashMap::newNode (13 bytes)
    240  265    b  1       java.util.HashMap::afterNodeInsertion (1 bytes)
    240  266    b  1       java.util.ArrayList::add (25 bytes)
    241  267    b  1       java.util.ArrayList::add (23 bytes)
    241  268    b  1       java.util.Objects::requireNonNull (15 bytes)
    242  269    b  1       java.util.ArrayList::size (5 bytes)
    242  270    b  1       java.util.HashMap::get (19 bytes)
    243  271    b  1       java.lang.reflect.Method::getModifiers (5 bytes)
    244  272    b  1       java.lang.Class::reflectionData (43 bytes)
    244  273     n 0       java.lang.Class::getEnclosingMethod0 (native)   
    248  274    b  1       java.util.HashMap::put (13 bytes)
    249  275    b  1       java.util.HashMap::putVal (300 bytes)
    252  276    b  1       java.lang.invoke.MethodTypeForm::basicType (5 bytes)
    256  277    b  1       java.lang.reflect.Method::getDeclaringClass (5 bytes)
    257  278    b  1       java.lang.reflect.Modifier::isStatic (13 bytes)
    258  279    b  1       java.lang.invoke.MethodType::equals (56 bytes)
    259  280    b  1       jdk.internal.org.objectweb.asm.ByteVector::put122 (93 bytes)
    259  281    b  1       jdk.internal.org.objectweb.asm.Handler::getExceptionTableLength (21 bytes)
    261  282    b  1       java.lang.Math::floorMod (20 bytes)
    263  283    b  1       java.lang.invoke.MemberName::flagsMods (45 bytes)
    263  284    b  1       java.lang.invoke.MemberName::init (53 bytes)
    264  285    b  1       java.lang.Class::getModule (5 bytes)
    264  286     n 0       java.lang.Class::isHidden (native)   
    264  287    b  1       sun.invoke.util.VerifyAccess::isSamePackage (37 bytes)
    265  288    b  1       java.lang.invoke.MethodType::genericMethodType (95 bytes)
    266  289    b  1       java.lang.invoke.MemberName::getMethodOrFieldType (72 bytes)
    267  290    b  1       java.lang.CharacterData::of (136 bytes)
    268  291    b  1       java.lang.CharacterDataLatin1::getProperties (11 bytes)
    269  292    b  1       java.lang.invoke.LambdaForm::forceInterpretation (14 bytes)
    270  293    b  1       java.util.Arrays::equals (57 bytes)
    272  294    b  1       java.lang.reflect.Method::getName (5 bytes)
    272  295    b  1       java.lang.reflect.Modifier::isPublic (12 bytes)
    273  296    b  1       java.lang.invoke.MemberName::getModifiers (8 bytes)
    273  297     n 0       java.lang.Class::isAssignableFrom (native)   
    273  298    b  1       java.lang.reflect.Modifier::isProtected (12 bytes)
    274  299    b  1       java.lang.invoke.MethodHandles$Lookup::lookupClassOrNull (17 bytes)
    274  300   !b  1       java.lang.invoke.MemberName$Factory::resolve (159 bytes)
    275  301     n 0       java.lang.invoke.MethodHandleNatives::resolve (native)   (static)
    275  302    b  1       jdk.internal.org.objectweb.asm.SymbolTable::getMajorVersion (5 bytes)
    276  303    b  1       sun.invoke.util.BytecodeDescriptor::unparseSig (49 bytes)
    276  304    b  1       sun.invoke.util.Wrapper::forBasicType (103 bytes)
    277  305     n 0       java.lang.Class::initClassName (native)   
    278  306    b  1       jdk.internal.org.objectweb.asm.Frame::execute (2305 bytes)
    286  307    b  1       jdk.internal.org.objectweb.asm.MethodWriter::visitVarInsn (302 bytes)
    288  308    b  1       jdk.internal.org.objectweb.asm.Frame::push (109 bytes)
    289  309    b  1       jdk.internal.org.objectweb.asm.Type::getArgumentsAndReturnSizes (140 bytes)
    290  310    b  1       jdk.internal.org.objectweb.asm.SymbolTable::addType (81 bytes)
    293  311    b  1       jdk.internal.org.objectweb.asm.SymbolTable::addConstantMemberReference (147 bytes)
    294  312    b  1       jdk.internal.org.objectweb.asm.SymbolTable::hash (20 bytes)
    296  313    b  1       java.lang.invoke.MemberName::isStatic (8 bytes)
    297  314    b  1       java.lang.invoke.MemberName::checkForTypeAlias (172 bytes)
    301  315    b  1       java.lang.invoke.LambdaForm::uncustomize (57 bytes)
    301  316    b  1       java.lang.invoke.LambdaForm$Name::<init> (66 bytes)
    302  317    b  1       jdk.internal.org.objectweb.asm.Label::resolve (219 bytes)
    303  318    b  1       jdk.internal.org.objectweb.asm.Label::<init> (5 bytes)
    304  319    b  1       java.lang.ref.SoftReference::get (29 bytes)
    305  320    b  1       sun.reflect.generics.parser.SignatureParser::current (59 bytes)
    305  321    b  1       java.lang.reflect.Method::getReturnType (5 bytes)
    306  322    b  1       jdk.internal.org.objectweb.asm.MethodWriter::visitInsn (115 bytes)
    307  323    b  1       jdk.internal.org.objectweb.asm.Frame::merge (317 bytes)
    309  324    b  1       jdk.internal.org.objectweb.asm.ByteVector::<init> (13 bytes)
    309  325    b  1       jdk.internal.org.objectweb.asm.Frame::pop (46 bytes)
    309  326    b  1       jdk.internal.org.objectweb.asm.Label::getCanonicalInstance (19 bytes)
    310  327    b  1       jdk.internal.org.objectweb.asm.Frame::pop (42 bytes)
    310  328    b  1       jdk.internal.org.objectweb.asm.Frame::getAbstractTypeFromDescriptor (415 bytes)
    312  329    b  1       jdk.internal.org.objectweb.asm.MethodWriter::visitLabel (330 bytes)
    314  330    b  1       jdk.internal.org.objectweb.asm.Handler::getExceptionTableSize (10 bytes)
    314  331    b  1       jdk.internal.org.objectweb.asm.MethodWriter::hasAsmInstructions (5 bytes)
    315  332    b  1       jdk.internal.org.objectweb.asm.ByteVector::putByteArray (49 bytes)
    316  333    b  1       jdk.internal.mindex.M3CI$Symbols::add (60 bytes)
    317  334    b  1       java.lang.StringBuilder::<init> (6 bytes)
    318  335    b  1       sun.reflect.generics.parser.SignatureParser::advance (53 bytes)
    318  336    b  1       java.lang.Character::isWhitespace (5 bytes)
    319  337    b  1       java.lang.Character::isWhitespace (9 bytes)
    319  338    b  1       java.lang.CharacterDataLatin1::isWhitespace (23 bytes)
    320  339    b  1       java.util.HashMap$HashIterator::hasNext (13 bytes)
    320  340    b  1       java.util.ImmutableCollections$SetN::probe (56 bytes)
    321  341    b  1       java.lang.reflect.Method::getSharedParameterTypes (5 bytes)
    321  342    b  1       jdk.internal.org.objectweb.asm.SymbolTable::addConstantNameAndType (137 bytes)
    322  343    b  1       jdk.internal.org.objectweb.asm.SymbolTable::hash (15 bytes)
    323  344    b  1       jdk.internal.org.objectweb.asm.MethodWriter::visitMethodInsn (191 bytes)
    324  345    b  1       jdk.internal.org.objectweb.asm.SymbolTable::addConstantMethodref (24 bytes)
    324  346    b  1       jdk.internal.org.objectweb.asm.Frame::getLocal (46 bytes)
    325  347    b  1       jdk.internal.org.objectweb.asm.Frame::push (59 bytes)
    325  348    b  1       java.util.ArrayList$Itr::hasNext (20 bytes)
    325  349    b  1       jdk.internal.org.objectweb.asm.Frame::pop (53 bytes)
    326  350    b  1       jdk.internal.org.objectweb.asm.AnnotationWriter::putAnnotations (67 bytes)
    327  351    b  1       java.lang.invoke.MethodHandle::<init> (37 bytes)
    328  352    b  1       java.lang.invoke.LambdaForm::prepare (108 bytes)
    329  353    b  1       java.lang.reflect.Method::getRoot (5 bytes)
    329  354    b  1       jdk.internal.access.SharedSecrets::getJavaLangAccess (4 bytes)
    330  355    b  1       java.util.HashMap$Node::getKey (5 bytes)
    331  356    b  1       java.lang.reflect.AccessibleObject::<init> (5 bytes)
    331  357    b  1       java.lang.String::toString (2 bytes)
    331  358    b  1       jdk.internal.org.objectweb.asm.MethodWriter::visitAbstractType (8 bytes)
    332  359    b  1       jdk.internal.org.objectweb.asm.Frame::<init> (10 bytes)
    332  360    b  1       jdk.internal.org.objectweb.asm.Type::getReturnTypeOffset (64 bytes)
    333  361    b  1       jdk.internal.org.objectweb.asm.MethodWriter::endCurrentBasicBlockWithNoSuccessor (94 bytes)
    333  362    b  1       jdk.internal.org.objectweb.asm.Frame::getInputStackSize (6 bytes)
    334  363    b  1       java.lang.PublicMethods$Key::matches (31 bytes)
    334  364    b  1       java.lang.invoke.MethodType::parameterSlotCount (8 bytes)
    335  365    b  1       java.util.HashMap$Node::getValue (5 bytes)
    335  366    b  1       java.util.LinkedHashMap::removeEldestEntry (2 bytes)
    335  367     n 0       java.lang.Class::getSuperclass (native)   
    335  368    b  1       java.util.AbstractList::<init> (10 bytes)
    336  369    b  1       java.lang.reflect.Executable::<init> (5 bytes)
    336  370    b  1       java.util.HashMap$HashIterator::nextNode (100 bytes)
    337  371    b  1       java.util.ArrayList$Itr::next (66 bytes)
    338  372    b  1       java.util.ArrayList$Itr::checkForComodification (23 bytes)
    338  373    b  1       jdk.internal.org.objectweb.asm.SymbolTable::addTypeInternal (85 bytes)
    339  374    b  1       jdk.internal.org.objectweb.asm.Frame::merge (395 bytes)
    341  375    b  1       jdk.internal.org.objectweb.asm.ByteVector::put11 (52 bytes)
    341  376    b  1       jdk.internal.org.objectweb.asm.MethodWriter::visitTypeInsn (116 bytes)
    342  377    b  1       jdk.internal.org.objectweb.asm.Attribute::computeAttributesSize (62 bytes)
    342  378    b  1       jdk.internal.org.objectweb.asm.AnnotationWriter::computeAnnotationsSize (66 bytes)
    343  379    b  1       jdk.internal.org.objectweb.asm.Attribute::putAttributes (78 bytes)
    344  380    b  1       jdk.internal.reflect.ReflectionFactory::copyMethod (11 bytes)
    344  381    b  1       java.lang.reflect.ReflectAccess::copyMethod (5 bytes)
    345  382    b  1       java.lang.reflect.Method::copy (84 bytes)
    345  383    b  1       java.lang.reflect.Method::<init> (68 bytes)
    347  384    b  1       jdk.internal.mindex.M3Descriptor::type (188 bytes)
    348  385   !b  1       java.lang.reflect.Executable::declaredAnnotations (85 bytes)
    349  386    b  1       java.lang.reflect.Method::getRoot (5 bytes)
    350  387    b  1       java.lang.reflect.Method::getAnnotationBytes (5 bytes)
    350  388     n 0       java.lang.Class::getModifiers (native)   
    351  389    b  1       java.util.ArrayList::iterator (9 bytes)
    351  390    b  1       java.util.ArrayList$Itr::<init> (26 bytes)
    351  391    b  1       java.lang.reflect.Field::getModifiers (5 bytes)
    352  392     n 0       java.lang.Class::getConstantPool (native)   
    352  393    b  1       java.lang.reflect.Field::getDeclaringClass (5 bytes)
    352  394   !b  1       sun.reflect.annotation.AnnotationParser::parseAnnotations (37 bytes)
    353  395    b  1       jdk.internal.mindex.M3CI::annotationNameIds (53 bytes)
    353  396    b  1       sun.reflect.annotation.AnnotationParser::toArray (18 bytes)
    354  397    b  1       jdk.internal.mindex.M3CI::sortedUnique (54 bytes)
    355  398    b  1       java.util.Collections::emptySet (4 bytes)
    355  399    b  1       java.lang.Record::<init> (5 bytes)
    355  400    b  1       java.util.HashMap::<init> (11 bytes)
    355  401    b  1       jdk.internal.loader.AbstractClassLoaderValue$Sub::parent (5 bytes)
    356  402    b  1       java.lang.reflect.Modifier::isSynthetic (14 bytes)
    356  403    b  1       sun.reflect.generics.parser.SignatureParser::skipIdentifier (67 bytes)
    357  404    b  1       java.lang.Class::getComponentType (14 bytes)
    357  405    b  1       java.nio.Buffer::nextGetIndex (32 bytes)
    357  406    b  1       java.nio.HeapByteBuffer::byteOffset (7 bytes)
    358  407    b  1       jdk.internal.mindex.M3CI$MemberDraft::<init> (50 bytes)
    358  408    b  1       java.lang.reflect.Executable::isVarArgs (17 bytes)
    358  409    b  1       java.util.Collections$EmptyMap::values (4 bytes)
    359  410    b  1       java.util.Collections$EmptySet::toArray (11 bytes)
    359  411    b  1       java.lang.reflect.Method::isVarArgs (5 bytes)
    360  412    b  1       java.nio.HeapByteBuffer::getShort (29 bytes)
    361  413   !b  1       jdk.internal.misc.ScopedMemoryAccess::getShortUnaligned (18 bytes)
    361  414   !b  1       jdk.internal.misc.ScopedMemoryAccess::getShortUnalignedInternal (36 bytes)
    362  415    b  1       jdk.internal.misc.Unsafe::getShortUnaligned (12 bytes)
    362  416    b  1       jdk.internal.misc.Unsafe::getShortUnaligned (33 bytes)
    362  417    b  1       jdk.internal.misc.Unsafe::convEndian (16 bytes)
    362  418    b  1       java.lang.Short::reverseBytes (14 bytes)
    363  419    b  1       java.lang.Class::getInterfaces (49 bytes)
    364  420    b  1       java.lang.Class::getAnnotationType (5 bytes)
    364  421    b  1       java.lang.invoke.MethodHandleImpl::isCompileConstant (2 bytes)
    365  422    b  1       java.lang.reflect.Executable::isSynthetic (8 bytes)
    365  423    b  1       jdk.internal.mindex.M3Descriptor::executable (78 bytes)
    366  424    b  1       java.lang.reflect.Executable::getDeclaredAnnotations (8 bytes)
    366  425    b  1       jdk.internal.mindex.M3CI::exceptionDescriptorIds (34 bytes)
    367  426    b  1       java.lang.reflect.Method::getParameterTypes (11 bytes)
    367  427    b  1       java.lang.reflect.Method::isSynthetic (5 bytes)
    367  428    b  1       jdk.internal.mindex.M3Descriptor::method (22 bytes)
    368  429    b  1       jdk.internal.mindex.M3MemberFlags::of (59 bytes)
    368  430    b  1       java.lang.reflect.Method::isBridge (16 bytes)
    369  431    b  1       java.lang.reflect.Method::isDefault (28 bytes)
    369  432    b  1       java.lang.reflect.Method::getDeclaredAnnotations (5 bytes)
    369  433    b  1       java.lang.reflect.Method::getExceptionTypes (11 bytes)
    370  434    b  1       java.util.HashMap::size (5 bytes)
    370  435    b  1       java.util.HashSet::add (20 bytes)
    371  436    b  1       java.lang.reflect.ProxyGenerator::dotToSlash (9 bytes)
    371  437    b  1       java.util.LinkedHashMap$LinkedHashIterator::hasNext (13 bytes)
    372  438    b  1       jdk.internal.org.objectweb.asm.Frame::accept (264 bytes)
    373  439    b  1       jdk.internal.org.objectweb.asm.MethodWriter::visitFrameStart (55 bytes)
    373  440    b  1       jdk.internal.org.objectweb.asm.MethodWriter::visitFrameEnd (53 bytes)
    374  441     n 0       java.lang.Class::isInstance (native)   
    375  442    b  1       java.lang.Class::forName (24 bytes)
    375  443    b  1       java.lang.Class::forName (41 bytes)
    375  444     n 0       java.lang.Class::forName0 (native)   (static)
    375  445    b  1       java.util.LinkedHashMap::newNode (23 bytes)
    376  446    b  1       java.util.LinkedHashMap$Entry::<init> (10 bytes)
    376  447    b  1       java.util.LinkedHashMap::linkNodeAtEnd (76 bytes)
    376  448    b  1       java.util.LinkedHashMap::afterNodeInsertion (40 bytes)
    377  449    b  1       java.lang.System$2::getConstantPool (5 bytes)
    378  450    b  1       sun.reflect.generics.tree.ClassTypeSignature::getPath (5 bytes)
    378  451    b  1       sun.reflect.generics.tree.SimpleClassTypeSignature::getName (5 bytes)
    379  452    b  1       sun.reflect.generics.tree.SimpleClassTypeSignature::getDollar (5 bytes)
    379  453    b  1       sun.reflect.generics.visitor.Reifier::getFactory (5 bytes)
    379  454    b  1       sun.reflect.generics.tree.SimpleClassTypeSignature::getTypeArguments (5 bytes)
    379  455    b  1       java.lang.Class::getInterfaces (6 bytes)
    380  456    b  1       java.lang.reflect.Method::getParameterCount (6 bytes)
    380  457    b  1       java.lang.reflect.Constructor::getModifiers (5 bytes)
    381  458    b  1       sun.reflect.annotation.AnnotationType::memberTypes (5 bytes)
    381  459    b  1       sun.reflect.annotation.AnnotationType::memberDefaults (5 bytes)
    381  460    b  1       sun.reflect.annotation.AnnotationType::getInstance (65 bytes)
    382  461    b  1       java.lang.System$2::getAnnotationType (5 bytes)
    382  462    b  1       sun.reflect.annotation.AnnotationType::retention (5 bytes)
    382  463    b  1       sun.reflect.annotation.AnnotationInvocationHandler::invoke (182 bytes)
    384  464    b  1       java.lang.invoke.Invokers$Holder::linkToTargetMethod (8 bytes)
    384  465    b  1       java.lang.invoke.LambdaForm$MH/0x00007fef0c000400::invoke (8 bytes)
    385  466    b  1       jdk.internal.mindex.M3CI::rowOf (28 bytes)
    385  467    b  1       jdk.internal.reflect.ConstantPool::getUTF8At (10 bytes)
    386  468     n 0       jdk.internal.reflect.ConstantPool::getUTF8At0 (native)   
    386  469    b  1       java.util.Collections$1::hasNext (5 bytes)
    386  470    b  1       java.lang.Module::isNamed (13 bytes)
    386  471    b  1       java.lang.reflect.Method::getSharedExceptionTypes (5 bytes)
    387  472    b  1       jdk.internal.org.objectweb.asm.Edge::<init> (20 bytes)
    387  473    b  1       jdk.internal.org.objectweb.asm.MethodWriter::visitFieldInsn (258 bytes)
    388  474    b  1       jdk.internal.org.objectweb.asm.SymbolTable::addConstantFieldref (10 bytes)
    388  475    b  1       jdk.internal.org.objectweb.asm.ByteVector::enlarge (73 bytes)
    389  476    b  1       java.util.LinkedHashMap$LinkedValueIterator::next (8 bytes)
    389  477    b  1       java.util.LinkedHashMap$LinkedHashIterator::nextNode (68 bytes)
    390  478    b  1       java.lang.Class::getReflectionFactory (28 bytes)
    390  479     n 0       jdk.internal.reflect.Reflection::getCallerClass (native)   (static)
    391  480    b  1       java.lang.reflect.Constructor::getDeclaringClass (5 bytes)
    391  481    b  1       java.lang.Class::cast (27 bytes)
    392  482    b  1       java.lang.reflect.Field::getName (5 bytes)
    392  483    b  1       java.lang.reflect.Field::getType (5 bytes)
    392  484   !b  1       java.lang.reflect.Field::declaredAnnotations (82 bytes)
    395  485    b  1       java.lang.reflect.Constructor::getRoot (5 bytes)
    396  486    b  1       java.lang.Class::isLocalOrAnonymousClass (5 bytes)
    396  487    b  1       java.lang.Class::hasEnclosingMethodInfo (17 bytes)
    398  488    b  1       java.lang.invoke.DirectMethodHandle::allocateInstance (16 bytes)
    398  489     n 0       jdk.internal.misc.Unsafe::allocateInstance (native)   
    398  490    b  1       java.lang.invoke.DirectMethodHandle::constructorMethod (10 bytes)
    399  491    b  1       java.util.ImmutableCollections$MapN::get (35 bytes)
    400  492    b  1       java.lang.Class::getPermittedSubclasses (103 bytes)
    403  493     n 0       java.lang.Class::getPermittedSubclasses0 (native)   
    404  494    b  1       java.util.ArrayList::<init> (61 bytes)
    405  495    b  1       java.lang.Class::isAnnotation (17 bytes)
    405  496    b  1       java.lang.Class::getEnclosingClass (70 bytes)
    406  497    b  1       java.lang.Class::getEnclosingMethodInfo (20 bytes)
    407  498    b  1       jdk.internal.misc.PreviewFeatures::isEnabled (4 bytes)
    408  499    b  1       java.lang.Class::isUnnamedClass (36 bytes)
    409  500    b  1       jdk.internal.reflect.Reflection::filter (165 bytes)
    411  501    b  1       java.util.ArrayDeque::inc (12 bytes)
    411  502    b  1       java.lang.Integer::numberOfTrailingZeros (80 bytes)
    412  503    b  1       java.util.BitSet::wordIndex (5 bytes)
    412  504    b  1       java.util.BitSet::checkInvariants (111 bytes)
    412  505    b  1       java.lang.Long::numberOfTrailingZeros (26 bytes)
    412  506    b  1       java.util.ArrayDeque::isEmpty (17 bytes)
    413  507    b  1       java.util.ArrayDeque::elementAt (4 bytes)
    413  508    b  1       java.util.ArrayDeque::addLast (51 bytes)
    414  509    b  1       java.util.BitSet::nextSetBit (102 bytes)
    415  510    b  1       java.util.ArrayDeque::dec (13 bytes)
    415  511    b  1       java.util.ArrayDeque::removeLast (19 bytes)
    415  512    b  1       java.util.ArrayDeque::pollLast (36 bytes)
    416  513    b  1       java.util.BitSet::get (69 bytes)
    417  514    b  1       java.util.BitSet::set (58 bytes)
    417  515    b  1       java.util.BitSet::expandTo (23 bytes)
    418  516    b  1       java.lang.Math::addExact (26 bytes)
    419  517     n 0       java.lang.invoke.MethodHandle::linkToStatic(LL)I (native)   (static)
    419  518    b  1       java.util.Arrays::copyOf (40 bytes)
    419  519     n 0       java.lang.String::intern (native)   
    419  520    b  1       jdk.internal.org.objectweb.asm.MethodVisitor::<init> (78 bytes)
    420  242       1       java.util.Comparator$$Lambda/0x00007fef0c048f70::compare (10 bytes)   made not entrant
    420  243       1       java.util.Comparator::lambda$comparingInt$7b0bb60$1 (18 bytes)   made not entrant
    421  521    b  1       java.lang.invoke.MemberName::getName (25 bytes)
    422  522    b  1       java.lang.invoke.MethodHandles$Lookup::previousLookupClass (5 bytes)
    422  523    b  1       java.lang.invoke.MethodType::basicType (8 bytes)
    423  524    b  1       sun.invoke.util.VerifyAccess::isClassAccessible (230 bytes)
    425  525    b  1       jdk.internal.mindex.M3CI::lambda$freeze$5 (5 bytes)
    425  526    b  1       java.util.Comparator$$Lambda/0x00007fef0c048f70::compare (10 bytes)
    425  527    b  1       java.util.Comparator::lambda$comparingInt$7b0bb60$1 (18 bytes)
    426  528    b  1       jdk.internal.mindex.M3CI::lambda$freeze$6 (5 bytes)
    426  529    b  1       jdk.internal.mindex.M3CI$$Lambda/0x00007fef0c057398::applyAsInt (8 bytes)
    426  530    b  1       jdk.internal.mindex.M3CI$$Lambda/0x00007fef0c0575c0::applyAsInt (8 bytes)
    427  531    b  1       jdk.internal.mindex.M3MemberKind::code (5 bytes)
    427  532    b  1       jdk.internal.mindex.M3CI::lambda$freeze$8 (5 bytes)
    427  533 %  b  1       java.util.TimSort::binarySort @ 69 (223 bytes)
    428  534    b  1       java.util.TimSort::binarySort (223 bytes)
    429  535    b  1       jdk.internal.mindex.M3CI$$Lambda/0x00007fef0c0577e8::applyAsInt (8 bytes)
    430  536    b  1       jdk.internal.mindex.M3CI::lambda$freeze$7 (8 bytes)
    430  537    b  1       jdk.internal.mindex.M3CI$$Lambda/0x00007fef0c057a10::applyAsInt (8 bytes)
    430  538    b  1       jdk.internal.mindex.M3CI::hash (38 bytes)
    431  539 %  b  1       jdk.internal.mindex.M3CI::freeze @ 846 (1233 bytes)
    448  540    b  1       jdk.internal.mindex.M3CI::freeze (1233 bytes)
    466  541    b  1       jdk.internal.mindex.M3CI::memberHash (139 bytes)
    467  542 %  b  1       jdk.internal.mindex.M3CI::offsets @ 9 (38 bytes)
    467  543    b  1       jdk.internal.mindex.M3CI::offsets (38 bytes)
    468  544 %  b  1       jdk.internal.mindex.M3CI::flatten @ 17 (56 bytes)
    469  545    b  1       jdk.internal.mindex.M3CI::flatten (56 bytes)
    470  546    b  1       java.lang.invoke.MethodType::toMethodDescriptorString (28 bytes)
    471  547    b  1       java.lang.invoke.MethodType::rtype (5 bytes)
    472  548    b  1       java.util.TreeMap::parentOf (13 bytes)
    472  549    b  1       java.lang.Integer::compareTo (9 bytes)
    472  550    b  1       java.lang.Integer::compareTo (12 bytes)
    473  551    b  1       java.util.TreeMap::leftOf (13 bytes)
    473  552    b  1       java.util.TreeMap::setColor (10 bytes)
    473  553    b  1       java.util.ArrayList::grow (60 bytes)
    474  554    b  1       java.util.ArrayList::<init> (12 bytes)
    475  555    b  1       java.lang.Byte::toUnsignedInt (6 bytes)
    476  556    b  1       java.lang.ref.Reference::<init> (7 bytes)
    477  557    b  1       java.lang.invoke.MethodHandleNatives::refKindIsField (32 bytes)
    478  558     n 0       java.lang.invoke.MethodHandle::linkToVirtual(LIL)L (native)   (static)
    478  559    b  1       java.lang.invoke.LambdaForm::internArgument (85 bytes)
    479  560    b  1       java.lang.invoke.LambdaForm$Name::index (5 bytes)
    479  561    b  1       java.lang.Class::descriptorString (170 bytes)
    481  562    b  1       jdk.internal.util.ClassFileDumper::isEnabled (5 bytes)
    482  563    b  1       java.lang.invoke.DirectMethodHandle::internalMemberName (5 bytes)
    483  564    b  1       java.util.ArrayList::get (15 bytes)
    483  565    b  1       java.util.Objects::checkIndex (7 bytes)
    483  566    b  1       java.util.ArrayList::elementData (7 bytes)
    484  567    b  1       jdk.internal.mindex.M3CI$Symbols$$Lambda/0x00007fef0c0586f0::apply (15 bytes)
    484  568 %  b  1       java.util.TimSort::mergeLo @ 153 (659 bytes)
    487  569    b  1       java.util.TimSort::mergeLo (659 bytes)
    491  570 %  b  1       java.util.TimSort::mergeHi @ 191 (732 bytes)
    494  571    b  1       java.util.TimSort::mergeHi (732 bytes)
    498  572 %  b  1       jdk.internal.mindex.M3CI$Symbols::order @ 60 (83 bytes)
    499  573    b  1       jdk.internal.mindex.M3CI$Symbols::order (83 bytes)
    505  574    b  1       java.lang.CharacterDataLatin1::toLowerCase (44 bytes)
    509  575    b  1       java.lang.invoke.LambdaForm::parameter (38 bytes)
    510  576    b  1       java.lang.invoke.Invokers::checkExactType (17 bytes)
    510  577    b  1       java.lang.invoke.Invokers::checkCustomized (23 bytes)
    510  578    b  1       java.lang.invoke.Invokers::maybeCustomize (5 bytes)
    511  579    b  1       java.lang.invoke.MethodHandle::maybeCustomize (38 bytes)
    512  580 %  b  1       java.util.Properties$LineReader::readLine @ 224 (584 bytes)
    516  581    b  1       java.util.Properties$LineReader::readLine (584 bytes)
    522  582 %  b  1       java.lang.StringUTF16::compress @ 3 (50 bytes)
    523  583    b  1       java.lang.StringUTF16::compress (50 bytes)
    523  584 %  b  1       java.util.Properties::loadConvert @ 8 (540 bytes)
    525  585    b  1       java.util.Properties::loadConvert (540 bytes)
    527  586 %  b  1       java.util.Properties::load0 @ 29 (249 bytes)
    529  587    b  1       java.util.Properties::load0 (249 bytes)
    530  588 % !b  1       java.util.concurrent.ConcurrentHashMap::transfer @ 96 (849 bytes)
    536  589   !b  1       java.util.concurrent.ConcurrentHashMap::transfer (849 bytes)
    544  590    b  1       java.lang.String::startsWith (123 bytes)
    550  591    b  1       java.net.URI::getScheme (5 bytes)
    552  592     n 0       jdk.internal.misc.Unsafe::compareAndSetInt (native)   
    553  593    b  1       jdk.internal.util.ArraysSupport::mismatch (103 bytes)
    559  594    b  1       java.lang.Enum::name (5 bytes)
    561  595    b  1       sun.security.util.KnownOIDs::<init> (28 bytes)
    566  596    b  1       java.util.concurrent.ConcurrentHashMap::put (8 bytes)
    567  597    b  1       java.lang.CharacterDataLatin1::toUpperCaseEx (71 bytes)
    567  598    b  1       sun.util.locale.BaseLocale::getLanguage (5 bytes)
    569  599    b  1       sun.security.util.KnownOIDs::registerNames (2 bytes)
    570  600 %  b  1       java.lang.StringLatin1::toUpperCase @ 18 (186 bytes)
    571  601    b  1       java.lang.StringLatin1::toUpperCase (186 bytes)
    575  602    b  1       java.lang.String::toUpperCase (28 bytes)
    576  603    b  1       java.util.Objects::nonNull (10 bytes)
    576  604    b  1       sun.security.util.KnownOIDs::register (349 bytes)
    582  605    b  1       java.lang.Integer::numberOfLeadingZeros (79 bytes)
    583  606    b  1       java.util.Locale::getLanguage (8 bytes)
    583  607    b  1       java.util.HashMap$EntryIterator::next (5 bytes)
    583  608    b  1       java.util.HashMap$EntryIterator::next (5 bytes)
    584  609 %  b  1       java.lang.StringLatin1::toLowerCase @ 117 (186 bytes)
    585  610    b  1       java.lang.StringLatin1::toLowerCase (186 bytes)
    587  611    b  1       sun.security.util.KnownOIDs::value (5 bytes)
    587  612    b  1       java.util.Collections::emptyMap (4 bytes)
    589  613  s b  1       java.util.Properties::put (10 bytes)
    589  614    b  1       java.util.Collections$EmptyIterator::hasNext (2 bytes)
    590  615    b  1       java.security.Provider$Service::getType (5 bytes)
    590  616    b  1       java.security.Provider$Service::getAlgorithm (5 bytes)
    590  617    b  1       java.security.Provider$Service::getAliases (5 bytes)
    590  618    b  1       java.security.Provider$ServiceKey::hashCode (19 bytes)
    591  619    b  1       java.util.HashMap$HashIterator::<init> (79 bytes)
    592  620    b  1       java.security.Provider$ServiceKey::<init> (39 bytes)
    593  621    b  1       java.security.Provider$UString::toString (5 bytes)
    596  622    b  1       jdk.internal.util.Preconditions::checkFromIndexSize (25 bytes)
    600  623     n 0       java.lang.invoke.MethodHandle::linkToStatic(LLIL)I (native)   (static)
    600  624    b  1       java.lang.Integer::rotateRight (9 bytes)
    600  625    b  1       java.security.MessageDigest::update (11 bytes)
    601  626    b  1       java.security.MessageDigest$Delegate::engineUpdate (9 bytes)
    601  627    b  1       sun.security.provider.DigestBase::engineUpdate (32 bytes)
    601  628    b  1       sun.security.provider.DigestBase::engineUpdate (176 bytes)
    603  629    b  1       jdk.internal.misc.Unsafe::getIntUnaligned (83 bytes)
    603  630    b  1       jdk.internal.misc.Unsafe::getIntUnaligned (12 bytes)
    604  631    b  1       jdk.internal.misc.Unsafe::convEndian (16 bytes)
    604  632    b  1       java.lang.Integer::reverseBytes (28 bytes)
    604  633    b  1       java.lang.invoke.VarHandleGuards::guard_LI_I (78 bytes)
    605  634     n 0       java.lang.invoke.MethodHandle::invokeBasic(LLI)I (native)   
    608  635    b  1       java.lang.invoke.VarHandle::checkAccessModeThenIsDirect (29 bytes)
    609  636    b  1       java.lang.invoke.VarHandle::accessModeType (41 bytes)
    610  637    b  1       java.lang.invoke.VarForm::getMemberName (31 bytes)
    610  638    b  1       java.lang.invoke.VarHandleByteArrayAsInts$ArrayHandle::get (36 bytes)
    611  639    b  1       java.lang.invoke.VarHandleByteArrayAsInts$ArrayHandle::index (12 bytes)
    611  640 %  b  1       sun.security.provider.SHA2::implCompress0 @ 27 (448 bytes)
    613  641    b  1       sun.security.provider.SHA2::implCompress0 (448 bytes)
    615  642 % !b  1       jdk.internal.mindex.M3CI::fingerprint @ 63 (449 bytes)
    618  643   !b  1       jdk.internal.mindex.M3CI::fingerprint (449 bytes)
    622  644    b  1       jdk.internal.mindex.M3CI::update (64 bytes)
    623  645    b  1       sun.security.provider.SHA2::implCompress (13 bytes)
    624  646    b  1       sun.security.provider.SHA2::implCompressCheck (18 bytes)
    624  647    b  1       sun.security.provider.ByteArrayAccess::b2iBig64 (231 bytes)
    632  648 %  b  1       jdk.internal.mindex.M3CI::update @ 24 (53 bytes)
    633  649    b  1       jdk.internal.mindex.M3CI::update (53 bytes)
    634  650    b  1       java.lang.invoke.MemberName::<init> (50 bytes)
    634  651     n 0       java.lang.invoke.MethodHandle::linkToStatic(LLIIL)V (native)   (static)
    636  652    b  1       java.lang.invoke.TypeConvertingMethodAdapter::descriptorToName (36 bytes)
    638  653    b  1       java.lang.invoke.MemberName::getInvocationType (56 bytes)
    639  654     n 0       java.lang.invoke.MethodHandle::linkToSpecial(LILL)L (native)   (static)
    639  655    b  1       java.lang.invoke.LambdaForm::parameterType (9 bytes)
    640  656    b  1       java.lang.invoke.MemberName$Factory::resolveOrFail (79 bytes)
    641  657    b  1       java.lang.invoke.MethodTypeForm::cachedLambdaForm (23 bytes)
    641  658     n 0       java.lang.invoke.MethodHandle::linkToSpecial(LLIL)V (native)   (static)
    641  659    b  1       java.lang.invoke.LambdaForm$BasicType::basicTypeClass (5 bytes)
    642  660     n 0       java.lang.invoke.MethodHandle::invokeBasic(LI)L (native)   
    642  661    b  1       java.lang.invoke.MethodType::insertParameterTypes (121 bytes)
    643  662     n 0       java.lang.invoke.MethodHandle::linkToSpecial(LLIL)L (native)   (static)
    644  663    b  1       java.lang.invoke.DirectMethodHandle::internalMemberName (8 bytes)
    645  664    b  1       jdk.internal.org.objectweb.asm.ClassWriter::visitMethod (57 bytes)
    645  665    b  1       jdk.internal.org.objectweb.asm.MethodWriter::<init> (232 bytes)
    647  666    b  1       jdk.internal.org.objectweb.asm.MethodVisitor::<init> (7 bytes)
    647  667    b  1       jdk.internal.org.objectweb.asm.MethodWriter::visitMaxs (60 bytes)
    647  668    b  1       jdk.internal.org.objectweb.asm.MethodWriter::visitEnd (1 bytes)
    648  669    b  1       sun.invoke.util.BytecodeDescriptor::unparse (24 bytes)
    648  670    b  1       jdk.internal.org.objectweb.asm.MethodWriter::computeMethodInfoSize (571 bytes)
    651  671    b  1       jdk.internal.org.objectweb.asm.MethodWriter::hasFrames (13 bytes)
    651  672    b  1       jdk.internal.org.objectweb.asm.MethodWriter::putMethodInfo (1274 bytes)
    659  673    b  1       jdk.internal.org.objectweb.asm.Handler::putExceptionTable (63 bytes)
    661  674    b  1       java.lang.Character::compare (4 bytes)
    661  675    b  1       java.util.Optional::empty (6 bytes)
    661  676    b  1       java.util.Optional::isEmpty (13 bytes)
    661  677    b  1       java.lang.invoke.DirectMethodHandle$Holder::newInvokeSpecial (21 bytes)
    662  678    b  1       java.util.ImmutableCollections$ListN::get (7 bytes)
    662  679    b  1       java.util.ImmutableCollections$ListItr::hasNext (17 bytes)
    662  680    b  1       com.m3.cb.CBProbe::check (22 bytes)
    663  681   !b  1       java.util.ImmutableCollections$ListItr::next (34 bytes)
    663  682    b  1       jdk.internal.mindex.M3CB::requireOpen (18 bytes)
    664  683    b  1       jdk.internal.mindex.M3CI::compareText (66 bytes)
    666  684     n 0       java.lang.invoke.MethodHandle::linkToStatic(LLL)V (native)   (static)
    667  685    b  1       java.lang.String::lastIndexOf (12 bytes)
    668  686    b  1       java.lang.String::lastIndexOf (29 bytes)
    669  687    b  1       java.lang.invoke.MemberName::getType (19 bytes)
    672  688    b  1       java.lang.invoke.LambdaForm$Name::type (5 bytes)
    672  689    b  1       java.lang.invoke.LambdaForm$NamedFunction::methodType (28 bytes)
    673  690    b  1       sun.invoke.util.VerifyType::isNullConversion (157 bytes)
    675  691    b  1       java.lang.ref.SoftReference::<init> (13 bytes)
    676  692    b  1       jdk.internal.org.objectweb.asm.Frame::setLocal (65 bytes)
    677  693    b  1       jdk.internal.org.objectweb.asm.MethodWriter::visitCode (1 bytes)
    677  694    b  1       java.lang.invoke.DirectMethodHandle::<init> (148 bytes)
    681  695     n 0       java.lang.invoke.MethodHandle::linkToStatic(LIL)L (native)   (static)
    682  696     n 0       java.lang.invoke.MethodHandle::linkToStatic(LLLLLL)L (native)   (static)
    682  697    b  1       java.lang.invoke.MethodHandles$Lookup::checkAccess (200 bytes)
    684  698    b  1       java.lang.invoke.LambdaForm$NamedFunction::returnType (11 bytes)
    684  699     n 0       java.lang.reflect.Array::newArray (native)   (static)
    684  700     n 0       java.lang.invoke.MethodHandle::invokeBasic(LLLLL)L (native)   
    686  701    b  1       java.lang.invoke.MethodHandles$Lookup::isClassAccessible (53 bytes)
    687  702     n 0       java.lang.invoke.MethodHandle::linkToStatic(LILL)V (native)   (static)
    687  703    b  1       sun.invoke.util.Wrapper::forPrimitiveType (122 bytes)
    688  704     n 0       java.lang.invoke.MethodHandle::invokeBasic(LIL)V (native)   
    688  705     n 0       java.lang.invoke.MethodHandle::linkToSpecial(LLILL)V (native)   (static)
    688  706    b  1       java.lang.StringBuilder::append (8 bytes)
    689  707    b  1       java.lang.AbstractStringBuilder::append (55 bytes)
    689  708    b  1       java.lang.Integer::stringSize (47 bytes)
    689  709    b  1       java.lang.Integer::getChars (121 bytes)
    690  710    b  1       jdk.internal.org.objectweb.asm.MethodWriter::visitLdcInsn (215 bytes)
    691  711    b  1       jdk.internal.org.objectweb.asm.SymbolTable::addConstant (330 bytes)
    694  712     n 0       java.lang.invoke.MethodHandle::invokeBasic(L)I (native)   
    694  713     n 0       java.lang.invoke.MethodHandle::invokeBasic(I)L (native)   
    695  714     n 0       java.lang.invoke.MethodHandle::linkToSpecial(LIL)L (native)   (static)
    695  715     n 0       java.lang.invoke.MethodHandle::invokeBasic(LLL)L (native)   
    695  716    b  1       java.lang.invoke.LambdaForm$BasicType::basicTypeSlots (8 bytes)
    695  717    b  1       sun.invoke.util.Wrapper::stackSlots (9 bytes)
    695  718    b  1       java.lang.invoke.LambdaForm$Name::useCount (51 bytes)
    696  719    b  1       java.lang.invoke.InvokerBytecodeGenerator::emitImplicitConversion (161 bytes)
    697  720    b  1       jdk.internal.org.objectweb.asm.Type::<init> (26 bytes)
    698  721    b  1       java.lang.String::startsWith (7 bytes)
    698  722     n 0       java.lang.invoke.MethodHandle::invokeBasic(LLLLLLL)L (native)   
    698  723     n 0       java.lang.invoke.MethodHandle::linkToSpecial(LLLLLLLLL)L (native)   (static)
    698  724    b  1       java.lang.invoke.InvokerBytecodeGenerator::emitPushArgument (150 bytes)
    700  725    b  1       java.lang.invoke.InvokerBytecodeGenerator::loadInsnOpcode (98 bytes)
    701  726    b  1       jdk.internal.org.objectweb.asm.Type::getTypeInternal (218 bytes)
    703  727    b  1       java.lang.invoke.MethodHandles$Lookup::checkSymbolicClass (25 bytes)
    704  728    b  1       java.lang.invoke.LambdaForm$Name::isParam (13 bytes)
    705  729    b  1       jdk.internal.org.objectweb.asm.Type::getDescriptor (93 bytes)
    706  730     n 0       java.lang.invoke.MethodHandle::linkToStatic(LLLLLLLL)L (native)   (static)
    706  731    b  1       java.util.TreeMap$Entry::getKey (5 bytes)
    706  732    b  1       java.util.TreeMap$Entry::getValue (5 bytes)
    707  733 %  b  1       java.lang.invoke.LambdaForm$Name::replaceNames @ 84 (175 bytes)
    708  734    b  1       java.lang.invoke.LambdaForm$Name::replaceNames (175 bytes)
    710  735   !b  1       java.lang.invoke.MemberName::getFieldType (176 bytes)
    712  736    b  1       java.lang.invoke.MemberName::isMethod (8 bytes)
    712  737    b  1       java.lang.invoke.InvokerBytecodeGenerator::getInternalName (103 bytes)
    714  738     n 0       java.lang.invoke.MethodHandle::linkToStatic(LLLLLLLLL)L (native)   (static)
    714  739    b  1       java.util.ImmutableCollections$ListN::size (6 bytes)
    714  740    b  1       java.lang.invoke.LambdaFormBuffer::ownedCount (7 bytes)
    715  741     n 0       java.lang.invoke.MethodHandle::invokeBasic(LLLLLLLL)L (native)   
    715  742    b  1       java.util.Arrays::copyOf (10 bytes)
    716  743     n 0       java.lang.invoke.MethodHandle::linkToStatic(LLLLLLLLLL)L (native)   (static)
    716  744    b  1       java.lang.invoke.DirectMethodHandle::maybeCompile (24 bytes)
    717  745    b  1       java.lang.invoke.LambdaForm$Name::<init> (19 bytes)
    717  746     n 0       java.lang.invoke.MethodHandle::invokeBasic(LLLLLLLLL)L (native)   
    718  747    b  1       java.lang.invoke.InvokerBytecodeGenerator::emitStoreResult (27 bytes)
    718  748    b  1       java.lang.invoke.LambdaForm$NamedFunction::intrinsicName (21 bytes)
    719  749    b  1       java.lang.invoke.InvokerBytecodeGenerator::emitPushArguments (45 bytes)
    720  750 %  b  1       java.lang.invoke.LambdaForm::useCount @ 31 (61 bytes)
    720  751    b  1       java.lang.invoke.LambdaForm::useCount (61 bytes)
    721  752    b  1       java.lang.invoke.LambdaForm$NamedFunction::member (26 bytes)
    721  753    b  1       java.lang.invoke.InvokerBytecodeGenerator::isStaticallyInvocable (165 bytes)
    723  754    b  1       java.lang.invoke.MemberName::isPrivate (8 bytes)
    723  755    b  1       java.lang.reflect.Modifier::isPrivate (12 bytes)
    723  756    b  1       java.lang.invoke.InvokerBytecodeGenerator::emitStaticInvoke (258 bytes)
    725  757    b  1       java.lang.invoke.InvokerBytecodeGenerator::refKindOpcode (112 bytes)
    727  758    b  1       java.lang.invoke.MethodHandle::isBuiltinLoader (24 bytes)
    727  759    b  1       java.lang.invoke.MethodType::erase (8 bytes)
    727  760     n 0       java.lang.invoke.MethodHandle::invokeBasic(LLLLLLLLLLLL)L (native)   
    728  761     n 0       java.lang.invoke.MethodHandle::linkToSpecial(LLLLLLLLLLLLLL)L (native)   (static)
    728  762    b  1       jdk.internal.org.objectweb.asm.SymbolTable::getConstantPoolCount (5 bytes)
    729  763    b  1       java.lang.invoke.InvokerBytecodeGenerator::emitReferenceCast (188 bytes)
    731  764     n 0       java.lang.invoke.MethodHandle::invokeBasic(LLLLLLLLLLLLL)L (native)   
    731  765     n 0       java.lang.invoke.MethodHandle::linkToSpecial(LLLLLLLLLLLLLLL)L (native)   (static)
    731  766 %  b  1       java.lang.invoke.LambdaForm::normalizeNames @ 168 (270 bytes)
    733  767    b  1       java.lang.invoke.LambdaForm::normalizeNames (270 bytes)
    735  768 %  b  1       jdk.internal.org.objectweb.asm.MethodWriter::computeAllFrames @ 168 (510 bytes)
    738  769    b  1       jdk.internal.org.objectweb.asm.MethodWriter::computeAllFrames (510 bytes)
    741  770    b  1       java.lang.invoke.InvokerBytecodeGenerator::storeInsnOpcode (98 bytes)
    744  771     n 0       java.lang.invoke.MethodHandle::linkToSpecial(LLLLLLL)L (native)   (static)
    745  772     n 0       java.lang.invoke.MethodHandle::linkToStatic(LLIL)L (native)   (static)
    746  773    b  1       java.util.ImmutableCollections$List12::get (35 bytes)
    746  774     n 0       java.lang.invoke.MethodHandle::invokeBasic(LLI)L (native)   
    746  775    b  1       java.lang.invoke.MethodHandleStatics::dumper (4 bytes)
    747  776     n 0       java.lang.invoke.MethodHandle::linkToVirtual(LLL)I (native)   (static)
    748  777    b  1       java.lang.invoke.MemberName::isCallerSensitive (8 bytes)
    748  778     n 0       java.lang.invoke.MethodHandle::linkToVirtual(LL)I (native)   (static)
    749  779     n 0       java.lang.invoke.MethodHandle::linkToVirtual(LL)L (native)   (static)
    749  780    b  1       java.lang.invoke.MethodHandleNatives::refKindHasReceiver (33 bytes)
    749  781    b  1       java.lang.invoke.LambdaForm::returnType (26 bytes)
    750  782     n 0       java.lang.invoke.MethodHandle::linkToStatic(IIL)I (native)   (static)
    750  783    b  1       sun.invoke.util.VerifyAccess::isTypeVisible (47 bytes)
    751  784    b  1       java.lang.invoke.MethodHandles$Lookup::checkSecurityManager (97 bytes)
    752  785     n 0       java.lang.invoke.MethodHandle::linkToStatic(JJL)I (native)   (static)
    753  786    b  1       java.lang.invoke.DirectMethodHandle::preparedLambdaForm (31 bytes)
    754  787    b  1       jdk.internal.org.objectweb.asm.Frame::setInputFrameFromDescriptor (175 bytes)
    755  788    b  1       jdk.internal.org.objectweb.asm.Type::getArgumentTypes (154 bytes)
    756  789    b  1       sun.invoke.util.Wrapper::isSubwordOrInt (20 bytes)
    757  790    b  1       sun.invoke.util.Wrapper::isIntegral (23 bytes)
    757  791    b  1       sun.invoke.util.Wrapper::isNumeric (16 bytes)
    757  792     n 0       java.lang.invoke.MethodHandle::linkToStatic(FFL)I (native)   (static)
    758  793     n 0       java.lang.invoke.MethodHandle::linkToStatic(DDL)I (native)   (static)
    759  794     n 0       java.lang.invoke.MethodHandle::linkToStatic(IL)I (native)   (static)
    759  795    b  1       java.lang.invoke.MethodHandleNatives::isCallerSensitive (29 bytes)
    760  796    b  1       java.lang.invoke.MethodHandleNatives::canBeCalledVirtual (49 bytes)
    761  797    b  1       java.lang.invoke.MethodHandles$Lookup::isArrayClone (50 bytes)
    761  798    b  1       sun.invoke.util.VerifyAccess::isMemberAccessible (338 bytes)
    763  799     n 0       java.lang.invoke.MethodHandle::linkToStatic(JL)I (native)   (static)
    764  800    b  1       jdk.internal.org.objectweb.asm.MethodWriter::visitAnnotation (40 bytes)
    764  801    b  1       jdk.internal.org.objectweb.asm.AnnotationWriter::create (34 bytes)
    765  802    b  1       jdk.internal.org.objectweb.asm.AnnotationWriter::<init> (60 bytes)
    765  803    b  1       jdk.internal.org.objectweb.asm.AnnotationVisitor::<init> (7 bytes)
    766  804    b  1       jdk.internal.org.objectweb.asm.AnnotationVisitor::<init> (78 bytes)
    766  805    b  1       jdk.internal.org.objectweb.asm.AnnotationWriter::visitEnd (44 bytes)
    767  806    b  1       java.lang.invoke.DirectMethodHandle::preparedLambdaForm (244 bytes)
    769  807     n 0       java.lang.invoke.MethodHandle::linkToStatic(FL)I (native)   (static)
    770  808    b  1       java.lang.invoke.DirectMethodHandle::preparedLambdaForm (6 bytes)
    770  809     n 0       java.lang.invoke.MethodHandle::linkToStatic(DL)I (native)   (static)
    771  810    b  1       java.lang.invoke.DirectMethodHandle::make (275 bytes)
    772  811    b  1       java.lang.invoke.MemberName::isField (8 bytes)
    773  812     n 0       java.lang.invoke.MethodHandle::linkToStatic(JL)L (native)   (static)
    773  813     n 0       java.lang.invoke.MethodHandle::linkToStatic(FL)L (native)   (static)
    773  814     n 0       java.lang.invoke.MethodHandle::linkToStatic(DL)L (native)   (static)
    774  815    b  1       java.lang.invoke.MethodType::changeReturnType (20 bytes)
    775  816    b  1       java.util.Arrays::rangeCheck (74 bytes)
    776  817    b  1       java.util.Arrays::fill (28 bytes)
    777  818     n 0       java.lang.invoke.MethodHandle::invokeBasic(LL)I (native)   
    777  819     n 0       java.lang.invoke.MethodHandle::linkToSpecial(LLLL)I (native)   (static)
    778  820    b  1       java.lang.invoke.LambdaFormBuffer::changeName (149 bytes)
    779  821    b  1       java.lang.invoke.LambdaForm$NamedFunction::<init> (15 bytes)
    780  822     n 0       java.lang.invoke.MethodHandle::linkToStatic(ILLL)L (native)   (static)
    780  823   !b  1       java.lang.invoke.MethodHandle::setVarargs (25 bytes)
    781  824    b  1       java.lang.invoke.MemberName::isVarargs (23 bytes)
    781  825     n 0       java.lang.invoke.MethodHandle::invokeBasic(ILL)L (native)   
    781  826     n 0       java.lang.invoke.MethodHandle::linkToSpecial(LILLL)L (native)   (static)
    783  827    b  1       java.lang.invoke.InvokerBytecodeGenerator::isStaticallyNameable (148 bytes)
    785  828    b  1       java.lang.invoke.MethodHandle::intrinsicName (4 bytes)
    786  829    b  1       java.lang.reflect.Array::newInstance (6 bytes)
    786  830    b  1       java.lang.invoke.BoundMethodHandle::<init> (32 bytes)
    787  831    b  1       java.lang.invoke.LambdaForm$Name::internArguments (62 bytes)
    787  832    b  1       jdk.internal.org.objectweb.asm.Frame::getConcreteOutputType (111 bytes)
    789  833     n 0       java.lang.invoke.MethodHandle::linkToStatic(LLLL)V (native)   (static)
    790  834     n 0       java.lang.invoke.MethodHandle::linkToSpecial(LLLLL)V (native)   (static)
    790  835     n 0       java.lang.invoke.MethodHandle::linkToSpecial(LLLLL)L (native)   (static)
    791  836    b  1       java.lang.invoke.InfoFromMemberName::getReferenceKind (5 bytes)
    798  837    b  1       java.util.Arrays::hashCode (56 bytes)
    800  838     n 0       java.lang.invoke.MethodHandle::linkToSpecial(LLLLLL)V (native)   (static)
    802  839    b  1       sun.invoke.util.Wrapper::isDoubleWord (15 bytes)
    803  840     n 0       java.lang.invoke.MethodHandle::linkToStatic(LLLLL)I (native)   (static)
    804  841    b  1       java.lang.invoke.MethodTypeForm::<init> (322 bytes)
    804  843     n 0       java.lang.invoke.MethodHandle::linkToStatic(LLIIL)I (native)   (static)
    804  844     n 0       java.lang.invoke.MethodHandle::linkToStatic(LLIL)V (native)   (static)
    806  842    b  1       java.util.concurrent.atomic.AtomicInteger::get (5 bytes)
    806  845    b  1       java.util.concurrent.locks.AbstractOwnableSynchronizer::setExclusiveOwnerThread (6 bytes)
    806  846    b  1       java.util.Arrays::checkLength (38 bytes)
    807  847    b  1       java.util.concurrent.locks.AbstractOwnableSynchronizer::getExclusiveOwnerThread (5 bytes)
    807  848    b  1       java.util.concurrent.locks.AbstractQueuedSynchronizer::setState (6 bytes)
    807  849    b  1       java.util.concurrent.locks.AbstractQueuedSynchronizer::getState (5 bytes)
    807  850    b  1       jdk.internal.mindex.M3Boundary::retained (14 bytes)
    808  851     n 0       jdk.internal.misc.Unsafe::getIntVolatile (native)   
    808  852    b  1       jdk.internal.misc.Unsafe::weakCompareAndSetInt (11 bytes)
    808  853    b  1       jdk.internal.mindex.M3Class::row (5 bytes)
    808  854    b  1       java.util.concurrent.ThreadPoolExecutor::workerCountOf (5 bytes)
    808  855    b  1       java.util.concurrent.locks.AbstractQueuedSynchronizer::compareAndSetState (13 bytes)
    809  856    b  1       java.util.concurrent.locks.AbstractQueuedSynchronizer::release (19 bytes)
    809  857    b  1       jdk.internal.mindex.M3CB$DeclaredAttachment::type (5 bytes)
    810  858    b  1       java.util.concurrent.ThreadPoolExecutor::isRunning (10 bytes)
    810  859    b  1       jdk.internal.mindex.M3CI::size (6 bytes)
    810  860    b  1       jdk.internal.misc.Unsafe::getAndAddInt (27 bytes)
    810  861    b  1       java.util.concurrent.locks.ReentrantLock$NonfairSync::initialTryLock (58 bytes)
    811  863    b  1       java.util.concurrent.locks.ReentrantLock$Sync::tryRelease (51 bytes)
    811  864    b  1       java.util.concurrent.locks.ReentrantLock::unlock (10 bytes)
    811  865    b  1       java.util.concurrent.locks.ReentrantLock$Sync::isHeldExclusively (16 bytes)
    812  862    b  1       jdk.internal.mindex.M3Boundary::loaderSpaceCount (5 bytes)
    812  866    b  1       java.util.concurrent.locks.AbstractQueuedSynchronizer::signalNext (34 bytes)
    812  867    b  1       java.util.concurrent.locks.AbstractQueuedSynchronizer$ConditionObject::signal (34 bytes)
    813  868    b  1       java.lang.invoke.MemberName::getFactory (4 bytes)
    813  869    b  1       java.util.Optional::of (12 bytes)
    814  870    b  1       jdk.internal.mindex.M3Boundary::classAt (53 bytes)
    814  871    b  1       java.lang.invoke.MethodHandleImpl$CountingWrapper::getTarget (5 bytes)
    815  872    b  1       jdk.internal.mindex.M3CI::boundary (5 bytes)
    815  873    b  1       java.lang.Thread::interrupted (7 bytes)
    815  874    b  1       java.lang.Thread::getAndClearInterrupt (19 bytes)
    816  875    b  1       jdk.internal.mindex.M3CB$DeclaredAttachment::release (5 bytes)
    816  876    b  1       jdk.internal.mindex.M3CB$DeclaredAttachment::session (5 bytes)
    816  877    b  1       java.util.concurrent.ThreadPoolExecutor::runStateAtLeast (11 bytes)
    816  878    b  1       java.lang.invoke.Invokers$Holder::linkToTargetMethod (9 bytes)
    817  879    b  1       jdk.internal.mindex.M3CB$DeclaredAttachment::epoch (5 bytes)
    817  880    b  1       jdk.internal.mindex.M3Class::owner (5 bytes)
    817  881    b  1       jdk.internal.mindex.M3CB$DeclaredAttachment::candidateKey (5 bytes)
    817  882 %  b  1       jdk.internal.mindex.M3CI::findText @ 16 (103 bytes)
    818  883    b  1       jdk.internal.mindex.M3CI::findText (103 bytes)
    819  884    b  1       java.lang.Boolean::valueOf (14 bytes)
    820  885    b  1       java.lang.Boolean::booleanValue (5 bytes)
    822  886    b  1       java.util.Optional::map (30 bytes)
    823  887     n 0       java.lang.invoke.MethodHandle::linkToStatic(LLLLL)V (native)   (static)
    824  888    b  1       jdk.internal.mindex.M3CI::fromClass (85 bytes)
    826  889    b  1       jdk.internal.mindex.M3Boundary::loaderSpaceOf (49 bytes)
    827  890    b  1       jdk.internal.mindex.M3CI::classRow (70 bytes)
    827  891    b  1       jdk.internal.mindex.M3CI::classRows (62 bytes)
    829  892    b  1       java.util.Arrays::binarySearch0 (72 bytes)
    830  893    b  1       jdk.internal.mindex.M3CI$$Lambda/0x00007fef0c064f40::test (12 bytes)
    830  894    b  1       jdk.internal.mindex.M3CI::lambda$fromClass$0 (11 bytes)
    830  895    b  1       jdk.internal.mindex.M3CI$$Lambda/0x00007fef0c0653b8::apply (16 bytes)
    831  896    b  1       jdk.internal.mindex.M3CI::lambda$fromClass$1 (6 bytes)
    831  897    b  1       jdk.internal.mindex.M3CI::classAt (17 bytes)
    832  898    b  1       jdk.internal.mindex.M3Class::<init> (30 bytes)
    832  899  s b  1       jdk.internal.mindex.M3CB::isAssignableFrom (198 bytes)
    834  900    b  1       jdk.internal.mindex.M3CI::checkClassRow (9 bytes)
    835  901    b  1       java.util.Optional::orElseThrow (22 bytes)
    836  902   !b  1       java.lang.invoke.MethodHandleImpl::profileBoolean (34 bytes)
    836  903    b  1       java.lang.invoke.Invokers$Holder::linkToTargetMethod (13 bytes)
    837  904    b  1       java.lang.invoke.LambdaForm$DMH/0x00007fef0c011400::newInvokeSpecial (30 bytes)
    837  905    b  1       com.m3.cb.CBProbe$$Lambda/0x00007fef0c011800::<init> (26 bytes)
    838  906    b  1       java.lang.invoke.VarHandleGuards::guard_LLL_Z (86 bytes)
    839  909     n 0       java.lang.invoke.MethodHandle::invokeBasic(LLLL)I (native)   
    840  907    b  1       java.lang.invoke.LambdaForm$MH/0x00007fef0c010400::guard (98 bytes)
    841  908    b  1       java.util.concurrent.locks.ReentrantLock::lock (8 bytes)
    842  910    b  1       java.lang.invoke.DirectMethodHandle$Holder::invokeStatic (15 bytes)
    842  911    b  1       java.util.concurrent.locks.ReentrantLock$Sync::lock (13 bytes)
    842  912    b  1       java.util.concurrent.atomic.AtomicInteger::getAndIncrement (12 bytes)
    843  913     n 0       jdk.internal.misc.Unsafe::putIntVolatile (native)   
    843  914  s b  1       jdk.internal.mindex.M3CB::declare (184 bytes)
    845  915    b  1       jdk.internal.mindex.M3CB$DeclaredAttachment::<init> (61 bytes)
    846  916    b  1       java.util.concurrent.AbstractExecutorService::newTaskFor (9 bytes)
    846  917    b  1       java.util.concurrent.ThreadPoolExecutor$Worker::unlock (7 bytes)
    847  918    b  1       java.util.concurrent.ThreadPoolExecutor$Worker::tryRelease (12 bytes)
    847  919  s b  1       jdk.internal.mindex.M3CB::isCurrent (114 bytes)
    848  921    b  1       java.util.concurrent.ThreadPoolExecutor$Worker::tryAcquire (20 bytes)
    848  920    b  1       java.util.concurrent.FutureTask::<init> (27 bytes)
    848  922    b  1       java.util.Optional::isPresent (13 bytes)
    848  923    b  1       java.util.concurrent.ThreadPoolExecutor::execute (132 bytes)
    850  924    b  1       java.util.concurrent.locks.AbstractQueuedSynchronizer::acquire (20 bytes)
    850  925    b  1       java.util.concurrent.ThreadPoolExecutor$Worker::lock (6 bytes)
    850  927    b  1       java.util.concurrent.ThreadPoolExecutor::beforeExecute (1 bytes)
    850  928   !b  1       java.util.concurrent.FutureTask::run (123 bytes)
    855  929    b  1       java.lang.invoke.VarHandleReferences$FieldInstanceReadWrite::compareAndSet (48 bytes)
    856  930    b  1       com.m3.cb.CBProbe$$Lambda/0x00007fef0c011800::call (20 bytes)
    856  931    b  1       com.m3.cb.CBProbe::lambda$bridge$3 (16 bytes)
    856  926    b  1       java.util.concurrent.LinkedBlockingQueue$Node::<init> (10 bytes)
    857  932    b  1       java.lang.invoke.VarHandleGuards::guard_LII_Z (86 bytes)
    857  936     n 0       java.lang.invoke.MethodHandle::invokeBasic(LLII)I (native)   
    859  933    b  1       java.util.concurrent.FutureTask::set (30 bytes)
    859  934    b  1       java.util.concurrent.FutureTask::finishCompletion (71 bytes)
    861  937    b  1       java.lang.invoke.VarHandleInts$FieldInstanceReadWrite::compareAndSet (32 bytes)
    861  939    b  1       java.util.concurrent.FutureTask::done (1 bytes)
    862  938    b  1       java.lang.invoke.VarHandleGuards::guard_LI_V (123 bytes)
    862  943     n 0       java.lang.invoke.MethodHandle::invokeBasic(LLI)V (native)   
    864  942   !b  1       java.util.concurrent.ThreadPoolExecutor::getTask (177 bytes)
    866  940    b  1       java.util.concurrent.ThreadPoolExecutor::afterExecute (1 bytes)
    866  945   !b  1       java.util.concurrent.LinkedBlockingQueue::take (91 bytes)
    868  941    b  1       java.lang.invoke.VarHandleInts$FieldInstanceReadWrite::setRelease (28 bytes)
    869  946    b  1       java.util.concurrent.locks.ReentrantLock::lockInterruptibly (8 bytes)
    869  947    b  1       java.util.concurrent.locks.ReentrantLock$Sync::lockInterruptibly (27 bytes)
    870  944    b  1       jdk.internal.misc.Unsafe::putIntRelease (9 bytes)
    870  935   !b  1       java.util.concurrent.LinkedBlockingQueue::offer (131 bytes)
    872  948    b  1       java.lang.Thread::isVirtual (5 bytes)
    872  949    b  1       java.util.concurrent.LinkedBlockingQueue::enqueue (14 bytes)
    873  950    b  1       java.util.concurrent.FutureTask::isDone (13 bytes)
    873  951    b  1       java.util.concurrent.FutureTask::get (23 bytes)
    873  952    b  1       java.util.concurrent.FutureTask::report (37 bytes)
    875  953    b  1       jdk.internal.mindex.M3CI::isAssignableFrom (229 bytes)
    876  954    b  1       jdk.internal.mindex.M3CI::lowerBound (65 bytes)
    877  955    b  1       java.util.Objects::checkFromToIndex (8 bytes)
    879  956    b  1       java.lang.Thread::isInterrupted (5 bytes)
    880  957    b  1       java.util.TreeMap$PrivateEntryIterator::hasNext (13 bytes)
    882  958    b  1       java.lang.invoke.MethodHandle::keepsAlive (20 bytes)
    884  539 %     1       jdk.internal.mindex.M3CI::freeze @ 846 (1233 bytes)   made not entrant
    884  540       1       jdk.internal.mindex.M3CI::freeze (1233 bytes)   made not entrant
    885  959    b  1       java.lang.ClassLoader::checkName (37 bytes)
    886  960     n 0       java.lang.invoke.MethodHandle::linkToStatic(L)V (native)   (static)
    886  961    b  1       java.lang.invoke.LambdaForm::create (95 bytes)
    887  962    b  1       java.lang.invoke.LambdaForm::fixResult (31 bytes)
    887  963    b  1       java.lang.invoke.LambdaForm::<init> (53 bytes)
    889  964    b  1       java.io.File::getPath (5 bytes)
    891  965    b  1       java.util.ImmutableCollections$AbstractImmutableCollection::<init> (5 bytes)
    892  966    b  1       java.net.URL::getProtocol (5 bytes)
    892  967    b  1       jdk.internal.misc.VM::isBooted (13 bytes)
    892  968    b  1       java.security.ProtectionDomain::getCodeSource (5 bytes)
    893  969    b  1       java.lang.Class::getNestHost (50 bytes)
    894  970    b  1       jdk.internal.mindex.M3VI$Progress::checkCancelled (1 bytes)
    894  971    b  1       java.lang.Class::getDeclaringClass (31 bytes)
    894  972    b  1       jdk.internal.mindex.M3VI$Progress::worked (1 bytes)
    895  973     n 0       java.lang.Class::getNestHost0 (native)   
    895  974    b  1       java.util.stream.MatchOps$BooleanTerminalSink::cancellationRequested (5 bytes)
    896  975    b  1       java.util.ArrayDeque::pollFirst (36 bytes)
    896  976    b  1       java.util.ArrayDeque::removeFirst (19 bytes)
    897  977    b  1       java.util.IdentityHashMap::containsKey (55 bytes)
    897  978    b  1       java.lang.Class::getDeclaredClasses (23 bytes)
    898  979     n 0       java.lang.Class::getDeclaredClasses0 (native)   
    898  980    b  1       java.lang.Class::getNestMembers (56 bytes)
    899  981    b  1       java.lang.Module::getName (5 bytes)
    899  982    b  1       java.lang.Class::isRecord (33 bytes)
    900  983    b  1       java.lang.Class::privateGetDeclaredMethods (64 bytes)
    902  984    b  1       java.security.AccessController::doPrivileged (9 bytes)
    902  985    b  1       java.security.AccessController::executePrivileged (65 bytes)
    903  986    b  1       java.lang.StringConcatHelper::newArray (40 bytes)
    904  987    b  1       jdk.internal.org.objectweb.asm.Frame::putAbstractType (379 bytes)
    905  988    b  1       jdk.internal.org.objectweb.asm.ClassWriter::visitField (53 bytes)
    906  989    b  1       jdk.internal.org.objectweb.asm.FieldWriter::<init> (69 bytes)
    906  990    b  1       jdk.internal.org.objectweb.asm.FieldVisitor::<init> (7 bytes)
    907  991    b  1       jdk.internal.org.objectweb.asm.FieldVisitor::<init> (78 bytes)
    908  992    b  1       jdk.internal.org.objectweb.asm.FieldWriter::computeFieldInfoSize (86 bytes)
    908  993    b  1       jdk.internal.org.objectweb.asm.FieldWriter::putFieldInfo (269 bytes)
    911  994    b  1       java.lang.reflect.Constructor::getRoot (5 bytes)
    912  995    b  1       jdk.internal.reflect.ReflectionFactory::copyField (11 bytes)
    912  996    b  1       java.lang.reflect.ReflectAccess::copyField (5 bytes)
    912  997    b  1       java.lang.reflect.Field::copy (80 bytes)
    913  998    b  1       java.lang.reflect.Field::<init> (50 bytes)
    913  999    b  1       jdk.internal.mindex.M3Descriptor::field (16 bytes)
    914 1000    b  1       jdk.internal.mindex.M3MemberFlags::of (37 bytes)
    914 1001    b  1       java.lang.reflect.Field::isSynthetic (8 bytes)
    915 1002    b  1       java.lang.reflect.Field::isEnumConstant (17 bytes)
    915 1003    b  1       java.lang.reflect.Field::getDeclaredAnnotations (8 bytes)
    915 1004    b  1       java.util.LinkedHashMap::values (5 bytes)
    916 1005    b  1       java.util.LinkedHashMap::sequencedValues (31 bytes)
    916 1006 % !b  1       jdk.internal.mindex.M3CI::admitMembers @ 103 (412 bytes)
    923 1007   !b  1       jdk.internal.mindex.M3CI::admitMembers (412 bytes)
    929 1008    b  1       java.util.HashMap::prepareArray (38 bytes)
    930 1009   !b  1       com.sun.proxy.jdk.proxy1.$Proxy2::annotationType (29 bytes)
    930 1010    b  1       java.util.LinkedHashMap$LinkedValues::toArray (20 bytes)
    930 1011    b  1       java.util.LinkedHashMap::valuesToArray (80 bytes)
    932 1012 %  b  1       java.lang.Class::copyMethods @ 12 (36 bytes)
    933 1013    b  1       java.lang.Class::copyMethods (36 bytes)
    934 1014    b  1       java.lang.Class::annotationData (44 bytes)
    935 1015    b  1       java.lang.Class::getSimpleName (36 bytes)
    936 1016    b  1       java.lang.Class::getCanonicalName (46 bytes)
    937 1017   !b  1       java.lang.Class::getTypeName (46 bytes)
    940 1018    b  1       java.lang.Class::isEnum (27 bytes)
    940 1019    b  1       java.lang.Class::privateGetDeclaredConstructors (79 bytes)
    941 1020    b  1       java.lang.Class::isSealed (29 bytes)
    942 1021    b  1       java.lang.reflect.Constructor::getAnnotationBytes (5 bytes)
    942 1022    b  1       java.lang.Class::isAnonymousClass (27 bytes)
    943 1023    b  1       java.lang.Class::isLocalClass (27 bytes)
    944 1024    b  1       jdk.internal.reflect.ReflectionFactory::copyConstructor (11 bytes)
    944 1025    b  1       java.lang.reflect.ReflectAccess::copyConstructor (5 bytes)
    944 1026    b  1       java.lang.reflect.Constructor::copy (72 bytes)
    945 1027    b  1       java.lang.reflect.Constructor::<init> (50 bytes)
    945 1028    b  1       java.lang.reflect.Constructor::isVarArgs (5 bytes)
    946 1029    b  1       java.lang.Class::privateGetDeclaredFields (64 bytes)
    947 1030    b  1       jdk.internal.mindex.M3ClassFlags::of (160 bytes)
    949 1031    b  1       java.lang.Class::isSynthetic (17 bytes)
    950 1032    b  1       java.lang.Class::isMemberClass (20 bytes)
    950 1033    b  1       java.lang.Class::getDeclaredAnnotations (11 bytes)
    950 1034    b  1       jdk.internal.mindex.M3CI::permittedNameIds (56 bytes)
    951 1035    b  1       java.lang.Class::copyFields (36 bytes)
    952 1036    b  1       java.lang.Class::copyConstructors (38 bytes)
    954 1037    b  1       jdk.internal.org.objectweb.asm.MethodWriter::visitTryCatchBlock (67 bytes)
    955 1038    b  1       jdk.internal.org.objectweb.asm.Handler::<init> (32 bytes)
    957 1039    b  1       jdk.internal.loader.BuiltinClassLoader$LoadedModule::loader (5 bytes)
    959 1040    b  1       java.util.Spliterators$ArraySpliterator::characteristics (5 bytes)
    960 1041    b  1       jdk.internal.mindex.M3MemberFlags::of (36 bytes)
    961 1042    b  1       java.lang.reflect.Constructor::isSynthetic (5 bytes)
    961 1043    b  1       java.lang.reflect.Constructor::getDeclaredAnnotations (5 bytes)
    961 1044 %  b  1       java.util.Arrays::fill @ 5 (21 bytes)
    962 1045    b  1       java.util.Arrays::fill (21 bytes)
    962 1046    b  1       java.util.Arrays::sort (9 bytes)
    962 1047    b  1       java.util.DualPivotQuicksort::sort (77 bytes)
    963 1048    b  1       java.util.DualPivotQuicksort::sort (947 bytes)
    968 1049    b  1       java.util.DualPivotQuicksort::insertionSort (68 bytes)
    968 1050 %  b  1       jdk.internal.mindex.M3CI::transitiveSupertypes @ 197 (242 bytes)
    972 1051    b  1       jdk.internal.mindex.M3CI::transitiveSupertypes (242 bytes)
    975 1052    b  1       java.lang.Long::bitCount (61 bytes)
    975 1053    b  1       java.util.BitSet::<init> (56 bytes)
    976 1054    b  1       java.util.BitSet::initWords (15 bytes)
    976 1055    b  1       java.util.BitSet::ensureCapacity (39 bytes)
    977 1056    b  1       java.util.TimSort::gallopRight (335 bytes)
    979 1057    b  1       java.util.TimSort::gallopLeft (335 bytes)
    980 1058 %  b  1       jdk.internal.mindex.M3CI::freeze @ 799 (1233 bytes)
    997 1059    b  1       jdk.internal.mindex.M3CI::freeze (1233 bytes)
   1015 1060    b  1       java.util.TreeMap::colorOf (13 bytes)
   1015 1061    b  1       java.util.TreeMap$Entry::<init> (25 bytes)
   1015 1062    b  1       java.util.TreeMap::addEntry (59 bytes)
   1016 1063    b  1       java.util.TreeMap::fixAfterInsertion (267 bytes)
   1019 1064    b  1       java.util.TreeMap::computeIfAbsent (252 bytes)
   1021 1065    b  1       jdk.internal.mindex.M3CI$$Lambda/0x00007fef0c057c38::apply (8 bytes)
   1022 1066    b  1       jdk.internal.mindex.M3CI::lambda$buildNameIndex$10 (8 bytes)
   1022 1067    b  1       java.util.TreeMap$PrivateEntryIterator::nextEntry (54 bytes)
   1022 1068    b  1       java.util.TreeMap::successor (66 bytes)
   1023 1069    b  1       java.util.TreeMap$EntryIterator::next (5 bytes)
   1023 1070    b  1       java.util.TreeMap$EntryIterator::next (5 bytes)
   1023 1071    b  1       java.util.TreeMap$ValueIterator::next (8 bytes)
   1024 1072 %  b  1       jdk.internal.mindex.M3CI::classHash @ 267 (350 bytes)
   1026 1073    b  1       jdk.internal.mindex.M3CI::classHash (350 bytes)
   1029 1074    b  1       java.lang.ref.WeakReference::<init> (6 bytes)
   1029  573       1       jdk.internal.mindex.M3CI$Symbols::order (83 bytes)   made not entrant
   1029 1075 %  b  1       jdk.internal.mindex.M3CI$Symbols::order @ 13 (83 bytes)
   1031 1076    b  1       jdk.internal.mindex.M3CI$Symbols::order (83 bytes)
   1032 1077    b  1       java.util.TimSort::countRunAndMakeAscending (128 bytes)
   1034 1078    b  1       java.util.TimSort::pushRun (31 bytes)
   1034 1079    b  1       java.util.TimSort::mergeCollapse (134 bytes)
   1035 1080    b  1       java.util.TimSort::mergeAt (358 bytes)
   1036 1081    b  1       java.util.TimSort::ensureCapacity (77 bytes)
   1039 1082    b  1       java.lang.invoke.MemberName$Factory::resolveOrNull (54 bytes)
   1041 1083   !b  1       java.lang.ref.ReferenceQueue::poll (40 bytes)
   1044 1084    b  1       jdk.internal.ref.CleanerImpl::getCleanerImpl (13 bytes)
   1044 1085    b  1       java.lang.ref.Cleaner$1::apply (9 bytes)
   1045 1086    b  1       java.lang.ref.Cleaner$1::apply (5 bytes)
   1053 1087    b  1       java.lang.invoke.MethodHandleNatives::findMethodHandleType (7 bytes)
   1054 1088    b  1       java.lang.invoke.MethodHandles$Lookup::<init> (84 bytes)
   1055 1089     n 0       java.lang.invoke.MethodHandle::linkToInterface(LLL)I (native)   (static)
   1056 1090    b  1       java.lang.invoke.MethodHandleNatives::refKindIsMethod (19 bytes)
   1060 1091     n 0       jdk.internal.reflect.Reflection::getClassAccessFlags (native)   (static)
   1060 1092    b  1       java.lang.invoke.MethodHandles$Lookup::in (283 bytes)
   1064 1093    b  1       java.lang.invoke.MemberName::changeReferenceKind (46 bytes)
   1066 1094    b  1       java.util.Optional::filter (35 bytes)
   1067 1095    b  1       java.lang.invoke.MethodHandles$Lookup::resolveOrFail (48 bytes)
   1067 1096    b  1       java.lang.invoke.MethodHandles$Lookup::checkMethodName (45 bytes)
   1068 1097    b  1       java.lang.invoke.AbstractValidatingLambdaMetafactory::isAdaptableTo (126 bytes)
   1071 1098    b  1       java.util.Optional::orElseThrow (22 bytes)
   1072 1099    b  1       java.util.Spliterators$ArraySpliterator::tryAdvance (58 bytes)
   1072 1100    b  1       jdk.internal.mindex.M3CI::memberSize (6 bytes)
   1073 1101    b  1       jdk.internal.mindex.M3CI::checkMemberRow (9 bytes)
   1073 1102    b  1       jdk.internal.mindex.M3CI::memberKind (17 bytes)
   1073 1103    b  1       jdk.internal.mindex.M3MemberKind::fromCode (84 bytes)
   1074 1104    b  1       jdk.internal.mindex.M3Method::<init> (51 bytes)
   1075 1105 %  b  1       jdk.internal.mindex.M3CI::memberRows @ 39 (128 bytes)
   1076 1106    b  1       jdk.internal.mindex.M3CI::memberRows (128 bytes)
   1077 1107    b  1       java.lang.Class::getDeclaredMethods (27 bytes)
   1078 1108    b  1       jdk.internal.mindex.M3CI::text (15 bytes)
   1078 1109 %  b  1       jdk.internal.mindex.M3CI::findMethod @ 12 (65 bytes)
   1079 1110    b  1       jdk.internal.mindex.M3CI::findMethod (65 bytes)
   1082 1111    b  1       java.lang.reflect.Method::hashCode (19 bytes)
   1083 1112    b  1       java.util.Optional::get (22 bytes)
   1083 1113   !b  1       jdk.internal.mindex.M3CI::resolveReflectiveElement (166 bytes)
   1085 1114    b  1       jdk.internal.mindex.M3CI::memberName (15 bytes)
   1085 1115    b  1       jdk.internal.mindex.M3CI::memberDescriptor (15 bytes)
   1085 1116    b  1       java.util.stream.ReferencePipeline$3$1::accept (23 bytes)
   1086 1117    b  1       jdk.internal.mindex.M3Method::toMethod (17 bytes)
   1086 1118    b  1       jdk.internal.mindex.M3Method::tryMethod (42 bytes)
   1088 1119    b  1       jdk.internal.mindex.M3Method$$Lambda/0x00007fef0c06d878::<init> (10 bytes)
   1088 1120    b  1       jdk.internal.mindex.M3Method$$Lambda/0x00007fef0c06d878::test (12 bytes)
   1088 1121    b  1       jdk.internal.mindex.M3Method$$Lambda/0x00007fef0c06dad8::<init> (10 bytes)
   1088 1122    b  1       jdk.internal.mindex.M3Method$$Lambda/0x00007fef0c06dad8::apply (12 bytes)
   1089 1123    b  1       jdk.internal.mindex.M3Method$$Lambda/0x00007fef0c06dd28::<init> (10 bytes)
   1089 1124    b  1       com.m3.cb.CBProbe$$Lambda/0x00007fef0c0146c8::apply (8 bytes)
   1090 1125    b  1       java.util.stream.ReduceOps$3ReducingSink::accept (15 bytes)
   1090 1126    b  1       java.util.stream.Collectors$$Lambda/0x80000003a::accept (14 bytes)
   1092 1127    b  1       java.lang.reflect.Method::equals (65 bytes)
   1092 1128    b  1       java.lang.reflect.Executable::equalParamTypes (36 bytes)
   1093 1129    b  1       java.util.Arrays$ArrayItr::hasNext (18 bytes)
   1093 1130    b  1       java.util.Arrays$ArrayItr::next (36 bytes)
   1094 1131    b  1       java.util.HashMap$KeyIterator::next (8 bytes)
   1094 1132    b  1       java.util.HashMap::containsKey (14 bytes)
   1094 1133    b  1       java.util.HashSet::contains (9 bytes)
   1095 1134 %  b  1       java.lang.Class::searchMethods @ 18 (104 bytes)
   1096 1135    b  1       java.lang.Class::searchMethods (104 bytes)
   1098 1136    b  1       java.lang.Class::arrayContentsEq (70 bytes)
   1100 1137    b  1       java.lang.Class::getDeclaredMethod (63 bytes)
   1101 1138    b  1       jdk.internal.mindex.M3Class::toClass (17 bytes)
   1102 1139    b  1       jdk.internal.mindex.M3Class::tryClass (15 bytes)
   1102 1140    b  1       jdk.internal.mindex.M3Class$$Lambda/0x00007fef0c065c70::<init> (10 bytes)
   1103 1141    b  1       jdk.internal.mindex.M3CI::memberRows (141 bytes)
   1104 1142    b  1       jdk.internal.mindex.M3CI::upperBound (65 bytes)
   1105 1143    b  1       jdk.internal.mindex.M3Class::getDeclaredMethod (34 bytes)
   1106 1144    b  1       jdk.internal.mindex.M3Class::methodView (92 bytes)
   1108 1145    b  1       jdk.internal.mindex.M3Class$$Lambda/0x00007fef0c06ecb8::<init> (10 bytes)
   1108 1146    b  1       jdk.internal.mindex.M3CI::memberRow (102 bytes)
   1110 1147    b  1       java.util.stream.AbstractPipeline::isParallel (8 bytes)
   1111 1148    b  1       java.util.stream.AbstractPipeline::getStreamAndOpFlags (5 bytes)
   1111 1149    b  1       jdk.internal.mindex.M3Class::isAssignableFrom (44 bytes)
   1113 1150     n 0       java.lang.invoke.MethodHandle::linkToStatic(LL)V (native)   (static)
   1113 1151    b  1       java.lang.invoke.LambdaForm$Name::<init> (19 bytes)
   1114 1152    b  1       java.util.Arrays::copyOfRange (90 bytes)
   1115 1153   !b  1       java.lang.invoke.LambdaForm::compileToBytecode (164 bytes)
   1116 1154    b  1       java.lang.invoke.LambdaForm::methodType (48 bytes)
   1117 1155    b  1       java.lang.invoke.InvokerBytecodeGenerator::generateCustomizedCode (34 bytes)
   1117 1156    b  1       java.lang.invoke.InvokerBytecodeGenerator::lookupPregenerated (294 bytes)
   1120 1157    b  1       java.lang.StringBuilder::charAt (6 bytes)
   1120 1158    b  1       java.lang.AbstractStringBuilder::charAt (36 bytes)
   1121 1159    b  1       java.lang.StringBuilder::<init> (6 bytes)
   1121 1160    b  1       java.lang.AbstractStringBuilder::<init> (63 bytes)
   1122 1161    b  1       java.lang.StringBuilder::append (6 bytes)
   1122 1162 %  b  1       com.m3.cb.CBProbe::core @ 1007 (1157 bytes)
   1153 1163    b  1       com.m3.cb.CBProbe::core (1157 bytes)
   1206 1164     n 0       java.lang.Class::getNestMembers0 (native)   
   1206 1165 %  b  1       jdk.internal.mindex.M3CI::discover @ 360 (530 bytes)
   1212 1166    b  1       jdk.internal.mindex.M3CI::discover (530 bytes)
   1219 1167    b  1       java.util.IdentityHashMap::nextKeyIndex (15 bytes)
   1219 1168   !b  1       java.lang.Class$EnclosingMethodInfo::validate (98 bytes)
   1220 1169    b  1       jdk.internal.mindex.M3CI::requiredRow (43 bytes)
   1222 1170    b  1       java.util.stream.MatchOps$1MatchSink::accept (44 bytes)
   1222 1171    b  1       java.lang.Class$$Lambda/0x00007fef0c045310::test (12 bytes)
   1223 1172    b  1       java.lang.Class::lambda$getPermittedSubclasses$1 (14 bytes)
   1223 1173    b  1       java.lang.Class::isDirectSubType (64 bytes)
   1225 1174 %  b  1       jdk.internal.mindex.M3CI::reverseHierarchy @ 118 (249 bytes)
   1226 1175    b  1       jdk.internal.mindex.M3CI::reverseHierarchy (249 bytes)
   1229 1176    b  1       java.util.TreeMap::rotateLeft (96 bytes)
   1234 1177    b  1       java.util.stream.MatchOps$BooleanTerminalSink::getAndClearState (5 bytes)
   1235 1178 %  b  1       jdk.internal.mindex.M3CI::buildNameIndex @ 178 (260 bytes)
   1238 1179    b  1       jdk.internal.mindex.M3CI::buildNameIndex (260 bytes)
   1243 1180    b  1       jdk.internal.org.objectweb.asm.ClassWriter::<init> (7 bytes)
   1243 1181    b  1       jdk.internal.org.objectweb.asm.ClassWriter::<init> (73 bytes)
   1244 1182    b  1       jdk.internal.org.objectweb.asm.ClassVisitor::<init> (7 bytes)
   1244 1183    b  1       jdk.internal.org.objectweb.asm.ClassVisitor::<init> (78 bytes)
   1245 1184    b  1       jdk.internal.org.objectweb.asm.SymbolTable::<init> (41 bytes)
   1245 1185    b  1       java.lang.invoke.InnerClassLambdaMetafactory::getOpcodeOffset (38 bytes)
   1246 1186    b  1       java.lang.invoke.DirectMethodHandle$Constructor::<init> (44 bytes)
   1247 1187    b  1       java.lang.Number::<init> (5 bytes)
   1247 1188    b  1       java.lang.invoke.DirectMethodHandle::shouldBeInitialized (117 bytes)
   1250 1189     n 0       java.lang.invoke.MethodHandle::linkToStatic(LLLLLL)I (native)   (static)
   1250 1190    b  1       sun.invoke.util.BytecodeDescriptor::unparseMethod (66 bytes)
   1252 1191     n 0       java.lang.invoke.MethodHandle::linkToStatic(LJL)L (native)   (static)
   1252 1192     n 0       java.lang.invoke.MethodHandle::invokeBasic(LJ)L (native)   
   1252 1193     n 0       java.lang.invoke.MethodHandle::linkToSpecial(LLJL)L (native)   (static)
   1253 1194     n 0       java.lang.invoke.MethodHandle::linkToStatic(JLILL)J (native)   (static)
   1253 1195     n 0       java.lang.invoke.MethodHandle::invokeBasic(JLIL)J (native)   
   1253 1196     n 0       java.lang.invoke.MethodHandle::linkToSpecial(LJLILL)J (native)   (static)
   1254 1197    b  1       java.lang.invoke.InvokerBytecodeGenerator::setClassWriter (6 bytes)
   1254 1198    b  1       jdk.internal.org.objectweb.asm.ClassWriter::visit (160 bytes)
   1255 1199    b  1       jdk.internal.org.objectweb.asm.SymbolTable::setMajorVersionAndClassName (19 bytes)
   1255 1200    b  1       jdk.internal.org.objectweb.asm.ClassWriter::toByteArray (1517 bytes)
   1267 1201    b  1       jdk.internal.org.objectweb.asm.SymbolTable::computeBootstrapMethodsSize (27 bytes)
   1267 1202    b  1       jdk.internal.org.objectweb.asm.SymbolTable::getConstantPoolLength (8 bytes)
   1268 1203    b  1       jdk.internal.org.objectweb.asm.ByteVector::<init> (12 bytes)
   1268 1204    b  1       jdk.internal.org.objectweb.asm.SymbolTable::putConstantPool (28 bytes)
   1268 1205    b  1       jdk.internal.org.objectweb.asm.SymbolTable::putBootstrapMethods (56 bytes)
   1270 1206    b  1       java.lang.Class::getClassData (5 bytes)
   1270 1207    b  1       java.util.ImmutableCollections$List12::size (16 bytes)
   1270 1208     n 0       java.lang.invoke.MethodHandle::invokeBasic(JLI)J (native)   
   1270 1209     n 0       java.lang.invoke.MethodHandle::linkToSpecial(LJLIL)J (native)   (static)
   1271 1210     n 0       java.lang.invoke.MethodHandle::invokeBasic(J)L (native)   
   1271 1211     n 0       java.lang.invoke.MethodHandle::linkToSpecial(LJL)L (native)   (static)
   1272 1212     n 0       java.lang.invoke.MethodHandle::linkToStatic(JIL)J (native)   (static)
   1272 1213     n 0       java.lang.invoke.MethodHandle::invokeBasic(JI)J (native)   
   1272 1214     n 0       java.lang.invoke.MethodHandle::linkToSpecial(LJIL)J (native)   (static)
   1273 1215     n 0       java.lang.invoke.MethodHandle::linkToStatic(LLLJL)L (native)   (static)
   1273 1216    b  1       jdk.internal.misc.CDS::isDumpingClassList (4 bytes)
   1273 1217     n 0       java.lang.invoke.MethodHandle::invokeBasic(LLLJ)L (native)   
   1273 1218    b  1       jdk.internal.misc.VM::isSystemDomainLoader (17 bytes)
   1274 1219     n 0       java.lang.invoke.MethodHandle::invokeBasic(I)J (native)   
   1274 1220     n 0       java.lang.invoke.MethodHandle::linkToSpecial(LIL)J (native)   (static)
   1274 1221    b  1       java.lang.invoke.InvokerBytecodeGenerator::assertStaticType (58 bytes)
   1276 1222    b  1       java.util.ArrayList::isEmpty (13 bytes)
   1276 1223    b  1       java.util.Arrays::copyOfRange (25 bytes)
   1277 1224    b  1       java.util.Arrays::copyOfRangeInt (33 bytes)
   1278 1225    b  1       java.lang.invoke.MethodHandleNatives::isPullModeBSM (2 bytes)
   1279 1226    b  1       java.lang.invoke.ConstantCallSite::getTarget (20 bytes)
   1279 1227    b  1       java.lang.StringConcatHelper::prepend (37 bytes)
   1281 1228    b  1       java.lang.invoke.DirectMethodHandle::isCrackable (5 bytes)
   1281 1229    b  1       jdk.internal.misc.CDS::isDumpingArchive (4 bytes)
   1282 1230    b  1       com.m3.cb.CBProbe::text (2 bytes)
   1286 1231    b  1       java.lang.invoke.MethodHandles$Lookup$ClassFile::<init> (20 bytes)
   1287 1232    b  1       java.lang.invoke.MethodHandles$Lookup::makeHiddenClassDefiner (44 bytes)
   1287 1233    b  1       java.lang.invoke.MethodHandles$Lookup$ClassOption::optionsToFlag (40 bytes)
   1288 1234    b  1       java.lang.invoke.MethodHandles$Lookup$ClassDefiner::<init> (64 bytes)
   1288 1235   !b  1       java.lang.invoke.MethodHandles$Lookup$ClassDefiner::defineClass (213 bytes)
   1289 1236    b  1       java.lang.System$2::defineClass (21 bytes)
   1290 1237     n 0       java.lang.ClassLoader::defineClass0 (native)   (static)
   1291 1238    b  1       java.lang.invoke.MethodHandles$Lookup::makeHiddenClassDefiner (20 bytes)
   1291 1239    b  1       java.lang.invoke.MethodHandles$Lookup$ClassFile::newInstanceNoCheck (11 bytes)
   1296 1240    b  1       jdk.internal.org.objectweb.asm.FieldWriter::visitEnd (1 bytes)
   1298 1241     n 0       java.lang.invoke.MethodHandle::invokeBasic(JLII)J (native)   
   1298 1242     n 0       java.lang.invoke.MethodHandle::linkToSpecial(LJLIIL)J (native)   (static)
   1299 1243    b  1       java.lang.invoke.MethodHandleNatives::refKindIsGetter (32 bytes)
   1301 1244     n 0       java.lang.invoke.MethodHandle::linkToStatic(LLLLJL)L (native)   (static)
   1301 1245     n 0       java.lang.invoke.MethodHandle::invokeBasic(LLLLJ)L (native)   
   1302 1246     n 0       java.lang.invoke.MethodHandle::invokeBasic(II)J (native)   
   1302 1247     n 0       java.lang.invoke.MethodHandle::linkToSpecial(LIIL)J (native)   (static)
   1303 1248     n 0       java.lang.invoke.MethodHandle::invokeBasic(II)L (native)   
   1303 1249     n 0       java.lang.invoke.MethodHandle::linkToSpecial(LIIL)L (native)   (static)
   1303 1250    b  1       java.lang.invoke.InvokerBytecodeGenerator::resolveFrom (81 bytes)
   1303 1251    b  1       java.lang.invoke.MethodHandleStatics::traceLambdaForm (96 bytes)
   1303 1252    b  1       java.lang.StringConcatHelper::checkOverflow (17 bytes)
   1304 1253    b  1       java.util.concurrent.atomic.AtomicLong::get (5 bytes)
   1304 1254    b  1       java.lang.invoke.DirectMethodHandle$Holder::invokeStatic (17 bytes)
   1304 1255    b  1       java.lang.StringConcatHelper::mix (11 bytes)
   1305 1256    b  1       java.lang.invoke.LambdaForm$MH/0x00007fef0c018c00::invoke (32 bytes)
   1305 1257    b  1       java.lang.invoke.DirectMethodHandle$Holder::invokeStatic (21 bytes)
   1306 1258    b  1       java.lang.StringConcatHelper::prepend (22 bytes)
   1306 1259    b  1       java.lang.StringConcatHelper::prepend (30 bytes)
   1306 1260    b  1       java.lang.StringConcatHelper::newString (67 bytes)
   1307 1261    b  1       java.util.Random::nextInt (74 bytes)
   1307 1262    b  1       java.util.Random::next (47 bytes)
   1308 1263    b  1       java.util.concurrent.atomic.AtomicLong::compareAndSet (13 bytes)
   1308 1264    b  1       java.lang.invoke.DirectMethodHandle$Holder::invokeStatic (14 bytes)
   1309 1265    b  1       java.lang.invoke.DirectMethodHandle$Holder::invokeStatic (17 bytes)
   1309 1266    b  1       java.lang.invoke.Invokers$Holder::linkToTargetMethod (10 bytes)
   1309 1267    b  1       java.lang.invoke.LambdaForm$MH/0x00007fef0c01c800::invoke (80 bytes)
   1310 1268    b  1       java.lang.invoke.LambdaForm$MH/0x00007fef0c01c400::invoke (46 bytes)
   1310 1269    b  1       java.lang.invoke.DelegatingMethodHandle$Holder::reinvoke_L (20 bytes)
   1310 1270    b  1       java.lang.invoke.LambdaForm$MH/0x00007fef0c01b000::invoke (45 bytes)
   1311 1271    b  1       java.lang.module.ModuleDescriptor$Version::takeNumber (74 bytes)
   1312 1272    b  1       jdk.internal.mindex.M3VI$2::parse (6 bytes)
   1312 1273    b  1       jdk.internal.mindex.M3VI$2::parse (5 bytes)
   1312 1274    b  1       java.lang.module.ModuleDescriptor$Version::parse (9 bytes)
   1313 1275    b  1       java.lang.module.ModuleDescriptor$Version::<init> (464 bytes)
   1316 1276    b  1       java.lang.module.ModuleDescriptor$Version::compareTokens (226 bytes)
   1317 1277    b  1       jdk.internal.mindex.M3VI$2::compare (13 bytes)
   1317 1278    b  1       jdk.internal.mindex.M3VI$2::compare (6 bytes)
   1317 1279    b  1       java.lang.module.ModuleDescriptor$Version::compareTo (91 bytes)
   1318 1280    b  1       jdk.internal.mindex.M3VI$$Lambda/0x00007fef0c06f758::compare (24 bytes)
   1318 1281    b  1       jdk.internal.mindex.M3VI::lambda$prepare$1 (54 bytes)
   1319 1282 % !b  1       jdk.internal.mindex.M3VI::prepare @ 272 (366 bytes)
   1324 1283   !b  1       jdk.internal.mindex.M3VI::prepare (366 bytes)
   1332 1284    b  1       java.lang.invoke.MethodHandles$Lookup::findBoundCallerLookup (30 bytes)
   1332 1285    b  1       java.lang.invoke.MethodHandles$Lookup::getDirectMethodCommon (300 bytes)
   1335 1286    b  1       java.lang.invoke.MethodHandles$Lookup::checkMethod (87 bytes)
   1335 1287    b  1       java.lang.invoke.MethodHandles$Lookup::maybeBindCaller (72 bytes)
   1338 1288     n 0       java.lang.invoke.MethodHandle::linkToStatic(LLILILL)I (native)   (static)
   1339 1289     n 0       java.lang.invoke.MethodHandle::linkToSpecial(LLLILIL)V (native)   (static)
   1339 1290    b  1       java.lang.invoke.LambdaForm::arguments (47 bytes)
   1341 1291     n 0       java.lang.invoke.MethodHandle::invokeBasic(LLILI)L (native)   
   1341 1292     n 0       java.lang.invoke.MethodHandle::linkToSpecial(LLLILIL)L (native)   (static)
   1345 1293    b  1       java.util.stream.PipelineHelper::<init> (5 bytes)
   1345 1294     n 0       java.lang.invoke.MethodHandle::linkToSpecial(LL)I (native)   (static)
   1347 1295    b  1       java.lang.invoke.TypeConvertingMethodAdapter::cast (42 bytes)
   1351 1296   !b  1       java.lang.Class::desiredAssertionStatus (54 bytes)
   1352 1297     n 0       java.lang.Class::desiredAssertionStatus0 (native)   (static)
   1354 1298    b  1       java.util.stream.IntPipeline$1$1::accept (23 bytes)
   1355 1299    b  1       java.util.stream.IntPipeline$$Lambda/0x00007fef0c06fd30::apply (5 bytes)
   1355 1300    b  1       java.util.stream.ReferencePipeline$2$1::accept (27 bytes)
   1356 1301    b  1       com.m3.cb.CBProbe$$Lambda/0x00007fef0c015a88::test (28 bytes)
   1356 1302    b  1       com.m3.cb.CBProbe::lambda$versions$17 (73 bytes)
   1357 1303    b  1       java.util.stream.SortedOps$RefSortingSink::accept (10 bytes)
   1357 1304    b  1       com.m3.cb.CBProbe$$Lambda/0x00007fef0c015ce8::compare (16 bytes)
   1358 1305    b  1       com.m3.cb.CBProbe::lambda$versions$18 (42 bytes)
   1359 1306     n 0       java.lang.invoke.MethodHandle::linkToInterface(LLL)V (native)   (static)
   1360 1307  s b  1       java.lang.invoke.MethodTypeForm::setCachedLambdaForm (44 bytes)
   1362 1308    b  1       java.util.stream.SpinedBuffer$OfInt::arrayLength (9 bytes)
   1362 1309    b  1       java.util.stream.SpinedBuffer$OfInt::arrayLength (3 bytes)
   1362 1310    b  1       java.util.ArrayList::elementAt (4 bytes)
   1362 1311    b  1       java.util.stream.SortedOps$RefSortingSink$$Lambda/0x00007fef0c073338::accept (11 bytes)
   1363 1312    b  1       java.util.stream.ReferencePipeline$4$1::accept (23 bytes)
   1363 1313    b  1       com.m3.cb.CBProbe$$Lambda/0x00007fef0c015f90::applyAsInt (8 bytes)
   1363 1314    b  1       java.util.stream.Nodes$IntSpinedNodeBuilder::accept (29 bytes)
   1363 1315    b  1       java.util.stream.SpinedBuffer$OfInt::accept (25 bytes)
   1364 1316    b  1       java.util.stream.SpinedBuffer$OfPrimitive::preAccept (80 bytes)
   1365 1317    b  1       java.lang.module.ModuleDescriptor$Version::toString (5 bytes)
   1365 1318    b  1       java.util.stream.StreamOpFlag::isKnown (19 bytes)
   1366 1319 %  b  1       java.util.stream.Streams$RangeIntSpliterator::forEachRemaining @ 34 (65 bytes)
   1367 1320    b  1       java.util.stream.Streams$RangeIntSpliterator::forEachRemaining (65 bytes)
   1369 1321 %  b  1       java.util.ArrayList::forEach @ 24 (74 bytes)
   1369 1322    b  1       java.util.ArrayList::forEach (74 bytes)
   1370 1323    b  1       java.util.stream.StreamOpFlag::combineOpFlags (9 bytes)
   1370 1324    b  1       java.util.stream.StreamOpFlag::getMask (30 bytes)
   1385 1325    b  1       java.lang.ref.Reference::enqueueFromPending (19 bytes)
   1385 1326     n 0       jdk.internal.misc.Unsafe::putReference (native)   
   1386 1327    b  1       java.lang.ref.ReferenceQueue::enqueue0 (98 bytes)
   1387 1328 %  b  1       jdk.internal.util.ArraysSupport::vectorizedMismatch @ 11 (268 bytes)
   1387 1329     n 0       java.lang.Object::notifyAll (native)   
   1388 1330   !b  1       java.lang.ref.NativeReferenceQueue::enqueue (20 bytes)
   1388 1331    b  1       jdk.internal.util.ArraysSupport::vectorizedMismatch (268 bytes)
   1389 1332    b  1       java.lang.ref.NativeReferenceQueue::signal (8 bytes)
   1395 1333    b  1       java.util.stream.ReferencePipeline$StatelessOp::opIsStateful (2 bytes)
   1395 1334    b  1       java.util.Spliterator::getExactSizeIfKnown (25 bytes)
   1397 1335    b  1       java.util.stream.SpinedBuffer$OfInt::newArray (6 bytes)
   1397 1336    b  1       java.util.stream.SpinedBuffer$OfInt::newArray (4 bytes)
   1399 1337    b  1       java.util.stream.SpinedBuffer$OfPrimitive::inflateSpine (36 bytes)
   1400 1338    b  1       java.util.stream.AbstractPipeline::<init> (91 bytes)
   1404 1339    b  1       java.util.stream.AbstractSpinedBuffer::chunkSize (34 bytes)
   1405 1340    b  1       java.util.stream.StreamOpFlag::fromCharacteristics (37 bytes)
   1406 1341    b  1       java.util.stream.AbstractPipeline::<init> (55 bytes)
   1406 1342    b  1       java.util.stream.Streams$RangeIntSpliterator::characteristics (4 bytes)
   1407 1343    b  1       java.util.stream.AbstractPipeline::sourceSpliterator (265 bytes)
   1409 1344    b  1       java.util.stream.AbstractPipeline::wrapAndCopyInto (18 bytes)
   1410 1345    b  1       java.util.stream.AbstractPipeline::wrapSink (37 bytes)
   1410 1346    b  1       java.util.stream.AbstractPipeline::copyInto (54 bytes)
   1412 1347    b  1       java.util.stream.ReferencePipeline::<init> (7 bytes)
   1412 1348    b  1       java.util.stream.Sink$ChainedReference::<init> (16 bytes)
   1424 1349    b  1       java.util.stream.ReferencePipeline$StatelessOp::<init> (29 bytes)
   1425 1350    b  1       java.util.stream.Sink$ChainedReference::end (10 bytes)
   1425 1351    b  1       java.util.stream.Node::getChildCount (2 bytes)
   1429 1352    b  1       jdk.internal.mindex.M3VI$2::revision (3 bytes)
   1430 1353 %  b  1       jdk.internal.mindex.M3VI::bound @ 9 (84 bytes)
   1431 1354    b  1       jdk.internal.mindex.M3VI::bound (84 bytes)
   1435 1355    b  1       jdk.internal.mindex.M3VI::parseBound (43 bytes)
   1437 1356    b  1       java.lang.invoke.Invokers$Holder::linkToTargetMethod (9 bytes)
   1437 1357    b  1       java.lang.invoke.LambdaForm$MH/0x00007fef0c019c00::invoke (75 bytes)
   1437 1358    b  1       java.lang.invoke.LambdaForm$MH/0x00007fef0c019800::invoke (27 bytes)
   1439 1359    b  1       java.lang.invoke.LambdaForm$MH/0x00007fef0c01cc00::invoke (27 bytes)
   1439 1360    b  1       java.lang.StringConcatHelper::newArrayWithSuffix (40 bytes)
   1440 1361    b  1       java.util.Random::nextBoolean (14 bytes)
   1441 1362    b  1       java.util.stream.Streams$RangeIntSpliterator::getComparator (2 bytes)
   1441 1363    b  1       java.util.stream.ReferencePipeline$StatefulOp::opIsStateful (2 bytes)
   1441 1364    b  1       java.util.stream.IntPipeline$StatelessOp::opIsStateful (2 bytes)
   1442 1365    b  1       java.util.stream.AbstractSpinedBuffer::count (31 bytes)
   1446 1366 %  b  1       java.util.TimSort::sort @ 101 (229 bytes)
   1448 1367    b  1       java.util.TimSort::sort (229 bytes)
   1476 1368    b  1       java.util.stream.Sink$ChainedReference::begin (11 bytes)
   1477 1369    b  1       java.lang.ref.ReferenceQueue::poll0 (65 bytes)
   1478 1370   !b  1       java.util.concurrent.ConcurrentHashMap::replaceNode (437 bytes)
   1482 1371    b  1       java.util.concurrent.ConcurrentHashMap::remove (8 bytes)
   1489 1372    b  1       java.util.stream.Nodes$FixedNodeBuilder::accept (61 bytes)
   1490 1373    b  1       jdk.internal.util.random.RandomSupport::boundedNextInt (109 bytes)
   1491 1374    b  1       java.util.Random::nextInt (7 bytes)
   1491 1375    b  1       com.m3.cb.CBProbe$$Lambda/0x00007fef0c0163e0::apply (5 bytes)
   1491 1376    b  1       java.lang.Integer::toString (55 bytes)
   1492 1377    b  1       jdk.internal.mindex.M3PC::sameInputs (24 bytes)
   1492 1378 %  b  1       jdk.internal.mindex.M3PC::of @ 83 (136 bytes)
   1494 1379    b  1       jdk.internal.mindex.M3PC::of (136 bytes)
   1496 1380    b  1       java.util.stream.AbstractPipeline::evaluateToArrayNode (78 bytes)
   1497 1381    b  1       java.util.stream.AbstractPipeline::evaluate (44 bytes)
   1498 1382    b  1       java.util.stream.AbstractPipeline::exactOutputSizeIfKnown (86 bytes)
   1499 1383    b  1       jdk.internal.util.random.RandomSupport$RandomSpliterator::characteristics (4 bytes)
   1499 1384 %  b  1       jdk.internal.util.random.RandomSupport$RandomIntsSpliterator::forEachRemaining @ 47 (74 bytes)
   1500 1385    b  1       jdk.internal.util.random.RandomSupport$RandomIntsSpliterator::forEachRemaining (74 bytes)
   1502 1386    b  1       java.util.stream.StreamSupport::intStream (14 bytes)
   1502 1387    b  1       java.util.stream.IntPipeline$Head::<init> (8 bytes)
   1502 1388    b  1       java.util.stream.IntPipeline::<init> (8 bytes)
   1502 1389    b  1       java.util.stream.IntPipeline::mapToObj (15 bytes)
   1503 1390    b  1       java.util.stream.IntPipeline$1::<init> (15 bytes)
   1504 1391    b  1       java.util.stream.IntPipeline$1::opWrapSink (10 bytes)
   1504 1392    b  1       java.util.stream.IntPipeline$1$1::<init> (11 bytes)
   1504 1393    b  1       java.util.stream.Sink$ChainedInt::<init> (16 bytes)
   1505 1394    b  1       java.util.stream.Sink$ChainedInt::begin (11 bytes)
   1505 1395    b  1       java.util.Spliterator$OfInt::forEachRemaining (55 bytes)
   1506 1396    b  1       java.util.stream.Sink$ChainedInt::end (10 bytes)
   1506 1397    b  1       com.m3.cb.CBProbe::key (23 bytes)
   1506 1398 %  b  1       java.util.ImmutableCollections$AbstractImmutableList::equals @ 34 (89 bytes)
   1507 1399    b  1       java.util.ImmutableCollections$AbstractImmutableList::equals (89 bytes)
   1509 1400    b  1       java.util.ImmutableCollections$AbstractImmutableList::<init> (5 bytes)
   1509 1401    b  1       jdk.internal.util.random.RandomSupport$RandomSpliterator::estimateSize (10 bytes)
   1510 1402    b  1       java.util.ArrayList::<init> (65 bytes)
   1510 1403    b  1       java.util.ImmutableCollections$ListN::<init> (15 bytes)
   1511 1404    b  1       java.util.stream.ReferencePipeline::toArray (18 bytes)
   1511 1405    b  1       java.util.stream.ReferencePipeline::makeNodeBuilder (6 bytes)
   1512 1406    b  1       java.util.stream.Nodes::builder (30 bytes)
   1512 1407    b  1       java.util.stream.Nodes$FixedNodeBuilder::<init> (29 bytes)
   1512 1408    b  1       java.util.stream.Nodes$ArrayNode::<init> (43 bytes)
   1513 1409    b  1       java.util.stream.Nodes$FixedNodeBuilder::begin (52 bytes)
   1514 1410    b  1       java.util.stream.Nodes$FixedNodeBuilder::end (51 bytes)
   1515 1411    b  1       java.util.stream.Nodes$FixedNodeBuilder::build (52 bytes)
   1516 1412    b  1       java.util.stream.Nodes::flatten (70 bytes)
   1517 1413    b  1       java.util.stream.Nodes$ArrayNode::asArray (25 bytes)
   1518 1414    b  1       java.util.ImmutableCollections$ListN::toArray (13 bytes)
   1518 1415    b  1       java.util.Random::ints (9 bytes)
   1519 1416    b  1       jdk.internal.util.random.RandomSupport$AbstractSpliteratorGenerator::ints (27 bytes)
   1519 1417    b  1       jdk.internal.util.random.RandomSupport::checkStreamSize (17 bytes)
   1520 1418    b  1       jdk.internal.util.random.RandomSupport::checkRange (16 bytes)
   1520 1419    b  1       jdk.internal.util.random.RandomSupport$RandomIntsSpliterator::<init> (25 bytes)
   1520 1420    b  1       jdk.internal.util.random.RandomSupport$RandomSpliterator::<init> (15 bytes)
   1521 1421    b  1       jdk.internal.util.random.RandomSupport$AbstractSpliteratorGenerator::intStream (6 bytes)
   1521 1422    b  1       java.util.stream.IntPipeline::mapToObj (18 bytes)
   1522 1423    b  1       java.util.stream.ReferencePipeline::toList (13 bytes)
   1522 1424   !b  1       jdk.internal.access.SharedSecrets::getJavaUtilCollectionAccess (26 bytes)
   1523 1425    b  1       java.util.stream.ReferencePipeline::toArray (10 bytes)
   1523 1426    b  1       java.util.stream.ReferencePipeline$$Lambda/0x00007fef0c074578::apply (5 bytes)
   1523 1427    b  1       java.util.stream.ReferencePipeline::lambda$toArray$0 (5 bytes)
   1524 1428    b  1       java.util.ImmutableCollections$Access$1::listFromTrustedArrayNullsAllowed (5 bytes)
   1524 1429    b  1       java.util.ImmutableCollections::listFromTrustedArrayNullsAllowed (42 bytes)
   1524 1430    b  1       java.util.ArrayList::set (24 bytes)
   1593 1431    b  1       java.lang.ClassLoader::getClassLoadingLock (35 bytes)
   1602 1432    b  1       jdk.internal.misc.Unsafe::putReferenceOpaque (9 bytes)
   1602 1433    b  1       java.lang.ClassLoader::findLoadedClass (15 bytes)
   1603 1434     n 0       java.lang.ClassLoader::findLoadedClass0 (native)   
   1615 1435    b  1       java.lang.invoke.LambdaForm::editor (5 bytes)
   1616 1436    b  1       java.lang.invoke.LambdaFormEditor::lambdaFormEditor (12 bytes)
   1616 1437    b  1       java.lang.invoke.LambdaFormEditor::<init> (10 bytes)
   1617 1438    b  1       java.lang.invoke.LambdaFormEditor$TransformKey::inRange (36 bytes)
   1617 1439    b  1       java.lang.invoke.LambdaFormEditor$TransformKey::<init> (15 bytes)
   1617 1440    b  1       java.lang.invoke.LambdaFormEditor::getInCache (165 bytes)
PASS checks=4525 owner=java.base
