     50    1    b        java.lang.Object::<init> (1 bytes)
     51    2    b        java.lang.String::hashCode (76 bytes)
     54    3    b        java.lang.String::mindex (54 bytes)
     55    2             java.lang.String::hashCode (76 bytes)   made not entrant
     58    4    b        java.lang.String::coder (21 bytes)
     58    5    b        java.lang.String::rawCoder (15 bytes)
     61    6    b        java.util.concurrent.ConcurrentHashMap::tabAt (22 bytes)
     61    7    b        jdk.internal.misc.Unsafe::getReferenceAcquire (7 bytes)
     62    8    b        java.util.concurrent.ConcurrentHashMap::spread (10 bytes)
     63    9    b        java.lang.String::hashCode (76 bytes)
     65   10   !b        java.util.concurrent.ConcurrentHashMap::putVal (432 bytes)
     91   11    b        java.util.concurrent.ConcurrentHashMap$Node::<init> (20 bytes)
     94   12    b        java.util.concurrent.ConcurrentHashMap::addCount (280 bytes)
     95   13    b        java.util.concurrent.ConcurrentHashMap::putIfAbsent (8 bytes)
     96   14    b        java.util.ImmutableCollections$SetN$SetNIterator::hasNext (13 bytes)
     96   15    b        java.util.ImmutableCollections$SetN$SetNIterator::next (90 bytes)
    100   14             java.util.ImmutableCollections$SetN$SetNIterator::hasNext (13 bytes)   made not entrant
    100   15             java.util.ImmutableCollections$SetN$SetNIterator::next (90 bytes)   made not entrant
    100   16    b        java.util.ImmutableCollections$SetN$SetNIterator::next (90 bytes)
    103   10   !         java.util.concurrent.ConcurrentHashMap::putVal (432 bytes)   made not entrant
    103   17    b        java.util.concurrent.ConcurrentHashMap::casTabAt (21 bytes)
    105   18    b        java.lang.module.ModuleReference::descriptor (5 bytes)
    105   19    b        java.lang.module.ModuleDescriptor::name (5 bytes)
    106   20   !b        java.util.concurrent.ConcurrentHashMap::putVal (432 bytes)
    134   21    b        java.util.ImmutableCollections$SetN$SetNIterator::hasNext (13 bytes)
    135   22    b        java.lang.module.ModuleDescriptor::packages (5 bytes)
    136   23    b        java.net.URI::getScheme (5 bytes)
    136   24    b        java.lang.module.ResolvedModule::reference (5 bytes)
    137   25    b        java.util.HashMap::hash (20 bytes)
    139   26    b        java.lang.module.ModuleDescriptor::isOpen (5 bytes)
    140   27    b        java.lang.module.ModuleDescriptor::isAutomatic (5 bytes)
    140   28    b        java.lang.module.ModuleDescriptor$Version::toString (5 bytes)
    141   29    b        java.util.HashMap::putVal (300 bytes)
    156   30    b        java.util.HashMap::getNode (150 bytes)
    160   31    b        java.util.HashMap::get (19 bytes)
    165   32    b        java.util.HashMap::put (13 bytes)
    166   33    b        java.lang.module.ModuleDescriptor$Exports::source (5 bytes)
    167   34    b        java.lang.module.ResolvedModule::configuration (5 bytes)
    167   29             java.util.HashMap::putVal (300 bytes)   made not entrant
    167   35    b        java.util.HashMap::afterNodeInsertion (1 bytes)
    168   36    b        java.util.HashMap::newNode (13 bytes)
    169   37    b        java.util.HashMap$Node::<init> (26 bytes)
    172   38    b        java.util.ImmutableCollections$Set12::isEmpty (2 bytes)
    175   39    b        java.lang.module.ModuleDescriptor$Exports::targets (5 bytes)
    175   40    b        java.util.ImmutableCollections$Set12$1::hasNext (13 bytes)
    176   41    b        java.lang.module.ResolvedModule::name (11 bytes)
    177   42    b        java.util.HashMap::putVal (300 bytes)
    190   43    b        java.lang.module.ModuleDescriptor::opens (5 bytes)
    191   44    b        java.lang.Module::getDescriptor (5 bytes)
    191   45    b        java.lang.module.ModuleDescriptor::exports (5 bytes)
    192   46    b        java.util.HashSet::add (20 bytes)
    194   47    b        java.util.AbstractMap::<init> (5 bytes)
    194   48    b        java.util.ImmutableCollections$Set12$1::next (95 bytes)
    196   49    b        java.lang.module.ModuleDescriptor$Exports::isQualified (18 bytes)
    197   50    b        java.util.HashMap::<init> (11 bytes)
    197   51    b        java.util.HashMap::resize (356 bytes)
    217   52    b        java.util.AbstractCollection::<init> (5 bytes)
    218   53    b        java.util.AbstractSet::<init> (5 bytes)
    218   54    b        java.util.ImmutableCollections$Set12::iterator (9 bytes)
    219   55    b        java.util.ImmutableCollections$Set12$1::<init> (32 bytes)
    221   56    b        java.util.HashMap::isEmpty (13 bytes)
    222   57    b        java.util.HashSet::<init> (16 bytes)
    224   58    b        java.util.Objects::equals (23 bytes)
    230   59    b        java.util.ImmutableCollections$SetN::isEmpty (13 bytes)
    230   60    b        java.lang.module.ModuleDescriptor::provides (5 bytes)
    231   61    b        java.lang.module.ModuleDescriptor$Provides::service (5 bytes)
    231   62    b        java.lang.module.ModuleDescriptor$Provides::providers (5 bytes)
    232   63    b        java.util.concurrent.CopyOnWriteArrayList::setArray (6 bytes)
    233   12             java.util.concurrent.ConcurrentHashMap::addCount (280 bytes)   made not entrant
    235   20   !         java.util.concurrent.ConcurrentHashMap::putVal (432 bytes)   made not entrant
    236   64     n       java.lang.invoke.MethodHandle::linkToStatic(LLLLLLL)L (native)   (static)
    242   65    b        java.lang.Enum::ordinal (5 bytes)
    243   66     n       java.lang.invoke.MethodHandle::linkToStatic(LL)L (native)   (static)
    244   67    b        java.lang.invoke.MethodType::returnType (5 bytes)
    245   68    b        java.util.Objects::requireNonNull (14 bytes)
    246   69    b        java.lang.invoke.MethodType::ptypes (5 bytes)
    246   70     n       java.lang.invoke.MethodHandle::invokeBasic(LLLLLL)L (native)   
    247   71     n       java.lang.invoke.MethodHandle::linkToSpecial(LLLLLLLL)L (native)   (static)
    249   72    b        java.lang.String::isLatin1 (19 bytes)
    251   73    b        jdk.internal.util.Preconditions::checkIndex (18 bytes)
    251   74    b        java.lang.String::charAt (40 bytes)
    256   75    b        java.lang.StringLatin1::charAt (15 bytes)
    256   76    b        java.lang.String::checkIndex (10 bytes)
    258   77    b        java.lang.String::length (27 bytes)
    260   78    b        java.lang.invoke.MemberName::getDeclaringClass (5 bytes)
    260   79   !b        java.util.concurrent.ConcurrentHashMap::putVal (432 bytes)
    293   80    b        java.lang.invoke.MethodType$ConcurrentWeakInternSet$WeakEntry::hashCode (5 bytes)
    293   81     n       java.lang.invoke.MethodHandle::linkToSpecial(LL)V (native)   (static)
    293   82    b        java.lang.invoke.MethodType::form (5 bytes)
    294   83     n       java.lang.invoke.MethodHandle::invokeBasic()L (native)   
    295   84     n       java.lang.invoke.MethodHandle::linkToSpecial(LL)L (native)   (static)
    295   85    b        java.lang.String::equals (94 bytes)
    298   86    b        java.lang.invoke.MethodTypeForm::canonicalize (74 bytes)
    300   87     n       java.lang.invoke.MethodHandle::linkToStatic(LLL)L (native)   (static)
    300   88    b        java.lang.invoke.MethodTypeForm::erasedType (5 bytes)
    301   89     n       java.lang.invoke.MethodHandle::linkToStatic(LLLL)L (native)   (static)
    301   90    b        java.lang.invoke.MethodTypeForm::parameterSlotCount (5 bytes)
    303   91    b        java.lang.AbstractStringBuilder::getValue (5 bytes)
    303   92    b        java.lang.AbstractStringBuilder::length (5 bytes)
    305   93    b        java.lang.Math::min (11 bytes)
    307   31             java.util.HashMap::get (19 bytes)   made not entrant
    308   94    b        java.util.concurrent.ConcurrentHashMap::get (162 bytes)
    320   95    b        java.lang.invoke.MethodType::hashCode (53 bytes)
    323   96    b        java.lang.invoke.MemberName::isInvocable (8 bytes)
    323   97    b        java.lang.invoke.MemberName::anyFlagSet (15 bytes)
    326   98    b        java.lang.invoke.MethodHandle::type (5 bytes)
    326   99    b        sun.invoke.util.Wrapper::basicTypeChar (5 bytes)
    326  100    b        java.lang.invoke.MethodType::checkSlotCount (33 bytes)
    327  101    b        java.lang.StringLatin1::canEncode (13 bytes)
    328  102    b        java.lang.String::value (21 bytes)
    328  103 %  b        jdk.internal.util.ArraysSupport::signedHashCode @ 8 (37 bytes)
    333  104    b        jdk.internal.util.ArraysSupport::signedHashCode (37 bytes)
    337  105     n       java.lang.invoke.MethodHandle::linkToSpecial(LLL)V (native)   (static)
    337  106     n       java.lang.invoke.MethodHandle::invokeBasic(L)L (native)   
    338  107     n       java.lang.invoke.MethodHandle::linkToSpecial(LLL)L (native)   (static)
    339   94             java.util.concurrent.ConcurrentHashMap::get (162 bytes)   made not entrant
    340   30             java.util.HashMap::getNode (150 bytes)   made not entrant
    351  108    b        java.lang.String::maybeAdmit (33 bytes)
    352  109 %  b        java.lang.StringLatin1::indexOfChar @ 7 (33 bytes)
    356  110    b        java.lang.StringLatin1::indexOfChar (33 bytes)
    360  111    b        java.lang.AbstractStringBuilder::ensureCapacityInternal (39 bytes)
    368  112    b        java.util.concurrent.ConcurrentHashMap::get (162 bytes)
    374   58             java.util.Objects::equals (23 bytes)   made not entrant
    375   79   !         java.util.concurrent.ConcurrentHashMap::putVal (432 bytes)   made not entrant
    381  113    b        java.lang.Math::max (11 bytes)
    385  114    b        java.util.Optional::orElse (16 bytes)
    385  115    b        java.lang.ref.Reference::reachabilityFence (1 bytes)
    386  116    b        java.nio.Buffer::limit (5 bytes)
    387  117    b        java.nio.Buffer::session (20 bytes)
    388  118    b        java.nio.Buffer::checkIndex (12 bytes)
    388  119   !b        java.nio.DirectByteBuffer::get (34 bytes)
    390  120    b        java.nio.DirectByteBuffer::ix (10 bytes)
    390  121   !b        jdk.internal.misc.ScopedMemoryAccess::getByte (16 bytes)
    391  122   !b        jdk.internal.misc.ScopedMemoryAccess::getByteInternal (34 bytes)
    392  123    b        jdk.internal.jimage.ImageHeader::getTableLength (5 bytes)
    392  124 %  b        jdk.internal.jimage.ImageStringsReader::unmaskedHashCode @ 10 (166 bytes)
    396  125    b        jdk.internal.jimage.ImageStringsReader::unmaskedHashCode (166 bytes)
    400  126    b        java.lang.System::getSecurityManager (12 bytes)
    401  127    b        java.lang.System::allowSecurityManager (13 bytes)
    404  128    b        java.lang.ref.ReferenceQueue::headIsNull (13 bytes)
    405  129    b        java.lang.String::isEmpty (38 bytes)
    407  130    b        jdk.internal.misc.Unsafe::putReferenceRelease (9 bytes)
    409  131    b        java.util.concurrent.ConcurrentHashMap::setTabAt (20 bytes)
    412  132    b        java.lang.Class::getClassLoader (28 bytes)
    417   51             java.util.HashMap::resize (356 bytes)   made not entrant
    417   85             java.lang.String::equals (94 bytes)   made not entrant
    417  133     n       java.lang.invoke.MethodHandle::linkToStatic(L)L (native)   (static)
    418  134    b        java.util.Arrays::copyOfRange (25 bytes)
    422  135 %  b        jdk.internal.org.objectweb.asm.ByteVector::putUTF8 @ 76 (144 bytes)
    433  136    b        jdk.internal.org.objectweb.asm.ByteVector::putUTF8 (144 bytes)
    440  137    b        jdk.internal.org.objectweb.asm.SymbolTable::get (13 bytes)
    443  138    b        java.lang.String::<init> (48 bytes)
    445  139    b        java.lang.invoke.MethodType$ConcurrentWeakInternSet::expungeStaleElements (27 bytes)
    446  140   !b        java.lang.ref.NativeReferenceQueue::poll (28 bytes)
    447  141     n       java.lang.invoke.MethodHandle::linkToSpecial(LLL)I (native)   (static)
    448  142    b        java.lang.String::getBytes (71 bytes)
    449  143    b        java.lang.AbstractStringBuilder::isLatin1 (19 bytes)
    450  144    b        jdk.internal.org.objectweb.asm.SymbolTable::hash (10 bytes)
    452  145    b        java.lang.String::equals (94 bytes)
    455  146    b        java.lang.StringLatin1::hashCode (52 bytes)
    456  147    b        jdk.internal.util.ArraysSupport::vectorizedHashCode (158 bytes)
    460  148    b        jdk.internal.org.objectweb.asm.Symbol::<init> (38 bytes)
    463  149    b        jdk.internal.org.objectweb.asm.SymbolTable::put (150 bytes)
    468  150    b        jdk.internal.org.objectweb.asm.ByteVector::putShort (52 bytes)
    469  151    b        java.lang.invoke.MethodHandles$Lookup::lookupClass (5 bytes)
    470  152    b        java.lang.String::indexOf (37 bytes)
    473  153    b        java.lang.StringLatin1::indexOf (37 bytes)
    476  154    b        java.lang.invoke.MethodType::parameterType (7 bytes)
    477  155    b        java.lang.Enum::<init> (15 bytes)
    479  156    b        java.lang.StringBuilder::append (8 bytes)
    484  157    b        java.lang.AbstractStringBuilder::append (45 bytes)
    488  158    b        java.lang.AbstractStringBuilder::putStringAt (19 bytes)
    490  159    b        java.lang.AbstractStringBuilder::inflateIfNeededFor (22 bytes)
    491  160    b        jdk.internal.org.objectweb.asm.SymbolTable$Entry::<init> (17 bytes)
    492  161    b        jdk.internal.org.objectweb.asm.SymbolTable::addConstantUtf8 (98 bytes)
    502  162    b        java.lang.invoke.MethodTypeForm::basicType (5 bytes)
    502  163     n       java.lang.invoke.MethodHandle::linkToSpecial(LLLL)V (native)   (static)
    502  164    b        java.util.Objects::equals (23 bytes)
    503  165     n       java.lang.invoke.MethodHandle::invokeBasic(LL)L (native)   
    503  166     n       java.lang.invoke.MethodHandle::linkToSpecial(LLLL)L (native)   (static)
    505  167    b        java.util.IdentityHashMap::size (5 bytes)
    506  168    b        jdk.internal.mindex.M3CI::enqueue (58 bytes)
    517  169    b        java.util.IdentityHashMap::hash (18 bytes)
    519  170    b        java.lang.ref.Reference::<init> (25 bytes)
    522  171     n       java.lang.invoke.MethodHandle::linkToStatic(LLL)I (native)   (static)
    522  172 %  b        java.lang.StringLatin1::replace @ 79 (198 bytes)
    532  173    b        java.lang.StringLatin1::replace (198 bytes)
    550  174    b        jdk.internal.org.objectweb.asm.ByteVector::putByte (39 bytes)
    551  161             jdk.internal.org.objectweb.asm.SymbolTable::addConstantUtf8 (98 bytes)   made not entrant
    552  175    b        java.util.concurrent.ConcurrentHashMap::addCount (280 bytes)
    556  176    b        java.lang.invoke.MethodType::parameterCount (6 bytes)
    557  177    b        java.lang.Class::getModule (5 bytes)
    557  178    b        java.lang.invoke.MethodType::checkPtypes (76 bytes)
    560  179     n       java.lang.invoke.MethodHandle::linkToStatic(LLLLL)L (native)   (static)
    560  180     n       java.lang.invoke.MethodHandle::invokeBasic(LLLL)L (native)   
    561  181     n       java.lang.invoke.MethodHandle::linkToSpecial(LLLLLL)L (native)   (static)
    561  182     n       java.lang.invoke.MethodHandle::linkToStatic(LLLL)I (native)   (static)
    561  183    b        java.lang.invoke.MemberName::initResolved (53 bytes)
    563  184    b        java.lang.Integer::intValue (5 bytes)
    563  185    b        java.lang.invoke.LambdaForm::argument (27 bytes)
    565  186    b        java.lang.String::m3JoinedStringsEnabled (24 bytes)
    565  187    b        jdk.internal.util.Preconditions::checkFromToIndex (24 bytes)
    566  188    b        java.lang.String::substring (97 bytes)
    571  189    b        java.lang.String::checkBoundsBeginEnd (11 bytes)
    572  190    b        jdk.internal.org.objectweb.asm.SymbolTable::getMajorVersion (5 bytes)
    573  191    b        jdk.internal.util.ClassFileDumper::isEnabled (5 bytes)
    574   42             java.util.HashMap::putVal (300 bytes)   made not entrant
    576  192    b        java.lang.StringBuilder::append (8 bytes)
    578  193    b        java.lang.AbstractStringBuilder::append (77 bytes)
    580  194    b        java.lang.invoke.MemberName::allFlagsSet (16 bytes)
    580  195    b        java.lang.invoke.MethodType::makeImpl (109 bytes)
    744  196    b        java.lang.invoke.MethodType::<init> (15 bytes)
    749  197    b        java.lang.invoke.MethodType$ConcurrentWeakInternSet::get (47 bytes)
    755  198    b        jdk.internal.org.objectweb.asm.SymbolTable::addConstantUtf8 (98 bytes)
    773  199     n       java.lang.invoke.MethodHandle::linkToSpecial(LLLLL)I (native)   (static)
    773  200    b        java.lang.invoke.LambdaForm$BasicType::basicType (187 bytes)
    774  201    b        java.lang.invoke.LambdaForm$Name::type (5 bytes)
    775  202    b        java.lang.invoke.LambdaForm$BasicType::basicType (8 bytes)
    776  203    b        sun.invoke.util.Wrapper::basicTypeChar (18 bytes)
    779  204    b        java.lang.invoke.LambdaForm$Name::index (5 bytes)
    780  205    b        java.lang.invoke.LambdaForm$BasicType::basicTypeClass (5 bytes)
    780  206    b        jdk.internal.org.objectweb.asm.MethodWriter::hasAsmInstructions (5 bytes)
    781  207    b        jdk.internal.org.objectweb.asm.ByteVector::put12 (64 bytes)
    783  208    b        sun.invoke.util.VerifyAccess::isTypeVisible (118 bytes)
    788  209    b        java.lang.invoke.MethodHandles$Lookup::previousLookupClass (5 bytes)
    789  210    b        java.lang.invoke.MethodType::methodType (69 bytes)
    793  211    b        java.util.IdentityHashMap::maskNull (12 bytes)
    794  212    b        java.lang.Class::getName (18 bytes)
    795  213    b        jdk.internal.misc.Unsafe::getLongUnaligned (173 bytes)
    796  214    b        jdk.internal.mindex.M3CI$$Lambda/0x00007fce740491f8::applyAsInt (12 bytes)
    799  215    b        jdk.internal.mindex.M3CI::lambda$discover$2 (15 bytes)
    802  216    b        java.util.IdentityHashMap::get (60 bytes)
    804  217    b        jdk.internal.mindex.M3CI$$Lambda/0x00007fce740496d0::apply (8 bytes)
    805  218    b        java.lang.StringLatin1::getChar (9 bytes)
    806  219    b        jdk.internal.util.ArraysSupport::vectorizedMismatch (268 bytes)
    809  220    b        java.util.Comparator$$Lambda/0x00007fce74049bc0::compare (16 bytes)
    822  221    b        java.util.Comparator::lambda$thenComparing$36697e65$1 (29 bytes)
    834  222    b        java.util.Comparator$$Lambda/0x00007fce74049428::compare (10 bytes)
    840  223    b        java.util.Comparator::lambda$comparingInt$7b0bb60$1 (18 bytes)
    847  224    b        java.lang.Integer::compare (20 bytes)
    847  220             java.util.Comparator$$Lambda/0x00007fce74049bc0::compare (16 bytes)   made not entrant
    848  225     n       java.lang.invoke.MethodHandle::linkToStatic(IL)L (native)   (static)
    849  226    b        java.lang.StringBuilder::length (5 bytes)
    849  227    b        java.lang.AbstractStringBuilder::<init> (39 bytes)
    851  228    b        java.lang.StringBuilder::toString (9 bytes)
    854  229    b        java.lang.String::<init> (7 bytes)
    857  230    b        java.lang.String::<init> (142 bytes)
    861  231    b        java.lang.invoke.DirectMethodHandle::internalMemberName (5 bytes)
    861  232   !b        java.lang.invoke.MemberName::getMethodType (211 bytes)
    863  233    b        java.util.ArrayList::size (5 bytes)
    866  234    b        java.util.HashMap::putVal (300 bytes)
    881  235    b        java.lang.reflect.Method::getModifiers (5 bytes)
    882  216             java.util.IdentityHashMap::get (60 bytes)   made not entrant
    883  236    b        java.lang.reflect.Method::getDeclaringClass (5 bytes)
    883  237    b        java.util.Objects::requireNonNull (15 bytes)
    884  238    b        java.lang.reflect.Method::getRoot (5 bytes)
    885  239    b        java.util.HashMap::get (19 bytes)
    897  240    b        java.lang.String::indexOf (7 bytes)
    901  241    b        java.util.HashMap::getNode (150 bytes)
    905  242    b        java.lang.reflect.Method::getName (5 bytes)
    906  243    b        java.lang.reflect.Method::getReturnType (5 bytes)
    907  244    b        jdk.internal.util.ArraysSupport::newLength (27 bytes)
    908  245 %  b        java.lang.StringLatin1::lastIndexOf @ 18 (40 bytes)
    912  246    b        java.lang.StringLatin1::lastIndexOf (40 bytes)
    915  247    b        java.lang.invoke.MethodType::rtype (5 bytes)
    919  248    b        java.lang.Class::getPackageName (81 bytes)
    929  249    b        java.lang.invoke.MemberName::getReferenceKind (12 bytes)
    930  250    b        java.lang.String::replace (44 bytes)
    932  251    b        java.lang.Math::floorMod (20 bytes)
    933   46             java.util.HashSet::add (20 bytes)   made not entrant
    936  252    b        jdk.internal.org.objectweb.asm.SymbolTable::addConstantUtf8Reference (101 bytes)
    947  253    b        java.lang.invoke.InfoFromMemberName::getReferenceKind (5 bytes)
    947  254    b        java.lang.Object::equals (11 bytes)
    948  255    b        java.lang.AbstractStringBuilder::newCapacity (59 bytes)
    950  256    b        java.lang.reflect.Method::getSharedParameterTypes (5 bytes)
    951  257    b        java.util.ArrayList::add (25 bytes)
    955  258    b        java.util.ArrayList::add (23 bytes)
    958  259    b        java.lang.StringBuilder::<init> (7 bytes)
    960  260    b        jdk.internal.org.objectweb.asm.SymbolTable::addConstantClass (8 bytes)
    961  252             jdk.internal.org.objectweb.asm.SymbolTable::addConstantUtf8Reference (101 bytes)   made not entrant
    962  261    b        jdk.internal.org.objectweb.asm.Frame::execute (2305 bytes)
    978  207             jdk.internal.org.objectweb.asm.ByteVector::put12 (64 bytes)   made not entrant
    979  262    b        jdk.internal.org.objectweb.asm.Frame::push (109 bytes)
    982  261             jdk.internal.org.objectweb.asm.Frame::execute (2305 bytes)   made not entrant
    983  263    b        java.lang.invoke.MemberName::isResolved (13 bytes)
    984  264   !b        java.util.concurrent.ConcurrentHashMap::putVal (432 bytes)
   1007  265    b        java.util.Arrays::equals (57 bytes)
   1010  266    b        java.lang.invoke.LambdaForm$Name::initIndex (26 bytes)
   1011  267    b        jdk.internal.org.objectweb.asm.ByteVector::put122 (93 bytes)
   1013  268    b        jdk.internal.org.objectweb.asm.ByteVector::putInt (74 bytes)
   1016  234             java.util.HashMap::putVal (300 bytes)   made not entrant
   1016  112             java.util.concurrent.ConcurrentHashMap::get (162 bytes)   made not entrant
   1017  269    b        jdk.internal.org.objectweb.asm.SymbolTable::addConstantUtf8Reference (101 bytes)
   1029  270    b        jdk.internal.org.objectweb.asm.SymbolTable::addType (81 bytes)
   1037  271    b        jdk.internal.org.objectweb.asm.Frame::execute (2305 bytes)
   1069  272    b        jdk.internal.org.objectweb.asm.MethodWriter::visitVarInsn (302 bytes)
   1075  273    b        jdk.internal.org.objectweb.asm.ByteVector::put12 (64 bytes)
   1078  274    b        jdk.internal.org.objectweb.asm.Type::getArgumentsAndReturnSizes (140 bytes)
   1091  275    b        jdk.internal.org.objectweb.asm.Frame::merge (317 bytes)
   1094  276    b        jdk.internal.org.objectweb.asm.Handler::getExceptionTableLength (21 bytes)
   1097  277    b        java.lang.invoke.MethodHandleImpl::isCompileConstant (2 bytes)
   1097  146             java.lang.StringLatin1::hashCode (52 bytes)   made not entrant
   1097  278    b        java.lang.Integer::valueOf (32 bytes)
   1098  279    b        java.lang.reflect.Field::getModifiers (5 bytes)
   1099  280    b        java.lang.reflect.Field::getDeclaringClass (5 bytes)
   1100  281    b        java.util.HashMap::putVal (300 bytes)
   1116  282    b        java.lang.CharacterData::of (136 bytes)
   1117  283    b        sun.reflect.generics.parser.SignatureParser::current (59 bytes)
   1120  284    b        java.lang.CharacterDataLatin1::getProperties (11 bytes)
   1121  285    b        sun.reflect.generics.parser.SignatureParser::advance (53 bytes)
   1122  286    b        java.lang.Character::isWhitespace (5 bytes)
   1123  287    b        java.lang.Character::isWhitespace (9 bytes)
   1124  288    b        java.lang.CharacterDataLatin1::isWhitespace (23 bytes)
   1125  289    b        java.lang.reflect.Modifier::isStatic (13 bytes)
   1126  290    b        jdk.internal.org.objectweb.asm.Label::<init> (5 bytes)
   1126  291    b        jdk.internal.org.objectweb.asm.Label::resolve (219 bytes)
   1133  292    b        jdk.internal.org.objectweb.asm.SymbolTable::addConstantMemberReference (147 bytes)
   1165  293    b        jdk.internal.org.objectweb.asm.SymbolTable::hash (20 bytes)
   1171  294    b        jdk.internal.org.objectweb.asm.Frame::pop (46 bytes)
   1172  295    b        jdk.internal.org.objectweb.asm.MethodWriter::visitInsn (115 bytes)
   1181  296    b        jdk.internal.org.objectweb.asm.Label::getCanonicalInstance (19 bytes)
   1182  297    b        jdk.internal.org.objectweb.asm.Frame::pop (42 bytes)
   1184  298    b        java.lang.Class::reflectionData (43 bytes)
   1186  299    b        java.lang.ref.SoftReference::get (29 bytes)
   1188  300    b        java.lang.reflect.Method::getAnnotationBytes (5 bytes)
   1189  301    b        jdk.internal.mindex.M3CI$Symbols::add (60 bytes)
   1205  302    b        jdk.internal.loader.AbstractClassLoaderValue$Sub::parent (5 bytes)
   1205  303    b        java.lang.StringLatin1::hashCode (52 bytes)
   1207  304    b        java.util.HashMap$Node::getKey (5 bytes)
   1208  281             java.util.HashMap::putVal (300 bytes)   made not entrant
   1208  305    b        java.util.LinkedHashMap::removeEldestEntry (2 bytes)
   1208  306    b        java.lang.reflect.Method::getSharedExceptionTypes (5 bytes)
   1209  307    b        java.util.Collections$1::hasNext (5 bytes)
   1209  308    b        jdk.internal.org.objectweb.asm.Frame::getAbstractTypeFromDescriptor (415 bytes)
   1213  309    b        jdk.internal.org.objectweb.asm.MethodWriter::visitLabel (330 bytes)
   1227  310    b        jdk.internal.org.objectweb.asm.Frame::push (59 bytes)
   1246  311    b        jdk.internal.org.objectweb.asm.MethodWriter::visitMethodInsn (191 bytes)
   1252  312    b        jdk.internal.org.objectweb.asm.SymbolTable::addConstantMethodref (24 bytes)
   1254  232   !         java.lang.invoke.MemberName::getMethodType (211 bytes)   made not entrant
   1254  313    b        java.lang.invoke.MethodType::equals (56 bytes)
   1259  314    b        java.util.HashMap$Node::getValue (5 bytes)
   1259  315    b        java.util.ArrayList$Itr::hasNext (20 bytes)
   1261  316    b        java.util.HashMap::putVal (300 bytes)
   1279  317    b        java.util.HashMap::size (5 bytes)
   1279  318    b        jdk.internal.org.objectweb.asm.Frame::getLocal (46 bytes)
   1281  319    b        jdk.internal.org.objectweb.asm.Frame::pop (53 bytes)
   1284  320    b        jdk.internal.org.objectweb.asm.MethodWriter::visitAbstractType (8 bytes)
   1285  321    b        java.lang.PublicMethods$Key::matches (31 bytes)
   1288  301             jdk.internal.mindex.M3CI$Symbols::add (60 bytes)   made not entrant
   1290  278             java.lang.Integer::valueOf (32 bytes)   made not entrant
   1290  322    b        java.lang.Class::getAnnotationType (5 bytes)
   1291  323    b        jdk.internal.access.SharedSecrets::getJavaLangAccess (4 bytes)
   1292  324    b        java.lang.reflect.Constructor::getModifiers (5 bytes)
   1292  325    b        java.lang.reflect.AccessibleObject::<init> (5 bytes)
   1292  326    b        java.lang.reflect.Field::getName (5 bytes)
   1293  327    b        java.lang.reflect.Field::getType (5 bytes)
   1293  328    b        java.lang.reflect.Executable::<init> (5 bytes)
   1294  329    b        jdk.internal.mindex.M3Descriptor::type (188 bytes)
   1312  330    b        java.lang.StringBuilder::<init> (6 bytes)
   1315  331    b        sun.reflect.generics.tree.ClassTypeSignature::getPath (5 bytes)
   1315  332    b        sun.reflect.generics.tree.SimpleClassTypeSignature::getName (5 bytes)
   1315  333    b        sun.reflect.generics.tree.SimpleClassTypeSignature::getDollar (5 bytes)
   1316  334    b        sun.reflect.generics.visitor.Reifier::getFactory (5 bytes)
   1316  335    b        sun.reflect.generics.tree.SimpleClassTypeSignature::getTypeArguments (5 bytes)
   1316  336    b        jdk.internal.mindex.M3CI$Symbols::add (60 bytes)
   1334  337   !b        java.lang.reflect.Executable::declaredAnnotations (85 bytes)
   1348  338    b        sun.reflect.generics.parser.SignatureParser::skipIdentifier (67 bytes)
   1356  329             jdk.internal.mindex.M3Descriptor::type (188 bytes)   made not entrant
   1357  250             java.lang.String::replace (44 bytes)   made not entrant
   1357  339    b        jdk.internal.reflect.ReflectionFactory::copyMethod (11 bytes)
   1361  340    b        java.lang.reflect.ReflectAccess::copyMethod (5 bytes)
   1365  341    b        java.lang.reflect.Method::copy (84 bytes)
   1368  342    b        java.lang.reflect.Method::<init> (68 bytes)
   1381  343    b        sun.reflect.annotation.AnnotationType::memberTypes (5 bytes)
   1382  344    b        sun.reflect.annotation.AnnotationType::memberDefaults (5 bytes)
   1382  345    b        sun.reflect.annotation.AnnotationType::retention (5 bytes)
   1383  346    b        jdk.internal.mindex.M3CI::annotationNameIds (53 bytes)
   1388  347    b        sun.reflect.annotation.AnnotationParser::toArray (18 bytes)
   1391  348    b        jdk.internal.mindex.M3CI::sortedUnique (54 bytes)
   1391  349    b        java.lang.Record::<init> (5 bytes)
   1392  350    b        java.nio.Buffer::nextGetIndex (32 bytes)
   1392  351    b        java.nio.HeapByteBuffer::byteOffset (7 bytes)
   1393  352    b        java.lang.reflect.Modifier::isSynthetic (14 bytes)
   1393  353    b        jdk.internal.mindex.M3CI$MemberDraft::<init> (50 bytes)
   1397  354    b        jdk.internal.mindex.M3Descriptor::type (188 bytes)
   1416  355    b        java.lang.reflect.Executable::isVarArgs (17 bytes)
   1417  356    b        java.nio.HeapByteBuffer::getShort (29 bytes)
   1419  357   !b        jdk.internal.misc.ScopedMemoryAccess::getShortUnaligned (18 bytes)
   1420  358   !b        jdk.internal.misc.ScopedMemoryAccess::getShortUnalignedInternal (36 bytes)
   1422  359    b        jdk.internal.misc.Unsafe::getShortUnaligned (12 bytes)
   1422  360    b        jdk.internal.misc.Unsafe::getShortUnaligned (33 bytes)
   1424  361    b        jdk.internal.misc.Unsafe::convEndian (16 bytes)
   1424  362    b        java.lang.Short::reverseBytes (14 bytes)
   1425  363    b        java.util.HashMap$HashIterator::hasNext (13 bytes)
   1426  364    b        java.util.concurrent.ConcurrentHashMap::get (162 bytes)
   1433  198             jdk.internal.org.objectweb.asm.SymbolTable::addConstantUtf8 (98 bytes)   made not entrant
   1433  365    b        java.util.AbstractList::<init> (10 bytes)
   1433  366    b        jdk.internal.org.objectweb.asm.ByteVector::<init> (13 bytes)
   1435  174             jdk.internal.org.objectweb.asm.ByteVector::putByte (39 bytes)   made not entrant
   1435  367    b        java.util.ArrayList$Itr::next (66 bytes)
   1437  368    b        java.util.ArrayList$Itr::checkForComodification (23 bytes)
   1438  369    b        jdk.internal.org.objectweb.asm.Frame::merge (395 bytes)
   1471  370    b        jdk.internal.org.objectweb.asm.Handler::getExceptionTableSize (10 bytes)
   1473  371    b        jdk.internal.org.objectweb.asm.ByteVector::putByteArray (49 bytes)
   1475  372    b        java.lang.reflect.Constructor::getDeclaringClass (5 bytes)
   1476  373    b        java.lang.reflect.Method::isVarArgs (5 bytes)
   1478  374    b        java.lang.reflect.Executable::isSynthetic (8 bytes)
   1479  375    b        jdk.internal.mindex.M3Descriptor::executable (78 bytes)
   1500  376    b        java.lang.reflect.Executable::getDeclaredAnnotations (8 bytes)
   1504  377    b        jdk.internal.mindex.M3CI::exceptionDescriptorIds (34 bytes)
   1508  378    b        java.util.HashMap::resize (356 bytes)
   1528  379    b        java.lang.reflect.Method::getParameterTypes (11 bytes)
   1530  380    b        java.lang.reflect.Method::isSynthetic (5 bytes)
   1530  381    b        jdk.internal.mindex.M3Descriptor::method (22 bytes)
   1532  382    b        jdk.internal.mindex.M3MemberFlags::of (59 bytes)
   1534  383    b        java.lang.reflect.Method::isBridge (16 bytes)
   1535  384    b        java.lang.reflect.Method::isDefault (28 bytes)
   1536  385    b        java.lang.reflect.Method::getDeclaredAnnotations (5 bytes)
   1539  386    b        java.lang.reflect.Method::getExceptionTypes (11 bytes)
   1540  387    b        java.util.ArrayList::iterator (9 bytes)
   1541  388    b        java.util.ArrayList$Itr::<init> (26 bytes)
   1545  389    b        java.util.Collections$SingletonList::size (2 bytes)
   1546  390    b        jdk.internal.org.objectweb.asm.Frame::getInputStackSize (6 bytes)
   1546  391    b        java.lang.String::replace (44 bytes)
   1550  392    b        jdk.internal.org.objectweb.asm.SymbolTable::addConstantUtf8 (98 bytes)
   1560  393    b        jdk.internal.org.objectweb.asm.SymbolTable::getConstantPoolCount (5 bytes)
   1561  394    b        java.lang.invoke.MemberName::isConstructor (8 bytes)
   1562  354             jdk.internal.mindex.M3Descriptor::type (188 bytes)   made not entrant
   1562  395   !b        sun.reflect.annotation.AnnotationParser::parseAnnotations (37 bytes)
   1564  382             jdk.internal.mindex.M3MemberFlags::of (59 bytes)   made not entrant
   1564  373             java.lang.reflect.Method::isVarArgs (5 bytes)   made not entrant
   1565  396    b        jdk.internal.mindex.M3Descriptor::type (188 bytes)
   1584  397 %  b        java.util.HashMap::resize @ 151 (356 bytes)
   1613  398    b        java.lang.Class::getComponentType (14 bytes)
   1614  355             java.lang.reflect.Executable::isVarArgs (17 bytes)   made not entrant
   1614  399    b        jdk.internal.mindex.M3MemberFlags::of (59 bytes)
   1617  400    b        java.lang.Module::getName (5 bytes)
   1618  401    b        java.lang.Class::getInterfaces (49 bytes)
   1624  399             jdk.internal.mindex.M3MemberFlags::of (59 bytes)   made not entrant
   1624  402    b        java.lang.reflect.Method::isVarArgs (5 bytes)
   1624  384             java.lang.reflect.Method::isDefault (28 bytes)   made not entrant
   1625  403    b        java.util.stream.MatchOps$BooleanTerminalSink::cancellationRequested (5 bytes)
   1626  404    b        java.lang.System$2::getConstantPool (5 bytes)
   1627  405   !b        java.lang.reflect.Field::declaredAnnotations (82 bytes)
   1636  406    b        jdk.internal.mindex.M3CI::rowOf (28 bytes)
   1640  407    b        java.lang.Boolean::booleanValue (5 bytes)
   1642  408    b        java.lang.Class::isLocalOrAnonymousClass (5 bytes)
   1643  409    b        java.lang.Class::hasEnclosingMethodInfo (17 bytes)
   1644  410    b        java.lang.Class::getReflectionFactory (28 bytes)
   1645  411    b        jdk.internal.mindex.M3MemberFlags::of (59 bytes)
   1647  364             java.util.concurrent.ConcurrentHashMap::get (162 bytes)   made not entrant
   1648  412    b        java.util.IdentityHashMap::get (60 bytes)
   1651  413    b        java.lang.Class::getInterfaces (6 bytes)
   1652  414    b        java.util.Collections$EmptyIterator::hasNext (2 bytes)
   1654  415    b        java.lang.Integer::numberOfTrailingZeros (80 bytes)
   1655  416    b        java.util.BitSet::wordIndex (5 bytes)
   1655  417    b        java.util.BitSet::checkInvariants (111 bytes)
   1656  418    b        java.lang.Long::numberOfTrailingZeros (26 bytes)
   1656  419    b        java.util.ArrayDeque::inc (12 bytes)
   1656  420    b        java.lang.Integer::valueOf (32 bytes)
   1658  421    b        java.util.ArrayDeque::isEmpty (17 bytes)
   1658  422    b        java.util.ArrayDeque::elementAt (4 bytes)
   1659  423    b        java.util.ArrayDeque::addLast (51 bytes)
   1661  424    b        java.util.BitSet::nextSetBit (102 bytes)
   1663  425    b        java.util.ArrayDeque::dec (13 bytes)
   1664  426    b        java.util.ArrayDeque::removeLast (19 bytes)
   1665  427    b        java.util.ArrayDeque::pollLast (36 bytes)
   1667  428    b        java.util.BitSet::get (69 bytes)
   1668  429    b        java.util.BitSet::set (58 bytes)
   1672  430    b        java.util.BitSet::expandTo (23 bytes)
   1674  431    b        java.lang.Math::addExact (26 bytes)
   1675  432   !b        java.lang.invoke.MemberName::clone (14 bytes)
   1676  433     n       java.lang.invoke.MethodHandle::linkToStatic(LL)I (native)   (static)
   1676  309             jdk.internal.org.objectweb.asm.MethodWriter::visitLabel (330 bytes)   made not entrant
   1676  311             jdk.internal.org.objectweb.asm.MethodWriter::visitMethodInsn (191 bytes)   made not entrant
   1676  295             jdk.internal.org.objectweb.asm.MethodWriter::visitInsn (115 bytes)   made not entrant
   1677  434    b        java.lang.invoke.LambdaForm::forceInterpretation (14 bytes)
   1677  435    b        jdk.internal.org.objectweb.asm.AnnotationWriter::putAnnotations (67 bytes)
   1680  436    b        java.lang.invoke.LambdaForm::uncustomize (57 bytes)
   1681  437    b        java.util.concurrent.ConcurrentHashMap::get (162 bytes)
   1686  438   !b        java.lang.invoke.MemberName::getMethodType (211 bytes)
   1694  224             java.lang.Integer::compare (20 bytes)   made not entrant
   1694  221             java.util.Comparator::lambda$thenComparing$36697e65$1 (29 bytes)   made not entrant
   1694  222             java.util.Comparator$$Lambda/0x00007fce74049428::compare (10 bytes)   made not entrant
   1694  223             java.util.Comparator::lambda$comparingInt$7b0bb60$1 (18 bytes)   made not entrant
   1694  439    b        jdk.internal.mindex.M3CI::lambda$freeze$5 (5 bytes)
   1694  440    b        jdk.internal.mindex.M3CI::lambda$freeze$6 (5 bytes)
   1695  441    b        java.util.Comparator$$Lambda/0x00007fce74049bc0::compare (16 bytes)
   1710  442    b        jdk.internal.mindex.M3CI$$Lambda/0x00007fce74057850::applyAsInt (8 bytes)
   1711  443    b        jdk.internal.mindex.M3CI$$Lambda/0x00007fce74057a78::applyAsInt (8 bytes)
   1712  444    b        jdk.internal.mindex.M3MemberKind::code (5 bytes)
   1712  445    b        jdk.internal.mindex.M3CI::lambda$freeze$8 (5 bytes)
   1713  446    b        jdk.internal.mindex.M3CI$$Lambda/0x00007fce74057ca0::applyAsInt (8 bytes)
   1714  447    b        jdk.internal.mindex.M3CI::lambda$freeze$7 (8 bytes)
   1714  448    b        jdk.internal.mindex.M3CI$$Lambda/0x00007fce74057ec8::applyAsInt (8 bytes)
   1715  449 %  b        java.util.TimSort::binarySort @ 69 (223 bytes)
   1727  450    b        java.util.TimSort::binarySort (223 bytes)
   1739  451    b        jdk.internal.mindex.M3CI::hash (38 bytes)
   1740  452    b        java.util.ArrayList::get (15 bytes)
   1742  453    b        java.util.Objects::checkIndex (7 bytes)
   1742  454    b        java.util.ArrayList::elementData (7 bytes)
   1743  455    b        jdk.internal.mindex.M3CI::memberHash (139 bytes)
   1754  456    b        java.util.TreeMap::parentOf (13 bytes)
   1755  457    b        java.lang.Integer::compare (20 bytes)
   1755  458    b        java.lang.invoke.Invokers$Holder::linkToTargetMethod (8 bytes)
   1756  459    b        java.lang.invoke.LambdaForm$MH/0x00007fce74000400::invoke (8 bytes)
   1757  460    b        java.lang.Integer::compareTo (9 bytes)
   1758  461    b        java.lang.Integer::compareTo (12 bytes)
   1758  462    b        java.util.TreeMap::setColor (10 bytes)
   1759  463    b        java.util.TreeMap::leftOf (13 bytes)
   1760  464    b        java.util.TreeMap$Entry::getKey (5 bytes)
   1760  465    b        java.util.TreeMap$Entry::getValue (5 bytes)
   1761  466    b        java.lang.Byte::toUnsignedInt (6 bytes)
   1763  467    b        sun.invoke.util.VerifyAccess::isSamePackage (37 bytes)
   1765  468     n       java.lang.invoke.MethodHandle::linkToVirtual(LIL)L (native)   (static)
   1766  264   !         java.util.concurrent.ConcurrentHashMap::putVal (432 bytes)   made not entrant
   1767  469    b        java.lang.invoke.MemberName::getMethodOrFieldType (72 bytes)
   1769  450             java.util.TimSort::binarySort (223 bytes)   made not entrant
   1769  470    b        java.util.Comparator$$Lambda/0x00007fce74049918::compare (10 bytes)
   1776  471    b        java.util.Comparator::lambda$comparing$77a9974f$1 (23 bytes)
   1782  472    b        java.lang.String::compareTo (9 bytes)
   1785  473    b        java.lang.String::compareTo (137 bytes)
   1787  474    b        java.lang.StringLatin1::compareTo (14 bytes)
   1791  475    b        java.lang.StringLatin1::compareTo (41 bytes)
   1796  476    b        jdk.internal.util.ArraysSupport::mismatch (73 bytes)
   1799  477    b        java.util.TimSort::binarySort (223 bytes)
   1811  449 %           java.util.TimSort::binarySort @ 69 (223 bytes)   made not entrant
   1811  477             java.util.TimSort::binarySort (223 bytes)   made not entrant
   1812  478 %  b        java.util.TimSort::binarySort @ 69 (223 bytes)
   1828  479    b        java.util.TimSort::binarySort (223 bytes)
   1842  479             java.util.TimSort::binarySort (223 bytes)   made not entrant
   1843  480    b        java.util.TimSort::binarySort (223 bytes)
   1863  481    b        java.lang.CharacterDataLatin1::toLowerCase (44 bytes)
   1864  482    b        sun.util.locale.BaseLocale::getLanguage (5 bytes)
   1867  483    b        java.lang.String::toString (2 bytes)
   1868  484    b        java.lang.reflect.Modifier::isPublic (12 bytes)
   1869  485    b        java.lang.reflect.Modifier::isProtected (12 bytes)
   1869  486    b        java.lang.invoke.MemberName::getModifiers (8 bytes)
   1870  487    b        java.lang.invoke.MethodHandle::<init> (37 bytes)
   1874  488    b        java.lang.invoke.LambdaForm::prepare (108 bytes)
   1876  489 %  b        java.util.Properties$LineReader::readLine @ 224 (584 bytes)
   1901  490    b        java.util.Properties$LineReader::readLine (584 bytes)
   1926  490             java.util.Properties$LineReader::readLine (584 bytes)   made not entrant
   1926  491    b        java.util.Properties$LineReader::readLine (584 bytes)
   1937  491             java.util.Properties$LineReader::readLine (584 bytes)   made not entrant
   1937  492    b        java.util.Properties$LineReader::readLine (584 bytes)
   1961  492             java.util.Properties$LineReader::readLine (584 bytes)   made not entrant
   1961  493    b        java.util.Properties$LineReader::readLine (584 bytes)
   1976  494 %  b        java.util.Properties::loadConvert @ 8 (540 bytes)
   1990  495    b        java.util.Properties::loadConvert (540 bytes)
   2001  496 %  b        java.lang.StringUTF16::compress @ 3 (50 bytes)
   2008  497    b        java.lang.StringUTF16::compress (50 bytes)
   2015  493             java.util.Properties$LineReader::readLine (584 bytes)   made not entrant
   2015  498    b        java.util.Properties$LineReader::readLine (584 bytes)
   2033  489 %           java.util.Properties$LineReader::readLine @ 224 (584 bytes)   made not entrant
   2035  499    b        java.util.concurrent.ConcurrentHashMap$MapEntry::getKey (5 bytes)
   2035  500    b        java.util.concurrent.ConcurrentHashMap$MapEntry::getValue (5 bytes)
   2040  391             java.lang.String::replace (44 bytes)   made not entrant
   2042  501    b        java.io.File::getPath (5 bytes)
   2044  502    b        java.util.LinkedHashMap::linkNodeAtEnd (76 bytes)
   2054  503    b        java.lang.Enum::name (5 bytes)
   2064  504   !b        java.util.concurrent.ConcurrentHashMap::putVal (432 bytes)
   2092  505    b        java.lang.CharacterDataLatin1::toUpperCaseEx (71 bytes)
   2094  506    b        sun.security.util.KnownOIDs::registerNames (2 bytes)
   2095  507    b        java.util.concurrent.ConcurrentHashMap::put (8 bytes)
   2096  508 % !b        java.util.concurrent.ConcurrentHashMap::transfer @ 96 (849 bytes)
   2125  509   !b        java.util.concurrent.ConcurrentHashMap::transfer (849 bytes)
   2159  510 %  b        java.lang.StringLatin1::toUpperCase @ 117 (186 bytes)
   2178  511    b        java.lang.StringLatin1::toUpperCase (186 bytes)
   2198  512    b        java.lang.String::toUpperCase (28 bytes)
   2200  513    b        java.util.Objects::nonNull (10 bytes)
   2201  514    b        sun.security.util.KnownOIDs::register (349 bytes)
   2211  514             sun.security.util.KnownOIDs::register (349 bytes)   made not entrant
   2212  515    b        java.util.HashMap$HashIterator::nextNode (100 bytes)
   2219  516    b        sun.security.util.KnownOIDs::value (5 bytes)
   2220  517    b        java.util.Arrays::copyOf (40 bytes)
   2227  518    b        java.util.HashMap$EntryIterator::next (5 bytes)
   2227  519    b        java.util.HashMap$EntryIterator::next (5 bytes)
   2228  520    b        java.security.Provider$UString::toString (5 bytes)
   2228  521    b        java.security.Provider$Service::getType (5 bytes)
   2229  522    b        java.security.Provider$Service::getAlgorithm (5 bytes)
   2229  523    b        java.security.Provider$Service::getAliases (5 bytes)
   2229  524    b        java.util.Collections::emptySet (4 bytes)
   2230  525  s b        java.util.Properties::put (10 bytes)
   2231  526    b        java.security.Provider$Service::getProvider (5 bytes)
   2232  527    b        java.security.Provider$Service::getClassName (5 bytes)
   2232  528    b        java.util.LinkedHashMap$LinkedHashIterator::hasNext (13 bytes)
   2238  195             java.lang.invoke.MethodType::makeImpl (109 bytes)   made not entrant
   2239  529     n       java.lang.invoke.MethodHandle::linkToStatic(LLIL)I (native)   (static)
   2239  530    b        java.lang.Integer::rotateRight (9 bytes)
   2239  531    b        jdk.internal.util.Preconditions::checkFromIndexSize (25 bytes)
   2240  532    b        java.security.MessageDigest::update (11 bytes)
   2245  533    b        java.security.MessageDigest$Delegate::engineUpdate (9 bytes)
   2250  534    b        sun.security.provider.DigestBase::engineUpdate (32 bytes)
   2255  535    b        sun.security.provider.DigestBase::engineUpdate (176 bytes)
   2259  536 % !b        jdk.internal.mindex.M3CI::fingerprint @ 63 (449 bytes)
   2270  537   !b        jdk.internal.mindex.M3CI::fingerprint (449 bytes)
   2283  538    b        sun.security.provider.SHA2::implCompressCheck (18 bytes)
   2285  536 % !         jdk.internal.mindex.M3CI::fingerprint @ 63 (449 bytes)   made not entrant
   2285  539 %  b        jdk.internal.mindex.M3CI::update @ 8 (64 bytes)
   2288  540    b        jdk.internal.mindex.M3CI::update (64 bytes)
   2290  535             sun.security.provider.DigestBase::engineUpdate (176 bytes)   made not entrant
   2291  541    b        jdk.internal.misc.Unsafe::pickPos (14 bytes)
   2291  542    b        jdk.internal.misc.Unsafe::getIntUnaligned (83 bytes)
   2294  543    b        jdk.internal.misc.Unsafe::getIntUnaligned (12 bytes)
   2295  544    b        jdk.internal.misc.Unsafe::convEndian (16 bytes)
   2296  545    b        java.lang.Integer::reverseBytes (28 bytes)
   2296  546    b        java.lang.invoke.VarHandleGuards::guard_LI_I (78 bytes)
   2296  547     n       java.lang.invoke.MethodHandle::invokeBasic(LLI)I (native)   
   2300  548    b        java.lang.invoke.VarHandle::checkAccessModeThenIsDirect (29 bytes)
   2301  549    b        java.lang.invoke.VarHandle::accessModeType (41 bytes)
   2302  550    b        java.lang.invoke.VarForm::getMemberName (31 bytes)
   2303  551    b        java.lang.invoke.VarHandleByteArrayAsInts$ArrayHandle::get (36 bytes)
   2304  552    b        java.lang.invoke.VarHandleByteArrayAsInts$ArrayHandle::index (12 bytes)
   2305  553 %  b        jdk.internal.mindex.M3CI::update @ 24 (53 bytes)
   2309  554    b        jdk.internal.mindex.M3CI::update (53 bytes)
   2311  553 %           jdk.internal.mindex.M3CI::update @ 24 (53 bytes)   made not entrant
   2311  548             java.lang.invoke.VarHandle::checkAccessModeThenIsDirect (29 bytes)   made not entrant
   2312  550             java.lang.invoke.VarForm::getMemberName (31 bytes)   made not entrant
   2312  555     n       java.lang.invoke.MethodHandle::linkToStatic(LLIIL)V (native)   (static)
   2315  556     n       java.lang.invoke.MethodHandle::linkToSpecial(LILL)L (native)   (static)
   2316  557     n       java.lang.invoke.MethodHandle::linkToSpecial(LLIL)V (native)   (static)
   2316  558    b        jdk.internal.org.objectweb.asm.SymbolTable::addTypeInternal (85 bytes)
   2325  559     n       java.lang.invoke.MethodHandle::invokeBasic(LI)L (native)   
   2325  560     n       java.lang.invoke.MethodHandle::linkToSpecial(LLIL)L (native)   (static)
   2325  561    b        java.lang.invoke.MemberName::flagsMods (45 bytes)
   2325  562    b        java.lang.invoke.MemberName::init (53 bytes)
   2329  563    b        java.util.Optional::<init> (10 bytes)
   2331  564    b        java.lang.invoke.MethodHandles$Lookup::lookupClassOrNull (17 bytes)
   2332  565    b        java.lang.invoke.MethodTypeForm::canonicalizeAll (63 bytes)
   2339  566    b        java.lang.Character::compare (4 bytes)
   2339  567    b        java.util.Optional::ofNullable (19 bytes)
   2340  568    b        java.util.Optional::empty (6 bytes)
   2341  569    b        java.util.Optional::isEmpty (13 bytes)
   2341  570    b        java.lang.invoke.DirectMethodHandle::allocateInstance (16 bytes)
   2343  571    b        java.lang.invoke.DirectMethodHandle::constructorMethod (10 bytes)
   2344  467             sun.invoke.util.VerifyAccess::isSamePackage (37 bytes)   made not entrant
   2344  208             sun.invoke.util.VerifyAccess::isTypeVisible (118 bytes)   made not entrant
   2344  572    b        java.lang.invoke.MemberName::isStatic (8 bytes)
   2345  573     n       java.lang.invoke.MethodHandle::linkToStatic(LLL)V (native)   (static)
   2345  574    b        jdk.internal.org.objectweb.asm.Attribute::computeAttributesSize (62 bytes)
   2346  575    b        jdk.internal.org.objectweb.asm.AnnotationWriter::computeAnnotationsSize (66 bytes)
   2347  576    b        jdk.internal.org.objectweb.asm.Attribute::putAttributes (78 bytes)
   2348  237             java.util.Objects::requireNonNull (15 bytes)   made not entrant
   2349  577    b        jdk.internal.loader.BuiltinClassLoader$LoadedModule::loader (5 bytes)
   2350  578    b        jdk.internal.mindex.M3CI::compareText (66 bytes)
   2358  579    b        java.lang.invoke.MethodHandleNatives::isPullModeBSM (2 bytes)
   2359  580    b        java.lang.invoke.DirectMethodHandle::isCrackable (5 bytes)
   2360  581   !b        java.lang.invoke.MemberName$Factory::resolve (159 bytes)
   2401  582    b        sun.invoke.util.Wrapper::forBasicType (103 bytes)
   2403  583    b        sun.invoke.util.BytecodeDescriptor::unparseSig (49 bytes)
   2432  584    b        java.lang.invoke.MemberName::getName (25 bytes)
   2433  585    b        java.lang.ref.Reference::<init> (7 bytes)
   2435  586    b        java.lang.ref.WeakReference::<init> (7 bytes)
   2438  583             sun.invoke.util.BytecodeDescriptor::unparseSig (49 bytes)   made not entrant
   2438  274             jdk.internal.org.objectweb.asm.Type::getArgumentsAndReturnSizes (140 bytes)   made not entrant
   2438  308             jdk.internal.org.objectweb.asm.Frame::getAbstractTypeFromDescriptor (415 bytes)   made not entrant
   2438  310             jdk.internal.org.objectweb.asm.Frame::push (59 bytes)   made not entrant
   2438  272             jdk.internal.org.objectweb.asm.MethodWriter::visitVarInsn (302 bytes)   made not entrant
   2438  582             sun.invoke.util.Wrapper::forBasicType (103 bytes)   made not entrant
   2438  587    b        jdk.internal.org.objectweb.asm.Frame::accept (264 bytes)
   2461  588    b        sun.invoke.util.VerifyAccess::isClassAccessible (230 bytes)
   2466  589    b        java.lang.invoke.MethodHandleNatives::refKindIsField (32 bytes)
   2466  590    b        java.lang.invoke.MethodType::makeImpl (109 bytes)
   2604  590             java.lang.invoke.MethodType::makeImpl (109 bytes)   made not entrant
   2606  591    b        java.lang.invoke.MethodType::parameterSlotCount (8 bytes)
   2606  592     n       java.lang.invoke.MethodHandle::linkToStatic(LIL)L (native)   (static)
   2607  593    b        jdk.internal.org.objectweb.asm.ByteVector::putByte (39 bytes)
   2609  594    b        jdk.internal.org.objectweb.asm.ByteVector::enlarge (73 bytes)
   2613  517             java.util.Arrays::copyOf (40 bytes)   made not entrant
   2613  595     n       java.lang.invoke.MethodHandle::linkToStatic(LLLLLL)L (native)   (static)
   2614  596     n       java.lang.invoke.MethodHandle::invokeBasic(LLLLL)L (native)   
   2614  597    b        jdk.internal.org.objectweb.asm.Type::getReturnTypeOffset (64 bytes)
   2625  598     n       java.lang.invoke.MethodHandle::linkToStatic(LILL)V (native)   (static)
   2625  599    b        java.lang.invoke.LambdaForm::internArgument (85 bytes)
   2627  600    b        java.lang.invoke.LambdaForm::parameter (38 bytes)
   2628  601    b        jdk.internal.org.objectweb.asm.MethodWriter::visitTypeInsn (116 bytes)
   2633  602     n       java.lang.invoke.MethodHandle::invokeBasic(LIL)V (native)   
   2633  603     n       java.lang.invoke.MethodHandle::linkToSpecial(LLILL)V (native)   (static)
   2633  604    b        java.lang.invoke.LambdaForm::parameterType (9 bytes)
   2634  605    b        jdk.internal.org.objectweb.asm.ByteVector::put11 (52 bytes)
   2636  606    b        java.lang.invoke.LambdaForm$Name::<init> (66 bytes)
   2640  607     n       java.lang.invoke.MethodHandle::invokeBasic(L)I (native)   
   2640  608     n       java.lang.invoke.MethodHandle::invokeBasic(I)L (native)   
   2640  609     n       java.lang.invoke.MethodHandle::linkToSpecial(LIL)L (native)   (static)
   2640  610    b        java.lang.invoke.LambdaForm$NamedFunction::methodType (28 bytes)
   2642  611     n       java.lang.invoke.MethodHandle::invokeBasic(LLL)L (native)   
   2642  612    b        java.lang.invoke.MethodType::toMethodDescriptorString (28 bytes)
   2730  605             jdk.internal.org.objectweb.asm.ByteVector::put11 (52 bytes)   made not entrant
   2731  613    b        java.lang.invoke.MethodType::basicType (8 bytes)
   2732  614     n       java.lang.invoke.MethodHandle::invokeBasic(LLLLLLL)L (native)   
   2732  210             java.lang.invoke.MethodType::methodType (69 bytes)   made not entrant
   2732  615    b        java.lang.invoke.MethodType$ConcurrentWeakInternSet::add (66 bytes)
   2741  616    b        java.lang.invoke.MethodType$ConcurrentWeakInternSet$WeakEntry::<init> (15 bytes)
   2747  617     n       java.lang.invoke.MethodHandle::linkToSpecial(LLLLLLLLL)L (native)   (static)
   2747  618    b        java.util.Arrays::copyOf (40 bytes)
   2753  594             jdk.internal.org.objectweb.asm.ByteVector::enlarge (73 bytes)   made not entrant
   2753  619    b        sun.invoke.util.VerifyType::isNullConversion (157 bytes)
   2755  620    b        java.lang.invoke.MethodType::insertParameterTypes (121 bytes)
   2916  621    b        jdk.internal.org.objectweb.asm.Frame::<init> (10 bytes)
   2919  622    b        java.util.ImmutableCollections$ListN::get (7 bytes)
   2920  623    b        java.lang.invoke.LambdaForm$Name::useCount (51 bytes)
   2923  624    b        java.lang.invoke.MemberName::getInvocationType (56 bytes)
   3084  625    b        jdk.internal.org.objectweb.asm.MethodVisitor::<init> (78 bytes)
   3088  626    b        java.util.ArrayList::grow (60 bytes)
   3095  627    b        jdk.internal.org.objectweb.asm.MethodWriter::visitVarInsn (302 bytes)
   3103  628    b        java.lang.invoke.InvokerBytecodeGenerator::emitImplicitConversion (161 bytes)
   3111  629    b        java.lang.invoke.MemberName::<init> (50 bytes)
   3117  630    b        java.lang.invoke.MemberName$Factory::resolveOrFail (79 bytes)
   3118  631     n       java.lang.invoke.MethodHandle::linkToStatic(LLLLLLLL)L (native)   (static)
   3119  632    b        java.lang.invoke.LambdaForm$NamedFunction::returnType (11 bytes)
   3122  633 %  b        java.lang.invoke.LambdaForm$Name::replaceNames @ 84 (175 bytes)
   3152  634    b        java.lang.invoke.LambdaForm$Name::replaceNames (175 bytes)
   3174  635    b        java.lang.invoke.LambdaForm$Name::isParam (13 bytes)
   3174  636    b        java.util.ArrayList::<init> (12 bytes)
   3176  637    b        java.lang.invoke.LambdaForm$BasicType::basicTypeSlots (8 bytes)
   3176  638    b        sun.invoke.util.Wrapper::stackSlots (9 bytes)
   3177  639    b        java.lang.invoke.InvokerBytecodeGenerator::emitPushArgument (150 bytes)
   3184  640    b        jdk.internal.org.objectweb.asm.Frame::getAbstractTypeFromDescriptor (415 bytes)
   3190  641    b        jdk.internal.org.objectweb.asm.Frame::setLocal (65 bytes)
   3198  642     n       java.lang.invoke.MethodHandle::linkToStatic(LLLLLLLLL)L (native)   (static)
   3198  643    b        java.util.ImmutableCollections$ListN::size (6 bytes)
   3199  644     n       java.lang.invoke.MethodHandle::invokeBasic(LLLLLLLL)L (native)   
   3199  645    b        jdk.internal.org.objectweb.asm.Type::<init> (26 bytes)
   3201  646    b        jdk.internal.org.objectweb.asm.Type::getTypeInternal (218 bytes)
   3204  647    b        java.util.ImmutableCollections$SetN::iterator (9 bytes)
   3205  648    b        java.util.ImmutableCollections$SetN$SetNIterator::<init> (36 bytes)
   3208  649     n       java.lang.invoke.MethodHandle::linkToStatic(LLLLLLLLLL)L (native)   (static)
   3208  650    b        java.lang.invoke.LambdaForm$BasicType::basicTypeChar (5 bytes)
   3209  651     n       java.lang.invoke.MethodHandle::invokeBasic(LLLLLLLLL)L (native)   
   3209  652   !b        java.lang.invoke.MemberName::getFieldType (176 bytes)
   3210  653    b        jdk.internal.org.objectweb.asm.MethodWriter::visitFieldInsn (258 bytes)
   3216  654    b        jdk.internal.org.objectweb.asm.SymbolTable::addConstantFieldref (10 bytes)
   3217  655    b        java.lang.invoke.InvokerBytecodeGenerator::getInternalName (103 bytes)
   3221  185             java.lang.invoke.LambdaForm::argument (27 bytes)   made not entrant
   3221  656     n       java.lang.invoke.MethodHandle::invokeBasic(LLLLLLLLLLLL)L (native)   
   3221  657     n       java.lang.invoke.MethodHandle::linkToSpecial(LLLLLLLLLLLLLL)L (native)   (static)
   3221  262             jdk.internal.org.objectweb.asm.Frame::push (109 bytes)   made not entrant
   3222  658    b        jdk.internal.org.objectweb.asm.Type::getDescriptor (93 bytes)
   3226  659     n       java.lang.invoke.MethodHandle::invokeBasic(LLLLLLLLLLLLL)L (native)   
   3226  660     n       java.lang.invoke.MethodHandle::linkToSpecial(LLLLLLLLLLLLLLL)L (native)   (static)
   3226  661    b        jdk.internal.org.objectweb.asm.MethodWriter::visitMethodInsn (191 bytes)
   3266  662    b        jdk.internal.org.objectweb.asm.Frame::push (59 bytes)
   3279  663    b        java.lang.invoke.MethodHandleImpl$IntrinsicMethodHandle::getTarget (5 bytes)
   3280  634             java.lang.invoke.LambdaForm$Name::replaceNames (175 bytes)   made not entrant
   3280  664    b        java.lang.invoke.LambdaForm$Name::replaceNames (175 bytes)
   3303  665    b        jdk.internal.org.objectweb.asm.Type::getArgumentsAndReturnSizes (140 bytes)
   3318  666 %  b        java.lang.invoke.LambdaForm::useCount @ 31 (61 bytes)
   3325  667    b        java.lang.invoke.LambdaForm::useCount (61 bytes)
   3333  668    b        java.lang.invoke.MethodHandleImpl$IntrinsicMethodHandle::intrinsicName (5 bytes)
   3333  669    b        java.lang.invoke.MemberName::isMethod (8 bytes)
   3334  670    b        java.lang.invoke.InvokerBytecodeGenerator::emitPushArguments (45 bytes)
   3342  671    b        jdk.internal.org.objectweb.asm.Frame::push (109 bytes)
   3350  672     n       java.lang.invoke.MethodHandle::linkToSpecial(LLLLLLL)L (native)   (static)
   3350  202             java.lang.invoke.LambdaForm$BasicType::basicType (8 bytes)   made not entrant
   3351  200             java.lang.invoke.LambdaForm$BasicType::basicType (187 bytes)   made not entrant
   3351  673    b        java.lang.Class::cast (27 bytes)
   3353  674     n       java.lang.invoke.MethodHandle::linkToStatic(LLIL)L (native)   (static)
   3353  620             java.lang.invoke.MethodType::insertParameterTypes (121 bytes)   made not entrant
   3353  675     n       java.lang.invoke.MethodHandle::invokeBasic(LLI)L (native)   
   3353  676    b        java.lang.invoke.InvokerBytecodeGenerator::setClassWriter (6 bytes)
   3356  677    b        java.lang.Class::getClassData (5 bytes)
   3356  678    b        sun.invoke.util.Wrapper::forPrimitiveType (122 bytes)
   3360  679     n       java.lang.invoke.MethodHandle::linkToVirtual(LLL)I (native)   (static)
   3361  680     n       java.lang.invoke.MethodHandle::linkToVirtual(LL)I (native)   (static)
   3361  681     n       java.lang.invoke.MethodHandle::linkToVirtual(LL)L (native)   (static)
   3361  682    b        java.lang.String::startsWith (123 bytes)
   3372  683     n       java.lang.invoke.MethodHandle::linkToStatic(IIL)I (native)   (static)
   3372  684    b        java.lang.invoke.MethodTypeForm::cachedLambdaForm (23 bytes)
   3375  685     n       java.lang.invoke.MethodHandle::linkToStatic(JJL)I (native)   (static)
   3375  686    b        jdk.internal.org.objectweb.asm.MethodWriter::visitInsn (115 bytes)
   3386  646             jdk.internal.org.objectweb.asm.Type::getTypeInternal (218 bytes)   made not entrant
   3386  587             jdk.internal.org.objectweb.asm.Frame::accept (264 bytes)   made not entrant
   3388  687     n       java.lang.invoke.MethodHandle::linkToStatic(FFL)I (native)   (static)
   3388  612             java.lang.invoke.MethodType::toMethodDescriptorString (28 bytes)   made not entrant
   3388  688    b        jdk.internal.org.objectweb.asm.ClassWriter::visitMethod (57 bytes)
   3420  689    b        jdk.internal.org.objectweb.asm.MethodWriter::<init> (232 bytes)
   3448  690    b        jdk.internal.org.objectweb.asm.MethodVisitor::<init> (7 bytes)
   3450  639             java.lang.invoke.InvokerBytecodeGenerator::emitPushArgument (150 bytes)   made not entrant
   3450  691    b        jdk.internal.org.objectweb.asm.MethodWriter::visitMaxs (60 bytes)
   3452  692    b        jdk.internal.org.objectweb.asm.MethodWriter::visitEnd (1 bytes)
   3452  693    b        jdk.internal.org.objectweb.asm.MethodWriter::computeMethodInfoSize (571 bytes)
   3462  694    b        jdk.internal.org.objectweb.asm.MethodWriter::hasFrames (13 bytes)
   3463  695    b        jdk.internal.org.objectweb.asm.MethodWriter::putMethodInfo (1274 bytes)
   3508  696    b        jdk.internal.org.objectweb.asm.Handler::putExceptionTable (63 bytes)
   3517  697    b        java.lang.invoke.InvokerBytecodeGenerator::emitLoadInsn (21 bytes)
   3520  698    b        java.lang.invoke.InvokerBytecodeGenerator::loadInsnOpcode (98 bytes)
   3522  699    b        sun.invoke.util.Wrapper::primitiveType (5 bytes)
   3522  700     n       java.lang.invoke.MethodHandle::linkToStatic(DDL)I (native)   (static)
   3522  665             jdk.internal.org.objectweb.asm.Type::getArgumentsAndReturnSizes (140 bytes)   made not entrant
   3522  697             java.lang.invoke.InvokerBytecodeGenerator::emitLoadInsn (21 bytes)   made not entrant
   3522  627             jdk.internal.org.objectweb.asm.MethodWriter::visitVarInsn (302 bytes)   made not entrant
   3522  698             java.lang.invoke.InvokerBytecodeGenerator::loadInsnOpcode (98 bytes)   made not entrant
   3524  701     n       java.lang.invoke.MethodHandle::linkToStatic(IL)I (native)   (static)
   3524  702    b        java.lang.invoke.DirectMethodHandle::<init> (148 bytes)
   3526  703    b        java.lang.invoke.MethodHandles$Lookup::isClassAccessible (53 bytes)
   3533  704     n       java.lang.invoke.MethodHandle::linkToStatic(JL)I (native)   (static)
   3534  705    b        java.lang.invoke.MethodType::makeImpl (109 bytes)
   3898  706     n       java.lang.invoke.MethodHandle::linkToStatic(FL)I (native)   (static)
   3898  707    b        sun.invoke.util.VerifyAccess::isSamePackage (37 bytes)
   3901  708     n       java.lang.invoke.MethodHandle::linkToStatic(DL)I (native)   (static)
   3903  709    b        java.lang.invoke.MethodHandles$Lookup::checkSymbolicClass (25 bytes)
   3911  710     n       java.lang.invoke.MethodHandle::linkToStatic(JL)L (native)   (static)
   3911  711     n       java.lang.invoke.MethodHandle::linkToStatic(FL)L (native)   (static)
   3912  712 %  b        java.lang.invoke.LambdaForm::normalizeNames @ 10 (270 bytes)
   3943  713    b        java.lang.invoke.LambdaForm::normalizeNames (270 bytes)
   3978  714    b        java.lang.invoke.MethodHandles$Lookup::checkAccess (200 bytes)
   3982  715     n       java.lang.invoke.MethodHandle::linkToStatic(DL)L (native)   (static)
   3982  716    b        java.lang.String::startsWith (7 bytes)
   3983  717    b        java.lang.invoke.MemberName::isCallerSensitive (8 bytes)
   3984  718    b        java.lang.String::replace (44 bytes)
   3987  719    b        java.lang.invoke.LambdaFormBuffer::ownedCount (7 bytes)
   3987  720    b        java.lang.ref.SoftReference::<init> (13 bytes)
   3991  721     n       java.lang.invoke.MethodHandle::invokeBasic(LL)I (native)   
   3991  722     n       java.lang.invoke.MethodHandle::linkToSpecial(LLLL)I (native)   (static)
   3992  723    b        java.lang.invoke.MethodHandleStatics::dumper (4 bytes)
   3993  724    b        java.lang.invoke.InvokerBytecodeGenerator::emitStoreResult (27 bytes)
   4004  725    b        java.lang.invoke.LambdaForm$NamedFunction::intrinsicName (21 bytes)
   4006  726    b        jdk.internal.org.objectweb.asm.ByteVector::enlarge (73 bytes)
   4014  727    b        java.lang.invoke.LambdaForm::argument (27 bytes)
   4016  632             java.lang.invoke.LambdaForm$NamedFunction::returnType (11 bytes)   made not entrant
   4017  728     n       java.lang.invoke.MethodHandle::linkToStatic(ILLL)L (native)   (static)
   4017  729    b        jdk.internal.org.objectweb.asm.MethodWriter::visitFrameStart (55 bytes)
   4022  730    b        jdk.internal.org.objectweb.asm.MethodWriter::visitFrameEnd (53 bytes)
   4029  731     n       java.lang.invoke.MethodHandle::invokeBasic(ILL)L (native)   
   4029  732     n       java.lang.invoke.MethodHandle::linkToSpecial(LILLL)L (native)   (static)
   4030  733    b        jdk.internal.org.objectweb.asm.MethodWriter::computeAllFrames (510 bytes)
   4170  734    b        jdk.internal.org.objectweb.asm.Frame::setInputFrameFromDescriptor (175 bytes)
   4221  735    b        jdk.internal.org.objectweb.asm.Type::getArgumentTypes (154 bytes)
   4255  736    b        java.lang.invoke.LambdaForm$NamedFunction::member (26 bytes)
   4255  737    b        java.lang.invoke.InvokerBytecodeGenerator::isStaticallyInvocable (165 bytes)
   4261  738    b        java.lang.invoke.MemberName::isPrivate (8 bytes)
   4262  739    b        java.lang.reflect.Modifier::isPrivate (12 bytes)
   4262  740    b        java.lang.invoke.InvokerBytecodeGenerator::emitStaticInvoke (258 bytes)
   4333  741    b        java.lang.invoke.InvokerBytecodeGenerator::refKindOpcode (112 bytes)
   4335  724             java.lang.invoke.InvokerBytecodeGenerator::emitStoreResult (27 bytes)   made not entrant
   4335  628             java.lang.invoke.InvokerBytecodeGenerator::emitImplicitConversion (161 bytes)   made not entrant
   4335  619             sun.invoke.util.VerifyType::isNullConversion (157 bytes)   made not entrant
   4335  640             jdk.internal.org.objectweb.asm.Frame::getAbstractTypeFromDescriptor (415 bytes)   made not entrant
   4335  369             jdk.internal.org.objectweb.asm.Frame::merge (395 bytes)   made not entrant
   4336  664             java.lang.invoke.LambdaForm$Name::replaceNames (175 bytes)   made not entrant
   4336  742    b        jdk.internal.org.objectweb.asm.MethodWriter::visitLabel (330 bytes)
   4362  743    b        sun.invoke.util.BytecodeDescriptor::unparse (24 bytes)
   4382  744    b        java.lang.invoke.MethodType::genericMethodType (95 bytes)
   4390  745    b        sun.invoke.util.VerifyType::isNullConversion (157 bytes)
   4397  746    b        jdk.internal.org.objectweb.asm.MethodWriter::visitVarInsn (302 bytes)
   4405  150             jdk.internal.org.objectweb.asm.ByteVector::putShort (52 bytes)   made not entrant
   4407  747    b        java.lang.invoke.DirectMethodHandle::internalMemberName (8 bytes)
   4408  748     n       java.lang.invoke.MethodHandle::linkToStatic(LLLL)V (native)   (static)
   4408  749    b        java.lang.StringBuilder::append (8 bytes)
   4413  750    b        java.lang.AbstractStringBuilder::append (55 bytes)
   4417  751    b        java.lang.Integer::stringSize (47 bytes)
   4418  752    b        java.lang.Integer::getChars (121 bytes)
   4420  753    b        jdk.internal.org.objectweb.asm.ByteVector::put11 (52 bytes)
   4423  754     n       java.lang.invoke.MethodHandle::linkToSpecial(LLLLL)V (native)   (static)
   4423  755    b        java.util.Objects::requireNonNull (15 bytes)
   4424  756     n       java.lang.invoke.MethodHandle::linkToSpecial(LLLLL)L (native)   (static)
   4431  757    b        java.lang.invoke.MethodType::methodType (69 bytes)
   4437  758    b        java.lang.Class::forName (24 bytes)
   4438  759    b        java.lang.Class::forName (41 bytes)
   4439  760    b        jdk.internal.org.objectweb.asm.ByteVector::putShort (52 bytes)
   4441  761     n       java.lang.invoke.MethodHandle::linkToSpecial(LLLLLL)V (native)   (static)
   4445  313             java.lang.invoke.MethodType::equals (56 bytes)   made not entrant
   4445  762    b        java.util.concurrent.locks.AbstractOwnableSynchronizer::setExclusiveOwnerThread (6 bytes)
   4445  615             java.lang.invoke.MethodType$ConcurrentWeakInternSet::add (66 bytes)   made not entrant
   4445  763     n       java.lang.invoke.MethodHandle::linkToStatic(LLLLL)I (native)   (static)
   4445  504   !         java.util.concurrent.ConcurrentHashMap::putVal (432 bytes)   made not entrant
   4445  673             java.lang.Class::cast (27 bytes)   made not entrant
   4446  764     n       java.lang.invoke.MethodHandle::linkToStatic(LLIIL)I (native)   (static)
   4446  767     n       java.lang.invoke.MethodHandle::linkToStatic(LLIL)V (native)   (static)
   4446  766    b        java.lang.invoke.MethodType::insertParameterTypes (121 bytes)
   4456  765    b        java.lang.invoke.MethodType::equals (31 bytes)
   4459  770    b        sun.invoke.util.Wrapper::forBasicType (103 bytes)
   4460  771    b        java.lang.invoke.MethodType::erase (8 bytes)
   4460  768    b        java.util.concurrent.atomic.AtomicInteger::get (5 bytes)
   4460  769    b        java.util.concurrent.locks.AbstractOwnableSynchronizer::getExclusiveOwnerThread (5 bytes)
   4461  772    b        java.util.concurrent.locks.AbstractQueuedSynchronizer::getState (5 bytes)
   4461  773    b        java.util.concurrent.locks.AbstractQueuedSynchronizer::setState (6 bytes)
   4461  774    b        java.util.concurrent.ThreadPoolExecutor::workerCountOf (5 bytes)
   4461  775    b        jdk.internal.mindex.M3Boundary::loaderSpaceCount (5 bytes)
   4462  776    b        java.util.concurrent.ThreadPoolExecutor::isRunning (10 bytes)
   4462  777    b        jdk.internal.mindex.M3Class::row (5 bytes)
   4463  778    b        jdk.internal.mindex.M3CB$DeclaredAttachment::type (5 bytes)
   4463  779    b        java.util.Arrays::checkLength (38 bytes)
   4464  780    b        java.lang.invoke.MethodHandleImpl$CountingWrapper::getTarget (5 bytes)
   4464  781    b        jdk.internal.mindex.M3CI::boundary (5 bytes)
   4465  782    b        java.lang.Class::cast (27 bytes)
   4466  783    b        jdk.internal.mindex.M3CB$DeclaredAttachment::release (5 bytes)
   4466  784    b        jdk.internal.mindex.M3CB$DeclaredAttachment::session (5 bytes)
   4467  785    b        jdk.internal.mindex.M3CB$DeclaredAttachment::epoch (5 bytes)
   4468  786    b        jdk.internal.mindex.M3Class::owner (5 bytes)
   4468  787    b        jdk.internal.mindex.M3CB$DeclaredAttachment::candidateKey (5 bytes)
   4468  788    b        jdk.internal.mindex.M3CB::requireOpen (18 bytes)
   4469  789    b        jdk.internal.misc.Unsafe::weakCompareAndSetInt (11 bytes)
   4469  790    b        java.lang.invoke.VarHandle::checkAccessModeThenIsDirect (29 bytes)
   4473  791    b        java.lang.invoke.VarForm::getMemberName (31 bytes)
   4474  792    b        java.lang.invoke.DirectMethodHandle$Holder::newInvokeSpecial (21 bytes)
   4476  793    b        java.util.concurrent.locks.AbstractQueuedSynchronizer::compareAndSetState (13 bytes)
   4476  794    b        java.util.concurrent.locks.AbstractQueuedSynchronizer::release (19 bytes)
   4481  795    b        java.util.concurrent.locks.AbstractQueuedSynchronizer::signalNext (34 bytes)
   4483  796    b        jdk.internal.mindex.M3Boundary::retained (14 bytes)
   4484  797    b        java.lang.Thread::interrupted (7 bytes)
   4485  798    b        java.lang.Thread::getAndClearInterrupt (19 bytes)
   4485  799    b        jdk.internal.mindex.M3CI::size (6 bytes)
   4486  800    b        java.util.Optional::of (12 bytes)
   4488  801    b        jdk.internal.mindex.M3Boundary::classAt (53 bytes)
   4491  802    b        jdk.internal.misc.Unsafe::getAndAddInt (27 bytes)
   4492  803    b        java.util.concurrent.locks.ReentrantLock$NonfairSync::initialTryLock (58 bytes)
   4494  804    b        java.util.concurrent.locks.ReentrantLock::unlock (10 bytes)
   4500  805    b        java.util.concurrent.ThreadPoolExecutor::runStateAtLeast (11 bytes)
   4500  806    b        java.util.concurrent.locks.ReentrantLock$Sync::isHeldExclusively (16 bytes)
   4501  807    b        java.util.concurrent.locks.AbstractQueuedSynchronizer$ConditionObject::signal (34 bytes)
   4503  808    b        com.m3.cb.CBProbe::check (22 bytes)
   4503  804             java.util.concurrent.locks.ReentrantLock::unlock (10 bytes)   made not entrant
   4503  776             java.util.concurrent.ThreadPoolExecutor::isRunning (10 bytes)   made not entrant
   4505  797             java.lang.Thread::interrupted (7 bytes)   made not entrant
   4505  805             java.util.concurrent.ThreadPoolExecutor::runStateAtLeast (11 bytes)   made not entrant
   4505  798             java.lang.Thread::getAndClearInterrupt (19 bytes)   made not entrant
   4506  809     n       java.lang.invoke.MethodHandle::linkToStatic(LLLLL)V (native)   (static)
   4506  810   !b        java.util.concurrent.ConcurrentHashMap::putVal (432 bytes)
   4535  811    b        java.lang.invoke.MethodType$ConcurrentWeakInternSet::add (66 bytes)
   4539  812    b        java.lang.invoke.MethodHandle::isBuiltinLoader (24 bytes)
   4541  813 %  b        jdk.internal.mindex.M3CI::findText @ 16 (103 bytes)
   4546  814    b        jdk.internal.mindex.M3CI::findText (103 bytes)
   4553  815    b        java.lang.invoke.Invokers$Holder::linkToTargetMethod (9 bytes)
   4554  816    b        java.util.Arrays::binarySearch0 (72 bytes)
   4556  817    b        java.util.ImmutableCollections$ListItr::hasNext (17 bytes)
   4557  818    b        java.util.Optional::map (30 bytes)
   4562  819    b        jdk.internal.mindex.M3CI::fromClass (85 bytes)
   4592  820    b        jdk.internal.mindex.M3Boundary::loaderSpaceOf (49 bytes)
   4595  821    b        jdk.internal.mindex.M3CI::classRow (70 bytes)
   4606  822    b        jdk.internal.mindex.M3CI::classRows (62 bytes)
   4614  823   !b        java.util.ImmutableCollections$ListItr::next (34 bytes)
   4616  824  s b        jdk.internal.mindex.M3CB::isAssignableFrom (198 bytes)
   4629  824  s          jdk.internal.mindex.M3CB::isAssignableFrom (198 bytes)   made not entrant
   4629  825    b        java.util.Optional::orElseThrow (22 bytes)
   4630  826    b        jdk.internal.mindex.M3CI::checkClassRow (9 bytes)
   4631  827  s b        jdk.internal.mindex.M3CB::isAssignableFrom (198 bytes)
   4650  814             jdk.internal.mindex.M3CI::findText (103 bytes)   made not entrant
   4650  819             jdk.internal.mindex.M3CI::fromClass (85 bytes)   made not entrant
   4651  828    b        jdk.internal.mindex.M3CI$$Lambda/0x00007fce740653f8::<init> (10 bytes)
   4652  829    b        java.util.Optional::filter (35 bytes)
   4654  830    b        jdk.internal.mindex.M3CI$$Lambda/0x00007fce740653f8::test (12 bytes)
   4654  831    b        jdk.internal.mindex.M3CI::lambda$fromClass$0 (11 bytes)
   4655  832    b        java.lang.invoke.Invokers$Holder::linkToTargetMethod (10 bytes)
   4656  833    b        java.lang.invoke.LambdaForm$DMH/0x00007fce74004c00::newInvokeSpecial (24 bytes)
   4658  834    b        jdk.internal.mindex.M3CI$$Lambda/0x00007fce74065870::<init> (15 bytes)
   4660  821             jdk.internal.mindex.M3CI::classRow (70 bytes)   made not entrant
   4660  835    b        java.lang.invoke.MethodHandle::maybeCustomize (38 bytes)
   4661  822             jdk.internal.mindex.M3CI::classRows (62 bytes)   made not entrant
   4661  836    b        java.lang.invoke.Invokers$Holder::linkToTargetMethod (13 bytes)
   4662  837    b        java.lang.invoke.LambdaForm$DMH/0x00007fce74011400::newInvokeSpecial (30 bytes)
   4664  838    b        com.m3.cb.CBProbe$$Lambda/0x00007fce74011800::<init> (26 bytes)
   4669  807             java.util.concurrent.locks.AbstractQueuedSynchronizer$ConditionObject::signal (34 bytes)   made not entrant
   4670  839    b        java.util.Arrays::binarySearch (9 bytes)
   4671  840    b        java.util.concurrent.ThreadPoolExecutor::isRunning (10 bytes)
   4671  841    b        java.util.Arrays::copyOfRange (25 bytes)
   4675  842    b        java.util.concurrent.locks.ReentrantLock::lock (8 bytes)
   4680  843    b        java.util.Arrays::copyOfRangeInt (33 bytes)
   4682  844    b        java.util.concurrent.locks.ReentrantLock$Sync::lock (13 bytes)
   4687  845    b        jdk.internal.mindex.M3CI::findText (103 bytes)
   4692  846    b        java.util.concurrent.atomic.AtomicInteger::getAndIncrement (12 bytes)
   4692  847    b        java.util.concurrent.locks.ReentrantLock::unlock (10 bytes)
   4696  848    b        java.util.concurrent.AbstractExecutorService::newTaskFor (9 bytes)
   4699  850    b        java.util.concurrent.locks.AbstractQueuedSynchronizer$ConditionObject::signal (34 bytes)
   4700  849    b        java.lang.invoke.VarHandleGuards::guard_LLL_Z (86 bytes)
   4700  853     n       java.lang.invoke.MethodHandle::invokeBasic(LLLL)I (native)   
   4708  852    b        java.lang.Thread::getAndClearInterrupt (19 bytes)
   4708  854    b        java.util.concurrent.ThreadPoolExecutor::runStateAtLeast (11 bytes)
   4708  851    b        java.util.concurrent.FutureTask::<init> (27 bytes)
   4708  855    b        java.lang.Boolean::valueOf (14 bytes)
   4709  857    b        java.lang.Thread::interrupted (7 bytes)
   4710  856    b        java.util.Optional::orElseThrow (22 bytes)
   4710  858    b        java.util.concurrent.ThreadPoolExecutor::execute (132 bytes)
   4711  859   !b        java.lang.invoke.MethodHandleImpl::profileBoolean (34 bytes)
   4713  860    b        java.lang.invoke.LambdaForm$MH/0x00007fce74010400::guard (98 bytes)
   4716  861    b        java.lang.invoke.DirectMethodHandle$Holder::invokeStatic (15 bytes)
   4718  862    b        jdk.internal.mindex.M3CB$DeclaredAttachment::<init> (61 bytes)
   4728  863  s b        jdk.internal.mindex.M3CB::declare (184 bytes)
   4734  864    b        java.util.concurrent.ThreadPoolExecutor$Worker::unlock (7 bytes)
   4737  865  s b        jdk.internal.mindex.M3CB::isCurrent (114 bytes)
   4745  866    b        java.util.concurrent.ThreadPoolExecutor$Worker::tryAcquire (20 bytes)
   4747  867    b        java.util.Optional::isPresent (13 bytes)
   4748  868    b        jdk.internal.mindex.M3Release::equals (8 bytes)
   4749  869    b        java.lang.invoke.LambdaForm$MH/0x00007fce74010c00::linkToTargetMethod (10 bytes)
   4750  870    b        java.lang.runtime.ObjectMethods::eq (11 bytes)
   4751  871    b        java.util.concurrent.locks.AbstractQueuedSynchronizer::acquire (20 bytes)
   4755  872    b        java.util.concurrent.ThreadPoolExecutor$Worker::lock (6 bytes)
   4757  873    b        jdk.internal.mindex.M3PC::sameInputs (24 bytes)
   4762  874    b        java.util.concurrent.ThreadPoolExecutor::beforeExecute (1 bytes)
   4762  875   !b        java.util.concurrent.FutureTask::run (123 bytes)
   4774  878     n       java.lang.invoke.MethodHandle::invokeBasic(LLII)I (native)   
   4774  879     n       java.lang.invoke.MethodHandle::invokeBasic(LLI)V (native)   
   4795  876    b        java.lang.invoke.VarHandleReferences$FieldInstanceReadWrite::compareAndSet (48 bytes)
   4800  880    b        java.lang.invoke.VarHandleInts$FieldInstanceReadWrite::compareAndSet (32 bytes)
   4801  877    b        com.m3.cb.CBProbe$$Lambda/0x00007fce74011800::call (20 bytes)
   4802  881    b        com.m3.cb.CBProbe::lambda$bridge$3 (16 bytes)
   4804  883    b        java.util.concurrent.FutureTask::set (30 bytes)
   4811  884    b        java.lang.invoke.VarHandleGuards::guard_LII_Z (86 bytes)
   4818  885    b        java.lang.invoke.VarHandleInts$FieldInstanceReadWrite::setRelease (28 bytes)
   4819  886    b        java.lang.invoke.VarHandleGuards::guard_LI_V (123 bytes)
   4826  887    b        jdk.internal.misc.Unsafe::putIntRelease (9 bytes)
   4826  882    b        java.util.concurrent.FutureTask::done (1 bytes)
   4826  889    b        java.util.concurrent.FutureTask::finishCompletion (71 bytes)
   4831  888    b        java.util.concurrent.ThreadPoolExecutor::afterExecute (1 bytes)
   4831  891   !b        java.util.concurrent.LinkedBlockingQueue::take (91 bytes)
   4839  893   !b        java.util.concurrent.ThreadPoolExecutor::getTask (177 bytes)
   4850  890    b        java.util.concurrent.locks.ReentrantLock::lockInterruptibly (8 bytes)
   4854  894    b        java.util.concurrent.locks.ReentrantLock$Sync::lockInterruptibly (27 bytes)
   4858  892    b        java.util.concurrent.FutureTask::isDone (13 bytes)
   4859  895    b        java.util.concurrent.FutureTask::get (23 bytes)
   4860  896    b        java.util.concurrent.FutureTask::report (37 bytes)
   4863  827  s          jdk.internal.mindex.M3CB::isAssignableFrom (198 bytes)   made not entrant
   4863  897    b        jdk.internal.mindex.M3CI::fromClass (85 bytes)
   4890  898    b        jdk.internal.mindex.M3CI::lowerBound (65 bytes)
   4894  899    b        jdk.internal.mindex.M3CI::isAssignableFrom (229 bytes)
   4902  818             java.util.Optional::map (30 bytes)   made not entrant
   4903  900    b        java.lang.Thread::isVirtual (5 bytes)
   4904  901    b        java.lang.Thread::isInterrupted (5 bytes)
   4905  902    b        java.util.concurrent.locks.ReentrantLock$NonfairSync::tryAcquire (27 bytes)
   4907  337   !         java.lang.reflect.Executable::declaredAnnotations (85 bytes)   made not entrant
   4907  903    b        java.lang.reflect.Method::getRoot (5 bytes)
   4908  405   !         java.lang.reflect.Field::declaredAnnotations (82 bytes)   made not entrant
   4908  904    b        java.security.Provider$ServiceKey::hashCode (19 bytes)
   4912  532             java.security.MessageDigest::update (11 bytes)   made not entrant
   4912  905    b        java.security.MessageDigest::update (11 bytes)
   4913  537   !         jdk.internal.mindex.M3CI::fingerprint (449 bytes)   made not entrant
   4913  554             jdk.internal.mindex.M3CI::update (53 bytes)   made not entrant
   4913  897             jdk.internal.mindex.M3CI::fromClass (85 bytes)   made not entrant
   4913  801             jdk.internal.mindex.M3Boundary::classAt (53 bytes)   made not entrant
   4913  829             java.util.Optional::filter (35 bytes)   made not entrant
   4914  906    b        java.lang.invoke.DirectMethodHandle::maybeCompile (24 bytes)
   4916  788             jdk.internal.mindex.M3CB::requireOpen (18 bytes)   made not entrant
   4917  907    b        java.lang.Class::descriptorString (170 bytes)
   4938  908     n       java.lang.invoke.MethodHandle::linkToStatic(L)V (native)   (static)
   4939  909 %  b        java.lang.StringLatin1::indexOf @ 30 (121 bytes)
   4944  910    b        java.lang.StringLatin1::indexOf (121 bytes)
   4953  911    b        java.net.URL::getProtocol (5 bytes)
   4954  912    b        java.security.ProtectionDomain::getCodeSource (5 bytes)
   4955  913    b        java.net.URL::getFile (5 bytes)
   4956  914    b        java.lang.String::lastIndexOf (12 bytes)
   4961  915    b        java.lang.String::lastIndexOf (29 bytes)
   4966  916    b        java.util.IdentityHashMap::put (137 bytes)
   4977  917    b        java.security.CodeSource::getLocationNoFragString (5 bytes)
   4979  918    b        java.net.URL::getHost (5 bytes)
   4980  919    b        java.net.URL::getPath (5 bytes)
   4981  920    b        java.net.URL::getPort (5 bytes)
   4981  921    b        java.net.URL::getAuthority (5 bytes)
   4981  922    b        java.net.URL::getQuery (5 bytes)
   4982  923    b        java.net.URL::getRef (5 bytes)
   4982  924    b        jdk.internal.loader.URLClassPath$Loader::getBaseURL (5 bytes)
   4983  925    b        java.security.CodeSource::getLocation (5 bytes)
   4983  423             java.util.ArrayDeque::addLast (51 bytes)   made not entrant
   4984  926    b        java.util.Spliterators$ArraySpliterator::characteristics (5 bytes)
   4984  855             java.lang.Boolean::valueOf (14 bytes)   made not entrant
   4984  927    b        java.lang.Class::getPermittedSubclasses (103 bytes)
   4988  928    b        java.lang.Class::getEnclosingClass (70 bytes)
   4996  929    b        java.lang.Class::getEnclosingMethodInfo (20 bytes)
   5004  928             java.lang.Class::getEnclosingClass (70 bytes)   made not entrant
   5004  929             java.lang.Class::getEnclosingMethodInfo (20 bytes)   made not entrant
   5004  930    b        jdk.internal.mindex.M3VI$Progress::checkCancelled (1 bytes)
   5005  931    b        java.lang.Class::getNestHost (50 bytes)
   5006  932    b        java.lang.Class::getDeclaringClass (31 bytes)
   5007  933    b        jdk.internal.mindex.M3VI$Progress::worked (1 bytes)
   5008  934    b        java.lang.Class::getEnclosingClass (70 bytes)
   5018  935    b        java.util.HashSet::add (20 bytes)
   5020  936    b        java.util.HashMap$HashIterator::<init> (79 bytes)
   5026  937    b        java.lang.Module::isNamed (13 bytes)
   5027  938    b        jdk.internal.org.objectweb.asm.MethodWriter::visitCode (1 bytes)
   5027  939    b        java.util.LinkedHashMap$LinkedHashIterator::nextNode (68 bytes)
   5031  661             jdk.internal.org.objectweb.asm.MethodWriter::visitMethodInsn (191 bytes)   made not entrant
   5031  940    b        jdk.internal.org.objectweb.asm.Type::getArgumentsAndReturnSizes (140 bytes)
   5047  941   !b        java.lang.reflect.Executable::declaredAnnotations (85 bytes)
   5062  942    b        java.lang.reflect.Method::getParameterCount (6 bytes)
   5064  943    b        sun.reflect.annotation.AnnotationInvocationHandler::invoke (182 bytes)
   5068  944    b        jdk.internal.misc.PreviewFeatures::isEnabled (4 bytes)
   5068  945    b        java.lang.Class::isUnnamedClass (36 bytes)
   5069  946    b        java.lang.reflect.Array::newInstance (6 bytes)
   5071  947   !b        java.lang.reflect.Field::declaredAnnotations (82 bytes)
   5079  948    b        jdk.internal.reflect.ReflectionFactory::copyField (11 bytes)
   5084  949    b        java.lang.reflect.ReflectAccess::copyField (5 bytes)
   5088  950    b        java.lang.reflect.Field::copy (80 bytes)
   5093  951    b        java.lang.reflect.Field::<init> (50 bytes)
   5099  952    b        jdk.internal.mindex.M3Descriptor::field (16 bytes)
   5101  953    b        jdk.internal.mindex.M3MemberFlags::of (37 bytes)
   5102  954    b        java.lang.reflect.Field::isSynthetic (8 bytes)
   5103  955    b        java.lang.reflect.Field::isEnumConstant (17 bytes)
   5103  956    b        java.lang.reflect.Field::getDeclaredAnnotations (8 bytes)
   5107  957    b        java.util.LinkedHashMap::sequencedValues (31 bytes)
   5110  958    b        java.lang.reflect.Executable::isVarArgs (17 bytes)
   5111  959    b        java.lang.Class::isAnnotation (17 bytes)
   5112  960 %  b        java.lang.Class::copyMethods @ 12 (36 bytes)
   5117  961    b        java.lang.Class::copyMethods (36 bytes)
   5122  962    b        java.lang.Class::isRecord (33 bytes)
   5123  934             java.lang.Class::getEnclosingClass (70 bytes)   made not entrant
   5124  963    b        java.lang.Class::getEnclosingMethodInfo (20 bytes)
   5131  964 % !b        jdk.internal.mindex.M3CI::admitMembers @ 198 (412 bytes)
   5172  965   !b        jdk.internal.mindex.M3CI::admitMembers (412 bytes)
   5352  965   !         jdk.internal.mindex.M3CI::admitMembers (412 bytes)   made not entrant
   5354  959             java.lang.Class::isAnnotation (17 bytes)   made not entrant
   5354  962             java.lang.Class::isRecord (33 bytes)   made not entrant
   5355  966    b        java.lang.Class::getEnclosingClass (70 bytes)
   5358  967    b        java.lang.reflect.ProxyGenerator::dotToSlash (9 bytes)
   5361  968    b        jdk.internal.org.objectweb.asm.MethodWriter::visitLdcInsn (215 bytes)
   5365  969    b        jdk.internal.org.objectweb.asm.SymbolTable::addConstant (330 bytes)
   5369  970    b        java.lang.ClassLoader::checkName (37 bytes)
   5375  971    b        java.lang.Class::privateGetDeclaredMethods (64 bytes)
   5385  972 %  b        jdk.internal.mindex.M3CI::freeze @ 457 (1233 bytes)
   6938  973    b        jdk.internal.mindex.M3CI::freeze (1233 bytes)
   8477  972 %           jdk.internal.mindex.M3CI::freeze @ 457 (1233 bytes)   made not entrant
   8478  974    b        java.util.stream.AbstractPipeline::getStreamAndOpFlags (5 bytes)
   8479  975    b        java.util.stream.MatchOps$BooleanTerminalSink::getAndClearState (5 bytes)
   8480  976 %  b        jdk.internal.mindex.M3CI::offsets @ 9 (38 bytes)
   8489  977    b        jdk.internal.mindex.M3CI::offsets (38 bytes)
   8498  978 %  b        jdk.internal.mindex.M3CI::flatten @ 17 (56 bytes)
   8503  979    b        jdk.internal.mindex.M3CI::flatten (56 bytes)
   8514  980    b        java.util.ArrayDeque::addLast (51 bytes)
   8517  424             java.util.BitSet::nextSetBit (102 bytes)   made not entrant
   8517  981    b        java.util.TimSort::gallopRight (335 bytes)
   8532  982 %  b        jdk.internal.mindex.M3CI::freeze @ 846 (1233 bytes)
   9494  983    b        java.util.TreeMap::colorOf (13 bytes)
   9495  984    b        java.util.TreeMap$PrivateEntryIterator::hasNext (13 bytes)
   9495  985    b        java.util.TreeMap$PrivateEntryIterator::nextEntry (54 bytes)
   9500  986    b        java.util.TreeMap::successor (66 bytes)
   9503  987 %  b        jdk.internal.mindex.M3CI::classHash @ 232 (350 bytes)
   9531  988    b        jdk.internal.mindex.M3CI::classHash (350 bytes)
   9598  989 %  b        jdk.internal.mindex.M3CI$Symbols::order @ 13 (83 bytes)
   9621  990    b        jdk.internal.mindex.M3CI$Symbols::order (83 bytes)
   9643  991 %  b        java.util.TimSort::mergeLo @ 153 (659 bytes)
   9673  992    b        java.util.TimSort::mergeLo (659 bytes)
   9706  993 %  b        java.util.TimSort::mergeHi @ 191 (732 bytes)
   9736  994    b        java.util.TimSort::mergeHi (732 bytes)
   9785  994             java.util.TimSort::mergeHi (732 bytes)   made not entrant
   9785  992             java.util.TimSort::mergeLo (659 bytes)   made not entrant
   9785  995    b        java.util.TimSort::gallopLeft (335 bytes)
   9802  996    b        java.util.TimSort::mergeLo (659 bytes)
   9838  996             java.util.TimSort::mergeLo (659 bytes)   made not entrant
   9838  997    b        java.util.TimSort::mergeLo (659 bytes)
   9879  991 %           java.util.TimSort::mergeLo @ 153 (659 bytes)   made not entrant
   9879  998    b        java.util.TimSort::mergeHi (732 bytes)
   9936  998             java.util.TimSort::mergeHi (732 bytes)   made not entrant
   9936  997             java.util.TimSort::mergeLo (659 bytes)   made not entrant
   9936  999    b        java.util.TimSort::mergeHi (732 bytes)
   9990  999             java.util.TimSort::mergeHi (732 bytes)   made not entrant
   9991 1000    b        java.util.TimSort::countRunAndMakeAscending (128 bytes)
  10009 1000             java.util.TimSort::countRunAndMakeAscending (128 bytes)   made not entrant
  10009 1001    b        java.util.TimSort::mergeHi (732 bytes)
  10066  993 %           java.util.TimSort::mergeHi @ 191 (732 bytes)   made not entrant
  10066 1002 %  b        java.util.TimSort::mergeHi @ 191 (732 bytes)
  10101  533             java.security.MessageDigest$Delegate::engineUpdate (9 bytes)   made not entrant
  10101 1003    b        java.security.MessageDigest$Delegate::engineUpdate (9 bytes)
  10102 1004 % !b        jdk.internal.mindex.M3CI::fingerprint @ 63 (449 bytes)
  10359 1005   !b        jdk.internal.mindex.M3CI::fingerprint (449 bytes)
  10638 1006 %  b        sun.security.provider.SHA2::implCompress0 @ 27 (448 bytes)
  10665 1007    b        sun.security.provider.SHA2::implCompress0 (448 bytes)
  10704 1008 %  b        jdk.internal.mindex.M3CI::update @ 24 (53 bytes)
  10708 1009    b        jdk.internal.mindex.M3CI::update (53 bytes)
  10716  927             java.lang.Class::getPermittedSubclasses (103 bytes)   made not entrant
  10716  974             java.util.stream.AbstractPipeline::getStreamAndOpFlags (5 bytes)   made not entrant
  10717  973             jdk.internal.mindex.M3CI::freeze (1233 bytes)   made not entrant
  10719 1010    b        java.lang.invoke.MethodHandle::internalForm (5 bytes)
  10728 1011    b        java.lang.invoke.MemberName::getType (19 bytes)
  10731 1012     n       java.lang.invoke.MethodHandle::linkToInterface(LLL)I (native)   (static)
  10731 1013    b        java.lang.invoke.LambdaForm$BasicType::basicType (8 bytes)
  10736 1014    b        java.lang.invoke.LambdaForm$BasicType::basicType (187 bytes)
  10740 1015    b        java.lang.invoke.LambdaForm::returnType (26 bytes)
  10741  702             java.lang.invoke.DirectMethodHandle::<init> (148 bytes)   made not entrant
  10742 1016    b        sun.invoke.util.VerifyAccess::isMemberAccessible (338 bytes)
  10750 1017    b        java.lang.invoke.MethodHandles$Lookup::checkSecurityManager (97 bytes)
  10755 1018    b        java.util.Arrays::hashCode (56 bytes)
  10758 1019    b        java.lang.invoke.DirectMethodHandle::preparedLambdaForm (31 bytes)
  10768 1020    b        java.lang.invoke.TypeConvertingMethodAdapter::descriptorToName (36 bytes)
  10776 1021    b        java.lang.invoke.MethodHandleNatives::refKindHasReceiver (33 bytes)
  10777 1022    b        java.lang.invoke.MethodHandleNatives::isCallerSensitive (29 bytes)
  10780 1023    b        java.lang.invoke.MethodHandleNatives::canBeCalledVirtual (49 bytes)
  10785 1024    b        java.lang.invoke.MethodType::changeReturnType (20 bytes)
  10792 1025    b        jdk.internal.mindex.M3CI::classRow (70 bytes)
  10802 1026    b        jdk.internal.mindex.M3CI::classAt (17 bytes)
  10805 1027    b        jdk.internal.mindex.M3Class::<init> (30 bytes)
  10808 1028    b        jdk.internal.mindex.M3CI$$Lambda/0x00007fce74065870::apply (16 bytes)
  10811 1029    b        jdk.internal.mindex.M3CI::lambda$fromClass$1 (6 bytes)
  10814 1030    b        java.util.Optional::map (30 bytes)
  10820 1031    b        java.lang.Class::isRecord (33 bytes)
  10821  241             java.util.HashMap::getNode (150 bytes)   made not entrant
  10822 1032    b        jdk.internal.mindex.M3CI::memberSize (6 bytes)
  10822 1033    b        jdk.internal.mindex.M3CI::checkMemberRow (9 bytes)
  10823 1034    b        jdk.internal.mindex.M3CI::memberKind (17 bytes)
  10824 1035    b        jdk.internal.mindex.M3MemberKind::fromCode (84 bytes)
  10825 1036    b        jdk.internal.mindex.M3Method::<init> (51 bytes)
  10829 1037    b        jdk.internal.mindex.M3Boundary::classAt (53 bytes)
  10833  316             java.util.HashMap::putVal (300 bytes)   made not entrant
  10834 1038    b        java.lang.Class::getDeclaredMethods (27 bytes)
  10845 1039    b        java.util.Optional::filter (35 bytes)
  10846 1040    b        java.util.HashMap::putVal (300 bytes)
  10867 1041 %  b        jdk.internal.mindex.M3CI::findMethod @ 12 (65 bytes)
  10877 1042    b        jdk.internal.mindex.M3CI::findMethod (65 bytes)
  10893  378             java.util.HashMap::resize (356 bytes)   made not entrant
  10893 1043    b        jdk.internal.mindex.M3CI::text (15 bytes)
  10894 1040             java.util.HashMap::putVal (300 bytes)   made not entrant
  10895 1044    b        java.lang.reflect.Method::hashCode (19 bytes)
  10900 1045    b        java.util.HashMap::putVal (300 bytes)
  10921 1046    b        java.lang.reflect.Method::equals (65 bytes)
  10925 1046             java.lang.reflect.Method::equals (65 bytes)   made not entrant
  10925 1047    b        java.util.HashMap::getNode (150 bytes)
  10931 1048    b        java.util.HashMap$KeyIterator::next (8 bytes)
  10932 1049    b        java.lang.reflect.Executable::equalParamTypes (36 bytes)
  10934 1047             java.util.HashMap::getNode (150 bytes)   made not entrant
  10934 1050    b        java.lang.reflect.Method::equals (65 bytes)
  10938 1051    b        java.util.HashMap::containsKey (14 bytes)
  10953 1034             jdk.internal.mindex.M3CI::memberKind (17 bytes)   made not entrant
  10953 1035             jdk.internal.mindex.M3MemberKind::fromCode (84 bytes)   made not entrant
  10953 1052    b        java.util.Optional::get (22 bytes)
  10954 1053 %  b        java.lang.Class::searchMethods @ 18 (104 bytes)
  10971 1054    b        java.lang.Class::searchMethods (104 bytes)
  10987 1055   !b        jdk.internal.mindex.M3CI::resolveReflectiveElement (166 bytes)
  11000 1056    b        jdk.internal.mindex.M3CI::memberName (15 bytes)
  11002 1057    b        jdk.internal.mindex.M3CI::memberDescriptor (15 bytes)
  11004 1058    b        java.util.Objects::checkFromToIndex (8 bytes)
  11005 1059    b        jdk.internal.mindex.M3Method::toMethod (17 bytes)
  11011 1060    b        jdk.internal.mindex.M3Method::tryMethod (42 bytes)
  11016 1061    b        jdk.internal.mindex.M3Method$$Lambda/0x00007fce7406dd30::<init> (10 bytes)
  11017 1062    b        jdk.internal.mindex.M3Method$$Lambda/0x00007fce7406dd30::test (12 bytes)
  11018 1063    b        jdk.internal.mindex.M3Method$$Lambda/0x00007fce7406df90::<init> (10 bytes)
  11020 1064    b        jdk.internal.mindex.M3Method$$Lambda/0x00007fce7406df90::apply (12 bytes)
  11021 1065    b        jdk.internal.mindex.M3Method$$Lambda/0x00007fce7406e1e0::<init> (10 bytes)
  11023 1066    b        jdk.internal.mindex.M3CI::fromClass (85 bytes)
  11044 1067    b        java.lang.Class::getDeclaredMethod (63 bytes)
  11046 1068    b        jdk.internal.mindex.M3Class::toClass (17 bytes)
  11052 1069    b        jdk.internal.mindex.M3Class::tryClass (15 bytes)
  11056 1070    b        jdk.internal.mindex.M3Class$$Lambda/0x00007fce74065d28::<init> (10 bytes)
  11057 1071    b        jdk.internal.mindex.M3CI::upperBound (65 bytes)
  11061 1072    b        jdk.internal.mindex.M3CI::memberRow (102 bytes)
  11085 1073    b        java.lang.Class::copyFields (36 bytes)
  11091 1074    b        java.util.stream.AbstractPipeline::getStreamAndOpFlags (5 bytes)
  11092 1075    b        jdk.internal.mindex.M3Class::isAssignableFrom (44 bytes)
  11094 1076    b        java.lang.invoke.DirectMethodHandle::preparedLambdaForm (244 bytes)
  11104 1077    b        java.lang.invoke.DirectMethodHandle::preparedLambdaForm (6 bytes)
  11105 1078     n       java.lang.invoke.MethodHandle::linkToStatic(LL)V (native)   (static)
  11105 1079    b        java.lang.invoke.InvokerBytecodeGenerator::emitPushArgument (150 bytes)
  11142 1080    b        jdk.internal.org.objectweb.asm.Frame::getAbstractTypeFromDescriptor (415 bytes)
  11152  782             java.lang.Class::cast (27 bytes)   made not entrant
  11152  578             jdk.internal.mindex.M3CI::compareText (66 bytes)   made not entrant
  11152 1081    b        jdk.internal.mindex.M3CI::compareText (66 bytes)
  11163 1082    b        jdk.internal.mindex.M3CI::classRows (62 bytes)
  11168 1083    b        java.lang.AbstractStringBuilder::charAt (36 bytes)
  11170 1084    b        java.lang.StringBuilder::<init> (6 bytes)
  11179 1085    b        java.lang.AbstractStringBuilder::<init> (63 bytes)
  11188 1086    b        java.lang.StringBuilder::append (6 bytes)
  11193  749             java.lang.StringBuilder::append (8 bytes)   made not entrant
  11193  750             java.lang.AbstractStringBuilder::append (55 bytes)   made not entrant
  11193  752             java.lang.Integer::getChars (121 bytes)   made not entrant
  11193 1087    b        java.lang.StringBuilder::append (8 bytes)
  11206 1088    b        java.lang.Class::getPermittedSubclasses (103 bytes)
  11211 1089    b        java.util.ArrayDeque::pollFirst (36 bytes)
  11212 1090    b        java.util.ArrayDeque::removeFirst (19 bytes)
  11214 1091    b        java.util.IdentityHashMap::containsKey (55 bytes)
  11217 1092    b        java.lang.Class::getDeclaredClasses (23 bytes)
  11218 1093    b        java.lang.Class::getNestMembers (56 bytes)
  11220 1094    b        java.util.IdentityHashMap::nextKeyIndex (15 bytes)
  11220 1095   !b        jdk.internal.mindex.M3CI::admitMembers (412 bytes)
  11448 1096    b        java.lang.Class::isAnnotation (17 bytes)
  11449 1097    b        java.lang.Class::annotationData (44 bytes)
  11465 1045             java.util.HashMap::putVal (300 bytes)   made not entrant
  11465 1098    b        java.util.HashMap::putVal (300 bytes)
  11488 1099    b        java.lang.Class::getSimpleName (36 bytes)
  11492 1100    b        java.lang.Class::getCanonicalName (46 bytes)
  11497 1101    b        java.util.HashMap::prepareArray (38 bytes)
  11499 1102    b        java.util.LinkedHashMap::valuesToArray (80 bytes)
  11503 1102             java.util.LinkedHashMap::valuesToArray (80 bytes)   made not entrant
  11503 1103    b        java.util.HashMap::resize (356 bytes)
  11525 1104    b        java.util.LinkedHashMap::valuesToArray (80 bytes)
  11534 1104             java.util.LinkedHashMap::valuesToArray (80 bytes)   made not entrant
  11534 1105   !b        com.sun.proxy.jdk.proxy1.$Proxy2::annotationType (29 bytes)
  11535 1106    b        java.lang.Class::isEnum (27 bytes)
  11537 1107   !b        java.lang.Class::getTypeName (46 bytes)
  11546 1108    b        java.lang.Class::isSealed (29 bytes)
  11551 1109    b        java.lang.Class::isAnonymousClass (27 bytes)
  11553 1110    b        java.lang.Class::isLocalClass (27 bytes)
  11554 1111    b        java.lang.Class::isSynthetic (17 bytes)
  11555 1112    b        java.lang.Class::isMemberClass (20 bytes)
  11556 1113    b        java.lang.Class::getDeclaredAnnotations (11 bytes)
  11559 1114    b        jdk.internal.mindex.M3CI::permittedNameIds (56 bytes)
  11569 1106             java.lang.Class::isEnum (27 bytes)   made not entrant
  11569 1111             java.lang.Class::isSynthetic (17 bytes)   made not entrant
  11569 1115    b        java.util.Spliterators$ArraySpliterator::tryAdvance (58 bytes)
  11575 1116    b        java.util.DualPivotQuicksort::insertionSort (68 bytes)
  11578 1117    b        java.util.Arrays::sort (9 bytes)
  11578 1118    b        java.util.DualPivotQuicksort::sort (77 bytes)
  11580 1119    b        java.util.DualPivotQuicksort::sort (947 bytes)
  11584 1120    b        java.util.BitSet::nextSetBit (102 bytes)
  11586 1121    b        java.lang.Long::bitCount (61 bytes)
  11586 1122    b        java.util.ArrayDeque::<init> (14 bytes)
  11588 1123    b        java.util.BitSet::<init> (56 bytes)
  11591 1124    b        java.util.BitSet::initWords (15 bytes)
  11593 1125    b        java.util.BitSet::cardinality (32 bytes)
  11595  995             java.util.TimSort::gallopLeft (335 bytes)   made not entrant
  11595 1126    b        java.util.TimSort::countRunAndMakeAscending (128 bytes)
  11616 1127    b        java.util.TimSort::pushRun (31 bytes)
  11617 1128    b        java.util.TimSort::mergeCollapse (134 bytes)
  11621 1129    b        java.util.TimSort::mergeAt (358 bytes)
  11626 1130 %  b        jdk.internal.mindex.M3CI::freeze @ 799 (1233 bytes)
  12506 1131    b        jdk.internal.mindex.M3CI::freeze (1233 bytes)
  13649 1132    b        java.util.TreeMap::fixAfterInsertion (267 bytes)
  13673 1133    b        java.util.TreeMap::computeIfAbsent (252 bytes)
  13686 1134    b        java.util.TreeMap$EntryIterator::next (5 bytes)
  13691 1135    b        java.util.TreeMap$EntryIterator::next (5 bytes)
  13696 1136    b        java.util.TreeMap$ValueIterator::next (8 bytes)
  13700 1137    b        java.util.TimSort::gallopLeft (335 bytes)
  13715 1138 %  b        java.util.TimSort::mergeLo @ 153 (659 bytes)
  13745 1139    b        java.util.TimSort::mergeLo (659 bytes)
  13793 1138 %           java.util.TimSort::mergeLo @ 153 (659 bytes)   made not entrant
  13793 1126             java.util.TimSort::countRunAndMakeAscending (128 bytes)   made not entrant
  13793 1001             java.util.TimSort::mergeHi (732 bytes)   made not entrant
  13793 1139             java.util.TimSort::mergeLo (659 bytes)   made not entrant
  13793 1140    b        java.util.TimSort::mergeHi (732 bytes)
  13847 1002 %           java.util.TimSort::mergeHi @ 191 (732 bytes)   made not entrant
  13847 1141    b        java.util.TimSort::countRunAndMakeAscending (128 bytes)
  13865 1142 %  b        java.util.TimSort::mergeLo @ 153 (659 bytes)
  13893 1143    b        java.util.TimSort::mergeLo (659 bytes)
  13939 1141             java.util.TimSort::countRunAndMakeAscending (128 bytes)   made not entrant
  13939 1140             java.util.TimSort::mergeHi (732 bytes)   made not entrant
  13939 1144 %  b        java.util.TimSort::mergeHi @ 191 (732 bytes)
  13972 1145    b        java.util.TimSort::mergeHi (732 bytes)
  14027  534             sun.security.provider.DigestBase::engineUpdate (32 bytes)   made not entrant
  14027 1146    b        sun.security.provider.DigestBase::engineUpdate (176 bytes)
  14036 1147    b        sun.security.provider.DigestBase::engineUpdate (32 bytes)
  14043 1148    b        java.util.stream.AbstractPipeline::isParallel (8 bytes)
  14044 1149 %  b        java.util.Arrays::fill @ 5 (21 bytes)
  14051 1150    b        java.util.Arrays::fill (21 bytes)
  14053 1151    b        java.util.LinkedHashMap::valuesToArray (80 bytes)
  14062 1152    b        java.util.TimSort::countRunAndMakeAscending (128 bytes)
  14089 1145             java.util.TimSort::mergeHi (732 bytes)   made not entrant
  14089 1152             java.util.TimSort::countRunAndMakeAscending (128 bytes)   made not entrant
  14089 1143             java.util.TimSort::mergeLo (659 bytes)   made not entrant
  14090 1153    b        java.util.TimSort::mergeLo (659 bytes)
  14136 1154    b        java.util.TimSort::ensureCapacity (77 bytes)
  14139 1155    b        java.util.TimSort::mergeHi (732 bytes)
  14195 1156    b        java.lang.invoke.MethodType::toMethodDescriptorString (28 bytes)
  14234 1075             jdk.internal.mindex.M3Class::isAssignableFrom (44 bytes)   made not entrant
  14234 1157    b        java.lang.invoke.Invokers::checkCustomized (23 bytes)
  14235 1158    b        java.lang.invoke.Invokers::maybeCustomize (5 bytes)
  14237  168             jdk.internal.mindex.M3CI::enqueue (58 bytes)   made not entrant
  14237 1159    b        java.lang.invoke.Invokers::checkExactType (17 bytes)
  14239 1160     n       java.lang.invoke.MethodHandle::linkToStatic(LLLLLL)I (native)   (static)
  14240 1161    b        java.util.ArrayList::<init> (61 bytes)
  14243  714             java.lang.invoke.MethodHandles$Lookup::checkAccess (200 bytes)   made not entrant
  14243 1162     n       java.lang.invoke.MethodHandle::linkToStatic(LJL)L (native)   (static)
  14243 1163     n       java.lang.invoke.MethodHandle::invokeBasic(LJ)L (native)   
  14243 1164     n       java.lang.invoke.MethodHandle::linkToSpecial(LLJL)L (native)   (static)
  14244 1165     n       java.lang.invoke.MethodHandle::linkToStatic(JLILL)J (native)   (static)
  14244 1166     n       java.lang.invoke.MethodHandle::invokeBasic(JLIL)J (native)   
  14244 1167     n       java.lang.invoke.MethodHandle::linkToSpecial(LJLILL)J (native)   (static)
  14244 1168    b        java.lang.invoke.ClassSpecializer$SpeciesData::getterFunctions (5 bytes)
  14245 1169    b        jdk.internal.org.objectweb.asm.MethodWriter::visitAnnotation (40 bytes)
  14257 1170    b        jdk.internal.org.objectweb.asm.AnnotationWriter::create (34 bytes)
  14267 1171    b        jdk.internal.org.objectweb.asm.AnnotationWriter::<init> (60 bytes)
  14272 1172    b        jdk.internal.org.objectweb.asm.AnnotationVisitor::<init> (7 bytes)
  14273 1173    b        jdk.internal.org.objectweb.asm.AnnotationVisitor::<init> (78 bytes)
  14275 1174    b        jdk.internal.org.objectweb.asm.AnnotationWriter::visitEnd (44 bytes)
  14277 1175    b        java.util.ImmutableCollections$List12::get (35 bytes)
  14278 1176     n       java.lang.invoke.MethodHandle::invokeBasic(JLI)J (native)   
  14278 1177     n       java.lang.invoke.MethodHandle::linkToSpecial(LJLIL)J (native)   (static)
  14279 1178    b        java.util.Arrays::copyOf (10 bytes)
  14282 1179     n       java.lang.invoke.MethodHandle::invokeBasic(J)L (native)   
  14282 1180     n       java.lang.invoke.MethodHandle::linkToSpecial(LJL)L (native)   (static)
  14282 1181    b        java.util.Arrays::rangeCheck (74 bytes)
  14283 1182     n       java.lang.invoke.MethodHandle::linkToStatic(JIL)J (native)   (static)
  14283 1183     n       java.lang.invoke.MethodHandle::invokeBasic(JI)J (native)   
  14283 1184     n       java.lang.invoke.MethodHandle::linkToSpecial(LJIL)J (native)   (static)
  14284 1185     n       java.lang.invoke.MethodHandle::linkToStatic(LLLJL)L (native)   (static)
  14284 1186     n       java.lang.invoke.MethodHandle::invokeBasic(LLLJ)L (native)   
  14285 1187     n       java.lang.invoke.MethodHandle::invokeBasic(I)J (native)   
  14285 1188     n       java.lang.invoke.MethodHandle::linkToSpecial(LIL)J (native)   (static)
  14285 1189    b        java.lang.invoke.LambdaForm$Name::replaceNames (175 bytes)
  14313 1190    b        java.lang.Integer::getChars (121 bytes)
  14322 1191   !b        java.lang.invoke.MethodHandle::setVarargs (25 bytes)
  14324 1192    b        java.lang.invoke.MemberName::isVarargs (23 bytes)
  14333 1193    b        java.lang.invoke.BoundMethodHandle::<init> (32 bytes)
  14333 1194    b        jdk.internal.org.objectweb.asm.MethodWriter::visitMethodInsn (191 bytes)
  14343 1195     n       java.lang.invoke.MethodHandle::invokeBasic(JLII)J (native)   
  14343 1196     n       java.lang.invoke.MethodHandle::linkToSpecial(LJLIIL)J (native)   (static)
  14343 1197    b        java.util.Arrays::fill (28 bytes)
  14347 1197             java.util.Arrays::fill (28 bytes)   made not entrant
  14347 1198    b        java.lang.invoke.LambdaFormBuffer::changeName (149 bytes)
  14351 1199    b        java.lang.invoke.LambdaForm::methodType (48 bytes)
  14372 1200    b        java.lang.invoke.LambdaForm$NamedFunction::returnType (11 bytes)
  14375 1201    b        java.lang.invoke.MethodHandle::intrinsicName (4 bytes)
  14377 1202     n       java.lang.invoke.MethodHandle::linkToStatic(LLLLJL)L (native)   (static)
  14377 1203    b        java.lang.invoke.MemberName::isField (8 bytes)
  14377 1204    b        java.util.ImmutableCollections$List12::isEmpty (2 bytes)
  14378 1205    b        java.util.ImmutableCollections$List12::size (16 bytes)
  14378 1206     n       java.lang.invoke.MethodHandle::invokeBasic(LLLLJ)L (native)   
  14379 1207     n       java.lang.invoke.MethodHandle::invokeBasic(II)J (native)   
  14379 1208     n       java.lang.invoke.MethodHandle::linkToSpecial(LIIL)J (native)   (static)
  14379 1209     n       java.lang.invoke.MethodHandle::invokeBasic(II)L (native)   
  14379 1210    b        java.lang.invoke.DirectMethodHandle::make (275 bytes)
  14405 1211     n       java.lang.invoke.MethodHandle::linkToSpecial(LIIL)L (native)   (static)
  14406 1212    b        java.util.concurrent.atomic.AtomicLong::get (5 bytes)
  14406 1213    b        java.lang.StringConcatHelper::newArray (40 bytes)
  14408 1214    b        jdk.internal.misc.Unsafe::allocateUninitializedArray (55 bytes)
  14409 1215    b        jdk.internal.misc.Unsafe::allocateUninitializedArray0 (90 bytes)
  14410 1216    b        java.lang.StringConcatHelper::checkOverflow (17 bytes)
  14411 1217    b        com.m3.cb.CBProbe::text (2 bytes)
  14411 1218    b        java.lang.StringConcatHelper::prepend (37 bytes)
  14414 1219    b        java.lang.invoke.DirectMethodHandle$Holder::invokeStatic (17 bytes)
  14416 1220    b        java.lang.StringConcatHelper::mix (11 bytes)
  14417 1221    b        java.lang.invoke.LambdaForm$MH/0x00007fce74018c00::invoke (32 bytes)
  14419 1222    b        java.lang.invoke.DirectMethodHandle$Holder::invokeStatic (21 bytes)
  14420 1223    b        java.lang.StringConcatHelper::prepend (22 bytes)
  14423 1224    b        java.lang.StringConcatHelper::prepend (30 bytes)
  14424 1225    b        java.util.Random::nextInt (74 bytes)
  14426 1226    b        java.util.Random::next (47 bytes)
  14427 1227    b        java.util.concurrent.atomic.AtomicLong::compareAndSet (13 bytes)
  14427 1228    b        java.lang.StringConcatHelper::newString (67 bytes)
  14430 1229    b        java.lang.invoke.DirectMethodHandle$Holder::invokeStatic (14 bytes)
  14431 1230    b        java.lang.invoke.DirectMethodHandle$Holder::invokeStatic (17 bytes)
  14432 1231    b        java.lang.invoke.Invokers$Holder::linkToTargetMethod (10 bytes)
  14433 1232    b        java.lang.invoke.LambdaForm$MH/0x00007fce7401c800::invoke (80 bytes)
  14435 1233    b        java.lang.invoke.LambdaForm$MH/0x00007fce7401c400::invoke (46 bytes)
  14437 1234    b        java.lang.invoke.DelegatingMethodHandle$Holder::reinvoke_L (20 bytes)
  14438 1235    b        java.lang.invoke.LambdaForm$MH/0x00007fce7401b000::invoke (45 bytes)
  14440 1236    b        java.lang.module.ModuleDescriptor$Version::takeNumber (74 bytes)
  14451 1237    b        java.lang.module.ModuleDescriptor$Version::<init> (464 bytes)
  14472 1238    b        jdk.internal.mindex.M3VI$2::parse (6 bytes)
  14473 1239    b        jdk.internal.mindex.M3VI$2::parse (5 bytes)
  14474 1240    b        java.lang.module.ModuleDescriptor$Version::parse (9 bytes)
  14476 1241    b        java.lang.module.ModuleDescriptor$Version::compareTokens (226 bytes)
  14483  480             java.util.TimSort::binarySort (223 bytes)   made not entrant
  14483 1242    b        jdk.internal.mindex.M3VI$2::compare (13 bytes)
  14487 1243    b        jdk.internal.mindex.M3VI$2::compare (6 bytes)
  14489 1244    b        java.lang.module.ModuleDescriptor$Version::compareTo (91 bytes)
  14492 1245    b        jdk.internal.mindex.M3VI$$Lambda/0x00007fce7406ff00::compare (24 bytes)
  14498 1246    b        jdk.internal.mindex.M3VI::lambda$prepare$1 (54 bytes)
  14506 1247    b        java.util.TimSort::binarySort (223 bytes)
  14522  478 %           java.util.TimSort::binarySort @ 69 (223 bytes)   made not entrant
  14522  981             java.util.TimSort::gallopRight (335 bytes)   made not entrant
  14522 1137             java.util.TimSort::gallopLeft (335 bytes)   made not entrant
  14523 1153             java.util.TimSort::mergeLo (659 bytes)   made not entrant
  14523 1248    b        java.lang.invoke.MethodType::equals (56 bytes)
  14533 1249     n       java.lang.invoke.MethodHandle::linkToStatic(LLILILL)I (native)   (static)
  14535 1250     n       java.lang.invoke.MethodHandle::linkToSpecial(LLLILIL)V (native)   (static)
  14536 1251    b        java.lang.invoke.MethodHandle::keepsAlive (20 bytes)
  14537 1252     n       java.lang.invoke.MethodHandle::invokeBasic(LLILI)L (native)   
  14537 1253     n       java.lang.invoke.MethodHandle::linkToSpecial(LLLILIL)L (native)   (static)
  14541 1254    b        java.lang.invoke.MethodHandles$Lookup::<init> (84 bytes)
  14544 1255    b        java.lang.Number::<init> (5 bytes)
  14544 1256     n       java.lang.invoke.MethodHandle::linkToSpecial(LL)I (native)   (static)
  14546 1257    b        jdk.internal.ref.CleanerImpl::getCleanerImpl (13 bytes)
  14547 1258    b        java.lang.ref.Cleaner$1::apply (9 bytes)
  14548 1259    b        java.lang.ref.Cleaner$1::apply (5 bytes)
  14554 1260    b        java.util.stream.IntPipeline$1$1::accept (23 bytes)
  14570 1261    b        java.util.stream.IntPipeline$$Lambda/0x00007fce740704d8::apply (5 bytes)
  14572 1262    b        java.util.stream.ReferencePipeline$2$1::accept (27 bytes)
  14584 1263    b        com.m3.cb.CBProbe$$Lambda/0x00007fce74015a88::test (28 bytes)
  14594 1264    b        com.m3.cb.CBProbe::lambda$versions$17 (73 bytes)
  14603 1265    b        com.m3.cb.CBProbe$$Lambda/0x00007fce74015ce8::compare (16 bytes)
  14610 1266    b        com.m3.cb.CBProbe::lambda$versions$18 (42 bytes)
  14618 1267    b        java.util.TimSort::mergeLo (659 bytes)
  14664 1268    b        java.util.TimSort::gallopLeft (335 bytes)
  14671 1269     n       java.lang.invoke.MethodHandle::linkToInterface(LLL)V (native)   (static)
  14674 1270    b        jdk.internal.org.objectweb.asm.ClassWriter::toByteArray (1517 bytes)
  14743 1271    b        java.util.stream.SpinedBuffer$OfInt::arrayLength (9 bytes)
  14744 1272    b        java.util.stream.SpinedBuffer$OfInt::arrayLength (3 bytes)
  14744 1273    b        java.util.ArrayList::elementAt (4 bytes)
  14745 1274    b        java.util.stream.SortedOps$RefSortingSink$$Lambda/0x00007fce74073ae0::accept (11 bytes)
  14751 1275    b        java.util.stream.ReferencePipeline$4$1::accept (23 bytes)
  14758 1276    b        com.m3.cb.CBProbe$$Lambda/0x00007fce74015f90::applyAsInt (8 bytes)
  14759 1277    b        java.util.stream.Nodes$IntSpinedNodeBuilder::accept (29 bytes)
  14764 1278    b        java.util.stream.SpinedBuffer$OfInt::accept (25 bytes)
  14769 1279    b        java.util.stream.SpinedBuffer$OfPrimitive::preAccept (80 bytes)
  14773 1280    b        java.util.stream.ReferencePipeline$StatelessOp::opIsStateful (2 bytes)
  14774 1281    b        java.util.TimSort::gallopRight (335 bytes)
  14780 1267             java.util.TimSort::mergeLo (659 bytes)   made not entrant
  14782 1282 %  b        java.util.stream.Streams$RangeIntSpliterator::forEachRemaining @ 34 (65 bytes)
  14784 1283    b        java.util.stream.Streams$RangeIntSpliterator::forEachRemaining (65 bytes)
  14787 1284    b        java.util.TimSort::mergeLo (659 bytes)
  14841 1285    b        java.lang.ref.Reference::enqueueFromPending (19 bytes)
  14849 1286    b        java.util.TimSort::countRunAndMakeAscending (128 bytes)
  14865 1287    b        java.lang.ref.ReferenceQueue::enqueue0 (98 bytes)
  14871 1288 %  b        java.util.ArrayList::forEach @ 24 (74 bytes)
  14875 1289    b        java.util.ArrayList::forEach (74 bytes)
  14879 1290    b        java.util.stream.PipelineHelper::<init> (5 bytes)
  14881 1291    b        java.util.stream.Streams$RangeIntSpliterator::characteristics (4 bytes)
  14882 1292    b        java.util.stream.StreamOpFlag::isKnown (19 bytes)
  14882 1293    b        java.util.stream.Node::getChildCount (2 bytes)
  14883 1294    b        java.util.stream.StreamOpFlag::combineOpFlags (9 bytes)
  14886 1295    b        java.util.stream.StreamOpFlag::getMask (30 bytes)
  14887 1296    b        jdk.internal.mindex.M3VI$2::revision (3 bytes)
  14889 1155             java.util.TimSort::mergeHi (732 bytes)   made not entrant
  14889 1297    b        java.util.TimSort::mergeHi (732 bytes)
  14952 1298    b        java.util.stream.SpinedBuffer$OfInt::newArray (6 bytes)
  14954 1299    b        java.util.stream.SpinedBuffer$OfInt::newArray (4 bytes)
  14955 1300    b        java.util.stream.Streams$RangeIntSpliterator::getComparator (2 bytes)
  14955 1301    b        java.util.stream.ReferencePipeline$StatefulOp::opIsStateful (2 bytes)
  14956 1302    b        java.util.stream.IntPipeline$StatelessOp::opIsStateful (2 bytes)
  14957 1303    b        java.util.stream.SpinedBuffer$OfPrimitive::inflateSpine (36 bytes)
  14965 1303             java.util.stream.SpinedBuffer$OfPrimitive::inflateSpine (36 bytes)   made not entrant
  14965 1304    b        java.util.stream.AbstractPipeline::<init> (91 bytes)
  14972 1305    b        java.util.stream.AbstractSpinedBuffer::chunkSize (34 bytes)
  14973 1306    b        java.util.stream.SpinedBuffer$OfPrimitive::inflateSpine (36 bytes)
  14983 1307    b        java.util.stream.ReferencePipeline::<init> (7 bytes)
  14984 1308    b        java.util.stream.Sink$ChainedReference::<init> (16 bytes)
  14990 1297             java.util.TimSort::mergeHi (732 bytes)   made not entrant
  14991 1309    b        java.util.TimSort::mergeHi (732 bytes)
  15049 1310 %  b        jdk.internal.mindex.M3VI::bound @ 9 (84 bytes)
  15057 1311    b        jdk.internal.mindex.M3VI::bound (84 bytes)
  15079 1312    b        java.util.stream.ReferencePipeline$StatelessOp::<init> (29 bytes)
  15080 1313    b        java.util.stream.Sink$ChainedReference::end (10 bytes)
  15088 1314    b        java.util.Spliterator::getExactSizeIfKnown (25 bytes)
  15092 1315    b        jdk.internal.mindex.M3VI::parseBound (43 bytes)
  15096 1316    b        java.lang.invoke.Invokers$Holder::linkToTargetMethod (9 bytes)
  15097 1317    b        java.lang.invoke.LambdaForm$MH/0x00007fce74019c00::invoke (75 bytes)
  15100 1318    b        java.lang.invoke.LambdaForm$MH/0x00007fce74019800::invoke (27 bytes)
  15102 1319    b        java.lang.invoke.LambdaForm$MH/0x00007fce7401cc00::invoke (27 bytes)
  15103 1320    b        java.lang.StringConcatHelper::newArrayWithSuffix (40 bytes)
  15108 1321    b        java.util.Random::nextBoolean (14 bytes)
  15109 1322    b        java.util.stream.StreamOpFlag::fromCharacteristics (37 bytes)
  15111 1323    b        java.util.stream.AbstractPipeline::<init> (55 bytes)
  15114 1324    b        java.util.stream.AbstractSpinedBuffer::count (31 bytes)
  15115 1325    b        java.util.stream.AbstractPipeline::sourceSpliterator (265 bytes)
  15117 1326    b        java.util.stream.AbstractPipeline::wrapAndCopyInto (18 bytes)
  15130 1327    b        java.util.stream.AbstractPipeline::wrapSink (37 bytes)
  15132 1328    b        java.util.stream.AbstractPipeline::copyInto (54 bytes)
  15142  873             jdk.internal.mindex.M3PC::sameInputs (24 bytes)   made not entrant
  15142  265             java.util.Arrays::equals (57 bytes)   made not entrant
  15142 1329    b        java.lang.invoke.MethodHandleNatives::refKindIsMethod (19 bytes)
  15143 1019             java.lang.invoke.DirectMethodHandle::preparedLambdaForm (31 bytes)   made not entrant
  15143  705             java.lang.invoke.MethodType::makeImpl (109 bytes)   made not entrant
  15143  140   !         java.lang.ref.NativeReferenceQueue::poll (28 bytes)   made not entrant
  15143  128             java.lang.ref.ReferenceQueue::headIsNull (13 bytes)   made not entrant
  15143 1330    b        java.lang.ref.ReferenceQueue::poll0 (65 bytes)
  15147 1331   !b        java.lang.ref.NativeReferenceQueue::poll (28 bytes)
  15153 1332   !b        java.util.concurrent.ConcurrentHashMap::replaceNode (437 bytes)
  15167  684             java.lang.invoke.MethodTypeForm::cachedLambdaForm (23 bytes)   made not entrant
  15167  299             java.lang.ref.SoftReference::get (29 bytes)   made not entrant
  15170 1333    b        java.lang.reflect.Modifier::isFinal (13 bytes)
  15174  751             java.lang.Integer::stringSize (47 bytes)   made not entrant
  15174 1190             java.lang.Integer::getChars (121 bytes)   made not entrant
  15174 1260             java.util.stream.IntPipeline$1$1::accept (23 bytes)   made not entrant
  15174 1334    b        java.util.stream.IntPipeline$1$1::accept (23 bytes)
  15179 1314             java.util.Spliterator::getExactSizeIfKnown (25 bytes)   made not entrant
  15179 1225             java.util.Random::nextInt (74 bytes)   made not entrant
  15179 1335    b        java.lang.Integer::stringSize (47 bytes)
  15181 1336    b        java.lang.Integer::getChars (121 bytes)
  15191 1322             java.util.stream.StreamOpFlag::fromCharacteristics (37 bytes)   made not entrant
  15191 1326             java.util.stream.AbstractPipeline::wrapAndCopyInto (18 bytes)   made not entrant
  15191 1337    b        jdk.internal.util.random.RandomSupport::boundedNextInt (109 bytes)
  15194 1338    b        java.util.Random::nextInt (7 bytes)
  15195 1339    b        java.lang.Integer::toString (55 bytes)
  15200 1328             java.util.stream.AbstractPipeline::copyInto (54 bytes)   made not entrant
  15200 1340    b        jdk.internal.util.random.RandomSupport$RandomSpliterator::characteristics (4 bytes)
  15201 1341 %  b        java.util.Arrays::equals @ 30 (57 bytes)
  15204 1342    b        java.util.Arrays::equals (57 bytes)
  15207 1343 %  b        jdk.internal.mindex.M3PC::of @ 83 (136 bytes)
  15220 1344    b        jdk.internal.mindex.M3PC::of (136 bytes)
  15247 1345    b        java.util.ImmutableCollections$AbstractImmutableCollection::<init> (5 bytes)
  15248 1344             jdk.internal.mindex.M3PC::of (136 bytes)   made not entrant
  15248 1346    b        jdk.internal.mindex.M3PC::of (136 bytes)
  15282 1347    b        java.util.Spliterator::getExactSizeIfKnown (25 bytes)
  15284 1348    b        java.util.stream.StreamOpFlag::fromCharacteristics (37 bytes)
  15285 1349    b        java.util.stream.AbstractPipeline::wrapAndCopyInto (18 bytes)
  15305 1350    b        java.util.ArrayList::isEmpty (13 bytes)
  15306 1351    b        com.m3.cb.CBProbe::key (23 bytes)
  15307 1352    b        jdk.internal.mindex.M3PC::sameInputs (24 bytes)
  15312 1353    b        java.util.Random::nextInt (74 bytes)
  15314 1354 %  b        java.util.ImmutableCollections$AbstractImmutableList::equals @ 34 (89 bytes)
  15320 1355    b        java.util.ImmutableCollections$AbstractImmutableList::equals (89 bytes)
  15327 1356    b        java.util.stream.AbstractPipeline::evaluateToArrayNode (78 bytes)
  15345 1357    b        java.util.stream.AbstractPipeline::evaluate (44 bytes)
  15355 1358    b        java.util.stream.AbstractPipeline::exactOutputSizeIfKnown (86 bytes)
  15358 1359    b        java.util.stream.StreamSupport::intStream (14 bytes)
  15362 1360    b        java.util.stream.IntPipeline$Head::<init> (8 bytes)
  15364 1361    b        java.util.stream.IntPipeline::<init> (8 bytes)
  15367 1362    b        java.util.stream.IntPipeline::mapToObj (15 bytes)
  15368 1363    b        java.util.stream.IntPipeline$1::<init> (15 bytes)
  15370 1364    b        java.util.stream.IntPipeline$1::opWrapSink (10 bytes)
  15372 1365    b        java.util.stream.IntPipeline$1$1::<init> (11 bytes)
  15375 1366    b        java.util.stream.Sink$ChainedInt::<init> (16 bytes)
  15377 1367    b        java.util.ImmutableCollections$AbstractImmutableList::<init> (5 bytes)
  15377 1368    b        java.util.ArrayList::<init> (65 bytes)
  15385 1369    b        java.util.ImmutableCollections$ListN::<init> (15 bytes)
  15387 1370    b        java.util.stream.ReferencePipeline::toArray (18 bytes)
  15388 1371    b        java.util.stream.Nodes::flatten (70 bytes)
  15389 1372    b        java.util.stream.Nodes$ArrayNode::asArray (25 bytes)
  15390 1373    b        java.util.Random::ints (9 bytes)
  15392 1374    b        jdk.internal.util.random.RandomSupport$AbstractSpliteratorGenerator::ints (27 bytes)
  15395 1375    b        jdk.internal.util.random.RandomSupport::checkStreamSize (17 bytes)
  15395 1376    b        jdk.internal.util.random.RandomSupport::checkRange (16 bytes)
  15396 1377    b        jdk.internal.util.random.RandomSupport$RandomIntsSpliterator::<init> (25 bytes)
  15397 1378    b        jdk.internal.util.random.RandomSupport$RandomSpliterator::<init> (15 bytes)
  15398 1379    b        jdk.internal.util.random.RandomSupport$AbstractSpliteratorGenerator::intStream (6 bytes)
  15398 1380    b        java.util.stream.IntPipeline::mapToObj (18 bytes)
  15400 1381    b        java.util.stream.ReferencePipeline::toList (13 bytes)
  15403 1382   !b        jdk.internal.access.SharedSecrets::getJavaUtilCollectionAccess (26 bytes)
  15403 1383    b        java.util.stream.ReferencePipeline::toArray (10 bytes)
  15405 1384    b        java.util.ImmutableCollections$Access$1::listFromTrustedArrayNullsAllowed (5 bytes)
  15406 1385    b        java.util.ImmutableCollections::listFromTrustedArrayNullsAllowed (42 bytes)
  15407 1386    b        java.util.ArrayList::set (24 bytes)
  15417 1387    b        java.lang.ref.ReferenceQueue::headIsNull (13 bytes)
  15419  823   !         java.util.ImmutableCollections$ListItr::next (34 bytes)   made not entrant
  15419  401             java.lang.Class::getInterfaces (49 bytes)   made not entrant
  15419  298             java.lang.Class::reflectionData (43 bytes)   made not entrant
  15423 1286             java.util.TimSort::countRunAndMakeAscending (128 bytes)   made not entrant
  15478 1285             java.lang.ref.Reference::enqueueFromPending (19 bytes)   made not entrant
  15490  197             java.lang.invoke.MethodType$ConcurrentWeakInternSet::get (47 bytes)   made not entrant
PASS checks=4525 owner=java.base
