sha256	bytes	path
75ddf05d07f537ace036cfa6d490aa2849213d386fb14fff6736198cb45c068b	2214350	SOURCE-CLOSURE.json
89d43693f508c723e431296cc06f611c8de4f94df8eaddea95a2c7742feb0574	33814	package_evidence.py
c54039b95dcf606870baa17ed872d71f8ffd9d5fc33d2d5a8f7bd3e96ae28363	1401	sc0/project/README.md
8015207ce502d22955f7f77697177e5939fa1e25be7cd74be89c639335ae48e6	12032	sc0/project/dependency-source/com/m3/rewrite/backport/M3Jdk21HashPinnedTextSnapshotRecipe.java
876b6fd3cd13ab3dc134e8ae51706b5a399a491d5a6411443ae7f1e251fe15ba	3680	sc0/project/pom.xml
fa46f833f0831673553404263d9691819cb06e97e8638264e5a41ec55f049cd7	39816	sc0/project/proof.py
0e7206684835471b8e79c6a6262483be1030dafd48f235d57754da9be61e48d2	544	sc0/project/src/main/resources/META-INF/rewrite/sc0-orders.yml
11dbeb330e54fe09372b8ddf28014b67f4813ae9cdaa4509b112143d7b08e506	335	sc0/project/src/main/resources/META-INF/rewrite/sc0-spc.yml
6495988cb6ec9ba66659f4fd2a56fccf2735a944c2b6ed401b270eaec5db6a9e	1177	sc0/project/src/main/resources/com/m3/rewrite/backport/jdk21-hash-pinned-text/sc0-spc/manifest.tsv
c0af7bc99ace3f9dcc5e0e9085d9bac66eeb1a497b2153a54bb11ca250916c14	778	sc0/project/src/main/resources/com/m3/rewrite/backport/jdk21-hash-pinned-text/sc0-spc/target-1.txt
dab4ded7bc1558a151376bc3b882403f22138981377249d85114fa9186cb7657	79659	sc0/project/src/main/resources/com/m3/rewrite/backport/jdk21-hash-pinned-text/sc0-spc/target-2.txt
1fd4c8d856e7de971c874936ef8561167041cd3c087e6ad8796d3225cc6087dc	51207	sc0/project/src/main/resources/com/m3/rewrite/backport/jdk21-hash-pinned-text/sc0-spc/target-3.txt
1a713463413df2684791ef1a214db69a7e5b23da888e61983c6b4902cef9c639	3300	sc0/project/src/main/resources/com/m3/rewrite/backport/jdk21-hash-pinned-text/sc0-spc/target-4.txt
1fd4c8d856e7de971c874936ef8561167041cd3c087e6ad8796d3225cc6087dc	51207	sc0/project/src/main/resources/com/m3/rewrite/backport/jdk21-hash-pinned-text/sc0-spc/target-5.txt
cf01bc7b3334180ee17932ab71e18d3271f9fb766128dba2fbdc0891505eccff	439	sc0/project/src/main/resources/composition-orders.json
c5474bd26c5eb60316c35b548dcf7e5111cd9d614670797cd8f4cdf53244777f	3560	sc0/project/src/main/resources/qualification.json
28415a31b71b949d5ca7fb86e1baff7066acbff79c9067598b6589d8962b12b2	29474	sc0/project/src/test/java/com/synexia/rewrite/Sc0RecipeTest.java
55cf0228bc55016de89f71104895e3c9fd408ec05dc32640452914ca53f42170	778	sc0/project/src/test/resources/before/m3/runtime-integration/fix-root-ascii-case/manifest.json
0d8ad720976c1de51cf8accad95cc149a06abfe2187041fcc25d524c1f630e09	79652	sc0/project/src/test/resources/before/m3/tooling/image-gates/current-c0.json
1ed409eba2ba7135f22163288cc835b3f6c532f47bb2551ae1c4786fccd6079e	49580	sc0/project/src/test/resources/before/m3/tooling/migration-recipes/src/main/resources/com/m3/rewrite/backport/jdk21-hash-pinned/jdk22-m3-string-history-convergence/03-M3StringPrecomputeSearchTest.java.txt
d67ddc1cc759f042871c680d9510b929da4fd6b0523b43e966139cbe8ddace3b	3300	sc0/project/src/test/resources/before/m3/tooling/migration-recipes/src/main/resources/com/m3/rewrite/backport/jdk21-hash-pinned/jdk22-m3-string-history-convergence/manifest.tsv
825bf78d1684665fb85c3a93241700cb1e5d9403f9cb71603db7208303abcc56	51206	sc0/project/src/test/resources/before/test/jdk/java/lang/String/M3StringPrecomputeSearchTest.java
209e53b63028c2c0c6a1d796fb10b648024d298e104296df6291ec14c1e6d8b1	881	sc0/trials/producer-v1/PATCH.json
93a0a751404f26418165bcd9287b90287214d8c8f3213ce1baf1c975ccaa3fd6	7899	sc0/trials/producer-v1/RESULT.json
acb6b13d302eb5e2281832bece0e95a8c08eed9112357b5ec4908d6556076088	5146	sc0/trials/producer-v1/build-artifacts.json
d6797cc66f6b4145faea581f69aae9c58d211c750b6e38d9269842fbbf4b52db	1825	sc0/trials/producer-v1/chain/01-static.json
e3b0c44298fc1c149afbf4c8996fb92427ae41e4649b934ca495991b7852b855	0	sc0/trials/producer-v1/chain/01-static.stderr.log
c621fb5dd8109efe3d08ef5d3c02eea41f50554dcab82748f14fd59a7d22b3b8	519	sc0/trials/producer-v1/chain/01-static.stdout.log
08b058df638f7796a623f4c2889443f0d9c2c9b419dd361be2086a8c04d42d71	2561	sc0/trials/producer-v1/chain/02-compile.json
e3b0c44298fc1c149afbf4c8996fb92427ae41e4649b934ca495991b7852b855	0	sc0/trials/producer-v1/chain/02-compile.stderr.log
7f70e44c34309dde839afa1675999e08589a0c144ee0a5133253c3b745468385	1419	sc0/trials/producer-v1/chain/02-compile.stdout.log
54f06ce13586eb96b52050e61d8ce51d304c17a5f1e5bcbd1a122e9b166ae64b	2868	sc0/trials/producer-v1/chain/03-tests.json
9ddf3781b5e43a87b1d67caac2bc4b251f9ce8d77c509c8369129f4b0359fd55	210	sc0/trials/producer-v1/chain/03-tests.stderr.log
6bec82ad425ed71856ccef6525bd58065134ccee42fd5d28f74dedbf040d4677	1207	sc0/trials/producer-v1/chain/03-tests.stdout.log
3764149872bf2c7e5f139550a94f5ac766b0ce04fe1c6a55f4d9a44a10053684	9949	sc0/trials/producer-v1/chain/04-runtime.json
9ddf3781b5e43a87b1d67caac2bc4b251f9ce8d77c509c8369129f4b0359fd55	210	sc0/trials/producer-v1/chain/04-runtime.stderr.log
6f41d4289e08e57e420e5b8bbb949400896a7078966d00dd714fd55f7d8fb02b	153	sc0/trials/producer-v1/chain/04-runtime.stdout.log
0f98baf6c2c73f433ce33234c0be3bce09e7cb9fb2f207356fe4d2da0eacc646	11533	sc0/trials/producer-v1/commands.json
3e9df04fcc1e555dc3ea245cb4dd0a9a1fc6d59635412796c5cfa2e0afd704ac	10215	sc0/trials/producer-v1/generated-candidate/OUTPUT.json
ec7fdc7982fb909d4ce1727bbc233241149cbcdd056da5f79984245da4915477	167301	sc0/trials/producer-v1/generated-candidate/candidate.patch
e3b0c44298fc1c149afbf4c8996fb92427ae41e4649b934ca495991b7852b855	0	sc0/trials/producer-v1/generated-candidate/composition/Forward/01-Spc-replay.patch
ec7fdc7982fb909d4ce1727bbc233241149cbcdd056da5f79984245da4915477	167301	sc0/trials/producer-v1/generated-candidate/composition/Forward/01-Spc.patch
e3b0c44298fc1c149afbf4c8996fb92427ae41e4649b934ca495991b7852b855	0	sc0/trials/producer-v1/generated-candidate/composition/Reverse/01-Spc-replay.patch
ec7fdc7982fb909d4ce1727bbc233241149cbcdd056da5f79984245da4915477	167301	sc0/trials/producer-v1/generated-candidate/composition/Reverse/01-Spc.patch
c0af7bc99ace3f9dcc5e0e9085d9bac66eeb1a497b2153a54bb11ca250916c14	778	sc0/trials/producer-v1/generated-candidate/m3/runtime-integration/fix-root-ascii-case/manifest.json
dab4ded7bc1558a151376bc3b882403f22138981377249d85114fa9186cb7657	79659	sc0/trials/producer-v1/generated-candidate/m3/tooling/image-gates/current-c0.json
1fd4c8d856e7de971c874936ef8561167041cd3c087e6ad8796d3225cc6087dc	51207	sc0/trials/producer-v1/generated-candidate/m3/tooling/migration-recipes/src/main/resources/com/m3/rewrite/backport/jdk21-hash-pinned/jdk22-m3-string-history-convergence/03-M3StringPrecomputeSearchTest.java.txt
1a713463413df2684791ef1a214db69a7e5b23da888e61983c6b4902cef9c639	3300	sc0/trials/producer-v1/generated-candidate/m3/tooling/migration-recipes/src/main/resources/com/m3/rewrite/backport/jdk21-hash-pinned/jdk22-m3-string-history-convergence/manifest.tsv
1fd4c8d856e7de971c874936ef8561167041cd3c087e6ad8796d3225cc6087dc	51207	sc0/trials/producer-v1/generated-candidate/test/jdk/java/lang/String/M3StringPrecomputeSearchTest.java
21bd1e90d2a399d7bc91000889666c425a159b210a9634d8ad479d1de60d1932	545984	sc0/trials/producer-v1/inputs.json
ca18abe2dbdac874980c0963a40e7d89b30f3b147056420fea7f37659125efd1	674	sc0/trials/producer-v1/junit.json
c54039b95dcf606870baa17ed872d71f8ffd9d5fc33d2d5a8f7bd3e96ae28363	1401	sc0/trials/producer-v1/project/README.md
8015207ce502d22955f7f77697177e5939fa1e25be7cd74be89c639335ae48e6	12032	sc0/trials/producer-v1/project/dependency-source/com/m3/rewrite/backport/M3Jdk21HashPinnedTextSnapshotRecipe.java
876b6fd3cd13ab3dc134e8ae51706b5a399a491d5a6411443ae7f1e251fe15ba	3680	sc0/trials/producer-v1/project/pom.xml
fa46f833f0831673553404263d9691819cb06e97e8638264e5a41ec55f049cd7	39816	sc0/trials/producer-v1/project/proof.py
0e7206684835471b8e79c6a6262483be1030dafd48f235d57754da9be61e48d2	544	sc0/trials/producer-v1/project/src/main/resources/META-INF/rewrite/sc0-orders.yml
11dbeb330e54fe09372b8ddf28014b67f4813ae9cdaa4509b112143d7b08e506	335	sc0/trials/producer-v1/project/src/main/resources/META-INF/rewrite/sc0-spc.yml
6495988cb6ec9ba66659f4fd2a56fccf2735a944c2b6ed401b270eaec5db6a9e	1177	sc0/trials/producer-v1/project/src/main/resources/com/m3/rewrite/backport/jdk21-hash-pinned-text/sc0-spc/manifest.tsv
c0af7bc99ace3f9dcc5e0e9085d9bac66eeb1a497b2153a54bb11ca250916c14	778	sc0/trials/producer-v1/project/src/main/resources/com/m3/rewrite/backport/jdk21-hash-pinned-text/sc0-spc/target-1.txt
dab4ded7bc1558a151376bc3b882403f22138981377249d85114fa9186cb7657	79659	sc0/trials/producer-v1/project/src/main/resources/com/m3/rewrite/backport/jdk21-hash-pinned-text/sc0-spc/target-2.txt
1fd4c8d856e7de971c874936ef8561167041cd3c087e6ad8796d3225cc6087dc	51207	sc0/trials/producer-v1/project/src/main/resources/com/m3/rewrite/backport/jdk21-hash-pinned-text/sc0-spc/target-3.txt
1a713463413df2684791ef1a214db69a7e5b23da888e61983c6b4902cef9c639	3300	sc0/trials/producer-v1/project/src/main/resources/com/m3/rewrite/backport/jdk21-hash-pinned-text/sc0-spc/target-4.txt
1fd4c8d856e7de971c874936ef8561167041cd3c087e6ad8796d3225cc6087dc	51207	sc0/trials/producer-v1/project/src/main/resources/com/m3/rewrite/backport/jdk21-hash-pinned-text/sc0-spc/target-5.txt
cf01bc7b3334180ee17932ab71e18d3271f9fb766128dba2fbdc0891505eccff	439	sc0/trials/producer-v1/project/src/main/resources/composition-orders.json
c5474bd26c5eb60316c35b548dcf7e5111cd9d614670797cd8f4cdf53244777f	3560	sc0/trials/producer-v1/project/src/main/resources/qualification.json
28415a31b71b949d5ca7fb86e1baff7066acbff79c9067598b6589d8962b12b2	29474	sc0/trials/producer-v1/project/src/test/java/com/synexia/rewrite/Sc0RecipeTest.java
55cf0228bc55016de89f71104895e3c9fd408ec05dc32640452914ca53f42170	778	sc0/trials/producer-v1/project/src/test/resources/before/m3/runtime-integration/fix-root-ascii-case/manifest.json
0d8ad720976c1de51cf8accad95cc149a06abfe2187041fcc25d524c1f630e09	79652	sc0/trials/producer-v1/project/src/test/resources/before/m3/tooling/image-gates/current-c0.json
1ed409eba2ba7135f22163288cc835b3f6c532f47bb2551ae1c4786fccd6079e	49580	sc0/trials/producer-v1/project/src/test/resources/before/m3/tooling/migration-recipes/src/main/resources/com/m3/rewrite/backport/jdk21-hash-pinned/jdk22-m3-string-history-convergence/03-M3StringPrecomputeSearchTest.java.txt
d67ddc1cc759f042871c680d9510b929da4fd6b0523b43e966139cbe8ddace3b	3300	sc0/trials/producer-v1/project/src/test/resources/before/m3/tooling/migration-recipes/src/main/resources/com/m3/rewrite/backport/jdk21-hash-pinned/jdk22-m3-string-history-convergence/manifest.tsv
825bf78d1684665fb85c3a93241700cb1e5d9403f9cb71603db7208303abcc56	51206	sc0/trials/producer-v1/project/src/test/resources/before/test/jdk/java/lang/String/M3StringPrecomputeSearchTest.java
0e7206684835471b8e79c6a6262483be1030dafd48f235d57754da9be61e48d2	544	sc0/trials/producer-v1/project/target/classes/META-INF/rewrite/sc0-orders.yml
11dbeb330e54fe09372b8ddf28014b67f4813ae9cdaa4509b112143d7b08e506	335	sc0/trials/producer-v1/project/target/classes/META-INF/rewrite/sc0-spc.yml
6495988cb6ec9ba66659f4fd2a56fccf2735a944c2b6ed401b270eaec5db6a9e	1177	sc0/trials/producer-v1/project/target/classes/com/m3/rewrite/backport/jdk21-hash-pinned-text/sc0-spc/manifest.tsv
c0af7bc99ace3f9dcc5e0e9085d9bac66eeb1a497b2153a54bb11ca250916c14	778	sc0/trials/producer-v1/project/target/classes/com/m3/rewrite/backport/jdk21-hash-pinned-text/sc0-spc/target-1.txt
dab4ded7bc1558a151376bc3b882403f22138981377249d85114fa9186cb7657	79659	sc0/trials/producer-v1/project/target/classes/com/m3/rewrite/backport/jdk21-hash-pinned-text/sc0-spc/target-2.txt
1fd4c8d856e7de971c874936ef8561167041cd3c087e6ad8796d3225cc6087dc	51207	sc0/trials/producer-v1/project/target/classes/com/m3/rewrite/backport/jdk21-hash-pinned-text/sc0-spc/target-3.txt
1a713463413df2684791ef1a214db69a7e5b23da888e61983c6b4902cef9c639	3300	sc0/trials/producer-v1/project/target/classes/com/m3/rewrite/backport/jdk21-hash-pinned-text/sc0-spc/target-4.txt
1fd4c8d856e7de971c874936ef8561167041cd3c087e6ad8796d3225cc6087dc	51207	sc0/trials/producer-v1/project/target/classes/com/m3/rewrite/backport/jdk21-hash-pinned-text/sc0-spc/target-5.txt
cf01bc7b3334180ee17932ab71e18d3271f9fb766128dba2fbdc0891505eccff	439	sc0/trials/producer-v1/project/target/classes/composition-orders.json
c5474bd26c5eb60316c35b548dcf7e5111cd9d614670797cd8f4cdf53244777f	3560	sc0/trials/producer-v1/project/target/classes/qualification.json
4df320aef2448cbc442ffc9ba268ac9c874de9e1f4be822fe60e5acfb3837e53	351	sc0/trials/producer-v1/project/target/maven-status/maven-compiler-plugin/compile/default-compile/createdFiles.lst
e8984d6e0864f193497e843b0230270f84e3583764b8055e4767d270ee78cf1c	200	sc0/trials/producer-v1/project/target/maven-status/maven-compiler-plugin/compile/default-compile/inputFiles.lst
3625d8f2715ef5ff6be176cdc31451e57ce0f9fd05788946a32c639671d06af7	293	sc0/trials/producer-v1/project/target/maven-status/maven-compiler-plugin/testCompile/default-testCompile/createdFiles.lst
9489f6416d2452c9e1c4133342d81c7e3246ef57b53ce048c6dbf6e09c477bda	170	sc0/trials/producer-v1/project/target/maven-status/maven-compiler-plugin/testCompile/default-testCompile/inputFiles.lst
fd894f340e5fbfd2a345cc6eb9da1d6702722e47a9529ffabce520cbffe39b3b	20534	sc0/trials/producer-v1/project/target/surefire-reports/TEST-com.synexia.rewrite.Sc0RecipeTest.xml
6c3e19db76ff4e59af5e7672ad057f417e8574c01510393a015dcff6dccdf464	316	sc0/trials/producer-v1/project/target/surefire-reports/com.synexia.rewrite.Sc0RecipeTest.txt
55cf0228bc55016de89f71104895e3c9fd408ec05dc32640452914ca53f42170	778	sc0/trials/producer-v1/project/target/test-classes/before/m3/runtime-integration/fix-root-ascii-case/manifest.json
0d8ad720976c1de51cf8accad95cc149a06abfe2187041fcc25d524c1f630e09	79652	sc0/trials/producer-v1/project/target/test-classes/before/m3/tooling/image-gates/current-c0.json
1ed409eba2ba7135f22163288cc835b3f6c532f47bb2551ae1c4786fccd6079e	49580	sc0/trials/producer-v1/project/target/test-classes/before/m3/tooling/migration-recipes/src/main/resources/com/m3/rewrite/backport/jdk21-hash-pinned/jdk22-m3-string-history-convergence/03-M3StringPrecomputeSearchTest.java.txt
d67ddc1cc759f042871c680d9510b929da4fd6b0523b43e966139cbe8ddace3b	3300	sc0/trials/producer-v1/project/target/test-classes/before/m3/tooling/migration-recipes/src/main/resources/com/m3/rewrite/backport/jdk21-hash-pinned/jdk22-m3-string-history-convergence/manifest.tsv
825bf78d1684665fb85c3a93241700cb1e5d9403f9cb71603db7208303abcc56	51206	sc0/trials/producer-v1/project/target/test-classes/before/test/jdk/java/lang/String/M3StringPrecomputeSearchTest.java
243e41461ab1f7873d2014a5b105f88df33f4863b4e69272ef56561cd96bb56d	6979	sc0/trials/producer-v1/runtime-classpath.txt
db0a4558ad18197fa4b384c0769f1468aaea3964b0a3f2e99a992c86c111aabd	4353	sc0/trials/producer-v1/runtime.json
39002aa9f678fb576a54313cd845267f41dc51c70f34eece363c2547126c33eb	88027	sc0/trials/producer-v1/spec.json
872f52e963199523911999a02f03ce07f783cf4a1339a08da017e8465bc8dd07	7921	sc0/trials/producer-v1/staging.json
06d4923c9b8a9389e3eb6463f028829fd89dca7c6d9b0599ef4239317a8b0c9d	97386	sc0/trials/producer-v1/tool-links.json
3d1f21649346a6310f87bd4694b85e892fe96c60bdb1193dce0df30b112b2697	14052	sc0/trials/producer-v1/tooling.json
e295128e282c344d975504c2b1a2ab17b5cf314bab4ccca5bcb35ecd7b4c695c	16533	sources/base-refresh-20261006-0235/source-AGENTS.md
c6998f3e00389631afc08b1eb8ffefbcb4e4f1fb6cb87fbd84d95699434b5851	17323647	sources/base-refresh-20261006-0443/native/HEAD-TREE.json
98695b228ce921d22b2e67f8bf01928c0afceda00fb81ab5794c1b8672981624	5274	sources/base-refresh-20261006-0443/native/fc0-producer-independent-review-v1/REVIEW.json
387ef4bb049c945aa67d8aa2496c5fadc4d3909e6da24615a5591ce2032d2010	320764	sources/base-refresh-20261006-0443/native/fc0-supplemental-bindings-v1/MIGRATION-PYTHON-BINDING.json
367a3a734eb51fd7fbc242e544324ca6df7996a50e7d80b8c3360a2572369540	5795	sources/base-refresh-20261006-0443/native/sc0-supplemental-bindings-v1/SEQUENTIAL-CONTEXTS.json
477b571a9194f29e7eb225472315b18d013b4ec606f4b0b4c1fea3bee280dfd6	21092	sources/current-integration-repairs/string-escape-c0-authoring-v1/DERIVATION.json
3711eed67227fdb353b7fba67b3d4e19ed0f98c8840af5941080176705ce32c3	3345	sources/current-integration-repairs/string-escape-c0-authoring-v1/FIXTURE-PLAN.json
47f8d84237d4149a9876331270156506dc07ec3753e192d79285cdf60a016536	48107	sources/current-integration-repairs/string-escape-c0-authoring-v1/HANDOFF.json
f39d552fa743789d023d81468e67d1b7597a3f1eb482fe70ad0f17c1c805dbb5	5474	sources/current-integration-repairs/string-escape-c0-authoring-v1/TARGETS.json
c0af7bc99ace3f9dcc5e0e9085d9bac66eeb1a497b2153a54bb11ca250916c14	778	sources/current-integration-repairs/string-escape-c0-authoring-v1/after/m3/runtime-integration/fix-root-ascii-case/manifest.json
dab4ded7bc1558a151376bc3b882403f22138981377249d85114fa9186cb7657	79659	sources/current-integration-repairs/string-escape-c0-authoring-v1/after/m3/tooling/image-gates/current-c0.json
1fd4c8d856e7de971c874936ef8561167041cd3c087e6ad8796d3225cc6087dc	51207	sources/current-integration-repairs/string-escape-c0-authoring-v1/after/m3/tooling/migration-recipes/src/main/resources/com/m3/rewrite/backport/jdk21-hash-pinned/jdk22-m3-string-history-convergence/03-M3StringPrecomputeSearchTest.java.txt
1a713463413df2684791ef1a214db69a7e5b23da888e61983c6b4902cef9c639	3300	sources/current-integration-repairs/string-escape-c0-authoring-v1/after/m3/tooling/migration-recipes/src/main/resources/com/m3/rewrite/backport/jdk21-hash-pinned/jdk22-m3-string-history-convergence/manifest.tsv
1fd4c8d856e7de971c874936ef8561167041cd3c087e6ad8796d3225cc6087dc	51207	sources/current-integration-repairs/string-escape-c0-authoring-v1/after/test/jdk/java/lang/String/M3StringPrecomputeSearchTest.java
36733e9cf0285ea2b2e6c52cf735a8a8b0fb0742a036bea2494e965f903e27b1	7583	sources/current-integration-repairs/string-escape-c0-authoring-v1/author.py
55cf0228bc55016de89f71104895e3c9fd408ec05dc32640452914ca53f42170	778	sources/current-integration-repairs/string-escape-c0-authoring-v1/before/m3/runtime-integration/fix-root-ascii-case/manifest.json
0d8ad720976c1de51cf8accad95cc149a06abfe2187041fcc25d524c1f630e09	79652	sources/current-integration-repairs/string-escape-c0-authoring-v1/before/m3/tooling/image-gates/current-c0.json
1ed409eba2ba7135f22163288cc835b3f6c532f47bb2551ae1c4786fccd6079e	49580	sources/current-integration-repairs/string-escape-c0-authoring-v1/before/m3/tooling/migration-recipes/src/main/resources/com/m3/rewrite/backport/jdk21-hash-pinned/jdk22-m3-string-history-convergence/03-M3StringPrecomputeSearchTest.java.txt
d67ddc1cc759f042871c680d9510b929da4fd6b0523b43e966139cbe8ddace3b	3300	sources/current-integration-repairs/string-escape-c0-authoring-v1/before/m3/tooling/migration-recipes/src/main/resources/com/m3/rewrite/backport/jdk21-hash-pinned/jdk22-m3-string-history-convergence/manifest.tsv
825bf78d1684665fb85c3a93241700cb1e5d9403f9cb71603db7208303abcc56	51206	sources/current-integration-repairs/string-escape-c0-authoring-v1/before/test/jdk/java/lang/String/M3StringPrecomputeSearchTest.java
d632f8917e2c5ec36c45280a41ac72ee2733c9037793243ef44ba681aaf05e66	165957	sources/current-integration-repairs/string-escape-c0-authoring-v1/candidate.patch
23183f91ad0f58d510cfba971ad7f98227dceed269fa1814df98b647c2ddc02d	9754	sources/current-integration-repairs/string-escape-c0-authoring-v1/fixture/StringEscapeContract.java
a95bd2f5947c346a93faa716e8c65cfe1c245afa2cf80d5119b49d5526024910	4223	sources/current-integration-repairs/string-escape-c0-authoring-v1/fixture/test_string_escape_metadata.py
c9eb51298f2a6a7a1798051c24074cd7f23a8e0805ed6d50420ff3bcd12cacb4	48850	sources/current-integration-repairs/string-escape-c0-authoring-v1/protected/m3/runtime-integration/check-m3string-invariants.py
ac3d829f7aed357e3d5cc01bb2027ac3447c5962851441c11d8dd762f91df02f	1819	sources/current-integration-repairs/string-escape-c0-authoring-v1/protected/m3/runtime-integration/fix-root-ascii-case/Fix.py
6256ac865fffedb7a8a5c2656afd5d23e893b40f737ea8f0f4afc53689fbe296	1120	sources/current-integration-repairs/string-escape-c0-authoring-v1/protected/m3/runtime-integration/fix-root-ascii-case/README.md
b44d65071df2d88f840f9bbfd7d3be1e5efd62017d1cc22fe2adf61160a63b05	2845	sources/current-integration-repairs/string-escape-c0-authoring-v1/protected/m3/runtime-integration/fix-root-ascii-case/pom.xml
6304b8d19e720e99f029add1fd3d01daaa4339eccd39732f4da387480e4d685e	2045	sources/current-integration-repairs/string-escape-c0-authoring-v1/protected/m3/runtime-integration/fix-root-ascii-case/runtime.patch
4db52d19878cbe9284a8f8aac8c705f87dc3888da2e8571c6afff8797029cfa1	5045	sources/current-integration-repairs/string-escape-c0-authoring-v1/protected/m3/runtime-integration/fix-root-ascii-case/test_fix.py
e2941c8efb9f65a886d2e6d70ef0a60efb3b74440a253c8b60da71e02b622eb0	2475	sources/current-integration-repairs/string-escape-c0-authoring-v1/protected/m3/runtime-integration/recipe/apply.py
acd49abfe66383ae325ced5adf371716f76eb164749ddb2e19a0dcf5638a4e96	8723	sources/current-integration-repairs/string-escape-c0-authoring-v1/protected/m3/tooling/image-gates/src/test/python/test_current_context.py
924f82ab0df19c7c24a9c208c93880fab36da2c9216572c33b4219d6c0208f64	16970	sources/current-integration-repairs/string-escape-c0-authoring-v1/protected/m3/tooling/image-gates/verify-current.py
0e65b26f674f68fea30151ea63a17faef2f88ca0f0679723bb3dc230fda22b72	13233	sources/current-integration-repairs/string-escape-c0-authoring-v1/protected/m3/tooling/migration-recipes/src/main/java/com/m3/rewrite/backport/M3Jdk21HashPinnedSnapshotRecipe.java
8015207ce502d22955f7f77697177e5939fa1e25be7cd74be89c639335ae48e6	12032	sources/current-integration-repairs/string-escape-c0-authoring-v1/protected/m3/tooling/migration-recipes/src/main/java/com/m3/rewrite/backport/M3Jdk21HashPinnedTextSnapshotRecipe.java
0ec838b9697ae8d587b6ff18f44f8035f5a8dd1c800e35a5e9c1400c324780d2	36091	sources/current-integration-repairs/string-escape-c0-authoring-v1/protected/m3/tooling/migration-recipes/src/main/resources/com/m3/rewrite/backport/jdk21-hash-pinned/jdk22-m3-string-history-convergence/00-M3String.java.txt
36c9cb73608cf2f7ad40be00493def3c17cfd4653b5f450750f3595d1eb677cd	14201	sources/current-integration-repairs/string-escape-c0-authoring-v1/protected/m3/tooling/migration-recipes/src/main/resources/com/m3/rewrite/backport/jdk21-hash-pinned/jdk22-m3-string-history-convergence/01-M3StringFacts.java.txt
f009146ebad1cbec3570c583ef015b09dc92ed3c3a007c6722810392fc6f9fa4	11124	sources/current-integration-repairs/string-escape-c0-authoring-v1/protected/m3/tooling/migration-recipes/src/main/resources/com/m3/rewrite/backport/jdk21-hash-pinned/jdk22-m3-string-history-convergence/02-M3StringSearchPrecompute.java.txt
e87ad6f78b55cbc0e641be2eae366d9ac576b90c2dec792ca1d2839b7a3c0564	7256	sources/current-integration-repairs/string-escape-c0-authoring-v1/protected/m3/tooling/migration-recipes/src/main/resources/com/m3/rewrite/backport/jdk21-hash-pinned/jdk22-m3-string-history-convergence/04-M3StringFactsCompositionTest.java.txt
396d7f8e5c0fe35a31616f39543df9e13fcf136ebb556658428e69fac697291c	4628	sources/current-integration-repairs/string-escape-c0-authoring-v1/protected/m3/tooling/migration-recipes/src/main/resources/com/m3/rewrite/backport/jdk21-hash-pinned/jdk22-m3-string-history-convergence/05-M3StringOwner.java.txt
5f4acd4448d72a336e3ddf325f4a040e21427cd6fff14a37868e14c98e8740e5	8069	sources/current-integration-repairs/string-escape-c0-authoring-v1/protected/m3/tooling/migration-recipes/src/main/resources/com/m3/rewrite/backport/jdk21-hash-pinned/jdk22-m3-string-history-convergence/06-M3StringAtom.java.txt
cc11b05ebbd1a3bf5ce39f11505d527d06876c3ac805c62c094169235846bbd6	3890	sources/current-integration-repairs/string-escape-c0-authoring-v1/protected/m3/tooling/migration-recipes/src/main/resources/com/m3/rewrite/backport/jdk21-hash-pinned/jdk22-m3-string-history-convergence/07-M3StringTuple.java.txt
d7c3f9fdff0b5f1dcc5272ac4b57962d3f405ec53003b79344361e5515992155	16998	sources/current-integration-repairs/string-escape-c0-authoring-v1/protected/m3/tooling/migration-recipes/src/main/resources/com/m3/rewrite/backport/jdk21-hash-pinned/jdk22-m3-string-history-convergence/08-M3TQ.java.txt
b525363dcb10e395f303ff249d9e21f0e5dabcc6cbba221bce3b55ea57daafb1	4820	sources/current-integration-repairs/string-escape-c0-authoring-v1/protected/m3/tooling/migration-recipes/src/main/resources/com/m3/rewrite/backport/jdk21-hash-pinned/jdk22-m3-string-history-convergence/09-M3TQFactsTest.java.txt
68882a345277e74065e1f31fc85f07444eb7e3164a44a4226b629c80bfcb9843	235261	sources/current-integration-repairs/string-escape-c0-authoring-v1/protected/m3/tooling/migration-recipes/src/main/resources/com/m3/rewrite/backport/jdk21-hash-pinned/jdk22-m3-string-history-convergence/10-Pattern.java.txt
8bdc84b934c398e5538319632d304a19960771c9fb8557249e3097e5fd7001a0	73098	sources/current-integration-repairs/string-escape-c0-authoring-v1/protected/m3/tooling/migration-recipes/src/main/resources/com/m3/rewrite/backport/jdk21-hash-pinned/jdk22-m3-string-history-convergence/11-Matcher.java.txt
9900b7a8baffdc05c65a73b139715e9ff543e97e171d6fbb8b013b6837919766	4805	sources/current-integration-repairs/string-escape-c0-authoring-v1/protected/m3/tooling/migration-recipes/src/main/resources/com/m3/rewrite/backport/jdk21-hash-pinned/jdk22-m3-string-history-convergence/12-M3RegexLiteralTQTest.java.txt
93f092a9ab501b2f2723c2493d6d09b2d0787f650a8dd0dea970e0632b3f6d85	27860	sources/current-integration-repairs/string-escape-c0-authoring-v1/protected/m3/tooling/migration-recipes/src/main/resources/com/m3/rewrite/backport/jdk21-hash-pinned/jdk22-m3-string-history-convergence/13-M3StringPool.java.txt
cbe3b9c940960661a0b33474cb756c6b02623bea288f29f3d0d8b9bb40ddcfa6	8919	sources/current-integration-repairs/string-escape-c0-authoring-v1/protected/m3/tooling/migration-recipes/src/main/resources/com/m3/rewrite/backport/jdk21-hash-pinned/jdk22-m3-string-history-convergence/14-M3StringPositionPrecompute.java.txt
44174b2cf60eac80ddb506a973949fec65cd4dcea977c94b424ff8c7d46cf7e4	2142	sources/current-integration-repairs/string-escape-c0-authoring-v1/protected/m3/tooling/migration-recipes/src/main/resources/com/m3/rewrite/backport/jdk21-hash-pinned/jdk22-m3-string-history-convergence/15-M3StringInternTest.java.txt
518f9f7dbdebf450973cba859525d509c3c79fce6b51c6f4cbbf563e2f5651fa	76036	sources/current-integration-repairs/string-escape-c0-authoring-v1/protected/m3/tooling/migration-recipes/src/main/resources/com/m3/rewrite/backport/jdk21-hash-pinned/jdk22-m3-string-history-convergence/16-AbstractStringBuilder.java.txt
38fbd2b10ab5f1458cdb62defac5cfbcd2aad6166c1c70212e2f0ff458e860b1	8166	sources/current-integration-repairs/string-escape-c0-authoring-v1/protected/m3/tooling/migration-recipes/src/test/java/com/m3/rewrite/backport/M3StringHistoryConvergenceRecipeTest.java
ad8f41c47e2635f8863361cb790b1c2f53f394da58e449b60a229ba6722aba3d	18329	sources/current-integration-repairs/string-escape-c0-authoring-v1/protected/m3/tooling/migration-recipes/src/test/resources/com/m3/rewrite/atom/spectrum/CORPUS.tsv
b35c642045ab22b185ed228c8fcef62383f8eafdaca09fe7268c807f68936d12	221629	sources/current-integration-repairs/string-escape-c0-authoring-v1/protected/src/java.base/share/classes/java/lang/String.java
f5980c243b5bcd5a955144e45afbae3b3a1e5764929f679052ed32bb6ea841d0	15600	sources/current-integration-repairs/string-escape-c0-authoring-v1/research/OpenRewrite-8.17.1-ReloadableJava21Parser.java
89506f20da3fec108a1e8a823b1409ecdc607d4b25b81039d3d7586d22813bf5	93620	sources/current-integration-repairs/string-escape-c0-authoring-v1/research/OpenRewrite-8.17.1-ReloadableJava21ParserVisitor.java
fcbf7e041a1465babc525f4a7c9743a5d4f57cb43a1c4bd065d3e90fbdcd1a51	32991	sources/current-integration-repairs/string-escape-c0-authoring-v1/research/RESULT.json
f16ef77ed38a0773810a9413ab3295c2a1527fce65b3ed32f4f32deae6e96127	31245	sources/current-integration-repairs/string-escape-c0-authoring-v1/research/TEST-com.m3.rewrite.backport.M3StringHistoryConvergenceRecipeTest.xml
829fc1306e5c7ba17f868b33a134d6757044ef8d915118af509b1dbf81118064	1218	sources/current-integration-repairs/string-escape-c0-authoring-v1/resources/manifest.tsv
c0af7bc99ace3f9dcc5e0e9085d9bac66eeb1a497b2153a54bb11ca250916c14	778	sources/current-integration-repairs/string-escape-c0-authoring-v1/resources/target-0.txt
dab4ded7bc1558a151376bc3b882403f22138981377249d85114fa9186cb7657	79659	sources/current-integration-repairs/string-escape-c0-authoring-v1/resources/target-1.txt
1fd4c8d856e7de971c874936ef8561167041cd3c087e6ad8796d3225cc6087dc	51207	sources/current-integration-repairs/string-escape-c0-authoring-v1/resources/target-2.txt
1a713463413df2684791ef1a214db69a7e5b23da888e61983c6b4902cef9c639	3300	sources/current-integration-repairs/string-escape-c0-authoring-v1/resources/target-3.txt
1fd4c8d856e7de971c874936ef8561167041cd3c087e6ad8796d3225cc6087dc	51207	sources/current-integration-repairs/string-escape-c0-authoring-v1/resources/target-4.txt
980139db8fd8e4984c81ee6687a7755f434c85bb3676a49279acfefac0eea4e6	21092	sources/current-integration-repairs/string-escape-c0-authoring-v2/DERIVATION.json
a7c11291599c53a613785e3000f32793870fde3ea676446d398297aafbac8d45	4340	sources/current-integration-repairs/string-escape-c0-authoring-v2/FIXTURE-PLAN.json
e2c0cfa3e5a760a279cd2844bf93df43d88af01b25b22829c42e91655b6d2131	50074	sources/current-integration-repairs/string-escape-c0-authoring-v2/HANDOFF.json
64d8572e6b2b3db87f4052b4ca5d1e43bae304816f5a1ce60f53147eff6ffd10	1257	sources/current-integration-repairs/string-escape-c0-authoring-v2/RUNTIME-LIMITATION.json
b032e44254f9696a02f3dc5538a1f0c54c28b7eddb1b6eb8fa40c5963e48b83f	5474	sources/current-integration-repairs/string-escape-c0-authoring-v2/TARGETS.json
b2d67bcd6f082158f8f4ffac575859fc72495530dbc0b307d8ca7b25566cedb0	1483	sources/current-integration-repairs/string-escape-c0-authoring-v2/V1-TO-V2.json
c0af7bc99ace3f9dcc5e0e9085d9bac66eeb1a497b2153a54bb11ca250916c14	778	sources/current-integration-repairs/string-escape-c0-authoring-v2/after/m3/runtime-integration/fix-root-ascii-case/manifest.json
dab4ded7bc1558a151376bc3b882403f22138981377249d85114fa9186cb7657	79659	sources/current-integration-repairs/string-escape-c0-authoring-v2/after/m3/tooling/image-gates/current-c0.json
1fd4c8d856e7de971c874936ef8561167041cd3c087e6ad8796d3225cc6087dc	51207	sources/current-integration-repairs/string-escape-c0-authoring-v2/after/m3/tooling/migration-recipes/src/main/resources/com/m3/rewrite/backport/jdk21-hash-pinned/jdk22-m3-string-history-convergence/03-M3StringPrecomputeSearchTest.java.txt
1a713463413df2684791ef1a214db69a7e5b23da888e61983c6b4902cef9c639	3300	sources/current-integration-repairs/string-escape-c0-authoring-v2/after/m3/tooling/migration-recipes/src/main/resources/com/m3/rewrite/backport/jdk21-hash-pinned/jdk22-m3-string-history-convergence/manifest.tsv
1fd4c8d856e7de971c874936ef8561167041cd3c087e6ad8796d3225cc6087dc	51207	sources/current-integration-repairs/string-escape-c0-authoring-v2/after/test/jdk/java/lang/String/M3StringPrecomputeSearchTest.java
36733e9cf0285ea2b2e6c52cf735a8a8b0fb0742a036bea2494e965f903e27b1	7583	sources/current-integration-repairs/string-escape-c0-authoring-v2/author.py
55cf0228bc55016de89f71104895e3c9fd408ec05dc32640452914ca53f42170	778	sources/current-integration-repairs/string-escape-c0-authoring-v2/before/m3/runtime-integration/fix-root-ascii-case/manifest.json
0d8ad720976c1de51cf8accad95cc149a06abfe2187041fcc25d524c1f630e09	79652	sources/current-integration-repairs/string-escape-c0-authoring-v2/before/m3/tooling/image-gates/current-c0.json
1ed409eba2ba7135f22163288cc835b3f6c532f47bb2551ae1c4786fccd6079e	49580	sources/current-integration-repairs/string-escape-c0-authoring-v2/before/m3/tooling/migration-recipes/src/main/resources/com/m3/rewrite/backport/jdk21-hash-pinned/jdk22-m3-string-history-convergence/03-M3StringPrecomputeSearchTest.java.txt
d67ddc1cc759f042871c680d9510b929da4fd6b0523b43e966139cbe8ddace3b	3300	sources/current-integration-repairs/string-escape-c0-authoring-v2/before/m3/tooling/migration-recipes/src/main/resources/com/m3/rewrite/backport/jdk21-hash-pinned/jdk22-m3-string-history-convergence/manifest.tsv
825bf78d1684665fb85c3a93241700cb1e5d9403f9cb71603db7208303abcc56	51206	sources/current-integration-repairs/string-escape-c0-authoring-v2/before/test/jdk/java/lang/String/M3StringPrecomputeSearchTest.java
d632f8917e2c5ec36c45280a41ac72ee2733c9037793243ef44ba681aaf05e66	165957	sources/current-integration-repairs/string-escape-c0-authoring-v2/candidate.patch
d43b34710f0fc36be702f8ed194d3bbb6194c05e75d0fec1815389a86d34faf4	2426	sources/current-integration-repairs/string-escape-c0-authoring-v2/fixture-v2.patch
8b552783c584748e3b01c02cddc50a8f5ba85eaeff85f3c1e43e3857a7a0f560	10487	sources/current-integration-repairs/string-escape-c0-authoring-v2/fixture/StringEscapeContract.java
a95bd2f5947c346a93faa716e8c65cfe1c245afa2cf80d5119b49d5526024910	4223	sources/current-integration-repairs/string-escape-c0-authoring-v2/fixture/test_string_escape_metadata.py
c9eb51298f2a6a7a1798051c24074cd7f23a8e0805ed6d50420ff3bcd12cacb4	48850	sources/current-integration-repairs/string-escape-c0-authoring-v2/protected/m3/runtime-integration/check-m3string-invariants.py
ac3d829f7aed357e3d5cc01bb2027ac3447c5962851441c11d8dd762f91df02f	1819	sources/current-integration-repairs/string-escape-c0-authoring-v2/protected/m3/runtime-integration/fix-root-ascii-case/Fix.py
6256ac865fffedb7a8a5c2656afd5d23e893b40f737ea8f0f4afc53689fbe296	1120	sources/current-integration-repairs/string-escape-c0-authoring-v2/protected/m3/runtime-integration/fix-root-ascii-case/README.md
b44d65071df2d88f840f9bbfd7d3be1e5efd62017d1cc22fe2adf61160a63b05	2845	sources/current-integration-repairs/string-escape-c0-authoring-v2/protected/m3/runtime-integration/fix-root-ascii-case/pom.xml
6304b8d19e720e99f029add1fd3d01daaa4339eccd39732f4da387480e4d685e	2045	sources/current-integration-repairs/string-escape-c0-authoring-v2/protected/m3/runtime-integration/fix-root-ascii-case/runtime.patch
4db52d19878cbe9284a8f8aac8c705f87dc3888da2e8571c6afff8797029cfa1	5045	sources/current-integration-repairs/string-escape-c0-authoring-v2/protected/m3/runtime-integration/fix-root-ascii-case/test_fix.py
e2941c8efb9f65a886d2e6d70ef0a60efb3b74440a253c8b60da71e02b622eb0	2475	sources/current-integration-repairs/string-escape-c0-authoring-v2/protected/m3/runtime-integration/recipe/apply.py
acd49abfe66383ae325ced5adf371716f76eb164749ddb2e19a0dcf5638a4e96	8723	sources/current-integration-repairs/string-escape-c0-authoring-v2/protected/m3/tooling/image-gates/src/test/python/test_current_context.py
924f82ab0df19c7c24a9c208c93880fab36da2c9216572c33b4219d6c0208f64	16970	sources/current-integration-repairs/string-escape-c0-authoring-v2/protected/m3/tooling/image-gates/verify-current.py
0e65b26f674f68fea30151ea63a17faef2f88ca0f0679723bb3dc230fda22b72	13233	sources/current-integration-repairs/string-escape-c0-authoring-v2/protected/m3/tooling/migration-recipes/src/main/java/com/m3/rewrite/backport/M3Jdk21HashPinnedSnapshotRecipe.java
8015207ce502d22955f7f77697177e5939fa1e25be7cd74be89c639335ae48e6	12032	sources/current-integration-repairs/string-escape-c0-authoring-v2/protected/m3/tooling/migration-recipes/src/main/java/com/m3/rewrite/backport/M3Jdk21HashPinnedTextSnapshotRecipe.java
0ec838b9697ae8d587b6ff18f44f8035f5a8dd1c800e35a5e9c1400c324780d2	36091	sources/current-integration-repairs/string-escape-c0-authoring-v2/protected/m3/tooling/migration-recipes/src/main/resources/com/m3/rewrite/backport/jdk21-hash-pinned/jdk22-m3-string-history-convergence/00-M3String.java.txt
36c9cb73608cf2f7ad40be00493def3c17cfd4653b5f450750f3595d1eb677cd	14201	sources/current-integration-repairs/string-escape-c0-authoring-v2/protected/m3/tooling/migration-recipes/src/main/resources/com/m3/rewrite/backport/jdk21-hash-pinned/jdk22-m3-string-history-convergence/01-M3StringFacts.java.txt
f009146ebad1cbec3570c583ef015b09dc92ed3c3a007c6722810392fc6f9fa4	11124	sources/current-integration-repairs/string-escape-c0-authoring-v2/protected/m3/tooling/migration-recipes/src/main/resources/com/m3/rewrite/backport/jdk21-hash-pinned/jdk22-m3-string-history-convergence/02-M3StringSearchPrecompute.java.txt
e87ad6f78b55cbc0e641be2eae366d9ac576b90c2dec792ca1d2839b7a3c0564	7256	sources/current-integration-repairs/string-escape-c0-authoring-v2/protected/m3/tooling/migration-recipes/src/main/resources/com/m3/rewrite/backport/jdk21-hash-pinned/jdk22-m3-string-history-convergence/04-M3StringFactsCompositionTest.java.txt
396d7f8e5c0fe35a31616f39543df9e13fcf136ebb556658428e69fac697291c	4628	sources/current-integration-repairs/string-escape-c0-authoring-v2/protected/m3/tooling/migration-recipes/src/main/resources/com/m3/rewrite/backport/jdk21-hash-pinned/jdk22-m3-string-history-convergence/05-M3StringOwner.java.txt
5f4acd4448d72a336e3ddf325f4a040e21427cd6fff14a37868e14c98e8740e5	8069	sources/current-integration-repairs/string-escape-c0-authoring-v2/protected/m3/tooling/migration-recipes/src/main/resources/com/m3/rewrite/backport/jdk21-hash-pinned/jdk22-m3-string-history-convergence/06-M3StringAtom.java.txt
cc11b05ebbd1a3bf5ce39f11505d527d06876c3ac805c62c094169235846bbd6	3890	sources/current-integration-repairs/string-escape-c0-authoring-v2/protected/m3/tooling/migration-recipes/src/main/resources/com/m3/rewrite/backport/jdk21-hash-pinned/jdk22-m3-string-history-convergence/07-M3StringTuple.java.txt
d7c3f9fdff0b5f1dcc5272ac4b57962d3f405ec53003b79344361e5515992155	16998	sources/current-integration-repairs/string-escape-c0-authoring-v2/protected/m3/tooling/migration-recipes/src/main/resources/com/m3/rewrite/backport/jdk21-hash-pinned/jdk22-m3-string-history-convergence/08-M3TQ.java.txt
b525363dcb10e395f303ff249d9e21f0e5dabcc6cbba221bce3b55ea57daafb1	4820	sources/current-integration-repairs/string-escape-c0-authoring-v2/protected/m3/tooling/migration-recipes/src/main/resources/com/m3/rewrite/backport/jdk21-hash-pinned/jdk22-m3-string-history-convergence/09-M3TQFactsTest.java.txt
68882a345277e74065e1f31fc85f07444eb7e3164a44a4226b629c80bfcb9843	235261	sources/current-integration-repairs/string-escape-c0-authoring-v2/protected/m3/tooling/migration-recipes/src/main/resources/com/m3/rewrite/backport/jdk21-hash-pinned/jdk22-m3-string-history-convergence/10-Pattern.java.txt
8bdc84b934c398e5538319632d304a19960771c9fb8557249e3097e5fd7001a0	73098	sources/current-integration-repairs/string-escape-c0-authoring-v2/protected/m3/tooling/migration-recipes/src/main/resources/com/m3/rewrite/backport/jdk21-hash-pinned/jdk22-m3-string-history-convergence/11-Matcher.java.txt
9900b7a8baffdc05c65a73b139715e9ff543e97e171d6fbb8b013b6837919766	4805	sources/current-integration-repairs/string-escape-c0-authoring-v2/protected/m3/tooling/migration-recipes/src/main/resources/com/m3/rewrite/backport/jdk21-hash-pinned/jdk22-m3-string-history-convergence/12-M3RegexLiteralTQTest.java.txt
93f092a9ab501b2f2723c2493d6d09b2d0787f650a8dd0dea970e0632b3f6d85	27860	sources/current-integration-repairs/string-escape-c0-authoring-v2/protected/m3/tooling/migration-recipes/src/main/resources/com/m3/rewrite/backport/jdk21-hash-pinned/jdk22-m3-string-history-convergence/13-M3StringPool.java.txt
cbe3b9c940960661a0b33474cb756c6b02623bea288f29f3d0d8b9bb40ddcfa6	8919	sources/current-integration-repairs/string-escape-c0-authoring-v2/protected/m3/tooling/migration-recipes/src/main/resources/com/m3/rewrite/backport/jdk21-hash-pinned/jdk22-m3-string-history-convergence/14-M3StringPositionPrecompute.java.txt
44174b2cf60eac80ddb506a973949fec65cd4dcea977c94b424ff8c7d46cf7e4	2142	sources/current-integration-repairs/string-escape-c0-authoring-v2/protected/m3/tooling/migration-recipes/src/main/resources/com/m3/rewrite/backport/jdk21-hash-pinned/jdk22-m3-string-history-convergence/15-M3StringInternTest.java.txt
518f9f7dbdebf450973cba859525d509c3c79fce6b51c6f4cbbf563e2f5651fa	76036	sources/current-integration-repairs/string-escape-c0-authoring-v2/protected/m3/tooling/migration-recipes/src/main/resources/com/m3/rewrite/backport/jdk21-hash-pinned/jdk22-m3-string-history-convergence/16-AbstractStringBuilder.java.txt
38fbd2b10ab5f1458cdb62defac5cfbcd2aad6166c1c70212e2f0ff458e860b1	8166	sources/current-integration-repairs/string-escape-c0-authoring-v2/protected/m3/tooling/migration-recipes/src/test/java/com/m3/rewrite/backport/M3StringHistoryConvergenceRecipeTest.java
ad8f41c47e2635f8863361cb790b1c2f53f394da58e449b60a229ba6722aba3d	18329	sources/current-integration-repairs/string-escape-c0-authoring-v2/protected/m3/tooling/migration-recipes/src/test/resources/com/m3/rewrite/atom/spectrum/CORPUS.tsv
b35c642045ab22b185ed228c8fcef62383f8eafdaca09fe7268c807f68936d12	221629	sources/current-integration-repairs/string-escape-c0-authoring-v2/protected/src/java.base/share/classes/java/lang/String.java
f5980c243b5bcd5a955144e45afbae3b3a1e5764929f679052ed32bb6ea841d0	15600	sources/current-integration-repairs/string-escape-c0-authoring-v2/research/OpenRewrite-8.17.1-ReloadableJava21Parser.java
89506f20da3fec108a1e8a823b1409ecdc607d4b25b81039d3d7586d22813bf5	93620	sources/current-integration-repairs/string-escape-c0-authoring-v2/research/OpenRewrite-8.17.1-ReloadableJava21ParserVisitor.java
fcbf7e041a1465babc525f4a7c9743a5d4f57cb43a1c4bd065d3e90fbdcd1a51	32991	sources/current-integration-repairs/string-escape-c0-authoring-v2/research/RESULT.json
f16ef77ed38a0773810a9413ab3295c2a1527fce65b3ed32f4f32deae6e96127	31245	sources/current-integration-repairs/string-escape-c0-authoring-v2/research/TEST-com.m3.rewrite.backport.M3StringHistoryConvergenceRecipeTest.xml
829fc1306e5c7ba17f868b33a134d6757044ef8d915118af509b1dbf81118064	1218	sources/current-integration-repairs/string-escape-c0-authoring-v2/resources/manifest.tsv
c0af7bc99ace3f9dcc5e0e9085d9bac66eeb1a497b2153a54bb11ca250916c14	778	sources/current-integration-repairs/string-escape-c0-authoring-v2/resources/target-0.txt
dab4ded7bc1558a151376bc3b882403f22138981377249d85114fa9186cb7657	79659	sources/current-integration-repairs/string-escape-c0-authoring-v2/resources/target-1.txt
1fd4c8d856e7de971c874936ef8561167041cd3c087e6ad8796d3225cc6087dc	51207	sources/current-integration-repairs/string-escape-c0-authoring-v2/resources/target-2.txt
1a713463413df2684791ef1a214db69a7e5b23da888e61983c6b4902cef9c639	3300	sources/current-integration-repairs/string-escape-c0-authoring-v2/resources/target-3.txt
1fd4c8d856e7de971c874936ef8561167041cd3c087e6ad8796d3225cc6087dc	51207	sources/current-integration-repairs/string-escape-c0-authoring-v2/resources/target-4.txt
5cde38612911bdaf74b1ec4dfb857f7f1f747eccf42f72aa55e5458c48df71f2	79199	sources/publication-design/followup-c0-final-v1/FINAL-PAIRED-FILES.json
1da6eed2dada9ee85cea964e3097d869929b03975863c27a0412d55c44ba0d58	1997	sources/publication-design/followup-c0-final-v1/PUBLISHED.json
b40b1cb1851ddfacc407cbb5050f4017ff858a4a18bd50de655fe0cf10c732d6	27962	sources/publication-design/followup-c0-final-v1/m3-check-v2/RESULT.json
ae3a68043410d7291ec66e431b7f0eb8a93ff7b72ad134f0bfd2d6b347387f9f	3039	sources/publication-design/followup-c0-final-v1/root-check-execution-v1/RESULT.json
0a35965a8eadfeaea6351b40d9452ec4d90bb65937bff64cdb6d9fbbf37e5b7f	1363	sources/publication-design/followup-c0-final-v1/root-check-execution-v1/m3.json
8ba3d31226d999cd44b72cdecf3d9314e9865de99d2aa4505ded8d12be3eb541	1319	sources/publication-design/followup-c0-final-v1/root-check-execution-v1/m3.stderr.log
e3b0c44298fc1c149afbf4c8996fb92427ae41e4649b934ca495991b7852b855	0	sources/publication-design/followup-c0-final-v1/root-check-execution-v1/m3.stdout.log
c1fdbd6d0225bfd4ab3253798e0cd20a11118c84c916a913718543d61742d57c	1407	sources/publication-design/followup-c0-final-v1/root-check-execution-v1/source.json
e3b0c44298fc1c149afbf4c8996fb92427ae41e4649b934ca495991b7852b855	0	sources/publication-design/followup-c0-final-v1/root-check-execution-v1/source.stderr.log
7695060b430eb95b80b53501f858b367c0d7512025c9669a641bd0ade4be9f3f	282	sources/publication-design/followup-c0-final-v1/root-check-execution-v1/source.stdout.log
b0675d11054ae60cbeadf0f1fcc27a2ad5d3b2d7830b36b5bc18d7dd3fbdee57	1347	sources/publication-design/followup-c0-final-v1/root-check-execution-v2/m3.json
e3b0c44298fc1c149afbf4c8996fb92427ae41e4649b934ca495991b7852b855	0	sources/publication-design/followup-c0-final-v1/root-check-execution-v2/m3.stderr.log
90b3b7d9716cc5319ad0968d388dea5050dcec817fc9c00f61ad1abafd1783c4	400	sources/publication-design/followup-c0-final-v1/root-check-execution-v2/m3.stdout.log
0412191c668da818ec38883442d7fecbd5fa536de8749d099c787dd07753c31f	3726	sources/publication-design/followup-c0-final-v1/source-check-v1/RESULT.json
bb815cfcf64ac5298fa857355b8caccb5ebda6c76e2803906d8c92ac9578a2a8	297967	sources/publication-design/integration-c0-final-v2/FINAL-PAIRED-FILES.json
02a922e8b1cbddd611f5d2b494085062c6e7f2e65ef1b51fbe811e434c2296e5	119267	sources/publication-design/integration-c0-final-v2/HISTORY-AVAILABILITY.json
c7f64c36e70556f07947844e38005bd2ed9bb4bd2612b8ef0d4be04d4b0d098b	5983	sources/publication-design/string-c0-check-authoring-v1/m3-check/SEMANTIC-CUSTODY-INPUTS.json
bf812e1457ea8da6c4e2dcf519b536a2c8dd8ba5f1029b93132c5bd844bc904c	2132343	sources/receiver-current-875-preparation/RUNTIME-COPY.json
610970eb8f49482809e781ee7f49d9361b192c9f7e6b42b9a024fd82d75fb6be	1721263	sources/receiver-current-c0-followup/STAGING.json
c1227790beca51b2447d0aaa743a354d2d987503b85c1b4b455c9c198d51f817	2886	sources/receiver-current-c0-followup/materialization-v1/command.json
b78919a4f9da8c771002b036e839f76b3d998f5aac1b8873ac4a19ced7305f91	1200779	sources/receiver-current-c0-followup/materialization-v1/source-after.json
b78919a4f9da8c771002b036e839f76b3d998f5aac1b8873ac4a19ced7305f91	1200779	sources/receiver-current-c0-followup/materialization-v1/source-before.json
e3b0c44298fc1c149afbf4c8996fb92427ae41e4649b934ca495991b7852b855	0	sources/receiver-current-c0-followup/materialization-v1/stderr.log
cc71f9cca24540b2affdcb1cb366eef098305d5e46480ff8cdf61e02e5d62997	8852	sources/receiver-current-c0-followup/materialization-v1/stdout.log
1120b5f43749f3fd5031f1586552cc8a74ab278bda92e834d8d75abb346ebd3c	3109	sources/receiver-current-c0-followup/primary-observation-v1/PREPARED.json
fcbf7e041a1465babc525f4a7c9743a5d4f57cb43a1c4bd065d3e90fbdcd1a51	32991	sources/receiver-current-c0-followup/primary-observation-v1/RESULT.json
6b10497060ad4f2413890a4f5cffef11150d7a2160116a6c92d0cae591a4a6c9	29660	sources/receiver-current-c0-followup/primary-observation-v1/ROOT-READBACK.json
f9cdeed4c76c2292e8719e5914e3dde399552f1661b01cb7bb2280f21ae06048	267459	sources/receiver-current-c0-followup/primary-observation-v1/cache-before.json
f9cdeed4c76c2292e8719e5914e3dde399552f1661b01cb7bb2280f21ae06048	267459	sources/receiver-current-c0-followup/primary-observation-v1/chain/01-dag-install-prerequisite/cache-after.json
ee84521a77a0ec9c1476d246400bf726678e4ab6289c4cdfcf94b6d7c0fb92a5	2817	sources/receiver-current-c0-followup/primary-observation-v1/chain/01-dag-install-prerequisite/receipt.json
88dbe27874d8075bcb00a150d2bd3d1c145ae92d6d3c5a13adc9f83116e4164f	340128	sources/receiver-current-c0-followup/primary-observation-v1/chain/01-dag-install-prerequisite/reports.json
5a7d91c359763292049c759e9d62a2dd0a72bba1f733e72bcc645eeb0c6bb426	233922	sources/receiver-current-c0-followup/primary-observation-v1/chain/01-dag-install-prerequisite/reports/m3/tooling/migration-recipes/target/jacoco.exec
eb98aba0cc35191efc99dee4a8e3ee546db6171201efbc92d6ec9609610c0026	21328	sources/receiver-current-c0-followup/primary-observation-v1/chain/01-dag-install-prerequisite/reports/m3/tooling/migration-recipes/target/surefire-reports/TEST-com.m3.rewrite.InstallIndexStringCompatibilityTest.xml
eb3e8ecd2028b9b9cec5026c3aa031c8cb55584d400670bd1f273d610c439040	21618	sources/receiver-current-c0-followup/primary-observation-v1/chain/01-dag-install-prerequisite/reports/m3/tooling/migration-recipes/target/surefire-reports/TEST-com.m3.rewrite.M3A3DeclarativeDeliveryRecipeTest.xml
4564237cd0c8895f35f48733fc012540f30b59726588e0bb4d63068fc66929da	21238	sources/receiver-current-c0-followup/primary-observation-v1/chain/01-dag-install-prerequisite/reports/m3/tooling/migration-recipes/target/surefire-reports/TEST-com.m3.rewrite.M3A3LabDeliveryRecipeTest.xml
6e738dfb8179369ecd37cdb626653d99963d08b5c0bfc409a3efe7bc9acfa05d	21263	sources/receiver-current-c0-followup/primary-observation-v1/chain/01-dag-install-prerequisite/reports/m3/tooling/migration-recipes/target/surefire-reports/TEST-com.m3.rewrite.M3A3LevenshteinEvidenceClosureRecipeTest.xml
e2c8bd56094179d09bdbb01ff7e5815078f61f833f88570f676caac6e547e555	21261	sources/receiver-current-c0-followup/primary-observation-v1/chain/01-dag-install-prerequisite/reports/m3/tooling/migration-recipes/target/surefire-reports/TEST-com.m3.rewrite.M3A3MasteryReceiptDeliveryRecipeTest.xml
ef33b0b74de78a575e6f453602c6ce9d79e5c7a0ed1c728250243f27d918d8e8	21254	sources/receiver-current-c0-followup/primary-observation-v1/chain/01-dag-install-prerequisite/reports/m3/tooling/migration-recipes/target/surefire-reports/TEST-com.m3.rewrite.M3A3MasteryReceiptWorkflowRecipeTest.xml
0394424377af9df9b31aeb12c90ff9afffa28cc555a5050d5012f30345f4f5d3	21174	sources/receiver-current-c0-followup/primary-observation-v1/chain/01-dag-install-prerequisite/reports/m3/tooling/migration-recipes/target/surefire-reports/TEST-com.m3.rewrite.M3A3MasteryV6DeliveryTest.xml
8eed01213737ff418fd202c653095d39d44ce5139e41da1ac127363e3a3c3e56	21233	sources/receiver-current-c0-followup/primary-observation-v1/chain/01-dag-install-prerequisite/reports/m3/tooling/migration-recipes/target/surefire-reports/TEST-com.m3.rewrite.M3A3MasteryWorkflowRecipeTest.xml
3428353eed516217732df83ec6975b892ffd894ca44dff6274b4e9018b8c2d7b	21264	sources/receiver-current-c0-followup/primary-observation-v1/chain/01-dag-install-prerequisite/reports/m3/tooling/migration-recipes/target/surefire-reports/TEST-com.m3.rewrite.M3A3RegexMemoryLabDeliveryRecipeTest.xml
d90a2d1a323f9ca37544227b611262c637c3262293cbfcde47b5aa6ee1841991	21251	sources/receiver-current-c0-followup/primary-observation-v1/chain/01-dag-install-prerequisite/reports/m3/tooling/migration-recipes/target/surefire-reports/TEST-com.m3.rewrite.M3A3RegexMemoryWorkflowRecipeTest.xml
c5ce446efa767fad57c0a75db5843e796862c630a9748619eded33c79a13f653	21203	sources/receiver-current-c0-followup/primary-observation-v1/chain/01-dag-install-prerequisite/reports/m3/tooling/migration-recipes/target/surefire-reports/TEST-com.m3.rewrite.M3ImportAdmissionTest.xml
f13954d31e5f4115bf921e71cbe77e9d0155077830c406b3db004ba8b071486a	21261	sources/receiver-current-c0-followup/primary-observation-v1/chain/01-dag-install-prerequisite/reports/m3/tooling/migration-recipes/target/surefire-reports/TEST-com.m3.rewrite.M3Java21ConvergenceAdmissionTest.xml
7a5be76cfc430ac0461f37f595f04ee15eddd1b57ee70e9b1dd337589333540d	22054	sources/receiver-current-c0-followup/primary-observation-v1/chain/01-dag-install-prerequisite/reports/m3/tooling/migration-recipes/target/surefire-reports/TEST-com.m3.rewrite.M3Java21ConvergenceRecipeTest.xml
e8043d43a3f31712a5701c831684cd5d5f8c20a259e989201c480dbe4f8da419	21270	sources/receiver-current-c0-followup/primary-observation-v1/chain/01-dag-install-prerequisite/reports/m3/tooling/migration-recipes/target/surefire-reports/TEST-com.m3.rewrite.M3Java21DeclarativeConvergenceTest.xml
2c9106089c95278229c7ed01dcf0a8ba83f3226660785428e1d3587ae0df7064	21391	sources/receiver-current-c0-followup/primary-observation-v1/chain/01-dag-install-prerequisite/reports/m3/tooling/migration-recipes/target/surefire-reports/TEST-com.m3.rewrite.a3.M3A3AlgorithmCatalogueRecipeTest.xml
a307ab4d52e426688a4ba24a7c3af8163b7fd0e1dd4d6190029e173ad5fd25e5	21248	sources/receiver-current-c0-followup/primary-observation-v1/chain/01-dag-install-prerequisite/reports/m3/tooling/migration-recipes/target/surefire-reports/TEST-com.m3.rewrite.a3.M3A3MasteryV6RecipeTest.xml
7278f95d2d8d73b9d2efa6bdc00a7c4a270c86437c1c3d85742b87c63b6369ed	22127	sources/receiver-current-c0-followup/primary-observation-v1/chain/01-dag-install-prerequisite/reports/m3/tooling/migration-recipes/target/surefire-reports/TEST-com.m3.rewrite.a3.M3A3SerialFileWorkRecipeTest.xml
251b7240095e059d5283707313069fe86004a8f25f3b143424ed9ae666f8be09	21554	sources/receiver-current-c0-followup/primary-observation-v1/chain/01-dag-install-prerequisite/reports/m3/tooling/migration-recipes/target/surefire-reports/TEST-com.m3.rewrite.atom.JccReceivingFixtureTest.xml
7388a3b97f453d2f2e0973d20f11fa35ecba3d23a4819eb4666b21ec19973129	21224	sources/receiver-current-c0-followup/primary-observation-v1/chain/01-dag-install-prerequisite/reports/m3/tooling/migration-recipes/target/surefire-reports/TEST-com.m3.rewrite.atom.M3AtomCommentRecipeTest.xml
97bbf077416dd5a3500e723153f0d177907da6909fbf2f69aea79321d9a7a413	22004	sources/receiver-current-c0-followup/primary-observation-v1/chain/01-dag-install-prerequisite/reports/m3/tooling/migration-recipes/target/surefire-reports/TEST-com.m3.rewrite.atom.M3AtomCoverageClosureTest.xml
046e1264d4935716db713cfeba08a91112615bcf4b5345aa54a4f43b6fc8cfc8	21735	sources/receiver-current-c0-followup/primary-observation-v1/chain/01-dag-install-prerequisite/reports/m3/tooling/migration-recipes/target/surefire-reports/TEST-com.m3.rewrite.atom.M3AtomDefensiveBranchTest.xml
040de708a66523ac3fa7554d755f2c0bb9e7edc13a742aba39dd0cc1fd2a7eb4	21547	sources/receiver-current-c0-followup/primary-observation-v1/chain/01-dag-install-prerequisite/reports/m3/tooling/migration-recipes/target/surefire-reports/TEST-com.m3.rewrite.atom.M3AtomizePureIntReturnRecipeTest.xml
d7a24c48f8cc9f63edf78b796edc74846eafb51a1c3201a3a9da6801f8790928	21255	sources/receiver-current-c0-followup/primary-observation-v1/chain/01-dag-install-prerequisite/reports/m3/tooling/migration-recipes/target/surefire-reports/TEST-com.m3.rewrite.atom.M3DocumentationContractTest.xml
e34be4177f2375a320c7f91fe28bb8712730ada25f39e2cbd0f41035e8bb4a28	21848	sources/receiver-current-c0-followup/primary-observation-v1/chain/01-dag-install-prerequisite/reports/m3/tooling/migration-recipes/target/surefire-reports/TEST-com.m3.rewrite.atom.M3IntRecipeProjectTest.xml
739dd5689ab6ec4187941b111e6cde7023baed701e080b5d5cea7b97b2161f4d	21472	sources/receiver-current-c0-followup/primary-observation-v1/chain/01-dag-install-prerequisite/reports/m3/tooling/migration-recipes/target/surefire-reports/TEST-com.m3.rewrite.atom.M3IntSpectrumTest.xml
09462c9e2d9b27721c52978953d7db9cb2ca40c69d2aadd90618ba36dadac934	21439	sources/receiver-current-c0-followup/primary-observation-v1/chain/01-dag-install-prerequisite/reports/m3/tooling/migration-recipes/target/surefire-reports/TEST-com.m3.rewrite.atom.M3InventoryPureIntAtomCandidatesTest.xml
44ff4ed2635f0f9da02e9b1c0cde0a73fd7f41545578b30872ca908421f502eb	21240	sources/receiver-current-c0-followup/primary-observation-v1/chain/01-dag-install-prerequisite/reports/m3/tooling/migration-recipes/target/surefire-reports/TEST-com.m3.rewrite.atom.M3PatternMarkerTest.xml
088de1f1414c7dce954404522b06af185a61f7ee98cc20570ecfcf8693521a58	21540	sources/receiver-current-c0-followup/primary-observation-v1/chain/01-dag-install-prerequisite/reports/m3/tooling/migration-recipes/target/surefire-reports/TEST-com.m3.rewrite.atom.M3PureIntConvergenceRecipeTest.xml
ccc51d56ec29dab10bc4d3cfd6d2245dafac51a674c9876e292e36395ed36a1f	21388	sources/receiver-current-c0-followup/primary-observation-v1/chain/01-dag-install-prerequisite/reports/m3/tooling/migration-recipes/target/surefire-reports/TEST-com.m3.rewrite.atom.M3RepositoryCorpusTest.xml
cd920cfd8f480fdeb6eef0c1b779519771c3f20658f8f7d1eee26f98b0a7ed38	21310	sources/receiver-current-c0-followup/primary-observation-v1/chain/01-dag-install-prerequisite/reports/m3/tooling/migration-recipes/target/surefire-reports/TEST-com.m3.rewrite.backport.A3KitTest.xml
b8932489eb9f5eaef812e22fa4bc7b092e5f352dd4337989dd43e71d26ea15e7	21343	sources/receiver-current-c0-followup/primary-observation-v1/chain/01-dag-install-prerequisite/reports/m3/tooling/migration-recipes/target/surefire-reports/TEST-com.m3.rewrite.backport.ClassVerTest.xml
6eb0d2c4ea12347af3526533daf366869a3997b803667917655f295a79038627	21375	sources/receiver-current-c0-followup/primary-observation-v1/chain/01-dag-install-prerequisite/reports/m3/tooling/migration-recipes/target/surefire-reports/TEST-com.m3.rewrite.backport.ClosureRecipeTest.xml
c66273826aff830b2b8beedf60351e7a692d434de4436a778c4059ebd5496869	22432	sources/receiver-current-c0-followup/primary-observation-v1/chain/01-dag-install-prerequisite/reports/m3/tooling/migration-recipes/target/surefire-reports/TEST-com.m3.rewrite.backport.DbRecipeTest.xml
5796456538d3d583bfa857ea0608973ba72e96ba1761685817061ab2671cf69c	22089	sources/receiver-current-c0-followup/primary-observation-v1/chain/01-dag-install-prerequisite/reports/m3/tooling/migration-recipes/target/surefire-reports/TEST-com.m3.rewrite.backport.DescriptorRecipeTest.xml
b0734277399be22afbcea68387128f16df28ec2c8475a42ede9ab58a42a8ea48	21474	sources/receiver-current-c0-followup/primary-observation-v1/chain/01-dag-install-prerequisite/reports/m3/tooling/migration-recipes/target/surefire-reports/TEST-com.m3.rewrite.backport.GateTest.xml
60214e91f1d34e89cab0da05ec49c23d81be9b124af1e5fe33b136551cce87de	22036	sources/receiver-current-c0-followup/primary-observation-v1/chain/01-dag-install-prerequisite/reports/m3/tooling/migration-recipes/target/surefire-reports/TEST-com.m3.rewrite.backport.JccHandoffTest.xml
cf5737b25d253e84bec56a098465c658d6eedc1e056c7ca00909970fd93da6bc	22677	sources/receiver-current-c0-followup/primary-observation-v1/chain/01-dag-install-prerequisite/reports/m3/tooling/migration-recipes/target/surefire-reports/TEST-com.m3.rewrite.backport.JccSourceFinalHandoffTest.xml
7239f2888c28a7c402aaee4fb68cfa17fd2fd0f2be5bb3dc9725f7770764e0b0	22894	sources/receiver-current-c0-followup/primary-observation-v1/chain/01-dag-install-prerequisite/reports/m3/tooling/migration-recipes/target/surefire-reports/TEST-com.m3.rewrite.backport.JccSourceRecoveryHandoffTest.xml
5cae3882f2d55986bcac8d7f377ea7236b8d97e053cb83c5271e803923fd9457	21189	sources/receiver-current-c0-followup/primary-observation-v1/chain/01-dag-install-prerequisite/reports/m3/tooling/migration-recipes/target/surefire-reports/TEST-com.m3.rewrite.backport.JniTest.xml
ce7b6082adee5a2890d442a9751a517502abdff7e66acfa6356df1772734864c	21297	sources/receiver-current-c0-followup/primary-observation-v1/chain/01-dag-install-prerequisite/reports/m3/tooling/migration-recipes/target/surefire-reports/TEST-com.m3.rewrite.backport.KitTest.xml
a9fca49bb21ded81851fd1a493bd8a0c0b6c61bb398f6e599dedeaf65fbfd9b5	21106	sources/receiver-current-c0-followup/primary-observation-v1/chain/01-dag-install-prerequisite/reports/m3/tooling/migration-recipes/target/surefire-reports/TEST-com.m3.rewrite.backport.M3A3NativeJniLaneRecipeTest.xml
1adaceabef5943bae244ebeae2611b9566a282a3242b207ad9e589492b0c6db1	21424	sources/receiver-current-c0-followup/primary-observation-v1/chain/01-dag-install-prerequisite/reports/m3/tooling/migration-recipes/target/surefire-reports/TEST-com.m3.rewrite.backport.M3Jdk21HashPinnedTextSnapshotRecipeTest.xml
19236f0339abe16bb68b50d283904e0fddaaa661535df11be002b9cf2370ca92	21409	sources/receiver-current-c0-followup/primary-observation-v1/chain/01-dag-install-prerequisite/reports/m3/tooling/migration-recipes/target/surefire-reports/TEST-com.m3.rewrite.backport.M3Jdk8347112BackportRecipeTest.xml
6478b3ebdc46ee49640f48f73128ddb15b2c6542a3f4909cedd8bffd8493affe	21409	sources/receiver-current-c0-followup/primary-observation-v1/chain/01-dag-install-prerequisite/reports/m3/tooling/migration-recipes/target/surefire-reports/TEST-com.m3.rewrite.backport.M3Jdk8364182BackportRecipeTest.xml
eddb98701bbcf4e28972e0c424afe36aa73eda48cf1260b04411466076d5e17f	21454	sources/receiver-current-c0-followup/primary-observation-v1/chain/01-dag-install-prerequisite/reports/m3/tooling/migration-recipes/target/surefire-reports/TEST-com.m3.rewrite.backport.M3Jdk8367584JfrOptionsHelpBackportRecipeTest.xml
651762ade57b6a7b236ca4d59ef06befd527cc725d90e94ddff11dc1b19fd80a	21457	sources/receiver-current-c0-followup/primary-observation-v1/chain/01-dag-install-prerequisite/reports/m3/tooling/migration-recipes/target/surefire-reports/TEST-com.m3.rewrite.backport.M3Jdk8368692PasswordSystemInBackportRecipeTest.xml
9cb228959e3dbc80831fd767146c1be5c90a5a318b43f24185c9b45b0eb334bd	21543	sources/receiver-current-c0-followup/primary-observation-v1/chain/01-dag-install-prerequisite/reports/m3/tooling/migration-recipes/target/surefire-reports/TEST-com.m3.rewrite.backport.M3Jdk8374808BackportRecipeTest.xml
47f0daad03106290098cc360fac8cb0d6c1dc9822ee08ee250e0ebbeb02f1081	21618	sources/receiver-current-c0-followup/primary-observation-v1/chain/01-dag-install-prerequisite/reports/m3/tooling/migration-recipes/target/surefire-reports/TEST-com.m3.rewrite.backport.M3JdkExecutionFollowthroughRecipeTest.xml
5fc0ff1f0683afbde4a5adffb737d720a858efd1ac667df674d7becafb2bd9d2	21847	sources/receiver-current-c0-followup/primary-observation-v1/chain/01-dag-install-prerequisite/reports/m3/tooling/migration-recipes/target/surefire-reports/TEST-com.m3.rewrite.backport.M3Jep458BackportRecipeTest.xml
cd3211fae5aab81bf1fc748ff4744f3a32e8c2755a3f91855f77607ea7b2cf38	21781	sources/receiver-current-c0-followup/primary-observation-v1/chain/01-dag-install-prerequisite/reports/m3/tooling/migration-recipes/target/surefire-reports/TEST-com.m3.rewrite.backport.M3Jep485StreamGatherersBackportRecipeTest.xml
e65ff5ae9dffdd143e340b80a754ca4248a816f4800fe2460141ba8f77eac01c	21291	sources/receiver-current-c0-followup/primary-observation-v1/chain/01-dag-install-prerequisite/reports/m3/tooling/migration-recipes/target/surefire-reports/TEST-com.m3.rewrite.backport.M3StringCanonicalDagMasterRepairRecipeTest.xml
f16ef77ed38a0773810a9413ab3295c2a1527fce65b3ed32f4f32deae6e96127	31245	sources/receiver-current-c0-followup/primary-observation-v1/chain/01-dag-install-prerequisite/reports/m3/tooling/migration-recipes/target/surefire-reports/TEST-com.m3.rewrite.backport.M3StringHistoryConvergenceRecipeTest.xml
6d95de1e1a9395190fca796179ca3fb4ca786034cc50aa99d6ada27584f32c4c	21688	sources/receiver-current-c0-followup/primary-observation-v1/chain/01-dag-install-prerequisite/reports/m3/tooling/migration-recipes/target/surefire-reports/TEST-com.m3.rewrite.backport.M3VerbatimJavaPairRecipeTest.xml
cb6319a6eecd2aec0fb6f38a7dfe89a8b8c1ff948ee6d493fbccc154dcb2dc8b	21827	sources/receiver-current-c0-followup/primary-observation-v1/chain/01-dag-install-prerequisite/reports/m3/tooling/migration-recipes/target/surefire-reports/TEST-com.m3.rewrite.backport.MapFactsRecipeTest.xml
50e8a3dbcd9b7606dafef4c584fd899fcbf06d4dab7144a60843398290732986	21679	sources/receiver-current-c0-followup/primary-observation-v1/chain/01-dag-install-prerequisite/reports/m3/tooling/migration-recipes/target/surefire-reports/TEST-com.m3.rewrite.backport.MapGuardRecipeTest.xml
29faebcc0973e295328b191c9ab2f58510c15410c88254efd6837201c1a57e92	21952	sources/receiver-current-c0-followup/primary-observation-v1/chain/01-dag-install-prerequisite/reports/m3/tooling/migration-recipes/target/surefire-reports/TEST-com.m3.rewrite.backport.MapUtfRecipeTest.xml
9f4564b41e62b04ac9e187fc0eea51090c8495ad750e92232b8c2034e9256619	21363	sources/receiver-current-c0-followup/primary-observation-v1/chain/01-dag-install-prerequisite/reports/m3/tooling/migration-recipes/target/surefire-reports/TEST-com.m3.rewrite.backport.VersionRecipeTest.xml
866f4bdd00deb228893a9372859cad3d142cc673a7aea710dcbb2e09a0ab1145	21389	sources/receiver-current-c0-followup/primary-observation-v1/chain/01-dag-install-prerequisite/reports/m3/tooling/migration-recipes/target/surefire-reports/TEST-com.m3.rewrite.scope.M3RecipeScopeDeclarationTest.xml
a74749fbe2a29fc9e11970ec07038afdf15b14d8f16b6c010e88c6ae7222083a	21477	sources/receiver-current-c0-followup/primary-observation-v1/chain/01-dag-install-prerequisite/reports/m3/tooling/migration-recipes/target/surefire-reports/TEST-com.m3.rewrite.scope.M3ScopeContractTest.xml
0d123240136d222cf88479c15c016b79a16dbfc0c2e31923e7b798b331ae06ec	21678	sources/receiver-current-c0-followup/primary-observation-v1/chain/01-dag-install-prerequisite/reports/m3/tooling/migration-recipes/target/surefire-reports/TEST-com.m3.rewrite.scope.M3ScopeCoverageClosureTest.xml
12447f7da55b960f60050adbea34ba80a3e956a0840cc6ed0f72802b45448f0d	21116	sources/receiver-current-c0-followup/primary-observation-v1/chain/01-dag-install-prerequisite/reports/m3/tooling/migration-recipes/target/surefire-reports/TEST-com.m3.rewrite.scope.M3ScopeDefensiveBranchTest.xml
1e501ff39232089a2c44eb504ac5b0cd1598fcbc63cb0dbeb34d832e6cab1ffd	21547	sources/receiver-current-c0-followup/primary-observation-v1/chain/01-dag-install-prerequisite/reports/m3/tooling/migration-recipes/target/surefire-reports/TEST-com.m3.rewrite.semantic.M3SemanticHashRecipeTest.xml
2fcf4dddd5182000979507fd473297ab66a8181405d9694c648b4c6342774963	21261	sources/receiver-current-c0-followup/primary-observation-v1/chain/01-dag-install-prerequisite/reports/m3/tooling/migration-recipes/target/surefire-reports/TEST-com.synexia.rewrite.M3DocumentJavadocContractRecipeTest.xml
937608a8f3c370ca4a57de9fc30682c312dfe08aced731993acb136e7e77d1c5	21425	sources/receiver-current-c0-followup/primary-observation-v1/chain/01-dag-install-prerequisite/reports/m3/tooling/migration-recipes/target/surefire-reports/TEST-com.synexia.rewrite.M3MIndexJniNewStringAdmissionRecipeTest.xml
02b24079b3058753184900b047dde01b52c9be71e6c10bc97bd08bf86c94a456	21480	sources/receiver-current-c0-followup/primary-observation-v1/chain/01-dag-install-prerequisite/reports/m3/tooling/migration-recipes/target/surefire-reports/TEST-com.synexia.rewrite.M3MIndexJoinedCharsViewRecipeTest.xml
691ff98bd595aeee68508a003ec52ae3f18d5f01f50afce81671bf4d94e5f669	21426	sources/receiver-current-c0-followup/primary-observation-v1/chain/01-dag-install-prerequisite/reports/m3/tooling/migration-recipes/target/surefire-reports/TEST-com.synexia.rewrite.M3MIndexStringBulkCharBoundaryRecipeTest.xml
db3ab916f3fc454720a0d74732707090d01fc9a92e6c618b573335f6f0ad849a	21237	sources/receiver-current-c0-followup/primary-observation-v1/chain/01-dag-install-prerequisite/reports/m3/tooling/migration-recipes/target/surefire-reports/TEST-com.synexia.rewrite.M3ScopeLiteralRepairRecipeTest.xml
9ddf3781b5e43a87b1d67caac2bc4b251f9ce8d77c509c8369129f4b0359fd55	210	sources/receiver-current-c0-followup/primary-observation-v1/chain/01-dag-install-prerequisite/stderr.log
2cebe3a3879609d3a5366c7d9dd06a68d85f7c02a9a4081756f1f8440bbe89d3	27179	sources/receiver-current-c0-followup/primary-observation-v1/chain/01-dag-install-prerequisite/stdout.log
171849e8995ba48367294c0152874bed8eef08875635e228c4db3957e84baf05	2496	sources/receiver-current-c0-followup/primary-observation-v1/config.json
f0f3df65cb0dc1f18b72cbe07ca6244c070b58433f4726ebce79cf955ad01443	526	sources/receiver-current-c0-followup/primary-observation-v1/git-before.json
f4da66b5b9260b5c27c4fa7e9db8c4619f54c73640ea8336a87ed1e75adaaec1	72046	sources/receiver-current-c0-followup/primary-observation-v1/inputs.json
25bce04cea28c26aee5cf1b31cf0c80a3544e8f200378a527e7671c29da739cf	351	sources/receiver-current-c0-followup/primary-observation-v1/launchers-before.json
a3b85f1403340edddd26dc9b8ea6a0997d5bb10b2a57d161524cd6bafc8114c7	948361	sources/receiver-current-c0-followup/primary-observation-v1/sources.json
b999a0ba173c75ef6339151f92553501250680ad98ac25449a0012cd72e52528	1782732	sources/receiver-current-c0-followup/primary-observation-v1/tools-before.json
674bd0433e53242c7b9d8f91491ab73bbe1ddf4cccb409519c4df463d1abd2c3	2306764	sources/receiver-current-c0-preparation/authoring/CURRENT-CONTEXT-v2.json
83b2f2cc9e7b87ffb2aaa21d10ad7b6485455565904b1f5465d34bcb53fd23bb	1483117	sources/receiver-current-c0-preparation/authoring/HISTORICAL-RETENTION-v1.json
190da366b4302b5557eb94fa6dc05d89da9ab1576f82a6b2aa24c73d8dc2e85b	5411	sources/receiver-current-c0-preparation/authoring/REQUIRED-DELIVERY-SOURCES-v1.json
b319c9c19a6dba165fa497788800250a61f15487eef650d190f2531c362ff5e5	22891	sources/receiver-current-c0-string-preparation/authoring/CLI-PREDICATES-c0-primary-v1.json
9661299c702fb1ce84672bd2c4051d8e1278d45b669b07eda32b89ee4f4a82cf	1702	sources/receiver-current-c0-string-preparation/authoring/MATERIALIZATION-HANDOFF-v1.json
bb2e95035a956d045859468f995f744b3032a7169ceb32e584dc8e87ebd50c65	3838	sources/receiver-current-c0-string-preparation/authoring/MATERIALIZATION-PLAN-v1.json
fb4544bc8da580bbf11db4e1719c8fb9bc7fd89c68d6231861d42c9fc34ebb1f	1520	sources/receiver-current-c0-string-preparation/authoring/PRIMARY-CAPTURE-SOURCE-PRESERVATION-v1.json
994bb0982f8914ddabc812d6210d89883a1b302372a13860dbb60b011343ed97	14048	sources/receiver-current-c0-string-preparation/authoring/PRIMARY-CAPTURE-v1.diff
1e7490618cf48400923da1d58ef542c8988a69777fd3218657723425557a2819	3611	sources/receiver-current-c0-string-preparation/authoring/PRIMARY-HANDOFF-v1.json
6405e6934122df6e12993e128e9a262ff11820b04f3f39c7c0c9e400326ef159	843	sources/receiver-current-c0-string-preparation/authoring/PRIMARY-LITERAL-REVIEW-v1.json
529ba4fc8720422c5221543bf933cd835de34f2f349c4f9338380a5b0358ffd6	2306	sources/receiver-current-c0-string-preparation/authoring/PRIMARY-OBLIGATIONS-v1.json
bc06303453e598c07b9a1bdc25aeae89327d60faf2451db43999534a6d1798a6	147958	sources/receiver-current-c0-string-preparation/authoring/RECEIVER-PRIMARY-PLAN-v1.json
5dcd16281626794c6bc0310f5d3c5d9bfa28ac1ae76121dd29381e4704e36dcf	8283	sources/receiver-current-c0-string-preparation/authoring/ROOT-DECISION-v1.json
f52707cf86baa2050548d9d3c9ad7a348d000ec508fda6b007fec892bda33203	1843	sources/receiver-current-c0-string-preparation/authoring/STAGE-COMMAND-v1.json
9826ea1995b54eaa1b70354f265c24bdb2a6d5f028eea23b0a0995a186cb57a6	19187	sources/receiver-current-c0-string-preparation/authoring/STAGER-v1.diff
db496690eb424de6cd677bdc6313cee3880fb747c8ddfda6d883047f1050e3be	9153	sources/receiver-current-c0-string-preparation/authoring/STAGING-SPEC-v1.json
0008747a6935c76f08e2d964a12c773a87366deb35bcb52a213689619c54d83b	11283	sources/receiver-current-c0-string-preparation/authoring/emit_selection_DRAFT_v1.py
56ebdc48a6c26de54a0c5687a77ee8256beddadac393f1b2af56574c61545650	1223	sources/receiver-current-c0-string-preparation/authoring/native-independent-review-v1/REVIEW.json
9c1ccb4498f7eb20e09b322aa67d733a8eddf1759d85b3b65aead08c0b0cff1d	39061	sources/receiver-current-c0-string-preparation/authoring/stage_receiver_current_c0_string_v1.py
ef9429e88787304df92d9c2f482015991efca47252cfa2d4ddabd1e0a22ed2cf	75632	sources/receiver-current-c0-string-preparation/capture-authoring/receiver_capture_current_c0_string_primary_v1.py
c6e9942ece478183901b6296e59b18bd9d0cb8078efa4762179c27c36ddde730	1320	sources/receiver-current-c0-string-preparation/continuation-authoring/BOUNDARY-v1.json
372fdc72859bef9348215a13b32bf8cb598d7816794656cf33e714f49b0807a3	9196	sources/receiver-current-c0-string-preparation/continuation-authoring/primary_admission_DRAFT_v1.py.txt
f61d4cbe51927853b028fa4195adfc1f22ba894728bc392a2dcab4e135fd794d	7872	sources/receiver-current-c0-string-preparation/primary-independent-review-v1/REVIEW.json
9d3dece032fe0e8e866e991f8f21e2d1a05b0645d1c7e724a22006336e0e76c7	909	sources/receiver-current-c0-string-preparation/receiving-selection-v1/BOUNDARY.json
de8f5754b18391d8e3768d2a7a2ee0073884427eb09e45093cc1a44bf709aa8d	74585	sources/receiver-current-c0-string-preparation/receiving-selection-v1/RECEIVING-SELECTION.json
38910dcd5ea4812de234ab3070cac4bb068f1b7a92a5a99ce1cb4f7e7b0f3a14	1601	sources/receiver-current-c0-string-preparation/root-primary-prepare-v1/RESULT.json
e3b0c44298fc1c149afbf4c8996fb92427ae41e4649b934ca495991b7852b855	0	sources/receiver-current-c0-string-preparation/root-primary-prepare-v1/stderr.log
a937b0c7a58e7251cce892ee7119606d0684c6ae0e6b49ff313ae6e8997019c8	223	sources/receiver-current-c0-string-preparation/root-primary-prepare-v1/stdout.log
375fc769b3001ffb3c3de2d4d088fe2636812d85704177b3029aa6c80331c978	1481	sources/receiver-current-c0-string-preparation/root-primary-run-v1/RESULT.json
e3b0c44298fc1c149afbf4c8996fb92427ae41e4649b934ca495991b7852b855	0	sources/receiver-current-c0-string-preparation/root-primary-run-v1/stderr.log
7c6cecf515d5a121f9e1071d9ddd037cfb47a8bb1df7ae1e0c5456bbe908b9d6	2429	sources/receiver-current-c0-string-preparation/root-primary-run-v1/stdout.log
b7a88c45e254bfb5c32e1591915fdf2bcddfcb98d818ca636d5e66cbdc17b3b9	1137	sources/receiver-current-c0-string-preparation/root-stage-v1/RESULT.json
e3b0c44298fc1c149afbf4c8996fb92427ae41e4649b934ca495991b7852b855	0	sources/receiver-current-c0-string-preparation/root-stage-v1/stderr.log
76c81767ad6e07d9e65ae38449f004baeaa0ddb96817907e4e4b764caf3d5ae3	263	sources/receiver-current-c0-string-preparation/root-stage-v1/stdout.log
1a9bfbe94770b99c6c4d5ab51c8dee1e9f6c06daa41797174746ff93ccd4cb84	8741	sources/receiver-current-c0-string-preparation/root_materialize_current_c0_string_v1.py
46cdc05f7a0404959350c4d67487b4b296c0e2cc4022050b71d88e36723d74ee	466983	sources/receiver-current-c0-string-preparation/selection-v1/CURRENT-SELECTION.json
146a1f1e6c09085c41a89597d4bb68e8a3c231226996f122df950c6bb6fb627a	5258	sources/receiver-current-c0-string-preparation/selection-v1/STAGES.json
7e4534c928c2423d44df65ea6170b9d06cc3a64bd9cb073cdadc826247c78f87	1388	sources/receiver-current-c0-string-preparation/semantic-authoring/CONTROLLER-DERIVATION-v1.json
3fa9774dc3db95ac72dc06c217296c279422cf7b4f8f6f92d004cae1b1388fb5	3195	sources/receiver-current-c0-string-preparation/semantic-authoring/CONTROLLER-v2.diff
136de3005114df86c7c0a4884afecbb0898c92e19d0ea87ba51f45ab25e20acf	1591	sources/receiver-current-c0-string-preparation/semantic-authoring/ROOT-COMMAND-v2.json
946d2ce1d5d6b948c6ed8794c776904a07a886b980027092f2104f47dd18f85e	23197	sources/receiver-current-c0-string-preparation/semantic-authoring/SEMANTIC-PLAN-v2.json
ae9160fd4e7371b20ad397fc3c1101e450713e38df44a6df5f5d7e88cdddb982	4363	sources/receiver-current-c0-string-preparation/semantic-authoring/author_plan_v1.py
53c63a767b760ffc822846ba47ef5119b4a1595b591f6366969286175e85e567	4471	sources/receiver-current-c0-string-preparation/semantic-authoring/author_plan_v2.py
6d0458b4ad2406874f138c83128069952a504c2b5e54e35da60c03e3886a08bf	7915	sources/receiver-current-c0-string-preparation/semantic-authoring/independent-review-v2/REVIEW.json
afe1f60d72715f7bfcb143372e97e3b6e81c5d9d4f6b176fe41cfdfdb39e12d0	1327	sources/receiver-current-c0-string-preparation/semantic-authoring/root-execution-v1/RESULT.json
e3b0c44298fc1c149afbf4c8996fb92427ae41e4649b934ca495991b7852b855	0	sources/receiver-current-c0-string-preparation/semantic-authoring/root-execution-v1/stderr.log
9c69a6d5eab2683fb60c80d37754f72d8a104249af246d7827af0a71ede99f46	275	sources/receiver-current-c0-string-preparation/semantic-authoring/root-execution-v1/stdout.log
ba2965af8fb74e10b8fd9967fe0d2886868731ada29b16f68f5d59bc92e1bd9c	25626	sources/receiver-current-c0-string-preparation/semantic-authoring/spc_semantic_capture_v1.py
e5af8e5b84691328d05a4177881b18dae2c7596d19f6c743ebea0a7c804bc823	27576	sources/receiver-current-c0-string-preparation/semantic-authoring/spc_semantic_capture_v2.py
bd08a96120e75fc9d8c565a2e872cfeeef148ea2314aeaa8f66a36a38572841a	1274	sources/receiver-current-c0-string-preparation/semantic-selection-v1/BOUNDARY.json
59e2b5a9598f343a04a528879b3928e420292ab678b2786c597158624c020821	32783	sources/receiver-current-c0-string-preparation/semantic-selection-v1/SEMANTIC-SELECTION.json
0d572a09c11e86435eb53b6c664ba509874992f87f039ce1c4dea89546f99e96	1176	sources/receiver-current-c0-string-preparation/semantic-static-review-v1/APPLICABILITY-NOTE.json
52fe4a4a286b13f80bc466991dd448e03d75efef1e9f8383332a3f56b9653c90	3044	sources/receiver-current-c0-string-preparation/semantic-static-review-v1/REVIEW.json
5e46205fe4cc5424c0d2dbcb0072108d5b3c4f55f442e2323a759c1576f4285b	1743	sources/receiver-current-c0-string-preparation/tool-copy-authoring-v1/COMMAND.json
d766f8ae94026f52af68369e20ba1a3ff47312a027009b51d75d5c7d64e9e317	2234157	sources/receiver-current-c0-string-preparation/tool-copy-authoring-v1/COPY-RESULT.json
89ccc17a4b0eec96ed1d43acf5833d75e4500588684aeb6b6c4e015c1d39ef38	2233882	sources/receiver-current-c0-string-preparation/tool-copy-authoring-v1/SOURCE.json
bf6c5dbeb02feeef46262ee55e743232757c34fe745e37869ac6fde33b5e234c	4942	sources/receiver-current-c0-string-preparation/tool-copy-authoring-v1/copy_runtime.py
20413d14510544f61c5ac837bfd5da6ee3a8d18d9ad08d3ead5e3c2026d65984	591	sources/receiver-current-c0-string/ROOT-READBACK.json
510e2898a7ae2580b955cae5dad6ecf8f98b7186def931fc481a6ec1441b46fb	1723915	sources/receiver-current-c0-string/STAGING.json
d691c61209ae6b4f6f9d39c52c386b355be471998d53d978540a40707e6894ed	1351	sources/receiver-current-c0-string/materialization-v1/ADMISSION.json
b5c821eabed360709c0909ab86b4e7b9526b8864175c9cd598955c54f9053f7e	457	sources/receiver-current-c0-string/materialization-v1/ROOT-READBACK.json
47491b1f231577f46dd79897e2f90a15ba2ca9e8fcd44fba7948ba5ef7aa86d8	2274	sources/receiver-current-c0-string/materialization-v1/ROOT-WRAPPER-READBACK.json
52fd109d92b7a5a44c31c9f4eb43b3f9a8e638455169cc4a9ffb058514bc4cd7	2858	sources/receiver-current-c0-string/materialization-v1/command.json
0ccb3b8e3ac9e1f322b43c4a4e7ed1e2152963b082b2bc5c23d0c5efafbbbd24	1200779	sources/receiver-current-c0-string/materialization-v1/source-after.json
0ccb3b8e3ac9e1f322b43c4a4e7ed1e2152963b082b2bc5c23d0c5efafbbbd24	1200779	sources/receiver-current-c0-string/materialization-v1/source-before.json
e3b0c44298fc1c149afbf4c8996fb92427ae41e4649b934ca495991b7852b855	0	sources/receiver-current-c0-string/materialization-v1/stderr.log
c557e7a507d75c9defbe8ea11b87d12ebe4267d685ece078387f801e328e8226	8818	sources/receiver-current-c0-string/materialization-v1/stdout.log
3a076b4956dc30ab18fcd27fef4acd543c38b078502432a54c8a438a53ba08a1	3978	sources/receiver-current-c0-string/primary-observation-v1/PREPARED.json
6f8d824c7b58f801a3563869d1a34605b36f160a1a04ea4dc6d9dc5455e5e6e8	33725	sources/receiver-current-c0-string/primary-observation-v1/RESULT.json
f0cc18a39a4961b1b54f668c277eef67c54047d710ba13605601261b8a9daf94	35319	sources/receiver-current-c0-string/primary-observation-v1/ROOT-READBACK-v1.json
f9cdeed4c76c2292e8719e5914e3dde399552f1661b01cb7bb2280f21ae06048	267459	sources/receiver-current-c0-string/primary-observation-v1/cache-before.json
f9cdeed4c76c2292e8719e5914e3dde399552f1661b01cb7bb2280f21ae06048	267459	sources/receiver-current-c0-string/primary-observation-v1/chain/01-dag-install-prerequisite/cache-after.json
3c33beb60a85092826916052d6932199a6e0479a2080d6e968c75d011d3f7dcc	2793	sources/receiver-current-c0-string/primary-observation-v1/chain/01-dag-install-prerequisite/receipt.json
c6edcf0bc5327aa0a0a25f077c56f3c4db426f75f88f2c8bc95e61a022be6312	339857	sources/receiver-current-c0-string/primary-observation-v1/chain/01-dag-install-prerequisite/reports.json
db59cabc3d80b90e41a027fbd6f663493e82488497b43794ff66bbc06294054b	233852	sources/receiver-current-c0-string/primary-observation-v1/chain/01-dag-install-prerequisite/reports/m3/tooling/migration-recipes/target/jacoco.exec
ca5c15346415cbd05e37fc385394b962f82d99df7daa42ca2d87ab785be73452	21110	sources/receiver-current-c0-string/primary-observation-v1/chain/01-dag-install-prerequisite/reports/m3/tooling/migration-recipes/target/surefire-reports/TEST-com.m3.rewrite.InstallIndexStringCompatibilityTest.xml
da91509114163ed790e256fcc0b3cf6e5e4a3a5d0ae2316370b81e59520469f0	21400	sources/receiver-current-c0-string/primary-observation-v1/chain/01-dag-install-prerequisite/reports/m3/tooling/migration-recipes/target/surefire-reports/TEST-com.m3.rewrite.M3A3DeclarativeDeliveryRecipeTest.xml
d086c3fc97f7ccadafa9da16bd196ce7171b7e7ac7638e6524cedb7b53a4ee1b	21021	sources/receiver-current-c0-string/primary-observation-v1/chain/01-dag-install-prerequisite/reports/m3/tooling/migration-recipes/target/surefire-reports/TEST-com.m3.rewrite.M3A3LabDeliveryRecipeTest.xml
e6bc3c1e6fa7772c6535780d2095aa18d68053c37b2dd6614e7a954d1df501a3	21047	sources/receiver-current-c0-string/primary-observation-v1/chain/01-dag-install-prerequisite/reports/m3/tooling/migration-recipes/target/surefire-reports/TEST-com.m3.rewrite.M3A3LevenshteinEvidenceClosureRecipeTest.xml
1c04f87c7bde47f6561311b2cedc55f343143c3ffa4533ac3a2c5fa1372e480e	21045	sources/receiver-current-c0-string/primary-observation-v1/chain/01-dag-install-prerequisite/reports/m3/tooling/migration-recipes/target/surefire-reports/TEST-com.m3.rewrite.M3A3MasteryReceiptDeliveryRecipeTest.xml
5853d641db2bcfbb5a536e45fcee074b41d7fbdb3f57b240f1f5d20d151f8623	21036	sources/receiver-current-c0-string/primary-observation-v1/chain/01-dag-install-prerequisite/reports/m3/tooling/migration-recipes/target/surefire-reports/TEST-com.m3.rewrite.M3A3MasteryReceiptWorkflowRecipeTest.xml
b42da3593a3f3aa3171cc039ff7df23b644603e0d3fbb872381be87922528767	20957	sources/receiver-current-c0-string/primary-observation-v1/chain/01-dag-install-prerequisite/reports/m3/tooling/migration-recipes/target/surefire-reports/TEST-com.m3.rewrite.M3A3MasteryV6DeliveryTest.xml
a83b609b552dddaf488271f268138cdf08bb765b6a329c812e57b22ccc0b158d	21015	sources/receiver-current-c0-string/primary-observation-v1/chain/01-dag-install-prerequisite/reports/m3/tooling/migration-recipes/target/surefire-reports/TEST-com.m3.rewrite.M3A3MasteryWorkflowRecipeTest.xml
e7a8135fc509d6e180563ccdea652bf19ad509d6d3c9744f90c104456ecf4a55	21048	sources/receiver-current-c0-string/primary-observation-v1/chain/01-dag-install-prerequisite/reports/m3/tooling/migration-recipes/target/surefire-reports/TEST-com.m3.rewrite.M3A3RegexMemoryLabDeliveryRecipeTest.xml
2ce64e6edd7da478c81e7562853b1a6218a66856839813991be225713d48527b	21033	sources/receiver-current-c0-string/primary-observation-v1/chain/01-dag-install-prerequisite/reports/m3/tooling/migration-recipes/target/surefire-reports/TEST-com.m3.rewrite.M3A3RegexMemoryWorkflowRecipeTest.xml
0780e634cdc413dd9536d7229f5151e7fdb4705f8e9107381623e6a5c270bc54	20985	sources/receiver-current-c0-string/primary-observation-v1/chain/01-dag-install-prerequisite/reports/m3/tooling/migration-recipes/target/surefire-reports/TEST-com.m3.rewrite.M3ImportAdmissionTest.xml
9c2948d0353c6647deb0cc1f15cb306aa0a8c38dfa749d58ff04cddb86a5edd4	21041	sources/receiver-current-c0-string/primary-observation-v1/chain/01-dag-install-prerequisite/reports/m3/tooling/migration-recipes/target/surefire-reports/TEST-com.m3.rewrite.M3Java21ConvergenceAdmissionTest.xml
506f5ca08276de217831b2f9cb8318a3c6fbe6896aebe9cb00f376465ec0e46e	21832	sources/receiver-current-c0-string/primary-observation-v1/chain/01-dag-install-prerequisite/reports/m3/tooling/migration-recipes/target/surefire-reports/TEST-com.m3.rewrite.M3Java21ConvergenceRecipeTest.xml
e12c010ee32e8843291512227111a6a28f7946e68baba54eb48e94ac89f65c85	21052	sources/receiver-current-c0-string/primary-observation-v1/chain/01-dag-install-prerequisite/reports/m3/tooling/migration-recipes/target/surefire-reports/TEST-com.m3.rewrite.M3Java21DeclarativeConvergenceTest.xml
de0271c2b4f626fb92c591db0b1ced132e33e1d67032e614d7ca200780992f16	21173	sources/receiver-current-c0-string/primary-observation-v1/chain/01-dag-install-prerequisite/reports/m3/tooling/migration-recipes/target/surefire-reports/TEST-com.m3.rewrite.a3.M3A3AlgorithmCatalogueRecipeTest.xml
b49094fd2812a2bce57af17743437918a56f0df1a8b20856e807aca8649c12a5	21031	sources/receiver-current-c0-string/primary-observation-v1/chain/01-dag-install-prerequisite/reports/m3/tooling/migration-recipes/target/surefire-reports/TEST-com.m3.rewrite.a3.M3A3MasteryV6RecipeTest.xml
78fd8bb8f48e8b9151487135296f963a5b71bd651e58dfdb146c22e5aba4e16a	21908	sources/receiver-current-c0-string/primary-observation-v1/chain/01-dag-install-prerequisite/reports/m3/tooling/migration-recipes/target/surefire-reports/TEST-com.m3.rewrite.a3.M3A3SerialFileWorkRecipeTest.xml
237b9705f481a0f890731bd65183b7bd99db17ed4fdefacb9b9ed42f076c94a5	21337	sources/receiver-current-c0-string/primary-observation-v1/chain/01-dag-install-prerequisite/reports/m3/tooling/migration-recipes/target/surefire-reports/TEST-com.m3.rewrite.atom.JccReceivingFixtureTest.xml
6d409c3b86a0fbc3029f5d08309ccdaf1d35c1c662019709463a5b1dd0fbf35c	21005	sources/receiver-current-c0-string/primary-observation-v1/chain/01-dag-install-prerequisite/reports/m3/tooling/migration-recipes/target/surefire-reports/TEST-com.m3.rewrite.atom.M3AtomCommentRecipeTest.xml
cf39490410cb1fe78a5e28dcb5448e0a2fdc86cfc4acdb8c9801b496568b4e97	21788	sources/receiver-current-c0-string/primary-observation-v1/chain/01-dag-install-prerequisite/reports/m3/tooling/migration-recipes/target/surefire-reports/TEST-com.m3.rewrite.atom.M3AtomCoverageClosureTest.xml
f67db813141cc26ae90950b82cd7c8c6cc3206731aa3d9843241138e6dd23d32	21516	sources/receiver-current-c0-string/primary-observation-v1/chain/01-dag-install-prerequisite/reports/m3/tooling/migration-recipes/target/surefire-reports/TEST-com.m3.rewrite.atom.M3AtomDefensiveBranchTest.xml
8cbb60afddd1383aef095528d1828e3be87eaa32aef9120de2a07fd1dbf82877	21332	sources/receiver-current-c0-string/primary-observation-v1/chain/01-dag-install-prerequisite/reports/m3/tooling/migration-recipes/target/surefire-reports/TEST-com.m3.rewrite.atom.M3AtomizePureIntReturnRecipeTest.xml
7b48151b8bbea8701e52695bc3d2ca09da30ef849a981a74505b5d6c30e27068	21037	sources/receiver-current-c0-string/primary-observation-v1/chain/01-dag-install-prerequisite/reports/m3/tooling/migration-recipes/target/surefire-reports/TEST-com.m3.rewrite.atom.M3DocumentationContractTest.xml
94fb08e7482dde5e7e12b9a7d60a43097c1d98ec71464e80fb65b10267f35b49	21629	sources/receiver-current-c0-string/primary-observation-v1/chain/01-dag-install-prerequisite/reports/m3/tooling/migration-recipes/target/surefire-reports/TEST-com.m3.rewrite.atom.M3IntRecipeProjectTest.xml
9d3f49162df767ce749b2956a8b1e28788292114b8cac28d725e9647fae81e18	21255	sources/receiver-current-c0-string/primary-observation-v1/chain/01-dag-install-prerequisite/reports/m3/tooling/migration-recipes/target/surefire-reports/TEST-com.m3.rewrite.atom.M3IntSpectrumTest.xml
4379d92fb9bc91f9e4855ff7215c54df15c7d6d409c517ca6082bcfd31a035b7	21221	sources/receiver-current-c0-string/primary-observation-v1/chain/01-dag-install-prerequisite/reports/m3/tooling/migration-recipes/target/surefire-reports/TEST-com.m3.rewrite.atom.M3InventoryPureIntAtomCandidatesTest.xml
bca4f849c7d096f0ad807af1da25b6da9c8eaf5a979f3cff5feb0c524dc6031d	21022	sources/receiver-current-c0-string/primary-observation-v1/chain/01-dag-install-prerequisite/reports/m3/tooling/migration-recipes/target/surefire-reports/TEST-com.m3.rewrite.atom.M3PatternMarkerTest.xml
d2c8f4440627f838cb843c161843a5f701b899a3e3b014eeb112b5f11232fabc	21322	sources/receiver-current-c0-string/primary-observation-v1/chain/01-dag-install-prerequisite/reports/m3/tooling/migration-recipes/target/surefire-reports/TEST-com.m3.rewrite.atom.M3PureIntConvergenceRecipeTest.xml
d6d791bbb89deca55ee769b947a513e2fad4c9b3ce8152d531de8feb9ba2daa9	21171	sources/receiver-current-c0-string/primary-observation-v1/chain/01-dag-install-prerequisite/reports/m3/tooling/migration-recipes/target/surefire-reports/TEST-com.m3.rewrite.atom.M3RepositoryCorpusTest.xml
ed9cb7b46733b75a2cd613d9cebf3bcd9b42913005293bd5a0115a7c03ec0bcd	21091	sources/receiver-current-c0-string/primary-observation-v1/chain/01-dag-install-prerequisite/reports/m3/tooling/migration-recipes/target/surefire-reports/TEST-com.m3.rewrite.backport.A3KitTest.xml
136222a60c906a2565ec32950b9a1b8fd87516622e94790598883ae899d03ef4	21123	sources/receiver-current-c0-string/primary-observation-v1/chain/01-dag-install-prerequisite/reports/m3/tooling/migration-recipes/target/surefire-reports/TEST-com.m3.rewrite.backport.ClassVerTest.xml
6234f164e0b1dc7385f5a73e5c42bbf1beb5ff0b9c17d0316d0c40dfce0d08de	21157	sources/receiver-current-c0-string/primary-observation-v1/chain/01-dag-install-prerequisite/reports/m3/tooling/migration-recipes/target/surefire-reports/TEST-com.m3.rewrite.backport.ClosureRecipeTest.xml
fb1618dc19e147612285dd2d9c13458c2ae44ec0723cc0895f7fb28bef17edd3	22216	sources/receiver-current-c0-string/primary-observation-v1/chain/01-dag-install-prerequisite/reports/m3/tooling/migration-recipes/target/surefire-reports/TEST-com.m3.rewrite.backport.DbRecipeTest.xml
c9c298902a94e63d64e1dceb8ff2bcf85bfd5ab8b0d9cef3417358f2a2cbc061	21870	sources/receiver-current-c0-string/primary-observation-v1/chain/01-dag-install-prerequisite/reports/m3/tooling/migration-recipes/target/surefire-reports/TEST-com.m3.rewrite.backport.DescriptorRecipeTest.xml
2dcd49847e7dab90fabdd917c310f568999a18a6bbcd78c9643d9a1386b78152	21256	sources/receiver-current-c0-string/primary-observation-v1/chain/01-dag-install-prerequisite/reports/m3/tooling/migration-recipes/target/surefire-reports/TEST-com.m3.rewrite.backport.GateTest.xml
4a33ae7eb86af89ed728aba8272c227c1d4c4cfbdf3fc2af4aabccaaa05fa53d	21819	sources/receiver-current-c0-string/primary-observation-v1/chain/01-dag-install-prerequisite/reports/m3/tooling/migration-recipes/target/surefire-reports/TEST-com.m3.rewrite.backport.JccHandoffTest.xml
e8ea2067d03f6d01dd5df9ba3f86150803678594d1f8f30b669eca2863de3624	22460	sources/receiver-current-c0-string/primary-observation-v1/chain/01-dag-install-prerequisite/reports/m3/tooling/migration-recipes/target/surefire-reports/TEST-com.m3.rewrite.backport.JccSourceFinalHandoffTest.xml
81c90b98f2cae45499f24439fef3214c8c5070b4d7852aebf6d1ccff5da293a2	22675	sources/receiver-current-c0-string/primary-observation-v1/chain/01-dag-install-prerequisite/reports/m3/tooling/migration-recipes/target/surefire-reports/TEST-com.m3.rewrite.backport.JccSourceRecoveryHandoffTest.xml
1a35b18da798b87c0d2c3f1a84c2f5a0e6c158726b65ecd951465cc2d2d4b5be	20971	sources/receiver-current-c0-string/primary-observation-v1/chain/01-dag-install-prerequisite/reports/m3/tooling/migration-recipes/target/surefire-reports/TEST-com.m3.rewrite.backport.JniTest.xml
dc11d89440e4e6318f14ea67548e3334abb10c2671f3251239223f6389581d08	21079	sources/receiver-current-c0-string/primary-observation-v1/chain/01-dag-install-prerequisite/reports/m3/tooling/migration-recipes/target/surefire-reports/TEST-com.m3.rewrite.backport.KitTest.xml
cced8f4a018333900cfeaa3982bc05dfaf82ab75fdfae7b94014ac4b96fe7d10	20887	sources/receiver-current-c0-string/primary-observation-v1/chain/01-dag-install-prerequisite/reports/m3/tooling/migration-recipes/target/surefire-reports/TEST-com.m3.rewrite.backport.M3A3NativeJniLaneRecipeTest.xml
43b4fd1752b1088147361efa3a9dbf26e5918b2131ecdf5c951f9332d823346e	21204	sources/receiver-current-c0-string/primary-observation-v1/chain/01-dag-install-prerequisite/reports/m3/tooling/migration-recipes/target/surefire-reports/TEST-com.m3.rewrite.backport.M3Jdk21HashPinnedTextSnapshotRecipeTest.xml
ba6592e4b0a0f7e4d4fd8d4c3cb7d7f32243ca51f5cca1894499937a917bab78	21192	sources/receiver-current-c0-string/primary-observation-v1/chain/01-dag-install-prerequisite/reports/m3/tooling/migration-recipes/target/surefire-reports/TEST-com.m3.rewrite.backport.M3Jdk8347112BackportRecipeTest.xml
ae41530f6f7ad0d205b4d38c41bb11a39a95e1ea57ba9ac2f298f8d920329d1d	21193	sources/receiver-current-c0-string/primary-observation-v1/chain/01-dag-install-prerequisite/reports/m3/tooling/migration-recipes/target/surefire-reports/TEST-com.m3.rewrite.backport.M3Jdk8364182BackportRecipeTest.xml
57739379e81855e98f4fc38e1ef80f73b16202bf392a2da53826d92b73d64cdb	21238	sources/receiver-current-c0-string/primary-observation-v1/chain/01-dag-install-prerequisite/reports/m3/tooling/migration-recipes/target/surefire-reports/TEST-com.m3.rewrite.backport.M3Jdk8367584JfrOptionsHelpBackportRecipeTest.xml
f060ca7ca8e5e91a123f2ba008d5d9f6a7bc6bcf0730469cb798ef87c441e48a	21239	sources/receiver-current-c0-string/primary-observation-v1/chain/01-dag-install-prerequisite/reports/m3/tooling/migration-recipes/target/surefire-reports/TEST-com.m3.rewrite.backport.M3Jdk8368692PasswordSystemInBackportRecipeTest.xml
3d1f7613711328f798e173315cf198a6bf53e70b9846303e42cd973bb817411a	21326	sources/receiver-current-c0-string/primary-observation-v1/chain/01-dag-install-prerequisite/reports/m3/tooling/migration-recipes/target/surefire-reports/TEST-com.m3.rewrite.backport.M3Jdk8374808BackportRecipeTest.xml
8fe35bbba00c55e929c376d1ff3bd045e41eea2a624528bad05296d118d210fc	21400	sources/receiver-current-c0-string/primary-observation-v1/chain/01-dag-install-prerequisite/reports/m3/tooling/migration-recipes/target/surefire-reports/TEST-com.m3.rewrite.backport.M3JdkExecutionFollowthroughRecipeTest.xml
c0cd809731e0ea16285c3867fb35d9156c338606f349f6b47a3b1f247cce2d4b	21634	sources/receiver-current-c0-string/primary-observation-v1/chain/01-dag-install-prerequisite/reports/m3/tooling/migration-recipes/target/surefire-reports/TEST-com.m3.rewrite.backport.M3Jep458BackportRecipeTest.xml
ca998657c8d98374e8ca623946e0b27a1d032813fca5a85813bfca19e03293f7	21563	sources/receiver-current-c0-string/primary-observation-v1/chain/01-dag-install-prerequisite/reports/m3/tooling/migration-recipes/target/surefire-reports/TEST-com.m3.rewrite.backport.M3Jep485StreamGatherersBackportRecipeTest.xml
e70e9a1cd2fd50e1aebb35783ebf30fa707bd8f81617cbb17ce2cb4a9dd500fe	21072	sources/receiver-current-c0-string/primary-observation-v1/chain/01-dag-install-prerequisite/reports/m3/tooling/migration-recipes/target/surefire-reports/TEST-com.m3.rewrite.backport.M3StringCanonicalDagMasterRepairRecipeTest.xml
ae4bf71ee17d7d4e72c9d6355d4648f9f30cf1cc143a5622086c587a83c5df70	22756	sources/receiver-current-c0-string/primary-observation-v1/chain/01-dag-install-prerequisite/reports/m3/tooling/migration-recipes/target/surefire-reports/TEST-com.m3.rewrite.backport.M3StringHistoryConvergenceRecipeTest.xml
628d5c54426923c2371b2d1be5b875d9c2ee85d8224af24fe2c8962e3fc9b9bb	21468	sources/receiver-current-c0-string/primary-observation-v1/chain/01-dag-install-prerequisite/reports/m3/tooling/migration-recipes/target/surefire-reports/TEST-com.m3.rewrite.backport.M3VerbatimJavaPairRecipeTest.xml
4a071c3e056a604e22eaab498d6e3cd06cae40978b890e57e3ad5d41c44f7188	21610	sources/receiver-current-c0-string/primary-observation-v1/chain/01-dag-install-prerequisite/reports/m3/tooling/migration-recipes/target/surefire-reports/TEST-com.m3.rewrite.backport.MapFactsRecipeTest.xml
4fe8481ee813d6dc932c0d913ca8d05d02a325ca9b584b71ab63a7979c85ed1e	21459	sources/receiver-current-c0-string/primary-observation-v1/chain/01-dag-install-prerequisite/reports/m3/tooling/migration-recipes/target/surefire-reports/TEST-com.m3.rewrite.backport.MapGuardRecipeTest.xml
482b089d8de96cad59e1a5dd99c249dae9964890019c8b0960e15232ef25ed65	21734	sources/receiver-current-c0-string/primary-observation-v1/chain/01-dag-install-prerequisite/reports/m3/tooling/migration-recipes/target/surefire-reports/TEST-com.m3.rewrite.backport.MapUtfRecipeTest.xml
3c3118c1ac2d5861c3cbeba45a717fef8dba8c0e13ded08e3b6cb21aedc1817a	21144	sources/receiver-current-c0-string/primary-observation-v1/chain/01-dag-install-prerequisite/reports/m3/tooling/migration-recipes/target/surefire-reports/TEST-com.m3.rewrite.backport.VersionRecipeTest.xml
3cfaeefabc07e5c64d39be77fc9879e4520f462a95d5b2db8f6f3a2c6a68a875	21173	sources/receiver-current-c0-string/primary-observation-v1/chain/01-dag-install-prerequisite/reports/m3/tooling/migration-recipes/target/surefire-reports/TEST-com.m3.rewrite.scope.M3RecipeScopeDeclarationTest.xml
eb97b837c9edfa7fc45dddc1a1aa0cc69f07a68761d21cb795d14c45b066bf24	21257	sources/receiver-current-c0-string/primary-observation-v1/chain/01-dag-install-prerequisite/reports/m3/tooling/migration-recipes/target/surefire-reports/TEST-com.m3.rewrite.scope.M3ScopeContractTest.xml
79fe28e0b05fb40ccc17975e102089bf14294ca965a3c389a15a4b44ae630ca3	21458	sources/receiver-current-c0-string/primary-observation-v1/chain/01-dag-install-prerequisite/reports/m3/tooling/migration-recipes/target/surefire-reports/TEST-com.m3.rewrite.scope.M3ScopeCoverageClosureTest.xml
4fa5a121ac32a14a41d27c5cc58c708a9feb47f3adff532a87e9e4b953933245	20898	sources/receiver-current-c0-string/primary-observation-v1/chain/01-dag-install-prerequisite/reports/m3/tooling/migration-recipes/target/surefire-reports/TEST-com.m3.rewrite.scope.M3ScopeDefensiveBranchTest.xml
3e35e80ef0290527a80f9d28c2d719bf8b4617f71863402a7a76f8b9061f7245	21332	sources/receiver-current-c0-string/primary-observation-v1/chain/01-dag-install-prerequisite/reports/m3/tooling/migration-recipes/target/surefire-reports/TEST-com.m3.rewrite.semantic.M3SemanticHashRecipeTest.xml
dce6b7cb4e62a2b1a0699f7b68fddf1cb202936d93c0d1a02555ed748f23bc9b	21042	sources/receiver-current-c0-string/primary-observation-v1/chain/01-dag-install-prerequisite/reports/m3/tooling/migration-recipes/target/surefire-reports/TEST-com.synexia.rewrite.M3DocumentJavadocContractRecipeTest.xml
dc2dd89fd0de6a9470b404f4d4c3cb7b0ffb3c212d68ca65ffb3af2664627a4b	21207	sources/receiver-current-c0-string/primary-observation-v1/chain/01-dag-install-prerequisite/reports/m3/tooling/migration-recipes/target/surefire-reports/TEST-com.synexia.rewrite.M3MIndexJniNewStringAdmissionRecipeTest.xml
b9a72d6f4f170fd6f4de4988c78b627796e3e2e460be7c59923dfa41fa5675e1	21260	sources/receiver-current-c0-string/primary-observation-v1/chain/01-dag-install-prerequisite/reports/m3/tooling/migration-recipes/target/surefire-reports/TEST-com.synexia.rewrite.M3MIndexJoinedCharsViewRecipeTest.xml
ddbcbc3476203607d719654265dc2bd9a279efd4a35f7704bff75ecd62d7d5f8	21207	sources/receiver-current-c0-string/primary-observation-v1/chain/01-dag-install-prerequisite/reports/m3/tooling/migration-recipes/target/surefire-reports/TEST-com.synexia.rewrite.M3MIndexStringBulkCharBoundaryRecipeTest.xml
4049dd9b82129fb54149f59864ee89e14adea6c486d15779cfb8299c483315af	21022	sources/receiver-current-c0-string/primary-observation-v1/chain/01-dag-install-prerequisite/reports/m3/tooling/migration-recipes/target/surefire-reports/TEST-com.synexia.rewrite.M3ScopeLiteralRepairRecipeTest.xml
9ddf3781b5e43a87b1d67caac2bc4b251f9ce8d77c509c8369129f4b0359fd55	210	sources/receiver-current-c0-string/primary-observation-v1/chain/01-dag-install-prerequisite/stderr.log
fea5a6aefa65896486de6a9d50b40607e0dbbc2645321aaf57aaf0c98922b624	18851	sources/receiver-current-c0-string/primary-observation-v1/chain/01-dag-install-prerequisite/stdout.log
aa66d214c177f95bde3d1c0887fbb87a8fedc73d675e2bed7b1349bec6d83d24	2470	sources/receiver-current-c0-string/primary-observation-v1/config.json
a07f06fecdb5358d62da6f222981b60b2daa4348e95d6b602ed2b8e27e69ed62	524	sources/receiver-current-c0-string/primary-observation-v1/git-before.json
bdf3d9c653aa49124436934ff793b996b44904cbfb79298beaba8ffc811a2c1f	340374	sources/receiver-current-c0-string/primary-observation-v1/inputs.json
38470cca6420e1865d1fca4757794be2bee1fe7a3822dab2ea52b5dd2b43720c	349	sources/receiver-current-c0-string/primary-observation-v1/launchers-before.json
4df53cd0e0cb00d823108f2224d48afa39c78bda9bc447b3d3d54ddbae32e17e	948361	sources/receiver-current-c0-string/primary-observation-v1/sources.json
018827c9759e3932b51be3e7765b0f7f3ae5fd76f6ab88396414462bc52efd42	1782322	sources/receiver-current-c0-string/primary-observation-v1/tools-before.json
e55163d52e0f420424a17778397719c3e5d2adedc65f0af655a36bc11030a722	2954	sources/receiver-current-c0-string/spc-semantic-v1/ADMISSION.json
072c8c827e49f7822f780a17e9c1a2fcc80b1ce5744fbbd90f197901b61a41de	11281	sources/receiver-current-c0-string/spc-semantic-v1/RESULT.json
35f53f08efd3a9f4661aa96ad6b10d1eca9b78b03a3847f040ad64c88905db17	9952	sources/receiver-current-c0-string/spc-semantic-v1/ROOT-READBACK.json
70d26d2dde6dd6f8d240bfc555af38bbe04d343899caca35d624227f69cba577	715	sources/receiver-current-c0-string/spc-semantic-v1/chain/01-compile-fixture/outputs.json
84cca49499d996a6c3631f51a3c44cc1b6e8f9f1dd863855856d679256c7cd72	9087	sources/receiver-current-c0-string/spc-semantic-v1/chain/01-compile-fixture/receipt.json
e3b0c44298fc1c149afbf4c8996fb92427ae41e4649b934ca495991b7852b855	0	sources/receiver-current-c0-string/spc-semantic-v1/chain/01-compile-fixture/stderr.log
e3b0c44298fc1c149afbf4c8996fb92427ae41e4649b934ca495991b7852b855	0	sources/receiver-current-c0-string/spc-semantic-v1/chain/01-compile-fixture/stdout.log
9074f4b426bce9840b8d85eec80b117068fdf54cb45a2c7d7b662831f957efa3	2046	sources/receiver-current-c0-string/spc-semantic-v1/chain/02-compiler-typed-literal-contract/outputs.json
9f64a370e9f2dbbc33161bb33b200b00996b534585dbcca47c071bca38cfbd27	9506	sources/receiver-current-c0-string/spc-semantic-v1/chain/02-compiler-typed-literal-contract/receipt.json
e3b0c44298fc1c149afbf4c8996fb92427ae41e4649b934ca495991b7852b855	0	sources/receiver-current-c0-string/spc-semantic-v1/chain/02-compiler-typed-literal-contract/stderr.log
7f4316832892dde2ff9d673cd6e3f68d011630ae404955e422d7418cf2ad86bb	5092	sources/receiver-current-c0-string/spc-semantic-v1/chain/02-compiler-typed-literal-contract/stdout.log
4db7bd0d564b8571c9baf96e857872cd0904d8ead3a195b0a8feb1609c0b12ee	2717	sources/receiver-current-c0-string/spc-semantic-v1/chain/03-metadata-preservation-controls/receipt.json
1b6e2205369dbb2ec65b70c601f1a4e12fdb9b308e1ea123b8108b57b2f50049	990	sources/receiver-current-c0-string/spc-semantic-v1/chain/03-metadata-preservation-controls/stderr.log
e3b0c44298fc1c149afbf4c8996fb92427ae41e4649b934ca495991b7852b855	0	sources/receiver-current-c0-string/spc-semantic-v1/chain/03-metadata-preservation-controls/stdout.log
a07f06fecdb5358d62da6f222981b60b2daa4348e95d6b602ed2b8e27e69ed62	524	sources/receiver-current-c0-string/spc-semantic-v1/git-after.json
a07f06fecdb5358d62da6f222981b60b2daa4348e95d6b602ed2b8e27e69ed62	524	sources/receiver-current-c0-string/spc-semantic-v1/git-before.json
1fd4c8d856e7de971c874936ef8561167041cd3c087e6ad8796d3225cc6087dc	51207	sources/receiver-current-c0-string/spc-semantic-v1/java-observations/after-current/M3StringPrecomputeSearchTest.java
1fd4c8d856e7de971c874936ef8561167041cd3c087e6ad8796d3225cc6087dc	51207	sources/receiver-current-c0-string/spc-semantic-v1/java-observations/after-template/M3StringPrecomputeSearchTest.java
825bf78d1684665fb85c3a93241700cb1e5d9403f9cb71603db7208303abcc56	51206	sources/receiver-current-c0-string/spc-semantic-v1/java-observations/before-current/M3StringPrecomputeSearchTest.java
1ed409eba2ba7135f22163288cc835b3f6c532f47bb2551ae1c4786fccd6079e	49580	sources/receiver-current-c0-string/spc-semantic-v1/java-observations/before-template/M3StringPrecomputeSearchTest.java
825bf78d1684665fb85c3a93241700cb1e5d9403f9cb71603db7208303abcc56	51206	sources/receiver-current-c0-string/spc-semantic-v1/java-observations/negative-missing-slash/M3StringPrecomputeSearchTest.java
3fc0bca2b76b5413204ce699826010b3999675a6251d25c6990ea4d137534390	51206	sources/receiver-current-c0-string/spc-semantic-v1/java-observations/negative-wrong-atom/M3StringPrecomputeSearchTest.java
f2226678e37eaa0d9dd76c7eda3ce992860c4785cd50b3af73aeb69549ff034e	2930	sources/receiver-current-c0-string/spc-semantic-v1/observed-outputs.json
4df53cd0e0cb00d823108f2224d48afa39c78bda9bc447b3d3d54ddbae32e17e	948361	sources/receiver-current-c0-string/spc-semantic-v1/source-after.json
4df53cd0e0cb00d823108f2224d48afa39c78bda9bc447b3d3d54ddbae32e17e	948361	sources/receiver-current-c0-string/spc-semantic-v1/source-before.json
3ad92f5d9acf7f3034eed8122c52ceb7a8b9031aac7a58ce8ffa0877a8df694e	3028	sources/receiver-current-c0/primary-observation-v1/PREPARED.json
78195f460e0c2d58d4736660dab3e3244c16c3b42ac644e065833969ced8e466	32077	sources/receiver-current-c0/primary-observation-v1/RESULT.json
e121ba9aa8276099d1bc984abe4dff3ee45c9bce8d4f849a1822d6a68a8295f7	29864	sources/receiver-current-c0/primary-observation-v1/ROOT-READBACK.json
f9cdeed4c76c2292e8719e5914e3dde399552f1661b01cb7bb2280f21ae06048	267459	sources/receiver-current-c0/primary-observation-v1/cache-before.json
f9cdeed4c76c2292e8719e5914e3dde399552f1661b01cb7bb2280f21ae06048	267459	sources/receiver-current-c0/primary-observation-v1/chain/01-dag-install-prerequisite/cache-after.json
7fd7ef09bd39eb0576d4c48638730aa98df5eeffd5fe9d7940a307a61eea060b	2688	sources/receiver-current-c0/primary-observation-v1/chain/01-dag-install-prerequisite/receipt.json
05e97d17dc4b1c644469a4aa346d43016890dec1b25b1bee5ac849b814d7e637	338650	sources/receiver-current-c0/primary-observation-v1/chain/01-dag-install-prerequisite/reports.json
d876ffa4488e3f6704ede1d8cb165ed8e549db0a35724f344ccc7b5e6707ab4f	233828	sources/receiver-current-c0/primary-observation-v1/chain/01-dag-install-prerequisite/reports/m3/tooling/migration-recipes/target/jacoco.exec
e1dcea23b6f387fcdcfba1d143a09ff639400e687813e5a874f1429f1c89cbc6	20347	sources/receiver-current-c0/primary-observation-v1/chain/01-dag-install-prerequisite/reports/m3/tooling/migration-recipes/target/surefire-reports/TEST-com.m3.rewrite.InstallIndexStringCompatibilityTest.xml
d9e3b20d9d1949f339891cffd52f59a8ebffa67db7d203d4f262684af5829ab2	20636	sources/receiver-current-c0/primary-observation-v1/chain/01-dag-install-prerequisite/reports/m3/tooling/migration-recipes/target/surefire-reports/TEST-com.m3.rewrite.M3A3DeclarativeDeliveryRecipeTest.xml
737e069233c5ca48acec44d9aff015a741a9fed7fc7d3e301a580e5cc55780c7	20257	sources/receiver-current-c0/primary-observation-v1/chain/01-dag-install-prerequisite/reports/m3/tooling/migration-recipes/target/surefire-reports/TEST-com.m3.rewrite.M3A3LabDeliveryRecipeTest.xml
5918c13af9cd947b2b48fe153c9a5e10f27aa0de00aab55159a5558e01fbac92	20282	sources/receiver-current-c0/primary-observation-v1/chain/01-dag-install-prerequisite/reports/m3/tooling/migration-recipes/target/surefire-reports/TEST-com.m3.rewrite.M3A3LevenshteinEvidenceClosureRecipeTest.xml
a840b2c0f493f023a2e474c3a73dd8ed3d59e91389ed659a90e89e22361b900f	20279	sources/receiver-current-c0/primary-observation-v1/chain/01-dag-install-prerequisite/reports/m3/tooling/migration-recipes/target/surefire-reports/TEST-com.m3.rewrite.M3A3MasteryReceiptDeliveryRecipeTest.xml
729b965bfbf6c58ed6adee4a56f5b000ccbfb4113f633c1567215caa80562341	20271	sources/receiver-current-c0/primary-observation-v1/chain/01-dag-install-prerequisite/reports/m3/tooling/migration-recipes/target/surefire-reports/TEST-com.m3.rewrite.M3A3MasteryReceiptWorkflowRecipeTest.xml
ccca7a4aa7d02b982e66a8bedd4e110412fe1cb58ee554c4126830cbb3fbe2e6	20194	sources/receiver-current-c0/primary-observation-v1/chain/01-dag-install-prerequisite/reports/m3/tooling/migration-recipes/target/surefire-reports/TEST-com.m3.rewrite.M3A3MasteryV6DeliveryTest.xml
c825e241a0dc3caf6b7d663b31a3d5a8c823c01debfa3fcf501d65d67ae36f33	20252	sources/receiver-current-c0/primary-observation-v1/chain/01-dag-install-prerequisite/reports/m3/tooling/migration-recipes/target/surefire-reports/TEST-com.m3.rewrite.M3A3MasteryWorkflowRecipeTest.xml
2bb828e119e234fa20d0e7e0c8eb192d56085681260fddc35c4be4385e4c9e5b	20285	sources/receiver-current-c0/primary-observation-v1/chain/01-dag-install-prerequisite/reports/m3/tooling/migration-recipes/target/surefire-reports/TEST-com.m3.rewrite.M3A3RegexMemoryLabDeliveryRecipeTest.xml
111a1c2436e235730509e983b0bcc510fd89bb12eba85c8be857cde9df380d92	20271	sources/receiver-current-c0/primary-observation-v1/chain/01-dag-install-prerequisite/reports/m3/tooling/migration-recipes/target/surefire-reports/TEST-com.m3.rewrite.M3A3RegexMemoryWorkflowRecipeTest.xml
d9a5ca3727afb147713947e17781607cbd77a577109f7c170062c230eba09b6a	20222	sources/receiver-current-c0/primary-observation-v1/chain/01-dag-install-prerequisite/reports/m3/tooling/migration-recipes/target/surefire-reports/TEST-com.m3.rewrite.M3ImportAdmissionTest.xml
16b09c01cd68f8d13521bf3c8a91dfd49e5f622495fb3e8661f90d9c11893d93	20278	sources/receiver-current-c0/primary-observation-v1/chain/01-dag-install-prerequisite/reports/m3/tooling/migration-recipes/target/surefire-reports/TEST-com.m3.rewrite.M3Java21ConvergenceAdmissionTest.xml
e65c1cb01ec749edac60af09aacbf54abb5231eca5bec34bef3a807075fab6f7	21071	sources/receiver-current-c0/primary-observation-v1/chain/01-dag-install-prerequisite/reports/m3/tooling/migration-recipes/target/surefire-reports/TEST-com.m3.rewrite.M3Java21ConvergenceRecipeTest.xml
56c0de9adaf1f35e9a733f205bd1d09f47e7b0174c391af4bd65a20df5f88c59	20289	sources/receiver-current-c0/primary-observation-v1/chain/01-dag-install-prerequisite/reports/m3/tooling/migration-recipes/target/surefire-reports/TEST-com.m3.rewrite.M3Java21DeclarativeConvergenceTest.xml
b57f031ad0ef6639703bcef19f3f7297cce758ac7c6ee37a566e775e3d281a84	20408	sources/receiver-current-c0/primary-observation-v1/chain/01-dag-install-prerequisite/reports/m3/tooling/migration-recipes/target/surefire-reports/TEST-com.m3.rewrite.a3.M3A3AlgorithmCatalogueRecipeTest.xml
4573a9a07166ba3005d480de2b62e5b6911b56189487a35ac2473dc78d1c67b3	20265	sources/receiver-current-c0/primary-observation-v1/chain/01-dag-install-prerequisite/reports/m3/tooling/migration-recipes/target/surefire-reports/TEST-com.m3.rewrite.a3.M3A3MasteryV6RecipeTest.xml
b3a2229315fbc3919901a016d9fe330fcdd0f8135d1ea4e0b459726befed0fd9	21146	sources/receiver-current-c0/primary-observation-v1/chain/01-dag-install-prerequisite/reports/m3/tooling/migration-recipes/target/surefire-reports/TEST-com.m3.rewrite.a3.M3A3SerialFileWorkRecipeTest.xml
90fd69b6960fcdbe0a6877ec1a923c10bea57feefbdc2f3a1c820944a81e02bb	20574	sources/receiver-current-c0/primary-observation-v1/chain/01-dag-install-prerequisite/reports/m3/tooling/migration-recipes/target/surefire-reports/TEST-com.m3.rewrite.atom.JccReceivingFixtureTest.xml
d9c537919d6095f75d999ab9534aae2a33483a392f3bab97d1004238ca1df158	20243	sources/receiver-current-c0/primary-observation-v1/chain/01-dag-install-prerequisite/reports/m3/tooling/migration-recipes/target/surefire-reports/TEST-com.m3.rewrite.atom.M3AtomCommentRecipeTest.xml
fce552d95008cb61eb4d152c18d5c554cafe7345b5e744bd41dbc4161773571d	21024	sources/receiver-current-c0/primary-observation-v1/chain/01-dag-install-prerequisite/reports/m3/tooling/migration-recipes/target/surefire-reports/TEST-com.m3.rewrite.atom.M3AtomCoverageClosureTest.xml
364a92c3909197fd2df23ed59903d9e44fb091c36b14bfddb1fa73f3d008de80	20753	sources/receiver-current-c0/primary-observation-v1/chain/01-dag-install-prerequisite/reports/m3/tooling/migration-recipes/target/surefire-reports/TEST-com.m3.rewrite.atom.M3AtomDefensiveBranchTest.xml
bf4b2cc1633fa6c119fc60d419f4ce86adae0a3cbf301894ea0f5877705dae0d	20569	sources/receiver-current-c0/primary-observation-v1/chain/01-dag-install-prerequisite/reports/m3/tooling/migration-recipes/target/surefire-reports/TEST-com.m3.rewrite.atom.M3AtomizePureIntReturnRecipeTest.xml
64cebf38de5759003536894c29b5df6b1c4bdcd152d42ea99a464db17a3c1a7f	20274	sources/receiver-current-c0/primary-observation-v1/chain/01-dag-install-prerequisite/reports/m3/tooling/migration-recipes/target/surefire-reports/TEST-com.m3.rewrite.atom.M3DocumentationContractTest.xml
b35618f69d96496c2a5e8016105fa9ada411dfec43d67af51cd949fad3f7b3a3	20867	sources/receiver-current-c0/primary-observation-v1/chain/01-dag-install-prerequisite/reports/m3/tooling/migration-recipes/target/surefire-reports/TEST-com.m3.rewrite.atom.M3IntRecipeProjectTest.xml
5f7d887222152832f3906bc57213a677dd2e0038ddc07b1d33fad5ff34aeb33b	20491	sources/receiver-current-c0/primary-observation-v1/chain/01-dag-install-prerequisite/reports/m3/tooling/migration-recipes/target/surefire-reports/TEST-com.m3.rewrite.atom.M3IntSpectrumTest.xml
418ca3715c6a5a5d2b8fe8322ceb619cbb72da060ef880b4e95e3039fe10974e	20460	sources/receiver-current-c0/primary-observation-v1/chain/01-dag-install-prerequisite/reports/m3/tooling/migration-recipes/target/surefire-reports/TEST-com.m3.rewrite.atom.M3InventoryPureIntAtomCandidatesTest.xml
e7c4c2ff6ccd44f8efb7b1b081780530ca7bb13319e6ecaaa3a2f161e0135d75	20258	sources/receiver-current-c0/primary-observation-v1/chain/01-dag-install-prerequisite/reports/m3/tooling/migration-recipes/target/surefire-reports/TEST-com.m3.rewrite.atom.M3PatternMarkerTest.xml
faad74f6bc3195d393bf4854d4eb9e7958118fa24230e9c3fade05fbc8619fe3	20560	sources/receiver-current-c0/primary-observation-v1/chain/01-dag-install-prerequisite/reports/m3/tooling/migration-recipes/target/surefire-reports/TEST-com.m3.rewrite.atom.M3PureIntConvergenceRecipeTest.xml
765eb7d9e11a43d0bcda701afbbdb02f4984ba4960f92d41ab9cc5e64f5f9a0a	20408	sources/receiver-current-c0/primary-observation-v1/chain/01-dag-install-prerequisite/reports/m3/tooling/migration-recipes/target/surefire-reports/TEST-com.m3.rewrite.atom.M3RepositoryCorpusTest.xml
862341ab474c6d909a300acd2d4aa0a2f90369d002e74f1a659c5d4aa6cdff65	20329	sources/receiver-current-c0/primary-observation-v1/chain/01-dag-install-prerequisite/reports/m3/tooling/migration-recipes/target/surefire-reports/TEST-com.m3.rewrite.backport.A3KitTest.xml
dbe0a4123426e171a23e133c75b816637a5ae032c25f97d0153bfa23705e0c80	20361	sources/receiver-current-c0/primary-observation-v1/chain/01-dag-install-prerequisite/reports/m3/tooling/migration-recipes/target/surefire-reports/TEST-com.m3.rewrite.backport.ClassVerTest.xml
1bc97ecdd073134d079d581179b7cffcf256ed404dfc31b2d3f0e6818cbf2267	58549	sources/receiver-current-c0/primary-observation-v1/chain/01-dag-install-prerequisite/reports/m3/tooling/migration-recipes/target/surefire-reports/TEST-com.m3.rewrite.backport.ClosureRecipeTest.xml
017529bdfeaa7013483ac83deadd1e14e14f3200a2ce68f4f8deff6548f73cc5	21451	sources/receiver-current-c0/primary-observation-v1/chain/01-dag-install-prerequisite/reports/m3/tooling/migration-recipes/target/surefire-reports/TEST-com.m3.rewrite.backport.DbRecipeTest.xml
f0a3c8f30a3df7f9287a18a1cf9d989fa74245bb2fb22a2fee75051f714624ba	21103	sources/receiver-current-c0/primary-observation-v1/chain/01-dag-install-prerequisite/reports/m3/tooling/migration-recipes/target/surefire-reports/TEST-com.m3.rewrite.backport.DescriptorRecipeTest.xml
befe853adf0f5539fd45671de737214d3a50f7767168e5bb82370929e613b0d0	20493	sources/receiver-current-c0/primary-observation-v1/chain/01-dag-install-prerequisite/reports/m3/tooling/migration-recipes/target/surefire-reports/TEST-com.m3.rewrite.backport.GateTest.xml
05b6a6cf7df08969267e1c335e82ed21078744c7cd10b9440a1bb3cb098b0575	21055	sources/receiver-current-c0/primary-observation-v1/chain/01-dag-install-prerequisite/reports/m3/tooling/migration-recipes/target/surefire-reports/TEST-com.m3.rewrite.backport.JccHandoffTest.xml
f74e11d275a9c9883c284ed1e0bb0ef797d8a5e13552b63219ab6fe03d8388c3	21697	sources/receiver-current-c0/primary-observation-v1/chain/01-dag-install-prerequisite/reports/m3/tooling/migration-recipes/target/surefire-reports/TEST-com.m3.rewrite.backport.JccSourceFinalHandoffTest.xml
287d319a04d26654b701c5129425e0aaf336f2d6681a6ebd151a337b406f794b	21912	sources/receiver-current-c0/primary-observation-v1/chain/01-dag-install-prerequisite/reports/m3/tooling/migration-recipes/target/surefire-reports/TEST-com.m3.rewrite.backport.JccSourceRecoveryHandoffTest.xml
50e603707039af628f4cecc1d5e99fbdfb864b94867de15c1055b0e032459e07	20208	sources/receiver-current-c0/primary-observation-v1/chain/01-dag-install-prerequisite/reports/m3/tooling/migration-recipes/target/surefire-reports/TEST-com.m3.rewrite.backport.JniTest.xml
3c455f4ad4ce22be4b58e77438fe566e7de48aea5e7e2ac0d1d78986305c8cba	20317	sources/receiver-current-c0/primary-observation-v1/chain/01-dag-install-prerequisite/reports/m3/tooling/migration-recipes/target/surefire-reports/TEST-com.m3.rewrite.backport.KitTest.xml
e49976460463b3df816fe2d7fe5764492c2742ffa2ca36f7eb9d76647ac241ff	20125	sources/receiver-current-c0/primary-observation-v1/chain/01-dag-install-prerequisite/reports/m3/tooling/migration-recipes/target/surefire-reports/TEST-com.m3.rewrite.backport.M3A3NativeJniLaneRecipeTest.xml
ae3ba70a76b056d5141715f381f04c6e7dcc6f23141909f4fc1ea818e5bf7d9d	20443	sources/receiver-current-c0/primary-observation-v1/chain/01-dag-install-prerequisite/reports/m3/tooling/migration-recipes/target/surefire-reports/TEST-com.m3.rewrite.backport.M3Jdk21HashPinnedTextSnapshotRecipeTest.xml
9a635698007b3d4deb78ac2126595b6f3adcca38040e5ad732f9b5c6d60802ee	20429	sources/receiver-current-c0/primary-observation-v1/chain/01-dag-install-prerequisite/reports/m3/tooling/migration-recipes/target/surefire-reports/TEST-com.m3.rewrite.backport.M3Jdk8347112BackportRecipeTest.xml
e008e47d62b66e023577e544a340a018afe2dc8b86f1aa486090fe6cb5290231	20430	sources/receiver-current-c0/primary-observation-v1/chain/01-dag-install-prerequisite/reports/m3/tooling/migration-recipes/target/surefire-reports/TEST-com.m3.rewrite.backport.M3Jdk8364182BackportRecipeTest.xml
702234d710cff06828b2692f5ce848cbc78b0d83c088c71bcb632b15631430fd	20475	sources/receiver-current-c0/primary-observation-v1/chain/01-dag-install-prerequisite/reports/m3/tooling/migration-recipes/target/surefire-reports/TEST-com.m3.rewrite.backport.M3Jdk8367584JfrOptionsHelpBackportRecipeTest.xml
4933f0c5035335cb362bbe5c2e03fbec1127f4a4a5393fb9c332f58ce48bfbf8	20476	sources/receiver-current-c0/primary-observation-v1/chain/01-dag-install-prerequisite/reports/m3/tooling/migration-recipes/target/surefire-reports/TEST-com.m3.rewrite.backport.M3Jdk8368692PasswordSystemInBackportRecipeTest.xml
6ba5dd69effc5127da347368941fb1d6a473edfd7c14adaa091b78e53afdc637	20561	sources/receiver-current-c0/primary-observation-v1/chain/01-dag-install-prerequisite/reports/m3/tooling/migration-recipes/target/surefire-reports/TEST-com.m3.rewrite.backport.M3Jdk8374808BackportRecipeTest.xml
0f48bfddd8ce75ce6b79153e37c342453de23769edc8c0e8f8d693499b096a4a	20637	sources/receiver-current-c0/primary-observation-v1/chain/01-dag-install-prerequisite/reports/m3/tooling/migration-recipes/target/surefire-reports/TEST-com.m3.rewrite.backport.M3JdkExecutionFollowthroughRecipeTest.xml
d046b497711f692e56d0364f401bfb3ac9dffc7c8e38a9ae42911b5bda919184	20871	sources/receiver-current-c0/primary-observation-v1/chain/01-dag-install-prerequisite/reports/m3/tooling/migration-recipes/target/surefire-reports/TEST-com.m3.rewrite.backport.M3Jep458BackportRecipeTest.xml
60bf224cc06998dabfb2eb1f74a85dee6dcb4c68a41f0e4d0a8e9da1392beba2	20800	sources/receiver-current-c0/primary-observation-v1/chain/01-dag-install-prerequisite/reports/m3/tooling/migration-recipes/target/surefire-reports/TEST-com.m3.rewrite.backport.M3Jep485StreamGatherersBackportRecipeTest.xml
42958e8deb0f31b29db976a669cc82838f4092a711bfda35fe802e6bc46111ce	20310	sources/receiver-current-c0/primary-observation-v1/chain/01-dag-install-prerequisite/reports/m3/tooling/migration-recipes/target/surefire-reports/TEST-com.m3.rewrite.backport.M3StringCanonicalDagMasterRepairRecipeTest.xml
10cab8b08771907529070a004a7296af2df4d763f200d44db483aaa0f7d273d5	25486	sources/receiver-current-c0/primary-observation-v1/chain/01-dag-install-prerequisite/reports/m3/tooling/migration-recipes/target/surefire-reports/TEST-com.m3.rewrite.backport.M3StringHistoryConvergenceRecipeTest.xml
e5145628d1abf4e8157d11073fb7c627355cdf1e857e8eb0435b723d14583298	20705	sources/receiver-current-c0/primary-observation-v1/chain/01-dag-install-prerequisite/reports/m3/tooling/migration-recipes/target/surefire-reports/TEST-com.m3.rewrite.backport.M3VerbatimJavaPairRecipeTest.xml
481b25f559ba154b7c239c5dd566c8f133793ef5d9acf46ed9162591915f72bc	20844	sources/receiver-current-c0/primary-observation-v1/chain/01-dag-install-prerequisite/reports/m3/tooling/migration-recipes/target/surefire-reports/TEST-com.m3.rewrite.backport.MapFactsRecipeTest.xml
30aae44b82c6a1c239d3e088021214160a8f37ee547c4c8c8b3d7d172f11d781	20698	sources/receiver-current-c0/primary-observation-v1/chain/01-dag-install-prerequisite/reports/m3/tooling/migration-recipes/target/surefire-reports/TEST-com.m3.rewrite.backport.MapGuardRecipeTest.xml
e3a4ad564571f42477830bbd4d812c3d336c2439cdfb81405b76bb9b96ce31d5	20970	sources/receiver-current-c0/primary-observation-v1/chain/01-dag-install-prerequisite/reports/m3/tooling/migration-recipes/target/surefire-reports/TEST-com.m3.rewrite.backport.MapUtfRecipeTest.xml
22e435f5b64e5f1a630aaa0b3fddbf2ddb6ec70e98d6a30060a35ee7e6b9908c	20382	sources/receiver-current-c0/primary-observation-v1/chain/01-dag-install-prerequisite/reports/m3/tooling/migration-recipes/target/surefire-reports/TEST-com.m3.rewrite.backport.VersionRecipeTest.xml
d3f207f99b800638e5f80cf8c070394b05b90a2bbdc39e31218e4d20fb30f9ab	20408	sources/receiver-current-c0/primary-observation-v1/chain/01-dag-install-prerequisite/reports/m3/tooling/migration-recipes/target/surefire-reports/TEST-com.m3.rewrite.scope.M3RecipeScopeDeclarationTest.xml
ba6394b378933751e3fa63ff1a667ad931e3076c6a197ba0f05f2da313ae6af3	20492	sources/receiver-current-c0/primary-observation-v1/chain/01-dag-install-prerequisite/reports/m3/tooling/migration-recipes/target/surefire-reports/TEST-com.m3.rewrite.scope.M3ScopeContractTest.xml
6a646a30e868001268076c59653a422f244f6030ee620d54f408499d7e3c217f	20695	sources/receiver-current-c0/primary-observation-v1/chain/01-dag-install-prerequisite/reports/m3/tooling/migration-recipes/target/surefire-reports/TEST-com.m3.rewrite.scope.M3ScopeCoverageClosureTest.xml
de9694732bf258732c54f33804662652aab728b4b968313c5e9a3265e941ef1b	20135	sources/receiver-current-c0/primary-observation-v1/chain/01-dag-install-prerequisite/reports/m3/tooling/migration-recipes/target/surefire-reports/TEST-com.m3.rewrite.scope.M3ScopeDefensiveBranchTest.xml
dd0de57af547e3fc2334f1933f07a932d2d11b8113a0a7d8a5e8451f4ab48d7b	20569	sources/receiver-current-c0/primary-observation-v1/chain/01-dag-install-prerequisite/reports/m3/tooling/migration-recipes/target/surefire-reports/TEST-com.m3.rewrite.semantic.M3SemanticHashRecipeTest.xml
3d9365e9f695f59f490d3fd4ae5c6a23a551f953e07d9f1334ce3dc3b508c21c	20280	sources/receiver-current-c0/primary-observation-v1/chain/01-dag-install-prerequisite/reports/m3/tooling/migration-recipes/target/surefire-reports/TEST-com.synexia.rewrite.M3DocumentJavadocContractRecipeTest.xml
254158de99aaae13cb8fb702dad4b38ebfa5bd06b6cbb3bb53da3c6d65c5cf5c	20444	sources/receiver-current-c0/primary-observation-v1/chain/01-dag-install-prerequisite/reports/m3/tooling/migration-recipes/target/surefire-reports/TEST-com.synexia.rewrite.M3MIndexJniNewStringAdmissionRecipeTest.xml
676b812bc54e05c018b8d7a8b9b60e384b519fa0a84e3374d4561994237d9e63	20495	sources/receiver-current-c0/primary-observation-v1/chain/01-dag-install-prerequisite/reports/m3/tooling/migration-recipes/target/surefire-reports/TEST-com.synexia.rewrite.M3MIndexJoinedCharsViewRecipeTest.xml
29e141ae65b55bd57921d08bdeb4d5f190246372858a3f3cc32ec7e4889ba66e	20445	sources/receiver-current-c0/primary-observation-v1/chain/01-dag-install-prerequisite/reports/m3/tooling/migration-recipes/target/surefire-reports/TEST-com.synexia.rewrite.M3MIndexStringBulkCharBoundaryRecipeTest.xml
9d16a2f038dd00ace60847818ba90c28d5257de6176ef9af732b0d8d5c76cdf7	20258	sources/receiver-current-c0/primary-observation-v1/chain/01-dag-install-prerequisite/reports/m3/tooling/migration-recipes/target/surefire-reports/TEST-com.synexia.rewrite.M3ScopeLiteralRepairRecipeTest.xml
9ddf3781b5e43a87b1d67caac2bc4b251f9ce8d77c509c8369129f4b0359fd55	210	sources/receiver-current-c0/primary-observation-v1/chain/01-dag-install-prerequisite/stderr.log
dd1aa052b21d6948d2c8c448ff70356383cf9a94272d4af939f9233616e96e90	58815	sources/receiver-current-c0/primary-observation-v1/chain/01-dag-install-prerequisite/stdout.log
919a5d9e310541845c62b604e9eb18df500de00c40034c5797746026963da2a8	2358	sources/receiver-current-c0/primary-observation-v1/config.json
b298ffa267ecfd61c9477f876a4f89b1c4a193d117d2c89d0d5e324941cfa08b	517	sources/receiver-current-c0/primary-observation-v1/git-before.json
59815e2383dcd1c90f8da2ad419f0c944e561fe1b08da5f55b9f54d84179331d	60460	sources/receiver-current-c0/primary-observation-v1/inputs.json
aab8fdda4c66ef3deca18b98b7ed399ecc25b5d1ff2a506ba3acc56a61785e93	342	sources/receiver-current-c0/primary-observation-v1/launchers-before.json
9b1aad7df56fd932dc826390c2bf0b5ea3ee3daf8729d2b0a70987e1b725ec89	947767	sources/receiver-current-c0/primary-observation-v1/sources.json
24222f2d270cd1409205719174dab33ef487cf2ef141f4406c9dbabc32d0b18a	1780887	sources/receiver-current-c0/primary-observation-v1/tools-before.json
d0b7fe08b3b14c4cf4451821008d235b373dacba7b38a95c26e8ec6d130431c6	772706	sources/recipe-recovery/current-followup-c0/ROOT-READBACK-v1.json
2a675bfce6dcdbc82514ec9531ec17c549fb41b1ccd1724f6ecd02f39563636c	947	sources/recipe-recovery/current-followup-c0/evidence/producer-v1/PATCH.json
7f381ac0f810aab4dcc7d46d8ced7eb327452852f83468b31a2763af56db6213	15115	sources/recipe-recovery/current-followup-c0/evidence/producer-v1/RESULT.json
6b1c557bd1465cca9b5ba0d02d7993271c1392d9531df043eaf30046a910fffa	9679	sources/recipe-recovery/current-followup-c0/evidence/producer-v1/build-artifacts.json
495459b96f3c864e6222a5587161c2d70bd905c07e46ae615f1aee8fca42b6ec	1835	sources/recipe-recovery/current-followup-c0/evidence/producer-v1/chain/01-static.json
e3b0c44298fc1c149afbf4c8996fb92427ae41e4649b934ca495991b7852b855	0	sources/recipe-recovery/current-followup-c0/evidence/producer-v1/chain/01-static.stderr.log
265819fc9847d8132ebd74c5acef22923de59d0878f411d58d62d4dfb056a158	574	sources/recipe-recovery/current-followup-c0/evidence/producer-v1/chain/01-static.stdout.log
9e5ea422da4c9c4538473a48756e3d721b679f2cd1e4c617abb8d165b02c4602	2577	sources/recipe-recovery/current-followup-c0/evidence/producer-v1/chain/02-compile.json
e3b0c44298fc1c149afbf4c8996fb92427ae41e4649b934ca495991b7852b855	0	sources/recipe-recovery/current-followup-c0/evidence/producer-v1/chain/02-compile.stderr.log
eecc0dc86caa0421d7b9c7f81fe5a1fef51ed63da73598f680ab95be64b6ab08	1431	sources/recipe-recovery/current-followup-c0/evidence/producer-v1/chain/02-compile.stdout.log
9ccfbaef0ff1318cf6c7982af54d951fdc3883e9d1317695d1a8c7a47dd4a187	2886	sources/recipe-recovery/current-followup-c0/evidence/producer-v1/chain/03-tests.json
9ddf3781b5e43a87b1d67caac2bc4b251f9ce8d77c509c8369129f4b0359fd55	210	sources/recipe-recovery/current-followup-c0/evidence/producer-v1/chain/03-tests.stderr.log
d1c1eb8e355d6b733b6211a412a202cd85f0018481923d7bf75cbcf38dd45764	1214	sources/recipe-recovery/current-followup-c0/evidence/producer-v1/chain/03-tests.stdout.log
c1e6bda579301460ed8de854210891ab1225aa022b32e59710aee33ce370f22d	10051	sources/recipe-recovery/current-followup-c0/evidence/producer-v1/chain/04-runtime.json
9ddf3781b5e43a87b1d67caac2bc4b251f9ce8d77c509c8369129f4b0359fd55	210	sources/recipe-recovery/current-followup-c0/evidence/producer-v1/chain/04-runtime.stderr.log
9c51ba5bf3d91ad7d645eaee302fb8e6d0dcb6bd1518a4a22263873381b883b0	154	sources/recipe-recovery/current-followup-c0/evidence/producer-v1/chain/04-runtime.stdout.log
3028c81fe6819764d51d07b81adba38dc0348941f750c76fb0e24a4d648d67f6	11711	sources/recipe-recovery/current-followup-c0/evidence/producer-v1/commands.json
1aa2a7a495a00d3a0754bcf776cf7d3ef3bd176134186bfe1ec4004bb8a74616	5526	sources/recipe-recovery/current-followup-c0/evidence/producer-v1/generated-candidate/.github/workflows/m3-lane28.yml
84d3b48257a3c53b79c5aa5b2e6432951db2ff6a0d64822d85c1bca8b250d875	5101	sources/recipe-recovery/current-followup-c0/evidence/producer-v1/generated-candidate/.github/workflows/m3-tq.yml
3405781f7b0364d20069cff62f68ab95a5333b61f26b927b53158e45a0aeeb2e	64460	sources/recipe-recovery/current-followup-c0/evidence/producer-v1/generated-candidate/OUTPUT.json
daac54aaf5e0e76a01c4d706d126ecf3323cdbecf18076f15970a81cdecf60d3	225673	sources/recipe-recovery/current-followup-c0/evidence/producer-v1/generated-candidate/candidate.patch
e3b0c44298fc1c149afbf4c8996fb92427ae41e4649b934ca495991b7852b855	0	sources/recipe-recovery/current-followup-c0/evidence/producer-v1/generated-candidate/composition/Forward/01-Cwf-replay.patch
3e5eb00154f46173b1f177e992e7551056fc6955a625f27e4b1cd1a3d6507d85	196679	sources/recipe-recovery/current-followup-c0/evidence/producer-v1/generated-candidate/composition/Forward/01-Cwf.patch
e3b0c44298fc1c149afbf4c8996fb92427ae41e4649b934ca495991b7852b855	0	sources/recipe-recovery/current-followup-c0/evidence/producer-v1/generated-candidate/composition/Forward/02-Tqc-replay.patch
0e66256832b9693fc66ab6c345f5715ec062bfcb85044aea1e7879c00a1160ea	18263	sources/recipe-recovery/current-followup-c0/evidence/producer-v1/generated-candidate/composition/Forward/02-Tqc.patch
e3b0c44298fc1c149afbf4c8996fb92427ae41e4649b934ca495991b7852b855	0	sources/recipe-recovery/current-followup-c0/evidence/producer-v1/generated-candidate/composition/Forward/03-Pdc-replay.patch
3a6ad79fad5721c0a49801da98bd97d40bf187eabdc7ad8382332eb60292fc21	6532	sources/recipe-recovery/current-followup-c0/evidence/producer-v1/generated-candidate/composition/Forward/03-Pdc.patch
e3b0c44298fc1c149afbf4c8996fb92427ae41e4649b934ca495991b7852b855	0	sources/recipe-recovery/current-followup-c0/evidence/producer-v1/generated-candidate/composition/Forward/04-Clr-replay.patch
5b61800646bf86c3428b77139c1ae5c012aec376ed00765fa5018b69662a160a	4199	sources/recipe-recovery/current-followup-c0/evidence/producer-v1/generated-candidate/composition/Forward/04-Clr.patch
e3b0c44298fc1c149afbf4c8996fb92427ae41e4649b934ca495991b7852b855	0	sources/recipe-recovery/current-followup-c0/evidence/producer-v1/generated-candidate/composition/Reverse/01-Clr-replay.patch
5b61800646bf86c3428b77139c1ae5c012aec376ed00765fa5018b69662a160a	4199	sources/recipe-recovery/current-followup-c0/evidence/producer-v1/generated-candidate/composition/Reverse/01-Clr.patch
e3b0c44298fc1c149afbf4c8996fb92427ae41e4649b934ca495991b7852b855	0	sources/recipe-recovery/current-followup-c0/evidence/producer-v1/generated-candidate/composition/Reverse/02-Pdc-replay.patch
3a6ad79fad5721c0a49801da98bd97d40bf187eabdc7ad8382332eb60292fc21	6532	sources/recipe-recovery/current-followup-c0/evidence/producer-v1/generated-candidate/composition/Reverse/02-Pdc.patch
e3b0c44298fc1c149afbf4c8996fb92427ae41e4649b934ca495991b7852b855	0	sources/recipe-recovery/current-followup-c0/evidence/producer-v1/generated-candidate/composition/Reverse/03-Tqc-replay.patch
0e66256832b9693fc66ab6c345f5715ec062bfcb85044aea1e7879c00a1160ea	18263	sources/recipe-recovery/current-followup-c0/evidence/producer-v1/generated-candidate/composition/Reverse/03-Tqc.patch
e3b0c44298fc1c149afbf4c8996fb92427ae41e4649b934ca495991b7852b855	0	sources/recipe-recovery/current-followup-c0/evidence/producer-v1/generated-candidate/composition/Reverse/04-Cwf-replay.patch
3e5eb00154f46173b1f177e992e7551056fc6955a625f27e4b1cd1a3d6507d85	196679	sources/recipe-recovery/current-followup-c0/evidence/producer-v1/generated-candidate/composition/Reverse/04-Cwf.patch
0d8ad720976c1de51cf8accad95cc149a06abfe2187041fcc25d524c1f630e09	79652	sources/recipe-recovery/current-followup-c0/evidence/producer-v1/generated-candidate/m3/tooling/image-gates/current-c0.json
8e528a40493920c86822157760c205c04a2ea11aed4da9c283ad580039d81fb5	12302	sources/recipe-recovery/current-followup-c0/evidence/producer-v1/generated-candidate/m3/tooling/lane28/src/test/python/test_ic0_context.py
4688351e17868d0d0fae16d107e018f015b7d48343e89ee3c97ad7de6b2ef2e1	6709	sources/recipe-recovery/current-followup-c0/evidence/producer-v1/generated-candidate/m3/tooling/lane28/verify-plan.py
68882a345277e74065e1f31fc85f07444eb7e3164a44a4226b629c80bfcb9843	235261	sources/recipe-recovery/current-followup-c0/evidence/producer-v1/generated-candidate/m3/tooling/migration-recipes/src/main/resources/com/m3/rewrite/backport/jdk21-hash-pinned/jdk22-m3-string-history-convergence/10-Pattern.java.txt
d67ddc1cc759f042871c680d9510b929da4fd6b0523b43e966139cbe8ddace3b	3300	sources/recipe-recovery/current-followup-c0/evidence/producer-v1/generated-candidate/m3/tooling/migration-recipes/src/main/resources/com/m3/rewrite/backport/jdk21-hash-pinned/jdk22-m3-string-history-convergence/manifest.tsv
3a3b0ca7bc3c77f815760bf154e5df5ef7dda11cc6f4582c658a8a73b9062ce6	8717	sources/recipe-recovery/current-followup-c0/evidence/producer-v1/generated-candidate/m3/tooling/migration-recipes/src/main/resources/com/m3/rewrite/backport/jdk21-hash-pinned/jdk22-recipe-closure/03-M3RecipeScopeDeclarationTest.java.txt
da69ef6a5f2c138b524a4a469a90bb84c1d96e66fecbe68338aa8f69cf32ad8a	934	sources/recipe-recovery/current-followup-c0/evidence/producer-v1/generated-candidate/m3/tooling/migration-recipes/src/main/resources/com/m3/rewrite/backport/jdk21-hash-pinned/jdk22-recipe-closure/manifest.tsv
ad8f41c47e2635f8863361cb790b1c2f53f394da58e449b60a229ba6722aba3d	18329	sources/recipe-recovery/current-followup-c0/evidence/producer-v1/generated-candidate/m3/tooling/migration-recipes/src/test/resources/com/m3/rewrite/atom/spectrum/CORPUS.tsv
551d3c38068c7a1f91bddd428cef8b1831b4bb623711cb7ec969db1f0e1db0fe	14147	sources/recipe-recovery/current-followup-c0/evidence/producer-v1/generated-candidate/m3/tooling/tq-sync/src/test/python/test_ic0_context.py
901cadc8f11d33934182e53a7d3d7829856eebd1cf3d370dc8dfccabc1a686b8	6404	sources/recipe-recovery/current-followup-c0/evidence/producer-v1/generated-candidate/m3/tooling/tq-sync/verify-plan.py
907657e2bdc3a26c4cd24494e60734148c641ef87d0e7c6343ca31aa6da3d6d1	12272	sources/recipe-recovery/current-followup-c0/evidence/producer-v1/generated-candidate/m3/tooling/tq/src/test/python/test_ic0_context.py
04859b1701462a8648212f2cc638d1d761bc81afe5eb4187751d73c62061f3f3	6648	sources/recipe-recovery/current-followup-c0/evidence/producer-v1/generated-candidate/m3/tooling/tq/verify-plan.py
68882a345277e74065e1f31fc85f07444eb7e3164a44a4226b629c80bfcb9843	235261	sources/recipe-recovery/current-followup-c0/evidence/producer-v1/generated-candidate/src/java.base/share/classes/java/util/regex/Pattern.java
c5c171fad48b41fdcd83fd2c19007eb398d506e02d18ef05400542ce07a46e1e	717243	sources/recipe-recovery/current-followup-c0/evidence/producer-v1/inputs.json
d111b85c5aba5ec0bac18e8d29cd9ce33eae73274ad83dd12a8deaa49d13c2da	743	sources/recipe-recovery/current-followup-c0/evidence/producer-v1/junit.json
dccff7fa49bd3e3b0b08912d755ca829561d4874e40b533c4b2eec48f91a8401	4024	sources/recipe-recovery/current-followup-c0/evidence/producer-v1/project/README.md
8015207ce502d22955f7f77697177e5939fa1e25be7cd74be89c639335ae48e6	12032	sources/recipe-recovery/current-followup-c0/evidence/producer-v1/project/dependency-source/com/m3/rewrite/backport/M3Jdk21HashPinnedTextSnapshotRecipe.java
654e6e7dd9b8c266a979137ab0816a85edc6a573a83b9c57eb00a25b738a415e	3685	sources/recipe-recovery/current-followup-c0/evidence/producer-v1/project/pom.xml
1bdf7749018cafbdc92331ea02dbf54f73ed5a106814847c967eaf2d27ad80f3	41594	sources/recipe-recovery/current-followup-c0/evidence/producer-v1/project/proof.py
f5e65cc8c1304e453a5d8a488ef6a68a76f6d17636b1636093eedf9956ca5554	334	sources/recipe-recovery/current-followup-c0/evidence/producer-v1/project/src/main/resources/META-INF/rewrite/fc0-clr.yml
e481f4cd6c06556736228496ab63ecf5b5a694a764c5142476ba0fc2f9d5fd3d	334	sources/recipe-recovery/current-followup-c0/evidence/producer-v1/project/src/main/resources/META-INF/rewrite/fc0-cwf.yml
8dda0dfb202d2e2502b07e1cfaee03b180a2f132c303dbb8fd3d7fbe37f47b6f	694	sources/recipe-recovery/current-followup-c0/evidence/producer-v1/project/src/main/resources/META-INF/rewrite/fc0-orders.yml
96b0941b1a3b535c704c84ce36e311b8bbc0ff87aca115aa84de26b9795743ba	334	sources/recipe-recovery/current-followup-c0/evidence/producer-v1/project/src/main/resources/META-INF/rewrite/fc0-pdc.yml
83304d7091f0fd54b93492745ee80e7884bbaf2e8e0312482c18b05d678f79ea	334	sources/recipe-recovery/current-followup-c0/evidence/producer-v1/project/src/main/resources/META-INF/rewrite/fc0-tqc.yml
4c6996b6d5f06fb13742cd1ab6d44113bb936d9a7f624b18edd6aad6377d2809	562	sources/recipe-recovery/current-followup-c0/evidence/producer-v1/project/src/main/resources/com/m3/rewrite/backport/jdk21-hash-pinned-text/fc0-clr/manifest.tsv
3a3b0ca7bc3c77f815760bf154e5df5ef7dda11cc6f4582c658a8a73b9062ce6	8717	sources/recipe-recovery/current-followup-c0/evidence/producer-v1/project/src/main/resources/com/m3/rewrite/backport/jdk21-hash-pinned-text/fc0-clr/target-1.txt
da69ef6a5f2c138b524a4a469a90bb84c1d96e66fecbe68338aa8f69cf32ad8a	934	sources/recipe-recovery/current-followup-c0/evidence/producer-v1/project/src/main/resources/com/m3/rewrite/backport/jdk21-hash-pinned-text/fc0-clr/target-2.txt
cea64f87482a492daeea04f17edf41093c94a427506dab39049a360eec411979	989	sources/recipe-recovery/current-followup-c0/evidence/producer-v1/project/src/main/resources/com/m3/rewrite/backport/jdk21-hash-pinned-text/fc0-cwf/manifest.tsv
1aa2a7a495a00d3a0754bcf776cf7d3ef3bd176134186bfe1ec4004bb8a74616	5526	sources/recipe-recovery/current-followup-c0/evidence/producer-v1/project/src/main/resources/com/m3/rewrite/backport/jdk21-hash-pinned-text/fc0-cwf/target-1.txt
0d8ad720976c1de51cf8accad95cc149a06abfe2187041fcc25d524c1f630e09	79652	sources/recipe-recovery/current-followup-c0/evidence/producer-v1/project/src/main/resources/com/m3/rewrite/backport/jdk21-hash-pinned-text/fc0-cwf/target-2.txt
8e528a40493920c86822157760c205c04a2ea11aed4da9c283ad580039d81fb5	12302	sources/recipe-recovery/current-followup-c0/evidence/producer-v1/project/src/main/resources/com/m3/rewrite/backport/jdk21-hash-pinned-text/fc0-cwf/target-3.txt
4688351e17868d0d0fae16d107e018f015b7d48343e89ee3c97ad7de6b2ef2e1	6709	sources/recipe-recovery/current-followup-c0/evidence/producer-v1/project/src/main/resources/com/m3/rewrite/backport/jdk21-hash-pinned-text/fc0-cwf/target-4.txt
551d3c38068c7a1f91bddd428cef8b1831b4bb623711cb7ec969db1f0e1db0fe	14147	sources/recipe-recovery/current-followup-c0/evidence/producer-v1/project/src/main/resources/com/m3/rewrite/backport/jdk21-hash-pinned-text/fc0-cwf/target-5.txt
901cadc8f11d33934182e53a7d3d7829856eebd1cf3d370dc8dfccabc1a686b8	6404	sources/recipe-recovery/current-followup-c0/evidence/producer-v1/project/src/main/resources/com/m3/rewrite/backport/jdk21-hash-pinned-text/fc0-cwf/target-6.txt
fa7fd3b28b9a5cd05aab4052c84f85e29370909a6f3ece9a66f4ad8de2fa3a0f	1002	sources/recipe-recovery/current-followup-c0/evidence/producer-v1/project/src/main/resources/com/m3/rewrite/backport/jdk21-hash-pinned-text/fc0-pdc/manifest.tsv
68882a345277e74065e1f31fc85f07444eb7e3164a44a4226b629c80bfcb9843	235261	sources/recipe-recovery/current-followup-c0/evidence/producer-v1/project/src/main/resources/com/m3/rewrite/backport/jdk21-hash-pinned-text/fc0-pdc/target-1.txt
d67ddc1cc759f042871c680d9510b929da4fd6b0523b43e966139cbe8ddace3b	3300	sources/recipe-recovery/current-followup-c0/evidence/producer-v1/project/src/main/resources/com/m3/rewrite/backport/jdk21-hash-pinned-text/fc0-pdc/target-2.txt
ad8f41c47e2635f8863361cb790b1c2f53f394da58e449b60a229ba6722aba3d	18329	sources/recipe-recovery/current-followup-c0/evidence/producer-v1/project/src/main/resources/com/m3/rewrite/backport/jdk21-hash-pinned-text/fc0-pdc/target-3.txt
68882a345277e74065e1f31fc85f07444eb7e3164a44a4226b629c80bfcb9843	235261	sources/recipe-recovery/current-followup-c0/evidence/producer-v1/project/src/main/resources/com/m3/rewrite/backport/jdk21-hash-pinned-text/fc0-pdc/target-4.txt
78dcf91b92f44e0851fc4d11217b99ad30d697ec9ab4cc688b7a5a1e899afe1b	478	sources/recipe-recovery/current-followup-c0/evidence/producer-v1/project/src/main/resources/com/m3/rewrite/backport/jdk21-hash-pinned-text/fc0-tqc/manifest.tsv
84d3b48257a3c53b79c5aa5b2e6432951db2ff6a0d64822d85c1bca8b250d875	5101	sources/recipe-recovery/current-followup-c0/evidence/producer-v1/project/src/main/resources/com/m3/rewrite/backport/jdk21-hash-pinned-text/fc0-tqc/target-1.txt
907657e2bdc3a26c4cd24494e60734148c641ef87d0e7c6343ca31aa6da3d6d1	12272	sources/recipe-recovery/current-followup-c0/evidence/producer-v1/project/src/main/resources/com/m3/rewrite/backport/jdk21-hash-pinned-text/fc0-tqc/target-2.txt
04859b1701462a8648212f2cc638d1d761bc81afe5eb4187751d73c62061f3f3	6648	sources/recipe-recovery/current-followup-c0/evidence/producer-v1/project/src/main/resources/com/m3/rewrite/backport/jdk21-hash-pinned-text/fc0-tqc/target-3.txt
b13eb304cf413b9730f503e01f6ae4fb3df8ba8a5c03aa4758c368cdd1c777c6	529	sources/recipe-recovery/current-followup-c0/evidence/producer-v1/project/src/main/resources/composition-orders.json
e6e9d6b8aed3cd91cef9dade1cf08b7ca189ad2a574b98c79bac3602571cf804	8662	sources/recipe-recovery/current-followup-c0/evidence/producer-v1/project/src/main/resources/qualification.json
a0075da0f61d17bed209433c0b19b720ca24402dd732630f39b4868060a36816	29632	sources/recipe-recovery/current-followup-c0/evidence/producer-v1/project/src/test/java/com/synexia/rewrite/Fc0RecipeTest.java
1a0ef88a0edc06a87cc2d899edccb2ae931d7bec303448277b1c83f7ea782ecb	5105	sources/recipe-recovery/current-followup-c0/evidence/producer-v1/project/src/test/resources/before/.github/workflows/m3-lane28.yml
ed5bb9a6a3bcd32eb13dabf7cfc60ac406fe89b1eb34c0fe01286fc4327ae894	4804	sources/recipe-recovery/current-followup-c0/evidence/producer-v1/project/src/test/resources/before/.github/workflows/m3-tq.yml
7d1c50f1340f811f48e17a64b0674fcf631219f69c7878531602b09310beb198	79534	sources/recipe-recovery/current-followup-c0/evidence/producer-v1/project/src/test/resources/before/m3/tooling/image-gates/current-c0.json
5ca191f85c48be0ffec139b94d0ed91e0ac58be73686773241255f651799ec4b	5146	sources/recipe-recovery/current-followup-c0/evidence/producer-v1/project/src/test/resources/before/m3/tooling/lane28/verify-plan.py
8cbd439235c592ecc98eb2a26f8494108c18a6521e715431ca1bec6db1e0b170	235235	sources/recipe-recovery/current-followup-c0/evidence/producer-v1/project/src/test/resources/before/m3/tooling/migration-recipes/src/main/resources/com/m3/rewrite/backport/jdk21-hash-pinned/jdk22-m3-string-history-convergence/10-Pattern.java.txt
0285ce4946d66bea00e0b5d4bd52e863e5d60f84bb71171a26bdbd4c61da0bd9	3300	sources/recipe-recovery/current-followup-c0/evidence/producer-v1/project/src/test/resources/before/m3/tooling/migration-recipes/src/main/resources/com/m3/rewrite/backport/jdk21-hash-pinned/jdk22-m3-string-history-convergence/manifest.tsv
5ee44459bd8725b89e92ad8cd0c7572954f7655331d8b7f7dc92a8b59b09cb6e	8906	sources/recipe-recovery/current-followup-c0/evidence/producer-v1/project/src/test/resources/before/m3/tooling/migration-recipes/src/main/resources/com/m3/rewrite/backport/jdk21-hash-pinned/jdk22-recipe-closure/03-M3RecipeScopeDeclarationTest.java.txt
0f79229a093fc3a53158401bb29a627e71f2774292b4d727e6c0911b9f2a47c9	934	sources/recipe-recovery/current-followup-c0/evidence/producer-v1/project/src/test/resources/before/m3/tooling/migration-recipes/src/main/resources/com/m3/rewrite/backport/jdk21-hash-pinned/jdk22-recipe-closure/manifest.tsv
dde797e49266f4d89ec271cb705f238a72d26e95e5e5865c6b608d924fde9d0d	18329	sources/recipe-recovery/current-followup-c0/evidence/producer-v1/project/src/test/resources/before/m3/tooling/migration-recipes/src/test/resources/com/m3/rewrite/atom/spectrum/CORPUS.tsv
ca29fa3e9a6660a8006f99702fc8c3db2839049af00a8eeee4a435701cf5f36e	3719	sources/recipe-recovery/current-followup-c0/evidence/producer-v1/project/src/test/resources/before/m3/tooling/tq-sync/verify-plan.py
ff2c31f57aac81a7049612557a3757781927563bd2d7a7b598aa62a116e1d978	5089	sources/recipe-recovery/current-followup-c0/evidence/producer-v1/project/src/test/resources/before/m3/tooling/tq/verify-plan.py
8cbd439235c592ecc98eb2a26f8494108c18a6521e715431ca1bec6db1e0b170	235235	sources/recipe-recovery/current-followup-c0/evidence/producer-v1/project/src/test/resources/before/src/java.base/share/classes/java/util/regex/Pattern.java
f5e65cc8c1304e453a5d8a488ef6a68a76f6d17636b1636093eedf9956ca5554	334	sources/recipe-recovery/current-followup-c0/evidence/producer-v1/project/target/classes/META-INF/rewrite/fc0-clr.yml
e481f4cd6c06556736228496ab63ecf5b5a694a764c5142476ba0fc2f9d5fd3d	334	sources/recipe-recovery/current-followup-c0/evidence/producer-v1/project/target/classes/META-INF/rewrite/fc0-cwf.yml
8dda0dfb202d2e2502b07e1cfaee03b180a2f132c303dbb8fd3d7fbe37f47b6f	694	sources/recipe-recovery/current-followup-c0/evidence/producer-v1/project/target/classes/META-INF/rewrite/fc0-orders.yml
96b0941b1a3b535c704c84ce36e311b8bbc0ff87aca115aa84de26b9795743ba	334	sources/recipe-recovery/current-followup-c0/evidence/producer-v1/project/target/classes/META-INF/rewrite/fc0-pdc.yml
83304d7091f0fd54b93492745ee80e7884bbaf2e8e0312482c18b05d678f79ea	334	sources/recipe-recovery/current-followup-c0/evidence/producer-v1/project/target/classes/META-INF/rewrite/fc0-tqc.yml
4c6996b6d5f06fb13742cd1ab6d44113bb936d9a7f624b18edd6aad6377d2809	562	sources/recipe-recovery/current-followup-c0/evidence/producer-v1/project/target/classes/com/m3/rewrite/backport/jdk21-hash-pinned-text/fc0-clr/manifest.tsv
3a3b0ca7bc3c77f815760bf154e5df5ef7dda11cc6f4582c658a8a73b9062ce6	8717	sources/recipe-recovery/current-followup-c0/evidence/producer-v1/project/target/classes/com/m3/rewrite/backport/jdk21-hash-pinned-text/fc0-clr/target-1.txt
da69ef6a5f2c138b524a4a469a90bb84c1d96e66fecbe68338aa8f69cf32ad8a	934	sources/recipe-recovery/current-followup-c0/evidence/producer-v1/project/target/classes/com/m3/rewrite/backport/jdk21-hash-pinned-text/fc0-clr/target-2.txt
cea64f87482a492daeea04f17edf41093c94a427506dab39049a360eec411979	989	sources/recipe-recovery/current-followup-c0/evidence/producer-v1/project/target/classes/com/m3/rewrite/backport/jdk21-hash-pinned-text/fc0-cwf/manifest.tsv
1aa2a7a495a00d3a0754bcf776cf7d3ef3bd176134186bfe1ec4004bb8a74616	5526	sources/recipe-recovery/current-followup-c0/evidence/producer-v1/project/target/classes/com/m3/rewrite/backport/jdk21-hash-pinned-text/fc0-cwf/target-1.txt
0d8ad720976c1de51cf8accad95cc149a06abfe2187041fcc25d524c1f630e09	79652	sources/recipe-recovery/current-followup-c0/evidence/producer-v1/project/target/classes/com/m3/rewrite/backport/jdk21-hash-pinned-text/fc0-cwf/target-2.txt
8e528a40493920c86822157760c205c04a2ea11aed4da9c283ad580039d81fb5	12302	sources/recipe-recovery/current-followup-c0/evidence/producer-v1/project/target/classes/com/m3/rewrite/backport/jdk21-hash-pinned-text/fc0-cwf/target-3.txt
4688351e17868d0d0fae16d107e018f015b7d48343e89ee3c97ad7de6b2ef2e1	6709	sources/recipe-recovery/current-followup-c0/evidence/producer-v1/project/target/classes/com/m3/rewrite/backport/jdk21-hash-pinned-text/fc0-cwf/target-4.txt
551d3c38068c7a1f91bddd428cef8b1831b4bb623711cb7ec969db1f0e1db0fe	14147	sources/recipe-recovery/current-followup-c0/evidence/producer-v1/project/target/classes/com/m3/rewrite/backport/jdk21-hash-pinned-text/fc0-cwf/target-5.txt
901cadc8f11d33934182e53a7d3d7829856eebd1cf3d370dc8dfccabc1a686b8	6404	sources/recipe-recovery/current-followup-c0/evidence/producer-v1/project/target/classes/com/m3/rewrite/backport/jdk21-hash-pinned-text/fc0-cwf/target-6.txt
fa7fd3b28b9a5cd05aab4052c84f85e29370909a6f3ece9a66f4ad8de2fa3a0f	1002	sources/recipe-recovery/current-followup-c0/evidence/producer-v1/project/target/classes/com/m3/rewrite/backport/jdk21-hash-pinned-text/fc0-pdc/manifest.tsv
68882a345277e74065e1f31fc85f07444eb7e3164a44a4226b629c80bfcb9843	235261	sources/recipe-recovery/current-followup-c0/evidence/producer-v1/project/target/classes/com/m3/rewrite/backport/jdk21-hash-pinned-text/fc0-pdc/target-1.txt
d67ddc1cc759f042871c680d9510b929da4fd6b0523b43e966139cbe8ddace3b	3300	sources/recipe-recovery/current-followup-c0/evidence/producer-v1/project/target/classes/com/m3/rewrite/backport/jdk21-hash-pinned-text/fc0-pdc/target-2.txt
ad8f41c47e2635f8863361cb790b1c2f53f394da58e449b60a229ba6722aba3d	18329	sources/recipe-recovery/current-followup-c0/evidence/producer-v1/project/target/classes/com/m3/rewrite/backport/jdk21-hash-pinned-text/fc0-pdc/target-3.txt
68882a345277e74065e1f31fc85f07444eb7e3164a44a4226b629c80bfcb9843	235261	sources/recipe-recovery/current-followup-c0/evidence/producer-v1/project/target/classes/com/m3/rewrite/backport/jdk21-hash-pinned-text/fc0-pdc/target-4.txt
78dcf91b92f44e0851fc4d11217b99ad30d697ec9ab4cc688b7a5a1e899afe1b	478	sources/recipe-recovery/current-followup-c0/evidence/producer-v1/project/target/classes/com/m3/rewrite/backport/jdk21-hash-pinned-text/fc0-tqc/manifest.tsv
84d3b48257a3c53b79c5aa5b2e6432951db2ff6a0d64822d85c1bca8b250d875	5101	sources/recipe-recovery/current-followup-c0/evidence/producer-v1/project/target/classes/com/m3/rewrite/backport/jdk21-hash-pinned-text/fc0-tqc/target-1.txt
907657e2bdc3a26c4cd24494e60734148c641ef87d0e7c6343ca31aa6da3d6d1	12272	sources/recipe-recovery/current-followup-c0/evidence/producer-v1/project/target/classes/com/m3/rewrite/backport/jdk21-hash-pinned-text/fc0-tqc/target-2.txt
04859b1701462a8648212f2cc638d1d761bc81afe5eb4187751d73c62061f3f3	6648	sources/recipe-recovery/current-followup-c0/evidence/producer-v1/project/target/classes/com/m3/rewrite/backport/jdk21-hash-pinned-text/fc0-tqc/target-3.txt
b13eb304cf413b9730f503e01f6ae4fb3df8ba8a5c03aa4758c368cdd1c777c6	529	sources/recipe-recovery/current-followup-c0/evidence/producer-v1/project/target/classes/composition-orders.json
e6e9d6b8aed3cd91cef9dade1cf08b7ca189ad2a574b98c79bac3602571cf804	8662	sources/recipe-recovery/current-followup-c0/evidence/producer-v1/project/target/classes/qualification.json
e09668fe4704a50f08e76c0ca2266acb917f758b228c675181480cfb4c390d56	351	sources/recipe-recovery/current-followup-c0/evidence/producer-v1/project/target/maven-status/maven-compiler-plugin/compile/default-compile/createdFiles.lst
62838bee471b3b70425479d592fed41ec468ad7c25634e1f72ed76d0559757ba	202	sources/recipe-recovery/current-followup-c0/evidence/producer-v1/project/target/maven-status/maven-compiler-plugin/compile/default-compile/inputFiles.lst
aaa9c80c6b20e255a6e47570aff88753bee51454c025b48f7fe472f9ac697678	293	sources/recipe-recovery/current-followup-c0/evidence/producer-v1/project/target/maven-status/maven-compiler-plugin/testCompile/default-testCompile/createdFiles.lst
0de00b194c4c33ccaa2112c1f40a7b0fe2f1cdf031a0f245ea56fd257b9f2f94	172	sources/recipe-recovery/current-followup-c0/evidence/producer-v1/project/target/maven-status/maven-compiler-plugin/testCompile/default-testCompile/inputFiles.lst
0611c189164b971ad023ae45fa8a4f6821aadd9b6e47ae5e8c02ffd89195ddd8	21009	sources/recipe-recovery/current-followup-c0/evidence/producer-v1/project/target/surefire-reports/TEST-com.synexia.rewrite.Fc0RecipeTest.xml
865f8988bbad7cb7fb239825c3f2de57dc7a04de4bbf941080a2922eaf83013b	317	sources/recipe-recovery/current-followup-c0/evidence/producer-v1/project/target/surefire-reports/com.synexia.rewrite.Fc0RecipeTest.txt
1a0ef88a0edc06a87cc2d899edccb2ae931d7bec303448277b1c83f7ea782ecb	5105	sources/recipe-recovery/current-followup-c0/evidence/producer-v1/project/target/test-classes/before/.github/workflows/m3-lane28.yml
ed5bb9a6a3bcd32eb13dabf7cfc60ac406fe89b1eb34c0fe01286fc4327ae894	4804	sources/recipe-recovery/current-followup-c0/evidence/producer-v1/project/target/test-classes/before/.github/workflows/m3-tq.yml
7d1c50f1340f811f48e17a64b0674fcf631219f69c7878531602b09310beb198	79534	sources/recipe-recovery/current-followup-c0/evidence/producer-v1/project/target/test-classes/before/m3/tooling/image-gates/current-c0.json
5ca191f85c48be0ffec139b94d0ed91e0ac58be73686773241255f651799ec4b	5146	sources/recipe-recovery/current-followup-c0/evidence/producer-v1/project/target/test-classes/before/m3/tooling/lane28/verify-plan.py
8cbd439235c592ecc98eb2a26f8494108c18a6521e715431ca1bec6db1e0b170	235235	sources/recipe-recovery/current-followup-c0/evidence/producer-v1/project/target/test-classes/before/m3/tooling/migration-recipes/src/main/resources/com/m3/rewrite/backport/jdk21-hash-pinned/jdk22-m3-string-history-convergence/10-Pattern.java.txt
0285ce4946d66bea00e0b5d4bd52e863e5d60f84bb71171a26bdbd4c61da0bd9	3300	sources/recipe-recovery/current-followup-c0/evidence/producer-v1/project/target/test-classes/before/m3/tooling/migration-recipes/src/main/resources/com/m3/rewrite/backport/jdk21-hash-pinned/jdk22-m3-string-history-convergence/manifest.tsv
5ee44459bd8725b89e92ad8cd0c7572954f7655331d8b7f7dc92a8b59b09cb6e	8906	sources/recipe-recovery/current-followup-c0/evidence/producer-v1/project/target/test-classes/before/m3/tooling/migration-recipes/src/main/resources/com/m3/rewrite/backport/jdk21-hash-pinned/jdk22-recipe-closure/03-M3RecipeScopeDeclarationTest.java.txt
0f79229a093fc3a53158401bb29a627e71f2774292b4d727e6c0911b9f2a47c9	934	sources/recipe-recovery/current-followup-c0/evidence/producer-v1/project/target/test-classes/before/m3/tooling/migration-recipes/src/main/resources/com/m3/rewrite/backport/jdk21-hash-pinned/jdk22-recipe-closure/manifest.tsv
dde797e49266f4d89ec271cb705f238a72d26e95e5e5865c6b608d924fde9d0d	18329	sources/recipe-recovery/current-followup-c0/evidence/producer-v1/project/target/test-classes/before/m3/tooling/migration-recipes/src/test/resources/com/m3/rewrite/atom/spectrum/CORPUS.tsv
ca29fa3e9a6660a8006f99702fc8c3db2839049af00a8eeee4a435701cf5f36e	3719	sources/recipe-recovery/current-followup-c0/evidence/producer-v1/project/target/test-classes/before/m3/tooling/tq-sync/verify-plan.py
ff2c31f57aac81a7049612557a3757781927563bd2d7a7b598aa62a116e1d978	5089	sources/recipe-recovery/current-followup-c0/evidence/producer-v1/project/target/test-classes/before/m3/tooling/tq/verify-plan.py
8cbd439235c592ecc98eb2a26f8494108c18a6521e715431ca1bec6db1e0b170	235235	sources/recipe-recovery/current-followup-c0/evidence/producer-v1/project/target/test-classes/before/src/java.base/share/classes/java/util/regex/Pattern.java
d115bca23e25f6211cd59edc889e43c2bc2ce273ae790dd51c5525bdd88f5433	7063	sources/recipe-recovery/current-followup-c0/evidence/producer-v1/runtime-classpath.txt
820a5acbe8ce2e47b4cf681bbf0e0fcb339c5dd19bcf2066b94aa719d4c213c8	11199	sources/recipe-recovery/current-followup-c0/evidence/producer-v1/runtime.json
697fdc7deec1697917e85ebd815443d28cdd33dfe4aa9cc2056856d669545d51	256668	sources/recipe-recovery/current-followup-c0/evidence/producer-v1/spec.json
4fd628e85ececb13c0e53a1e9d42726d51e81d75721d7448c08b68c942acac41	17552	sources/recipe-recovery/current-followup-c0/evidence/producer-v1/staging.json
06d4923c9b8a9389e3eb6463f028829fd89dca7c6d9b0599ef4239317a8b0c9d	97386	sources/recipe-recovery/current-followup-c0/evidence/producer-v1/tool-links.json
a532c39e5258e935eac63554126afc5ae449a95af4a0518ad34ad1c066627e28	14136	sources/recipe-recovery/current-followup-c0/evidence/producer-v1/tooling.json
af3b2f69edd1dea81bb48f548dfee7c5f8c449c281dda0715012fcc02019c4af	640096	sources/recipe-recovery/current-string-c0/ROOT-READBACK-v1.json
b984e6b3411b31c67c17722d3897845b881119478bfa228eeeafa8380c5a5d5f	16042	sources/recipe-recovery/current-string-c0/authoring-v1/AUTHORING-READBACK.json
03d3b7c6d3ec673f6ee97bd88938915f97f29985633892dde13edf67eef1461a	2124	sources/recipe-recovery/current-string-c0/authoring-v1/FIXTURE-DERIVATION.json
125d9c2a0ea69ac606f7054f3df2935345a8c8e6c03a51f0890c5d56dc4c12af	5862	sources/recipe-recovery/current-string-c0/authoring-v1/PREIMAGE-CHAIN.json
e1e172ce074dcd400ed918996066956c73f1edbbef22bc7a633fcb909bff5759	2243	sources/recipe-recovery/current-string-c0/authoring-v1/RUNNER-DERIVATION.json
10eb51d49bc37c02f60eaaeb2467b76a115fb9f7c5b7f455ea97a30bf210a554	6418	sources/recipe-recovery/current-string-c0/authoring-v1/TARGETS.json
b796784ddff9dc4cfddfc48c5b5b3d96eb5694a7a96cb691a827233f44c517c1	15636	sources/recipe-recovery/current-string-c0/authoring-v1/assemble.py
12d2a819f2a3b082625fbad5c92fc993b894894ae4068448321834e98f14330f	13316	sources/recipe-recovery/current-string-c0/authoring-v1/fixture.diff
093c59f971984a502a27f75f147e6f035d93077df9dcbd440a134af6c99d8e20	5417	sources/recipe-recovery/current-string-c0/authoring-v1/freeze.py
b7c5adc0803570b6cb9898fbde9839a50fa892d370ce796a7a9b59f8729b611d	2159	sources/recipe-recovery/current-string-c0/authoring-v1/pom.diff
39002aa9f678fb576a54313cd845267f41dc51c70f34eece363c2547126c33eb	88027	sources/recipe-recovery/current-string-c0/authoring-v1/producer-spec-v1.json
c54039b95dcf606870baa17ed872d71f8ffd9d5fc33d2d5a8f7bd3e96ae28363	1401	sources/recipe-recovery/current-string-c0/authoring-v1/project/README.md
8015207ce502d22955f7f77697177e5939fa1e25be7cd74be89c639335ae48e6	12032	sources/recipe-recovery/current-string-c0/authoring-v1/project/dependency-source/com/m3/rewrite/backport/M3Jdk21HashPinnedTextSnapshotRecipe.java
876b6fd3cd13ab3dc134e8ae51706b5a399a491d5a6411443ae7f1e251fe15ba	3680	sources/recipe-recovery/current-string-c0/authoring-v1/project/pom.xml
fa46f833f0831673553404263d9691819cb06e97e8638264e5a41ec55f049cd7	39816	sources/recipe-recovery/current-string-c0/authoring-v1/project/proof.py
0e7206684835471b8e79c6a6262483be1030dafd48f235d57754da9be61e48d2	544	sources/recipe-recovery/current-string-c0/authoring-v1/project/src/main/resources/META-INF/rewrite/sc0-orders.yml
11dbeb330e54fe09372b8ddf28014b67f4813ae9cdaa4509b112143d7b08e506	335	sources/recipe-recovery/current-string-c0/authoring-v1/project/src/main/resources/META-INF/rewrite/sc0-spc.yml
6495988cb6ec9ba66659f4fd2a56fccf2735a944c2b6ed401b270eaec5db6a9e	1177	sources/recipe-recovery/current-string-c0/authoring-v1/project/src/main/resources/com/m3/rewrite/backport/jdk21-hash-pinned-text/sc0-spc/manifest.tsv
c0af7bc99ace3f9dcc5e0e9085d9bac66eeb1a497b2153a54bb11ca250916c14	778	sources/recipe-recovery/current-string-c0/authoring-v1/project/src/main/resources/com/m3/rewrite/backport/jdk21-hash-pinned-text/sc0-spc/target-1.txt
dab4ded7bc1558a151376bc3b882403f22138981377249d85114fa9186cb7657	79659	sources/recipe-recovery/current-string-c0/authoring-v1/project/src/main/resources/com/m3/rewrite/backport/jdk21-hash-pinned-text/sc0-spc/target-2.txt
1fd4c8d856e7de971c874936ef8561167041cd3c087e6ad8796d3225cc6087dc	51207	sources/recipe-recovery/current-string-c0/authoring-v1/project/src/main/resources/com/m3/rewrite/backport/jdk21-hash-pinned-text/sc0-spc/target-3.txt
1a713463413df2684791ef1a214db69a7e5b23da888e61983c6b4902cef9c639	3300	sources/recipe-recovery/current-string-c0/authoring-v1/project/src/main/resources/com/m3/rewrite/backport/jdk21-hash-pinned-text/sc0-spc/target-4.txt
1fd4c8d856e7de971c874936ef8561167041cd3c087e6ad8796d3225cc6087dc	51207	sources/recipe-recovery/current-string-c0/authoring-v1/project/src/main/resources/com/m3/rewrite/backport/jdk21-hash-pinned-text/sc0-spc/target-5.txt
cf01bc7b3334180ee17932ab71e18d3271f9fb766128dba2fbdc0891505eccff	439	sources/recipe-recovery/current-string-c0/authoring-v1/project/src/main/resources/composition-orders.json
c5474bd26c5eb60316c35b548dcf7e5111cd9d614670797cd8f4cdf53244777f	3560	sources/recipe-recovery/current-string-c0/authoring-v1/project/src/main/resources/qualification.json
28415a31b71b949d5ca7fb86e1baff7066acbff79c9067598b6589d8962b12b2	29474	sources/recipe-recovery/current-string-c0/authoring-v1/project/src/test/java/com/synexia/rewrite/Sc0RecipeTest.java
55cf0228bc55016de89f71104895e3c9fd408ec05dc32640452914ca53f42170	778	sources/recipe-recovery/current-string-c0/authoring-v1/project/src/test/resources/before/m3/runtime-integration/fix-root-ascii-case/manifest.json
0d8ad720976c1de51cf8accad95cc149a06abfe2187041fcc25d524c1f630e09	79652	sources/recipe-recovery/current-string-c0/authoring-v1/project/src/test/resources/before/m3/tooling/image-gates/current-c0.json
1ed409eba2ba7135f22163288cc835b3f6c532f47bb2551ae1c4786fccd6079e	49580	sources/recipe-recovery/current-string-c0/authoring-v1/project/src/test/resources/before/m3/tooling/migration-recipes/src/main/resources/com/m3/rewrite/backport/jdk21-hash-pinned/jdk22-m3-string-history-convergence/03-M3StringPrecomputeSearchTest.java.txt
d67ddc1cc759f042871c680d9510b929da4fd6b0523b43e966139cbe8ddace3b	3300	sources/recipe-recovery/current-string-c0/authoring-v1/project/src/test/resources/before/m3/tooling/migration-recipes/src/main/resources/com/m3/rewrite/backport/jdk21-hash-pinned/jdk22-m3-string-history-convergence/manifest.tsv
825bf78d1684665fb85c3a93241700cb1e5d9403f9cb71603db7208303abcc56	51206	sources/recipe-recovery/current-string-c0/authoring-v1/project/src/test/resources/before/test/jdk/java/lang/String/M3StringPrecomputeSearchTest.java
54078867cdb88cdbf47d58647e271687859e9b27e2283ea64762db4f89725f47	17107	sources/recipe-recovery/current-string-c0/authoring-v1/proof.diff
fa46f833f0831673553404263d9691819cb06e97e8638264e5a41ec55f049cd7	39816	sources/recipe-recovery/current-string-c0/authoring-v1/proof.py
0f98baf6c2c73f433ce33234c0be3bce09e7cb9fb2f207356fe4d2da0eacc646	11533	sources/recipe-recovery/current-string-c0/evidence/producer-v1/commands.json
c54039b95dcf606870baa17ed872d71f8ffd9d5fc33d2d5a8f7bd3e96ae28363	1401	sources/recipe-recovery/current-string-c0/evidence/producer-v1/project/README.md
8015207ce502d22955f7f77697177e5939fa1e25be7cd74be89c639335ae48e6	12032	sources/recipe-recovery/current-string-c0/evidence/producer-v1/project/dependency-source/com/m3/rewrite/backport/M3Jdk21HashPinnedTextSnapshotRecipe.java
876b6fd3cd13ab3dc134e8ae51706b5a399a491d5a6411443ae7f1e251fe15ba	3680	sources/recipe-recovery/current-string-c0/evidence/producer-v1/project/pom.xml
fa46f833f0831673553404263d9691819cb06e97e8638264e5a41ec55f049cd7	39816	sources/recipe-recovery/current-string-c0/evidence/producer-v1/project/proof.py
0e7206684835471b8e79c6a6262483be1030dafd48f235d57754da9be61e48d2	544	sources/recipe-recovery/current-string-c0/evidence/producer-v1/project/src/main/resources/META-INF/rewrite/sc0-orders.yml
11dbeb330e54fe09372b8ddf28014b67f4813ae9cdaa4509b112143d7b08e506	335	sources/recipe-recovery/current-string-c0/evidence/producer-v1/project/src/main/resources/META-INF/rewrite/sc0-spc.yml
6495988cb6ec9ba66659f4fd2a56fccf2735a944c2b6ed401b270eaec5db6a9e	1177	sources/recipe-recovery/current-string-c0/evidence/producer-v1/project/src/main/resources/com/m3/rewrite/backport/jdk21-hash-pinned-text/sc0-spc/manifest.tsv
c0af7bc99ace3f9dcc5e0e9085d9bac66eeb1a497b2153a54bb11ca250916c14	778	sources/recipe-recovery/current-string-c0/evidence/producer-v1/project/src/main/resources/com/m3/rewrite/backport/jdk21-hash-pinned-text/sc0-spc/target-1.txt
dab4ded7bc1558a151376bc3b882403f22138981377249d85114fa9186cb7657	79659	sources/recipe-recovery/current-string-c0/evidence/producer-v1/project/src/main/resources/com/m3/rewrite/backport/jdk21-hash-pinned-text/sc0-spc/target-2.txt
1fd4c8d856e7de971c874936ef8561167041cd3c087e6ad8796d3225cc6087dc	51207	sources/recipe-recovery/current-string-c0/evidence/producer-v1/project/src/main/resources/com/m3/rewrite/backport/jdk21-hash-pinned-text/sc0-spc/target-3.txt
1a713463413df2684791ef1a214db69a7e5b23da888e61983c6b4902cef9c639	3300	sources/recipe-recovery/current-string-c0/evidence/producer-v1/project/src/main/resources/com/m3/rewrite/backport/jdk21-hash-pinned-text/sc0-spc/target-4.txt
1fd4c8d856e7de971c874936ef8561167041cd3c087e6ad8796d3225cc6087dc	51207	sources/recipe-recovery/current-string-c0/evidence/producer-v1/project/src/main/resources/com/m3/rewrite/backport/jdk21-hash-pinned-text/sc0-spc/target-5.txt
cf01bc7b3334180ee17932ab71e18d3271f9fb766128dba2fbdc0891505eccff	439	sources/recipe-recovery/current-string-c0/evidence/producer-v1/project/src/main/resources/composition-orders.json
c5474bd26c5eb60316c35b548dcf7e5111cd9d614670797cd8f4cdf53244777f	3560	sources/recipe-recovery/current-string-c0/evidence/producer-v1/project/src/main/resources/qualification.json
28415a31b71b949d5ca7fb86e1baff7066acbff79c9067598b6589d8962b12b2	29474	sources/recipe-recovery/current-string-c0/evidence/producer-v1/project/src/test/java/com/synexia/rewrite/Sc0RecipeTest.java
55cf0228bc55016de89f71104895e3c9fd408ec05dc32640452914ca53f42170	778	sources/recipe-recovery/current-string-c0/evidence/producer-v1/project/src/test/resources/before/m3/runtime-integration/fix-root-ascii-case/manifest.json
0d8ad720976c1de51cf8accad95cc149a06abfe2187041fcc25d524c1f630e09	79652	sources/recipe-recovery/current-string-c0/evidence/producer-v1/project/src/test/resources/before/m3/tooling/image-gates/current-c0.json
1ed409eba2ba7135f22163288cc835b3f6c532f47bb2551ae1c4786fccd6079e	49580	sources/recipe-recovery/current-string-c0/evidence/producer-v1/project/src/test/resources/before/m3/tooling/migration-recipes/src/main/resources/com/m3/rewrite/backport/jdk21-hash-pinned/jdk22-m3-string-history-convergence/03-M3StringPrecomputeSearchTest.java.txt
d67ddc1cc759f042871c680d9510b929da4fd6b0523b43e966139cbe8ddace3b	3300	sources/recipe-recovery/current-string-c0/evidence/producer-v1/project/src/test/resources/before/m3/tooling/migration-recipes/src/main/resources/com/m3/rewrite/backport/jdk21-hash-pinned/jdk22-m3-string-history-convergence/manifest.tsv
825bf78d1684665fb85c3a93241700cb1e5d9403f9cb71603db7208303abcc56	51206	sources/recipe-recovery/current-string-c0/evidence/producer-v1/project/src/test/resources/before/test/jdk/java/lang/String/M3StringPrecomputeSearchTest.java
243e41461ab1f7873d2014a5b105f88df33f4863b4e69272ef56561cd96bb56d	6979	sources/recipe-recovery/current-string-c0/evidence/producer-v1/runtime-classpath.txt
39002aa9f678fb576a54313cd845267f41dc51c70f34eece363c2547126c33eb	88027	sources/recipe-recovery/current-string-c0/evidence/producer-v1/spec.json
872f52e963199523911999a02f03ce07f783cf4a1339a08da017e8465bc8dd07	7921	sources/recipe-recovery/current-string-c0/evidence/producer-v1/staging.json
06d4923c9b8a9389e3eb6463f028829fd89dca7c6d9b0599ef4239317a8b0c9d	97386	sources/recipe-recovery/current-string-c0/evidence/producer-v1/tool-links.json
3d1f21649346a6310f87bd4694b85e892fe96c60bdb1193dce0df30b112b2697	14052	sources/recipe-recovery/current-string-c0/evidence/producer-v1/tooling.json
6e64d3144fe2b9815671af4c1f0baf9fb45e8099884a62d9bac1343d773bbf1c	18636	sources/recipe-recovery/current-string-c0/packaging-authoring-v1/AUTHORING-PLAN.json
c010f606de8291a64736f286c1ed1de3a66f5b0f97e8019c13cbb8018c967b2d	8236	sources/recipe-recovery/current-string-c0/packaging-authoring-v1/finish_package.py
7d80b09d2f22520697ef990826f8d55ab240126d4c17f6056201d3f37e79da6c	28933	sources/recipe-recovery/current-string-c0/packaging-authoring-v1/prepare_package.py
068e02410b1161be1cfed85c3a98de00da6560f043cf9d24671c263064930879	1860	sources/recipe-recovery/current-string-c0/packaging-authoring-v1/reconstruct.py
6654c68784bf632d5727cb2c337ce9d705875420f9b19ea0dda668542f01f8f0	12670	sources/recipe-recovery/current-string-c0/qualified-v1/QUALIFIED.json
1804b5a3a6293d101b8a1bb4d86f18a861e51ab362a4b87b6b143b426d554a3c	122	sources/recipe-recovery/current-string-c0/root-prepare-v1/INPUT-READBACK.json
eda7a09206de33bbcc05f86b187dc21747266664064b60143fc23b972489118b	1716	sources/recipe-recovery/current-string-c0/root-prepare-v1/RESULT.json
e3b0c44298fc1c149afbf4c8996fb92427ae41e4649b934ca495991b7852b855	0	sources/recipe-recovery/current-string-c0/root-prepare-v1/stderr.log
13ef3673e0101f99309b85b72ad3b4c456a5d245459bd105fed9b0670d1e7c63	319	sources/recipe-recovery/current-string-c0/root-prepare-v1/stdout.log
1d7ff7244e0e44bc8f982ea17ead61f3bc12f6e4fbdc2d710d967b0a0cdcf110	217	sources/recipe-recovery/current-string-c0/root-run-v1/PREPARATION-READBACK.json
a72c3bde1488015fb17b7702e20b2278c2d0115ee165113836f05f13482913b5	1119	sources/recipe-recovery/current-string-c0/root-run-v1/RESULT.json
e3b0c44298fc1c149afbf4c8996fb92427ae41e4649b934ca495991b7852b855	0	sources/recipe-recovery/current-string-c0/root-run-v1/stderr.log
3478d21d540ae2cc04a8b77946261ddb921e8d56be6a82ec5d87ba1c6c5a14c0	630	sources/recipe-recovery/current-string-c0/root-run-v1/stdout.log
a39878bc400b9edff7dd3c1f7ff390fb74cec1e98380a54293580e41f82965e7	48199	sources/recipe-recovery/current-string-c0/semantic-authoring-v1/COMMAND-EXPECTATIONS.json
706eb265f9dd0c94f3666ec9ee9bd42e7092935db5c23b798e2d6620024a2ed5	48787	sources/recipe-recovery/current-string-c0/semantic-authoring-v2/COMMAND-EXPECTATIONS.json
936a693d299a7695d88caffb78a86454b3822a8df2b368a12b69bc87a20b93eb	255268	sources/recipe-recovery/current-string-c0/tooling-v1/CACHE-COPY.json
f76f050ab6e00a667891c26e7cfb0f7e3ce980a5a0f16d658249e2e26238704f	4104	sources/recipe-recovery/current-string-c0/tooling-v1/TOOLCHAIN.json
243e41461ab1f7873d2014a5b105f88df33f4863b4e69272ef56561cd96bb56d	6979	sources/recipe-recovery/current-string-c0/tooling-v1/runtime-classpath.txt
9f9f7008d8b922325fe8fab43d4c18705b26311abd91526914ea98a67683441e	6160	sources/workspace-recovery-v1/git-base-c0/RESULT.json
