sha256	bytes	path
8f3a18434d35e540de9a16df022fff3596963c1c2f021ee6e16b7e24e7ca3e53	3138	ic0/trials/producer-v2/project/src/main/resources/com/m3/rewrite/backport/jdk21-hash-pinned-text/ic0-pco/target-3.txt
d24ade8a8ddbb22eb78621c99f458f8d96807b74be12294c3e7ce7f9f95764c8	5167	ic0/trials/producer-v2/project/src/main/resources/com/m3/rewrite/backport/jdk21-hash-pinned-text/ic0-pco/target-4.txt
18462864241391a44566764ad4307fbc46894b988a2569dcf820e940961ab225	51135	ic0/trials/producer-v2/project/src/main/resources/com/m3/rewrite/backport/jdk21-hash-pinned-text/ic0-pco/target-5.txt
9237f618a6d583c113755fc8ceb315fcc5a20af0fe545219494e1a0ddc17508f	568	ic0/trials/producer-v2/project/src/main/resources/com/m3/rewrite/backport/jdk21-hash-pinned-text/ic0-pcw/manifest.tsv
41a7d50712da9374dc679bd09116ed1f6108c25a48d00e25d9b268d25453d3e7	7812	ic0/trials/producer-v2/project/src/main/resources/com/m3/rewrite/backport/jdk21-hash-pinned-text/ic0-pcw/target-1.txt
8bc3ad1490f26e622dc5c226bb5545a4bbfd3e8186e3923cfa2c8adc72a41605	6029	ic0/trials/producer-v2/project/src/main/resources/com/m3/rewrite/backport/jdk21-hash-pinned-text/ic0-pcw/target-2.txt
9f09f5058b1e9aed653efb67b6f4f5fe3bcaa05681f1a232dd95576562aa5c19	4321	ic0/trials/producer-v2/project/src/main/resources/com/m3/rewrite/backport/jdk21-hash-pinned-text/ic0-pcw/target-3.txt
28e9142f03ee9948b10b370daf2001941c8c1371d33ec3985ac8f70fe84679a2	1089	ic0/trials/producer-v2/project/src/main/resources/com/m3/rewrite/backport/jdk21-hash-pinned-text/ic0-scp/manifest.tsv
50f5dda3d0a585720003801c1945516ce8b19ea033d5f6738517083bc4982cd5	4259	ic0/trials/producer-v2/project/src/main/resources/com/m3/rewrite/backport/jdk21-hash-pinned-text/ic0-scp/target-1.txt
5ee44459bd8725b89e92ad8cd0c7572954f7655331d8b7f7dc92a8b59b09cb6e	8906	ic0/trials/producer-v2/project/src/main/resources/com/m3/rewrite/backport/jdk21-hash-pinned-text/ic0-scp/target-2.txt
0f79229a093fc3a53158401bb29a627e71f2774292b4d727e6c0911b9f2a47c9	934	ic0/trials/producer-v2/project/src/main/resources/com/m3/rewrite/backport/jdk21-hash-pinned-text/ic0-scp/target-3.txt
372922e185ceb9a2694ae1161b1162603b47e9932edfc2e6aa6bb50f3c05da3c	11146	ic0/trials/producer-v2/project/src/main/resources/com/m3/rewrite/backport/jdk21-hash-pinned-text/ic0-scp/target-4.txt
eb68a09f9c154f801830e1f40688be5c7d0af9d3fab286ed105de57b2994fb52	793	ic0/trials/producer-v2/project/src/main/resources/com/m3/rewrite/backport/jdk21-hash-pinned-text/ic0-sdc/manifest.tsv
518f9f7dbdebf450973cba859525d509c3c79fce6b51c6f4cbbf563e2f5651fa	76036	ic0/trials/producer-v2/project/src/main/resources/com/m3/rewrite/backport/jdk21-hash-pinned-text/ic0-sdc/target-1.txt
0285ce4946d66bea00e0b5d4bd52e863e5d60f84bb71171a26bdbd4c61da0bd9	3300	ic0/trials/producer-v2/project/src/main/resources/com/m3/rewrite/backport/jdk21-hash-pinned-text/ic0-sdc/target-2.txt
36a55432074cf8c2c6e6e8463c1c4cd7751edea16b99d28a69001a511a995705	76253	ic0/trials/producer-v2/project/src/main/resources/com/m3/rewrite/backport/jdk21-hash-pinned-text/ic0-sdc/target-3.txt
e1105ca7999363ff4a889217955a53cff8caecbd054b9f099a0bbe57fa3e935e	1489	ic0/trials/producer-v2/project/src/main/resources/composition-orders.json
ca8176f2a2a2617c0fb76c86c48ca152a28396381b1266f3ce0c84e7b65caba5	71439	ic0/trials/producer-v2/project/src/main/resources/qualification.json
e99083228084bb0b57e5fe9e7ff46220de2bd49a828084b1ac55ee2cb2c865ab	31249	ic0/trials/producer-v2/project/src/test/java/com/synexia/rewrite/Ic0RecipeTest.java
b408f0b8d0e4d6e197230e3cb1469d14e0d52aecd33ac55c71f11d513d6e23ec	10881	ic0/trials/producer-v2/project/src/test/resources/before/.github/workflows/m3-a3.yml
4c02fcf3b12116aaa186035a8ff3c50b94df899f776d51630e1bfcfd30ce4a2c	4153	ic0/trials/producer-v2/project/src/test/resources/before/.github/workflows/m3-class-ver.yml
2a81b9ebfa5d477977dba4632a0e7c89f2ebb89606eb46491197536335d63fee	2205	ic0/trials/producer-v2/project/src/test/resources/before/.github/workflows/m3-foundation.yml
68e17df8b27fee9c208475d3b7f63c01c7eaf247752417e4c7d8ce2fece056ab	15148	ic0/trials/producer-v2/project/src/test/resources/before/.github/workflows/m3-jdk21-backports.yml
54bf165d838d2f7505ecf6df125fb3eab4186b065fd0d6d025ba3e771326aca7	6120	ic0/trials/producer-v2/project/src/test/resources/before/.github/workflows/m3-jep458-current-master.yml
88831a9aa214b517713bbfc9a84ea7e5187f12498b592b64d1c240344a1fd8c3	7793	ic0/trials/producer-v2/project/src/test/resources/before/.github/workflows/m3-jep467-markdown-inventory.yml
9a2c236d62db2ed121d9ac563f15a6edd6b56dcf8549aca0bb2a9bd63f80db29	6654	ic0/trials/producer-v2/project/src/test/resources/before/.github/workflows/m3-jep493-runtime-image-inventory.yml
3fbe65ee5d3130858d114b0637207585e0cb20c2b5008def8c3dc6607f042d41	4692	ic0/trials/producer-v2/project/src/test/resources/before/m3/backports/compatibility_policy.py
2f075d95ce7c2fdbb2742b92a1c1098864f06d073c56046dc02f02adc5687dec	14827	ic0/trials/producer-v2/project/src/test/resources/before/m3/backports/generate_recipe_crates.py
57411d582b20b949cb95859318b0ef4e99a79c7947163ffe1787cafaba7cf0d4	2934	ic0/trials/producer-v2/project/src/test/resources/before/m3/backports/recipes/jep-485-gatherers/README.md
8c928979dcdf7bf7e4ec8b5bc6b339d7344c75a8213f101ec4ad58a659775811	337	ic0/trials/producer-v2/project/src/test/resources/before/m3/backports/recipes/jep-485-gatherers/atom-evidence.tsv
7149ec13e4fc5f2b642fe41a719cec1a17cb51d77b7de291055efd75b48d2af2	610	ic0/trials/producer-v2/project/src/test/resources/before/m3/backports/recipes/jep-493-runtime-image/CURRENT_TREE_RECEIPT.tsv
9ae80ad2e94552d552ab8eb125ea9b0d435e749f5ef6e0f140130a76cf6a4fe9	2472	ic0/trials/producer-v2/project/src/test/resources/before/m3/backports/recipes/jep-493-runtime-image/README.md
10d8d11da8b4dd6772875cb3ba5c1f2c0732e307cdd5c983a96811b9c9f5180d	6038	ic0/trials/producer-v2/project/src/test/resources/before/m3/backports/test_compatibility_policy.py
ab6433b0a1d50c358d65d0aad9ed2b7bbc7b8be1ca10b0302e53fefac0d7a5d8	17732	ic0/trials/producer-v2/project/src/test/resources/before/m3/backports/test_generate_recipe_crates.py
d9d39747f40bb5eff6ba8639e1e5d0554f0223cc94c09443fe1b2054aac9c3d6	5171	ic0/trials/producer-v2/project/src/test/resources/before/m3/docs/a3-lab.md
01a428a662ffbdbd22dcd39d1fea7b69084ce34cada0bb5582b8c3686615750d	3974	ic0/trials/producer-v2/project/src/test/resources/before/m3/docs/a3-mastery.md
9c5177ee233ee5335131c9106b7a6faa0041b1cd09e9385e36909d8c6365cf87	8267	ic0/trials/producer-v2/project/src/test/resources/before/m3/docs/a3.md
335045274ea3ae01d576290b56704ec3409ef1bd27c8c220348815c5bbb711da	280877	ic0/trials/producer-v2/project/src/test/resources/before/m3/docs/name-mapping.json
fd54e5fade1fc3050816265f2317967dd4176e7bb5e0bc55e6f620878026e88e	23333	ic0/trials/producer-v2/project/src/test/resources/before/m3/migration/migration.py
3cfe511098ff3b6caafb1f1e04f94b448e02e25f160fe98427531fc8c77a1555	11255	ic0/trials/producer-v2/project/src/test/resources/before/m3/migration/test/test_jcc_handoff_packet.py
27308b049acc122f62f9cb9a9a679a94640952c423b04495c0ef5b9a2c824ec1	3633	ic0/trials/producer-v2/project/src/test/resources/before/m3/tooling/a3/pom.xml
6d9ec887c87898167748ca5f77598f95a6784cfaf14882f4983733c006374b77	5127	ic0/trials/producer-v2/project/src/test/resources/before/m3/tooling/a3/src/main/java/com/m3/a3/A3.java
d88f347f77069dc1e2e6a3871c68c55e76f885f324801957d041f9ecc31ec6f4	9492	ic0/trials/producer-v2/project/src/test/resources/before/m3/tooling/a3/src/main/java/com/m3/a3/A3Alg.java
677324e1566d482eb5b4470ec1a63d3493bb2a75fc77ea0edb61ba364906c298	7782	ic0/trials/producer-v2/project/src/test/resources/before/m3/tooling/a3/src/main/java/com/m3/a3/A3Cases.java
c212736f000836cb782a5ff81fd2de48e67d36ea4b3bd53cf7743c4aadbfdaf6	16196	ic0/trials/producer-v2/project/src/test/resources/before/m3/tooling/a3/src/main/java/com/m3/a3/A3Lab.java
9171b0ada1d7845b63d7a586d99ef97a6fa6eccbfd84204c47a6a01c8b3e4697	6442	ic0/trials/producer-v2/project/src/test/resources/before/m3/tooling/a3/src/main/java/com/m3/a3/A3MemoryCompiler.java
f000b1eea411056baaca6051b220149f25334bc70bf69b4f0536839c6c78e404	7514	ic0/trials/producer-v2/project/src/test/resources/before/m3/tooling/a3/src/main/java/com/m3/a3/A3RegexMatrix.java
351eeac06154189e79f3d139336437d5911da5721c9a95a779ebd5d511997d9c	6117	ic0/trials/producer-v2/project/src/test/resources/before/m3/tooling/a3/src/test/java/com/m3/a3/A3LabTest.java
d684f2c95622c32683dbdce162d2f49101c7431bfbba1927a34182dcecadc77f	4462	ic0/trials/producer-v2/project/src/test/resources/before/m3/tooling/a3/src/test/java/com/m3/a3/A3PlanTest.java
9490dd9263e9793c6601bba2429860283865ff2c72092e1b55fff95136c01737	4026	ic0/trials/producer-v2/project/src/test/resources/before/m3/tooling/backport-dag/pom.xml
f475463faf184a0a310ab9295b6604be5795076295e46d4b6a78784613dce55e	4312	ic0/trials/producer-v2/project/src/test/resources/before/m3/tooling/backport-dag/src/main/java/com/m3/tooling/dag/M3PacketDagComposer.java
def017e6b6bd2395f64b39bb4ea3258efd53526455cc0d9485d5a15356be2a2e	6285	ic0/trials/producer-v2/project/src/test/resources/before/m3/tooling/backport-dag/src/main/java/com/m3/tooling/dag/M3RecipeDag.java
374c135a72e85bdcad84be5e9bbd696c763f06f33816e56e28f4a4d620e1aee9	1726	ic0/trials/producer-v2/project/src/test/resources/before/m3/tooling/backport-dag/src/main/resources/com/m3/tooling/dag/adapters/airflow/m3_backport_dag.py
b81e897b0c34961102aeb98920a1f5fcfa95b6f3b41fdf9c4f8208e78e8796d8	793	ic0/trials/producer-v2/project/src/test/resources/before/m3/tooling/backport-dag/src/main/resources/com/m3/tooling/dag/adapters/camel/m3-backport-route.yaml
922700cc7f1acf943e3f07b7c29d44f07c1b9bfab7e876f4e02d2ea408abb393	1575	ic0/trials/producer-v2/project/src/test/resources/before/m3/tooling/backport-dag/src/main/resources/com/m3/tooling/dag/adapters/drools/m3-backport-admission.drl
76c3eafb6c52fe5918023a19dadf1ac98076d0f50332688c56303154871ce423	968	ic0/trials/producer-v2/project/src/test/resources/before/m3/tooling/backport-dag/src/test/java/com/m3/tooling/dag/M3BackportDagLoaderTest.java
451b4cde41c505a19641dc17649ca0b22b2e82d13685d042e4f29f9af9a8e094	9046	ic0/trials/producer-v2/project/src/test/resources/before/m3/tooling/backport-dag/src/test/java/com/m3/tooling/dag/M3PacketDagComposerTest.java
8fe0d897419c2e91dc3fcc7958e0c55c5bdea7b4ee4f48efc57a759b8e34960f	8603	ic0/trials/producer-v2/project/src/test/resources/before/m3/tooling/backport-dag/src/test/java/com/m3/tooling/dag/M3RecipeDagTest.java
8544be570c2656c5fa641ae34fc01eaea420bbb420f6d80ce5f95253504e9888	3383	ic0/trials/producer-v2/project/src/test/resources/before/m3/tooling/migration-recipes/pom.xml
280d7c08e9da9f618f4596516420a5c6c2de8f32fa1b52ff354853f3b0fb7c2b	2338	ic0/trials/producer-v2/project/src/test/resources/before/m3/tooling/migration-recipes/src/main/java/com/m3/rewrite/a3/M3A3AlgorithmCatalogueManifest.java
b5cefece21725e012ed7643ecf4f6fe505da9fa408a02f6f48de38773e94cad0	2030	ic0/trials/producer-v2/project/src/test/resources/before/m3/tooling/migration-recipes/src/main/java/com/m3/rewrite/backport/M3Jep485StreamGatherersBackportRecipe.java
2da4485ca78b289462e6142e61e247e2142111693d08fb590ff64256193dda75	342	ic0/trials/producer-v2/project/src/test/resources/before/m3/tooling/migration-recipes/src/main/resources/META-INF/rewrite/m3-jep485-stream-gatherers.yml
d88f347f77069dc1e2e6a3871c68c55e76f885f324801957d041f9ecc31ec6f4	9492	ic0/trials/producer-v2/project/src/test/resources/before/m3/tooling/migration-recipes/src/main/resources/com/m3/rewrite/a3-algorithm-catalogue/after/A3Alg.java
d684f2c95622c32683dbdce162d2f49101c7431bfbba1927a34182dcecadc77f	4462	ic0/trials/producer-v2/project/src/test/resources/before/m3/tooling/migration-recipes/src/main/resources/com/m3/rewrite/a3-algorithm-catalogue/after/A3PlanTest.java
b1295f69831c23efd596f2ed9f65e2b07d20371fae4c0111c0b35fdd3bc4cd51	76037	ic0/trials/producer-v2/project/src/test/resources/before/m3/tooling/migration-recipes/src/main/resources/com/m3/rewrite/backport/jdk21-hash-pinned/jdk22-m3-string-history-convergence/16-AbstractStringBuilder.java.txt
2b724a9f9cf9fce382c34f4b5872312bfb4c30791decf8c093bd2dfb9fc0d400	3300	ic0/trials/producer-v2/project/src/test/resources/before/m3/tooling/migration-recipes/src/main/resources/com/m3/rewrite/backport/jdk21-hash-pinned/jdk22-m3-string-history-convergence/manifest.tsv
9ba3245512f18e3d921b6a8d013cea05a70b5a84c473b34dbd574ba55a1978d4	4112	ic0/trials/producer-v2/project/src/test/resources/before/m3/tooling/migration-recipes/src/main/resources/com/m3/rewrite/backport/jdk21-hash-pinned/jdk22-recipe-closure/02-M3RecipeScopeRegistry.java.txt
cf1c56ebf8fc2df3778cd56e34240da7c3ba722cb2949e8957b81157abf8b9ba	8378	ic0/trials/producer-v2/project/src/test/resources/before/m3/tooling/migration-recipes/src/main/resources/com/m3/rewrite/backport/jdk21-hash-pinned/jdk22-recipe-closure/03-M3RecipeScopeDeclarationTest.java.txt
d80a5af11629b89cb2e69d3a119becb7606fb029e8e121d47d684ca755435182	934	ic0/trials/producer-v2/project/src/test/resources/before/m3/tooling/migration-recipes/src/main/resources/com/m3/rewrite/backport/jdk21-hash-pinned/jdk22-recipe-closure/manifest.tsv
808d8dec8da41e93dbe938081c36750a6d36c96a4b2dcd90d2558a7b5d0ebd47	24085	ic0/trials/producer-v2/project/src/test/resources/before/m3/tooling/migration-recipes/src/main/resources/com/m3/rewrite/backport/jdk21-hash-pinned/jdk24-jep485-stream-gatherers/01-Gatherer.java.txt
6115dd7015fe6680ef597a7cc3ec5b0c06eccc7259aa5bd4899454b5af624f1d	31455	ic0/trials/producer-v2/project/src/test/resources/before/m3/tooling/migration-recipes/src/main/resources/com/m3/rewrite/backport/jdk21-hash-pinned/jdk24-jep485-stream-gatherers/03-Gatherers.java.txt
eb1bd5ac55a99540b1516656041310ecf56c1a8dd20a8eb1fd599318b5647cf2	14652	ic0/trials/producer-v2/project/src/test/resources/before/m3/tooling/migration-recipes/src/main/resources/com/m3/rewrite/backport/jdk21-hash-pinned/jdk24-jep485-stream-gatherers/11-GatherersMapConcurrentTest.java.txt
3172ca1814ce01a40091d05f691ee044dfa72c1b4f24b10514fe491fc6d6e66c	2598	ic0/trials/producer-v2/project/src/test/resources/before/m3/tooling/migration-recipes/src/main/resources/com/m3/rewrite/backport/jdk21-hash-pinned/jdk24-jep485-stream-gatherers/manifest.tsv
677324e1566d482eb5b4470ec1a63d3493bb2a75fc77ea0edb61ba364906c298	7782	ic0/trials/producer-v2/project/src/test/resources/before/m3/tooling/migration-recipes/src/main/resources/com/synexia/rewrite/hash-pinned-java/a3-mastery-lab/A3Cases.java.after
b901f0b1aae122711792a66dc9750b9ba4608d59613641e74f378218757cbb4d	734	ic0/trials/producer-v2/project/src/test/resources/before/m3/tooling/migration-recipes/src/main/resources/com/synexia/rewrite/hash-pinned-java/a3-mastery-lab/manifest.tsv
9171b0ada1d7845b63d7a586d99ef97a6fa6eccbfd84204c47a6a01c8b3e4697	6442	ic0/trials/producer-v2/project/src/test/resources/before/m3/tooling/migration-recipes/src/main/resources/com/synexia/rewrite/hash-pinned-java/a3-regex-memory-lab/A3MemoryCompiler.java.after
f000b1eea411056baaca6051b220149f25334bc70bf69b4f0536839c6c78e404	7514	ic0/trials/producer-v2/project/src/test/resources/before/m3/tooling/migration-recipes/src/main/resources/com/synexia/rewrite/hash-pinned-java/a3-regex-memory-lab/A3RegexMatrix.java.after
b2febbb17ed96ae6f582eee2e16af3fc5e435c23e350708f56397bee9ac38ab5	658	ic0/trials/producer-v2/project/src/test/resources/before/m3/tooling/migration-recipes/src/main/resources/com/synexia/rewrite/hash-pinned-java/a3-regex-memory-lab/manifest.tsv
58d01008f3dc6e79d988e855d76ba90eb0a13d39a76e7eb4027d75442389ec94	5379	ic0/trials/producer-v2/project/src/test/resources/before/m3/tooling/migration-recipes/src/test/java/com/m3/rewrite/M3A3RegexMemoryLabDeliveryRecipeTest.java
69882638771a411cf0866f789a7b3ef7e7e7040cde38a1c40ef4a743d37168e2	4974	ic0/trials/producer-v2/project/src/test/resources/before/m3/tooling/migration-recipes/src/test/java/com/m3/rewrite/M3A3RegexMemoryWorkflowRecipeTest.java
9a7f6440ce4d4a738d5cfe916a7fff98511464887293caba2a498bd75264ee92	7839	ic0/trials/producer-v2/project/src/test/resources/before/m3/tooling/migration-recipes/src/test/java/com/m3/rewrite/backport/M3Jep485StreamGatherersBackportRecipeTest.java
3a57bda49c218895a2be9f5053671d435840abd4c4079f4a1e5eed89becf0813	11065	ic0/trials/producer-v2/project/src/test/resources/before/m3/tooling/migration-recipes/src/test/java/com/m3/rewrite/scope/M3ScopeCoverageClosureTest.java
38ed8c01c6982fa4a52ea155c2e9652dfe45f317d8ae994c17fba01c7309fbda	18328	ic0/trials/producer-v2/project/src/test/resources/before/m3/tooling/migration-recipes/src/test/resources/com/m3/rewrite/atom/spectrum/CORPUS.tsv
bfee3b40a52cc27a3848f273dd7917e8126a08dcb7bc3d8ddb85ec52e479ea69	2261	ic0/trials/producer-v2/project/src/test/resources/before/m3/tooling/recipe-catalogue.tsv
9a502392c96175e025bbd992fd15482ef2cf0ee4a2ca083a293d5fd41e6448ce	76254	ic0/trials/producer-v2/project/src/test/resources/before/src/java.base/share/classes/java/lang/AbstractStringBuilder.java
808d8dec8da41e93dbe938081c36750a6d36c96a4b2dcd90d2558a7b5d0ebd47	24085	ic0/trials/producer-v2/project/src/test/resources/before/src/java.base/share/classes/java/util/stream/Gatherer.java
6115dd7015fe6680ef597a7cc3ec5b0c06eccc7259aa5bd4899454b5af624f1d	31455	ic0/trials/producer-v2/project/src/test/resources/before/src/java.base/share/classes/java/util/stream/Gatherers.java
eb1bd5ac55a99540b1516656041310ecf56c1a8dd20a8eb1fd599318b5647cf2	14652	ic0/trials/producer-v2/project/src/test/resources/before/test/jdk/java/util/stream/GatherersMapConcurrentTest.java
0c604b7af2a6452b39904b7f0756fdd5e4e4d723d48f590627b3b1d807746880	299	ic0/trials/producer-v2/project/target/classes/META-INF/rewrite/ic0-aad.yml
c1ab214a10ab317018ae4cc1f869352ff1d76f049f4faebbee696f691be22bf0	299	ic0/trials/producer-v2/project/target/classes/META-INF/rewrite/ic0-aca.yml
1ba8035f242159e2b81f35f22f11525bd47146d1026a39fd8b5d57a032a6173e	299	ic0/trials/producer-v2/project/target/classes/META-INF/rewrite/ic0-acs.yml
5743aaa8366d3b8a48e24e2a9f79b2bc47d6730ea77e238c720fdd4762554b50	299	ic0/trials/producer-v2/project/target/classes/META-INF/rewrite/ic0-agt.yml
7d5356930f83356b46d85b5f78b0f3bfa45bb234edc5b4bb5a05f1d79ca38444	299	ic0/trials/producer-v2/project/target/classes/META-INF/rewrite/ic0-amb.yml
cf3d71ff3bf8a1594bbef42c368d13395635ac94024b75fbb601b2bbacc4abd7	299	ic0/trials/producer-v2/project/target/classes/META-INF/rewrite/ic0-amc.yml
a0ad526a0f49864dcaeff71b36b6297c9d3f9713c363432dcf83bf5b1708e8e4	299	ic0/trials/producer-v2/project/target/classes/META-INF/rewrite/ic0-aml.yml
e0cb6b3adbb942f0c85e81a6305941551ee823726444c81260773497cf0d6a0b	299	ic0/trials/producer-v2/project/target/classes/META-INF/rewrite/ic0-ard.yml
8fe9e8db356b59e0653e4b751f9a50be5e32ec781cab32102d986346150e2503	299	ic0/trials/producer-v2/project/target/classes/META-INF/rewrite/ic0-arm.yml
f8b3ad9ac58ed681f30262ad259ebf411bcbdac321f47b20db48520e98889df3	299	ic0/trials/producer-v2/project/target/classes/META-INF/rewrite/ic0-arr.yml
4c0c9997e43d75e3a51b5919120e2c781bd66465a5a349dc4f9ae6813ecd0e87	299	ic0/trials/producer-v2/project/target/classes/META-INF/rewrite/ic0-avp.yml
d9c88f5a4f828e08f6d058faca47421e7b01563ce3b45e64eae9942cff1d09e9	299	ic0/trials/producer-v2/project/target/classes/META-INF/rewrite/ic0-avr.yml
535e1707cecab980ae1b6350bd0a6ebcf63519abd303f6623c1419519fd8ac14	299	ic0/trials/producer-v2/project/target/classes/META-INF/rewrite/ic0-awb.yml
b8c06e67d98ff88d9c5c7c4269500a3c5d028e77c497b751756f9e71513c62db	299	ic0/trials/producer-v2/project/target/classes/META-INF/rewrite/ic0-awd.yml
1d17ab5d1321e05d1a802980eb78d7f3826d728f5b9c57d00644b2d17f0ca6f5	299	ic0/trials/producer-v2/project/target/classes/META-INF/rewrite/ic0-awr.yml
9ac8a77012470e078d1661251e14fef529983f07993e2d8220fafea93ad3f992	299	ic0/trials/producer-v2/project/target/classes/META-INF/rewrite/ic0-cgo.yml
2e02f1c87218288908a1c8f7caf4000e0a09526092ad8e0b239829fd5c649f1a	299	ic0/trials/producer-v2/project/target/classes/META-INF/rewrite/ic0-cib.yml
73a504f132168f85064e33e4c39bb7f99b919e0f803590ddda142aa2c8e90006	299	ic0/trials/producer-v2/project/target/classes/META-INF/rewrite/ic0-ciw.yml
7b4111714397bd599688bc06f350088e77e2cfa881591854c4353ada683c80f4	299	ic0/trials/producer-v2/project/target/classes/META-INF/rewrite/ic0-cmp.yml
8b8bae147b5c0bce7a839d624c142b9add9a5855c1ab62fa6c1063d6ddd106ba	299	ic0/trials/producer-v2/project/target/classes/META-INF/rewrite/ic0-cor.yml
9b33fa9115154bd78f495120744fe2692de708d454d4e9ecdc2564b83b9f8446	299	ic0/trials/producer-v2/project/target/classes/META-INF/rewrite/ic0-cri.yml
04e72853f464d84747e6a8dfee4183765b6c77edc2dc036e0a2b0167cea7d4d2	299	ic0/trials/producer-v2/project/target/classes/META-INF/rewrite/ic0-dgc.yml
fa601958457ff53dc279c3ee9fa48f0d24271dc19d0a523c16bf77d1c59f839c	299	ic0/trials/producer-v2/project/target/classes/META-INF/rewrite/ic0-fnd.yml
6fbbfa680c965cb25eca2337a7c0ba84ef23761f64ef3f839cbc78da575e9be5	299	ic0/trials/producer-v2/project/target/classes/META-INF/rewrite/ic0-gpc.yml
90db450a4e16bd0b7a76c836f01856f66ecfe23aad2ddccfacb236bbfe586095	299	ic0/trials/producer-v2/project/target/classes/META-INF/rewrite/ic0-hct.yml
9991a9390481d760cc2f74176fc7c1c723e9c0dd4b809f9d6fedfa68d8969251	299	ic0/trials/producer-v2/project/target/classes/META-INF/rewrite/ic0-hts.yml
eb2da19d2894d3bb8d40d681b05d0ce551bce1eb4bf12e51c265cfe1c3898b9f	299	ic0/trials/producer-v2/project/target/classes/META-INF/rewrite/ic0-ipr.yml
c39085343c51c602f49ef3c028f043f6347777b3a18b20ef304cf47f57cbff1b	299	ic0/trials/producer-v2/project/target/classes/META-INF/rewrite/ic0-jgr.yml
e469ca513b39d34ccae8f892da94cf4607492b2f6686254cb5c4464674c7b393	299	ic0/trials/producer-v2/project/target/classes/META-INF/rewrite/ic0-jma.yml
54bb2566e0523c38d3ea2d0a602918c6a0723434d9839d09dea330f2ad40a4a7	299	ic0/trials/producer-v2/project/target/classes/META-INF/rewrite/ic0-jop.yml
1dba50bbc7cf069ca5d42d8ef889b18144d3e54ed0e47424bed9f8188665015d	299	ic0/trials/producer-v2/project/target/classes/META-INF/rewrite/ic0-nul.yml
ad7008b466e9601c3a3ee090b1955ea276085825db703835a93c83eeacf7daa8	2308	ic0/trials/producer-v2/project/target/classes/META-INF/rewrite/ic0-orders.yml
d891d23663b1399d7c71f4569e01fc026e13b7928edc176dafe9c0c99ae91eca	299	ic0/trials/producer-v2/project/target/classes/META-INF/rewrite/ic0-pcd.yml
b8657823c20470617557c8b6508f226e13cda2f8f0aee7e5ffcb80a0f7a7a420	299	ic0/trials/producer-v2/project/target/classes/META-INF/rewrite/ic0-pco.yml
46568cdbbeb65963aa290f9fe1780b201d95d03ffad733362629b27c26694497	299	ic0/trials/producer-v2/project/target/classes/META-INF/rewrite/ic0-pcw.yml
da9c1d79a4295c2a63e7f4b9a289620bfd165ad3ea2b8a7b168565b0e2e6447c	299	ic0/trials/producer-v2/project/target/classes/META-INF/rewrite/ic0-scp.yml
3c58e252ae20501b4258f6d7d016e51340e20d0273887a52c96ebddfe3dad996	299	ic0/trials/producer-v2/project/target/classes/META-INF/rewrite/ic0-sdc.yml
d1386ec5616bd2570de480991e84880c8f6c2992b0d03f1f93bca63135832f5f	225	ic0/trials/producer-v2/project/target/classes/com/m3/rewrite/backport/jdk21-hash-pinned-text/ic0-aad/manifest.tsv
f28d3cd66fdb757b819dc8ad264a9097eb770f1d25995698ca12e6387cd9bd5d	3078	ic0/trials/producer-v2/project/target/classes/com/m3/rewrite/backport/jdk21-hash-pinned-text/ic0-aad/target-1.txt
eb8ca3340f628e3955d9bea0cfa7d6c0dca5cf0623f85d82335b1c68380a000e	2540	ic0/trials/producer-v2/project/target/classes/com/m3/rewrite/backport/jdk21-hash-pinned-text/ic0-aad/target-2.txt
89d7df5d0190e71b6fb69797fe848b37f5ffb09e274f020135e0df948488782a	1306	ic0/trials/producer-v2/project/target/classes/com/m3/rewrite/backport/jdk21-hash-pinned-text/ic0-aca/manifest.tsv
0de471de5a54e1c87153e4b1c23c4013a800f07595cfc05eec7bd4e68f1345d6	10008	ic0/trials/producer-v2/project/target/classes/com/m3/rewrite/backport/jdk21-hash-pinned-text/ic0-aca/target-1.txt
8922e21e4f814dc99282cf1828786a0347552454003e23ac2fa91aa8710851b1	4466	ic0/trials/producer-v2/project/target/classes/com/m3/rewrite/backport/jdk21-hash-pinned-text/ic0-aca/target-2.txt
a53bdeee8afe28b90cb0e348e718b70610a9487edb1b75b46e09bfb76e0f3dc9	3522	ic0/trials/producer-v2/project/target/classes/com/m3/rewrite/backport/jdk21-hash-pinned-text/ic0-aca/target-3.txt
521a7f07e59f507e0ce3193a3d0c7540c232a37c74128d954b52670677498241	2338	ic0/trials/producer-v2/project/target/classes/com/m3/rewrite/backport/jdk21-hash-pinned-text/ic0-aca/target-4.txt
0de471de5a54e1c87153e4b1c23c4013a800f07595cfc05eec7bd4e68f1345d6	10008	ic0/trials/producer-v2/project/target/classes/com/m3/rewrite/backport/jdk21-hash-pinned-text/ic0-aca/target-5.txt
8922e21e4f814dc99282cf1828786a0347552454003e23ac2fa91aa8710851b1	4466	ic0/trials/producer-v2/project/target/classes/com/m3/rewrite/backport/jdk21-hash-pinned-text/ic0-aca/target-6.txt
7d443b17756355cb16d4871d68372194661aafb26cc650d15a71e6ba343d3d6f	712	ic0/trials/producer-v2/project/target/classes/com/m3/rewrite/backport/jdk21-hash-pinned-text/ic0-acs/manifest.tsv
c0ff0c45cf310f233a18e163682d0c12876694a93b1f39a332ecf9e125c82c55	7750	ic0/trials/producer-v2/project/target/classes/com/m3/rewrite/backport/jdk21-hash-pinned-text/ic0-acs/target-1.txt
c0ff0c45cf310f233a18e163682d0c12876694a93b1f39a332ecf9e125c82c55	7750	ic0/trials/producer-v2/project/target/classes/com/m3/rewrite/backport/jdk21-hash-pinned-text/ic0-acs/target-2.txt
0bff4ddf1d6a002510903127bc56c7a2921bfa5851ac8217007eb3699b9febac	734	ic0/trials/producer-v2/project/target/classes/com/m3/rewrite/backport/jdk21-hash-pinned-text/ic0-acs/target-3.txt
49cc5867de7b3e55e3532558606cfcb13bd06b256d36314de3d668d630650e17	634	ic0/trials/producer-v2/project/target/classes/com/m3/rewrite/backport/jdk21-hash-pinned-text/ic0-agt/manifest.tsv
de69a27d63c8591bce12967b82d01cd407d3e7a450ddf65fe8636d61616a4be7	20534	ic0/trials/producer-v2/project/target/classes/com/m3/rewrite/backport/jdk21-hash-pinned-text/ic0-agt/target-1.txt
4153ba0405d19e1b49762ec2c1cdd6c42971e000f0660c674587d8611336ef14	6575	ic0/trials/producer-v2/project/target/classes/com/m3/rewrite/backport/jdk21-hash-pinned-text/ic0-agt/target-2.txt
de69a27d63c8591bce12967b82d01cd407d3e7a450ddf65fe8636d61616a4be7	20534	ic0/trials/producer-v2/project/target/classes/com/m3/rewrite/backport/jdk21-hash-pinned-text/ic0-agt/target-3.txt
4153ba0405d19e1b49762ec2c1cdd6c42971e000f0660c674587d8611336ef14	6575	ic0/trials/producer-v2/project/target/classes/com/m3/rewrite/backport/jdk21-hash-pinned-text/ic0-agt/target-4.txt
07c82862622f587d850e42928e6972df02d549208e94d5742cb511be2f5e40ba	556	ic0/trials/producer-v2/project/target/classes/com/m3/rewrite/backport/jdk21-hash-pinned-text/ic0-amb/manifest.tsv
6d9ec887c87898167748ca5f77598f95a6784cfaf14882f4983733c006374b77	5127	ic0/trials/producer-v2/project/target/classes/com/m3/rewrite/backport/jdk21-hash-pinned-text/ic0-amb/target-1.txt
c212736f000836cb782a5ff81fd2de48e67d36ea4b3bd53cf7743c4aadbfdaf6	16196	ic0/trials/producer-v2/project/target/classes/com/m3/rewrite/backport/jdk21-hash-pinned-text/ic0-amb/target-2.txt
351eeac06154189e79f3d139336437d5911da5721c9a95a779ebd5d511997d9c	6117	ic0/trials/producer-v2/project/target/classes/com/m3/rewrite/backport/jdk21-hash-pinned-text/ic0-amb/target-3.txt
86f114bcb03dc7df22a6a1bcea80ad1f7e7030e5b0cb481b7eadff6a12ba32da	405	ic0/trials/producer-v2/project/target/classes/com/m3/rewrite/backport/jdk21-hash-pinned-text/ic0-amc/manifest.tsv
78eb9fd9168850dd0908621385ad6246acc4690ea375ecace754205708f81edc	9874	ic0/trials/producer-v2/project/target/classes/com/m3/rewrite/backport/jdk21-hash-pinned-text/ic0-amc/target-1.txt
87c9ab22a66c6289325e4f612967e5921fc922240cd7cd1b7c5986b506fda390	10108	ic0/trials/producer-v2/project/target/classes/com/m3/rewrite/backport/jdk21-hash-pinned-text/ic0-amc/target-2.txt
a7887d62f0caf5f6ae9750622ed09129536b9b9a3da31c057cac35117a7621de	6319	ic0/trials/producer-v2/project/target/classes/com/m3/rewrite/backport/jdk21-hash-pinned-text/ic0-amc/target-3.txt
ec4632138062740f3bea0f050661a176ea356b3734934c7856331dcbc3b21937	577	ic0/trials/producer-v2/project/target/classes/com/m3/rewrite/backport/jdk21-hash-pinned-text/ic0-aml/manifest.tsv
a320a7da28264c23120e6296e376822f9795d4735084299701613d41c4e0ca2b	6088	ic0/trials/producer-v2/project/target/classes/com/m3/rewrite/backport/jdk21-hash-pinned-text/ic0-aml/target-1.txt
d45a759b1f51e117af486d9c8b66ca7e9ab8bfeb1764b619680cf4441d759e87	17041	ic0/trials/producer-v2/project/target/classes/com/m3/rewrite/backport/jdk21-hash-pinned-text/ic0-aml/target-2.txt
48dfc6ab7c68ad7d3342dda8d0086e1f7ec74dce4a7b1943d4ff7e0b32d8c52b	7131	ic0/trials/producer-v2/project/target/classes/com/m3/rewrite/backport/jdk21-hash-pinned-text/ic0-aml/target-3.txt
19091afaeb78b0c2aa57d2c57a8197e0a27dee9470f0458c4c10632c1037b2da	731	ic0/trials/producer-v2/project/target/classes/com/m3/rewrite/backport/jdk21-hash-pinned-text/ic0-ard/manifest.tsv
3a17ae820b3962b8b3481e1c96217f593c348643d5cbd5f3a3c6dae218aa9683	506	ic0/trials/producer-v2/project/target/classes/com/m3/rewrite/backport/jdk21-hash-pinned-text/ic0-ard/target-1.txt
c29d8a05ff2ff6b7e684c276b070a439c6a3ef145671f26ad6a77a8cf09d4c0a	519	ic0/trials/producer-v2/project/target/classes/com/m3/rewrite/backport/jdk21-hash-pinned-text/ic0-ard/target-2.txt
f8e225a3cc43fdb8e56534a78997760774601deafc95a05c87d5975ed5cb5aad	5927	ic0/trials/producer-v2/project/target/classes/com/m3/rewrite/backport/jdk21-hash-pinned-text/ic0-ard/target-3.txt
a8e7c77c57e9b9517cc14b8659e8b46e2cce11b29ea7ac0a35c80ab8ac7e8c48	5716	ic0/trials/producer-v2/project/target/classes/com/m3/rewrite/backport/jdk21-hash-pinned-text/ic0-ard/target-4.txt
39336b3be2d437740a281d3ce3fbda8cd61d0e6e5ebc1e821b98518e1464c5d7	1696	ic0/trials/producer-v2/project/target/classes/com/m3/rewrite/backport/jdk21-hash-pinned-text/ic0-arm/manifest.tsv
acc1f301aef53281ccbb26c78921537de99f98bc3f401906f5be658c761f62ef	6447	ic0/trials/producer-v2/project/target/classes/com/m3/rewrite/backport/jdk21-hash-pinned-text/ic0-arm/target-1.txt
19f7e3fb8c5f4332ab721d1962ab9cac261c524a10d9d91272346636fbe86ada	7516	ic0/trials/producer-v2/project/target/classes/com/m3/rewrite/backport/jdk21-hash-pinned-text/ic0-arm/target-2.txt
acc1f301aef53281ccbb26c78921537de99f98bc3f401906f5be658c761f62ef	6447	ic0/trials/producer-v2/project/target/classes/com/m3/rewrite/backport/jdk21-hash-pinned-text/ic0-arm/target-3.txt
19f7e3fb8c5f4332ab721d1962ab9cac261c524a10d9d91272346636fbe86ada	7516	ic0/trials/producer-v2/project/target/classes/com/m3/rewrite/backport/jdk21-hash-pinned-text/ic0-arm/target-4.txt
e7a96b1290ead86d3861f0388423504078cc8f66f10303f73e0a7d44a6e5776b	658	ic0/trials/producer-v2/project/target/classes/com/m3/rewrite/backport/jdk21-hash-pinned-text/ic0-arm/target-5.txt
f34470a701cf71b4b4abbe1fa9a5091392a930426ec84d700f13e53edd244629	5380	ic0/trials/producer-v2/project/target/classes/com/m3/rewrite/backport/jdk21-hash-pinned-text/ic0-arm/target-6.txt
3f3ab065d9e87e9f6095629a56b052642ec9d0883a466430e90a4a4355edd05b	4975	ic0/trials/producer-v2/project/target/classes/com/m3/rewrite/backport/jdk21-hash-pinned-text/ic0-arm/target-7.txt
e99545b056b2ee220e71627ae06755317dc12416b626d118140b6efcba38402b	1442	ic0/trials/producer-v2/project/target/classes/com/m3/rewrite/backport/jdk21-hash-pinned-text/ic0-arr/manifest.tsv
a320a7da28264c23120e6296e376822f9795d4735084299701613d41c4e0ca2b	6088	ic0/trials/producer-v2/project/target/classes/com/m3/rewrite/backport/jdk21-hash-pinned-text/ic0-arr/target-1.txt
d45a759b1f51e117af486d9c8b66ca7e9ab8bfeb1764b619680cf4441d759e87	17041	ic0/trials/producer-v2/project/target/classes/com/m3/rewrite/backport/jdk21-hash-pinned-text/ic0-arr/target-2.txt
48dfc6ab7c68ad7d3342dda8d0086e1f7ec74dce4a7b1943d4ff7e0b32d8c52b	7131	ic0/trials/producer-v2/project/target/classes/com/m3/rewrite/backport/jdk21-hash-pinned-text/ic0-arr/target-3.txt
78eb9fd9168850dd0908621385ad6246acc4690ea375ecace754205708f81edc	9874	ic0/trials/producer-v2/project/target/classes/com/m3/rewrite/backport/jdk21-hash-pinned-text/ic0-arr/target-4.txt
87c9ab22a66c6289325e4f612967e5921fc922240cd7cd1b7c5986b506fda390	10108	ic0/trials/producer-v2/project/target/classes/com/m3/rewrite/backport/jdk21-hash-pinned-text/ic0-arr/target-5.txt
a7887d62f0caf5f6ae9750622ed09129536b9b9a3da31c057cac35117a7621de	6319	ic0/trials/producer-v2/project/target/classes/com/m3/rewrite/backport/jdk21-hash-pinned-text/ic0-arr/target-6.txt
948e5e29a8912cd2def07610d281e35d5ebeac4a95ba7f2c77ac1fb8ba9c9bb4	926	ic0/trials/producer-v2/project/target/classes/com/m3/rewrite/backport/jdk21-hash-pinned-text/ic0-arr/target-7.txt
8a0b1cc6913250370e5ec724876f270b01da80c3a060ec7d66f7fe6b07bbd2d7	598	ic0/trials/producer-v2/project/target/classes/com/m3/rewrite/backport/jdk21-hash-pinned-text/ic0-avp/manifest.tsv
ed492007ff21c2166a17c0a4162cc9cdb775c744d54215d32bba736bcc1067aa	150	ic0/trials/producer-v2/project/target/classes/com/m3/rewrite/backport/jdk21-hash-pinned-text/ic0-avp/target-1.txt
b7d67c2492a2de593aaeebe47ce6bbf657a0ab0b1d59349866ccb7d835208ac8	4531	ic0/trials/producer-v2/project/target/classes/com/m3/rewrite/backport/jdk21-hash-pinned-text/ic0-avp/target-2.txt
27308b049acc122f62f9cb9a9a679a94640952c423b04495c0ef5b9a2c824ec1	3633	ic0/trials/producer-v2/project/target/classes/com/m3/rewrite/backport/jdk21-hash-pinned-text/ic0-avp/target-3.txt
64ee61c5460513b0d2e13be1407ae368f22528c8b6dba9ffc23ceb978acda9fe	691	ic0/trials/producer-v2/project/target/classes/com/m3/rewrite/backport/jdk21-hash-pinned-text/ic0-avr/manifest.tsv
eb28c15b30a454a2e7a10c6a99791e101f811248762ce7f5104d322b9c2773d6	7506	ic0/trials/producer-v2/project/target/classes/com/m3/rewrite/backport/jdk21-hash-pinned-text/ic0-avr/target-1.txt
f0f9ce2d1252cc5ab0de210f1f06623227db7b702961c5aecf966ad12b3041e5	564	ic0/trials/producer-v2/project/target/classes/com/m3/rewrite/backport/jdk21-hash-pinned-text/ic0-avr/target-2.txt
2d5e39a2d1dcdc37f5008929f72de335ae96d6408a3516f8246f956f7c43b2d5	2995	ic0/trials/producer-v2/project/target/classes/com/m3/rewrite/backport/jdk21-hash-pinned-text/ic0-avr/target-3.txt
990ac79aad3fcc1d7df181a57504a29d39025f7c3effe15e7794644c889832a7	5952	ic0/trials/producer-v2/project/target/classes/com/m3/rewrite/backport/jdk21-hash-pinned-text/ic0-avr/target-4.txt
8b9f6945a0f73947008d67771a27a0b5de3f1e4929538f4fb13c9bdc04874ac4	966	ic0/trials/producer-v2/project/target/classes/com/m3/rewrite/backport/jdk21-hash-pinned-text/ic0-awb/manifest.tsv
d9d39747f40bb5eff6ba8639e1e5d0554f0223cc94c09443fe1b2054aac9c3d6	5171	ic0/trials/producer-v2/project/target/classes/com/m3/rewrite/backport/jdk21-hash-pinned-text/ic0-awb/target-1.txt
01a428a662ffbdbd22dcd39d1fea7b69084ce34cada0bb5582b8c3686615750d	3974	ic0/trials/producer-v2/project/target/classes/com/m3/rewrite/backport/jdk21-hash-pinned-text/ic0-awb/target-2.txt
9c5177ee233ee5335131c9106b7a6faa0041b1cd09e9385e36909d8c6365cf87	8267	ic0/trials/producer-v2/project/target/classes/com/m3/rewrite/backport/jdk21-hash-pinned-text/ic0-awb/target-3.txt
27308b049acc122f62f9cb9a9a679a94640952c423b04495c0ef5b9a2c824ec1	3633	ic0/trials/producer-v2/project/target/classes/com/m3/rewrite/backport/jdk21-hash-pinned-text/ic0-awb/target-4.txt
b408f0b8d0e4d6e197230e3cb1469d14e0d52aecd33ac55c71f11d513d6e23ec	10881	ic0/trials/producer-v2/project/target/classes/com/m3/rewrite/backport/jdk21-hash-pinned-text/ic0-awb/target-5.txt
af2684a3af82b6cbebf718bbe59808af8c7ef1b1de52fdcf42a0d90efecc8649	943	ic0/trials/producer-v2/project/target/classes/com/m3/rewrite/backport/jdk21-hash-pinned-text/ic0-awd/manifest.tsv
12bb0deb1e9536235a106474865faea7262389dea72150ce6a7cf7e8c65f9c46	2100	ic0/trials/producer-v2/project/target/classes/com/m3/rewrite/backport/jdk21-hash-pinned-text/ic0-awd/target-1.txt
e2224918c07412ab448140f4f842224629c3b4fb72a04b41a592f7c627e83775	11744	ic0/trials/producer-v2/project/target/classes/com/m3/rewrite/backport/jdk21-hash-pinned-text/ic0-awd/target-2.txt
149d1d4ccc6fa531425597eadbc759378366108fef57bb6e8a8b27b70477dcd1	5550	ic0/trials/producer-v2/project/target/classes/com/m3/rewrite/backport/jdk21-hash-pinned-text/ic0-awd/target-3.txt
269cba753f97c8903446fcba3db0a056557ab92b9e7d545cea8461c0afbeb877	5105	ic0/trials/producer-v2/project/target/classes/com/m3/rewrite/backport/jdk21-hash-pinned-text/ic0-awd/target-4.txt
5b611c1a9c486e36698fce1112d8e876cb98e465ef6c291d7aa94409c6242e18	8625	ic0/trials/producer-v2/project/target/classes/com/m3/rewrite/backport/jdk21-hash-pinned-text/ic0-awd/target-5.txt
faed3fa2e7103aaca8dca51b7bd9660453276d5ba424120c9b5537e5d617c194	5456	ic0/trials/producer-v2/project/target/classes/com/m3/rewrite/backport/jdk21-hash-pinned-text/ic0-awd/target-6.txt
018bc7d7ad2c11e7a284ef8adc77299f884237a0d4c0e2fadc7c0cc92b2bcda8	1332	ic0/trials/producer-v2/project/target/classes/com/m3/rewrite/backport/jdk21-hash-pinned-text/ic0-awr/manifest.tsv
149d1d4ccc6fa531425597eadbc759378366108fef57bb6e8a8b27b70477dcd1	5550	ic0/trials/producer-v2/project/target/classes/com/m3/rewrite/backport/jdk21-hash-pinned-text/ic0-awr/target-1.txt
269cba753f97c8903446fcba3db0a056557ab92b9e7d545cea8461c0afbeb877	5105	ic0/trials/producer-v2/project/target/classes/com/m3/rewrite/backport/jdk21-hash-pinned-text/ic0-awr/target-2.txt
5b611c1a9c486e36698fce1112d8e876cb98e465ef6c291d7aa94409c6242e18	8625	ic0/trials/producer-v2/project/target/classes/com/m3/rewrite/backport/jdk21-hash-pinned-text/ic0-awr/target-3.txt
4ff049c2f7b0e8eb01aa6eb643f7588caea10b1e544653f78f68fe9566e88951	825	ic0/trials/producer-v2/project/target/classes/com/m3/rewrite/backport/jdk21-hash-pinned-text/ic0-awr/target-4.txt
d3cce7617f65ba818df045502f41917b5b9bef1c5b3b848ae3bee03ce949ae79	4558	ic0/trials/producer-v2/project/target/classes/com/m3/rewrite/backport/jdk21-hash-pinned-text/ic0-awr/target-5.txt
e2224918c07412ab448140f4f842224629c3b4fb72a04b41a592f7c627e83775	11744	ic0/trials/producer-v2/project/target/classes/com/m3/rewrite/backport/jdk21-hash-pinned-text/ic0-awr/target-6.txt
2d3f548908ebd33f2e93d516cd94e19830dbddf79468d9a8c0ff67b42d38e049	1316	ic0/trials/producer-v2/project/target/classes/com/m3/rewrite/backport/jdk21-hash-pinned-text/ic0-cgo/manifest.tsv
4c86fb6ddc117ed481309811887df97233803c708dd19b599516e229cddf4178	5159	ic0/trials/producer-v2/project/target/classes/com/m3/rewrite/backport/jdk21-hash-pinned-text/ic0-cgo/target-1.txt
6f23e04cf11046fd90452740d549e55c3f12dfb785036137886739d73539844f	344	ic0/trials/producer-v2/project/target/classes/com/m3/rewrite/backport/jdk21-hash-pinned-text/ic0-cgo/target-2.txt
99a26f393466db29e3a2cd36727eb906e9b40dc68df663e95a0174e00067b624	3174	ic0/trials/producer-v2/project/target/classes/com/m3/rewrite/backport/jdk21-hash-pinned-text/ic0-cgo/target-3.txt
77ee719e75092e9b9ee765bfce2b7cb9a14b40814aa8be15c1aaea5b211016c2	395	ic0/trials/producer-v2/project/target/classes/com/m3/rewrite/backport/jdk21-hash-pinned-text/ic0-cgo/target-4.txt
02131ab6cc2ca7c58f95e5791f05e70ef2315de552763a7d6f96fb5838074fcc	8715	ic0/trials/producer-v2/project/target/classes/com/m3/rewrite/backport/jdk21-hash-pinned-text/ic0-cgo/target-5.txt
828164ada2300dbd8935a6ac34992d47be8f8c2f211ca5d3950fa7916550acf1	2247	ic0/trials/producer-v2/project/target/classes/com/m3/rewrite/backport/jdk21-hash-pinned-text/ic0-cgo/target-6.txt
9ddb6eb1dbc4b618f0cd3817ed5f03f4eecd7202dead3e762f640a93c82456e2	374	ic0/trials/producer-v2/project/target/classes/com/m3/rewrite/backport/jdk21-hash-pinned-text/ic0-cib/manifest.tsv
ead40f30276be985b00c2280a3ae41f23e6c1f0a4fc641dd617ff367d5c3c77c	15862	ic0/trials/producer-v2/project/target/classes/com/m3/rewrite/backport/jdk21-hash-pinned-text/ic0-cib/target-1.txt
486b0a3980fa727a668d8c30d784f26400cf024516fc10f629aec398427c40f9	6325	ic0/trials/producer-v2/project/target/classes/com/m3/rewrite/backport/jdk21-hash-pinned-text/ic0-cib/target-2.txt
556d7744fc7af55e1ef7ee66012872f40633daf0afb030657bb06fcfa1bb8587	529	ic0/trials/producer-v2/project/target/classes/com/m3/rewrite/backport/jdk21-hash-pinned-text/ic0-ciw/manifest.tsv
b0ed1b1f29b0c2e8cec3114852f48f8ed7d2f2e3edd77a8df17788eccf6d6deb	4428	ic0/trials/producer-v2/project/target/classes/com/m3/rewrite/backport/jdk21-hash-pinned-text/ic0-ciw/target-1.txt
da68bc2e110f1e6cfcadef240393c121c86a8bcc3341202a900e2c8e3466e1b5	57323	ic0/trials/producer-v2/project/target/classes/com/m3/rewrite/backport/jdk21-hash-pinned-text/ic0-ciw/target-2.txt
a716b1128c5796a553e14c520deb07795d0394229496eb67b93de07913e3126d	9662	ic0/trials/producer-v2/project/target/classes/com/m3/rewrite/backport/jdk21-hash-pinned-text/ic0-ciw/target-3.txt
fc0e4aa46859f49c3c8e914b95243b279bbd2a0e7737f6535d8947b769153a2f	15213	ic0/trials/producer-v2/project/target/classes/com/m3/rewrite/backport/jdk21-hash-pinned-text/ic0-ciw/target-4.txt
9ff6c0ec93be56758814de6a2464e063ff49fd821eaa497ecd8b974ac235821b	169	ic0/trials/producer-v2/project/target/classes/com/m3/rewrite/backport/jdk21-hash-pinned-text/ic0-cmp/manifest.tsv
cf6a75806908fee920ecbf7bbe548182f1d9db179e9cc554e36739b1c45a6e6c	423495	ic0/trials/producer-v2/project/target/classes/com/m3/rewrite/backport/jdk21-hash-pinned-text/ic0-cmp/target-1.txt
f6ae4f6ec95f8a238bf65313858d242f5b32c495bba2091d1b3ea9a964919974	231	ic0/trials/producer-v2/project/target/classes/com/m3/rewrite/backport/jdk21-hash-pinned-text/ic0-cor/manifest.tsv
dde797e49266f4d89ec271cb705f238a72d26e95e5e5865c6b608d924fde9d0d	18329	ic0/trials/producer-v2/project/target/classes/com/m3/rewrite/backport/jdk21-hash-pinned-text/ic0-cor/target-1.txt
d8ba52bee5619c7f5dc95fadbb84217436e2e337d2c1f8c08a82e4a7da977925	211	ic0/trials/producer-v2/project/target/classes/com/m3/rewrite/backport/jdk21-hash-pinned-text/ic0-cri/manifest.tsv
2940fa6f37604db870c625d5d4745b1b8e3c615db172d91b5815d5668beaa057	684	ic0/trials/producer-v2/project/target/classes/com/m3/rewrite/backport/jdk21-hash-pinned-text/ic0-cri/target-1.txt
64415c0ae5a5ba87ed9c830bfbafd2596fc7d2cad32be4638a31128f1c2713be	1627	ic0/trials/producer-v2/project/target/classes/com/m3/rewrite/backport/jdk21-hash-pinned-text/ic0-dgc/manifest.tsv
59a09aaec010cade4f24d4ef8163e412e63c3a8664d1fef155f7b87a309137ce	6189	ic0/trials/producer-v2/project/target/classes/com/m3/rewrite/backport/jdk21-hash-pinned-text/ic0-dgc/target-1.txt
7741718f54913038f45c4dd552c9891a9d2ada3b3d55189910a54d30954a7120	2377	ic0/trials/producer-v2/project/target/classes/com/m3/rewrite/backport/jdk21-hash-pinned-text/ic0-dgc/target-2.txt
d9abd0532c48169e7e890381bbea022577091d852c366d94ce00c149053efc49	1003	ic0/trials/producer-v2/project/target/classes/com/m3/rewrite/backport/jdk21-hash-pinned-text/ic0-dgc/target-3.txt
885492be4de4d8a12d345c272fc5ecc897150fd823aaedbc4a770c424044b3e3	1575	ic0/trials/producer-v2/project/target/classes/com/m3/rewrite/backport/jdk21-hash-pinned-text/ic0-dgc/target-4.txt
fcece5585c961f7c67bfac9fbc3f6d2bb5cdd9a12bccceaa70c6e384ee540f1d	1695	ic0/trials/producer-v2/project/target/classes/com/m3/rewrite/backport/jdk21-hash-pinned-text/ic0-dgc/target-5.txt
cad129631f107efe062a8850e0c8a6a9bc98875142742d4f3c18dd745b29393d	13835	ic0/trials/producer-v2/project/target/classes/com/m3/rewrite/backport/jdk21-hash-pinned-text/ic0-dgc/target-6.txt
d4470dc68c4259b599ceb67cf403cb127945f9c0f5215ba400399a689efd8c6d	12586	ic0/trials/producer-v2/project/target/classes/com/m3/rewrite/backport/jdk21-hash-pinned-text/ic0-dgc/target-7.txt
3e1e1d16d6cea44d0dfda5557ac7748234886843398571a4c2ac23d5b0b0cf7f	577	ic0/trials/producer-v2/project/target/classes/com/m3/rewrite/backport/jdk21-hash-pinned-text/ic0-fnd/manifest.tsv
b43095e303e839df207d76a8ae94bdbaf6fa3a05d158335566c929ba8357c283	2759	ic0/trials/producer-v2/project/target/classes/com/m3/rewrite/backport/jdk21-hash-pinned-text/ic0-fnd/target-1.txt
7d1c50f1340f811f48e17a64b0674fcf631219f69c7878531602b09310beb198	79534	ic0/trials/producer-v2/project/target/classes/com/m3/rewrite/backport/jdk21-hash-pinned-text/ic0-fnd/target-2.txt
acd49abfe66383ae325ced5adf371716f76eb164749ddb2e19a0dcf5638a4e96	8723	ic0/trials/producer-v2/project/target/classes/com/m3/rewrite/backport/jdk21-hash-pinned-text/ic0-fnd/target-3.txt
924f82ab0df19c7c24a9c208c93880fab36da2c9216572c33b4219d6c0208f64	16970	ic0/trials/producer-v2/project/target/classes/com/m3/rewrite/backport/jdk21-hash-pinned-text/ic0-fnd/target-4.txt
b7ae7304902b40ce7dd730cadd434077d1afa1852579aa18a457e85d13bd0773	1753	ic0/trials/producer-v2/project/target/classes/com/m3/rewrite/backport/jdk21-hash-pinned-text/ic0-gpc/manifest.tsv
107e583af7e846ea83774cc681e649e52fa6edef571165dcd717200cd720898f	24060	ic0/trials/producer-v2/project/target/classes/com/m3/rewrite/backport/jdk21-hash-pinned-text/ic0-gpc/target-1.txt
c63219a36e3898c8c5bd14886582bacc675099a4bdaa08964bac6ae724a608f9	31435	ic0/trials/producer-v2/project/target/classes/com/m3/rewrite/backport/jdk21-hash-pinned-text/ic0-gpc/target-2.txt
211a5ffd20dd3c4a640d0739c41b071cfbf103dbb26069ab07c6dbf037e4d3a9	14856	ic0/trials/producer-v2/project/target/classes/com/m3/rewrite/backport/jdk21-hash-pinned-text/ic0-gpc/target-3.txt
d5671e86b1a958fa91a6819d49dd72dd62365b865b1605e4a83e0f8491ea7a5a	2598	ic0/trials/producer-v2/project/target/classes/com/m3/rewrite/backport/jdk21-hash-pinned-text/ic0-gpc/target-4.txt
107e583af7e846ea83774cc681e649e52fa6edef571165dcd717200cd720898f	24060	ic0/trials/producer-v2/project/target/classes/com/m3/rewrite/backport/jdk21-hash-pinned-text/ic0-gpc/target-5.txt
c63219a36e3898c8c5bd14886582bacc675099a4bdaa08964bac6ae724a608f9	31435	ic0/trials/producer-v2/project/target/classes/com/m3/rewrite/backport/jdk21-hash-pinned-text/ic0-gpc/target-6.txt
211a5ffd20dd3c4a640d0739c41b071cfbf103dbb26069ab07c6dbf037e4d3a9	14856	ic0/trials/producer-v2/project/target/classes/com/m3/rewrite/backport/jdk21-hash-pinned-text/ic0-gpc/target-7.txt
6449b223baded59c01d47c2a17fe1984aaf00d8427ccc7b96d54ec1aac1a119a	1025	ic0/trials/producer-v2/project/target/classes/com/m3/rewrite/backport/jdk21-hash-pinned-text/ic0-hct/manifest.tsv
4114b546749888ec5e6065ea6087d39ea63bafb6ce5881e2239eafaade3b7787	56771	ic0/trials/producer-v2/project/target/classes/com/m3/rewrite/backport/jdk21-hash-pinned-text/ic0-hct/target-1.txt
fde72eb9f2b682f50004defbc70e6d886a3f646abb0d89c0aec5de8ab0dbd30d	13634	ic0/trials/producer-v2/project/target/classes/com/m3/rewrite/backport/jdk21-hash-pinned-text/ic0-hct/target-2.txt
e4ea964db1a6f9527122ff0dad1c969a43dc50a0f80c771c86b70bcd6da6dcaf	2875	ic0/trials/producer-v2/project/target/classes/com/m3/rewrite/backport/jdk21-hash-pinned-text/ic0-hct/target-3.txt
8034d77f1124584888dce10760bd2f5dae55eeb93497f7a0db1d09a3a197ec5f	2873	ic0/trials/producer-v2/project/target/classes/com/m3/rewrite/backport/jdk21-hash-pinned-text/ic0-hct/target-4.txt
8544be570c2656c5fa641ae34fc01eaea420bbb420f6d80ce5f95253504e9888	3383	ic0/trials/producer-v2/project/target/classes/com/m3/rewrite/backport/jdk21-hash-pinned-text/ic0-hct/target-5.txt
a0d3fc7e68265cf11593a08647eaf6dfe3f2e38aa5199365eecea21b2624ce51	522	ic0/trials/producer-v2/project/target/classes/com/m3/rewrite/backport/jdk21-hash-pinned-text/ic0-hts/manifest.tsv
765f001aa41f95c1dfd9994ba64101526ce0324ede896228803133ec9313b9e9	77751	ic0/trials/producer-v2/project/target/classes/com/m3/rewrite/backport/jdk21-hash-pinned-text/ic0-hts/target-1.txt
cfe8e8930916ef96c7d23dd9d0942f082c5eb1d6cf4b2a2f6e9f3d69d8fa3e41	3341	ic0/trials/producer-v2/project/target/classes/com/m3/rewrite/backport/jdk21-hash-pinned-text/ic0-hts/target-2.txt
9d79d07bb31ded0e5ec9eebef1095ae25be8f20c55f9e72aee4ba64852790594	16119	ic0/trials/producer-v2/project/target/classes/com/m3/rewrite/backport/jdk21-hash-pinned-text/ic0-hts/target-3.txt
30a838a363fb05f9c1caf48fd36c0a67de0767708e4b198b77af37ee0c41eb63	7629	ic0/trials/producer-v2/project/target/classes/com/m3/rewrite/backport/jdk21-hash-pinned-text/ic0-hts/target-4.txt
caa68576a994442ea21cbef99a730932a461816fc843dbb86e4220f7b361f098	126	ic0/trials/producer-v2/project/target/classes/com/m3/rewrite/backport/jdk21-hash-pinned-text/ic0-ipr/manifest.tsv
50bfc9b138e5029767d44c39c1fbc7b589a0d2563701398d958d60e1868d21dc	10052	ic0/trials/producer-v2/project/target/classes/com/m3/rewrite/backport/jdk21-hash-pinned-text/ic0-ipr/target-1.txt
c53a4f1aaa6a37b8367225331072bf81ed39444b4ee272d2628ca6981fb49d34	666	ic0/trials/producer-v2/project/target/classes/com/m3/rewrite/backport/jdk21-hash-pinned-text/ic0-jgr/manifest.tsv
bbb1e7384c0f600dd8e3c4ee89e838961fe692e3e5e4963be17d4485ee9bafa6	32695	ic0/trials/producer-v2/project/target/classes/com/m3/rewrite/backport/jdk21-hash-pinned-text/ic0-jgr/target-1.txt
7f3babb54445a1bb662d9ac50ded06efe38e8a502a0f2b3445e81a5ef2536ec4	1214	ic0/trials/producer-v2/project/target/classes/com/m3/rewrite/backport/jdk21-hash-pinned-text/ic0-jgr/target-2.txt
a7954b1a16905829d5daa4372faceabc707b1ca2820bdf8ddc40457a29f4f37e	1012	ic0/trials/producer-v2/project/target/classes/com/m3/rewrite/backport/jdk21-hash-pinned-text/ic0-jgr/target-3.txt
1109f2c7f0637ea606d9275d45a644c7e6dfcd85d776281bfd87f1c27d2f1dd3	43840	ic0/trials/producer-v2/project/target/classes/com/m3/rewrite/backport/jdk21-hash-pinned-text/ic0-jgr/target-4.txt
b18df1233ea0fa070f4ca05bd47dc2bf24f25a30a754011293a922c7bba254dd	759	ic0/trials/producer-v2/project/target/classes/com/m3/rewrite/backport/jdk21-hash-pinned-text/ic0-jma/manifest.tsv
9ade92d7dbd17f113a0a29b712fcf12ec231020a585e6cebd79b291830b01a6e	12048	ic0/trials/producer-v2/project/target/classes/com/m3/rewrite/backport/jdk21-hash-pinned-text/ic0-jma/target-1.txt
28db2dae8e9f8de51237bef0cb945ef70439b66a9b8f484e5e1503202a3836d6	11182	ic0/trials/producer-v2/project/target/classes/com/m3/rewrite/backport/jdk21-hash-pinned-text/ic0-jma/target-2.txt
06c9e0780afc2ac325c4d826dd0404885ebe2cc7f3804fc1e6b49e011fcf0388	442	ic0/trials/producer-v2/project/target/classes/com/m3/rewrite/backport/jdk21-hash-pinned-text/ic0-jma/target-3.txt
6370e7b8a83d1424592acfaa9e4864a26f48b9979fed3cb0d132f0f4ac02236a	3786	ic0/trials/producer-v2/project/target/classes/com/m3/rewrite/backport/jdk21-hash-pinned-text/ic0-jma/target-4.txt
eca5ed510e5d6dcac6911cf4cf0cb95d6e016ebf197475d68d3f8cce6e3face1	9798	ic0/trials/producer-v2/project/target/classes/com/m3/rewrite/backport/jdk21-hash-pinned-text/ic0-jma/target-5.txt
207aa8d6e307c4c3cc8ff492700096c9231bbfcd19ac737b074587b7d453ba60	558	ic0/trials/producer-v2/project/target/classes/com/m3/rewrite/backport/jdk21-hash-pinned-text/ic0-jop/manifest.tsv
d6aa41d308be5fe9e615e25f89f95e3fdc4f9e790326ea8d6bc39641c39ef07b	12801	ic0/trials/producer-v2/project/target/classes/com/m3/rewrite/backport/jdk21-hash-pinned-text/ic0-jop/target-1.txt
300e894ccf38292db599a961b209459c4fcdb576b2124b0b77d8e8e6080b9261	143	ic0/trials/producer-v2/project/target/classes/com/m3/rewrite/backport/jdk21-hash-pinned-text/ic0-jop/target-2.txt
4fb1e9d7e6b77693c35a65fbd26a4e117c39c6367c4839eb5956aa9de01e006d	6551	ic0/trials/producer-v2/project/target/classes/com/m3/rewrite/backport/jdk21-hash-pinned-text/ic0-jop/target-3.txt
097dd1b794593570fdf3eb51b00a9be4c6a83a274fd6ef97c350251d20065fbc	4339	ic0/trials/producer-v2/project/target/classes/com/m3/rewrite/backport/jdk21-hash-pinned-text/ic0-jop/target-4.txt
0f6ec78d70e31050ed4e481eb133b1438e378206ea9138c0b0b8c00e161c5d9e	365	ic0/trials/producer-v2/project/target/classes/com/m3/rewrite/backport/jdk21-hash-pinned-text/ic0-nul/manifest.tsv
61a4555f7f97571bba36b2fd6cad63bc0ca5e8ba496f813f85569bf927c5a5db	5296	ic0/trials/producer-v2/project/target/classes/com/m3/rewrite/backport/jdk21-hash-pinned-text/ic0-nul/target-1.txt
45f7cfac63f7d553ff80bd8448dcfea994c9c43af9cff6afe0af5fd326243a04	10267	ic0/trials/producer-v2/project/target/classes/com/m3/rewrite/backport/jdk21-hash-pinned-text/ic0-nul/target-2.txt
775cb5f335659c16a0d8f8c06785552490b7365966317ce3a737f971808ade11	570	ic0/trials/producer-v2/project/target/classes/com/m3/rewrite/backport/jdk21-hash-pinned-text/ic0-pcd/manifest.tsv
c7713ff2601f86aea82edab25d17791342d12737865dd3ee15bd99fd3031fc1f	43759	ic0/trials/producer-v2/project/target/classes/com/m3/rewrite/backport/jdk21-hash-pinned-text/ic0-pcd/target-1.txt
3d3ea39ea6f41aa5fae83b5229fa524019434110576396ee11a6eb20e0a7afff	552	ic0/trials/producer-v2/project/target/classes/com/m3/rewrite/backport/jdk21-hash-pinned-text/ic0-pcd/target-2.txt
a68b03733006a278854dedccc9cf4a9b238c43e92d501ab601ce137dfbd2b4ef	7488	ic0/trials/producer-v2/project/target/classes/com/m3/rewrite/backport/jdk21-hash-pinned-text/ic0-pcd/target-3.txt
7bbea48d108f758adf8f7da038f51273c5d0191f213d920a22414c452ae2fc56	449	ic0/trials/producer-v2/project/target/classes/com/m3/rewrite/backport/jdk21-hash-pinned-text/ic0-pcd/target-4.txt
b1728a56c6675ff9167e0183b6f371cccb2b53117875a327bd2b83dc2f9adf41	919	ic0/trials/producer-v2/project/target/classes/com/m3/rewrite/backport/jdk21-hash-pinned-text/ic0-pco/manifest.tsv
bb60ed0722b7f67a9413afd1ffa255230690f27a1b003b9eaf2df93a1b8bde48	8155	ic0/trials/producer-v2/project/target/classes/com/m3/rewrite/backport/jdk21-hash-pinned-text/ic0-pco/target-1.txt
1d6900f115f54508dca1e1f3e925fa1903c32d71f97a87dfc7c1494c60856a52	12182	ic0/trials/producer-v2/project/target/classes/com/m3/rewrite/backport/jdk21-hash-pinned-text/ic0-pco/target-2.txt
8f3a18434d35e540de9a16df022fff3596963c1c2f021ee6e16b7e24e7ca3e53	3138	ic0/trials/producer-v2/project/target/classes/com/m3/rewrite/backport/jdk21-hash-pinned-text/ic0-pco/target-3.txt
d24ade8a8ddbb22eb78621c99f458f8d96807b74be12294c3e7ce7f9f95764c8	5167	ic0/trials/producer-v2/project/target/classes/com/m3/rewrite/backport/jdk21-hash-pinned-text/ic0-pco/target-4.txt
18462864241391a44566764ad4307fbc46894b988a2569dcf820e940961ab225	51135	ic0/trials/producer-v2/project/target/classes/com/m3/rewrite/backport/jdk21-hash-pinned-text/ic0-pco/target-5.txt
9237f618a6d583c113755fc8ceb315fcc5a20af0fe545219494e1a0ddc17508f	568	ic0/trials/producer-v2/project/target/classes/com/m3/rewrite/backport/jdk21-hash-pinned-text/ic0-pcw/manifest.tsv
41a7d50712da9374dc679bd09116ed1f6108c25a48d00e25d9b268d25453d3e7	7812	ic0/trials/producer-v2/project/target/classes/com/m3/rewrite/backport/jdk21-hash-pinned-text/ic0-pcw/target-1.txt
8bc3ad1490f26e622dc5c226bb5545a4bbfd3e8186e3923cfa2c8adc72a41605	6029	ic0/trials/producer-v2/project/target/classes/com/m3/rewrite/backport/jdk21-hash-pinned-text/ic0-pcw/target-2.txt
9f09f5058b1e9aed653efb67b6f4f5fe3bcaa05681f1a232dd95576562aa5c19	4321	ic0/trials/producer-v2/project/target/classes/com/m3/rewrite/backport/jdk21-hash-pinned-text/ic0-pcw/target-3.txt
28e9142f03ee9948b10b370daf2001941c8c1371d33ec3985ac8f70fe84679a2	1089	ic0/trials/producer-v2/project/target/classes/com/m3/rewrite/backport/jdk21-hash-pinned-text/ic0-scp/manifest.tsv
50f5dda3d0a585720003801c1945516ce8b19ea033d5f6738517083bc4982cd5	4259	ic0/trials/producer-v2/project/target/classes/com/m3/rewrite/backport/jdk21-hash-pinned-text/ic0-scp/target-1.txt
5ee44459bd8725b89e92ad8cd0c7572954f7655331d8b7f7dc92a8b59b09cb6e	8906	ic0/trials/producer-v2/project/target/classes/com/m3/rewrite/backport/jdk21-hash-pinned-text/ic0-scp/target-2.txt
0f79229a093fc3a53158401bb29a627e71f2774292b4d727e6c0911b9f2a47c9	934	ic0/trials/producer-v2/project/target/classes/com/m3/rewrite/backport/jdk21-hash-pinned-text/ic0-scp/target-3.txt
372922e185ceb9a2694ae1161b1162603b47e9932edfc2e6aa6bb50f3c05da3c	11146	ic0/trials/producer-v2/project/target/classes/com/m3/rewrite/backport/jdk21-hash-pinned-text/ic0-scp/target-4.txt
eb68a09f9c154f801830e1f40688be5c7d0af9d3fab286ed105de57b2994fb52	793	ic0/trials/producer-v2/project/target/classes/com/m3/rewrite/backport/jdk21-hash-pinned-text/ic0-sdc/manifest.tsv
518f9f7dbdebf450973cba859525d509c3c79fce6b51c6f4cbbf563e2f5651fa	76036	ic0/trials/producer-v2/project/target/classes/com/m3/rewrite/backport/jdk21-hash-pinned-text/ic0-sdc/target-1.txt
0285ce4946d66bea00e0b5d4bd52e863e5d60f84bb71171a26bdbd4c61da0bd9	3300	ic0/trials/producer-v2/project/target/classes/com/m3/rewrite/backport/jdk21-hash-pinned-text/ic0-sdc/target-2.txt
36a55432074cf8c2c6e6e8463c1c4cd7751edea16b99d28a69001a511a995705	76253	ic0/trials/producer-v2/project/target/classes/com/m3/rewrite/backport/jdk21-hash-pinned-text/ic0-sdc/target-3.txt
e1105ca7999363ff4a889217955a53cff8caecbd054b9f099a0bbe57fa3e935e	1489	ic0/trials/producer-v2/project/target/classes/composition-orders.json
ca8176f2a2a2617c0fb76c86c48ca152a28396381b1266f3ce0c84e7b65caba5	71439	ic0/trials/producer-v2/project/target/classes/qualification.json
c3fcabfc81b94d9c545c1fa8c2880716e29a7c191d6b62f18088488ad60aaa9d	351	ic0/trials/producer-v2/project/target/maven-status/maven-compiler-plugin/compile/default-compile/createdFiles.lst
a6b69e1ab344f13b3f70c431a78b571ff9136266857c9a21efae148cf33b9d95	205	ic0/trials/producer-v2/project/target/maven-status/maven-compiler-plugin/compile/default-compile/inputFiles.lst
4b20affe2838985c8c62d66d33b2b33c602073265032375b687a045d453a51ed	293	ic0/trials/producer-v2/project/target/maven-status/maven-compiler-plugin/testCompile/default-testCompile/createdFiles.lst
3861f927f9fdb917b26ac20ef1380f3b6bb9b8f724824bc8df507ab44fdd7619	175	ic0/trials/producer-v2/project/target/maven-status/maven-compiler-plugin/testCompile/default-testCompile/inputFiles.lst
59bfc09c29e806e4973571bb11c5ff7860f76ebc2e89a8031d7aa6580f52383d	24334	ic0/trials/producer-v2/project/target/surefire-reports/TEST-com.synexia.rewrite.Ic0RecipeTest.xml
41e19a2c07196f344a18461b0f579180e1860006d12481347065a33b9b5ec3e4	317	ic0/trials/producer-v2/project/target/surefire-reports/com.synexia.rewrite.Ic0RecipeTest.txt
b408f0b8d0e4d6e197230e3cb1469d14e0d52aecd33ac55c71f11d513d6e23ec	10881	ic0/trials/producer-v2/project/target/test-classes/before/.github/workflows/m3-a3.yml
4c02fcf3b12116aaa186035a8ff3c50b94df899f776d51630e1bfcfd30ce4a2c	4153	ic0/trials/producer-v2/project/target/test-classes/before/.github/workflows/m3-class-ver.yml
2a81b9ebfa5d477977dba4632a0e7c89f2ebb89606eb46491197536335d63fee	2205	ic0/trials/producer-v2/project/target/test-classes/before/.github/workflows/m3-foundation.yml
68e17df8b27fee9c208475d3b7f63c01c7eaf247752417e4c7d8ce2fece056ab	15148	ic0/trials/producer-v2/project/target/test-classes/before/.github/workflows/m3-jdk21-backports.yml
54bf165d838d2f7505ecf6df125fb3eab4186b065fd0d6d025ba3e771326aca7	6120	ic0/trials/producer-v2/project/target/test-classes/before/.github/workflows/m3-jep458-current-master.yml
88831a9aa214b517713bbfc9a84ea7e5187f12498b592b64d1c240344a1fd8c3	7793	ic0/trials/producer-v2/project/target/test-classes/before/.github/workflows/m3-jep467-markdown-inventory.yml
9a2c236d62db2ed121d9ac563f15a6edd6b56dcf8549aca0bb2a9bd63f80db29	6654	ic0/trials/producer-v2/project/target/test-classes/before/.github/workflows/m3-jep493-runtime-image-inventory.yml
3fbe65ee5d3130858d114b0637207585e0cb20c2b5008def8c3dc6607f042d41	4692	ic0/trials/producer-v2/project/target/test-classes/before/m3/backports/compatibility_policy.py
2f075d95ce7c2fdbb2742b92a1c1098864f06d073c56046dc02f02adc5687dec	14827	ic0/trials/producer-v2/project/target/test-classes/before/m3/backports/generate_recipe_crates.py
57411d582b20b949cb95859318b0ef4e99a79c7947163ffe1787cafaba7cf0d4	2934	ic0/trials/producer-v2/project/target/test-classes/before/m3/backports/recipes/jep-485-gatherers/README.md
8c928979dcdf7bf7e4ec8b5bc6b339d7344c75a8213f101ec4ad58a659775811	337	ic0/trials/producer-v2/project/target/test-classes/before/m3/backports/recipes/jep-485-gatherers/atom-evidence.tsv
7149ec13e4fc5f2b642fe41a719cec1a17cb51d77b7de291055efd75b48d2af2	610	ic0/trials/producer-v2/project/target/test-classes/before/m3/backports/recipes/jep-493-runtime-image/CURRENT_TREE_RECEIPT.tsv
9ae80ad2e94552d552ab8eb125ea9b0d435e749f5ef6e0f140130a76cf6a4fe9	2472	ic0/trials/producer-v2/project/target/test-classes/before/m3/backports/recipes/jep-493-runtime-image/README.md
10d8d11da8b4dd6772875cb3ba5c1f2c0732e307cdd5c983a96811b9c9f5180d	6038	ic0/trials/producer-v2/project/target/test-classes/before/m3/backports/test_compatibility_policy.py
ab6433b0a1d50c358d65d0aad9ed2b7bbc7b8be1ca10b0302e53fefac0d7a5d8	17732	ic0/trials/producer-v2/project/target/test-classes/before/m3/backports/test_generate_recipe_crates.py
d9d39747f40bb5eff6ba8639e1e5d0554f0223cc94c09443fe1b2054aac9c3d6	5171	ic0/trials/producer-v2/project/target/test-classes/before/m3/docs/a3-lab.md
01a428a662ffbdbd22dcd39d1fea7b69084ce34cada0bb5582b8c3686615750d	3974	ic0/trials/producer-v2/project/target/test-classes/before/m3/docs/a3-mastery.md
9c5177ee233ee5335131c9106b7a6faa0041b1cd09e9385e36909d8c6365cf87	8267	ic0/trials/producer-v2/project/target/test-classes/before/m3/docs/a3.md
335045274ea3ae01d576290b56704ec3409ef1bd27c8c220348815c5bbb711da	280877	ic0/trials/producer-v2/project/target/test-classes/before/m3/docs/name-mapping.json
fd54e5fade1fc3050816265f2317967dd4176e7bb5e0bc55e6f620878026e88e	23333	ic0/trials/producer-v2/project/target/test-classes/before/m3/migration/migration.py
3cfe511098ff3b6caafb1f1e04f94b448e02e25f160fe98427531fc8c77a1555	11255	ic0/trials/producer-v2/project/target/test-classes/before/m3/migration/test/test_jcc_handoff_packet.py
27308b049acc122f62f9cb9a9a679a94640952c423b04495c0ef5b9a2c824ec1	3633	ic0/trials/producer-v2/project/target/test-classes/before/m3/tooling/a3/pom.xml
6d9ec887c87898167748ca5f77598f95a6784cfaf14882f4983733c006374b77	5127	ic0/trials/producer-v2/project/target/test-classes/before/m3/tooling/a3/src/main/java/com/m3/a3/A3.java
d88f347f77069dc1e2e6a3871c68c55e76f885f324801957d041f9ecc31ec6f4	9492	ic0/trials/producer-v2/project/target/test-classes/before/m3/tooling/a3/src/main/java/com/m3/a3/A3Alg.java
677324e1566d482eb5b4470ec1a63d3493bb2a75fc77ea0edb61ba364906c298	7782	ic0/trials/producer-v2/project/target/test-classes/before/m3/tooling/a3/src/main/java/com/m3/a3/A3Cases.java
c212736f000836cb782a5ff81fd2de48e67d36ea4b3bd53cf7743c4aadbfdaf6	16196	ic0/trials/producer-v2/project/target/test-classes/before/m3/tooling/a3/src/main/java/com/m3/a3/A3Lab.java
9171b0ada1d7845b63d7a586d99ef97a6fa6eccbfd84204c47a6a01c8b3e4697	6442	ic0/trials/producer-v2/project/target/test-classes/before/m3/tooling/a3/src/main/java/com/m3/a3/A3MemoryCompiler.java
f000b1eea411056baaca6051b220149f25334bc70bf69b4f0536839c6c78e404	7514	ic0/trials/producer-v2/project/target/test-classes/before/m3/tooling/a3/src/main/java/com/m3/a3/A3RegexMatrix.java
351eeac06154189e79f3d139336437d5911da5721c9a95a779ebd5d511997d9c	6117	ic0/trials/producer-v2/project/target/test-classes/before/m3/tooling/a3/src/test/java/com/m3/a3/A3LabTest.java
d684f2c95622c32683dbdce162d2f49101c7431bfbba1927a34182dcecadc77f	4462	ic0/trials/producer-v2/project/target/test-classes/before/m3/tooling/a3/src/test/java/com/m3/a3/A3PlanTest.java
9490dd9263e9793c6601bba2429860283865ff2c72092e1b55fff95136c01737	4026	ic0/trials/producer-v2/project/target/test-classes/before/m3/tooling/backport-dag/pom.xml
f475463faf184a0a310ab9295b6604be5795076295e46d4b6a78784613dce55e	4312	ic0/trials/producer-v2/project/target/test-classes/before/m3/tooling/backport-dag/src/main/java/com/m3/tooling/dag/M3PacketDagComposer.java
def017e6b6bd2395f64b39bb4ea3258efd53526455cc0d9485d5a15356be2a2e	6285	ic0/trials/producer-v2/project/target/test-classes/before/m3/tooling/backport-dag/src/main/java/com/m3/tooling/dag/M3RecipeDag.java
374c135a72e85bdcad84be5e9bbd696c763f06f33816e56e28f4a4d620e1aee9	1726	ic0/trials/producer-v2/project/target/test-classes/before/m3/tooling/backport-dag/src/main/resources/com/m3/tooling/dag/adapters/airflow/m3_backport_dag.py
b81e897b0c34961102aeb98920a1f5fcfa95b6f3b41fdf9c4f8208e78e8796d8	793	ic0/trials/producer-v2/project/target/test-classes/before/m3/tooling/backport-dag/src/main/resources/com/m3/tooling/dag/adapters/camel/m3-backport-route.yaml
922700cc7f1acf943e3f07b7c29d44f07c1b9bfab7e876f4e02d2ea408abb393	1575	ic0/trials/producer-v2/project/target/test-classes/before/m3/tooling/backport-dag/src/main/resources/com/m3/tooling/dag/adapters/drools/m3-backport-admission.drl
76c3eafb6c52fe5918023a19dadf1ac98076d0f50332688c56303154871ce423	968	ic0/trials/producer-v2/project/target/test-classes/before/m3/tooling/backport-dag/src/test/java/com/m3/tooling/dag/M3BackportDagLoaderTest.java
451b4cde41c505a19641dc17649ca0b22b2e82d13685d042e4f29f9af9a8e094	9046	ic0/trials/producer-v2/project/target/test-classes/before/m3/tooling/backport-dag/src/test/java/com/m3/tooling/dag/M3PacketDagComposerTest.java
8fe0d897419c2e91dc3fcc7958e0c55c5bdea7b4ee4f48efc57a759b8e34960f	8603	ic0/trials/producer-v2/project/target/test-classes/before/m3/tooling/backport-dag/src/test/java/com/m3/tooling/dag/M3RecipeDagTest.java
8544be570c2656c5fa641ae34fc01eaea420bbb420f6d80ce5f95253504e9888	3383	ic0/trials/producer-v2/project/target/test-classes/before/m3/tooling/migration-recipes/pom.xml
280d7c08e9da9f618f4596516420a5c6c2de8f32fa1b52ff354853f3b0fb7c2b	2338	ic0/trials/producer-v2/project/target/test-classes/before/m3/tooling/migration-recipes/src/main/java/com/m3/rewrite/a3/M3A3AlgorithmCatalogueManifest.java
b5cefece21725e012ed7643ecf4f6fe505da9fa408a02f6f48de38773e94cad0	2030	ic0/trials/producer-v2/project/target/test-classes/before/m3/tooling/migration-recipes/src/main/java/com/m3/rewrite/backport/M3Jep485StreamGatherersBackportRecipe.java
2da4485ca78b289462e6142e61e247e2142111693d08fb590ff64256193dda75	342	ic0/trials/producer-v2/project/target/test-classes/before/m3/tooling/migration-recipes/src/main/resources/META-INF/rewrite/m3-jep485-stream-gatherers.yml
d88f347f77069dc1e2e6a3871c68c55e76f885f324801957d041f9ecc31ec6f4	9492	ic0/trials/producer-v2/project/target/test-classes/before/m3/tooling/migration-recipes/src/main/resources/com/m3/rewrite/a3-algorithm-catalogue/after/A3Alg.java
d684f2c95622c32683dbdce162d2f49101c7431bfbba1927a34182dcecadc77f	4462	ic0/trials/producer-v2/project/target/test-classes/before/m3/tooling/migration-recipes/src/main/resources/com/m3/rewrite/a3-algorithm-catalogue/after/A3PlanTest.java
b1295f69831c23efd596f2ed9f65e2b07d20371fae4c0111c0b35fdd3bc4cd51	76037	ic0/trials/producer-v2/project/target/test-classes/before/m3/tooling/migration-recipes/src/main/resources/com/m3/rewrite/backport/jdk21-hash-pinned/jdk22-m3-string-history-convergence/16-AbstractStringBuilder.java.txt
2b724a9f9cf9fce382c34f4b5872312bfb4c30791decf8c093bd2dfb9fc0d400	3300	ic0/trials/producer-v2/project/target/test-classes/before/m3/tooling/migration-recipes/src/main/resources/com/m3/rewrite/backport/jdk21-hash-pinned/jdk22-m3-string-history-convergence/manifest.tsv
9ba3245512f18e3d921b6a8d013cea05a70b5a84c473b34dbd574ba55a1978d4	4112	ic0/trials/producer-v2/project/target/test-classes/before/m3/tooling/migration-recipes/src/main/resources/com/m3/rewrite/backport/jdk21-hash-pinned/jdk22-recipe-closure/02-M3RecipeScopeRegistry.java.txt
cf1c56ebf8fc2df3778cd56e34240da7c3ba722cb2949e8957b81157abf8b9ba	8378	ic0/trials/producer-v2/project/target/test-classes/before/m3/tooling/migration-recipes/src/main/resources/com/m3/rewrite/backport/jdk21-hash-pinned/jdk22-recipe-closure/03-M3RecipeScopeDeclarationTest.java.txt
d80a5af11629b89cb2e69d3a119becb7606fb029e8e121d47d684ca755435182	934	ic0/trials/producer-v2/project/target/test-classes/before/m3/tooling/migration-recipes/src/main/resources/com/m3/rewrite/backport/jdk21-hash-pinned/jdk22-recipe-closure/manifest.tsv
808d8dec8da41e93dbe938081c36750a6d36c96a4b2dcd90d2558a7b5d0ebd47	24085	ic0/trials/producer-v2/project/target/test-classes/before/m3/tooling/migration-recipes/src/main/resources/com/m3/rewrite/backport/jdk21-hash-pinned/jdk24-jep485-stream-gatherers/01-Gatherer.java.txt
6115dd7015fe6680ef597a7cc3ec5b0c06eccc7259aa5bd4899454b5af624f1d	31455	ic0/trials/producer-v2/project/target/test-classes/before/m3/tooling/migration-recipes/src/main/resources/com/m3/rewrite/backport/jdk21-hash-pinned/jdk24-jep485-stream-gatherers/03-Gatherers.java.txt
eb1bd5ac55a99540b1516656041310ecf56c1a8dd20a8eb1fd599318b5647cf2	14652	ic0/trials/producer-v2/project/target/test-classes/before/m3/tooling/migration-recipes/src/main/resources/com/m3/rewrite/backport/jdk21-hash-pinned/jdk24-jep485-stream-gatherers/11-GatherersMapConcurrentTest.java.txt
3172ca1814ce01a40091d05f691ee044dfa72c1b4f24b10514fe491fc6d6e66c	2598	ic0/trials/producer-v2/project/target/test-classes/before/m3/tooling/migration-recipes/src/main/resources/com/m3/rewrite/backport/jdk21-hash-pinned/jdk24-jep485-stream-gatherers/manifest.tsv
677324e1566d482eb5b4470ec1a63d3493bb2a75fc77ea0edb61ba364906c298	7782	ic0/trials/producer-v2/project/target/test-classes/before/m3/tooling/migration-recipes/src/main/resources/com/synexia/rewrite/hash-pinned-java/a3-mastery-lab/A3Cases.java.after
b901f0b1aae122711792a66dc9750b9ba4608d59613641e74f378218757cbb4d	734	ic0/trials/producer-v2/project/target/test-classes/before/m3/tooling/migration-recipes/src/main/resources/com/synexia/rewrite/hash-pinned-java/a3-mastery-lab/manifest.tsv
9171b0ada1d7845b63d7a586d99ef97a6fa6eccbfd84204c47a6a01c8b3e4697	6442	ic0/trials/producer-v2/project/target/test-classes/before/m3/tooling/migration-recipes/src/main/resources/com/synexia/rewrite/hash-pinned-java/a3-regex-memory-lab/A3MemoryCompiler.java.after
f000b1eea411056baaca6051b220149f25334bc70bf69b4f0536839c6c78e404	7514	ic0/trials/producer-v2/project/target/test-classes/before/m3/tooling/migration-recipes/src/main/resources/com/synexia/rewrite/hash-pinned-java/a3-regex-memory-lab/A3RegexMatrix.java.after
b2febbb17ed96ae6f582eee2e16af3fc5e435c23e350708f56397bee9ac38ab5	658	ic0/trials/producer-v2/project/target/test-classes/before/m3/tooling/migration-recipes/src/main/resources/com/synexia/rewrite/hash-pinned-java/a3-regex-memory-lab/manifest.tsv
58d01008f3dc6e79d988e855d76ba90eb0a13d39a76e7eb4027d75442389ec94	5379	ic0/trials/producer-v2/project/target/test-classes/before/m3/tooling/migration-recipes/src/test/java/com/m3/rewrite/M3A3RegexMemoryLabDeliveryRecipeTest.java
69882638771a411cf0866f789a7b3ef7e7e7040cde38a1c40ef4a743d37168e2	4974	ic0/trials/producer-v2/project/target/test-classes/before/m3/tooling/migration-recipes/src/test/java/com/m3/rewrite/M3A3RegexMemoryWorkflowRecipeTest.java
9a7f6440ce4d4a738d5cfe916a7fff98511464887293caba2a498bd75264ee92	7839	ic0/trials/producer-v2/project/target/test-classes/before/m3/tooling/migration-recipes/src/test/java/com/m3/rewrite/backport/M3Jep485StreamGatherersBackportRecipeTest.java
3a57bda49c218895a2be9f5053671d435840abd4c4079f4a1e5eed89becf0813	11065	ic0/trials/producer-v2/project/target/test-classes/before/m3/tooling/migration-recipes/src/test/java/com/m3/rewrite/scope/M3ScopeCoverageClosureTest.java
38ed8c01c6982fa4a52ea155c2e9652dfe45f317d8ae994c17fba01c7309fbda	18328	ic0/trials/producer-v2/project/target/test-classes/before/m3/tooling/migration-recipes/src/test/resources/com/m3/rewrite/atom/spectrum/CORPUS.tsv
bfee3b40a52cc27a3848f273dd7917e8126a08dcb7bc3d8ddb85ec52e479ea69	2261	ic0/trials/producer-v2/project/target/test-classes/before/m3/tooling/recipe-catalogue.tsv
9a502392c96175e025bbd992fd15482ef2cf0ee4a2ca083a293d5fd41e6448ce	76254	ic0/trials/producer-v2/project/target/test-classes/before/src/java.base/share/classes/java/lang/AbstractStringBuilder.java
808d8dec8da41e93dbe938081c36750a6d36c96a4b2dcd90d2558a7b5d0ebd47	24085	ic0/trials/producer-v2/project/target/test-classes/before/src/java.base/share/classes/java/util/stream/Gatherer.java
6115dd7015fe6680ef597a7cc3ec5b0c06eccc7259aa5bd4899454b5af624f1d	31455	ic0/trials/producer-v2/project/target/test-classes/before/src/java.base/share/classes/java/util/stream/Gatherers.java
eb1bd5ac55a99540b1516656041310ecf56c1a8dd20a8eb1fd599318b5647cf2	14652	ic0/trials/producer-v2/project/target/test-classes/before/test/jdk/java/util/stream/GatherersMapConcurrentTest.java
ac2a7c390452a0c628e917987bfd8bb2dcee3ff2e1820da1effdd25852c3675a	7188	ic0/trials/producer-v2/runtime-classpath.txt
3d9b068cb18e826d98464cc8f0a4dc93c063250489c2c8cb33854ee24b97d67c	92030	ic0/trials/producer-v2/runtime.json
df40b2b344a5838df2f1e7559dd24760257a7702a3ce3bf8586ae0e717ac664e	267576	ic0/trials/producer-v2/spec.json
3039c177534ff254493244ca4560adc06ea948d7ee395fb6ee39d084735c8621	123710	ic0/trials/producer-v2/staging.json
06d4923c9b8a9389e3eb6463f028829fd89dca7c6d9b0599ef4239317a8b0c9d	97386	ic0/trials/producer-v2/tool-links.json
19aff6ed39c973f9a1df3d6aceb01b212a874df8389794506b0cb15030faad2a	14262	ic0/trials/producer-v2/tooling.json
89d43693f508c723e431296cc06f611c8de4f94df8eaddea95a2c7742feb0574	33814	package_evidence.py
9171b0ada1d7845b63d7a586d99ef97a6fa6eccbfd84204c47a6a01c8b3e4697	6442	sources/a3-current-restoration-v1/before/m3/tooling/a3/src/main/java/com/m3/a3/A3MemoryCompiler.java
9171b0ada1d7845b63d7a586d99ef97a6fa6eccbfd84204c47a6a01c8b3e4697	6442	sources/a3-current-restoration-v1/before/m3/tooling/migration-recipes/src/main/resources/com/synexia/rewrite/hash-pinned-java/a3-regex-memory-lab/A3MemoryCompiler.java.after
fd54e5fade1fc3050816265f2317967dd4176e7bb5e0bc55e6f620878026e88e	23333	sources/base-refresh-20261006-0235/native/current-host-restoration-v2/before/m3/migration/migration.py
3cfe511098ff3b6caafb1f1e04f94b448e02e25f160fe98427531fc8c77a1555	11255	sources/base-refresh-20261006-0235/native/current-host-restoration-v2/before/m3/migration/test/test_jcc_handoff_packet.py
d88f347f77069dc1e2e6a3871c68c55e76f885f324801957d041f9ecc31ec6f4	9492	sources/base-refresh-20261006-0235/native/current-nine-restoration/before/m3/tooling/a3/src/main/java/com/m3/a3/A3Alg.java
677324e1566d482eb5b4470ec1a63d3493bb2a75fc77ea0edb61ba364906c298	7782	sources/base-refresh-20261006-0235/native/current-nine-restoration/before/m3/tooling/a3/src/main/java/com/m3/a3/A3Cases.java
d684f2c95622c32683dbdce162d2f49101c7431bfbba1927a34182dcecadc77f	4462	sources/base-refresh-20261006-0235/native/current-nine-restoration/before/m3/tooling/a3/src/test/java/com/m3/a3/A3PlanTest.java
280d7c08e9da9f618f4596516420a5c6c2de8f32fa1b52ff354853f3b0fb7c2b	2338	sources/base-refresh-20261006-0235/native/current-nine-restoration/before/m3/tooling/migration-recipes/src/main/java/com/m3/rewrite/a3/M3A3AlgorithmCatalogueManifest.java
d88f347f77069dc1e2e6a3871c68c55e76f885f324801957d041f9ecc31ec6f4	9492	sources/base-refresh-20261006-0235/native/current-nine-restoration/before/m3/tooling/migration-recipes/src/main/resources/com/m3/rewrite/a3-algorithm-catalogue/after/A3Alg.java
d684f2c95622c32683dbdce162d2f49101c7431bfbba1927a34182dcecadc77f	4462	sources/base-refresh-20261006-0235/native/current-nine-restoration/before/m3/tooling/migration-recipes/src/main/resources/com/m3/rewrite/a3-algorithm-catalogue/after/A3PlanTest.java
677324e1566d482eb5b4470ec1a63d3493bb2a75fc77ea0edb61ba364906c298	7782	sources/base-refresh-20261006-0235/native/current-nine-restoration/before/m3/tooling/migration-recipes/src/main/resources/com/synexia/rewrite/hash-pinned-java/a3-mastery-lab/A3Cases.java.after
b901f0b1aae122711792a66dc9750b9ba4608d59613641e74f378218757cbb4d	734	sources/base-refresh-20261006-0235/native/current-nine-restoration/before/m3/tooling/migration-recipes/src/main/resources/com/synexia/rewrite/hash-pinned-java/a3-mastery-lab/manifest.tsv
e295128e282c344d975504c2b1a2ab17b5cf314bab4ccca5bcb35ecd7b4c695c	16533	sources/base-refresh-20261006-0235/source-AGENTS.md
12bb0deb1e9536235a106474865faea7262389dea72150ce6a7cf7e8c65f9c46	2100	sources/base-refresh-20261006-0407/a3-authoring-v1/resources/target-0.txt
87c9ab22a66c6289325e4f612967e5921fc922240cd7cd1b7c5986b506fda390	10108	sources/base-refresh-20261006-0407/a3-authoring-v1/resources/target-12.txt
4153ba0405d19e1b49762ec2c1cdd6c42971e000f0660c674587d8611336ef14	6575	sources/base-refresh-20261006-0407/a3-authoring-v1/resources/target-14.txt
3a17ae820b3962b8b3481e1c96217f593c348643d5cbd5f3a3c6dae218aa9683	506	sources/base-refresh-20261006-0407/a3-authoring-v1/resources/target-19.txt
c29d8a05ff2ff6b7e684c276b070a439c6a3ef145671f26ad6a77a8cf09d4c0a	519	sources/base-refresh-20261006-0407/a3-authoring-v1/resources/target-20.txt
f0f9ce2d1252cc5ab0de210f1f06623227db7b702961c5aecf966ad12b3041e5	564	sources/base-refresh-20261006-0407/a3-authoring-v1/resources/target-21.txt
4ff049c2f7b0e8eb01aa6eb643f7588caea10b1e544653f78f68fe9566e88951	825	sources/base-refresh-20261006-0407/a3-authoring-v1/resources/target-27.txt
d3cce7617f65ba818df045502f41917b5b9bef1c5b3b848ae3bee03ce949ae79	4558	sources/base-refresh-20261006-0407/a3-authoring-v1/resources/target-28.txt
e2224918c07412ab448140f4f842224629c3b4fb72a04b41a592f7c627e83775	11744	sources/base-refresh-20261006-0407/a3-authoring-v1/resources/target-29.txt
a8e7c77c57e9b9517cc14b8659e8b46e2cce11b29ea7ac0a35c80ab8ac7e8c48	5716	sources/base-refresh-20261006-0407/a3-authoring-v1/resources/target-42.txt
d6aa41d308be5fe9e615e25f89f95e3fdc4f9e790326ea8d6bc39641c39ef07b	12801	sources/base-refresh-20261006-0407/jep485-authoring-v1/after/.github/workflows/m3-jep485-stream-gatherers-optin.yml
9ade92d7dbd17f113a0a29b712fcf12ec231020a585e6cebd79b291830b01a6e	12048	sources/base-refresh-20261006-0407/jep493-authoring-v1/after/.github/workflows/m3-jep493-runtime-image-materialize.yml
28db2dae8e9f8de51237bef0cb945ef70439b66a9b8f484e5e1503202a3836d6	11182	sources/base-refresh-20261006-0407/jep493-authoring-v1/historical/m3/backports/materialize_generated_crates.py
06c9e0780afc2ac325c4d826dd0404885ebe2cc7f3804fc1e6b49e011fcf0388	442	sources/base-refresh-20261006-0407/jep493-authoring-v1/historical/m3/backports/recipes/jep-493-runtime-image/MATERIALIZATION_POLICY.tsv
6370e7b8a83d1424592acfaa9e4864a26f48b9979fed3cb0d132f0f4ac02236a	3786	sources/base-refresh-20261006-0407/jep493-authoring-v1/historical/m3/backports/recipes/jep-493-runtime-image/README.md
eca5ed510e5d6dcac6911cf4cf0cb95d6e016ebf197475d68d3f8cce6e3face1	9798	sources/base-refresh-20261006-0407/jep493-authoring-v1/historical/m3/backports/test_materialize_generated_crates.py
f000b1eea411056baaca6051b220149f25334bc70bf69b4f0536839c6c78e404	7514	sources/base-refresh-20261006-0407/native/acquisition/new-head-files/m3/tooling/a3/src/main/java/com/m3/a3/A3RegexMatrix.java
f000b1eea411056baaca6051b220149f25334bc70bf69b4f0536839c6c78e404	7514	sources/base-refresh-20261006-0407/native/acquisition/new-head-files/m3/tooling/migration-recipes/src/main/resources/com/synexia/rewrite/hash-pinned-java/a3-regex-memory-lab/A3RegexMatrix.java.after
b2febbb17ed96ae6f582eee2e16af3fc5e435c23e350708f56397bee9ac38ab5	658	sources/base-refresh-20261006-0407/native/acquisition/new-head-files/m3/tooling/migration-recipes/src/main/resources/com/synexia/rewrite/hash-pinned-java/a3-regex-memory-lab/manifest.tsv
58d01008f3dc6e79d988e855d76ba90eb0a13d39a76e7eb4027d75442389ec94	5379	sources/base-refresh-20261006-0407/native/acquisition/new-head-files/m3/tooling/migration-recipes/src/test/java/com/m3/rewrite/M3A3RegexMemoryLabDeliveryRecipeTest.java
69882638771a411cf0866f789a7b3ef7e7e7040cde38a1c40ef4a743d37168e2	4974	sources/base-refresh-20261006-0407/native/acquisition/new-head-files/m3/tooling/migration-recipes/src/test/java/com/m3/rewrite/M3A3RegexMemoryWorkflowRecipeTest.java
50bfc9b138e5029767d44c39c1fbc7b589a0d2563701398d958d60e1868d21dc	10052	sources/base-refresh-20261006-0407/prepared-inputs-authoring-v1/resources/target-0.txt
1fcb9d2ef00bc672bf889a6f136af1edd9450acd18b7f941f374ed186cbe190a	2761	sources/base-refresh-20261006-0443/current-amendments-authoring-v3/FIXTURE-PLAN.json
5c654e42c0a1bb1d91a0090d9f51cccff3e0854c644e2028063cbd7fd98aa236	15408	sources/base-refresh-20261006-0443/current-amendments-authoring-v3/HANDOFF.json
94c2f140ad92cb42f112135c14553ad98df6ad89706b5a3c05fba89d9866eed1	1735	sources/base-refresh-20261006-0443/current-amendments-authoring-v3/TARGETS.tsv
4c86fb6ddc117ed481309811887df97233803c708dd19b599516e229cddf4178	5159	sources/base-refresh-20261006-0443/current-amendments-authoring-v3/after/m3/backports/recipes/jep-485-gatherers/README.md
6f23e04cf11046fd90452740d549e55c3f12dfb785036137886739d73539844f	344	sources/base-refresh-20261006-0443/current-amendments-authoring-v3/after/m3/backports/recipes/jep-485-gatherers/atom-evidence.tsv
2940fa6f37604db870c625d5d4745b1b8e3c615db172d91b5815d5668beaa057	684	sources/base-refresh-20261006-0443/current-amendments-authoring-v3/after/m3/backports/recipes/jep-493-runtime-image/CURRENT_TREE_RECEIPT.tsv
cf6a75806908fee920ecbf7bbe548182f1d9db179e9cc554e36739b1c45a6e6c	423495	sources/base-refresh-20261006-0443/current-amendments-authoring-v3/after/m3/docs/name-mapping.json
99a26f393466db29e3a2cd36727eb906e9b40dc68df663e95a0174e00067b624	3174	sources/base-refresh-20261006-0443/current-amendments-authoring-v3/after/m3/tooling/migration-recipes/src/main/java/com/m3/rewrite/backport/M3Jep485StreamGatherersBackportRecipe.java
77ee719e75092e9b9ee765bfce2b7cb9a14b40814aa8be15c1aaea5b211016c2	395	sources/base-refresh-20261006-0443/current-amendments-authoring-v3/after/m3/tooling/migration-recipes/src/main/resources/META-INF/rewrite/m3-jep485-stream-gatherers.yml
02131ab6cc2ca7c58f95e5791f05e70ef2315de552763a7d6f96fb5838074fcc	8715	sources/base-refresh-20261006-0443/current-amendments-authoring-v3/after/m3/tooling/migration-recipes/src/test/java/com/m3/rewrite/backport/M3Jep485StreamGatherersBackportRecipeTest.java
828164ada2300dbd8935a6ac34992d47be8f8c2f211ca5d3950fa7916550acf1	2247	sources/base-refresh-20261006-0443/current-amendments-authoring-v3/after/m3/tooling/recipe-catalogue.tsv
57411d582b20b949cb95859318b0ef4e99a79c7947163ffe1787cafaba7cf0d4	2934	sources/base-refresh-20261006-0443/current-amendments-authoring-v3/before/m3/backports/recipes/jep-485-gatherers/README.md
8c928979dcdf7bf7e4ec8b5bc6b339d7344c75a8213f101ec4ad58a659775811	337	sources/base-refresh-20261006-0443/current-amendments-authoring-v3/before/m3/backports/recipes/jep-485-gatherers/atom-evidence.tsv
7149ec13e4fc5f2b642fe41a719cec1a17cb51d77b7de291055efd75b48d2af2	610	sources/base-refresh-20261006-0443/current-amendments-authoring-v3/before/m3/backports/recipes/jep-493-runtime-image/CURRENT_TREE_RECEIPT.tsv
335045274ea3ae01d576290b56704ec3409ef1bd27c8c220348815c5bbb711da	280877	sources/base-refresh-20261006-0443/current-amendments-authoring-v3/before/m3/docs/name-mapping.json
b5cefece21725e012ed7643ecf4f6fe505da9fa408a02f6f48de38773e94cad0	2030	sources/base-refresh-20261006-0443/current-amendments-authoring-v3/before/m3/tooling/migration-recipes/src/main/java/com/m3/rewrite/backport/M3Jep485StreamGatherersBackportRecipe.java
2da4485ca78b289462e6142e61e247e2142111693d08fb590ff64256193dda75	342	sources/base-refresh-20261006-0443/current-amendments-authoring-v3/before/m3/tooling/migration-recipes/src/main/resources/META-INF/rewrite/m3-jep485-stream-gatherers.yml
9a7f6440ce4d4a738d5cfe916a7fff98511464887293caba2a498bd75264ee92	7839	sources/base-refresh-20261006-0443/current-amendments-authoring-v3/before/m3/tooling/migration-recipes/src/test/java/com/m3/rewrite/backport/M3Jep485StreamGatherersBackportRecipeTest.java
bfee3b40a52cc27a3848f273dd7917e8126a08dcb7bc3d8ddb85ec52e479ea69	2261	sources/base-refresh-20261006-0443/current-amendments-authoring-v3/before/m3/tooling/recipe-catalogue.tsv
13c8ff558e72cb678c654ec42de1e70405a69337960041c9069bee63a59afc11	158138	sources/base-refresh-20261006-0443/current-amendments-authoring-v3/candidate.patch
ed54d6768822a53cf6e0cde6b62d6d30250e5c984a1aa27c88abe268f7f13558	129601	sources/base-refresh-20261006-0443/current-amendments-authoring-v3/pending-records.json
81a336eee504159c69ea8a8dc7fd3b589bb1277c70351e03d70dd829d15fdd5a	7104	sources/base-refresh-20261006-0443/foundation-authoring-v1/AUTHORED.json
a282f7dd0dbfebd78c626b42e1d3faf47de543ef122df3e3d66d2ad8c8f57426	1960	sources/base-refresh-20261006-0443/foundation-authoring-v1/COMMAND-METHOD-PLAN.json
c1308dd0af6cc873e5324ab39b86b7ac4f99669b3bf75062510e5cd180809065	1236	sources/base-refresh-20261006-0443/foundation-authoring-v1/DECLARATION-REUSE.json
13446aec70adcd953183235a666d623e859d68fff513ca40a258b910fd3aa77e	9591	sources/base-refresh-20261006-0443/foundation-authoring-v1/HANDOFF.json
f58aad9ee7abe8f651134a328008afdd4f31c1a581bc0443ad97a6ed3ea9e692	7305	sources/base-refresh-20261006-0443/foundation-authoring-v1/OWNER-DECLARATION-DIFF.patch
8ae814eca41f1b57f752b1227c923e971a37c7d5df245e5aa3f04e2c98de0dc2	2060	sources/base-refresh-20261006-0443/foundation-authoring-v1/OWNER-DELTA-DRAFT.json
c83ea566d20360d7e83261a6c086800508cc2373a15dd84bf9ab208fbcfe6247	132347	sources/base-refresh-20261006-0443/foundation-authoring-v1/SELECTED-SUPPLIERS.json
b43095e303e839df207d76a8ae94bdbaf6fa3a05d158335566c929ba8357c283	2759	sources/base-refresh-20261006-0443/foundation-authoring-v1/after/.github/workflows/m3-foundation.yml
7d1c50f1340f811f48e17a64b0674fcf631219f69c7878531602b09310beb198	79534	sources/base-refresh-20261006-0443/foundation-authoring-v1/after/m3/tooling/image-gates/current-c0.json
acd49abfe66383ae325ced5adf371716f76eb164749ddb2e19a0dcf5638a4e96	8723	sources/base-refresh-20261006-0443/foundation-authoring-v1/after/m3/tooling/image-gates/src/test/python/test_current_context.py
924f82ab0df19c7c24a9c208c93880fab36da2c9216572c33b4219d6c0208f64	16970	sources/base-refresh-20261006-0443/foundation-authoring-v1/after/m3/tooling/image-gates/verify-current.py
2a81b9ebfa5d477977dba4632a0e7c89f2ebb89606eb46491197536335d63fee	2205	sources/base-refresh-20261006-0443/foundation-authoring-v1/before/.github/workflows/m3-foundation.yml
3e33c866375875813a16aa3a8487ef592f1cb0e0177742a4249c4d687746102d	19242	sources/base-refresh-20261006-0443/foundation-authoring-v1/plan.json
0e3f346ab9215bcc3a6cbefe5b3f813f967c669707a7f4951461bc9026f9b5ec	16232	sources/base-refresh-20261006-0443/foundation-authoring-v1/seal_authoring.py
7f8f8fba1031379007864a796d53f6bec1a1a22cfe938f8221052e6d7c11bf6e	89656	sources/base-refresh-20261006-0443/gatherer-current-authoring-v2/FIXTURE-PLAN.json
0b9b84f8c0fe00b4ab6e78ea15453d9dc5589712c163ce0833c2f81566fb8863	106148	sources/base-refresh-20261006-0443/gatherer-current-authoring-v2/HANDOFF.json
ba71d677129ea8826eb3bb7dd60d088590aa4e31d2ba93e6206dc74836f7d082	1758	sources/base-refresh-20261006-0443/gatherer-current-authoring-v2/TARGETS.tsv
107e583af7e846ea83774cc681e649e52fa6edef571165dcd717200cd720898f	24060	sources/base-refresh-20261006-0443/gatherer-current-authoring-v2/after/m3/tooling/migration-recipes/src/main/resources/com/m3/rewrite/backport/jdk21-hash-pinned/jdk24-jep485-stream-gatherers/01-Gatherer.java.txt
c63219a36e3898c8c5bd14886582bacc675099a4bdaa08964bac6ae724a608f9	31435	sources/base-refresh-20261006-0443/gatherer-current-authoring-v2/after/m3/tooling/migration-recipes/src/main/resources/com/m3/rewrite/backport/jdk21-hash-pinned/jdk24-jep485-stream-gatherers/03-Gatherers.java.txt
211a5ffd20dd3c4a640d0739c41b071cfbf103dbb26069ab07c6dbf037e4d3a9	14856	sources/base-refresh-20261006-0443/gatherer-current-authoring-v2/after/m3/tooling/migration-recipes/src/main/resources/com/m3/rewrite/backport/jdk21-hash-pinned/jdk24-jep485-stream-gatherers/11-GatherersMapConcurrentTest.java.txt
d5671e86b1a958fa91a6819d49dd72dd62365b865b1605e4a83e0f8491ea7a5a	2598	sources/base-refresh-20261006-0443/gatherer-current-authoring-v2/after/m3/tooling/migration-recipes/src/main/resources/com/m3/rewrite/backport/jdk21-hash-pinned/jdk24-jep485-stream-gatherers/manifest.tsv
107e583af7e846ea83774cc681e649e52fa6edef571165dcd717200cd720898f	24060	sources/base-refresh-20261006-0443/gatherer-current-authoring-v2/after/src/java.base/share/classes/java/util/stream/Gatherer.java
c63219a36e3898c8c5bd14886582bacc675099a4bdaa08964bac6ae724a608f9	31435	sources/base-refresh-20261006-0443/gatherer-current-authoring-v2/after/src/java.base/share/classes/java/util/stream/Gatherers.java
211a5ffd20dd3c4a640d0739c41b071cfbf103dbb26069ab07c6dbf037e4d3a9	14856	sources/base-refresh-20261006-0443/gatherer-current-authoring-v2/after/test/jdk/java/util/stream/GatherersMapConcurrentTest.java
589a2cfb2044b9b7c70343b0c4ee8bed5b7ce5de482d10cf258fa5dabe97eab8	14130	sources/base-refresh-20261006-0443/gatherer-current-authoring-v2/author.py
808d8dec8da41e93dbe938081c36750a6d36c96a4b2dcd90d2558a7b5d0ebd47	24085	sources/base-refresh-20261006-0443/gatherer-current-authoring-v2/before/m3/tooling/migration-recipes/src/main/resources/com/m3/rewrite/backport/jdk21-hash-pinned/jdk24-jep485-stream-gatherers/01-Gatherer.java.txt
6115dd7015fe6680ef597a7cc3ec5b0c06eccc7259aa5bd4899454b5af624f1d	31455	sources/base-refresh-20261006-0443/gatherer-current-authoring-v2/before/m3/tooling/migration-recipes/src/main/resources/com/m3/rewrite/backport/jdk21-hash-pinned/jdk24-jep485-stream-gatherers/03-Gatherers.java.txt
eb1bd5ac55a99540b1516656041310ecf56c1a8dd20a8eb1fd599318b5647cf2	14652	sources/base-refresh-20261006-0443/gatherer-current-authoring-v2/before/m3/tooling/migration-recipes/src/main/resources/com/m3/rewrite/backport/jdk21-hash-pinned/jdk24-jep485-stream-gatherers/11-GatherersMapConcurrentTest.java.txt
3172ca1814ce01a40091d05f691ee044dfa72c1b4f24b10514fe491fc6d6e66c	2598	sources/base-refresh-20261006-0443/gatherer-current-authoring-v2/before/m3/tooling/migration-recipes/src/main/resources/com/m3/rewrite/backport/jdk21-hash-pinned/jdk24-jep485-stream-gatherers/manifest.tsv
808d8dec8da41e93dbe938081c36750a6d36c96a4b2dcd90d2558a7b5d0ebd47	24085	sources/base-refresh-20261006-0443/gatherer-current-authoring-v2/before/src/java.base/share/classes/java/util/stream/Gatherer.java
6115dd7015fe6680ef597a7cc3ec5b0c06eccc7259aa5bd4899454b5af624f1d	31455	sources/base-refresh-20261006-0443/gatherer-current-authoring-v2/before/src/java.base/share/classes/java/util/stream/Gatherers.java
eb1bd5ac55a99540b1516656041310ecf56c1a8dd20a8eb1fd599318b5647cf2	14652	sources/base-refresh-20261006-0443/gatherer-current-authoring-v2/before/test/jdk/java/util/stream/GatherersMapConcurrentTest.java
d2a5067f3965f61fe2a5102d1b70cf1cf3ee51f5d610902a8ddebd0b70a37884	24778	sources/base-refresh-20261006-0443/gatherer-current-authoring-v2/candidate.patch
200e5d42d6ee7957c41071a775fb5a83d6224c869bea65c9bc863e4dd9adde6a	31673	sources/base-refresh-20261006-0443/gatherer-current-authoring-v2/current-context/m3/tooling/migration-recipes/src/main/resources/com/m3/rewrite/backport/jdk21-hash-pinned/jdk24-jep485-stream-gatherers/00-AbstractPipeline.java.txt
808d8dec8da41e93dbe938081c36750a6d36c96a4b2dcd90d2558a7b5d0ebd47	24085	sources/base-refresh-20261006-0443/gatherer-current-authoring-v2/current-context/m3/tooling/migration-recipes/src/main/resources/com/m3/rewrite/backport/jdk21-hash-pinned/jdk24-jep485-stream-gatherers/01-Gatherer.java.txt
ca4f6e9e38494147885e554033d58e1549397b8c7fc627d5f6f3da93717579ad	29495	sources/base-refresh-20261006-0443/gatherer-current-authoring-v2/current-context/m3/tooling/migration-recipes/src/main/resources/com/m3/rewrite/backport/jdk21-hash-pinned/jdk24-jep485-stream-gatherers/02-GathererOp.java.txt
6115dd7015fe6680ef597a7cc3ec5b0c06eccc7259aa5bd4899454b5af624f1d	31455	sources/base-refresh-20261006-0443/gatherer-current-authoring-v2/current-context/m3/tooling/migration-recipes/src/main/resources/com/m3/rewrite/backport/jdk21-hash-pinned/jdk24-jep485-stream-gatherers/03-Gatherers.java.txt
ee090d081a5cfd580a9bf75eeca2eddb3d1a996f8d77394cd45756adc071bba8	32687	sources/base-refresh-20261006-0443/gatherer-current-authoring-v2/current-context/m3/tooling/migration-recipes/src/main/resources/com/m3/rewrite/backport/jdk21-hash-pinned/jdk24-jep485-stream-gatherers/04-ReferencePipeline.java.txt
688ef137efe90856360c35f86a000b0ec49d12c66294f7bd0f6cceb2022bab0f	82970	sources/base-refresh-20261006-0443/gatherer-current-authoring-v2/current-context/m3/tooling/migration-recipes/src/main/resources/com/m3/rewrite/backport/jdk21-hash-pinned/jdk24-jep485-stream-gatherers/05-Stream.java.txt
36eddaa3aefde19ac9b7a9c716b13842103bade2e3d40202be8b79440a8c8577	41596	sources/base-refresh-20261006-0443/gatherer-current-authoring-v2/current-context/m3/tooling/migration-recipes/src/main/resources/com/m3/rewrite/backport/jdk21-hash-pinned/jdk24-jep485-stream-gatherers/06-package-info.java.txt
dda26f47fda79ed3fef1518f4bf3ae6f36843f257709568ddef98837398fe061	9923	sources/base-refresh-20261006-0443/gatherer-current-authoring-v2/current-context/m3/tooling/migration-recipes/src/main/resources/com/m3/rewrite/backport/jdk21-hash-pinned/jdk24-jep485-stream-gatherers/07-GathererAPITest.java.txt
9e58fdeb31975f23a2e3bcd8aa70be539b72a09aaca1b56a4d933534dc134b89	2497	sources/base-refresh-20261006-0443/gatherer-current-authoring-v2/current-context/m3/tooling/migration-recipes/src/main/resources/com/m3/rewrite/backport/jdk21-hash-pinned/jdk24-jep485-stream-gatherers/08-GathererShortCircuitTest.java.txt
95183909bdf24d7942566d0da086e6a0b7e7c86041c39b41eb9b31f660ff88a1	17744	sources/base-refresh-20261006-0443/gatherer-current-authoring-v2/current-context/m3/tooling/migration-recipes/src/main/resources/com/m3/rewrite/backport/jdk21-hash-pinned/jdk24-jep485-stream-gatherers/09-GathererTest.java.txt
1ac1891ee9004df5de9328709bea955f4da41e88908c9aa8c83fafb5ac8bb27c	3164	sources/base-refresh-20261006-0443/gatherer-current-authoring-v2/current-context/m3/tooling/migration-recipes/src/main/resources/com/m3/rewrite/backport/jdk21-hash-pinned/jdk24-jep485-stream-gatherers/10-GatherersFoldTest.java.txt
eb1bd5ac55a99540b1516656041310ecf56c1a8dd20a8eb1fd599318b5647cf2	14652	sources/base-refresh-20261006-0443/gatherer-current-authoring-v2/current-context/m3/tooling/migration-recipes/src/main/resources/com/m3/rewrite/backport/jdk21-hash-pinned/jdk24-jep485-stream-gatherers/11-GatherersMapConcurrentTest.java.txt
2cd7315a80e9036d0f04c8a325fd75f700bab8468abf6c0fa0a67ac1235ba2a7	3539	sources/base-refresh-20261006-0443/gatherer-current-authoring-v2/current-context/m3/tooling/migration-recipes/src/main/resources/com/m3/rewrite/backport/jdk21-hash-pinned/jdk24-jep485-stream-gatherers/12-GatherersScanTest.java.txt
a13a9d288d6435165d381aa5af0dd2073f67b79d409a2ff476a5933cd5bef50e	4882	sources/base-refresh-20261006-0443/gatherer-current-authoring-v2/current-context/m3/tooling/migration-recipes/src/main/resources/com/m3/rewrite/backport/jdk21-hash-pinned/jdk24-jep485-stream-gatherers/13-GatherersWindowFixedTest.java.txt
f5b69e1677020ce3dc8c132881868514d61876e952aaed2bae3a33d2cc519393	5115	sources/base-refresh-20261006-0443/gatherer-current-authoring-v2/current-context/m3/tooling/migration-recipes/src/main/resources/com/m3/rewrite/backport/jdk21-hash-pinned/jdk24-jep485-stream-gatherers/14-GatherersWindowSlidingTest.java.txt
3172ca1814ce01a40091d05f691ee044dfa72c1b4f24b10514fe491fc6d6e66c	2598	sources/base-refresh-20261006-0443/gatherer-current-authoring-v2/current-context/m3/tooling/migration-recipes/src/main/resources/com/m3/rewrite/backport/jdk21-hash-pinned/jdk24-jep485-stream-gatherers/manifest.tsv
200e5d42d6ee7957c41071a775fb5a83d6224c869bea65c9bc863e4dd9adde6a	31673	sources/base-refresh-20261006-0443/gatherer-current-authoring-v2/current-context/src/java.base/share/classes/java/util/stream/AbstractPipeline.java
808d8dec8da41e93dbe938081c36750a6d36c96a4b2dcd90d2558a7b5d0ebd47	24085	sources/base-refresh-20261006-0443/gatherer-current-authoring-v2/current-context/src/java.base/share/classes/java/util/stream/Gatherer.java
ca4f6e9e38494147885e554033d58e1549397b8c7fc627d5f6f3da93717579ad	29495	sources/base-refresh-20261006-0443/gatherer-current-authoring-v2/current-context/src/java.base/share/classes/java/util/stream/GathererOp.java
6115dd7015fe6680ef597a7cc3ec5b0c06eccc7259aa5bd4899454b5af624f1d	31455	sources/base-refresh-20261006-0443/gatherer-current-authoring-v2/current-context/src/java.base/share/classes/java/util/stream/Gatherers.java
ee090d081a5cfd580a9bf75eeca2eddb3d1a996f8d77394cd45756adc071bba8	32687	sources/base-refresh-20261006-0443/gatherer-current-authoring-v2/current-context/src/java.base/share/classes/java/util/stream/ReferencePipeline.java
688ef137efe90856360c35f86a000b0ec49d12c66294f7bd0f6cceb2022bab0f	82970	sources/base-refresh-20261006-0443/gatherer-current-authoring-v2/current-context/src/java.base/share/classes/java/util/stream/Stream.java
36eddaa3aefde19ac9b7a9c716b13842103bade2e3d40202be8b79440a8c8577	41596	sources/base-refresh-20261006-0443/gatherer-current-authoring-v2/current-context/src/java.base/share/classes/java/util/stream/package-info.java
dda26f47fda79ed3fef1518f4bf3ae6f36843f257709568ddef98837398fe061	9923	sources/base-refresh-20261006-0443/gatherer-current-authoring-v2/current-context/test/jdk/java/util/stream/GathererAPITest.java
9e58fdeb31975f23a2e3bcd8aa70be539b72a09aaca1b56a4d933534dc134b89	2497	sources/base-refresh-20261006-0443/gatherer-current-authoring-v2/current-context/test/jdk/java/util/stream/GathererShortCircuitTest.java
95183909bdf24d7942566d0da086e6a0b7e7c86041c39b41eb9b31f660ff88a1	17744	sources/base-refresh-20261006-0443/gatherer-current-authoring-v2/current-context/test/jdk/java/util/stream/GathererTest.java
1ac1891ee9004df5de9328709bea955f4da41e88908c9aa8c83fafb5ac8bb27c	3164	sources/base-refresh-20261006-0443/gatherer-current-authoring-v2/current-context/test/jdk/java/util/stream/GatherersFoldTest.java
eb1bd5ac55a99540b1516656041310ecf56c1a8dd20a8eb1fd599318b5647cf2	14652	sources/base-refresh-20261006-0443/gatherer-current-authoring-v2/current-context/test/jdk/java/util/stream/GatherersMapConcurrentTest.java
2cd7315a80e9036d0f04c8a325fd75f700bab8468abf6c0fa0a67ac1235ba2a7	3539	sources/base-refresh-20261006-0443/gatherer-current-authoring-v2/current-context/test/jdk/java/util/stream/GatherersScanTest.java
a13a9d288d6435165d381aa5af0dd2073f67b79d409a2ff476a5933cd5bef50e	4882	sources/base-refresh-20261006-0443/gatherer-current-authoring-v2/current-context/test/jdk/java/util/stream/GatherersWindowFixedTest.java
f5b69e1677020ce3dc8c132881868514d61876e952aaed2bae3a33d2cc519393	5115	sources/base-refresh-20261006-0443/gatherer-current-authoring-v2/current-context/test/jdk/java/util/stream/GatherersWindowSlidingTest.java
7628fd428f828486ed98dea1e04b0e86d869d9269706b433977526e085774299	6829	sources/base-refresh-20261006-0443/gatherer-current-authoring-v2/fixture/GathererCurrentLiveContract.java
b8ab3b808782332fc327dbc4f67b921d9c0d16bcab945b9681a5725a1d390c5f	12985	sources/base-refresh-20261006-0443/gatherer-current-authoring-v2/fixture/GathererDocumentationContract.java
9c3a3eaf7c4a6604e7a9f849c920258b67a53f04e5f8dd435fe1e9f3d29ab1b8	10358	sources/base-refresh-20261006-0443/gatherer-current-authoring-v2/fixture/GathererGuardLoweringContract.java
1172d1cb04191bbc8e4a699b48f991cb8718c1b1c9e303dec46c1c4ce306fcfb	6003	sources/base-refresh-20261006-0443/gatherer-current-authoring-v2/fixture/test_gatherer_current_manifest.py
4fb1e9d7e6b77693c35a65fbd26a4e117c39c6367c4839eb5956aa9de01e006d	6551	sources/base-refresh-20261006-0443/gatherer-current-authoring-v2/protected/m3/backports/recipes/jep-485-gatherers/materialize.py
097dd1b794593570fdf3eb51b00a9be4c6a83a274fd6ef97c350251d20065fbc	4339	sources/base-refresh-20261006-0443/gatherer-current-authoring-v2/protected/m3/backports/recipes/jep-485-gatherers/test_materialize.py
0e65b26f674f68fea30151ea63a17faef2f88ca0f0679723bb3dc230fda22b72	13233	sources/base-refresh-20261006-0443/gatherer-current-authoring-v2/protected/m3/tooling/migration-recipes/src/main/java/com/m3/rewrite/backport/M3Jdk21HashPinnedSnapshotRecipe.java
8015207ce502d22955f7f77697177e5939fa1e25be7cd74be89c639335ae48e6	12032	sources/base-refresh-20261006-0443/gatherer-current-authoring-v2/protected/m3/tooling/migration-recipes/src/main/java/com/m3/rewrite/backport/M3Jdk21HashPinnedTextSnapshotRecipe.java
43dfe6c7ed2d4f98f5918c0c53a12bd5f92450fad5dec829a08b22903f9a57d4	1753	sources/base-refresh-20261006-0443/gatherer-current-authoring-v2/resources/manifest.tsv
107e583af7e846ea83774cc681e649e52fa6edef571165dcd717200cd720898f	24060	sources/base-refresh-20261006-0443/gatherer-current-authoring-v2/resources/target-0.txt
c63219a36e3898c8c5bd14886582bacc675099a4bdaa08964bac6ae724a608f9	31435	sources/base-refresh-20261006-0443/gatherer-current-authoring-v2/resources/target-1.txt
211a5ffd20dd3c4a640d0739c41b071cfbf103dbb26069ab07c6dbf037e4d3a9	14856	sources/base-refresh-20261006-0443/gatherer-current-authoring-v2/resources/target-2.txt
d5671e86b1a958fa91a6819d49dd72dd62365b865b1605e4a83e0f8491ea7a5a	2598	sources/base-refresh-20261006-0443/gatherer-current-authoring-v2/resources/target-3.txt
107e583af7e846ea83774cc681e649e52fa6edef571165dcd717200cd720898f	24060	sources/base-refresh-20261006-0443/gatherer-current-authoring-v2/resources/target-4.txt
c63219a36e3898c8c5bd14886582bacc675099a4bdaa08964bac6ae724a608f9	31435	sources/base-refresh-20261006-0443/gatherer-current-authoring-v2/resources/target-5.txt
211a5ffd20dd3c4a640d0739c41b071cfbf103dbb26069ab07c6dbf037e4d3a9	14856	sources/base-refresh-20261006-0443/gatherer-current-authoring-v2/resources/target-6.txt
87147834cf8b767636d5c6e3d500f745f5722e2ed6ac7b5da22db02b37e12694	36763	sources/base-refresh-20261006-0443/native/FINAL-THIRTY-OWNER-REVIEW.json
c6998f3e00389631afc08b1eb8ffefbcb4e4f1fb6cb87fbd84d95699434b5851	17323647	sources/base-refresh-20261006-0443/native/HEAD-TREE.json
11ee0e80e8e647d5b2b87020ddfc5f6d0fee3685a3aaafce4e567aec762a53fc	2830	sources/base-refresh-20261006-0443/root-decisions/AUTHORING-SCOPE-v1.json
e731bff2045c54b5346793fcfe2dbd4d357ee997879838cf3b515a6605576dc8	2845	sources/base-refresh-20261006-0524/source-base-retention/current-commit.json
b14e33d2c0b88ecb42def9e41604845cf672620563fa6c68824d8423cd134656	76525	sources/base-refresh-20261006-0524/source-base-retention/current-root.json
68e17df8b27fee9c208475d3b7f63c01c7eaf247752417e4c7d8ce2fece056ab	15148	sources/ci-repairs-authoring/cib/before/.github/workflows/m3-jdk21-backports.yml
54bf165d838d2f7505ecf6df125fb3eab4186b065fd0d6d025ba3e771326aca7	6120	sources/ci-repairs-authoring/cib/before/.github/workflows/m3-jep458-current-master.yml
ead40f30276be985b00c2280a3ae41f23e6c1f0a4fc641dd617ff367d5c3c77c	15862	sources/ci-repairs-authoring/cib/resources/target-0.txt
486b0a3980fa727a668d8c30d784f26400cf024516fc10f629aec398427c40f9	6325	sources/ci-repairs-authoring/cib/resources/target-1.txt
61a4555f7f97571bba36b2fd6cad63bc0ca5e8ba496f813f85569bf927c5a5db	5296	sources/ci-repairs-authoring/nul/resources/target-0.txt
45f7cfac63f7d553ff80bd8448dcfea994c9c43af9cff6afe0af5fd326243a04	10267	sources/ci-repairs-authoring/nul/resources/target-1.txt
3fbe65ee5d3130858d114b0637207585e0cb20c2b5008def8c3dc6607f042d41	4692	sources/ci-triage/acquisition/base/m3/backports/compatibility_policy.py
10d8d11da8b4dd6772875cb3ba5c1f2c0732e307cdd5c983a96811b9c9f5180d	6038	sources/ci-triage/acquisition/base/m3/backports/test_compatibility_policy.py
b0ed1b1f29b0c2e8cec3114852f48f8ed7d2f2e3edd77a8df17788eccf6d6deb	4428	sources/classver/authoring-v2/.github/workflows/m3-class-ver.yml
a716b1128c5796a553e14c520deb07795d0394229496eb67b93de07913e3126d	9662	sources/classver/authoring-v2/m3/migration/classver.py
fc0e4aa46859f49c3c8e914b95243b279bbd2a0e7737f6535d8947b769153a2f	15213	sources/classver/authoring-v2/m3/migration/test/test_classver.py
da68bc2e110f1e6cfcadef240393c121c86a8bcc3341202a900e2c8e3466e1b5	57323	sources/classver/owner-inventory/classver-evidence.json
7904a3772f5b57abd2a739bdf21398d3245e5e59052d04b0ec20351983384da6	3609	sources/current-corpus-c0-authoring-v1/AUTHORING.json
25db80d4e21f03889f31d00f5e565a9094ef3013f15e751d4b60e53daf38ce7b	118061	sources/current-corpus-c0-authoring-v1/CORPUS-PARITY.json
38ed8c01c6982fa4a52ea155c2e9652dfe45f317d8ae994c17fba01c7309fbda	18328	sources/current-corpus-c0-authoring-v1/CORPUS.raw-c0.tsv
d7779bfa8cb043bdee423dfd01d926e730453c15015b2ec08218ced0d13f0137	77952	sources/current-corpus-c0-authoring-v1/CURRENT-100.json
a2be5ac0849ef2f2730c6cab6f0a2c2ba54de1edb4a201aeccaa261999e16f84	9152	sources/current-corpus-c0-authoring-v1/FIXTURE-PLAN.json
1948a1989afdeaeac7f193692822cc2316841766b19b9a35a34eadb721d9b361	5088	sources/current-corpus-c0-authoring-v1/HANDOFF.json
313d2d3a5404cef58c170af01aebc39f82fbeca7416077ec95b927bfdfdabb5e	22085	sources/current-corpus-c0-authoring-v1/LOCAL-OBJECT-PREFLIGHT.json
19dd06c5ed32815b00f4a37518c72f88ab80425252c23f71fc7d9fb11e21e312	7625	sources/current-corpus-c0-authoring-v1/OWNER-INVENTORY.json
17fb283473583d10d9353d8f716b98c56b76afa346ba90633e4a0c2568e15a04	1457	sources/current-corpus-c0-authoring-v1/PROTECTED-ACQUISITION-LENGTHS.json
dde797e49266f4d89ec271cb705f238a72d26e95e5e5865c6b608d924fde9d0d	18329	sources/current-corpus-c0-authoring-v1/after/m3/tooling/migration-recipes/src/test/resources/com/m3/rewrite/atom/spectrum/CORPUS.tsv
61e89c57fb831a63d3bdd9fd5f32abcfd68dd73c73310178b521196774fbf22d	10875	sources/current-corpus-c0-authoring-v1/author.py
38ed8c01c6982fa4a52ea155c2e9652dfe45f317d8ae994c17fba01c7309fbda	18328	sources/current-corpus-c0-authoring-v1/before/m3/tooling/migration-recipes/src/test/resources/com/m3/rewrite/atom/spectrum/CORPUS.tsv
4e111ce75e88340fab9c5c18a7573c7ba01589a91a32d6e53b14dd598218b39f	5330	sources/current-corpus-c0-authoring-v1/candidate.patch
93dbde74109df4498be0351978f0b861db9fd0f3f9d4d833140308850366399a	5081	sources/current-corpus-c0-authoring-v1/current/m3/algorithms/src/com/m3/algorithm/M3PrefixZ.java
5fa8a82e3655a675aa0d1e21ba456a7dae272776c605eeba4af22a9dbc7eaa56	2595	sources/current-corpus-c0-authoring-v1/current/m3/collections/src/main/java/com/m3/collections/M3Address28.java
1964daa513d98b295ad13ad820519a56af6f29916063860c4c8ec8bf7d3baaa2	7589	sources/current-corpus-c0-authoring-v1/current/m3/collections/src/main/java/com/m3/collections/M3BitLane28.java
529fd9055caa62cc1b4d3d008fef2765572836cc297565d11b1aea1a279a7179	1559	sources/current-corpus-c0-authoring-v1/current/m3/collections/src/main/java/com/m3/collections/M3Collections.java
bb1486f22518957d1fa1f951ef78b312364de5a736aff17ae5a543fe1765a4c5	6285	sources/current-corpus-c0-authoring-v1/current/m3/collections/src/main/java/com/m3/collections/M3ConcurrentBitSet.java
baaa8de6567da94efba77b1363b5629755e5394a6fe951976dc552622ddd0573	7533	sources/current-corpus-c0-authoring-v1/current/m3/collections/src/main/java/com/m3/collections/M3ConcurrentIntLane28.java
727666e9ad92ab6ab1a41e625307baa70ef08c1397954c2aa362282a137c46ea	7583	sources/current-corpus-c0-authoring-v1/current/m3/collections/src/main/java/com/m3/collections/M3ConcurrentLongLane28.java
00b8882f22b664552ae9dae4c37ab243b7fc1fb8159b80b5b74e180b4dfd7698	6637	sources/current-corpus-c0-authoring-v1/current/m3/collections/src/main/java/com/m3/collections/M3ConcurrentLongMap.java
7a7e71695a1106f6cefc43e2ba0883eec78abf44f4bf72ead6d094991d6366d6	3876	sources/current-corpus-c0-authoring-v1/current/m3/collections/src/main/java/com/m3/collections/M3ConcurrentLongSet.java
771b1450d137874e7c3e08d4e9bee405a6cf88aa6695a9fd4c3616be4ae34d18	6912	sources/current-corpus-c0-authoring-v1/current/m3/collections/src/main/java/com/m3/collections/M3IntLane28.java
f797998ca57b353f7c44ae48f3d65eeaddec6182066cec0f56c8526d71355e60	2316	sources/current-corpus-c0-authoring-v1/current/m3/collections/src/main/java/com/m3/collections/M3LongArena28.java
ea0c1aa0957f7bafd5cf2892cbe483c98d5772192f81cc3c467d53ab5c1c7531	2310	sources/current-corpus-c0-authoring-v1/current/m3/collections/src/main/java/com/m3/collections/M3LongCollection.java
9d10e476f5d1664a1028fe52406ab05421758961c6d3d5cf163241e058a3f201	554	sources/current-corpus-c0-authoring-v1/current/m3/collections/src/main/java/com/m3/collections/M3LongIterator.java
5e35c6c646389c582585b684a4e6224bb968cf2f7b669598eb88920ab1538960	7204	sources/current-corpus-c0-authoring-v1/current/m3/collections/src/main/java/com/m3/collections/M3LongLane28.java
e12261ea8149c9b6cedcfb08915699ec344a57eaed15f68060a9927717eb44a1	4470	sources/current-corpus-c0-authoring-v1/current/m3/collections/src/main/java/com/m3/collections/M3LongLaneStore28.java
2db7c6ba3342a58fdce49c3e988ded51ece2de336575d225edb6cca75cd483c2	5940	sources/current-corpus-c0-authoring-v1/current/m3/collections/src/main/java/com/m3/collections/M3LongLinkedList28.java
a9be525afc8c71fa191625dc69c60f76273299832744392435a5739006c8d15c	326	sources/current-corpus-c0-authoring-v1/current/m3/collections/src/main/java/com/m3/collections/M3LongLongConsumer.java
9a7487453e0bd2369b56e7e17dedb79e2eba8919944772ec0407c95833458ae7	4760	sources/current-corpus-c0-authoring-v1/current/m3/collections/src/main/java/com/m3/collections/M3SlotAllocator28.java
694ee6a9fa06803244fd56d7a846da16f1560d242a0660ae2f4a927c43fc3dcb	2634	sources/current-corpus-c0-authoring-v1/current/m3/core/src/com/m3/text/JoinedM3StringPiece.java
8f86470619da33cf79ce3f8c6b99e7b6a4815f1c0053c7a07985a6ea4010563a	1093	sources/current-corpus-c0-authoring-v1/current/m3/core/src/com/m3/text/LexiconTool.java
99e6adce8be83bf6ebbe2128409e4f34cff88e0d06602c95e21f64a27898b73d	1975	sources/current-corpus-c0-authoring-v1/current/m3/core/src/com/m3/text/LocalM3Arena.java
06370c193953ead287f6fd6c423e12bd7761da8bf1c825dacd7445afe1876b51	2115	sources/current-corpus-c0-authoring-v1/current/m3/core/src/com/m3/text/LocalM3StringPiece.java
d43e66b414d96ba4b16b8cc94f64fa5a01c2dcb350ad58050105b04996486479	767	sources/current-corpus-c0-authoring-v1/current/m3/core/src/com/m3/text/M3StringPiece.java
50527e3afcc418dfc09f0a6f6608e05db70db5ad440dc3f6a67d8099ec2f9837	11400	sources/current-corpus-c0-authoring-v1/current/m3/core/src/com/m3/text/SharedLexiconImage.java
b1e4fcbd385adc7c01c56d0f6a6af63d42ef0e6fa75b46d66d8d75c64c7a6417	494	sources/current-corpus-c0-authoring-v1/current/m3/core/src/com/m3/text/StorageIdentity.java
1b4642d529e53311be3647199714f857c660822e0643d9fe3f4e64eb8d98429d	13472	sources/current-corpus-c0-authoring-v1/current/src/java.base/share/classes/java/lang/Boolean.java
dce1d2e577ebb838c6eb67b4190e468803c7d19d07f4270337bab9976430ff83	21942	sources/current-corpus-c0-authoring-v1/current/src/java.base/share/classes/java/lang/Byte.java
92a6457c0a88e90a2c6589f6be556639d7a1c32b24bc41f0c6e49ae70f79d6ea	81874	sources/current-corpus-c0-authoring-v1/current/src/java.base/share/classes/java/lang/Integer.java
1264b299cbffe5611764dc9a626f9beb2a02728a1651f3f3fee1e0b767924151	136655	sources/current-corpus-c0-authoring-v1/current/src/java.base/share/classes/java/lang/Math.java
b35c642045ab22b185ed228c8fcef62383f8eafdaca09fe7268c807f68936d12	221629	sources/current-corpus-c0-authoring-v1/current/src/java.base/share/classes/java/lang/String.java
e8d5368cf8ee1a5667a411ae33d92ddf64aa06027f8e093a23c0d5cbd5c1b4d6	16483	sources/current-corpus-c0-authoring-v1/current/src/java.base/share/classes/java/util/AbstractCollection.java
7a4b157239ed75833370e47fe4bbe5a5c0c62d7adccd7a4bf5cb2839c4096170	34037	sources/current-corpus-c0-authoring-v1/current/src/java.base/share/classes/java/util/AbstractList.java
9574f633c3dd2002ca2cc29740eae7ffc8c9aede9b9f1ab88578abfe2251140e	43461	sources/current-corpus-c0-authoring-v1/current/src/java.base/share/classes/java/util/ArrayDeque.java
c7db659273f9130e08b0d4508c34ff655e157b9ed48cdc7f5f5a2146ebb1c137	65533	sources/current-corpus-c0-authoring-v1/current/src/java.base/share/classes/java/util/ArrayList.java
fb63f716ddcf750357d2c5747896336b45ad343eb4d3c2de329f3212c6bf49ec	394754	sources/current-corpus-c0-authoring-v1/current/src/java.base/share/classes/java/util/Arrays.java
c5640ef08deab2582948e4cdbd0c1deb7cd83a3e404645ba91835bced5287cfc	48380	sources/current-corpus-c0-authoring-v1/current/src/java.base/share/classes/java/util/BitSet.java
de833f449dd331f125692ae3dd0ff06d7ab62d9be47d7edb56907ce2dd7988e4	38921	sources/current-corpus-c0-authoring-v1/current/src/java.base/share/classes/java/util/Collection.java
6c55587e80c395ec4697f3125a631a9b6af43790a22ce35958799d45725323e2	240664	sources/current-corpus-c0-authoring-v1/current/src/java.base/share/classes/java/util/Collections.java
0f05524a130ff2117faf75b173d3562750d08b87b1ecdcbbb58c7682063c658b	23431	sources/current-corpus-c0-authoring-v1/current/src/java.base/share/classes/java/util/Comparator.java
bec9ede3f85bd462a6649914fe7bfd9a5aafedc0526f50af04cd9beba21e0ed1	26711	sources/current-corpus-c0-authoring-v1/current/src/java.base/share/classes/java/util/Deque.java
653268c51cdc0178d373bf3aabc9adedd102b2104afd7e0d69056513de4c33d8	26695	sources/current-corpus-c0-authoring-v1/current/src/java.base/share/classes/java/util/EnumMap.java
534ce16243bf168fd20741752de6bdb5e9fd5ed31977de1c8885af2a5163d1ed	20206	sources/current-corpus-c0-authoring-v1/current/src/java.base/share/classes/java/util/EnumSet.java
71c8d82247c2736e9fbe3769f366e9bd250bc73ecf390749998e830201aaabf2	98875	sources/current-corpus-c0-authoring-v1/current/src/java.base/share/classes/java/util/HashMap.java
b3fe31cbf8b68eeb1ed15bff4403a75b8014e716ca7c79fc30e1bceaed592956	15736	sources/current-corpus-c0-authoring-v1/current/src/java.base/share/classes/java/util/HashSet.java
e877ef70202fac6014d28dbb6b4f45a4eb0a4725a1e39782a5e52d777e9f0c18	63375	sources/current-corpus-c0-authoring-v1/current/src/java.base/share/classes/java/util/IdentityHashMap.java
28f0ab0de8727ee357bd00792b6e490103219d177331e262f257ff0098994a7c	5213	sources/current-corpus-c0-authoring-v1/current/src/java.base/share/classes/java/util/Iterator.java
93b36f97d195663c236ed00733a7ca09d0f491bf6ebcd818dbd7bac288805577	48205	sources/current-corpus-c0-authoring-v1/current/src/java.base/share/classes/java/util/LinkedHashMap.java
b77ee44b6711856d53943a6b34abd92269aadf3ee7b7267079c9a56cb51212c6	13631	sources/current-corpus-c0-authoring-v1/current/src/java.base/share/classes/java/util/LinkedHashSet.java
9f6aced35412c469ed49f59e4f201ef9c0eccd06b62bf45fafe87881aef24e20	46931	sources/current-corpus-c0-authoring-v1/current/src/java.base/share/classes/java/util/LinkedList.java
bc5d882564a59adcadbe39615ba8213f4c33ad88222b8a3c4e7cdf50c62316b6	50786	sources/current-corpus-c0-authoring-v1/current/src/java.base/share/classes/java/util/List.java
c2cb6eebb59d81a35a82827d7ad09b633317e5aa9c640b47c3fd5ebd9204c0a6	80837	sources/current-corpus-c0-authoring-v1/current/src/java.base/share/classes/java/util/Map.java
e23039ed9dce3bd70565b94657a4e316eb72ff79345c13a4ed58bc0931d34ce5	20366	sources/current-corpus-c0-authoring-v1/current/src/java.base/share/classes/java/util/Objects.java
dda29b667edee246dc24c3448d59c09f244848a40be8ce40265ba699cf38788d	17154	sources/current-corpus-c0-authoring-v1/current/src/java.base/share/classes/java/util/Optional.java
02ba4be245ced47049a679e6cf50229abce50fada7fd8b56874acc2fe29a72ff	11467	sources/current-corpus-c0-authoring-v1/current/src/java.base/share/classes/java/util/PrimitiveIterator.java
92f97c6625f4cd1994765acbd718e8a6f7c7697e5e65974a1d78d5e37e284ca8	35911	sources/current-corpus-c0-authoring-v1/current/src/java.base/share/classes/java/util/PriorityQueue.java
2f43b05575ead6fc08ed1109814992c6ec79485b6cd60bb137e467599d610e2a	9066	sources/current-corpus-c0-authoring-v1/current/src/java.base/share/classes/java/util/Queue.java
59fde85e92d7c167fe6573a25043c3fbe29eabaefdf84891d32101932f0a0f90	31701	sources/current-corpus-c0-authoring-v1/current/src/java.base/share/classes/java/util/Set.java
70d75491a8ca51fe30a1a6935467763b5bdc3753b8624bec055edd4967383596	38788	sources/current-corpus-c0-authoring-v1/current/src/java.base/share/classes/java/util/Spliterator.java
7363a624984c81e6a8c0a7ac72e43e360c86f6c92f3ccc9a55c87d43ca987066	94343	sources/current-corpus-c0-authoring-v1/current/src/java.base/share/classes/java/util/Spliterators.java
d5ab07e7f2438eae6d0a6a969790a7d4d9d07a20265e797a4a20a1e3bcda913c	122369	sources/current-corpus-c0-authoring-v1/current/src/java.base/share/classes/java/util/TreeMap.java
e40f028679f474ed2399425474b5c68cbef96db851d1e8c0c8865108f3f5af75	22027	sources/current-corpus-c0-authoring-v1/current/src/java.base/share/classes/java/util/TreeSet.java
de689f0134336b0fa5471227f35abdfb34084ffdb6a6913436b91bad27354914	267460	sources/current-corpus-c0-authoring-v1/current/src/java.base/share/classes/java/util/concurrent/ConcurrentHashMap.java
6037136acf6bd94c15cffb81e49d89e0918d0609a5de6713616e26ce8aaf6bbc	40662	sources/current-corpus-c0-authoring-v1/current/src/java.base/share/classes/java/util/concurrent/ConcurrentLinkedQueue.java
8bdcba4d3436c967f796b058edfd7aa0671d75f1e87022253ddd177122706357	69991	sources/current-corpus-c0-authoring-v1/current/src/java.base/share/classes/java/util/concurrent/CopyOnWriteArrayList.java
57057abb37ed8124e3ef331540f407a486e79c51723c1eee21e090fa19afd4b4	11700	sources/current-corpus-c0-authoring-v1/current/src/java.base/share/classes/java/util/concurrent/CountDownLatch.java
98a0651c0a1ffa166c8095cc82b14817e94d7e41bda0e12610a3c313af240137	169251	sources/current-corpus-c0-authoring-v1/current/src/java.base/share/classes/java/util/concurrent/ForkJoinPool.java
7b540d3f744593f4c12e3194ee7e8441648e5fb85b6fb4cd0d8e438e46edb9f1	30152	sources/current-corpus-c0-authoring-v1/current/src/java.base/share/classes/java/util/concurrent/Semaphore.java
a30a588665b7679d244c8c2f17284003bef30d931623186db46befea94253b2d	9725	sources/current-corpus-c0-authoring-v1/current/src/java.base/share/classes/java/util/regex/ASCII.java
cabc1d208e7ed8a6b7361a64551db406a07a7d5ab77735db5c5b641ba65999a0	20634	sources/current-corpus-c0-authoring-v1/current/src/java.base/share/classes/java/util/regex/CharPredicates.java
4412ea6f9be9d9e01e9b2bcec4536ac9948dd4366433ce9a42da516dcf9683ac	3133	sources/current-corpus-c0-authoring-v1/current/src/java.base/share/classes/java/util/regex/IntHashSet.java
7dccd54e2860bc2b80ae62c46e1f5b48b34f442cef4057252791f5a17453792e	13312	sources/current-corpus-c0-authoring-v1/current/src/java.base/share/classes/java/util/regex/MatchResult.java
8bdc84b934c398e5538319632d304a19960771c9fb8557249e3097e5fd7001a0	73098	sources/current-corpus-c0-authoring-v1/current/src/java.base/share/classes/java/util/regex/Matcher.java
8cbd439235c592ecc98eb2a26f8494108c18a6521e715431ca1bec6db1e0b170	235235	sources/current-corpus-c0-authoring-v1/current/src/java.base/share/classes/java/util/regex/Pattern.java
e0e479859b71270330af86ba0d378ecc35c3d780b47a45bc5e33cc0b68f1ce57	3621	sources/current-corpus-c0-authoring-v1/current/src/java.base/share/classes/java/util/regex/PatternSyntaxException.java
f44904cd8bf634f4c28ba05ceef6b15c8fec4c3eabba955b7b9b68bcb7d660e4	8598	sources/current-corpus-c0-authoring-v1/current/src/java.base/share/classes/java/util/regex/PrintPattern.java
6371819aa8b2b4afe99fdeeb4e6aef62e59008fc1401e9c4a5b18edc5610e6d8	60968	sources/current-corpus-c0-authoring-v1/current/src/jdk.compiler/share/classes/com/sun/tools/javac/parser/DocCommentParser.java
7de5c1904db4f63ee9c7e6da7a9a132fc13cd9137275c9d08d3e9a0d3dc6fc64	50961	sources/current-corpus-c0-authoring-v1/current/src/jdk.compiler/share/classes/com/sun/tools/javac/parser/JavaTokenizer.java
395538c1e66f158c9857e0b5d1069325ce4c7e1e9963c35c75270895b0e7fc5e	213372	sources/current-corpus-c0-authoring-v1/current/src/jdk.compiler/share/classes/com/sun/tools/javac/parser/JavacParser.java
7fba9c5cb31babe8a2730c1ae4b16feda57c2e6582c0b5b552683d37542c364f	2766	sources/current-corpus-c0-authoring-v1/current/src/jdk.compiler/share/classes/com/sun/tools/javac/parser/Lexer.java
c702ee118d04e89d294f5d35371e90e152150095e2c4d8c8c2e1d4ac8f544b22	2221	sources/current-corpus-c0-authoring-v1/current/src/jdk.compiler/share/classes/com/sun/tools/javac/parser/Parser.java
4d6c9e0dc94f8df58765350768e26707c3b1a9f8c46711d44e8d8ece51529e91	4002	sources/current-corpus-c0-authoring-v1/current/src/jdk.compiler/share/classes/com/sun/tools/javac/parser/TextBlockSupport.java
f6b9530c913c950b36b397408bb88f2a9da481bb4a237717d69949f60bab96aa	21709	sources/current-corpus-c0-authoring-v1/current/src/jdk.compiler/share/classes/com/sun/tools/javac/parser/UnicodeReader.java
505f5eb754ca663a259ceac874e4431181c50a4522eb94065868e66ce0c2baef	120395	sources/current-corpus-c0-authoring-v1/current/src/jdk.compiler/share/classes/com/sun/tools/javac/tree/JCTree.java
fd55b309ee9e0d55ae8d1a42c81dfdfedea661b6137a08894a48ccad7b47fdb3	24198	sources/current-corpus-c0-authoring-v1/current/src/jdk.compiler/share/classes/com/sun/tools/javac/tree/TreeCopier.java
a387c245e0141f77ffe0191f5f2536d49d570b9f82f19c5a052b203732478cb5	41605	sources/current-corpus-c0-authoring-v1/current/src/jdk.compiler/share/classes/com/sun/tools/javac/tree/TreeMaker.java
96a53c39bfecdf6a91c61e2de321e8a72c829838e8d44653feb338189eee1a0e	10553	sources/current-corpus-c0-authoring-v1/current/src/jdk.compiler/share/classes/com/sun/tools/javac/tree/TreeScanner.java
2a53f9460e14285bbd02883e37d13c5aec012be51a0cd3acab7b0f99470efc63	15208	sources/current-corpus-c0-authoring-v1/current/src/jdk.compiler/share/classes/com/sun/tools/javac/tree/TreeTranslator.java
3233afd4e7fa8e94e7b45514c43eca1535ae2234a67d72747e4c867c2e84b08b	5690	sources/current-corpus-c0-authoring-v1/current/src/jdk.compiler/share/classes/com/sun/tools/javac/util/ArrayUtils.java
4a027339384d189d17cfa2f3ce38d58c28a480162ece5ba3fceebb87fc2141b5	4577	sources/current-corpus-c0-authoring-v1/current/src/jdk.compiler/share/classes/com/sun/tools/javac/util/Assert.java
444abcc40c042bea2ada3aae2a08f39cae302c1eabad9a7f4e8284d8ee8d607b	10979	sources/current-corpus-c0-authoring-v1/current/src/jdk.compiler/share/classes/com/sun/tools/javac/util/Bits.java
cf89bbb9d29c9a5be69d2a05831697ff75bd8db46bcc802dd6fb811f3271c29f	7307	sources/current-corpus-c0-authoring-v1/current/src/jdk.compiler/share/classes/com/sun/tools/javac/util/Context.java
49067583ccce880021d1cedd4a92f5d34a8f614f0fb71bf19ccec4447d32fb45	18211	sources/current-corpus-c0-authoring-v1/current/src/jdk.compiler/share/classes/com/sun/tools/javac/util/Convert.java
4f48e33fa7a4266a8b0a39045a8e8e1512acc1e07352a9371ecf235c3ec4f745	9047	sources/current-corpus-c0-authoring-v1/current/src/jdk.compiler/share/classes/com/sun/tools/javac/util/GraphUtils.java
d24b270ad0ded942640cc2b35b678f719e51cfe48152bf9977636370645084fe	6452	sources/current-corpus-c0-authoring-v1/current/src/jdk.compiler/share/classes/com/sun/tools/javac/util/IntHashTable.java
52fe3dbacb97367e64eabbc79cd6abe8887b3d689daebeda70e529fdcb655bc4	16097	sources/current-corpus-c0-authoring-v1/current/src/jdk.compiler/share/classes/com/sun/tools/javac/util/List.java
e402d2274e805fbc7c572baafc485670cedbfa0ba31bd787a6140fc23dcabda0	6902	sources/current-corpus-c0-authoring-v1/current/src/jdk.compiler/share/classes/com/sun/tools/javac/util/ListBuffer.java
44432294168b72d6c7ade7787430978aac7d8980bc5ed346cd149b8aa1f3eaa0	9964	sources/current-corpus-c0-authoring-v1/current/src/jdk.compiler/share/classes/com/sun/tools/javac/util/Name.java
00035af528a5084ce7a530a19feb429752b0d3845428337eb5210206632fa843	16500	sources/current-corpus-c0-authoring-v1/current/src/jdk.compiler/share/classes/com/sun/tools/javac/util/Names.java
d667d4339041e5da4ea7923ba707d8d275e0c67264704ac8dcac49f81db32b53	2282	sources/current-corpus-c0-authoring-v1/current/src/jdk.compiler/share/classes/com/sun/tools/javac/util/Pair.java
98e205dfaa726f581f888da60b28496acf3c8041514fe88b979c5fd4439405f8	2948	sources/current-corpus-c0-authoring-v1/current/src/jdk.compiler/share/classes/com/sun/tools/javac/util/StringUtils.java
8124b37765f457df8d8aa6b9b89f54efba8845e4fdec399f4d41e809c3956a36	1622	sources/current-corpus-c0-authoring-v1/protected/m3/pom.xml
8544be570c2656c5fa641ae34fc01eaea420bbb420f6d80ce5f95253504e9888	3383	sources/current-corpus-c0-authoring-v1/protected/m3/tooling/migration-recipes/pom.xml
3ca3fb634bd742821a317c47dde7ecb5f5176a1df8e3c2e8248a7873821a832b	2753	sources/current-corpus-c0-authoring-v1/protected/m3/tooling/migration-recipes/src/main/java/com/m3/rewrite/atom/M3InventoryPureIntAtomCandidates.java
ea31026be2f699923e4dfcc6fa906cee77eb5a46bdb9a32948948bfdfe19cebb	7151	sources/current-corpus-c0-authoring-v1/protected/m3/tooling/migration-recipes/src/main/java/com/m3/rewrite/atom/M3PureIntAtomEligibility.java
ba078715aa83969fc6c04fcd0d9d226ff0d0ad7f46f38ebede6f5b312504e534	1341	sources/current-corpus-c0-authoring-v1/protected/m3/tooling/migration-recipes/src/main/java/com/m3/rewrite/atom/M3PureIntConvergenceRecipe.java
8015207ce502d22955f7f77697177e5939fa1e25be7cd74be89c639335ae48e6	12032	sources/current-corpus-c0-authoring-v1/protected/m3/tooling/migration-recipes/src/main/java/com/m3/rewrite/backport/M3Jdk21HashPinnedTextSnapshotRecipe.java
f5748d2c07ce80fb2735c1d775e4d6fe0d8344355d4fafebc57bd86215353d71	14563	sources/current-corpus-c0-authoring-v1/protected/m3/tooling/migration-recipes/src/test/java/com/m3/rewrite/atom/M3RepositoryCorpusTest.java
c2a204144a4ff7fe2f4abfa151a744e7114961b83b7f006e019e595f4569e238	4517	sources/current-corpus-c0-authoring-v1/protected/m3/tooling/migration-recipes/src/test/java/com/m3/rewrite/atom/MemJava.java
c4c89fba611c73eface39f2b7b4dceb225b29f2d4f42531824b2eea938e7e73b	260	sources/current-corpus-c0-authoring-v1/resources/manifest.tsv
dde797e49266f4d89ec271cb705f238a72d26e95e5e5865c6b608d924fde9d0d	18329	sources/current-corpus-c0-authoring-v1/resources/target-0.txt
faed3fa2e7103aaca8dca51b7bd9660453276d5ba424120c9b5537e5d617c194	5456	sources/current-integration-repairs/a3-mastery-v1/protected/m3/tooling/a3/pom.xml
d45a759b1f51e117af486d9c8b66ca7e9ab8bfeb1764b619680cf4441d759e87	17041	sources/current-integration-repairs/a3-mastery-v1/protected/m3/tooling/a3/src/main/java/com/m3/a3/A3Lab.java
78eb9fd9168850dd0908621385ad6246acc4690ea375ecace754205708f81edc	9874	sources/current-integration-repairs/a3-mastery-v1/protected/m3/tooling/a3/src/main/java/com/m3/a3/A3M.java
48dfc6ab7c68ad7d3342dda8d0086e1f7ec74dce4a7b1943d4ff7e0b32d8c52b	7131	sources/current-integration-repairs/a3-mastery-v1/protected/m3/tooling/a3/src/test/java/com/m3/a3/A3LabTest.java
eb28c15b30a454a2e7a10c6a99791e101f811248762ce7f5104d322b9c2773d6	7506	sources/current-integration-repairs/a3-mastery-v1/protected/m3/tooling/migration-recipes/src/main/java/com/m3/rewrite/a3/M3A3MasteryV6Recipe.java
b7d67c2492a2de593aaeebe47ce6bbf657a0ab0b1d59349866ccb7d835208ac8	4531	sources/current-integration-repairs/a3-mastery-v1/protected/m3/tooling/migration-recipes/src/main/resources/com/m3/rewrite/backport/jdk21-hash-pinned-text/a3-mastery-v6-pom/pom.xml.txt
f8e225a3cc43fdb8e56534a78997760774601deafc95a05c87d5975ed5cb5aad	5927	sources/current-integration-repairs/a3-mastery-v1/protected/m3/tooling/migration-recipes/src/test/java/com/m3/rewrite/M3A3MasteryReceiptDeliveryRecipeTest.java
2d5e39a2d1dcdc37f5008929f72de335ae96d6408a3516f8246f956f7c43b2d5	2995	sources/current-integration-repairs/a3-mastery-v1/protected/m3/tooling/migration-recipes/src/test/java/com/m3/rewrite/M3A3MasteryV6DeliveryTest.java
a7887d62f0caf5f6ae9750622ed09129536b9b9a3da31c057cac35117a7621de	6319	sources/current-integration-repairs/a3-mastery-v1/resources/0000.txt
ed492007ff21c2166a17c0a4162cc9cdb775c744d54215d32bba736bcc1067aa	150	sources/current-integration-repairs/a3-mastery-v1/resources/0001.txt
948e5e29a8912cd2def07610d281e35d5ebeac4a95ba7f2c77ac1fb8ba9c9bb4	926	sources/current-integration-repairs/a3-mastery-v1/resources/0003.txt
990ac79aad3fcc1d7df181a57504a29d39025f7c3effe15e7794644c889832a7	5952	sources/current-integration-repairs/a3-mastery-v1/resources/0004.txt
300e894ccf38292db599a961b209459c4fcdb576b2124b0b77d8e8e6080b9261	143	sources/current-integration-repairs/gatherers-parser-v3/protected/m3/backports/recipes/jep-485-gatherers/POLICY.tsv
4fb1e9d7e6b77693c35a65fbd26a4e117c39c6367c4839eb5956aa9de01e006d	6551	sources/current-integration-repairs/gatherers-parser-v3/protected/m3/backports/recipes/jep-485-gatherers/materialize.py
097dd1b794593570fdf3eb51b00a9be4c6a83a274fd6ef97c350251d20065fbc	4339	sources/current-integration-repairs/gatherers-parser-v3/protected/m3/backports/recipes/jep-485-gatherers/test_materialize.py
0f79229a093fc3a53158401bb29a627e71f2774292b4d727e6c0911b9f2a47c9	934	sources/current-integration-repairs/scope-v1/after/m3/tooling/migration-recipes/src/main/resources/com/m3/rewrite/backport/jdk21-hash-pinned/jdk22-recipe-closure/manifest.tsv
372922e185ceb9a2694ae1161b1162603b47e9932edfc2e6aa6bb50f3c05da3c	11146	sources/current-integration-repairs/scope-v1/after/m3/tooling/migration-recipes/src/test/java/com/m3/rewrite/scope/M3ScopeCoverageClosureTest.java
50f5dda3d0a585720003801c1945516ce8b19ea033d5f6738517083bc4982cd5	4259	sources/current-integration-repairs/scope-v1/protected/m3/tooling/migration-recipes/src/main/java/com/m3/rewrite/scope/M3RecipeScopeRegistry.java
5ee44459bd8725b89e92ad8cd0c7572954f7655331d8b7f7dc92a8b59b09cb6e	8906	sources/current-integration-repairs/scope-v1/protected/m3/tooling/migration-recipes/src/test/java/com/m3/rewrite/scope/M3RecipeScopeDeclarationTest.java
95a5a8899591a9d65933368acff7638317d00cf30a26c2757615c83fbb678be5	325	sources/current-integration-repairs/string-docs-c0-authoring-v1/AUTHORING-ATTEMPT-v1.json
110260732fcf7d0f1efdc2a91f6b21b41e8ae6d5484e4852cca0b2d63c091d03	16766	sources/current-integration-repairs/string-docs-c0-authoring-v1/AUTHORING.json
0697aea0b3c52a0969ab80cd16f81d7aeb809bafe9caddc1a4790d5e2f02e963	12191	sources/current-integration-repairs/string-docs-c0-authoring-v1/DIAGNOSTIC-EVIDENCE.json
cd8e1b918465ff5771ca64f127bb3122206721374b45be08700496b7856c4893	7551	sources/current-integration-repairs/string-docs-c0-authoring-v1/FIXTURE-PLAN.json
01b70b4f4e9e321cafef80d5883bac23150446457402778b6bf0f3a9d133d18a	12475	sources/current-integration-repairs/string-docs-c0-authoring-v1/HANDOFF.json
9171095efdd0009bcb29f21e98549237f2768e375b9ad0edd721d9a28b1c41d5	6578	sources/current-integration-repairs/string-docs-c0-authoring-v1/OWNER-INVENTORY.json
7349dbead3f3103202b200545f09a7fa6d88d55fdf2cafbc53de808033eb9b8e	4319	sources/current-integration-repairs/string-docs-c0-authoring-v1/PREIMAGE-RECOVERY.json
a150b5d945b92e36e905e3b08ec389080f1aceac0c175de49389f9ad4b0d916e	24424	sources/current-integration-repairs/string-docs-c0-authoring-v1/PROTECTED.json
19b084c5f73e17360964cf2c779f01300c7c1a1502954ef7f85c59d09051ff58	2508	sources/current-integration-repairs/string-docs-c0-authoring-v1/README.md
c9b1104306911461bc220d4e1d5d2d61302cbe13abe19573b4cee3fad75f513a	4770	sources/current-integration-repairs/string-docs-c0-authoring-v1/TARGETS.json
518f9f7dbdebf450973cba859525d509c3c79fce6b51c6f4cbbf563e2f5651fa	76036	sources/current-integration-repairs/string-docs-c0-authoring-v1/after/m3/tooling/migration-recipes/src/main/resources/com/m3/rewrite/backport/jdk21-hash-pinned/jdk22-m3-string-history-convergence/16-AbstractStringBuilder.java.txt
0285ce4946d66bea00e0b5d4bd52e863e5d60f84bb71171a26bdbd4c61da0bd9	3300	sources/current-integration-repairs/string-docs-c0-authoring-v1/after/m3/tooling/migration-recipes/src/main/resources/com/m3/rewrite/backport/jdk21-hash-pinned/jdk22-m3-string-history-convergence/manifest.tsv
36a55432074cf8c2c6e6e8463c1c4cd7751edea16b99d28a69001a511a995705	76253	sources/current-integration-repairs/string-docs-c0-authoring-v1/after/src/java.base/share/classes/java/lang/AbstractStringBuilder.java
b1295f69831c23efd596f2ed9f65e2b07d20371fae4c0111c0b35fdd3bc4cd51	76037	sources/current-integration-repairs/string-docs-c0-authoring-v1/before/m3/tooling/migration-recipes/src/main/resources/com/m3/rewrite/backport/jdk21-hash-pinned/jdk22-m3-string-history-convergence/16-AbstractStringBuilder.java.txt
2b724a9f9cf9fce382c34f4b5872312bfb4c30791decf8c093bd2dfb9fc0d400	3300	sources/current-integration-repairs/string-docs-c0-authoring-v1/before/m3/tooling/migration-recipes/src/main/resources/com/m3/rewrite/backport/jdk21-hash-pinned/jdk22-m3-string-history-convergence/manifest.tsv
9a502392c96175e025bbd992fd15482ef2cf0ee4a2ca083a293d5fd41e6448ce	76254	sources/current-integration-repairs/string-docs-c0-authoring-v1/before/src/java.base/share/classes/java/lang/AbstractStringBuilder.java
790e49938a5bdeff35df68ed2f100fa193a82970b843f6564c2fa36057a7915b	5390	sources/current-integration-repairs/string-docs-c0-authoring-v1/candidate.patch
4499e0328426f75323c959deedeb39d395f37d991fc50724718a656512eab62e	17421	sources/current-integration-repairs/string-docs-c0-authoring-v1/fixture/StringDocumentationContract.java
0e65b26f674f68fea30151ea63a17faef2f88ca0f0679723bb3dc230fda22b72	13233	sources/current-integration-repairs/string-docs-c0-authoring-v1/protected/m3/tooling/migration-recipes/src/main/java/com/m3/rewrite/backport/M3Jdk21HashPinnedSnapshotRecipe.java
8015207ce502d22955f7f77697177e5939fa1e25be7cd74be89c639335ae48e6	12032	sources/current-integration-repairs/string-docs-c0-authoring-v1/protected/m3/tooling/migration-recipes/src/main/java/com/m3/rewrite/backport/M3Jdk21HashPinnedTextSnapshotRecipe.java
d3209d815e44938754897c61af760b65031ca2283efb426c8ac8d668b3d7d742	664	sources/current-integration-repairs/string-docs-c0-authoring-v1/protected/m3/tooling/migration-recipes/src/main/resources/META-INF/rewrite/m3-string-history-convergence.yml
0ec838b9697ae8d587b6ff18f44f8035f5a8dd1c800e35a5e9c1400c324780d2	36091	sources/current-integration-repairs/string-docs-c0-authoring-v1/protected/m3/tooling/migration-recipes/src/main/resources/com/m3/rewrite/backport/jdk21-hash-pinned/jdk22-m3-string-history-convergence/00-M3String.java.txt
36c9cb73608cf2f7ad40be00493def3c17cfd4653b5f450750f3595d1eb677cd	14201	sources/current-integration-repairs/string-docs-c0-authoring-v1/protected/m3/tooling/migration-recipes/src/main/resources/com/m3/rewrite/backport/jdk21-hash-pinned/jdk22-m3-string-history-convergence/01-M3StringFacts.java.txt
f009146ebad1cbec3570c583ef015b09dc92ed3c3a007c6722810392fc6f9fa4	11124	sources/current-integration-repairs/string-docs-c0-authoring-v1/protected/m3/tooling/migration-recipes/src/main/resources/com/m3/rewrite/backport/jdk21-hash-pinned/jdk22-m3-string-history-convergence/02-M3StringSearchPrecompute.java.txt
1ed409eba2ba7135f22163288cc835b3f6c532f47bb2551ae1c4786fccd6079e	49580	sources/current-integration-repairs/string-docs-c0-authoring-v1/protected/m3/tooling/migration-recipes/src/main/resources/com/m3/rewrite/backport/jdk21-hash-pinned/jdk22-m3-string-history-convergence/03-M3StringPrecomputeSearchTest.java.txt
e87ad6f78b55cbc0e641be2eae366d9ac576b90c2dec792ca1d2839b7a3c0564	7256	sources/current-integration-repairs/string-docs-c0-authoring-v1/protected/m3/tooling/migration-recipes/src/main/resources/com/m3/rewrite/backport/jdk21-hash-pinned/jdk22-m3-string-history-convergence/04-M3StringFactsCompositionTest.java.txt
396d7f8e5c0fe35a31616f39543df9e13fcf136ebb556658428e69fac697291c	4628	sources/current-integration-repairs/string-docs-c0-authoring-v1/protected/m3/tooling/migration-recipes/src/main/resources/com/m3/rewrite/backport/jdk21-hash-pinned/jdk22-m3-string-history-convergence/05-M3StringOwner.java.txt
5f4acd4448d72a336e3ddf325f4a040e21427cd6fff14a37868e14c98e8740e5	8069	sources/current-integration-repairs/string-docs-c0-authoring-v1/protected/m3/tooling/migration-recipes/src/main/resources/com/m3/rewrite/backport/jdk21-hash-pinned/jdk22-m3-string-history-convergence/06-M3StringAtom.java.txt
cc11b05ebbd1a3bf5ce39f11505d527d06876c3ac805c62c094169235846bbd6	3890	sources/current-integration-repairs/string-docs-c0-authoring-v1/protected/m3/tooling/migration-recipes/src/main/resources/com/m3/rewrite/backport/jdk21-hash-pinned/jdk22-m3-string-history-convergence/07-M3StringTuple.java.txt
d7c3f9fdff0b5f1dcc5272ac4b57962d3f405ec53003b79344361e5515992155	16998	sources/current-integration-repairs/string-docs-c0-authoring-v1/protected/m3/tooling/migration-recipes/src/main/resources/com/m3/rewrite/backport/jdk21-hash-pinned/jdk22-m3-string-history-convergence/08-M3TQ.java.txt
b525363dcb10e395f303ff249d9e21f0e5dabcc6cbba221bce3b55ea57daafb1	4820	sources/current-integration-repairs/string-docs-c0-authoring-v1/protected/m3/tooling/migration-recipes/src/main/resources/com/m3/rewrite/backport/jdk21-hash-pinned/jdk22-m3-string-history-convergence/09-M3TQFactsTest.java.txt
8cbd439235c592ecc98eb2a26f8494108c18a6521e715431ca1bec6db1e0b170	235235	sources/current-integration-repairs/string-docs-c0-authoring-v1/protected/m3/tooling/migration-recipes/src/main/resources/com/m3/rewrite/backport/jdk21-hash-pinned/jdk22-m3-string-history-convergence/10-Pattern.java.txt
8bdc84b934c398e5538319632d304a19960771c9fb8557249e3097e5fd7001a0	73098	sources/current-integration-repairs/string-docs-c0-authoring-v1/protected/m3/tooling/migration-recipes/src/main/resources/com/m3/rewrite/backport/jdk21-hash-pinned/jdk22-m3-string-history-convergence/11-Matcher.java.txt
9900b7a8baffdc05c65a73b139715e9ff543e97e171d6fbb8b013b6837919766	4805	sources/current-integration-repairs/string-docs-c0-authoring-v1/protected/m3/tooling/migration-recipes/src/main/resources/com/m3/rewrite/backport/jdk21-hash-pinned/jdk22-m3-string-history-convergence/12-M3RegexLiteralTQTest.java.txt
93f092a9ab501b2f2723c2493d6d09b2d0787f650a8dd0dea970e0632b3f6d85	27860	sources/current-integration-repairs/string-docs-c0-authoring-v1/protected/m3/tooling/migration-recipes/src/main/resources/com/m3/rewrite/backport/jdk21-hash-pinned/jdk22-m3-string-history-convergence/13-M3StringPool.java.txt
cbe3b9c940960661a0b33474cb756c6b02623bea288f29f3d0d8b9bb40ddcfa6	8919	sources/current-integration-repairs/string-docs-c0-authoring-v1/protected/m3/tooling/migration-recipes/src/main/resources/com/m3/rewrite/backport/jdk21-hash-pinned/jdk22-m3-string-history-convergence/14-M3StringPositionPrecompute.java.txt
44174b2cf60eac80ddb506a973949fec65cd4dcea977c94b424ff8c7d46cf7e4	2142	sources/current-integration-repairs/string-docs-c0-authoring-v1/protected/m3/tooling/migration-recipes/src/main/resources/com/m3/rewrite/backport/jdk21-hash-pinned/jdk22-m3-string-history-convergence/15-M3StringInternTest.java.txt
38fbd2b10ab5f1458cdb62defac5cfbcd2aad6166c1c70212e2f0ff458e860b1	8166	sources/current-integration-repairs/string-docs-c0-authoring-v1/protected/m3/tooling/migration-recipes/src/test/java/com/m3/rewrite/backport/M3StringHistoryConvergenceRecipeTest.java
020fe4f2c753a9785e246ab5592d3a109ebcf3474c343388796644723c292726	793	sources/current-integration-repairs/string-docs-c0-authoring-v1/resources/manifest.tsv
518f9f7dbdebf450973cba859525d509c3c79fce6b51c6f4cbbf563e2f5651fa	76036	sources/current-integration-repairs/string-docs-c0-authoring-v1/resources/target-0.txt
0285ce4946d66bea00e0b5d4bd52e863e5d60f84bb71171a26bdbd4c61da0bd9	3300	sources/current-integration-repairs/string-docs-c0-authoring-v1/resources/target-1.txt
36a55432074cf8c2c6e6e8463c1c4cd7751edea16b99d28a69001a511a995705	76253	sources/current-integration-repairs/string-docs-c0-authoring-v1/resources/target-2.txt
f215178ae5df58ac62e6a36141d11ca1deffbb931aa83bc5f39c6e35832c4f93	176639	sources/current-integration-repairs/workspace-custody-review-v1/ARCHIVE-INDEX-REVIEW.json
0631708095d1027e13966e9c2ff0f9a1d0d0ab70e5831ce97041361c2726a0c5	112012	sources/current-integration-repairs/workspace-custody-review-v1/CUSTODY-LOSS-REVIEW.json
59a09aaec010cade4f24d4ef8163e412e63c3a8664d1fef155f7b87a309137ce	6189	sources/dag-contract-repair-v2/resources/target-0.txt
def017e6b6bd2395f64b39bb4ea3258efd53526455cc0d9485d5a15356be2a2e	6285	sources/dag-contract-repair/before/m3/tooling/backport-dag/src/main/java/com/m3/tooling/dag/M3RecipeDag.java
374c135a72e85bdcad84be5e9bbd696c763f06f33816e56e28f4a4d620e1aee9	1726	sources/dag-contract-repair/before/m3/tooling/backport-dag/src/main/resources/com/m3/tooling/dag/adapters/airflow/m3_backport_dag.py
b81e897b0c34961102aeb98920a1f5fcfa95b6f3b41fdf9c4f8208e78e8796d8	793	sources/dag-contract-repair/before/m3/tooling/backport-dag/src/main/resources/com/m3/tooling/dag/adapters/camel/m3-backport-route.yaml
922700cc7f1acf943e3f07b7c29d44f07c1b9bfab7e876f4e02d2ea408abb393	1575	sources/dag-contract-repair/before/m3/tooling/backport-dag/src/main/resources/com/m3/tooling/dag/adapters/drools/m3-backport-admission.drl
76c3eafb6c52fe5918023a19dadf1ac98076d0f50332688c56303154871ce423	968	sources/dag-contract-repair/before/m3/tooling/backport-dag/src/test/java/com/m3/tooling/dag/M3BackportDagLoaderTest.java
8fe0d897419c2e91dc3fcc7958e0c55c5bdea7b4ee4f48efc57a759b8e34960f	8603	sources/dag-contract-repair/before/m3/tooling/backport-dag/src/test/java/com/m3/tooling/dag/M3RecipeDagTest.java
7741718f54913038f45c4dd552c9891a9d2ada3b3d55189910a54d30954a7120	2377	sources/dag-contract-repair/resources/target-1.txt
d9abd0532c48169e7e890381bbea022577091d852c366d94ce00c149053efc49	1003	sources/dag-contract-repair/resources/target-2.txt
885492be4de4d8a12d345c272fc5ecc897150fd823aaedbc4a770c424044b3e3	1575	sources/dag-contract-repair/resources/target-3.txt
fcece5585c961f7c67bfac9fbc3f6d2bb5cdd9a12bccceaa70c6e384ee540f1d	1695	sources/dag-contract-repair/resources/target-4.txt
cad129631f107efe062a8850e0c8a6a9bc98875142742d4f3c18dd745b29393d	13835	sources/dag-contract-repair/resources/target-5.txt
d4470dc68c4259b599ceb67cf403cb127945f9c0f5215ba400399a689efd8c6d	12586	sources/dag-contract-repair/resources/target-6.txt
bbb1e7384c0f600dd8e3c4ee89e838961fe692e3e5e4963be17d4485ee9bafa6	32695	sources/jep-inputs/authoring-v2/recipe-resources/com/m3/rewrite/backport/jdk21-hash-pinned-text/ci8891-jgr/target-3.txt
7f3babb54445a1bb662d9ac50ded06efe38e8a502a0f2b3445e81a5ef2536ec4	1214	sources/jep-inputs/authoring-v2/recipe-resources/com/m3/rewrite/backport/jdk21-hash-pinned-text/ci8891-jgr/target-4.txt
a7954b1a16905829d5daa4372faceabc707b1ca2820bdf8ddc40457a29f4f37e	1012	sources/jep-inputs/authoring-v2/recipe-resources/com/m3/rewrite/backport/jdk21-hash-pinned-text/ci8891-jgr/target-5.txt
1109f2c7f0637ea606d9275d45a644c7e6dfcd85d776281bfd87f1c27d2f1dd3	43840	sources/jep-inputs/authoring-v2/recipe-resources/com/m3/rewrite/backport/jdk21-hash-pinned-text/ci8891-jgr/target-6.txt
c7713ff2601f86aea82edab25d17791342d12737865dd3ee15bd99fd3031fc1f	43759	sources/jep-inputs/collection-authoring-v2/recipe-resources/com/m3/rewrite/backport/jdk21-hash-pinned-text/ci8891-pcd/target-1.txt
3d3ea39ea6f41aa5fae83b5229fa524019434110576396ee11a6eb20e0a7afff	552	sources/jep-inputs/collection-authoring-v2/recipe-resources/com/m3/rewrite/backport/jdk21-hash-pinned-text/ci8891-pcd/target-2.txt
a68b03733006a278854dedccc9cf4a9b238c43e92d501ab601ce137dfbd2b4ef	7488	sources/jep-inputs/collection-authoring-v2/recipe-resources/com/m3/rewrite/backport/jdk21-hash-pinned-text/ci8891-pcd/target-3.txt
7bbea48d108f758adf8f7da038f51273c5d0191f213d920a22414c452ae2fc56	449	sources/jep-inputs/collection-authoring-v2/recipe-resources/com/m3/rewrite/backport/jdk21-hash-pinned-text/ci8891-pcd/target-4.txt
8f3a18434d35e540de9a16df022fff3596963c1c2f021ee6e16b7e24e7ca3e53	3138	sources/jep-inputs/collection-authoring-v2/recipe-resources/com/m3/rewrite/backport/jdk21-hash-pinned-text/ci8891-pco/target-3.txt
d24ade8a8ddbb22eb78621c99f458f8d96807b74be12294c3e7ce7f9f95764c8	5167	sources/jep-inputs/collection-authoring-v2/recipe-resources/com/m3/rewrite/backport/jdk21-hash-pinned-text/ci8891-pco/target-4.txt
41a7d50712da9374dc679bd09116ed1f6108c25a48d00e25d9b268d25453d3e7	7812	sources/jep-inputs/collection-authoring-v2/recipe-resources/com/m3/rewrite/backport/jdk21-hash-pinned-text/ci8891-pcw/target-1.txt
8bc3ad1490f26e622dc5c226bb5545a4bbfd3e8186e3923cfa2c8adc72a41605	6029	sources/jep-inputs/collection-authoring-v2/recipe-resources/com/m3/rewrite/backport/jdk21-hash-pinned-text/ci8891-pcw/target-2.txt
9f09f5058b1e9aed653efb67b6f4f5fe3bcaa05681f1a232dd95576562aa5c19	4321	sources/jep-inputs/collection-authoring-v2/recipe-resources/com/m3/rewrite/backport/jdk21-hash-pinned-text/ci8891-pcw/target-3.txt
1d6900f115f54508dca1e1f3e925fa1903c32d71f97a87dfc7c1494c60856a52	12182	sources/jep-inputs/collection-authoring-v4/recipe-resources/com/m3/rewrite/backport/jdk21-hash-pinned-text/ci8891-pco/target-2.txt
b408f0b8d0e4d6e197230e3cb1469d14e0d52aecd33ac55c71f11d513d6e23ec	10881	sources/m3-checkout/.github/workflows/m3-a3.yml
4c02fcf3b12116aaa186035a8ff3c50b94df899f776d51630e1bfcfd30ce4a2c	4153	sources/m3-checkout/.github/workflows/m3-class-ver.yml
88831a9aa214b517713bbfc9a84ea7e5187f12498b592b64d1c240344a1fd8c3	7793	sources/m3-checkout/.github/workflows/m3-jep467-markdown-inventory.yml
9a2c236d62db2ed121d9ac563f15a6edd6b56dcf8549aca0bb2a9bd63f80db29	6654	sources/m3-checkout/.github/workflows/m3-jep493-runtime-image-inventory.yml
2f075d95ce7c2fdbb2742b92a1c1098864f06d073c56046dc02f02adc5687dec	14827	sources/m3-checkout/m3/backports/generate_recipe_crates.py
9ae80ad2e94552d552ab8eb125ea9b0d435e749f5ef6e0f140130a76cf6a4fe9	2472	sources/m3-checkout/m3/backports/recipes/jep-493-runtime-image/README.md
ab6433b0a1d50c358d65d0aad9ed2b7bbc7b8be1ca10b0302e53fefac0d7a5d8	17732	sources/m3-checkout/m3/backports/test_generate_recipe_crates.py
d9d39747f40bb5eff6ba8639e1e5d0554f0223cc94c09443fe1b2054aac9c3d6	5171	sources/m3-checkout/m3/docs/a3-lab.md
01a428a662ffbdbd22dcd39d1fea7b69084ce34cada0bb5582b8c3686615750d	3974	sources/m3-checkout/m3/docs/a3-mastery.md
9c5177ee233ee5335131c9106b7a6faa0041b1cd09e9385e36909d8c6365cf87	8267	sources/m3-checkout/m3/docs/a3.md
4114b546749888ec5e6065ea6087d39ea63bafb6ce5881e2239eafaade3b7787	56771	sources/m3-checkout/m3/migration/migration.py
765f001aa41f95c1dfd9994ba64101526ce0324ede896228803133ec9313b9e9	77751	sources/m3-checkout/m3/migration/test/test_intake.py
cfe8e8930916ef96c7d23dd9d0942f082c5eb1d6cf4b2a2f6e9f3d69d8fa3e41	3341	sources/m3-checkout/m3/migration/test/test_intake_recipe.py
9d79d07bb31ded0e5ec9eebef1095ae25be8f20c55f9e72aee4ba64852790594	16119	sources/m3-checkout/m3/migration/test/test_jcc_handoff_context_profiles.py
30a838a363fb05f9c1caf48fd36c0a67de0767708e4b198b77af37ee0c41eb63	7629	sources/m3-checkout/m3/migration/test/test_jcc_handoff_current_context.py
fde72eb9f2b682f50004defbc70e6d886a3f646abb0d89c0aec5de8ab0dbd30d	13634	sources/m3-checkout/m3/migration/test/test_jcc_handoff_packet.py
27308b049acc122f62f9cb9a9a679a94640952c423b04495c0ef5b9a2c824ec1	3633	sources/m3-checkout/m3/tooling/a3/pom.xml
6d9ec887c87898167748ca5f77598f95a6784cfaf14882f4983733c006374b77	5127	sources/m3-checkout/m3/tooling/a3/src/main/java/com/m3/a3/A3.java
c212736f000836cb782a5ff81fd2de48e67d36ea4b3bd53cf7743c4aadbfdaf6	16196	sources/m3-checkout/m3/tooling/a3/src/main/java/com/m3/a3/A3Lab.java
351eeac06154189e79f3d139336437d5911da5721c9a95a779ebd5d511997d9c	6117	sources/m3-checkout/m3/tooling/a3/src/test/java/com/m3/a3/A3LabTest.java
9490dd9263e9793c6601bba2429860283865ff2c72092e1b55fff95136c01737	4026	sources/m3-checkout/m3/tooling/backport-dag/pom.xml
f475463faf184a0a310ab9295b6604be5795076295e46d4b6a78784613dce55e	4312	sources/m3-checkout/m3/tooling/backport-dag/src/main/java/com/m3/tooling/dag/M3PacketDagComposer.java
451b4cde41c505a19641dc17649ca0b22b2e82d13685d042e4f29f9af9a8e094	9046	sources/m3-checkout/m3/tooling/backport-dag/src/test/java/com/m3/tooling/dag/M3PacketDagComposerTest.java
a53bdeee8afe28b90cb0e348e718b70610a9487edb1b75b46e09bfb76e0f3dc9	3522	sources/m3-checkout/m3/tooling/migration-recipes/pom.xml
8922e21e4f814dc99282cf1828786a0347552454003e23ac2fa91aa8710851b1	4466	sources/m3-checkout/m3/tooling/migration-recipes/src/main/resources/com/m3/rewrite/a3-algorithm-catalogue/after/A3PlanTest.java
b408f0b8d0e4d6e197230e3cb1469d14e0d52aecd33ac55c71f11d513d6e23ec	10881	sources/m3-checkout/m3/tooling/migration-recipes/src/main/resources/com/m3/rewrite/backport/jdk21-hash-pinned-text/a3-regex-memory-workflow/workflow.yml.txt
e4ea964db1a6f9527122ff0dad1c969a43dc50a0f80c771c86b70bcd6da6dcaf	2875	sources/m3-checkout/m3/tooling/migration-recipes/src/main/resources/com/m3/rewrite/backport/jdk21-hash-pinned-text/jcc-handoff-20261005/plan-intake-752-ci.json
8034d77f1124584888dce10760bd2f5dae55eeb93497f7a0db1d09a3a197ec5f	2873	sources/m3-checkout/m3/tooling/migration-recipes/src/main/resources/com/m3/rewrite/backport/jdk21-hash-pinned-text/jcc-handoff-20261005/plan-intake-8131.json
8544be570c2656c5fa641ae34fc01eaea420bbb420f6d80ce5f95253504e9888	3383	sources/m3-checkout/m3/tooling/migration-recipes/src/main/resources/com/m3/rewrite/backport/jdk21-hash-pinned-text/jcc-handoff-20261005/pom-before-752.xml
9ba3245512f18e3d921b6a8d013cea05a70b5a84c473b34dbd574ba55a1978d4	4112	sources/m3-checkout/m3/tooling/migration-recipes/src/main/resources/com/m3/rewrite/backport/jdk21-hash-pinned/jdk22-recipe-closure/02-M3RecipeScopeRegistry.java.txt
cf1c56ebf8fc2df3778cd56e34240da7c3ba722cb2949e8957b81157abf8b9ba	8378	sources/m3-checkout/m3/tooling/migration-recipes/src/main/resources/com/m3/rewrite/backport/jdk21-hash-pinned/jdk22-recipe-closure/03-M3RecipeScopeDeclarationTest.java.txt
d80a5af11629b89cb2e69d3a119becb7606fb029e8e121d47d684ca755435182	934	sources/m3-checkout/m3/tooling/migration-recipes/src/main/resources/com/m3/rewrite/backport/jdk21-hash-pinned/jdk22-recipe-closure/manifest.tsv
c0ff0c45cf310f233a18e163682d0c12876694a93b1f39a332ecf9e125c82c55	7750	sources/m3-checkout/m3/tooling/migration-recipes/src/main/resources/com/synexia/rewrite/hash-pinned-java/a3-mastery-lab/A3Cases.java.after
0bff4ddf1d6a002510903127bc56c7a2921bfa5851ac8217007eb3699b9febac	734	sources/m3-checkout/m3/tooling/migration-recipes/src/main/resources/com/synexia/rewrite/hash-pinned-java/a3-mastery-lab/manifest.tsv
351eeac06154189e79f3d139336437d5911da5721c9a95a779ebd5d511997d9c	6117	sources/m3-checkout/m3/tooling/migration-recipes/src/main/resources/com/synexia/rewrite/hash-pinned-java/a3-regex-memory-lab/A3LabTest.java.after
acc1f301aef53281ccbb26c78921537de99f98bc3f401906f5be658c761f62ef	6447	sources/m3-checkout/m3/tooling/migration-recipes/src/main/resources/com/synexia/rewrite/hash-pinned-java/a3-regex-memory-lab/A3MemoryCompiler.java.after
19f7e3fb8c5f4332ab721d1962ab9cac261c524a10d9d91272346636fbe86ada	7516	sources/m3-checkout/m3/tooling/migration-recipes/src/main/resources/com/synexia/rewrite/hash-pinned-java/a3-regex-memory-lab/A3RegexMatrix.java.after
e7a96b1290ead86d3861f0388423504078cc8f66f10303f73e0a7d44a6e5776b	658	sources/m3-checkout/m3/tooling/migration-recipes/src/main/resources/com/synexia/rewrite/hash-pinned-java/a3-regex-memory-lab/manifest.tsv
f34470a701cf71b4b4abbe1fa9a5091392a930426ec84d700f13e53edd244629	5380	sources/m3-checkout/m3/tooling/migration-recipes/src/test/java/com/m3/rewrite/M3A3RegexMemoryLabDeliveryRecipeTest.java
3f3ab065d9e87e9f6095629a56b052642ec9d0883a466430e90a4a4355edd05b	4975	sources/m3-checkout/m3/tooling/migration-recipes/src/test/java/com/m3/rewrite/M3A3RegexMemoryWorkflowRecipeTest.java
3a57bda49c218895a2be9f5053671d435840abd4c4079f4a1e5eed89becf0813	11065	sources/m3-checkout/m3/tooling/migration-recipes/src/test/java/com/m3/rewrite/scope/M3ScopeCoverageClosureTest.java
02a922e8b1cbddd611f5d2b494085062c6e7f2e65ef1b51fbe811e434c2296e5	119267	sources/publication-design/integration-c0-checkpoint-v1/HISTORY-AVAILABILITY.json
190d15ef16a89d34a46127714e4f6c6c71387012e7cb1280786a8751432d4fa3	1487003	sources/receiver-current-875/STAGING.json
5c2dbd89014f5a6dd205fafef84b0cf2fb32eff1bd16a4a62ba7e3e642857371	773721	sources/receiver-current-875/evidence/sources.json
149d1d4ccc6fa531425597eadbc759378366108fef57bb6e8a8b27b70477dcd1	5550	sources/receiver-current-v1/repo/m3/docs/a3-lab.md
f28d3cd66fdb757b819dc8ad264a9097eb770f1d25995698ca12e6387cd9bd5d	3078	sources/receiver-current-v1/repo/m3/docs/a3-mastery-receipt.md
eb8ca3340f628e3955d9bea0cfa7d6c0dca5cf0623f85d82335b1c68380a000e	2540	sources/receiver-current-v1/repo/m3/docs/a3-mastery-v6.md
269cba753f97c8903446fcba3db0a056557ab92b9e7d545cea8461c0afbeb877	5105	sources/receiver-current-v1/repo/m3/docs/a3-mastery.md
5b611c1a9c486e36698fce1112d8e876cb98e465ef6c291d7aa94409c6242e18	8625	sources/receiver-current-v1/repo/m3/docs/a3.md
bb60ed0722b7f67a9413afd1ffa255230690f27a1b003b9eaf2df93a1b8bde48	8155	sources/receiver-current-v1/repo/m3/tooling/backport-dag/src/main/java/com/m3/tooling/dag/M3BackportPacketCollection.java
18462864241391a44566764ad4307fbc46894b988a2569dcf820e940961ab225	51135	sources/receiver-current-v1/repo/m3/tooling/backport-dag/src/test/java/com/m3/tooling/dag/M3BackportPacketCollectionTest.java
521a7f07e59f507e0ce3193a3d0c7540c232a37c74128d954b52670677498241	2338	sources/receiver-current-v1/repo/m3/tooling/migration-recipes/src/main/java/com/m3/rewrite/a3/M3A3AlgorithmCatalogueManifest.java
0de471de5a54e1c87153e4b1c23c4013a800f07595cfc05eec7bd4e68f1345d6	10008	sources/receiver-current-v1/repo/m3/tooling/migration-recipes/src/main/resources/com/m3/rewrite/a3-algorithm-catalogue/after/A3Alg.java
de69a27d63c8591bce12967b82d01cd407d3e7a450ddf65fe8636d61616a4be7	20534	sources/receiver-current-v1/repo/m3/tooling/migration-recipes/src/main/resources/com/m3/rewrite/a3-mastery-v6/A3Gate.java.txt
d9d39747f40bb5eff6ba8639e1e5d0554f0223cc94c09443fe1b2054aac9c3d6	5171	sources/receiver-current-v1/repo/m3/tooling/migration-recipes/src/main/resources/com/m3/rewrite/backport/jdk21-hash-pinned-text/a3-regex-memory-workflow/a3-lab.md.txt
a320a7da28264c23120e6296e376822f9795d4735084299701613d41c4e0ca2b	6088	sources/receiver-current-v1/repo/m3/tooling/migration-recipes/src/main/resources/com/synexia/rewrite/hash-pinned-java/a3-mastery-receipt/A3.java.after
c212736f000836cb782a5ff81fd2de48e67d36ea4b3bd53cf7743c4aadbfdaf6	16196	sources/receiver-current-v1/repo/m3/tooling/migration-recipes/src/main/resources/com/synexia/rewrite/hash-pinned-java/a3-regex-memory-lab/A3Lab.java.after
6d9ec887c87898167748ca5f77598f95a6784cfaf14882f4983733c006374b77	5127	sources/receiver-current-v1/repo/m3/tooling/migration-recipes/src/test/resources/com/m3/rewrite/a3-lab/v2-before/A3.java
27308b049acc122f62f9cb9a9a679a94640952c423b04495c0ef5b9a2c824ec1	3633	sources/receiver-current-v1/repo/m3/tooling/migration-recipes/src/test/resources/com/m3/rewrite/a3-mastery-v6/pom.before.xml
6177be186bd1b967552f57ed4f46ba3610a75bce30ca5a66e9a190b9ed3250f2	1053722	sources/recipe-recovery/current-integration-c0/ROOT-READBACK-v2.json
25523bccdf9103950eee7285aa08c4d5f26d4a4ed210ff863aa1f0ada221d22b	25299	sources/recipe-recovery/current-integration-c0/authoring-v2/FAMILY-PARTITION-v1.json
1ab5eb8260bd517481f6a6c1c1c9127b4567373d82f4c87bbfdf835806142a3c	25657	sources/recipe-recovery/current-integration-c0/authoring-v2/FAMILY-PARTITION-v2.json
7573ca386cd6c79840ba0a8741ed4ad40dc1b5f64d2ed037991f033824ad179a	975	sources/recipe-recovery/current-integration-c0/authoring-v2/FIXTURE-DERIVATION.json
706e59ef3e81996365159e83b898c0e10ef7298b38374549697eb7183f1504b5	441	sources/recipe-recovery/current-integration-c0/authoring-v2/FIXTURE-PROTOCOL-REFINEMENT.json
9bb877946d9af9e643ef52f37dd97314a3c1586cbd58ea4fc568b51b5a2d3448	31247	sources/recipe-recovery/current-integration-c0/authoring-v2/Ic0RecipeTest.draft-v1.java.txt
41920fc9c0e1920120a5a622c4b9b08ba40a87d6dfb9b6367a6f61dce0938b3a	229106	sources/recipe-recovery/current-integration-c0/authoring-v2/TARGETS-v1.json
d5050b846d55f32f5afcadf5d905448590c549d1efed2663f942a4be964aa9d1	7137	sources/recipe-recovery/current-integration-c0/authoring-v2/assemble.py
74fccd076b3968cf28f3d4ef58b12c11328762c4516a3183c214a45474a0a6dc	20996	sources/recipe-recovery/current-integration-c0/authoring-v2/derive_java.py
42f937566abbfeecf688f22824e2b9236ac635cdf0eecf3e7869444b3bb0f332	4393	sources/recipe-recovery/current-integration-c0/authoring-v2/freeze.py
712cd36653f69e1886a07e0a273b4d14f0af4115e72159ba61e5708870b7be06	8020	sources/recipe-recovery/current-integration-c0/authoring-v2/partition.py
0813203eabe9649a51aec0694eb2198dc207170e6b119710df427f762a150dc5	264121	sources/recipe-recovery/current-integration-c0/authoring-v2/producer-spec-v1.json
8888c94136742368e731fc5a2463f02657922952af769fc4330967e2698c0f3d	65321	sources/recipe-recovery/current-integration-c0/authoring-v2/proof.draft-v1.py.txt
c3ef38b51edae76e1b01b736e1e7185865a04f379c73d002e49fee3313226b39	1835	sources/recipe-recovery/current-integration-c0/authoring-v3/CORRECTION.json
e80e60418b3cf9bf15384a9e9261dc5a07c41e1e76d9c7cf314d40e1568d979f	20994	sources/recipe-recovery/current-integration-c0/authoring-v3/derive_java.py
df40b2b344a5838df2f1e7559dd24760257a7702a3ce3bf8586ae0e717ac664e	267576	sources/recipe-recovery/current-integration-c0/authoring-v3/producer-spec-v2.json
6e8e5f8303cc7c93df1a152ee51d97bc8b6af44e4b9c279e9e22f6c7afab063b	4400	sources/recipe-recovery/current-integration-c0/authoring-v3/project/README.md
8015207ce502d22955f7f77697177e5939fa1e25be7cd74be89c639335ae48e6	12032	sources/recipe-recovery/current-integration-c0/authoring-v3/project/dependency-source/com/m3/rewrite/backport/M3Jdk21HashPinnedTextSnapshotRecipe.java
2c5b8d596b12319fe66532f0d06325ff33016b826ea22395e407f6c2ea63265e	3693	sources/recipe-recovery/current-integration-c0/authoring-v3/project/pom.xml
c463d62bd3d5898b4d747f57867dfb79b96d5d94962ea57637cc622e93b26d70	66573	sources/recipe-recovery/current-integration-c0/authoring-v3/project/proof.py
0c604b7af2a6452b39904b7f0756fdd5e4e4d723d48f590627b3b1d807746880	299	sources/recipe-recovery/current-integration-c0/authoring-v3/project/src/main/resources/META-INF/rewrite/ic0-aad.yml
c1ab214a10ab317018ae4cc1f869352ff1d76f049f4faebbee696f691be22bf0	299	sources/recipe-recovery/current-integration-c0/authoring-v3/project/src/main/resources/META-INF/rewrite/ic0-aca.yml
1ba8035f242159e2b81f35f22f11525bd47146d1026a39fd8b5d57a032a6173e	299	sources/recipe-recovery/current-integration-c0/authoring-v3/project/src/main/resources/META-INF/rewrite/ic0-acs.yml
5743aaa8366d3b8a48e24e2a9f79b2bc47d6730ea77e238c720fdd4762554b50	299	sources/recipe-recovery/current-integration-c0/authoring-v3/project/src/main/resources/META-INF/rewrite/ic0-agt.yml
7d5356930f83356b46d85b5f78b0f3bfa45bb234edc5b4bb5a05f1d79ca38444	299	sources/recipe-recovery/current-integration-c0/authoring-v3/project/src/main/resources/META-INF/rewrite/ic0-amb.yml
cf3d71ff3bf8a1594bbef42c368d13395635ac94024b75fbb601b2bbacc4abd7	299	sources/recipe-recovery/current-integration-c0/authoring-v3/project/src/main/resources/META-INF/rewrite/ic0-amc.yml
a0ad526a0f49864dcaeff71b36b6297c9d3f9713c363432dcf83bf5b1708e8e4	299	sources/recipe-recovery/current-integration-c0/authoring-v3/project/src/main/resources/META-INF/rewrite/ic0-aml.yml
e0cb6b3adbb942f0c85e81a6305941551ee823726444c81260773497cf0d6a0b	299	sources/recipe-recovery/current-integration-c0/authoring-v3/project/src/main/resources/META-INF/rewrite/ic0-ard.yml
8fe9e8db356b59e0653e4b751f9a50be5e32ec781cab32102d986346150e2503	299	sources/recipe-recovery/current-integration-c0/authoring-v3/project/src/main/resources/META-INF/rewrite/ic0-arm.yml
f8b3ad9ac58ed681f30262ad259ebf411bcbdac321f47b20db48520e98889df3	299	sources/recipe-recovery/current-integration-c0/authoring-v3/project/src/main/resources/META-INF/rewrite/ic0-arr.yml
4c0c9997e43d75e3a51b5919120e2c781bd66465a5a349dc4f9ae6813ecd0e87	299	sources/recipe-recovery/current-integration-c0/authoring-v3/project/src/main/resources/META-INF/rewrite/ic0-avp.yml
d9c88f5a4f828e08f6d058faca47421e7b01563ce3b45e64eae9942cff1d09e9	299	sources/recipe-recovery/current-integration-c0/authoring-v3/project/src/main/resources/META-INF/rewrite/ic0-avr.yml
535e1707cecab980ae1b6350bd0a6ebcf63519abd303f6623c1419519fd8ac14	299	sources/recipe-recovery/current-integration-c0/authoring-v3/project/src/main/resources/META-INF/rewrite/ic0-awb.yml
b8c06e67d98ff88d9c5c7c4269500a3c5d028e77c497b751756f9e71513c62db	299	sources/recipe-recovery/current-integration-c0/authoring-v3/project/src/main/resources/META-INF/rewrite/ic0-awd.yml
1d17ab5d1321e05d1a802980eb78d7f3826d728f5b9c57d00644b2d17f0ca6f5	299	sources/recipe-recovery/current-integration-c0/authoring-v3/project/src/main/resources/META-INF/rewrite/ic0-awr.yml
9ac8a77012470e078d1661251e14fef529983f07993e2d8220fafea93ad3f992	299	sources/recipe-recovery/current-integration-c0/authoring-v3/project/src/main/resources/META-INF/rewrite/ic0-cgo.yml
2e02f1c87218288908a1c8f7caf4000e0a09526092ad8e0b239829fd5c649f1a	299	sources/recipe-recovery/current-integration-c0/authoring-v3/project/src/main/resources/META-INF/rewrite/ic0-cib.yml
73a504f132168f85064e33e4c39bb7f99b919e0f803590ddda142aa2c8e90006	299	sources/recipe-recovery/current-integration-c0/authoring-v3/project/src/main/resources/META-INF/rewrite/ic0-ciw.yml
7b4111714397bd599688bc06f350088e77e2cfa881591854c4353ada683c80f4	299	sources/recipe-recovery/current-integration-c0/authoring-v3/project/src/main/resources/META-INF/rewrite/ic0-cmp.yml
8b8bae147b5c0bce7a839d624c142b9add9a5855c1ab62fa6c1063d6ddd106ba	299	sources/recipe-recovery/current-integration-c0/authoring-v3/project/src/main/resources/META-INF/rewrite/ic0-cor.yml
9b33fa9115154bd78f495120744fe2692de708d454d4e9ecdc2564b83b9f8446	299	sources/recipe-recovery/current-integration-c0/authoring-v3/project/src/main/resources/META-INF/rewrite/ic0-cri.yml
04e72853f464d84747e6a8dfee4183765b6c77edc2dc036e0a2b0167cea7d4d2	299	sources/recipe-recovery/current-integration-c0/authoring-v3/project/src/main/resources/META-INF/rewrite/ic0-dgc.yml
fa601958457ff53dc279c3ee9fa48f0d24271dc19d0a523c16bf77d1c59f839c	299	sources/recipe-recovery/current-integration-c0/authoring-v3/project/src/main/resources/META-INF/rewrite/ic0-fnd.yml
6fbbfa680c965cb25eca2337a7c0ba84ef23761f64ef3f839cbc78da575e9be5	299	sources/recipe-recovery/current-integration-c0/authoring-v3/project/src/main/resources/META-INF/rewrite/ic0-gpc.yml
90db450a4e16bd0b7a76c836f01856f66ecfe23aad2ddccfacb236bbfe586095	299	sources/recipe-recovery/current-integration-c0/authoring-v3/project/src/main/resources/META-INF/rewrite/ic0-hct.yml
9991a9390481d760cc2f74176fc7c1c723e9c0dd4b809f9d6fedfa68d8969251	299	sources/recipe-recovery/current-integration-c0/authoring-v3/project/src/main/resources/META-INF/rewrite/ic0-hts.yml
eb2da19d2894d3bb8d40d681b05d0ce551bce1eb4bf12e51c265cfe1c3898b9f	299	sources/recipe-recovery/current-integration-c0/authoring-v3/project/src/main/resources/META-INF/rewrite/ic0-ipr.yml
c39085343c51c602f49ef3c028f043f6347777b3a18b20ef304cf47f57cbff1b	299	sources/recipe-recovery/current-integration-c0/authoring-v3/project/src/main/resources/META-INF/rewrite/ic0-jgr.yml
e469ca513b39d34ccae8f892da94cf4607492b2f6686254cb5c4464674c7b393	299	sources/recipe-recovery/current-integration-c0/authoring-v3/project/src/main/resources/META-INF/rewrite/ic0-jma.yml
54bb2566e0523c38d3ea2d0a602918c6a0723434d9839d09dea330f2ad40a4a7	299	sources/recipe-recovery/current-integration-c0/authoring-v3/project/src/main/resources/META-INF/rewrite/ic0-jop.yml
1dba50bbc7cf069ca5d42d8ef889b18144d3e54ed0e47424bed9f8188665015d	299	sources/recipe-recovery/current-integration-c0/authoring-v3/project/src/main/resources/META-INF/rewrite/ic0-nul.yml
ad7008b466e9601c3a3ee090b1955ea276085825db703835a93c83eeacf7daa8	2308	sources/recipe-recovery/current-integration-c0/authoring-v3/project/src/main/resources/META-INF/rewrite/ic0-orders.yml
d891d23663b1399d7c71f4569e01fc026e13b7928edc176dafe9c0c99ae91eca	299	sources/recipe-recovery/current-integration-c0/authoring-v3/project/src/main/resources/META-INF/rewrite/ic0-pcd.yml
b8657823c20470617557c8b6508f226e13cda2f8f0aee7e5ffcb80a0f7a7a420	299	sources/recipe-recovery/current-integration-c0/authoring-v3/project/src/main/resources/META-INF/rewrite/ic0-pco.yml
46568cdbbeb65963aa290f9fe1780b201d95d03ffad733362629b27c26694497	299	sources/recipe-recovery/current-integration-c0/authoring-v3/project/src/main/resources/META-INF/rewrite/ic0-pcw.yml
da9c1d79a4295c2a63e7f4b9a289620bfd165ad3ea2b8a7b168565b0e2e6447c	299	sources/recipe-recovery/current-integration-c0/authoring-v3/project/src/main/resources/META-INF/rewrite/ic0-scp.yml
3c58e252ae20501b4258f6d7d016e51340e20d0273887a52c96ebddfe3dad996	299	sources/recipe-recovery/current-integration-c0/authoring-v3/project/src/main/resources/META-INF/rewrite/ic0-sdc.yml
d1386ec5616bd2570de480991e84880c8f6c2992b0d03f1f93bca63135832f5f	225	sources/recipe-recovery/current-integration-c0/authoring-v3/project/src/main/resources/com/m3/rewrite/backport/jdk21-hash-pinned-text/ic0-aad/manifest.tsv
f28d3cd66fdb757b819dc8ad264a9097eb770f1d25995698ca12e6387cd9bd5d	3078	sources/recipe-recovery/current-integration-c0/authoring-v3/project/src/main/resources/com/m3/rewrite/backport/jdk21-hash-pinned-text/ic0-aad/target-1.txt
eb8ca3340f628e3955d9bea0cfa7d6c0dca5cf0623f85d82335b1c68380a000e	2540	sources/recipe-recovery/current-integration-c0/authoring-v3/project/src/main/resources/com/m3/rewrite/backport/jdk21-hash-pinned-text/ic0-aad/target-2.txt
89d7df5d0190e71b6fb69797fe848b37f5ffb09e274f020135e0df948488782a	1306	sources/recipe-recovery/current-integration-c0/authoring-v3/project/src/main/resources/com/m3/rewrite/backport/jdk21-hash-pinned-text/ic0-aca/manifest.tsv
0de471de5a54e1c87153e4b1c23c4013a800f07595cfc05eec7bd4e68f1345d6	10008	sources/recipe-recovery/current-integration-c0/authoring-v3/project/src/main/resources/com/m3/rewrite/backport/jdk21-hash-pinned-text/ic0-aca/target-1.txt
8922e21e4f814dc99282cf1828786a0347552454003e23ac2fa91aa8710851b1	4466	sources/recipe-recovery/current-integration-c0/authoring-v3/project/src/main/resources/com/m3/rewrite/backport/jdk21-hash-pinned-text/ic0-aca/target-2.txt
a53bdeee8afe28b90cb0e348e718b70610a9487edb1b75b46e09bfb76e0f3dc9	3522	sources/recipe-recovery/current-integration-c0/authoring-v3/project/src/main/resources/com/m3/rewrite/backport/jdk21-hash-pinned-text/ic0-aca/target-3.txt
521a7f07e59f507e0ce3193a3d0c7540c232a37c74128d954b52670677498241	2338	sources/recipe-recovery/current-integration-c0/authoring-v3/project/src/main/resources/com/m3/rewrite/backport/jdk21-hash-pinned-text/ic0-aca/target-4.txt
0de471de5a54e1c87153e4b1c23c4013a800f07595cfc05eec7bd4e68f1345d6	10008	sources/recipe-recovery/current-integration-c0/authoring-v3/project/src/main/resources/com/m3/rewrite/backport/jdk21-hash-pinned-text/ic0-aca/target-5.txt
8922e21e4f814dc99282cf1828786a0347552454003e23ac2fa91aa8710851b1	4466	sources/recipe-recovery/current-integration-c0/authoring-v3/project/src/main/resources/com/m3/rewrite/backport/jdk21-hash-pinned-text/ic0-aca/target-6.txt
7d443b17756355cb16d4871d68372194661aafb26cc650d15a71e6ba343d3d6f	712	sources/recipe-recovery/current-integration-c0/authoring-v3/project/src/main/resources/com/m3/rewrite/backport/jdk21-hash-pinned-text/ic0-acs/manifest.tsv
c0ff0c45cf310f233a18e163682d0c12876694a93b1f39a332ecf9e125c82c55	7750	sources/recipe-recovery/current-integration-c0/authoring-v3/project/src/main/resources/com/m3/rewrite/backport/jdk21-hash-pinned-text/ic0-acs/target-1.txt
c0ff0c45cf310f233a18e163682d0c12876694a93b1f39a332ecf9e125c82c55	7750	sources/recipe-recovery/current-integration-c0/authoring-v3/project/src/main/resources/com/m3/rewrite/backport/jdk21-hash-pinned-text/ic0-acs/target-2.txt
0bff4ddf1d6a002510903127bc56c7a2921bfa5851ac8217007eb3699b9febac	734	sources/recipe-recovery/current-integration-c0/authoring-v3/project/src/main/resources/com/m3/rewrite/backport/jdk21-hash-pinned-text/ic0-acs/target-3.txt
49cc5867de7b3e55e3532558606cfcb13bd06b256d36314de3d668d630650e17	634	sources/recipe-recovery/current-integration-c0/authoring-v3/project/src/main/resources/com/m3/rewrite/backport/jdk21-hash-pinned-text/ic0-agt/manifest.tsv
de69a27d63c8591bce12967b82d01cd407d3e7a450ddf65fe8636d61616a4be7	20534	sources/recipe-recovery/current-integration-c0/authoring-v3/project/src/main/resources/com/m3/rewrite/backport/jdk21-hash-pinned-text/ic0-agt/target-1.txt
4153ba0405d19e1b49762ec2c1cdd6c42971e000f0660c674587d8611336ef14	6575	sources/recipe-recovery/current-integration-c0/authoring-v3/project/src/main/resources/com/m3/rewrite/backport/jdk21-hash-pinned-text/ic0-agt/target-2.txt
de69a27d63c8591bce12967b82d01cd407d3e7a450ddf65fe8636d61616a4be7	20534	sources/recipe-recovery/current-integration-c0/authoring-v3/project/src/main/resources/com/m3/rewrite/backport/jdk21-hash-pinned-text/ic0-agt/target-3.txt
4153ba0405d19e1b49762ec2c1cdd6c42971e000f0660c674587d8611336ef14	6575	sources/recipe-recovery/current-integration-c0/authoring-v3/project/src/main/resources/com/m3/rewrite/backport/jdk21-hash-pinned-text/ic0-agt/target-4.txt
07c82862622f587d850e42928e6972df02d549208e94d5742cb511be2f5e40ba	556	sources/recipe-recovery/current-integration-c0/authoring-v3/project/src/main/resources/com/m3/rewrite/backport/jdk21-hash-pinned-text/ic0-amb/manifest.tsv
6d9ec887c87898167748ca5f77598f95a6784cfaf14882f4983733c006374b77	5127	sources/recipe-recovery/current-integration-c0/authoring-v3/project/src/main/resources/com/m3/rewrite/backport/jdk21-hash-pinned-text/ic0-amb/target-1.txt
c212736f000836cb782a5ff81fd2de48e67d36ea4b3bd53cf7743c4aadbfdaf6	16196	sources/recipe-recovery/current-integration-c0/authoring-v3/project/src/main/resources/com/m3/rewrite/backport/jdk21-hash-pinned-text/ic0-amb/target-2.txt
351eeac06154189e79f3d139336437d5911da5721c9a95a779ebd5d511997d9c	6117	sources/recipe-recovery/current-integration-c0/authoring-v3/project/src/main/resources/com/m3/rewrite/backport/jdk21-hash-pinned-text/ic0-amb/target-3.txt
86f114bcb03dc7df22a6a1bcea80ad1f7e7030e5b0cb481b7eadff6a12ba32da	405	sources/recipe-recovery/current-integration-c0/authoring-v3/project/src/main/resources/com/m3/rewrite/backport/jdk21-hash-pinned-text/ic0-amc/manifest.tsv
78eb9fd9168850dd0908621385ad6246acc4690ea375ecace754205708f81edc	9874	sources/recipe-recovery/current-integration-c0/authoring-v3/project/src/main/resources/com/m3/rewrite/backport/jdk21-hash-pinned-text/ic0-amc/target-1.txt
87c9ab22a66c6289325e4f612967e5921fc922240cd7cd1b7c5986b506fda390	10108	sources/recipe-recovery/current-integration-c0/authoring-v3/project/src/main/resources/com/m3/rewrite/backport/jdk21-hash-pinned-text/ic0-amc/target-2.txt
a7887d62f0caf5f6ae9750622ed09129536b9b9a3da31c057cac35117a7621de	6319	sources/recipe-recovery/current-integration-c0/authoring-v3/project/src/main/resources/com/m3/rewrite/backport/jdk21-hash-pinned-text/ic0-amc/target-3.txt
ec4632138062740f3bea0f050661a176ea356b3734934c7856331dcbc3b21937	577	sources/recipe-recovery/current-integration-c0/authoring-v3/project/src/main/resources/com/m3/rewrite/backport/jdk21-hash-pinned-text/ic0-aml/manifest.tsv
a320a7da28264c23120e6296e376822f9795d4735084299701613d41c4e0ca2b	6088	sources/recipe-recovery/current-integration-c0/authoring-v3/project/src/main/resources/com/m3/rewrite/backport/jdk21-hash-pinned-text/ic0-aml/target-1.txt
d45a759b1f51e117af486d9c8b66ca7e9ab8bfeb1764b619680cf4441d759e87	17041	sources/recipe-recovery/current-integration-c0/authoring-v3/project/src/main/resources/com/m3/rewrite/backport/jdk21-hash-pinned-text/ic0-aml/target-2.txt
48dfc6ab7c68ad7d3342dda8d0086e1f7ec74dce4a7b1943d4ff7e0b32d8c52b	7131	sources/recipe-recovery/current-integration-c0/authoring-v3/project/src/main/resources/com/m3/rewrite/backport/jdk21-hash-pinned-text/ic0-aml/target-3.txt
19091afaeb78b0c2aa57d2c57a8197e0a27dee9470f0458c4c10632c1037b2da	731	sources/recipe-recovery/current-integration-c0/authoring-v3/project/src/main/resources/com/m3/rewrite/backport/jdk21-hash-pinned-text/ic0-ard/manifest.tsv
3a17ae820b3962b8b3481e1c96217f593c348643d5cbd5f3a3c6dae218aa9683	506	sources/recipe-recovery/current-integration-c0/authoring-v3/project/src/main/resources/com/m3/rewrite/backport/jdk21-hash-pinned-text/ic0-ard/target-1.txt
c29d8a05ff2ff6b7e684c276b070a439c6a3ef145671f26ad6a77a8cf09d4c0a	519	sources/recipe-recovery/current-integration-c0/authoring-v3/project/src/main/resources/com/m3/rewrite/backport/jdk21-hash-pinned-text/ic0-ard/target-2.txt
f8e225a3cc43fdb8e56534a78997760774601deafc95a05c87d5975ed5cb5aad	5927	sources/recipe-recovery/current-integration-c0/authoring-v3/project/src/main/resources/com/m3/rewrite/backport/jdk21-hash-pinned-text/ic0-ard/target-3.txt
a8e7c77c57e9b9517cc14b8659e8b46e2cce11b29ea7ac0a35c80ab8ac7e8c48	5716	sources/recipe-recovery/current-integration-c0/authoring-v3/project/src/main/resources/com/m3/rewrite/backport/jdk21-hash-pinned-text/ic0-ard/target-4.txt
39336b3be2d437740a281d3ce3fbda8cd61d0e6e5ebc1e821b98518e1464c5d7	1696	sources/recipe-recovery/current-integration-c0/authoring-v3/project/src/main/resources/com/m3/rewrite/backport/jdk21-hash-pinned-text/ic0-arm/manifest.tsv
acc1f301aef53281ccbb26c78921537de99f98bc3f401906f5be658c761f62ef	6447	sources/recipe-recovery/current-integration-c0/authoring-v3/project/src/main/resources/com/m3/rewrite/backport/jdk21-hash-pinned-text/ic0-arm/target-1.txt
19f7e3fb8c5f4332ab721d1962ab9cac261c524a10d9d91272346636fbe86ada	7516	sources/recipe-recovery/current-integration-c0/authoring-v3/project/src/main/resources/com/m3/rewrite/backport/jdk21-hash-pinned-text/ic0-arm/target-2.txt
acc1f301aef53281ccbb26c78921537de99f98bc3f401906f5be658c761f62ef	6447	sources/recipe-recovery/current-integration-c0/authoring-v3/project/src/main/resources/com/m3/rewrite/backport/jdk21-hash-pinned-text/ic0-arm/target-3.txt
19f7e3fb8c5f4332ab721d1962ab9cac261c524a10d9d91272346636fbe86ada	7516	sources/recipe-recovery/current-integration-c0/authoring-v3/project/src/main/resources/com/m3/rewrite/backport/jdk21-hash-pinned-text/ic0-arm/target-4.txt
e7a96b1290ead86d3861f0388423504078cc8f66f10303f73e0a7d44a6e5776b	658	sources/recipe-recovery/current-integration-c0/authoring-v3/project/src/main/resources/com/m3/rewrite/backport/jdk21-hash-pinned-text/ic0-arm/target-5.txt
f34470a701cf71b4b4abbe1fa9a5091392a930426ec84d700f13e53edd244629	5380	sources/recipe-recovery/current-integration-c0/authoring-v3/project/src/main/resources/com/m3/rewrite/backport/jdk21-hash-pinned-text/ic0-arm/target-6.txt
3f3ab065d9e87e9f6095629a56b052642ec9d0883a466430e90a4a4355edd05b	4975	sources/recipe-recovery/current-integration-c0/authoring-v3/project/src/main/resources/com/m3/rewrite/backport/jdk21-hash-pinned-text/ic0-arm/target-7.txt
e99545b056b2ee220e71627ae06755317dc12416b626d118140b6efcba38402b	1442	sources/recipe-recovery/current-integration-c0/authoring-v3/project/src/main/resources/com/m3/rewrite/backport/jdk21-hash-pinned-text/ic0-arr/manifest.tsv
a320a7da28264c23120e6296e376822f9795d4735084299701613d41c4e0ca2b	6088	sources/recipe-recovery/current-integration-c0/authoring-v3/project/src/main/resources/com/m3/rewrite/backport/jdk21-hash-pinned-text/ic0-arr/target-1.txt
d45a759b1f51e117af486d9c8b66ca7e9ab8bfeb1764b619680cf4441d759e87	17041	sources/recipe-recovery/current-integration-c0/authoring-v3/project/src/main/resources/com/m3/rewrite/backport/jdk21-hash-pinned-text/ic0-arr/target-2.txt
48dfc6ab7c68ad7d3342dda8d0086e1f7ec74dce4a7b1943d4ff7e0b32d8c52b	7131	sources/recipe-recovery/current-integration-c0/authoring-v3/project/src/main/resources/com/m3/rewrite/backport/jdk21-hash-pinned-text/ic0-arr/target-3.txt
78eb9fd9168850dd0908621385ad6246acc4690ea375ecace754205708f81edc	9874	sources/recipe-recovery/current-integration-c0/authoring-v3/project/src/main/resources/com/m3/rewrite/backport/jdk21-hash-pinned-text/ic0-arr/target-4.txt
87c9ab22a66c6289325e4f612967e5921fc922240cd7cd1b7c5986b506fda390	10108	sources/recipe-recovery/current-integration-c0/authoring-v3/project/src/main/resources/com/m3/rewrite/backport/jdk21-hash-pinned-text/ic0-arr/target-5.txt
a7887d62f0caf5f6ae9750622ed09129536b9b9a3da31c057cac35117a7621de	6319	sources/recipe-recovery/current-integration-c0/authoring-v3/project/src/main/resources/com/m3/rewrite/backport/jdk21-hash-pinned-text/ic0-arr/target-6.txt
948e5e29a8912cd2def07610d281e35d5ebeac4a95ba7f2c77ac1fb8ba9c9bb4	926	sources/recipe-recovery/current-integration-c0/authoring-v3/project/src/main/resources/com/m3/rewrite/backport/jdk21-hash-pinned-text/ic0-arr/target-7.txt
8a0b1cc6913250370e5ec724876f270b01da80c3a060ec7d66f7fe6b07bbd2d7	598	sources/recipe-recovery/current-integration-c0/authoring-v3/project/src/main/resources/com/m3/rewrite/backport/jdk21-hash-pinned-text/ic0-avp/manifest.tsv
ed492007ff21c2166a17c0a4162cc9cdb775c744d54215d32bba736bcc1067aa	150	sources/recipe-recovery/current-integration-c0/authoring-v3/project/src/main/resources/com/m3/rewrite/backport/jdk21-hash-pinned-text/ic0-avp/target-1.txt
b7d67c2492a2de593aaeebe47ce6bbf657a0ab0b1d59349866ccb7d835208ac8	4531	sources/recipe-recovery/current-integration-c0/authoring-v3/project/src/main/resources/com/m3/rewrite/backport/jdk21-hash-pinned-text/ic0-avp/target-2.txt
27308b049acc122f62f9cb9a9a679a94640952c423b04495c0ef5b9a2c824ec1	3633	sources/recipe-recovery/current-integration-c0/authoring-v3/project/src/main/resources/com/m3/rewrite/backport/jdk21-hash-pinned-text/ic0-avp/target-3.txt
64ee61c5460513b0d2e13be1407ae368f22528c8b6dba9ffc23ceb978acda9fe	691	sources/recipe-recovery/current-integration-c0/authoring-v3/project/src/main/resources/com/m3/rewrite/backport/jdk21-hash-pinned-text/ic0-avr/manifest.tsv
eb28c15b30a454a2e7a10c6a99791e101f811248762ce7f5104d322b9c2773d6	7506	sources/recipe-recovery/current-integration-c0/authoring-v3/project/src/main/resources/com/m3/rewrite/backport/jdk21-hash-pinned-text/ic0-avr/target-1.txt
f0f9ce2d1252cc5ab0de210f1f06623227db7b702961c5aecf966ad12b3041e5	564	sources/recipe-recovery/current-integration-c0/authoring-v3/project/src/main/resources/com/m3/rewrite/backport/jdk21-hash-pinned-text/ic0-avr/target-2.txt
2d5e39a2d1dcdc37f5008929f72de335ae96d6408a3516f8246f956f7c43b2d5	2995	sources/recipe-recovery/current-integration-c0/authoring-v3/project/src/main/resources/com/m3/rewrite/backport/jdk21-hash-pinned-text/ic0-avr/target-3.txt
990ac79aad3fcc1d7df181a57504a29d39025f7c3effe15e7794644c889832a7	5952	sources/recipe-recovery/current-integration-c0/authoring-v3/project/src/main/resources/com/m3/rewrite/backport/jdk21-hash-pinned-text/ic0-avr/target-4.txt
8b9f6945a0f73947008d67771a27a0b5de3f1e4929538f4fb13c9bdc04874ac4	966	sources/recipe-recovery/current-integration-c0/authoring-v3/project/src/main/resources/com/m3/rewrite/backport/jdk21-hash-pinned-text/ic0-awb/manifest.tsv
d9d39747f40bb5eff6ba8639e1e5d0554f0223cc94c09443fe1b2054aac9c3d6	5171	sources/recipe-recovery/current-integration-c0/authoring-v3/project/src/main/resources/com/m3/rewrite/backport/jdk21-hash-pinned-text/ic0-awb/target-1.txt
01a428a662ffbdbd22dcd39d1fea7b69084ce34cada0bb5582b8c3686615750d	3974	sources/recipe-recovery/current-integration-c0/authoring-v3/project/src/main/resources/com/m3/rewrite/backport/jdk21-hash-pinned-text/ic0-awb/target-2.txt
9c5177ee233ee5335131c9106b7a6faa0041b1cd09e9385e36909d8c6365cf87	8267	sources/recipe-recovery/current-integration-c0/authoring-v3/project/src/main/resources/com/m3/rewrite/backport/jdk21-hash-pinned-text/ic0-awb/target-3.txt
27308b049acc122f62f9cb9a9a679a94640952c423b04495c0ef5b9a2c824ec1	3633	sources/recipe-recovery/current-integration-c0/authoring-v3/project/src/main/resources/com/m3/rewrite/backport/jdk21-hash-pinned-text/ic0-awb/target-4.txt
b408f0b8d0e4d6e197230e3cb1469d14e0d52aecd33ac55c71f11d513d6e23ec	10881	sources/recipe-recovery/current-integration-c0/authoring-v3/project/src/main/resources/com/m3/rewrite/backport/jdk21-hash-pinned-text/ic0-awb/target-5.txt
af2684a3af82b6cbebf718bbe59808af8c7ef1b1de52fdcf42a0d90efecc8649	943	sources/recipe-recovery/current-integration-c0/authoring-v3/project/src/main/resources/com/m3/rewrite/backport/jdk21-hash-pinned-text/ic0-awd/manifest.tsv
12bb0deb1e9536235a106474865faea7262389dea72150ce6a7cf7e8c65f9c46	2100	sources/recipe-recovery/current-integration-c0/authoring-v3/project/src/main/resources/com/m3/rewrite/backport/jdk21-hash-pinned-text/ic0-awd/target-1.txt
e2224918c07412ab448140f4f842224629c3b4fb72a04b41a592f7c627e83775	11744	sources/recipe-recovery/current-integration-c0/authoring-v3/project/src/main/resources/com/m3/rewrite/backport/jdk21-hash-pinned-text/ic0-awd/target-2.txt
149d1d4ccc6fa531425597eadbc759378366108fef57bb6e8a8b27b70477dcd1	5550	sources/recipe-recovery/current-integration-c0/authoring-v3/project/src/main/resources/com/m3/rewrite/backport/jdk21-hash-pinned-text/ic0-awd/target-3.txt
269cba753f97c8903446fcba3db0a056557ab92b9e7d545cea8461c0afbeb877	5105	sources/recipe-recovery/current-integration-c0/authoring-v3/project/src/main/resources/com/m3/rewrite/backport/jdk21-hash-pinned-text/ic0-awd/target-4.txt
5b611c1a9c486e36698fce1112d8e876cb98e465ef6c291d7aa94409c6242e18	8625	sources/recipe-recovery/current-integration-c0/authoring-v3/project/src/main/resources/com/m3/rewrite/backport/jdk21-hash-pinned-text/ic0-awd/target-5.txt
faed3fa2e7103aaca8dca51b7bd9660453276d5ba424120c9b5537e5d617c194	5456	sources/recipe-recovery/current-integration-c0/authoring-v3/project/src/main/resources/com/m3/rewrite/backport/jdk21-hash-pinned-text/ic0-awd/target-6.txt
018bc7d7ad2c11e7a284ef8adc77299f884237a0d4c0e2fadc7c0cc92b2bcda8	1332	sources/recipe-recovery/current-integration-c0/authoring-v3/project/src/main/resources/com/m3/rewrite/backport/jdk21-hash-pinned-text/ic0-awr/manifest.tsv
149d1d4ccc6fa531425597eadbc759378366108fef57bb6e8a8b27b70477dcd1	5550	sources/recipe-recovery/current-integration-c0/authoring-v3/project/src/main/resources/com/m3/rewrite/backport/jdk21-hash-pinned-text/ic0-awr/target-1.txt
269cba753f97c8903446fcba3db0a056557ab92b9e7d545cea8461c0afbeb877	5105	sources/recipe-recovery/current-integration-c0/authoring-v3/project/src/main/resources/com/m3/rewrite/backport/jdk21-hash-pinned-text/ic0-awr/target-2.txt
5b611c1a9c486e36698fce1112d8e876cb98e465ef6c291d7aa94409c6242e18	8625	sources/recipe-recovery/current-integration-c0/authoring-v3/project/src/main/resources/com/m3/rewrite/backport/jdk21-hash-pinned-text/ic0-awr/target-3.txt
4ff049c2f7b0e8eb01aa6eb643f7588caea10b1e544653f78f68fe9566e88951	825	sources/recipe-recovery/current-integration-c0/authoring-v3/project/src/main/resources/com/m3/rewrite/backport/jdk21-hash-pinned-text/ic0-awr/target-4.txt
d3cce7617f65ba818df045502f41917b5b9bef1c5b3b848ae3bee03ce949ae79	4558	sources/recipe-recovery/current-integration-c0/authoring-v3/project/src/main/resources/com/m3/rewrite/backport/jdk21-hash-pinned-text/ic0-awr/target-5.txt
e2224918c07412ab448140f4f842224629c3b4fb72a04b41a592f7c627e83775	11744	sources/recipe-recovery/current-integration-c0/authoring-v3/project/src/main/resources/com/m3/rewrite/backport/jdk21-hash-pinned-text/ic0-awr/target-6.txt
2d3f548908ebd33f2e93d516cd94e19830dbddf79468d9a8c0ff67b42d38e049	1316	sources/recipe-recovery/current-integration-c0/authoring-v3/project/src/main/resources/com/m3/rewrite/backport/jdk21-hash-pinned-text/ic0-cgo/manifest.tsv
4c86fb6ddc117ed481309811887df97233803c708dd19b599516e229cddf4178	5159	sources/recipe-recovery/current-integration-c0/authoring-v3/project/src/main/resources/com/m3/rewrite/backport/jdk21-hash-pinned-text/ic0-cgo/target-1.txt
6f23e04cf11046fd90452740d549e55c3f12dfb785036137886739d73539844f	344	sources/recipe-recovery/current-integration-c0/authoring-v3/project/src/main/resources/com/m3/rewrite/backport/jdk21-hash-pinned-text/ic0-cgo/target-2.txt
99a26f393466db29e3a2cd36727eb906e9b40dc68df663e95a0174e00067b624	3174	sources/recipe-recovery/current-integration-c0/authoring-v3/project/src/main/resources/com/m3/rewrite/backport/jdk21-hash-pinned-text/ic0-cgo/target-3.txt
77ee719e75092e9b9ee765bfce2b7cb9a14b40814aa8be15c1aaea5b211016c2	395	sources/recipe-recovery/current-integration-c0/authoring-v3/project/src/main/resources/com/m3/rewrite/backport/jdk21-hash-pinned-text/ic0-cgo/target-4.txt
02131ab6cc2ca7c58f95e5791f05e70ef2315de552763a7d6f96fb5838074fcc	8715	sources/recipe-recovery/current-integration-c0/authoring-v3/project/src/main/resources/com/m3/rewrite/backport/jdk21-hash-pinned-text/ic0-cgo/target-5.txt
828164ada2300dbd8935a6ac34992d47be8f8c2f211ca5d3950fa7916550acf1	2247	sources/recipe-recovery/current-integration-c0/authoring-v3/project/src/main/resources/com/m3/rewrite/backport/jdk21-hash-pinned-text/ic0-cgo/target-6.txt
9ddb6eb1dbc4b618f0cd3817ed5f03f4eecd7202dead3e762f640a93c82456e2	374	sources/recipe-recovery/current-integration-c0/authoring-v3/project/src/main/resources/com/m3/rewrite/backport/jdk21-hash-pinned-text/ic0-cib/manifest.tsv
ead40f30276be985b00c2280a3ae41f23e6c1f0a4fc641dd617ff367d5c3c77c	15862	sources/recipe-recovery/current-integration-c0/authoring-v3/project/src/main/resources/com/m3/rewrite/backport/jdk21-hash-pinned-text/ic0-cib/target-1.txt
486b0a3980fa727a668d8c30d784f26400cf024516fc10f629aec398427c40f9	6325	sources/recipe-recovery/current-integration-c0/authoring-v3/project/src/main/resources/com/m3/rewrite/backport/jdk21-hash-pinned-text/ic0-cib/target-2.txt
556d7744fc7af55e1ef7ee66012872f40633daf0afb030657bb06fcfa1bb8587	529	sources/recipe-recovery/current-integration-c0/authoring-v3/project/src/main/resources/com/m3/rewrite/backport/jdk21-hash-pinned-text/ic0-ciw/manifest.tsv
b0ed1b1f29b0c2e8cec3114852f48f8ed7d2f2e3edd77a8df17788eccf6d6deb	4428	sources/recipe-recovery/current-integration-c0/authoring-v3/project/src/main/resources/com/m3/rewrite/backport/jdk21-hash-pinned-text/ic0-ciw/target-1.txt
da68bc2e110f1e6cfcadef240393c121c86a8bcc3341202a900e2c8e3466e1b5	57323	sources/recipe-recovery/current-integration-c0/authoring-v3/project/src/main/resources/com/m3/rewrite/backport/jdk21-hash-pinned-text/ic0-ciw/target-2.txt
a716b1128c5796a553e14c520deb07795d0394229496eb67b93de07913e3126d	9662	sources/recipe-recovery/current-integration-c0/authoring-v3/project/src/main/resources/com/m3/rewrite/backport/jdk21-hash-pinned-text/ic0-ciw/target-3.txt
fc0e4aa46859f49c3c8e914b95243b279bbd2a0e7737f6535d8947b769153a2f	15213	sources/recipe-recovery/current-integration-c0/authoring-v3/project/src/main/resources/com/m3/rewrite/backport/jdk21-hash-pinned-text/ic0-ciw/target-4.txt
9ff6c0ec93be56758814de6a2464e063ff49fd821eaa497ecd8b974ac235821b	169	sources/recipe-recovery/current-integration-c0/authoring-v3/project/src/main/resources/com/m3/rewrite/backport/jdk21-hash-pinned-text/ic0-cmp/manifest.tsv
cf6a75806908fee920ecbf7bbe548182f1d9db179e9cc554e36739b1c45a6e6c	423495	sources/recipe-recovery/current-integration-c0/authoring-v3/project/src/main/resources/com/m3/rewrite/backport/jdk21-hash-pinned-text/ic0-cmp/target-1.txt
f6ae4f6ec95f8a238bf65313858d242f5b32c495bba2091d1b3ea9a964919974	231	sources/recipe-recovery/current-integration-c0/authoring-v3/project/src/main/resources/com/m3/rewrite/backport/jdk21-hash-pinned-text/ic0-cor/manifest.tsv
dde797e49266f4d89ec271cb705f238a72d26e95e5e5865c6b608d924fde9d0d	18329	sources/recipe-recovery/current-integration-c0/authoring-v3/project/src/main/resources/com/m3/rewrite/backport/jdk21-hash-pinned-text/ic0-cor/target-1.txt
d8ba52bee5619c7f5dc95fadbb84217436e2e337d2c1f8c08a82e4a7da977925	211	sources/recipe-recovery/current-integration-c0/authoring-v3/project/src/main/resources/com/m3/rewrite/backport/jdk21-hash-pinned-text/ic0-cri/manifest.tsv
2940fa6f37604db870c625d5d4745b1b8e3c615db172d91b5815d5668beaa057	684	sources/recipe-recovery/current-integration-c0/authoring-v3/project/src/main/resources/com/m3/rewrite/backport/jdk21-hash-pinned-text/ic0-cri/target-1.txt
64415c0ae5a5ba87ed9c830bfbafd2596fc7d2cad32be4638a31128f1c2713be	1627	sources/recipe-recovery/current-integration-c0/authoring-v3/project/src/main/resources/com/m3/rewrite/backport/jdk21-hash-pinned-text/ic0-dgc/manifest.tsv
59a09aaec010cade4f24d4ef8163e412e63c3a8664d1fef155f7b87a309137ce	6189	sources/recipe-recovery/current-integration-c0/authoring-v3/project/src/main/resources/com/m3/rewrite/backport/jdk21-hash-pinned-text/ic0-dgc/target-1.txt
7741718f54913038f45c4dd552c9891a9d2ada3b3d55189910a54d30954a7120	2377	sources/recipe-recovery/current-integration-c0/authoring-v3/project/src/main/resources/com/m3/rewrite/backport/jdk21-hash-pinned-text/ic0-dgc/target-2.txt
d9abd0532c48169e7e890381bbea022577091d852c366d94ce00c149053efc49	1003	sources/recipe-recovery/current-integration-c0/authoring-v3/project/src/main/resources/com/m3/rewrite/backport/jdk21-hash-pinned-text/ic0-dgc/target-3.txt
885492be4de4d8a12d345c272fc5ecc897150fd823aaedbc4a770c424044b3e3	1575	sources/recipe-recovery/current-integration-c0/authoring-v3/project/src/main/resources/com/m3/rewrite/backport/jdk21-hash-pinned-text/ic0-dgc/target-4.txt
fcece5585c961f7c67bfac9fbc3f6d2bb5cdd9a12bccceaa70c6e384ee540f1d	1695	sources/recipe-recovery/current-integration-c0/authoring-v3/project/src/main/resources/com/m3/rewrite/backport/jdk21-hash-pinned-text/ic0-dgc/target-5.txt
cad129631f107efe062a8850e0c8a6a9bc98875142742d4f3c18dd745b29393d	13835	sources/recipe-recovery/current-integration-c0/authoring-v3/project/src/main/resources/com/m3/rewrite/backport/jdk21-hash-pinned-text/ic0-dgc/target-6.txt
d4470dc68c4259b599ceb67cf403cb127945f9c0f5215ba400399a689efd8c6d	12586	sources/recipe-recovery/current-integration-c0/authoring-v3/project/src/main/resources/com/m3/rewrite/backport/jdk21-hash-pinned-text/ic0-dgc/target-7.txt
3e1e1d16d6cea44d0dfda5557ac7748234886843398571a4c2ac23d5b0b0cf7f	577	sources/recipe-recovery/current-integration-c0/authoring-v3/project/src/main/resources/com/m3/rewrite/backport/jdk21-hash-pinned-text/ic0-fnd/manifest.tsv
b43095e303e839df207d76a8ae94bdbaf6fa3a05d158335566c929ba8357c283	2759	sources/recipe-recovery/current-integration-c0/authoring-v3/project/src/main/resources/com/m3/rewrite/backport/jdk21-hash-pinned-text/ic0-fnd/target-1.txt
7d1c50f1340f811f48e17a64b0674fcf631219f69c7878531602b09310beb198	79534	sources/recipe-recovery/current-integration-c0/authoring-v3/project/src/main/resources/com/m3/rewrite/backport/jdk21-hash-pinned-text/ic0-fnd/target-2.txt
acd49abfe66383ae325ced5adf371716f76eb164749ddb2e19a0dcf5638a4e96	8723	sources/recipe-recovery/current-integration-c0/authoring-v3/project/src/main/resources/com/m3/rewrite/backport/jdk21-hash-pinned-text/ic0-fnd/target-3.txt
924f82ab0df19c7c24a9c208c93880fab36da2c9216572c33b4219d6c0208f64	16970	sources/recipe-recovery/current-integration-c0/authoring-v3/project/src/main/resources/com/m3/rewrite/backport/jdk21-hash-pinned-text/ic0-fnd/target-4.txt
b7ae7304902b40ce7dd730cadd434077d1afa1852579aa18a457e85d13bd0773	1753	sources/recipe-recovery/current-integration-c0/authoring-v3/project/src/main/resources/com/m3/rewrite/backport/jdk21-hash-pinned-text/ic0-gpc/manifest.tsv
107e583af7e846ea83774cc681e649e52fa6edef571165dcd717200cd720898f	24060	sources/recipe-recovery/current-integration-c0/authoring-v3/project/src/main/resources/com/m3/rewrite/backport/jdk21-hash-pinned-text/ic0-gpc/target-1.txt
c63219a36e3898c8c5bd14886582bacc675099a4bdaa08964bac6ae724a608f9	31435	sources/recipe-recovery/current-integration-c0/authoring-v3/project/src/main/resources/com/m3/rewrite/backport/jdk21-hash-pinned-text/ic0-gpc/target-2.txt
211a5ffd20dd3c4a640d0739c41b071cfbf103dbb26069ab07c6dbf037e4d3a9	14856	sources/recipe-recovery/current-integration-c0/authoring-v3/project/src/main/resources/com/m3/rewrite/backport/jdk21-hash-pinned-text/ic0-gpc/target-3.txt
d5671e86b1a958fa91a6819d49dd72dd62365b865b1605e4a83e0f8491ea7a5a	2598	sources/recipe-recovery/current-integration-c0/authoring-v3/project/src/main/resources/com/m3/rewrite/backport/jdk21-hash-pinned-text/ic0-gpc/target-4.txt
107e583af7e846ea83774cc681e649e52fa6edef571165dcd717200cd720898f	24060	sources/recipe-recovery/current-integration-c0/authoring-v3/project/src/main/resources/com/m3/rewrite/backport/jdk21-hash-pinned-text/ic0-gpc/target-5.txt
c63219a36e3898c8c5bd14886582bacc675099a4bdaa08964bac6ae724a608f9	31435	sources/recipe-recovery/current-integration-c0/authoring-v3/project/src/main/resources/com/m3/rewrite/backport/jdk21-hash-pinned-text/ic0-gpc/target-6.txt
211a5ffd20dd3c4a640d0739c41b071cfbf103dbb26069ab07c6dbf037e4d3a9	14856	sources/recipe-recovery/current-integration-c0/authoring-v3/project/src/main/resources/com/m3/rewrite/backport/jdk21-hash-pinned-text/ic0-gpc/target-7.txt
6449b223baded59c01d47c2a17fe1984aaf00d8427ccc7b96d54ec1aac1a119a	1025	sources/recipe-recovery/current-integration-c0/authoring-v3/project/src/main/resources/com/m3/rewrite/backport/jdk21-hash-pinned-text/ic0-hct/manifest.tsv
4114b546749888ec5e6065ea6087d39ea63bafb6ce5881e2239eafaade3b7787	56771	sources/recipe-recovery/current-integration-c0/authoring-v3/project/src/main/resources/com/m3/rewrite/backport/jdk21-hash-pinned-text/ic0-hct/target-1.txt
fde72eb9f2b682f50004defbc70e6d886a3f646abb0d89c0aec5de8ab0dbd30d	13634	sources/recipe-recovery/current-integration-c0/authoring-v3/project/src/main/resources/com/m3/rewrite/backport/jdk21-hash-pinned-text/ic0-hct/target-2.txt
e4ea964db1a6f9527122ff0dad1c969a43dc50a0f80c771c86b70bcd6da6dcaf	2875	sources/recipe-recovery/current-integration-c0/authoring-v3/project/src/main/resources/com/m3/rewrite/backport/jdk21-hash-pinned-text/ic0-hct/target-3.txt
8034d77f1124584888dce10760bd2f5dae55eeb93497f7a0db1d09a3a197ec5f	2873	sources/recipe-recovery/current-integration-c0/authoring-v3/project/src/main/resources/com/m3/rewrite/backport/jdk21-hash-pinned-text/ic0-hct/target-4.txt
8544be570c2656c5fa641ae34fc01eaea420bbb420f6d80ce5f95253504e9888	3383	sources/recipe-recovery/current-integration-c0/authoring-v3/project/src/main/resources/com/m3/rewrite/backport/jdk21-hash-pinned-text/ic0-hct/target-5.txt
a0d3fc7e68265cf11593a08647eaf6dfe3f2e38aa5199365eecea21b2624ce51	522	sources/recipe-recovery/current-integration-c0/authoring-v3/project/src/main/resources/com/m3/rewrite/backport/jdk21-hash-pinned-text/ic0-hts/manifest.tsv
765f001aa41f95c1dfd9994ba64101526ce0324ede896228803133ec9313b9e9	77751	sources/recipe-recovery/current-integration-c0/authoring-v3/project/src/main/resources/com/m3/rewrite/backport/jdk21-hash-pinned-text/ic0-hts/target-1.txt
cfe8e8930916ef96c7d23dd9d0942f082c5eb1d6cf4b2a2f6e9f3d69d8fa3e41	3341	sources/recipe-recovery/current-integration-c0/authoring-v3/project/src/main/resources/com/m3/rewrite/backport/jdk21-hash-pinned-text/ic0-hts/target-2.txt
9d79d07bb31ded0e5ec9eebef1095ae25be8f20c55f9e72aee4ba64852790594	16119	sources/recipe-recovery/current-integration-c0/authoring-v3/project/src/main/resources/com/m3/rewrite/backport/jdk21-hash-pinned-text/ic0-hts/target-3.txt
30a838a363fb05f9c1caf48fd36c0a67de0767708e4b198b77af37ee0c41eb63	7629	sources/recipe-recovery/current-integration-c0/authoring-v3/project/src/main/resources/com/m3/rewrite/backport/jdk21-hash-pinned-text/ic0-hts/target-4.txt
caa68576a994442ea21cbef99a730932a461816fc843dbb86e4220f7b361f098	126	sources/recipe-recovery/current-integration-c0/authoring-v3/project/src/main/resources/com/m3/rewrite/backport/jdk21-hash-pinned-text/ic0-ipr/manifest.tsv
50bfc9b138e5029767d44c39c1fbc7b589a0d2563701398d958d60e1868d21dc	10052	sources/recipe-recovery/current-integration-c0/authoring-v3/project/src/main/resources/com/m3/rewrite/backport/jdk21-hash-pinned-text/ic0-ipr/target-1.txt
c53a4f1aaa6a37b8367225331072bf81ed39444b4ee272d2628ca6981fb49d34	666	sources/recipe-recovery/current-integration-c0/authoring-v3/project/src/main/resources/com/m3/rewrite/backport/jdk21-hash-pinned-text/ic0-jgr/manifest.tsv
bbb1e7384c0f600dd8e3c4ee89e838961fe692e3e5e4963be17d4485ee9bafa6	32695	sources/recipe-recovery/current-integration-c0/authoring-v3/project/src/main/resources/com/m3/rewrite/backport/jdk21-hash-pinned-text/ic0-jgr/target-1.txt
7f3babb54445a1bb662d9ac50ded06efe38e8a502a0f2b3445e81a5ef2536ec4	1214	sources/recipe-recovery/current-integration-c0/authoring-v3/project/src/main/resources/com/m3/rewrite/backport/jdk21-hash-pinned-text/ic0-jgr/target-2.txt
a7954b1a16905829d5daa4372faceabc707b1ca2820bdf8ddc40457a29f4f37e	1012	sources/recipe-recovery/current-integration-c0/authoring-v3/project/src/main/resources/com/m3/rewrite/backport/jdk21-hash-pinned-text/ic0-jgr/target-3.txt
1109f2c7f0637ea606d9275d45a644c7e6dfcd85d776281bfd87f1c27d2f1dd3	43840	sources/recipe-recovery/current-integration-c0/authoring-v3/project/src/main/resources/com/m3/rewrite/backport/jdk21-hash-pinned-text/ic0-jgr/target-4.txt
b18df1233ea0fa070f4ca05bd47dc2bf24f25a30a754011293a922c7bba254dd	759	sources/recipe-recovery/current-integration-c0/authoring-v3/project/src/main/resources/com/m3/rewrite/backport/jdk21-hash-pinned-text/ic0-jma/manifest.tsv
9ade92d7dbd17f113a0a29b712fcf12ec231020a585e6cebd79b291830b01a6e	12048	sources/recipe-recovery/current-integration-c0/authoring-v3/project/src/main/resources/com/m3/rewrite/backport/jdk21-hash-pinned-text/ic0-jma/target-1.txt
28db2dae8e9f8de51237bef0cb945ef70439b66a9b8f484e5e1503202a3836d6	11182	sources/recipe-recovery/current-integration-c0/authoring-v3/project/src/main/resources/com/m3/rewrite/backport/jdk21-hash-pinned-text/ic0-jma/target-2.txt
06c9e0780afc2ac325c4d826dd0404885ebe2cc7f3804fc1e6b49e011fcf0388	442	sources/recipe-recovery/current-integration-c0/authoring-v3/project/src/main/resources/com/m3/rewrite/backport/jdk21-hash-pinned-text/ic0-jma/target-3.txt
6370e7b8a83d1424592acfaa9e4864a26f48b9979fed3cb0d132f0f4ac02236a	3786	sources/recipe-recovery/current-integration-c0/authoring-v3/project/src/main/resources/com/m3/rewrite/backport/jdk21-hash-pinned-text/ic0-jma/target-4.txt
eca5ed510e5d6dcac6911cf4cf0cb95d6e016ebf197475d68d3f8cce6e3face1	9798	sources/recipe-recovery/current-integration-c0/authoring-v3/project/src/main/resources/com/m3/rewrite/backport/jdk21-hash-pinned-text/ic0-jma/target-5.txt
207aa8d6e307c4c3cc8ff492700096c9231bbfcd19ac737b074587b7d453ba60	558	sources/recipe-recovery/current-integration-c0/authoring-v3/project/src/main/resources/com/m3/rewrite/backport/jdk21-hash-pinned-text/ic0-jop/manifest.tsv
d6aa41d308be5fe9e615e25f89f95e3fdc4f9e790326ea8d6bc39641c39ef07b	12801	sources/recipe-recovery/current-integration-c0/authoring-v3/project/src/main/resources/com/m3/rewrite/backport/jdk21-hash-pinned-text/ic0-jop/target-1.txt
300e894ccf38292db599a961b209459c4fcdb576b2124b0b77d8e8e6080b9261	143	sources/recipe-recovery/current-integration-c0/authoring-v3/project/src/main/resources/com/m3/rewrite/backport/jdk21-hash-pinned-text/ic0-jop/target-2.txt
4fb1e9d7e6b77693c35a65fbd26a4e117c39c6367c4839eb5956aa9de01e006d	6551	sources/recipe-recovery/current-integration-c0/authoring-v3/project/src/main/resources/com/m3/rewrite/backport/jdk21-hash-pinned-text/ic0-jop/target-3.txt
097dd1b794593570fdf3eb51b00a9be4c6a83a274fd6ef97c350251d20065fbc	4339	sources/recipe-recovery/current-integration-c0/authoring-v3/project/src/main/resources/com/m3/rewrite/backport/jdk21-hash-pinned-text/ic0-jop/target-4.txt
0f6ec78d70e31050ed4e481eb133b1438e378206ea9138c0b0b8c00e161c5d9e	365	sources/recipe-recovery/current-integration-c0/authoring-v3/project/src/main/resources/com/m3/rewrite/backport/jdk21-hash-pinned-text/ic0-nul/manifest.tsv
61a4555f7f97571bba36b2fd6cad63bc0ca5e8ba496f813f85569bf927c5a5db	5296	sources/recipe-recovery/current-integration-c0/authoring-v3/project/src/main/resources/com/m3/rewrite/backport/jdk21-hash-pinned-text/ic0-nul/target-1.txt
45f7cfac63f7d553ff80bd8448dcfea994c9c43af9cff6afe0af5fd326243a04	10267	sources/recipe-recovery/current-integration-c0/authoring-v3/project/src/main/resources/com/m3/rewrite/backport/jdk21-hash-pinned-text/ic0-nul/target-2.txt
775cb5f335659c16a0d8f8c06785552490b7365966317ce3a737f971808ade11	570	sources/recipe-recovery/current-integration-c0/authoring-v3/project/src/main/resources/com/m3/rewrite/backport/jdk21-hash-pinned-text/ic0-pcd/manifest.tsv
c7713ff2601f86aea82edab25d17791342d12737865dd3ee15bd99fd3031fc1f	43759	sources/recipe-recovery/current-integration-c0/authoring-v3/project/src/main/resources/com/m3/rewrite/backport/jdk21-hash-pinned-text/ic0-pcd/target-1.txt
3d3ea39ea6f41aa5fae83b5229fa524019434110576396ee11a6eb20e0a7afff	552	sources/recipe-recovery/current-integration-c0/authoring-v3/project/src/main/resources/com/m3/rewrite/backport/jdk21-hash-pinned-text/ic0-pcd/target-2.txt
a68b03733006a278854dedccc9cf4a9b238c43e92d501ab601ce137dfbd2b4ef	7488	sources/recipe-recovery/current-integration-c0/authoring-v3/project/src/main/resources/com/m3/rewrite/backport/jdk21-hash-pinned-text/ic0-pcd/target-3.txt
7bbea48d108f758adf8f7da038f51273c5d0191f213d920a22414c452ae2fc56	449	sources/recipe-recovery/current-integration-c0/authoring-v3/project/src/main/resources/com/m3/rewrite/backport/jdk21-hash-pinned-text/ic0-pcd/target-4.txt
b1728a56c6675ff9167e0183b6f371cccb2b53117875a327bd2b83dc2f9adf41	919	sources/recipe-recovery/current-integration-c0/authoring-v3/project/src/main/resources/com/m3/rewrite/backport/jdk21-hash-pinned-text/ic0-pco/manifest.tsv
bb60ed0722b7f67a9413afd1ffa255230690f27a1b003b9eaf2df93a1b8bde48	8155	sources/recipe-recovery/current-integration-c0/authoring-v3/project/src/main/resources/com/m3/rewrite/backport/jdk21-hash-pinned-text/ic0-pco/target-1.txt
1d6900f115f54508dca1e1f3e925fa1903c32d71f97a87dfc7c1494c60856a52	12182	sources/recipe-recovery/current-integration-c0/authoring-v3/project/src/main/resources/com/m3/rewrite/backport/jdk21-hash-pinned-text/ic0-pco/target-2.txt
8f3a18434d35e540de9a16df022fff3596963c1c2f021ee6e16b7e24e7ca3e53	3138	sources/recipe-recovery/current-integration-c0/authoring-v3/project/src/main/resources/com/m3/rewrite/backport/jdk21-hash-pinned-text/ic0-pco/target-3.txt
d24ade8a8ddbb22eb78621c99f458f8d96807b74be12294c3e7ce7f9f95764c8	5167	sources/recipe-recovery/current-integration-c0/authoring-v3/project/src/main/resources/com/m3/rewrite/backport/jdk21-hash-pinned-text/ic0-pco/target-4.txt
18462864241391a44566764ad4307fbc46894b988a2569dcf820e940961ab225	51135	sources/recipe-recovery/current-integration-c0/authoring-v3/project/src/main/resources/com/m3/rewrite/backport/jdk21-hash-pinned-text/ic0-pco/target-5.txt
9237f618a6d583c113755fc8ceb315fcc5a20af0fe545219494e1a0ddc17508f	568	sources/recipe-recovery/current-integration-c0/authoring-v3/project/src/main/resources/com/m3/rewrite/backport/jdk21-hash-pinned-text/ic0-pcw/manifest.tsv
41a7d50712da9374dc679bd09116ed1f6108c25a48d00e25d9b268d25453d3e7	7812	sources/recipe-recovery/current-integration-c0/authoring-v3/project/src/main/resources/com/m3/rewrite/backport/jdk21-hash-pinned-text/ic0-pcw/target-1.txt
8bc3ad1490f26e622dc5c226bb5545a4bbfd3e8186e3923cfa2c8adc72a41605	6029	sources/recipe-recovery/current-integration-c0/authoring-v3/project/src/main/resources/com/m3/rewrite/backport/jdk21-hash-pinned-text/ic0-pcw/target-2.txt
9f09f5058b1e9aed653efb67b6f4f5fe3bcaa05681f1a232dd95576562aa5c19	4321	sources/recipe-recovery/current-integration-c0/authoring-v3/project/src/main/resources/com/m3/rewrite/backport/jdk21-hash-pinned-text/ic0-pcw/target-3.txt
28e9142f03ee9948b10b370daf2001941c8c1371d33ec3985ac8f70fe84679a2	1089	sources/recipe-recovery/current-integration-c0/authoring-v3/project/src/main/resources/com/m3/rewrite/backport/jdk21-hash-pinned-text/ic0-scp/manifest.tsv
50f5dda3d0a585720003801c1945516ce8b19ea033d5f6738517083bc4982cd5	4259	sources/recipe-recovery/current-integration-c0/authoring-v3/project/src/main/resources/com/m3/rewrite/backport/jdk21-hash-pinned-text/ic0-scp/target-1.txt
5ee44459bd8725b89e92ad8cd0c7572954f7655331d8b7f7dc92a8b59b09cb6e	8906	sources/recipe-recovery/current-integration-c0/authoring-v3/project/src/main/resources/com/m3/rewrite/backport/jdk21-hash-pinned-text/ic0-scp/target-2.txt
0f79229a093fc3a53158401bb29a627e71f2774292b4d727e6c0911b9f2a47c9	934	sources/recipe-recovery/current-integration-c0/authoring-v3/project/src/main/resources/com/m3/rewrite/backport/jdk21-hash-pinned-text/ic0-scp/target-3.txt
372922e185ceb9a2694ae1161b1162603b47e9932edfc2e6aa6bb50f3c05da3c	11146	sources/recipe-recovery/current-integration-c0/authoring-v3/project/src/main/resources/com/m3/rewrite/backport/jdk21-hash-pinned-text/ic0-scp/target-4.txt
eb68a09f9c154f801830e1f40688be5c7d0af9d3fab286ed105de57b2994fb52	793	sources/recipe-recovery/current-integration-c0/authoring-v3/project/src/main/resources/com/m3/rewrite/backport/jdk21-hash-pinned-text/ic0-sdc/manifest.tsv
518f9f7dbdebf450973cba859525d509c3c79fce6b51c6f4cbbf563e2f5651fa	76036	sources/recipe-recovery/current-integration-c0/authoring-v3/project/src/main/resources/com/m3/rewrite/backport/jdk21-hash-pinned-text/ic0-sdc/target-1.txt
0285ce4946d66bea00e0b5d4bd52e863e5d60f84bb71171a26bdbd4c61da0bd9	3300	sources/recipe-recovery/current-integration-c0/authoring-v3/project/src/main/resources/com/m3/rewrite/backport/jdk21-hash-pinned-text/ic0-sdc/target-2.txt
36a55432074cf8c2c6e6e8463c1c4cd7751edea16b99d28a69001a511a995705	76253	sources/recipe-recovery/current-integration-c0/authoring-v3/project/src/main/resources/com/m3/rewrite/backport/jdk21-hash-pinned-text/ic0-sdc/target-3.txt
e1105ca7999363ff4a889217955a53cff8caecbd054b9f099a0bbe57fa3e935e	1489	sources/recipe-recovery/current-integration-c0/authoring-v3/project/src/main/resources/composition-orders.json
ca8176f2a2a2617c0fb76c86c48ca152a28396381b1266f3ce0c84e7b65caba5	71439	sources/recipe-recovery/current-integration-c0/authoring-v3/project/src/main/resources/qualification.json
e99083228084bb0b57e5fe9e7ff46220de2bd49a828084b1ac55ee2cb2c865ab	31249	sources/recipe-recovery/current-integration-c0/authoring-v3/project/src/test/java/com/synexia/rewrite/Ic0RecipeTest.java
b408f0b8d0e4d6e197230e3cb1469d14e0d52aecd33ac55c71f11d513d6e23ec	10881	sources/recipe-recovery/current-integration-c0/authoring-v3/project/src/test/resources/before/.github/workflows/m3-a3.yml
4c02fcf3b12116aaa186035a8ff3c50b94df899f776d51630e1bfcfd30ce4a2c	4153	sources/recipe-recovery/current-integration-c0/authoring-v3/project/src/test/resources/before/.github/workflows/m3-class-ver.yml
2a81b9ebfa5d477977dba4632a0e7c89f2ebb89606eb46491197536335d63fee	2205	sources/recipe-recovery/current-integration-c0/authoring-v3/project/src/test/resources/before/.github/workflows/m3-foundation.yml
68e17df8b27fee9c208475d3b7f63c01c7eaf247752417e4c7d8ce2fece056ab	15148	sources/recipe-recovery/current-integration-c0/authoring-v3/project/src/test/resources/before/.github/workflows/m3-jdk21-backports.yml
54bf165d838d2f7505ecf6df125fb3eab4186b065fd0d6d025ba3e771326aca7	6120	sources/recipe-recovery/current-integration-c0/authoring-v3/project/src/test/resources/before/.github/workflows/m3-jep458-current-master.yml
88831a9aa214b517713bbfc9a84ea7e5187f12498b592b64d1c240344a1fd8c3	7793	sources/recipe-recovery/current-integration-c0/authoring-v3/project/src/test/resources/before/.github/workflows/m3-jep467-markdown-inventory.yml
9a2c236d62db2ed121d9ac563f15a6edd6b56dcf8549aca0bb2a9bd63f80db29	6654	sources/recipe-recovery/current-integration-c0/authoring-v3/project/src/test/resources/before/.github/workflows/m3-jep493-runtime-image-inventory.yml
3fbe65ee5d3130858d114b0637207585e0cb20c2b5008def8c3dc6607f042d41	4692	sources/recipe-recovery/current-integration-c0/authoring-v3/project/src/test/resources/before/m3/backports/compatibility_policy.py
2f075d95ce7c2fdbb2742b92a1c1098864f06d073c56046dc02f02adc5687dec	14827	sources/recipe-recovery/current-integration-c0/authoring-v3/project/src/test/resources/before/m3/backports/generate_recipe_crates.py
57411d582b20b949cb95859318b0ef4e99a79c7947163ffe1787cafaba7cf0d4	2934	sources/recipe-recovery/current-integration-c0/authoring-v3/project/src/test/resources/before/m3/backports/recipes/jep-485-gatherers/README.md
8c928979dcdf7bf7e4ec8b5bc6b339d7344c75a8213f101ec4ad58a659775811	337	sources/recipe-recovery/current-integration-c0/authoring-v3/project/src/test/resources/before/m3/backports/recipes/jep-485-gatherers/atom-evidence.tsv
7149ec13e4fc5f2b642fe41a719cec1a17cb51d77b7de291055efd75b48d2af2	610	sources/recipe-recovery/current-integration-c0/authoring-v3/project/src/test/resources/before/m3/backports/recipes/jep-493-runtime-image/CURRENT_TREE_RECEIPT.tsv
9ae80ad2e94552d552ab8eb125ea9b0d435e749f5ef6e0f140130a76cf6a4fe9	2472	sources/recipe-recovery/current-integration-c0/authoring-v3/project/src/test/resources/before/m3/backports/recipes/jep-493-runtime-image/README.md
10d8d11da8b4dd6772875cb3ba5c1f2c0732e307cdd5c983a96811b9c9f5180d	6038	sources/recipe-recovery/current-integration-c0/authoring-v3/project/src/test/resources/before/m3/backports/test_compatibility_policy.py
ab6433b0a1d50c358d65d0aad9ed2b7bbc7b8be1ca10b0302e53fefac0d7a5d8	17732	sources/recipe-recovery/current-integration-c0/authoring-v3/project/src/test/resources/before/m3/backports/test_generate_recipe_crates.py
d9d39747f40bb5eff6ba8639e1e5d0554f0223cc94c09443fe1b2054aac9c3d6	5171	sources/recipe-recovery/current-integration-c0/authoring-v3/project/src/test/resources/before/m3/docs/a3-lab.md
01a428a662ffbdbd22dcd39d1fea7b69084ce34cada0bb5582b8c3686615750d	3974	sources/recipe-recovery/current-integration-c0/authoring-v3/project/src/test/resources/before/m3/docs/a3-mastery.md
9c5177ee233ee5335131c9106b7a6faa0041b1cd09e9385e36909d8c6365cf87	8267	sources/recipe-recovery/current-integration-c0/authoring-v3/project/src/test/resources/before/m3/docs/a3.md
335045274ea3ae01d576290b56704ec3409ef1bd27c8c220348815c5bbb711da	280877	sources/recipe-recovery/current-integration-c0/authoring-v3/project/src/test/resources/before/m3/docs/name-mapping.json
fd54e5fade1fc3050816265f2317967dd4176e7bb5e0bc55e6f620878026e88e	23333	sources/recipe-recovery/current-integration-c0/authoring-v3/project/src/test/resources/before/m3/migration/migration.py
3cfe511098ff3b6caafb1f1e04f94b448e02e25f160fe98427531fc8c77a1555	11255	sources/recipe-recovery/current-integration-c0/authoring-v3/project/src/test/resources/before/m3/migration/test/test_jcc_handoff_packet.py
27308b049acc122f62f9cb9a9a679a94640952c423b04495c0ef5b9a2c824ec1	3633	sources/recipe-recovery/current-integration-c0/authoring-v3/project/src/test/resources/before/m3/tooling/a3/pom.xml
6d9ec887c87898167748ca5f77598f95a6784cfaf14882f4983733c006374b77	5127	sources/recipe-recovery/current-integration-c0/authoring-v3/project/src/test/resources/before/m3/tooling/a3/src/main/java/com/m3/a3/A3.java
d88f347f77069dc1e2e6a3871c68c55e76f885f324801957d041f9ecc31ec6f4	9492	sources/recipe-recovery/current-integration-c0/authoring-v3/project/src/test/resources/before/m3/tooling/a3/src/main/java/com/m3/a3/A3Alg.java
677324e1566d482eb5b4470ec1a63d3493bb2a75fc77ea0edb61ba364906c298	7782	sources/recipe-recovery/current-integration-c0/authoring-v3/project/src/test/resources/before/m3/tooling/a3/src/main/java/com/m3/a3/A3Cases.java
c212736f000836cb782a5ff81fd2de48e67d36ea4b3bd53cf7743c4aadbfdaf6	16196	sources/recipe-recovery/current-integration-c0/authoring-v3/project/src/test/resources/before/m3/tooling/a3/src/main/java/com/m3/a3/A3Lab.java
9171b0ada1d7845b63d7a586d99ef97a6fa6eccbfd84204c47a6a01c8b3e4697	6442	sources/recipe-recovery/current-integration-c0/authoring-v3/project/src/test/resources/before/m3/tooling/a3/src/main/java/com/m3/a3/A3MemoryCompiler.java
f000b1eea411056baaca6051b220149f25334bc70bf69b4f0536839c6c78e404	7514	sources/recipe-recovery/current-integration-c0/authoring-v3/project/src/test/resources/before/m3/tooling/a3/src/main/java/com/m3/a3/A3RegexMatrix.java
351eeac06154189e79f3d139336437d5911da5721c9a95a779ebd5d511997d9c	6117	sources/recipe-recovery/current-integration-c0/authoring-v3/project/src/test/resources/before/m3/tooling/a3/src/test/java/com/m3/a3/A3LabTest.java
d684f2c95622c32683dbdce162d2f49101c7431bfbba1927a34182dcecadc77f	4462	sources/recipe-recovery/current-integration-c0/authoring-v3/project/src/test/resources/before/m3/tooling/a3/src/test/java/com/m3/a3/A3PlanTest.java
9490dd9263e9793c6601bba2429860283865ff2c72092e1b55fff95136c01737	4026	sources/recipe-recovery/current-integration-c0/authoring-v3/project/src/test/resources/before/m3/tooling/backport-dag/pom.xml
f475463faf184a0a310ab9295b6604be5795076295e46d4b6a78784613dce55e	4312	sources/recipe-recovery/current-integration-c0/authoring-v3/project/src/test/resources/before/m3/tooling/backport-dag/src/main/java/com/m3/tooling/dag/M3PacketDagComposer.java
def017e6b6bd2395f64b39bb4ea3258efd53526455cc0d9485d5a15356be2a2e	6285	sources/recipe-recovery/current-integration-c0/authoring-v3/project/src/test/resources/before/m3/tooling/backport-dag/src/main/java/com/m3/tooling/dag/M3RecipeDag.java
374c135a72e85bdcad84be5e9bbd696c763f06f33816e56e28f4a4d620e1aee9	1726	sources/recipe-recovery/current-integration-c0/authoring-v3/project/src/test/resources/before/m3/tooling/backport-dag/src/main/resources/com/m3/tooling/dag/adapters/airflow/m3_backport_dag.py
b81e897b0c34961102aeb98920a1f5fcfa95b6f3b41fdf9c4f8208e78e8796d8	793	sources/recipe-recovery/current-integration-c0/authoring-v3/project/src/test/resources/before/m3/tooling/backport-dag/src/main/resources/com/m3/tooling/dag/adapters/camel/m3-backport-route.yaml
922700cc7f1acf943e3f07b7c29d44f07c1b9bfab7e876f4e02d2ea408abb393	1575	sources/recipe-recovery/current-integration-c0/authoring-v3/project/src/test/resources/before/m3/tooling/backport-dag/src/main/resources/com/m3/tooling/dag/adapters/drools/m3-backport-admission.drl
76c3eafb6c52fe5918023a19dadf1ac98076d0f50332688c56303154871ce423	968	sources/recipe-recovery/current-integration-c0/authoring-v3/project/src/test/resources/before/m3/tooling/backport-dag/src/test/java/com/m3/tooling/dag/M3BackportDagLoaderTest.java
451b4cde41c505a19641dc17649ca0b22b2e82d13685d042e4f29f9af9a8e094	9046	sources/recipe-recovery/current-integration-c0/authoring-v3/project/src/test/resources/before/m3/tooling/backport-dag/src/test/java/com/m3/tooling/dag/M3PacketDagComposerTest.java
8fe0d897419c2e91dc3fcc7958e0c55c5bdea7b4ee4f48efc57a759b8e34960f	8603	sources/recipe-recovery/current-integration-c0/authoring-v3/project/src/test/resources/before/m3/tooling/backport-dag/src/test/java/com/m3/tooling/dag/M3RecipeDagTest.java
8544be570c2656c5fa641ae34fc01eaea420bbb420f6d80ce5f95253504e9888	3383	sources/recipe-recovery/current-integration-c0/authoring-v3/project/src/test/resources/before/m3/tooling/migration-recipes/pom.xml
280d7c08e9da9f618f4596516420a5c6c2de8f32fa1b52ff354853f3b0fb7c2b	2338	sources/recipe-recovery/current-integration-c0/authoring-v3/project/src/test/resources/before/m3/tooling/migration-recipes/src/main/java/com/m3/rewrite/a3/M3A3AlgorithmCatalogueManifest.java
b5cefece21725e012ed7643ecf4f6fe505da9fa408a02f6f48de38773e94cad0	2030	sources/recipe-recovery/current-integration-c0/authoring-v3/project/src/test/resources/before/m3/tooling/migration-recipes/src/main/java/com/m3/rewrite/backport/M3Jep485StreamGatherersBackportRecipe.java
2da4485ca78b289462e6142e61e247e2142111693d08fb590ff64256193dda75	342	sources/recipe-recovery/current-integration-c0/authoring-v3/project/src/test/resources/before/m3/tooling/migration-recipes/src/main/resources/META-INF/rewrite/m3-jep485-stream-gatherers.yml
d88f347f77069dc1e2e6a3871c68c55e76f885f324801957d041f9ecc31ec6f4	9492	sources/recipe-recovery/current-integration-c0/authoring-v3/project/src/test/resources/before/m3/tooling/migration-recipes/src/main/resources/com/m3/rewrite/a3-algorithm-catalogue/after/A3Alg.java
d684f2c95622c32683dbdce162d2f49101c7431bfbba1927a34182dcecadc77f	4462	sources/recipe-recovery/current-integration-c0/authoring-v3/project/src/test/resources/before/m3/tooling/migration-recipes/src/main/resources/com/m3/rewrite/a3-algorithm-catalogue/after/A3PlanTest.java
b1295f69831c23efd596f2ed9f65e2b07d20371fae4c0111c0b35fdd3bc4cd51	76037	sources/recipe-recovery/current-integration-c0/authoring-v3/project/src/test/resources/before/m3/tooling/migration-recipes/src/main/resources/com/m3/rewrite/backport/jdk21-hash-pinned/jdk22-m3-string-history-convergence/16-AbstractStringBuilder.java.txt
2b724a9f9cf9fce382c34f4b5872312bfb4c30791decf8c093bd2dfb9fc0d400	3300	sources/recipe-recovery/current-integration-c0/authoring-v3/project/src/test/resources/before/m3/tooling/migration-recipes/src/main/resources/com/m3/rewrite/backport/jdk21-hash-pinned/jdk22-m3-string-history-convergence/manifest.tsv
9ba3245512f18e3d921b6a8d013cea05a70b5a84c473b34dbd574ba55a1978d4	4112	sources/recipe-recovery/current-integration-c0/authoring-v3/project/src/test/resources/before/m3/tooling/migration-recipes/src/main/resources/com/m3/rewrite/backport/jdk21-hash-pinned/jdk22-recipe-closure/02-M3RecipeScopeRegistry.java.txt
cf1c56ebf8fc2df3778cd56e34240da7c3ba722cb2949e8957b81157abf8b9ba	8378	sources/recipe-recovery/current-integration-c0/authoring-v3/project/src/test/resources/before/m3/tooling/migration-recipes/src/main/resources/com/m3/rewrite/backport/jdk21-hash-pinned/jdk22-recipe-closure/03-M3RecipeScopeDeclarationTest.java.txt
d80a5af11629b89cb2e69d3a119becb7606fb029e8e121d47d684ca755435182	934	sources/recipe-recovery/current-integration-c0/authoring-v3/project/src/test/resources/before/m3/tooling/migration-recipes/src/main/resources/com/m3/rewrite/backport/jdk21-hash-pinned/jdk22-recipe-closure/manifest.tsv
808d8dec8da41e93dbe938081c36750a6d36c96a4b2dcd90d2558a7b5d0ebd47	24085	sources/recipe-recovery/current-integration-c0/authoring-v3/project/src/test/resources/before/m3/tooling/migration-recipes/src/main/resources/com/m3/rewrite/backport/jdk21-hash-pinned/jdk24-jep485-stream-gatherers/01-Gatherer.java.txt
6115dd7015fe6680ef597a7cc3ec5b0c06eccc7259aa5bd4899454b5af624f1d	31455	sources/recipe-recovery/current-integration-c0/authoring-v3/project/src/test/resources/before/m3/tooling/migration-recipes/src/main/resources/com/m3/rewrite/backport/jdk21-hash-pinned/jdk24-jep485-stream-gatherers/03-Gatherers.java.txt
eb1bd5ac55a99540b1516656041310ecf56c1a8dd20a8eb1fd599318b5647cf2	14652	sources/recipe-recovery/current-integration-c0/authoring-v3/project/src/test/resources/before/m3/tooling/migration-recipes/src/main/resources/com/m3/rewrite/backport/jdk21-hash-pinned/jdk24-jep485-stream-gatherers/11-GatherersMapConcurrentTest.java.txt
3172ca1814ce01a40091d05f691ee044dfa72c1b4f24b10514fe491fc6d6e66c	2598	sources/recipe-recovery/current-integration-c0/authoring-v3/project/src/test/resources/before/m3/tooling/migration-recipes/src/main/resources/com/m3/rewrite/backport/jdk21-hash-pinned/jdk24-jep485-stream-gatherers/manifest.tsv
677324e1566d482eb5b4470ec1a63d3493bb2a75fc77ea0edb61ba364906c298	7782	sources/recipe-recovery/current-integration-c0/authoring-v3/project/src/test/resources/before/m3/tooling/migration-recipes/src/main/resources/com/synexia/rewrite/hash-pinned-java/a3-mastery-lab/A3Cases.java.after
b901f0b1aae122711792a66dc9750b9ba4608d59613641e74f378218757cbb4d	734	sources/recipe-recovery/current-integration-c0/authoring-v3/project/src/test/resources/before/m3/tooling/migration-recipes/src/main/resources/com/synexia/rewrite/hash-pinned-java/a3-mastery-lab/manifest.tsv
9171b0ada1d7845b63d7a586d99ef97a6fa6eccbfd84204c47a6a01c8b3e4697	6442	sources/recipe-recovery/current-integration-c0/authoring-v3/project/src/test/resources/before/m3/tooling/migration-recipes/src/main/resources/com/synexia/rewrite/hash-pinned-java/a3-regex-memory-lab/A3MemoryCompiler.java.after
f000b1eea411056baaca6051b220149f25334bc70bf69b4f0536839c6c78e404	7514	sources/recipe-recovery/current-integration-c0/authoring-v3/project/src/test/resources/before/m3/tooling/migration-recipes/src/main/resources/com/synexia/rewrite/hash-pinned-java/a3-regex-memory-lab/A3RegexMatrix.java.after
b2febbb17ed96ae6f582eee2e16af3fc5e435c23e350708f56397bee9ac38ab5	658	sources/recipe-recovery/current-integration-c0/authoring-v3/project/src/test/resources/before/m3/tooling/migration-recipes/src/main/resources/com/synexia/rewrite/hash-pinned-java/a3-regex-memory-lab/manifest.tsv
58d01008f3dc6e79d988e855d76ba90eb0a13d39a76e7eb4027d75442389ec94	5379	sources/recipe-recovery/current-integration-c0/authoring-v3/project/src/test/resources/before/m3/tooling/migration-recipes/src/test/java/com/m3/rewrite/M3A3RegexMemoryLabDeliveryRecipeTest.java
69882638771a411cf0866f789a7b3ef7e7e7040cde38a1c40ef4a743d37168e2	4974	sources/recipe-recovery/current-integration-c0/authoring-v3/project/src/test/resources/before/m3/tooling/migration-recipes/src/test/java/com/m3/rewrite/M3A3RegexMemoryWorkflowRecipeTest.java
9a7f6440ce4d4a738d5cfe916a7fff98511464887293caba2a498bd75264ee92	7839	sources/recipe-recovery/current-integration-c0/authoring-v3/project/src/test/resources/before/m3/tooling/migration-recipes/src/test/java/com/m3/rewrite/backport/M3Jep485StreamGatherersBackportRecipeTest.java
3a57bda49c218895a2be9f5053671d435840abd4c4079f4a1e5eed89becf0813	11065	sources/recipe-recovery/current-integration-c0/authoring-v3/project/src/test/resources/before/m3/tooling/migration-recipes/src/test/java/com/m3/rewrite/scope/M3ScopeCoverageClosureTest.java
38ed8c01c6982fa4a52ea155c2e9652dfe45f317d8ae994c17fba01c7309fbda	18328	sources/recipe-recovery/current-integration-c0/authoring-v3/project/src/test/resources/before/m3/tooling/migration-recipes/src/test/resources/com/m3/rewrite/atom/spectrum/CORPUS.tsv
bfee3b40a52cc27a3848f273dd7917e8126a08dcb7bc3d8ddb85ec52e479ea69	2261	sources/recipe-recovery/current-integration-c0/authoring-v3/project/src/test/resources/before/m3/tooling/recipe-catalogue.tsv
9a502392c96175e025bbd992fd15482ef2cf0ee4a2ca083a293d5fd41e6448ce	76254	sources/recipe-recovery/current-integration-c0/authoring-v3/project/src/test/resources/before/src/java.base/share/classes/java/lang/AbstractStringBuilder.java
808d8dec8da41e93dbe938081c36750a6d36c96a4b2dcd90d2558a7b5d0ebd47	24085	sources/recipe-recovery/current-integration-c0/authoring-v3/project/src/test/resources/before/src/java.base/share/classes/java/util/stream/Gatherer.java
6115dd7015fe6680ef597a7cc3ec5b0c06eccc7259aa5bd4899454b5af624f1d	31455	sources/recipe-recovery/current-integration-c0/authoring-v3/project/src/test/resources/before/src/java.base/share/classes/java/util/stream/Gatherers.java
eb1bd5ac55a99540b1516656041310ecf56c1a8dd20a8eb1fd599318b5647cf2	14652	sources/recipe-recovery/current-integration-c0/authoring-v3/project/src/test/resources/before/test/jdk/java/util/stream/GatherersMapConcurrentTest.java
fbd3ef9f8bf9a48c174588edb517dad115ff45fc051252cab4d0e16da5cc371c	5042	sources/recipe-recovery/current-integration-c0/delivery-authoring-v1/emit_selection.py
8d1a0bf7496855404f9a96dad916104f77b08393201d513533f366bacb13730a	365178	sources/recipe-recovery/current-integration-c0/delivery-v1/CURRENT-SELECTION.json
150968c8468111330c479e16da9e66415400b46cba23f2ba9c1ff346076a3c2e	2456	sources/recipe-recovery/current-integration-c0/delivery-v1/QUALIFIED.json
6cc79a6d1a8987edb17e3cd09f78f1be921363f28eb1aae1175ebedd322b0bbb	1705	sources/recipe-recovery/current-integration-c0/delivery-v1/STAGE.json
0c70ae84080065ee47e08a541760e03390870f442025a294d8ca22f030acdc37	1652	sources/recipe-recovery/current-integration-c0/evidence/producer-v1/PATCH.json
fea06f5f9df8382ed067d6b2a611d2e91496e4d3efccdd800a38349f38a55078	1413	sources/recipe-recovery/current-integration-c0/evidence/producer-v1/RESULT.json
8a2d106ce272e6f0b9ba7e9b6a311c36a4a3c8e48600d1b50784866e3648fe58	1851	sources/recipe-recovery/current-integration-c0/evidence/producer-v1/chain/01-static.json
e3b0c44298fc1c149afbf4c8996fb92427ae41e4649b934ca495991b7852b855	0	sources/recipe-recovery/current-integration-c0/evidence/producer-v1/chain/01-static.stderr.log
cbc2495ecc9fa3f0c63fef5609152caeb292bf90a0925e0ebf4d8771c4b1c424	1175	sources/recipe-recovery/current-integration-c0/evidence/producer-v1/chain/01-static.stdout.log
3fc102edf5cfc1c918f2603dc534acfdc6ea7696289345f28a31fc42b23ffcfa	2601	sources/recipe-recovery/current-integration-c0/evidence/producer-v1/chain/02-compile.json
e3b0c44298fc1c149afbf4c8996fb92427ae41e4649b934ca495991b7852b855	0	sources/recipe-recovery/current-integration-c0/evidence/producer-v1/chain/02-compile.stderr.log
e79d0c598da7d81480f5f9cbb091cf02ed3ee58d0fbb60483bf2804ee2368152	2917	sources/recipe-recovery/current-integration-c0/evidence/producer-v1/chain/02-compile.stdout.log
bc6e27bba8a8bf28206f8618fe9444723e9950b03ecbebcb0e2eb1edece13563	12583	sources/recipe-recovery/current-integration-c0/evidence/producer-v1/commands.json
a584c1122e5fa7d692060310d212843a6a4e567932e16ea67448bd566aab7e51	785152	sources/recipe-recovery/current-integration-c0/evidence/producer-v1/inputs.json
4a7db54804d5dfdf560439d16b3eeebf8c14f9d1f9125d65181d626872aa3796	12583	sources/recipe-recovery/current-integration-c0/evidence/producer-v2/commands.json
6e8e5f8303cc7c93df1a152ee51d97bc8b6af44e4b9c279e9e22f6c7afab063b	4400	sources/recipe-recovery/current-integration-c0/evidence/producer-v2/project/README.md
8015207ce502d22955f7f77697177e5939fa1e25be7cd74be89c639335ae48e6	12032	sources/recipe-recovery/current-integration-c0/evidence/producer-v2/project/dependency-source/com/m3/rewrite/backport/M3Jdk21HashPinnedTextSnapshotRecipe.java
2c5b8d596b12319fe66532f0d06325ff33016b826ea22395e407f6c2ea63265e	3693	sources/recipe-recovery/current-integration-c0/evidence/producer-v2/project/pom.xml
c463d62bd3d5898b4d747f57867dfb79b96d5d94962ea57637cc622e93b26d70	66573	sources/recipe-recovery/current-integration-c0/evidence/producer-v2/project/proof.py
0c604b7af2a6452b39904b7f0756fdd5e4e4d723d48f590627b3b1d807746880	299	sources/recipe-recovery/current-integration-c0/evidence/producer-v2/project/src/main/resources/META-INF/rewrite/ic0-aad.yml
c1ab214a10ab317018ae4cc1f869352ff1d76f049f4faebbee696f691be22bf0	299	sources/recipe-recovery/current-integration-c0/evidence/producer-v2/project/src/main/resources/META-INF/rewrite/ic0-aca.yml
1ba8035f242159e2b81f35f22f11525bd47146d1026a39fd8b5d57a032a6173e	299	sources/recipe-recovery/current-integration-c0/evidence/producer-v2/project/src/main/resources/META-INF/rewrite/ic0-acs.yml
5743aaa8366d3b8a48e24e2a9f79b2bc47d6730ea77e238c720fdd4762554b50	299	sources/recipe-recovery/current-integration-c0/evidence/producer-v2/project/src/main/resources/META-INF/rewrite/ic0-agt.yml
7d5356930f83356b46d85b5f78b0f3bfa45bb234edc5b4bb5a05f1d79ca38444	299	sources/recipe-recovery/current-integration-c0/evidence/producer-v2/project/src/main/resources/META-INF/rewrite/ic0-amb.yml
cf3d71ff3bf8a1594bbef42c368d13395635ac94024b75fbb601b2bbacc4abd7	299	sources/recipe-recovery/current-integration-c0/evidence/producer-v2/project/src/main/resources/META-INF/rewrite/ic0-amc.yml
a0ad526a0f49864dcaeff71b36b6297c9d3f9713c363432dcf83bf5b1708e8e4	299	sources/recipe-recovery/current-integration-c0/evidence/producer-v2/project/src/main/resources/META-INF/rewrite/ic0-aml.yml
e0cb6b3adbb942f0c85e81a6305941551ee823726444c81260773497cf0d6a0b	299	sources/recipe-recovery/current-integration-c0/evidence/producer-v2/project/src/main/resources/META-INF/rewrite/ic0-ard.yml
8fe9e8db356b59e0653e4b751f9a50be5e32ec781cab32102d986346150e2503	299	sources/recipe-recovery/current-integration-c0/evidence/producer-v2/project/src/main/resources/META-INF/rewrite/ic0-arm.yml
f8b3ad9ac58ed681f30262ad259ebf411bcbdac321f47b20db48520e98889df3	299	sources/recipe-recovery/current-integration-c0/evidence/producer-v2/project/src/main/resources/META-INF/rewrite/ic0-arr.yml
4c0c9997e43d75e3a51b5919120e2c781bd66465a5a349dc4f9ae6813ecd0e87	299	sources/recipe-recovery/current-integration-c0/evidence/producer-v2/project/src/main/resources/META-INF/rewrite/ic0-avp.yml
d9c88f5a4f828e08f6d058faca47421e7b01563ce3b45e64eae9942cff1d09e9	299	sources/recipe-recovery/current-integration-c0/evidence/producer-v2/project/src/main/resources/META-INF/rewrite/ic0-avr.yml
535e1707cecab980ae1b6350bd0a6ebcf63519abd303f6623c1419519fd8ac14	299	sources/recipe-recovery/current-integration-c0/evidence/producer-v2/project/src/main/resources/META-INF/rewrite/ic0-awb.yml
b8c06e67d98ff88d9c5c7c4269500a3c5d028e77c497b751756f9e71513c62db	299	sources/recipe-recovery/current-integration-c0/evidence/producer-v2/project/src/main/resources/META-INF/rewrite/ic0-awd.yml
1d17ab5d1321e05d1a802980eb78d7f3826d728f5b9c57d00644b2d17f0ca6f5	299	sources/recipe-recovery/current-integration-c0/evidence/producer-v2/project/src/main/resources/META-INF/rewrite/ic0-awr.yml
9ac8a77012470e078d1661251e14fef529983f07993e2d8220fafea93ad3f992	299	sources/recipe-recovery/current-integration-c0/evidence/producer-v2/project/src/main/resources/META-INF/rewrite/ic0-cgo.yml
2e02f1c87218288908a1c8f7caf4000e0a09526092ad8e0b239829fd5c649f1a	299	sources/recipe-recovery/current-integration-c0/evidence/producer-v2/project/src/main/resources/META-INF/rewrite/ic0-cib.yml
73a504f132168f85064e33e4c39bb7f99b919e0f803590ddda142aa2c8e90006	299	sources/recipe-recovery/current-integration-c0/evidence/producer-v2/project/src/main/resources/META-INF/rewrite/ic0-ciw.yml
7b4111714397bd599688bc06f350088e77e2cfa881591854c4353ada683c80f4	299	sources/recipe-recovery/current-integration-c0/evidence/producer-v2/project/src/main/resources/META-INF/rewrite/ic0-cmp.yml
8b8bae147b5c0bce7a839d624c142b9add9a5855c1ab62fa6c1063d6ddd106ba	299	sources/recipe-recovery/current-integration-c0/evidence/producer-v2/project/src/main/resources/META-INF/rewrite/ic0-cor.yml
9b33fa9115154bd78f495120744fe2692de708d454d4e9ecdc2564b83b9f8446	299	sources/recipe-recovery/current-integration-c0/evidence/producer-v2/project/src/main/resources/META-INF/rewrite/ic0-cri.yml
04e72853f464d84747e6a8dfee4183765b6c77edc2dc036e0a2b0167cea7d4d2	299	sources/recipe-recovery/current-integration-c0/evidence/producer-v2/project/src/main/resources/META-INF/rewrite/ic0-dgc.yml
fa601958457ff53dc279c3ee9fa48f0d24271dc19d0a523c16bf77d1c59f839c	299	sources/recipe-recovery/current-integration-c0/evidence/producer-v2/project/src/main/resources/META-INF/rewrite/ic0-fnd.yml
6fbbfa680c965cb25eca2337a7c0ba84ef23761f64ef3f839cbc78da575e9be5	299	sources/recipe-recovery/current-integration-c0/evidence/producer-v2/project/src/main/resources/META-INF/rewrite/ic0-gpc.yml
90db450a4e16bd0b7a76c836f01856f66ecfe23aad2ddccfacb236bbfe586095	299	sources/recipe-recovery/current-integration-c0/evidence/producer-v2/project/src/main/resources/META-INF/rewrite/ic0-hct.yml
9991a9390481d760cc2f74176fc7c1c723e9c0dd4b809f9d6fedfa68d8969251	299	sources/recipe-recovery/current-integration-c0/evidence/producer-v2/project/src/main/resources/META-INF/rewrite/ic0-hts.yml
eb2da19d2894d3bb8d40d681b05d0ce551bce1eb4bf12e51c265cfe1c3898b9f	299	sources/recipe-recovery/current-integration-c0/evidence/producer-v2/project/src/main/resources/META-INF/rewrite/ic0-ipr.yml
c39085343c51c602f49ef3c028f043f6347777b3a18b20ef304cf47f57cbff1b	299	sources/recipe-recovery/current-integration-c0/evidence/producer-v2/project/src/main/resources/META-INF/rewrite/ic0-jgr.yml
e469ca513b39d34ccae8f892da94cf4607492b2f6686254cb5c4464674c7b393	299	sources/recipe-recovery/current-integration-c0/evidence/producer-v2/project/src/main/resources/META-INF/rewrite/ic0-jma.yml
54bb2566e0523c38d3ea2d0a602918c6a0723434d9839d09dea330f2ad40a4a7	299	sources/recipe-recovery/current-integration-c0/evidence/producer-v2/project/src/main/resources/META-INF/rewrite/ic0-jop.yml
1dba50bbc7cf069ca5d42d8ef889b18144d3e54ed0e47424bed9f8188665015d	299	sources/recipe-recovery/current-integration-c0/evidence/producer-v2/project/src/main/resources/META-INF/rewrite/ic0-nul.yml
ad7008b466e9601c3a3ee090b1955ea276085825db703835a93c83eeacf7daa8	2308	sources/recipe-recovery/current-integration-c0/evidence/producer-v2/project/src/main/resources/META-INF/rewrite/ic0-orders.yml
d891d23663b1399d7c71f4569e01fc026e13b7928edc176dafe9c0c99ae91eca	299	sources/recipe-recovery/current-integration-c0/evidence/producer-v2/project/src/main/resources/META-INF/rewrite/ic0-pcd.yml
b8657823c20470617557c8b6508f226e13cda2f8f0aee7e5ffcb80a0f7a7a420	299	sources/recipe-recovery/current-integration-c0/evidence/producer-v2/project/src/main/resources/META-INF/rewrite/ic0-pco.yml
46568cdbbeb65963aa290f9fe1780b201d95d03ffad733362629b27c26694497	299	sources/recipe-recovery/current-integration-c0/evidence/producer-v2/project/src/main/resources/META-INF/rewrite/ic0-pcw.yml
da9c1d79a4295c2a63e7f4b9a289620bfd165ad3ea2b8a7b168565b0e2e6447c	299	sources/recipe-recovery/current-integration-c0/evidence/producer-v2/project/src/main/resources/META-INF/rewrite/ic0-scp.yml
3c58e252ae20501b4258f6d7d016e51340e20d0273887a52c96ebddfe3dad996	299	sources/recipe-recovery/current-integration-c0/evidence/producer-v2/project/src/main/resources/META-INF/rewrite/ic0-sdc.yml
d1386ec5616bd2570de480991e84880c8f6c2992b0d03f1f93bca63135832f5f	225	sources/recipe-recovery/current-integration-c0/evidence/producer-v2/project/src/main/resources/com/m3/rewrite/backport/jdk21-hash-pinned-text/ic0-aad/manifest.tsv
f28d3cd66fdb757b819dc8ad264a9097eb770f1d25995698ca12e6387cd9bd5d	3078	sources/recipe-recovery/current-integration-c0/evidence/producer-v2/project/src/main/resources/com/m3/rewrite/backport/jdk21-hash-pinned-text/ic0-aad/target-1.txt
eb8ca3340f628e3955d9bea0cfa7d6c0dca5cf0623f85d82335b1c68380a000e	2540	sources/recipe-recovery/current-integration-c0/evidence/producer-v2/project/src/main/resources/com/m3/rewrite/backport/jdk21-hash-pinned-text/ic0-aad/target-2.txt
89d7df5d0190e71b6fb69797fe848b37f5ffb09e274f020135e0df948488782a	1306	sources/recipe-recovery/current-integration-c0/evidence/producer-v2/project/src/main/resources/com/m3/rewrite/backport/jdk21-hash-pinned-text/ic0-aca/manifest.tsv
0de471de5a54e1c87153e4b1c23c4013a800f07595cfc05eec7bd4e68f1345d6	10008	sources/recipe-recovery/current-integration-c0/evidence/producer-v2/project/src/main/resources/com/m3/rewrite/backport/jdk21-hash-pinned-text/ic0-aca/target-1.txt
8922e21e4f814dc99282cf1828786a0347552454003e23ac2fa91aa8710851b1	4466	sources/recipe-recovery/current-integration-c0/evidence/producer-v2/project/src/main/resources/com/m3/rewrite/backport/jdk21-hash-pinned-text/ic0-aca/target-2.txt
a53bdeee8afe28b90cb0e348e718b70610a9487edb1b75b46e09bfb76e0f3dc9	3522	sources/recipe-recovery/current-integration-c0/evidence/producer-v2/project/src/main/resources/com/m3/rewrite/backport/jdk21-hash-pinned-text/ic0-aca/target-3.txt
521a7f07e59f507e0ce3193a3d0c7540c232a37c74128d954b52670677498241	2338	sources/recipe-recovery/current-integration-c0/evidence/producer-v2/project/src/main/resources/com/m3/rewrite/backport/jdk21-hash-pinned-text/ic0-aca/target-4.txt
0de471de5a54e1c87153e4b1c23c4013a800f07595cfc05eec7bd4e68f1345d6	10008	sources/recipe-recovery/current-integration-c0/evidence/producer-v2/project/src/main/resources/com/m3/rewrite/backport/jdk21-hash-pinned-text/ic0-aca/target-5.txt
8922e21e4f814dc99282cf1828786a0347552454003e23ac2fa91aa8710851b1	4466	sources/recipe-recovery/current-integration-c0/evidence/producer-v2/project/src/main/resources/com/m3/rewrite/backport/jdk21-hash-pinned-text/ic0-aca/target-6.txt
7d443b17756355cb16d4871d68372194661aafb26cc650d15a71e6ba343d3d6f	712	sources/recipe-recovery/current-integration-c0/evidence/producer-v2/project/src/main/resources/com/m3/rewrite/backport/jdk21-hash-pinned-text/ic0-acs/manifest.tsv
c0ff0c45cf310f233a18e163682d0c12876694a93b1f39a332ecf9e125c82c55	7750	sources/recipe-recovery/current-integration-c0/evidence/producer-v2/project/src/main/resources/com/m3/rewrite/backport/jdk21-hash-pinned-text/ic0-acs/target-1.txt
c0ff0c45cf310f233a18e163682d0c12876694a93b1f39a332ecf9e125c82c55	7750	sources/recipe-recovery/current-integration-c0/evidence/producer-v2/project/src/main/resources/com/m3/rewrite/backport/jdk21-hash-pinned-text/ic0-acs/target-2.txt
0bff4ddf1d6a002510903127bc56c7a2921bfa5851ac8217007eb3699b9febac	734	sources/recipe-recovery/current-integration-c0/evidence/producer-v2/project/src/main/resources/com/m3/rewrite/backport/jdk21-hash-pinned-text/ic0-acs/target-3.txt
49cc5867de7b3e55e3532558606cfcb13bd06b256d36314de3d668d630650e17	634	sources/recipe-recovery/current-integration-c0/evidence/producer-v2/project/src/main/resources/com/m3/rewrite/backport/jdk21-hash-pinned-text/ic0-agt/manifest.tsv
de69a27d63c8591bce12967b82d01cd407d3e7a450ddf65fe8636d61616a4be7	20534	sources/recipe-recovery/current-integration-c0/evidence/producer-v2/project/src/main/resources/com/m3/rewrite/backport/jdk21-hash-pinned-text/ic0-agt/target-1.txt
4153ba0405d19e1b49762ec2c1cdd6c42971e000f0660c674587d8611336ef14	6575	sources/recipe-recovery/current-integration-c0/evidence/producer-v2/project/src/main/resources/com/m3/rewrite/backport/jdk21-hash-pinned-text/ic0-agt/target-2.txt
de69a27d63c8591bce12967b82d01cd407d3e7a450ddf65fe8636d61616a4be7	20534	sources/recipe-recovery/current-integration-c0/evidence/producer-v2/project/src/main/resources/com/m3/rewrite/backport/jdk21-hash-pinned-text/ic0-agt/target-3.txt
4153ba0405d19e1b49762ec2c1cdd6c42971e000f0660c674587d8611336ef14	6575	sources/recipe-recovery/current-integration-c0/evidence/producer-v2/project/src/main/resources/com/m3/rewrite/backport/jdk21-hash-pinned-text/ic0-agt/target-4.txt
07c82862622f587d850e42928e6972df02d549208e94d5742cb511be2f5e40ba	556	sources/recipe-recovery/current-integration-c0/evidence/producer-v2/project/src/main/resources/com/m3/rewrite/backport/jdk21-hash-pinned-text/ic0-amb/manifest.tsv
6d9ec887c87898167748ca5f77598f95a6784cfaf14882f4983733c006374b77	5127	sources/recipe-recovery/current-integration-c0/evidence/producer-v2/project/src/main/resources/com/m3/rewrite/backport/jdk21-hash-pinned-text/ic0-amb/target-1.txt
c212736f000836cb782a5ff81fd2de48e67d36ea4b3bd53cf7743c4aadbfdaf6	16196	sources/recipe-recovery/current-integration-c0/evidence/producer-v2/project/src/main/resources/com/m3/rewrite/backport/jdk21-hash-pinned-text/ic0-amb/target-2.txt
351eeac06154189e79f3d139336437d5911da5721c9a95a779ebd5d511997d9c	6117	sources/recipe-recovery/current-integration-c0/evidence/producer-v2/project/src/main/resources/com/m3/rewrite/backport/jdk21-hash-pinned-text/ic0-amb/target-3.txt
86f114bcb03dc7df22a6a1bcea80ad1f7e7030e5b0cb481b7eadff6a12ba32da	405	sources/recipe-recovery/current-integration-c0/evidence/producer-v2/project/src/main/resources/com/m3/rewrite/backport/jdk21-hash-pinned-text/ic0-amc/manifest.tsv
78eb9fd9168850dd0908621385ad6246acc4690ea375ecace754205708f81edc	9874	sources/recipe-recovery/current-integration-c0/evidence/producer-v2/project/src/main/resources/com/m3/rewrite/backport/jdk21-hash-pinned-text/ic0-amc/target-1.txt
87c9ab22a66c6289325e4f612967e5921fc922240cd7cd1b7c5986b506fda390	10108	sources/recipe-recovery/current-integration-c0/evidence/producer-v2/project/src/main/resources/com/m3/rewrite/backport/jdk21-hash-pinned-text/ic0-amc/target-2.txt
a7887d62f0caf5f6ae9750622ed09129536b9b9a3da31c057cac35117a7621de	6319	sources/recipe-recovery/current-integration-c0/evidence/producer-v2/project/src/main/resources/com/m3/rewrite/backport/jdk21-hash-pinned-text/ic0-amc/target-3.txt
ec4632138062740f3bea0f050661a176ea356b3734934c7856331dcbc3b21937	577	sources/recipe-recovery/current-integration-c0/evidence/producer-v2/project/src/main/resources/com/m3/rewrite/backport/jdk21-hash-pinned-text/ic0-aml/manifest.tsv
a320a7da28264c23120e6296e376822f9795d4735084299701613d41c4e0ca2b	6088	sources/recipe-recovery/current-integration-c0/evidence/producer-v2/project/src/main/resources/com/m3/rewrite/backport/jdk21-hash-pinned-text/ic0-aml/target-1.txt
d45a759b1f51e117af486d9c8b66ca7e9ab8bfeb1764b619680cf4441d759e87	17041	sources/recipe-recovery/current-integration-c0/evidence/producer-v2/project/src/main/resources/com/m3/rewrite/backport/jdk21-hash-pinned-text/ic0-aml/target-2.txt
48dfc6ab7c68ad7d3342dda8d0086e1f7ec74dce4a7b1943d4ff7e0b32d8c52b	7131	sources/recipe-recovery/current-integration-c0/evidence/producer-v2/project/src/main/resources/com/m3/rewrite/backport/jdk21-hash-pinned-text/ic0-aml/target-3.txt
19091afaeb78b0c2aa57d2c57a8197e0a27dee9470f0458c4c10632c1037b2da	731	sources/recipe-recovery/current-integration-c0/evidence/producer-v2/project/src/main/resources/com/m3/rewrite/backport/jdk21-hash-pinned-text/ic0-ard/manifest.tsv
3a17ae820b3962b8b3481e1c96217f593c348643d5cbd5f3a3c6dae218aa9683	506	sources/recipe-recovery/current-integration-c0/evidence/producer-v2/project/src/main/resources/com/m3/rewrite/backport/jdk21-hash-pinned-text/ic0-ard/target-1.txt
c29d8a05ff2ff6b7e684c276b070a439c6a3ef145671f26ad6a77a8cf09d4c0a	519	sources/recipe-recovery/current-integration-c0/evidence/producer-v2/project/src/main/resources/com/m3/rewrite/backport/jdk21-hash-pinned-text/ic0-ard/target-2.txt
f8e225a3cc43fdb8e56534a78997760774601deafc95a05c87d5975ed5cb5aad	5927	sources/recipe-recovery/current-integration-c0/evidence/producer-v2/project/src/main/resources/com/m3/rewrite/backport/jdk21-hash-pinned-text/ic0-ard/target-3.txt
a8e7c77c57e9b9517cc14b8659e8b46e2cce11b29ea7ac0a35c80ab8ac7e8c48	5716	sources/recipe-recovery/current-integration-c0/evidence/producer-v2/project/src/main/resources/com/m3/rewrite/backport/jdk21-hash-pinned-text/ic0-ard/target-4.txt
39336b3be2d437740a281d3ce3fbda8cd61d0e6e5ebc1e821b98518e1464c5d7	1696	sources/recipe-recovery/current-integration-c0/evidence/producer-v2/project/src/main/resources/com/m3/rewrite/backport/jdk21-hash-pinned-text/ic0-arm/manifest.tsv
acc1f301aef53281ccbb26c78921537de99f98bc3f401906f5be658c761f62ef	6447	sources/recipe-recovery/current-integration-c0/evidence/producer-v2/project/src/main/resources/com/m3/rewrite/backport/jdk21-hash-pinned-text/ic0-arm/target-1.txt
19f7e3fb8c5f4332ab721d1962ab9cac261c524a10d9d91272346636fbe86ada	7516	sources/recipe-recovery/current-integration-c0/evidence/producer-v2/project/src/main/resources/com/m3/rewrite/backport/jdk21-hash-pinned-text/ic0-arm/target-2.txt
acc1f301aef53281ccbb26c78921537de99f98bc3f401906f5be658c761f62ef	6447	sources/recipe-recovery/current-integration-c0/evidence/producer-v2/project/src/main/resources/com/m3/rewrite/backport/jdk21-hash-pinned-text/ic0-arm/target-3.txt
19f7e3fb8c5f4332ab721d1962ab9cac261c524a10d9d91272346636fbe86ada	7516	sources/recipe-recovery/current-integration-c0/evidence/producer-v2/project/src/main/resources/com/m3/rewrite/backport/jdk21-hash-pinned-text/ic0-arm/target-4.txt
e7a96b1290ead86d3861f0388423504078cc8f66f10303f73e0a7d44a6e5776b	658	sources/recipe-recovery/current-integration-c0/evidence/producer-v2/project/src/main/resources/com/m3/rewrite/backport/jdk21-hash-pinned-text/ic0-arm/target-5.txt
f34470a701cf71b4b4abbe1fa9a5091392a930426ec84d700f13e53edd244629	5380	sources/recipe-recovery/current-integration-c0/evidence/producer-v2/project/src/main/resources/com/m3/rewrite/backport/jdk21-hash-pinned-text/ic0-arm/target-6.txt
3f3ab065d9e87e9f6095629a56b052642ec9d0883a466430e90a4a4355edd05b	4975	sources/recipe-recovery/current-integration-c0/evidence/producer-v2/project/src/main/resources/com/m3/rewrite/backport/jdk21-hash-pinned-text/ic0-arm/target-7.txt
e99545b056b2ee220e71627ae06755317dc12416b626d118140b6efcba38402b	1442	sources/recipe-recovery/current-integration-c0/evidence/producer-v2/project/src/main/resources/com/m3/rewrite/backport/jdk21-hash-pinned-text/ic0-arr/manifest.tsv
a320a7da28264c23120e6296e376822f9795d4735084299701613d41c4e0ca2b	6088	sources/recipe-recovery/current-integration-c0/evidence/producer-v2/project/src/main/resources/com/m3/rewrite/backport/jdk21-hash-pinned-text/ic0-arr/target-1.txt
d45a759b1f51e117af486d9c8b66ca7e9ab8bfeb1764b619680cf4441d759e87	17041	sources/recipe-recovery/current-integration-c0/evidence/producer-v2/project/src/main/resources/com/m3/rewrite/backport/jdk21-hash-pinned-text/ic0-arr/target-2.txt
48dfc6ab7c68ad7d3342dda8d0086e1f7ec74dce4a7b1943d4ff7e0b32d8c52b	7131	sources/recipe-recovery/current-integration-c0/evidence/producer-v2/project/src/main/resources/com/m3/rewrite/backport/jdk21-hash-pinned-text/ic0-arr/target-3.txt
78eb9fd9168850dd0908621385ad6246acc4690ea375ecace754205708f81edc	9874	sources/recipe-recovery/current-integration-c0/evidence/producer-v2/project/src/main/resources/com/m3/rewrite/backport/jdk21-hash-pinned-text/ic0-arr/target-4.txt
87c9ab22a66c6289325e4f612967e5921fc922240cd7cd1b7c5986b506fda390	10108	sources/recipe-recovery/current-integration-c0/evidence/producer-v2/project/src/main/resources/com/m3/rewrite/backport/jdk21-hash-pinned-text/ic0-arr/target-5.txt
a7887d62f0caf5f6ae9750622ed09129536b9b9a3da31c057cac35117a7621de	6319	sources/recipe-recovery/current-integration-c0/evidence/producer-v2/project/src/main/resources/com/m3/rewrite/backport/jdk21-hash-pinned-text/ic0-arr/target-6.txt
948e5e29a8912cd2def07610d281e35d5ebeac4a95ba7f2c77ac1fb8ba9c9bb4	926	sources/recipe-recovery/current-integration-c0/evidence/producer-v2/project/src/main/resources/com/m3/rewrite/backport/jdk21-hash-pinned-text/ic0-arr/target-7.txt
8a0b1cc6913250370e5ec724876f270b01da80c3a060ec7d66f7fe6b07bbd2d7	598	sources/recipe-recovery/current-integration-c0/evidence/producer-v2/project/src/main/resources/com/m3/rewrite/backport/jdk21-hash-pinned-text/ic0-avp/manifest.tsv
ed492007ff21c2166a17c0a4162cc9cdb775c744d54215d32bba736bcc1067aa	150	sources/recipe-recovery/current-integration-c0/evidence/producer-v2/project/src/main/resources/com/m3/rewrite/backport/jdk21-hash-pinned-text/ic0-avp/target-1.txt
b7d67c2492a2de593aaeebe47ce6bbf657a0ab0b1d59349866ccb7d835208ac8	4531	sources/recipe-recovery/current-integration-c0/evidence/producer-v2/project/src/main/resources/com/m3/rewrite/backport/jdk21-hash-pinned-text/ic0-avp/target-2.txt
27308b049acc122f62f9cb9a9a679a94640952c423b04495c0ef5b9a2c824ec1	3633	sources/recipe-recovery/current-integration-c0/evidence/producer-v2/project/src/main/resources/com/m3/rewrite/backport/jdk21-hash-pinned-text/ic0-avp/target-3.txt
64ee61c5460513b0d2e13be1407ae368f22528c8b6dba9ffc23ceb978acda9fe	691	sources/recipe-recovery/current-integration-c0/evidence/producer-v2/project/src/main/resources/com/m3/rewrite/backport/jdk21-hash-pinned-text/ic0-avr/manifest.tsv
eb28c15b30a454a2e7a10c6a99791e101f811248762ce7f5104d322b9c2773d6	7506	sources/recipe-recovery/current-integration-c0/evidence/producer-v2/project/src/main/resources/com/m3/rewrite/backport/jdk21-hash-pinned-text/ic0-avr/target-1.txt
f0f9ce2d1252cc5ab0de210f1f06623227db7b702961c5aecf966ad12b3041e5	564	sources/recipe-recovery/current-integration-c0/evidence/producer-v2/project/src/main/resources/com/m3/rewrite/backport/jdk21-hash-pinned-text/ic0-avr/target-2.txt
2d5e39a2d1dcdc37f5008929f72de335ae96d6408a3516f8246f956f7c43b2d5	2995	sources/recipe-recovery/current-integration-c0/evidence/producer-v2/project/src/main/resources/com/m3/rewrite/backport/jdk21-hash-pinned-text/ic0-avr/target-3.txt
990ac79aad3fcc1d7df181a57504a29d39025f7c3effe15e7794644c889832a7	5952	sources/recipe-recovery/current-integration-c0/evidence/producer-v2/project/src/main/resources/com/m3/rewrite/backport/jdk21-hash-pinned-text/ic0-avr/target-4.txt
8b9f6945a0f73947008d67771a27a0b5de3f1e4929538f4fb13c9bdc04874ac4	966	sources/recipe-recovery/current-integration-c0/evidence/producer-v2/project/src/main/resources/com/m3/rewrite/backport/jdk21-hash-pinned-text/ic0-awb/manifest.tsv
d9d39747f40bb5eff6ba8639e1e5d0554f0223cc94c09443fe1b2054aac9c3d6	5171	sources/recipe-recovery/current-integration-c0/evidence/producer-v2/project/src/main/resources/com/m3/rewrite/backport/jdk21-hash-pinned-text/ic0-awb/target-1.txt
01a428a662ffbdbd22dcd39d1fea7b69084ce34cada0bb5582b8c3686615750d	3974	sources/recipe-recovery/current-integration-c0/evidence/producer-v2/project/src/main/resources/com/m3/rewrite/backport/jdk21-hash-pinned-text/ic0-awb/target-2.txt
9c5177ee233ee5335131c9106b7a6faa0041b1cd09e9385e36909d8c6365cf87	8267	sources/recipe-recovery/current-integration-c0/evidence/producer-v2/project/src/main/resources/com/m3/rewrite/backport/jdk21-hash-pinned-text/ic0-awb/target-3.txt
27308b049acc122f62f9cb9a9a679a94640952c423b04495c0ef5b9a2c824ec1	3633	sources/recipe-recovery/current-integration-c0/evidence/producer-v2/project/src/main/resources/com/m3/rewrite/backport/jdk21-hash-pinned-text/ic0-awb/target-4.txt
b408f0b8d0e4d6e197230e3cb1469d14e0d52aecd33ac55c71f11d513d6e23ec	10881	sources/recipe-recovery/current-integration-c0/evidence/producer-v2/project/src/main/resources/com/m3/rewrite/backport/jdk21-hash-pinned-text/ic0-awb/target-5.txt
