sha256	bytes	path
2af18973d8a9b7844fb8cfa9e2b3779f6ed654117528be8d535429aaafd2efe3	4669388	SOURCE-CLOSURE.json
6e8e5f8303cc7c93df1a152ee51d97bc8b6af44e4b9c279e9e22f6c7afab063b	4400	ic0/project/README.md
8015207ce502d22955f7f77697177e5939fa1e25be7cd74be89c639335ae48e6	12032	ic0/project/dependency-source/com/m3/rewrite/backport/M3Jdk21HashPinnedTextSnapshotRecipe.java
2c5b8d596b12319fe66532f0d06325ff33016b826ea22395e407f6c2ea63265e	3693	ic0/project/pom.xml
c463d62bd3d5898b4d747f57867dfb79b96d5d94962ea57637cc622e93b26d70	66573	ic0/project/proof.py
0c604b7af2a6452b39904b7f0756fdd5e4e4d723d48f590627b3b1d807746880	299	ic0/project/src/main/resources/META-INF/rewrite/ic0-aad.yml
c1ab214a10ab317018ae4cc1f869352ff1d76f049f4faebbee696f691be22bf0	299	ic0/project/src/main/resources/META-INF/rewrite/ic0-aca.yml
1ba8035f242159e2b81f35f22f11525bd47146d1026a39fd8b5d57a032a6173e	299	ic0/project/src/main/resources/META-INF/rewrite/ic0-acs.yml
5743aaa8366d3b8a48e24e2a9f79b2bc47d6730ea77e238c720fdd4762554b50	299	ic0/project/src/main/resources/META-INF/rewrite/ic0-agt.yml
7d5356930f83356b46d85b5f78b0f3bfa45bb234edc5b4bb5a05f1d79ca38444	299	ic0/project/src/main/resources/META-INF/rewrite/ic0-amb.yml
cf3d71ff3bf8a1594bbef42c368d13395635ac94024b75fbb601b2bbacc4abd7	299	ic0/project/src/main/resources/META-INF/rewrite/ic0-amc.yml
a0ad526a0f49864dcaeff71b36b6297c9d3f9713c363432dcf83bf5b1708e8e4	299	ic0/project/src/main/resources/META-INF/rewrite/ic0-aml.yml
e0cb6b3adbb942f0c85e81a6305941551ee823726444c81260773497cf0d6a0b	299	ic0/project/src/main/resources/META-INF/rewrite/ic0-ard.yml
8fe9e8db356b59e0653e4b751f9a50be5e32ec781cab32102d986346150e2503	299	ic0/project/src/main/resources/META-INF/rewrite/ic0-arm.yml
f8b3ad9ac58ed681f30262ad259ebf411bcbdac321f47b20db48520e98889df3	299	ic0/project/src/main/resources/META-INF/rewrite/ic0-arr.yml
4c0c9997e43d75e3a51b5919120e2c781bd66465a5a349dc4f9ae6813ecd0e87	299	ic0/project/src/main/resources/META-INF/rewrite/ic0-avp.yml
d9c88f5a4f828e08f6d058faca47421e7b01563ce3b45e64eae9942cff1d09e9	299	ic0/project/src/main/resources/META-INF/rewrite/ic0-avr.yml
535e1707cecab980ae1b6350bd0a6ebcf63519abd303f6623c1419519fd8ac14	299	ic0/project/src/main/resources/META-INF/rewrite/ic0-awb.yml
b8c06e67d98ff88d9c5c7c4269500a3c5d028e77c497b751756f9e71513c62db	299	ic0/project/src/main/resources/META-INF/rewrite/ic0-awd.yml
1d17ab5d1321e05d1a802980eb78d7f3826d728f5b9c57d00644b2d17f0ca6f5	299	ic0/project/src/main/resources/META-INF/rewrite/ic0-awr.yml
9ac8a77012470e078d1661251e14fef529983f07993e2d8220fafea93ad3f992	299	ic0/project/src/main/resources/META-INF/rewrite/ic0-cgo.yml
2e02f1c87218288908a1c8f7caf4000e0a09526092ad8e0b239829fd5c649f1a	299	ic0/project/src/main/resources/META-INF/rewrite/ic0-cib.yml
73a504f132168f85064e33e4c39bb7f99b919e0f803590ddda142aa2c8e90006	299	ic0/project/src/main/resources/META-INF/rewrite/ic0-ciw.yml
7b4111714397bd599688bc06f350088e77e2cfa881591854c4353ada683c80f4	299	ic0/project/src/main/resources/META-INF/rewrite/ic0-cmp.yml
8b8bae147b5c0bce7a839d624c142b9add9a5855c1ab62fa6c1063d6ddd106ba	299	ic0/project/src/main/resources/META-INF/rewrite/ic0-cor.yml
9b33fa9115154bd78f495120744fe2692de708d454d4e9ecdc2564b83b9f8446	299	ic0/project/src/main/resources/META-INF/rewrite/ic0-cri.yml
04e72853f464d84747e6a8dfee4183765b6c77edc2dc036e0a2b0167cea7d4d2	299	ic0/project/src/main/resources/META-INF/rewrite/ic0-dgc.yml
fa601958457ff53dc279c3ee9fa48f0d24271dc19d0a523c16bf77d1c59f839c	299	ic0/project/src/main/resources/META-INF/rewrite/ic0-fnd.yml
6fbbfa680c965cb25eca2337a7c0ba84ef23761f64ef3f839cbc78da575e9be5	299	ic0/project/src/main/resources/META-INF/rewrite/ic0-gpc.yml
90db450a4e16bd0b7a76c836f01856f66ecfe23aad2ddccfacb236bbfe586095	299	ic0/project/src/main/resources/META-INF/rewrite/ic0-hct.yml
9991a9390481d760cc2f74176fc7c1c723e9c0dd4b809f9d6fedfa68d8969251	299	ic0/project/src/main/resources/META-INF/rewrite/ic0-hts.yml
eb2da19d2894d3bb8d40d681b05d0ce551bce1eb4bf12e51c265cfe1c3898b9f	299	ic0/project/src/main/resources/META-INF/rewrite/ic0-ipr.yml
c39085343c51c602f49ef3c028f043f6347777b3a18b20ef304cf47f57cbff1b	299	ic0/project/src/main/resources/META-INF/rewrite/ic0-jgr.yml
e469ca513b39d34ccae8f892da94cf4607492b2f6686254cb5c4464674c7b393	299	ic0/project/src/main/resources/META-INF/rewrite/ic0-jma.yml
54bb2566e0523c38d3ea2d0a602918c6a0723434d9839d09dea330f2ad40a4a7	299	ic0/project/src/main/resources/META-INF/rewrite/ic0-jop.yml
1dba50bbc7cf069ca5d42d8ef889b18144d3e54ed0e47424bed9f8188665015d	299	ic0/project/src/main/resources/META-INF/rewrite/ic0-nul.yml
ad7008b466e9601c3a3ee090b1955ea276085825db703835a93c83eeacf7daa8	2308	ic0/project/src/main/resources/META-INF/rewrite/ic0-orders.yml
d891d23663b1399d7c71f4569e01fc026e13b7928edc176dafe9c0c99ae91eca	299	ic0/project/src/main/resources/META-INF/rewrite/ic0-pcd.yml
b8657823c20470617557c8b6508f226e13cda2f8f0aee7e5ffcb80a0f7a7a420	299	ic0/project/src/main/resources/META-INF/rewrite/ic0-pco.yml
46568cdbbeb65963aa290f9fe1780b201d95d03ffad733362629b27c26694497	299	ic0/project/src/main/resources/META-INF/rewrite/ic0-pcw.yml
da9c1d79a4295c2a63e7f4b9a289620bfd165ad3ea2b8a7b168565b0e2e6447c	299	ic0/project/src/main/resources/META-INF/rewrite/ic0-scp.yml
3c58e252ae20501b4258f6d7d016e51340e20d0273887a52c96ebddfe3dad996	299	ic0/project/src/main/resources/META-INF/rewrite/ic0-sdc.yml
d1386ec5616bd2570de480991e84880c8f6c2992b0d03f1f93bca63135832f5f	225	ic0/project/src/main/resources/com/m3/rewrite/backport/jdk21-hash-pinned-text/ic0-aad/manifest.tsv
f28d3cd66fdb757b819dc8ad264a9097eb770f1d25995698ca12e6387cd9bd5d	3078	ic0/project/src/main/resources/com/m3/rewrite/backport/jdk21-hash-pinned-text/ic0-aad/target-1.txt
eb8ca3340f628e3955d9bea0cfa7d6c0dca5cf0623f85d82335b1c68380a000e	2540	ic0/project/src/main/resources/com/m3/rewrite/backport/jdk21-hash-pinned-text/ic0-aad/target-2.txt
89d7df5d0190e71b6fb69797fe848b37f5ffb09e274f020135e0df948488782a	1306	ic0/project/src/main/resources/com/m3/rewrite/backport/jdk21-hash-pinned-text/ic0-aca/manifest.tsv
0de471de5a54e1c87153e4b1c23c4013a800f07595cfc05eec7bd4e68f1345d6	10008	ic0/project/src/main/resources/com/m3/rewrite/backport/jdk21-hash-pinned-text/ic0-aca/target-1.txt
8922e21e4f814dc99282cf1828786a0347552454003e23ac2fa91aa8710851b1	4466	ic0/project/src/main/resources/com/m3/rewrite/backport/jdk21-hash-pinned-text/ic0-aca/target-2.txt
a53bdeee8afe28b90cb0e348e718b70610a9487edb1b75b46e09bfb76e0f3dc9	3522	ic0/project/src/main/resources/com/m3/rewrite/backport/jdk21-hash-pinned-text/ic0-aca/target-3.txt
521a7f07e59f507e0ce3193a3d0c7540c232a37c74128d954b52670677498241	2338	ic0/project/src/main/resources/com/m3/rewrite/backport/jdk21-hash-pinned-text/ic0-aca/target-4.txt
0de471de5a54e1c87153e4b1c23c4013a800f07595cfc05eec7bd4e68f1345d6	10008	ic0/project/src/main/resources/com/m3/rewrite/backport/jdk21-hash-pinned-text/ic0-aca/target-5.txt
8922e21e4f814dc99282cf1828786a0347552454003e23ac2fa91aa8710851b1	4466	ic0/project/src/main/resources/com/m3/rewrite/backport/jdk21-hash-pinned-text/ic0-aca/target-6.txt
7d443b17756355cb16d4871d68372194661aafb26cc650d15a71e6ba343d3d6f	712	ic0/project/src/main/resources/com/m3/rewrite/backport/jdk21-hash-pinned-text/ic0-acs/manifest.tsv
c0ff0c45cf310f233a18e163682d0c12876694a93b1f39a332ecf9e125c82c55	7750	ic0/project/src/main/resources/com/m3/rewrite/backport/jdk21-hash-pinned-text/ic0-acs/target-1.txt
c0ff0c45cf310f233a18e163682d0c12876694a93b1f39a332ecf9e125c82c55	7750	ic0/project/src/main/resources/com/m3/rewrite/backport/jdk21-hash-pinned-text/ic0-acs/target-2.txt
0bff4ddf1d6a002510903127bc56c7a2921bfa5851ac8217007eb3699b9febac	734	ic0/project/src/main/resources/com/m3/rewrite/backport/jdk21-hash-pinned-text/ic0-acs/target-3.txt
49cc5867de7b3e55e3532558606cfcb13bd06b256d36314de3d668d630650e17	634	ic0/project/src/main/resources/com/m3/rewrite/backport/jdk21-hash-pinned-text/ic0-agt/manifest.tsv
de69a27d63c8591bce12967b82d01cd407d3e7a450ddf65fe8636d61616a4be7	20534	ic0/project/src/main/resources/com/m3/rewrite/backport/jdk21-hash-pinned-text/ic0-agt/target-1.txt
4153ba0405d19e1b49762ec2c1cdd6c42971e000f0660c674587d8611336ef14	6575	ic0/project/src/main/resources/com/m3/rewrite/backport/jdk21-hash-pinned-text/ic0-agt/target-2.txt
de69a27d63c8591bce12967b82d01cd407d3e7a450ddf65fe8636d61616a4be7	20534	ic0/project/src/main/resources/com/m3/rewrite/backport/jdk21-hash-pinned-text/ic0-agt/target-3.txt
4153ba0405d19e1b49762ec2c1cdd6c42971e000f0660c674587d8611336ef14	6575	ic0/project/src/main/resources/com/m3/rewrite/backport/jdk21-hash-pinned-text/ic0-agt/target-4.txt
07c82862622f587d850e42928e6972df02d549208e94d5742cb511be2f5e40ba	556	ic0/project/src/main/resources/com/m3/rewrite/backport/jdk21-hash-pinned-text/ic0-amb/manifest.tsv
6d9ec887c87898167748ca5f77598f95a6784cfaf14882f4983733c006374b77	5127	ic0/project/src/main/resources/com/m3/rewrite/backport/jdk21-hash-pinned-text/ic0-amb/target-1.txt
c212736f000836cb782a5ff81fd2de48e67d36ea4b3bd53cf7743c4aadbfdaf6	16196	ic0/project/src/main/resources/com/m3/rewrite/backport/jdk21-hash-pinned-text/ic0-amb/target-2.txt
351eeac06154189e79f3d139336437d5911da5721c9a95a779ebd5d511997d9c	6117	ic0/project/src/main/resources/com/m3/rewrite/backport/jdk21-hash-pinned-text/ic0-amb/target-3.txt
86f114bcb03dc7df22a6a1bcea80ad1f7e7030e5b0cb481b7eadff6a12ba32da	405	ic0/project/src/main/resources/com/m3/rewrite/backport/jdk21-hash-pinned-text/ic0-amc/manifest.tsv
78eb9fd9168850dd0908621385ad6246acc4690ea375ecace754205708f81edc	9874	ic0/project/src/main/resources/com/m3/rewrite/backport/jdk21-hash-pinned-text/ic0-amc/target-1.txt
87c9ab22a66c6289325e4f612967e5921fc922240cd7cd1b7c5986b506fda390	10108	ic0/project/src/main/resources/com/m3/rewrite/backport/jdk21-hash-pinned-text/ic0-amc/target-2.txt
a7887d62f0caf5f6ae9750622ed09129536b9b9a3da31c057cac35117a7621de	6319	ic0/project/src/main/resources/com/m3/rewrite/backport/jdk21-hash-pinned-text/ic0-amc/target-3.txt
ec4632138062740f3bea0f050661a176ea356b3734934c7856331dcbc3b21937	577	ic0/project/src/main/resources/com/m3/rewrite/backport/jdk21-hash-pinned-text/ic0-aml/manifest.tsv
a320a7da28264c23120e6296e376822f9795d4735084299701613d41c4e0ca2b	6088	ic0/project/src/main/resources/com/m3/rewrite/backport/jdk21-hash-pinned-text/ic0-aml/target-1.txt
d45a759b1f51e117af486d9c8b66ca7e9ab8bfeb1764b619680cf4441d759e87	17041	ic0/project/src/main/resources/com/m3/rewrite/backport/jdk21-hash-pinned-text/ic0-aml/target-2.txt
48dfc6ab7c68ad7d3342dda8d0086e1f7ec74dce4a7b1943d4ff7e0b32d8c52b	7131	ic0/project/src/main/resources/com/m3/rewrite/backport/jdk21-hash-pinned-text/ic0-aml/target-3.txt
19091afaeb78b0c2aa57d2c57a8197e0a27dee9470f0458c4c10632c1037b2da	731	ic0/project/src/main/resources/com/m3/rewrite/backport/jdk21-hash-pinned-text/ic0-ard/manifest.tsv
3a17ae820b3962b8b3481e1c96217f593c348643d5cbd5f3a3c6dae218aa9683	506	ic0/project/src/main/resources/com/m3/rewrite/backport/jdk21-hash-pinned-text/ic0-ard/target-1.txt
c29d8a05ff2ff6b7e684c276b070a439c6a3ef145671f26ad6a77a8cf09d4c0a	519	ic0/project/src/main/resources/com/m3/rewrite/backport/jdk21-hash-pinned-text/ic0-ard/target-2.txt
f8e225a3cc43fdb8e56534a78997760774601deafc95a05c87d5975ed5cb5aad	5927	ic0/project/src/main/resources/com/m3/rewrite/backport/jdk21-hash-pinned-text/ic0-ard/target-3.txt
a8e7c77c57e9b9517cc14b8659e8b46e2cce11b29ea7ac0a35c80ab8ac7e8c48	5716	ic0/project/src/main/resources/com/m3/rewrite/backport/jdk21-hash-pinned-text/ic0-ard/target-4.txt
39336b3be2d437740a281d3ce3fbda8cd61d0e6e5ebc1e821b98518e1464c5d7	1696	ic0/project/src/main/resources/com/m3/rewrite/backport/jdk21-hash-pinned-text/ic0-arm/manifest.tsv
acc1f301aef53281ccbb26c78921537de99f98bc3f401906f5be658c761f62ef	6447	ic0/project/src/main/resources/com/m3/rewrite/backport/jdk21-hash-pinned-text/ic0-arm/target-1.txt
19f7e3fb8c5f4332ab721d1962ab9cac261c524a10d9d91272346636fbe86ada	7516	ic0/project/src/main/resources/com/m3/rewrite/backport/jdk21-hash-pinned-text/ic0-arm/target-2.txt
acc1f301aef53281ccbb26c78921537de99f98bc3f401906f5be658c761f62ef	6447	ic0/project/src/main/resources/com/m3/rewrite/backport/jdk21-hash-pinned-text/ic0-arm/target-3.txt
19f7e3fb8c5f4332ab721d1962ab9cac261c524a10d9d91272346636fbe86ada	7516	ic0/project/src/main/resources/com/m3/rewrite/backport/jdk21-hash-pinned-text/ic0-arm/target-4.txt
e7a96b1290ead86d3861f0388423504078cc8f66f10303f73e0a7d44a6e5776b	658	ic0/project/src/main/resources/com/m3/rewrite/backport/jdk21-hash-pinned-text/ic0-arm/target-5.txt
f34470a701cf71b4b4abbe1fa9a5091392a930426ec84d700f13e53edd244629	5380	ic0/project/src/main/resources/com/m3/rewrite/backport/jdk21-hash-pinned-text/ic0-arm/target-6.txt
3f3ab065d9e87e9f6095629a56b052642ec9d0883a466430e90a4a4355edd05b	4975	ic0/project/src/main/resources/com/m3/rewrite/backport/jdk21-hash-pinned-text/ic0-arm/target-7.txt
e99545b056b2ee220e71627ae06755317dc12416b626d118140b6efcba38402b	1442	ic0/project/src/main/resources/com/m3/rewrite/backport/jdk21-hash-pinned-text/ic0-arr/manifest.tsv
a320a7da28264c23120e6296e376822f9795d4735084299701613d41c4e0ca2b	6088	ic0/project/src/main/resources/com/m3/rewrite/backport/jdk21-hash-pinned-text/ic0-arr/target-1.txt
d45a759b1f51e117af486d9c8b66ca7e9ab8bfeb1764b619680cf4441d759e87	17041	ic0/project/src/main/resources/com/m3/rewrite/backport/jdk21-hash-pinned-text/ic0-arr/target-2.txt
48dfc6ab7c68ad7d3342dda8d0086e1f7ec74dce4a7b1943d4ff7e0b32d8c52b	7131	ic0/project/src/main/resources/com/m3/rewrite/backport/jdk21-hash-pinned-text/ic0-arr/target-3.txt
78eb9fd9168850dd0908621385ad6246acc4690ea375ecace754205708f81edc	9874	ic0/project/src/main/resources/com/m3/rewrite/backport/jdk21-hash-pinned-text/ic0-arr/target-4.txt
87c9ab22a66c6289325e4f612967e5921fc922240cd7cd1b7c5986b506fda390	10108	ic0/project/src/main/resources/com/m3/rewrite/backport/jdk21-hash-pinned-text/ic0-arr/target-5.txt
a7887d62f0caf5f6ae9750622ed09129536b9b9a3da31c057cac35117a7621de	6319	ic0/project/src/main/resources/com/m3/rewrite/backport/jdk21-hash-pinned-text/ic0-arr/target-6.txt
948e5e29a8912cd2def07610d281e35d5ebeac4a95ba7f2c77ac1fb8ba9c9bb4	926	ic0/project/src/main/resources/com/m3/rewrite/backport/jdk21-hash-pinned-text/ic0-arr/target-7.txt
8a0b1cc6913250370e5ec724876f270b01da80c3a060ec7d66f7fe6b07bbd2d7	598	ic0/project/src/main/resources/com/m3/rewrite/backport/jdk21-hash-pinned-text/ic0-avp/manifest.tsv
ed492007ff21c2166a17c0a4162cc9cdb775c744d54215d32bba736bcc1067aa	150	ic0/project/src/main/resources/com/m3/rewrite/backport/jdk21-hash-pinned-text/ic0-avp/target-1.txt
b7d67c2492a2de593aaeebe47ce6bbf657a0ab0b1d59349866ccb7d835208ac8	4531	ic0/project/src/main/resources/com/m3/rewrite/backport/jdk21-hash-pinned-text/ic0-avp/target-2.txt
27308b049acc122f62f9cb9a9a679a94640952c423b04495c0ef5b9a2c824ec1	3633	ic0/project/src/main/resources/com/m3/rewrite/backport/jdk21-hash-pinned-text/ic0-avp/target-3.txt
64ee61c5460513b0d2e13be1407ae368f22528c8b6dba9ffc23ceb978acda9fe	691	ic0/project/src/main/resources/com/m3/rewrite/backport/jdk21-hash-pinned-text/ic0-avr/manifest.tsv
eb28c15b30a454a2e7a10c6a99791e101f811248762ce7f5104d322b9c2773d6	7506	ic0/project/src/main/resources/com/m3/rewrite/backport/jdk21-hash-pinned-text/ic0-avr/target-1.txt
f0f9ce2d1252cc5ab0de210f1f06623227db7b702961c5aecf966ad12b3041e5	564	ic0/project/src/main/resources/com/m3/rewrite/backport/jdk21-hash-pinned-text/ic0-avr/target-2.txt
2d5e39a2d1dcdc37f5008929f72de335ae96d6408a3516f8246f956f7c43b2d5	2995	ic0/project/src/main/resources/com/m3/rewrite/backport/jdk21-hash-pinned-text/ic0-avr/target-3.txt
990ac79aad3fcc1d7df181a57504a29d39025f7c3effe15e7794644c889832a7	5952	ic0/project/src/main/resources/com/m3/rewrite/backport/jdk21-hash-pinned-text/ic0-avr/target-4.txt
8b9f6945a0f73947008d67771a27a0b5de3f1e4929538f4fb13c9bdc04874ac4	966	ic0/project/src/main/resources/com/m3/rewrite/backport/jdk21-hash-pinned-text/ic0-awb/manifest.tsv
d9d39747f40bb5eff6ba8639e1e5d0554f0223cc94c09443fe1b2054aac9c3d6	5171	ic0/project/src/main/resources/com/m3/rewrite/backport/jdk21-hash-pinned-text/ic0-awb/target-1.txt
01a428a662ffbdbd22dcd39d1fea7b69084ce34cada0bb5582b8c3686615750d	3974	ic0/project/src/main/resources/com/m3/rewrite/backport/jdk21-hash-pinned-text/ic0-awb/target-2.txt
9c5177ee233ee5335131c9106b7a6faa0041b1cd09e9385e36909d8c6365cf87	8267	ic0/project/src/main/resources/com/m3/rewrite/backport/jdk21-hash-pinned-text/ic0-awb/target-3.txt
27308b049acc122f62f9cb9a9a679a94640952c423b04495c0ef5b9a2c824ec1	3633	ic0/project/src/main/resources/com/m3/rewrite/backport/jdk21-hash-pinned-text/ic0-awb/target-4.txt
b408f0b8d0e4d6e197230e3cb1469d14e0d52aecd33ac55c71f11d513d6e23ec	10881	ic0/project/src/main/resources/com/m3/rewrite/backport/jdk21-hash-pinned-text/ic0-awb/target-5.txt
af2684a3af82b6cbebf718bbe59808af8c7ef1b1de52fdcf42a0d90efecc8649	943	ic0/project/src/main/resources/com/m3/rewrite/backport/jdk21-hash-pinned-text/ic0-awd/manifest.tsv
12bb0deb1e9536235a106474865faea7262389dea72150ce6a7cf7e8c65f9c46	2100	ic0/project/src/main/resources/com/m3/rewrite/backport/jdk21-hash-pinned-text/ic0-awd/target-1.txt
e2224918c07412ab448140f4f842224629c3b4fb72a04b41a592f7c627e83775	11744	ic0/project/src/main/resources/com/m3/rewrite/backport/jdk21-hash-pinned-text/ic0-awd/target-2.txt
149d1d4ccc6fa531425597eadbc759378366108fef57bb6e8a8b27b70477dcd1	5550	ic0/project/src/main/resources/com/m3/rewrite/backport/jdk21-hash-pinned-text/ic0-awd/target-3.txt
269cba753f97c8903446fcba3db0a056557ab92b9e7d545cea8461c0afbeb877	5105	ic0/project/src/main/resources/com/m3/rewrite/backport/jdk21-hash-pinned-text/ic0-awd/target-4.txt
5b611c1a9c486e36698fce1112d8e876cb98e465ef6c291d7aa94409c6242e18	8625	ic0/project/src/main/resources/com/m3/rewrite/backport/jdk21-hash-pinned-text/ic0-awd/target-5.txt
faed3fa2e7103aaca8dca51b7bd9660453276d5ba424120c9b5537e5d617c194	5456	ic0/project/src/main/resources/com/m3/rewrite/backport/jdk21-hash-pinned-text/ic0-awd/target-6.txt
018bc7d7ad2c11e7a284ef8adc77299f884237a0d4c0e2fadc7c0cc92b2bcda8	1332	ic0/project/src/main/resources/com/m3/rewrite/backport/jdk21-hash-pinned-text/ic0-awr/manifest.tsv
149d1d4ccc6fa531425597eadbc759378366108fef57bb6e8a8b27b70477dcd1	5550	ic0/project/src/main/resources/com/m3/rewrite/backport/jdk21-hash-pinned-text/ic0-awr/target-1.txt
269cba753f97c8903446fcba3db0a056557ab92b9e7d545cea8461c0afbeb877	5105	ic0/project/src/main/resources/com/m3/rewrite/backport/jdk21-hash-pinned-text/ic0-awr/target-2.txt
5b611c1a9c486e36698fce1112d8e876cb98e465ef6c291d7aa94409c6242e18	8625	ic0/project/src/main/resources/com/m3/rewrite/backport/jdk21-hash-pinned-text/ic0-awr/target-3.txt
4ff049c2f7b0e8eb01aa6eb643f7588caea10b1e544653f78f68fe9566e88951	825	ic0/project/src/main/resources/com/m3/rewrite/backport/jdk21-hash-pinned-text/ic0-awr/target-4.txt
d3cce7617f65ba818df045502f41917b5b9bef1c5b3b848ae3bee03ce949ae79	4558	ic0/project/src/main/resources/com/m3/rewrite/backport/jdk21-hash-pinned-text/ic0-awr/target-5.txt
e2224918c07412ab448140f4f842224629c3b4fb72a04b41a592f7c627e83775	11744	ic0/project/src/main/resources/com/m3/rewrite/backport/jdk21-hash-pinned-text/ic0-awr/target-6.txt
2d3f548908ebd33f2e93d516cd94e19830dbddf79468d9a8c0ff67b42d38e049	1316	ic0/project/src/main/resources/com/m3/rewrite/backport/jdk21-hash-pinned-text/ic0-cgo/manifest.tsv
4c86fb6ddc117ed481309811887df97233803c708dd19b599516e229cddf4178	5159	ic0/project/src/main/resources/com/m3/rewrite/backport/jdk21-hash-pinned-text/ic0-cgo/target-1.txt
6f23e04cf11046fd90452740d549e55c3f12dfb785036137886739d73539844f	344	ic0/project/src/main/resources/com/m3/rewrite/backport/jdk21-hash-pinned-text/ic0-cgo/target-2.txt
99a26f393466db29e3a2cd36727eb906e9b40dc68df663e95a0174e00067b624	3174	ic0/project/src/main/resources/com/m3/rewrite/backport/jdk21-hash-pinned-text/ic0-cgo/target-3.txt
77ee719e75092e9b9ee765bfce2b7cb9a14b40814aa8be15c1aaea5b211016c2	395	ic0/project/src/main/resources/com/m3/rewrite/backport/jdk21-hash-pinned-text/ic0-cgo/target-4.txt
02131ab6cc2ca7c58f95e5791f05e70ef2315de552763a7d6f96fb5838074fcc	8715	ic0/project/src/main/resources/com/m3/rewrite/backport/jdk21-hash-pinned-text/ic0-cgo/target-5.txt
828164ada2300dbd8935a6ac34992d47be8f8c2f211ca5d3950fa7916550acf1	2247	ic0/project/src/main/resources/com/m3/rewrite/backport/jdk21-hash-pinned-text/ic0-cgo/target-6.txt
9ddb6eb1dbc4b618f0cd3817ed5f03f4eecd7202dead3e762f640a93c82456e2	374	ic0/project/src/main/resources/com/m3/rewrite/backport/jdk21-hash-pinned-text/ic0-cib/manifest.tsv
ead40f30276be985b00c2280a3ae41f23e6c1f0a4fc641dd617ff367d5c3c77c	15862	ic0/project/src/main/resources/com/m3/rewrite/backport/jdk21-hash-pinned-text/ic0-cib/target-1.txt
486b0a3980fa727a668d8c30d784f26400cf024516fc10f629aec398427c40f9	6325	ic0/project/src/main/resources/com/m3/rewrite/backport/jdk21-hash-pinned-text/ic0-cib/target-2.txt
556d7744fc7af55e1ef7ee66012872f40633daf0afb030657bb06fcfa1bb8587	529	ic0/project/src/main/resources/com/m3/rewrite/backport/jdk21-hash-pinned-text/ic0-ciw/manifest.tsv
b0ed1b1f29b0c2e8cec3114852f48f8ed7d2f2e3edd77a8df17788eccf6d6deb	4428	ic0/project/src/main/resources/com/m3/rewrite/backport/jdk21-hash-pinned-text/ic0-ciw/target-1.txt
da68bc2e110f1e6cfcadef240393c121c86a8bcc3341202a900e2c8e3466e1b5	57323	ic0/project/src/main/resources/com/m3/rewrite/backport/jdk21-hash-pinned-text/ic0-ciw/target-2.txt
a716b1128c5796a553e14c520deb07795d0394229496eb67b93de07913e3126d	9662	ic0/project/src/main/resources/com/m3/rewrite/backport/jdk21-hash-pinned-text/ic0-ciw/target-3.txt
fc0e4aa46859f49c3c8e914b95243b279bbd2a0e7737f6535d8947b769153a2f	15213	ic0/project/src/main/resources/com/m3/rewrite/backport/jdk21-hash-pinned-text/ic0-ciw/target-4.txt
9ff6c0ec93be56758814de6a2464e063ff49fd821eaa497ecd8b974ac235821b	169	ic0/project/src/main/resources/com/m3/rewrite/backport/jdk21-hash-pinned-text/ic0-cmp/manifest.tsv
cf6a75806908fee920ecbf7bbe548182f1d9db179e9cc554e36739b1c45a6e6c	423495	ic0/project/src/main/resources/com/m3/rewrite/backport/jdk21-hash-pinned-text/ic0-cmp/target-1.txt
f6ae4f6ec95f8a238bf65313858d242f5b32c495bba2091d1b3ea9a964919974	231	ic0/project/src/main/resources/com/m3/rewrite/backport/jdk21-hash-pinned-text/ic0-cor/manifest.tsv
dde797e49266f4d89ec271cb705f238a72d26e95e5e5865c6b608d924fde9d0d	18329	ic0/project/src/main/resources/com/m3/rewrite/backport/jdk21-hash-pinned-text/ic0-cor/target-1.txt
d8ba52bee5619c7f5dc95fadbb84217436e2e337d2c1f8c08a82e4a7da977925	211	ic0/project/src/main/resources/com/m3/rewrite/backport/jdk21-hash-pinned-text/ic0-cri/manifest.tsv
2940fa6f37604db870c625d5d4745b1b8e3c615db172d91b5815d5668beaa057	684	ic0/project/src/main/resources/com/m3/rewrite/backport/jdk21-hash-pinned-text/ic0-cri/target-1.txt
64415c0ae5a5ba87ed9c830bfbafd2596fc7d2cad32be4638a31128f1c2713be	1627	ic0/project/src/main/resources/com/m3/rewrite/backport/jdk21-hash-pinned-text/ic0-dgc/manifest.tsv
59a09aaec010cade4f24d4ef8163e412e63c3a8664d1fef155f7b87a309137ce	6189	ic0/project/src/main/resources/com/m3/rewrite/backport/jdk21-hash-pinned-text/ic0-dgc/target-1.txt
7741718f54913038f45c4dd552c9891a9d2ada3b3d55189910a54d30954a7120	2377	ic0/project/src/main/resources/com/m3/rewrite/backport/jdk21-hash-pinned-text/ic0-dgc/target-2.txt
d9abd0532c48169e7e890381bbea022577091d852c366d94ce00c149053efc49	1003	ic0/project/src/main/resources/com/m3/rewrite/backport/jdk21-hash-pinned-text/ic0-dgc/target-3.txt
885492be4de4d8a12d345c272fc5ecc897150fd823aaedbc4a770c424044b3e3	1575	ic0/project/src/main/resources/com/m3/rewrite/backport/jdk21-hash-pinned-text/ic0-dgc/target-4.txt
fcece5585c961f7c67bfac9fbc3f6d2bb5cdd9a12bccceaa70c6e384ee540f1d	1695	ic0/project/src/main/resources/com/m3/rewrite/backport/jdk21-hash-pinned-text/ic0-dgc/target-5.txt
cad129631f107efe062a8850e0c8a6a9bc98875142742d4f3c18dd745b29393d	13835	ic0/project/src/main/resources/com/m3/rewrite/backport/jdk21-hash-pinned-text/ic0-dgc/target-6.txt
d4470dc68c4259b599ceb67cf403cb127945f9c0f5215ba400399a689efd8c6d	12586	ic0/project/src/main/resources/com/m3/rewrite/backport/jdk21-hash-pinned-text/ic0-dgc/target-7.txt
3e1e1d16d6cea44d0dfda5557ac7748234886843398571a4c2ac23d5b0b0cf7f	577	ic0/project/src/main/resources/com/m3/rewrite/backport/jdk21-hash-pinned-text/ic0-fnd/manifest.tsv
b43095e303e839df207d76a8ae94bdbaf6fa3a05d158335566c929ba8357c283	2759	ic0/project/src/main/resources/com/m3/rewrite/backport/jdk21-hash-pinned-text/ic0-fnd/target-1.txt
7d1c50f1340f811f48e17a64b0674fcf631219f69c7878531602b09310beb198	79534	ic0/project/src/main/resources/com/m3/rewrite/backport/jdk21-hash-pinned-text/ic0-fnd/target-2.txt
acd49abfe66383ae325ced5adf371716f76eb164749ddb2e19a0dcf5638a4e96	8723	ic0/project/src/main/resources/com/m3/rewrite/backport/jdk21-hash-pinned-text/ic0-fnd/target-3.txt
924f82ab0df19c7c24a9c208c93880fab36da2c9216572c33b4219d6c0208f64	16970	ic0/project/src/main/resources/com/m3/rewrite/backport/jdk21-hash-pinned-text/ic0-fnd/target-4.txt
b7ae7304902b40ce7dd730cadd434077d1afa1852579aa18a457e85d13bd0773	1753	ic0/project/src/main/resources/com/m3/rewrite/backport/jdk21-hash-pinned-text/ic0-gpc/manifest.tsv
107e583af7e846ea83774cc681e649e52fa6edef571165dcd717200cd720898f	24060	ic0/project/src/main/resources/com/m3/rewrite/backport/jdk21-hash-pinned-text/ic0-gpc/target-1.txt
c63219a36e3898c8c5bd14886582bacc675099a4bdaa08964bac6ae724a608f9	31435	ic0/project/src/main/resources/com/m3/rewrite/backport/jdk21-hash-pinned-text/ic0-gpc/target-2.txt
211a5ffd20dd3c4a640d0739c41b071cfbf103dbb26069ab07c6dbf037e4d3a9	14856	ic0/project/src/main/resources/com/m3/rewrite/backport/jdk21-hash-pinned-text/ic0-gpc/target-3.txt
d5671e86b1a958fa91a6819d49dd72dd62365b865b1605e4a83e0f8491ea7a5a	2598	ic0/project/src/main/resources/com/m3/rewrite/backport/jdk21-hash-pinned-text/ic0-gpc/target-4.txt
107e583af7e846ea83774cc681e649e52fa6edef571165dcd717200cd720898f	24060	ic0/project/src/main/resources/com/m3/rewrite/backport/jdk21-hash-pinned-text/ic0-gpc/target-5.txt
c63219a36e3898c8c5bd14886582bacc675099a4bdaa08964bac6ae724a608f9	31435	ic0/project/src/main/resources/com/m3/rewrite/backport/jdk21-hash-pinned-text/ic0-gpc/target-6.txt
211a5ffd20dd3c4a640d0739c41b071cfbf103dbb26069ab07c6dbf037e4d3a9	14856	ic0/project/src/main/resources/com/m3/rewrite/backport/jdk21-hash-pinned-text/ic0-gpc/target-7.txt
6449b223baded59c01d47c2a17fe1984aaf00d8427ccc7b96d54ec1aac1a119a	1025	ic0/project/src/main/resources/com/m3/rewrite/backport/jdk21-hash-pinned-text/ic0-hct/manifest.tsv
4114b546749888ec5e6065ea6087d39ea63bafb6ce5881e2239eafaade3b7787	56771	ic0/project/src/main/resources/com/m3/rewrite/backport/jdk21-hash-pinned-text/ic0-hct/target-1.txt
fde72eb9f2b682f50004defbc70e6d886a3f646abb0d89c0aec5de8ab0dbd30d	13634	ic0/project/src/main/resources/com/m3/rewrite/backport/jdk21-hash-pinned-text/ic0-hct/target-2.txt
e4ea964db1a6f9527122ff0dad1c969a43dc50a0f80c771c86b70bcd6da6dcaf	2875	ic0/project/src/main/resources/com/m3/rewrite/backport/jdk21-hash-pinned-text/ic0-hct/target-3.txt
8034d77f1124584888dce10760bd2f5dae55eeb93497f7a0db1d09a3a197ec5f	2873	ic0/project/src/main/resources/com/m3/rewrite/backport/jdk21-hash-pinned-text/ic0-hct/target-4.txt
8544be570c2656c5fa641ae34fc01eaea420bbb420f6d80ce5f95253504e9888	3383	ic0/project/src/main/resources/com/m3/rewrite/backport/jdk21-hash-pinned-text/ic0-hct/target-5.txt
a0d3fc7e68265cf11593a08647eaf6dfe3f2e38aa5199365eecea21b2624ce51	522	ic0/project/src/main/resources/com/m3/rewrite/backport/jdk21-hash-pinned-text/ic0-hts/manifest.tsv
765f001aa41f95c1dfd9994ba64101526ce0324ede896228803133ec9313b9e9	77751	ic0/project/src/main/resources/com/m3/rewrite/backport/jdk21-hash-pinned-text/ic0-hts/target-1.txt
cfe8e8930916ef96c7d23dd9d0942f082c5eb1d6cf4b2a2f6e9f3d69d8fa3e41	3341	ic0/project/src/main/resources/com/m3/rewrite/backport/jdk21-hash-pinned-text/ic0-hts/target-2.txt
9d79d07bb31ded0e5ec9eebef1095ae25be8f20c55f9e72aee4ba64852790594	16119	ic0/project/src/main/resources/com/m3/rewrite/backport/jdk21-hash-pinned-text/ic0-hts/target-3.txt
30a838a363fb05f9c1caf48fd36c0a67de0767708e4b198b77af37ee0c41eb63	7629	ic0/project/src/main/resources/com/m3/rewrite/backport/jdk21-hash-pinned-text/ic0-hts/target-4.txt
caa68576a994442ea21cbef99a730932a461816fc843dbb86e4220f7b361f098	126	ic0/project/src/main/resources/com/m3/rewrite/backport/jdk21-hash-pinned-text/ic0-ipr/manifest.tsv
50bfc9b138e5029767d44c39c1fbc7b589a0d2563701398d958d60e1868d21dc	10052	ic0/project/src/main/resources/com/m3/rewrite/backport/jdk21-hash-pinned-text/ic0-ipr/target-1.txt
c53a4f1aaa6a37b8367225331072bf81ed39444b4ee272d2628ca6981fb49d34	666	ic0/project/src/main/resources/com/m3/rewrite/backport/jdk21-hash-pinned-text/ic0-jgr/manifest.tsv
bbb1e7384c0f600dd8e3c4ee89e838961fe692e3e5e4963be17d4485ee9bafa6	32695	ic0/project/src/main/resources/com/m3/rewrite/backport/jdk21-hash-pinned-text/ic0-jgr/target-1.txt
7f3babb54445a1bb662d9ac50ded06efe38e8a502a0f2b3445e81a5ef2536ec4	1214	ic0/project/src/main/resources/com/m3/rewrite/backport/jdk21-hash-pinned-text/ic0-jgr/target-2.txt
a7954b1a16905829d5daa4372faceabc707b1ca2820bdf8ddc40457a29f4f37e	1012	ic0/project/src/main/resources/com/m3/rewrite/backport/jdk21-hash-pinned-text/ic0-jgr/target-3.txt
1109f2c7f0637ea606d9275d45a644c7e6dfcd85d776281bfd87f1c27d2f1dd3	43840	ic0/project/src/main/resources/com/m3/rewrite/backport/jdk21-hash-pinned-text/ic0-jgr/target-4.txt
b18df1233ea0fa070f4ca05bd47dc2bf24f25a30a754011293a922c7bba254dd	759	ic0/project/src/main/resources/com/m3/rewrite/backport/jdk21-hash-pinned-text/ic0-jma/manifest.tsv
9ade92d7dbd17f113a0a29b712fcf12ec231020a585e6cebd79b291830b01a6e	12048	ic0/project/src/main/resources/com/m3/rewrite/backport/jdk21-hash-pinned-text/ic0-jma/target-1.txt
28db2dae8e9f8de51237bef0cb945ef70439b66a9b8f484e5e1503202a3836d6	11182	ic0/project/src/main/resources/com/m3/rewrite/backport/jdk21-hash-pinned-text/ic0-jma/target-2.txt
06c9e0780afc2ac325c4d826dd0404885ebe2cc7f3804fc1e6b49e011fcf0388	442	ic0/project/src/main/resources/com/m3/rewrite/backport/jdk21-hash-pinned-text/ic0-jma/target-3.txt
6370e7b8a83d1424592acfaa9e4864a26f48b9979fed3cb0d132f0f4ac02236a	3786	ic0/project/src/main/resources/com/m3/rewrite/backport/jdk21-hash-pinned-text/ic0-jma/target-4.txt
eca5ed510e5d6dcac6911cf4cf0cb95d6e016ebf197475d68d3f8cce6e3face1	9798	ic0/project/src/main/resources/com/m3/rewrite/backport/jdk21-hash-pinned-text/ic0-jma/target-5.txt
207aa8d6e307c4c3cc8ff492700096c9231bbfcd19ac737b074587b7d453ba60	558	ic0/project/src/main/resources/com/m3/rewrite/backport/jdk21-hash-pinned-text/ic0-jop/manifest.tsv
d6aa41d308be5fe9e615e25f89f95e3fdc4f9e790326ea8d6bc39641c39ef07b	12801	ic0/project/src/main/resources/com/m3/rewrite/backport/jdk21-hash-pinned-text/ic0-jop/target-1.txt
300e894ccf38292db599a961b209459c4fcdb576b2124b0b77d8e8e6080b9261	143	ic0/project/src/main/resources/com/m3/rewrite/backport/jdk21-hash-pinned-text/ic0-jop/target-2.txt
4fb1e9d7e6b77693c35a65fbd26a4e117c39c6367c4839eb5956aa9de01e006d	6551	ic0/project/src/main/resources/com/m3/rewrite/backport/jdk21-hash-pinned-text/ic0-jop/target-3.txt
097dd1b794593570fdf3eb51b00a9be4c6a83a274fd6ef97c350251d20065fbc	4339	ic0/project/src/main/resources/com/m3/rewrite/backport/jdk21-hash-pinned-text/ic0-jop/target-4.txt
0f6ec78d70e31050ed4e481eb133b1438e378206ea9138c0b0b8c00e161c5d9e	365	ic0/project/src/main/resources/com/m3/rewrite/backport/jdk21-hash-pinned-text/ic0-nul/manifest.tsv
61a4555f7f97571bba36b2fd6cad63bc0ca5e8ba496f813f85569bf927c5a5db	5296	ic0/project/src/main/resources/com/m3/rewrite/backport/jdk21-hash-pinned-text/ic0-nul/target-1.txt
45f7cfac63f7d553ff80bd8448dcfea994c9c43af9cff6afe0af5fd326243a04	10267	ic0/project/src/main/resources/com/m3/rewrite/backport/jdk21-hash-pinned-text/ic0-nul/target-2.txt
775cb5f335659c16a0d8f8c06785552490b7365966317ce3a737f971808ade11	570	ic0/project/src/main/resources/com/m3/rewrite/backport/jdk21-hash-pinned-text/ic0-pcd/manifest.tsv
c7713ff2601f86aea82edab25d17791342d12737865dd3ee15bd99fd3031fc1f	43759	ic0/project/src/main/resources/com/m3/rewrite/backport/jdk21-hash-pinned-text/ic0-pcd/target-1.txt
3d3ea39ea6f41aa5fae83b5229fa524019434110576396ee11a6eb20e0a7afff	552	ic0/project/src/main/resources/com/m3/rewrite/backport/jdk21-hash-pinned-text/ic0-pcd/target-2.txt
a68b03733006a278854dedccc9cf4a9b238c43e92d501ab601ce137dfbd2b4ef	7488	ic0/project/src/main/resources/com/m3/rewrite/backport/jdk21-hash-pinned-text/ic0-pcd/target-3.txt
7bbea48d108f758adf8f7da038f51273c5d0191f213d920a22414c452ae2fc56	449	ic0/project/src/main/resources/com/m3/rewrite/backport/jdk21-hash-pinned-text/ic0-pcd/target-4.txt
b1728a56c6675ff9167e0183b6f371cccb2b53117875a327bd2b83dc2f9adf41	919	ic0/project/src/main/resources/com/m3/rewrite/backport/jdk21-hash-pinned-text/ic0-pco/manifest.tsv
bb60ed0722b7f67a9413afd1ffa255230690f27a1b003b9eaf2df93a1b8bde48	8155	ic0/project/src/main/resources/com/m3/rewrite/backport/jdk21-hash-pinned-text/ic0-pco/target-1.txt
1d6900f115f54508dca1e1f3e925fa1903c32d71f97a87dfc7c1494c60856a52	12182	ic0/project/src/main/resources/com/m3/rewrite/backport/jdk21-hash-pinned-text/ic0-pco/target-2.txt
8f3a18434d35e540de9a16df022fff3596963c1c2f021ee6e16b7e24e7ca3e53	3138	ic0/project/src/main/resources/com/m3/rewrite/backport/jdk21-hash-pinned-text/ic0-pco/target-3.txt
d24ade8a8ddbb22eb78621c99f458f8d96807b74be12294c3e7ce7f9f95764c8	5167	ic0/project/src/main/resources/com/m3/rewrite/backport/jdk21-hash-pinned-text/ic0-pco/target-4.txt
18462864241391a44566764ad4307fbc46894b988a2569dcf820e940961ab225	51135	ic0/project/src/main/resources/com/m3/rewrite/backport/jdk21-hash-pinned-text/ic0-pco/target-5.txt
9237f618a6d583c113755fc8ceb315fcc5a20af0fe545219494e1a0ddc17508f	568	ic0/project/src/main/resources/com/m3/rewrite/backport/jdk21-hash-pinned-text/ic0-pcw/manifest.tsv
41a7d50712da9374dc679bd09116ed1f6108c25a48d00e25d9b268d25453d3e7	7812	ic0/project/src/main/resources/com/m3/rewrite/backport/jdk21-hash-pinned-text/ic0-pcw/target-1.txt
8bc3ad1490f26e622dc5c226bb5545a4bbfd3e8186e3923cfa2c8adc72a41605	6029	ic0/project/src/main/resources/com/m3/rewrite/backport/jdk21-hash-pinned-text/ic0-pcw/target-2.txt
9f09f5058b1e9aed653efb67b6f4f5fe3bcaa05681f1a232dd95576562aa5c19	4321	ic0/project/src/main/resources/com/m3/rewrite/backport/jdk21-hash-pinned-text/ic0-pcw/target-3.txt
28e9142f03ee9948b10b370daf2001941c8c1371d33ec3985ac8f70fe84679a2	1089	ic0/project/src/main/resources/com/m3/rewrite/backport/jdk21-hash-pinned-text/ic0-scp/manifest.tsv
50f5dda3d0a585720003801c1945516ce8b19ea033d5f6738517083bc4982cd5	4259	ic0/project/src/main/resources/com/m3/rewrite/backport/jdk21-hash-pinned-text/ic0-scp/target-1.txt
5ee44459bd8725b89e92ad8cd0c7572954f7655331d8b7f7dc92a8b59b09cb6e	8906	ic0/project/src/main/resources/com/m3/rewrite/backport/jdk21-hash-pinned-text/ic0-scp/target-2.txt
0f79229a093fc3a53158401bb29a627e71f2774292b4d727e6c0911b9f2a47c9	934	ic0/project/src/main/resources/com/m3/rewrite/backport/jdk21-hash-pinned-text/ic0-scp/target-3.txt
372922e185ceb9a2694ae1161b1162603b47e9932edfc2e6aa6bb50f3c05da3c	11146	ic0/project/src/main/resources/com/m3/rewrite/backport/jdk21-hash-pinned-text/ic0-scp/target-4.txt
eb68a09f9c154f801830e1f40688be5c7d0af9d3fab286ed105de57b2994fb52	793	ic0/project/src/main/resources/com/m3/rewrite/backport/jdk21-hash-pinned-text/ic0-sdc/manifest.tsv
518f9f7dbdebf450973cba859525d509c3c79fce6b51c6f4cbbf563e2f5651fa	76036	ic0/project/src/main/resources/com/m3/rewrite/backport/jdk21-hash-pinned-text/ic0-sdc/target-1.txt
0285ce4946d66bea00e0b5d4bd52e863e5d60f84bb71171a26bdbd4c61da0bd9	3300	ic0/project/src/main/resources/com/m3/rewrite/backport/jdk21-hash-pinned-text/ic0-sdc/target-2.txt
36a55432074cf8c2c6e6e8463c1c4cd7751edea16b99d28a69001a511a995705	76253	ic0/project/src/main/resources/com/m3/rewrite/backport/jdk21-hash-pinned-text/ic0-sdc/target-3.txt
e1105ca7999363ff4a889217955a53cff8caecbd054b9f099a0bbe57fa3e935e	1489	ic0/project/src/main/resources/composition-orders.json
ca8176f2a2a2617c0fb76c86c48ca152a28396381b1266f3ce0c84e7b65caba5	71439	ic0/project/src/main/resources/qualification.json
e99083228084bb0b57e5fe9e7ff46220de2bd49a828084b1ac55ee2cb2c865ab	31249	ic0/project/src/test/java/com/synexia/rewrite/Ic0RecipeTest.java
b408f0b8d0e4d6e197230e3cb1469d14e0d52aecd33ac55c71f11d513d6e23ec	10881	ic0/project/src/test/resources/before/.github/workflows/m3-a3.yml
4c02fcf3b12116aaa186035a8ff3c50b94df899f776d51630e1bfcfd30ce4a2c	4153	ic0/project/src/test/resources/before/.github/workflows/m3-class-ver.yml
2a81b9ebfa5d477977dba4632a0e7c89f2ebb89606eb46491197536335d63fee	2205	ic0/project/src/test/resources/before/.github/workflows/m3-foundation.yml
68e17df8b27fee9c208475d3b7f63c01c7eaf247752417e4c7d8ce2fece056ab	15148	ic0/project/src/test/resources/before/.github/workflows/m3-jdk21-backports.yml
54bf165d838d2f7505ecf6df125fb3eab4186b065fd0d6d025ba3e771326aca7	6120	ic0/project/src/test/resources/before/.github/workflows/m3-jep458-current-master.yml
88831a9aa214b517713bbfc9a84ea7e5187f12498b592b64d1c240344a1fd8c3	7793	ic0/project/src/test/resources/before/.github/workflows/m3-jep467-markdown-inventory.yml
9a2c236d62db2ed121d9ac563f15a6edd6b56dcf8549aca0bb2a9bd63f80db29	6654	ic0/project/src/test/resources/before/.github/workflows/m3-jep493-runtime-image-inventory.yml
3fbe65ee5d3130858d114b0637207585e0cb20c2b5008def8c3dc6607f042d41	4692	ic0/project/src/test/resources/before/m3/backports/compatibility_policy.py
2f075d95ce7c2fdbb2742b92a1c1098864f06d073c56046dc02f02adc5687dec	14827	ic0/project/src/test/resources/before/m3/backports/generate_recipe_crates.py
57411d582b20b949cb95859318b0ef4e99a79c7947163ffe1787cafaba7cf0d4	2934	ic0/project/src/test/resources/before/m3/backports/recipes/jep-485-gatherers/README.md
8c928979dcdf7bf7e4ec8b5bc6b339d7344c75a8213f101ec4ad58a659775811	337	ic0/project/src/test/resources/before/m3/backports/recipes/jep-485-gatherers/atom-evidence.tsv
7149ec13e4fc5f2b642fe41a719cec1a17cb51d77b7de291055efd75b48d2af2	610	ic0/project/src/test/resources/before/m3/backports/recipes/jep-493-runtime-image/CURRENT_TREE_RECEIPT.tsv
9ae80ad2e94552d552ab8eb125ea9b0d435e749f5ef6e0f140130a76cf6a4fe9	2472	ic0/project/src/test/resources/before/m3/backports/recipes/jep-493-runtime-image/README.md
10d8d11da8b4dd6772875cb3ba5c1f2c0732e307cdd5c983a96811b9c9f5180d	6038	ic0/project/src/test/resources/before/m3/backports/test_compatibility_policy.py
ab6433b0a1d50c358d65d0aad9ed2b7bbc7b8be1ca10b0302e53fefac0d7a5d8	17732	ic0/project/src/test/resources/before/m3/backports/test_generate_recipe_crates.py
d9d39747f40bb5eff6ba8639e1e5d0554f0223cc94c09443fe1b2054aac9c3d6	5171	ic0/project/src/test/resources/before/m3/docs/a3-lab.md
01a428a662ffbdbd22dcd39d1fea7b69084ce34cada0bb5582b8c3686615750d	3974	ic0/project/src/test/resources/before/m3/docs/a3-mastery.md
9c5177ee233ee5335131c9106b7a6faa0041b1cd09e9385e36909d8c6365cf87	8267	ic0/project/src/test/resources/before/m3/docs/a3.md
335045274ea3ae01d576290b56704ec3409ef1bd27c8c220348815c5bbb711da	280877	ic0/project/src/test/resources/before/m3/docs/name-mapping.json
fd54e5fade1fc3050816265f2317967dd4176e7bb5e0bc55e6f620878026e88e	23333	ic0/project/src/test/resources/before/m3/migration/migration.py
3cfe511098ff3b6caafb1f1e04f94b448e02e25f160fe98427531fc8c77a1555	11255	ic0/project/src/test/resources/before/m3/migration/test/test_jcc_handoff_packet.py
27308b049acc122f62f9cb9a9a679a94640952c423b04495c0ef5b9a2c824ec1	3633	ic0/project/src/test/resources/before/m3/tooling/a3/pom.xml
6d9ec887c87898167748ca5f77598f95a6784cfaf14882f4983733c006374b77	5127	ic0/project/src/test/resources/before/m3/tooling/a3/src/main/java/com/m3/a3/A3.java
d88f347f77069dc1e2e6a3871c68c55e76f885f324801957d041f9ecc31ec6f4	9492	ic0/project/src/test/resources/before/m3/tooling/a3/src/main/java/com/m3/a3/A3Alg.java
677324e1566d482eb5b4470ec1a63d3493bb2a75fc77ea0edb61ba364906c298	7782	ic0/project/src/test/resources/before/m3/tooling/a3/src/main/java/com/m3/a3/A3Cases.java
c212736f000836cb782a5ff81fd2de48e67d36ea4b3bd53cf7743c4aadbfdaf6	16196	ic0/project/src/test/resources/before/m3/tooling/a3/src/main/java/com/m3/a3/A3Lab.java
9171b0ada1d7845b63d7a586d99ef97a6fa6eccbfd84204c47a6a01c8b3e4697	6442	ic0/project/src/test/resources/before/m3/tooling/a3/src/main/java/com/m3/a3/A3MemoryCompiler.java
f000b1eea411056baaca6051b220149f25334bc70bf69b4f0536839c6c78e404	7514	ic0/project/src/test/resources/before/m3/tooling/a3/src/main/java/com/m3/a3/A3RegexMatrix.java
351eeac06154189e79f3d139336437d5911da5721c9a95a779ebd5d511997d9c	6117	ic0/project/src/test/resources/before/m3/tooling/a3/src/test/java/com/m3/a3/A3LabTest.java
d684f2c95622c32683dbdce162d2f49101c7431bfbba1927a34182dcecadc77f	4462	ic0/project/src/test/resources/before/m3/tooling/a3/src/test/java/com/m3/a3/A3PlanTest.java
9490dd9263e9793c6601bba2429860283865ff2c72092e1b55fff95136c01737	4026	ic0/project/src/test/resources/before/m3/tooling/backport-dag/pom.xml
f475463faf184a0a310ab9295b6604be5795076295e46d4b6a78784613dce55e	4312	ic0/project/src/test/resources/before/m3/tooling/backport-dag/src/main/java/com/m3/tooling/dag/M3PacketDagComposer.java
def017e6b6bd2395f64b39bb4ea3258efd53526455cc0d9485d5a15356be2a2e	6285	ic0/project/src/test/resources/before/m3/tooling/backport-dag/src/main/java/com/m3/tooling/dag/M3RecipeDag.java
374c135a72e85bdcad84be5e9bbd696c763f06f33816e56e28f4a4d620e1aee9	1726	ic0/project/src/test/resources/before/m3/tooling/backport-dag/src/main/resources/com/m3/tooling/dag/adapters/airflow/m3_backport_dag.py
b81e897b0c34961102aeb98920a1f5fcfa95b6f3b41fdf9c4f8208e78e8796d8	793	ic0/project/src/test/resources/before/m3/tooling/backport-dag/src/main/resources/com/m3/tooling/dag/adapters/camel/m3-backport-route.yaml
922700cc7f1acf943e3f07b7c29d44f07c1b9bfab7e876f4e02d2ea408abb393	1575	ic0/project/src/test/resources/before/m3/tooling/backport-dag/src/main/resources/com/m3/tooling/dag/adapters/drools/m3-backport-admission.drl
76c3eafb6c52fe5918023a19dadf1ac98076d0f50332688c56303154871ce423	968	ic0/project/src/test/resources/before/m3/tooling/backport-dag/src/test/java/com/m3/tooling/dag/M3BackportDagLoaderTest.java
451b4cde41c505a19641dc17649ca0b22b2e82d13685d042e4f29f9af9a8e094	9046	ic0/project/src/test/resources/before/m3/tooling/backport-dag/src/test/java/com/m3/tooling/dag/M3PacketDagComposerTest.java
8fe0d897419c2e91dc3fcc7958e0c55c5bdea7b4ee4f48efc57a759b8e34960f	8603	ic0/project/src/test/resources/before/m3/tooling/backport-dag/src/test/java/com/m3/tooling/dag/M3RecipeDagTest.java
8544be570c2656c5fa641ae34fc01eaea420bbb420f6d80ce5f95253504e9888	3383	ic0/project/src/test/resources/before/m3/tooling/migration-recipes/pom.xml
280d7c08e9da9f618f4596516420a5c6c2de8f32fa1b52ff354853f3b0fb7c2b	2338	ic0/project/src/test/resources/before/m3/tooling/migration-recipes/src/main/java/com/m3/rewrite/a3/M3A3AlgorithmCatalogueManifest.java
b5cefece21725e012ed7643ecf4f6fe505da9fa408a02f6f48de38773e94cad0	2030	ic0/project/src/test/resources/before/m3/tooling/migration-recipes/src/main/java/com/m3/rewrite/backport/M3Jep485StreamGatherersBackportRecipe.java
2da4485ca78b289462e6142e61e247e2142111693d08fb590ff64256193dda75	342	ic0/project/src/test/resources/before/m3/tooling/migration-recipes/src/main/resources/META-INF/rewrite/m3-jep485-stream-gatherers.yml
d88f347f77069dc1e2e6a3871c68c55e76f885f324801957d041f9ecc31ec6f4	9492	ic0/project/src/test/resources/before/m3/tooling/migration-recipes/src/main/resources/com/m3/rewrite/a3-algorithm-catalogue/after/A3Alg.java
d684f2c95622c32683dbdce162d2f49101c7431bfbba1927a34182dcecadc77f	4462	ic0/project/src/test/resources/before/m3/tooling/migration-recipes/src/main/resources/com/m3/rewrite/a3-algorithm-catalogue/after/A3PlanTest.java
b1295f69831c23efd596f2ed9f65e2b07d20371fae4c0111c0b35fdd3bc4cd51	76037	ic0/project/src/test/resources/before/m3/tooling/migration-recipes/src/main/resources/com/m3/rewrite/backport/jdk21-hash-pinned/jdk22-m3-string-history-convergence/16-AbstractStringBuilder.java.txt
2b724a9f9cf9fce382c34f4b5872312bfb4c30791decf8c093bd2dfb9fc0d400	3300	ic0/project/src/test/resources/before/m3/tooling/migration-recipes/src/main/resources/com/m3/rewrite/backport/jdk21-hash-pinned/jdk22-m3-string-history-convergence/manifest.tsv
9ba3245512f18e3d921b6a8d013cea05a70b5a84c473b34dbd574ba55a1978d4	4112	ic0/project/src/test/resources/before/m3/tooling/migration-recipes/src/main/resources/com/m3/rewrite/backport/jdk21-hash-pinned/jdk22-recipe-closure/02-M3RecipeScopeRegistry.java.txt
cf1c56ebf8fc2df3778cd56e34240da7c3ba722cb2949e8957b81157abf8b9ba	8378	ic0/project/src/test/resources/before/m3/tooling/migration-recipes/src/main/resources/com/m3/rewrite/backport/jdk21-hash-pinned/jdk22-recipe-closure/03-M3RecipeScopeDeclarationTest.java.txt
d80a5af11629b89cb2e69d3a119becb7606fb029e8e121d47d684ca755435182	934	ic0/project/src/test/resources/before/m3/tooling/migration-recipes/src/main/resources/com/m3/rewrite/backport/jdk21-hash-pinned/jdk22-recipe-closure/manifest.tsv
808d8dec8da41e93dbe938081c36750a6d36c96a4b2dcd90d2558a7b5d0ebd47	24085	ic0/project/src/test/resources/before/m3/tooling/migration-recipes/src/main/resources/com/m3/rewrite/backport/jdk21-hash-pinned/jdk24-jep485-stream-gatherers/01-Gatherer.java.txt
6115dd7015fe6680ef597a7cc3ec5b0c06eccc7259aa5bd4899454b5af624f1d	31455	ic0/project/src/test/resources/before/m3/tooling/migration-recipes/src/main/resources/com/m3/rewrite/backport/jdk21-hash-pinned/jdk24-jep485-stream-gatherers/03-Gatherers.java.txt
eb1bd5ac55a99540b1516656041310ecf56c1a8dd20a8eb1fd599318b5647cf2	14652	ic0/project/src/test/resources/before/m3/tooling/migration-recipes/src/main/resources/com/m3/rewrite/backport/jdk21-hash-pinned/jdk24-jep485-stream-gatherers/11-GatherersMapConcurrentTest.java.txt
3172ca1814ce01a40091d05f691ee044dfa72c1b4f24b10514fe491fc6d6e66c	2598	ic0/project/src/test/resources/before/m3/tooling/migration-recipes/src/main/resources/com/m3/rewrite/backport/jdk21-hash-pinned/jdk24-jep485-stream-gatherers/manifest.tsv
677324e1566d482eb5b4470ec1a63d3493bb2a75fc77ea0edb61ba364906c298	7782	ic0/project/src/test/resources/before/m3/tooling/migration-recipes/src/main/resources/com/synexia/rewrite/hash-pinned-java/a3-mastery-lab/A3Cases.java.after
b901f0b1aae122711792a66dc9750b9ba4608d59613641e74f378218757cbb4d	734	ic0/project/src/test/resources/before/m3/tooling/migration-recipes/src/main/resources/com/synexia/rewrite/hash-pinned-java/a3-mastery-lab/manifest.tsv
9171b0ada1d7845b63d7a586d99ef97a6fa6eccbfd84204c47a6a01c8b3e4697	6442	ic0/project/src/test/resources/before/m3/tooling/migration-recipes/src/main/resources/com/synexia/rewrite/hash-pinned-java/a3-regex-memory-lab/A3MemoryCompiler.java.after
f000b1eea411056baaca6051b220149f25334bc70bf69b4f0536839c6c78e404	7514	ic0/project/src/test/resources/before/m3/tooling/migration-recipes/src/main/resources/com/synexia/rewrite/hash-pinned-java/a3-regex-memory-lab/A3RegexMatrix.java.after
b2febbb17ed96ae6f582eee2e16af3fc5e435c23e350708f56397bee9ac38ab5	658	ic0/project/src/test/resources/before/m3/tooling/migration-recipes/src/main/resources/com/synexia/rewrite/hash-pinned-java/a3-regex-memory-lab/manifest.tsv
58d01008f3dc6e79d988e855d76ba90eb0a13d39a76e7eb4027d75442389ec94	5379	ic0/project/src/test/resources/before/m3/tooling/migration-recipes/src/test/java/com/m3/rewrite/M3A3RegexMemoryLabDeliveryRecipeTest.java
69882638771a411cf0866f789a7b3ef7e7e7040cde38a1c40ef4a743d37168e2	4974	ic0/project/src/test/resources/before/m3/tooling/migration-recipes/src/test/java/com/m3/rewrite/M3A3RegexMemoryWorkflowRecipeTest.java
9a7f6440ce4d4a738d5cfe916a7fff98511464887293caba2a498bd75264ee92	7839	ic0/project/src/test/resources/before/m3/tooling/migration-recipes/src/test/java/com/m3/rewrite/backport/M3Jep485StreamGatherersBackportRecipeTest.java
3a57bda49c218895a2be9f5053671d435840abd4c4079f4a1e5eed89becf0813	11065	ic0/project/src/test/resources/before/m3/tooling/migration-recipes/src/test/java/com/m3/rewrite/scope/M3ScopeCoverageClosureTest.java
38ed8c01c6982fa4a52ea155c2e9652dfe45f317d8ae994c17fba01c7309fbda	18328	ic0/project/src/test/resources/before/m3/tooling/migration-recipes/src/test/resources/com/m3/rewrite/atom/spectrum/CORPUS.tsv
bfee3b40a52cc27a3848f273dd7917e8126a08dcb7bc3d8ddb85ec52e479ea69	2261	ic0/project/src/test/resources/before/m3/tooling/recipe-catalogue.tsv
9a502392c96175e025bbd992fd15482ef2cf0ee4a2ca083a293d5fd41e6448ce	76254	ic0/project/src/test/resources/before/src/java.base/share/classes/java/lang/AbstractStringBuilder.java
808d8dec8da41e93dbe938081c36750a6d36c96a4b2dcd90d2558a7b5d0ebd47	24085	ic0/project/src/test/resources/before/src/java.base/share/classes/java/util/stream/Gatherer.java
6115dd7015fe6680ef597a7cc3ec5b0c06eccc7259aa5bd4899454b5af624f1d	31455	ic0/project/src/test/resources/before/src/java.base/share/classes/java/util/stream/Gatherers.java
eb1bd5ac55a99540b1516656041310ecf56c1a8dd20a8eb1fd599318b5647cf2	14652	ic0/project/src/test/resources/before/test/jdk/java/util/stream/GatherersMapConcurrentTest.java
0c70ae84080065ee47e08a541760e03390870f442025a294d8ca22f030acdc37	1652	ic0/trials/producer-v1/PATCH.json
fea06f5f9df8382ed067d6b2a611d2e91496e4d3efccdd800a38349f38a55078	1413	ic0/trials/producer-v1/RESULT.json
8a2d106ce272e6f0b9ba7e9b6a311c36a4a3c8e48600d1b50784866e3648fe58	1851	ic0/trials/producer-v1/chain/01-static.json
e3b0c44298fc1c149afbf4c8996fb92427ae41e4649b934ca495991b7852b855	0	ic0/trials/producer-v1/chain/01-static.stderr.log
cbc2495ecc9fa3f0c63fef5609152caeb292bf90a0925e0ebf4d8771c4b1c424	1175	ic0/trials/producer-v1/chain/01-static.stdout.log
3fc102edf5cfc1c918f2603dc534acfdc6ea7696289345f28a31fc42b23ffcfa	2601	ic0/trials/producer-v1/chain/02-compile.json
e3b0c44298fc1c149afbf4c8996fb92427ae41e4649b934ca495991b7852b855	0	ic0/trials/producer-v1/chain/02-compile.stderr.log
e79d0c598da7d81480f5f9cbb091cf02ed3ee58d0fbb60483bf2804ee2368152	2917	ic0/trials/producer-v1/chain/02-compile.stdout.log
bc6e27bba8a8bf28206f8618fe9444723e9950b03ecbebcb0e2eb1edece13563	12583	ic0/trials/producer-v1/commands.json
a584c1122e5fa7d692060310d212843a6a4e567932e16ea67448bd566aab7e51	785152	ic0/trials/producer-v1/inputs.json
6e8e5f8303cc7c93df1a152ee51d97bc8b6af44e4b9c279e9e22f6c7afab063b	4400	ic0/trials/producer-v1/project/README.md
8015207ce502d22955f7f77697177e5939fa1e25be7cd74be89c639335ae48e6	12032	ic0/trials/producer-v1/project/dependency-source/com/m3/rewrite/backport/M3Jdk21HashPinnedTextSnapshotRecipe.java
2c5b8d596b12319fe66532f0d06325ff33016b826ea22395e407f6c2ea63265e	3693	ic0/trials/producer-v1/project/pom.xml
c463d62bd3d5898b4d747f57867dfb79b96d5d94962ea57637cc622e93b26d70	66573	ic0/trials/producer-v1/project/proof.py
0c604b7af2a6452b39904b7f0756fdd5e4e4d723d48f590627b3b1d807746880	299	ic0/trials/producer-v1/project/src/main/resources/META-INF/rewrite/ic0-aad.yml
c1ab214a10ab317018ae4cc1f869352ff1d76f049f4faebbee696f691be22bf0	299	ic0/trials/producer-v1/project/src/main/resources/META-INF/rewrite/ic0-aca.yml
1ba8035f242159e2b81f35f22f11525bd47146d1026a39fd8b5d57a032a6173e	299	ic0/trials/producer-v1/project/src/main/resources/META-INF/rewrite/ic0-acs.yml
5743aaa8366d3b8a48e24e2a9f79b2bc47d6730ea77e238c720fdd4762554b50	299	ic0/trials/producer-v1/project/src/main/resources/META-INF/rewrite/ic0-agt.yml
7d5356930f83356b46d85b5f78b0f3bfa45bb234edc5b4bb5a05f1d79ca38444	299	ic0/trials/producer-v1/project/src/main/resources/META-INF/rewrite/ic0-amb.yml
cf3d71ff3bf8a1594bbef42c368d13395635ac94024b75fbb601b2bbacc4abd7	299	ic0/trials/producer-v1/project/src/main/resources/META-INF/rewrite/ic0-amc.yml
a0ad526a0f49864dcaeff71b36b6297c9d3f9713c363432dcf83bf5b1708e8e4	299	ic0/trials/producer-v1/project/src/main/resources/META-INF/rewrite/ic0-aml.yml
e0cb6b3adbb942f0c85e81a6305941551ee823726444c81260773497cf0d6a0b	299	ic0/trials/producer-v1/project/src/main/resources/META-INF/rewrite/ic0-ard.yml
8fe9e8db356b59e0653e4b751f9a50be5e32ec781cab32102d986346150e2503	299	ic0/trials/producer-v1/project/src/main/resources/META-INF/rewrite/ic0-arm.yml
f8b3ad9ac58ed681f30262ad259ebf411bcbdac321f47b20db48520e98889df3	299	ic0/trials/producer-v1/project/src/main/resources/META-INF/rewrite/ic0-arr.yml
4c0c9997e43d75e3a51b5919120e2c781bd66465a5a349dc4f9ae6813ecd0e87	299	ic0/trials/producer-v1/project/src/main/resources/META-INF/rewrite/ic0-avp.yml
d9c88f5a4f828e08f6d058faca47421e7b01563ce3b45e64eae9942cff1d09e9	299	ic0/trials/producer-v1/project/src/main/resources/META-INF/rewrite/ic0-avr.yml
535e1707cecab980ae1b6350bd0a6ebcf63519abd303f6623c1419519fd8ac14	299	ic0/trials/producer-v1/project/src/main/resources/META-INF/rewrite/ic0-awb.yml
b8c06e67d98ff88d9c5c7c4269500a3c5d028e77c497b751756f9e71513c62db	299	ic0/trials/producer-v1/project/src/main/resources/META-INF/rewrite/ic0-awd.yml
1d17ab5d1321e05d1a802980eb78d7f3826d728f5b9c57d00644b2d17f0ca6f5	299	ic0/trials/producer-v1/project/src/main/resources/META-INF/rewrite/ic0-awr.yml
9ac8a77012470e078d1661251e14fef529983f07993e2d8220fafea93ad3f992	299	ic0/trials/producer-v1/project/src/main/resources/META-INF/rewrite/ic0-cgo.yml
2e02f1c87218288908a1c8f7caf4000e0a09526092ad8e0b239829fd5c649f1a	299	ic0/trials/producer-v1/project/src/main/resources/META-INF/rewrite/ic0-cib.yml
73a504f132168f85064e33e4c39bb7f99b919e0f803590ddda142aa2c8e90006	299	ic0/trials/producer-v1/project/src/main/resources/META-INF/rewrite/ic0-ciw.yml
7b4111714397bd599688bc06f350088e77e2cfa881591854c4353ada683c80f4	299	ic0/trials/producer-v1/project/src/main/resources/META-INF/rewrite/ic0-cmp.yml
8b8bae147b5c0bce7a839d624c142b9add9a5855c1ab62fa6c1063d6ddd106ba	299	ic0/trials/producer-v1/project/src/main/resources/META-INF/rewrite/ic0-cor.yml
9b33fa9115154bd78f495120744fe2692de708d454d4e9ecdc2564b83b9f8446	299	ic0/trials/producer-v1/project/src/main/resources/META-INF/rewrite/ic0-cri.yml
04e72853f464d84747e6a8dfee4183765b6c77edc2dc036e0a2b0167cea7d4d2	299	ic0/trials/producer-v1/project/src/main/resources/META-INF/rewrite/ic0-dgc.yml
fa601958457ff53dc279c3ee9fa48f0d24271dc19d0a523c16bf77d1c59f839c	299	ic0/trials/producer-v1/project/src/main/resources/META-INF/rewrite/ic0-fnd.yml
6fbbfa680c965cb25eca2337a7c0ba84ef23761f64ef3f839cbc78da575e9be5	299	ic0/trials/producer-v1/project/src/main/resources/META-INF/rewrite/ic0-gpc.yml
90db450a4e16bd0b7a76c836f01856f66ecfe23aad2ddccfacb236bbfe586095	299	ic0/trials/producer-v1/project/src/main/resources/META-INF/rewrite/ic0-hct.yml
9991a9390481d760cc2f74176fc7c1c723e9c0dd4b809f9d6fedfa68d8969251	299	ic0/trials/producer-v1/project/src/main/resources/META-INF/rewrite/ic0-hts.yml
eb2da19d2894d3bb8d40d681b05d0ce551bce1eb4bf12e51c265cfe1c3898b9f	299	ic0/trials/producer-v1/project/src/main/resources/META-INF/rewrite/ic0-ipr.yml
c39085343c51c602f49ef3c028f043f6347777b3a18b20ef304cf47f57cbff1b	299	ic0/trials/producer-v1/project/src/main/resources/META-INF/rewrite/ic0-jgr.yml
e469ca513b39d34ccae8f892da94cf4607492b2f6686254cb5c4464674c7b393	299	ic0/trials/producer-v1/project/src/main/resources/META-INF/rewrite/ic0-jma.yml
54bb2566e0523c38d3ea2d0a602918c6a0723434d9839d09dea330f2ad40a4a7	299	ic0/trials/producer-v1/project/src/main/resources/META-INF/rewrite/ic0-jop.yml
1dba50bbc7cf069ca5d42d8ef889b18144d3e54ed0e47424bed9f8188665015d	299	ic0/trials/producer-v1/project/src/main/resources/META-INF/rewrite/ic0-nul.yml
ad7008b466e9601c3a3ee090b1955ea276085825db703835a93c83eeacf7daa8	2308	ic0/trials/producer-v1/project/src/main/resources/META-INF/rewrite/ic0-orders.yml
d891d23663b1399d7c71f4569e01fc026e13b7928edc176dafe9c0c99ae91eca	299	ic0/trials/producer-v1/project/src/main/resources/META-INF/rewrite/ic0-pcd.yml
b8657823c20470617557c8b6508f226e13cda2f8f0aee7e5ffcb80a0f7a7a420	299	ic0/trials/producer-v1/project/src/main/resources/META-INF/rewrite/ic0-pco.yml
46568cdbbeb65963aa290f9fe1780b201d95d03ffad733362629b27c26694497	299	ic0/trials/producer-v1/project/src/main/resources/META-INF/rewrite/ic0-pcw.yml
da9c1d79a4295c2a63e7f4b9a289620bfd165ad3ea2b8a7b168565b0e2e6447c	299	ic0/trials/producer-v1/project/src/main/resources/META-INF/rewrite/ic0-scp.yml
3c58e252ae20501b4258f6d7d016e51340e20d0273887a52c96ebddfe3dad996	299	ic0/trials/producer-v1/project/src/main/resources/META-INF/rewrite/ic0-sdc.yml
d1386ec5616bd2570de480991e84880c8f6c2992b0d03f1f93bca63135832f5f	225	ic0/trials/producer-v1/project/src/main/resources/com/m3/rewrite/backport/jdk21-hash-pinned-text/ic0-aad/manifest.tsv
f28d3cd66fdb757b819dc8ad264a9097eb770f1d25995698ca12e6387cd9bd5d	3078	ic0/trials/producer-v1/project/src/main/resources/com/m3/rewrite/backport/jdk21-hash-pinned-text/ic0-aad/target-1.txt
eb8ca3340f628e3955d9bea0cfa7d6c0dca5cf0623f85d82335b1c68380a000e	2540	ic0/trials/producer-v1/project/src/main/resources/com/m3/rewrite/backport/jdk21-hash-pinned-text/ic0-aad/target-2.txt
89d7df5d0190e71b6fb69797fe848b37f5ffb09e274f020135e0df948488782a	1306	ic0/trials/producer-v1/project/src/main/resources/com/m3/rewrite/backport/jdk21-hash-pinned-text/ic0-aca/manifest.tsv
0de471de5a54e1c87153e4b1c23c4013a800f07595cfc05eec7bd4e68f1345d6	10008	ic0/trials/producer-v1/project/src/main/resources/com/m3/rewrite/backport/jdk21-hash-pinned-text/ic0-aca/target-1.txt
8922e21e4f814dc99282cf1828786a0347552454003e23ac2fa91aa8710851b1	4466	ic0/trials/producer-v1/project/src/main/resources/com/m3/rewrite/backport/jdk21-hash-pinned-text/ic0-aca/target-2.txt
a53bdeee8afe28b90cb0e348e718b70610a9487edb1b75b46e09bfb76e0f3dc9	3522	ic0/trials/producer-v1/project/src/main/resources/com/m3/rewrite/backport/jdk21-hash-pinned-text/ic0-aca/target-3.txt
521a7f07e59f507e0ce3193a3d0c7540c232a37c74128d954b52670677498241	2338	ic0/trials/producer-v1/project/src/main/resources/com/m3/rewrite/backport/jdk21-hash-pinned-text/ic0-aca/target-4.txt
0de471de5a54e1c87153e4b1c23c4013a800f07595cfc05eec7bd4e68f1345d6	10008	ic0/trials/producer-v1/project/src/main/resources/com/m3/rewrite/backport/jdk21-hash-pinned-text/ic0-aca/target-5.txt
8922e21e4f814dc99282cf1828786a0347552454003e23ac2fa91aa8710851b1	4466	ic0/trials/producer-v1/project/src/main/resources/com/m3/rewrite/backport/jdk21-hash-pinned-text/ic0-aca/target-6.txt
7d443b17756355cb16d4871d68372194661aafb26cc650d15a71e6ba343d3d6f	712	ic0/trials/producer-v1/project/src/main/resources/com/m3/rewrite/backport/jdk21-hash-pinned-text/ic0-acs/manifest.tsv
c0ff0c45cf310f233a18e163682d0c12876694a93b1f39a332ecf9e125c82c55	7750	ic0/trials/producer-v1/project/src/main/resources/com/m3/rewrite/backport/jdk21-hash-pinned-text/ic0-acs/target-1.txt
c0ff0c45cf310f233a18e163682d0c12876694a93b1f39a332ecf9e125c82c55	7750	ic0/trials/producer-v1/project/src/main/resources/com/m3/rewrite/backport/jdk21-hash-pinned-text/ic0-acs/target-2.txt
0bff4ddf1d6a002510903127bc56c7a2921bfa5851ac8217007eb3699b9febac	734	ic0/trials/producer-v1/project/src/main/resources/com/m3/rewrite/backport/jdk21-hash-pinned-text/ic0-acs/target-3.txt
49cc5867de7b3e55e3532558606cfcb13bd06b256d36314de3d668d630650e17	634	ic0/trials/producer-v1/project/src/main/resources/com/m3/rewrite/backport/jdk21-hash-pinned-text/ic0-agt/manifest.tsv
de69a27d63c8591bce12967b82d01cd407d3e7a450ddf65fe8636d61616a4be7	20534	ic0/trials/producer-v1/project/src/main/resources/com/m3/rewrite/backport/jdk21-hash-pinned-text/ic0-agt/target-1.txt
4153ba0405d19e1b49762ec2c1cdd6c42971e000f0660c674587d8611336ef14	6575	ic0/trials/producer-v1/project/src/main/resources/com/m3/rewrite/backport/jdk21-hash-pinned-text/ic0-agt/target-2.txt
de69a27d63c8591bce12967b82d01cd407d3e7a450ddf65fe8636d61616a4be7	20534	ic0/trials/producer-v1/project/src/main/resources/com/m3/rewrite/backport/jdk21-hash-pinned-text/ic0-agt/target-3.txt
4153ba0405d19e1b49762ec2c1cdd6c42971e000f0660c674587d8611336ef14	6575	ic0/trials/producer-v1/project/src/main/resources/com/m3/rewrite/backport/jdk21-hash-pinned-text/ic0-agt/target-4.txt
07c82862622f587d850e42928e6972df02d549208e94d5742cb511be2f5e40ba	556	ic0/trials/producer-v1/project/src/main/resources/com/m3/rewrite/backport/jdk21-hash-pinned-text/ic0-amb/manifest.tsv
6d9ec887c87898167748ca5f77598f95a6784cfaf14882f4983733c006374b77	5127	ic0/trials/producer-v1/project/src/main/resources/com/m3/rewrite/backport/jdk21-hash-pinned-text/ic0-amb/target-1.txt
c212736f000836cb782a5ff81fd2de48e67d36ea4b3bd53cf7743c4aadbfdaf6	16196	ic0/trials/producer-v1/project/src/main/resources/com/m3/rewrite/backport/jdk21-hash-pinned-text/ic0-amb/target-2.txt
351eeac06154189e79f3d139336437d5911da5721c9a95a779ebd5d511997d9c	6117	ic0/trials/producer-v1/project/src/main/resources/com/m3/rewrite/backport/jdk21-hash-pinned-text/ic0-amb/target-3.txt
86f114bcb03dc7df22a6a1bcea80ad1f7e7030e5b0cb481b7eadff6a12ba32da	405	ic0/trials/producer-v1/project/src/main/resources/com/m3/rewrite/backport/jdk21-hash-pinned-text/ic0-amc/manifest.tsv
78eb9fd9168850dd0908621385ad6246acc4690ea375ecace754205708f81edc	9874	ic0/trials/producer-v1/project/src/main/resources/com/m3/rewrite/backport/jdk21-hash-pinned-text/ic0-amc/target-1.txt
87c9ab22a66c6289325e4f612967e5921fc922240cd7cd1b7c5986b506fda390	10108	ic0/trials/producer-v1/project/src/main/resources/com/m3/rewrite/backport/jdk21-hash-pinned-text/ic0-amc/target-2.txt
a7887d62f0caf5f6ae9750622ed09129536b9b9a3da31c057cac35117a7621de	6319	ic0/trials/producer-v1/project/src/main/resources/com/m3/rewrite/backport/jdk21-hash-pinned-text/ic0-amc/target-3.txt
ec4632138062740f3bea0f050661a176ea356b3734934c7856331dcbc3b21937	577	ic0/trials/producer-v1/project/src/main/resources/com/m3/rewrite/backport/jdk21-hash-pinned-text/ic0-aml/manifest.tsv
a320a7da28264c23120e6296e376822f9795d4735084299701613d41c4e0ca2b	6088	ic0/trials/producer-v1/project/src/main/resources/com/m3/rewrite/backport/jdk21-hash-pinned-text/ic0-aml/target-1.txt
d45a759b1f51e117af486d9c8b66ca7e9ab8bfeb1764b619680cf4441d759e87	17041	ic0/trials/producer-v1/project/src/main/resources/com/m3/rewrite/backport/jdk21-hash-pinned-text/ic0-aml/target-2.txt
48dfc6ab7c68ad7d3342dda8d0086e1f7ec74dce4a7b1943d4ff7e0b32d8c52b	7131	ic0/trials/producer-v1/project/src/main/resources/com/m3/rewrite/backport/jdk21-hash-pinned-text/ic0-aml/target-3.txt
19091afaeb78b0c2aa57d2c57a8197e0a27dee9470f0458c4c10632c1037b2da	731	ic0/trials/producer-v1/project/src/main/resources/com/m3/rewrite/backport/jdk21-hash-pinned-text/ic0-ard/manifest.tsv
3a17ae820b3962b8b3481e1c96217f593c348643d5cbd5f3a3c6dae218aa9683	506	ic0/trials/producer-v1/project/src/main/resources/com/m3/rewrite/backport/jdk21-hash-pinned-text/ic0-ard/target-1.txt
c29d8a05ff2ff6b7e684c276b070a439c6a3ef145671f26ad6a77a8cf09d4c0a	519	ic0/trials/producer-v1/project/src/main/resources/com/m3/rewrite/backport/jdk21-hash-pinned-text/ic0-ard/target-2.txt
f8e225a3cc43fdb8e56534a78997760774601deafc95a05c87d5975ed5cb5aad	5927	ic0/trials/producer-v1/project/src/main/resources/com/m3/rewrite/backport/jdk21-hash-pinned-text/ic0-ard/target-3.txt
a8e7c77c57e9b9517cc14b8659e8b46e2cce11b29ea7ac0a35c80ab8ac7e8c48	5716	ic0/trials/producer-v1/project/src/main/resources/com/m3/rewrite/backport/jdk21-hash-pinned-text/ic0-ard/target-4.txt
39336b3be2d437740a281d3ce3fbda8cd61d0e6e5ebc1e821b98518e1464c5d7	1696	ic0/trials/producer-v1/project/src/main/resources/com/m3/rewrite/backport/jdk21-hash-pinned-text/ic0-arm/manifest.tsv
acc1f301aef53281ccbb26c78921537de99f98bc3f401906f5be658c761f62ef	6447	ic0/trials/producer-v1/project/src/main/resources/com/m3/rewrite/backport/jdk21-hash-pinned-text/ic0-arm/target-1.txt
19f7e3fb8c5f4332ab721d1962ab9cac261c524a10d9d91272346636fbe86ada	7516	ic0/trials/producer-v1/project/src/main/resources/com/m3/rewrite/backport/jdk21-hash-pinned-text/ic0-arm/target-2.txt
acc1f301aef53281ccbb26c78921537de99f98bc3f401906f5be658c761f62ef	6447	ic0/trials/producer-v1/project/src/main/resources/com/m3/rewrite/backport/jdk21-hash-pinned-text/ic0-arm/target-3.txt
19f7e3fb8c5f4332ab721d1962ab9cac261c524a10d9d91272346636fbe86ada	7516	ic0/trials/producer-v1/project/src/main/resources/com/m3/rewrite/backport/jdk21-hash-pinned-text/ic0-arm/target-4.txt
e7a96b1290ead86d3861f0388423504078cc8f66f10303f73e0a7d44a6e5776b	658	ic0/trials/producer-v1/project/src/main/resources/com/m3/rewrite/backport/jdk21-hash-pinned-text/ic0-arm/target-5.txt
f34470a701cf71b4b4abbe1fa9a5091392a930426ec84d700f13e53edd244629	5380	ic0/trials/producer-v1/project/src/main/resources/com/m3/rewrite/backport/jdk21-hash-pinned-text/ic0-arm/target-6.txt
3f3ab065d9e87e9f6095629a56b052642ec9d0883a466430e90a4a4355edd05b	4975	ic0/trials/producer-v1/project/src/main/resources/com/m3/rewrite/backport/jdk21-hash-pinned-text/ic0-arm/target-7.txt
e99545b056b2ee220e71627ae06755317dc12416b626d118140b6efcba38402b	1442	ic0/trials/producer-v1/project/src/main/resources/com/m3/rewrite/backport/jdk21-hash-pinned-text/ic0-arr/manifest.tsv
a320a7da28264c23120e6296e376822f9795d4735084299701613d41c4e0ca2b	6088	ic0/trials/producer-v1/project/src/main/resources/com/m3/rewrite/backport/jdk21-hash-pinned-text/ic0-arr/target-1.txt
d45a759b1f51e117af486d9c8b66ca7e9ab8bfeb1764b619680cf4441d759e87	17041	ic0/trials/producer-v1/project/src/main/resources/com/m3/rewrite/backport/jdk21-hash-pinned-text/ic0-arr/target-2.txt
48dfc6ab7c68ad7d3342dda8d0086e1f7ec74dce4a7b1943d4ff7e0b32d8c52b	7131	ic0/trials/producer-v1/project/src/main/resources/com/m3/rewrite/backport/jdk21-hash-pinned-text/ic0-arr/target-3.txt
78eb9fd9168850dd0908621385ad6246acc4690ea375ecace754205708f81edc	9874	ic0/trials/producer-v1/project/src/main/resources/com/m3/rewrite/backport/jdk21-hash-pinned-text/ic0-arr/target-4.txt
87c9ab22a66c6289325e4f612967e5921fc922240cd7cd1b7c5986b506fda390	10108	ic0/trials/producer-v1/project/src/main/resources/com/m3/rewrite/backport/jdk21-hash-pinned-text/ic0-arr/target-5.txt
a7887d62f0caf5f6ae9750622ed09129536b9b9a3da31c057cac35117a7621de	6319	ic0/trials/producer-v1/project/src/main/resources/com/m3/rewrite/backport/jdk21-hash-pinned-text/ic0-arr/target-6.txt
948e5e29a8912cd2def07610d281e35d5ebeac4a95ba7f2c77ac1fb8ba9c9bb4	926	ic0/trials/producer-v1/project/src/main/resources/com/m3/rewrite/backport/jdk21-hash-pinned-text/ic0-arr/target-7.txt
8a0b1cc6913250370e5ec724876f270b01da80c3a060ec7d66f7fe6b07bbd2d7	598	ic0/trials/producer-v1/project/src/main/resources/com/m3/rewrite/backport/jdk21-hash-pinned-text/ic0-avp/manifest.tsv
ed492007ff21c2166a17c0a4162cc9cdb775c744d54215d32bba736bcc1067aa	150	ic0/trials/producer-v1/project/src/main/resources/com/m3/rewrite/backport/jdk21-hash-pinned-text/ic0-avp/target-1.txt
b7d67c2492a2de593aaeebe47ce6bbf657a0ab0b1d59349866ccb7d835208ac8	4531	ic0/trials/producer-v1/project/src/main/resources/com/m3/rewrite/backport/jdk21-hash-pinned-text/ic0-avp/target-2.txt
27308b049acc122f62f9cb9a9a679a94640952c423b04495c0ef5b9a2c824ec1	3633	ic0/trials/producer-v1/project/src/main/resources/com/m3/rewrite/backport/jdk21-hash-pinned-text/ic0-avp/target-3.txt
64ee61c5460513b0d2e13be1407ae368f22528c8b6dba9ffc23ceb978acda9fe	691	ic0/trials/producer-v1/project/src/main/resources/com/m3/rewrite/backport/jdk21-hash-pinned-text/ic0-avr/manifest.tsv
eb28c15b30a454a2e7a10c6a99791e101f811248762ce7f5104d322b9c2773d6	7506	ic0/trials/producer-v1/project/src/main/resources/com/m3/rewrite/backport/jdk21-hash-pinned-text/ic0-avr/target-1.txt
f0f9ce2d1252cc5ab0de210f1f06623227db7b702961c5aecf966ad12b3041e5	564	ic0/trials/producer-v1/project/src/main/resources/com/m3/rewrite/backport/jdk21-hash-pinned-text/ic0-avr/target-2.txt
2d5e39a2d1dcdc37f5008929f72de335ae96d6408a3516f8246f956f7c43b2d5	2995	ic0/trials/producer-v1/project/src/main/resources/com/m3/rewrite/backport/jdk21-hash-pinned-text/ic0-avr/target-3.txt
990ac79aad3fcc1d7df181a57504a29d39025f7c3effe15e7794644c889832a7	5952	ic0/trials/producer-v1/project/src/main/resources/com/m3/rewrite/backport/jdk21-hash-pinned-text/ic0-avr/target-4.txt
8b9f6945a0f73947008d67771a27a0b5de3f1e4929538f4fb13c9bdc04874ac4	966	ic0/trials/producer-v1/project/src/main/resources/com/m3/rewrite/backport/jdk21-hash-pinned-text/ic0-awb/manifest.tsv
d9d39747f40bb5eff6ba8639e1e5d0554f0223cc94c09443fe1b2054aac9c3d6	5171	ic0/trials/producer-v1/project/src/main/resources/com/m3/rewrite/backport/jdk21-hash-pinned-text/ic0-awb/target-1.txt
01a428a662ffbdbd22dcd39d1fea7b69084ce34cada0bb5582b8c3686615750d	3974	ic0/trials/producer-v1/project/src/main/resources/com/m3/rewrite/backport/jdk21-hash-pinned-text/ic0-awb/target-2.txt
9c5177ee233ee5335131c9106b7a6faa0041b1cd09e9385e36909d8c6365cf87	8267	ic0/trials/producer-v1/project/src/main/resources/com/m3/rewrite/backport/jdk21-hash-pinned-text/ic0-awb/target-3.txt
27308b049acc122f62f9cb9a9a679a94640952c423b04495c0ef5b9a2c824ec1	3633	ic0/trials/producer-v1/project/src/main/resources/com/m3/rewrite/backport/jdk21-hash-pinned-text/ic0-awb/target-4.txt
b408f0b8d0e4d6e197230e3cb1469d14e0d52aecd33ac55c71f11d513d6e23ec	10881	ic0/trials/producer-v1/project/src/main/resources/com/m3/rewrite/backport/jdk21-hash-pinned-text/ic0-awb/target-5.txt
af2684a3af82b6cbebf718bbe59808af8c7ef1b1de52fdcf42a0d90efecc8649	943	ic0/trials/producer-v1/project/src/main/resources/com/m3/rewrite/backport/jdk21-hash-pinned-text/ic0-awd/manifest.tsv
12bb0deb1e9536235a106474865faea7262389dea72150ce6a7cf7e8c65f9c46	2100	ic0/trials/producer-v1/project/src/main/resources/com/m3/rewrite/backport/jdk21-hash-pinned-text/ic0-awd/target-1.txt
e2224918c07412ab448140f4f842224629c3b4fb72a04b41a592f7c627e83775	11744	ic0/trials/producer-v1/project/src/main/resources/com/m3/rewrite/backport/jdk21-hash-pinned-text/ic0-awd/target-2.txt
149d1d4ccc6fa531425597eadbc759378366108fef57bb6e8a8b27b70477dcd1	5550	ic0/trials/producer-v1/project/src/main/resources/com/m3/rewrite/backport/jdk21-hash-pinned-text/ic0-awd/target-3.txt
269cba753f97c8903446fcba3db0a056557ab92b9e7d545cea8461c0afbeb877	5105	ic0/trials/producer-v1/project/src/main/resources/com/m3/rewrite/backport/jdk21-hash-pinned-text/ic0-awd/target-4.txt
5b611c1a9c486e36698fce1112d8e876cb98e465ef6c291d7aa94409c6242e18	8625	ic0/trials/producer-v1/project/src/main/resources/com/m3/rewrite/backport/jdk21-hash-pinned-text/ic0-awd/target-5.txt
faed3fa2e7103aaca8dca51b7bd9660453276d5ba424120c9b5537e5d617c194	5456	ic0/trials/producer-v1/project/src/main/resources/com/m3/rewrite/backport/jdk21-hash-pinned-text/ic0-awd/target-6.txt
018bc7d7ad2c11e7a284ef8adc77299f884237a0d4c0e2fadc7c0cc92b2bcda8	1332	ic0/trials/producer-v1/project/src/main/resources/com/m3/rewrite/backport/jdk21-hash-pinned-text/ic0-awr/manifest.tsv
149d1d4ccc6fa531425597eadbc759378366108fef57bb6e8a8b27b70477dcd1	5550	ic0/trials/producer-v1/project/src/main/resources/com/m3/rewrite/backport/jdk21-hash-pinned-text/ic0-awr/target-1.txt
269cba753f97c8903446fcba3db0a056557ab92b9e7d545cea8461c0afbeb877	5105	ic0/trials/producer-v1/project/src/main/resources/com/m3/rewrite/backport/jdk21-hash-pinned-text/ic0-awr/target-2.txt
5b611c1a9c486e36698fce1112d8e876cb98e465ef6c291d7aa94409c6242e18	8625	ic0/trials/producer-v1/project/src/main/resources/com/m3/rewrite/backport/jdk21-hash-pinned-text/ic0-awr/target-3.txt
4ff049c2f7b0e8eb01aa6eb643f7588caea10b1e544653f78f68fe9566e88951	825	ic0/trials/producer-v1/project/src/main/resources/com/m3/rewrite/backport/jdk21-hash-pinned-text/ic0-awr/target-4.txt
d3cce7617f65ba818df045502f41917b5b9bef1c5b3b848ae3bee03ce949ae79	4558	ic0/trials/producer-v1/project/src/main/resources/com/m3/rewrite/backport/jdk21-hash-pinned-text/ic0-awr/target-5.txt
e2224918c07412ab448140f4f842224629c3b4fb72a04b41a592f7c627e83775	11744	ic0/trials/producer-v1/project/src/main/resources/com/m3/rewrite/backport/jdk21-hash-pinned-text/ic0-awr/target-6.txt
2d3f548908ebd33f2e93d516cd94e19830dbddf79468d9a8c0ff67b42d38e049	1316	ic0/trials/producer-v1/project/src/main/resources/com/m3/rewrite/backport/jdk21-hash-pinned-text/ic0-cgo/manifest.tsv
4c86fb6ddc117ed481309811887df97233803c708dd19b599516e229cddf4178	5159	ic0/trials/producer-v1/project/src/main/resources/com/m3/rewrite/backport/jdk21-hash-pinned-text/ic0-cgo/target-1.txt
6f23e04cf11046fd90452740d549e55c3f12dfb785036137886739d73539844f	344	ic0/trials/producer-v1/project/src/main/resources/com/m3/rewrite/backport/jdk21-hash-pinned-text/ic0-cgo/target-2.txt
99a26f393466db29e3a2cd36727eb906e9b40dc68df663e95a0174e00067b624	3174	ic0/trials/producer-v1/project/src/main/resources/com/m3/rewrite/backport/jdk21-hash-pinned-text/ic0-cgo/target-3.txt
77ee719e75092e9b9ee765bfce2b7cb9a14b40814aa8be15c1aaea5b211016c2	395	ic0/trials/producer-v1/project/src/main/resources/com/m3/rewrite/backport/jdk21-hash-pinned-text/ic0-cgo/target-4.txt
02131ab6cc2ca7c58f95e5791f05e70ef2315de552763a7d6f96fb5838074fcc	8715	ic0/trials/producer-v1/project/src/main/resources/com/m3/rewrite/backport/jdk21-hash-pinned-text/ic0-cgo/target-5.txt
828164ada2300dbd8935a6ac34992d47be8f8c2f211ca5d3950fa7916550acf1	2247	ic0/trials/producer-v1/project/src/main/resources/com/m3/rewrite/backport/jdk21-hash-pinned-text/ic0-cgo/target-6.txt
9ddb6eb1dbc4b618f0cd3817ed5f03f4eecd7202dead3e762f640a93c82456e2	374	ic0/trials/producer-v1/project/src/main/resources/com/m3/rewrite/backport/jdk21-hash-pinned-text/ic0-cib/manifest.tsv
ead40f30276be985b00c2280a3ae41f23e6c1f0a4fc641dd617ff367d5c3c77c	15862	ic0/trials/producer-v1/project/src/main/resources/com/m3/rewrite/backport/jdk21-hash-pinned-text/ic0-cib/target-1.txt
486b0a3980fa727a668d8c30d784f26400cf024516fc10f629aec398427c40f9	6325	ic0/trials/producer-v1/project/src/main/resources/com/m3/rewrite/backport/jdk21-hash-pinned-text/ic0-cib/target-2.txt
556d7744fc7af55e1ef7ee66012872f40633daf0afb030657bb06fcfa1bb8587	529	ic0/trials/producer-v1/project/src/main/resources/com/m3/rewrite/backport/jdk21-hash-pinned-text/ic0-ciw/manifest.tsv
b0ed1b1f29b0c2e8cec3114852f48f8ed7d2f2e3edd77a8df17788eccf6d6deb	4428	ic0/trials/producer-v1/project/src/main/resources/com/m3/rewrite/backport/jdk21-hash-pinned-text/ic0-ciw/target-1.txt
da68bc2e110f1e6cfcadef240393c121c86a8bcc3341202a900e2c8e3466e1b5	57323	ic0/trials/producer-v1/project/src/main/resources/com/m3/rewrite/backport/jdk21-hash-pinned-text/ic0-ciw/target-2.txt
a716b1128c5796a553e14c520deb07795d0394229496eb67b93de07913e3126d	9662	ic0/trials/producer-v1/project/src/main/resources/com/m3/rewrite/backport/jdk21-hash-pinned-text/ic0-ciw/target-3.txt
fc0e4aa46859f49c3c8e914b95243b279bbd2a0e7737f6535d8947b769153a2f	15213	ic0/trials/producer-v1/project/src/main/resources/com/m3/rewrite/backport/jdk21-hash-pinned-text/ic0-ciw/target-4.txt
9ff6c0ec93be56758814de6a2464e063ff49fd821eaa497ecd8b974ac235821b	169	ic0/trials/producer-v1/project/src/main/resources/com/m3/rewrite/backport/jdk21-hash-pinned-text/ic0-cmp/manifest.tsv
cf6a75806908fee920ecbf7bbe548182f1d9db179e9cc554e36739b1c45a6e6c	423495	ic0/trials/producer-v1/project/src/main/resources/com/m3/rewrite/backport/jdk21-hash-pinned-text/ic0-cmp/target-1.txt
f6ae4f6ec95f8a238bf65313858d242f5b32c495bba2091d1b3ea9a964919974	231	ic0/trials/producer-v1/project/src/main/resources/com/m3/rewrite/backport/jdk21-hash-pinned-text/ic0-cor/manifest.tsv
dde797e49266f4d89ec271cb705f238a72d26e95e5e5865c6b608d924fde9d0d	18329	ic0/trials/producer-v1/project/src/main/resources/com/m3/rewrite/backport/jdk21-hash-pinned-text/ic0-cor/target-1.txt
d8ba52bee5619c7f5dc95fadbb84217436e2e337d2c1f8c08a82e4a7da977925	211	ic0/trials/producer-v1/project/src/main/resources/com/m3/rewrite/backport/jdk21-hash-pinned-text/ic0-cri/manifest.tsv
2940fa6f37604db870c625d5d4745b1b8e3c615db172d91b5815d5668beaa057	684	ic0/trials/producer-v1/project/src/main/resources/com/m3/rewrite/backport/jdk21-hash-pinned-text/ic0-cri/target-1.txt
64415c0ae5a5ba87ed9c830bfbafd2596fc7d2cad32be4638a31128f1c2713be	1627	ic0/trials/producer-v1/project/src/main/resources/com/m3/rewrite/backport/jdk21-hash-pinned-text/ic0-dgc/manifest.tsv
59a09aaec010cade4f24d4ef8163e412e63c3a8664d1fef155f7b87a309137ce	6189	ic0/trials/producer-v1/project/src/main/resources/com/m3/rewrite/backport/jdk21-hash-pinned-text/ic0-dgc/target-1.txt
7741718f54913038f45c4dd552c9891a9d2ada3b3d55189910a54d30954a7120	2377	ic0/trials/producer-v1/project/src/main/resources/com/m3/rewrite/backport/jdk21-hash-pinned-text/ic0-dgc/target-2.txt
d9abd0532c48169e7e890381bbea022577091d852c366d94ce00c149053efc49	1003	ic0/trials/producer-v1/project/src/main/resources/com/m3/rewrite/backport/jdk21-hash-pinned-text/ic0-dgc/target-3.txt
885492be4de4d8a12d345c272fc5ecc897150fd823aaedbc4a770c424044b3e3	1575	ic0/trials/producer-v1/project/src/main/resources/com/m3/rewrite/backport/jdk21-hash-pinned-text/ic0-dgc/target-4.txt
fcece5585c961f7c67bfac9fbc3f6d2bb5cdd9a12bccceaa70c6e384ee540f1d	1695	ic0/trials/producer-v1/project/src/main/resources/com/m3/rewrite/backport/jdk21-hash-pinned-text/ic0-dgc/target-5.txt
cad129631f107efe062a8850e0c8a6a9bc98875142742d4f3c18dd745b29393d	13835	ic0/trials/producer-v1/project/src/main/resources/com/m3/rewrite/backport/jdk21-hash-pinned-text/ic0-dgc/target-6.txt
d4470dc68c4259b599ceb67cf403cb127945f9c0f5215ba400399a689efd8c6d	12586	ic0/trials/producer-v1/project/src/main/resources/com/m3/rewrite/backport/jdk21-hash-pinned-text/ic0-dgc/target-7.txt
3e1e1d16d6cea44d0dfda5557ac7748234886843398571a4c2ac23d5b0b0cf7f	577	ic0/trials/producer-v1/project/src/main/resources/com/m3/rewrite/backport/jdk21-hash-pinned-text/ic0-fnd/manifest.tsv
b43095e303e839df207d76a8ae94bdbaf6fa3a05d158335566c929ba8357c283	2759	ic0/trials/producer-v1/project/src/main/resources/com/m3/rewrite/backport/jdk21-hash-pinned-text/ic0-fnd/target-1.txt
7d1c50f1340f811f48e17a64b0674fcf631219f69c7878531602b09310beb198	79534	ic0/trials/producer-v1/project/src/main/resources/com/m3/rewrite/backport/jdk21-hash-pinned-text/ic0-fnd/target-2.txt
acd49abfe66383ae325ced5adf371716f76eb164749ddb2e19a0dcf5638a4e96	8723	ic0/trials/producer-v1/project/src/main/resources/com/m3/rewrite/backport/jdk21-hash-pinned-text/ic0-fnd/target-3.txt
924f82ab0df19c7c24a9c208c93880fab36da2c9216572c33b4219d6c0208f64	16970	ic0/trials/producer-v1/project/src/main/resources/com/m3/rewrite/backport/jdk21-hash-pinned-text/ic0-fnd/target-4.txt
b7ae7304902b40ce7dd730cadd434077d1afa1852579aa18a457e85d13bd0773	1753	ic0/trials/producer-v1/project/src/main/resources/com/m3/rewrite/backport/jdk21-hash-pinned-text/ic0-gpc/manifest.tsv
107e583af7e846ea83774cc681e649e52fa6edef571165dcd717200cd720898f	24060	ic0/trials/producer-v1/project/src/main/resources/com/m3/rewrite/backport/jdk21-hash-pinned-text/ic0-gpc/target-1.txt
c63219a36e3898c8c5bd14886582bacc675099a4bdaa08964bac6ae724a608f9	31435	ic0/trials/producer-v1/project/src/main/resources/com/m3/rewrite/backport/jdk21-hash-pinned-text/ic0-gpc/target-2.txt
211a5ffd20dd3c4a640d0739c41b071cfbf103dbb26069ab07c6dbf037e4d3a9	14856	ic0/trials/producer-v1/project/src/main/resources/com/m3/rewrite/backport/jdk21-hash-pinned-text/ic0-gpc/target-3.txt
d5671e86b1a958fa91a6819d49dd72dd62365b865b1605e4a83e0f8491ea7a5a	2598	ic0/trials/producer-v1/project/src/main/resources/com/m3/rewrite/backport/jdk21-hash-pinned-text/ic0-gpc/target-4.txt
107e583af7e846ea83774cc681e649e52fa6edef571165dcd717200cd720898f	24060	ic0/trials/producer-v1/project/src/main/resources/com/m3/rewrite/backport/jdk21-hash-pinned-text/ic0-gpc/target-5.txt
c63219a36e3898c8c5bd14886582bacc675099a4bdaa08964bac6ae724a608f9	31435	ic0/trials/producer-v1/project/src/main/resources/com/m3/rewrite/backport/jdk21-hash-pinned-text/ic0-gpc/target-6.txt
211a5ffd20dd3c4a640d0739c41b071cfbf103dbb26069ab07c6dbf037e4d3a9	14856	ic0/trials/producer-v1/project/src/main/resources/com/m3/rewrite/backport/jdk21-hash-pinned-text/ic0-gpc/target-7.txt
6449b223baded59c01d47c2a17fe1984aaf00d8427ccc7b96d54ec1aac1a119a	1025	ic0/trials/producer-v1/project/src/main/resources/com/m3/rewrite/backport/jdk21-hash-pinned-text/ic0-hct/manifest.tsv
4114b546749888ec5e6065ea6087d39ea63bafb6ce5881e2239eafaade3b7787	56771	ic0/trials/producer-v1/project/src/main/resources/com/m3/rewrite/backport/jdk21-hash-pinned-text/ic0-hct/target-1.txt
fde72eb9f2b682f50004defbc70e6d886a3f646abb0d89c0aec5de8ab0dbd30d	13634	ic0/trials/producer-v1/project/src/main/resources/com/m3/rewrite/backport/jdk21-hash-pinned-text/ic0-hct/target-2.txt
e4ea964db1a6f9527122ff0dad1c969a43dc50a0f80c771c86b70bcd6da6dcaf	2875	ic0/trials/producer-v1/project/src/main/resources/com/m3/rewrite/backport/jdk21-hash-pinned-text/ic0-hct/target-3.txt
8034d77f1124584888dce10760bd2f5dae55eeb93497f7a0db1d09a3a197ec5f	2873	ic0/trials/producer-v1/project/src/main/resources/com/m3/rewrite/backport/jdk21-hash-pinned-text/ic0-hct/target-4.txt
8544be570c2656c5fa641ae34fc01eaea420bbb420f6d80ce5f95253504e9888	3383	ic0/trials/producer-v1/project/src/main/resources/com/m3/rewrite/backport/jdk21-hash-pinned-text/ic0-hct/target-5.txt
a0d3fc7e68265cf11593a08647eaf6dfe3f2e38aa5199365eecea21b2624ce51	522	ic0/trials/producer-v1/project/src/main/resources/com/m3/rewrite/backport/jdk21-hash-pinned-text/ic0-hts/manifest.tsv
765f001aa41f95c1dfd9994ba64101526ce0324ede896228803133ec9313b9e9	77751	ic0/trials/producer-v1/project/src/main/resources/com/m3/rewrite/backport/jdk21-hash-pinned-text/ic0-hts/target-1.txt
cfe8e8930916ef96c7d23dd9d0942f082c5eb1d6cf4b2a2f6e9f3d69d8fa3e41	3341	ic0/trials/producer-v1/project/src/main/resources/com/m3/rewrite/backport/jdk21-hash-pinned-text/ic0-hts/target-2.txt
9d79d07bb31ded0e5ec9eebef1095ae25be8f20c55f9e72aee4ba64852790594	16119	ic0/trials/producer-v1/project/src/main/resources/com/m3/rewrite/backport/jdk21-hash-pinned-text/ic0-hts/target-3.txt
30a838a363fb05f9c1caf48fd36c0a67de0767708e4b198b77af37ee0c41eb63	7629	ic0/trials/producer-v1/project/src/main/resources/com/m3/rewrite/backport/jdk21-hash-pinned-text/ic0-hts/target-4.txt
caa68576a994442ea21cbef99a730932a461816fc843dbb86e4220f7b361f098	126	ic0/trials/producer-v1/project/src/main/resources/com/m3/rewrite/backport/jdk21-hash-pinned-text/ic0-ipr/manifest.tsv
50bfc9b138e5029767d44c39c1fbc7b589a0d2563701398d958d60e1868d21dc	10052	ic0/trials/producer-v1/project/src/main/resources/com/m3/rewrite/backport/jdk21-hash-pinned-text/ic0-ipr/target-1.txt
c53a4f1aaa6a37b8367225331072bf81ed39444b4ee272d2628ca6981fb49d34	666	ic0/trials/producer-v1/project/src/main/resources/com/m3/rewrite/backport/jdk21-hash-pinned-text/ic0-jgr/manifest.tsv
bbb1e7384c0f600dd8e3c4ee89e838961fe692e3e5e4963be17d4485ee9bafa6	32695	ic0/trials/producer-v1/project/src/main/resources/com/m3/rewrite/backport/jdk21-hash-pinned-text/ic0-jgr/target-1.txt
7f3babb54445a1bb662d9ac50ded06efe38e8a502a0f2b3445e81a5ef2536ec4	1214	ic0/trials/producer-v1/project/src/main/resources/com/m3/rewrite/backport/jdk21-hash-pinned-text/ic0-jgr/target-2.txt
a7954b1a16905829d5daa4372faceabc707b1ca2820bdf8ddc40457a29f4f37e	1012	ic0/trials/producer-v1/project/src/main/resources/com/m3/rewrite/backport/jdk21-hash-pinned-text/ic0-jgr/target-3.txt
1109f2c7f0637ea606d9275d45a644c7e6dfcd85d776281bfd87f1c27d2f1dd3	43840	ic0/trials/producer-v1/project/src/main/resources/com/m3/rewrite/backport/jdk21-hash-pinned-text/ic0-jgr/target-4.txt
b18df1233ea0fa070f4ca05bd47dc2bf24f25a30a754011293a922c7bba254dd	759	ic0/trials/producer-v1/project/src/main/resources/com/m3/rewrite/backport/jdk21-hash-pinned-text/ic0-jma/manifest.tsv
9ade92d7dbd17f113a0a29b712fcf12ec231020a585e6cebd79b291830b01a6e	12048	ic0/trials/producer-v1/project/src/main/resources/com/m3/rewrite/backport/jdk21-hash-pinned-text/ic0-jma/target-1.txt
28db2dae8e9f8de51237bef0cb945ef70439b66a9b8f484e5e1503202a3836d6	11182	ic0/trials/producer-v1/project/src/main/resources/com/m3/rewrite/backport/jdk21-hash-pinned-text/ic0-jma/target-2.txt
06c9e0780afc2ac325c4d826dd0404885ebe2cc7f3804fc1e6b49e011fcf0388	442	ic0/trials/producer-v1/project/src/main/resources/com/m3/rewrite/backport/jdk21-hash-pinned-text/ic0-jma/target-3.txt
6370e7b8a83d1424592acfaa9e4864a26f48b9979fed3cb0d132f0f4ac02236a	3786	ic0/trials/producer-v1/project/src/main/resources/com/m3/rewrite/backport/jdk21-hash-pinned-text/ic0-jma/target-4.txt
eca5ed510e5d6dcac6911cf4cf0cb95d6e016ebf197475d68d3f8cce6e3face1	9798	ic0/trials/producer-v1/project/src/main/resources/com/m3/rewrite/backport/jdk21-hash-pinned-text/ic0-jma/target-5.txt
207aa8d6e307c4c3cc8ff492700096c9231bbfcd19ac737b074587b7d453ba60	558	ic0/trials/producer-v1/project/src/main/resources/com/m3/rewrite/backport/jdk21-hash-pinned-text/ic0-jop/manifest.tsv
d6aa41d308be5fe9e615e25f89f95e3fdc4f9e790326ea8d6bc39641c39ef07b	12801	ic0/trials/producer-v1/project/src/main/resources/com/m3/rewrite/backport/jdk21-hash-pinned-text/ic0-jop/target-1.txt
300e894ccf38292db599a961b209459c4fcdb576b2124b0b77d8e8e6080b9261	143	ic0/trials/producer-v1/project/src/main/resources/com/m3/rewrite/backport/jdk21-hash-pinned-text/ic0-jop/target-2.txt
4fb1e9d7e6b77693c35a65fbd26a4e117c39c6367c4839eb5956aa9de01e006d	6551	ic0/trials/producer-v1/project/src/main/resources/com/m3/rewrite/backport/jdk21-hash-pinned-text/ic0-jop/target-3.txt
097dd1b794593570fdf3eb51b00a9be4c6a83a274fd6ef97c350251d20065fbc	4339	ic0/trials/producer-v1/project/src/main/resources/com/m3/rewrite/backport/jdk21-hash-pinned-text/ic0-jop/target-4.txt
0f6ec78d70e31050ed4e481eb133b1438e378206ea9138c0b0b8c00e161c5d9e	365	ic0/trials/producer-v1/project/src/main/resources/com/m3/rewrite/backport/jdk21-hash-pinned-text/ic0-nul/manifest.tsv
61a4555f7f97571bba36b2fd6cad63bc0ca5e8ba496f813f85569bf927c5a5db	5296	ic0/trials/producer-v1/project/src/main/resources/com/m3/rewrite/backport/jdk21-hash-pinned-text/ic0-nul/target-1.txt
45f7cfac63f7d553ff80bd8448dcfea994c9c43af9cff6afe0af5fd326243a04	10267	ic0/trials/producer-v1/project/src/main/resources/com/m3/rewrite/backport/jdk21-hash-pinned-text/ic0-nul/target-2.txt
775cb5f335659c16a0d8f8c06785552490b7365966317ce3a737f971808ade11	570	ic0/trials/producer-v1/project/src/main/resources/com/m3/rewrite/backport/jdk21-hash-pinned-text/ic0-pcd/manifest.tsv
c7713ff2601f86aea82edab25d17791342d12737865dd3ee15bd99fd3031fc1f	43759	ic0/trials/producer-v1/project/src/main/resources/com/m3/rewrite/backport/jdk21-hash-pinned-text/ic0-pcd/target-1.txt
3d3ea39ea6f41aa5fae83b5229fa524019434110576396ee11a6eb20e0a7afff	552	ic0/trials/producer-v1/project/src/main/resources/com/m3/rewrite/backport/jdk21-hash-pinned-text/ic0-pcd/target-2.txt
a68b03733006a278854dedccc9cf4a9b238c43e92d501ab601ce137dfbd2b4ef	7488	ic0/trials/producer-v1/project/src/main/resources/com/m3/rewrite/backport/jdk21-hash-pinned-text/ic0-pcd/target-3.txt
7bbea48d108f758adf8f7da038f51273c5d0191f213d920a22414c452ae2fc56	449	ic0/trials/producer-v1/project/src/main/resources/com/m3/rewrite/backport/jdk21-hash-pinned-text/ic0-pcd/target-4.txt
b1728a56c6675ff9167e0183b6f371cccb2b53117875a327bd2b83dc2f9adf41	919	ic0/trials/producer-v1/project/src/main/resources/com/m3/rewrite/backport/jdk21-hash-pinned-text/ic0-pco/manifest.tsv
bb60ed0722b7f67a9413afd1ffa255230690f27a1b003b9eaf2df93a1b8bde48	8155	ic0/trials/producer-v1/project/src/main/resources/com/m3/rewrite/backport/jdk21-hash-pinned-text/ic0-pco/target-1.txt
1d6900f115f54508dca1e1f3e925fa1903c32d71f97a87dfc7c1494c60856a52	12182	ic0/trials/producer-v1/project/src/main/resources/com/m3/rewrite/backport/jdk21-hash-pinned-text/ic0-pco/target-2.txt
8f3a18434d35e540de9a16df022fff3596963c1c2f021ee6e16b7e24e7ca3e53	3138	ic0/trials/producer-v1/project/src/main/resources/com/m3/rewrite/backport/jdk21-hash-pinned-text/ic0-pco/target-3.txt
d24ade8a8ddbb22eb78621c99f458f8d96807b74be12294c3e7ce7f9f95764c8	5167	ic0/trials/producer-v1/project/src/main/resources/com/m3/rewrite/backport/jdk21-hash-pinned-text/ic0-pco/target-4.txt
18462864241391a44566764ad4307fbc46894b988a2569dcf820e940961ab225	51135	ic0/trials/producer-v1/project/src/main/resources/com/m3/rewrite/backport/jdk21-hash-pinned-text/ic0-pco/target-5.txt
9237f618a6d583c113755fc8ceb315fcc5a20af0fe545219494e1a0ddc17508f	568	ic0/trials/producer-v1/project/src/main/resources/com/m3/rewrite/backport/jdk21-hash-pinned-text/ic0-pcw/manifest.tsv
41a7d50712da9374dc679bd09116ed1f6108c25a48d00e25d9b268d25453d3e7	7812	ic0/trials/producer-v1/project/src/main/resources/com/m3/rewrite/backport/jdk21-hash-pinned-text/ic0-pcw/target-1.txt
8bc3ad1490f26e622dc5c226bb5545a4bbfd3e8186e3923cfa2c8adc72a41605	6029	ic0/trials/producer-v1/project/src/main/resources/com/m3/rewrite/backport/jdk21-hash-pinned-text/ic0-pcw/target-2.txt
9f09f5058b1e9aed653efb67b6f4f5fe3bcaa05681f1a232dd95576562aa5c19	4321	ic0/trials/producer-v1/project/src/main/resources/com/m3/rewrite/backport/jdk21-hash-pinned-text/ic0-pcw/target-3.txt
28e9142f03ee9948b10b370daf2001941c8c1371d33ec3985ac8f70fe84679a2	1089	ic0/trials/producer-v1/project/src/main/resources/com/m3/rewrite/backport/jdk21-hash-pinned-text/ic0-scp/manifest.tsv
50f5dda3d0a585720003801c1945516ce8b19ea033d5f6738517083bc4982cd5	4259	ic0/trials/producer-v1/project/src/main/resources/com/m3/rewrite/backport/jdk21-hash-pinned-text/ic0-scp/target-1.txt
5ee44459bd8725b89e92ad8cd0c7572954f7655331d8b7f7dc92a8b59b09cb6e	8906	ic0/trials/producer-v1/project/src/main/resources/com/m3/rewrite/backport/jdk21-hash-pinned-text/ic0-scp/target-2.txt
0f79229a093fc3a53158401bb29a627e71f2774292b4d727e6c0911b9f2a47c9	934	ic0/trials/producer-v1/project/src/main/resources/com/m3/rewrite/backport/jdk21-hash-pinned-text/ic0-scp/target-3.txt
372922e185ceb9a2694ae1161b1162603b47e9932edfc2e6aa6bb50f3c05da3c	11146	ic0/trials/producer-v1/project/src/main/resources/com/m3/rewrite/backport/jdk21-hash-pinned-text/ic0-scp/target-4.txt
eb68a09f9c154f801830e1f40688be5c7d0af9d3fab286ed105de57b2994fb52	793	ic0/trials/producer-v1/project/src/main/resources/com/m3/rewrite/backport/jdk21-hash-pinned-text/ic0-sdc/manifest.tsv
518f9f7dbdebf450973cba859525d509c3c79fce6b51c6f4cbbf563e2f5651fa	76036	ic0/trials/producer-v1/project/src/main/resources/com/m3/rewrite/backport/jdk21-hash-pinned-text/ic0-sdc/target-1.txt
0285ce4946d66bea00e0b5d4bd52e863e5d60f84bb71171a26bdbd4c61da0bd9	3300	ic0/trials/producer-v1/project/src/main/resources/com/m3/rewrite/backport/jdk21-hash-pinned-text/ic0-sdc/target-2.txt
36a55432074cf8c2c6e6e8463c1c4cd7751edea16b99d28a69001a511a995705	76253	ic0/trials/producer-v1/project/src/main/resources/com/m3/rewrite/backport/jdk21-hash-pinned-text/ic0-sdc/target-3.txt
e1105ca7999363ff4a889217955a53cff8caecbd054b9f099a0bbe57fa3e935e	1489	ic0/trials/producer-v1/project/src/main/resources/composition-orders.json
ca8176f2a2a2617c0fb76c86c48ca152a28396381b1266f3ce0c84e7b65caba5	71439	ic0/trials/producer-v1/project/src/main/resources/qualification.json
e14dddfbc85c0abd6c980a8168380a4b0bade322d2c4a9571bdb3d0c9ca1d856	31251	ic0/trials/producer-v1/project/src/test/java/com/synexia/rewrite/Ic0RecipeTest.java
b408f0b8d0e4d6e197230e3cb1469d14e0d52aecd33ac55c71f11d513d6e23ec	10881	ic0/trials/producer-v1/project/src/test/resources/before/.github/workflows/m3-a3.yml
4c02fcf3b12116aaa186035a8ff3c50b94df899f776d51630e1bfcfd30ce4a2c	4153	ic0/trials/producer-v1/project/src/test/resources/before/.github/workflows/m3-class-ver.yml
2a81b9ebfa5d477977dba4632a0e7c89f2ebb89606eb46491197536335d63fee	2205	ic0/trials/producer-v1/project/src/test/resources/before/.github/workflows/m3-foundation.yml
68e17df8b27fee9c208475d3b7f63c01c7eaf247752417e4c7d8ce2fece056ab	15148	ic0/trials/producer-v1/project/src/test/resources/before/.github/workflows/m3-jdk21-backports.yml
54bf165d838d2f7505ecf6df125fb3eab4186b065fd0d6d025ba3e771326aca7	6120	ic0/trials/producer-v1/project/src/test/resources/before/.github/workflows/m3-jep458-current-master.yml
88831a9aa214b517713bbfc9a84ea7e5187f12498b592b64d1c240344a1fd8c3	7793	ic0/trials/producer-v1/project/src/test/resources/before/.github/workflows/m3-jep467-markdown-inventory.yml
9a2c236d62db2ed121d9ac563f15a6edd6b56dcf8549aca0bb2a9bd63f80db29	6654	ic0/trials/producer-v1/project/src/test/resources/before/.github/workflows/m3-jep493-runtime-image-inventory.yml
3fbe65ee5d3130858d114b0637207585e0cb20c2b5008def8c3dc6607f042d41	4692	ic0/trials/producer-v1/project/src/test/resources/before/m3/backports/compatibility_policy.py
2f075d95ce7c2fdbb2742b92a1c1098864f06d073c56046dc02f02adc5687dec	14827	ic0/trials/producer-v1/project/src/test/resources/before/m3/backports/generate_recipe_crates.py
57411d582b20b949cb95859318b0ef4e99a79c7947163ffe1787cafaba7cf0d4	2934	ic0/trials/producer-v1/project/src/test/resources/before/m3/backports/recipes/jep-485-gatherers/README.md
8c928979dcdf7bf7e4ec8b5bc6b339d7344c75a8213f101ec4ad58a659775811	337	ic0/trials/producer-v1/project/src/test/resources/before/m3/backports/recipes/jep-485-gatherers/atom-evidence.tsv
7149ec13e4fc5f2b642fe41a719cec1a17cb51d77b7de291055efd75b48d2af2	610	ic0/trials/producer-v1/project/src/test/resources/before/m3/backports/recipes/jep-493-runtime-image/CURRENT_TREE_RECEIPT.tsv
9ae80ad2e94552d552ab8eb125ea9b0d435e749f5ef6e0f140130a76cf6a4fe9	2472	ic0/trials/producer-v1/project/src/test/resources/before/m3/backports/recipes/jep-493-runtime-image/README.md
10d8d11da8b4dd6772875cb3ba5c1f2c0732e307cdd5c983a96811b9c9f5180d	6038	ic0/trials/producer-v1/project/src/test/resources/before/m3/backports/test_compatibility_policy.py
ab6433b0a1d50c358d65d0aad9ed2b7bbc7b8be1ca10b0302e53fefac0d7a5d8	17732	ic0/trials/producer-v1/project/src/test/resources/before/m3/backports/test_generate_recipe_crates.py
d9d39747f40bb5eff6ba8639e1e5d0554f0223cc94c09443fe1b2054aac9c3d6	5171	ic0/trials/producer-v1/project/src/test/resources/before/m3/docs/a3-lab.md
01a428a662ffbdbd22dcd39d1fea7b69084ce34cada0bb5582b8c3686615750d	3974	ic0/trials/producer-v1/project/src/test/resources/before/m3/docs/a3-mastery.md
9c5177ee233ee5335131c9106b7a6faa0041b1cd09e9385e36909d8c6365cf87	8267	ic0/trials/producer-v1/project/src/test/resources/before/m3/docs/a3.md
335045274ea3ae01d576290b56704ec3409ef1bd27c8c220348815c5bbb711da	280877	ic0/trials/producer-v1/project/src/test/resources/before/m3/docs/name-mapping.json
fd54e5fade1fc3050816265f2317967dd4176e7bb5e0bc55e6f620878026e88e	23333	ic0/trials/producer-v1/project/src/test/resources/before/m3/migration/migration.py
3cfe511098ff3b6caafb1f1e04f94b448e02e25f160fe98427531fc8c77a1555	11255	ic0/trials/producer-v1/project/src/test/resources/before/m3/migration/test/test_jcc_handoff_packet.py
27308b049acc122f62f9cb9a9a679a94640952c423b04495c0ef5b9a2c824ec1	3633	ic0/trials/producer-v1/project/src/test/resources/before/m3/tooling/a3/pom.xml
6d9ec887c87898167748ca5f77598f95a6784cfaf14882f4983733c006374b77	5127	ic0/trials/producer-v1/project/src/test/resources/before/m3/tooling/a3/src/main/java/com/m3/a3/A3.java
d88f347f77069dc1e2e6a3871c68c55e76f885f324801957d041f9ecc31ec6f4	9492	ic0/trials/producer-v1/project/src/test/resources/before/m3/tooling/a3/src/main/java/com/m3/a3/A3Alg.java
677324e1566d482eb5b4470ec1a63d3493bb2a75fc77ea0edb61ba364906c298	7782	ic0/trials/producer-v1/project/src/test/resources/before/m3/tooling/a3/src/main/java/com/m3/a3/A3Cases.java
c212736f000836cb782a5ff81fd2de48e67d36ea4b3bd53cf7743c4aadbfdaf6	16196	ic0/trials/producer-v1/project/src/test/resources/before/m3/tooling/a3/src/main/java/com/m3/a3/A3Lab.java
9171b0ada1d7845b63d7a586d99ef97a6fa6eccbfd84204c47a6a01c8b3e4697	6442	ic0/trials/producer-v1/project/src/test/resources/before/m3/tooling/a3/src/main/java/com/m3/a3/A3MemoryCompiler.java
f000b1eea411056baaca6051b220149f25334bc70bf69b4f0536839c6c78e404	7514	ic0/trials/producer-v1/project/src/test/resources/before/m3/tooling/a3/src/main/java/com/m3/a3/A3RegexMatrix.java
351eeac06154189e79f3d139336437d5911da5721c9a95a779ebd5d511997d9c	6117	ic0/trials/producer-v1/project/src/test/resources/before/m3/tooling/a3/src/test/java/com/m3/a3/A3LabTest.java
d684f2c95622c32683dbdce162d2f49101c7431bfbba1927a34182dcecadc77f	4462	ic0/trials/producer-v1/project/src/test/resources/before/m3/tooling/a3/src/test/java/com/m3/a3/A3PlanTest.java
9490dd9263e9793c6601bba2429860283865ff2c72092e1b55fff95136c01737	4026	ic0/trials/producer-v1/project/src/test/resources/before/m3/tooling/backport-dag/pom.xml
f475463faf184a0a310ab9295b6604be5795076295e46d4b6a78784613dce55e	4312	ic0/trials/producer-v1/project/src/test/resources/before/m3/tooling/backport-dag/src/main/java/com/m3/tooling/dag/M3PacketDagComposer.java
def017e6b6bd2395f64b39bb4ea3258efd53526455cc0d9485d5a15356be2a2e	6285	ic0/trials/producer-v1/project/src/test/resources/before/m3/tooling/backport-dag/src/main/java/com/m3/tooling/dag/M3RecipeDag.java
374c135a72e85bdcad84be5e9bbd696c763f06f33816e56e28f4a4d620e1aee9	1726	ic0/trials/producer-v1/project/src/test/resources/before/m3/tooling/backport-dag/src/main/resources/com/m3/tooling/dag/adapters/airflow/m3_backport_dag.py
b81e897b0c34961102aeb98920a1f5fcfa95b6f3b41fdf9c4f8208e78e8796d8	793	ic0/trials/producer-v1/project/src/test/resources/before/m3/tooling/backport-dag/src/main/resources/com/m3/tooling/dag/adapters/camel/m3-backport-route.yaml
922700cc7f1acf943e3f07b7c29d44f07c1b9bfab7e876f4e02d2ea408abb393	1575	ic0/trials/producer-v1/project/src/test/resources/before/m3/tooling/backport-dag/src/main/resources/com/m3/tooling/dag/adapters/drools/m3-backport-admission.drl
76c3eafb6c52fe5918023a19dadf1ac98076d0f50332688c56303154871ce423	968	ic0/trials/producer-v1/project/src/test/resources/before/m3/tooling/backport-dag/src/test/java/com/m3/tooling/dag/M3BackportDagLoaderTest.java
451b4cde41c505a19641dc17649ca0b22b2e82d13685d042e4f29f9af9a8e094	9046	ic0/trials/producer-v1/project/src/test/resources/before/m3/tooling/backport-dag/src/test/java/com/m3/tooling/dag/M3PacketDagComposerTest.java
8fe0d897419c2e91dc3fcc7958e0c55c5bdea7b4ee4f48efc57a759b8e34960f	8603	ic0/trials/producer-v1/project/src/test/resources/before/m3/tooling/backport-dag/src/test/java/com/m3/tooling/dag/M3RecipeDagTest.java
8544be570c2656c5fa641ae34fc01eaea420bbb420f6d80ce5f95253504e9888	3383	ic0/trials/producer-v1/project/src/test/resources/before/m3/tooling/migration-recipes/pom.xml
280d7c08e9da9f618f4596516420a5c6c2de8f32fa1b52ff354853f3b0fb7c2b	2338	ic0/trials/producer-v1/project/src/test/resources/before/m3/tooling/migration-recipes/src/main/java/com/m3/rewrite/a3/M3A3AlgorithmCatalogueManifest.java
b5cefece21725e012ed7643ecf4f6fe505da9fa408a02f6f48de38773e94cad0	2030	ic0/trials/producer-v1/project/src/test/resources/before/m3/tooling/migration-recipes/src/main/java/com/m3/rewrite/backport/M3Jep485StreamGatherersBackportRecipe.java
2da4485ca78b289462e6142e61e247e2142111693d08fb590ff64256193dda75	342	ic0/trials/producer-v1/project/src/test/resources/before/m3/tooling/migration-recipes/src/main/resources/META-INF/rewrite/m3-jep485-stream-gatherers.yml
d88f347f77069dc1e2e6a3871c68c55e76f885f324801957d041f9ecc31ec6f4	9492	ic0/trials/producer-v1/project/src/test/resources/before/m3/tooling/migration-recipes/src/main/resources/com/m3/rewrite/a3-algorithm-catalogue/after/A3Alg.java
d684f2c95622c32683dbdce162d2f49101c7431bfbba1927a34182dcecadc77f	4462	ic0/trials/producer-v1/project/src/test/resources/before/m3/tooling/migration-recipes/src/main/resources/com/m3/rewrite/a3-algorithm-catalogue/after/A3PlanTest.java
b1295f69831c23efd596f2ed9f65e2b07d20371fae4c0111c0b35fdd3bc4cd51	76037	ic0/trials/producer-v1/project/src/test/resources/before/m3/tooling/migration-recipes/src/main/resources/com/m3/rewrite/backport/jdk21-hash-pinned/jdk22-m3-string-history-convergence/16-AbstractStringBuilder.java.txt
2b724a9f9cf9fce382c34f4b5872312bfb4c30791decf8c093bd2dfb9fc0d400	3300	ic0/trials/producer-v1/project/src/test/resources/before/m3/tooling/migration-recipes/src/main/resources/com/m3/rewrite/backport/jdk21-hash-pinned/jdk22-m3-string-history-convergence/manifest.tsv
9ba3245512f18e3d921b6a8d013cea05a70b5a84c473b34dbd574ba55a1978d4	4112	ic0/trials/producer-v1/project/src/test/resources/before/m3/tooling/migration-recipes/src/main/resources/com/m3/rewrite/backport/jdk21-hash-pinned/jdk22-recipe-closure/02-M3RecipeScopeRegistry.java.txt
cf1c56ebf8fc2df3778cd56e34240da7c3ba722cb2949e8957b81157abf8b9ba	8378	ic0/trials/producer-v1/project/src/test/resources/before/m3/tooling/migration-recipes/src/main/resources/com/m3/rewrite/backport/jdk21-hash-pinned/jdk22-recipe-closure/03-M3RecipeScopeDeclarationTest.java.txt
d80a5af11629b89cb2e69d3a119becb7606fb029e8e121d47d684ca755435182	934	ic0/trials/producer-v1/project/src/test/resources/before/m3/tooling/migration-recipes/src/main/resources/com/m3/rewrite/backport/jdk21-hash-pinned/jdk22-recipe-closure/manifest.tsv
808d8dec8da41e93dbe938081c36750a6d36c96a4b2dcd90d2558a7b5d0ebd47	24085	ic0/trials/producer-v1/project/src/test/resources/before/m3/tooling/migration-recipes/src/main/resources/com/m3/rewrite/backport/jdk21-hash-pinned/jdk24-jep485-stream-gatherers/01-Gatherer.java.txt
6115dd7015fe6680ef597a7cc3ec5b0c06eccc7259aa5bd4899454b5af624f1d	31455	ic0/trials/producer-v1/project/src/test/resources/before/m3/tooling/migration-recipes/src/main/resources/com/m3/rewrite/backport/jdk21-hash-pinned/jdk24-jep485-stream-gatherers/03-Gatherers.java.txt
eb1bd5ac55a99540b1516656041310ecf56c1a8dd20a8eb1fd599318b5647cf2	14652	ic0/trials/producer-v1/project/src/test/resources/before/m3/tooling/migration-recipes/src/main/resources/com/m3/rewrite/backport/jdk21-hash-pinned/jdk24-jep485-stream-gatherers/11-GatherersMapConcurrentTest.java.txt
3172ca1814ce01a40091d05f691ee044dfa72c1b4f24b10514fe491fc6d6e66c	2598	ic0/trials/producer-v1/project/src/test/resources/before/m3/tooling/migration-recipes/src/main/resources/com/m3/rewrite/backport/jdk21-hash-pinned/jdk24-jep485-stream-gatherers/manifest.tsv
677324e1566d482eb5b4470ec1a63d3493bb2a75fc77ea0edb61ba364906c298	7782	ic0/trials/producer-v1/project/src/test/resources/before/m3/tooling/migration-recipes/src/main/resources/com/synexia/rewrite/hash-pinned-java/a3-mastery-lab/A3Cases.java.after
b901f0b1aae122711792a66dc9750b9ba4608d59613641e74f378218757cbb4d	734	ic0/trials/producer-v1/project/src/test/resources/before/m3/tooling/migration-recipes/src/main/resources/com/synexia/rewrite/hash-pinned-java/a3-mastery-lab/manifest.tsv
9171b0ada1d7845b63d7a586d99ef97a6fa6eccbfd84204c47a6a01c8b3e4697	6442	ic0/trials/producer-v1/project/src/test/resources/before/m3/tooling/migration-recipes/src/main/resources/com/synexia/rewrite/hash-pinned-java/a3-regex-memory-lab/A3MemoryCompiler.java.after
f000b1eea411056baaca6051b220149f25334bc70bf69b4f0536839c6c78e404	7514	ic0/trials/producer-v1/project/src/test/resources/before/m3/tooling/migration-recipes/src/main/resources/com/synexia/rewrite/hash-pinned-java/a3-regex-memory-lab/A3RegexMatrix.java.after
b2febbb17ed96ae6f582eee2e16af3fc5e435c23e350708f56397bee9ac38ab5	658	ic0/trials/producer-v1/project/src/test/resources/before/m3/tooling/migration-recipes/src/main/resources/com/synexia/rewrite/hash-pinned-java/a3-regex-memory-lab/manifest.tsv
58d01008f3dc6e79d988e855d76ba90eb0a13d39a76e7eb4027d75442389ec94	5379	ic0/trials/producer-v1/project/src/test/resources/before/m3/tooling/migration-recipes/src/test/java/com/m3/rewrite/M3A3RegexMemoryLabDeliveryRecipeTest.java
69882638771a411cf0866f789a7b3ef7e7e7040cde38a1c40ef4a743d37168e2	4974	ic0/trials/producer-v1/project/src/test/resources/before/m3/tooling/migration-recipes/src/test/java/com/m3/rewrite/M3A3RegexMemoryWorkflowRecipeTest.java
9a7f6440ce4d4a738d5cfe916a7fff98511464887293caba2a498bd75264ee92	7839	ic0/trials/producer-v1/project/src/test/resources/before/m3/tooling/migration-recipes/src/test/java/com/m3/rewrite/backport/M3Jep485StreamGatherersBackportRecipeTest.java
3a57bda49c218895a2be9f5053671d435840abd4c4079f4a1e5eed89becf0813	11065	ic0/trials/producer-v1/project/src/test/resources/before/m3/tooling/migration-recipes/src/test/java/com/m3/rewrite/scope/M3ScopeCoverageClosureTest.java
38ed8c01c6982fa4a52ea155c2e9652dfe45f317d8ae994c17fba01c7309fbda	18328	ic0/trials/producer-v1/project/src/test/resources/before/m3/tooling/migration-recipes/src/test/resources/com/m3/rewrite/atom/spectrum/CORPUS.tsv
bfee3b40a52cc27a3848f273dd7917e8126a08dcb7bc3d8ddb85ec52e479ea69	2261	ic0/trials/producer-v1/project/src/test/resources/before/m3/tooling/recipe-catalogue.tsv
9a502392c96175e025bbd992fd15482ef2cf0ee4a2ca083a293d5fd41e6448ce	76254	ic0/trials/producer-v1/project/src/test/resources/before/src/java.base/share/classes/java/lang/AbstractStringBuilder.java
808d8dec8da41e93dbe938081c36750a6d36c96a4b2dcd90d2558a7b5d0ebd47	24085	ic0/trials/producer-v1/project/src/test/resources/before/src/java.base/share/classes/java/util/stream/Gatherer.java
6115dd7015fe6680ef597a7cc3ec5b0c06eccc7259aa5bd4899454b5af624f1d	31455	ic0/trials/producer-v1/project/src/test/resources/before/src/java.base/share/classes/java/util/stream/Gatherers.java
eb1bd5ac55a99540b1516656041310ecf56c1a8dd20a8eb1fd599318b5647cf2	14652	ic0/trials/producer-v1/project/src/test/resources/before/test/jdk/java/util/stream/GatherersMapConcurrentTest.java
0c604b7af2a6452b39904b7f0756fdd5e4e4d723d48f590627b3b1d807746880	299	ic0/trials/producer-v1/project/target/classes/META-INF/rewrite/ic0-aad.yml
c1ab214a10ab317018ae4cc1f869352ff1d76f049f4faebbee696f691be22bf0	299	ic0/trials/producer-v1/project/target/classes/META-INF/rewrite/ic0-aca.yml
1ba8035f242159e2b81f35f22f11525bd47146d1026a39fd8b5d57a032a6173e	299	ic0/trials/producer-v1/project/target/classes/META-INF/rewrite/ic0-acs.yml
5743aaa8366d3b8a48e24e2a9f79b2bc47d6730ea77e238c720fdd4762554b50	299	ic0/trials/producer-v1/project/target/classes/META-INF/rewrite/ic0-agt.yml
7d5356930f83356b46d85b5f78b0f3bfa45bb234edc5b4bb5a05f1d79ca38444	299	ic0/trials/producer-v1/project/target/classes/META-INF/rewrite/ic0-amb.yml
cf3d71ff3bf8a1594bbef42c368d13395635ac94024b75fbb601b2bbacc4abd7	299	ic0/trials/producer-v1/project/target/classes/META-INF/rewrite/ic0-amc.yml
a0ad526a0f49864dcaeff71b36b6297c9d3f9713c363432dcf83bf5b1708e8e4	299	ic0/trials/producer-v1/project/target/classes/META-INF/rewrite/ic0-aml.yml
e0cb6b3adbb942f0c85e81a6305941551ee823726444c81260773497cf0d6a0b	299	ic0/trials/producer-v1/project/target/classes/META-INF/rewrite/ic0-ard.yml
8fe9e8db356b59e0653e4b751f9a50be5e32ec781cab32102d986346150e2503	299	ic0/trials/producer-v1/project/target/classes/META-INF/rewrite/ic0-arm.yml
f8b3ad9ac58ed681f30262ad259ebf411bcbdac321f47b20db48520e98889df3	299	ic0/trials/producer-v1/project/target/classes/META-INF/rewrite/ic0-arr.yml
4c0c9997e43d75e3a51b5919120e2c781bd66465a5a349dc4f9ae6813ecd0e87	299	ic0/trials/producer-v1/project/target/classes/META-INF/rewrite/ic0-avp.yml
d9c88f5a4f828e08f6d058faca47421e7b01563ce3b45e64eae9942cff1d09e9	299	ic0/trials/producer-v1/project/target/classes/META-INF/rewrite/ic0-avr.yml
535e1707cecab980ae1b6350bd0a6ebcf63519abd303f6623c1419519fd8ac14	299	ic0/trials/producer-v1/project/target/classes/META-INF/rewrite/ic0-awb.yml
b8c06e67d98ff88d9c5c7c4269500a3c5d028e77c497b751756f9e71513c62db	299	ic0/trials/producer-v1/project/target/classes/META-INF/rewrite/ic0-awd.yml
1d17ab5d1321e05d1a802980eb78d7f3826d728f5b9c57d00644b2d17f0ca6f5	299	ic0/trials/producer-v1/project/target/classes/META-INF/rewrite/ic0-awr.yml
9ac8a77012470e078d1661251e14fef529983f07993e2d8220fafea93ad3f992	299	ic0/trials/producer-v1/project/target/classes/META-INF/rewrite/ic0-cgo.yml
2e02f1c87218288908a1c8f7caf4000e0a09526092ad8e0b239829fd5c649f1a	299	ic0/trials/producer-v1/project/target/classes/META-INF/rewrite/ic0-cib.yml
73a504f132168f85064e33e4c39bb7f99b919e0f803590ddda142aa2c8e90006	299	ic0/trials/producer-v1/project/target/classes/META-INF/rewrite/ic0-ciw.yml
7b4111714397bd599688bc06f350088e77e2cfa881591854c4353ada683c80f4	299	ic0/trials/producer-v1/project/target/classes/META-INF/rewrite/ic0-cmp.yml
8b8bae147b5c0bce7a839d624c142b9add9a5855c1ab62fa6c1063d6ddd106ba	299	ic0/trials/producer-v1/project/target/classes/META-INF/rewrite/ic0-cor.yml
9b33fa9115154bd78f495120744fe2692de708d454d4e9ecdc2564b83b9f8446	299	ic0/trials/producer-v1/project/target/classes/META-INF/rewrite/ic0-cri.yml
04e72853f464d84747e6a8dfee4183765b6c77edc2dc036e0a2b0167cea7d4d2	299	ic0/trials/producer-v1/project/target/classes/META-INF/rewrite/ic0-dgc.yml
fa601958457ff53dc279c3ee9fa48f0d24271dc19d0a523c16bf77d1c59f839c	299	ic0/trials/producer-v1/project/target/classes/META-INF/rewrite/ic0-fnd.yml
6fbbfa680c965cb25eca2337a7c0ba84ef23761f64ef3f839cbc78da575e9be5	299	ic0/trials/producer-v1/project/target/classes/META-INF/rewrite/ic0-gpc.yml
90db450a4e16bd0b7a76c836f01856f66ecfe23aad2ddccfacb236bbfe586095	299	ic0/trials/producer-v1/project/target/classes/META-INF/rewrite/ic0-hct.yml
9991a9390481d760cc2f74176fc7c1c723e9c0dd4b809f9d6fedfa68d8969251	299	ic0/trials/producer-v1/project/target/classes/META-INF/rewrite/ic0-hts.yml
eb2da19d2894d3bb8d40d681b05d0ce551bce1eb4bf12e51c265cfe1c3898b9f	299	ic0/trials/producer-v1/project/target/classes/META-INF/rewrite/ic0-ipr.yml
c39085343c51c602f49ef3c028f043f6347777b3a18b20ef304cf47f57cbff1b	299	ic0/trials/producer-v1/project/target/classes/META-INF/rewrite/ic0-jgr.yml
e469ca513b39d34ccae8f892da94cf4607492b2f6686254cb5c4464674c7b393	299	ic0/trials/producer-v1/project/target/classes/META-INF/rewrite/ic0-jma.yml
54bb2566e0523c38d3ea2d0a602918c6a0723434d9839d09dea330f2ad40a4a7	299	ic0/trials/producer-v1/project/target/classes/META-INF/rewrite/ic0-jop.yml
1dba50bbc7cf069ca5d42d8ef889b18144d3e54ed0e47424bed9f8188665015d	299	ic0/trials/producer-v1/project/target/classes/META-INF/rewrite/ic0-nul.yml
ad7008b466e9601c3a3ee090b1955ea276085825db703835a93c83eeacf7daa8	2308	ic0/trials/producer-v1/project/target/classes/META-INF/rewrite/ic0-orders.yml
d891d23663b1399d7c71f4569e01fc026e13b7928edc176dafe9c0c99ae91eca	299	ic0/trials/producer-v1/project/target/classes/META-INF/rewrite/ic0-pcd.yml
b8657823c20470617557c8b6508f226e13cda2f8f0aee7e5ffcb80a0f7a7a420	299	ic0/trials/producer-v1/project/target/classes/META-INF/rewrite/ic0-pco.yml
46568cdbbeb65963aa290f9fe1780b201d95d03ffad733362629b27c26694497	299	ic0/trials/producer-v1/project/target/classes/META-INF/rewrite/ic0-pcw.yml
da9c1d79a4295c2a63e7f4b9a289620bfd165ad3ea2b8a7b168565b0e2e6447c	299	ic0/trials/producer-v1/project/target/classes/META-INF/rewrite/ic0-scp.yml
3c58e252ae20501b4258f6d7d016e51340e20d0273887a52c96ebddfe3dad996	299	ic0/trials/producer-v1/project/target/classes/META-INF/rewrite/ic0-sdc.yml
d1386ec5616bd2570de480991e84880c8f6c2992b0d03f1f93bca63135832f5f	225	ic0/trials/producer-v1/project/target/classes/com/m3/rewrite/backport/jdk21-hash-pinned-text/ic0-aad/manifest.tsv
f28d3cd66fdb757b819dc8ad264a9097eb770f1d25995698ca12e6387cd9bd5d	3078	ic0/trials/producer-v1/project/target/classes/com/m3/rewrite/backport/jdk21-hash-pinned-text/ic0-aad/target-1.txt
eb8ca3340f628e3955d9bea0cfa7d6c0dca5cf0623f85d82335b1c68380a000e	2540	ic0/trials/producer-v1/project/target/classes/com/m3/rewrite/backport/jdk21-hash-pinned-text/ic0-aad/target-2.txt
89d7df5d0190e71b6fb69797fe848b37f5ffb09e274f020135e0df948488782a	1306	ic0/trials/producer-v1/project/target/classes/com/m3/rewrite/backport/jdk21-hash-pinned-text/ic0-aca/manifest.tsv
0de471de5a54e1c87153e4b1c23c4013a800f07595cfc05eec7bd4e68f1345d6	10008	ic0/trials/producer-v1/project/target/classes/com/m3/rewrite/backport/jdk21-hash-pinned-text/ic0-aca/target-1.txt
8922e21e4f814dc99282cf1828786a0347552454003e23ac2fa91aa8710851b1	4466	ic0/trials/producer-v1/project/target/classes/com/m3/rewrite/backport/jdk21-hash-pinned-text/ic0-aca/target-2.txt
a53bdeee8afe28b90cb0e348e718b70610a9487edb1b75b46e09bfb76e0f3dc9	3522	ic0/trials/producer-v1/project/target/classes/com/m3/rewrite/backport/jdk21-hash-pinned-text/ic0-aca/target-3.txt
521a7f07e59f507e0ce3193a3d0c7540c232a37c74128d954b52670677498241	2338	ic0/trials/producer-v1/project/target/classes/com/m3/rewrite/backport/jdk21-hash-pinned-text/ic0-aca/target-4.txt
0de471de5a54e1c87153e4b1c23c4013a800f07595cfc05eec7bd4e68f1345d6	10008	ic0/trials/producer-v1/project/target/classes/com/m3/rewrite/backport/jdk21-hash-pinned-text/ic0-aca/target-5.txt
8922e21e4f814dc99282cf1828786a0347552454003e23ac2fa91aa8710851b1	4466	ic0/trials/producer-v1/project/target/classes/com/m3/rewrite/backport/jdk21-hash-pinned-text/ic0-aca/target-6.txt
7d443b17756355cb16d4871d68372194661aafb26cc650d15a71e6ba343d3d6f	712	ic0/trials/producer-v1/project/target/classes/com/m3/rewrite/backport/jdk21-hash-pinned-text/ic0-acs/manifest.tsv
c0ff0c45cf310f233a18e163682d0c12876694a93b1f39a332ecf9e125c82c55	7750	ic0/trials/producer-v1/project/target/classes/com/m3/rewrite/backport/jdk21-hash-pinned-text/ic0-acs/target-1.txt
c0ff0c45cf310f233a18e163682d0c12876694a93b1f39a332ecf9e125c82c55	7750	ic0/trials/producer-v1/project/target/classes/com/m3/rewrite/backport/jdk21-hash-pinned-text/ic0-acs/target-2.txt
0bff4ddf1d6a002510903127bc56c7a2921bfa5851ac8217007eb3699b9febac	734	ic0/trials/producer-v1/project/target/classes/com/m3/rewrite/backport/jdk21-hash-pinned-text/ic0-acs/target-3.txt
49cc5867de7b3e55e3532558606cfcb13bd06b256d36314de3d668d630650e17	634	ic0/trials/producer-v1/project/target/classes/com/m3/rewrite/backport/jdk21-hash-pinned-text/ic0-agt/manifest.tsv
de69a27d63c8591bce12967b82d01cd407d3e7a450ddf65fe8636d61616a4be7	20534	ic0/trials/producer-v1/project/target/classes/com/m3/rewrite/backport/jdk21-hash-pinned-text/ic0-agt/target-1.txt
4153ba0405d19e1b49762ec2c1cdd6c42971e000f0660c674587d8611336ef14	6575	ic0/trials/producer-v1/project/target/classes/com/m3/rewrite/backport/jdk21-hash-pinned-text/ic0-agt/target-2.txt
de69a27d63c8591bce12967b82d01cd407d3e7a450ddf65fe8636d61616a4be7	20534	ic0/trials/producer-v1/project/target/classes/com/m3/rewrite/backport/jdk21-hash-pinned-text/ic0-agt/target-3.txt
4153ba0405d19e1b49762ec2c1cdd6c42971e000f0660c674587d8611336ef14	6575	ic0/trials/producer-v1/project/target/classes/com/m3/rewrite/backport/jdk21-hash-pinned-text/ic0-agt/target-4.txt
07c82862622f587d850e42928e6972df02d549208e94d5742cb511be2f5e40ba	556	ic0/trials/producer-v1/project/target/classes/com/m3/rewrite/backport/jdk21-hash-pinned-text/ic0-amb/manifest.tsv
6d9ec887c87898167748ca5f77598f95a6784cfaf14882f4983733c006374b77	5127	ic0/trials/producer-v1/project/target/classes/com/m3/rewrite/backport/jdk21-hash-pinned-text/ic0-amb/target-1.txt
c212736f000836cb782a5ff81fd2de48e67d36ea4b3bd53cf7743c4aadbfdaf6	16196	ic0/trials/producer-v1/project/target/classes/com/m3/rewrite/backport/jdk21-hash-pinned-text/ic0-amb/target-2.txt
351eeac06154189e79f3d139336437d5911da5721c9a95a779ebd5d511997d9c	6117	ic0/trials/producer-v1/project/target/classes/com/m3/rewrite/backport/jdk21-hash-pinned-text/ic0-amb/target-3.txt
86f114bcb03dc7df22a6a1bcea80ad1f7e7030e5b0cb481b7eadff6a12ba32da	405	ic0/trials/producer-v1/project/target/classes/com/m3/rewrite/backport/jdk21-hash-pinned-text/ic0-amc/manifest.tsv
78eb9fd9168850dd0908621385ad6246acc4690ea375ecace754205708f81edc	9874	ic0/trials/producer-v1/project/target/classes/com/m3/rewrite/backport/jdk21-hash-pinned-text/ic0-amc/target-1.txt
87c9ab22a66c6289325e4f612967e5921fc922240cd7cd1b7c5986b506fda390	10108	ic0/trials/producer-v1/project/target/classes/com/m3/rewrite/backport/jdk21-hash-pinned-text/ic0-amc/target-2.txt
a7887d62f0caf5f6ae9750622ed09129536b9b9a3da31c057cac35117a7621de	6319	ic0/trials/producer-v1/project/target/classes/com/m3/rewrite/backport/jdk21-hash-pinned-text/ic0-amc/target-3.txt
ec4632138062740f3bea0f050661a176ea356b3734934c7856331dcbc3b21937	577	ic0/trials/producer-v1/project/target/classes/com/m3/rewrite/backport/jdk21-hash-pinned-text/ic0-aml/manifest.tsv
a320a7da28264c23120e6296e376822f9795d4735084299701613d41c4e0ca2b	6088	ic0/trials/producer-v1/project/target/classes/com/m3/rewrite/backport/jdk21-hash-pinned-text/ic0-aml/target-1.txt
d45a759b1f51e117af486d9c8b66ca7e9ab8bfeb1764b619680cf4441d759e87	17041	ic0/trials/producer-v1/project/target/classes/com/m3/rewrite/backport/jdk21-hash-pinned-text/ic0-aml/target-2.txt
48dfc6ab7c68ad7d3342dda8d0086e1f7ec74dce4a7b1943d4ff7e0b32d8c52b	7131	ic0/trials/producer-v1/project/target/classes/com/m3/rewrite/backport/jdk21-hash-pinned-text/ic0-aml/target-3.txt
19091afaeb78b0c2aa57d2c57a8197e0a27dee9470f0458c4c10632c1037b2da	731	ic0/trials/producer-v1/project/target/classes/com/m3/rewrite/backport/jdk21-hash-pinned-text/ic0-ard/manifest.tsv
3a17ae820b3962b8b3481e1c96217f593c348643d5cbd5f3a3c6dae218aa9683	506	ic0/trials/producer-v1/project/target/classes/com/m3/rewrite/backport/jdk21-hash-pinned-text/ic0-ard/target-1.txt
c29d8a05ff2ff6b7e684c276b070a439c6a3ef145671f26ad6a77a8cf09d4c0a	519	ic0/trials/producer-v1/project/target/classes/com/m3/rewrite/backport/jdk21-hash-pinned-text/ic0-ard/target-2.txt
f8e225a3cc43fdb8e56534a78997760774601deafc95a05c87d5975ed5cb5aad	5927	ic0/trials/producer-v1/project/target/classes/com/m3/rewrite/backport/jdk21-hash-pinned-text/ic0-ard/target-3.txt
a8e7c77c57e9b9517cc14b8659e8b46e2cce11b29ea7ac0a35c80ab8ac7e8c48	5716	ic0/trials/producer-v1/project/target/classes/com/m3/rewrite/backport/jdk21-hash-pinned-text/ic0-ard/target-4.txt
39336b3be2d437740a281d3ce3fbda8cd61d0e6e5ebc1e821b98518e1464c5d7	1696	ic0/trials/producer-v1/project/target/classes/com/m3/rewrite/backport/jdk21-hash-pinned-text/ic0-arm/manifest.tsv
acc1f301aef53281ccbb26c78921537de99f98bc3f401906f5be658c761f62ef	6447	ic0/trials/producer-v1/project/target/classes/com/m3/rewrite/backport/jdk21-hash-pinned-text/ic0-arm/target-1.txt
19f7e3fb8c5f4332ab721d1962ab9cac261c524a10d9d91272346636fbe86ada	7516	ic0/trials/producer-v1/project/target/classes/com/m3/rewrite/backport/jdk21-hash-pinned-text/ic0-arm/target-2.txt
acc1f301aef53281ccbb26c78921537de99f98bc3f401906f5be658c761f62ef	6447	ic0/trials/producer-v1/project/target/classes/com/m3/rewrite/backport/jdk21-hash-pinned-text/ic0-arm/target-3.txt
19f7e3fb8c5f4332ab721d1962ab9cac261c524a10d9d91272346636fbe86ada	7516	ic0/trials/producer-v1/project/target/classes/com/m3/rewrite/backport/jdk21-hash-pinned-text/ic0-arm/target-4.txt
e7a96b1290ead86d3861f0388423504078cc8f66f10303f73e0a7d44a6e5776b	658	ic0/trials/producer-v1/project/target/classes/com/m3/rewrite/backport/jdk21-hash-pinned-text/ic0-arm/target-5.txt
f34470a701cf71b4b4abbe1fa9a5091392a930426ec84d700f13e53edd244629	5380	ic0/trials/producer-v1/project/target/classes/com/m3/rewrite/backport/jdk21-hash-pinned-text/ic0-arm/target-6.txt
3f3ab065d9e87e9f6095629a56b052642ec9d0883a466430e90a4a4355edd05b	4975	ic0/trials/producer-v1/project/target/classes/com/m3/rewrite/backport/jdk21-hash-pinned-text/ic0-arm/target-7.txt
e99545b056b2ee220e71627ae06755317dc12416b626d118140b6efcba38402b	1442	ic0/trials/producer-v1/project/target/classes/com/m3/rewrite/backport/jdk21-hash-pinned-text/ic0-arr/manifest.tsv
a320a7da28264c23120e6296e376822f9795d4735084299701613d41c4e0ca2b	6088	ic0/trials/producer-v1/project/target/classes/com/m3/rewrite/backport/jdk21-hash-pinned-text/ic0-arr/target-1.txt
d45a759b1f51e117af486d9c8b66ca7e9ab8bfeb1764b619680cf4441d759e87	17041	ic0/trials/producer-v1/project/target/classes/com/m3/rewrite/backport/jdk21-hash-pinned-text/ic0-arr/target-2.txt
48dfc6ab7c68ad7d3342dda8d0086e1f7ec74dce4a7b1943d4ff7e0b32d8c52b	7131	ic0/trials/producer-v1/project/target/classes/com/m3/rewrite/backport/jdk21-hash-pinned-text/ic0-arr/target-3.txt
78eb9fd9168850dd0908621385ad6246acc4690ea375ecace754205708f81edc	9874	ic0/trials/producer-v1/project/target/classes/com/m3/rewrite/backport/jdk21-hash-pinned-text/ic0-arr/target-4.txt
87c9ab22a66c6289325e4f612967e5921fc922240cd7cd1b7c5986b506fda390	10108	ic0/trials/producer-v1/project/target/classes/com/m3/rewrite/backport/jdk21-hash-pinned-text/ic0-arr/target-5.txt
a7887d62f0caf5f6ae9750622ed09129536b9b9a3da31c057cac35117a7621de	6319	ic0/trials/producer-v1/project/target/classes/com/m3/rewrite/backport/jdk21-hash-pinned-text/ic0-arr/target-6.txt
948e5e29a8912cd2def07610d281e35d5ebeac4a95ba7f2c77ac1fb8ba9c9bb4	926	ic0/trials/producer-v1/project/target/classes/com/m3/rewrite/backport/jdk21-hash-pinned-text/ic0-arr/target-7.txt
8a0b1cc6913250370e5ec724876f270b01da80c3a060ec7d66f7fe6b07bbd2d7	598	ic0/trials/producer-v1/project/target/classes/com/m3/rewrite/backport/jdk21-hash-pinned-text/ic0-avp/manifest.tsv
ed492007ff21c2166a17c0a4162cc9cdb775c744d54215d32bba736bcc1067aa	150	ic0/trials/producer-v1/project/target/classes/com/m3/rewrite/backport/jdk21-hash-pinned-text/ic0-avp/target-1.txt
b7d67c2492a2de593aaeebe47ce6bbf657a0ab0b1d59349866ccb7d835208ac8	4531	ic0/trials/producer-v1/project/target/classes/com/m3/rewrite/backport/jdk21-hash-pinned-text/ic0-avp/target-2.txt
27308b049acc122f62f9cb9a9a679a94640952c423b04495c0ef5b9a2c824ec1	3633	ic0/trials/producer-v1/project/target/classes/com/m3/rewrite/backport/jdk21-hash-pinned-text/ic0-avp/target-3.txt
64ee61c5460513b0d2e13be1407ae368f22528c8b6dba9ffc23ceb978acda9fe	691	ic0/trials/producer-v1/project/target/classes/com/m3/rewrite/backport/jdk21-hash-pinned-text/ic0-avr/manifest.tsv
eb28c15b30a454a2e7a10c6a99791e101f811248762ce7f5104d322b9c2773d6	7506	ic0/trials/producer-v1/project/target/classes/com/m3/rewrite/backport/jdk21-hash-pinned-text/ic0-avr/target-1.txt
f0f9ce2d1252cc5ab0de210f1f06623227db7b702961c5aecf966ad12b3041e5	564	ic0/trials/producer-v1/project/target/classes/com/m3/rewrite/backport/jdk21-hash-pinned-text/ic0-avr/target-2.txt
2d5e39a2d1dcdc37f5008929f72de335ae96d6408a3516f8246f956f7c43b2d5	2995	ic0/trials/producer-v1/project/target/classes/com/m3/rewrite/backport/jdk21-hash-pinned-text/ic0-avr/target-3.txt
990ac79aad3fcc1d7df181a57504a29d39025f7c3effe15e7794644c889832a7	5952	ic0/trials/producer-v1/project/target/classes/com/m3/rewrite/backport/jdk21-hash-pinned-text/ic0-avr/target-4.txt
8b9f6945a0f73947008d67771a27a0b5de3f1e4929538f4fb13c9bdc04874ac4	966	ic0/trials/producer-v1/project/target/classes/com/m3/rewrite/backport/jdk21-hash-pinned-text/ic0-awb/manifest.tsv
d9d39747f40bb5eff6ba8639e1e5d0554f0223cc94c09443fe1b2054aac9c3d6	5171	ic0/trials/producer-v1/project/target/classes/com/m3/rewrite/backport/jdk21-hash-pinned-text/ic0-awb/target-1.txt
01a428a662ffbdbd22dcd39d1fea7b69084ce34cada0bb5582b8c3686615750d	3974	ic0/trials/producer-v1/project/target/classes/com/m3/rewrite/backport/jdk21-hash-pinned-text/ic0-awb/target-2.txt
9c5177ee233ee5335131c9106b7a6faa0041b1cd09e9385e36909d8c6365cf87	8267	ic0/trials/producer-v1/project/target/classes/com/m3/rewrite/backport/jdk21-hash-pinned-text/ic0-awb/target-3.txt
27308b049acc122f62f9cb9a9a679a94640952c423b04495c0ef5b9a2c824ec1	3633	ic0/trials/producer-v1/project/target/classes/com/m3/rewrite/backport/jdk21-hash-pinned-text/ic0-awb/target-4.txt
b408f0b8d0e4d6e197230e3cb1469d14e0d52aecd33ac55c71f11d513d6e23ec	10881	ic0/trials/producer-v1/project/target/classes/com/m3/rewrite/backport/jdk21-hash-pinned-text/ic0-awb/target-5.txt
af2684a3af82b6cbebf718bbe59808af8c7ef1b1de52fdcf42a0d90efecc8649	943	ic0/trials/producer-v1/project/target/classes/com/m3/rewrite/backport/jdk21-hash-pinned-text/ic0-awd/manifest.tsv
12bb0deb1e9536235a106474865faea7262389dea72150ce6a7cf7e8c65f9c46	2100	ic0/trials/producer-v1/project/target/classes/com/m3/rewrite/backport/jdk21-hash-pinned-text/ic0-awd/target-1.txt
e2224918c07412ab448140f4f842224629c3b4fb72a04b41a592f7c627e83775	11744	ic0/trials/producer-v1/project/target/classes/com/m3/rewrite/backport/jdk21-hash-pinned-text/ic0-awd/target-2.txt
149d1d4ccc6fa531425597eadbc759378366108fef57bb6e8a8b27b70477dcd1	5550	ic0/trials/producer-v1/project/target/classes/com/m3/rewrite/backport/jdk21-hash-pinned-text/ic0-awd/target-3.txt
269cba753f97c8903446fcba3db0a056557ab92b9e7d545cea8461c0afbeb877	5105	ic0/trials/producer-v1/project/target/classes/com/m3/rewrite/backport/jdk21-hash-pinned-text/ic0-awd/target-4.txt
5b611c1a9c486e36698fce1112d8e876cb98e465ef6c291d7aa94409c6242e18	8625	ic0/trials/producer-v1/project/target/classes/com/m3/rewrite/backport/jdk21-hash-pinned-text/ic0-awd/target-5.txt
faed3fa2e7103aaca8dca51b7bd9660453276d5ba424120c9b5537e5d617c194	5456	ic0/trials/producer-v1/project/target/classes/com/m3/rewrite/backport/jdk21-hash-pinned-text/ic0-awd/target-6.txt
018bc7d7ad2c11e7a284ef8adc77299f884237a0d4c0e2fadc7c0cc92b2bcda8	1332	ic0/trials/producer-v1/project/target/classes/com/m3/rewrite/backport/jdk21-hash-pinned-text/ic0-awr/manifest.tsv
149d1d4ccc6fa531425597eadbc759378366108fef57bb6e8a8b27b70477dcd1	5550	ic0/trials/producer-v1/project/target/classes/com/m3/rewrite/backport/jdk21-hash-pinned-text/ic0-awr/target-1.txt
269cba753f97c8903446fcba3db0a056557ab92b9e7d545cea8461c0afbeb877	5105	ic0/trials/producer-v1/project/target/classes/com/m3/rewrite/backport/jdk21-hash-pinned-text/ic0-awr/target-2.txt
5b611c1a9c486e36698fce1112d8e876cb98e465ef6c291d7aa94409c6242e18	8625	ic0/trials/producer-v1/project/target/classes/com/m3/rewrite/backport/jdk21-hash-pinned-text/ic0-awr/target-3.txt
4ff049c2f7b0e8eb01aa6eb643f7588caea10b1e544653f78f68fe9566e88951	825	ic0/trials/producer-v1/project/target/classes/com/m3/rewrite/backport/jdk21-hash-pinned-text/ic0-awr/target-4.txt
d3cce7617f65ba818df045502f41917b5b9bef1c5b3b848ae3bee03ce949ae79	4558	ic0/trials/producer-v1/project/target/classes/com/m3/rewrite/backport/jdk21-hash-pinned-text/ic0-awr/target-5.txt
e2224918c07412ab448140f4f842224629c3b4fb72a04b41a592f7c627e83775	11744	ic0/trials/producer-v1/project/target/classes/com/m3/rewrite/backport/jdk21-hash-pinned-text/ic0-awr/target-6.txt
2d3f548908ebd33f2e93d516cd94e19830dbddf79468d9a8c0ff67b42d38e049	1316	ic0/trials/producer-v1/project/target/classes/com/m3/rewrite/backport/jdk21-hash-pinned-text/ic0-cgo/manifest.tsv
4c86fb6ddc117ed481309811887df97233803c708dd19b599516e229cddf4178	5159	ic0/trials/producer-v1/project/target/classes/com/m3/rewrite/backport/jdk21-hash-pinned-text/ic0-cgo/target-1.txt
6f23e04cf11046fd90452740d549e55c3f12dfb785036137886739d73539844f	344	ic0/trials/producer-v1/project/target/classes/com/m3/rewrite/backport/jdk21-hash-pinned-text/ic0-cgo/target-2.txt
99a26f393466db29e3a2cd36727eb906e9b40dc68df663e95a0174e00067b624	3174	ic0/trials/producer-v1/project/target/classes/com/m3/rewrite/backport/jdk21-hash-pinned-text/ic0-cgo/target-3.txt
77ee719e75092e9b9ee765bfce2b7cb9a14b40814aa8be15c1aaea5b211016c2	395	ic0/trials/producer-v1/project/target/classes/com/m3/rewrite/backport/jdk21-hash-pinned-text/ic0-cgo/target-4.txt
02131ab6cc2ca7c58f95e5791f05e70ef2315de552763a7d6f96fb5838074fcc	8715	ic0/trials/producer-v1/project/target/classes/com/m3/rewrite/backport/jdk21-hash-pinned-text/ic0-cgo/target-5.txt
828164ada2300dbd8935a6ac34992d47be8f8c2f211ca5d3950fa7916550acf1	2247	ic0/trials/producer-v1/project/target/classes/com/m3/rewrite/backport/jdk21-hash-pinned-text/ic0-cgo/target-6.txt
9ddb6eb1dbc4b618f0cd3817ed5f03f4eecd7202dead3e762f640a93c82456e2	374	ic0/trials/producer-v1/project/target/classes/com/m3/rewrite/backport/jdk21-hash-pinned-text/ic0-cib/manifest.tsv
ead40f30276be985b00c2280a3ae41f23e6c1f0a4fc641dd617ff367d5c3c77c	15862	ic0/trials/producer-v1/project/target/classes/com/m3/rewrite/backport/jdk21-hash-pinned-text/ic0-cib/target-1.txt
486b0a3980fa727a668d8c30d784f26400cf024516fc10f629aec398427c40f9	6325	ic0/trials/producer-v1/project/target/classes/com/m3/rewrite/backport/jdk21-hash-pinned-text/ic0-cib/target-2.txt
556d7744fc7af55e1ef7ee66012872f40633daf0afb030657bb06fcfa1bb8587	529	ic0/trials/producer-v1/project/target/classes/com/m3/rewrite/backport/jdk21-hash-pinned-text/ic0-ciw/manifest.tsv
b0ed1b1f29b0c2e8cec3114852f48f8ed7d2f2e3edd77a8df17788eccf6d6deb	4428	ic0/trials/producer-v1/project/target/classes/com/m3/rewrite/backport/jdk21-hash-pinned-text/ic0-ciw/target-1.txt
da68bc2e110f1e6cfcadef240393c121c86a8bcc3341202a900e2c8e3466e1b5	57323	ic0/trials/producer-v1/project/target/classes/com/m3/rewrite/backport/jdk21-hash-pinned-text/ic0-ciw/target-2.txt
a716b1128c5796a553e14c520deb07795d0394229496eb67b93de07913e3126d	9662	ic0/trials/producer-v1/project/target/classes/com/m3/rewrite/backport/jdk21-hash-pinned-text/ic0-ciw/target-3.txt
fc0e4aa46859f49c3c8e914b95243b279bbd2a0e7737f6535d8947b769153a2f	15213	ic0/trials/producer-v1/project/target/classes/com/m3/rewrite/backport/jdk21-hash-pinned-text/ic0-ciw/target-4.txt
9ff6c0ec93be56758814de6a2464e063ff49fd821eaa497ecd8b974ac235821b	169	ic0/trials/producer-v1/project/target/classes/com/m3/rewrite/backport/jdk21-hash-pinned-text/ic0-cmp/manifest.tsv
cf6a75806908fee920ecbf7bbe548182f1d9db179e9cc554e36739b1c45a6e6c	423495	ic0/trials/producer-v1/project/target/classes/com/m3/rewrite/backport/jdk21-hash-pinned-text/ic0-cmp/target-1.txt
f6ae4f6ec95f8a238bf65313858d242f5b32c495bba2091d1b3ea9a964919974	231	ic0/trials/producer-v1/project/target/classes/com/m3/rewrite/backport/jdk21-hash-pinned-text/ic0-cor/manifest.tsv
dde797e49266f4d89ec271cb705f238a72d26e95e5e5865c6b608d924fde9d0d	18329	ic0/trials/producer-v1/project/target/classes/com/m3/rewrite/backport/jdk21-hash-pinned-text/ic0-cor/target-1.txt
d8ba52bee5619c7f5dc95fadbb84217436e2e337d2c1f8c08a82e4a7da977925	211	ic0/trials/producer-v1/project/target/classes/com/m3/rewrite/backport/jdk21-hash-pinned-text/ic0-cri/manifest.tsv
2940fa6f37604db870c625d5d4745b1b8e3c615db172d91b5815d5668beaa057	684	ic0/trials/producer-v1/project/target/classes/com/m3/rewrite/backport/jdk21-hash-pinned-text/ic0-cri/target-1.txt
64415c0ae5a5ba87ed9c830bfbafd2596fc7d2cad32be4638a31128f1c2713be	1627	ic0/trials/producer-v1/project/target/classes/com/m3/rewrite/backport/jdk21-hash-pinned-text/ic0-dgc/manifest.tsv
59a09aaec010cade4f24d4ef8163e412e63c3a8664d1fef155f7b87a309137ce	6189	ic0/trials/producer-v1/project/target/classes/com/m3/rewrite/backport/jdk21-hash-pinned-text/ic0-dgc/target-1.txt
7741718f54913038f45c4dd552c9891a9d2ada3b3d55189910a54d30954a7120	2377	ic0/trials/producer-v1/project/target/classes/com/m3/rewrite/backport/jdk21-hash-pinned-text/ic0-dgc/target-2.txt
d9abd0532c48169e7e890381bbea022577091d852c366d94ce00c149053efc49	1003	ic0/trials/producer-v1/project/target/classes/com/m3/rewrite/backport/jdk21-hash-pinned-text/ic0-dgc/target-3.txt
885492be4de4d8a12d345c272fc5ecc897150fd823aaedbc4a770c424044b3e3	1575	ic0/trials/producer-v1/project/target/classes/com/m3/rewrite/backport/jdk21-hash-pinned-text/ic0-dgc/target-4.txt
fcece5585c961f7c67bfac9fbc3f6d2bb5cdd9a12bccceaa70c6e384ee540f1d	1695	ic0/trials/producer-v1/project/target/classes/com/m3/rewrite/backport/jdk21-hash-pinned-text/ic0-dgc/target-5.txt
cad129631f107efe062a8850e0c8a6a9bc98875142742d4f3c18dd745b29393d	13835	ic0/trials/producer-v1/project/target/classes/com/m3/rewrite/backport/jdk21-hash-pinned-text/ic0-dgc/target-6.txt
d4470dc68c4259b599ceb67cf403cb127945f9c0f5215ba400399a689efd8c6d	12586	ic0/trials/producer-v1/project/target/classes/com/m3/rewrite/backport/jdk21-hash-pinned-text/ic0-dgc/target-7.txt
3e1e1d16d6cea44d0dfda5557ac7748234886843398571a4c2ac23d5b0b0cf7f	577	ic0/trials/producer-v1/project/target/classes/com/m3/rewrite/backport/jdk21-hash-pinned-text/ic0-fnd/manifest.tsv
b43095e303e839df207d76a8ae94bdbaf6fa3a05d158335566c929ba8357c283	2759	ic0/trials/producer-v1/project/target/classes/com/m3/rewrite/backport/jdk21-hash-pinned-text/ic0-fnd/target-1.txt
7d1c50f1340f811f48e17a64b0674fcf631219f69c7878531602b09310beb198	79534	ic0/trials/producer-v1/project/target/classes/com/m3/rewrite/backport/jdk21-hash-pinned-text/ic0-fnd/target-2.txt
acd49abfe66383ae325ced5adf371716f76eb164749ddb2e19a0dcf5638a4e96	8723	ic0/trials/producer-v1/project/target/classes/com/m3/rewrite/backport/jdk21-hash-pinned-text/ic0-fnd/target-3.txt
924f82ab0df19c7c24a9c208c93880fab36da2c9216572c33b4219d6c0208f64	16970	ic0/trials/producer-v1/project/target/classes/com/m3/rewrite/backport/jdk21-hash-pinned-text/ic0-fnd/target-4.txt
b7ae7304902b40ce7dd730cadd434077d1afa1852579aa18a457e85d13bd0773	1753	ic0/trials/producer-v1/project/target/classes/com/m3/rewrite/backport/jdk21-hash-pinned-text/ic0-gpc/manifest.tsv
107e583af7e846ea83774cc681e649e52fa6edef571165dcd717200cd720898f	24060	ic0/trials/producer-v1/project/target/classes/com/m3/rewrite/backport/jdk21-hash-pinned-text/ic0-gpc/target-1.txt
c63219a36e3898c8c5bd14886582bacc675099a4bdaa08964bac6ae724a608f9	31435	ic0/trials/producer-v1/project/target/classes/com/m3/rewrite/backport/jdk21-hash-pinned-text/ic0-gpc/target-2.txt
211a5ffd20dd3c4a640d0739c41b071cfbf103dbb26069ab07c6dbf037e4d3a9	14856	ic0/trials/producer-v1/project/target/classes/com/m3/rewrite/backport/jdk21-hash-pinned-text/ic0-gpc/target-3.txt
d5671e86b1a958fa91a6819d49dd72dd62365b865b1605e4a83e0f8491ea7a5a	2598	ic0/trials/producer-v1/project/target/classes/com/m3/rewrite/backport/jdk21-hash-pinned-text/ic0-gpc/target-4.txt
107e583af7e846ea83774cc681e649e52fa6edef571165dcd717200cd720898f	24060	ic0/trials/producer-v1/project/target/classes/com/m3/rewrite/backport/jdk21-hash-pinned-text/ic0-gpc/target-5.txt
c63219a36e3898c8c5bd14886582bacc675099a4bdaa08964bac6ae724a608f9	31435	ic0/trials/producer-v1/project/target/classes/com/m3/rewrite/backport/jdk21-hash-pinned-text/ic0-gpc/target-6.txt
211a5ffd20dd3c4a640d0739c41b071cfbf103dbb26069ab07c6dbf037e4d3a9	14856	ic0/trials/producer-v1/project/target/classes/com/m3/rewrite/backport/jdk21-hash-pinned-text/ic0-gpc/target-7.txt
6449b223baded59c01d47c2a17fe1984aaf00d8427ccc7b96d54ec1aac1a119a	1025	ic0/trials/producer-v1/project/target/classes/com/m3/rewrite/backport/jdk21-hash-pinned-text/ic0-hct/manifest.tsv
4114b546749888ec5e6065ea6087d39ea63bafb6ce5881e2239eafaade3b7787	56771	ic0/trials/producer-v1/project/target/classes/com/m3/rewrite/backport/jdk21-hash-pinned-text/ic0-hct/target-1.txt
fde72eb9f2b682f50004defbc70e6d886a3f646abb0d89c0aec5de8ab0dbd30d	13634	ic0/trials/producer-v1/project/target/classes/com/m3/rewrite/backport/jdk21-hash-pinned-text/ic0-hct/target-2.txt
e4ea964db1a6f9527122ff0dad1c969a43dc50a0f80c771c86b70bcd6da6dcaf	2875	ic0/trials/producer-v1/project/target/classes/com/m3/rewrite/backport/jdk21-hash-pinned-text/ic0-hct/target-3.txt
8034d77f1124584888dce10760bd2f5dae55eeb93497f7a0db1d09a3a197ec5f	2873	ic0/trials/producer-v1/project/target/classes/com/m3/rewrite/backport/jdk21-hash-pinned-text/ic0-hct/target-4.txt
8544be570c2656c5fa641ae34fc01eaea420bbb420f6d80ce5f95253504e9888	3383	ic0/trials/producer-v1/project/target/classes/com/m3/rewrite/backport/jdk21-hash-pinned-text/ic0-hct/target-5.txt
a0d3fc7e68265cf11593a08647eaf6dfe3f2e38aa5199365eecea21b2624ce51	522	ic0/trials/producer-v1/project/target/classes/com/m3/rewrite/backport/jdk21-hash-pinned-text/ic0-hts/manifest.tsv
765f001aa41f95c1dfd9994ba64101526ce0324ede896228803133ec9313b9e9	77751	ic0/trials/producer-v1/project/target/classes/com/m3/rewrite/backport/jdk21-hash-pinned-text/ic0-hts/target-1.txt
cfe8e8930916ef96c7d23dd9d0942f082c5eb1d6cf4b2a2f6e9f3d69d8fa3e41	3341	ic0/trials/producer-v1/project/target/classes/com/m3/rewrite/backport/jdk21-hash-pinned-text/ic0-hts/target-2.txt
9d79d07bb31ded0e5ec9eebef1095ae25be8f20c55f9e72aee4ba64852790594	16119	ic0/trials/producer-v1/project/target/classes/com/m3/rewrite/backport/jdk21-hash-pinned-text/ic0-hts/target-3.txt
30a838a363fb05f9c1caf48fd36c0a67de0767708e4b198b77af37ee0c41eb63	7629	ic0/trials/producer-v1/project/target/classes/com/m3/rewrite/backport/jdk21-hash-pinned-text/ic0-hts/target-4.txt
caa68576a994442ea21cbef99a730932a461816fc843dbb86e4220f7b361f098	126	ic0/trials/producer-v1/project/target/classes/com/m3/rewrite/backport/jdk21-hash-pinned-text/ic0-ipr/manifest.tsv
50bfc9b138e5029767d44c39c1fbc7b589a0d2563701398d958d60e1868d21dc	10052	ic0/trials/producer-v1/project/target/classes/com/m3/rewrite/backport/jdk21-hash-pinned-text/ic0-ipr/target-1.txt
c53a4f1aaa6a37b8367225331072bf81ed39444b4ee272d2628ca6981fb49d34	666	ic0/trials/producer-v1/project/target/classes/com/m3/rewrite/backport/jdk21-hash-pinned-text/ic0-jgr/manifest.tsv
bbb1e7384c0f600dd8e3c4ee89e838961fe692e3e5e4963be17d4485ee9bafa6	32695	ic0/trials/producer-v1/project/target/classes/com/m3/rewrite/backport/jdk21-hash-pinned-text/ic0-jgr/target-1.txt
7f3babb54445a1bb662d9ac50ded06efe38e8a502a0f2b3445e81a5ef2536ec4	1214	ic0/trials/producer-v1/project/target/classes/com/m3/rewrite/backport/jdk21-hash-pinned-text/ic0-jgr/target-2.txt
a7954b1a16905829d5daa4372faceabc707b1ca2820bdf8ddc40457a29f4f37e	1012	ic0/trials/producer-v1/project/target/classes/com/m3/rewrite/backport/jdk21-hash-pinned-text/ic0-jgr/target-3.txt
1109f2c7f0637ea606d9275d45a644c7e6dfcd85d776281bfd87f1c27d2f1dd3	43840	ic0/trials/producer-v1/project/target/classes/com/m3/rewrite/backport/jdk21-hash-pinned-text/ic0-jgr/target-4.txt
b18df1233ea0fa070f4ca05bd47dc2bf24f25a30a754011293a922c7bba254dd	759	ic0/trials/producer-v1/project/target/classes/com/m3/rewrite/backport/jdk21-hash-pinned-text/ic0-jma/manifest.tsv
9ade92d7dbd17f113a0a29b712fcf12ec231020a585e6cebd79b291830b01a6e	12048	ic0/trials/producer-v1/project/target/classes/com/m3/rewrite/backport/jdk21-hash-pinned-text/ic0-jma/target-1.txt
28db2dae8e9f8de51237bef0cb945ef70439b66a9b8f484e5e1503202a3836d6	11182	ic0/trials/producer-v1/project/target/classes/com/m3/rewrite/backport/jdk21-hash-pinned-text/ic0-jma/target-2.txt
06c9e0780afc2ac325c4d826dd0404885ebe2cc7f3804fc1e6b49e011fcf0388	442	ic0/trials/producer-v1/project/target/classes/com/m3/rewrite/backport/jdk21-hash-pinned-text/ic0-jma/target-3.txt
6370e7b8a83d1424592acfaa9e4864a26f48b9979fed3cb0d132f0f4ac02236a	3786	ic0/trials/producer-v1/project/target/classes/com/m3/rewrite/backport/jdk21-hash-pinned-text/ic0-jma/target-4.txt
eca5ed510e5d6dcac6911cf4cf0cb95d6e016ebf197475d68d3f8cce6e3face1	9798	ic0/trials/producer-v1/project/target/classes/com/m3/rewrite/backport/jdk21-hash-pinned-text/ic0-jma/target-5.txt
207aa8d6e307c4c3cc8ff492700096c9231bbfcd19ac737b074587b7d453ba60	558	ic0/trials/producer-v1/project/target/classes/com/m3/rewrite/backport/jdk21-hash-pinned-text/ic0-jop/manifest.tsv
d6aa41d308be5fe9e615e25f89f95e3fdc4f9e790326ea8d6bc39641c39ef07b	12801	ic0/trials/producer-v1/project/target/classes/com/m3/rewrite/backport/jdk21-hash-pinned-text/ic0-jop/target-1.txt
300e894ccf38292db599a961b209459c4fcdb576b2124b0b77d8e8e6080b9261	143	ic0/trials/producer-v1/project/target/classes/com/m3/rewrite/backport/jdk21-hash-pinned-text/ic0-jop/target-2.txt
4fb1e9d7e6b77693c35a65fbd26a4e117c39c6367c4839eb5956aa9de01e006d	6551	ic0/trials/producer-v1/project/target/classes/com/m3/rewrite/backport/jdk21-hash-pinned-text/ic0-jop/target-3.txt
097dd1b794593570fdf3eb51b00a9be4c6a83a274fd6ef97c350251d20065fbc	4339	ic0/trials/producer-v1/project/target/classes/com/m3/rewrite/backport/jdk21-hash-pinned-text/ic0-jop/target-4.txt
0f6ec78d70e31050ed4e481eb133b1438e378206ea9138c0b0b8c00e161c5d9e	365	ic0/trials/producer-v1/project/target/classes/com/m3/rewrite/backport/jdk21-hash-pinned-text/ic0-nul/manifest.tsv
61a4555f7f97571bba36b2fd6cad63bc0ca5e8ba496f813f85569bf927c5a5db	5296	ic0/trials/producer-v1/project/target/classes/com/m3/rewrite/backport/jdk21-hash-pinned-text/ic0-nul/target-1.txt
45f7cfac63f7d553ff80bd8448dcfea994c9c43af9cff6afe0af5fd326243a04	10267	ic0/trials/producer-v1/project/target/classes/com/m3/rewrite/backport/jdk21-hash-pinned-text/ic0-nul/target-2.txt
775cb5f335659c16a0d8f8c06785552490b7365966317ce3a737f971808ade11	570	ic0/trials/producer-v1/project/target/classes/com/m3/rewrite/backport/jdk21-hash-pinned-text/ic0-pcd/manifest.tsv
c7713ff2601f86aea82edab25d17791342d12737865dd3ee15bd99fd3031fc1f	43759	ic0/trials/producer-v1/project/target/classes/com/m3/rewrite/backport/jdk21-hash-pinned-text/ic0-pcd/target-1.txt
3d3ea39ea6f41aa5fae83b5229fa524019434110576396ee11a6eb20e0a7afff	552	ic0/trials/producer-v1/project/target/classes/com/m3/rewrite/backport/jdk21-hash-pinned-text/ic0-pcd/target-2.txt
a68b03733006a278854dedccc9cf4a9b238c43e92d501ab601ce137dfbd2b4ef	7488	ic0/trials/producer-v1/project/target/classes/com/m3/rewrite/backport/jdk21-hash-pinned-text/ic0-pcd/target-3.txt
7bbea48d108f758adf8f7da038f51273c5d0191f213d920a22414c452ae2fc56	449	ic0/trials/producer-v1/project/target/classes/com/m3/rewrite/backport/jdk21-hash-pinned-text/ic0-pcd/target-4.txt
b1728a56c6675ff9167e0183b6f371cccb2b53117875a327bd2b83dc2f9adf41	919	ic0/trials/producer-v1/project/target/classes/com/m3/rewrite/backport/jdk21-hash-pinned-text/ic0-pco/manifest.tsv
bb60ed0722b7f67a9413afd1ffa255230690f27a1b003b9eaf2df93a1b8bde48	8155	ic0/trials/producer-v1/project/target/classes/com/m3/rewrite/backport/jdk21-hash-pinned-text/ic0-pco/target-1.txt
1d6900f115f54508dca1e1f3e925fa1903c32d71f97a87dfc7c1494c60856a52	12182	ic0/trials/producer-v1/project/target/classes/com/m3/rewrite/backport/jdk21-hash-pinned-text/ic0-pco/target-2.txt
8f3a18434d35e540de9a16df022fff3596963c1c2f021ee6e16b7e24e7ca3e53	3138	ic0/trials/producer-v1/project/target/classes/com/m3/rewrite/backport/jdk21-hash-pinned-text/ic0-pco/target-3.txt
d24ade8a8ddbb22eb78621c99f458f8d96807b74be12294c3e7ce7f9f95764c8	5167	ic0/trials/producer-v1/project/target/classes/com/m3/rewrite/backport/jdk21-hash-pinned-text/ic0-pco/target-4.txt
18462864241391a44566764ad4307fbc46894b988a2569dcf820e940961ab225	51135	ic0/trials/producer-v1/project/target/classes/com/m3/rewrite/backport/jdk21-hash-pinned-text/ic0-pco/target-5.txt
9237f618a6d583c113755fc8ceb315fcc5a20af0fe545219494e1a0ddc17508f	568	ic0/trials/producer-v1/project/target/classes/com/m3/rewrite/backport/jdk21-hash-pinned-text/ic0-pcw/manifest.tsv
41a7d50712da9374dc679bd09116ed1f6108c25a48d00e25d9b268d25453d3e7	7812	ic0/trials/producer-v1/project/target/classes/com/m3/rewrite/backport/jdk21-hash-pinned-text/ic0-pcw/target-1.txt
8bc3ad1490f26e622dc5c226bb5545a4bbfd3e8186e3923cfa2c8adc72a41605	6029	ic0/trials/producer-v1/project/target/classes/com/m3/rewrite/backport/jdk21-hash-pinned-text/ic0-pcw/target-2.txt
9f09f5058b1e9aed653efb67b6f4f5fe3bcaa05681f1a232dd95576562aa5c19	4321	ic0/trials/producer-v1/project/target/classes/com/m3/rewrite/backport/jdk21-hash-pinned-text/ic0-pcw/target-3.txt
28e9142f03ee9948b10b370daf2001941c8c1371d33ec3985ac8f70fe84679a2	1089	ic0/trials/producer-v1/project/target/classes/com/m3/rewrite/backport/jdk21-hash-pinned-text/ic0-scp/manifest.tsv
50f5dda3d0a585720003801c1945516ce8b19ea033d5f6738517083bc4982cd5	4259	ic0/trials/producer-v1/project/target/classes/com/m3/rewrite/backport/jdk21-hash-pinned-text/ic0-scp/target-1.txt
5ee44459bd8725b89e92ad8cd0c7572954f7655331d8b7f7dc92a8b59b09cb6e	8906	ic0/trials/producer-v1/project/target/classes/com/m3/rewrite/backport/jdk21-hash-pinned-text/ic0-scp/target-2.txt
0f79229a093fc3a53158401bb29a627e71f2774292b4d727e6c0911b9f2a47c9	934	ic0/trials/producer-v1/project/target/classes/com/m3/rewrite/backport/jdk21-hash-pinned-text/ic0-scp/target-3.txt
372922e185ceb9a2694ae1161b1162603b47e9932edfc2e6aa6bb50f3c05da3c	11146	ic0/trials/producer-v1/project/target/classes/com/m3/rewrite/backport/jdk21-hash-pinned-text/ic0-scp/target-4.txt
eb68a09f9c154f801830e1f40688be5c7d0af9d3fab286ed105de57b2994fb52	793	ic0/trials/producer-v1/project/target/classes/com/m3/rewrite/backport/jdk21-hash-pinned-text/ic0-sdc/manifest.tsv
518f9f7dbdebf450973cba859525d509c3c79fce6b51c6f4cbbf563e2f5651fa	76036	ic0/trials/producer-v1/project/target/classes/com/m3/rewrite/backport/jdk21-hash-pinned-text/ic0-sdc/target-1.txt
0285ce4946d66bea00e0b5d4bd52e863e5d60f84bb71171a26bdbd4c61da0bd9	3300	ic0/trials/producer-v1/project/target/classes/com/m3/rewrite/backport/jdk21-hash-pinned-text/ic0-sdc/target-2.txt
36a55432074cf8c2c6e6e8463c1c4cd7751edea16b99d28a69001a511a995705	76253	ic0/trials/producer-v1/project/target/classes/com/m3/rewrite/backport/jdk21-hash-pinned-text/ic0-sdc/target-3.txt
e1105ca7999363ff4a889217955a53cff8caecbd054b9f099a0bbe57fa3e935e	1489	ic0/trials/producer-v1/project/target/classes/composition-orders.json
ca8176f2a2a2617c0fb76c86c48ca152a28396381b1266f3ce0c84e7b65caba5	71439	ic0/trials/producer-v1/project/target/classes/qualification.json
c3fcabfc81b94d9c545c1fa8c2880716e29a7c191d6b62f18088488ad60aaa9d	351	ic0/trials/producer-v1/project/target/maven-status/maven-compiler-plugin/compile/default-compile/createdFiles.lst
50ff6f82ea0f252919f0c00660f4ec1e5d47a3821b24fae444ebfa6b2235d70b	205	ic0/trials/producer-v1/project/target/maven-status/maven-compiler-plugin/compile/default-compile/inputFiles.lst
e3b0c44298fc1c149afbf4c8996fb92427ae41e4649b934ca495991b7852b855	0	ic0/trials/producer-v1/project/target/maven-status/maven-compiler-plugin/testCompile/default-testCompile/createdFiles.lst
83d7403dfe584400ec42561ffb56838f813e4e2534675f1bd53acf40d7777dac	175	ic0/trials/producer-v1/project/target/maven-status/maven-compiler-plugin/testCompile/default-testCompile/inputFiles.lst
b408f0b8d0e4d6e197230e3cb1469d14e0d52aecd33ac55c71f11d513d6e23ec	10881	ic0/trials/producer-v1/project/target/test-classes/before/.github/workflows/m3-a3.yml
4c02fcf3b12116aaa186035a8ff3c50b94df899f776d51630e1bfcfd30ce4a2c	4153	ic0/trials/producer-v1/project/target/test-classes/before/.github/workflows/m3-class-ver.yml
2a81b9ebfa5d477977dba4632a0e7c89f2ebb89606eb46491197536335d63fee	2205	ic0/trials/producer-v1/project/target/test-classes/before/.github/workflows/m3-foundation.yml
68e17df8b27fee9c208475d3b7f63c01c7eaf247752417e4c7d8ce2fece056ab	15148	ic0/trials/producer-v1/project/target/test-classes/before/.github/workflows/m3-jdk21-backports.yml
54bf165d838d2f7505ecf6df125fb3eab4186b065fd0d6d025ba3e771326aca7	6120	ic0/trials/producer-v1/project/target/test-classes/before/.github/workflows/m3-jep458-current-master.yml
88831a9aa214b517713bbfc9a84ea7e5187f12498b592b64d1c240344a1fd8c3	7793	ic0/trials/producer-v1/project/target/test-classes/before/.github/workflows/m3-jep467-markdown-inventory.yml
9a2c236d62db2ed121d9ac563f15a6edd6b56dcf8549aca0bb2a9bd63f80db29	6654	ic0/trials/producer-v1/project/target/test-classes/before/.github/workflows/m3-jep493-runtime-image-inventory.yml
3fbe65ee5d3130858d114b0637207585e0cb20c2b5008def8c3dc6607f042d41	4692	ic0/trials/producer-v1/project/target/test-classes/before/m3/backports/compatibility_policy.py
2f075d95ce7c2fdbb2742b92a1c1098864f06d073c56046dc02f02adc5687dec	14827	ic0/trials/producer-v1/project/target/test-classes/before/m3/backports/generate_recipe_crates.py
57411d582b20b949cb95859318b0ef4e99a79c7947163ffe1787cafaba7cf0d4	2934	ic0/trials/producer-v1/project/target/test-classes/before/m3/backports/recipes/jep-485-gatherers/README.md
8c928979dcdf7bf7e4ec8b5bc6b339d7344c75a8213f101ec4ad58a659775811	337	ic0/trials/producer-v1/project/target/test-classes/before/m3/backports/recipes/jep-485-gatherers/atom-evidence.tsv
7149ec13e4fc5f2b642fe41a719cec1a17cb51d77b7de291055efd75b48d2af2	610	ic0/trials/producer-v1/project/target/test-classes/before/m3/backports/recipes/jep-493-runtime-image/CURRENT_TREE_RECEIPT.tsv
9ae80ad2e94552d552ab8eb125ea9b0d435e749f5ef6e0f140130a76cf6a4fe9	2472	ic0/trials/producer-v1/project/target/test-classes/before/m3/backports/recipes/jep-493-runtime-image/README.md
10d8d11da8b4dd6772875cb3ba5c1f2c0732e307cdd5c983a96811b9c9f5180d	6038	ic0/trials/producer-v1/project/target/test-classes/before/m3/backports/test_compatibility_policy.py
ab6433b0a1d50c358d65d0aad9ed2b7bbc7b8be1ca10b0302e53fefac0d7a5d8	17732	ic0/trials/producer-v1/project/target/test-classes/before/m3/backports/test_generate_recipe_crates.py
d9d39747f40bb5eff6ba8639e1e5d0554f0223cc94c09443fe1b2054aac9c3d6	5171	ic0/trials/producer-v1/project/target/test-classes/before/m3/docs/a3-lab.md
01a428a662ffbdbd22dcd39d1fea7b69084ce34cada0bb5582b8c3686615750d	3974	ic0/trials/producer-v1/project/target/test-classes/before/m3/docs/a3-mastery.md
9c5177ee233ee5335131c9106b7a6faa0041b1cd09e9385e36909d8c6365cf87	8267	ic0/trials/producer-v1/project/target/test-classes/before/m3/docs/a3.md
335045274ea3ae01d576290b56704ec3409ef1bd27c8c220348815c5bbb711da	280877	ic0/trials/producer-v1/project/target/test-classes/before/m3/docs/name-mapping.json
fd54e5fade1fc3050816265f2317967dd4176e7bb5e0bc55e6f620878026e88e	23333	ic0/trials/producer-v1/project/target/test-classes/before/m3/migration/migration.py
3cfe511098ff3b6caafb1f1e04f94b448e02e25f160fe98427531fc8c77a1555	11255	ic0/trials/producer-v1/project/target/test-classes/before/m3/migration/test/test_jcc_handoff_packet.py
27308b049acc122f62f9cb9a9a679a94640952c423b04495c0ef5b9a2c824ec1	3633	ic0/trials/producer-v1/project/target/test-classes/before/m3/tooling/a3/pom.xml
6d9ec887c87898167748ca5f77598f95a6784cfaf14882f4983733c006374b77	5127	ic0/trials/producer-v1/project/target/test-classes/before/m3/tooling/a3/src/main/java/com/m3/a3/A3.java
d88f347f77069dc1e2e6a3871c68c55e76f885f324801957d041f9ecc31ec6f4	9492	ic0/trials/producer-v1/project/target/test-classes/before/m3/tooling/a3/src/main/java/com/m3/a3/A3Alg.java
677324e1566d482eb5b4470ec1a63d3493bb2a75fc77ea0edb61ba364906c298	7782	ic0/trials/producer-v1/project/target/test-classes/before/m3/tooling/a3/src/main/java/com/m3/a3/A3Cases.java
c212736f000836cb782a5ff81fd2de48e67d36ea4b3bd53cf7743c4aadbfdaf6	16196	ic0/trials/producer-v1/project/target/test-classes/before/m3/tooling/a3/src/main/java/com/m3/a3/A3Lab.java
9171b0ada1d7845b63d7a586d99ef97a6fa6eccbfd84204c47a6a01c8b3e4697	6442	ic0/trials/producer-v1/project/target/test-classes/before/m3/tooling/a3/src/main/java/com/m3/a3/A3MemoryCompiler.java
f000b1eea411056baaca6051b220149f25334bc70bf69b4f0536839c6c78e404	7514	ic0/trials/producer-v1/project/target/test-classes/before/m3/tooling/a3/src/main/java/com/m3/a3/A3RegexMatrix.java
351eeac06154189e79f3d139336437d5911da5721c9a95a779ebd5d511997d9c	6117	ic0/trials/producer-v1/project/target/test-classes/before/m3/tooling/a3/src/test/java/com/m3/a3/A3LabTest.java
d684f2c95622c32683dbdce162d2f49101c7431bfbba1927a34182dcecadc77f	4462	ic0/trials/producer-v1/project/target/test-classes/before/m3/tooling/a3/src/test/java/com/m3/a3/A3PlanTest.java
9490dd9263e9793c6601bba2429860283865ff2c72092e1b55fff95136c01737	4026	ic0/trials/producer-v1/project/target/test-classes/before/m3/tooling/backport-dag/pom.xml
f475463faf184a0a310ab9295b6604be5795076295e46d4b6a78784613dce55e	4312	ic0/trials/producer-v1/project/target/test-classes/before/m3/tooling/backport-dag/src/main/java/com/m3/tooling/dag/M3PacketDagComposer.java
def017e6b6bd2395f64b39bb4ea3258efd53526455cc0d9485d5a15356be2a2e	6285	ic0/trials/producer-v1/project/target/test-classes/before/m3/tooling/backport-dag/src/main/java/com/m3/tooling/dag/M3RecipeDag.java
374c135a72e85bdcad84be5e9bbd696c763f06f33816e56e28f4a4d620e1aee9	1726	ic0/trials/producer-v1/project/target/test-classes/before/m3/tooling/backport-dag/src/main/resources/com/m3/tooling/dag/adapters/airflow/m3_backport_dag.py
b81e897b0c34961102aeb98920a1f5fcfa95b6f3b41fdf9c4f8208e78e8796d8	793	ic0/trials/producer-v1/project/target/test-classes/before/m3/tooling/backport-dag/src/main/resources/com/m3/tooling/dag/adapters/camel/m3-backport-route.yaml
922700cc7f1acf943e3f07b7c29d44f07c1b9bfab7e876f4e02d2ea408abb393	1575	ic0/trials/producer-v1/project/target/test-classes/before/m3/tooling/backport-dag/src/main/resources/com/m3/tooling/dag/adapters/drools/m3-backport-admission.drl
76c3eafb6c52fe5918023a19dadf1ac98076d0f50332688c56303154871ce423	968	ic0/trials/producer-v1/project/target/test-classes/before/m3/tooling/backport-dag/src/test/java/com/m3/tooling/dag/M3BackportDagLoaderTest.java
451b4cde41c505a19641dc17649ca0b22b2e82d13685d042e4f29f9af9a8e094	9046	ic0/trials/producer-v1/project/target/test-classes/before/m3/tooling/backport-dag/src/test/java/com/m3/tooling/dag/M3PacketDagComposerTest.java
8fe0d897419c2e91dc3fcc7958e0c55c5bdea7b4ee4f48efc57a759b8e34960f	8603	ic0/trials/producer-v1/project/target/test-classes/before/m3/tooling/backport-dag/src/test/java/com/m3/tooling/dag/M3RecipeDagTest.java
8544be570c2656c5fa641ae34fc01eaea420bbb420f6d80ce5f95253504e9888	3383	ic0/trials/producer-v1/project/target/test-classes/before/m3/tooling/migration-recipes/pom.xml
280d7c08e9da9f618f4596516420a5c6c2de8f32fa1b52ff354853f3b0fb7c2b	2338	ic0/trials/producer-v1/project/target/test-classes/before/m3/tooling/migration-recipes/src/main/java/com/m3/rewrite/a3/M3A3AlgorithmCatalogueManifest.java
b5cefece21725e012ed7643ecf4f6fe505da9fa408a02f6f48de38773e94cad0	2030	ic0/trials/producer-v1/project/target/test-classes/before/m3/tooling/migration-recipes/src/main/java/com/m3/rewrite/backport/M3Jep485StreamGatherersBackportRecipe.java
2da4485ca78b289462e6142e61e247e2142111693d08fb590ff64256193dda75	342	ic0/trials/producer-v1/project/target/test-classes/before/m3/tooling/migration-recipes/src/main/resources/META-INF/rewrite/m3-jep485-stream-gatherers.yml
d88f347f77069dc1e2e6a3871c68c55e76f885f324801957d041f9ecc31ec6f4	9492	ic0/trials/producer-v1/project/target/test-classes/before/m3/tooling/migration-recipes/src/main/resources/com/m3/rewrite/a3-algorithm-catalogue/after/A3Alg.java
d684f2c95622c32683dbdce162d2f49101c7431bfbba1927a34182dcecadc77f	4462	ic0/trials/producer-v1/project/target/test-classes/before/m3/tooling/migration-recipes/src/main/resources/com/m3/rewrite/a3-algorithm-catalogue/after/A3PlanTest.java
b1295f69831c23efd596f2ed9f65e2b07d20371fae4c0111c0b35fdd3bc4cd51	76037	ic0/trials/producer-v1/project/target/test-classes/before/m3/tooling/migration-recipes/src/main/resources/com/m3/rewrite/backport/jdk21-hash-pinned/jdk22-m3-string-history-convergence/16-AbstractStringBuilder.java.txt
2b724a9f9cf9fce382c34f4b5872312bfb4c30791decf8c093bd2dfb9fc0d400	3300	ic0/trials/producer-v1/project/target/test-classes/before/m3/tooling/migration-recipes/src/main/resources/com/m3/rewrite/backport/jdk21-hash-pinned/jdk22-m3-string-history-convergence/manifest.tsv
9ba3245512f18e3d921b6a8d013cea05a70b5a84c473b34dbd574ba55a1978d4	4112	ic0/trials/producer-v1/project/target/test-classes/before/m3/tooling/migration-recipes/src/main/resources/com/m3/rewrite/backport/jdk21-hash-pinned/jdk22-recipe-closure/02-M3RecipeScopeRegistry.java.txt
cf1c56ebf8fc2df3778cd56e34240da7c3ba722cb2949e8957b81157abf8b9ba	8378	ic0/trials/producer-v1/project/target/test-classes/before/m3/tooling/migration-recipes/src/main/resources/com/m3/rewrite/backport/jdk21-hash-pinned/jdk22-recipe-closure/03-M3RecipeScopeDeclarationTest.java.txt
d80a5af11629b89cb2e69d3a119becb7606fb029e8e121d47d684ca755435182	934	ic0/trials/producer-v1/project/target/test-classes/before/m3/tooling/migration-recipes/src/main/resources/com/m3/rewrite/backport/jdk21-hash-pinned/jdk22-recipe-closure/manifest.tsv
808d8dec8da41e93dbe938081c36750a6d36c96a4b2dcd90d2558a7b5d0ebd47	24085	ic0/trials/producer-v1/project/target/test-classes/before/m3/tooling/migration-recipes/src/main/resources/com/m3/rewrite/backport/jdk21-hash-pinned/jdk24-jep485-stream-gatherers/01-Gatherer.java.txt
6115dd7015fe6680ef597a7cc3ec5b0c06eccc7259aa5bd4899454b5af624f1d	31455	ic0/trials/producer-v1/project/target/test-classes/before/m3/tooling/migration-recipes/src/main/resources/com/m3/rewrite/backport/jdk21-hash-pinned/jdk24-jep485-stream-gatherers/03-Gatherers.java.txt
eb1bd5ac55a99540b1516656041310ecf56c1a8dd20a8eb1fd599318b5647cf2	14652	ic0/trials/producer-v1/project/target/test-classes/before/m3/tooling/migration-recipes/src/main/resources/com/m3/rewrite/backport/jdk21-hash-pinned/jdk24-jep485-stream-gatherers/11-GatherersMapConcurrentTest.java.txt
3172ca1814ce01a40091d05f691ee044dfa72c1b4f24b10514fe491fc6d6e66c	2598	ic0/trials/producer-v1/project/target/test-classes/before/m3/tooling/migration-recipes/src/main/resources/com/m3/rewrite/backport/jdk21-hash-pinned/jdk24-jep485-stream-gatherers/manifest.tsv
677324e1566d482eb5b4470ec1a63d3493bb2a75fc77ea0edb61ba364906c298	7782	ic0/trials/producer-v1/project/target/test-classes/before/m3/tooling/migration-recipes/src/main/resources/com/synexia/rewrite/hash-pinned-java/a3-mastery-lab/A3Cases.java.after
b901f0b1aae122711792a66dc9750b9ba4608d59613641e74f378218757cbb4d	734	ic0/trials/producer-v1/project/target/test-classes/before/m3/tooling/migration-recipes/src/main/resources/com/synexia/rewrite/hash-pinned-java/a3-mastery-lab/manifest.tsv
9171b0ada1d7845b63d7a586d99ef97a6fa6eccbfd84204c47a6a01c8b3e4697	6442	ic0/trials/producer-v1/project/target/test-classes/before/m3/tooling/migration-recipes/src/main/resources/com/synexia/rewrite/hash-pinned-java/a3-regex-memory-lab/A3MemoryCompiler.java.after
f000b1eea411056baaca6051b220149f25334bc70bf69b4f0536839c6c78e404	7514	ic0/trials/producer-v1/project/target/test-classes/before/m3/tooling/migration-recipes/src/main/resources/com/synexia/rewrite/hash-pinned-java/a3-regex-memory-lab/A3RegexMatrix.java.after
b2febbb17ed96ae6f582eee2e16af3fc5e435c23e350708f56397bee9ac38ab5	658	ic0/trials/producer-v1/project/target/test-classes/before/m3/tooling/migration-recipes/src/main/resources/com/synexia/rewrite/hash-pinned-java/a3-regex-memory-lab/manifest.tsv
58d01008f3dc6e79d988e855d76ba90eb0a13d39a76e7eb4027d75442389ec94	5379	ic0/trials/producer-v1/project/target/test-classes/before/m3/tooling/migration-recipes/src/test/java/com/m3/rewrite/M3A3RegexMemoryLabDeliveryRecipeTest.java
69882638771a411cf0866f789a7b3ef7e7e7040cde38a1c40ef4a743d37168e2	4974	ic0/trials/producer-v1/project/target/test-classes/before/m3/tooling/migration-recipes/src/test/java/com/m3/rewrite/M3A3RegexMemoryWorkflowRecipeTest.java
9a7f6440ce4d4a738d5cfe916a7fff98511464887293caba2a498bd75264ee92	7839	ic0/trials/producer-v1/project/target/test-classes/before/m3/tooling/migration-recipes/src/test/java/com/m3/rewrite/backport/M3Jep485StreamGatherersBackportRecipeTest.java
3a57bda49c218895a2be9f5053671d435840abd4c4079f4a1e5eed89becf0813	11065	ic0/trials/producer-v1/project/target/test-classes/before/m3/tooling/migration-recipes/src/test/java/com/m3/rewrite/scope/M3ScopeCoverageClosureTest.java
38ed8c01c6982fa4a52ea155c2e9652dfe45f317d8ae994c17fba01c7309fbda	18328	ic0/trials/producer-v1/project/target/test-classes/before/m3/tooling/migration-recipes/src/test/resources/com/m3/rewrite/atom/spectrum/CORPUS.tsv
bfee3b40a52cc27a3848f273dd7917e8126a08dcb7bc3d8ddb85ec52e479ea69	2261	ic0/trials/producer-v1/project/target/test-classes/before/m3/tooling/recipe-catalogue.tsv
9a502392c96175e025bbd992fd15482ef2cf0ee4a2ca083a293d5fd41e6448ce	76254	ic0/trials/producer-v1/project/target/test-classes/before/src/java.base/share/classes/java/lang/AbstractStringBuilder.java
808d8dec8da41e93dbe938081c36750a6d36c96a4b2dcd90d2558a7b5d0ebd47	24085	ic0/trials/producer-v1/project/target/test-classes/before/src/java.base/share/classes/java/util/stream/Gatherer.java
6115dd7015fe6680ef597a7cc3ec5b0c06eccc7259aa5bd4899454b5af624f1d	31455	ic0/trials/producer-v1/project/target/test-classes/before/src/java.base/share/classes/java/util/stream/Gatherers.java
eb1bd5ac55a99540b1516656041310ecf56c1a8dd20a8eb1fd599318b5647cf2	14652	ic0/trials/producer-v1/project/target/test-classes/before/test/jdk/java/util/stream/GatherersMapConcurrentTest.java
ac2a7c390452a0c628e917987bfd8bb2dcee3ff2e1820da1effdd25852c3675a	7188	ic0/trials/producer-v1/runtime-classpath.txt
0813203eabe9649a51aec0694eb2198dc207170e6b119710df427f762a150dc5	264121	ic0/trials/producer-v1/spec.json
3e26f712336ff3612f53a6c3dd22dd6de28ef1410659650be63cf0c3a0fecfc5	123710	ic0/trials/producer-v1/staging.json
06d4923c9b8a9389e3eb6463f028829fd89dca7c6d9b0599ef4239317a8b0c9d	97386	ic0/trials/producer-v1/tool-links.json
19aff6ed39c973f9a1df3d6aceb01b212a874df8389794506b0cb15030faad2a	14262	ic0/trials/producer-v1/tooling.json
9db1c8001925611d4b34ceaf005f9c25663e6c177969e4dd41ff0709ec202442	1652	ic0/trials/producer-v2/PATCH.json
6fabdebabaef7e3c5fb1988e4fe3c8b87c59cd6066ff443a57e3285cf78e8d08	100068	ic0/trials/producer-v2/RESULT.json
71c8990e2847e851f82609d95e6c49003514c93c85fd0810a37ac9ad771067fe	59355	ic0/trials/producer-v2/build-artifacts.json
eee4a095e9235d1c906fe4eac5f085f04148c3cf01bd35fe1decc2101b199f69	1851	ic0/trials/producer-v2/chain/01-static.json
e3b0c44298fc1c149afbf4c8996fb92427ae41e4649b934ca495991b7852b855	0	ic0/trials/producer-v2/chain/01-static.stderr.log
cbc2495ecc9fa3f0c63fef5609152caeb292bf90a0925e0ebf4d8771c4b1c424	1175	ic0/trials/producer-v2/chain/01-static.stdout.log
180ff6f1c043050cd91178ee357b1e04ba6cae8fc51c41940f8d9a8f5ae6bd9b	2601	ic0/trials/producer-v2/chain/02-compile.json
e3b0c44298fc1c149afbf4c8996fb92427ae41e4649b934ca495991b7852b855	0	ic0/trials/producer-v2/chain/02-compile.stderr.log
fc3f551c7ab19bc23a29705753957fc763305355ee4570b3c0e4f5705fd94011	1449	ic0/trials/producer-v2/chain/02-compile.stdout.log
37361379dea0daa46e73084d3e94230f91ebac49fa448ca092ed9820af1bc803	2913	ic0/trials/producer-v2/chain/03-tests.json
9ddf3781b5e43a87b1d67caac2bc4b251f9ce8d77c509c8369129f4b0359fd55	210	ic0/trials/producer-v2/chain/03-tests.stderr.log
0910bef9dce9fa97aa55e0b5e115765f89e31ac152ce8c389058ec4dbcb0dda9	1223	ic0/trials/producer-v2/chain/03-tests.stdout.log
4d5d11fe9f9f1eb00a7478e3b0457903fefeaed014c6ab1b2f1320e45a421153	10204	ic0/trials/producer-v2/chain/04-runtime.json
9ddf3781b5e43a87b1d67caac2bc4b251f9ce8d77c509c8369129f4b0359fd55	210	ic0/trials/producer-v2/chain/04-runtime.stderr.log
a0080d12c987815400fd65792086209183f7d20592793d97a468acc4e24938f6	159	ic0/trials/producer-v2/chain/04-runtime.stdout.log
4a7db54804d5dfdf560439d16b3eeebf8c14f9d1f9125d65181d626872aa3796	12583	ic0/trials/producer-v2/commands.json
12bb0deb1e9536235a106474865faea7262389dea72150ce6a7cf7e8c65f9c46	2100	ic0/trials/producer-v2/generated-candidate/.github/workflows/m3-a3-v6-mastery.yml
e2224918c07412ab448140f4f842224629c3b4fb72a04b41a592f7c627e83775	11744	ic0/trials/producer-v2/generated-candidate/.github/workflows/m3-a3.yml
b0ed1b1f29b0c2e8cec3114852f48f8ed7d2f2e3edd77a8df17788eccf6d6deb	4428	ic0/trials/producer-v2/generated-candidate/.github/workflows/m3-class-ver.yml
b43095e303e839df207d76a8ae94bdbaf6fa3a05d158335566c929ba8357c283	2759	ic0/trials/producer-v2/generated-candidate/.github/workflows/m3-foundation.yml
ead40f30276be985b00c2280a3ae41f23e6c1f0a4fc641dd617ff367d5c3c77c	15862	ic0/trials/producer-v2/generated-candidate/.github/workflows/m3-jdk21-backports.yml
486b0a3980fa727a668d8c30d784f26400cf024516fc10f629aec398427c40f9	6325	ic0/trials/producer-v2/generated-candidate/.github/workflows/m3-jep458-current-master.yml
41a7d50712da9374dc679bd09116ed1f6108c25a48d00e25d9b268d25453d3e7	7812	ic0/trials/producer-v2/generated-candidate/.github/workflows/m3-jep467-markdown-inventory.yml
d6aa41d308be5fe9e615e25f89f95e3fdc4f9e790326ea8d6bc39641c39ef07b	12801	ic0/trials/producer-v2/generated-candidate/.github/workflows/m3-jep485-stream-gatherers-optin.yml
8bc3ad1490f26e622dc5c226bb5545a4bbfd3e8186e3923cfa2c8adc72a41605	6029	ic0/trials/producer-v2/generated-candidate/.github/workflows/m3-jep493-runtime-image-inventory.yml
9ade92d7dbd17f113a0a29b712fcf12ec231020a585e6cebd79b291830b01a6e	12048	ic0/trials/producer-v2/generated-candidate/.github/workflows/m3-jep493-runtime-image-materialize.yml
4575e972110c9266b6c8a1177733506c95eb20a4e7825b799a7bb73ee5bb458f	4370131	ic0/trials/producer-v2/generated-candidate/OUTPUT.json
7eecfc2addda572ba6c99e082f6cd5bafc9264fced551cfd4975d5c6723ebb95	1209680	ic0/trials/producer-v2/generated-candidate/candidate.patch
e3b0c44298fc1c149afbf4c8996fb92427ae41e4649b934ca495991b7852b855	0	ic0/trials/producer-v2/generated-candidate/composition/Forward/01-Cmp-replay.patch
0be61727e9052bf742fe1f0f8f686e4fc4d15e5879c42c78a0d8e2ec5eac67b6	146495	ic0/trials/producer-v2/generated-candidate/composition/Forward/01-Cmp.patch
e3b0c44298fc1c149afbf4c8996fb92427ae41e4649b934ca495991b7852b855	0	ic0/trials/producer-v2/generated-candidate/composition/Forward/02-Cgo-replay.patch
ceb6a01575e5bf88d952fd0a062d297663159e4c23f06acb58791bc6065c21f4	12451	ic0/trials/producer-v2/generated-candidate/composition/Forward/02-Cgo.patch
e3b0c44298fc1c149afbf4c8996fb92427ae41e4649b934ca495991b7852b855	0	ic0/trials/producer-v2/generated-candidate/composition/Forward/03-Cri-replay.patch
a7b9d6735820a6b3522ad9c3ff6316aa0ddc8397d41e03d4b86234bc74e154dc	973	ic0/trials/producer-v2/generated-candidate/composition/Forward/03-Cri.patch
e3b0c44298fc1c149afbf4c8996fb92427ae41e4649b934ca495991b7852b855	0	ic0/trials/producer-v2/generated-candidate/composition/Forward/04-Gpc-replay.patch
4ca613bb071c357e6c4db8af917a4071e1cdce4e9520725f49943dcda5bc7233	27276	ic0/trials/producer-v2/generated-candidate/composition/Forward/04-Gpc.patch
e3b0c44298fc1c149afbf4c8996fb92427ae41e4649b934ca495991b7852b855	0	ic0/trials/producer-v2/generated-candidate/composition/Forward/05-Cor-replay.patch
3c86a045e3888b32d5298a2563cb808f527dee85ea736dca6305e6c90be54834	5590	ic0/trials/producer-v2/generated-candidate/composition/Forward/05-Cor.patch
e3b0c44298fc1c149afbf4c8996fb92427ae41e4649b934ca495991b7852b855	0	ic0/trials/producer-v2/generated-candidate/composition/Forward/06-Sdc-replay.patch
88ab8ca07ec53b85b293240a6ec242b672d7eabe84810c16aaf8b455fa98f582	6370	ic0/trials/producer-v2/generated-candidate/composition/Forward/06-Sdc.patch
e3b0c44298fc1c149afbf4c8996fb92427ae41e4649b934ca495991b7852b855	0	ic0/trials/producer-v2/generated-candidate/composition/Forward/07-Fnd-replay.patch
3771ef032ee66b44bae653d976f714980c5ef83a2b56e428175921f6ee44447e	108210	ic0/trials/producer-v2/generated-candidate/composition/Forward/07-Fnd.patch
e3b0c44298fc1c149afbf4c8996fb92427ae41e4649b934ca495991b7852b855	0	ic0/trials/producer-v2/generated-candidate/composition/Forward/08-Ciw-replay.patch
ed82c2e9f2768180c1f07f5722bdee2672a23f9cdfaf381ea4b6b52bd8c50ad9	85639	ic0/trials/producer-v2/generated-candidate/composition/Forward/08-Ciw.patch
e3b0c44298fc1c149afbf4c8996fb92427ae41e4649b934ca495991b7852b855	0	ic0/trials/producer-v2/generated-candidate/composition/Forward/09-Cib-replay.patch
639e17e325ba25dae4fa682b962ae6e55c4d1344afebaa12737758a64688baf1	3146	ic0/trials/producer-v2/generated-candidate/composition/Forward/09-Cib.patch
e3b0c44298fc1c149afbf4c8996fb92427ae41e4649b934ca495991b7852b855	0	ic0/trials/producer-v2/generated-candidate/composition/Forward/10-Jgr-replay.patch
b40707d6f00882ca6f2f1f59956bef7414d40257b7d8b802b9573e1c8cdb4458	50559	ic0/trials/producer-v2/generated-candidate/composition/Forward/10-Jgr.patch
e3b0c44298fc1c149afbf4c8996fb92427ae41e4649b934ca495991b7852b855	0	ic0/trials/producer-v2/generated-candidate/composition/Forward/11-Jma-replay.patch
d7efc718a146ccea2d0114fbf607aad0cf6d89be841bb081927b02233d63259e	37313	ic0/trials/producer-v2/generated-candidate/composition/Forward/11-Jma.patch
e3b0c44298fc1c149afbf4c8996fb92427ae41e4649b934ca495991b7852b855	0	ic0/trials/producer-v2/generated-candidate/composition/Forward/12-Pcd-replay.patch
ea9c26f0596cd857c1fafb79f89bcf35c4e390e3eca73aedb76129feda28029f	53796	ic0/trials/producer-v2/generated-candidate/composition/Forward/12-Pcd.patch
e3b0c44298fc1c149afbf4c8996fb92427ae41e4649b934ca495991b7852b855	0	ic0/trials/producer-v2/generated-candidate/composition/Forward/13-Pco-replay.patch
551c8b13aa8ae41fb37fdfaa75ac39e92339cfcef65a040d474129ad6cd61585	81921	ic0/trials/producer-v2/generated-candidate/composition/Forward/13-Pco.patch
e3b0c44298fc1c149afbf4c8996fb92427ae41e4649b934ca495991b7852b855	0	ic0/trials/producer-v2/generated-candidate/composition/Forward/14-Pcw-replay.patch
73a525730acb7db3dd868390fcf261f11366d5e9537df515f9ea73fd4fd3aa0e	13241	ic0/trials/producer-v2/generated-candidate/composition/Forward/14-Pcw.patch
e3b0c44298fc1c149afbf4c8996fb92427ae41e4649b934ca495991b7852b855	0	ic0/trials/producer-v2/generated-candidate/composition/Forward/15-Dgc-replay.patch
1278578729e4dbe2d8c86fe31ec7a86ba94f3d95a239b7cf0a472dfeab246c97	20651	ic0/trials/producer-v2/generated-candidate/composition/Forward/15-Dgc.patch
e3b0c44298fc1c149afbf4c8996fb92427ae41e4649b934ca495991b7852b855	0	ic0/trials/producer-v2/generated-candidate/composition/Forward/16-Nul-replay.patch
7f91e9ab515a3e067f323cb779f0be7d63d86105ff5fbd874d88cb6fcaf31606	5571	ic0/trials/producer-v2/generated-candidate/composition/Forward/16-Nul.patch
e3b0c44298fc1c149afbf4c8996fb92427ae41e4649b934ca495991b7852b855	0	ic0/trials/producer-v2/generated-candidate/composition/Forward/17-Hct-replay.patch
1ebb83934c4f466070964ab8f21c0eecd59ae842c5a527ffa1fd9181488c994f	50313	ic0/trials/producer-v2/generated-candidate/composition/Forward/17-Hct.patch
e3b0c44298fc1c149afbf4c8996fb92427ae41e4649b934ca495991b7852b855	0	ic0/trials/producer-v2/generated-candidate/composition/Forward/18-Hts-replay.patch
2412e1520ebb550f464b2524bf2d10400f5c2918ce6fa2d66ed24380613f53a5	107771	ic0/trials/producer-v2/generated-candidate/composition/Forward/18-Hts.patch
e3b0c44298fc1c149afbf4c8996fb92427ae41e4649b934ca495991b7852b855	0	ic0/trials/producer-v2/generated-candidate/composition/Forward/19-Ipr-replay.patch
c3c6085ab8d35359d97d783c510ff7fe84b1200cce4f36b79da5197b34264040	10525	ic0/trials/producer-v2/generated-candidate/composition/Forward/19-Ipr.patch
e3b0c44298fc1c149afbf4c8996fb92427ae41e4649b934ca495991b7852b855	0	ic0/trials/producer-v2/generated-candidate/composition/Forward/20-Aca-replay.patch
52f34060ef1f8f8f01dbe3e0f73f1e9a85a9815817a47ab107e20ee6afd27d1d	10488	ic0/trials/producer-v2/generated-candidate/composition/Forward/20-Aca.patch
e3b0c44298fc1c149afbf4c8996fb92427ae41e4649b934ca495991b7852b855	0	ic0/trials/producer-v2/generated-candidate/composition/Forward/21-Acs-replay.patch
ceca658f9404317c00a9c940d7f408e06cc8ade66b9ac0058f4bdd6892ab23cf	3453	ic0/trials/producer-v2/generated-candidate/composition/Forward/21-Acs.patch
e3b0c44298fc1c149afbf4c8996fb92427ae41e4649b934ca495991b7852b855	0	ic0/trials/producer-v2/generated-candidate/composition/Forward/22-Arm-replay.patch
04fe17305c2f4c45aeb0c73469e7e8940f6f197d3d88e8f6f5da66327f9a8397	6060	ic0/trials/producer-v2/generated-candidate/composition/Forward/22-Arm.patch
e3b0c44298fc1c149afbf4c8996fb92427ae41e4649b934ca495991b7852b855	0	ic0/trials/producer-v2/generated-candidate/composition/Forward/23-Scp-replay.patch
26fcf05e9ef4e4ec3a833b0c529baaaf402b84f82a791e7a9eae1fc98c1fc01a	7168	ic0/trials/producer-v2/generated-candidate/composition/Forward/23-Scp.patch
e3b0c44298fc1c149afbf4c8996fb92427ae41e4649b934ca495991b7852b855	0	ic0/trials/producer-v2/generated-candidate/composition/Forward/24-Aml-replay.patch
d44a50ff38dcfbf52539252335bc528ffd1a382442c7072a310668322b250280	9859	ic0/trials/producer-v2/generated-candidate/composition/Forward/24-Aml.patch
e3b0c44298fc1c149afbf4c8996fb92427ae41e4649b934ca495991b7852b855	0	ic0/trials/producer-v2/generated-candidate/composition/Forward/25-Amc-replay.patch
b4356fc59d0371d4027e59ed6c2bf0eab55ce63f521cb818bd119f81c7fb4401	27822	ic0/trials/producer-v2/generated-candidate/composition/Forward/25-Amc.patch
e3b0c44298fc1c149afbf4c8996fb92427ae41e4649b934ca495991b7852b855	0	ic0/trials/producer-v2/generated-candidate/composition/Forward/26-Agt-replay.patch
70e14532bf208f7ca942a9267b8db6f39d0ab2488322e031a9d2d71497cd54b9	56934	ic0/trials/producer-v2/generated-candidate/composition/Forward/26-Agt.patch
e3b0c44298fc1c149afbf4c8996fb92427ae41e4649b934ca495991b7852b855	0	ic0/trials/producer-v2/generated-candidate/composition/Forward/27-Avr-replay.patch
f9b2d40ccc4450975cb198ec5632be349d5a8321fb986a843c5214cc7667f3b5	19062	ic0/trials/producer-v2/generated-candidate/composition/Forward/27-Avr.patch
e3b0c44298fc1c149afbf4c8996fb92427ae41e4649b934ca495991b7852b855	0	ic0/trials/producer-v2/generated-candidate/composition/Forward/28-Avp-replay.patch
d72270904e61083e495beb5b9c8628d1c56dc3da6c98b82ea05adc50fdcd10a9	9998	ic0/trials/producer-v2/generated-candidate/composition/Forward/28-Avp.patch
e3b0c44298fc1c149afbf4c8996fb92427ae41e4649b934ca495991b7852b855	0	ic0/trials/producer-v2/generated-candidate/composition/Forward/29-Arr-replay.patch
5aea70c82e82a306f394444679aa744160ffe656de96b5f9168eee599cc36876	62417	ic0/trials/producer-v2/generated-candidate/composition/Forward/29-Arr.patch
e3b0c44298fc1c149afbf4c8996fb92427ae41e4649b934ca495991b7852b855	0	ic0/trials/producer-v2/generated-candidate/composition/Forward/30-Awr-replay.patch
c0b1e2abdc3af08be411647cdd2f55578ca4e388a11489b9a0027d044d801af2	40560	ic0/trials/producer-v2/generated-candidate/composition/Forward/30-Awr.patch
e3b0c44298fc1c149afbf4c8996fb92427ae41e4649b934ca495991b7852b855	0	ic0/trials/producer-v2/generated-candidate/composition/Forward/31-Ard-replay.patch
5502880fd1462a86417e378f7cf72399a9c09d2600ff0c9b29e4ad24b4f58e55	14685	ic0/trials/producer-v2/generated-candidate/composition/Forward/31-Ard.patch
e3b0c44298fc1c149afbf4c8996fb92427ae41e4649b934ca495991b7852b855	0	ic0/trials/producer-v2/generated-candidate/composition/Forward/32-Awb-replay.patch
2abed8dfb990663e4eeb9b03a731f9b38c9829c888aa3fbc62e30ac0289ae85f	35019	ic0/trials/producer-v2/generated-candidate/composition/Forward/32-Awb.patch
e3b0c44298fc1c149afbf4c8996fb92427ae41e4649b934ca495991b7852b855	0	ic0/trials/producer-v2/generated-candidate/composition/Forward/33-Amb-replay.patch
a3a56406d3fcaadf36b432807bead60e0253477f8084069dc1949d12f85b49b0	29456	ic0/trials/producer-v2/generated-candidate/composition/Forward/33-Amb.patch
e3b0c44298fc1c149afbf4c8996fb92427ae41e4649b934ca495991b7852b855	0	ic0/trials/producer-v2/generated-candidate/composition/Forward/34-Awd-replay.patch
c2d2b9cb6330208634abaaee6ea7a517fee9c7e1d27d95a0f112f6d96f99abb6	17014	ic0/trials/producer-v2/generated-candidate/composition/Forward/34-Awd.patch
e3b0c44298fc1c149afbf4c8996fb92427ae41e4649b934ca495991b7852b855	0	ic0/trials/producer-v2/generated-candidate/composition/Forward/35-Aad-replay.patch
a34571e496d3f90bf7ef68ae9b1e7e6bd7c020c03789cc86806bfb6facca204e	6242	ic0/trials/producer-v2/generated-candidate/composition/Forward/35-Aad.patch
e3b0c44298fc1c149afbf4c8996fb92427ae41e4649b934ca495991b7852b855	0	ic0/trials/producer-v2/generated-candidate/composition/Forward/36-Jop-replay.patch
02874a6dca84d2ba025c8294aa49c58f0872378ffd6f4e178ead027915c9fda0	25632	ic0/trials/producer-v2/generated-candidate/composition/Forward/36-Jop.patch
e3b0c44298fc1c149afbf4c8996fb92427ae41e4649b934ca495991b7852b855	0	ic0/trials/producer-v2/generated-candidate/composition/Reverse/01-Jop-replay.patch
02874a6dca84d2ba025c8294aa49c58f0872378ffd6f4e178ead027915c9fda0	25632	ic0/trials/producer-v2/generated-candidate/composition/Reverse/01-Jop.patch
e3b0c44298fc1c149afbf4c8996fb92427ae41e4649b934ca495991b7852b855	0	ic0/trials/producer-v2/generated-candidate/composition/Reverse/02-Aad-replay.patch
a34571e496d3f90bf7ef68ae9b1e7e6bd7c020c03789cc86806bfb6facca204e	6242	ic0/trials/producer-v2/generated-candidate/composition/Reverse/02-Aad.patch
e3b0c44298fc1c149afbf4c8996fb92427ae41e4649b934ca495991b7852b855	0	ic0/trials/producer-v2/generated-candidate/composition/Reverse/03-Awd-replay.patch
c2d2b9cb6330208634abaaee6ea7a517fee9c7e1d27d95a0f112f6d96f99abb6	17014	ic0/trials/producer-v2/generated-candidate/composition/Reverse/03-Awd.patch
e3b0c44298fc1c149afbf4c8996fb92427ae41e4649b934ca495991b7852b855	0	ic0/trials/producer-v2/generated-candidate/composition/Reverse/04-Amb-replay.patch
a3a56406d3fcaadf36b432807bead60e0253477f8084069dc1949d12f85b49b0	29456	ic0/trials/producer-v2/generated-candidate/composition/Reverse/04-Amb.patch
e3b0c44298fc1c149afbf4c8996fb92427ae41e4649b934ca495991b7852b855	0	ic0/trials/producer-v2/generated-candidate/composition/Reverse/05-Awb-replay.patch
2abed8dfb990663e4eeb9b03a731f9b38c9829c888aa3fbc62e30ac0289ae85f	35019	ic0/trials/producer-v2/generated-candidate/composition/Reverse/05-Awb.patch
e3b0c44298fc1c149afbf4c8996fb92427ae41e4649b934ca495991b7852b855	0	ic0/trials/producer-v2/generated-candidate/composition/Reverse/06-Ard-replay.patch
5502880fd1462a86417e378f7cf72399a9c09d2600ff0c9b29e4ad24b4f58e55	14685	ic0/trials/producer-v2/generated-candidate/composition/Reverse/06-Ard.patch
e3b0c44298fc1c149afbf4c8996fb92427ae41e4649b934ca495991b7852b855	0	ic0/trials/producer-v2/generated-candidate/composition/Reverse/07-Awr-replay.patch
c0b1e2abdc3af08be411647cdd2f55578ca4e388a11489b9a0027d044d801af2	40560	ic0/trials/producer-v2/generated-candidate/composition/Reverse/07-Awr.patch
e3b0c44298fc1c149afbf4c8996fb92427ae41e4649b934ca495991b7852b855	0	ic0/trials/producer-v2/generated-candidate/composition/Reverse/08-Arr-replay.patch
5aea70c82e82a306f394444679aa744160ffe656de96b5f9168eee599cc36876	62417	ic0/trials/producer-v2/generated-candidate/composition/Reverse/08-Arr.patch
e3b0c44298fc1c149afbf4c8996fb92427ae41e4649b934ca495991b7852b855	0	ic0/trials/producer-v2/generated-candidate/composition/Reverse/09-Avp-replay.patch
d72270904e61083e495beb5b9c8628d1c56dc3da6c98b82ea05adc50fdcd10a9	9998	ic0/trials/producer-v2/generated-candidate/composition/Reverse/09-Avp.patch
e3b0c44298fc1c149afbf4c8996fb92427ae41e4649b934ca495991b7852b855	0	ic0/trials/producer-v2/generated-candidate/composition/Reverse/10-Avr-replay.patch
f9b2d40ccc4450975cb198ec5632be349d5a8321fb986a843c5214cc7667f3b5	19062	ic0/trials/producer-v2/generated-candidate/composition/Reverse/10-Avr.patch
e3b0c44298fc1c149afbf4c8996fb92427ae41e4649b934ca495991b7852b855	0	ic0/trials/producer-v2/generated-candidate/composition/Reverse/11-Agt-replay.patch
70e14532bf208f7ca942a9267b8db6f39d0ab2488322e031a9d2d71497cd54b9	56934	ic0/trials/producer-v2/generated-candidate/composition/Reverse/11-Agt.patch
e3b0c44298fc1c149afbf4c8996fb92427ae41e4649b934ca495991b7852b855	0	ic0/trials/producer-v2/generated-candidate/composition/Reverse/12-Amc-replay.patch
b4356fc59d0371d4027e59ed6c2bf0eab55ce63f521cb818bd119f81c7fb4401	27822	ic0/trials/producer-v2/generated-candidate/composition/Reverse/12-Amc.patch
e3b0c44298fc1c149afbf4c8996fb92427ae41e4649b934ca495991b7852b855	0	ic0/trials/producer-v2/generated-candidate/composition/Reverse/13-Aml-replay.patch
d44a50ff38dcfbf52539252335bc528ffd1a382442c7072a310668322b250280	9859	ic0/trials/producer-v2/generated-candidate/composition/Reverse/13-Aml.patch
e3b0c44298fc1c149afbf4c8996fb92427ae41e4649b934ca495991b7852b855	0	ic0/trials/producer-v2/generated-candidate/composition/Reverse/14-Scp-replay.patch
26fcf05e9ef4e4ec3a833b0c529baaaf402b84f82a791e7a9eae1fc98c1fc01a	7168	ic0/trials/producer-v2/generated-candidate/composition/Reverse/14-Scp.patch
e3b0c44298fc1c149afbf4c8996fb92427ae41e4649b934ca495991b7852b855	0	ic0/trials/producer-v2/generated-candidate/composition/Reverse/15-Arm-replay.patch
04fe17305c2f4c45aeb0c73469e7e8940f6f197d3d88e8f6f5da66327f9a8397	6060	ic0/trials/producer-v2/generated-candidate/composition/Reverse/15-Arm.patch
e3b0c44298fc1c149afbf4c8996fb92427ae41e4649b934ca495991b7852b855	0	ic0/trials/producer-v2/generated-candidate/composition/Reverse/16-Acs-replay.patch
ceca658f9404317c00a9c940d7f408e06cc8ade66b9ac0058f4bdd6892ab23cf	3453	ic0/trials/producer-v2/generated-candidate/composition/Reverse/16-Acs.patch
e3b0c44298fc1c149afbf4c8996fb92427ae41e4649b934ca495991b7852b855	0	ic0/trials/producer-v2/generated-candidate/composition/Reverse/17-Aca-replay.patch
52f34060ef1f8f8f01dbe3e0f73f1e9a85a9815817a47ab107e20ee6afd27d1d	10488	ic0/trials/producer-v2/generated-candidate/composition/Reverse/17-Aca.patch
e3b0c44298fc1c149afbf4c8996fb92427ae41e4649b934ca495991b7852b855	0	ic0/trials/producer-v2/generated-candidate/composition/Reverse/18-Ipr-replay.patch
c3c6085ab8d35359d97d783c510ff7fe84b1200cce4f36b79da5197b34264040	10525	ic0/trials/producer-v2/generated-candidate/composition/Reverse/18-Ipr.patch
e3b0c44298fc1c149afbf4c8996fb92427ae41e4649b934ca495991b7852b855	0	ic0/trials/producer-v2/generated-candidate/composition/Reverse/19-Hts-replay.patch
2412e1520ebb550f464b2524bf2d10400f5c2918ce6fa2d66ed24380613f53a5	107771	ic0/trials/producer-v2/generated-candidate/composition/Reverse/19-Hts.patch
e3b0c44298fc1c149afbf4c8996fb92427ae41e4649b934ca495991b7852b855	0	ic0/trials/producer-v2/generated-candidate/composition/Reverse/20-Hct-replay.patch
1ebb83934c4f466070964ab8f21c0eecd59ae842c5a527ffa1fd9181488c994f	50313	ic0/trials/producer-v2/generated-candidate/composition/Reverse/20-Hct.patch
e3b0c44298fc1c149afbf4c8996fb92427ae41e4649b934ca495991b7852b855	0	ic0/trials/producer-v2/generated-candidate/composition/Reverse/21-Nul-replay.patch
7f91e9ab515a3e067f323cb779f0be7d63d86105ff5fbd874d88cb6fcaf31606	5571	ic0/trials/producer-v2/generated-candidate/composition/Reverse/21-Nul.patch
e3b0c44298fc1c149afbf4c8996fb92427ae41e4649b934ca495991b7852b855	0	ic0/trials/producer-v2/generated-candidate/composition/Reverse/22-Dgc-replay.patch
1278578729e4dbe2d8c86fe31ec7a86ba94f3d95a239b7cf0a472dfeab246c97	20651	ic0/trials/producer-v2/generated-candidate/composition/Reverse/22-Dgc.patch
e3b0c44298fc1c149afbf4c8996fb92427ae41e4649b934ca495991b7852b855	0	ic0/trials/producer-v2/generated-candidate/composition/Reverse/23-Pcw-replay.patch
73a525730acb7db3dd868390fcf261f11366d5e9537df515f9ea73fd4fd3aa0e	13241	ic0/trials/producer-v2/generated-candidate/composition/Reverse/23-Pcw.patch
e3b0c44298fc1c149afbf4c8996fb92427ae41e4649b934ca495991b7852b855	0	ic0/trials/producer-v2/generated-candidate/composition/Reverse/24-Pco-replay.patch
551c8b13aa8ae41fb37fdfaa75ac39e92339cfcef65a040d474129ad6cd61585	81921	ic0/trials/producer-v2/generated-candidate/composition/Reverse/24-Pco.patch
e3b0c44298fc1c149afbf4c8996fb92427ae41e4649b934ca495991b7852b855	0	ic0/trials/producer-v2/generated-candidate/composition/Reverse/25-Pcd-replay.patch
ea9c26f0596cd857c1fafb79f89bcf35c4e390e3eca73aedb76129feda28029f	53796	ic0/trials/producer-v2/generated-candidate/composition/Reverse/25-Pcd.patch
e3b0c44298fc1c149afbf4c8996fb92427ae41e4649b934ca495991b7852b855	0	ic0/trials/producer-v2/generated-candidate/composition/Reverse/26-Jma-replay.patch
d7efc718a146ccea2d0114fbf607aad0cf6d89be841bb081927b02233d63259e	37313	ic0/trials/producer-v2/generated-candidate/composition/Reverse/26-Jma.patch
e3b0c44298fc1c149afbf4c8996fb92427ae41e4649b934ca495991b7852b855	0	ic0/trials/producer-v2/generated-candidate/composition/Reverse/27-Jgr-replay.patch
b40707d6f00882ca6f2f1f59956bef7414d40257b7d8b802b9573e1c8cdb4458	50559	ic0/trials/producer-v2/generated-candidate/composition/Reverse/27-Jgr.patch
e3b0c44298fc1c149afbf4c8996fb92427ae41e4649b934ca495991b7852b855	0	ic0/trials/producer-v2/generated-candidate/composition/Reverse/28-Cib-replay.patch
639e17e325ba25dae4fa682b962ae6e55c4d1344afebaa12737758a64688baf1	3146	ic0/trials/producer-v2/generated-candidate/composition/Reverse/28-Cib.patch
e3b0c44298fc1c149afbf4c8996fb92427ae41e4649b934ca495991b7852b855	0	ic0/trials/producer-v2/generated-candidate/composition/Reverse/29-Ciw-replay.patch
ed82c2e9f2768180c1f07f5722bdee2672a23f9cdfaf381ea4b6b52bd8c50ad9	85639	ic0/trials/producer-v2/generated-candidate/composition/Reverse/29-Ciw.patch
e3b0c44298fc1c149afbf4c8996fb92427ae41e4649b934ca495991b7852b855	0	ic0/trials/producer-v2/generated-candidate/composition/Reverse/30-Fnd-replay.patch
3771ef032ee66b44bae653d976f714980c5ef83a2b56e428175921f6ee44447e	108210	ic0/trials/producer-v2/generated-candidate/composition/Reverse/30-Fnd.patch
e3b0c44298fc1c149afbf4c8996fb92427ae41e4649b934ca495991b7852b855	0	ic0/trials/producer-v2/generated-candidate/composition/Reverse/31-Sdc-replay.patch
88ab8ca07ec53b85b293240a6ec242b672d7eabe84810c16aaf8b455fa98f582	6370	ic0/trials/producer-v2/generated-candidate/composition/Reverse/31-Sdc.patch
e3b0c44298fc1c149afbf4c8996fb92427ae41e4649b934ca495991b7852b855	0	ic0/trials/producer-v2/generated-candidate/composition/Reverse/32-Cor-replay.patch
3c86a045e3888b32d5298a2563cb808f527dee85ea736dca6305e6c90be54834	5590	ic0/trials/producer-v2/generated-candidate/composition/Reverse/32-Cor.patch
e3b0c44298fc1c149afbf4c8996fb92427ae41e4649b934ca495991b7852b855	0	ic0/trials/producer-v2/generated-candidate/composition/Reverse/33-Gpc-replay.patch
4ca613bb071c357e6c4db8af917a4071e1cdce4e9520725f49943dcda5bc7233	27276	ic0/trials/producer-v2/generated-candidate/composition/Reverse/33-Gpc.patch
e3b0c44298fc1c149afbf4c8996fb92427ae41e4649b934ca495991b7852b855	0	ic0/trials/producer-v2/generated-candidate/composition/Reverse/34-Cri-replay.patch
a7b9d6735820a6b3522ad9c3ff6316aa0ddc8397d41e03d4b86234bc74e154dc	973	ic0/trials/producer-v2/generated-candidate/composition/Reverse/34-Cri.patch
e3b0c44298fc1c149afbf4c8996fb92427ae41e4649b934ca495991b7852b855	0	ic0/trials/producer-v2/generated-candidate/composition/Reverse/35-Cgo-replay.patch
ceb6a01575e5bf88d952fd0a062d297663159e4c23f06acb58791bc6065c21f4	12451	ic0/trials/producer-v2/generated-candidate/composition/Reverse/35-Cgo.patch
e3b0c44298fc1c149afbf4c8996fb92427ae41e4649b934ca495991b7852b855	0	ic0/trials/producer-v2/generated-candidate/composition/Reverse/36-Cmp-replay.patch
0be61727e9052bf742fe1f0f8f686e4fc4d15e5879c42c78a0d8e2ec5eac67b6	146495	ic0/trials/producer-v2/generated-candidate/composition/Reverse/36-Cmp.patch
61a4555f7f97571bba36b2fd6cad63bc0ca5e8ba496f813f85569bf927c5a5db	5296	ic0/trials/producer-v2/generated-candidate/m3/backports/compatibility_policy.py
bbb1e7384c0f600dd8e3c4ee89e838961fe692e3e5e4963be17d4485ee9bafa6	32695	ic0/trials/producer-v2/generated-candidate/m3/backports/generate_recipe_crates.py
28db2dae8e9f8de51237bef0cb945ef70439b66a9b8f484e5e1503202a3836d6	11182	ic0/trials/producer-v2/generated-candidate/m3/backports/materialize_generated_crates.py
7f3babb54445a1bb662d9ac50ded06efe38e8a502a0f2b3445e81a5ef2536ec4	1214	ic0/trials/producer-v2/generated-candidate/m3/backports/recipes/jep-467-markdown/GA_RECONCILIATION.json
c7713ff2601f86aea82edab25d17791342d12737865dd3ee15bd99fd3031fc1f	43759	ic0/trials/producer-v2/generated-candidate/m3/backports/recipes/jep-467-markdown/collection-map.tsv
3d3ea39ea6f41aa5fae83b5229fa524019434110576396ee11a6eb20e0a7afff	552	ic0/trials/producer-v2/generated-candidate/m3/backports/recipes/jep-467-markdown/collection.tsv
300e894ccf38292db599a961b209459c4fcdb576b2124b0b77d8e8e6080b9261	143	ic0/trials/producer-v2/generated-candidate/m3/backports/recipes/jep-485-gatherers/POLICY.tsv
4c86fb6ddc117ed481309811887df97233803c708dd19b599516e229cddf4178	5159	ic0/trials/producer-v2/generated-candidate/m3/backports/recipes/jep-485-gatherers/README.md
6f23e04cf11046fd90452740d549e55c3f12dfb785036137886739d73539844f	344	ic0/trials/producer-v2/generated-candidate/m3/backports/recipes/jep-485-gatherers/atom-evidence.tsv
4fb1e9d7e6b77693c35a65fbd26a4e117c39c6367c4839eb5956aa9de01e006d	6551	ic0/trials/producer-v2/generated-candidate/m3/backports/recipes/jep-485-gatherers/materialize.py
097dd1b794593570fdf3eb51b00a9be4c6a83a274fd6ef97c350251d20065fbc	4339	ic0/trials/producer-v2/generated-candidate/m3/backports/recipes/jep-485-gatherers/test_materialize.py
2940fa6f37604db870c625d5d4745b1b8e3c615db172d91b5815d5668beaa057	684	ic0/trials/producer-v2/generated-candidate/m3/backports/recipes/jep-493-runtime-image/CURRENT_TREE_RECEIPT.tsv
a7954b1a16905829d5daa4372faceabc707b1ca2820bdf8ddc40457a29f4f37e	1012	ic0/trials/producer-v2/generated-candidate/m3/backports/recipes/jep-493-runtime-image/GA_RECONCILIATION.json
06c9e0780afc2ac325c4d826dd0404885ebe2cc7f3804fc1e6b49e011fcf0388	442	ic0/trials/producer-v2/generated-candidate/m3/backports/recipes/jep-493-runtime-image/MATERIALIZATION_POLICY.tsv
6370e7b8a83d1424592acfaa9e4864a26f48b9979fed3cb0d132f0f4ac02236a	3786	ic0/trials/producer-v2/generated-candidate/m3/backports/recipes/jep-493-runtime-image/README.md
a68b03733006a278854dedccc9cf4a9b238c43e92d501ab601ce137dfbd2b4ef	7488	ic0/trials/producer-v2/generated-candidate/m3/backports/recipes/jep-493-runtime-image/collection-map.tsv
7bbea48d108f758adf8f7da038f51273c5d0191f213d920a22414c452ae2fc56	449	ic0/trials/producer-v2/generated-candidate/m3/backports/recipes/jep-493-runtime-image/collection.tsv
45f7cfac63f7d553ff80bd8448dcfea994c9c43af9cff6afe0af5fd326243a04	10267	ic0/trials/producer-v2/generated-candidate/m3/backports/test_compatibility_policy.py
1109f2c7f0637ea606d9275d45a644c7e6dfcd85d776281bfd87f1c27d2f1dd3	43840	ic0/trials/producer-v2/generated-candidate/m3/backports/test_generate_recipe_crates.py
eca5ed510e5d6dcac6911cf4cf0cb95d6e016ebf197475d68d3f8cce6e3face1	9798	ic0/trials/producer-v2/generated-candidate/m3/backports/test_materialize_generated_crates.py
149d1d4ccc6fa531425597eadbc759378366108fef57bb6e8a8b27b70477dcd1	5550	ic0/trials/producer-v2/generated-candidate/m3/docs/a3-lab.md
f28d3cd66fdb757b819dc8ad264a9097eb770f1d25995698ca12e6387cd9bd5d	3078	ic0/trials/producer-v2/generated-candidate/m3/docs/a3-mastery-receipt.md
eb8ca3340f628e3955d9bea0cfa7d6c0dca5cf0623f85d82335b1c68380a000e	2540	ic0/trials/producer-v2/generated-candidate/m3/docs/a3-mastery-v6.md
269cba753f97c8903446fcba3db0a056557ab92b9e7d545cea8461c0afbeb877	5105	ic0/trials/producer-v2/generated-candidate/m3/docs/a3-mastery.md
5b611c1a9c486e36698fce1112d8e876cb98e465ef6c291d7aa94409c6242e18	8625	ic0/trials/producer-v2/generated-candidate/m3/docs/a3.md
cf6a75806908fee920ecbf7bbe548182f1d9db179e9cc554e36739b1c45a6e6c	423495	ic0/trials/producer-v2/generated-candidate/m3/docs/name-mapping.json
da68bc2e110f1e6cfcadef240393c121c86a8bcc3341202a900e2c8e3466e1b5	57323	ic0/trials/producer-v2/generated-candidate/m3/migration/classver-evidence.json
a716b1128c5796a553e14c520deb07795d0394229496eb67b93de07913e3126d	9662	ic0/trials/producer-v2/generated-candidate/m3/migration/classver.py
4114b546749888ec5e6065ea6087d39ea63bafb6ce5881e2239eafaade3b7787	56771	ic0/trials/producer-v2/generated-candidate/m3/migration/migration.py
50bfc9b138e5029767d44c39c1fbc7b589a0d2563701398d958d60e1868d21dc	10052	ic0/trials/producer-v2/generated-candidate/m3/migration/prepare_immutable_inputs.py
fc0e4aa46859f49c3c8e914b95243b279bbd2a0e7737f6535d8947b769153a2f	15213	ic0/trials/producer-v2/generated-candidate/m3/migration/test/test_classver.py
765f001aa41f95c1dfd9994ba64101526ce0324ede896228803133ec9313b9e9	77751	ic0/trials/producer-v2/generated-candidate/m3/migration/test/test_intake.py
cfe8e8930916ef96c7d23dd9d0942f082c5eb1d6cf4b2a2f6e9f3d69d8fa3e41	3341	ic0/trials/producer-v2/generated-candidate/m3/migration/test/test_intake_recipe.py
9d79d07bb31ded0e5ec9eebef1095ae25be8f20c55f9e72aee4ba64852790594	16119	ic0/trials/producer-v2/generated-candidate/m3/migration/test/test_jcc_handoff_context_profiles.py
30a838a363fb05f9c1caf48fd36c0a67de0767708e4b198b77af37ee0c41eb63	7629	ic0/trials/producer-v2/generated-candidate/m3/migration/test/test_jcc_handoff_current_context.py
fde72eb9f2b682f50004defbc70e6d886a3f646abb0d89c0aec5de8ab0dbd30d	13634	ic0/trials/producer-v2/generated-candidate/m3/migration/test/test_jcc_handoff_packet.py
faed3fa2e7103aaca8dca51b7bd9660453276d5ba424120c9b5537e5d617c194	5456	ic0/trials/producer-v2/generated-candidate/m3/tooling/a3/pom.xml
a320a7da28264c23120e6296e376822f9795d4735084299701613d41c4e0ca2b	6088	ic0/trials/producer-v2/generated-candidate/m3/tooling/a3/src/main/java/com/m3/a3/A3.java
0de471de5a54e1c87153e4b1c23c4013a800f07595cfc05eec7bd4e68f1345d6	10008	ic0/trials/producer-v2/generated-candidate/m3/tooling/a3/src/main/java/com/m3/a3/A3Alg.java
c0ff0c45cf310f233a18e163682d0c12876694a93b1f39a332ecf9e125c82c55	7750	ic0/trials/producer-v2/generated-candidate/m3/tooling/a3/src/main/java/com/m3/a3/A3Cases.java
de69a27d63c8591bce12967b82d01cd407d3e7a450ddf65fe8636d61616a4be7	20534	ic0/trials/producer-v2/generated-candidate/m3/tooling/a3/src/main/java/com/m3/a3/A3Gate.java
d45a759b1f51e117af486d9c8b66ca7e9ab8bfeb1764b619680cf4441d759e87	17041	ic0/trials/producer-v2/generated-candidate/m3/tooling/a3/src/main/java/com/m3/a3/A3Lab.java
78eb9fd9168850dd0908621385ad6246acc4690ea375ecace754205708f81edc	9874	ic0/trials/producer-v2/generated-candidate/m3/tooling/a3/src/main/java/com/m3/a3/A3M.java
87c9ab22a66c6289325e4f612967e5921fc922240cd7cd1b7c5986b506fda390	10108	ic0/trials/producer-v2/generated-candidate/m3/tooling/a3/src/main/java/com/m3/a3/A3MCodec.java
acc1f301aef53281ccbb26c78921537de99f98bc3f401906f5be658c761f62ef	6447	ic0/trials/producer-v2/generated-candidate/m3/tooling/a3/src/main/java/com/m3/a3/A3MemoryCompiler.java
19f7e3fb8c5f4332ab721d1962ab9cac261c524a10d9d91272346636fbe86ada	7516	ic0/trials/producer-v2/generated-candidate/m3/tooling/a3/src/main/java/com/m3/a3/A3RegexMatrix.java
4153ba0405d19e1b49762ec2c1cdd6c42971e000f0660c674587d8611336ef14	6575	ic0/trials/producer-v2/generated-candidate/m3/tooling/a3/src/test/java/com/m3/a3/A3GateTest.java
48dfc6ab7c68ad7d3342dda8d0086e1f7ec74dce4a7b1943d4ff7e0b32d8c52b	7131	ic0/trials/producer-v2/generated-candidate/m3/tooling/a3/src/test/java/com/m3/a3/A3LabTest.java
a7887d62f0caf5f6ae9750622ed09129536b9b9a3da31c057cac35117a7621de	6319	ic0/trials/producer-v2/generated-candidate/m3/tooling/a3/src/test/java/com/m3/a3/A3MTest.java
8922e21e4f814dc99282cf1828786a0347552454003e23ac2fa91aa8710851b1	4466	ic0/trials/producer-v2/generated-candidate/m3/tooling/a3/src/test/java/com/m3/a3/A3PlanTest.java
9f09f5058b1e9aed653efb67b6f4f5fe3bcaa05681f1a232dd95576562aa5c19	4321	ic0/trials/producer-v2/generated-candidate/m3/tooling/backport-dag/pom.xml
bb60ed0722b7f67a9413afd1ffa255230690f27a1b003b9eaf2df93a1b8bde48	8155	ic0/trials/producer-v2/generated-candidate/m3/tooling/backport-dag/src/main/java/com/m3/tooling/dag/M3BackportPacketCollection.java
1d6900f115f54508dca1e1f3e925fa1903c32d71f97a87dfc7c1494c60856a52	12182	ic0/trials/producer-v2/generated-candidate/m3/tooling/backport-dag/src/main/java/com/m3/tooling/dag/M3PacketCollectionLoader.java
8f3a18434d35e540de9a16df022fff3596963c1c2f021ee6e16b7e24e7ca3e53	3138	ic0/trials/producer-v2/generated-candidate/m3/tooling/backport-dag/src/main/java/com/m3/tooling/dag/M3PacketCollectionMain.java
d24ade8a8ddbb22eb78621c99f458f8d96807b74be12294c3e7ce7f9f95764c8	5167	ic0/trials/producer-v2/generated-candidate/m3/tooling/backport-dag/src/main/java/com/m3/tooling/dag/M3PacketDagComposer.java
59a09aaec010cade4f24d4ef8163e412e63c3a8664d1fef155f7b87a309137ce	6189	ic0/trials/producer-v2/generated-candidate/m3/tooling/backport-dag/src/main/java/com/m3/tooling/dag/M3RecipeDag.java
7741718f54913038f45c4dd552c9891a9d2ada3b3d55189910a54d30954a7120	2377	ic0/trials/producer-v2/generated-candidate/m3/tooling/backport-dag/src/main/resources/com/m3/tooling/dag/adapters/airflow/m3_backport_dag.py
d9abd0532c48169e7e890381bbea022577091d852c366d94ce00c149053efc49	1003	ic0/trials/producer-v2/generated-candidate/m3/tooling/backport-dag/src/main/resources/com/m3/tooling/dag/adapters/camel/m3-backport-route.yaml
885492be4de4d8a12d345c272fc5ecc897150fd823aaedbc4a770c424044b3e3	1575	ic0/trials/producer-v2/generated-candidate/m3/tooling/backport-dag/src/main/resources/com/m3/tooling/dag/adapters/drools/m3-backport-admission.drl
fcece5585c961f7c67bfac9fbc3f6d2bb5cdd9a12bccceaa70c6e384ee540f1d	1695	ic0/trials/producer-v2/generated-candidate/m3/tooling/backport-dag/src/test/java/com/m3/tooling/dag/M3BackportDagLoaderTest.java
18462864241391a44566764ad4307fbc46894b988a2569dcf820e940961ab225	51135	ic0/trials/producer-v2/generated-candidate/m3/tooling/backport-dag/src/test/java/com/m3/tooling/dag/M3BackportPacketCollectionTest.java
cad129631f107efe062a8850e0c8a6a9bc98875142742d4f3c18dd745b29393d	13835	ic0/trials/producer-v2/generated-candidate/m3/tooling/backport-dag/src/test/java/com/m3/tooling/dag/M3PacketDagComposerTest.java
d4470dc68c4259b599ceb67cf403cb127945f9c0f5215ba400399a689efd8c6d	12586	ic0/trials/producer-v2/generated-candidate/m3/tooling/backport-dag/src/test/java/com/m3/tooling/dag/M3RecipeDagTest.java
7d1c50f1340f811f48e17a64b0674fcf631219f69c7878531602b09310beb198	79534	ic0/trials/producer-v2/generated-candidate/m3/tooling/image-gates/current-c0.json
acd49abfe66383ae325ced5adf371716f76eb164749ddb2e19a0dcf5638a4e96	8723	ic0/trials/producer-v2/generated-candidate/m3/tooling/image-gates/src/test/python/test_current_context.py
924f82ab0df19c7c24a9c208c93880fab36da2c9216572c33b4219d6c0208f64	16970	ic0/trials/producer-v2/generated-candidate/m3/tooling/image-gates/verify-current.py
a53bdeee8afe28b90cb0e348e718b70610a9487edb1b75b46e09bfb76e0f3dc9	3522	ic0/trials/producer-v2/generated-candidate/m3/tooling/migration-recipes/pom.xml
521a7f07e59f507e0ce3193a3d0c7540c232a37c74128d954b52670677498241	2338	ic0/trials/producer-v2/generated-candidate/m3/tooling/migration-recipes/src/main/java/com/m3/rewrite/a3/M3A3AlgorithmCatalogueManifest.java
eb28c15b30a454a2e7a10c6a99791e101f811248762ce7f5104d322b9c2773d6	7506	ic0/trials/producer-v2/generated-candidate/m3/tooling/migration-recipes/src/main/java/com/m3/rewrite/a3/M3A3MasteryV6Recipe.java
99a26f393466db29e3a2cd36727eb906e9b40dc68df663e95a0174e00067b624	3174	ic0/trials/producer-v2/generated-candidate/m3/tooling/migration-recipes/src/main/java/com/m3/rewrite/backport/M3Jep485StreamGatherersBackportRecipe.java
3a17ae820b3962b8b3481e1c96217f593c348643d5cbd5f3a3c6dae218aa9683	506	ic0/trials/producer-v2/generated-candidate/m3/tooling/migration-recipes/src/main/resources/META-INF/rewrite/m3-a3-mastery-receipt-workflow.yml
c29d8a05ff2ff6b7e684c276b070a439c6a3ef145671f26ad6a77a8cf09d4c0a	519	ic0/trials/producer-v2/generated-candidate/m3/tooling/migration-recipes/src/main/resources/META-INF/rewrite/m3-a3-mastery-receipt.yml
f0f9ce2d1252cc5ab0de210f1f06623227db7b702961c5aecf966ad12b3041e5	564	ic0/trials/producer-v2/generated-candidate/m3/tooling/migration-recipes/src/main/resources/META-INF/rewrite/m3-a3-mastery-v6.yml
77ee719e75092e9b9ee765bfce2b7cb9a14b40814aa8be15c1aaea5b211016c2	395	ic0/trials/producer-v2/generated-candidate/m3/tooling/migration-recipes/src/main/resources/META-INF/rewrite/m3-jep485-stream-gatherers.yml
0de471de5a54e1c87153e4b1c23c4013a800f07595cfc05eec7bd4e68f1345d6	10008	ic0/trials/producer-v2/generated-candidate/m3/tooling/migration-recipes/src/main/resources/com/m3/rewrite/a3-algorithm-catalogue/after/A3Alg.java
8922e21e4f814dc99282cf1828786a0347552454003e23ac2fa91aa8710851b1	4466	ic0/trials/producer-v2/generated-candidate/m3/tooling/migration-recipes/src/main/resources/com/m3/rewrite/a3-algorithm-catalogue/after/A3PlanTest.java
de69a27d63c8591bce12967b82d01cd407d3e7a450ddf65fe8636d61616a4be7	20534	ic0/trials/producer-v2/generated-candidate/m3/tooling/migration-recipes/src/main/resources/com/m3/rewrite/a3-mastery-v6/A3Gate.java.txt
4153ba0405d19e1b49762ec2c1cdd6c42971e000f0660c674587d8611336ef14	6575	ic0/trials/producer-v2/generated-candidate/m3/tooling/migration-recipes/src/main/resources/com/m3/rewrite/a3-mastery-v6/A3GateTest.java.txt
149d1d4ccc6fa531425597eadbc759378366108fef57bb6e8a8b27b70477dcd1	5550	ic0/trials/producer-v2/generated-candidate/m3/tooling/migration-recipes/src/main/resources/com/m3/rewrite/backport/jdk21-hash-pinned-text/a3-mastery-receipt-workflow/a3-lab.md.txt
269cba753f97c8903446fcba3db0a056557ab92b9e7d545cea8461c0afbeb877	5105	ic0/trials/producer-v2/generated-candidate/m3/tooling/migration-recipes/src/main/resources/com/m3/rewrite/backport/jdk21-hash-pinned-text/a3-mastery-receipt-workflow/a3-mastery.md.txt
5b611c1a9c486e36698fce1112d8e876cb98e465ef6c291d7aa94409c6242e18	8625	ic0/trials/producer-v2/generated-candidate/m3/tooling/migration-recipes/src/main/resources/com/m3/rewrite/backport/jdk21-hash-pinned-text/a3-mastery-receipt-workflow/a3.md.txt
4ff049c2f7b0e8eb01aa6eb643f7588caea10b1e544653f78f68fe9566e88951	825	ic0/trials/producer-v2/generated-candidate/m3/tooling/migration-recipes/src/main/resources/com/m3/rewrite/backport/jdk21-hash-pinned-text/a3-mastery-receipt-workflow/manifest.tsv
d3cce7617f65ba818df045502f41917b5b9bef1c5b3b848ae3bee03ce949ae79	4558	ic0/trials/producer-v2/generated-candidate/m3/tooling/migration-recipes/src/main/resources/com/m3/rewrite/backport/jdk21-hash-pinned-text/a3-mastery-receipt-workflow/pom.xml.txt
e2224918c07412ab448140f4f842224629c3b4fb72a04b41a592f7c627e83775	11744	ic0/trials/producer-v2/generated-candidate/m3/tooling/migration-recipes/src/main/resources/com/m3/rewrite/backport/jdk21-hash-pinned-text/a3-mastery-receipt-workflow/workflow.yml.txt
ed492007ff21c2166a17c0a4162cc9cdb775c744d54215d32bba736bcc1067aa	150	ic0/trials/producer-v2/generated-candidate/m3/tooling/migration-recipes/src/main/resources/com/m3/rewrite/backport/jdk21-hash-pinned-text/a3-mastery-v6-pom/manifest.tsv
b7d67c2492a2de593aaeebe47ce6bbf657a0ab0b1d59349866ccb7d835208ac8	4531	ic0/trials/producer-v2/generated-candidate/m3/tooling/migration-recipes/src/main/resources/com/m3/rewrite/backport/jdk21-hash-pinned-text/a3-mastery-v6-pom/pom.xml.txt
e4ea964db1a6f9527122ff0dad1c969a43dc50a0f80c771c86b70bcd6da6dcaf	2875	ic0/trials/producer-v2/generated-candidate/m3/tooling/migration-recipes/src/main/resources/com/m3/rewrite/backport/jdk21-hash-pinned-text/jcc-handoff-20261005/plan-intake-752-ci.json
8034d77f1124584888dce10760bd2f5dae55eeb93497f7a0db1d09a3a197ec5f	2873	ic0/trials/producer-v2/generated-candidate/m3/tooling/migration-recipes/src/main/resources/com/m3/rewrite/backport/jdk21-hash-pinned-text/jcc-handoff-20261005/plan-intake-8131.json
8544be570c2656c5fa641ae34fc01eaea420bbb420f6d80ce5f95253504e9888	3383	ic0/trials/producer-v2/generated-candidate/m3/tooling/migration-recipes/src/main/resources/com/m3/rewrite/backport/jdk21-hash-pinned-text/jcc-handoff-20261005/pom-before-752.xml
518f9f7dbdebf450973cba859525d509c3c79fce6b51c6f4cbbf563e2f5651fa	76036	ic0/trials/producer-v2/generated-candidate/m3/tooling/migration-recipes/src/main/resources/com/m3/rewrite/backport/jdk21-hash-pinned/jdk22-m3-string-history-convergence/16-AbstractStringBuilder.java.txt
0285ce4946d66bea00e0b5d4bd52e863e5d60f84bb71171a26bdbd4c61da0bd9	3300	ic0/trials/producer-v2/generated-candidate/m3/tooling/migration-recipes/src/main/resources/com/m3/rewrite/backport/jdk21-hash-pinned/jdk22-m3-string-history-convergence/manifest.tsv
50f5dda3d0a585720003801c1945516ce8b19ea033d5f6738517083bc4982cd5	4259	ic0/trials/producer-v2/generated-candidate/m3/tooling/migration-recipes/src/main/resources/com/m3/rewrite/backport/jdk21-hash-pinned/jdk22-recipe-closure/02-M3RecipeScopeRegistry.java.txt
5ee44459bd8725b89e92ad8cd0c7572954f7655331d8b7f7dc92a8b59b09cb6e	8906	ic0/trials/producer-v2/generated-candidate/m3/tooling/migration-recipes/src/main/resources/com/m3/rewrite/backport/jdk21-hash-pinned/jdk22-recipe-closure/03-M3RecipeScopeDeclarationTest.java.txt
0f79229a093fc3a53158401bb29a627e71f2774292b4d727e6c0911b9f2a47c9	934	ic0/trials/producer-v2/generated-candidate/m3/tooling/migration-recipes/src/main/resources/com/m3/rewrite/backport/jdk21-hash-pinned/jdk22-recipe-closure/manifest.tsv
107e583af7e846ea83774cc681e649e52fa6edef571165dcd717200cd720898f	24060	ic0/trials/producer-v2/generated-candidate/m3/tooling/migration-recipes/src/main/resources/com/m3/rewrite/backport/jdk21-hash-pinned/jdk24-jep485-stream-gatherers/01-Gatherer.java.txt
c63219a36e3898c8c5bd14886582bacc675099a4bdaa08964bac6ae724a608f9	31435	ic0/trials/producer-v2/generated-candidate/m3/tooling/migration-recipes/src/main/resources/com/m3/rewrite/backport/jdk21-hash-pinned/jdk24-jep485-stream-gatherers/03-Gatherers.java.txt
211a5ffd20dd3c4a640d0739c41b071cfbf103dbb26069ab07c6dbf037e4d3a9	14856	ic0/trials/producer-v2/generated-candidate/m3/tooling/migration-recipes/src/main/resources/com/m3/rewrite/backport/jdk21-hash-pinned/jdk24-jep485-stream-gatherers/11-GatherersMapConcurrentTest.java.txt
d5671e86b1a958fa91a6819d49dd72dd62365b865b1605e4a83e0f8491ea7a5a	2598	ic0/trials/producer-v2/generated-candidate/m3/tooling/migration-recipes/src/main/resources/com/m3/rewrite/backport/jdk21-hash-pinned/jdk24-jep485-stream-gatherers/manifest.tsv
c0ff0c45cf310f233a18e163682d0c12876694a93b1f39a332ecf9e125c82c55	7750	ic0/trials/producer-v2/generated-candidate/m3/tooling/migration-recipes/src/main/resources/com/synexia/rewrite/hash-pinned-java/a3-mastery-lab/A3Cases.java.after
0bff4ddf1d6a002510903127bc56c7a2921bfa5851ac8217007eb3699b9febac	734	ic0/trials/producer-v2/generated-candidate/m3/tooling/migration-recipes/src/main/resources/com/synexia/rewrite/hash-pinned-java/a3-mastery-lab/manifest.tsv
a320a7da28264c23120e6296e376822f9795d4735084299701613d41c4e0ca2b	6088	ic0/trials/producer-v2/generated-candidate/m3/tooling/migration-recipes/src/main/resources/com/synexia/rewrite/hash-pinned-java/a3-mastery-receipt/A3.java.after
d45a759b1f51e117af486d9c8b66ca7e9ab8bfeb1764b619680cf4441d759e87	17041	ic0/trials/producer-v2/generated-candidate/m3/tooling/migration-recipes/src/main/resources/com/synexia/rewrite/hash-pinned-java/a3-mastery-receipt/A3Lab.java.after
48dfc6ab7c68ad7d3342dda8d0086e1f7ec74dce4a7b1943d4ff7e0b32d8c52b	7131	ic0/trials/producer-v2/generated-candidate/m3/tooling/migration-recipes/src/main/resources/com/synexia/rewrite/hash-pinned-java/a3-mastery-receipt/A3LabTest.java.after
78eb9fd9168850dd0908621385ad6246acc4690ea375ecace754205708f81edc	9874	ic0/trials/producer-v2/generated-candidate/m3/tooling/migration-recipes/src/main/resources/com/synexia/rewrite/hash-pinned-java/a3-mastery-receipt/A3M.java.after
87c9ab22a66c6289325e4f612967e5921fc922240cd7cd1b7c5986b506fda390	10108	ic0/trials/producer-v2/generated-candidate/m3/tooling/migration-recipes/src/main/resources/com/synexia/rewrite/hash-pinned-java/a3-mastery-receipt/A3MCodec.java.after
a7887d62f0caf5f6ae9750622ed09129536b9b9a3da31c057cac35117a7621de	6319	ic0/trials/producer-v2/generated-candidate/m3/tooling/migration-recipes/src/main/resources/com/synexia/rewrite/hash-pinned-java/a3-mastery-receipt/A3MTest.java.after
948e5e29a8912cd2def07610d281e35d5ebeac4a95ba7f2c77ac1fb8ba9c9bb4	926	ic0/trials/producer-v2/generated-candidate/m3/tooling/migration-recipes/src/main/resources/com/synexia/rewrite/hash-pinned-java/a3-mastery-receipt/manifest.tsv
acc1f301aef53281ccbb26c78921537de99f98bc3f401906f5be658c761f62ef	6447	ic0/trials/producer-v2/generated-candidate/m3/tooling/migration-recipes/src/main/resources/com/synexia/rewrite/hash-pinned-java/a3-regex-memory-lab/A3MemoryCompiler.java.after
19f7e3fb8c5f4332ab721d1962ab9cac261c524a10d9d91272346636fbe86ada	7516	ic0/trials/producer-v2/generated-candidate/m3/tooling/migration-recipes/src/main/resources/com/synexia/rewrite/hash-pinned-java/a3-regex-memory-lab/A3RegexMatrix.java.after
e7a96b1290ead86d3861f0388423504078cc8f66f10303f73e0a7d44a6e5776b	658	ic0/trials/producer-v2/generated-candidate/m3/tooling/migration-recipes/src/main/resources/com/synexia/rewrite/hash-pinned-java/a3-regex-memory-lab/manifest.tsv
f8e225a3cc43fdb8e56534a78997760774601deafc95a05c87d5975ed5cb5aad	5927	ic0/trials/producer-v2/generated-candidate/m3/tooling/migration-recipes/src/test/java/com/m3/rewrite/M3A3MasteryReceiptDeliveryRecipeTest.java
a8e7c77c57e9b9517cc14b8659e8b46e2cce11b29ea7ac0a35c80ab8ac7e8c48	5716	ic0/trials/producer-v2/generated-candidate/m3/tooling/migration-recipes/src/test/java/com/m3/rewrite/M3A3MasteryReceiptWorkflowRecipeTest.java
2d5e39a2d1dcdc37f5008929f72de335ae96d6408a3516f8246f956f7c43b2d5	2995	ic0/trials/producer-v2/generated-candidate/m3/tooling/migration-recipes/src/test/java/com/m3/rewrite/M3A3MasteryV6DeliveryTest.java
f34470a701cf71b4b4abbe1fa9a5091392a930426ec84d700f13e53edd244629	5380	ic0/trials/producer-v2/generated-candidate/m3/tooling/migration-recipes/src/test/java/com/m3/rewrite/M3A3RegexMemoryLabDeliveryRecipeTest.java
3f3ab065d9e87e9f6095629a56b052642ec9d0883a466430e90a4a4355edd05b	4975	ic0/trials/producer-v2/generated-candidate/m3/tooling/migration-recipes/src/test/java/com/m3/rewrite/M3A3RegexMemoryWorkflowRecipeTest.java
990ac79aad3fcc1d7df181a57504a29d39025f7c3effe15e7794644c889832a7	5952	ic0/trials/producer-v2/generated-candidate/m3/tooling/migration-recipes/src/test/java/com/m3/rewrite/a3/M3A3MasteryV6RecipeTest.java
02131ab6cc2ca7c58f95e5791f05e70ef2315de552763a7d6f96fb5838074fcc	8715	ic0/trials/producer-v2/generated-candidate/m3/tooling/migration-recipes/src/test/java/com/m3/rewrite/backport/M3Jep485StreamGatherersBackportRecipeTest.java
372922e185ceb9a2694ae1161b1162603b47e9932edfc2e6aa6bb50f3c05da3c	11146	ic0/trials/producer-v2/generated-candidate/m3/tooling/migration-recipes/src/test/java/com/m3/rewrite/scope/M3ScopeCoverageClosureTest.java
d9d39747f40bb5eff6ba8639e1e5d0554f0223cc94c09443fe1b2054aac9c3d6	5171	ic0/trials/producer-v2/generated-candidate/m3/tooling/migration-recipes/src/test/resources/com/m3/rewrite/a3-mastery-receipt-workflow/before/a3-lab.md
01a428a662ffbdbd22dcd39d1fea7b69084ce34cada0bb5582b8c3686615750d	3974	ic0/trials/producer-v2/generated-candidate/m3/tooling/migration-recipes/src/test/resources/com/m3/rewrite/a3-mastery-receipt-workflow/before/a3-mastery.md
9c5177ee233ee5335131c9106b7a6faa0041b1cd09e9385e36909d8c6365cf87	8267	ic0/trials/producer-v2/generated-candidate/m3/tooling/migration-recipes/src/test/resources/com/m3/rewrite/a3-mastery-receipt-workflow/before/a3.md
27308b049acc122f62f9cb9a9a679a94640952c423b04495c0ef5b9a2c824ec1	3633	ic0/trials/producer-v2/generated-candidate/m3/tooling/migration-recipes/src/test/resources/com/m3/rewrite/a3-mastery-receipt-workflow/before/pom.xml
b408f0b8d0e4d6e197230e3cb1469d14e0d52aecd33ac55c71f11d513d6e23ec	10881	ic0/trials/producer-v2/generated-candidate/m3/tooling/migration-recipes/src/test/resources/com/m3/rewrite/a3-mastery-receipt-workflow/before/workflow.yml
6d9ec887c87898167748ca5f77598f95a6784cfaf14882f4983733c006374b77	5127	ic0/trials/producer-v2/generated-candidate/m3/tooling/migration-recipes/src/test/resources/com/m3/rewrite/a3-mastery-receipt/before/A3.java
c212736f000836cb782a5ff81fd2de48e67d36ea4b3bd53cf7743c4aadbfdaf6	16196	ic0/trials/producer-v2/generated-candidate/m3/tooling/migration-recipes/src/test/resources/com/m3/rewrite/a3-mastery-receipt/before/A3Lab.java
351eeac06154189e79f3d139336437d5911da5721c9a95a779ebd5d511997d9c	6117	ic0/trials/producer-v2/generated-candidate/m3/tooling/migration-recipes/src/test/resources/com/m3/rewrite/a3-mastery-receipt/before/A3LabTest.java
27308b049acc122f62f9cb9a9a679a94640952c423b04495c0ef5b9a2c824ec1	3633	ic0/trials/producer-v2/generated-candidate/m3/tooling/migration-recipes/src/test/resources/com/m3/rewrite/a3-mastery-v6/pom.before.xml
dde797e49266f4d89ec271cb705f238a72d26e95e5e5865c6b608d924fde9d0d	18329	ic0/trials/producer-v2/generated-candidate/m3/tooling/migration-recipes/src/test/resources/com/m3/rewrite/atom/spectrum/CORPUS.tsv
828164ada2300dbd8935a6ac34992d47be8f8c2f211ca5d3950fa7916550acf1	2247	ic0/trials/producer-v2/generated-candidate/m3/tooling/recipe-catalogue.tsv
36a55432074cf8c2c6e6e8463c1c4cd7751edea16b99d28a69001a511a995705	76253	ic0/trials/producer-v2/generated-candidate/src/java.base/share/classes/java/lang/AbstractStringBuilder.java
107e583af7e846ea83774cc681e649e52fa6edef571165dcd717200cd720898f	24060	ic0/trials/producer-v2/generated-candidate/src/java.base/share/classes/java/util/stream/Gatherer.java
c63219a36e3898c8c5bd14886582bacc675099a4bdaa08964bac6ae724a608f9	31435	ic0/trials/producer-v2/generated-candidate/src/java.base/share/classes/java/util/stream/Gatherers.java
211a5ffd20dd3c4a640d0739c41b071cfbf103dbb26069ab07c6dbf037e4d3a9	14856	ic0/trials/producer-v2/generated-candidate/test/jdk/java/util/stream/GatherersMapConcurrentTest.java
9f83e19d1aecd5fef33c20dc4a8d64c8026e0dd088fda7168fc13c9e1ed31b7b	788477	ic0/trials/producer-v2/inputs.json
49ce0d807964572834a2e319539a8fcfac826918f5950a57590392d5730a2225	1450	ic0/trials/producer-v2/junit.json
6e8e5f8303cc7c93df1a152ee51d97bc8b6af44e4b9c279e9e22f6c7afab063b	4400	ic0/trials/producer-v2/project/README.md
8015207ce502d22955f7f77697177e5939fa1e25be7cd74be89c639335ae48e6	12032	ic0/trials/producer-v2/project/dependency-source/com/m3/rewrite/backport/M3Jdk21HashPinnedTextSnapshotRecipe.java
2c5b8d596b12319fe66532f0d06325ff33016b826ea22395e407f6c2ea63265e	3693	ic0/trials/producer-v2/project/pom.xml
c463d62bd3d5898b4d747f57867dfb79b96d5d94962ea57637cc622e93b26d70	66573	ic0/trials/producer-v2/project/proof.py
0c604b7af2a6452b39904b7f0756fdd5e4e4d723d48f590627b3b1d807746880	299	ic0/trials/producer-v2/project/src/main/resources/META-INF/rewrite/ic0-aad.yml
c1ab214a10ab317018ae4cc1f869352ff1d76f049f4faebbee696f691be22bf0	299	ic0/trials/producer-v2/project/src/main/resources/META-INF/rewrite/ic0-aca.yml
1ba8035f242159e2b81f35f22f11525bd47146d1026a39fd8b5d57a032a6173e	299	ic0/trials/producer-v2/project/src/main/resources/META-INF/rewrite/ic0-acs.yml
5743aaa8366d3b8a48e24e2a9f79b2bc47d6730ea77e238c720fdd4762554b50	299	ic0/trials/producer-v2/project/src/main/resources/META-INF/rewrite/ic0-agt.yml
7d5356930f83356b46d85b5f78b0f3bfa45bb234edc5b4bb5a05f1d79ca38444	299	ic0/trials/producer-v2/project/src/main/resources/META-INF/rewrite/ic0-amb.yml
cf3d71ff3bf8a1594bbef42c368d13395635ac94024b75fbb601b2bbacc4abd7	299	ic0/trials/producer-v2/project/src/main/resources/META-INF/rewrite/ic0-amc.yml
a0ad526a0f49864dcaeff71b36b6297c9d3f9713c363432dcf83bf5b1708e8e4	299	ic0/trials/producer-v2/project/src/main/resources/META-INF/rewrite/ic0-aml.yml
e0cb6b3adbb942f0c85e81a6305941551ee823726444c81260773497cf0d6a0b	299	ic0/trials/producer-v2/project/src/main/resources/META-INF/rewrite/ic0-ard.yml
8fe9e8db356b59e0653e4b751f9a50be5e32ec781cab32102d986346150e2503	299	ic0/trials/producer-v2/project/src/main/resources/META-INF/rewrite/ic0-arm.yml
f8b3ad9ac58ed681f30262ad259ebf411bcbdac321f47b20db48520e98889df3	299	ic0/trials/producer-v2/project/src/main/resources/META-INF/rewrite/ic0-arr.yml
4c0c9997e43d75e3a51b5919120e2c781bd66465a5a349dc4f9ae6813ecd0e87	299	ic0/trials/producer-v2/project/src/main/resources/META-INF/rewrite/ic0-avp.yml
d9c88f5a4f828e08f6d058faca47421e7b01563ce3b45e64eae9942cff1d09e9	299	ic0/trials/producer-v2/project/src/main/resources/META-INF/rewrite/ic0-avr.yml
535e1707cecab980ae1b6350bd0a6ebcf63519abd303f6623c1419519fd8ac14	299	ic0/trials/producer-v2/project/src/main/resources/META-INF/rewrite/ic0-awb.yml
b8c06e67d98ff88d9c5c7c4269500a3c5d028e77c497b751756f9e71513c62db	299	ic0/trials/producer-v2/project/src/main/resources/META-INF/rewrite/ic0-awd.yml
1d17ab5d1321e05d1a802980eb78d7f3826d728f5b9c57d00644b2d17f0ca6f5	299	ic0/trials/producer-v2/project/src/main/resources/META-INF/rewrite/ic0-awr.yml
9ac8a77012470e078d1661251e14fef529983f07993e2d8220fafea93ad3f992	299	ic0/trials/producer-v2/project/src/main/resources/META-INF/rewrite/ic0-cgo.yml
2e02f1c87218288908a1c8f7caf4000e0a09526092ad8e0b239829fd5c649f1a	299	ic0/trials/producer-v2/project/src/main/resources/META-INF/rewrite/ic0-cib.yml
73a504f132168f85064e33e4c39bb7f99b919e0f803590ddda142aa2c8e90006	299	ic0/trials/producer-v2/project/src/main/resources/META-INF/rewrite/ic0-ciw.yml
7b4111714397bd599688bc06f350088e77e2cfa881591854c4353ada683c80f4	299	ic0/trials/producer-v2/project/src/main/resources/META-INF/rewrite/ic0-cmp.yml
8b8bae147b5c0bce7a839d624c142b9add9a5855c1ab62fa6c1063d6ddd106ba	299	ic0/trials/producer-v2/project/src/main/resources/META-INF/rewrite/ic0-cor.yml
9b33fa9115154bd78f495120744fe2692de708d454d4e9ecdc2564b83b9f8446	299	ic0/trials/producer-v2/project/src/main/resources/META-INF/rewrite/ic0-cri.yml
04e72853f464d84747e6a8dfee4183765b6c77edc2dc036e0a2b0167cea7d4d2	299	ic0/trials/producer-v2/project/src/main/resources/META-INF/rewrite/ic0-dgc.yml
fa601958457ff53dc279c3ee9fa48f0d24271dc19d0a523c16bf77d1c59f839c	299	ic0/trials/producer-v2/project/src/main/resources/META-INF/rewrite/ic0-fnd.yml
6fbbfa680c965cb25eca2337a7c0ba84ef23761f64ef3f839cbc78da575e9be5	299	ic0/trials/producer-v2/project/src/main/resources/META-INF/rewrite/ic0-gpc.yml
90db450a4e16bd0b7a76c836f01856f66ecfe23aad2ddccfacb236bbfe586095	299	ic0/trials/producer-v2/project/src/main/resources/META-INF/rewrite/ic0-hct.yml
9991a9390481d760cc2f74176fc7c1c723e9c0dd4b809f9d6fedfa68d8969251	299	ic0/trials/producer-v2/project/src/main/resources/META-INF/rewrite/ic0-hts.yml
eb2da19d2894d3bb8d40d681b05d0ce551bce1eb4bf12e51c265cfe1c3898b9f	299	ic0/trials/producer-v2/project/src/main/resources/META-INF/rewrite/ic0-ipr.yml
c39085343c51c602f49ef3c028f043f6347777b3a18b20ef304cf47f57cbff1b	299	ic0/trials/producer-v2/project/src/main/resources/META-INF/rewrite/ic0-jgr.yml
e469ca513b39d34ccae8f892da94cf4607492b2f6686254cb5c4464674c7b393	299	ic0/trials/producer-v2/project/src/main/resources/META-INF/rewrite/ic0-jma.yml
54bb2566e0523c38d3ea2d0a602918c6a0723434d9839d09dea330f2ad40a4a7	299	ic0/trials/producer-v2/project/src/main/resources/META-INF/rewrite/ic0-jop.yml
1dba50bbc7cf069ca5d42d8ef889b18144d3e54ed0e47424bed9f8188665015d	299	ic0/trials/producer-v2/project/src/main/resources/META-INF/rewrite/ic0-nul.yml
ad7008b466e9601c3a3ee090b1955ea276085825db703835a93c83eeacf7daa8	2308	ic0/trials/producer-v2/project/src/main/resources/META-INF/rewrite/ic0-orders.yml
d891d23663b1399d7c71f4569e01fc026e13b7928edc176dafe9c0c99ae91eca	299	ic0/trials/producer-v2/project/src/main/resources/META-INF/rewrite/ic0-pcd.yml
b8657823c20470617557c8b6508f226e13cda2f8f0aee7e5ffcb80a0f7a7a420	299	ic0/trials/producer-v2/project/src/main/resources/META-INF/rewrite/ic0-pco.yml
46568cdbbeb65963aa290f9fe1780b201d95d03ffad733362629b27c26694497	299	ic0/trials/producer-v2/project/src/main/resources/META-INF/rewrite/ic0-pcw.yml
da9c1d79a4295c2a63e7f4b9a289620bfd165ad3ea2b8a7b168565b0e2e6447c	299	ic0/trials/producer-v2/project/src/main/resources/META-INF/rewrite/ic0-scp.yml
3c58e252ae20501b4258f6d7d016e51340e20d0273887a52c96ebddfe3dad996	299	ic0/trials/producer-v2/project/src/main/resources/META-INF/rewrite/ic0-sdc.yml
d1386ec5616bd2570de480991e84880c8f6c2992b0d03f1f93bca63135832f5f	225	ic0/trials/producer-v2/project/src/main/resources/com/m3/rewrite/backport/jdk21-hash-pinned-text/ic0-aad/manifest.tsv
f28d3cd66fdb757b819dc8ad264a9097eb770f1d25995698ca12e6387cd9bd5d	3078	ic0/trials/producer-v2/project/src/main/resources/com/m3/rewrite/backport/jdk21-hash-pinned-text/ic0-aad/target-1.txt
eb8ca3340f628e3955d9bea0cfa7d6c0dca5cf0623f85d82335b1c68380a000e	2540	ic0/trials/producer-v2/project/src/main/resources/com/m3/rewrite/backport/jdk21-hash-pinned-text/ic0-aad/target-2.txt
89d7df5d0190e71b6fb69797fe848b37f5ffb09e274f020135e0df948488782a	1306	ic0/trials/producer-v2/project/src/main/resources/com/m3/rewrite/backport/jdk21-hash-pinned-text/ic0-aca/manifest.tsv
0de471de5a54e1c87153e4b1c23c4013a800f07595cfc05eec7bd4e68f1345d6	10008	ic0/trials/producer-v2/project/src/main/resources/com/m3/rewrite/backport/jdk21-hash-pinned-text/ic0-aca/target-1.txt
8922e21e4f814dc99282cf1828786a0347552454003e23ac2fa91aa8710851b1	4466	ic0/trials/producer-v2/project/src/main/resources/com/m3/rewrite/backport/jdk21-hash-pinned-text/ic0-aca/target-2.txt
a53bdeee8afe28b90cb0e348e718b70610a9487edb1b75b46e09bfb76e0f3dc9	3522	ic0/trials/producer-v2/project/src/main/resources/com/m3/rewrite/backport/jdk21-hash-pinned-text/ic0-aca/target-3.txt
521a7f07e59f507e0ce3193a3d0c7540c232a37c74128d954b52670677498241	2338	ic0/trials/producer-v2/project/src/main/resources/com/m3/rewrite/backport/jdk21-hash-pinned-text/ic0-aca/target-4.txt
0de471de5a54e1c87153e4b1c23c4013a800f07595cfc05eec7bd4e68f1345d6	10008	ic0/trials/producer-v2/project/src/main/resources/com/m3/rewrite/backport/jdk21-hash-pinned-text/ic0-aca/target-5.txt
8922e21e4f814dc99282cf1828786a0347552454003e23ac2fa91aa8710851b1	4466	ic0/trials/producer-v2/project/src/main/resources/com/m3/rewrite/backport/jdk21-hash-pinned-text/ic0-aca/target-6.txt
7d443b17756355cb16d4871d68372194661aafb26cc650d15a71e6ba343d3d6f	712	ic0/trials/producer-v2/project/src/main/resources/com/m3/rewrite/backport/jdk21-hash-pinned-text/ic0-acs/manifest.tsv
c0ff0c45cf310f233a18e163682d0c12876694a93b1f39a332ecf9e125c82c55	7750	ic0/trials/producer-v2/project/src/main/resources/com/m3/rewrite/backport/jdk21-hash-pinned-text/ic0-acs/target-1.txt
c0ff0c45cf310f233a18e163682d0c12876694a93b1f39a332ecf9e125c82c55	7750	ic0/trials/producer-v2/project/src/main/resources/com/m3/rewrite/backport/jdk21-hash-pinned-text/ic0-acs/target-2.txt
0bff4ddf1d6a002510903127bc56c7a2921bfa5851ac8217007eb3699b9febac	734	ic0/trials/producer-v2/project/src/main/resources/com/m3/rewrite/backport/jdk21-hash-pinned-text/ic0-acs/target-3.txt
49cc5867de7b3e55e3532558606cfcb13bd06b256d36314de3d668d630650e17	634	ic0/trials/producer-v2/project/src/main/resources/com/m3/rewrite/backport/jdk21-hash-pinned-text/ic0-agt/manifest.tsv
de69a27d63c8591bce12967b82d01cd407d3e7a450ddf65fe8636d61616a4be7	20534	ic0/trials/producer-v2/project/src/main/resources/com/m3/rewrite/backport/jdk21-hash-pinned-text/ic0-agt/target-1.txt
4153ba0405d19e1b49762ec2c1cdd6c42971e000f0660c674587d8611336ef14	6575	ic0/trials/producer-v2/project/src/main/resources/com/m3/rewrite/backport/jdk21-hash-pinned-text/ic0-agt/target-2.txt
de69a27d63c8591bce12967b82d01cd407d3e7a450ddf65fe8636d61616a4be7	20534	ic0/trials/producer-v2/project/src/main/resources/com/m3/rewrite/backport/jdk21-hash-pinned-text/ic0-agt/target-3.txt
4153ba0405d19e1b49762ec2c1cdd6c42971e000f0660c674587d8611336ef14	6575	ic0/trials/producer-v2/project/src/main/resources/com/m3/rewrite/backport/jdk21-hash-pinned-text/ic0-agt/target-4.txt
07c82862622f587d850e42928e6972df02d549208e94d5742cb511be2f5e40ba	556	ic0/trials/producer-v2/project/src/main/resources/com/m3/rewrite/backport/jdk21-hash-pinned-text/ic0-amb/manifest.tsv
6d9ec887c87898167748ca5f77598f95a6784cfaf14882f4983733c006374b77	5127	ic0/trials/producer-v2/project/src/main/resources/com/m3/rewrite/backport/jdk21-hash-pinned-text/ic0-amb/target-1.txt
c212736f000836cb782a5ff81fd2de48e67d36ea4b3bd53cf7743c4aadbfdaf6	16196	ic0/trials/producer-v2/project/src/main/resources/com/m3/rewrite/backport/jdk21-hash-pinned-text/ic0-amb/target-2.txt
351eeac06154189e79f3d139336437d5911da5721c9a95a779ebd5d511997d9c	6117	ic0/trials/producer-v2/project/src/main/resources/com/m3/rewrite/backport/jdk21-hash-pinned-text/ic0-amb/target-3.txt
86f114bcb03dc7df22a6a1bcea80ad1f7e7030e5b0cb481b7eadff6a12ba32da	405	ic0/trials/producer-v2/project/src/main/resources/com/m3/rewrite/backport/jdk21-hash-pinned-text/ic0-amc/manifest.tsv
78eb9fd9168850dd0908621385ad6246acc4690ea375ecace754205708f81edc	9874	ic0/trials/producer-v2/project/src/main/resources/com/m3/rewrite/backport/jdk21-hash-pinned-text/ic0-amc/target-1.txt
87c9ab22a66c6289325e4f612967e5921fc922240cd7cd1b7c5986b506fda390	10108	ic0/trials/producer-v2/project/src/main/resources/com/m3/rewrite/backport/jdk21-hash-pinned-text/ic0-amc/target-2.txt
a7887d62f0caf5f6ae9750622ed09129536b9b9a3da31c057cac35117a7621de	6319	ic0/trials/producer-v2/project/src/main/resources/com/m3/rewrite/backport/jdk21-hash-pinned-text/ic0-amc/target-3.txt
ec4632138062740f3bea0f050661a176ea356b3734934c7856331dcbc3b21937	577	ic0/trials/producer-v2/project/src/main/resources/com/m3/rewrite/backport/jdk21-hash-pinned-text/ic0-aml/manifest.tsv
a320a7da28264c23120e6296e376822f9795d4735084299701613d41c4e0ca2b	6088	ic0/trials/producer-v2/project/src/main/resources/com/m3/rewrite/backport/jdk21-hash-pinned-text/ic0-aml/target-1.txt
d45a759b1f51e117af486d9c8b66ca7e9ab8bfeb1764b619680cf4441d759e87	17041	ic0/trials/producer-v2/project/src/main/resources/com/m3/rewrite/backport/jdk21-hash-pinned-text/ic0-aml/target-2.txt
48dfc6ab7c68ad7d3342dda8d0086e1f7ec74dce4a7b1943d4ff7e0b32d8c52b	7131	ic0/trials/producer-v2/project/src/main/resources/com/m3/rewrite/backport/jdk21-hash-pinned-text/ic0-aml/target-3.txt
19091afaeb78b0c2aa57d2c57a8197e0a27dee9470f0458c4c10632c1037b2da	731	ic0/trials/producer-v2/project/src/main/resources/com/m3/rewrite/backport/jdk21-hash-pinned-text/ic0-ard/manifest.tsv
3a17ae820b3962b8b3481e1c96217f593c348643d5cbd5f3a3c6dae218aa9683	506	ic0/trials/producer-v2/project/src/main/resources/com/m3/rewrite/backport/jdk21-hash-pinned-text/ic0-ard/target-1.txt
c29d8a05ff2ff6b7e684c276b070a439c6a3ef145671f26ad6a77a8cf09d4c0a	519	ic0/trials/producer-v2/project/src/main/resources/com/m3/rewrite/backport/jdk21-hash-pinned-text/ic0-ard/target-2.txt
f8e225a3cc43fdb8e56534a78997760774601deafc95a05c87d5975ed5cb5aad	5927	ic0/trials/producer-v2/project/src/main/resources/com/m3/rewrite/backport/jdk21-hash-pinned-text/ic0-ard/target-3.txt
a8e7c77c57e9b9517cc14b8659e8b46e2cce11b29ea7ac0a35c80ab8ac7e8c48	5716	ic0/trials/producer-v2/project/src/main/resources/com/m3/rewrite/backport/jdk21-hash-pinned-text/ic0-ard/target-4.txt
39336b3be2d437740a281d3ce3fbda8cd61d0e6e5ebc1e821b98518e1464c5d7	1696	ic0/trials/producer-v2/project/src/main/resources/com/m3/rewrite/backport/jdk21-hash-pinned-text/ic0-arm/manifest.tsv
acc1f301aef53281ccbb26c78921537de99f98bc3f401906f5be658c761f62ef	6447	ic0/trials/producer-v2/project/src/main/resources/com/m3/rewrite/backport/jdk21-hash-pinned-text/ic0-arm/target-1.txt
19f7e3fb8c5f4332ab721d1962ab9cac261c524a10d9d91272346636fbe86ada	7516	ic0/trials/producer-v2/project/src/main/resources/com/m3/rewrite/backport/jdk21-hash-pinned-text/ic0-arm/target-2.txt
acc1f301aef53281ccbb26c78921537de99f98bc3f401906f5be658c761f62ef	6447	ic0/trials/producer-v2/project/src/main/resources/com/m3/rewrite/backport/jdk21-hash-pinned-text/ic0-arm/target-3.txt
19f7e3fb8c5f4332ab721d1962ab9cac261c524a10d9d91272346636fbe86ada	7516	ic0/trials/producer-v2/project/src/main/resources/com/m3/rewrite/backport/jdk21-hash-pinned-text/ic0-arm/target-4.txt
e7a96b1290ead86d3861f0388423504078cc8f66f10303f73e0a7d44a6e5776b	658	ic0/trials/producer-v2/project/src/main/resources/com/m3/rewrite/backport/jdk21-hash-pinned-text/ic0-arm/target-5.txt
f34470a701cf71b4b4abbe1fa9a5091392a930426ec84d700f13e53edd244629	5380	ic0/trials/producer-v2/project/src/main/resources/com/m3/rewrite/backport/jdk21-hash-pinned-text/ic0-arm/target-6.txt
3f3ab065d9e87e9f6095629a56b052642ec9d0883a466430e90a4a4355edd05b	4975	ic0/trials/producer-v2/project/src/main/resources/com/m3/rewrite/backport/jdk21-hash-pinned-text/ic0-arm/target-7.txt
e99545b056b2ee220e71627ae06755317dc12416b626d118140b6efcba38402b	1442	ic0/trials/producer-v2/project/src/main/resources/com/m3/rewrite/backport/jdk21-hash-pinned-text/ic0-arr/manifest.tsv
a320a7da28264c23120e6296e376822f9795d4735084299701613d41c4e0ca2b	6088	ic0/trials/producer-v2/project/src/main/resources/com/m3/rewrite/backport/jdk21-hash-pinned-text/ic0-arr/target-1.txt
d45a759b1f51e117af486d9c8b66ca7e9ab8bfeb1764b619680cf4441d759e87	17041	ic0/trials/producer-v2/project/src/main/resources/com/m3/rewrite/backport/jdk21-hash-pinned-text/ic0-arr/target-2.txt
48dfc6ab7c68ad7d3342dda8d0086e1f7ec74dce4a7b1943d4ff7e0b32d8c52b	7131	ic0/trials/producer-v2/project/src/main/resources/com/m3/rewrite/backport/jdk21-hash-pinned-text/ic0-arr/target-3.txt
78eb9fd9168850dd0908621385ad6246acc4690ea375ecace754205708f81edc	9874	ic0/trials/producer-v2/project/src/main/resources/com/m3/rewrite/backport/jdk21-hash-pinned-text/ic0-arr/target-4.txt
87c9ab22a66c6289325e4f612967e5921fc922240cd7cd1b7c5986b506fda390	10108	ic0/trials/producer-v2/project/src/main/resources/com/m3/rewrite/backport/jdk21-hash-pinned-text/ic0-arr/target-5.txt
a7887d62f0caf5f6ae9750622ed09129536b9b9a3da31c057cac35117a7621de	6319	ic0/trials/producer-v2/project/src/main/resources/com/m3/rewrite/backport/jdk21-hash-pinned-text/ic0-arr/target-6.txt
948e5e29a8912cd2def07610d281e35d5ebeac4a95ba7f2c77ac1fb8ba9c9bb4	926	ic0/trials/producer-v2/project/src/main/resources/com/m3/rewrite/backport/jdk21-hash-pinned-text/ic0-arr/target-7.txt
8a0b1cc6913250370e5ec724876f270b01da80c3a060ec7d66f7fe6b07bbd2d7	598	ic0/trials/producer-v2/project/src/main/resources/com/m3/rewrite/backport/jdk21-hash-pinned-text/ic0-avp/manifest.tsv
ed492007ff21c2166a17c0a4162cc9cdb775c744d54215d32bba736bcc1067aa	150	ic0/trials/producer-v2/project/src/main/resources/com/m3/rewrite/backport/jdk21-hash-pinned-text/ic0-avp/target-1.txt
b7d67c2492a2de593aaeebe47ce6bbf657a0ab0b1d59349866ccb7d835208ac8	4531	ic0/trials/producer-v2/project/src/main/resources/com/m3/rewrite/backport/jdk21-hash-pinned-text/ic0-avp/target-2.txt
27308b049acc122f62f9cb9a9a679a94640952c423b04495c0ef5b9a2c824ec1	3633	ic0/trials/producer-v2/project/src/main/resources/com/m3/rewrite/backport/jdk21-hash-pinned-text/ic0-avp/target-3.txt
64ee61c5460513b0d2e13be1407ae368f22528c8b6dba9ffc23ceb978acda9fe	691	ic0/trials/producer-v2/project/src/main/resources/com/m3/rewrite/backport/jdk21-hash-pinned-text/ic0-avr/manifest.tsv
eb28c15b30a454a2e7a10c6a99791e101f811248762ce7f5104d322b9c2773d6	7506	ic0/trials/producer-v2/project/src/main/resources/com/m3/rewrite/backport/jdk21-hash-pinned-text/ic0-avr/target-1.txt
f0f9ce2d1252cc5ab0de210f1f06623227db7b702961c5aecf966ad12b3041e5	564	ic0/trials/producer-v2/project/src/main/resources/com/m3/rewrite/backport/jdk21-hash-pinned-text/ic0-avr/target-2.txt
2d5e39a2d1dcdc37f5008929f72de335ae96d6408a3516f8246f956f7c43b2d5	2995	ic0/trials/producer-v2/project/src/main/resources/com/m3/rewrite/backport/jdk21-hash-pinned-text/ic0-avr/target-3.txt
990ac79aad3fcc1d7df181a57504a29d39025f7c3effe15e7794644c889832a7	5952	ic0/trials/producer-v2/project/src/main/resources/com/m3/rewrite/backport/jdk21-hash-pinned-text/ic0-avr/target-4.txt
8b9f6945a0f73947008d67771a27a0b5de3f1e4929538f4fb13c9bdc04874ac4	966	ic0/trials/producer-v2/project/src/main/resources/com/m3/rewrite/backport/jdk21-hash-pinned-text/ic0-awb/manifest.tsv
d9d39747f40bb5eff6ba8639e1e5d0554f0223cc94c09443fe1b2054aac9c3d6	5171	ic0/trials/producer-v2/project/src/main/resources/com/m3/rewrite/backport/jdk21-hash-pinned-text/ic0-awb/target-1.txt
01a428a662ffbdbd22dcd39d1fea7b69084ce34cada0bb5582b8c3686615750d	3974	ic0/trials/producer-v2/project/src/main/resources/com/m3/rewrite/backport/jdk21-hash-pinned-text/ic0-awb/target-2.txt
9c5177ee233ee5335131c9106b7a6faa0041b1cd09e9385e36909d8c6365cf87	8267	ic0/trials/producer-v2/project/src/main/resources/com/m3/rewrite/backport/jdk21-hash-pinned-text/ic0-awb/target-3.txt
27308b049acc122f62f9cb9a9a679a94640952c423b04495c0ef5b9a2c824ec1	3633	ic0/trials/producer-v2/project/src/main/resources/com/m3/rewrite/backport/jdk21-hash-pinned-text/ic0-awb/target-4.txt
b408f0b8d0e4d6e197230e3cb1469d14e0d52aecd33ac55c71f11d513d6e23ec	10881	ic0/trials/producer-v2/project/src/main/resources/com/m3/rewrite/backport/jdk21-hash-pinned-text/ic0-awb/target-5.txt
af2684a3af82b6cbebf718bbe59808af8c7ef1b1de52fdcf42a0d90efecc8649	943	ic0/trials/producer-v2/project/src/main/resources/com/m3/rewrite/backport/jdk21-hash-pinned-text/ic0-awd/manifest.tsv
12bb0deb1e9536235a106474865faea7262389dea72150ce6a7cf7e8c65f9c46	2100	ic0/trials/producer-v2/project/src/main/resources/com/m3/rewrite/backport/jdk21-hash-pinned-text/ic0-awd/target-1.txt
e2224918c07412ab448140f4f842224629c3b4fb72a04b41a592f7c627e83775	11744	ic0/trials/producer-v2/project/src/main/resources/com/m3/rewrite/backport/jdk21-hash-pinned-text/ic0-awd/target-2.txt
149d1d4ccc6fa531425597eadbc759378366108fef57bb6e8a8b27b70477dcd1	5550	ic0/trials/producer-v2/project/src/main/resources/com/m3/rewrite/backport/jdk21-hash-pinned-text/ic0-awd/target-3.txt
269cba753f97c8903446fcba3db0a056557ab92b9e7d545cea8461c0afbeb877	5105	ic0/trials/producer-v2/project/src/main/resources/com/m3/rewrite/backport/jdk21-hash-pinned-text/ic0-awd/target-4.txt
5b611c1a9c486e36698fce1112d8e876cb98e465ef6c291d7aa94409c6242e18	8625	ic0/trials/producer-v2/project/src/main/resources/com/m3/rewrite/backport/jdk21-hash-pinned-text/ic0-awd/target-5.txt
faed3fa2e7103aaca8dca51b7bd9660453276d5ba424120c9b5537e5d617c194	5456	ic0/trials/producer-v2/project/src/main/resources/com/m3/rewrite/backport/jdk21-hash-pinned-text/ic0-awd/target-6.txt
018bc7d7ad2c11e7a284ef8adc77299f884237a0d4c0e2fadc7c0cc92b2bcda8	1332	ic0/trials/producer-v2/project/src/main/resources/com/m3/rewrite/backport/jdk21-hash-pinned-text/ic0-awr/manifest.tsv
149d1d4ccc6fa531425597eadbc759378366108fef57bb6e8a8b27b70477dcd1	5550	ic0/trials/producer-v2/project/src/main/resources/com/m3/rewrite/backport/jdk21-hash-pinned-text/ic0-awr/target-1.txt
269cba753f97c8903446fcba3db0a056557ab92b9e7d545cea8461c0afbeb877	5105	ic0/trials/producer-v2/project/src/main/resources/com/m3/rewrite/backport/jdk21-hash-pinned-text/ic0-awr/target-2.txt
5b611c1a9c486e36698fce1112d8e876cb98e465ef6c291d7aa94409c6242e18	8625	ic0/trials/producer-v2/project/src/main/resources/com/m3/rewrite/backport/jdk21-hash-pinned-text/ic0-awr/target-3.txt
4ff049c2f7b0e8eb01aa6eb643f7588caea10b1e544653f78f68fe9566e88951	825	ic0/trials/producer-v2/project/src/main/resources/com/m3/rewrite/backport/jdk21-hash-pinned-text/ic0-awr/target-4.txt
d3cce7617f65ba818df045502f41917b5b9bef1c5b3b848ae3bee03ce949ae79	4558	ic0/trials/producer-v2/project/src/main/resources/com/m3/rewrite/backport/jdk21-hash-pinned-text/ic0-awr/target-5.txt
e2224918c07412ab448140f4f842224629c3b4fb72a04b41a592f7c627e83775	11744	ic0/trials/producer-v2/project/src/main/resources/com/m3/rewrite/backport/jdk21-hash-pinned-text/ic0-awr/target-6.txt
2d3f548908ebd33f2e93d516cd94e19830dbddf79468d9a8c0ff67b42d38e049	1316	ic0/trials/producer-v2/project/src/main/resources/com/m3/rewrite/backport/jdk21-hash-pinned-text/ic0-cgo/manifest.tsv
4c86fb6ddc117ed481309811887df97233803c708dd19b599516e229cddf4178	5159	ic0/trials/producer-v2/project/src/main/resources/com/m3/rewrite/backport/jdk21-hash-pinned-text/ic0-cgo/target-1.txt
6f23e04cf11046fd90452740d549e55c3f12dfb785036137886739d73539844f	344	ic0/trials/producer-v2/project/src/main/resources/com/m3/rewrite/backport/jdk21-hash-pinned-text/ic0-cgo/target-2.txt
99a26f393466db29e3a2cd36727eb906e9b40dc68df663e95a0174e00067b624	3174	ic0/trials/producer-v2/project/src/main/resources/com/m3/rewrite/backport/jdk21-hash-pinned-text/ic0-cgo/target-3.txt
77ee719e75092e9b9ee765bfce2b7cb9a14b40814aa8be15c1aaea5b211016c2	395	ic0/trials/producer-v2/project/src/main/resources/com/m3/rewrite/backport/jdk21-hash-pinned-text/ic0-cgo/target-4.txt
02131ab6cc2ca7c58f95e5791f05e70ef2315de552763a7d6f96fb5838074fcc	8715	ic0/trials/producer-v2/project/src/main/resources/com/m3/rewrite/backport/jdk21-hash-pinned-text/ic0-cgo/target-5.txt
828164ada2300dbd8935a6ac34992d47be8f8c2f211ca5d3950fa7916550acf1	2247	ic0/trials/producer-v2/project/src/main/resources/com/m3/rewrite/backport/jdk21-hash-pinned-text/ic0-cgo/target-6.txt
9ddb6eb1dbc4b618f0cd3817ed5f03f4eecd7202dead3e762f640a93c82456e2	374	ic0/trials/producer-v2/project/src/main/resources/com/m3/rewrite/backport/jdk21-hash-pinned-text/ic0-cib/manifest.tsv
ead40f30276be985b00c2280a3ae41f23e6c1f0a4fc641dd617ff367d5c3c77c	15862	ic0/trials/producer-v2/project/src/main/resources/com/m3/rewrite/backport/jdk21-hash-pinned-text/ic0-cib/target-1.txt
486b0a3980fa727a668d8c30d784f26400cf024516fc10f629aec398427c40f9	6325	ic0/trials/producer-v2/project/src/main/resources/com/m3/rewrite/backport/jdk21-hash-pinned-text/ic0-cib/target-2.txt
556d7744fc7af55e1ef7ee66012872f40633daf0afb030657bb06fcfa1bb8587	529	ic0/trials/producer-v2/project/src/main/resources/com/m3/rewrite/backport/jdk21-hash-pinned-text/ic0-ciw/manifest.tsv
b0ed1b1f29b0c2e8cec3114852f48f8ed7d2f2e3edd77a8df17788eccf6d6deb	4428	ic0/trials/producer-v2/project/src/main/resources/com/m3/rewrite/backport/jdk21-hash-pinned-text/ic0-ciw/target-1.txt
da68bc2e110f1e6cfcadef240393c121c86a8bcc3341202a900e2c8e3466e1b5	57323	ic0/trials/producer-v2/project/src/main/resources/com/m3/rewrite/backport/jdk21-hash-pinned-text/ic0-ciw/target-2.txt
a716b1128c5796a553e14c520deb07795d0394229496eb67b93de07913e3126d	9662	ic0/trials/producer-v2/project/src/main/resources/com/m3/rewrite/backport/jdk21-hash-pinned-text/ic0-ciw/target-3.txt
fc0e4aa46859f49c3c8e914b95243b279bbd2a0e7737f6535d8947b769153a2f	15213	ic0/trials/producer-v2/project/src/main/resources/com/m3/rewrite/backport/jdk21-hash-pinned-text/ic0-ciw/target-4.txt
9ff6c0ec93be56758814de6a2464e063ff49fd821eaa497ecd8b974ac235821b	169	ic0/trials/producer-v2/project/src/main/resources/com/m3/rewrite/backport/jdk21-hash-pinned-text/ic0-cmp/manifest.tsv
cf6a75806908fee920ecbf7bbe548182f1d9db179e9cc554e36739b1c45a6e6c	423495	ic0/trials/producer-v2/project/src/main/resources/com/m3/rewrite/backport/jdk21-hash-pinned-text/ic0-cmp/target-1.txt
f6ae4f6ec95f8a238bf65313858d242f5b32c495bba2091d1b3ea9a964919974	231	ic0/trials/producer-v2/project/src/main/resources/com/m3/rewrite/backport/jdk21-hash-pinned-text/ic0-cor/manifest.tsv
dde797e49266f4d89ec271cb705f238a72d26e95e5e5865c6b608d924fde9d0d	18329	ic0/trials/producer-v2/project/src/main/resources/com/m3/rewrite/backport/jdk21-hash-pinned-text/ic0-cor/target-1.txt
d8ba52bee5619c7f5dc95fadbb84217436e2e337d2c1f8c08a82e4a7da977925	211	ic0/trials/producer-v2/project/src/main/resources/com/m3/rewrite/backport/jdk21-hash-pinned-text/ic0-cri/manifest.tsv
2940fa6f37604db870c625d5d4745b1b8e3c615db172d91b5815d5668beaa057	684	ic0/trials/producer-v2/project/src/main/resources/com/m3/rewrite/backport/jdk21-hash-pinned-text/ic0-cri/target-1.txt
64415c0ae5a5ba87ed9c830bfbafd2596fc7d2cad32be4638a31128f1c2713be	1627	ic0/trials/producer-v2/project/src/main/resources/com/m3/rewrite/backport/jdk21-hash-pinned-text/ic0-dgc/manifest.tsv
59a09aaec010cade4f24d4ef8163e412e63c3a8664d1fef155f7b87a309137ce	6189	ic0/trials/producer-v2/project/src/main/resources/com/m3/rewrite/backport/jdk21-hash-pinned-text/ic0-dgc/target-1.txt
7741718f54913038f45c4dd552c9891a9d2ada3b3d55189910a54d30954a7120	2377	ic0/trials/producer-v2/project/src/main/resources/com/m3/rewrite/backport/jdk21-hash-pinned-text/ic0-dgc/target-2.txt
d9abd0532c48169e7e890381bbea022577091d852c366d94ce00c149053efc49	1003	ic0/trials/producer-v2/project/src/main/resources/com/m3/rewrite/backport/jdk21-hash-pinned-text/ic0-dgc/target-3.txt
885492be4de4d8a12d345c272fc5ecc897150fd823aaedbc4a770c424044b3e3	1575	ic0/trials/producer-v2/project/src/main/resources/com/m3/rewrite/backport/jdk21-hash-pinned-text/ic0-dgc/target-4.txt
fcece5585c961f7c67bfac9fbc3f6d2bb5cdd9a12bccceaa70c6e384ee540f1d	1695	ic0/trials/producer-v2/project/src/main/resources/com/m3/rewrite/backport/jdk21-hash-pinned-text/ic0-dgc/target-5.txt
cad129631f107efe062a8850e0c8a6a9bc98875142742d4f3c18dd745b29393d	13835	ic0/trials/producer-v2/project/src/main/resources/com/m3/rewrite/backport/jdk21-hash-pinned-text/ic0-dgc/target-6.txt
d4470dc68c4259b599ceb67cf403cb127945f9c0f5215ba400399a689efd8c6d	12586	ic0/trials/producer-v2/project/src/main/resources/com/m3/rewrite/backport/jdk21-hash-pinned-text/ic0-dgc/target-7.txt
3e1e1d16d6cea44d0dfda5557ac7748234886843398571a4c2ac23d5b0b0cf7f	577	ic0/trials/producer-v2/project/src/main/resources/com/m3/rewrite/backport/jdk21-hash-pinned-text/ic0-fnd/manifest.tsv
b43095e303e839df207d76a8ae94bdbaf6fa3a05d158335566c929ba8357c283	2759	ic0/trials/producer-v2/project/src/main/resources/com/m3/rewrite/backport/jdk21-hash-pinned-text/ic0-fnd/target-1.txt
7d1c50f1340f811f48e17a64b0674fcf631219f69c7878531602b09310beb198	79534	ic0/trials/producer-v2/project/src/main/resources/com/m3/rewrite/backport/jdk21-hash-pinned-text/ic0-fnd/target-2.txt
acd49abfe66383ae325ced5adf371716f76eb164749ddb2e19a0dcf5638a4e96	8723	ic0/trials/producer-v2/project/src/main/resources/com/m3/rewrite/backport/jdk21-hash-pinned-text/ic0-fnd/target-3.txt
924f82ab0df19c7c24a9c208c93880fab36da2c9216572c33b4219d6c0208f64	16970	ic0/trials/producer-v2/project/src/main/resources/com/m3/rewrite/backport/jdk21-hash-pinned-text/ic0-fnd/target-4.txt
b7ae7304902b40ce7dd730cadd434077d1afa1852579aa18a457e85d13bd0773	1753	ic0/trials/producer-v2/project/src/main/resources/com/m3/rewrite/backport/jdk21-hash-pinned-text/ic0-gpc/manifest.tsv
107e583af7e846ea83774cc681e649e52fa6edef571165dcd717200cd720898f	24060	ic0/trials/producer-v2/project/src/main/resources/com/m3/rewrite/backport/jdk21-hash-pinned-text/ic0-gpc/target-1.txt
c63219a36e3898c8c5bd14886582bacc675099a4bdaa08964bac6ae724a608f9	31435	ic0/trials/producer-v2/project/src/main/resources/com/m3/rewrite/backport/jdk21-hash-pinned-text/ic0-gpc/target-2.txt
211a5ffd20dd3c4a640d0739c41b071cfbf103dbb26069ab07c6dbf037e4d3a9	14856	ic0/trials/producer-v2/project/src/main/resources/com/m3/rewrite/backport/jdk21-hash-pinned-text/ic0-gpc/target-3.txt
d5671e86b1a958fa91a6819d49dd72dd62365b865b1605e4a83e0f8491ea7a5a	2598	ic0/trials/producer-v2/project/src/main/resources/com/m3/rewrite/backport/jdk21-hash-pinned-text/ic0-gpc/target-4.txt
107e583af7e846ea83774cc681e649e52fa6edef571165dcd717200cd720898f	24060	ic0/trials/producer-v2/project/src/main/resources/com/m3/rewrite/backport/jdk21-hash-pinned-text/ic0-gpc/target-5.txt
c63219a36e3898c8c5bd14886582bacc675099a4bdaa08964bac6ae724a608f9	31435	ic0/trials/producer-v2/project/src/main/resources/com/m3/rewrite/backport/jdk21-hash-pinned-text/ic0-gpc/target-6.txt
211a5ffd20dd3c4a640d0739c41b071cfbf103dbb26069ab07c6dbf037e4d3a9	14856	ic0/trials/producer-v2/project/src/main/resources/com/m3/rewrite/backport/jdk21-hash-pinned-text/ic0-gpc/target-7.txt
6449b223baded59c01d47c2a17fe1984aaf00d8427ccc7b96d54ec1aac1a119a	1025	ic0/trials/producer-v2/project/src/main/resources/com/m3/rewrite/backport/jdk21-hash-pinned-text/ic0-hct/manifest.tsv
4114b546749888ec5e6065ea6087d39ea63bafb6ce5881e2239eafaade3b7787	56771	ic0/trials/producer-v2/project/src/main/resources/com/m3/rewrite/backport/jdk21-hash-pinned-text/ic0-hct/target-1.txt
fde72eb9f2b682f50004defbc70e6d886a3f646abb0d89c0aec5de8ab0dbd30d	13634	ic0/trials/producer-v2/project/src/main/resources/com/m3/rewrite/backport/jdk21-hash-pinned-text/ic0-hct/target-2.txt
e4ea964db1a6f9527122ff0dad1c969a43dc50a0f80c771c86b70bcd6da6dcaf	2875	ic0/trials/producer-v2/project/src/main/resources/com/m3/rewrite/backport/jdk21-hash-pinned-text/ic0-hct/target-3.txt
8034d77f1124584888dce10760bd2f5dae55eeb93497f7a0db1d09a3a197ec5f	2873	ic0/trials/producer-v2/project/src/main/resources/com/m3/rewrite/backport/jdk21-hash-pinned-text/ic0-hct/target-4.txt
8544be570c2656c5fa641ae34fc01eaea420bbb420f6d80ce5f95253504e9888	3383	ic0/trials/producer-v2/project/src/main/resources/com/m3/rewrite/backport/jdk21-hash-pinned-text/ic0-hct/target-5.txt
a0d3fc7e68265cf11593a08647eaf6dfe3f2e38aa5199365eecea21b2624ce51	522	ic0/trials/producer-v2/project/src/main/resources/com/m3/rewrite/backport/jdk21-hash-pinned-text/ic0-hts/manifest.tsv
765f001aa41f95c1dfd9994ba64101526ce0324ede896228803133ec9313b9e9	77751	ic0/trials/producer-v2/project/src/main/resources/com/m3/rewrite/backport/jdk21-hash-pinned-text/ic0-hts/target-1.txt
cfe8e8930916ef96c7d23dd9d0942f082c5eb1d6cf4b2a2f6e9f3d69d8fa3e41	3341	ic0/trials/producer-v2/project/src/main/resources/com/m3/rewrite/backport/jdk21-hash-pinned-text/ic0-hts/target-2.txt
9d79d07bb31ded0e5ec9eebef1095ae25be8f20c55f9e72aee4ba64852790594	16119	ic0/trials/producer-v2/project/src/main/resources/com/m3/rewrite/backport/jdk21-hash-pinned-text/ic0-hts/target-3.txt
30a838a363fb05f9c1caf48fd36c0a67de0767708e4b198b77af37ee0c41eb63	7629	ic0/trials/producer-v2/project/src/main/resources/com/m3/rewrite/backport/jdk21-hash-pinned-text/ic0-hts/target-4.txt
caa68576a994442ea21cbef99a730932a461816fc843dbb86e4220f7b361f098	126	ic0/trials/producer-v2/project/src/main/resources/com/m3/rewrite/backport/jdk21-hash-pinned-text/ic0-ipr/manifest.tsv
50bfc9b138e5029767d44c39c1fbc7b589a0d2563701398d958d60e1868d21dc	10052	ic0/trials/producer-v2/project/src/main/resources/com/m3/rewrite/backport/jdk21-hash-pinned-text/ic0-ipr/target-1.txt
c53a4f1aaa6a37b8367225331072bf81ed39444b4ee272d2628ca6981fb49d34	666	ic0/trials/producer-v2/project/src/main/resources/com/m3/rewrite/backport/jdk21-hash-pinned-text/ic0-jgr/manifest.tsv
bbb1e7384c0f600dd8e3c4ee89e838961fe692e3e5e4963be17d4485ee9bafa6	32695	ic0/trials/producer-v2/project/src/main/resources/com/m3/rewrite/backport/jdk21-hash-pinned-text/ic0-jgr/target-1.txt
7f3babb54445a1bb662d9ac50ded06efe38e8a502a0f2b3445e81a5ef2536ec4	1214	ic0/trials/producer-v2/project/src/main/resources/com/m3/rewrite/backport/jdk21-hash-pinned-text/ic0-jgr/target-2.txt
a7954b1a16905829d5daa4372faceabc707b1ca2820bdf8ddc40457a29f4f37e	1012	ic0/trials/producer-v2/project/src/main/resources/com/m3/rewrite/backport/jdk21-hash-pinned-text/ic0-jgr/target-3.txt
1109f2c7f0637ea606d9275d45a644c7e6dfcd85d776281bfd87f1c27d2f1dd3	43840	ic0/trials/producer-v2/project/src/main/resources/com/m3/rewrite/backport/jdk21-hash-pinned-text/ic0-jgr/target-4.txt
b18df1233ea0fa070f4ca05bd47dc2bf24f25a30a754011293a922c7bba254dd	759	ic0/trials/producer-v2/project/src/main/resources/com/m3/rewrite/backport/jdk21-hash-pinned-text/ic0-jma/manifest.tsv
9ade92d7dbd17f113a0a29b712fcf12ec231020a585e6cebd79b291830b01a6e	12048	ic0/trials/producer-v2/project/src/main/resources/com/m3/rewrite/backport/jdk21-hash-pinned-text/ic0-jma/target-1.txt
28db2dae8e9f8de51237bef0cb945ef70439b66a9b8f484e5e1503202a3836d6	11182	ic0/trials/producer-v2/project/src/main/resources/com/m3/rewrite/backport/jdk21-hash-pinned-text/ic0-jma/target-2.txt
06c9e0780afc2ac325c4d826dd0404885ebe2cc7f3804fc1e6b49e011fcf0388	442	ic0/trials/producer-v2/project/src/main/resources/com/m3/rewrite/backport/jdk21-hash-pinned-text/ic0-jma/target-3.txt
6370e7b8a83d1424592acfaa9e4864a26f48b9979fed3cb0d132f0f4ac02236a	3786	ic0/trials/producer-v2/project/src/main/resources/com/m3/rewrite/backport/jdk21-hash-pinned-text/ic0-jma/target-4.txt
eca5ed510e5d6dcac6911cf4cf0cb95d6e016ebf197475d68d3f8cce6e3face1	9798	ic0/trials/producer-v2/project/src/main/resources/com/m3/rewrite/backport/jdk21-hash-pinned-text/ic0-jma/target-5.txt
207aa8d6e307c4c3cc8ff492700096c9231bbfcd19ac737b074587b7d453ba60	558	ic0/trials/producer-v2/project/src/main/resources/com/m3/rewrite/backport/jdk21-hash-pinned-text/ic0-jop/manifest.tsv
d6aa41d308be5fe9e615e25f89f95e3fdc4f9e790326ea8d6bc39641c39ef07b	12801	ic0/trials/producer-v2/project/src/main/resources/com/m3/rewrite/backport/jdk21-hash-pinned-text/ic0-jop/target-1.txt
300e894ccf38292db599a961b209459c4fcdb576b2124b0b77d8e8e6080b9261	143	ic0/trials/producer-v2/project/src/main/resources/com/m3/rewrite/backport/jdk21-hash-pinned-text/ic0-jop/target-2.txt
4fb1e9d7e6b77693c35a65fbd26a4e117c39c6367c4839eb5956aa9de01e006d	6551	ic0/trials/producer-v2/project/src/main/resources/com/m3/rewrite/backport/jdk21-hash-pinned-text/ic0-jop/target-3.txt
097dd1b794593570fdf3eb51b00a9be4c6a83a274fd6ef97c350251d20065fbc	4339	ic0/trials/producer-v2/project/src/main/resources/com/m3/rewrite/backport/jdk21-hash-pinned-text/ic0-jop/target-4.txt
0f6ec78d70e31050ed4e481eb133b1438e378206ea9138c0b0b8c00e161c5d9e	365	ic0/trials/producer-v2/project/src/main/resources/com/m3/rewrite/backport/jdk21-hash-pinned-text/ic0-nul/manifest.tsv
61a4555f7f97571bba36b2fd6cad63bc0ca5e8ba496f813f85569bf927c5a5db	5296	ic0/trials/producer-v2/project/src/main/resources/com/m3/rewrite/backport/jdk21-hash-pinned-text/ic0-nul/target-1.txt
45f7cfac63f7d553ff80bd8448dcfea994c9c43af9cff6afe0af5fd326243a04	10267	ic0/trials/producer-v2/project/src/main/resources/com/m3/rewrite/backport/jdk21-hash-pinned-text/ic0-nul/target-2.txt
775cb5f335659c16a0d8f8c06785552490b7365966317ce3a737f971808ade11	570	ic0/trials/producer-v2/project/src/main/resources/com/m3/rewrite/backport/jdk21-hash-pinned-text/ic0-pcd/manifest.tsv
c7713ff2601f86aea82edab25d17791342d12737865dd3ee15bd99fd3031fc1f	43759	ic0/trials/producer-v2/project/src/main/resources/com/m3/rewrite/backport/jdk21-hash-pinned-text/ic0-pcd/target-1.txt
3d3ea39ea6f41aa5fae83b5229fa524019434110576396ee11a6eb20e0a7afff	552	ic0/trials/producer-v2/project/src/main/resources/com/m3/rewrite/backport/jdk21-hash-pinned-text/ic0-pcd/target-2.txt
a68b03733006a278854dedccc9cf4a9b238c43e92d501ab601ce137dfbd2b4ef	7488	ic0/trials/producer-v2/project/src/main/resources/com/m3/rewrite/backport/jdk21-hash-pinned-text/ic0-pcd/target-3.txt
7bbea48d108f758adf8f7da038f51273c5d0191f213d920a22414c452ae2fc56	449	ic0/trials/producer-v2/project/src/main/resources/com/m3/rewrite/backport/jdk21-hash-pinned-text/ic0-pcd/target-4.txt
b1728a56c6675ff9167e0183b6f371cccb2b53117875a327bd2b83dc2f9adf41	919	ic0/trials/producer-v2/project/src/main/resources/com/m3/rewrite/backport/jdk21-hash-pinned-text/ic0-pco/manifest.tsv
bb60ed0722b7f67a9413afd1ffa255230690f27a1b003b9eaf2df93a1b8bde48	8155	ic0/trials/producer-v2/project/src/main/resources/com/m3/rewrite/backport/jdk21-hash-pinned-text/ic0-pco/target-1.txt
1d6900f115f54508dca1e1f3e925fa1903c32d71f97a87dfc7c1494c60856a52	12182	ic0/trials/producer-v2/project/src/main/resources/com/m3/rewrite/backport/jdk21-hash-pinned-text/ic0-pco/target-2.txt
