path	bytes	sha256	git_blob_sha1	source_commit
m3/migration/test/test_jcc_source_final_handoff_packet.py	16951	9703fd06fdb5f3616a721730270b15d02fb7593976ff4b210109e5ee57375c4f	696ceb92590bcc2548686c6c97b8ba6aa917bb47	0483f79ae51dd578c2e4fec1b8431bd51b59b469
m3/migration/test/test_jcc_source_recovery_handoff_packet.py	17089	90dc23b1a8db4ec3347048c7f85e688a76893633955e877eab723bdd87d58d19	e25e8cff096a7d7785b2d61cdbcea64022bc8b9b	0483f79ae51dd578c2e4fec1b8431bd51b59b469
m3/tooling/migration-recipes/src/main/resources/META-INF/rewrite/m3-jcc-source-final-handoff.yml	632	4aedf7fb2a3bfab3f831f0c5bdba8764752616e2d92182e66f3962efa8446cd2	e4f020e48d3134e597e37b215f5c8405ab75bea1	0483f79ae51dd578c2e4fec1b8431bd51b59b469
m3/tooling/migration-recipes/src/main/resources/META-INF/rewrite/m3-jcc-source-recovery-handoff.yml	638	74248526b328662a9a3ee3cff75b16ff0f3c5d346b035fb5f54d707d738c36bf	a4f8bf20c0794ca1ff74b8f88a663a036872749d	0483f79ae51dd578c2e4fec1b8431bd51b59b469
m3/tooling/migration-recipes/src/main/resources/com/m3/rewrite/backport/jdk21-hash-pinned-text/jcc-source-final-handoff-20261005/after00-name-mapping.json.txt	236215	e4ae516fea9822a4bfe26669e9749e167f52bb30049d520339ee42f3779bc0b3	d10174dd61016069b9d5b73b7fd581a025855bcc	0483f79ae51dd578c2e4fec1b8431bd51b59b469
m3/tooling/migration-recipes/src/main/resources/com/m3/rewrite/backport/jdk21-hash-pinned-text/jcc-source-final-handoff-20261005/after01-jcc-source-handoff.md.txt	16423	59ed76969f86486e7adb377409e284f69577fe02754006fdfe5b3938a16760a0	69ef3f693b65ec5dc95ab38f35c449c933c1c80b	0483f79ae51dd578c2e4fec1b8431bd51b59b469
m3/tooling/migration-recipes/src/main/resources/com/m3/rewrite/backport/jdk21-hash-pinned-text/jcc-source-final-handoff-20261005/after02-source-destination-bindings.json.txt	92103	049c7c1987c05a15f4152fcb8f261a65245d72a25688d5a530a4afa5405cd3ef	b6283a33b9348f4ac6da3adaf5a35edb34a5a0c1	0483f79ae51dd578c2e4fec1b8431bd51b59b469
m3/tooling/migration-recipes/src/main/resources/com/m3/rewrite/backport/jdk21-hash-pinned-text/jcc-source-final-handoff-20261005/after03-root-coverage-obligations.tsv.txt	107597	59c4c970ac75a56aa5d5a3e2f3e88f5caa831eb06be788266c725202b8c64b12	b734e19c2dace50691612215e9a7cfb70c014aab	0483f79ae51dd578c2e4fec1b8431bd51b59b469
m3/tooling/migration-recipes/src/main/resources/com/m3/rewrite/backport/jdk21-hash-pinned-text/jcc-source-final-handoff-20261005/before00-name-mapping.json.txt	220539	536af76dd7b7b7217707662c2f1437af4adaa53af898627b0884e0b4f4603ace	895458cdc16a87f915f34747e1bf8684b827f16d	0483f79ae51dd578c2e4fec1b8431bd51b59b469
m3/tooling/migration-recipes/src/main/resources/com/m3/rewrite/backport/jdk21-hash-pinned-text/jcc-source-final-handoff-20261005/before01-jcc-source-handoff.md.txt	17031	fff2e02f72c07f89c6f8bcabab3839878ff8628f0b31b04bb3632eb62be10337	f7991e22d16e01c9d9626add7d6894a1404dc19c	0483f79ae51dd578c2e4fec1b8431bd51b59b469
m3/tooling/migration-recipes/src/main/resources/com/m3/rewrite/backport/jdk21-hash-pinned-text/jcc-source-final-handoff-20261005/before02-source-destination-bindings.json.txt	24139	cdb5d7f4a0746fe561f51fa9a13cbd9fa319f8196bfd3075ca2288be7f3d1126	375a65a82dd39b5fa278e52472f3a99bdd5c9fdf	0483f79ae51dd578c2e4fec1b8431bd51b59b469
m3/tooling/migration-recipes/src/main/resources/com/m3/rewrite/backport/jdk21-hash-pinned-text/jcc-source-final-handoff-20261005/before03-root-coverage-obligations.tsv.txt	107504	cba3b3315df643f328c4acb2fd08b5194262dc7ad7b40557107a8c614355f55b	5ed0454b97e046042a6ffce38f29a06776016378	0483f79ae51dd578c2e4fec1b8431bd51b59b469
m3/tooling/migration-recipes/src/main/resources/com/m3/rewrite/backport/jdk21-hash-pinned-text/jcc-source-final-handoff-20261005/manifest.tsv	876	4e8bd94f8dd29256ca41dee2fb0b5164ba24c387038143d88d5fa958e6ecdad5	15f10c1fa21138816bda76d42545db9c015ab650	0483f79ae51dd578c2e4fec1b8431bd51b59b469
m3/tooling/migration-recipes/src/main/resources/com/m3/rewrite/backport/jdk21-hash-pinned-text/jcc-source-final-handoff-20261005/plan.json	3414	ae42e3db29017106b47f493fc663ca679ead1802558699915d1a3a1fb3454c48	9b5be4d1bbd8c817b6f29aa42e82326304ac741d	0483f79ae51dd578c2e4fec1b8431bd51b59b469
m3/tooling/migration-recipes/src/main/resources/com/m3/rewrite/backport/jdk21-hash-pinned-text/jcc-source-recovery-handoff-20261005/after00-name-mapping.json.txt	251524	eb42442866c73c38027b481a84c0473bea422e4628d0794fa31fc61d9f1a818e	a28601813e58ae43d4cdddd732a8878c5ea7a79b	0483f79ae51dd578c2e4fec1b8431bd51b59b469
m3/tooling/migration-recipes/src/main/resources/com/m3/rewrite/backport/jdk21-hash-pinned-text/jcc-source-recovery-handoff-20261005/after01-jcc-source-handoff.md.txt	29680	d5e18258027f457a1fcdc45ff30b4e2e7a0723825ea95b651933af23f27fd28d	9d15a9ebf080117a70e4e17cc4c0793d3971d2f7	0483f79ae51dd578c2e4fec1b8431bd51b59b469
m3/tooling/migration-recipes/src/main/resources/com/m3/rewrite/backport/jdk21-hash-pinned-text/jcc-source-recovery-handoff-20261005/after02-source-destination-bindings.json.txt	167811	f8b27e3582eb494af2c8dd47225976f974be6edc2f6c26313975064d48739497	03a517fe8076e08c746f38ac452b8f29c6ecd3ec	0483f79ae51dd578c2e4fec1b8431bd51b59b469
m3/tooling/migration-recipes/src/main/resources/com/m3/rewrite/backport/jdk21-hash-pinned-text/jcc-source-recovery-handoff-20261005/after03-root-coverage-obligations.tsv.txt	107597	1c4eedbf3f155bac469693da312c577d26999e7776ca1f85870f6cce125f1e35	d906315e566c4434f2637ffebb58e36e4914cc37	0483f79ae51dd578c2e4fec1b8431bd51b59b469
m3/tooling/migration-recipes/src/main/resources/com/m3/rewrite/backport/jdk21-hash-pinned-text/jcc-source-recovery-handoff-20261005/before00-name-mapping.json.txt	236215	e4ae516fea9822a4bfe26669e9749e167f52bb30049d520339ee42f3779bc0b3	d10174dd61016069b9d5b73b7fd581a025855bcc	0483f79ae51dd578c2e4fec1b8431bd51b59b469
m3/tooling/migration-recipes/src/main/resources/com/m3/rewrite/backport/jdk21-hash-pinned-text/jcc-source-recovery-handoff-20261005/before01-jcc-source-handoff.md.txt	16423	59ed76969f86486e7adb377409e284f69577fe02754006fdfe5b3938a16760a0	69ef3f693b65ec5dc95ab38f35c449c933c1c80b	0483f79ae51dd578c2e4fec1b8431bd51b59b469
m3/tooling/migration-recipes/src/main/resources/com/m3/rewrite/backport/jdk21-hash-pinned-text/jcc-source-recovery-handoff-20261005/before02-source-destination-bindings.json.txt	92103	049c7c1987c05a15f4152fcb8f261a65245d72a25688d5a530a4afa5405cd3ef	b6283a33b9348f4ac6da3adaf5a35edb34a5a0c1	0483f79ae51dd578c2e4fec1b8431bd51b59b469
m3/tooling/migration-recipes/src/main/resources/com/m3/rewrite/backport/jdk21-hash-pinned-text/jcc-source-recovery-handoff-20261005/before03-root-coverage-obligations.tsv.txt	107597	59c4c970ac75a56aa5d5a3e2f3e88f5caa831eb06be788266c725202b8c64b12	b734e19c2dace50691612215e9a7cfb70c014aab	0483f79ae51dd578c2e4fec1b8431bd51b59b469
m3/tooling/migration-recipes/src/main/resources/com/m3/rewrite/backport/jdk21-hash-pinned-text/jcc-source-recovery-handoff-20261005/manifest.tsv	876	944d1531de586740a9e098f4c36f98f8e4c668f35090b8bc68a116b5c8eb0efb	e322acedc29a26c1291e55a773a4e22c1d548eb7	0483f79ae51dd578c2e4fec1b8431bd51b59b469
m3/tooling/migration-recipes/src/main/resources/com/m3/rewrite/backport/jdk21-hash-pinned-text/jcc-source-recovery-handoff-20261005/plan.json	3390	272a4b6a2f6d39a0d7baf2d4a104d671125fe471a2a3351cd321315e6be5d499	64fedb3af5b9930d8ef03d1da062ca1e337b5c7e	0483f79ae51dd578c2e4fec1b8431bd51b59b469
m3/tooling/migration-recipes/src/test/java/com/m3/rewrite/backport/JccSourceFinalHandoffTest.java	24518	c08ec9e4ecd9c803c310bdbce32ae3b23cad9c0953db408f36a399d980736309	97c6851c29af7c8eca66d00d62ecc5cc953a3adf	0483f79ae51dd578c2e4fec1b8431bd51b59b469
m3/tooling/migration-recipes/src/test/java/com/m3/rewrite/backport/JccSourceRecoveryHandoffTest.java	29963	803c34429b567af7a1802f04c2cbb52701cc580f8e0c58cc58ffde70bab70e2b	1673f9d635381cbb1f1106f2a39610f54faafe10	0483f79ae51dd578c2e4fec1b8431bd51b59b469
m3/tooling/migration-recipes/tasks/jcc-source-final-handoff-20261005/REVIEW.md	10628	75a3f91291331447ef7c2093dab8844d2a8d1636a8ac928ec884d8e039632250	1ee42bcc489a0f7317fe87f0940d8d014ce8d967	0483f79ae51dd578c2e4fec1b8431bd51b59b469
m3/tooling/migration-recipes/tasks/jcc-source-final-handoff-20261005/execution/01-check-E2-preimages.json	1645	bdc11d9d7e07444e87b05548ae334d46f975c0ba40821f5bd78a57faa33cb73d	bf14eb3294ce1a9162d7ab4af40a2efa59e727e8	0483f79ae51dd578c2e4fec1b8431bd51b59b469
m3/tooling/migration-recipes/tasks/jcc-source-final-handoff-20261005/execution/01-check-E2-preimages.stderr.log	0	e3b0c44298fc1c149afbf4c8996fb92427ae41e4649b934ca495991b7852b855	e69de29bb2d1d6434b8b29ae775ad8c2e48c5391	0483f79ae51dd578c2e4fec1b8431bd51b59b469
m3/tooling/migration-recipes/tasks/jcc-source-final-handoff-20261005/execution/01-check-E2-preimages.stdout.log	177	aa93e0784744196e9b44871f3e2b99491d354ac0cc5c7100a1b03529539db74d	3371200c48d1064d1b2923a9b63db4ffaee4447b	0483f79ae51dd578c2e4fec1b8431bd51b59b469
m3/tooling/migration-recipes/tasks/jcc-source-final-handoff-20261005/execution/02-actual-text-recipe-maven.json	1623	641a0029d9ae43b052f176d2b78445b21014acde6f0aeff2cd26c81c04aa982d	962f733777b54ec2017254a1eeb655d19a90448b	0483f79ae51dd578c2e4fec1b8431bd51b59b469
m3/tooling/migration-recipes/tasks/jcc-source-final-handoff-20261005/execution/02-actual-text-recipe-maven.stderr.log	210	9ddf3781b5e43a87b1d67caac2bc4b251f9ce8d77c509c8369129f4b0359fd55	16fe39932aaeac0592dbd6b686f9089bec9c28ac	0483f79ae51dd578c2e4fec1b8431bd51b59b469
m3/tooling/migration-recipes/tasks/jcc-source-final-handoff-20261005/execution/02-actual-text-recipe-maven.stdout.log	2629	5b2544383f9ed80a58a994df641093034aaee8f61b2826322739fcc7bb2d1097	f7c7fb493f9a6a2d7b43565232878e0b5bcb523b	0483f79ae51dd578c2e4fec1b8431bd51b59b469
m3/tooling/migration-recipes/tasks/jcc-source-final-handoff-20261005/execution/03-actual-packet-contract.json	1305	094ce20878d1f32d534558deeccb9d0d74854d23324d3e77d5e4e56fdf3adbe5	e5c020f359d16fe3f61292ca5f3a650877395b27	0483f79ae51dd578c2e4fec1b8431bd51b59b469
m3/tooling/migration-recipes/tasks/jcc-source-final-handoff-20261005/execution/03-actual-packet-contract.stderr.log	1252	c1a8b249dcfa0c56577194cc2a9f85502fb3c817c13301d27a56c72672bed7ef	fb14d43525190960a7e428b26c6392ee994e6952	0483f79ae51dd578c2e4fec1b8431bd51b59b469
m3/tooling/migration-recipes/tasks/jcc-source-final-handoff-20261005/execution/03-actual-packet-contract.stdout.log	0	e3b0c44298fc1c149afbf4c8996fb92427ae41e4649b934ca495991b7852b855	e69de29bb2d1d6434b8b29ae775ad8c2e48c5391	0483f79ae51dd578c2e4fec1b8431bd51b59b469
m3/tooling/migration-recipes/tasks/jcc-source-final-handoff-20261005/execution/04-apply.json	1606	a61de4e8b41058e8caff26fb329cf7e8e5a8c5a99cf77b93939fd9a0a02ebfa2	71114098cce30fc7af831b897988fa093bab6a4a	0483f79ae51dd578c2e4fec1b8431bd51b59b469
m3/tooling/migration-recipes/tasks/jcc-source-final-handoff-20261005/execution/04-apply.stderr.log	0	e3b0c44298fc1c149afbf4c8996fb92427ae41e4649b934ca495991b7852b855	e69de29bb2d1d6434b8b29ae775ad8c2e48c5391	0483f79ae51dd578c2e4fec1b8431bd51b59b469
m3/tooling/migration-recipes/tasks/jcc-source-final-handoff-20261005/execution/04-apply.stdout.log	176	56d4fe6c67f912938f3ad0dbcec218e9138e7f9ed0140827d9f6e5b9b5ff40b2	8d5385bcaa353e92dd66c8d0541f7f0c2a0c8796	0483f79ae51dd578c2e4fec1b8431bd51b59b469
m3/tooling/migration-recipes/tasks/jcc-source-final-handoff-20261005/execution/05-apply-fixed-point.json	1642	ff2344acf152a26c7beb403d4850a86fea79b0ad20979a7e7e4d85d72603de96	794d02358844fe3c518f16a533ac2d2c7b882c19	0483f79ae51dd578c2e4fec1b8431bd51b59b469
m3/tooling/migration-recipes/tasks/jcc-source-final-handoff-20261005/execution/05-apply-fixed-point.stderr.log	0	e3b0c44298fc1c149afbf4c8996fb92427ae41e4649b934ca495991b7852b855	e69de29bb2d1d6434b8b29ae775ad8c2e48c5391	0483f79ae51dd578c2e4fec1b8431bd51b59b469
m3/tooling/migration-recipes/tasks/jcc-source-final-handoff-20261005/execution/05-apply-fixed-point.stdout.log	176	427546e0d791d91055d48136e425e7a2e8713deb058c1e51b7d99769e827ab3c	5ffc8a9ee3fc75b74c135d185936a92a8561d501	0483f79ae51dd578c2e4fec1b8431bd51b59b469
m3/tooling/migration-recipes/tasks/jcc-source-final-handoff-20261005/execution/06-rollback.json	1618	6b0cf854da053589c409255c4f515405f58a80cafa8f8de29a238c316e65a838	01b03693e234c0560dcf7b452160b7062fb1fa15	0483f79ae51dd578c2e4fec1b8431bd51b59b469
m3/tooling/migration-recipes/tasks/jcc-source-final-handoff-20261005/execution/06-rollback.stderr.log	0	e3b0c44298fc1c149afbf4c8996fb92427ae41e4649b934ca495991b7852b855	e69de29bb2d1d6434b8b29ae775ad8c2e48c5391	0483f79ae51dd578c2e4fec1b8431bd51b59b469
m3/tooling/migration-recipes/tasks/jcc-source-final-handoff-20261005/execution/06-rollback.stdout.log	177	8055b81e0631c5495af9c11ec3f345b0a5a67cc11ba47462c55a37e42f823eec	93f78a22a29523e281aeb869a59d55a2ab260562	0483f79ae51dd578c2e4fec1b8431bd51b59b469
m3/tooling/migration-recipes/tasks/jcc-source-final-handoff-20261005/execution/07-replay.json	1609	11ac35097f2bfe8e32cf6ca038a4a6c052d1e63a75f924ec5882193f4c612d52	672b6d39e4929011430db5cdd15fa754eac94a0e	0483f79ae51dd578c2e4fec1b8431bd51b59b469
m3/tooling/migration-recipes/tasks/jcc-source-final-handoff-20261005/execution/07-replay.stderr.log	0	e3b0c44298fc1c149afbf4c8996fb92427ae41e4649b934ca495991b7852b855	e69de29bb2d1d6434b8b29ae775ad8c2e48c5391	0483f79ae51dd578c2e4fec1b8431bd51b59b469
m3/tooling/migration-recipes/tasks/jcc-source-final-handoff-20261005/execution/07-replay.stdout.log	176	56d4fe6c67f912938f3ad0dbcec218e9138e7f9ed0140827d9f6e5b9b5ff40b2	8d5385bcaa353e92dd66c8d0541f7f0c2a0c8796	0483f79ae51dd578c2e4fec1b8431bd51b59b469
m3/tooling/migration-recipes/tasks/jcc-source-final-handoff-20261005/execution/08-check-final.json	1624	b7968aef706956f3f7831c773d51a96404f60fe137f328898a1d446f00a5e0f5	ada45a9b3a1eeec9738049632bde4f3c5d9b10c6	0483f79ae51dd578c2e4fec1b8431bd51b59b469
m3/tooling/migration-recipes/tasks/jcc-source-final-handoff-20261005/execution/08-check-final.stderr.log	0	e3b0c44298fc1c149afbf4c8996fb92427ae41e4649b934ca495991b7852b855	e69de29bb2d1d6434b8b29ae775ad8c2e48c5391	0483f79ae51dd578c2e4fec1b8431bd51b59b469
m3/tooling/migration-recipes/tasks/jcc-source-final-handoff-20261005/execution/08-check-final.stdout.log	176	427546e0d791d91055d48136e425e7a2e8713deb058c1e51b7d99769e827ab3c	5ffc8a9ee3fc75b74c135d185936a92a8561d501	0483f79ae51dd578c2e4fec1b8431bd51b59b469
m3/tooling/migration-recipes/tasks/jcc-source-final-handoff-20261005/execution/09-whole-map-validate.json	1661	df65843d4ea27575ac3064a415510dfecf9b4d4f8b4bf6529b9b0049ad5612b7	ffe5f61fa8583959f325e4e8ed934b7681cd0484	0483f79ae51dd578c2e4fec1b8431bd51b59b469
m3/tooling/migration-recipes/tasks/jcc-source-final-handoff-20261005/execution/09-whole-map-validate.stderr.log	0	e3b0c44298fc1c149afbf4c8996fb92427ae41e4649b934ca495991b7852b855	e69de29bb2d1d6434b8b29ae775ad8c2e48c5391	0483f79ae51dd578c2e4fec1b8431bd51b59b469
m3/tooling/migration-recipes/tasks/jcc-source-final-handoff-20261005/execution/09-whole-map-validate.stdout.log	47	d4578b77ded4c87f33240fad4588e418b3157992288cbf4a1a4e38be14ece15b	407ff20445c228580201d3d921ccfc1ec401a7f7	0483f79ae51dd578c2e4fec1b8431bd51b59b469
m3/tooling/migration-recipes/tasks/jcc-source-final-handoff-20261005/execution/10-completion-remains-blocked.json	1688	dc466635b8f90f742fe090bc60d5aa23f839fab05f2e77e352f247229b83ae69	1aa1f4e7c4b4a482e87226cbb1404551299c6cba	0483f79ae51dd578c2e4fec1b8431bd51b59b469
m3/tooling/migration-recipes/tasks/jcc-source-final-handoff-20261005/execution/10-completion-remains-blocked.stderr.log	6109	c4a5d6a265b1a39ec6254fe71bc9e58cd55a7658d9ea6d18ccff4cba24687b25	097e1a5588bcbff34ce3ae0153d2652b3e224808	0483f79ae51dd578c2e4fec1b8431bd51b59b469
m3/tooling/migration-recipes/tasks/jcc-source-final-handoff-20261005/execution/10-completion-remains-blocked.stdout.log	47	d4578b77ded4c87f33240fad4588e418b3157992288cbf4a1a4e38be14ece15b	407ff20445c228580201d3d921ccfc1ec401a7f7	0483f79ae51dd578c2e4fec1b8431bd51b59b469
m3/tooling/migration-recipes/tasks/jcc-source-final-handoff-20261005/execution/JccSourceFinalHandoffTest.xml	16129	e33dd229900b9614a77e9187b9ac04e024f2250c73c74a625dfe53fba093be85	bb99298fd2c7a1819682f73b0d0ed8d93715de09	0483f79ae51dd578c2e4fec1b8431bd51b59b469
m3/tooling/migration-recipes/tasks/jcc-source-final-handoff-20261005/execution/empty-maven-settings.xml	59	b546e42cf905023b479e33abc908fed827584e753d6402a372fb11fc1d343bca	3e4f47214297278088854a4040fb6b8f4acb081e	0483f79ae51dd578c2e4fec1b8431bd51b59b469
m3/tooling/migration-recipes/tasks/jcc-source-final-handoff-20261005/execution/inputs.json	95340	da48340c83e26dd478078dc5195e000b99666f54663361c1773827acdbd46416	7814104de55ea9742edd79e2addfdc16df8c0c17	0483f79ae51dd578c2e4fec1b8431bd51b59b469
m3/tooling/migration-recipes/tasks/jcc-source-final-handoff-20261005/execution/receipt.json	19724	7d075ad45d5113694ded187de27595bcdf0a5fb0909bfadf715c786d06fcd854	3f1dac125e969678475bfa918fd60e793a116e01	0483f79ae51dd578c2e4fec1b8431bd51b59b469
m3/tooling/migration-recipes/tasks/jcc-source-final-handoff-20261005/final-gate-review/FILE_SEALS.json	841	41451abbdc2676b9f76d894f82bf08f3406cb76df9015308fb54cdae3e9999e1	228b1546f1276fa938877844413d461c3147b3fd	0483f79ae51dd578c2e4fec1b8431bd51b59b469
m3/tooling/migration-recipes/tasks/jcc-source-final-handoff-20261005/final-gate-review/INPUT_SEALS.json	141137	d369f629eac19101b1fc80e5cdfeec195ddd26b1555790952b604dbd0e8c045f	6b054f73d6df8896f615b2692b9f4bf4cc7f3a08	0483f79ae51dd578c2e4fec1b8431bd51b59b469
m3/tooling/migration-recipes/tasks/jcc-source-final-handoff-20261005/final-gate-review/INSPECTION.json	8303	e47292537c9e43a1712ad56895a462b13ede3d92efae36752ea2591045918625	ea530a7b7027bb025eb92dcac87a5e4a2d24a6a0	0483f79ae51dd578c2e4fec1b8431bd51b59b469
m3/tooling/migration-recipes/tasks/jcc-source-final-handoff-20261005/final-gate-review/INSPECTION_METHOD_NOTES.json	810	23529ef9088bb5cfba0190b030748998203d8e90be634628ddb9097befb15891	a8616c4f602afdde12ddfbf4b6ebe5cae98cda78	0483f79ae51dd578c2e4fec1b8431bd51b59b469
m3/tooling/migration-recipes/tasks/jcc-source-final-handoff-20261005/final-gate-review/REVIEW.md	10543	8b54e4e6bd75a7a5d12a7acf8ed86861f3d39eab734d284dd5901bd60790f5a8	98ed2e262e4b3d7044197e8eb595c68e6ef63173	0483f79ae51dd578c2e4fec1b8431bd51b59b469
m3/tooling/migration-recipes/tasks/jcc-source-final-handoff-20261005/final-gate-review/inspect_receiving.py	20397	3bc757f8edd4d7965964392c670d30f5499e05c64b8b1b9ce6f37b73dc83324d	b6a8dcf7640ebf8597f24c961e60324bfeb88954	0483f79ae51dd578c2e4fec1b8431bd51b59b469
m3/tooling/migration-recipes/tasks/jcc-source-final-handoff-20261005/independent-review/FILE_SEALS.json	962	d91d254762c0c628e46019c2cd53d1b05de1855512eeb5b6efd2e628ae1c3b52	55e4f38b10c8f41cdba66b2bdce3012f43f259ee	0483f79ae51dd578c2e4fec1b8431bd51b59b469
m3/tooling/migration-recipes/tasks/jcc-source-final-handoff-20261005/independent-review/REVIEW.md	7980	d7bc139f4e4af0d7c680c8202adacc3b8d3267761c3865ffcf33f4131fe5e089	f841199efee5d90a2ff8f17a069b0a63b9b38b37	0483f79ae51dd578c2e4fec1b8431bd51b59b469
m3/tooling/migration-recipes/tasks/jcc-source-final-handoff-20261005/independent-review/STRUCTURAL_INSPECTION.json	15679	b450bd8051b630dded029063176e6d4cb5ae59f718419d8052aef6ba2ba5723a	dd4118802af85c75d06356b24b380301a4c31182	0483f79ae51dd578c2e4fec1b8431bd51b59b469
m3/tooling/migration-recipes/tasks/jcc-source-final-handoff-20261005/independent-review/root-coverage/FILE_SEALS.json	251	ece80d9a65fee0cb0468e25b3598933646e02f2a7b18772f993e01bf396463f6	8d1844a254cc34a361c2b3a4c34b0c45af7092aa	0483f79ae51dd578c2e4fec1b8431bd51b59b469
m3/tooling/migration-recipes/tasks/jcc-source-final-handoff-20261005/independent-review/root-coverage/FINDINGS.json	5158	3287044289e953d694ca8655e89e7fed3c29017477393a4d16534dbafca0e5d9	4f1c0d07f50c098c12d38c0245b149ec472a54f4	0483f79ae51dd578c2e4fec1b8431bd51b59b469
m3/tooling/migration-recipes/tasks/jcc-source-final-handoff-20261005/independent-review/root-coverage/REVIEW.md	5166	7c02e8a1c50d729f7ad10e30b57245c6d7c6a7729248a7c8281a060a55729206	2911776c4d03cc177efb430b11c54f9df3d3e8e0	0483f79ae51dd578c2e4fec1b8431bd51b59b469
m3/tooling/migration-recipes/tasks/jcc-source-final-handoff-20261005/independent-review/source-proof/OBSERVATIONS.json	160597	88602ece9ae5d8577e732c89173ac258951f8955b6f1a7fc592f0214214228f8	0c3337d60af7ac1fdd95392dfc4518087688fbc5	0483f79ae51dd578c2e4fec1b8431bd51b59b469
m3/tooling/migration-recipes/tasks/jcc-source-final-handoff-20261005/independent-review/source-proof/REVIEW.md	5574	61d7ebff50601cf93c653eff27ce175ccd3ddbab6c5917c586b505774d5f8747	f2e36af580e00d304646c6f118bc7892defcf562	0483f79ae51dd578c2e4fec1b8431bd51b59b469
m3/tooling/migration-recipes/tasks/jcc-source-final-handoff-20261005/provenance/AUTHORING_RESULT.json	3299	12d6973deec9aa7735bd794f1659b68b214ee083dd1b573d826f46ab7efe59f4	2dbcf82f4e6453cdfe028e08693613351c179db5	0483f79ae51dd578c2e4fec1b8431bd51b59b469
m3/tooling/migration-recipes/tasks/jcc-source-final-handoff-20261005/provenance/author_successor.py	21788	1e56387b23f35b8bf6f1707aac6a11215b8e2999ed65e370820933c95daea161	3c1c3ea29e2fb3b971f79c9ec12fed9ea77e7c1b	0483f79ae51dd578c2e4fec1b8431bd51b59b469
m3/tooling/migration-recipes/tasks/jcc-source-final-handoff-20261005/provenance/check_references.py	14136	0f21d0f5fdf5c0b00c775c6af2f829e301a40de3475bbf08f521a527e82cdd7c	09ebfe13f21a0ebfad967b53ae2a624123b1f314	0483f79ae51dd578c2e4fec1b8431bd51b59b469
m3/tooling/migration-recipes/tasks/jcc-source-final-handoff-20261005/provenance/run_verification.py	8109	ac7b489278e25f5674fe4804531d0ba6eb732c8376c39b74dcf47a72b4cd9f4a	9336bfc939e80b21afdd0f26f1ceaf660ace6ea7	0483f79ae51dd578c2e4fec1b8431bd51b59b469
m3/tooling/migration-recipes/tasks/jcc-source-final-handoff-20261005/reference-audit/REFERENCE_AUDIT.json	178211	a4af3c44bc1afa6f83881c17ced55f418940dbd792bfd687cbb3a717c44887cd	3843b99d83f9b98fc4c6dbb655b92fd35c4c4289	0483f79ae51dd578c2e4fec1b8431bd51b59b469
m3/tooling/migration-recipes/tasks/jcc-source-final-handoff-20261005/reference-audit/attempt01-checker.py	14098	8870ec7a99c1d3486740dd80fbcc173a046310c12a512e558fdf5b4860fdc32e	be9f980e08b9e323a9d8040a06b09aed874e5c74	0483f79ae51dd578c2e4fec1b8431bd51b59b469
m3/tooling/migration-recipes/tasks/jcc-source-final-handoff-20261005/reference-audit/attempt01.txt	339	0f6ecbb8c5380bb9f454c16b33dbe574a1847e810e9382cd75cf30a838040e3d	4bdeddf04071e45ee84058400426fcc2875bae05	0483f79ae51dd578c2e4fec1b8431bd51b59b469
m3/tooling/migration-recipes/tasks/jcc-source-final-handoff-20261005/source-binding-review/FILE_SEALS.json	399	2a64db3e877371d61908cafdd9a86a2681a8d522672c49f7b1749d5e4541d57e	79e235c75dd91585c8eaf717fa665dcace2f6764	0483f79ae51dd578c2e4fec1b8431bd51b59b469
m3/tooling/migration-recipes/tasks/jcc-source-final-handoff-20261005/source-binding-review/INPUT_SEALS.json	24961	3e566919f1c576b36312744c2030db087f94befad10871dfd1e600fb8e120c7e	4e18a5ec623a22f069b130a4e0f1444fc0348746	0483f79ae51dd578c2e4fec1b8431bd51b59b469
m3/tooling/migration-recipes/tasks/jcc-source-final-handoff-20261005/source-binding-review/REVIEW.md	12537	7f5f0c54cbac2b8d8201bb386678a03284f99cacdf9295eb4cac3ae9689b85d0	7ff0f759dcaa03c662b656ad09f86995fad0df36	0483f79ae51dd578c2e4fec1b8431bd51b59b469
m3/tooling/migration-recipes/tasks/jcc-source-final-handoff-20261005/source-binding-review/SOURCE_FIELDS_AND_PROOFS.json	64185	b0a1ff2a675017bc4eda2620a031bb963d038c21e10ddacb8f57b1fc51f6188a	33670d4c3f8d5e9cc1be49f2125c95228abf4a06	0483f79ae51dd578c2e4fec1b8431bd51b59b469
m3/tooling/migration-recipes/tasks/jcc-source-final-handoff-20261005/source-binding-review/donor-owners/REVIEW.md	10284	276087c23b14a886cb13f45055e1cd105a8bc56c52d7e36d7ede94bae65cd6db	ff817d06a8ec5fa0d9975114eba84887c048583b	0483f79ae51dd578c2e4fec1b8431bd51b59b469
m3/tooling/migration-recipes/tasks/jcc-source-final-handoff-20261005/source-binding-review/donor-owners/SOURCE_TABLE.json	11874	e9a1af5f9d9bc36507cee743ebfaa560b2ed5a026645791736d22f1f94528bb4	338d8eb6e0ed34d72c27c3e476717a550b3edeb4	0483f79ae51dd578c2e4fec1b8431bd51b59b469
m3/tooling/migration-recipes/tasks/jcc-source-final-handoff-20261005/source-binding-review/root-accounting/FILE_SEALS.json	525	e912f6cad50f06e0679734efef700c07ff4249d796551bc7cb369b04dd1ad219	3178a023b8fca9061b32ad2e247d8b02f7233112	0483f79ae51dd578c2e4fec1b8431bd51b59b469
m3/tooling/migration-recipes/tasks/jcc-source-final-handoff-20261005/source-binding-review/root-accounting/MAVEN_DECLARATIONS.tsv	6173	b0f10b47bfa6f3ea6f27a235c0d55ab7c5fc86ac6dd41dbbc5164f44f5a94e9a	db8b56a3995fe4fe2cadfc3965970168bb933d5a	0483f79ae51dd578c2e4fec1b8431bd51b59b469
m3/tooling/migration-recipes/tasks/jcc-source-final-handoff-20261005/source-binding-review/root-accounting/REVIEW.md	7562	1c2597b94843a7177731d88de222bc3f5ec38dab60c8ebb0da825b298dee16f6	b119fd4388cbf3a9a7c1bbe724c09dec53625c4d	0483f79ae51dd578c2e4fec1b8431bd51b59b469
m3/tooling/migration-recipes/tasks/jcc-source-final-handoff-20261005/source-binding-review/root-accounting/ROOT_ACCOUNTING.json	114933	cfe76d41dda4220937086d951a126bf04dec0d282ba088b6de2a6bff33b6e14d	828eca9458cc37ba159984538b0f2e309df592f4	0483f79ae51dd578c2e4fec1b8431bd51b59b469
m3/tooling/migration-recipes/tasks/jcc-source-final-handoff-20261005/source-binding-review/root-accounting/ROOT_ENTRIES.tsv	41070	307c01ac0648a8296f5f8b6c7533925de6050344f7a154d524796fc84b2ab4c3	6e79358b51049fa71a46784c7765fb0cee77c3ec	0483f79ae51dd578c2e4fec1b8431bd51b59b469
m3/tooling/migration-recipes/tasks/jcc-source-final-handoff-20261005/source-final/M3_CURRENT_MASTER_PREIMAGES.json	1137	6e3d2c9760ee93a10b0da660e84a77d002ea2312954b42d3459803c867b57475	ea4fb9e885a4e393b48faa479af8b1c1663e8edd	0483f79ae51dd578c2e4fec1b8431bd51b59b469
m3/tooling/migration-recipes/tasks/jcc-source-final-handoff-20261005/source-final/PR_STATE_AFTER_SOURCE_PUBLICATION.json	814	c23d1948cb21f8b3a5e294d3fb0c6c14527a9bed646e082a4dc94ae98832ceb5	dc87ed373e521d39ea72bddd81aeabb8dbdb1b99	0483f79ae51dd578c2e4fec1b8431bd51b59b469
m3/tooling/migration-recipes/tasks/jcc-source-final-handoff-20261005/source-final/ROOT_ACCOUNTING.json	114933	cfe76d41dda4220937086d951a126bf04dec0d282ba088b6de2a6bff33b6e14d	828eca9458cc37ba159984538b0f2e309df592f4	0483f79ae51dd578c2e4fec1b8431bd51b59b469
m3/tooling/migration-recipes/tasks/jcc-source-final-handoff-20261005/source-final/SOURCE_FIELDS_AND_PROOFS.json	64185	b0a1ff2a675017bc4eda2620a031bb963d038c21e10ddacb8f57b1fc51f6188a	33670d4c3f8d5e9cc1be49f2125c95228abf4a06	0483f79ae51dd578c2e4fec1b8431bd51b59b469
m3/tooling/migration-recipes/tasks/jcc-source-final-handoff-20261005/source-final/SOURCE_IMPLEMENTATION_PUBLICATION_VERIFIED.json	370323	03ba5aa231929079fda7772dc6a798a687ba7486fa81ceacc0723407330f956a	adb6d06c45d636c29612fe6442374b429a8cba60	0483f79ae51dd578c2e4fec1b8431bd51b59b469
m3/tooling/migration-recipes/tasks/jcc-source-final-handoff-20261005/source-final/SOURCE_INITIAL_CI_OBSERVATION.json	683	6268a6944bf4f5a17f7783daaee5e462f68f2e1cb0853121dba9dc9049a077e9	8c66af2495565eea86d01fbe3af09313ccc35a15	0483f79ae51dd578c2e4fec1b8431bd51b59b469
m3/tooling/migration-recipes/tasks/jcc-source-final-handoff-20261005/source-final/SOURCE_PRODUCTION_BODY_READBACK.json	3206	0abd6ddcbe96eac76da9a708a2ffc9350c546c1c63382686c600dad3f7fc20df	a33428c6607f9ff928748e6d25fe90cee2f9d336	0483f79ae51dd578c2e4fec1b8431bd51b59b469
m3/tooling/migration-recipes/tasks/jcc-source-final-handoff-20261005/source-final/SOURCE_REVIEW.md	12537	7f5f0c54cbac2b8d8201bb386678a03284f99cacdf9295eb4cac3ae9689b85d0	7ff0f759dcaa03c662b656ad09f86995fad0df36	0483f79ae51dd578c2e4fec1b8431bd51b59b469
m3/tooling/migration-recipes/tasks/jcc-source-recovery-handoff-20261005/REVIEW.md	17111	27de06b75c3b7ef8cb774473073176c5e5d6e1486741206c6336f155718fa71a	98d555824f5b7866d2ee7447ee99fa3b5dd213bd	0483f79ae51dd578c2e4fec1b8431bd51b59b469
m3/tooling/migration-recipes/tasks/jcc-source-recovery-handoff-20261005/authoring-invocation/EXECUTION.json	1443	1fcd84420aa008a6635694994606d13e266d04a45bf33e84fc5f5102985158d5	c614f194515ee58b403175acc73a2e757eccb7e4	0483f79ae51dd578c2e4fec1b8431bd51b59b469
m3/tooling/migration-recipes/tasks/jcc-source-recovery-handoff-20261005/authoring-invocation/stderr.log	0	e3b0c44298fc1c149afbf4c8996fb92427ae41e4649b934ca495991b7852b855	e69de29bb2d1d6434b8b29ae775ad8c2e48c5391	0483f79ae51dd578c2e4fec1b8431bd51b59b469
m3/tooling/migration-recipes/tasks/jcc-source-recovery-handoff-20261005/authoring-invocation/stdout.log	230	2f48b47224cb85d1452b437ce21397bc814a78cb71154017ba4bea1561bc1b16	cd65b8f97c55f1a252aa9ecec5454bd2760106b0	0483f79ae51dd578c2e4fec1b8431bd51b59b469
m3/tooling/migration-recipes/tasks/jcc-source-recovery-handoff-20261005/authoring/AUTHORING_RESULT_V3.json	59614	2880acc74ccba95ce8efe10e8762ebe36275cd44b7de602f07d08f272690ef4b	39c2af1cb23416d42a34fe74b3c0e55edc3083bc	0483f79ae51dd578c2e4fec1b8431bd51b59b469
m3/tooling/migration-recipes/tasks/jcc-source-recovery-handoff-20261005/authoring/BOUND_INPUTS_REVIEW_PACKET.json	5435	e0ae5375e313a8547f5cdb8f607d2fe1c04efe91d3d43c86d1a5878329beaf59	57f638e23a27f660fb2d3534df9f4d04113ae280	0483f79ae51dd578c2e4fec1b8431bd51b59b469
m3/tooling/migration-recipes/tasks/jcc-source-recovery-handoff-20261005/authoring/BOUND_RESOURCES_REVIEW_PACKET.json	63330	9024a1180d4f5856130d9e3a7dd1e8f18786ca8825c9569397d37003019aac9a	36e539e55b7399283d4fe0161fe80d0cfa38f802	0483f79ae51dd578c2e4fec1b8431bd51b59b469
m3/tooling/migration-recipes/tasks/jcc-source-recovery-handoff-20261005/authoring/DERIVATION_INVOCATION.json	1842	590e52f2a39fe42e568bb3ae1a78cde05794995333adafc42fcbb570e1371b27	f9c566553fd09e941201101e2b8778ef3aca66b1	0483f79ae51dd578c2e4fec1b8431bd51b59b469
m3/tooling/migration-recipes/tasks/jcc-source-recovery-handoff-20261005/authoring/DERIVATION_RESULT.json	1121	767002f4216ff25d89ed3a9b44592c831bbdb42b4a7240206d9d987a26c3d585	72765f803fe494fe798acbb725a4108b4bbb3dce	0483f79ae51dd578c2e4fec1b8431bd51b59b469
m3/tooling/migration-recipes/tasks/jcc-source-recovery-handoff-20261005/checker-static-review/COMPANION_BINDING.json	1412	f2a02221bf5b1f4b36793429a8743eda01eac19a073f17c4e498d854a2066176	3d9d298d2ffeb75280ed6269e2366b92e95e970b	0483f79ae51dd578c2e4fec1b8431bd51b59b469
m3/tooling/migration-recipes/tasks/jcc-source-recovery-handoff-20261005/checker-static-review/FILE_SEALS.json	1338	21ce8061417242403fb835f6222f522277f8c87f0a3d5a3ed9ce2f83b549e3e9	fc8d3a8bbf7d7d3a0a8af186433012afa383a205	0483f79ae51dd578c2e4fec1b8431bd51b59b469
m3/tooling/migration-recipes/tasks/jcc-source-recovery-handoff-20261005/checker-static-review/INPUT_SEALS.json	10299	d386f5fc0130caf03318a301bd61ed74a667afdb9977a344459208532ef09651	ea9eca95429fd5a1ab758fbefed89f59202a0fce	0483f79ae51dd578c2e4fec1b8431bd51b59b469
m3/tooling/migration-recipes/tasks/jcc-source-recovery-handoff-20261005/checker-static-review/REVIEW.md	8324	06d74f24e11624b6f3201f9b51230dc7ab41eda36f62cc5e093da6a2fbc4cb98	190b9290b5eb89ef44fadcfda600826b9bda4154	0483f79ae51dd578c2e4fec1b8431bd51b59b469
m3/tooling/migration-recipes/tasks/jcc-source-recovery-handoff-20261005/checker-static-review/STATIC_AUDIT.json	3591	6b77c8737ca9858f2cd82127ec6367a846bbda8e96a41b20fa17a99ff50d0744	362ede7e4f8b8c53f028a2faa3302c989f34535e	0483f79ae51dd578c2e4fec1b8431bd51b59b469
m3/tooling/migration-recipes/tasks/jcc-source-recovery-handoff-20261005/checker-static-review/custody-output-subreview/FILE_SEALS.json	951	9f0a00ac64a73aeed9ff8b480190c4ec06174a3f8107c47070a492f449f22843	df6bde5d45bb068fac0b03027535eda5b5be9da4	0483f79ae51dd578c2e4fec1b8431bd51b59b469
m3/tooling/migration-recipes/tasks/jcc-source-recovery-handoff-20261005/checker-static-review/custody-output-subreview/INPUT_SEALS.json	1457	ae513e9a5acbc1fb76bf6741618c7ceb9f30126441332f60c581d7dc922bcecb	4cd18f38db5d937dd714d823ef172457e22fbc8f	0483f79ae51dd578c2e4fec1b8431bd51b59b469
m3/tooling/migration-recipes/tasks/jcc-source-recovery-handoff-20261005/checker-static-review/custody-output-subreview/REVIEW.md	6397	50b226e31a609a30ee644790f84e8966234a8a4f163b5a1084f94ce7b7554711	b245d1688b368c367fac5f955a89a77bc8bcf5c7	0483f79ae51dd578c2e4fec1b8431bd51b59b469
m3/tooling/migration-recipes/tasks/jcc-source-recovery-handoff-20261005/checker-static-review/custody-output-subreview/WRITE_SURFACE.json	374	72cd8ccf7e4ee74be62760c1359f94cb2e1601f56cb1aef9b2e4a3a0165e8613	f4981676e81513d655a3d175289c5df595d020ab	0483f79ae51dd578c2e4fec1b8431bd51b59b469
m3/tooling/migration-recipes/tasks/jcc-source-recovery-handoff-20261005/custody-packaging/ADDITIONAL_RECEIPTS.json	60890	30cc1c07b3aac8f1a6662c494c0cbbc76c22bc6a4fdbcbb04770236fd2384907	26df20d4c962ae1e0b6ef43f095c70868140dada	0483f79ae51dd578c2e4fec1b8431bd51b59b469
m3/tooling/migration-recipes/tasks/jcc-source-recovery-handoff-20261005/custody-packaging/FILE_SEALS.json	53580	caa248d052d7def21ef1552b41fe893f877e3989edbd661336aedf6eb7b9b405	d9400d43d538875bed51cdf41e6c5bad443f0047	0483f79ae51dd578c2e4fec1b8431bd51b59b469
m3/tooling/migration-recipes/tasks/jcc-source-recovery-handoff-20261005/donor-catalogue/AUTHORING_RECEIPT.json	3358	b96baa62d0814767fa847d8f6a72dda1972ad673b137fec7c180916b2de098ac	0f024cef89a998670da06f390f14234e0948250c	0483f79ae51dd578c2e4fec1b8431bd51b59b469
m3/tooling/migration-recipes/tasks/jcc-source-recovery-handoff-20261005/donor-catalogue/COMPONENT_BINDING.json	22838	f02ed2799bd8b7c200a9b4777f549bb7c733751f873a441531f3eec35d73b617	14d96b896771e8fe60fe3990fad82a585ea2a15c	0483f79ae51dd578c2e4fec1b8431bd51b59b469
m3/tooling/migration-recipes/tasks/jcc-source-recovery-handoff-20261005/donor-catalogue/DONOR_CATALOGUE.md	12750	f12b6c4986ab5d283205ecbdddce46a461bb579db2d3c83513cddaed23b722a7	d5ff11d9ba0135dbb30d87cb0c0d0e4eab2d5dcc	0483f79ae51dd578c2e4fec1b8431bd51b59b469
m3/tooling/migration-recipes/tasks/jcc-source-recovery-handoff-20261005/donor-catalogue/EXECUTED_TEST_MAPPING.md	8533	6e39cc123a018f72d3cdb02c178326f757b44159c75bd7332435ae5916ca19f9	64e307ac4e3847696d0609bd53031881f0787c76	0483f79ae51dd578c2e4fec1b8431bd51b59b469
m3/tooling/migration-recipes/tasks/jcc-source-recovery-handoff-20261005/donor-catalogue/INTEGRATION.md	2069	e4c26810f4cc52ce476666795c7f54ed9288ab3e3dbe5629a2aa5f17df0dd57b	4e8b4b266ad2356d4e063ac0015df97c7b5467d3	0483f79ae51dd578c2e4fec1b8431bd51b59b469
m3/tooling/migration-recipes/tasks/jcc-source-recovery-handoff-20261005/donor-catalogue/donor_catalogue.json	51757	b9c144d5eb9be716fd749b6d7cda456e0d40aae6ae423c794ad2ace1a4fe1322	d663dc4c8c13968edfffe0258a1b6ccc927434fb	0483f79ae51dd578c2e4fec1b8431bd51b59b469
m3/tooling/migration-recipes/tasks/jcc-source-recovery-handoff-20261005/donor-catalogue/evidence/EXPECTED_SOURCE_TREES.json	152653	b8c31ba4c3c6c3cfafc426852655c15994193dc1a9c62edaefce05c7840131e0	635b2c094ea28d35bc2de58f64c80f9474a21c24	0483f79ae51dd578c2e4fec1b8431bd51b59b469
m3/tooling/migration-recipes/tasks/jcc-source-recovery-handoff-20261005/donor-catalogue/evidence/HISTORICAL_CAPTURED_INPUTS.json	329050	7e13c28978bf59518850ecd10637729c87c25e0604c7b5505c44d1d5d5fa1fab	f145213673812e90875126acfa20e66c6655cdb0	0483f79ae51dd578c2e4fec1b8431bd51b59b469
m3/tooling/migration-recipes/tasks/jcc-source-recovery-handoff-20261005/donor-catalogue/evidence/HISTORICAL_PR_9142.json	2166	eaf45a8f519958536b7695da1fe3c0173253851aad9d3c4eca816f05b81fd4da	a4d7f11f1d87401f5eebbcd6bca5ba3196081d02	0483f79ae51dd578c2e4fec1b8431bd51b59b469
m3/tooling/migration-recipes/tasks/jcc-source-recovery-handoff-20261005/donor-catalogue/evidence/INPUT_MANIFEST.json	13498	f7949116d828c55aa5cc77c19764cf0484958d408b86d0c91999c45a3fedd8f3	395fb197cea28385df86c10416f20d7e333f8aff	0483f79ae51dd578c2e4fec1b8431bd51b59b469
m3/tooling/migration-recipes/tasks/jcc-source-recovery-handoff-20261005/donor-catalogue/evidence/PATH_AND_TEST_ADMISSION.json	45037	29e476534bd7e7743194d1ae9b7a81f30d2f2dd4ca8b4ee8f115e2d7970f1fe1	129faf2feda8856e25dbc9381d1aa221ef2f9f31	0483f79ae51dd578c2e4fec1b8431bd51b59b469
m3/tooling/migration-recipes/tasks/jcc-source-recovery-handoff-20261005/donor-catalogue/evidence/SOURCE_BASE_CHAIN.json	158688	bea94459b67cc6b7c0d98a2cfe3f946c6f558c803725ee76f89e0821dae3ff4a	af8242ef2fe7309fc67a758c4bae1aeb31025f1c	0483f79ae51dd578c2e4fec1b8431bd51b59b469
m3/tooling/migration-recipes/tasks/jcc-source-recovery-handoff-20261005/donor-catalogue/evidence/SOURCE_BEFORE_BRANCH.json	9255	e569931153bf732dd94ad6db0c362361c6cc1c25edf01c52cc17d578a07d3936	e17c6c6875b60ab2ce2f044a822185f83de0fd06	0483f79ae51dd578c2e4fec1b8431bd51b59b469
m3/tooling/migration-recipes/tasks/jcc-source-recovery-handoff-20261005/donor-catalogue/evidence/SOURCE_BRANCH_CREATION.json	481	c34da01ca97b444752fef431a09f9a67eef4fba1505e46eaef5965027d3636d7	d2702df8cf25095f732253855c58069e41744bc4	0483f79ae51dd578c2e4fec1b8431bd51b59b469
m3/tooling/migration-recipes/tasks/jcc-source-recovery-handoff-20261005/donor-catalogue/evidence/SOURCE_COMMIT_CREATION.json	750	da87a53dd252a318f05a187751be9972e331dc910a5f54ed0128a8c42067c7d9	a252207a3e929e43440024031023db12a456bb55	0483f79ae51dd578c2e4fec1b8431bd51b59b469
m3/tooling/migration-recipes/tasks/jcc-source-recovery-handoff-20261005/donor-catalogue/evidence/SOURCE_FINAL_PUBLICATION_CALLS.json	48404	557f5751a5dc4d21c0dafc40b3c493345f86d23fce1ac6ac9214eb285e194111	0771deb1c8fca8f73ea404acda5de835173f1aa1	0483f79ae51dd578c2e4fec1b8431bd51b59b469
m3/tooling/migration-recipes/tasks/jcc-source-recovery-handoff-20261005/donor-catalogue/evidence/SOURCE_FINAL_READBACK.json	291118	c98fdec1b73b2949415fde70f24c9c0d671ec9dc86535ef39b69f331e2f29fc6	a4176d4f180a4d75176f6118b99f5e24857eede2	0483f79ae51dd578c2e4fec1b8431bd51b59b469
m3/tooling/migration-recipes/tasks/jcc-source-recovery-handoff-20261005/donor-catalogue/evidence/SOURCE_PREFLIGHT.json	102357	448f91365fa5cf8d4c832c2c404397ecc87706afb128a6a41079d5f695dfca08	1a0f6483450c8346863a3bc1488c4efe188b5a66	0483f79ae51dd578c2e4fec1b8431bd51b59b469
m3/tooling/migration-recipes/tasks/jcc-source-recovery-handoff-20261005/donor-catalogue/evidence/SOURCE_PR_CREATION.json	9173	6fafbf96fcaae74f720995bfa67d2e2146f0844e046d1db19095005ab99e1efd	15f4006a0c9fef677c7136917b50479e0fde305b	0483f79ae51dd578c2e4fec1b8431bd51b59b469
m3/tooling/migration-recipes/tasks/jcc-source-recovery-handoff-20261005/donor-catalogue/evidence/SOURCE_PUBLICATION.json	9384	8dadc9f70a6a2fa1f069bcc0883cef2c3d2218e701fdd166203c7304a3c50e25	5c3f46cdd7e9d64126edc81520c554d04056faf2	0483f79ae51dd578c2e4fec1b8431bd51b59b469
m3/tooling/migration-recipes/tasks/jcc-source-recovery-handoff-20261005/donor-catalogue/evidence/SOURCE_STATE_BEFORE_BRANCH.json	56222	c6cc73879c924be30d70ea248b92a2b281e28d7064de9bce1d2299eb9750e78b	0c52c8306ba4dacde0a0b9226c969c0f3566cb9c	0483f79ae51dd578c2e4fec1b8431bd51b59b469
m3/tooling/migration-recipes/tasks/jcc-source-recovery-handoff-20261005/donor-catalogue/evidence/SOURCE_TREE_AND_BODY_CALLS.json	368376	193f9fe97c86b3a7dfda78458f6566e34189f8922dd31d6dec1d0a76c082cf56	b353fcf87e3d48cec32bdd0119bdc2d653a83511	0483f79ae51dd578c2e4fec1b8431bd51b59b469
m3/tooling/migration-recipes/tasks/jcc-source-recovery-handoff-20261005/donor-catalogue/evidence/SOURCE_TREE_CREATION.json	671	016fa414afbd5e42ec56093d952276140d695f41d5c199b15615eeda9359dc91	c3c71891f0954d607c8d9f20695740c9c4ad6ec8	0483f79ae51dd578c2e4fec1b8431bd51b59b469
m3/tooling/migration-recipes/tasks/jcc-source-recovery-handoff-20261005/donor-catalogue/evidence/verify_restoration.py	9531	e5fb893d0f420e73a6ff3552f1c86f7129b8fc2b29b388939e7b12c10fc16a01	bda3074d7bae098731575c7958124b2b28bcd547	0483f79ae51dd578c2e4fec1b8431bd51b59b469
m3/tooling/migration-recipes/tasks/jcc-source-recovery-handoff-20261005/environment/HISTORICAL_TOOLCHAIN_PINS.json	2787	c42b313b2e6c70467b0cbe4f13b60c2e7cefa6ee13f7e1287ea1049a7f35ccbe	8801c1b1bf3d266114856f9766b0fef11e4216ec	0483f79ae51dd578c2e4fec1b8431bd51b59b469
m3/tooling/migration-recipes/tasks/jcc-source-recovery-handoff-20261005/environment/toolchain-restoration/ATTEMPT01.json	240	9d8f8a50a30bd1c0e2011106d412090ffddbf69d48335e7e2f97790f53f9920c	c74fbca4aa1e43e574e4b4676ba04e3dc6a596e4	0483f79ae51dd578c2e4fec1b8431bd51b59b469
m3/tooling/migration-recipes/tasks/jcc-source-recovery-handoff-20261005/environment/toolchain-restoration/ATTEMPT02.json	264	6aaf86eddc3307bf3099ae6054378067d0e7908ffe11881388bf8409d0106b64	a0a9806bdab80e7a1dea64e5c277ac9ea131c1fe	0483f79ae51dd578c2e4fec1b8431bd51b59b469
m3/tooling/migration-recipes/tasks/jcc-source-recovery-handoff-20261005/environment/toolchain-restoration/RESTORATION.json	119733	fe2ce8fbda32244628bb4b6b132bf6538a33e323c35aea75fb3cdb470981f470	e1341ae92b7989738e7519828f60bb83db9d4fb8	0483f79ae51dd578c2e4fec1b8431bd51b59b469
m3/tooling/migration-recipes/tasks/jcc-source-recovery-handoff-20261005/execution-invocation/EXECUTION.json	1797	460131d195eb89da3ab98b3781d580d32f3bf17af2cc13818e999885910c56ae	74cee6e3301785af70aa2d91d8ac8fd10faff6c1	0483f79ae51dd578c2e4fec1b8431bd51b59b469
m3/tooling/migration-recipes/tasks/jcc-source-recovery-handoff-20261005/execution-invocation/STARTED.json	1197	258212f079c0ad840e10a1f4a0c51d60da3eb0ad05d3a96beeb07e8ff27b035c	8eeb4d5bea0e5a449b36866092bcaa18c9f86223	0483f79ae51dd578c2e4fec1b8431bd51b59b469
m3/tooling/migration-recipes/tasks/jcc-source-recovery-handoff-20261005/execution-invocation/stderr.log	0	e3b0c44298fc1c149afbf4c8996fb92427ae41e4649b934ca495991b7852b855	e69de29bb2d1d6434b8b29ae775ad8c2e48c5391	0483f79ae51dd578c2e4fec1b8431bd51b59b469
m3/tooling/migration-recipes/tasks/jcc-source-recovery-handoff-20261005/execution-invocation/stdout.log	794	20d71c19eddbfedde09e1c8237740f3fbe7fd9a1859bb2dd2ba8db0157ef1888	825d6b303961720f142901552d5503344c14c32a	0483f79ae51dd578c2e4fec1b8431bd51b59b469
m3/tooling/migration-recipes/tasks/jcc-source-recovery-handoff-20261005/final-gate-review/COMPANION_BINDING.json	3376	7cb3b39584bfc2f059b597353a54f45b27e8b7c13e937ca35d0ee61f93b8f345	53b9fc96c8cc3b07c6a8753c9f85ce339c038479	0483f79ae51dd578c2e4fec1b8431bd51b59b469
m3/tooling/migration-recipes/tasks/jcc-source-recovery-handoff-20261005/final-gate-review/FILE_SEALS.json	1377	3abb92f0aa81cf2e86446b0c74798d60aa99865b97db2b394f4c6e0d2a39d4ad	e323e77300160a53325a8c99cc51ba3590d4b68b	0483f79ae51dd578c2e4fec1b8431bd51b59b469
m3/tooling/migration-recipes/tasks/jcc-source-recovery-handoff-20261005/final-gate-review/INPUT_SEALS.json	8862	bdbd87fa6ffe36d998e0420710b4bf1283fe19ae96acecb64f0a02986f109a4d	0c9c92fca6066f04f1317bd9bc7719b9641c9bbf	0483f79ae51dd578c2e4fec1b8431bd51b59b469
m3/tooling/migration-recipes/tasks/jcc-source-recovery-handoff-20261005/final-gate-review/RECEIPT_RELATIONSHIPS.json	2723	785433ead65a22dc4dbe42915757d09c94245bad00357001f6027aaa7deac3c2	ce69025536ce14cf2cab586c8423479d6f81b87c	0483f79ae51dd578c2e4fec1b8431bd51b59b469
m3/tooling/migration-recipes/tasks/jcc-source-recovery-handoff-20261005/final-gate-review/REVIEW.md	9135	b10fe9dcd7c0b303e1e4d4b624051941326854e2fda02fa3a358898929b5afce	96c5df914e95c9bc77a8ba51c5263146881c41f6	0483f79ae51dd578c2e4fec1b8431bd51b59b469
m3/tooling/migration-recipes/tasks/jcc-source-recovery-handoff-20261005/final-gate-review/invocation-subreview/AUDIT.json	665	6016853506668d9796c6bdf0c9754ed9a853905a88e98fca73f87dc52ba2da28	0c3d0e72f4e8e2a5d5ba2fa07423f05e17b70dc6	0483f79ae51dd578c2e4fec1b8431bd51b59b469
m3/tooling/migration-recipes/tasks/jcc-source-recovery-handoff-20261005/final-gate-review/invocation-subreview/FILE_SEALS.json	964	8d0ea46d0ae4b21c01e23b4856b0f05fff0e6a8f16e6e9df141f511ba0d07428	dd58a035261c76b5cf98fe69dcc07a49e327e2a2	0483f79ae51dd578c2e4fec1b8431bd51b59b469
m3/tooling/migration-recipes/tasks/jcc-source-recovery-handoff-20261005/final-gate-review/invocation-subreview/INPUT_SEALS.json	2547	6640c7145d293b1970ac16d4b56bfd279d777d75aab81f6436234e7731cfa0df	2df3c56b9578163197cbe7979e8d33d88f50a7fc	0483f79ae51dd578c2e4fec1b8431bd51b59b469
m3/tooling/migration-recipes/tasks/jcc-source-recovery-handoff-20261005/final-gate-review/invocation-subreview/REVIEW.md	4917	cf7deb5b28cf239bb8d4ebe5975cefc2df7c8bf3612e371ea3ec1ec65f840b15	c539954093ba7676e9b13d4cca15158ec7ff6459	0483f79ae51dd578c2e4fec1b8431bd51b59b469
m3/tooling/migration-recipes/tasks/jcc-source-recovery-handoff-20261005/independent-bound-review/DERIVED_INPUT_CHECKS.json	48101	0874be2a1253b6f91d210a88508c62768a9085bf8efb230ae7d747653ded0461	7a8f58ef3d7b36666f600c46ec3fbb9415b609eb	0483f79ae51dd578c2e4fec1b8431bd51b59b469
m3/tooling/migration-recipes/tasks/jcc-source-recovery-handoff-20261005/independent-bound-review/FILE_SEALS.json	5503	2552e37717af6ade717b605148c3e05321e5dd0613fcc3c16be08a6d04703d3d	da476d45eb7a26f8b53a5d6f74493ad7fd4e9e9a	0483f79ae51dd578c2e4fec1b8431bd51b59b469
m3/tooling/migration-recipes/tasks/jcc-source-recovery-handoff-20261005/independent-bound-review/PACKAGE_CHECKS.json	157946	6b469859fab2a1168bfbb5d22f7f37f6b8e6349d80fed4d12cb18e7b3ca18652	a9e9dd788c57c3ae2918bc9ebb7b29c54971b103	0483f79ae51dd578c2e4fec1b8431bd51b59b469
m3/tooling/migration-recipes/tasks/jcc-source-recovery-handoff-20261005/independent-bound-review/REVIEW.json	1567	f258de18d7b32dded1f7bf34ac8fba229a4f52199ef634bd5a1dffce4b25d033	7afb1dbf1e7ac9c52cd34a287127357a0aaa7eb9	0483f79ae51dd578c2e4fec1b8431bd51b59b469
m3/tooling/migration-recipes/tasks/jcc-source-recovery-handoff-20261005/independent-bound-review/REVIEW.md	9069	dbdaa3d629aa954d7f42bf3cbc02600110c3a883ebb08d023f466d4ebcbf64eb	cdd189836c379e6459f2c4e82787c74d1aeff63b	0483f79ae51dd578c2e4fec1b8431bd51b59b469
m3/tooling/migration-recipes/tasks/jcc-source-recovery-handoff-20261005/independent-bound-review/inspect_bound.py	9322	8a7220f37616d250ab645787e48b6f26cb189aa52b425b9d70098b18f5a9c98f	ea86507dc884c49514d53819a89b21cee1604f71	0483f79ae51dd578c2e4fec1b8431bd51b59b469
m3/tooling/migration-recipes/tasks/jcc-source-recovery-handoff-20261005/independent-bound-review/inspect_package.py	12550	e9f771fc5203b322b518f4bdaf917833d859c7e92ff829ee371b5ba7dfd459aa	b0165792f52722d3467bab24bb21929c4a7f0241	0483f79ae51dd578c2e4fec1b8431bd51b59b469
m3/tooling/migration-recipes/tasks/jcc-source-recovery-handoff-20261005/independent-execution-review/EXECUTION_CHECKS.json	22695	d809e826859a441050650e6c4dbb879e6029f68088fc225e9329dd1c39384fd7	abe3b92e03a19ade93a8667959a5bb3a60e7044c	0483f79ae51dd578c2e4fec1b8431bd51b59b469
m3/tooling/migration-recipes/tasks/jcc-source-recovery-handoff-20261005/independent-execution-review/FILE_SEALS.json	9916	ba38a0fc867672d1fb4b0b6b757c0aef613594768ffcc94b5b71c2a4dd1c0479	3a42ae81c09c99feab761e96fa9813500b039968	0483f79ae51dd578c2e4fec1b8431bd51b59b469
m3/tooling/migration-recipes/tasks/jcc-source-recovery-handoff-20261005/independent-execution-review/POSTRUN_ADDITIONAL_PATHS.json	24038	610ee4a7da9fd437ee66f97fa367138595361b2ce786f1de539b554d8d9c5bfd	9ee3b32f74cc00ab36ac9a5669d5b5ca5faf9475	0483f79ae51dd578c2e4fec1b8431bd51b59b469
m3/tooling/migration-recipes/tasks/jcc-source-recovery-handoff-20261005/independent-execution-review/REVIEW.json	1229	7d3b8fca8c46276b495818147c35050972a59ff079f55afa979d3b1c119db27a	c4d925c15c8da3c5b154a4ba687506de76252263	0483f79ae51dd578c2e4fec1b8431bd51b59b469
m3/tooling/migration-recipes/tasks/jcc-source-recovery-handoff-20261005/independent-execution-review/REVIEW.md	8615	1fa3be68d87d495a6458b778061d9bd670db574cc702e3f0ad9f00f64f392361	3c93078f43cd28c9fff6f9d28728ea629e441024	0483f79ae51dd578c2e4fec1b8431bd51b59b469
m3/tooling/migration-recipes/tasks/jcc-source-recovery-handoff-20261005/independent-execution-review/inputs/01-check-E3-preimages.json	1654	b23850ef1f1c67c35d91ae8c336be9e679423badbacee8d1b7c600ab5d999d1d	81e0d32fa09ef98623fa4010aeadb6f5056ec094	0483f79ae51dd578c2e4fec1b8431bd51b59b469
m3/tooling/migration-recipes/tasks/jcc-source-recovery-handoff-20261005/independent-execution-review/inputs/01-check-E3-preimages.stderr.log	0	e3b0c44298fc1c149afbf4c8996fb92427ae41e4649b934ca495991b7852b855	e69de29bb2d1d6434b8b29ae775ad8c2e48c5391	0483f79ae51dd578c2e4fec1b8431bd51b59b469
m3/tooling/migration-recipes/tasks/jcc-source-recovery-handoff-20261005/independent-execution-review/inputs/01-check-E3-preimages.stdout.log	180	10f0c98cdab62eae01ae2826f952a9f5f7667d0350c537e47fb0d2c6ed65ad94	774218d0de1be528c0631e2fd74040e8c80f3ea5	0483f79ae51dd578c2e4fec1b8431bd51b59b469
m3/tooling/migration-recipes/tasks/jcc-source-recovery-handoff-20261005/independent-execution-review/inputs/02-actual-text-recipe-maven.json	1635	6493aa9abdf40f16768a9ef47f1e3f60f9313f3bb60fba97f903a3f53c729bf2	bcd6778dbe05a9d1cd9cec7bda92587bfc57d36f	0483f79ae51dd578c2e4fec1b8431bd51b59b469
m3/tooling/migration-recipes/tasks/jcc-source-recovery-handoff-20261005/independent-execution-review/inputs/02-actual-text-recipe-maven.stderr.log	210	9ddf3781b5e43a87b1d67caac2bc4b251f9ce8d77c509c8369129f4b0359fd55	16fe39932aaeac0592dbd6b686f9089bec9c28ac	0483f79ae51dd578c2e4fec1b8431bd51b59b469
m3/tooling/migration-recipes/tasks/jcc-source-recovery-handoff-20261005/independent-execution-review/inputs/02-actual-text-recipe-maven.stdout.log	2668	0138e46f20874e7da1ba8c669b91a258fea7cc4e53ae27c83271881ce8eaf6b0	eb79c5886f4623c2338d4019e6f8e505e76eed38	0483f79ae51dd578c2e4fec1b8431bd51b59b469
m3/tooling/migration-recipes/tasks/jcc-source-recovery-handoff-20261005/independent-execution-review/inputs/03-actual-packet-contract.json	1314	feb59597ea3bbcfeed76abfb1b265c51098b75fd820c467496bfb5de3a6c9874	eb3c036089afcb6655492c8960cb014fc9703bb8	0483f79ae51dd578c2e4fec1b8431bd51b59b469
m3/tooling/migration-recipes/tasks/jcc-source-recovery-handoff-20261005/independent-execution-review/inputs/03-actual-packet-contract.stderr.log	1270	e19416824a0f98fc36b2be2534541ab8060148f0274a68398362c6ed3a33e827	73ad16e8e4d89af11cdb97e09159407762387e95	0483f79ae51dd578c2e4fec1b8431bd51b59b469
m3/tooling/migration-recipes/tasks/jcc-source-recovery-handoff-20261005/independent-execution-review/inputs/03-actual-packet-contract.stdout.log	0	e3b0c44298fc1c149afbf4c8996fb92427ae41e4649b934ca495991b7852b855	e69de29bb2d1d6434b8b29ae775ad8c2e48c5391	0483f79ae51dd578c2e4fec1b8431bd51b59b469
m3/tooling/migration-recipes/tasks/jcc-source-recovery-handoff-20261005/independent-execution-review/inputs/04-apply.json	1615	e0e7bc2be0cbb90d04ea82e3d00986861e2f2cc12e30cafeaeb38ce859072830	51c8b6283dcb1eb6e4dab96942e968d6688a5b25	0483f79ae51dd578c2e4fec1b8431bd51b59b469
m3/tooling/migration-recipes/tasks/jcc-source-recovery-handoff-20261005/independent-execution-review/inputs/04-apply.stderr.log	0	e3b0c44298fc1c149afbf4c8996fb92427ae41e4649b934ca495991b7852b855	e69de29bb2d1d6434b8b29ae775ad8c2e48c5391	0483f79ae51dd578c2e4fec1b8431bd51b59b469
m3/tooling/migration-recipes/tasks/jcc-source-recovery-handoff-20261005/independent-execution-review/inputs/04-apply.stdout.log	179	db1a0d7fed17da0f1f64299a6f38db109cc291e7da45800bf4603d3add73fd11	6dcbc2fd7bcbe020c0904e8b14cfe9f5444a63b7	0483f79ae51dd578c2e4fec1b8431bd51b59b469
m3/tooling/migration-recipes/tasks/jcc-source-recovery-handoff-20261005/independent-execution-review/inputs/05-apply-fixed-point.json	1651	610e555d607485e7a96fe9725a87b96c1cae5190e0222bcab2cda0dc7e34aa42	60eecec50452e351349302579882fd21ecd94c0a	0483f79ae51dd578c2e4fec1b8431bd51b59b469
m3/tooling/migration-recipes/tasks/jcc-source-recovery-handoff-20261005/independent-execution-review/inputs/05-apply-fixed-point.stderr.log	0	e3b0c44298fc1c149afbf4c8996fb92427ae41e4649b934ca495991b7852b855	e69de29bb2d1d6434b8b29ae775ad8c2e48c5391	0483f79ae51dd578c2e4fec1b8431bd51b59b469
m3/tooling/migration-recipes/tasks/jcc-source-recovery-handoff-20261005/independent-execution-review/inputs/05-apply-fixed-point.stdout.log	179	c1888956bcb8c9fa2f5a52d7cdcf4ec3d997bdbda439b431051ac839c33f36a1	80d5871f29374ebb618b8dd958f18f3e2ba6ba89	0483f79ae51dd578c2e4fec1b8431bd51b59b469
m3/tooling/migration-recipes/tasks/jcc-source-recovery-handoff-20261005/independent-execution-review/inputs/06-rollback.json	1627	16bd4e3768ed4f1cb5264b5473be6d06e4331bb4175b9752a31bc657793e9d53	d26b77296ce579e2716cc0f588b9c2a41b1017c8	0483f79ae51dd578c2e4fec1b8431bd51b59b469
m3/tooling/migration-recipes/tasks/jcc-source-recovery-handoff-20261005/independent-execution-review/inputs/06-rollback.stderr.log	0	e3b0c44298fc1c149afbf4c8996fb92427ae41e4649b934ca495991b7852b855	e69de29bb2d1d6434b8b29ae775ad8c2e48c5391	0483f79ae51dd578c2e4fec1b8431bd51b59b469
m3/tooling/migration-recipes/tasks/jcc-source-recovery-handoff-20261005/independent-execution-review/inputs/06-rollback.stdout.log	180	5fc9f3ec131e0a0566699f38cc38809048fb229d27dbd59655f3b39795ef1d06	457b581167fe5278d02d03e0aef72ccc927cdf0d	0483f79ae51dd578c2e4fec1b8431bd51b59b469
m3/tooling/migration-recipes/tasks/jcc-source-recovery-handoff-20261005/independent-execution-review/inputs/07-replay.json	1618	80e1d37222b678b47c7522fc4cebfbe311fe095afdd534b74e0b25cf0aab74e9	011923ee7fc3cb45f50ae6d833b6fb7d69f4c262	0483f79ae51dd578c2e4fec1b8431bd51b59b469
m3/tooling/migration-recipes/tasks/jcc-source-recovery-handoff-20261005/independent-execution-review/inputs/07-replay.stderr.log	0	e3b0c44298fc1c149afbf4c8996fb92427ae41e4649b934ca495991b7852b855	e69de29bb2d1d6434b8b29ae775ad8c2e48c5391	0483f79ae51dd578c2e4fec1b8431bd51b59b469
m3/tooling/migration-recipes/tasks/jcc-source-recovery-handoff-20261005/independent-execution-review/inputs/07-replay.stdout.log	179	db1a0d7fed17da0f1f64299a6f38db109cc291e7da45800bf4603d3add73fd11	6dcbc2fd7bcbe020c0904e8b14cfe9f5444a63b7	0483f79ae51dd578c2e4fec1b8431bd51b59b469
m3/tooling/migration-recipes/tasks/jcc-source-recovery-handoff-20261005/independent-execution-review/inputs/08-check-final.json	1633	1340fbfdf8feaa6d4e330669c2a9eeeb28edbd9abd76ddb5d999bb29134b2171	f8298a7ce441d1467b27effbc60931a6ceb2d0ed	0483f79ae51dd578c2e4fec1b8431bd51b59b469
m3/tooling/migration-recipes/tasks/jcc-source-recovery-handoff-20261005/independent-execution-review/inputs/08-check-final.stderr.log	0	e3b0c44298fc1c149afbf4c8996fb92427ae41e4649b934ca495991b7852b855	e69de29bb2d1d6434b8b29ae775ad8c2e48c5391	0483f79ae51dd578c2e4fec1b8431bd51b59b469
m3/tooling/migration-recipes/tasks/jcc-source-recovery-handoff-20261005/independent-execution-review/inputs/08-check-final.stdout.log	179	c1888956bcb8c9fa2f5a52d7cdcf4ec3d997bdbda439b431051ac839c33f36a1	80d5871f29374ebb618b8dd958f18f3e2ba6ba89	0483f79ae51dd578c2e4fec1b8431bd51b59b469
m3/tooling/migration-recipes/tasks/jcc-source-recovery-handoff-20261005/independent-execution-review/inputs/09-whole-map-validate.json	1670	8e0a1f21b7b419a230e3bdc2631c58e6abcc4e5d0f133f4e981af4975af0d98c	cd68ba94a35ba19bc97ad3c8f20133f9f86942c6	0483f79ae51dd578c2e4fec1b8431bd51b59b469
m3/tooling/migration-recipes/tasks/jcc-source-recovery-handoff-20261005/independent-execution-review/inputs/09-whole-map-validate.stderr.log	0	e3b0c44298fc1c149afbf4c8996fb92427ae41e4649b934ca495991b7852b855	e69de29bb2d1d6434b8b29ae775ad8c2e48c5391	0483f79ae51dd578c2e4fec1b8431bd51b59b469
m3/tooling/migration-recipes/tasks/jcc-source-recovery-handoff-20261005/independent-execution-review/inputs/09-whole-map-validate.stdout.log	47	d4578b77ded4c87f33240fad4588e418b3157992288cbf4a1a4e38be14ece15b	407ff20445c228580201d3d921ccfc1ec401a7f7	0483f79ae51dd578c2e4fec1b8431bd51b59b469
m3/tooling/migration-recipes/tasks/jcc-source-recovery-handoff-20261005/independent-execution-review/inputs/10-completion-remains-blocked.json	1697	347e716e7e9e871d30f76f832a4de2f2c404407bae4ebb6d5c37b5722894f679	745cc01f00b7de60cb9446714b1bec160ec7227d	0483f79ae51dd578c2e4fec1b8431bd51b59b469
m3/tooling/migration-recipes/tasks/jcc-source-recovery-handoff-20261005/independent-execution-review/inputs/10-completion-remains-blocked.stderr.log	6109	c4a5d6a265b1a39ec6254fe71bc9e58cd55a7658d9ea6d18ccff4cba24687b25	097e1a5588bcbff34ce3ae0153d2652b3e224808	0483f79ae51dd578c2e4fec1b8431bd51b59b469
m3/tooling/migration-recipes/tasks/jcc-source-recovery-handoff-20261005/independent-execution-review/inputs/10-completion-remains-blocked.stdout.log	47	d4578b77ded4c87f33240fad4588e418b3157992288cbf4a1a4e38be14ece15b	407ff20445c228580201d3d921ccfc1ec401a7f7	0483f79ae51dd578c2e4fec1b8431bd51b59b469
m3/tooling/migration-recipes/tasks/jcc-source-recovery-handoff-20261005/independent-execution-review/inputs/INVOCATION_EXECUTION.json	1797	460131d195eb89da3ab98b3781d580d32f3bf17af2cc13818e999885910c56ae	74cee6e3301785af70aa2d91d8ac8fd10faff6c1	0483f79ae51dd578c2e4fec1b8431bd51b59b469
m3/tooling/migration-recipes/tasks/jcc-source-recovery-handoff-20261005/independent-execution-review/inputs/INVOCATION_STARTED.json	1197	258212f079c0ad840e10a1f4a0c51d60da3eb0ad05d3a96beeb07e8ff27b035c	8eeb4d5bea0e5a449b36866092bcaa18c9f86223	0483f79ae51dd578c2e4fec1b8431bd51b59b469
m3/tooling/migration-recipes/tasks/jcc-source-recovery-handoff-20261005/independent-execution-review/inputs/JccSourceRecoveryHandoffTest.xml	16374	09d606a9675a7aa17a64945e499c8f8062bd75a42cce2ed53851309aa3efd001	d000e3ba32f607f5e06f41c038d335a044b414f6	0483f79ae51dd578c2e4fec1b8431bd51b59b469
m3/tooling/migration-recipes/tasks/jcc-source-recovery-handoff-20261005/independent-execution-review/inputs/empty-maven-settings.xml	59	b546e42cf905023b479e33abc908fed827584e753d6402a372fb11fc1d343bca	3e4f47214297278088854a4040fb6b8f4acb081e	0483f79ae51dd578c2e4fec1b8431bd51b59b469
m3/tooling/migration-recipes/tasks/jcc-source-recovery-handoff-20261005/independent-execution-review/inputs/inputs.json	417473	6367c7d343ece1f1547e4db7873180f4dfae6dda83212edadf0564e0a93bc341	b4510e1b8441ca0c89d78879662f2d96ef4bad34	0483f79ae51dd578c2e4fec1b8431bd51b59b469
m3/tooling/migration-recipes/tasks/jcc-source-recovery-handoff-20261005/independent-execution-review/inputs/invocation-stderr.log	0	e3b0c44298fc1c149afbf4c8996fb92427ae41e4649b934ca495991b7852b855	e69de29bb2d1d6434b8b29ae775ad8c2e48c5391	0483f79ae51dd578c2e4fec1b8431bd51b59b469
m3/tooling/migration-recipes/tasks/jcc-source-recovery-handoff-20261005/independent-execution-review/inputs/invocation-stdout.log	794	20d71c19eddbfedde09e1c8237740f3fbe7fd9a1859bb2dd2ba8db0157ef1888	825d6b303961720f142901552d5503344c14c32a	0483f79ae51dd578c2e4fec1b8431bd51b59b469
m3/tooling/migration-recipes/tasks/jcc-source-recovery-handoff-20261005/independent-execution-review/inputs/receipt.json	31015	1f4ac9825d975520a04b7dc5ac1b282d96be32601c7abe2b0cfb676b0ff2df09	9b2b067f45138970b9378466f5bb8c3eb8cab7c1	0483f79ae51dd578c2e4fec1b8431bd51b59b469
m3/tooling/migration-recipes/tasks/jcc-source-recovery-handoff-20261005/independent-execution-review/inspect_execution.py	14402	b05b87209b152c873e3be79f701024b0ee7cfb3cea32863a428be8bfc73687be	8ba67002b3368c1bdfc36aac2500031a5b2deb06	0483f79ae51dd578c2e4fec1b8431bd51b59b469
m3/tooling/migration-recipes/tasks/jcc-source-recovery-handoff-20261005/independent-execution-review/inspector-revisions/V1_DIAGNOSTIC.json	501	eda98e9fe2c406041ab13b10f8013da6b45b49830e820a678dbf05261b93caae	3d8597e0bdd724e02d9a27a0cc185c3a57e16d27	0483f79ae51dd578c2e4fec1b8431bd51b59b469
m3/tooling/migration-recipes/tasks/jcc-source-recovery-handoff-20261005/independent-execution-review/inspector-revisions/inspect_execution_v1.py	13951	33844e9364ba3c7f2ec60e69d0d9afcab21a9eb485e5ec5edec30856265d02cd	88590d858fe3e004cf4a81c423d83ce0c00c7339	0483f79ae51dd578c2e4fec1b8431bd51b59b469
m3/tooling/migration-recipes/tasks/jcc-source-recovery-handoff-20261005/independent-resource-review/FILE_SEALS.json	5839	6f3019ab143e061f2c501ab7e25e105acbf51ecee87c31dab570099df1302d7f	6af3da186e95cf71c8be92d0847f04fa555c605d	0483f79ae51dd578c2e4fec1b8431bd51b59b469
m3/tooling/migration-recipes/tasks/jcc-source-recovery-handoff-20261005/independent-resource-review/RESOURCE_CHECKS.json	13445	e4f5700c11dccd1dc13fc43b4078c2ed3cd5ac49d35f30e05b9aabe5b3a8bfe4	0f9d529cc72084ef969fbc04d855f9b4fd0cb208	0483f79ae51dd578c2e4fec1b8431bd51b59b469
m3/tooling/migration-recipes/tasks/jcc-source-recovery-handoff-20261005/independent-resource-review/REVIEW.json	1141	9fa990d988eff95ba6410d15d1b76975b29389694d6fcacaf6bb89b24a79369a	e0dcd7cf79ab9e94ddedc141d77b76f6bcb16c2d	0483f79ae51dd578c2e4fec1b8431bd51b59b469
m3/tooling/migration-recipes/tasks/jcc-source-recovery-handoff-20261005/independent-resource-review/REVIEW.md	9241	df198e3ccda995d5d40fe9e17aca02507b3cb6b5077314c05b3c06b3eeb2cd28	cac654ad0e40b1e32148c903954bd1f6fd5168f6	0483f79ae51dd578c2e4fec1b8431bd51b59b469
m3/tooling/migration-recipes/tasks/jcc-source-recovery-handoff-20261005/independent-resource-review/inspect_resources.py	15928	2f245d943610184af096a583bb9d0ff469cde04297f96caab8b80b6f48125c23	2eab40e557ba3b059eb5f0e88f25c25b1bbd617b	0483f79ae51dd578c2e4fec1b8431bd51b59b469
m3/tooling/migration-recipes/tasks/jcc-source-recovery-handoff-20261005/reference-audit-invocation/EXECUTION.json	1530	a31ca3a37ff8adf991e6845f6329997acf06f216ac0d0e1bc366c42329ab7000	bf7d032cfbfc70aa9470941c14a83fbd0826c0d3	0483f79ae51dd578c2e4fec1b8431bd51b59b469
m3/tooling/migration-recipes/tasks/jcc-source-recovery-handoff-20261005/reference-audit-invocation/stderr.log	0	e3b0c44298fc1c149afbf4c8996fb92427ae41e4649b934ca495991b7852b855	e69de29bb2d1d6434b8b29ae775ad8c2e48c5391	0483f79ae51dd578c2e4fec1b8431bd51b59b469
m3/tooling/migration-recipes/tasks/jcc-source-recovery-handoff-20261005/reference-audit-invocation/stdout.log	244	a86e91566b9c9d94e71679162bba29564651f8f0b565e489777c21cd495481b2	032da3717a6e7c1d36ea7a8cbafcaf376049a2af	0483f79ae51dd578c2e4fec1b8431bd51b59b469
m3/tooling/migration-recipes/tasks/jcc-source-recovery-handoff-20261005/reference-audit/REFERENCE_AUDIT.json	769381	5867bffd36e65f2fd755921d0dbf9981a006bc0e38134b2d0e4e6830030900ea	8291d8bb82d25086ca9c649b8951c8044e3dc50d	0483f79ae51dd578c2e4fec1b8431bd51b59b469
m3/tooling/migration-recipes/tasks/jcc-source-recovery-handoff-20261005/source-current/AMENDMENT.json	1177	e20b0de4dfa51c79e6e16d035c6c55a5d368a9641b175239cb6f41f916bd74a6	5009d7d338eaaca207129c277acc8513351939cc	0483f79ae51dd578c2e4fec1b8431bd51b59b469
m3/tooling/migration-recipes/tasks/jcc-source-recovery-handoff-20261005/source-current/BUILD_ROLE_MAP.json	63816	cabf31b005b28c18053c107936134356986f55770368cb982800900380ee8689	eed55a4d5b77d6bfe61746576409ae68d46f8a84	0483f79ae51dd578c2e4fec1b8431bd51b59b469
m3/tooling/migration-recipes/tasks/jcc-source-recovery-handoff-20261005/source-current/CURRENT_CONTEXT_MANIFEST.json	70459	936730925c534f0744d5a3ed5831812c221c3ac919b889c1be5ebdfe294396ce	56f05d9af349f29cbfda8f12b158702606517fba	0483f79ae51dd578c2e4fec1b8431bd51b59b469
m3/tooling/migration-recipes/tasks/jcc-source-recovery-handoff-20261005/source-current/CURRENT_PROJECTION.json	596276	18c5fea0f72fe21aa78df1aa6c319eb4276fc15aa481952539c221ce651e6f49	d20138ab763408bbbd793c1ff27778d866b29009	0483f79ae51dd578c2e4fec1b8431bd51b59b469
m3/tooling/migration-recipes/tasks/jcc-source-recovery-handoff-20261005/source-current/CURRENT_SOURCE_MANIFEST.json	1891080	20fd857cb00711e02c34cd27445bd2c057db8f57a0cafb8ed9a455b453f3b37c	f1892501332d65721bfd6164597d93f3a298a10a	0483f79ae51dd578c2e4fec1b8431bd51b59b469
m3/tooling/migration-recipes/tasks/jcc-source-recovery-handoff-20261005/source-current/INVENTORY_FILE_SEALS.json	183376	02b0e8700b6d46a1c84730f8810ca510824af1da46655c5d59660b5902bb4b0c	3c068f6e10cc156cee9769a94997f5b7fbb3c4d9	0483f79ae51dd578c2e4fec1b8431bd51b59b469
m3/tooling/migration-recipes/tasks/jcc-source-recovery-handoff-20261005/source-current/INVENTORY_REVIEW.json	14727	41178470be98b342b83f58c43afa4a603d72c115584956c4fdbc96ce6a45d039	e3e43e60d7ed5247cadab7e58c5515e6e7e07136	0483f79ae51dd578c2e4fec1b8431bd51b59b469
m3/tooling/migration-recipes/tasks/jcc-source-recovery-handoff-20261005/source-current/INVENTORY_REVIEW.md	13344	17af04df1ca7db7329bbff3f2cfa840b39ab69d93ef3a61caa988b71bb221400	2f4e377117ec1355537aac0e9a1de8fa141f5ea2	0483f79ae51dd578c2e4fec1b8431bd51b59b469
m3/tooling/migration-recipes/tasks/jcc-source-recovery-handoff-20261005/source-current/PARENT_BUILD_CONTEXT.json	112397	4f8fbf09070e4d45e42c7ac29c94401d70058fea04d98e44b3526a24c77912fc	665dac597b1b33414e152c9224c840e7e01127d5	0483f79ae51dd578c2e4fec1b8431bd51b59b469
m3/tooling/migration-recipes/tasks/jcc-source-recovery-handoff-20261005/source-current/RECOVERY_SOURCE_INCLUDES.txt	39132	739ef583031ef3b940cbd141386ca91501fb7d505ce3ed78e2c55d2a98c70407	d64110d838a6a2632f8483c88ba0b2b94901e70d	0483f79ae51dd578c2e4fec1b8431bd51b59b469
m3/tooling/migration-recipes/tasks/jcc-source-recovery-handoff-20261005/source-recovery/PUBLICATION_CUSTODY.json	1099619	95f325ce57dadab60031f41514d9a9c5fa3ef6eb29a41e3c9a8c81e2dee996b8	0f084555dbbea3ba4c9302386ced30e1e1503dda	0483f79ae51dd578c2e4fec1b8431bd51b59b469
m3/tooling/migration-recipes/tasks/jcc-source-recovery-handoff-20261005/source-recovery/ROOT_ACCOUNTING.json	70709	55610f52b7b1e01ee15999969cc385616ff2e43f734e589ff61c750c5ab3c845	ad19c72cb925afa662e93898df2cc8a2839a7a67	0483f79ae51dd578c2e4fec1b8431bd51b59b469
m3/tooling/migration-recipes/tasks/jcc-source-recovery-handoff-20261005/source-recovery/SOURCE_FIELDS_AND_PROOFS.json	419637	7b5e197da5e2645efb87345e2abf92dcd8071993ff308c8fa0bca0511d00c52e	97e1e5438249e64577f9b9c17dd391678b65d712	0483f79ae51dd578c2e4fec1b8431bd51b59b469
m3/tooling/migration-recipes/tasks/jcc-source-recovery-handoff-20261005/source-recovery/custody-v3/CUSTODY_CARRY_PROSE.md	2233	0aeba88cf1e5545ff4e973f96e9c7231c5442544393d2ef5c5304f9ebab5570b	fc139915c9dbe1809b941074945c53cc3855504a	0483f79ae51dd578c2e4fec1b8431bd51b59b469
m3/tooling/migration-recipes/tasks/jcc-source-recovery-handoff-20261005/source-recovery/custody-v3/CUSTODY_EVIDENCE_INDEX.json	260154	8e478debeac87c46d01d57cf1038b2195005f9f6af249b25d97f1074ef26b38b	8d97bf818a71fd3d8bd63441d45e2de8b6666a6a	0483f79ae51dd578c2e4fec1b8431bd51b59b469
m3/tooling/migration-recipes/tasks/jcc-source-recovery-handoff-20261005/source-recovery/custody-v3/source-publisher/BASE_TREE_MODEL.json	1372743	877a61dc6d9b4f4fa280faeadbd67db9ee3d56a68768fa06c917d85ab8fbaa80	6ee3c1bfd76dc5c0abdba031f163a3d38294f5e9	0483f79ae51dd578c2e4fec1b8431bd51b59b469
m3/tooling/migration-recipes/tasks/jcc-source-recovery-handoff-20261005/source-recovery/custody-v3/source-publisher/RAW_READBACK_FAILURE_OBSERVATION.json	6519	224b3baa99e71c846cc96319c0a829eec3521d75f68731332ac2fa59fa214112	3f6b147b1ec5e1576b20f5a57c694dd305e31823	0483f79ae51dd578c2e4fec1b8431bd51b59b469
m3/tooling/migration-recipes/tasks/jcc-source-recovery-handoff-20261005/source-recovery/custody-v3/source-publisher/RAW_VERIFICATION_TREE_PLAN.json	95189	00fa5b9e4e99621ed6b5aac3c0da4c6506f82e921a3da42fdd4645285653e319	27c92ae8d02f1fc6fc3f19a74a5982601d142179	0483f79ae51dd578c2e4fec1b8431bd51b59b469
m3/tooling/migration-recipes/tasks/jcc-source-recovery-handoff-20261005/source-recovery/custody-v3/source-publisher/audit_base.py	8839	839c35c611de2dc02f2a3f1233131b24c79d77e109aaf010df9689dc8e04893b	f5ef1f4e6d01276e151fd81b98851e3c4759f25b	0483f79ae51dd578c2e4fec1b8431bd51b59b469
m3/tooling/migration-recipes/tasks/jcc-source-recovery-handoff-20261005/source-recovery/custody-v3/source-publisher/epoch-01/BEFORE_BRANCH_CUSTODY.json	6403	266c17d435d47c58129349e721eec1eee849ceaa28dd5c302eb6030cc02e978e	bf253346d4bbba4776f03d5f40f1907eb9365158	0483f79ae51dd578c2e4fec1b8431bd51b59b469
m3/tooling/migration-recipes/tasks/jcc-source-recovery-handoff-20261005/source-recovery/custody-v3/source-publisher/epoch-01/BEFORE_BRANCH_EXECUTION.json	563	caf3292d305a0f4e8dcae60d9b2bc9e6690bc25f32830f3be505db07ff04a281	b9ad7eaa3e580f8e52bdbda740778870d25a59b4	0483f79ae51dd578c2e4fec1b8431bd51b59b469
m3/tooling/migration-recipes/tasks/jcc-source-recovery-handoff-20261005/source-recovery/custody-v3/source-publisher/epoch-01/BRANCH_ABSENCE_BEFORE_CREATE.json	970	c9c175ba2a06b500d0345f720e94ac52279bb15dd7311a09b27c6c1bf1750e35	110050593a4a875dc8f09f2efd03705e7eb84125	0483f79ae51dd578c2e4fec1b8431bd51b59b469
m3/tooling/migration-recipes/tasks/jcc-source-recovery-handoff-20261005/source-recovery/custody-v3/source-publisher/epoch-01/BRANCH_CREATION.json	453	ec92b5c20f52f6572332c6b3af3b8d1c7c3395a0493d5aaf0021382d0d47039f	b9d004bd130554ee593ab6f8e8fdb79ef6000350	0483f79ae51dd578c2e4fec1b8431bd51b59b469
m3/tooling/migration-recipes/tasks/jcc-source-recovery-handoff-20261005/source-recovery/custody-v3/source-publisher/epoch-01/BRANCH_GET.json	1907	a65c5524109c673f1046d9f1729d7905f1539919f8f0a2fd91631a5feb28b6c8	9ee96365cf3dbb3df50aceb241d97d56e5c9b279	0483f79ae51dd578c2e4fec1b8431bd51b59b469
m3/tooling/migration-recipes/tasks/jcc-source-recovery-handoff-20261005/source-recovery/custody-v3/source-publisher/epoch-01/COMPLETED_TRANSPORT.json	23957	396f77ed23bbe356626bfcc90f6e6ac4232202f63e38f61a33251096dd8586e8	924551c7ee1d3e4218888180c2e9a9e5b8e6bd1a	0483f79ae51dd578c2e4fec1b8431bd51b59b469
m3/tooling/migration-recipes/tasks/jcc-source-recovery-handoff-20261005/source-recovery/custody-v3/source-publisher/epoch-01/FILE_READBACKS.json	1164286	c670df37826a24b0dda62a73ec3795e85c14a99fc44d68cdc470212dbbae4e98	ea5f1bce7b2fb42a30e813a9126baa7f0c920407	0483f79ae51dd578c2e4fec1b8431bd51b59b469
m3/tooling/migration-recipes/tasks/jcc-source-recovery-handoff-20261005/source-recovery/custody-v3/source-publisher/epoch-01/FINAL_COMMIT_CREATION.json	881	cf5ff5e9b52fd172c334d48c3d961c8d2a14015fc38bb780fda56fcfd55abea1	ee6d5b79150192fbddf1c940948ed26e2ac15db1	0483f79ae51dd578c2e4fec1b8431bd51b59b469
m3/tooling/migration-recipes/tasks/jcc-source-recovery-handoff-20261005/source-recovery/custody-v3/source-publisher/epoch-01/FINAL_COMMIT_GET.json	4099	a10dc4a210e14dbf9028b3f3fb4f36ad72eb1e1db50851e7a8b47db9685791c6	d8b34e27578902ef40a9d2b945029f446360eea7	0483f79ae51dd578c2e4fec1b8431bd51b59b469
m3/tooling/migration-recipes/tasks/jcc-source-recovery-handoff-20261005/source-recovery/custody-v3/source-publisher/epoch-01/FINAL_PUBLICATION_EXECUTION.json	541	cdeabfd468399b28d8dbba993f1b56bbfb6d63150eff52029dfd7eeae504a307	d4b55c38cf8b9f92785e885ba84a8680a284b876	0483f79ae51dd578c2e4fec1b8431bd51b59b469
m3/tooling/migration-recipes/tasks/jcc-source-recovery-handoff-20261005/source-recovery/custody-v3/source-publisher/epoch-01/FINAL_READBACK.json	3447648	8391f552328dedb2777a9ca9e793dc2dea867554abe646dbbb338388ce961c2a	13fcb514b91562724004ba752cc019b6498efa07	0483f79ae51dd578c2e4fec1b8431bd51b59b469
m3/tooling/migration-recipes/tasks/jcc-source-recovery-handoff-20261005/source-recovery/custody-v3/source-publisher/epoch-01/PREFLIGHT.json	4201003	13e56b17314e89370fb8ce3f8417b405b89b34db8a1868d968589550975db84f	0365b81ad1f8b3cef95993f23a84488c87f1c2ab	0483f79ae51dd578c2e4fec1b8431bd51b59b469
m3/tooling/migration-recipes/tasks/jcc-source-recovery-handoff-20261005/source-recovery/custody-v3/source-publisher/epoch-01/PR_CREATION.json	20086	148643747e3c13b10377eb35740a3832611485a04432fcd4e6970f4962f27cc0	ef76e8d61f019a9f1c0264e1606e189b882dedbe	0483f79ae51dd578c2e4fec1b8431bd51b59b469
m3/tooling/migration-recipes/tasks/jcc-source-recovery-handoff-20261005/source-recovery/custody-v3/source-publisher/epoch-01/PUBLICATION_CUSTODY.json	1099619	95f325ce57dadab60031f41514d9a9c5fa3ef6eb29a41e3c9a8c81e2dee996b8	0f084555dbbea3ba4c9302386ced30e1e1503dda	0483f79ae51dd578c2e4fec1b8431bd51b59b469
m3/tooling/migration-recipes/tasks/jcc-source-recovery-handoff-20261005/source-recovery/custody-v3/source-publisher/epoch-01/final-file-calls/call-00.json	59299	5f9e682afec61bf2c2cd8883ba2533927c5317dc2409fc43fd85e3b112b00f08	d55b6ebb698182d37e384dfafc7e788fe7462059	0483f79ae51dd578c2e4fec1b8431bd51b59b469
m3/tooling/migration-recipes/tasks/jcc-source-recovery-handoff-20261005/source-recovery/custody-v3/source-publisher/epoch-01/final-file-calls/call-01.json	14703	e2f25989522f89098bc62bf552938de6f9e97385fee166907e5b053cc311d474	c90b283fcdc8b8ad47a9967fc3a713e13673c230	0483f79ae51dd578c2e4fec1b8431bd51b59b469
m3/tooling/migration-recipes/tasks/jcc-source-recovery-handoff-20261005/source-recovery/custody-v3/source-publisher/epoch-01/final-file-calls/call-02.json	32873	651dd383a98b0b6587f214aa8041257e41b1b01c4bf93018a0de4cae6054979f	fb79558e088476b9cfc64bea47249e30c8c65dda	0483f79ae51dd578c2e4fec1b8431bd51b59b469
m3/tooling/migration-recipes/tasks/jcc-source-recovery-handoff-20261005/source-recovery/custody-v3/source-publisher/epoch-01/final-file-calls/call-03.json	9454	6b4d2e9f1e02b5ab466a898724df1f4bde2e8b2495f8198c8d3aac36dd2836ba	ee9333be3798433dcfbcee14c7cadfec3e050e60	0483f79ae51dd578c2e4fec1b8431bd51b59b469
m3/tooling/migration-recipes/tasks/jcc-source-recovery-handoff-20261005/source-recovery/custody-v3/source-publisher/epoch-01/final-file-calls/call-04.json	38458	b0fe9bc72bc8c63f5394d068395612478301c1c34ab3440e0a516782676847e2	b28ba9938f4333d3ca6ccf07623a1e336509ac68	0483f79ae51dd578c2e4fec1b8431bd51b59b469
m3/tooling/migration-recipes/tasks/jcc-source-recovery-handoff-20261005/source-recovery/custody-v3/source-publisher/epoch-01/final-file-calls/call-05.json	33870	9c8ca761372671f98263d9dc341cf6eb83c870c2894849ad096522af955412cb	ac243452ac65c890dd212c55e2caa13b5de70841	0483f79ae51dd578c2e4fec1b8431bd51b59b469
m3/tooling/migration-recipes/tasks/jcc-source-recovery-handoff-20261005/source-recovery/custody-v3/source-publisher/epoch-01/final-file-calls/call-06.json	51434	b5fb7d882960f20a2bfa0517d9b9d908761cf3fcf241b6dde31c8485c92e9440	8dfca328ca7a73b5fe3e379b1da909f8aedf52ec	0483f79ae51dd578c2e4fec1b8431bd51b59b469
m3/tooling/migration-recipes/tasks/jcc-source-recovery-handoff-20261005/source-recovery/custody-v3/source-publisher/epoch-01/final-file-calls/call-07.json	1576	d59b1e109ce61bd49881ffa232de3689dbedb2329f62b63675445bb31f822511	2f3c00a66f5533ea8230cf5e895be775a5503b4b	0483f79ae51dd578c2e4fec1b8431bd51b59b469
m3/tooling/migration-recipes/tasks/jcc-source-recovery-handoff-20261005/source-recovery/custody-v3/source-publisher/epoch-01/final-file-calls/call-08.json	2856	431ed2a5df0f5101a590fba5279cb1a06661cebac99150884d714d01c0534e60	9c79c7cc4784b63410a6f68a9670bbab8fa3ab67	0483f79ae51dd578c2e4fec1b8431bd51b59b469
m3/tooling/migration-recipes/tasks/jcc-source-recovery-handoff-20261005/source-recovery/custody-v3/source-publisher/epoch-01/final-file-calls/call-09.json	6028	f42c51a6383836cffb05e723743dd06545d0917696742670e70c393975f144cb	21d84335fd0b256eeddc27938581b3be738c8ca9	0483f79ae51dd578c2e4fec1b8431bd51b59b469
m3/tooling/migration-recipes/tasks/jcc-source-recovery-handoff-20261005/source-recovery/custody-v3/source-publisher/epoch-01/final-file-calls/call-10.json	5335	ba773cfa1b16a5079c70c5e79f9663b529f568e7c3599a97b66addf8a8414130	66f77c3efc8e51b78e7ae4cf8a9b8d721d44ad37	0483f79ae51dd578c2e4fec1b8431bd51b59b469
m3/tooling/migration-recipes/tasks/jcc-source-recovery-handoff-20261005/source-recovery/custody-v3/source-publisher/epoch-01/final-file-calls/call-11.json	4361	8053df3ad2ec58b19a0ac2c86585ab922e93a873db3fc800972b4d497d5c1941	46b4d799d6d02822c87cf6c2b3345fa8296d41ab	0483f79ae51dd578c2e4fec1b8431bd51b59b469
m3/tooling/migration-recipes/tasks/jcc-source-recovery-handoff-20261005/source-recovery/custody-v3/source-publisher/epoch-01/final-file-calls/call-12.json	12577	38dcbd14e3307d0e4fe6e99e72fb01ca13606eb4b2667cb9639bafa05d1a4292	a0bc5d23fb5468406ee5cca9068b2f32fabb4bd4	0483f79ae51dd578c2e4fec1b8431bd51b59b469
m3/tooling/migration-recipes/tasks/jcc-source-recovery-handoff-20261005/source-recovery/custody-v3/source-publisher/epoch-01/final-file-calls/call-13.json	100413	a05bda83bcf3a7d8f59a5e3dc794a9ba03483af9a2475a630c819a2fc1d4be6d	16cf3b4209fce925710537b24a714ab8fce6bfe2	0483f79ae51dd578c2e4fec1b8431bd51b59b469
m3/tooling/migration-recipes/tasks/jcc-source-recovery-handoff-20261005/source-recovery/custody-v3/source-publisher/epoch-01/final-file-calls/call-14.json	42506	06aca18820078bedfed28d2ff8aafa034fb6ff75c11a3397bf86fb8f0338e154	996dc73fb4671f3f63a93cafb7c8d86286fb2c0d	0483f79ae51dd578c2e4fec1b8431bd51b59b469
m3/tooling/migration-recipes/tasks/jcc-source-recovery-handoff-20261005/source-recovery/custody-v3/source-publisher/epoch-01/final-file-calls/call-15.json	67153	9351543516c7a3a190420731b804380ecee3c12e547e45747c3551dd2536a0d8	1580b38f72083ae5df15620f3550b73ba6aa4df0	0483f79ae51dd578c2e4fec1b8431bd51b59b469
m3/tooling/migration-recipes/tasks/jcc-source-recovery-handoff-20261005/source-recovery/custody-v3/source-publisher/epoch-01/final-file-calls/call-16.json	46441	ec6ff31e12a7c478f8cbf47bb21c4e33add7340bbbec7a55d235e903fe88defc	53fa40290492500a76f6eb9adbdb71d6c6f0a133	0483f79ae51dd578c2e4fec1b8431bd51b59b469
m3/tooling/migration-recipes/tasks/jcc-source-recovery-handoff-20261005/source-recovery/custody-v3/source-publisher/epoch-01/final-file-calls/call-17.json	24915	d7fe5f167d72b2b4ae340f142410e114db79b58cd10e10190775a838f4864cb5	9690c9bd2ce37feadce62d5402cab4e9a26e4b30	0483f79ae51dd578c2e4fec1b8431bd51b59b469
m3/tooling/migration-recipes/tasks/jcc-source-recovery-handoff-20261005/source-recovery/custody-v3/source-publisher/epoch-01/final-file-calls/call-18.json	28716	8b4c874062ffb16b7c1aed6a9083805442cb78bb88eaccba2def92e5708c1580	dabfcc7a35f90a00d620c531097dff229138690f	0483f79ae51dd578c2e4fec1b8431bd51b59b469
m3/tooling/migration-recipes/tasks/jcc-source-recovery-handoff-20261005/source-recovery/custody-v3/source-publisher/epoch-01/final-file-calls/call-19.json	1239	7da6c3d541b2cb97717996d12b13a4ddbfa355ce8dc87c545e3aa480c57f6e17	a46217db3494b7fb4560bb8c849c3ff436777bb9	0483f79ae51dd578c2e4fec1b8431bd51b59b469
m3/tooling/migration-recipes/tasks/jcc-source-recovery-handoff-20261005/source-recovery/custody-v3/source-publisher/epoch-01/final-file-calls/call-20.json	1077	91ada336fd5462edc80519398132f663450a1da3820472bd4f49ecc13d838749	955243589d6a94d96c31359a582410621472d49b	0483f79ae51dd578c2e4fec1b8431bd51b59b469
m3/tooling/migration-recipes/tasks/jcc-source-recovery-handoff-20261005/source-recovery/custody-v3/source-publisher/epoch-01/final-file-calls/call-21.json	1189	9c7a7a546385f054b1039b535f19b14ab1701e0cc1d3d736baaa2a938ab32801	2d7fcc5f4c958280d82ef07492fa0aff7f121bc4	0483f79ae51dd578c2e4fec1b8431bd51b59b469
m3/tooling/migration-recipes/tasks/jcc-source-recovery-handoff-20261005/source-recovery/custody-v3/source-publisher/epoch-01/final-file-calls/call-22.json	1071	97183d3d4517cdbb7472afe1291a8c503d864159ef6cf1aabd70cd15a66eca18	9b0d97579e80e55a370d20fea4d3112dc612ab38	0483f79ae51dd578c2e4fec1b8431bd51b59b469
m3/tooling/migration-recipes/tasks/jcc-source-recovery-handoff-20261005/source-recovery/custody-v3/source-publisher/epoch-01/final-publication-calls/commit.json	4185	1ed2dbd664e8a3cf508c87dc7e2ca871e2d347d431d17b9c243a52400241ca35	0060b655880f823930904b1a7a6dcf5dd64d5856	0483f79ae51dd578c2e4fec1b8431bd51b59b469
m3/tooling/migration-recipes/tasks/jcc-source-recovery-handoff-20261005/source-recovery/custody-v3/source-publisher/epoch-01/final-publication-calls/pull_request.json	53111	e891628db522796a21a5930c75455dcbd057cf2d6d55ea14f13c375adec23466	08231555d3e7837ec538d40a3597faa2297b3219	0483f79ae51dd578c2e4fec1b8431bd51b59b469
m3/tooling/migration-recipes/tasks/jcc-source-recovery-handoff-20261005/source-recovery/custody-v3/source-publisher/epoch-01/final-publication-calls/ref.json	1993	4b7ac816b0b9f78f3e48ff85cb60eba8ba9714b1295f1ef0df247c5300197542	2d7cf6a36ab5004f26c5afb9fca22bd7d2c0bded	0483f79ae51dd578c2e4fec1b8431bd51b59b469
m3/tooling/migration-recipes/tasks/jcc-source-recovery-handoff-20261005/source-recovery/custody-v3/source-publisher/epoch-01/transport/INDEX.json	35655	dce1e97079aeb3ad9edbdf9f814b3ccaeebfd0053c9d2b4b79ff841632c0736d	99c698756eedc88f650d4495f56827639cfb01f0	0483f79ae51dd578c2e4fec1b8431bd51b59b469
m3/tooling/migration-recipes/tasks/jcc-source-recovery-handoff-20261005/source-recovery/custody-v3/source-publisher/prepare_publication.py	15683	3cd42b4b5c4ba1e0eb01cace40bff7cb2fe967d65ac4e9a646b70d7daf4404fd	6b32bbff9f9221ddf8c5c4f3eb10ee27bed7d70a	0483f79ae51dd578c2e4fec1b8431bd51b59b469
m3/tooling/migration-recipes/tasks/jcc-source-recovery-handoff-20261005/source-recovery/custody-v3/source-publisher/raw-custody-v3/CUSTODY_INPUT.json	14641	22b58a9e97fd6bb4ebebc6a89dc13e368107c10429bff59191914a5e639c81df	aab1f868d992a08d865918b3cef7a99fdf299173	0483f79ae51dd578c2e4fec1b8431bd51b59b469
m3/tooling/migration-recipes/tasks/jcc-source-recovery-handoff-20261005/source-recovery/custody-v3/source-publisher/raw-custody-v3/PROBE_CUSTODY_RESULT.json	1542	074e9dcec6275f05bc8ac93d6d92e36b5adaeaa4c6503ace2dbf047b49916705	98e64dd614928ae710eb03e66d0dacce1be8b132	0483f79ae51dd578c2e4fec1b8431bd51b59b469
m3/tooling/migration-recipes/tasks/jcc-source-recovery-handoff-20261005/source-recovery/custody-v3/source-publisher/raw-custody-v3/PROBE_EXECUTION.json	670	90c9f648768fde6d74bc416d5a52076c7b29581a5df42e21f80da62e983a9be6	7fa37f2114d172ad33e0f43e5c0b46af6c7ec099	0483f79ae51dd578c2e4fec1b8431bd51b59b469
m3/tooling/migration-recipes/tasks/jcc-source-recovery-handoff-20261005/source-recovery/custody-v3/source-publisher/raw-custody-v3/PROTOCOL.md	4406	cdf3826e3725acded05b38031b70d9e7a8f8579540b38d65a2a8e38ce64209f5	0cf763bcef6fc836cb345360893c1874f5781eb9	0483f79ae51dd578c2e4fec1b8431bd51b59b469
m3/tooling/migration-recipes/tasks/jcc-source-recovery-handoff-20261005/source-recovery/custody-v3/source-publisher/raw-custody-v3/create-call-0.json	748	b8a32d3afbab09a54e0783bcd9c30784f52c2f354df1963ce0fdabeb1977b366	2d14689c274dc122940b3f890da15d2c842453e8	0483f79ae51dd578c2e4fec1b8431bd51b59b469
m3/tooling/migration-recipes/tasks/jcc-source-recovery-handoff-20261005/source-recovery/custody-v3/source-publisher/raw-custody-v3/create-call-1.json	586	5b7ac8ba077d2b3ee8c3cf6853ade48ea8e568f97d8f98d4f18d46ff7835423b	601f586d75d0980d283de686bc2f8a48b39dc02f	0483f79ae51dd578c2e4fec1b8431bd51b59b469
m3/tooling/migration-recipes/tasks/jcc-source-recovery-handoff-20261005/source-recovery/custody-v3/source-publisher/raw-custody-v3/create-call-2.json	728	cfe40a28577457759a7bd1ba588d069c4a7a8c7e2f8edff631e48598f8f6c64d	885d1e60d4cc571839679cabcf43fbc68629f641	0483f79ae51dd578c2e4fec1b8431bd51b59b469
m3/tooling/migration-recipes/tasks/jcc-source-recovery-handoff-20261005/source-recovery/custody-v3/source-publisher/raw-custody-v3/create-call-3.json	611	354b7b50af7d013a23870acbd24603e32c9f248bd4ca2ba86c4ea7e489064b79	de4a4eeff25c14055515986c6627961603271e6e	0483f79ae51dd578c2e4fec1b8431bd51b59b469
m3/tooling/migration-recipes/tasks/jcc-source-recovery-handoff-20261005/source-recovery/custody-v3/source-publisher/raw-custody-v3/draft-T01/raw_custody_v3.py	12671	a96f1aec811774467092a09cd750d47785fd4dd5482ce792ffac93c38deb9f5b	ccdbb23cf2bddffc543517e4662bd7b069a2876a	0483f79ae51dd578c2e4fec1b8431bd51b59b469
m3/tooling/migration-recipes/tasks/jcc-source-recovery-handoff-20261005/source-recovery/custody-v3/source-publisher/raw-custody-v3/draft-T01/verify_publication_v3.py	13831	7138709c360728c17c701391f303a02e21e6e1334b29bc3f67f6c9702f7440f4	4ad5c54d4d6109067c40ca82c2d5031df31e99d6	0483f79ae51dd578c2e4fec1b8431bd51b59b469
m3/tooling/migration-recipes/tasks/jcc-source-recovery-handoff-20261005/source-recovery/custody-v3/source-publisher/raw-custody-v3/trees/0b445a9f02146e1ef34f499ae801d0f9001b6313.json	1893	d6a876dffdb48da7271d85966ac7d9cd684e4b89ecc3548e79a5dc8ef55be637	c4da2406762041b4822bd147b0788e2697a16b42	0483f79ae51dd578c2e4fec1b8431bd51b59b469
m3/tooling/migration-recipes/tasks/jcc-source-recovery-handoff-20261005/source-recovery/custody-v3/source-publisher/raw-custody-v3/trees/1f7ac77c503cb40df683a7831d94b0c6a381b811.json	6735	e60253446c2741c41d127b379f3b9f56506442a0476ea377ab9de43f4ef98701	7ada47a165dfbc77a522ae63aed44997e15cfcde	0483f79ae51dd578c2e4fec1b8431bd51b59b469
m3/tooling/migration-recipes/tasks/jcc-source-recovery-handoff-20261005/source-recovery/custody-v3/source-publisher/raw-custody-v3/trees/1f8b33bc67afb0a0537c93dddd7ed5d94476dd8a.json	1941	bf6ecda1e1cd2d3a0fe726b39e1b1fb924fb9dd9e6bff7fb311cec53a69da76b	e9ba220b40280b21d05ca7af17dbe66d41ff095a	0483f79ae51dd578c2e4fec1b8431bd51b59b469
m3/tooling/migration-recipes/tasks/jcc-source-recovery-handoff-20261005/source-recovery/custody-v3/source-publisher/raw-custody-v3/trees/2e1ea5ea0076af3e2947a20dcddf8b306249d46c.json	37747	87897d5da6389eb5421cf083436ea9dba28921fc7c46fcec185c336677476023	6cff29e51e8136b30913643aceabcc558b115704	0483f79ae51dd578c2e4fec1b8431bd51b59b469
m3/tooling/migration-recipes/tasks/jcc-source-recovery-handoff-20261005/source-recovery/custody-v3/source-publisher/raw-custody-v3/trees/7de7c1ae7d22f70481a6dc0c5e81e3de73423e70.json	1947	bc4a2014f1bde8d775d57d3a3f3e31f441e933a1dec4116df3a1fd92a64ed1bb	73ab6ba3e52f55ea66d321aa5c5144003aec3681	0483f79ae51dd578c2e4fec1b8431bd51b59b469
m3/tooling/migration-recipes/tasks/jcc-source-recovery-handoff-20261005/source-recovery/custody-v3/source-publisher/raw-custody-v3/trees/8582ac8a6a16142f1ee2b8151085238304fb7aa3.json	3351	bbbbe2668c25e80d6e53d7c59a4a020fac5ee12f41daed2c665d52c7de1211ac	8009e93f4947f9cf30153efc916fdb8f84d224cb	0483f79ae51dd578c2e4fec1b8431bd51b59b469
m3/tooling/migration-recipes/tasks/jcc-source-recovery-handoff-20261005/source-recovery/custody-v3/source-publisher/raw-custody-v3/trees/894e5ba1d9e4e747a308d05f7acb254614f3fe0c.json	1893	400fa13aa4dce4c38c9af8c98d252c1fab164119e26d623e18d01f9e36d6a127	2de74dd7e10ad63136226488b4943d7620a85a46	0483f79ae51dd578c2e4fec1b8431bd51b59b469
m3/tooling/migration-recipes/tasks/jcc-source-recovery-handoff-20261005/source-recovery/custody-v3/source-publisher/raw-custody-v3/trees/89e0c45dbf11305c45c0574ab73486c66a8fe7b2.json	1943	878c3f9a33326df4d91935336962565b2d644e694e51b2aca9f7a47010044324	890aee4ab25bf18cedf01c20e4d4876ecfefa0f7	0483f79ae51dd578c2e4fec1b8431bd51b59b469
m3/tooling/migration-recipes/tasks/jcc-source-recovery-handoff-20261005/source-recovery/custody-v3/source-publisher/raw-custody-v3/trees/8de0927ad179c1a668e215fde234824f0b302797.json	4779	cc07ab6028915303903199aa027d19e27aa96d1d60d16231bf04ea24eb74ec6f	9f18b295f501b724ef22555e9ddced2f215217b5	0483f79ae51dd578c2e4fec1b8431bd51b59b469
m3/tooling/migration-recipes/tasks/jcc-source-recovery-handoff-20261005/source-recovery/custody-v3/source-publisher/raw-custody-v3/trees/9988b4d8f0482cb1e10e41b38e36fd79f5c7bc10.json	1951	7f438bf36e2a306ffd396d10d6c1e23164f4456ce85b0d06a23b020183682bd1	c7ce23a1c241b337cbf935d55ae51b5fa7af2a67	0483f79ae51dd578c2e4fec1b8431bd51b59b469
m3/tooling/migration-recipes/tasks/jcc-source-recovery-handoff-20261005/source-recovery/custody-v3/source-publisher/raw-custody-v3/trees/aee49a1388a9853f238d6360549181611d8168c4.json	1897	05a12fcdcba2cbb33d7f26c823c1ec77e712b206b0513ad69971affda5dc24f6	e42dcd7434d48dc88cb2181847e43623b3b2f647	0483f79ae51dd578c2e4fec1b8431bd51b59b469
m3/tooling/migration-recipes/tasks/jcc-source-recovery-handoff-20261005/source-recovery/custody-v3/source-publisher/raw-custody-v3/trees/bf2b8fe43cda47f0c6363c8d376f61419e647e4d.json	167271	f6852b552a509cd63b6f3622a21124215fb4c584d9b0b35fb4fd66dc6631f5d3	4a6439ecc558aa0fb82f410f7f1aeffe30d5a4ae	0483f79ae51dd578c2e4fec1b8431bd51b59b469
m3/tooling/migration-recipes/tasks/jcc-source-recovery-handoff-20261005/source-recovery/custody-v3/source-publisher/raw-custody-v3/trees/cac95ee10acb1ef18280347dcee30e626ff0e2b2.json	1911	0e3ba46f0ff549937802d41bcd60f36e7a1d2221744d7fed2bac7c3b14a290ba	2575e4b9cc0ccbea2975e0b968cc021802ab2d26	0483f79ae51dd578c2e4fec1b8431bd51b59b469
m3/tooling/migration-recipes/tasks/jcc-source-recovery-handoff-20261005/source-recovery/custody-v3/source-publisher/raw-custody-v3/trees/d7bce8c8d93693af06d95f1121257d65ca7d9f19.json	1885	4371692b6dc8fafe9355b12f4dd9a7ef3dbda4f38d4a4b262fc7d7e536ebedd2	acfe765a53a420a5b8384677622f354f4d4a4060	0483f79ae51dd578c2e4fec1b8431bd51b59b469
m3/tooling/migration-recipes/tasks/jcc-source-recovery-handoff-20261005/source-recovery/custody-v3/source-publisher/raw-custody-v3/trees/de28521cc91ed2316af7806f04d933543a3e3637.json	17675	31f6229cce694b49b0e30cb34791f0b4df696b933965637241dd5b053f751b04	c3ab72cb6bba321b6dd99f2fd741a04cf087a211	0483f79ae51dd578c2e4fec1b8431bd51b59b469
m3/tooling/migration-recipes/tasks/jcc-source-recovery-handoff-20261005/source-recovery/custody-v3/source-publisher/raw-custody-v3/trees/e6cb4eaa71784811361312b305d2723cf886ac1e.json	1885	4df921e09958f15fd17261bfbb5f9b948b4382afed7890b4568be4444594c7d3	b135e69a8207ea1523591995a68ed4f03f4d849e	0483f79ae51dd578c2e4fec1b8431bd51b59b469
m3/tooling/migration-recipes/tasks/jcc-source-recovery-handoff-20261005/source-recovery/custody-v3/source-publisher/raw-custody-v3/trees/fa58808396946d716c50398bc880a9bc570148db.json	1891	6f3742c4822492686a14cf87ba0697e05fa3082cecbe958772e2b97200c60225	aaf510fa17d33ae025302b34ecc5975c20a302f9	0483f79ae51dd578c2e4fec1b8431bd51b59b469
m3/tooling/migration-recipes/tasks/jcc-source-recovery-handoff-20261005/source-recovery/custody-v3/source-publisher/raw-custody-v3/verification-file-reads.json	5076	5f992ea5fa2a618093909b3ba7b063a8972de84f2af4b00ed44b323597538a87	805234c233d3bb741a35ced6c80d15f13da35a6c	0483f79ae51dd578c2e4fec1b8431bd51b59b469
m3/tooling/migration-recipes/tasks/jcc-source-recovery-handoff-20261005/source-recovery/custody-v3/source-publisher/raw_custody_v3.py	12912	45fe2a39cc936f94e20cf0051f3844e6d6b5ba59b87b2d3ca175bb60917603be	25a836990c02625c79f44492eb43b7ffca13b07f	0483f79ae51dd578c2e4fec1b8431bd51b59b469
m3/tooling/migration-recipes/tasks/jcc-source-recovery-handoff-20261005/source-recovery/custody-v3/source-publisher/readback-static-review/custody-v3/COMPANION_BINDING.json	2857	e5d6703bbeaebb2f6718c7b7f9cefd7dfd723f1b3cead9c50e397ce96e26b791	6ff36dbc6f5a3b2b2682ca89917411a65755ff14	0483f79ae51dd578c2e4fec1b8431bd51b59b469
m3/tooling/migration-recipes/tasks/jcc-source-recovery-handoff-20261005/source-recovery/custody-v3/source-publisher/readback-static-review/custody-v3/FILE_SEALS.json	4661	da5f48a847613be5599132af53755f677cc579da75d302bfea66d36da643232d	f7ac549808395cdfc6d4bec1705f38ada86e1077	0483f79ae51dd578c2e4fec1b8431bd51b59b469
m3/tooling/migration-recipes/tasks/jcc-source-recovery-handoff-20261005/source-recovery/custody-v3/source-publisher/readback-static-review/custody-v3/INPUT_SEALS.json	11329	52d1f09a46c14b1aed8d181e11bc7b0df9f0346eaa453676b8f6ba64e5ce6ace	430e04850aee8d3c1ac1cabe70b55e0992628c8e	0483f79ae51dd578c2e4fec1b8431bd51b59b469
m3/tooling/migration-recipes/tasks/jcc-source-recovery-handoff-20261005/source-recovery/custody-v3/source-publisher/readback-static-review/custody-v3/REVIEW.json	15643	e8ff8e7928611d4cdbe34c9dfd58340e3aa282205bfd405a2bf56d57393d78b0	18cd2c7e0d2d224d4a1f30355000bc70e0b68a05	0483f79ae51dd578c2e4fec1b8431bd51b59b469
m3/tooling/migration-recipes/tasks/jcc-source-recovery-handoff-20261005/source-recovery/custody-v3/source-publisher/readback-static-review/custody-v3/REVIEW.md	10550	6578850848d5e69f454b06c55c898da3811c9607f395c485aafe586178cfa8ee	d68306dd759322baab6f4154a8856e4d5ec87406	0483f79ae51dd578c2e4fec1b8431bd51b59b469
m3/tooling/migration-recipes/tasks/jcc-source-recovery-handoff-20261005/source-recovery/custody-v3/source-publisher/readback-static-review/custody-v3/inputs/audit_base.py	8839	839c35c611de2dc02f2a3f1233131b24c79d77e109aaf010df9689dc8e04893b	f5ef1f4e6d01276e151fd81b98851e3c4759f25b	0483f79ae51dd578c2e4fec1b8431bd51b59b469
m3/tooling/migration-recipes/tasks/jcc-source-recovery-handoff-20261005/source-recovery/custody-v3/source-publisher/readback-static-review/custody-v3/inputs/prepare_publication.py	15683	3cd42b4b5c4ba1e0eb01cace40bff7cb2fe967d65ac4e9a646b70d7daf4404fd	6b32bbff9f9221ddf8c5c4f3eb10ee27bed7d70a	0483f79ae51dd578c2e4fec1b8431bd51b59b469
m3/tooling/migration-recipes/tasks/jcc-source-recovery-handoff-20261005/source-recovery/custody-v3/source-publisher/readback-static-review/custody-v3/inputs/raw-custody-v3/PROTOCOL.md	4406	cdf3826e3725acded05b38031b70d9e7a8f8579540b38d65a2a8e38ce64209f5	0cf763bcef6fc836cb345360893c1874f5781eb9	0483f79ae51dd578c2e4fec1b8431bd51b59b469
m3/tooling/migration-recipes/tasks/jcc-source-recovery-handoff-20261005/source-recovery/custody-v3/source-publisher/readback-static-review/custody-v3/inputs/raw-custody-v3/draft-T01/raw_custody_v3.py	12671	a96f1aec811774467092a09cd750d47785fd4dd5482ce792ffac93c38deb9f5b	ccdbb23cf2bddffc543517e4662bd7b069a2876a	0483f79ae51dd578c2e4fec1b8431bd51b59b469
m3/tooling/migration-recipes/tasks/jcc-source-recovery-handoff-20261005/source-recovery/custody-v3/source-publisher/readback-static-review/custody-v3/inputs/raw-custody-v3/draft-T01/verify_publication_v3.py	13831	7138709c360728c17c701391f303a02e21e6e1334b29bc3f67f6c9702f7440f4	4ad5c54d4d6109067c40ca82c2d5031df31e99d6	0483f79ae51dd578c2e4fec1b8431bd51b59b469
m3/tooling/migration-recipes/tasks/jcc-source-recovery-handoff-20261005/source-recovery/custody-v3/source-publisher/readback-static-review/custody-v3/inputs/raw_custody_v3.py	12912	45fe2a39cc936f94e20cf0051f3844e6d6b5ba59b87b2d3ca175bb60917603be	25a836990c02625c79f44492eb43b7ffca13b07f	0483f79ae51dd578c2e4fec1b8431bd51b59b469
m3/tooling/migration-recipes/tasks/jcc-source-recovery-handoff-20261005/source-recovery/custody-v3/source-publisher/readback-static-review/custody-v3/inputs/verify_publication.py	9623	8cc5fd5c5df99ae8f48d0fbbf4618ada99be429af9cb39839511940192bd8639	a4e9bdad2fc2394f84a4593460c7eeab5e94f4e3	0483f79ae51dd578c2e4fec1b8431bd51b59b469
m3/tooling/migration-recipes/tasks/jcc-source-recovery-handoff-20261005/source-recovery/custody-v3/source-publisher/readback-static-review/custody-v3/inputs/verify_publication_v3.py	13831	45d1e83ba81dfaed9434fddb7df9f4962b7fbbb8cb1c9b29f90754c8fcf38baa	c5efacc8212e97a74770db0c70bcbd80d24ec232	0483f79ae51dd578c2e4fec1b8431bd51b59b469
m3/tooling/migration-recipes/tasks/jcc-source-recovery-handoff-20261005/source-recovery/custody-v3/source-publisher/readback-static-review/custody-v3/inspect_inputs.py	14398	ef55ea26a4df72e09416ffcec9eff75798a4c126378149cf2c667071446f27d2	0e0635f7a7fb4c1c0f2443d7040cc811056e699e	0483f79ae51dd578c2e4fec1b8431bd51b59b469
m3/tooling/migration-recipes/tasks/jcc-source-recovery-handoff-20261005/source-recovery/custody-v3/source-publisher/readback-static-review/custody-v3/raw_custody_v3.py.T01-T02.diff	1186	e234102abc927fda207e5766aa06bd949c56478566ab2fa990666f882e8ceca7	9e62da11151b4d61956ad3d47e8686f0dfed6189	0483f79ae51dd578c2e4fec1b8431bd51b59b469
m3/tooling/migration-recipes/tasks/jcc-source-recovery-handoff-20261005/source-recovery/custody-v3/source-publisher/readback-static-review/custody-v3/verify_publication_v3.py.T01-T02.diff	829	2905e58d2d063a419abc99cb52bcb46db1dae3c3655a135497630cb2218154d6	694c31083f1029eaf98e895213c1e0d6be7914a9	0483f79ae51dd578c2e4fec1b8431bd51b59b469
m3/tooling/migration-recipes/tasks/jcc-source-recovery-handoff-20261005/source-recovery/custody-v3/source-publisher/readback-static-review/raw-readback-failure/FILE_SEALS.json	1587	30556460d63d575f1b18b098fcbd2019239e4634c6067ab319b348c40d39f581	7906eaaf1e5cecc3d034c67018956b535418720b	0483f79ae51dd578c2e4fec1b8431bd51b59b469
m3/tooling/migration-recipes/tasks/jcc-source-recovery-handoff-20261005/source-recovery/custody-v3/source-publisher/readback-static-review/raw-readback-failure/INPUT_SEALS.json	3869	97680e799c6b21d29f86b7f2249e22dacc5e1c761d1e7f2ade704eba729a481f	9579b24598fd074879255d939a1a4aebe317eb40	0483f79ae51dd578c2e4fec1b8431bd51b59b469
m3/tooling/migration-recipes/tasks/jcc-source-recovery-handoff-20261005/source-recovery/custody-v3/source-publisher/readback-static-review/raw-readback-failure/READ_CAPABILITIES.json	5925	1356f767136ebe7d2bbc59bd61904691b82a88161d776d8039fc9ab97510ca60	e3b9c0419a9afab6b8438b4a15a3932ff5dabb72	0483f79ae51dd578c2e4fec1b8431bd51b59b469
m3/tooling/migration-recipes/tasks/jcc-source-recovery-handoff-20261005/source-recovery/custody-v3/source-publisher/readback-static-review/raw-readback-failure/REVIEW.json	4051	be0f51039422ac6e111a0f5d3a0ba96a74730555d5663c2483fb1ac94a1d96f0	01721c3ae6b5fdd238668b12c0676a43dd047f38	0483f79ae51dd578c2e4fec1b8431bd51b59b469
m3/tooling/migration-recipes/tasks/jcc-source-recovery-handoff-20261005/source-recovery/custody-v3/source-publisher/readback-static-review/raw-readback-failure/REVIEW.md	7352	52621f38ee8dbd408012219a4a5bd5cef08c046da3ada5cecf923398d637e769	89d5f7adbbb529c8ffd1f27c23e2353e80800c68	0483f79ae51dd578c2e4fec1b8431bd51b59b469
m3/tooling/migration-recipes/tasks/jcc-source-recovery-handoff-20261005/source-recovery/custody-v3/source-publisher/readback-static-review/raw-readback-failure/inspect.py	7385	67dba07d875c0f9a9bc9e18522bed9fc71b1aeb16787e869fbc75ee9650b8640	c5c060782a26968a79608c2124c47cdd6c606b2a	0483f79ae51dd578c2e4fec1b8431bd51b59b469
m3/tooling/migration-recipes/tasks/jcc-source-recovery-handoff-20261005/source-recovery/custody-v3/source-publisher/readback-static-review/raw-transport-adapter/FETCH_FILE_CAPABILITY.json	1155	0b52650547b4d4ae69a1e462c38ef2077cddb0dfd2c7915e327fcd041dca1709	31b92d1d550fb1edf5470c59628dc0e6c6020924	0483f79ae51dd578c2e4fec1b8431bd51b59b469
m3/tooling/migration-recipes/tasks/jcc-source-recovery-handoff-20261005/source-recovery/custody-v3/source-publisher/readback-static-review/raw-transport-adapter/FILE_SEALS.json	1600	2102f85bd93143fd60431fd26a8069bdff2a5e4a2e6616deb6d6f934dc5191f8	c740b48213371899e883453a4484cfb69ed84f16	0483f79ae51dd578c2e4fec1b8431bd51b59b469
m3/tooling/migration-recipes/tasks/jcc-source-recovery-handoff-20261005/source-recovery/custody-v3/source-publisher/readback-static-review/raw-transport-adapter/INPUT_SEALS.json	5975	4e5b2bce37562177cbfb2485a082c33df5a97aa238fac42dacfde355f41ff444	b487d1b98b4008965c074b5b7297e9d22330cf64	0483f79ae51dd578c2e4fec1b8431bd51b59b469
m3/tooling/migration-recipes/tasks/jcc-source-recovery-handoff-20261005/source-recovery/custody-v3/source-publisher/readback-static-review/raw-transport-adapter/REVIEW.json	3822	1e879a75f8b6d08fba9628406fffa7a7fa20d471fceb0cb8da5bbf47c0f2a5df	7b32297dc0d362b1e0a1a02548f1985228cdb159	0483f79ae51dd578c2e4fec1b8431bd51b59b469
m3/tooling/migration-recipes/tasks/jcc-source-recovery-handoff-20261005/source-recovery/custody-v3/source-publisher/readback-static-review/raw-transport-adapter/REVIEW.md	7280	03f15a70c1ac11b52005af86f2bc193599709427f39ae250234fbf9bfbf8b626	80241c4f951f7f19cda306219c066088e9c53e8e	0483f79ae51dd578c2e4fec1b8431bd51b59b469
m3/tooling/migration-recipes/tasks/jcc-source-recovery-handoff-20261005/source-recovery/custody-v3/source-publisher/readback-static-review/raw-transport-adapter/inspect.py	10963	c80763ab3a3796d4f7dc8a22596dc96c060bef801b9a8fa845109ce044d36d97	a97614be485737c0c7abb0c754e838e4dfc2b312	0483f79ae51dd578c2e4fec1b8431bd51b59b469
m3/tooling/migration-recipes/tasks/jcc-source-recovery-handoff-20261005/source-recovery/custody-v3/source-publisher/readback-static-review/v2/FILE_SEALS.json	986	efbdfa191409f225d814662a744003070f3bf4ce2bd7a4e331cb022abd607696	ffcfc63bdc314201c7bb982c6b6cffea1d45924a	0483f79ae51dd578c2e4fec1b8431bd51b59b469
m3/tooling/migration-recipes/tasks/jcc-source-recovery-handoff-20261005/source-recovery/custody-v3/source-publisher/readback-static-review/v2/INPUT_SEALS.json	1321	5a26d9913a9b18f97b68aa8bf3eac6855d954f5d4e1c7c7805a16f1589f0a881	8d796747695178148b77cabcd485be1ee3d825c5	0483f79ae51dd578c2e4fec1b8431bd51b59b469
m3/tooling/migration-recipes/tasks/jcc-source-recovery-handoff-20261005/source-recovery/custody-v3/source-publisher/readback-static-review/v2/REVIEW.md	4985	f84ae9ee896eaadd79ae00c3c1747decd0f928872baecbec56166f363f675b59	160fd1d62c645aeb201cf5eee2dfe555079474a6	0483f79ae51dd578c2e4fec1b8431bd51b59b469
m3/tooling/migration-recipes/tasks/jcc-source-recovery-handoff-20261005/source-recovery/custody-v3/source-publisher/readback-static-review/v2/audit_base.py.txt	8839	839c35c611de2dc02f2a3f1233131b24c79d77e109aaf010df9689dc8e04893b	f5ef1f4e6d01276e151fd81b98851e3c4759f25b	0483f79ae51dd578c2e4fec1b8431bd51b59b469
m3/tooling/migration-recipes/tasks/jcc-source-recovery-handoff-20261005/source-recovery/custody-v3/source-publisher/readback-static-review/v2/prepare_publication.py.txt	15683	3cd42b4b5c4ba1e0eb01cace40bff7cb2fe967d65ac4e9a646b70d7daf4404fd	6b32bbff9f9221ddf8c5c4f3eb10ee27bed7d70a	0483f79ae51dd578c2e4fec1b8431bd51b59b469
m3/tooling/migration-recipes/tasks/jcc-source-recovery-handoff-20261005/source-recovery/custody-v3/source-publisher/readback-static-review/v2/v1-v2.diff	4471	dcb1f09d1b221eb10837874bf62e82093813eb102229567ac19ed4a9c56831d9	7453be80777b2306476a407d7406f146c6d5a7d7	0483f79ae51dd578c2e4fec1b8431bd51b59b469
m3/tooling/migration-recipes/tasks/jcc-source-recovery-handoff-20261005/source-recovery/custody-v3/source-publisher/readback-static-review/v2/verify_publication.py.txt	9623	8cc5fd5c5df99ae8f48d0fbbf4618ada99be429af9cb39839511940192bd8639	a4e9bdad2fc2394f84a4593460c7eeab5e94f4e3	0483f79ae51dd578c2e4fec1b8431bd51b59b469
m3/tooling/migration-recipes/tasks/jcc-source-recovery-handoff-20261005/source-recovery/custody-v3/source-publisher/related-source-review/custody-v3-verifier-static-review/FILE_SEALS.json	1028	2322e736246e2fd11d94bc4c9c5d1a5717e0bd5be6179f7e4509a9242606d43c	0b8a0cd492e07e48cb396d54827ffcc7f1f75fcd	0483f79ae51dd578c2e4fec1b8431bd51b59b469
m3/tooling/migration-recipes/tasks/jcc-source-recovery-handoff-20261005/source-recovery/custody-v3/source-publisher/related-source-review/custody-v3-verifier-static-review/INPUT_SEALS.json	1442	793b5cfb897b0e0b7471f5f0c85adf3d6520b11c2077d669bbb8a1b48f647120	b5f13db8c6c74e053f57ea470c5802dd1cfc438c	0483f79ae51dd578c2e4fec1b8431bd51b59b469
m3/tooling/migration-recipes/tasks/jcc-source-recovery-handoff-20261005/source-recovery/custody-v3/source-publisher/related-source-review/custody-v3-verifier-static-review/REVIEW.md	6622	9fba35c03ee7d13a7ace7ef8f760f48186c0a8caf73e5dd5cd5d227815f1d693	f7bbb6cda696cb686270c7d7f3d7f17f77cae2a8	0483f79ae51dd578c2e4fec1b8431bd51b59b469
m3/tooling/migration-recipes/tasks/jcc-source-recovery-handoff-20261005/source-recovery/custody-v3/source-publisher/related-source-review/custody-v3-verifier-static-review/T02-delta/FILE_SEALS.json	1060	05242c715b5d63567d13c26c801e9a2c96ca4e27f14434e3a96020cdcd374a97	100e5d3cdd839136fd94346074337a0ab7866d9f	0483f79ae51dd578c2e4fec1b8431bd51b59b469
m3/tooling/migration-recipes/tasks/jcc-source-recovery-handoff-20261005/source-recovery/custody-v3/source-publisher/related-source-review/custody-v3-verifier-static-review/T02-delta/INPUT_SEALS.json	1763	beb5b6f452c2f1f6356136b5ae236bfd23fb2c7313228765357a3f46e50f3f4b	0c4a7a328cc621884baf4b61a12d68e773c0a6e2	0483f79ae51dd578c2e4fec1b8431bd51b59b469
m3/tooling/migration-recipes/tasks/jcc-source-recovery-handoff-20261005/source-recovery/custody-v3/source-publisher/related-source-review/custody-v3-verifier-static-review/T02-delta/REVIEW.md	2881	c7c575b882732681c3b5f1435f70063a765435f9e6137e10151fb2f8fa2ef2df	9b470e7720fce97aad75e811e34291df25617902	0483f79ae51dd578c2e4fec1b8431bd51b59b469
m3/tooling/migration-recipes/tasks/jcc-source-recovery-handoff-20261005/source-recovery/custody-v3/source-publisher/related-source-review/custody-v3-verifier-static-review/T02-delta/T01_T02.diff	2015	5f5c5f9c2b9d82607b8e3e30e9027ee8032f4d9fde812c2617343cb934049745	577a92ee28f87b5ec157750521b768e91ea021f6	0483f79ae51dd578c2e4fec1b8431bd51b59b469
m3/tooling/migration-recipes/tasks/jcc-source-recovery-handoff-20261005/source-recovery/custody-v3/source-publisher/related-source-review/custody-v3-verifier-static-review/V2_V3.diff	7930	e487f83f318b61c01515549e588b66a384d0d281a0bc5d3a4ace5f1ca6cd8803	36995c07b0a120a99e603b62fac2e4055e29597d	0483f79ae51dd578c2e4fec1b8431bd51b59b469
m3/tooling/migration-recipes/tasks/jcc-source-recovery-handoff-20261005/source-recovery/custody-v3/source-publisher/verify_publication.py	9623	8cc5fd5c5df99ae8f48d0fbbf4618ada99be429af9cb39839511940192bd8639	a4e9bdad2fc2394f84a4593460c7eeab5e94f4e3	0483f79ae51dd578c2e4fec1b8431bd51b59b469
m3/tooling/migration-recipes/tasks/jcc-source-recovery-handoff-20261005/source-recovery/custody-v3/source-publisher/verify_publication_v3.py	13831	45d1e83ba81dfaed9434fddb7df9f4962b7fbbb8cb1c9b29f90754c8fcf38baa	c5efacc8212e97a74770db0c70bcbd80d24ec232	0483f79ae51dd578c2e4fec1b8431bd51b59b469
m3/tooling/migration-recipes/tasks/jcc-source-recovery-handoff-20261005/source-recovery/source-manifest/FINAL_MANIFEST.json	2651088	9270a6b4098960e2b7c7bd87b17325b648c4de363957f36028bacc9c1955e328	8b87e4320079b69393a01387f11ccda15a273509	0483f79ae51dd578c2e4fec1b8431bd51b59b469
m3/tooling/migration-recipes/tasks/jcc-source-recovery-handoff-20261005/source-recovery/source-results/DESIGNATED_SOURCE_OUTPUTS.json	15261	296d5b9eb4f41b51a85d44bb4f05c76e8c5b6453fb55881691b9823055062510	59e4ba6f35c37c1a00da2678ed88b9f034d885e1	0483f79ae51dd578c2e4fec1b8431bd51b59b469
m3/tooling/migration-recipes/tasks/jcc-source-recovery-handoff-20261005/source-recovery/source-results/E4_EXECUTION_INPUT.json	12601	a42a7069695c38edfe2a25c1f8c9e16fd0db89401976679fc6409b78eca6d852	428422fc77c5335a43b9c978515445f056d0d2c6	0483f79ae51dd578c2e4fec1b8431bd51b59b469
m3/tooling/migration-recipes/tasks/jcc-source-recovery-handoff-20261005/source-recovery/source-results/FINAL_T03_REVIEW.md	12253	d6109ae253343f5c157d867732f3eea954cc4e57438968154b476407a21e86b2	966b2ec295da85f5d4399ea7c717eeaf0d4d06d3	0483f79ae51dd578c2e4fec1b8431bd51b59b469
m3/tooling/migration-recipes/tasks/jcc-source-recovery-handoff-20261005/source-recovery/source-results/RECOVERY_REPORT.md	16279	b21708f3c4537237db3608f8c12ba54ee1940817eb7d5594c1fea5bdeab29259	c019f5e4cf5014915d0686aeeeeb4cc306264907	0483f79ae51dd578c2e4fec1b8431bd51b59b469
m3/tooling/migration-recipes/tasks/jcc-source-recovery-handoff-20261005/source-recovery/source-results/RECOVERY_RESULT.json	456423	086f4ef835a0939b212bcb7595e75513ecbd46ce6bbf764a8d1f5aca1e418954	9c14f0c7eef7ed15b9148947ee729836dc2aefe1	0483f79ae51dd578c2e4fec1b8431bd51b59b469
m3/tooling/migration-recipes/tasks/jcc-source-recovery-handoff-20261005/source-recovery/source-results/ROOT_POM.xml	119981	f01cca4d90bd8fa1b1125474b5178cc80762d934bcb7bf5817f08f3f0dcf6aab	98889a040aad5cc3c82f782bb4b173d118207988	0483f79ae51dd578c2e4fec1b8431bd51b59b469
m3/tooling/migration-recipes/tasks/jcc-source-recovery-handoff-20261005/source-recovery/source-results/ROOT_POM_RECOVERY_CALL.json	165921	f647efbec6809523678b640b0dfbdf495f494bfc5c3e84a8a5e6e8a473e89d41	ed2dd05bc146884c7fbe88357966ba8b5a5e9236	0483f79ae51dd578c2e4fec1b8431bd51b59b469
m3/tooling/migration-recipes/tasks/jcc-source-recovery-handoff-20261005/source-recovery/source-results/ROOT_POM_RESTORATION.json	922	34a6cf995296ed929c2209d34480245473150601f8a556945aa1d8c2947fda6d	56764ea7b60d04d7050310f7355280fe2ee9eed6	0483f79ae51dd578c2e4fec1b8431bd51b59b469
m3/tooling/migration-recipes/tasks/jcc-source-recovery-handoff-20261005/tooling-review/admission-fixes/FILE_SEALS.json	2301	8ec211daffcfe3472c2fe66d7cecd9e49c4362102c5876092da09d4f38d87bab	0b9db4aac1ca3b8793be5ede0bbe74974f691e4a	0483f79ae51dd578c2e4fec1b8431bd51b59b469
m3/tooling/migration-recipes/tasks/jcc-source-recovery-handoff-20261005/tooling-review/admission-fixes/REVIEW.json	1020	b181f16da4916cf946ca07e46156fd16c16cd2e12e486d730a1106e08f947434	9c8e5b76c4b27e0ac85fc214f32f42915cc5ccde	0483f79ae51dd578c2e4fec1b8431bd51b59b469
m3/tooling/migration-recipes/tasks/jcc-source-recovery-handoff-20261005/tooling-review/admission-fixes/REVIEW.md	5816	0b5d20b213f5e98ec75b1750e03fe085d21c2465bca42993e3d9264623a52dd1	d3cb530c9ad6f594fea3cc73ee0f547fdae20e35	0483f79ae51dd578c2e4fec1b8431bd51b59b469
m3/tooling/migration-recipes/tasks/jcc-source-recovery-handoff-20261005/tooling-review/admission-fixes/STATIC_CHECKS.json	3888	679c58b0f1861971864f8a0cc77ea363a62af7b74d8ecb8f7147711822128610	65309855b10d4cea551ca7048266a1c54f353736	0483f79ae51dd578c2e4fec1b8431bd51b59b469
m3/tooling/migration-recipes/tasks/jcc-source-recovery-handoff-20261005/tooling-review/admission-fixes/author_e04.py.diff	4219	e23b9630be02b01893da60284fbf98b8cd668318a5ff9987bbfdc5785bd5f5cd	1f7469821a233cadec77cc07e33a6558a2467fd1	0483f79ae51dd578c2e4fec1b8431bd51b59b469
m3/tooling/migration-recipes/tasks/jcc-source-recovery-handoff-20261005/tooling-review/admission-fixes/run_verification.py.diff	6630	8cbd11d00c95f196a19618f8fc60caa23c08eeef3fd80d34d8a22e55c36000ba	4f7e5b1db2b3f577c453d6d9a4754b9548af21d3	0483f79ae51dd578c2e4fec1b8431bd51b59b469
m3/tooling/migration-recipes/tasks/jcc-source-recovery-handoff-20261005/tooling-review/custody-v3/FILE_SEALS.json	14882	fc7317936fca35529dd233eb056bb4ffb47df1090ba415642f8ff3ef705e6510	d80d5f175daf887ff4d9d184d8dc691808a3c518	0483f79ae51dd578c2e4fec1b8431bd51b59b469
m3/tooling/migration-recipes/tasks/jcc-source-recovery-handoff-20261005/tooling-review/custody-v3/INPUTS.json	4990	624665aef80b209cc9861ff35de0aee2b3ad139e48763ae2b3e7bc01af697248	f6fdb6da0f3d024f03dae119cb6141066628d2f0	0483f79ae51dd578c2e4fec1b8431bd51b59b469
m3/tooling/migration-recipes/tasks/jcc-source-recovery-handoff-20261005/tooling-review/custody-v3/REVIEW.json	1238	77fc1ee0a600577a60f324f8c0cd87b10657aecdacb91290b826bf5cddc228ab	eb412c21f05a661cdf743498a00d7cb2e1fc267e	0483f79ae51dd578c2e4fec1b8431bd51b59b469
m3/tooling/migration-recipes/tasks/jcc-source-recovery-handoff-20261005/tooling-review/custody-v3/REVIEW.md	8128	0353e7d8d4c4b4e709394ecc271ad662b84604b0e890ab09c65aad5e39c68ad7	aa2576e1e25542b819ca5b24ca33a4f710fecea3	0483f79ae51dd578c2e4fec1b8431bd51b59b469
m3/tooling/migration-recipes/tasks/jcc-source-recovery-handoff-20261005/tooling-review/custody-v3/STATIC_CHECKS.json	18780	979820ef1beafa75891ff0b0518ce5d354cc54661694aa5b30ae00471c2c9558	7d39caa77aee7dfa012059bc0ae04aff897b921b	0483f79ae51dd578c2e4fec1b8431bd51b59b469
m3/tooling/migration-recipes/tasks/jcc-source-recovery-handoff-20261005/tooling-review/custody-v3/author_e04_v3.py.diff	6494	d67c30dc775052b26f655cfe92cc953a878c41fedf76fc997450513c6d61f3fe	970959fe9f1feeb5dbb98d6441818469ed420e09	0483f79ae51dd578c2e4fec1b8431bd51b59b469
m3/tooling/migration-recipes/tasks/jcc-source-recovery-handoff-20261005/tooling-review/custody-v3/derive_source_handoff_v3.py.diff	4607	e9bafa64375a79d317177aaa4c0059770696f70cf5fef062bb0f3729d36dc763	34cc9e4600cc3d6a45a344a28445357c9c1db233	0483f79ae51dd578c2e4fec1b8431bd51b59b469
m3/tooling/migration-recipes/tasks/jcc-source-recovery-handoff-20261005/tooling-review/custody-v3/run_verification_v3.py.diff	3148	8bc22ad6293df139b0e21c17bfaa476d469fe4cb834e68c56f3cb5e2df26263f	3df2e960bb5d7ebc9057b90c20aacbf7e1ad967c	0483f79ae51dd578c2e4fec1b8431bd51b59b469
m3/tooling/migration-recipes/tasks/jcc-source-recovery-handoff-20261005/tooling-review/fixture-freeze/FILE_SEALS.json	1542	bf6b81d60beef64f05f42fe05673bc0caae6912edd89843dbf9072087a1a581e	0dfe390d07189e40b987b4ab789748492abcbb56	0483f79ae51dd578c2e4fec1b8431bd51b59b469
m3/tooling/migration-recipes/tasks/jcc-source-recovery-handoff-20261005/tooling-review/fixture-freeze/REVIEW.json	737	ef2561dd1fedb08a4f82495f6d377309e7b130ae5c084cff432c5564dbff0783	a3ea9dbdc1838c2b2ab94a5d15f8c57f7e674327	0483f79ae51dd578c2e4fec1b8431bd51b59b469
m3/tooling/migration-recipes/tasks/jcc-source-recovery-handoff-20261005/tooling-review/fixture-freeze/REVIEW.md	2768	5f6d0d5502344a92d27dddc0aface389effc92729501d6e767a9b2c63dc0a657	a158649f82d6b0cb550d8b158d088f9b164d34d1	0483f79ae51dd578c2e4fec1b8431bd51b59b469
m3/tooling/migration-recipes/tasks/jcc-source-recovery-handoff-20261005/tooling-review/fixture-freeze/STATIC_CHECKS.json	841	cc4e176bf91941c0ba23860c0d44737b1736e3c1d0307b45a8b8a121eb3ed561	c3a3ab82328ae5e56cffade4f6f177fd0840ae6a	0483f79ae51dd578c2e4fec1b8431bd51b59b469
m3/tooling/migration-recipes/tasks/jcc-source-recovery-handoff-20261005/tooling-review/fixture-freeze/revision.diff	3117	492a75974397e65dde54e1506efe612fe795532544a69b4f92a9579acf013768	62b566db26048d6614d7d494b1d5389d3e4d520c	0483f79ae51dd578c2e4fec1b8431bd51b59b469
m3/tooling/migration-recipes/tasks/jcc-source-recovery-handoff-20261005/tooling-review/initial/FILE_SEALS.json	4988	d7358b6c30ea0306248e35f36fc3b1a8aba22b02a95e0d76882c3d1b97eb07aa	bd56c5b82d28eb43ef343a27679e621eb460d5e7	0483f79ae51dd578c2e4fec1b8431bd51b59b469
m3/tooling/migration-recipes/tasks/jcc-source-recovery-handoff-20261005/tooling-review/initial/INPUTS.json	7320	195ff814b12c14f80cee26c2d86385315d1a4d9829315996be31a36f6a43cf4d	82d7f9f343852578adf01ac2647a910e72447318	0483f79ae51dd578c2e4fec1b8431bd51b59b469
m3/tooling/migration-recipes/tasks/jcc-source-recovery-handoff-20261005/tooling-review/initial/REVIEW.json	1245	7c5e70a0095e24dbec941b877d51e153f8f46fc67da3c803871766456603a3d3	cfadb33fb8648ccc69deb99990dedf01ea85212e	0483f79ae51dd578c2e4fec1b8431bd51b59b469
m3/tooling/migration-recipes/tasks/jcc-source-recovery-handoff-20261005/tooling-review/initial/REVIEW.md	9055	3b79302b2797b99bae5013946e1196ca1f4b836c89c69a416cf1db7431684976	21d55bd3a4f2977e727d91e22831c9d51d1be466	0483f79ae51dd578c2e4fec1b8431bd51b59b469
m3/tooling/migration-recipes/tasks/jcc-source-recovery-handoff-20261005/tooling-review/initial/STATIC_INPUT_CHECKS.json	6923	fc6e7ae2fa63710e714e189722d0a2aa15b0d6a7944767e767b8ce13471a8014	7e62fce8651461d0ae4a4a54e2f2f91540ca4917	0483f79ae51dd578c2e4fec1b8431bd51b59b469
m3/tooling/migration-recipes/tasks/jcc-source-recovery-handoff-20261005/verification/01-check-E3-preimages.json	1654	b23850ef1f1c67c35d91ae8c336be9e679423badbacee8d1b7c600ab5d999d1d	81e0d32fa09ef98623fa4010aeadb6f5056ec094	0483f79ae51dd578c2e4fec1b8431bd51b59b469
m3/tooling/migration-recipes/tasks/jcc-source-recovery-handoff-20261005/verification/01-check-E3-preimages.stderr.log	0	e3b0c44298fc1c149afbf4c8996fb92427ae41e4649b934ca495991b7852b855	e69de29bb2d1d6434b8b29ae775ad8c2e48c5391	0483f79ae51dd578c2e4fec1b8431bd51b59b469
m3/tooling/migration-recipes/tasks/jcc-source-recovery-handoff-20261005/verification/01-check-E3-preimages.stdout.log	180	10f0c98cdab62eae01ae2826f952a9f5f7667d0350c537e47fb0d2c6ed65ad94	774218d0de1be528c0631e2fd74040e8c80f3ea5	0483f79ae51dd578c2e4fec1b8431bd51b59b469
m3/tooling/migration-recipes/tasks/jcc-source-recovery-handoff-20261005/verification/02-actual-text-recipe-maven.json	1635	6493aa9abdf40f16768a9ef47f1e3f60f9313f3bb60fba97f903a3f53c729bf2	bcd6778dbe05a9d1cd9cec7bda92587bfc57d36f	0483f79ae51dd578c2e4fec1b8431bd51b59b469
m3/tooling/migration-recipes/tasks/jcc-source-recovery-handoff-20261005/verification/02-actual-text-recipe-maven.stderr.log	210	9ddf3781b5e43a87b1d67caac2bc4b251f9ce8d77c509c8369129f4b0359fd55	16fe39932aaeac0592dbd6b686f9089bec9c28ac	0483f79ae51dd578c2e4fec1b8431bd51b59b469
m3/tooling/migration-recipes/tasks/jcc-source-recovery-handoff-20261005/verification/02-actual-text-recipe-maven.stdout.log	2668	0138e46f20874e7da1ba8c669b91a258fea7cc4e53ae27c83271881ce8eaf6b0	eb79c5886f4623c2338d4019e6f8e505e76eed38	0483f79ae51dd578c2e4fec1b8431bd51b59b469
m3/tooling/migration-recipes/tasks/jcc-source-recovery-handoff-20261005/verification/03-actual-packet-contract.json	1314	feb59597ea3bbcfeed76abfb1b265c51098b75fd820c467496bfb5de3a6c9874	eb3c036089afcb6655492c8960cb014fc9703bb8	0483f79ae51dd578c2e4fec1b8431bd51b59b469
m3/tooling/migration-recipes/tasks/jcc-source-recovery-handoff-20261005/verification/03-actual-packet-contract.stderr.log	1270	e19416824a0f98fc36b2be2534541ab8060148f0274a68398362c6ed3a33e827	73ad16e8e4d89af11cdb97e09159407762387e95	0483f79ae51dd578c2e4fec1b8431bd51b59b469
m3/tooling/migration-recipes/tasks/jcc-source-recovery-handoff-20261005/verification/03-actual-packet-contract.stdout.log	0	e3b0c44298fc1c149afbf4c8996fb92427ae41e4649b934ca495991b7852b855	e69de29bb2d1d6434b8b29ae775ad8c2e48c5391	0483f79ae51dd578c2e4fec1b8431bd51b59b469
m3/tooling/migration-recipes/tasks/jcc-source-recovery-handoff-20261005/verification/04-apply.json	1615	e0e7bc2be0cbb90d04ea82e3d00986861e2f2cc12e30cafeaeb38ce859072830	51c8b6283dcb1eb6e4dab96942e968d6688a5b25	0483f79ae51dd578c2e4fec1b8431bd51b59b469
m3/tooling/migration-recipes/tasks/jcc-source-recovery-handoff-20261005/verification/04-apply.stderr.log	0	e3b0c44298fc1c149afbf4c8996fb92427ae41e4649b934ca495991b7852b855	e69de29bb2d1d6434b8b29ae775ad8c2e48c5391	0483f79ae51dd578c2e4fec1b8431bd51b59b469
m3/tooling/migration-recipes/tasks/jcc-source-recovery-handoff-20261005/verification/04-apply.stdout.log	179	db1a0d7fed17da0f1f64299a6f38db109cc291e7da45800bf4603d3add73fd11	6dcbc2fd7bcbe020c0904e8b14cfe9f5444a63b7	0483f79ae51dd578c2e4fec1b8431bd51b59b469
m3/tooling/migration-recipes/tasks/jcc-source-recovery-handoff-20261005/verification/05-apply-fixed-point.json	1651	610e555d607485e7a96fe9725a87b96c1cae5190e0222bcab2cda0dc7e34aa42	60eecec50452e351349302579882fd21ecd94c0a	0483f79ae51dd578c2e4fec1b8431bd51b59b469
m3/tooling/migration-recipes/tasks/jcc-source-recovery-handoff-20261005/verification/05-apply-fixed-point.stderr.log	0	e3b0c44298fc1c149afbf4c8996fb92427ae41e4649b934ca495991b7852b855	e69de29bb2d1d6434b8b29ae775ad8c2e48c5391	0483f79ae51dd578c2e4fec1b8431bd51b59b469
m3/tooling/migration-recipes/tasks/jcc-source-recovery-handoff-20261005/verification/05-apply-fixed-point.stdout.log	179	c1888956bcb8c9fa2f5a52d7cdcf4ec3d997bdbda439b431051ac839c33f36a1	80d5871f29374ebb618b8dd958f18f3e2ba6ba89	0483f79ae51dd578c2e4fec1b8431bd51b59b469
m3/tooling/migration-recipes/tasks/jcc-source-recovery-handoff-20261005/verification/06-rollback.json	1627	16bd4e3768ed4f1cb5264b5473be6d06e4331bb4175b9752a31bc657793e9d53	d26b77296ce579e2716cc0f588b9c2a41b1017c8	0483f79ae51dd578c2e4fec1b8431bd51b59b469
m3/tooling/migration-recipes/tasks/jcc-source-recovery-handoff-20261005/verification/06-rollback.stderr.log	0	e3b0c44298fc1c149afbf4c8996fb92427ae41e4649b934ca495991b7852b855	e69de29bb2d1d6434b8b29ae775ad8c2e48c5391	0483f79ae51dd578c2e4fec1b8431bd51b59b469
m3/tooling/migration-recipes/tasks/jcc-source-recovery-handoff-20261005/verification/06-rollback.stdout.log	180	5fc9f3ec131e0a0566699f38cc38809048fb229d27dbd59655f3b39795ef1d06	457b581167fe5278d02d03e0aef72ccc927cdf0d	0483f79ae51dd578c2e4fec1b8431bd51b59b469
m3/tooling/migration-recipes/tasks/jcc-source-recovery-handoff-20261005/verification/07-replay.json	1618	80e1d37222b678b47c7522fc4cebfbe311fe095afdd534b74e0b25cf0aab74e9	011923ee7fc3cb45f50ae6d833b6fb7d69f4c262	0483f79ae51dd578c2e4fec1b8431bd51b59b469
m3/tooling/migration-recipes/tasks/jcc-source-recovery-handoff-20261005/verification/07-replay.stderr.log	0	e3b0c44298fc1c149afbf4c8996fb92427ae41e4649b934ca495991b7852b855	e69de29bb2d1d6434b8b29ae775ad8c2e48c5391	0483f79ae51dd578c2e4fec1b8431bd51b59b469
m3/tooling/migration-recipes/tasks/jcc-source-recovery-handoff-20261005/verification/07-replay.stdout.log	179	db1a0d7fed17da0f1f64299a6f38db109cc291e7da45800bf4603d3add73fd11	6dcbc2fd7bcbe020c0904e8b14cfe9f5444a63b7	0483f79ae51dd578c2e4fec1b8431bd51b59b469
m3/tooling/migration-recipes/tasks/jcc-source-recovery-handoff-20261005/verification/08-check-final.json	1633	1340fbfdf8feaa6d4e330669c2a9eeeb28edbd9abd76ddb5d999bb29134b2171	f8298a7ce441d1467b27effbc60931a6ceb2d0ed	0483f79ae51dd578c2e4fec1b8431bd51b59b469
m3/tooling/migration-recipes/tasks/jcc-source-recovery-handoff-20261005/verification/08-check-final.stderr.log	0	e3b0c44298fc1c149afbf4c8996fb92427ae41e4649b934ca495991b7852b855	e69de29bb2d1d6434b8b29ae775ad8c2e48c5391	0483f79ae51dd578c2e4fec1b8431bd51b59b469
m3/tooling/migration-recipes/tasks/jcc-source-recovery-handoff-20261005/verification/08-check-final.stdout.log	179	c1888956bcb8c9fa2f5a52d7cdcf4ec3d997bdbda439b431051ac839c33f36a1	80d5871f29374ebb618b8dd958f18f3e2ba6ba89	0483f79ae51dd578c2e4fec1b8431bd51b59b469
m3/tooling/migration-recipes/tasks/jcc-source-recovery-handoff-20261005/verification/09-whole-map-validate.json	1670	8e0a1f21b7b419a230e3bdc2631c58e6abcc4e5d0f133f4e981af4975af0d98c	cd68ba94a35ba19bc97ad3c8f20133f9f86942c6	0483f79ae51dd578c2e4fec1b8431bd51b59b469
m3/tooling/migration-recipes/tasks/jcc-source-recovery-handoff-20261005/verification/09-whole-map-validate.stderr.log	0	e3b0c44298fc1c149afbf4c8996fb92427ae41e4649b934ca495991b7852b855	e69de29bb2d1d6434b8b29ae775ad8c2e48c5391	0483f79ae51dd578c2e4fec1b8431bd51b59b469
m3/tooling/migration-recipes/tasks/jcc-source-recovery-handoff-20261005/verification/09-whole-map-validate.stdout.log	47	d4578b77ded4c87f33240fad4588e418b3157992288cbf4a1a4e38be14ece15b	407ff20445c228580201d3d921ccfc1ec401a7f7	0483f79ae51dd578c2e4fec1b8431bd51b59b469
m3/tooling/migration-recipes/tasks/jcc-source-recovery-handoff-20261005/verification/10-completion-remains-blocked.json	1697	347e716e7e9e871d30f76f832a4de2f2c404407bae4ebb6d5c37b5722894f679	745cc01f00b7de60cb9446714b1bec160ec7227d	0483f79ae51dd578c2e4fec1b8431bd51b59b469
m3/tooling/migration-recipes/tasks/jcc-source-recovery-handoff-20261005/verification/10-completion-remains-blocked.stderr.log	6109	c4a5d6a265b1a39ec6254fe71bc9e58cd55a7658d9ea6d18ccff4cba24687b25	097e1a5588bcbff34ce3ae0153d2652b3e224808	0483f79ae51dd578c2e4fec1b8431bd51b59b469
m3/tooling/migration-recipes/tasks/jcc-source-recovery-handoff-20261005/verification/10-completion-remains-blocked.stdout.log	47	d4578b77ded4c87f33240fad4588e418b3157992288cbf4a1a4e38be14ece15b	407ff20445c228580201d3d921ccfc1ec401a7f7	0483f79ae51dd578c2e4fec1b8431bd51b59b469
m3/tooling/migration-recipes/tasks/jcc-source-recovery-handoff-20261005/verification/JccSourceRecoveryHandoffTest.xml	16374	09d606a9675a7aa17a64945e499c8f8062bd75a42cce2ed53851309aa3efd001	d000e3ba32f607f5e06f41c038d335a044b414f6	0483f79ae51dd578c2e4fec1b8431bd51b59b469
m3/tooling/migration-recipes/tasks/jcc-source-recovery-handoff-20261005/verification/empty-maven-settings.xml	59	b546e42cf905023b479e33abc908fed827584e753d6402a372fb11fc1d343bca	3e4f47214297278088854a4040fb6b8f4acb081e	0483f79ae51dd578c2e4fec1b8431bd51b59b469
m3/tooling/migration-recipes/tasks/jcc-source-recovery-handoff-20261005/verification/inputs.json	417473	6367c7d343ece1f1547e4db7873180f4dfae6dda83212edadf0564e0a93bc341	b4510e1b8441ca0c89d78879662f2d96ef4bad34	0483f79ae51dd578c2e4fec1b8431bd51b59b469
m3/tooling/migration-recipes/tasks/jcc-source-recovery-handoff-20261005/verification/receipt.json	31015	1f4ac9825d975520a04b7dc5ac1b282d96be32601c7abe2b0cfb676b0ff2df09	9b2b067f45138970b9378466f5bb8c3eb8cab7c1	0483f79ae51dd578c2e4fec1b8431bd51b59b469
m3/tooling/migration-recipes/tasks/jcc-source-recovery-handoff-20261005/work-tooling/DERIVATION_INPUTS_V3.json	38439	0d494e5904854b3529e0fb72079cb8c4c9fab520e20077d0e68e6a1887e11b73	b31d563044408195765a4731d9e794dd35cd8222	0483f79ae51dd578c2e4fec1b8431bd51b59b469
m3/tooling/migration-recipes/tasks/jcc-source-recovery-handoff-20261005/work-tooling/FINAL_SOURCE_INPUTS_V3.json	83448	df6713ad19ce80daad0383fbd5c3716412e2dca133e1db7e0150b88e141313b5	8e734cffb31445173044aead798664a81389a0b6	0483f79ae51dd578c2e4fec1b8431bd51b59b469
m3/tooling/migration-recipes/tasks/jcc-source-recovery-handoff-20261005/work-tooling/author_e04_v3.py	18901	db47c8ae008021e4a250004ae8631b1a40c9cd731c5c2001f41eacedac129359	49855f31def0d007aaadab5c263896ea10952a20	0483f79ae51dd578c2e4fec1b8431bd51b59b469
m3/tooling/migration-recipes/tasks/jcc-source-recovery-handoff-20261005/work-tooling/check_references_v3.py	40725	521c18944616fe46a3e347860c25a7283e1b74674c594e40996c787e01e96b81	f29cdc2160abd9b22e6970bb9eef22ced36be5f5	0483f79ae51dd578c2e4fec1b8431bd51b59b469
m3/tooling/migration-recipes/tasks/jcc-source-recovery-handoff-20261005/work-tooling/current-context/CONTEXT_REFERENCES.json	470167	fbc460874aeb04a688ad0ed9b47ad8e3f3b37f88af09d0f32ecfeedc2827fbed	5f4cca8343c48f3c8d3d113222b12c3da4018fb3	0483f79ae51dd578c2e4fec1b8431bd51b59b469
m3/tooling/migration-recipes/tasks/jcc-source-recovery-handoff-20261005/work-tooling/custody-v3-proposal/LOCAL_EXPECTATIONS.json	6004	548b98ef8531b369f4c378bfdebf681e514a5b46da15bcf32db9ab491a7ce8d5	a58a8352c709f5b6330263fa151dca2a164e77b5	0483f79ae51dd578c2e4fec1b8431bd51b59b469
m3/tooling/migration-recipes/tasks/jcc-source-recovery-handoff-20261005/work-tooling/custody-v3-proposal/READINESS_T01.json	16575	69722816b7744af9f4a1a69356b797616d04d54fae7008d438cf08131685b21b	3be57c938f92a4c9c11dd717fb2b5319a9b547ab	0483f79ae51dd578c2e4fec1b8431bd51b59b469
m3/tooling/migration-recipes/tasks/jcc-source-recovery-handoff-20261005/work-tooling/custody-v3-proposal/READINESS_T02.json	7301	d8a816935713d91745e7b341e0e2d58ae98e6aed36ee9bafba4567117771c406	9b3d3223095a9baa93af64683bdd49769e3170b0	0483f79ae51dd578c2e4fec1b8431bd51b59b469
m3/tooling/migration-recipes/tasks/jcc-source-recovery-handoff-20261005/work-tooling/custody-v3-proposal/revisions/before-two-fixture-freeze/revision.diff	3111	dfdfdbb915b7f26679d429c625ebbd5e7e7ed1eed00bb74deeed85e07243062a	f1c6df9687836cbed0616202df70d0f2e357ca87	0483f79ae51dd578c2e4fec1b8431bd51b59b469
m3/tooling/migration-recipes/tasks/jcc-source-recovery-handoff-20261005/work-tooling/derive_source_handoff_v3.py	12245	0086ac594cf4e459b0bf903e8eea95a6aa38198b5d23cb6f140726afcd08f76b	bf017e4f4ae6a1e31a360f68e5444605c4666671	0483f79ae51dd578c2e4fec1b8431bd51b59b469
m3/tooling/migration-recipes/tasks/jcc-source-recovery-handoff-20261005/work-tooling/publication_custody_v3.py	9752	46cf912b0f464caeb9718b08d22f9cdd5b74875e3ab614ccee19c7b0a4dae7b7	546b1156070b6f117b747fa7ae0be2788476f96f	0483f79ae51dd578c2e4fec1b8431bd51b59b469
m3/tooling/migration-recipes/tasks/jcc-source-recovery-handoff-20261005/work-tooling/run_verification_v3.py	13664	496e1877914e15f4342111c37020a2d58790038516b62872680427e585b21f50	f29227b5411053782980a14eb4de29b924e12753	0483f79ae51dd578c2e4fec1b8431bd51b59b469
m3/tooling/migration-recipes/tasks/jcc-source-recovery-handoff-20261005/work-tooling/seal_publication_v3.py	9944	992ff5d18c611afe1b01d1ce941e07e84c76557ff1f3cab91b4fc25750a1ada7	b6c646357075cd4e8b8d0a476c683bd336418e44	0483f79ae51dd578c2e4fec1b8431bd51b59b469
m3/tooling/migration-recipes/tasks/jcc-source-recovery-handoff-20261005/work-tooling/source-prepublication/DESIGNATED_COMPARISON.json	15782	39e7fe930028e5e7561414fbf8f75f247c634182c19648f6c0e6b6d0849d055a	9eda27de6c0949291cf5212915e7ee74af1df8e5	0483f79ae51dd578c2e4fec1b8431bd51b59b469
m3/tooling/migration-recipes/tasks/jcc-source-recovery-handoff-20261005/work-tooling/source-prepublication/PROOF_SELECTION.json	38334	482431a3222b032443b76bb3f57395c097bad1ac161b90280123b3ad5764f650	47a7478b1a70a6c0ab0802d58ab12923526cabc6	0483f79ae51dd578c2e4fec1b8431bd51b59b469
m3/tooling/migration-recipes/verification/jcc-source-final-handoff/pom.xml	2680	87410fdc613d15f549f155f676be3ba5ab535eb7e7b73eda45f4409fb6dd095a	1028c8f92b75c9dba15eab6c40ea9b41012e666d	0483f79ae51dd578c2e4fec1b8431bd51b59b469
m3/tooling/migration-recipes/verification/jcc-source-recovery-handoff/pom.xml	2846	6ee0745e1927e2bb60e52e5f50af9b77e01d7f45063a35050e8151af2df81f55	0755d84f22c3416ae50b62941e411ce050638f9d	0483f79ae51dd578c2e4fec1b8431bd51b59b469
