capability_id	manifest_path	path	expected_sha256	actual_sha256	state
jcc-merge-recovery-20261006-history-01	m3/tooling/migration-recipes/src/main/resources/com/m3/rewrite/backport/jdk21-hash-pinned-text/jcc-merge-recovery-20261006-history-01/manifest.tsv	m3/migration/test/test_jcc_source_final_handoff_packet.py	9703fd06fdb5f3616a721730270b15d02fb7593976ff4b210109e5ee57375c4f	9703fd06fdb5f3616a721730270b15d02fb7593976ff4b210109e5ee57375c4f	RETAINED_EXACT
jcc-merge-recovery-20261006-history-01	m3/tooling/migration-recipes/src/main/resources/com/m3/rewrite/backport/jdk21-hash-pinned-text/jcc-merge-recovery-20261006-history-01/manifest.tsv	m3/migration/test/test_jcc_source_recovery_handoff_packet.py	90dc23b1a8db4ec3347048c7f85e688a76893633955e877eab723bdd87d58d19	90dc23b1a8db4ec3347048c7f85e688a76893633955e877eab723bdd87d58d19	RETAINED_EXACT
jcc-merge-recovery-20261006-history-01	m3/tooling/migration-recipes/src/main/resources/com/m3/rewrite/backport/jdk21-hash-pinned-text/jcc-merge-recovery-20261006-history-01/manifest.tsv	m3/tooling/migration-recipes/src/main/resources/META-INF/rewrite/m3-jcc-source-final-handoff.yml	4aedf7fb2a3bfab3f831f0c5bdba8764752616e2d92182e66f3962efa8446cd2	4aedf7fb2a3bfab3f831f0c5bdba8764752616e2d92182e66f3962efa8446cd2	RETAINED_EXACT
jcc-merge-recovery-20261006-history-01	m3/tooling/migration-recipes/src/main/resources/com/m3/rewrite/backport/jdk21-hash-pinned-text/jcc-merge-recovery-20261006-history-01/manifest.tsv	m3/tooling/migration-recipes/src/main/resources/META-INF/rewrite/m3-jcc-source-recovery-handoff.yml	74248526b328662a9a3ee3cff75b16ff0f3c5d346b035fb5f54d707d738c36bf	74248526b328662a9a3ee3cff75b16ff0f3c5d346b035fb5f54d707d738c36bf	RETAINED_EXACT
jcc-merge-recovery-20261006-history-01	m3/tooling/migration-recipes/src/main/resources/com/m3/rewrite/backport/jdk21-hash-pinned-text/jcc-merge-recovery-20261006-history-01/manifest.tsv	m3/tooling/migration-recipes/src/main/resources/com/m3/rewrite/backport/jdk21-hash-pinned-text/jcc-source-final-handoff-20261005/after00-name-mapping.json.txt	e4ae516fea9822a4bfe26669e9749e167f52bb30049d520339ee42f3779bc0b3	e4ae516fea9822a4bfe26669e9749e167f52bb30049d520339ee42f3779bc0b3	RETAINED_EXACT
jcc-merge-recovery-20261006-history-01	m3/tooling/migration-recipes/src/main/resources/com/m3/rewrite/backport/jdk21-hash-pinned-text/jcc-merge-recovery-20261006-history-01/manifest.tsv	m3/tooling/migration-recipes/src/main/resources/com/m3/rewrite/backport/jdk21-hash-pinned-text/jcc-source-final-handoff-20261005/after01-jcc-source-handoff.md.txt	59ed76969f86486e7adb377409e284f69577fe02754006fdfe5b3938a16760a0	59ed76969f86486e7adb377409e284f69577fe02754006fdfe5b3938a16760a0	RETAINED_EXACT
jcc-merge-recovery-20261006-history-01	m3/tooling/migration-recipes/src/main/resources/com/m3/rewrite/backport/jdk21-hash-pinned-text/jcc-merge-recovery-20261006-history-01/manifest.tsv	m3/tooling/migration-recipes/src/main/resources/com/m3/rewrite/backport/jdk21-hash-pinned-text/jcc-source-final-handoff-20261005/after02-source-destination-bindings.json.txt	049c7c1987c05a15f4152fcb8f261a65245d72a25688d5a530a4afa5405cd3ef	049c7c1987c05a15f4152fcb8f261a65245d72a25688d5a530a4afa5405cd3ef	RETAINED_EXACT
jcc-merge-recovery-20261006-history-01	m3/tooling/migration-recipes/src/main/resources/com/m3/rewrite/backport/jdk21-hash-pinned-text/jcc-merge-recovery-20261006-history-01/manifest.tsv	m3/tooling/migration-recipes/src/main/resources/com/m3/rewrite/backport/jdk21-hash-pinned-text/jcc-source-final-handoff-20261005/after03-root-coverage-obligations.tsv.txt	59c4c970ac75a56aa5d5a3e2f3e88f5caa831eb06be788266c725202b8c64b12	59c4c970ac75a56aa5d5a3e2f3e88f5caa831eb06be788266c725202b8c64b12	RETAINED_EXACT
jcc-merge-recovery-20261006-history-01	m3/tooling/migration-recipes/src/main/resources/com/m3/rewrite/backport/jdk21-hash-pinned-text/jcc-merge-recovery-20261006-history-01/manifest.tsv	m3/tooling/migration-recipes/src/main/resources/com/m3/rewrite/backport/jdk21-hash-pinned-text/jcc-source-final-handoff-20261005/before00-name-mapping.json.txt	536af76dd7b7b7217707662c2f1437af4adaa53af898627b0884e0b4f4603ace	536af76dd7b7b7217707662c2f1437af4adaa53af898627b0884e0b4f4603ace	RETAINED_EXACT
jcc-merge-recovery-20261006-history-01	m3/tooling/migration-recipes/src/main/resources/com/m3/rewrite/backport/jdk21-hash-pinned-text/jcc-merge-recovery-20261006-history-01/manifest.tsv	m3/tooling/migration-recipes/src/main/resources/com/m3/rewrite/backport/jdk21-hash-pinned-text/jcc-source-final-handoff-20261005/before01-jcc-source-handoff.md.txt	fff2e02f72c07f89c6f8bcabab3839878ff8628f0b31b04bb3632eb62be10337	fff2e02f72c07f89c6f8bcabab3839878ff8628f0b31b04bb3632eb62be10337	RETAINED_EXACT
jcc-merge-recovery-20261006-history-01	m3/tooling/migration-recipes/src/main/resources/com/m3/rewrite/backport/jdk21-hash-pinned-text/jcc-merge-recovery-20261006-history-01/manifest.tsv	m3/tooling/migration-recipes/src/main/resources/com/m3/rewrite/backport/jdk21-hash-pinned-text/jcc-source-final-handoff-20261005/before02-source-destination-bindings.json.txt	cdb5d7f4a0746fe561f51fa9a13cbd9fa319f8196bfd3075ca2288be7f3d1126	cdb5d7f4a0746fe561f51fa9a13cbd9fa319f8196bfd3075ca2288be7f3d1126	RETAINED_EXACT
jcc-merge-recovery-20261006-history-01	m3/tooling/migration-recipes/src/main/resources/com/m3/rewrite/backport/jdk21-hash-pinned-text/jcc-merge-recovery-20261006-history-01/manifest.tsv	m3/tooling/migration-recipes/src/main/resources/com/m3/rewrite/backport/jdk21-hash-pinned-text/jcc-source-final-handoff-20261005/before03-root-coverage-obligations.tsv.txt	cba3b3315df643f328c4acb2fd08b5194262dc7ad7b40557107a8c614355f55b	cba3b3315df643f328c4acb2fd08b5194262dc7ad7b40557107a8c614355f55b	RETAINED_EXACT
jcc-merge-recovery-20261006-history-01	m3/tooling/migration-recipes/src/main/resources/com/m3/rewrite/backport/jdk21-hash-pinned-text/jcc-merge-recovery-20261006-history-01/manifest.tsv	m3/tooling/migration-recipes/src/main/resources/com/m3/rewrite/backport/jdk21-hash-pinned-text/jcc-source-final-handoff-20261005/manifest.tsv	4e8bd94f8dd29256ca41dee2fb0b5164ba24c387038143d88d5fa958e6ecdad5	4e8bd94f8dd29256ca41dee2fb0b5164ba24c387038143d88d5fa958e6ecdad5	RETAINED_EXACT
jcc-merge-recovery-20261006-history-01	m3/tooling/migration-recipes/src/main/resources/com/m3/rewrite/backport/jdk21-hash-pinned-text/jcc-merge-recovery-20261006-history-01/manifest.tsv	m3/tooling/migration-recipes/src/main/resources/com/m3/rewrite/backport/jdk21-hash-pinned-text/jcc-source-final-handoff-20261005/plan.json	ae42e3db29017106b47f493fc663ca679ead1802558699915d1a3a1fb3454c48	ae42e3db29017106b47f493fc663ca679ead1802558699915d1a3a1fb3454c48	RETAINED_EXACT
jcc-merge-recovery-20261006-history-01	m3/tooling/migration-recipes/src/main/resources/com/m3/rewrite/backport/jdk21-hash-pinned-text/jcc-merge-recovery-20261006-history-01/manifest.tsv	m3/tooling/migration-recipes/src/main/resources/com/m3/rewrite/backport/jdk21-hash-pinned-text/jcc-source-recovery-handoff-20261005/after00-name-mapping.json.txt	eb42442866c73c38027b481a84c0473bea422e4628d0794fa31fc61d9f1a818e	eb42442866c73c38027b481a84c0473bea422e4628d0794fa31fc61d9f1a818e	RETAINED_EXACT
jcc-merge-recovery-20261006-history-01	m3/tooling/migration-recipes/src/main/resources/com/m3/rewrite/backport/jdk21-hash-pinned-text/jcc-merge-recovery-20261006-history-01/manifest.tsv	m3/tooling/migration-recipes/src/main/resources/com/m3/rewrite/backport/jdk21-hash-pinned-text/jcc-source-recovery-handoff-20261005/after01-jcc-source-handoff.md.txt	d5e18258027f457a1fcdc45ff30b4e2e7a0723825ea95b651933af23f27fd28d	d5e18258027f457a1fcdc45ff30b4e2e7a0723825ea95b651933af23f27fd28d	RETAINED_EXACT
jcc-merge-recovery-20261006-history-01	m3/tooling/migration-recipes/src/main/resources/com/m3/rewrite/backport/jdk21-hash-pinned-text/jcc-merge-recovery-20261006-history-01/manifest.tsv	m3/tooling/migration-recipes/src/main/resources/com/m3/rewrite/backport/jdk21-hash-pinned-text/jcc-source-recovery-handoff-20261005/after02-source-destination-bindings.json.txt	f8b27e3582eb494af2c8dd47225976f974be6edc2f6c26313975064d48739497	f8b27e3582eb494af2c8dd47225976f974be6edc2f6c26313975064d48739497	RETAINED_EXACT
jcc-merge-recovery-20261006-history-01	m3/tooling/migration-recipes/src/main/resources/com/m3/rewrite/backport/jdk21-hash-pinned-text/jcc-merge-recovery-20261006-history-01/manifest.tsv	m3/tooling/migration-recipes/src/main/resources/com/m3/rewrite/backport/jdk21-hash-pinned-text/jcc-source-recovery-handoff-20261005/after03-root-coverage-obligations.tsv.txt	1c4eedbf3f155bac469693da312c577d26999e7776ca1f85870f6cce125f1e35	1c4eedbf3f155bac469693da312c577d26999e7776ca1f85870f6cce125f1e35	RETAINED_EXACT
jcc-merge-recovery-20261006-history-01	m3/tooling/migration-recipes/src/main/resources/com/m3/rewrite/backport/jdk21-hash-pinned-text/jcc-merge-recovery-20261006-history-01/manifest.tsv	m3/tooling/migration-recipes/src/main/resources/com/m3/rewrite/backport/jdk21-hash-pinned-text/jcc-source-recovery-handoff-20261005/before00-name-mapping.json.txt	e4ae516fea9822a4bfe26669e9749e167f52bb30049d520339ee42f3779bc0b3	e4ae516fea9822a4bfe26669e9749e167f52bb30049d520339ee42f3779bc0b3	RETAINED_EXACT
jcc-merge-recovery-20261006-history-01	m3/tooling/migration-recipes/src/main/resources/com/m3/rewrite/backport/jdk21-hash-pinned-text/jcc-merge-recovery-20261006-history-01/manifest.tsv	m3/tooling/migration-recipes/src/main/resources/com/m3/rewrite/backport/jdk21-hash-pinned-text/jcc-source-recovery-handoff-20261005/before01-jcc-source-handoff.md.txt	59ed76969f86486e7adb377409e284f69577fe02754006fdfe5b3938a16760a0	59ed76969f86486e7adb377409e284f69577fe02754006fdfe5b3938a16760a0	RETAINED_EXACT
jcc-merge-recovery-20261006-history-01	m3/tooling/migration-recipes/src/main/resources/com/m3/rewrite/backport/jdk21-hash-pinned-text/jcc-merge-recovery-20261006-history-01/manifest.tsv	m3/tooling/migration-recipes/src/main/resources/com/m3/rewrite/backport/jdk21-hash-pinned-text/jcc-source-recovery-handoff-20261005/before02-source-destination-bindings.json.txt	049c7c1987c05a15f4152fcb8f261a65245d72a25688d5a530a4afa5405cd3ef	049c7c1987c05a15f4152fcb8f261a65245d72a25688d5a530a4afa5405cd3ef	RETAINED_EXACT
jcc-merge-recovery-20261006-history-01	m3/tooling/migration-recipes/src/main/resources/com/m3/rewrite/backport/jdk21-hash-pinned-text/jcc-merge-recovery-20261006-history-01/manifest.tsv	m3/tooling/migration-recipes/src/main/resources/com/m3/rewrite/backport/jdk21-hash-pinned-text/jcc-source-recovery-handoff-20261005/before03-root-coverage-obligations.tsv.txt	59c4c970ac75a56aa5d5a3e2f3e88f5caa831eb06be788266c725202b8c64b12	59c4c970ac75a56aa5d5a3e2f3e88f5caa831eb06be788266c725202b8c64b12	RETAINED_EXACT
jcc-merge-recovery-20261006-history-01	m3/tooling/migration-recipes/src/main/resources/com/m3/rewrite/backport/jdk21-hash-pinned-text/jcc-merge-recovery-20261006-history-01/manifest.tsv	m3/tooling/migration-recipes/src/main/resources/com/m3/rewrite/backport/jdk21-hash-pinned-text/jcc-source-recovery-handoff-20261005/manifest.tsv	944d1531de586740a9e098f4c36f98f8e4c668f35090b8bc68a116b5c8eb0efb	944d1531de586740a9e098f4c36f98f8e4c668f35090b8bc68a116b5c8eb0efb	RETAINED_EXACT
jcc-merge-recovery-20261006-history-01	m3/tooling/migration-recipes/src/main/resources/com/m3/rewrite/backport/jdk21-hash-pinned-text/jcc-merge-recovery-20261006-history-01/manifest.tsv	m3/tooling/migration-recipes/src/main/resources/com/m3/rewrite/backport/jdk21-hash-pinned-text/jcc-source-recovery-handoff-20261005/plan.json	272a4b6a2f6d39a0d7baf2d4a104d671125fe471a2a3351cd321315e6be5d499	272a4b6a2f6d39a0d7baf2d4a104d671125fe471a2a3351cd321315e6be5d499	RETAINED_EXACT
jcc-merge-recovery-20261006-history-01	m3/tooling/migration-recipes/src/main/resources/com/m3/rewrite/backport/jdk21-hash-pinned-text/jcc-merge-recovery-20261006-history-01/manifest.tsv	m3/tooling/migration-recipes/src/test/java/com/m3/rewrite/backport/JccSourceFinalHandoffTest.java	c08ec9e4ecd9c803c310bdbce32ae3b23cad9c0953db408f36a399d980736309	c08ec9e4ecd9c803c310bdbce32ae3b23cad9c0953db408f36a399d980736309	RETAINED_EXACT
jcc-merge-recovery-20261006-history-01	m3/tooling/migration-recipes/src/main/resources/com/m3/rewrite/backport/jdk21-hash-pinned-text/jcc-merge-recovery-20261006-history-01/manifest.tsv	m3/tooling/migration-recipes/src/test/java/com/m3/rewrite/backport/JccSourceRecoveryHandoffTest.java	803c34429b567af7a1802f04c2cbb52701cc580f8e0c58cc58ffde70bab70e2b	803c34429b567af7a1802f04c2cbb52701cc580f8e0c58cc58ffde70bab70e2b	RETAINED_EXACT
jcc-merge-recovery-20261006-history-01	m3/tooling/migration-recipes/src/main/resources/com/m3/rewrite/backport/jdk21-hash-pinned-text/jcc-merge-recovery-20261006-history-01/manifest.tsv	m3/tooling/migration-recipes/tasks/jcc-source-final-handoff-20261005/REVIEW.md	75a3f91291331447ef7c2093dab8844d2a8d1636a8ac928ec884d8e039632250	75a3f91291331447ef7c2093dab8844d2a8d1636a8ac928ec884d8e039632250	RETAINED_EXACT
jcc-merge-recovery-20261006-history-01	m3/tooling/migration-recipes/src/main/resources/com/m3/rewrite/backport/jdk21-hash-pinned-text/jcc-merge-recovery-20261006-history-01/manifest.tsv	m3/tooling/migration-recipes/tasks/jcc-source-final-handoff-20261005/execution/01-check-E2-preimages.json	bdc11d9d7e07444e87b05548ae334d46f975c0ba40821f5bd78a57faa33cb73d	bdc11d9d7e07444e87b05548ae334d46f975c0ba40821f5bd78a57faa33cb73d	RETAINED_EXACT
jcc-merge-recovery-20261006-history-01	m3/tooling/migration-recipes/src/main/resources/com/m3/rewrite/backport/jdk21-hash-pinned-text/jcc-merge-recovery-20261006-history-01/manifest.tsv	m3/tooling/migration-recipes/tasks/jcc-source-final-handoff-20261005/execution/01-check-E2-preimages.stderr.log	e3b0c44298fc1c149afbf4c8996fb92427ae41e4649b934ca495991b7852b855	e3b0c44298fc1c149afbf4c8996fb92427ae41e4649b934ca495991b7852b855	RETAINED_EXACT
jcc-merge-recovery-20261006-history-01	m3/tooling/migration-recipes/src/main/resources/com/m3/rewrite/backport/jdk21-hash-pinned-text/jcc-merge-recovery-20261006-history-01/manifest.tsv	m3/tooling/migration-recipes/tasks/jcc-source-final-handoff-20261005/execution/01-check-E2-preimages.stdout.log	aa93e0784744196e9b44871f3e2b99491d354ac0cc5c7100a1b03529539db74d	aa93e0784744196e9b44871f3e2b99491d354ac0cc5c7100a1b03529539db74d	RETAINED_EXACT
jcc-merge-recovery-20261006-history-01	m3/tooling/migration-recipes/src/main/resources/com/m3/rewrite/backport/jdk21-hash-pinned-text/jcc-merge-recovery-20261006-history-01/manifest.tsv	m3/tooling/migration-recipes/tasks/jcc-source-final-handoff-20261005/execution/02-actual-text-recipe-maven.json	641a0029d9ae43b052f176d2b78445b21014acde6f0aeff2cd26c81c04aa982d	641a0029d9ae43b052f176d2b78445b21014acde6f0aeff2cd26c81c04aa982d	RETAINED_EXACT
jcc-merge-recovery-20261006-history-01	m3/tooling/migration-recipes/src/main/resources/com/m3/rewrite/backport/jdk21-hash-pinned-text/jcc-merge-recovery-20261006-history-01/manifest.tsv	m3/tooling/migration-recipes/tasks/jcc-source-final-handoff-20261005/execution/02-actual-text-recipe-maven.stderr.log	9ddf3781b5e43a87b1d67caac2bc4b251f9ce8d77c509c8369129f4b0359fd55	9ddf3781b5e43a87b1d67caac2bc4b251f9ce8d77c509c8369129f4b0359fd55	RETAINED_EXACT
jcc-merge-recovery-20261006-history-01	m3/tooling/migration-recipes/src/main/resources/com/m3/rewrite/backport/jdk21-hash-pinned-text/jcc-merge-recovery-20261006-history-01/manifest.tsv	m3/tooling/migration-recipes/tasks/jcc-source-final-handoff-20261005/execution/02-actual-text-recipe-maven.stdout.log	5b2544383f9ed80a58a994df641093034aaee8f61b2826322739fcc7bb2d1097	5b2544383f9ed80a58a994df641093034aaee8f61b2826322739fcc7bb2d1097	RETAINED_EXACT
jcc-merge-recovery-20261006-history-01	m3/tooling/migration-recipes/src/main/resources/com/m3/rewrite/backport/jdk21-hash-pinned-text/jcc-merge-recovery-20261006-history-01/manifest.tsv	m3/tooling/migration-recipes/tasks/jcc-source-final-handoff-20261005/execution/03-actual-packet-contract.json	094ce20878d1f32d534558deeccb9d0d74854d23324d3e77d5e4e56fdf3adbe5	094ce20878d1f32d534558deeccb9d0d74854d23324d3e77d5e4e56fdf3adbe5	RETAINED_EXACT
jcc-merge-recovery-20261006-history-01	m3/tooling/migration-recipes/src/main/resources/com/m3/rewrite/backport/jdk21-hash-pinned-text/jcc-merge-recovery-20261006-history-01/manifest.tsv	m3/tooling/migration-recipes/tasks/jcc-source-final-handoff-20261005/execution/03-actual-packet-contract.stderr.log	c1a8b249dcfa0c56577194cc2a9f85502fb3c817c13301d27a56c72672bed7ef	c1a8b249dcfa0c56577194cc2a9f85502fb3c817c13301d27a56c72672bed7ef	RETAINED_EXACT
jcc-merge-recovery-20261006-history-01	m3/tooling/migration-recipes/src/main/resources/com/m3/rewrite/backport/jdk21-hash-pinned-text/jcc-merge-recovery-20261006-history-01/manifest.tsv	m3/tooling/migration-recipes/tasks/jcc-source-final-handoff-20261005/execution/03-actual-packet-contract.stdout.log	e3b0c44298fc1c149afbf4c8996fb92427ae41e4649b934ca495991b7852b855	e3b0c44298fc1c149afbf4c8996fb92427ae41e4649b934ca495991b7852b855	RETAINED_EXACT
jcc-merge-recovery-20261006-history-01	m3/tooling/migration-recipes/src/main/resources/com/m3/rewrite/backport/jdk21-hash-pinned-text/jcc-merge-recovery-20261006-history-01/manifest.tsv	m3/tooling/migration-recipes/tasks/jcc-source-final-handoff-20261005/execution/04-apply.json	a61de4e8b41058e8caff26fb329cf7e8e5a8c5a99cf77b93939fd9a0a02ebfa2	a61de4e8b41058e8caff26fb329cf7e8e5a8c5a99cf77b93939fd9a0a02ebfa2	RETAINED_EXACT
jcc-merge-recovery-20261006-history-01	m3/tooling/migration-recipes/src/main/resources/com/m3/rewrite/backport/jdk21-hash-pinned-text/jcc-merge-recovery-20261006-history-01/manifest.tsv	m3/tooling/migration-recipes/tasks/jcc-source-final-handoff-20261005/execution/04-apply.stderr.log	e3b0c44298fc1c149afbf4c8996fb92427ae41e4649b934ca495991b7852b855	e3b0c44298fc1c149afbf4c8996fb92427ae41e4649b934ca495991b7852b855	RETAINED_EXACT
jcc-merge-recovery-20261006-history-01	m3/tooling/migration-recipes/src/main/resources/com/m3/rewrite/backport/jdk21-hash-pinned-text/jcc-merge-recovery-20261006-history-01/manifest.tsv	m3/tooling/migration-recipes/tasks/jcc-source-final-handoff-20261005/execution/04-apply.stdout.log	56d4fe6c67f912938f3ad0dbcec218e9138e7f9ed0140827d9f6e5b9b5ff40b2	56d4fe6c67f912938f3ad0dbcec218e9138e7f9ed0140827d9f6e5b9b5ff40b2	RETAINED_EXACT
jcc-merge-recovery-20261006-history-01	m3/tooling/migration-recipes/src/main/resources/com/m3/rewrite/backport/jdk21-hash-pinned-text/jcc-merge-recovery-20261006-history-01/manifest.tsv	m3/tooling/migration-recipes/tasks/jcc-source-final-handoff-20261005/execution/05-apply-fixed-point.json	ff2344acf152a26c7beb403d4850a86fea79b0ad20979a7e7e4d85d72603de96	ff2344acf152a26c7beb403d4850a86fea79b0ad20979a7e7e4d85d72603de96	RETAINED_EXACT
jcc-merge-recovery-20261006-history-01	m3/tooling/migration-recipes/src/main/resources/com/m3/rewrite/backport/jdk21-hash-pinned-text/jcc-merge-recovery-20261006-history-01/manifest.tsv	m3/tooling/migration-recipes/tasks/jcc-source-final-handoff-20261005/execution/05-apply-fixed-point.stderr.log	e3b0c44298fc1c149afbf4c8996fb92427ae41e4649b934ca495991b7852b855	e3b0c44298fc1c149afbf4c8996fb92427ae41e4649b934ca495991b7852b855	RETAINED_EXACT
jcc-merge-recovery-20261006-history-01	m3/tooling/migration-recipes/src/main/resources/com/m3/rewrite/backport/jdk21-hash-pinned-text/jcc-merge-recovery-20261006-history-01/manifest.tsv	m3/tooling/migration-recipes/tasks/jcc-source-final-handoff-20261005/execution/05-apply-fixed-point.stdout.log	427546e0d791d91055d48136e425e7a2e8713deb058c1e51b7d99769e827ab3c	427546e0d791d91055d48136e425e7a2e8713deb058c1e51b7d99769e827ab3c	RETAINED_EXACT
jcc-merge-recovery-20261006-history-01	m3/tooling/migration-recipes/src/main/resources/com/m3/rewrite/backport/jdk21-hash-pinned-text/jcc-merge-recovery-20261006-history-01/manifest.tsv	m3/tooling/migration-recipes/tasks/jcc-source-final-handoff-20261005/execution/06-rollback.json	6b0cf854da053589c409255c4f515405f58a80cafa8f8de29a238c316e65a838	6b0cf854da053589c409255c4f515405f58a80cafa8f8de29a238c316e65a838	RETAINED_EXACT
jcc-merge-recovery-20261006-history-01	m3/tooling/migration-recipes/src/main/resources/com/m3/rewrite/backport/jdk21-hash-pinned-text/jcc-merge-recovery-20261006-history-01/manifest.tsv	m3/tooling/migration-recipes/tasks/jcc-source-final-handoff-20261005/execution/06-rollback.stderr.log	e3b0c44298fc1c149afbf4c8996fb92427ae41e4649b934ca495991b7852b855	e3b0c44298fc1c149afbf4c8996fb92427ae41e4649b934ca495991b7852b855	RETAINED_EXACT
jcc-merge-recovery-20261006-history-01	m3/tooling/migration-recipes/src/main/resources/com/m3/rewrite/backport/jdk21-hash-pinned-text/jcc-merge-recovery-20261006-history-01/manifest.tsv	m3/tooling/migration-recipes/tasks/jcc-source-final-handoff-20261005/execution/06-rollback.stdout.log	8055b81e0631c5495af9c11ec3f345b0a5a67cc11ba47462c55a37e42f823eec	8055b81e0631c5495af9c11ec3f345b0a5a67cc11ba47462c55a37e42f823eec	RETAINED_EXACT
jcc-merge-recovery-20261006-history-01	m3/tooling/migration-recipes/src/main/resources/com/m3/rewrite/backport/jdk21-hash-pinned-text/jcc-merge-recovery-20261006-history-01/manifest.tsv	m3/tooling/migration-recipes/tasks/jcc-source-final-handoff-20261005/execution/07-replay.json	11ac35097f2bfe8e32cf6ca038a4a6c052d1e63a75f924ec5882193f4c612d52	11ac35097f2bfe8e32cf6ca038a4a6c052d1e63a75f924ec5882193f4c612d52	RETAINED_EXACT
jcc-merge-recovery-20261006-history-01	m3/tooling/migration-recipes/src/main/resources/com/m3/rewrite/backport/jdk21-hash-pinned-text/jcc-merge-recovery-20261006-history-01/manifest.tsv	m3/tooling/migration-recipes/tasks/jcc-source-final-handoff-20261005/execution/07-replay.stderr.log	e3b0c44298fc1c149afbf4c8996fb92427ae41e4649b934ca495991b7852b855	e3b0c44298fc1c149afbf4c8996fb92427ae41e4649b934ca495991b7852b855	RETAINED_EXACT
jcc-merge-recovery-20261006-history-01	m3/tooling/migration-recipes/src/main/resources/com/m3/rewrite/backport/jdk21-hash-pinned-text/jcc-merge-recovery-20261006-history-01/manifest.tsv	m3/tooling/migration-recipes/tasks/jcc-source-final-handoff-20261005/execution/07-replay.stdout.log	56d4fe6c67f912938f3ad0dbcec218e9138e7f9ed0140827d9f6e5b9b5ff40b2	56d4fe6c67f912938f3ad0dbcec218e9138e7f9ed0140827d9f6e5b9b5ff40b2	RETAINED_EXACT
jcc-merge-recovery-20261006-history-01	m3/tooling/migration-recipes/src/main/resources/com/m3/rewrite/backport/jdk21-hash-pinned-text/jcc-merge-recovery-20261006-history-01/manifest.tsv	m3/tooling/migration-recipes/tasks/jcc-source-final-handoff-20261005/execution/08-check-final.json	b7968aef706956f3f7831c773d51a96404f60fe137f328898a1d446f00a5e0f5	b7968aef706956f3f7831c773d51a96404f60fe137f328898a1d446f00a5e0f5	RETAINED_EXACT
jcc-merge-recovery-20261006-history-01	m3/tooling/migration-recipes/src/main/resources/com/m3/rewrite/backport/jdk21-hash-pinned-text/jcc-merge-recovery-20261006-history-01/manifest.tsv	m3/tooling/migration-recipes/tasks/jcc-source-final-handoff-20261005/execution/08-check-final.stderr.log	e3b0c44298fc1c149afbf4c8996fb92427ae41e4649b934ca495991b7852b855	e3b0c44298fc1c149afbf4c8996fb92427ae41e4649b934ca495991b7852b855	RETAINED_EXACT
jcc-merge-recovery-20261006-history-01	m3/tooling/migration-recipes/src/main/resources/com/m3/rewrite/backport/jdk21-hash-pinned-text/jcc-merge-recovery-20261006-history-01/manifest.tsv	m3/tooling/migration-recipes/tasks/jcc-source-final-handoff-20261005/execution/08-check-final.stdout.log	427546e0d791d91055d48136e425e7a2e8713deb058c1e51b7d99769e827ab3c	427546e0d791d91055d48136e425e7a2e8713deb058c1e51b7d99769e827ab3c	RETAINED_EXACT
jcc-merge-recovery-20261006-history-01	m3/tooling/migration-recipes/src/main/resources/com/m3/rewrite/backport/jdk21-hash-pinned-text/jcc-merge-recovery-20261006-history-01/manifest.tsv	m3/tooling/migration-recipes/tasks/jcc-source-final-handoff-20261005/execution/09-whole-map-validate.json	df65843d4ea27575ac3064a415510dfecf9b4d4f8b4bf6529b9b0049ad5612b7	df65843d4ea27575ac3064a415510dfecf9b4d4f8b4bf6529b9b0049ad5612b7	RETAINED_EXACT
jcc-merge-recovery-20261006-history-01	m3/tooling/migration-recipes/src/main/resources/com/m3/rewrite/backport/jdk21-hash-pinned-text/jcc-merge-recovery-20261006-history-01/manifest.tsv	m3/tooling/migration-recipes/tasks/jcc-source-final-handoff-20261005/execution/09-whole-map-validate.stderr.log	e3b0c44298fc1c149afbf4c8996fb92427ae41e4649b934ca495991b7852b855	e3b0c44298fc1c149afbf4c8996fb92427ae41e4649b934ca495991b7852b855	RETAINED_EXACT
jcc-merge-recovery-20261006-history-01	m3/tooling/migration-recipes/src/main/resources/com/m3/rewrite/backport/jdk21-hash-pinned-text/jcc-merge-recovery-20261006-history-01/manifest.tsv	m3/tooling/migration-recipes/tasks/jcc-source-final-handoff-20261005/execution/09-whole-map-validate.stdout.log	d4578b77ded4c87f33240fad4588e418b3157992288cbf4a1a4e38be14ece15b	d4578b77ded4c87f33240fad4588e418b3157992288cbf4a1a4e38be14ece15b	RETAINED_EXACT
jcc-merge-recovery-20261006-history-01	m3/tooling/migration-recipes/src/main/resources/com/m3/rewrite/backport/jdk21-hash-pinned-text/jcc-merge-recovery-20261006-history-01/manifest.tsv	m3/tooling/migration-recipes/tasks/jcc-source-final-handoff-20261005/execution/10-completion-remains-blocked.json	dc466635b8f90f742fe090bc60d5aa23f839fab05f2e77e352f247229b83ae69	dc466635b8f90f742fe090bc60d5aa23f839fab05f2e77e352f247229b83ae69	RETAINED_EXACT
jcc-merge-recovery-20261006-history-01	m3/tooling/migration-recipes/src/main/resources/com/m3/rewrite/backport/jdk21-hash-pinned-text/jcc-merge-recovery-20261006-history-01/manifest.tsv	m3/tooling/migration-recipes/tasks/jcc-source-final-handoff-20261005/execution/10-completion-remains-blocked.stderr.log	c4a5d6a265b1a39ec6254fe71bc9e58cd55a7658d9ea6d18ccff4cba24687b25	c4a5d6a265b1a39ec6254fe71bc9e58cd55a7658d9ea6d18ccff4cba24687b25	RETAINED_EXACT
jcc-merge-recovery-20261006-history-01	m3/tooling/migration-recipes/src/main/resources/com/m3/rewrite/backport/jdk21-hash-pinned-text/jcc-merge-recovery-20261006-history-01/manifest.tsv	m3/tooling/migration-recipes/tasks/jcc-source-final-handoff-20261005/execution/10-completion-remains-blocked.stdout.log	d4578b77ded4c87f33240fad4588e418b3157992288cbf4a1a4e38be14ece15b	d4578b77ded4c87f33240fad4588e418b3157992288cbf4a1a4e38be14ece15b	RETAINED_EXACT
jcc-merge-recovery-20261006-history-01	m3/tooling/migration-recipes/src/main/resources/com/m3/rewrite/backport/jdk21-hash-pinned-text/jcc-merge-recovery-20261006-history-01/manifest.tsv	m3/tooling/migration-recipes/tasks/jcc-source-final-handoff-20261005/execution/JccSourceFinalHandoffTest.xml	e33dd229900b9614a77e9187b9ac04e024f2250c73c74a625dfe53fba093be85	e33dd229900b9614a77e9187b9ac04e024f2250c73c74a625dfe53fba093be85	RETAINED_EXACT
jcc-merge-recovery-20261006-history-01	m3/tooling/migration-recipes/src/main/resources/com/m3/rewrite/backport/jdk21-hash-pinned-text/jcc-merge-recovery-20261006-history-01/manifest.tsv	m3/tooling/migration-recipes/tasks/jcc-source-final-handoff-20261005/execution/empty-maven-settings.xml	b546e42cf905023b479e33abc908fed827584e753d6402a372fb11fc1d343bca	b546e42cf905023b479e33abc908fed827584e753d6402a372fb11fc1d343bca	RETAINED_EXACT
jcc-merge-recovery-20261006-history-01	m3/tooling/migration-recipes/src/main/resources/com/m3/rewrite/backport/jdk21-hash-pinned-text/jcc-merge-recovery-20261006-history-01/manifest.tsv	m3/tooling/migration-recipes/tasks/jcc-source-final-handoff-20261005/execution/inputs.json	da48340c83e26dd478078dc5195e000b99666f54663361c1773827acdbd46416	da48340c83e26dd478078dc5195e000b99666f54663361c1773827acdbd46416	RETAINED_EXACT
jcc-merge-recovery-20261006-history-01	m3/tooling/migration-recipes/src/main/resources/com/m3/rewrite/backport/jdk21-hash-pinned-text/jcc-merge-recovery-20261006-history-01/manifest.tsv	m3/tooling/migration-recipes/tasks/jcc-source-final-handoff-20261005/execution/receipt.json	7d075ad45d5113694ded187de27595bcdf0a5fb0909bfadf715c786d06fcd854	7d075ad45d5113694ded187de27595bcdf0a5fb0909bfadf715c786d06fcd854	RETAINED_EXACT
jcc-merge-recovery-20261006-history-01	m3/tooling/migration-recipes/src/main/resources/com/m3/rewrite/backport/jdk21-hash-pinned-text/jcc-merge-recovery-20261006-history-01/manifest.tsv	m3/tooling/migration-recipes/tasks/jcc-source-final-handoff-20261005/final-gate-review/FILE_SEALS.json	41451abbdc2676b9f76d894f82bf08f3406cb76df9015308fb54cdae3e9999e1	41451abbdc2676b9f76d894f82bf08f3406cb76df9015308fb54cdae3e9999e1	RETAINED_EXACT
jcc-merge-recovery-20261006-history-01	m3/tooling/migration-recipes/src/main/resources/com/m3/rewrite/backport/jdk21-hash-pinned-text/jcc-merge-recovery-20261006-history-01/manifest.tsv	m3/tooling/migration-recipes/tasks/jcc-source-final-handoff-20261005/final-gate-review/INPUT_SEALS.json	d369f629eac19101b1fc80e5cdfeec195ddd26b1555790952b604dbd0e8c045f	d369f629eac19101b1fc80e5cdfeec195ddd26b1555790952b604dbd0e8c045f	RETAINED_EXACT
jcc-merge-recovery-20261006-history-01	m3/tooling/migration-recipes/src/main/resources/com/m3/rewrite/backport/jdk21-hash-pinned-text/jcc-merge-recovery-20261006-history-01/manifest.tsv	m3/tooling/migration-recipes/tasks/jcc-source-final-handoff-20261005/final-gate-review/INSPECTION.json	e47292537c9e43a1712ad56895a462b13ede3d92efae36752ea2591045918625	e47292537c9e43a1712ad56895a462b13ede3d92efae36752ea2591045918625	RETAINED_EXACT
jcc-merge-recovery-20261006-history-01	m3/tooling/migration-recipes/src/main/resources/com/m3/rewrite/backport/jdk21-hash-pinned-text/jcc-merge-recovery-20261006-history-01/manifest.tsv	m3/tooling/migration-recipes/tasks/jcc-source-final-handoff-20261005/final-gate-review/INSPECTION_METHOD_NOTES.json	23529ef9088bb5cfba0190b030748998203d8e90be634628ddb9097befb15891	23529ef9088bb5cfba0190b030748998203d8e90be634628ddb9097befb15891	RETAINED_EXACT
jcc-merge-recovery-20261006-history-01	m3/tooling/migration-recipes/src/main/resources/com/m3/rewrite/backport/jdk21-hash-pinned-text/jcc-merge-recovery-20261006-history-01/manifest.tsv	m3/tooling/migration-recipes/tasks/jcc-source-final-handoff-20261005/final-gate-review/REVIEW.md	8b54e4e6bd75a7a5d12a7acf8ed86861f3d39eab734d284dd5901bd60790f5a8	8b54e4e6bd75a7a5d12a7acf8ed86861f3d39eab734d284dd5901bd60790f5a8	RETAINED_EXACT
jcc-merge-recovery-20261006-history-01	m3/tooling/migration-recipes/src/main/resources/com/m3/rewrite/backport/jdk21-hash-pinned-text/jcc-merge-recovery-20261006-history-01/manifest.tsv	m3/tooling/migration-recipes/tasks/jcc-source-final-handoff-20261005/final-gate-review/inspect_receiving.py	3bc757f8edd4d7965964392c670d30f5499e05c64b8b1b9ce6f37b73dc83324d	3bc757f8edd4d7965964392c670d30f5499e05c64b8b1b9ce6f37b73dc83324d	RETAINED_EXACT
jcc-merge-recovery-20261006-history-01	m3/tooling/migration-recipes/src/main/resources/com/m3/rewrite/backport/jdk21-hash-pinned-text/jcc-merge-recovery-20261006-history-01/manifest.tsv	m3/tooling/migration-recipes/tasks/jcc-source-final-handoff-20261005/independent-review/FILE_SEALS.json	d91d254762c0c628e46019c2cd53d1b05de1855512eeb5b6efd2e628ae1c3b52	d91d254762c0c628e46019c2cd53d1b05de1855512eeb5b6efd2e628ae1c3b52	RETAINED_EXACT
jcc-merge-recovery-20261006-history-01	m3/tooling/migration-recipes/src/main/resources/com/m3/rewrite/backport/jdk21-hash-pinned-text/jcc-merge-recovery-20261006-history-01/manifest.tsv	m3/tooling/migration-recipes/tasks/jcc-source-final-handoff-20261005/independent-review/REVIEW.md	d7bc139f4e4af0d7c680c8202adacc3b8d3267761c3865ffcf33f4131fe5e089	d7bc139f4e4af0d7c680c8202adacc3b8d3267761c3865ffcf33f4131fe5e089	RETAINED_EXACT
jcc-merge-recovery-20261006-history-01	m3/tooling/migration-recipes/src/main/resources/com/m3/rewrite/backport/jdk21-hash-pinned-text/jcc-merge-recovery-20261006-history-01/manifest.tsv	m3/tooling/migration-recipes/tasks/jcc-source-final-handoff-20261005/independent-review/STRUCTURAL_INSPECTION.json	b450bd8051b630dded029063176e6d4cb5ae59f718419d8052aef6ba2ba5723a	b450bd8051b630dded029063176e6d4cb5ae59f718419d8052aef6ba2ba5723a	RETAINED_EXACT
jcc-merge-recovery-20261006-history-01	m3/tooling/migration-recipes/src/main/resources/com/m3/rewrite/backport/jdk21-hash-pinned-text/jcc-merge-recovery-20261006-history-01/manifest.tsv	m3/tooling/migration-recipes/tasks/jcc-source-final-handoff-20261005/independent-review/root-coverage/FILE_SEALS.json	ece80d9a65fee0cb0468e25b3598933646e02f2a7b18772f993e01bf396463f6	ece80d9a65fee0cb0468e25b3598933646e02f2a7b18772f993e01bf396463f6	RETAINED_EXACT
jcc-merge-recovery-20261006-history-01	m3/tooling/migration-recipes/src/main/resources/com/m3/rewrite/backport/jdk21-hash-pinned-text/jcc-merge-recovery-20261006-history-01/manifest.tsv	m3/tooling/migration-recipes/tasks/jcc-source-final-handoff-20261005/independent-review/root-coverage/FINDINGS.json	3287044289e953d694ca8655e89e7fed3c29017477393a4d16534dbafca0e5d9	3287044289e953d694ca8655e89e7fed3c29017477393a4d16534dbafca0e5d9	RETAINED_EXACT
jcc-merge-recovery-20261006-history-01	m3/tooling/migration-recipes/src/main/resources/com/m3/rewrite/backport/jdk21-hash-pinned-text/jcc-merge-recovery-20261006-history-01/manifest.tsv	m3/tooling/migration-recipes/tasks/jcc-source-final-handoff-20261005/independent-review/root-coverage/REVIEW.md	7c02e8a1c50d729f7ad10e30b57245c6d7c6a7729248a7c8281a060a55729206	7c02e8a1c50d729f7ad10e30b57245c6d7c6a7729248a7c8281a060a55729206	RETAINED_EXACT
jcc-merge-recovery-20261006-history-01	m3/tooling/migration-recipes/src/main/resources/com/m3/rewrite/backport/jdk21-hash-pinned-text/jcc-merge-recovery-20261006-history-01/manifest.tsv	m3/tooling/migration-recipes/tasks/jcc-source-final-handoff-20261005/independent-review/source-proof/OBSERVATIONS.json	88602ece9ae5d8577e732c89173ac258951f8955b6f1a7fc592f0214214228f8	88602ece9ae5d8577e732c89173ac258951f8955b6f1a7fc592f0214214228f8	RETAINED_EXACT
jcc-merge-recovery-20261006-history-01	m3/tooling/migration-recipes/src/main/resources/com/m3/rewrite/backport/jdk21-hash-pinned-text/jcc-merge-recovery-20261006-history-01/manifest.tsv	m3/tooling/migration-recipes/tasks/jcc-source-final-handoff-20261005/independent-review/source-proof/REVIEW.md	61d7ebff50601cf93c653eff27ce175ccd3ddbab6c5917c586b505774d5f8747	61d7ebff50601cf93c653eff27ce175ccd3ddbab6c5917c586b505774d5f8747	RETAINED_EXACT
jcc-merge-recovery-20261006-history-01	m3/tooling/migration-recipes/src/main/resources/com/m3/rewrite/backport/jdk21-hash-pinned-text/jcc-merge-recovery-20261006-history-01/manifest.tsv	m3/tooling/migration-recipes/tasks/jcc-source-final-handoff-20261005/provenance/AUTHORING_RESULT.json	12d6973deec9aa7735bd794f1659b68b214ee083dd1b573d826f46ab7efe59f4	12d6973deec9aa7735bd794f1659b68b214ee083dd1b573d826f46ab7efe59f4	RETAINED_EXACT
jcc-merge-recovery-20261006-history-01	m3/tooling/migration-recipes/src/main/resources/com/m3/rewrite/backport/jdk21-hash-pinned-text/jcc-merge-recovery-20261006-history-01/manifest.tsv	m3/tooling/migration-recipes/tasks/jcc-source-final-handoff-20261005/provenance/author_successor.py	1e56387b23f35b8bf6f1707aac6a11215b8e2999ed65e370820933c95daea161	1e56387b23f35b8bf6f1707aac6a11215b8e2999ed65e370820933c95daea161	RETAINED_EXACT
jcc-merge-recovery-20261006-history-01	m3/tooling/migration-recipes/src/main/resources/com/m3/rewrite/backport/jdk21-hash-pinned-text/jcc-merge-recovery-20261006-history-01/manifest.tsv	m3/tooling/migration-recipes/tasks/jcc-source-final-handoff-20261005/provenance/check_references.py	0f21d0f5fdf5c0b00c775c6af2f829e301a40de3475bbf08f521a527e82cdd7c	0f21d0f5fdf5c0b00c775c6af2f829e301a40de3475bbf08f521a527e82cdd7c	RETAINED_EXACT
jcc-merge-recovery-20261006-history-01	m3/tooling/migration-recipes/src/main/resources/com/m3/rewrite/backport/jdk21-hash-pinned-text/jcc-merge-recovery-20261006-history-01/manifest.tsv	m3/tooling/migration-recipes/tasks/jcc-source-final-handoff-20261005/provenance/run_verification.py	ac7b489278e25f5674fe4804531d0ba6eb732c8376c39b74dcf47a72b4cd9f4a	ac7b489278e25f5674fe4804531d0ba6eb732c8376c39b74dcf47a72b4cd9f4a	RETAINED_EXACT
jcc-merge-recovery-20261006-history-01	m3/tooling/migration-recipes/src/main/resources/com/m3/rewrite/backport/jdk21-hash-pinned-text/jcc-merge-recovery-20261006-history-01/manifest.tsv	m3/tooling/migration-recipes/tasks/jcc-source-final-handoff-20261005/reference-audit/REFERENCE_AUDIT.json	a4af3c44bc1afa6f83881c17ced55f418940dbd792bfd687cbb3a717c44887cd	a4af3c44bc1afa6f83881c17ced55f418940dbd792bfd687cbb3a717c44887cd	RETAINED_EXACT
jcc-merge-recovery-20261006-history-01	m3/tooling/migration-recipes/src/main/resources/com/m3/rewrite/backport/jdk21-hash-pinned-text/jcc-merge-recovery-20261006-history-01/manifest.tsv	m3/tooling/migration-recipes/tasks/jcc-source-final-handoff-20261005/reference-audit/attempt01-checker.py	8870ec7a99c1d3486740dd80fbcc173a046310c12a512e558fdf5b4860fdc32e	8870ec7a99c1d3486740dd80fbcc173a046310c12a512e558fdf5b4860fdc32e	RETAINED_EXACT
jcc-merge-recovery-20261006-history-01	m3/tooling/migration-recipes/src/main/resources/com/m3/rewrite/backport/jdk21-hash-pinned-text/jcc-merge-recovery-20261006-history-01/manifest.tsv	m3/tooling/migration-recipes/tasks/jcc-source-final-handoff-20261005/reference-audit/attempt01.txt	0f6ecbb8c5380bb9f454c16b33dbe574a1847e810e9382cd75cf30a838040e3d	0f6ecbb8c5380bb9f454c16b33dbe574a1847e810e9382cd75cf30a838040e3d	RETAINED_EXACT
jcc-merge-recovery-20261006-history-01	m3/tooling/migration-recipes/src/main/resources/com/m3/rewrite/backport/jdk21-hash-pinned-text/jcc-merge-recovery-20261006-history-01/manifest.tsv	m3/tooling/migration-recipes/tasks/jcc-source-final-handoff-20261005/source-binding-review/FILE_SEALS.json	2a64db3e877371d61908cafdd9a86a2681a8d522672c49f7b1749d5e4541d57e	2a64db3e877371d61908cafdd9a86a2681a8d522672c49f7b1749d5e4541d57e	RETAINED_EXACT
jcc-merge-recovery-20261006-history-01	m3/tooling/migration-recipes/src/main/resources/com/m3/rewrite/backport/jdk21-hash-pinned-text/jcc-merge-recovery-20261006-history-01/manifest.tsv	m3/tooling/migration-recipes/tasks/jcc-source-final-handoff-20261005/source-binding-review/INPUT_SEALS.json	3e566919f1c576b36312744c2030db087f94befad10871dfd1e600fb8e120c7e	3e566919f1c576b36312744c2030db087f94befad10871dfd1e600fb8e120c7e	RETAINED_EXACT
jcc-merge-recovery-20261006-history-01	m3/tooling/migration-recipes/src/main/resources/com/m3/rewrite/backport/jdk21-hash-pinned-text/jcc-merge-recovery-20261006-history-01/manifest.tsv	m3/tooling/migration-recipes/tasks/jcc-source-final-handoff-20261005/source-binding-review/REVIEW.md	7f5f0c54cbac2b8d8201bb386678a03284f99cacdf9295eb4cac3ae9689b85d0	7f5f0c54cbac2b8d8201bb386678a03284f99cacdf9295eb4cac3ae9689b85d0	RETAINED_EXACT
jcc-merge-recovery-20261006-history-01	m3/tooling/migration-recipes/src/main/resources/com/m3/rewrite/backport/jdk21-hash-pinned-text/jcc-merge-recovery-20261006-history-01/manifest.tsv	m3/tooling/migration-recipes/tasks/jcc-source-final-handoff-20261005/source-binding-review/SOURCE_FIELDS_AND_PROOFS.json	b0a1ff2a675017bc4eda2620a031bb963d038c21e10ddacb8f57b1fc51f6188a	b0a1ff2a675017bc4eda2620a031bb963d038c21e10ddacb8f57b1fc51f6188a	RETAINED_EXACT
jcc-merge-recovery-20261006-history-01	m3/tooling/migration-recipes/src/main/resources/com/m3/rewrite/backport/jdk21-hash-pinned-text/jcc-merge-recovery-20261006-history-01/manifest.tsv	m3/tooling/migration-recipes/tasks/jcc-source-final-handoff-20261005/source-binding-review/donor-owners/REVIEW.md	276087c23b14a886cb13f45055e1cd105a8bc56c52d7e36d7ede94bae65cd6db	276087c23b14a886cb13f45055e1cd105a8bc56c52d7e36d7ede94bae65cd6db	RETAINED_EXACT
jcc-merge-recovery-20261006-history-01	m3/tooling/migration-recipes/src/main/resources/com/m3/rewrite/backport/jdk21-hash-pinned-text/jcc-merge-recovery-20261006-history-01/manifest.tsv	m3/tooling/migration-recipes/tasks/jcc-source-final-handoff-20261005/source-binding-review/donor-owners/SOURCE_TABLE.json	e9a1af5f9d9bc36507cee743ebfaa560b2ed5a026645791736d22f1f94528bb4	e9a1af5f9d9bc36507cee743ebfaa560b2ed5a026645791736d22f1f94528bb4	RETAINED_EXACT
jcc-merge-recovery-20261006-history-01	m3/tooling/migration-recipes/src/main/resources/com/m3/rewrite/backport/jdk21-hash-pinned-text/jcc-merge-recovery-20261006-history-01/manifest.tsv	m3/tooling/migration-recipes/tasks/jcc-source-final-handoff-20261005/source-binding-review/root-accounting/FILE_SEALS.json	e912f6cad50f06e0679734efef700c07ff4249d796551bc7cb369b04dd1ad219	e912f6cad50f06e0679734efef700c07ff4249d796551bc7cb369b04dd1ad219	RETAINED_EXACT
jcc-merge-recovery-20261006-history-01	m3/tooling/migration-recipes/src/main/resources/com/m3/rewrite/backport/jdk21-hash-pinned-text/jcc-merge-recovery-20261006-history-01/manifest.tsv	m3/tooling/migration-recipes/tasks/jcc-source-final-handoff-20261005/source-binding-review/root-accounting/MAVEN_DECLARATIONS.tsv	b0f10b47bfa6f3ea6f27a235c0d55ab7c5fc86ac6dd41dbbc5164f44f5a94e9a	b0f10b47bfa6f3ea6f27a235c0d55ab7c5fc86ac6dd41dbbc5164f44f5a94e9a	RETAINED_EXACT
jcc-merge-recovery-20261006-history-01	m3/tooling/migration-recipes/src/main/resources/com/m3/rewrite/backport/jdk21-hash-pinned-text/jcc-merge-recovery-20261006-history-01/manifest.tsv	m3/tooling/migration-recipes/tasks/jcc-source-final-handoff-20261005/source-binding-review/root-accounting/REVIEW.md	1c2597b94843a7177731d88de222bc3f5ec38dab60c8ebb0da825b298dee16f6	1c2597b94843a7177731d88de222bc3f5ec38dab60c8ebb0da825b298dee16f6	RETAINED_EXACT
jcc-merge-recovery-20261006-history-01	m3/tooling/migration-recipes/src/main/resources/com/m3/rewrite/backport/jdk21-hash-pinned-text/jcc-merge-recovery-20261006-history-01/manifest.tsv	m3/tooling/migration-recipes/tasks/jcc-source-final-handoff-20261005/source-binding-review/root-accounting/ROOT_ACCOUNTING.json	cfe76d41dda4220937086d951a126bf04dec0d282ba088b6de2a6bff33b6e14d	cfe76d41dda4220937086d951a126bf04dec0d282ba088b6de2a6bff33b6e14d	RETAINED_EXACT
jcc-merge-recovery-20261006-history-01	m3/tooling/migration-recipes/src/main/resources/com/m3/rewrite/backport/jdk21-hash-pinned-text/jcc-merge-recovery-20261006-history-01/manifest.tsv	m3/tooling/migration-recipes/tasks/jcc-source-final-handoff-20261005/source-binding-review/root-accounting/ROOT_ENTRIES.tsv	307c01ac0648a8296f5f8b6c7533925de6050344f7a154d524796fc84b2ab4c3	307c01ac0648a8296f5f8b6c7533925de6050344f7a154d524796fc84b2ab4c3	RETAINED_EXACT
jcc-merge-recovery-20261006-history-01	m3/tooling/migration-recipes/src/main/resources/com/m3/rewrite/backport/jdk21-hash-pinned-text/jcc-merge-recovery-20261006-history-01/manifest.tsv	m3/tooling/migration-recipes/tasks/jcc-source-final-handoff-20261005/source-final/M3_CURRENT_MASTER_PREIMAGES.json	6e3d2c9760ee93a10b0da660e84a77d002ea2312954b42d3459803c867b57475	6e3d2c9760ee93a10b0da660e84a77d002ea2312954b42d3459803c867b57475	RETAINED_EXACT
jcc-merge-recovery-20261006-history-01	m3/tooling/migration-recipes/src/main/resources/com/m3/rewrite/backport/jdk21-hash-pinned-text/jcc-merge-recovery-20261006-history-01/manifest.tsv	m3/tooling/migration-recipes/tasks/jcc-source-final-handoff-20261005/source-final/PR_STATE_AFTER_SOURCE_PUBLICATION.json	c23d1948cb21f8b3a5e294d3fb0c6c14527a9bed646e082a4dc94ae98832ceb5	c23d1948cb21f8b3a5e294d3fb0c6c14527a9bed646e082a4dc94ae98832ceb5	RETAINED_EXACT
jcc-merge-recovery-20261006-history-01	m3/tooling/migration-recipes/src/main/resources/com/m3/rewrite/backport/jdk21-hash-pinned-text/jcc-merge-recovery-20261006-history-01/manifest.tsv	m3/tooling/migration-recipes/tasks/jcc-source-final-handoff-20261005/source-final/ROOT_ACCOUNTING.json	cfe76d41dda4220937086d951a126bf04dec0d282ba088b6de2a6bff33b6e14d	cfe76d41dda4220937086d951a126bf04dec0d282ba088b6de2a6bff33b6e14d	RETAINED_EXACT
jcc-merge-recovery-20261006-history-01	m3/tooling/migration-recipes/src/main/resources/com/m3/rewrite/backport/jdk21-hash-pinned-text/jcc-merge-recovery-20261006-history-01/manifest.tsv	m3/tooling/migration-recipes/tasks/jcc-source-final-handoff-20261005/source-final/SOURCE_FIELDS_AND_PROOFS.json	b0a1ff2a675017bc4eda2620a031bb963d038c21e10ddacb8f57b1fc51f6188a	b0a1ff2a675017bc4eda2620a031bb963d038c21e10ddacb8f57b1fc51f6188a	RETAINED_EXACT
jcc-merge-recovery-20261006-history-01	m3/tooling/migration-recipes/src/main/resources/com/m3/rewrite/backport/jdk21-hash-pinned-text/jcc-merge-recovery-20261006-history-01/manifest.tsv	m3/tooling/migration-recipes/tasks/jcc-source-final-handoff-20261005/source-final/SOURCE_IMPLEMENTATION_PUBLICATION_VERIFIED.json	03ba5aa231929079fda7772dc6a798a687ba7486fa81ceacc0723407330f956a	03ba5aa231929079fda7772dc6a798a687ba7486fa81ceacc0723407330f956a	RETAINED_EXACT
jcc-merge-recovery-20261006-history-01	m3/tooling/migration-recipes/src/main/resources/com/m3/rewrite/backport/jdk21-hash-pinned-text/jcc-merge-recovery-20261006-history-01/manifest.tsv	m3/tooling/migration-recipes/tasks/jcc-source-final-handoff-20261005/source-final/SOURCE_INITIAL_CI_OBSERVATION.json	6268a6944bf4f5a17f7783daaee5e462f68f2e1cb0853121dba9dc9049a077e9	6268a6944bf4f5a17f7783daaee5e462f68f2e1cb0853121dba9dc9049a077e9	RETAINED_EXACT
jcc-merge-recovery-20261006-history-01	m3/tooling/migration-recipes/src/main/resources/com/m3/rewrite/backport/jdk21-hash-pinned-text/jcc-merge-recovery-20261006-history-01/manifest.tsv	m3/tooling/migration-recipes/tasks/jcc-source-final-handoff-20261005/source-final/SOURCE_PRODUCTION_BODY_READBACK.json	0abd6ddcbe96eac76da9a708a2ffc9350c546c1c63382686c600dad3f7fc20df	0abd6ddcbe96eac76da9a708a2ffc9350c546c1c63382686c600dad3f7fc20df	RETAINED_EXACT
jcc-merge-recovery-20261006-history-01	m3/tooling/migration-recipes/src/main/resources/com/m3/rewrite/backport/jdk21-hash-pinned-text/jcc-merge-recovery-20261006-history-01/manifest.tsv	m3/tooling/migration-recipes/tasks/jcc-source-final-handoff-20261005/source-final/SOURCE_REVIEW.md	7f5f0c54cbac2b8d8201bb386678a03284f99cacdf9295eb4cac3ae9689b85d0	7f5f0c54cbac2b8d8201bb386678a03284f99cacdf9295eb4cac3ae9689b85d0	RETAINED_EXACT
jcc-merge-recovery-20261006-history-01	m3/tooling/migration-recipes/src/main/resources/com/m3/rewrite/backport/jdk21-hash-pinned-text/jcc-merge-recovery-20261006-history-01/manifest.tsv	m3/tooling/migration-recipes/tasks/jcc-source-recovery-handoff-20261005/REVIEW.md	27de06b75c3b7ef8cb774473073176c5e5d6e1486741206c6336f155718fa71a	27de06b75c3b7ef8cb774473073176c5e5d6e1486741206c6336f155718fa71a	RETAINED_EXACT
jcc-merge-recovery-20261006-history-01	m3/tooling/migration-recipes/src/main/resources/com/m3/rewrite/backport/jdk21-hash-pinned-text/jcc-merge-recovery-20261006-history-01/manifest.tsv	m3/tooling/migration-recipes/tasks/jcc-source-recovery-handoff-20261005/authoring-invocation/EXECUTION.json	1fcd84420aa008a6635694994606d13e266d04a45bf33e84fc5f5102985158d5	1fcd84420aa008a6635694994606d13e266d04a45bf33e84fc5f5102985158d5	RETAINED_EXACT
jcc-merge-recovery-20261006-history-01	m3/tooling/migration-recipes/src/main/resources/com/m3/rewrite/backport/jdk21-hash-pinned-text/jcc-merge-recovery-20261006-history-01/manifest.tsv	m3/tooling/migration-recipes/tasks/jcc-source-recovery-handoff-20261005/authoring-invocation/stderr.log	e3b0c44298fc1c149afbf4c8996fb92427ae41e4649b934ca495991b7852b855	e3b0c44298fc1c149afbf4c8996fb92427ae41e4649b934ca495991b7852b855	RETAINED_EXACT
jcc-merge-recovery-20261006-history-01	m3/tooling/migration-recipes/src/main/resources/com/m3/rewrite/backport/jdk21-hash-pinned-text/jcc-merge-recovery-20261006-history-01/manifest.tsv	m3/tooling/migration-recipes/tasks/jcc-source-recovery-handoff-20261005/authoring-invocation/stdout.log	2f48b47224cb85d1452b437ce21397bc814a78cb71154017ba4bea1561bc1b16	2f48b47224cb85d1452b437ce21397bc814a78cb71154017ba4bea1561bc1b16	RETAINED_EXACT
jcc-merge-recovery-20261006-history-01	m3/tooling/migration-recipes/src/main/resources/com/m3/rewrite/backport/jdk21-hash-pinned-text/jcc-merge-recovery-20261006-history-01/manifest.tsv	m3/tooling/migration-recipes/tasks/jcc-source-recovery-handoff-20261005/authoring/AUTHORING_RESULT_V3.json	2880acc74ccba95ce8efe10e8762ebe36275cd44b7de602f07d08f272690ef4b	2880acc74ccba95ce8efe10e8762ebe36275cd44b7de602f07d08f272690ef4b	RETAINED_EXACT
jcc-merge-recovery-20261006-history-01	m3/tooling/migration-recipes/src/main/resources/com/m3/rewrite/backport/jdk21-hash-pinned-text/jcc-merge-recovery-20261006-history-01/manifest.tsv	m3/tooling/migration-recipes/tasks/jcc-source-recovery-handoff-20261005/authoring/BOUND_INPUTS_REVIEW_PACKET.json	e0ae5375e313a8547f5cdb8f607d2fe1c04efe91d3d43c86d1a5878329beaf59	e0ae5375e313a8547f5cdb8f607d2fe1c04efe91d3d43c86d1a5878329beaf59	RETAINED_EXACT
jcc-merge-recovery-20261006-history-01	m3/tooling/migration-recipes/src/main/resources/com/m3/rewrite/backport/jdk21-hash-pinned-text/jcc-merge-recovery-20261006-history-01/manifest.tsv	m3/tooling/migration-recipes/tasks/jcc-source-recovery-handoff-20261005/authoring/BOUND_RESOURCES_REVIEW_PACKET.json	9024a1180d4f5856130d9e3a7dd1e8f18786ca8825c9569397d37003019aac9a	9024a1180d4f5856130d9e3a7dd1e8f18786ca8825c9569397d37003019aac9a	RETAINED_EXACT
jcc-merge-recovery-20261006-history-01	m3/tooling/migration-recipes/src/main/resources/com/m3/rewrite/backport/jdk21-hash-pinned-text/jcc-merge-recovery-20261006-history-01/manifest.tsv	m3/tooling/migration-recipes/tasks/jcc-source-recovery-handoff-20261005/authoring/DERIVATION_INVOCATION.json	590e52f2a39fe42e568bb3ae1a78cde05794995333adafc42fcbb570e1371b27	590e52f2a39fe42e568bb3ae1a78cde05794995333adafc42fcbb570e1371b27	RETAINED_EXACT
jcc-merge-recovery-20261006-history-01	m3/tooling/migration-recipes/src/main/resources/com/m3/rewrite/backport/jdk21-hash-pinned-text/jcc-merge-recovery-20261006-history-01/manifest.tsv	m3/tooling/migration-recipes/tasks/jcc-source-recovery-handoff-20261005/authoring/DERIVATION_RESULT.json	767002f4216ff25d89ed3a9b44592c831bbdb42b4a7240206d9d987a26c3d585	767002f4216ff25d89ed3a9b44592c831bbdb42b4a7240206d9d987a26c3d585	RETAINED_EXACT
jcc-merge-recovery-20261006-history-01	m3/tooling/migration-recipes/src/main/resources/com/m3/rewrite/backport/jdk21-hash-pinned-text/jcc-merge-recovery-20261006-history-01/manifest.tsv	m3/tooling/migration-recipes/tasks/jcc-source-recovery-handoff-20261005/checker-static-review/COMPANION_BINDING.json	f2a02221bf5b1f4b36793429a8743eda01eac19a073f17c4e498d854a2066176	f2a02221bf5b1f4b36793429a8743eda01eac19a073f17c4e498d854a2066176	RETAINED_EXACT
jcc-merge-recovery-20261006-history-01	m3/tooling/migration-recipes/src/main/resources/com/m3/rewrite/backport/jdk21-hash-pinned-text/jcc-merge-recovery-20261006-history-01/manifest.tsv	m3/tooling/migration-recipes/tasks/jcc-source-recovery-handoff-20261005/checker-static-review/FILE_SEALS.json	21ce8061417242403fb835f6222f522277f8c87f0a3d5a3ed9ce2f83b549e3e9	21ce8061417242403fb835f6222f522277f8c87f0a3d5a3ed9ce2f83b549e3e9	RETAINED_EXACT
jcc-merge-recovery-20261006-history-01	m3/tooling/migration-recipes/src/main/resources/com/m3/rewrite/backport/jdk21-hash-pinned-text/jcc-merge-recovery-20261006-history-01/manifest.tsv	m3/tooling/migration-recipes/tasks/jcc-source-recovery-handoff-20261005/checker-static-review/INPUT_SEALS.json	d386f5fc0130caf03318a301bd61ed74a667afdb9977a344459208532ef09651	d386f5fc0130caf03318a301bd61ed74a667afdb9977a344459208532ef09651	RETAINED_EXACT
jcc-merge-recovery-20261006-history-01	m3/tooling/migration-recipes/src/main/resources/com/m3/rewrite/backport/jdk21-hash-pinned-text/jcc-merge-recovery-20261006-history-01/manifest.tsv	m3/tooling/migration-recipes/tasks/jcc-source-recovery-handoff-20261005/checker-static-review/REVIEW.md	06d74f24e11624b6f3201f9b51230dc7ab41eda36f62cc5e093da6a2fbc4cb98	06d74f24e11624b6f3201f9b51230dc7ab41eda36f62cc5e093da6a2fbc4cb98	RETAINED_EXACT
jcc-merge-recovery-20261006-history-01	m3/tooling/migration-recipes/src/main/resources/com/m3/rewrite/backport/jdk21-hash-pinned-text/jcc-merge-recovery-20261006-history-01/manifest.tsv	m3/tooling/migration-recipes/tasks/jcc-source-recovery-handoff-20261005/checker-static-review/STATIC_AUDIT.json	6b77c8737ca9858f2cd82127ec6367a846bbda8e96a41b20fa17a99ff50d0744	6b77c8737ca9858f2cd82127ec6367a846bbda8e96a41b20fa17a99ff50d0744	RETAINED_EXACT
jcc-merge-recovery-20261006-history-01	m3/tooling/migration-recipes/src/main/resources/com/m3/rewrite/backport/jdk21-hash-pinned-text/jcc-merge-recovery-20261006-history-01/manifest.tsv	m3/tooling/migration-recipes/tasks/jcc-source-recovery-handoff-20261005/checker-static-review/custody-output-subreview/FILE_SEALS.json	9f0a00ac64a73aeed9ff8b480190c4ec06174a3f8107c47070a492f449f22843	9f0a00ac64a73aeed9ff8b480190c4ec06174a3f8107c47070a492f449f22843	RETAINED_EXACT
jcc-merge-recovery-20261006-history-01	m3/tooling/migration-recipes/src/main/resources/com/m3/rewrite/backport/jdk21-hash-pinned-text/jcc-merge-recovery-20261006-history-01/manifest.tsv	m3/tooling/migration-recipes/tasks/jcc-source-recovery-handoff-20261005/checker-static-review/custody-output-subreview/INPUT_SEALS.json	ae513e9a5acbc1fb76bf6741618c7ceb9f30126441332f60c581d7dc922bcecb	ae513e9a5acbc1fb76bf6741618c7ceb9f30126441332f60c581d7dc922bcecb	RETAINED_EXACT
jcc-merge-recovery-20261006-history-01	m3/tooling/migration-recipes/src/main/resources/com/m3/rewrite/backport/jdk21-hash-pinned-text/jcc-merge-recovery-20261006-history-01/manifest.tsv	m3/tooling/migration-recipes/tasks/jcc-source-recovery-handoff-20261005/checker-static-review/custody-output-subreview/REVIEW.md	50b226e31a609a30ee644790f84e8966234a8a4f163b5a1084f94ce7b7554711	50b226e31a609a30ee644790f84e8966234a8a4f163b5a1084f94ce7b7554711	RETAINED_EXACT
jcc-merge-recovery-20261006-history-01	m3/tooling/migration-recipes/src/main/resources/com/m3/rewrite/backport/jdk21-hash-pinned-text/jcc-merge-recovery-20261006-history-01/manifest.tsv	m3/tooling/migration-recipes/tasks/jcc-source-recovery-handoff-20261005/checker-static-review/custody-output-subreview/WRITE_SURFACE.json	72cd8ccf7e4ee74be62760c1359f94cb2e1601f56cb1aef9b2e4a3a0165e8613	72cd8ccf7e4ee74be62760c1359f94cb2e1601f56cb1aef9b2e4a3a0165e8613	RETAINED_EXACT
jcc-merge-recovery-20261006-history-01	m3/tooling/migration-recipes/src/main/resources/com/m3/rewrite/backport/jdk21-hash-pinned-text/jcc-merge-recovery-20261006-history-01/manifest.tsv	m3/tooling/migration-recipes/tasks/jcc-source-recovery-handoff-20261005/custody-packaging/ADDITIONAL_RECEIPTS.json	30cc1c07b3aac8f1a6662c494c0cbbc76c22bc6a4fdbcbb04770236fd2384907	30cc1c07b3aac8f1a6662c494c0cbbc76c22bc6a4fdbcbb04770236fd2384907	RETAINED_EXACT
jcc-merge-recovery-20261006-history-01	m3/tooling/migration-recipes/src/main/resources/com/m3/rewrite/backport/jdk21-hash-pinned-text/jcc-merge-recovery-20261006-history-01/manifest.tsv	m3/tooling/migration-recipes/tasks/jcc-source-recovery-handoff-20261005/custody-packaging/FILE_SEALS.json	caa248d052d7def21ef1552b41fe893f877e3989edbd661336aedf6eb7b9b405	caa248d052d7def21ef1552b41fe893f877e3989edbd661336aedf6eb7b9b405	RETAINED_EXACT
jcc-merge-recovery-20261006-history-01	m3/tooling/migration-recipes/src/main/resources/com/m3/rewrite/backport/jdk21-hash-pinned-text/jcc-merge-recovery-20261006-history-01/manifest.tsv	m3/tooling/migration-recipes/tasks/jcc-source-recovery-handoff-20261005/donor-catalogue/AUTHORING_RECEIPT.json	b96baa62d0814767fa847d8f6a72dda1972ad673b137fec7c180916b2de098ac	b96baa62d0814767fa847d8f6a72dda1972ad673b137fec7c180916b2de098ac	RETAINED_EXACT
jcc-merge-recovery-20261006-history-01	m3/tooling/migration-recipes/src/main/resources/com/m3/rewrite/backport/jdk21-hash-pinned-text/jcc-merge-recovery-20261006-history-01/manifest.tsv	m3/tooling/migration-recipes/tasks/jcc-source-recovery-handoff-20261005/donor-catalogue/COMPONENT_BINDING.json	f02ed2799bd8b7c200a9b4777f549bb7c733751f873a441531f3eec35d73b617	f02ed2799bd8b7c200a9b4777f549bb7c733751f873a441531f3eec35d73b617	RETAINED_EXACT
jcc-merge-recovery-20261006-history-01	m3/tooling/migration-recipes/src/main/resources/com/m3/rewrite/backport/jdk21-hash-pinned-text/jcc-merge-recovery-20261006-history-01/manifest.tsv	m3/tooling/migration-recipes/tasks/jcc-source-recovery-handoff-20261005/donor-catalogue/DONOR_CATALOGUE.md	f12b6c4986ab5d283205ecbdddce46a461bb579db2d3c83513cddaed23b722a7	f12b6c4986ab5d283205ecbdddce46a461bb579db2d3c83513cddaed23b722a7	RETAINED_EXACT
jcc-merge-recovery-20261006-history-01	m3/tooling/migration-recipes/src/main/resources/com/m3/rewrite/backport/jdk21-hash-pinned-text/jcc-merge-recovery-20261006-history-01/manifest.tsv	m3/tooling/migration-recipes/tasks/jcc-source-recovery-handoff-20261005/donor-catalogue/EXECUTED_TEST_MAPPING.md	6e39cc123a018f72d3cdb02c178326f757b44159c75bd7332435ae5916ca19f9	6e39cc123a018f72d3cdb02c178326f757b44159c75bd7332435ae5916ca19f9	RETAINED_EXACT
jcc-merge-recovery-20261006-history-01	m3/tooling/migration-recipes/src/main/resources/com/m3/rewrite/backport/jdk21-hash-pinned-text/jcc-merge-recovery-20261006-history-01/manifest.tsv	m3/tooling/migration-recipes/tasks/jcc-source-recovery-handoff-20261005/donor-catalogue/INTEGRATION.md	e4c26810f4cc52ce476666795c7f54ed9288ab3e3dbe5629a2aa5f17df0dd57b	e4c26810f4cc52ce476666795c7f54ed9288ab3e3dbe5629a2aa5f17df0dd57b	RETAINED_EXACT
jcc-merge-recovery-20261006-history-01	m3/tooling/migration-recipes/src/main/resources/com/m3/rewrite/backport/jdk21-hash-pinned-text/jcc-merge-recovery-20261006-history-01/manifest.tsv	m3/tooling/migration-recipes/tasks/jcc-source-recovery-handoff-20261005/donor-catalogue/donor_catalogue.json	b9c144d5eb9be716fd749b6d7cda456e0d40aae6ae423c794ad2ace1a4fe1322	b9c144d5eb9be716fd749b6d7cda456e0d40aae6ae423c794ad2ace1a4fe1322	RETAINED_EXACT
jcc-merge-recovery-20261006-history-01	m3/tooling/migration-recipes/src/main/resources/com/m3/rewrite/backport/jdk21-hash-pinned-text/jcc-merge-recovery-20261006-history-01/manifest.tsv	m3/tooling/migration-recipes/tasks/jcc-source-recovery-handoff-20261005/donor-catalogue/evidence/EXPECTED_SOURCE_TREES.json	b8c31ba4c3c6c3cfafc426852655c15994193dc1a9c62edaefce05c7840131e0	b8c31ba4c3c6c3cfafc426852655c15994193dc1a9c62edaefce05c7840131e0	RETAINED_EXACT
jcc-merge-recovery-20261006-history-01	m3/tooling/migration-recipes/src/main/resources/com/m3/rewrite/backport/jdk21-hash-pinned-text/jcc-merge-recovery-20261006-history-01/manifest.tsv	m3/tooling/migration-recipes/tasks/jcc-source-recovery-handoff-20261005/donor-catalogue/evidence/HISTORICAL_CAPTURED_INPUTS.json	7e13c28978bf59518850ecd10637729c87c25e0604c7b5505c44d1d5d5fa1fab	7e13c28978bf59518850ecd10637729c87c25e0604c7b5505c44d1d5d5fa1fab	RETAINED_EXACT
jcc-merge-recovery-20261006-history-01	m3/tooling/migration-recipes/src/main/resources/com/m3/rewrite/backport/jdk21-hash-pinned-text/jcc-merge-recovery-20261006-history-01/manifest.tsv	m3/tooling/migration-recipes/tasks/jcc-source-recovery-handoff-20261005/donor-catalogue/evidence/HISTORICAL_PR_9142.json	eaf45a8f519958536b7695da1fe3c0173253851aad9d3c4eca816f05b81fd4da	eaf45a8f519958536b7695da1fe3c0173253851aad9d3c4eca816f05b81fd4da	RETAINED_EXACT
jcc-merge-recovery-20261006-history-01	m3/tooling/migration-recipes/src/main/resources/com/m3/rewrite/backport/jdk21-hash-pinned-text/jcc-merge-recovery-20261006-history-01/manifest.tsv	m3/tooling/migration-recipes/tasks/jcc-source-recovery-handoff-20261005/donor-catalogue/evidence/INPUT_MANIFEST.json	f7949116d828c55aa5cc77c19764cf0484958d408b86d0c91999c45a3fedd8f3	f7949116d828c55aa5cc77c19764cf0484958d408b86d0c91999c45a3fedd8f3	RETAINED_EXACT
jcc-merge-recovery-20261006-history-01	m3/tooling/migration-recipes/src/main/resources/com/m3/rewrite/backport/jdk21-hash-pinned-text/jcc-merge-recovery-20261006-history-01/manifest.tsv	m3/tooling/migration-recipes/tasks/jcc-source-recovery-handoff-20261005/donor-catalogue/evidence/PATH_AND_TEST_ADMISSION.json	29e476534bd7e7743194d1ae9b7a81f30d2f2dd4ca8b4ee8f115e2d7970f1fe1	29e476534bd7e7743194d1ae9b7a81f30d2f2dd4ca8b4ee8f115e2d7970f1fe1	RETAINED_EXACT
jcc-merge-recovery-20261006-history-01	m3/tooling/migration-recipes/src/main/resources/com/m3/rewrite/backport/jdk21-hash-pinned-text/jcc-merge-recovery-20261006-history-01/manifest.tsv	m3/tooling/migration-recipes/tasks/jcc-source-recovery-handoff-20261005/donor-catalogue/evidence/SOURCE_BASE_CHAIN.json	bea94459b67cc6b7c0d98a2cfe3f946c6f558c803725ee76f89e0821dae3ff4a	bea94459b67cc6b7c0d98a2cfe3f946c6f558c803725ee76f89e0821dae3ff4a	RETAINED_EXACT
jcc-merge-recovery-20261006-history-01	m3/tooling/migration-recipes/src/main/resources/com/m3/rewrite/backport/jdk21-hash-pinned-text/jcc-merge-recovery-20261006-history-01/manifest.tsv	m3/tooling/migration-recipes/tasks/jcc-source-recovery-handoff-20261005/donor-catalogue/evidence/SOURCE_BEFORE_BRANCH.json	e569931153bf732dd94ad6db0c362361c6cc1c25edf01c52cc17d578a07d3936	e569931153bf732dd94ad6db0c362361c6cc1c25edf01c52cc17d578a07d3936	RETAINED_EXACT
jcc-merge-recovery-20261006-history-01	m3/tooling/migration-recipes/src/main/resources/com/m3/rewrite/backport/jdk21-hash-pinned-text/jcc-merge-recovery-20261006-history-01/manifest.tsv	m3/tooling/migration-recipes/tasks/jcc-source-recovery-handoff-20261005/donor-catalogue/evidence/SOURCE_BRANCH_CREATION.json	c34da01ca97b444752fef431a09f9a67eef4fba1505e46eaef5965027d3636d7	c34da01ca97b444752fef431a09f9a67eef4fba1505e46eaef5965027d3636d7	RETAINED_EXACT
jcc-merge-recovery-20261006-history-01	m3/tooling/migration-recipes/src/main/resources/com/m3/rewrite/backport/jdk21-hash-pinned-text/jcc-merge-recovery-20261006-history-01/manifest.tsv	m3/tooling/migration-recipes/tasks/jcc-source-recovery-handoff-20261005/donor-catalogue/evidence/SOURCE_COMMIT_CREATION.json	da87a53dd252a318f05a187751be9972e331dc910a5f54ed0128a8c42067c7d9	da87a53dd252a318f05a187751be9972e331dc910a5f54ed0128a8c42067c7d9	RETAINED_EXACT
jcc-merge-recovery-20261006-history-01	m3/tooling/migration-recipes/src/main/resources/com/m3/rewrite/backport/jdk21-hash-pinned-text/jcc-merge-recovery-20261006-history-01/manifest.tsv	m3/tooling/migration-recipes/tasks/jcc-source-recovery-handoff-20261005/donor-catalogue/evidence/SOURCE_FINAL_PUBLICATION_CALLS.json	557f5751a5dc4d21c0dafc40b3c493345f86d23fce1ac6ac9214eb285e194111	557f5751a5dc4d21c0dafc40b3c493345f86d23fce1ac6ac9214eb285e194111	RETAINED_EXACT
jcc-merge-recovery-20261006-history-01	m3/tooling/migration-recipes/src/main/resources/com/m3/rewrite/backport/jdk21-hash-pinned-text/jcc-merge-recovery-20261006-history-01/manifest.tsv	m3/tooling/migration-recipes/tasks/jcc-source-recovery-handoff-20261005/donor-catalogue/evidence/SOURCE_FINAL_READBACK.json	c98fdec1b73b2949415fde70f24c9c0d671ec9dc86535ef39b69f331e2f29fc6	c98fdec1b73b2949415fde70f24c9c0d671ec9dc86535ef39b69f331e2f29fc6	RETAINED_EXACT
jcc-merge-recovery-20261006-history-01	m3/tooling/migration-recipes/src/main/resources/com/m3/rewrite/backport/jdk21-hash-pinned-text/jcc-merge-recovery-20261006-history-01/manifest.tsv	m3/tooling/migration-recipes/tasks/jcc-source-recovery-handoff-20261005/donor-catalogue/evidence/SOURCE_PREFLIGHT.json	448f91365fa5cf8d4c832c2c404397ecc87706afb128a6a41079d5f695dfca08	448f91365fa5cf8d4c832c2c404397ecc87706afb128a6a41079d5f695dfca08	RETAINED_EXACT
jcc-merge-recovery-20261006-history-01	m3/tooling/migration-recipes/src/main/resources/com/m3/rewrite/backport/jdk21-hash-pinned-text/jcc-merge-recovery-20261006-history-01/manifest.tsv	m3/tooling/migration-recipes/tasks/jcc-source-recovery-handoff-20261005/donor-catalogue/evidence/SOURCE_PR_CREATION.json	6fafbf96fcaae74f720995bfa67d2e2146f0844e046d1db19095005ab99e1efd	6fafbf96fcaae74f720995bfa67d2e2146f0844e046d1db19095005ab99e1efd	RETAINED_EXACT
jcc-merge-recovery-20261006-history-01	m3/tooling/migration-recipes/src/main/resources/com/m3/rewrite/backport/jdk21-hash-pinned-text/jcc-merge-recovery-20261006-history-01/manifest.tsv	m3/tooling/migration-recipes/tasks/jcc-source-recovery-handoff-20261005/donor-catalogue/evidence/SOURCE_PUBLICATION.json	8dadc9f70a6a2fa1f069bcc0883cef2c3d2218e701fdd166203c7304a3c50e25	8dadc9f70a6a2fa1f069bcc0883cef2c3d2218e701fdd166203c7304a3c50e25	RETAINED_EXACT
jcc-merge-recovery-20261006-history-01	m3/tooling/migration-recipes/src/main/resources/com/m3/rewrite/backport/jdk21-hash-pinned-text/jcc-merge-recovery-20261006-history-01/manifest.tsv	m3/tooling/migration-recipes/tasks/jcc-source-recovery-handoff-20261005/donor-catalogue/evidence/SOURCE_STATE_BEFORE_BRANCH.json	c6cc73879c924be30d70ea248b92a2b281e28d7064de9bce1d2299eb9750e78b	c6cc73879c924be30d70ea248b92a2b281e28d7064de9bce1d2299eb9750e78b	RETAINED_EXACT
jcc-merge-recovery-20261006-history-01	m3/tooling/migration-recipes/src/main/resources/com/m3/rewrite/backport/jdk21-hash-pinned-text/jcc-merge-recovery-20261006-history-01/manifest.tsv	m3/tooling/migration-recipes/tasks/jcc-source-recovery-handoff-20261005/donor-catalogue/evidence/SOURCE_TREE_AND_BODY_CALLS.json	193f9fe97c86b3a7dfda78458f6566e34189f8922dd31d6dec1d0a76c082cf56	193f9fe97c86b3a7dfda78458f6566e34189f8922dd31d6dec1d0a76c082cf56	RETAINED_EXACT
jcc-merge-recovery-20261006-history-01	m3/tooling/migration-recipes/src/main/resources/com/m3/rewrite/backport/jdk21-hash-pinned-text/jcc-merge-recovery-20261006-history-01/manifest.tsv	m3/tooling/migration-recipes/tasks/jcc-source-recovery-handoff-20261005/donor-catalogue/evidence/SOURCE_TREE_CREATION.json	016fa414afbd5e42ec56093d952276140d695f41d5c199b15615eeda9359dc91	016fa414afbd5e42ec56093d952276140d695f41d5c199b15615eeda9359dc91	RETAINED_EXACT
jcc-merge-recovery-20261006-history-01	m3/tooling/migration-recipes/src/main/resources/com/m3/rewrite/backport/jdk21-hash-pinned-text/jcc-merge-recovery-20261006-history-01/manifest.tsv	m3/tooling/migration-recipes/tasks/jcc-source-recovery-handoff-20261005/donor-catalogue/evidence/verify_restoration.py	e5fb893d0f420e73a6ff3552f1c86f7129b8fc2b29b388939e7b12c10fc16a01	e5fb893d0f420e73a6ff3552f1c86f7129b8fc2b29b388939e7b12c10fc16a01	RETAINED_EXACT
jcc-merge-recovery-20261006-history-01	m3/tooling/migration-recipes/src/main/resources/com/m3/rewrite/backport/jdk21-hash-pinned-text/jcc-merge-recovery-20261006-history-01/manifest.tsv	m3/tooling/migration-recipes/tasks/jcc-source-recovery-handoff-20261005/environment/HISTORICAL_TOOLCHAIN_PINS.json	c42b313b2e6c70467b0cbe4f13b60c2e7cefa6ee13f7e1287ea1049a7f35ccbe	c42b313b2e6c70467b0cbe4f13b60c2e7cefa6ee13f7e1287ea1049a7f35ccbe	RETAINED_EXACT
jcc-merge-recovery-20261006-history-01	m3/tooling/migration-recipes/src/main/resources/com/m3/rewrite/backport/jdk21-hash-pinned-text/jcc-merge-recovery-20261006-history-01/manifest.tsv	m3/tooling/migration-recipes/tasks/jcc-source-recovery-handoff-20261005/environment/toolchain-restoration/ATTEMPT01.json	9d8f8a50a30bd1c0e2011106d412090ffddbf69d48335e7e2f97790f53f9920c	9d8f8a50a30bd1c0e2011106d412090ffddbf69d48335e7e2f97790f53f9920c	RETAINED_EXACT
jcc-merge-recovery-20261006-history-01	m3/tooling/migration-recipes/src/main/resources/com/m3/rewrite/backport/jdk21-hash-pinned-text/jcc-merge-recovery-20261006-history-01/manifest.tsv	m3/tooling/migration-recipes/tasks/jcc-source-recovery-handoff-20261005/environment/toolchain-restoration/ATTEMPT02.json	6aaf86eddc3307bf3099ae6054378067d0e7908ffe11881388bf8409d0106b64	6aaf86eddc3307bf3099ae6054378067d0e7908ffe11881388bf8409d0106b64	RETAINED_EXACT
jcc-merge-recovery-20261006-history-01	m3/tooling/migration-recipes/src/main/resources/com/m3/rewrite/backport/jdk21-hash-pinned-text/jcc-merge-recovery-20261006-history-01/manifest.tsv	m3/tooling/migration-recipes/tasks/jcc-source-recovery-handoff-20261005/environment/toolchain-restoration/RESTORATION.json	fe2ce8fbda32244628bb4b6b132bf6538a33e323c35aea75fb3cdb470981f470	fe2ce8fbda32244628bb4b6b132bf6538a33e323c35aea75fb3cdb470981f470	RETAINED_EXACT
jcc-merge-recovery-20261006-history-01	m3/tooling/migration-recipes/src/main/resources/com/m3/rewrite/backport/jdk21-hash-pinned-text/jcc-merge-recovery-20261006-history-01/manifest.tsv	m3/tooling/migration-recipes/tasks/jcc-source-recovery-handoff-20261005/execution-invocation/EXECUTION.json	460131d195eb89da3ab98b3781d580d32f3bf17af2cc13818e999885910c56ae	460131d195eb89da3ab98b3781d580d32f3bf17af2cc13818e999885910c56ae	RETAINED_EXACT
jcc-merge-recovery-20261006-history-01	m3/tooling/migration-recipes/src/main/resources/com/m3/rewrite/backport/jdk21-hash-pinned-text/jcc-merge-recovery-20261006-history-01/manifest.tsv	m3/tooling/migration-recipes/tasks/jcc-source-recovery-handoff-20261005/execution-invocation/STARTED.json	258212f079c0ad840e10a1f4a0c51d60da3eb0ad05d3a96beeb07e8ff27b035c	258212f079c0ad840e10a1f4a0c51d60da3eb0ad05d3a96beeb07e8ff27b035c	RETAINED_EXACT
jcc-merge-recovery-20261006-history-01	m3/tooling/migration-recipes/src/main/resources/com/m3/rewrite/backport/jdk21-hash-pinned-text/jcc-merge-recovery-20261006-history-01/manifest.tsv	m3/tooling/migration-recipes/tasks/jcc-source-recovery-handoff-20261005/execution-invocation/stderr.log	e3b0c44298fc1c149afbf4c8996fb92427ae41e4649b934ca495991b7852b855	e3b0c44298fc1c149afbf4c8996fb92427ae41e4649b934ca495991b7852b855	RETAINED_EXACT
jcc-merge-recovery-20261006-history-01	m3/tooling/migration-recipes/src/main/resources/com/m3/rewrite/backport/jdk21-hash-pinned-text/jcc-merge-recovery-20261006-history-01/manifest.tsv	m3/tooling/migration-recipes/tasks/jcc-source-recovery-handoff-20261005/execution-invocation/stdout.log	20d71c19eddbfedde09e1c8237740f3fbe7fd9a1859bb2dd2ba8db0157ef1888	20d71c19eddbfedde09e1c8237740f3fbe7fd9a1859bb2dd2ba8db0157ef1888	RETAINED_EXACT
jcc-merge-recovery-20261006-history-01	m3/tooling/migration-recipes/src/main/resources/com/m3/rewrite/backport/jdk21-hash-pinned-text/jcc-merge-recovery-20261006-history-01/manifest.tsv	m3/tooling/migration-recipes/tasks/jcc-source-recovery-handoff-20261005/final-gate-review/COMPANION_BINDING.json	7cb3b39584bfc2f059b597353a54f45b27e8b7c13e937ca35d0ee61f93b8f345	7cb3b39584bfc2f059b597353a54f45b27e8b7c13e937ca35d0ee61f93b8f345	RETAINED_EXACT
jcc-merge-recovery-20261006-history-01	m3/tooling/migration-recipes/src/main/resources/com/m3/rewrite/backport/jdk21-hash-pinned-text/jcc-merge-recovery-20261006-history-01/manifest.tsv	m3/tooling/migration-recipes/tasks/jcc-source-recovery-handoff-20261005/final-gate-review/FILE_SEALS.json	3abb92f0aa81cf2e86446b0c74798d60aa99865b97db2b394f4c6e0d2a39d4ad	3abb92f0aa81cf2e86446b0c74798d60aa99865b97db2b394f4c6e0d2a39d4ad	RETAINED_EXACT
jcc-merge-recovery-20261006-history-01	m3/tooling/migration-recipes/src/main/resources/com/m3/rewrite/backport/jdk21-hash-pinned-text/jcc-merge-recovery-20261006-history-01/manifest.tsv	m3/tooling/migration-recipes/tasks/jcc-source-recovery-handoff-20261005/final-gate-review/INPUT_SEALS.json	bdbd87fa6ffe36d998e0420710b4bf1283fe19ae96acecb64f0a02986f109a4d	bdbd87fa6ffe36d998e0420710b4bf1283fe19ae96acecb64f0a02986f109a4d	RETAINED_EXACT
jcc-merge-recovery-20261006-history-01	m3/tooling/migration-recipes/src/main/resources/com/m3/rewrite/backport/jdk21-hash-pinned-text/jcc-merge-recovery-20261006-history-01/manifest.tsv	m3/tooling/migration-recipes/tasks/jcc-source-recovery-handoff-20261005/final-gate-review/RECEIPT_RELATIONSHIPS.json	785433ead65a22dc4dbe42915757d09c94245bad00357001f6027aaa7deac3c2	785433ead65a22dc4dbe42915757d09c94245bad00357001f6027aaa7deac3c2	RETAINED_EXACT
jcc-merge-recovery-20261006-history-01	m3/tooling/migration-recipes/src/main/resources/com/m3/rewrite/backport/jdk21-hash-pinned-text/jcc-merge-recovery-20261006-history-01/manifest.tsv	m3/tooling/migration-recipes/tasks/jcc-source-recovery-handoff-20261005/final-gate-review/REVIEW.md	b10fe9dcd7c0b303e1e4d4b624051941326854e2fda02fa3a358898929b5afce	b10fe9dcd7c0b303e1e4d4b624051941326854e2fda02fa3a358898929b5afce	RETAINED_EXACT
jcc-merge-recovery-20261006-history-01	m3/tooling/migration-recipes/src/main/resources/com/m3/rewrite/backport/jdk21-hash-pinned-text/jcc-merge-recovery-20261006-history-01/manifest.tsv	m3/tooling/migration-recipes/tasks/jcc-source-recovery-handoff-20261005/final-gate-review/invocation-subreview/AUDIT.json	6016853506668d9796c6bdf0c9754ed9a853905a88e98fca73f87dc52ba2da28	6016853506668d9796c6bdf0c9754ed9a853905a88e98fca73f87dc52ba2da28	RETAINED_EXACT
jcc-merge-recovery-20261006-history-01	m3/tooling/migration-recipes/src/main/resources/com/m3/rewrite/backport/jdk21-hash-pinned-text/jcc-merge-recovery-20261006-history-01/manifest.tsv	m3/tooling/migration-recipes/tasks/jcc-source-recovery-handoff-20261005/final-gate-review/invocation-subreview/FILE_SEALS.json	8d0ea46d0ae4b21c01e23b4856b0f05fff0e6a8f16e6e9df141f511ba0d07428	8d0ea46d0ae4b21c01e23b4856b0f05fff0e6a8f16e6e9df141f511ba0d07428	RETAINED_EXACT
jcc-merge-recovery-20261006-history-01	m3/tooling/migration-recipes/src/main/resources/com/m3/rewrite/backport/jdk21-hash-pinned-text/jcc-merge-recovery-20261006-history-01/manifest.tsv	m3/tooling/migration-recipes/tasks/jcc-source-recovery-handoff-20261005/final-gate-review/invocation-subreview/INPUT_SEALS.json	6640c7145d293b1970ac16d4b56bfd279d777d75aab81f6436234e7731cfa0df	6640c7145d293b1970ac16d4b56bfd279d777d75aab81f6436234e7731cfa0df	RETAINED_EXACT
jcc-merge-recovery-20261006-history-01	m3/tooling/migration-recipes/src/main/resources/com/m3/rewrite/backport/jdk21-hash-pinned-text/jcc-merge-recovery-20261006-history-01/manifest.tsv	m3/tooling/migration-recipes/tasks/jcc-source-recovery-handoff-20261005/final-gate-review/invocation-subreview/REVIEW.md	cf7deb5b28cf239bb8d4ebe5975cefc2df7c8bf3612e371ea3ec1ec65f840b15	cf7deb5b28cf239bb8d4ebe5975cefc2df7c8bf3612e371ea3ec1ec65f840b15	RETAINED_EXACT
jcc-merge-recovery-20261006-history-01	m3/tooling/migration-recipes/src/main/resources/com/m3/rewrite/backport/jdk21-hash-pinned-text/jcc-merge-recovery-20261006-history-01/manifest.tsv	m3/tooling/migration-recipes/tasks/jcc-source-recovery-handoff-20261005/independent-bound-review/DERIVED_INPUT_CHECKS.json	0874be2a1253b6f91d210a88508c62768a9085bf8efb230ae7d747653ded0461	0874be2a1253b6f91d210a88508c62768a9085bf8efb230ae7d747653ded0461	RETAINED_EXACT
jcc-merge-recovery-20261006-history-01	m3/tooling/migration-recipes/src/main/resources/com/m3/rewrite/backport/jdk21-hash-pinned-text/jcc-merge-recovery-20261006-history-01/manifest.tsv	m3/tooling/migration-recipes/tasks/jcc-source-recovery-handoff-20261005/independent-bound-review/FILE_SEALS.json	2552e37717af6ade717b605148c3e05321e5dd0613fcc3c16be08a6d04703d3d	2552e37717af6ade717b605148c3e05321e5dd0613fcc3c16be08a6d04703d3d	RETAINED_EXACT
jcc-merge-recovery-20261006-history-01	m3/tooling/migration-recipes/src/main/resources/com/m3/rewrite/backport/jdk21-hash-pinned-text/jcc-merge-recovery-20261006-history-01/manifest.tsv	m3/tooling/migration-recipes/tasks/jcc-source-recovery-handoff-20261005/independent-bound-review/PACKAGE_CHECKS.json	6b469859fab2a1168bfbb5d22f7f37f6b8e6349d80fed4d12cb18e7b3ca18652	6b469859fab2a1168bfbb5d22f7f37f6b8e6349d80fed4d12cb18e7b3ca18652	RETAINED_EXACT
jcc-merge-recovery-20261006-history-01	m3/tooling/migration-recipes/src/main/resources/com/m3/rewrite/backport/jdk21-hash-pinned-text/jcc-merge-recovery-20261006-history-01/manifest.tsv	m3/tooling/migration-recipes/tasks/jcc-source-recovery-handoff-20261005/independent-bound-review/REVIEW.json	f258de18d7b32dded1f7bf34ac8fba229a4f52199ef634bd5a1dffce4b25d033	f258de18d7b32dded1f7bf34ac8fba229a4f52199ef634bd5a1dffce4b25d033	RETAINED_EXACT
jcc-merge-recovery-20261006-history-01	m3/tooling/migration-recipes/src/main/resources/com/m3/rewrite/backport/jdk21-hash-pinned-text/jcc-merge-recovery-20261006-history-01/manifest.tsv	m3/tooling/migration-recipes/tasks/jcc-source-recovery-handoff-20261005/independent-bound-review/REVIEW.md	dbdaa3d629aa954d7f42bf3cbc02600110c3a883ebb08d023f466d4ebcbf64eb	dbdaa3d629aa954d7f42bf3cbc02600110c3a883ebb08d023f466d4ebcbf64eb	RETAINED_EXACT
jcc-merge-recovery-20261006-history-01	m3/tooling/migration-recipes/src/main/resources/com/m3/rewrite/backport/jdk21-hash-pinned-text/jcc-merge-recovery-20261006-history-01/manifest.tsv	m3/tooling/migration-recipes/tasks/jcc-source-recovery-handoff-20261005/independent-bound-review/inspect_bound.py	8a7220f37616d250ab645787e48b6f26cb189aa52b425b9d70098b18f5a9c98f	8a7220f37616d250ab645787e48b6f26cb189aa52b425b9d70098b18f5a9c98f	RETAINED_EXACT
jcc-merge-recovery-20261006-history-01	m3/tooling/migration-recipes/src/main/resources/com/m3/rewrite/backport/jdk21-hash-pinned-text/jcc-merge-recovery-20261006-history-01/manifest.tsv	m3/tooling/migration-recipes/tasks/jcc-source-recovery-handoff-20261005/independent-bound-review/inspect_package.py	e9f771fc5203b322b518f4bdaf917833d859c7e92ff829ee371b5ba7dfd459aa	e9f771fc5203b322b518f4bdaf917833d859c7e92ff829ee371b5ba7dfd459aa	RETAINED_EXACT
jcc-merge-recovery-20261006-history-01	m3/tooling/migration-recipes/src/main/resources/com/m3/rewrite/backport/jdk21-hash-pinned-text/jcc-merge-recovery-20261006-history-01/manifest.tsv	m3/tooling/migration-recipes/tasks/jcc-source-recovery-handoff-20261005/independent-execution-review/EXECUTION_CHECKS.json	d809e826859a441050650e6c4dbb879e6029f68088fc225e9329dd1c39384fd7	d809e826859a441050650e6c4dbb879e6029f68088fc225e9329dd1c39384fd7	RETAINED_EXACT
jcc-merge-recovery-20261006-history-01	m3/tooling/migration-recipes/src/main/resources/com/m3/rewrite/backport/jdk21-hash-pinned-text/jcc-merge-recovery-20261006-history-01/manifest.tsv	m3/tooling/migration-recipes/tasks/jcc-source-recovery-handoff-20261005/independent-execution-review/FILE_SEALS.json	ba38a0fc867672d1fb4b0b6b757c0aef613594768ffcc94b5b71c2a4dd1c0479	ba38a0fc867672d1fb4b0b6b757c0aef613594768ffcc94b5b71c2a4dd1c0479	RETAINED_EXACT
jcc-merge-recovery-20261006-history-01	m3/tooling/migration-recipes/src/main/resources/com/m3/rewrite/backport/jdk21-hash-pinned-text/jcc-merge-recovery-20261006-history-01/manifest.tsv	m3/tooling/migration-recipes/tasks/jcc-source-recovery-handoff-20261005/independent-execution-review/POSTRUN_ADDITIONAL_PATHS.json	610ee4a7da9fd437ee66f97fa367138595361b2ce786f1de539b554d8d9c5bfd	610ee4a7da9fd437ee66f97fa367138595361b2ce786f1de539b554d8d9c5bfd	RETAINED_EXACT
jcc-merge-recovery-20261006-history-01	m3/tooling/migration-recipes/src/main/resources/com/m3/rewrite/backport/jdk21-hash-pinned-text/jcc-merge-recovery-20261006-history-01/manifest.tsv	m3/tooling/migration-recipes/tasks/jcc-source-recovery-handoff-20261005/independent-execution-review/REVIEW.json	7d3b8fca8c46276b495818147c35050972a59ff079f55afa979d3b1c119db27a	7d3b8fca8c46276b495818147c35050972a59ff079f55afa979d3b1c119db27a	RETAINED_EXACT
jcc-merge-recovery-20261006-history-01	m3/tooling/migration-recipes/src/main/resources/com/m3/rewrite/backport/jdk21-hash-pinned-text/jcc-merge-recovery-20261006-history-01/manifest.tsv	m3/tooling/migration-recipes/tasks/jcc-source-recovery-handoff-20261005/independent-execution-review/REVIEW.md	1fa3be68d87d495a6458b778061d9bd670db574cc702e3f0ad9f00f64f392361	1fa3be68d87d495a6458b778061d9bd670db574cc702e3f0ad9f00f64f392361	RETAINED_EXACT
jcc-merge-recovery-20261006-history-01	m3/tooling/migration-recipes/src/main/resources/com/m3/rewrite/backport/jdk21-hash-pinned-text/jcc-merge-recovery-20261006-history-01/manifest.tsv	m3/tooling/migration-recipes/tasks/jcc-source-recovery-handoff-20261005/independent-execution-review/inputs/01-check-E3-preimages.json	b23850ef1f1c67c35d91ae8c336be9e679423badbacee8d1b7c600ab5d999d1d	b23850ef1f1c67c35d91ae8c336be9e679423badbacee8d1b7c600ab5d999d1d	RETAINED_EXACT
jcc-merge-recovery-20261006-history-01	m3/tooling/migration-recipes/src/main/resources/com/m3/rewrite/backport/jdk21-hash-pinned-text/jcc-merge-recovery-20261006-history-01/manifest.tsv	m3/tooling/migration-recipes/tasks/jcc-source-recovery-handoff-20261005/independent-execution-review/inputs/01-check-E3-preimages.stderr.log	e3b0c44298fc1c149afbf4c8996fb92427ae41e4649b934ca495991b7852b855	e3b0c44298fc1c149afbf4c8996fb92427ae41e4649b934ca495991b7852b855	RETAINED_EXACT
jcc-merge-recovery-20261006-history-01	m3/tooling/migration-recipes/src/main/resources/com/m3/rewrite/backport/jdk21-hash-pinned-text/jcc-merge-recovery-20261006-history-01/manifest.tsv	m3/tooling/migration-recipes/tasks/jcc-source-recovery-handoff-20261005/independent-execution-review/inputs/01-check-E3-preimages.stdout.log	10f0c98cdab62eae01ae2826f952a9f5f7667d0350c537e47fb0d2c6ed65ad94	10f0c98cdab62eae01ae2826f952a9f5f7667d0350c537e47fb0d2c6ed65ad94	RETAINED_EXACT
jcc-merge-recovery-20261006-history-01	m3/tooling/migration-recipes/src/main/resources/com/m3/rewrite/backport/jdk21-hash-pinned-text/jcc-merge-recovery-20261006-history-01/manifest.tsv	m3/tooling/migration-recipes/tasks/jcc-source-recovery-handoff-20261005/independent-execution-review/inputs/02-actual-text-recipe-maven.json	6493aa9abdf40f16768a9ef47f1e3f60f9313f3bb60fba97f903a3f53c729bf2	6493aa9abdf40f16768a9ef47f1e3f60f9313f3bb60fba97f903a3f53c729bf2	RETAINED_EXACT
jcc-merge-recovery-20261006-history-01	m3/tooling/migration-recipes/src/main/resources/com/m3/rewrite/backport/jdk21-hash-pinned-text/jcc-merge-recovery-20261006-history-01/manifest.tsv	m3/tooling/migration-recipes/tasks/jcc-source-recovery-handoff-20261005/independent-execution-review/inputs/02-actual-text-recipe-maven.stderr.log	9ddf3781b5e43a87b1d67caac2bc4b251f9ce8d77c509c8369129f4b0359fd55	9ddf3781b5e43a87b1d67caac2bc4b251f9ce8d77c509c8369129f4b0359fd55	RETAINED_EXACT
jcc-merge-recovery-20261006-history-01	m3/tooling/migration-recipes/src/main/resources/com/m3/rewrite/backport/jdk21-hash-pinned-text/jcc-merge-recovery-20261006-history-01/manifest.tsv	m3/tooling/migration-recipes/tasks/jcc-source-recovery-handoff-20261005/independent-execution-review/inputs/02-actual-text-recipe-maven.stdout.log	0138e46f20874e7da1ba8c669b91a258fea7cc4e53ae27c83271881ce8eaf6b0	0138e46f20874e7da1ba8c669b91a258fea7cc4e53ae27c83271881ce8eaf6b0	RETAINED_EXACT
jcc-merge-recovery-20261006-history-01	m3/tooling/migration-recipes/src/main/resources/com/m3/rewrite/backport/jdk21-hash-pinned-text/jcc-merge-recovery-20261006-history-01/manifest.tsv	m3/tooling/migration-recipes/tasks/jcc-source-recovery-handoff-20261005/independent-execution-review/inputs/03-actual-packet-contract.json	feb59597ea3bbcfeed76abfb1b265c51098b75fd820c467496bfb5de3a6c9874	feb59597ea3bbcfeed76abfb1b265c51098b75fd820c467496bfb5de3a6c9874	RETAINED_EXACT
jcc-merge-recovery-20261006-history-01	m3/tooling/migration-recipes/src/main/resources/com/m3/rewrite/backport/jdk21-hash-pinned-text/jcc-merge-recovery-20261006-history-01/manifest.tsv	m3/tooling/migration-recipes/tasks/jcc-source-recovery-handoff-20261005/independent-execution-review/inputs/03-actual-packet-contract.stderr.log	e19416824a0f98fc36b2be2534541ab8060148f0274a68398362c6ed3a33e827	e19416824a0f98fc36b2be2534541ab8060148f0274a68398362c6ed3a33e827	RETAINED_EXACT
jcc-merge-recovery-20261006-history-01	m3/tooling/migration-recipes/src/main/resources/com/m3/rewrite/backport/jdk21-hash-pinned-text/jcc-merge-recovery-20261006-history-01/manifest.tsv	m3/tooling/migration-recipes/tasks/jcc-source-recovery-handoff-20261005/independent-execution-review/inputs/03-actual-packet-contract.stdout.log	e3b0c44298fc1c149afbf4c8996fb92427ae41e4649b934ca495991b7852b855	e3b0c44298fc1c149afbf4c8996fb92427ae41e4649b934ca495991b7852b855	RETAINED_EXACT
jcc-merge-recovery-20261006-history-01	m3/tooling/migration-recipes/src/main/resources/com/m3/rewrite/backport/jdk21-hash-pinned-text/jcc-merge-recovery-20261006-history-01/manifest.tsv	m3/tooling/migration-recipes/tasks/jcc-source-recovery-handoff-20261005/independent-execution-review/inputs/04-apply.json	e0e7bc2be0cbb90d04ea82e3d00986861e2f2cc12e30cafeaeb38ce859072830	e0e7bc2be0cbb90d04ea82e3d00986861e2f2cc12e30cafeaeb38ce859072830	RETAINED_EXACT
jcc-merge-recovery-20261006-history-01	m3/tooling/migration-recipes/src/main/resources/com/m3/rewrite/backport/jdk21-hash-pinned-text/jcc-merge-recovery-20261006-history-01/manifest.tsv	m3/tooling/migration-recipes/tasks/jcc-source-recovery-handoff-20261005/independent-execution-review/inputs/04-apply.stderr.log	e3b0c44298fc1c149afbf4c8996fb92427ae41e4649b934ca495991b7852b855	e3b0c44298fc1c149afbf4c8996fb92427ae41e4649b934ca495991b7852b855	RETAINED_EXACT
jcc-merge-recovery-20261006-history-01	m3/tooling/migration-recipes/src/main/resources/com/m3/rewrite/backport/jdk21-hash-pinned-text/jcc-merge-recovery-20261006-history-01/manifest.tsv	m3/tooling/migration-recipes/tasks/jcc-source-recovery-handoff-20261005/independent-execution-review/inputs/04-apply.stdout.log	db1a0d7fed17da0f1f64299a6f38db109cc291e7da45800bf4603d3add73fd11	db1a0d7fed17da0f1f64299a6f38db109cc291e7da45800bf4603d3add73fd11	RETAINED_EXACT
jcc-merge-recovery-20261006-history-01	m3/tooling/migration-recipes/src/main/resources/com/m3/rewrite/backport/jdk21-hash-pinned-text/jcc-merge-recovery-20261006-history-01/manifest.tsv	m3/tooling/migration-recipes/tasks/jcc-source-recovery-handoff-20261005/independent-execution-review/inputs/05-apply-fixed-point.json	610e555d607485e7a96fe9725a87b96c1cae5190e0222bcab2cda0dc7e34aa42	610e555d607485e7a96fe9725a87b96c1cae5190e0222bcab2cda0dc7e34aa42	RETAINED_EXACT
jcc-merge-recovery-20261006-history-01	m3/tooling/migration-recipes/src/main/resources/com/m3/rewrite/backport/jdk21-hash-pinned-text/jcc-merge-recovery-20261006-history-01/manifest.tsv	m3/tooling/migration-recipes/tasks/jcc-source-recovery-handoff-20261005/independent-execution-review/inputs/05-apply-fixed-point.stderr.log	e3b0c44298fc1c149afbf4c8996fb92427ae41e4649b934ca495991b7852b855	e3b0c44298fc1c149afbf4c8996fb92427ae41e4649b934ca495991b7852b855	RETAINED_EXACT
jcc-merge-recovery-20261006-history-01	m3/tooling/migration-recipes/src/main/resources/com/m3/rewrite/backport/jdk21-hash-pinned-text/jcc-merge-recovery-20261006-history-01/manifest.tsv	m3/tooling/migration-recipes/tasks/jcc-source-recovery-handoff-20261005/independent-execution-review/inputs/05-apply-fixed-point.stdout.log	c1888956bcb8c9fa2f5a52d7cdcf4ec3d997bdbda439b431051ac839c33f36a1	c1888956bcb8c9fa2f5a52d7cdcf4ec3d997bdbda439b431051ac839c33f36a1	RETAINED_EXACT
jcc-merge-recovery-20261006-history-01	m3/tooling/migration-recipes/src/main/resources/com/m3/rewrite/backport/jdk21-hash-pinned-text/jcc-merge-recovery-20261006-history-01/manifest.tsv	m3/tooling/migration-recipes/tasks/jcc-source-recovery-handoff-20261005/independent-execution-review/inputs/06-rollback.json	16bd4e3768ed4f1cb5264b5473be6d06e4331bb4175b9752a31bc657793e9d53	16bd4e3768ed4f1cb5264b5473be6d06e4331bb4175b9752a31bc657793e9d53	RETAINED_EXACT
jcc-merge-recovery-20261006-history-01	m3/tooling/migration-recipes/src/main/resources/com/m3/rewrite/backport/jdk21-hash-pinned-text/jcc-merge-recovery-20261006-history-01/manifest.tsv	m3/tooling/migration-recipes/tasks/jcc-source-recovery-handoff-20261005/independent-execution-review/inputs/06-rollback.stderr.log	e3b0c44298fc1c149afbf4c8996fb92427ae41e4649b934ca495991b7852b855	e3b0c44298fc1c149afbf4c8996fb92427ae41e4649b934ca495991b7852b855	RETAINED_EXACT
jcc-merge-recovery-20261006-history-01	m3/tooling/migration-recipes/src/main/resources/com/m3/rewrite/backport/jdk21-hash-pinned-text/jcc-merge-recovery-20261006-history-01/manifest.tsv	m3/tooling/migration-recipes/tasks/jcc-source-recovery-handoff-20261005/independent-execution-review/inputs/06-rollback.stdout.log	5fc9f3ec131e0a0566699f38cc38809048fb229d27dbd59655f3b39795ef1d06	5fc9f3ec131e0a0566699f38cc38809048fb229d27dbd59655f3b39795ef1d06	RETAINED_EXACT
jcc-merge-recovery-20261006-history-01	m3/tooling/migration-recipes/src/main/resources/com/m3/rewrite/backport/jdk21-hash-pinned-text/jcc-merge-recovery-20261006-history-01/manifest.tsv	m3/tooling/migration-recipes/tasks/jcc-source-recovery-handoff-20261005/independent-execution-review/inputs/07-replay.json	80e1d37222b678b47c7522fc4cebfbe311fe095afdd534b74e0b25cf0aab74e9	80e1d37222b678b47c7522fc4cebfbe311fe095afdd534b74e0b25cf0aab74e9	RETAINED_EXACT
jcc-merge-recovery-20261006-history-01	m3/tooling/migration-recipes/src/main/resources/com/m3/rewrite/backport/jdk21-hash-pinned-text/jcc-merge-recovery-20261006-history-01/manifest.tsv	m3/tooling/migration-recipes/tasks/jcc-source-recovery-handoff-20261005/independent-execution-review/inputs/07-replay.stderr.log	e3b0c44298fc1c149afbf4c8996fb92427ae41e4649b934ca495991b7852b855	e3b0c44298fc1c149afbf4c8996fb92427ae41e4649b934ca495991b7852b855	RETAINED_EXACT
jcc-merge-recovery-20261006-history-01	m3/tooling/migration-recipes/src/main/resources/com/m3/rewrite/backport/jdk21-hash-pinned-text/jcc-merge-recovery-20261006-history-01/manifest.tsv	m3/tooling/migration-recipes/tasks/jcc-source-recovery-handoff-20261005/independent-execution-review/inputs/07-replay.stdout.log	db1a0d7fed17da0f1f64299a6f38db109cc291e7da45800bf4603d3add73fd11	db1a0d7fed17da0f1f64299a6f38db109cc291e7da45800bf4603d3add73fd11	RETAINED_EXACT
jcc-merge-recovery-20261006-history-01	m3/tooling/migration-recipes/src/main/resources/com/m3/rewrite/backport/jdk21-hash-pinned-text/jcc-merge-recovery-20261006-history-01/manifest.tsv	m3/tooling/migration-recipes/tasks/jcc-source-recovery-handoff-20261005/independent-execution-review/inputs/08-check-final.json	1340fbfdf8feaa6d4e330669c2a9eeeb28edbd9abd76ddb5d999bb29134b2171	1340fbfdf8feaa6d4e330669c2a9eeeb28edbd9abd76ddb5d999bb29134b2171	RETAINED_EXACT
jcc-merge-recovery-20261006-history-01	m3/tooling/migration-recipes/src/main/resources/com/m3/rewrite/backport/jdk21-hash-pinned-text/jcc-merge-recovery-20261006-history-01/manifest.tsv	m3/tooling/migration-recipes/tasks/jcc-source-recovery-handoff-20261005/independent-execution-review/inputs/08-check-final.stderr.log	e3b0c44298fc1c149afbf4c8996fb92427ae41e4649b934ca495991b7852b855	e3b0c44298fc1c149afbf4c8996fb92427ae41e4649b934ca495991b7852b855	RETAINED_EXACT
jcc-merge-recovery-20261006-history-01	m3/tooling/migration-recipes/src/main/resources/com/m3/rewrite/backport/jdk21-hash-pinned-text/jcc-merge-recovery-20261006-history-01/manifest.tsv	m3/tooling/migration-recipes/tasks/jcc-source-recovery-handoff-20261005/independent-execution-review/inputs/08-check-final.stdout.log	c1888956bcb8c9fa2f5a52d7cdcf4ec3d997bdbda439b431051ac839c33f36a1	c1888956bcb8c9fa2f5a52d7cdcf4ec3d997bdbda439b431051ac839c33f36a1	RETAINED_EXACT
jcc-merge-recovery-20261006-history-01	m3/tooling/migration-recipes/src/main/resources/com/m3/rewrite/backport/jdk21-hash-pinned-text/jcc-merge-recovery-20261006-history-01/manifest.tsv	m3/tooling/migration-recipes/tasks/jcc-source-recovery-handoff-20261005/independent-execution-review/inputs/09-whole-map-validate.json	8e0a1f21b7b419a230e3bdc2631c58e6abcc4e5d0f133f4e981af4975af0d98c	8e0a1f21b7b419a230e3bdc2631c58e6abcc4e5d0f133f4e981af4975af0d98c	RETAINED_EXACT
jcc-merge-recovery-20261006-history-01	m3/tooling/migration-recipes/src/main/resources/com/m3/rewrite/backport/jdk21-hash-pinned-text/jcc-merge-recovery-20261006-history-01/manifest.tsv	m3/tooling/migration-recipes/tasks/jcc-source-recovery-handoff-20261005/independent-execution-review/inputs/09-whole-map-validate.stderr.log	e3b0c44298fc1c149afbf4c8996fb92427ae41e4649b934ca495991b7852b855	e3b0c44298fc1c149afbf4c8996fb92427ae41e4649b934ca495991b7852b855	RETAINED_EXACT
jcc-merge-recovery-20261006-history-01	m3/tooling/migration-recipes/src/main/resources/com/m3/rewrite/backport/jdk21-hash-pinned-text/jcc-merge-recovery-20261006-history-01/manifest.tsv	m3/tooling/migration-recipes/tasks/jcc-source-recovery-handoff-20261005/independent-execution-review/inputs/09-whole-map-validate.stdout.log	d4578b77ded4c87f33240fad4588e418b3157992288cbf4a1a4e38be14ece15b	d4578b77ded4c87f33240fad4588e418b3157992288cbf4a1a4e38be14ece15b	RETAINED_EXACT
jcc-merge-recovery-20261006-history-01	m3/tooling/migration-recipes/src/main/resources/com/m3/rewrite/backport/jdk21-hash-pinned-text/jcc-merge-recovery-20261006-history-01/manifest.tsv	m3/tooling/migration-recipes/tasks/jcc-source-recovery-handoff-20261005/independent-execution-review/inputs/10-completion-remains-blocked.json	347e716e7e9e871d30f76f832a4de2f2c404407bae4ebb6d5c37b5722894f679	347e716e7e9e871d30f76f832a4de2f2c404407bae4ebb6d5c37b5722894f679	RETAINED_EXACT
jcc-merge-recovery-20261006-history-01	m3/tooling/migration-recipes/src/main/resources/com/m3/rewrite/backport/jdk21-hash-pinned-text/jcc-merge-recovery-20261006-history-01/manifest.tsv	m3/tooling/migration-recipes/tasks/jcc-source-recovery-handoff-20261005/independent-execution-review/inputs/10-completion-remains-blocked.stderr.log	c4a5d6a265b1a39ec6254fe71bc9e58cd55a7658d9ea6d18ccff4cba24687b25	c4a5d6a265b1a39ec6254fe71bc9e58cd55a7658d9ea6d18ccff4cba24687b25	RETAINED_EXACT
jcc-merge-recovery-20261006-history-01	m3/tooling/migration-recipes/src/main/resources/com/m3/rewrite/backport/jdk21-hash-pinned-text/jcc-merge-recovery-20261006-history-01/manifest.tsv	m3/tooling/migration-recipes/tasks/jcc-source-recovery-handoff-20261005/independent-execution-review/inputs/10-completion-remains-blocked.stdout.log	d4578b77ded4c87f33240fad4588e418b3157992288cbf4a1a4e38be14ece15b	d4578b77ded4c87f33240fad4588e418b3157992288cbf4a1a4e38be14ece15b	RETAINED_EXACT
jcc-merge-recovery-20261006-history-01	m3/tooling/migration-recipes/src/main/resources/com/m3/rewrite/backport/jdk21-hash-pinned-text/jcc-merge-recovery-20261006-history-01/manifest.tsv	m3/tooling/migration-recipes/tasks/jcc-source-recovery-handoff-20261005/independent-execution-review/inputs/INVOCATION_EXECUTION.json	460131d195eb89da3ab98b3781d580d32f3bf17af2cc13818e999885910c56ae	460131d195eb89da3ab98b3781d580d32f3bf17af2cc13818e999885910c56ae	RETAINED_EXACT
jcc-merge-recovery-20261006-history-01	m3/tooling/migration-recipes/src/main/resources/com/m3/rewrite/backport/jdk21-hash-pinned-text/jcc-merge-recovery-20261006-history-01/manifest.tsv	m3/tooling/migration-recipes/tasks/jcc-source-recovery-handoff-20261005/independent-execution-review/inputs/INVOCATION_STARTED.json	258212f079c0ad840e10a1f4a0c51d60da3eb0ad05d3a96beeb07e8ff27b035c	258212f079c0ad840e10a1f4a0c51d60da3eb0ad05d3a96beeb07e8ff27b035c	RETAINED_EXACT
jcc-merge-recovery-20261006-history-01	m3/tooling/migration-recipes/src/main/resources/com/m3/rewrite/backport/jdk21-hash-pinned-text/jcc-merge-recovery-20261006-history-01/manifest.tsv	m3/tooling/migration-recipes/tasks/jcc-source-recovery-handoff-20261005/independent-execution-review/inputs/JccSourceRecoveryHandoffTest.xml	09d606a9675a7aa17a64945e499c8f8062bd75a42cce2ed53851309aa3efd001	09d606a9675a7aa17a64945e499c8f8062bd75a42cce2ed53851309aa3efd001	RETAINED_EXACT
jcc-merge-recovery-20261006-history-01	m3/tooling/migration-recipes/src/main/resources/com/m3/rewrite/backport/jdk21-hash-pinned-text/jcc-merge-recovery-20261006-history-01/manifest.tsv	m3/tooling/migration-recipes/tasks/jcc-source-recovery-handoff-20261005/independent-execution-review/inputs/empty-maven-settings.xml	b546e42cf905023b479e33abc908fed827584e753d6402a372fb11fc1d343bca	b546e42cf905023b479e33abc908fed827584e753d6402a372fb11fc1d343bca	RETAINED_EXACT
jcc-merge-recovery-20261006-history-01	m3/tooling/migration-recipes/src/main/resources/com/m3/rewrite/backport/jdk21-hash-pinned-text/jcc-merge-recovery-20261006-history-01/manifest.tsv	m3/tooling/migration-recipes/tasks/jcc-source-recovery-handoff-20261005/independent-execution-review/inputs/inputs.json	6367c7d343ece1f1547e4db7873180f4dfae6dda83212edadf0564e0a93bc341	6367c7d343ece1f1547e4db7873180f4dfae6dda83212edadf0564e0a93bc341	RETAINED_EXACT
jcc-merge-recovery-20261006-history-01	m3/tooling/migration-recipes/src/main/resources/com/m3/rewrite/backport/jdk21-hash-pinned-text/jcc-merge-recovery-20261006-history-01/manifest.tsv	m3/tooling/migration-recipes/tasks/jcc-source-recovery-handoff-20261005/independent-execution-review/inputs/invocation-stderr.log	e3b0c44298fc1c149afbf4c8996fb92427ae41e4649b934ca495991b7852b855	e3b0c44298fc1c149afbf4c8996fb92427ae41e4649b934ca495991b7852b855	RETAINED_EXACT
jcc-merge-recovery-20261006-history-01	m3/tooling/migration-recipes/src/main/resources/com/m3/rewrite/backport/jdk21-hash-pinned-text/jcc-merge-recovery-20261006-history-01/manifest.tsv	m3/tooling/migration-recipes/tasks/jcc-source-recovery-handoff-20261005/independent-execution-review/inputs/invocation-stdout.log	20d71c19eddbfedde09e1c8237740f3fbe7fd9a1859bb2dd2ba8db0157ef1888	20d71c19eddbfedde09e1c8237740f3fbe7fd9a1859bb2dd2ba8db0157ef1888	RETAINED_EXACT
jcc-merge-recovery-20261006-history-01	m3/tooling/migration-recipes/src/main/resources/com/m3/rewrite/backport/jdk21-hash-pinned-text/jcc-merge-recovery-20261006-history-01/manifest.tsv	m3/tooling/migration-recipes/tasks/jcc-source-recovery-handoff-20261005/independent-execution-review/inputs/receipt.json	1f4ac9825d975520a04b7dc5ac1b282d96be32601c7abe2b0cfb676b0ff2df09	1f4ac9825d975520a04b7dc5ac1b282d96be32601c7abe2b0cfb676b0ff2df09	RETAINED_EXACT
jcc-merge-recovery-20261006-history-01	m3/tooling/migration-recipes/src/main/resources/com/m3/rewrite/backport/jdk21-hash-pinned-text/jcc-merge-recovery-20261006-history-01/manifest.tsv	m3/tooling/migration-recipes/tasks/jcc-source-recovery-handoff-20261005/independent-execution-review/inspect_execution.py	b05b87209b152c873e3be79f701024b0ee7cfb3cea32863a428be8bfc73687be	b05b87209b152c873e3be79f701024b0ee7cfb3cea32863a428be8bfc73687be	RETAINED_EXACT
jcc-merge-recovery-20261006-history-01	m3/tooling/migration-recipes/src/main/resources/com/m3/rewrite/backport/jdk21-hash-pinned-text/jcc-merge-recovery-20261006-history-01/manifest.tsv	m3/tooling/migration-recipes/tasks/jcc-source-recovery-handoff-20261005/independent-execution-review/inspector-revisions/V1_DIAGNOSTIC.json	eda98e9fe2c406041ab13b10f8013da6b45b49830e820a678dbf05261b93caae	eda98e9fe2c406041ab13b10f8013da6b45b49830e820a678dbf05261b93caae	RETAINED_EXACT
jcc-merge-recovery-20261006-history-01	m3/tooling/migration-recipes/src/main/resources/com/m3/rewrite/backport/jdk21-hash-pinned-text/jcc-merge-recovery-20261006-history-01/manifest.tsv	m3/tooling/migration-recipes/tasks/jcc-source-recovery-handoff-20261005/independent-execution-review/inspector-revisions/inspect_execution_v1.py	33844e9364ba3c7f2ec60e69d0d9afcab21a9eb485e5ec5edec30856265d02cd	33844e9364ba3c7f2ec60e69d0d9afcab21a9eb485e5ec5edec30856265d02cd	RETAINED_EXACT
jcc-merge-recovery-20261006-history-01	m3/tooling/migration-recipes/src/main/resources/com/m3/rewrite/backport/jdk21-hash-pinned-text/jcc-merge-recovery-20261006-history-01/manifest.tsv	m3/tooling/migration-recipes/tasks/jcc-source-recovery-handoff-20261005/independent-resource-review/FILE_SEALS.json	6f3019ab143e061f2c501ab7e25e105acbf51ecee87c31dab570099df1302d7f	6f3019ab143e061f2c501ab7e25e105acbf51ecee87c31dab570099df1302d7f	RETAINED_EXACT
jcc-merge-recovery-20261006-history-01	m3/tooling/migration-recipes/src/main/resources/com/m3/rewrite/backport/jdk21-hash-pinned-text/jcc-merge-recovery-20261006-history-01/manifest.tsv	m3/tooling/migration-recipes/tasks/jcc-source-recovery-handoff-20261005/independent-resource-review/RESOURCE_CHECKS.json	e4f5700c11dccd1dc13fc43b4078c2ed3cd5ac49d35f30e05b9aabe5b3a8bfe4	e4f5700c11dccd1dc13fc43b4078c2ed3cd5ac49d35f30e05b9aabe5b3a8bfe4	RETAINED_EXACT
jcc-merge-recovery-20261006-history-01	m3/tooling/migration-recipes/src/main/resources/com/m3/rewrite/backport/jdk21-hash-pinned-text/jcc-merge-recovery-20261006-history-01/manifest.tsv	m3/tooling/migration-recipes/tasks/jcc-source-recovery-handoff-20261005/independent-resource-review/REVIEW.json	9fa990d988eff95ba6410d15d1b76975b29389694d6fcacaf6bb89b24a79369a	9fa990d988eff95ba6410d15d1b76975b29389694d6fcacaf6bb89b24a79369a	RETAINED_EXACT
jcc-merge-recovery-20261006-history-01	m3/tooling/migration-recipes/src/main/resources/com/m3/rewrite/backport/jdk21-hash-pinned-text/jcc-merge-recovery-20261006-history-01/manifest.tsv	m3/tooling/migration-recipes/tasks/jcc-source-recovery-handoff-20261005/independent-resource-review/REVIEW.md	df198e3ccda995d5d40fe9e17aca02507b3cb6b5077314c05b3c06b3eeb2cd28	df198e3ccda995d5d40fe9e17aca02507b3cb6b5077314c05b3c06b3eeb2cd28	RETAINED_EXACT
jcc-merge-recovery-20261006-history-01	m3/tooling/migration-recipes/src/main/resources/com/m3/rewrite/backport/jdk21-hash-pinned-text/jcc-merge-recovery-20261006-history-01/manifest.tsv	m3/tooling/migration-recipes/tasks/jcc-source-recovery-handoff-20261005/independent-resource-review/inspect_resources.py	2f245d943610184af096a583bb9d0ff469cde04297f96caab8b80b6f48125c23	2f245d943610184af096a583bb9d0ff469cde04297f96caab8b80b6f48125c23	RETAINED_EXACT
jcc-merge-recovery-20261006-history-01	m3/tooling/migration-recipes/src/main/resources/com/m3/rewrite/backport/jdk21-hash-pinned-text/jcc-merge-recovery-20261006-history-01/manifest.tsv	m3/tooling/migration-recipes/tasks/jcc-source-recovery-handoff-20261005/reference-audit-invocation/EXECUTION.json	a31ca3a37ff8adf991e6845f6329997acf06f216ac0d0e1bc366c42329ab7000	a31ca3a37ff8adf991e6845f6329997acf06f216ac0d0e1bc366c42329ab7000	RETAINED_EXACT
jcc-merge-recovery-20261006-history-01	m3/tooling/migration-recipes/src/main/resources/com/m3/rewrite/backport/jdk21-hash-pinned-text/jcc-merge-recovery-20261006-history-01/manifest.tsv	m3/tooling/migration-recipes/tasks/jcc-source-recovery-handoff-20261005/reference-audit-invocation/stderr.log	e3b0c44298fc1c149afbf4c8996fb92427ae41e4649b934ca495991b7852b855	e3b0c44298fc1c149afbf4c8996fb92427ae41e4649b934ca495991b7852b855	RETAINED_EXACT
jcc-merge-recovery-20261006-history-01	m3/tooling/migration-recipes/src/main/resources/com/m3/rewrite/backport/jdk21-hash-pinned-text/jcc-merge-recovery-20261006-history-01/manifest.tsv	m3/tooling/migration-recipes/tasks/jcc-source-recovery-handoff-20261005/reference-audit-invocation/stdout.log	a86e91566b9c9d94e71679162bba29564651f8f0b565e489777c21cd495481b2	a86e91566b9c9d94e71679162bba29564651f8f0b565e489777c21cd495481b2	RETAINED_EXACT
jcc-merge-recovery-20261006-history-01	m3/tooling/migration-recipes/src/main/resources/com/m3/rewrite/backport/jdk21-hash-pinned-text/jcc-merge-recovery-20261006-history-01/manifest.tsv	m3/tooling/migration-recipes/tasks/jcc-source-recovery-handoff-20261005/reference-audit/REFERENCE_AUDIT.json	5867bffd36e65f2fd755921d0dbf9981a006bc0e38134b2d0e4e6830030900ea	5867bffd36e65f2fd755921d0dbf9981a006bc0e38134b2d0e4e6830030900ea	RETAINED_EXACT
jcc-merge-recovery-20261006-history-01	m3/tooling/migration-recipes/src/main/resources/com/m3/rewrite/backport/jdk21-hash-pinned-text/jcc-merge-recovery-20261006-history-01/manifest.tsv	m3/tooling/migration-recipes/tasks/jcc-source-recovery-handoff-20261005/source-current/AMENDMENT.json	e20b0de4dfa51c79e6e16d035c6c55a5d368a9641b175239cb6f41f916bd74a6	e20b0de4dfa51c79e6e16d035c6c55a5d368a9641b175239cb6f41f916bd74a6	RETAINED_EXACT
jcc-merge-recovery-20261006-history-01	m3/tooling/migration-recipes/src/main/resources/com/m3/rewrite/backport/jdk21-hash-pinned-text/jcc-merge-recovery-20261006-history-01/manifest.tsv	m3/tooling/migration-recipes/tasks/jcc-source-recovery-handoff-20261005/source-current/BUILD_ROLE_MAP.json	cabf31b005b28c18053c107936134356986f55770368cb982800900380ee8689	cabf31b005b28c18053c107936134356986f55770368cb982800900380ee8689	RETAINED_EXACT
jcc-merge-recovery-20261006-history-01	m3/tooling/migration-recipes/src/main/resources/com/m3/rewrite/backport/jdk21-hash-pinned-text/jcc-merge-recovery-20261006-history-01/manifest.tsv	m3/tooling/migration-recipes/tasks/jcc-source-recovery-handoff-20261005/source-current/CURRENT_CONTEXT_MANIFEST.json	936730925c534f0744d5a3ed5831812c221c3ac919b889c1be5ebdfe294396ce	936730925c534f0744d5a3ed5831812c221c3ac919b889c1be5ebdfe294396ce	RETAINED_EXACT
jcc-merge-recovery-20261006-history-01	m3/tooling/migration-recipes/src/main/resources/com/m3/rewrite/backport/jdk21-hash-pinned-text/jcc-merge-recovery-20261006-history-01/manifest.tsv	m3/tooling/migration-recipes/tasks/jcc-source-recovery-handoff-20261005/source-current/CURRENT_PROJECTION.json	18c5fea0f72fe21aa78df1aa6c319eb4276fc15aa481952539c221ce651e6f49	18c5fea0f72fe21aa78df1aa6c319eb4276fc15aa481952539c221ce651e6f49	RETAINED_EXACT
jcc-merge-recovery-20261006-history-01	m3/tooling/migration-recipes/src/main/resources/com/m3/rewrite/backport/jdk21-hash-pinned-text/jcc-merge-recovery-20261006-history-01/manifest.tsv	m3/tooling/migration-recipes/tasks/jcc-source-recovery-handoff-20261005/source-current/CURRENT_SOURCE_MANIFEST.json	20fd857cb00711e02c34cd27445bd2c057db8f57a0cafb8ed9a455b453f3b37c	20fd857cb00711e02c34cd27445bd2c057db8f57a0cafb8ed9a455b453f3b37c	RETAINED_EXACT
jcc-merge-recovery-20261006-history-01	m3/tooling/migration-recipes/src/main/resources/com/m3/rewrite/backport/jdk21-hash-pinned-text/jcc-merge-recovery-20261006-history-01/manifest.tsv	m3/tooling/migration-recipes/tasks/jcc-source-recovery-handoff-20261005/source-current/INVENTORY_FILE_SEALS.json	02b0e8700b6d46a1c84730f8810ca510824af1da46655c5d59660b5902bb4b0c	02b0e8700b6d46a1c84730f8810ca510824af1da46655c5d59660b5902bb4b0c	RETAINED_EXACT
jcc-merge-recovery-20261006-history-01	m3/tooling/migration-recipes/src/main/resources/com/m3/rewrite/backport/jdk21-hash-pinned-text/jcc-merge-recovery-20261006-history-01/manifest.tsv	m3/tooling/migration-recipes/tasks/jcc-source-recovery-handoff-20261005/source-current/INVENTORY_REVIEW.json	41178470be98b342b83f58c43afa4a603d72c115584956c4fdbc96ce6a45d039	41178470be98b342b83f58c43afa4a603d72c115584956c4fdbc96ce6a45d039	RETAINED_EXACT
jcc-merge-recovery-20261006-history-01	m3/tooling/migration-recipes/src/main/resources/com/m3/rewrite/backport/jdk21-hash-pinned-text/jcc-merge-recovery-20261006-history-01/manifest.tsv	m3/tooling/migration-recipes/tasks/jcc-source-recovery-handoff-20261005/source-current/INVENTORY_REVIEW.md	17af04df1ca7db7329bbff3f2cfa840b39ab69d93ef3a61caa988b71bb221400	17af04df1ca7db7329bbff3f2cfa840b39ab69d93ef3a61caa988b71bb221400	RETAINED_EXACT
jcc-merge-recovery-20261006-history-01	m3/tooling/migration-recipes/src/main/resources/com/m3/rewrite/backport/jdk21-hash-pinned-text/jcc-merge-recovery-20261006-history-01/manifest.tsv	m3/tooling/migration-recipes/tasks/jcc-source-recovery-handoff-20261005/source-current/PARENT_BUILD_CONTEXT.json	4f8fbf09070e4d45e42c7ac29c94401d70058fea04d98e44b3526a24c77912fc	4f8fbf09070e4d45e42c7ac29c94401d70058fea04d98e44b3526a24c77912fc	RETAINED_EXACT
jcc-merge-recovery-20261006-history-01	m3/tooling/migration-recipes/src/main/resources/com/m3/rewrite/backport/jdk21-hash-pinned-text/jcc-merge-recovery-20261006-history-01/manifest.tsv	m3/tooling/migration-recipes/tasks/jcc-source-recovery-handoff-20261005/source-current/RECOVERY_SOURCE_INCLUDES.txt	739ef583031ef3b940cbd141386ca91501fb7d505ce3ed78e2c55d2a98c70407	739ef583031ef3b940cbd141386ca91501fb7d505ce3ed78e2c55d2a98c70407	RETAINED_EXACT
jcc-merge-recovery-20261006-history-01	m3/tooling/migration-recipes/src/main/resources/com/m3/rewrite/backport/jdk21-hash-pinned-text/jcc-merge-recovery-20261006-history-01/manifest.tsv	m3/tooling/migration-recipes/tasks/jcc-source-recovery-handoff-20261005/source-recovery/PUBLICATION_CUSTODY.json	95f325ce57dadab60031f41514d9a9c5fa3ef6eb29a41e3c9a8c81e2dee996b8	95f325ce57dadab60031f41514d9a9c5fa3ef6eb29a41e3c9a8c81e2dee996b8	RETAINED_EXACT
jcc-merge-recovery-20261006-history-01	m3/tooling/migration-recipes/src/main/resources/com/m3/rewrite/backport/jdk21-hash-pinned-text/jcc-merge-recovery-20261006-history-01/manifest.tsv	m3/tooling/migration-recipes/tasks/jcc-source-recovery-handoff-20261005/source-recovery/ROOT_ACCOUNTING.json	55610f52b7b1e01ee15999969cc385616ff2e43f734e589ff61c750c5ab3c845	55610f52b7b1e01ee15999969cc385616ff2e43f734e589ff61c750c5ab3c845	RETAINED_EXACT
jcc-merge-recovery-20261006-history-01	m3/tooling/migration-recipes/src/main/resources/com/m3/rewrite/backport/jdk21-hash-pinned-text/jcc-merge-recovery-20261006-history-01/manifest.tsv	m3/tooling/migration-recipes/tasks/jcc-source-recovery-handoff-20261005/source-recovery/SOURCE_FIELDS_AND_PROOFS.json	7b5e197da5e2645efb87345e2abf92dcd8071993ff308c8fa0bca0511d00c52e	7b5e197da5e2645efb87345e2abf92dcd8071993ff308c8fa0bca0511d00c52e	RETAINED_EXACT
jcc-merge-recovery-20261006-history-01	m3/tooling/migration-recipes/src/main/resources/com/m3/rewrite/backport/jdk21-hash-pinned-text/jcc-merge-recovery-20261006-history-01/manifest.tsv	m3/tooling/migration-recipes/tasks/jcc-source-recovery-handoff-20261005/source-recovery/custody-v3/CUSTODY_CARRY_PROSE.md	0aeba88cf1e5545ff4e973f96e9c7231c5442544393d2ef5c5304f9ebab5570b	0aeba88cf1e5545ff4e973f96e9c7231c5442544393d2ef5c5304f9ebab5570b	RETAINED_EXACT
jcc-merge-recovery-20261006-history-01	m3/tooling/migration-recipes/src/main/resources/com/m3/rewrite/backport/jdk21-hash-pinned-text/jcc-merge-recovery-20261006-history-01/manifest.tsv	m3/tooling/migration-recipes/tasks/jcc-source-recovery-handoff-20261005/source-recovery/custody-v3/CUSTODY_EVIDENCE_INDEX.json	8e478debeac87c46d01d57cf1038b2195005f9f6af249b25d97f1074ef26b38b	8e478debeac87c46d01d57cf1038b2195005f9f6af249b25d97f1074ef26b38b	RETAINED_EXACT
jcc-merge-recovery-20261006-history-01	m3/tooling/migration-recipes/src/main/resources/com/m3/rewrite/backport/jdk21-hash-pinned-text/jcc-merge-recovery-20261006-history-01/manifest.tsv	m3/tooling/migration-recipes/tasks/jcc-source-recovery-handoff-20261005/source-recovery/custody-v3/source-publisher/BASE_TREE_MODEL.json	877a61dc6d9b4f4fa280faeadbd67db9ee3d56a68768fa06c917d85ab8fbaa80	877a61dc6d9b4f4fa280faeadbd67db9ee3d56a68768fa06c917d85ab8fbaa80	RETAINED_EXACT
jcc-merge-recovery-20261006-history-01	m3/tooling/migration-recipes/src/main/resources/com/m3/rewrite/backport/jdk21-hash-pinned-text/jcc-merge-recovery-20261006-history-01/manifest.tsv	m3/tooling/migration-recipes/tasks/jcc-source-recovery-handoff-20261005/source-recovery/custody-v3/source-publisher/RAW_READBACK_FAILURE_OBSERVATION.json	224b3baa99e71c846cc96319c0a829eec3521d75f68731332ac2fa59fa214112	224b3baa99e71c846cc96319c0a829eec3521d75f68731332ac2fa59fa214112	RETAINED_EXACT
jcc-merge-recovery-20261006-history-01	m3/tooling/migration-recipes/src/main/resources/com/m3/rewrite/backport/jdk21-hash-pinned-text/jcc-merge-recovery-20261006-history-01/manifest.tsv	m3/tooling/migration-recipes/tasks/jcc-source-recovery-handoff-20261005/source-recovery/custody-v3/source-publisher/RAW_VERIFICATION_TREE_PLAN.json	00fa5b9e4e99621ed6b5aac3c0da4c6506f82e921a3da42fdd4645285653e319	00fa5b9e4e99621ed6b5aac3c0da4c6506f82e921a3da42fdd4645285653e319	RETAINED_EXACT
jcc-merge-recovery-20261006-history-01	m3/tooling/migration-recipes/src/main/resources/com/m3/rewrite/backport/jdk21-hash-pinned-text/jcc-merge-recovery-20261006-history-01/manifest.tsv	m3/tooling/migration-recipes/tasks/jcc-source-recovery-handoff-20261005/source-recovery/custody-v3/source-publisher/audit_base.py	839c35c611de2dc02f2a3f1233131b24c79d77e109aaf010df9689dc8e04893b	839c35c611de2dc02f2a3f1233131b24c79d77e109aaf010df9689dc8e04893b	RETAINED_EXACT
jcc-merge-recovery-20261006-history-01	m3/tooling/migration-recipes/src/main/resources/com/m3/rewrite/backport/jdk21-hash-pinned-text/jcc-merge-recovery-20261006-history-01/manifest.tsv	m3/tooling/migration-recipes/tasks/jcc-source-recovery-handoff-20261005/source-recovery/custody-v3/source-publisher/epoch-01/BEFORE_BRANCH_CUSTODY.json	266c17d435d47c58129349e721eec1eee849ceaa28dd5c302eb6030cc02e978e	266c17d435d47c58129349e721eec1eee849ceaa28dd5c302eb6030cc02e978e	RETAINED_EXACT
jcc-merge-recovery-20261006-history-01	m3/tooling/migration-recipes/src/main/resources/com/m3/rewrite/backport/jdk21-hash-pinned-text/jcc-merge-recovery-20261006-history-01/manifest.tsv	m3/tooling/migration-recipes/tasks/jcc-source-recovery-handoff-20261005/source-recovery/custody-v3/source-publisher/epoch-01/BEFORE_BRANCH_EXECUTION.json	caf3292d305a0f4e8dcae60d9b2bc9e6690bc25f32830f3be505db07ff04a281	caf3292d305a0f4e8dcae60d9b2bc9e6690bc25f32830f3be505db07ff04a281	RETAINED_EXACT
jcc-merge-recovery-20261006-history-01	m3/tooling/migration-recipes/src/main/resources/com/m3/rewrite/backport/jdk21-hash-pinned-text/jcc-merge-recovery-20261006-history-01/manifest.tsv	m3/tooling/migration-recipes/tasks/jcc-source-recovery-handoff-20261005/source-recovery/custody-v3/source-publisher/epoch-01/BRANCH_ABSENCE_BEFORE_CREATE.json	c9c175ba2a06b500d0345f720e94ac52279bb15dd7311a09b27c6c1bf1750e35	c9c175ba2a06b500d0345f720e94ac52279bb15dd7311a09b27c6c1bf1750e35	RETAINED_EXACT
jcc-merge-recovery-20261006-history-01	m3/tooling/migration-recipes/src/main/resources/com/m3/rewrite/backport/jdk21-hash-pinned-text/jcc-merge-recovery-20261006-history-01/manifest.tsv	m3/tooling/migration-recipes/tasks/jcc-source-recovery-handoff-20261005/source-recovery/custody-v3/source-publisher/epoch-01/BRANCH_CREATION.json	ec92b5c20f52f6572332c6b3af3b8d1c7c3395a0493d5aaf0021382d0d47039f	ec92b5c20f52f6572332c6b3af3b8d1c7c3395a0493d5aaf0021382d0d47039f	RETAINED_EXACT
jcc-merge-recovery-20261006-history-01	m3/tooling/migration-recipes/src/main/resources/com/m3/rewrite/backport/jdk21-hash-pinned-text/jcc-merge-recovery-20261006-history-01/manifest.tsv	m3/tooling/migration-recipes/tasks/jcc-source-recovery-handoff-20261005/source-recovery/custody-v3/source-publisher/epoch-01/BRANCH_GET.json	a65c5524109c673f1046d9f1729d7905f1539919f8f0a2fd91631a5feb28b6c8	a65c5524109c673f1046d9f1729d7905f1539919f8f0a2fd91631a5feb28b6c8	RETAINED_EXACT
jcc-merge-recovery-20261006-history-01	m3/tooling/migration-recipes/src/main/resources/com/m3/rewrite/backport/jdk21-hash-pinned-text/jcc-merge-recovery-20261006-history-01/manifest.tsv	m3/tooling/migration-recipes/tasks/jcc-source-recovery-handoff-20261005/source-recovery/custody-v3/source-publisher/epoch-01/COMPLETED_TRANSPORT.json	396f77ed23bbe356626bfcc90f6e6ac4232202f63e38f61a33251096dd8586e8	396f77ed23bbe356626bfcc90f6e6ac4232202f63e38f61a33251096dd8586e8	RETAINED_EXACT
jcc-merge-recovery-20261006-history-01	m3/tooling/migration-recipes/src/main/resources/com/m3/rewrite/backport/jdk21-hash-pinned-text/jcc-merge-recovery-20261006-history-01/manifest.tsv	m3/tooling/migration-recipes/tasks/jcc-source-recovery-handoff-20261005/source-recovery/custody-v3/source-publisher/epoch-01/FILE_READBACKS.json	c670df37826a24b0dda62a73ec3795e85c14a99fc44d68cdc470212dbbae4e98	c670df37826a24b0dda62a73ec3795e85c14a99fc44d68cdc470212dbbae4e98	RETAINED_EXACT
jcc-merge-recovery-20261006-history-01	m3/tooling/migration-recipes/src/main/resources/com/m3/rewrite/backport/jdk21-hash-pinned-text/jcc-merge-recovery-20261006-history-01/manifest.tsv	m3/tooling/migration-recipes/tasks/jcc-source-recovery-handoff-20261005/source-recovery/custody-v3/source-publisher/epoch-01/FINAL_COMMIT_CREATION.json	cf5ff5e9b52fd172c334d48c3d961c8d2a14015fc38bb780fda56fcfd55abea1	cf5ff5e9b52fd172c334d48c3d961c8d2a14015fc38bb780fda56fcfd55abea1	RETAINED_EXACT
jcc-merge-recovery-20261006-history-01	m3/tooling/migration-recipes/src/main/resources/com/m3/rewrite/backport/jdk21-hash-pinned-text/jcc-merge-recovery-20261006-history-01/manifest.tsv	m3/tooling/migration-recipes/tasks/jcc-source-recovery-handoff-20261005/source-recovery/custody-v3/source-publisher/epoch-01/FINAL_COMMIT_GET.json	a10dc4a210e14dbf9028b3f3fb4f36ad72eb1e1db50851e7a8b47db9685791c6	a10dc4a210e14dbf9028b3f3fb4f36ad72eb1e1db50851e7a8b47db9685791c6	RETAINED_EXACT
jcc-merge-recovery-20261006-history-01	m3/tooling/migration-recipes/src/main/resources/com/m3/rewrite/backport/jdk21-hash-pinned-text/jcc-merge-recovery-20261006-history-01/manifest.tsv	m3/tooling/migration-recipes/tasks/jcc-source-recovery-handoff-20261005/source-recovery/custody-v3/source-publisher/epoch-01/FINAL_PUBLICATION_EXECUTION.json	cdeabfd468399b28d8dbba993f1b56bbfb6d63150eff52029dfd7eeae504a307	cdeabfd468399b28d8dbba993f1b56bbfb6d63150eff52029dfd7eeae504a307	RETAINED_EXACT
jcc-merge-recovery-20261006-history-01	m3/tooling/migration-recipes/src/main/resources/com/m3/rewrite/backport/jdk21-hash-pinned-text/jcc-merge-recovery-20261006-history-01/manifest.tsv	m3/tooling/migration-recipes/tasks/jcc-source-recovery-handoff-20261005/source-recovery/custody-v3/source-publisher/epoch-01/FINAL_READBACK.json	8391f552328dedb2777a9ca9e793dc2dea867554abe646dbbb338388ce961c2a	8391f552328dedb2777a9ca9e793dc2dea867554abe646dbbb338388ce961c2a	RETAINED_EXACT
jcc-merge-recovery-20261006-history-01	m3/tooling/migration-recipes/src/main/resources/com/m3/rewrite/backport/jdk21-hash-pinned-text/jcc-merge-recovery-20261006-history-01/manifest.tsv	m3/tooling/migration-recipes/tasks/jcc-source-recovery-handoff-20261005/source-recovery/custody-v3/source-publisher/epoch-01/PREFLIGHT.json	13e56b17314e89370fb8ce3f8417b405b89b34db8a1868d968589550975db84f	13e56b17314e89370fb8ce3f8417b405b89b34db8a1868d968589550975db84f	RETAINED_EXACT
jcc-merge-recovery-20261006-history-01	m3/tooling/migration-recipes/src/main/resources/com/m3/rewrite/backport/jdk21-hash-pinned-text/jcc-merge-recovery-20261006-history-01/manifest.tsv	m3/tooling/migration-recipes/tasks/jcc-source-recovery-handoff-20261005/source-recovery/custody-v3/source-publisher/epoch-01/PR_CREATION.json	148643747e3c13b10377eb35740a3832611485a04432fcd4e6970f4962f27cc0	148643747e3c13b10377eb35740a3832611485a04432fcd4e6970f4962f27cc0	RETAINED_EXACT
jcc-merge-recovery-20261006-history-02	m3/tooling/migration-recipes/src/main/resources/com/m3/rewrite/backport/jdk21-hash-pinned-text/jcc-merge-recovery-20261006-history-02/manifest.tsv	m3/tooling/migration-recipes/tasks/jcc-source-recovery-handoff-20261005/source-recovery/custody-v3/source-publisher/epoch-01/PUBLICATION_CUSTODY.json	95f325ce57dadab60031f41514d9a9c5fa3ef6eb29a41e3c9a8c81e2dee996b8	95f325ce57dadab60031f41514d9a9c5fa3ef6eb29a41e3c9a8c81e2dee996b8	RETAINED_EXACT
jcc-merge-recovery-20261006-history-02	m3/tooling/migration-recipes/src/main/resources/com/m3/rewrite/backport/jdk21-hash-pinned-text/jcc-merge-recovery-20261006-history-02/manifest.tsv	m3/tooling/migration-recipes/tasks/jcc-source-recovery-handoff-20261005/source-recovery/custody-v3/source-publisher/epoch-01/final-file-calls/call-00.json	5f9e682afec61bf2c2cd8883ba2533927c5317dc2409fc43fd85e3b112b00f08	5f9e682afec61bf2c2cd8883ba2533927c5317dc2409fc43fd85e3b112b00f08	RETAINED_EXACT
jcc-merge-recovery-20261006-history-02	m3/tooling/migration-recipes/src/main/resources/com/m3/rewrite/backport/jdk21-hash-pinned-text/jcc-merge-recovery-20261006-history-02/manifest.tsv	m3/tooling/migration-recipes/tasks/jcc-source-recovery-handoff-20261005/source-recovery/custody-v3/source-publisher/epoch-01/final-file-calls/call-01.json	e2f25989522f89098bc62bf552938de6f9e97385fee166907e5b053cc311d474	e2f25989522f89098bc62bf552938de6f9e97385fee166907e5b053cc311d474	RETAINED_EXACT
jcc-merge-recovery-20261006-history-02	m3/tooling/migration-recipes/src/main/resources/com/m3/rewrite/backport/jdk21-hash-pinned-text/jcc-merge-recovery-20261006-history-02/manifest.tsv	m3/tooling/migration-recipes/tasks/jcc-source-recovery-handoff-20261005/source-recovery/custody-v3/source-publisher/epoch-01/final-file-calls/call-02.json	651dd383a98b0b6587f214aa8041257e41b1b01c4bf93018a0de4cae6054979f	651dd383a98b0b6587f214aa8041257e41b1b01c4bf93018a0de4cae6054979f	RETAINED_EXACT
jcc-merge-recovery-20261006-history-02	m3/tooling/migration-recipes/src/main/resources/com/m3/rewrite/backport/jdk21-hash-pinned-text/jcc-merge-recovery-20261006-history-02/manifest.tsv	m3/tooling/migration-recipes/tasks/jcc-source-recovery-handoff-20261005/source-recovery/custody-v3/source-publisher/epoch-01/final-file-calls/call-03.json	6b4d2e9f1e02b5ab466a898724df1f4bde2e8b2495f8198c8d3aac36dd2836ba	6b4d2e9f1e02b5ab466a898724df1f4bde2e8b2495f8198c8d3aac36dd2836ba	RETAINED_EXACT
jcc-merge-recovery-20261006-history-02	m3/tooling/migration-recipes/src/main/resources/com/m3/rewrite/backport/jdk21-hash-pinned-text/jcc-merge-recovery-20261006-history-02/manifest.tsv	m3/tooling/migration-recipes/tasks/jcc-source-recovery-handoff-20261005/source-recovery/custody-v3/source-publisher/epoch-01/final-file-calls/call-04.json	b0fe9bc72bc8c63f5394d068395612478301c1c34ab3440e0a516782676847e2	b0fe9bc72bc8c63f5394d068395612478301c1c34ab3440e0a516782676847e2	RETAINED_EXACT
jcc-merge-recovery-20261006-history-02	m3/tooling/migration-recipes/src/main/resources/com/m3/rewrite/backport/jdk21-hash-pinned-text/jcc-merge-recovery-20261006-history-02/manifest.tsv	m3/tooling/migration-recipes/tasks/jcc-source-recovery-handoff-20261005/source-recovery/custody-v3/source-publisher/epoch-01/final-file-calls/call-05.json	9c8ca761372671f98263d9dc341cf6eb83c870c2894849ad096522af955412cb	9c8ca761372671f98263d9dc341cf6eb83c870c2894849ad096522af955412cb	RETAINED_EXACT
jcc-merge-recovery-20261006-history-02	m3/tooling/migration-recipes/src/main/resources/com/m3/rewrite/backport/jdk21-hash-pinned-text/jcc-merge-recovery-20261006-history-02/manifest.tsv	m3/tooling/migration-recipes/tasks/jcc-source-recovery-handoff-20261005/source-recovery/custody-v3/source-publisher/epoch-01/final-file-calls/call-06.json	b5fb7d882960f20a2bfa0517d9b9d908761cf3fcf241b6dde31c8485c92e9440	b5fb7d882960f20a2bfa0517d9b9d908761cf3fcf241b6dde31c8485c92e9440	RETAINED_EXACT
jcc-merge-recovery-20261006-history-02	m3/tooling/migration-recipes/src/main/resources/com/m3/rewrite/backport/jdk21-hash-pinned-text/jcc-merge-recovery-20261006-history-02/manifest.tsv	m3/tooling/migration-recipes/tasks/jcc-source-recovery-handoff-20261005/source-recovery/custody-v3/source-publisher/epoch-01/final-file-calls/call-07.json	d59b1e109ce61bd49881ffa232de3689dbedb2329f62b63675445bb31f822511	d59b1e109ce61bd49881ffa232de3689dbedb2329f62b63675445bb31f822511	RETAINED_EXACT
jcc-merge-recovery-20261006-history-02	m3/tooling/migration-recipes/src/main/resources/com/m3/rewrite/backport/jdk21-hash-pinned-text/jcc-merge-recovery-20261006-history-02/manifest.tsv	m3/tooling/migration-recipes/tasks/jcc-source-recovery-handoff-20261005/source-recovery/custody-v3/source-publisher/epoch-01/final-file-calls/call-08.json	431ed2a5df0f5101a590fba5279cb1a06661cebac99150884d714d01c0534e60	431ed2a5df0f5101a590fba5279cb1a06661cebac99150884d714d01c0534e60	RETAINED_EXACT
jcc-merge-recovery-20261006-history-02	m3/tooling/migration-recipes/src/main/resources/com/m3/rewrite/backport/jdk21-hash-pinned-text/jcc-merge-recovery-20261006-history-02/manifest.tsv	m3/tooling/migration-recipes/tasks/jcc-source-recovery-handoff-20261005/source-recovery/custody-v3/source-publisher/epoch-01/final-file-calls/call-09.json	f42c51a6383836cffb05e723743dd06545d0917696742670e70c393975f144cb	f42c51a6383836cffb05e723743dd06545d0917696742670e70c393975f144cb	RETAINED_EXACT
jcc-merge-recovery-20261006-history-02	m3/tooling/migration-recipes/src/main/resources/com/m3/rewrite/backport/jdk21-hash-pinned-text/jcc-merge-recovery-20261006-history-02/manifest.tsv	m3/tooling/migration-recipes/tasks/jcc-source-recovery-handoff-20261005/source-recovery/custody-v3/source-publisher/epoch-01/final-file-calls/call-10.json	ba773cfa1b16a5079c70c5e79f9663b529f568e7c3599a97b66addf8a8414130	ba773cfa1b16a5079c70c5e79f9663b529f568e7c3599a97b66addf8a8414130	RETAINED_EXACT
jcc-merge-recovery-20261006-history-02	m3/tooling/migration-recipes/src/main/resources/com/m3/rewrite/backport/jdk21-hash-pinned-text/jcc-merge-recovery-20261006-history-02/manifest.tsv	m3/tooling/migration-recipes/tasks/jcc-source-recovery-handoff-20261005/source-recovery/custody-v3/source-publisher/epoch-01/final-file-calls/call-11.json	8053df3ad2ec58b19a0ac2c86585ab922e93a873db3fc800972b4d497d5c1941	8053df3ad2ec58b19a0ac2c86585ab922e93a873db3fc800972b4d497d5c1941	RETAINED_EXACT
jcc-merge-recovery-20261006-history-02	m3/tooling/migration-recipes/src/main/resources/com/m3/rewrite/backport/jdk21-hash-pinned-text/jcc-merge-recovery-20261006-history-02/manifest.tsv	m3/tooling/migration-recipes/tasks/jcc-source-recovery-handoff-20261005/source-recovery/custody-v3/source-publisher/epoch-01/final-file-calls/call-12.json	38dcbd14e3307d0e4fe6e99e72fb01ca13606eb4b2667cb9639bafa05d1a4292	38dcbd14e3307d0e4fe6e99e72fb01ca13606eb4b2667cb9639bafa05d1a4292	RETAINED_EXACT
jcc-merge-recovery-20261006-history-02	m3/tooling/migration-recipes/src/main/resources/com/m3/rewrite/backport/jdk21-hash-pinned-text/jcc-merge-recovery-20261006-history-02/manifest.tsv	m3/tooling/migration-recipes/tasks/jcc-source-recovery-handoff-20261005/source-recovery/custody-v3/source-publisher/epoch-01/final-file-calls/call-13.json	a05bda83bcf3a7d8f59a5e3dc794a9ba03483af9a2475a630c819a2fc1d4be6d	a05bda83bcf3a7d8f59a5e3dc794a9ba03483af9a2475a630c819a2fc1d4be6d	RETAINED_EXACT
jcc-merge-recovery-20261006-history-02	m3/tooling/migration-recipes/src/main/resources/com/m3/rewrite/backport/jdk21-hash-pinned-text/jcc-merge-recovery-20261006-history-02/manifest.tsv	m3/tooling/migration-recipes/tasks/jcc-source-recovery-handoff-20261005/source-recovery/custody-v3/source-publisher/epoch-01/final-file-calls/call-14.json	06aca18820078bedfed28d2ff8aafa034fb6ff75c11a3397bf86fb8f0338e154	06aca18820078bedfed28d2ff8aafa034fb6ff75c11a3397bf86fb8f0338e154	RETAINED_EXACT
jcc-merge-recovery-20261006-history-02	m3/tooling/migration-recipes/src/main/resources/com/m3/rewrite/backport/jdk21-hash-pinned-text/jcc-merge-recovery-20261006-history-02/manifest.tsv	m3/tooling/migration-recipes/tasks/jcc-source-recovery-handoff-20261005/source-recovery/custody-v3/source-publisher/epoch-01/final-file-calls/call-15.json	9351543516c7a3a190420731b804380ecee3c12e547e45747c3551dd2536a0d8	9351543516c7a3a190420731b804380ecee3c12e547e45747c3551dd2536a0d8	RETAINED_EXACT
jcc-merge-recovery-20261006-history-02	m3/tooling/migration-recipes/src/main/resources/com/m3/rewrite/backport/jdk21-hash-pinned-text/jcc-merge-recovery-20261006-history-02/manifest.tsv	m3/tooling/migration-recipes/tasks/jcc-source-recovery-handoff-20261005/source-recovery/custody-v3/source-publisher/epoch-01/final-file-calls/call-16.json	ec6ff31e12a7c478f8cbf47bb21c4e33add7340bbbec7a55d235e903fe88defc	ec6ff31e12a7c478f8cbf47bb21c4e33add7340bbbec7a55d235e903fe88defc	RETAINED_EXACT
jcc-merge-recovery-20261006-history-02	m3/tooling/migration-recipes/src/main/resources/com/m3/rewrite/backport/jdk21-hash-pinned-text/jcc-merge-recovery-20261006-history-02/manifest.tsv	m3/tooling/migration-recipes/tasks/jcc-source-recovery-handoff-20261005/source-recovery/custody-v3/source-publisher/epoch-01/final-file-calls/call-17.json	d7fe5f167d72b2b4ae340f142410e114db79b58cd10e10190775a838f4864cb5	d7fe5f167d72b2b4ae340f142410e114db79b58cd10e10190775a838f4864cb5	RETAINED_EXACT
jcc-merge-recovery-20261006-history-02	m3/tooling/migration-recipes/src/main/resources/com/m3/rewrite/backport/jdk21-hash-pinned-text/jcc-merge-recovery-20261006-history-02/manifest.tsv	m3/tooling/migration-recipes/tasks/jcc-source-recovery-handoff-20261005/source-recovery/custody-v3/source-publisher/epoch-01/final-file-calls/call-18.json	8b4c874062ffb16b7c1aed6a9083805442cb78bb88eaccba2def92e5708c1580	8b4c874062ffb16b7c1aed6a9083805442cb78bb88eaccba2def92e5708c1580	RETAINED_EXACT
jcc-merge-recovery-20261006-history-02	m3/tooling/migration-recipes/src/main/resources/com/m3/rewrite/backport/jdk21-hash-pinned-text/jcc-merge-recovery-20261006-history-02/manifest.tsv	m3/tooling/migration-recipes/tasks/jcc-source-recovery-handoff-20261005/source-recovery/custody-v3/source-publisher/epoch-01/final-file-calls/call-19.json	7da6c3d541b2cb97717996d12b13a4ddbfa355ce8dc87c545e3aa480c57f6e17	7da6c3d541b2cb97717996d12b13a4ddbfa355ce8dc87c545e3aa480c57f6e17	RETAINED_EXACT
jcc-merge-recovery-20261006-history-02	m3/tooling/migration-recipes/src/main/resources/com/m3/rewrite/backport/jdk21-hash-pinned-text/jcc-merge-recovery-20261006-history-02/manifest.tsv	m3/tooling/migration-recipes/tasks/jcc-source-recovery-handoff-20261005/source-recovery/custody-v3/source-publisher/epoch-01/final-file-calls/call-20.json	91ada336fd5462edc80519398132f663450a1da3820472bd4f49ecc13d838749	91ada336fd5462edc80519398132f663450a1da3820472bd4f49ecc13d838749	RETAINED_EXACT
jcc-merge-recovery-20261006-history-02	m3/tooling/migration-recipes/src/main/resources/com/m3/rewrite/backport/jdk21-hash-pinned-text/jcc-merge-recovery-20261006-history-02/manifest.tsv	m3/tooling/migration-recipes/tasks/jcc-source-recovery-handoff-20261005/source-recovery/custody-v3/source-publisher/epoch-01/final-file-calls/call-21.json	9c7a7a546385f054b1039b535f19b14ab1701e0cc1d3d736baaa2a938ab32801	9c7a7a546385f054b1039b535f19b14ab1701e0cc1d3d736baaa2a938ab32801	RETAINED_EXACT
jcc-merge-recovery-20261006-history-02	m3/tooling/migration-recipes/src/main/resources/com/m3/rewrite/backport/jdk21-hash-pinned-text/jcc-merge-recovery-20261006-history-02/manifest.tsv	m3/tooling/migration-recipes/tasks/jcc-source-recovery-handoff-20261005/source-recovery/custody-v3/source-publisher/epoch-01/final-file-calls/call-22.json	97183d3d4517cdbb7472afe1291a8c503d864159ef6cf1aabd70cd15a66eca18	97183d3d4517cdbb7472afe1291a8c503d864159ef6cf1aabd70cd15a66eca18	RETAINED_EXACT
jcc-merge-recovery-20261006-history-02	m3/tooling/migration-recipes/src/main/resources/com/m3/rewrite/backport/jdk21-hash-pinned-text/jcc-merge-recovery-20261006-history-02/manifest.tsv	m3/tooling/migration-recipes/tasks/jcc-source-recovery-handoff-20261005/source-recovery/custody-v3/source-publisher/epoch-01/final-publication-calls/commit.json	1ed2dbd664e8a3cf508c87dc7e2ca871e2d347d431d17b9c243a52400241ca35	1ed2dbd664e8a3cf508c87dc7e2ca871e2d347d431d17b9c243a52400241ca35	RETAINED_EXACT
jcc-merge-recovery-20261006-history-02	m3/tooling/migration-recipes/src/main/resources/com/m3/rewrite/backport/jdk21-hash-pinned-text/jcc-merge-recovery-20261006-history-02/manifest.tsv	m3/tooling/migration-recipes/tasks/jcc-source-recovery-handoff-20261005/source-recovery/custody-v3/source-publisher/epoch-01/final-publication-calls/pull_request.json	e891628db522796a21a5930c75455dcbd057cf2d6d55ea14f13c375adec23466	e891628db522796a21a5930c75455dcbd057cf2d6d55ea14f13c375adec23466	RETAINED_EXACT
jcc-merge-recovery-20261006-history-02	m3/tooling/migration-recipes/src/main/resources/com/m3/rewrite/backport/jdk21-hash-pinned-text/jcc-merge-recovery-20261006-history-02/manifest.tsv	m3/tooling/migration-recipes/tasks/jcc-source-recovery-handoff-20261005/source-recovery/custody-v3/source-publisher/epoch-01/final-publication-calls/ref.json	4b7ac816b0b9f78f3e48ff85cb60eba8ba9714b1295f1ef0df247c5300197542	4b7ac816b0b9f78f3e48ff85cb60eba8ba9714b1295f1ef0df247c5300197542	RETAINED_EXACT
jcc-merge-recovery-20261006-history-02	m3/tooling/migration-recipes/src/main/resources/com/m3/rewrite/backport/jdk21-hash-pinned-text/jcc-merge-recovery-20261006-history-02/manifest.tsv	m3/tooling/migration-recipes/tasks/jcc-source-recovery-handoff-20261005/source-recovery/custody-v3/source-publisher/epoch-01/transport/INDEX.json	dce1e97079aeb3ad9edbdf9f814b3ccaeebfd0053c9d2b4b79ff841632c0736d	dce1e97079aeb3ad9edbdf9f814b3ccaeebfd0053c9d2b4b79ff841632c0736d	RETAINED_EXACT
jcc-merge-recovery-20261006-history-02	m3/tooling/migration-recipes/src/main/resources/com/m3/rewrite/backport/jdk21-hash-pinned-text/jcc-merge-recovery-20261006-history-02/manifest.tsv	m3/tooling/migration-recipes/tasks/jcc-source-recovery-handoff-20261005/source-recovery/custody-v3/source-publisher/prepare_publication.py	3cd42b4b5c4ba1e0eb01cace40bff7cb2fe967d65ac4e9a646b70d7daf4404fd	3cd42b4b5c4ba1e0eb01cace40bff7cb2fe967d65ac4e9a646b70d7daf4404fd	RETAINED_EXACT
jcc-merge-recovery-20261006-history-02	m3/tooling/migration-recipes/src/main/resources/com/m3/rewrite/backport/jdk21-hash-pinned-text/jcc-merge-recovery-20261006-history-02/manifest.tsv	m3/tooling/migration-recipes/tasks/jcc-source-recovery-handoff-20261005/source-recovery/custody-v3/source-publisher/raw-custody-v3/CUSTODY_INPUT.json	22b58a9e97fd6bb4ebebc6a89dc13e368107c10429bff59191914a5e639c81df	22b58a9e97fd6bb4ebebc6a89dc13e368107c10429bff59191914a5e639c81df	RETAINED_EXACT
jcc-merge-recovery-20261006-history-02	m3/tooling/migration-recipes/src/main/resources/com/m3/rewrite/backport/jdk21-hash-pinned-text/jcc-merge-recovery-20261006-history-02/manifest.tsv	m3/tooling/migration-recipes/tasks/jcc-source-recovery-handoff-20261005/source-recovery/custody-v3/source-publisher/raw-custody-v3/PROBE_CUSTODY_RESULT.json	074e9dcec6275f05bc8ac93d6d92e36b5adaeaa4c6503ace2dbf047b49916705	074e9dcec6275f05bc8ac93d6d92e36b5adaeaa4c6503ace2dbf047b49916705	RETAINED_EXACT
jcc-merge-recovery-20261006-history-02	m3/tooling/migration-recipes/src/main/resources/com/m3/rewrite/backport/jdk21-hash-pinned-text/jcc-merge-recovery-20261006-history-02/manifest.tsv	m3/tooling/migration-recipes/tasks/jcc-source-recovery-handoff-20261005/source-recovery/custody-v3/source-publisher/raw-custody-v3/PROBE_EXECUTION.json	90c9f648768fde6d74bc416d5a52076c7b29581a5df42e21f80da62e983a9be6	90c9f648768fde6d74bc416d5a52076c7b29581a5df42e21f80da62e983a9be6	RETAINED_EXACT
jcc-merge-recovery-20261006-history-02	m3/tooling/migration-recipes/src/main/resources/com/m3/rewrite/backport/jdk21-hash-pinned-text/jcc-merge-recovery-20261006-history-02/manifest.tsv	m3/tooling/migration-recipes/tasks/jcc-source-recovery-handoff-20261005/source-recovery/custody-v3/source-publisher/raw-custody-v3/PROTOCOL.md	cdf3826e3725acded05b38031b70d9e7a8f8579540b38d65a2a8e38ce64209f5	cdf3826e3725acded05b38031b70d9e7a8f8579540b38d65a2a8e38ce64209f5	RETAINED_EXACT
jcc-merge-recovery-20261006-history-02	m3/tooling/migration-recipes/src/main/resources/com/m3/rewrite/backport/jdk21-hash-pinned-text/jcc-merge-recovery-20261006-history-02/manifest.tsv	m3/tooling/migration-recipes/tasks/jcc-source-recovery-handoff-20261005/source-recovery/custody-v3/source-publisher/raw-custody-v3/create-call-0.json	b8a32d3afbab09a54e0783bcd9c30784f52c2f354df1963ce0fdabeb1977b366	b8a32d3afbab09a54e0783bcd9c30784f52c2f354df1963ce0fdabeb1977b366	RETAINED_EXACT
jcc-merge-recovery-20261006-history-02	m3/tooling/migration-recipes/src/main/resources/com/m3/rewrite/backport/jdk21-hash-pinned-text/jcc-merge-recovery-20261006-history-02/manifest.tsv	m3/tooling/migration-recipes/tasks/jcc-source-recovery-handoff-20261005/source-recovery/custody-v3/source-publisher/raw-custody-v3/create-call-1.json	5b7ac8ba077d2b3ee8c3cf6853ade48ea8e568f97d8f98d4f18d46ff7835423b	5b7ac8ba077d2b3ee8c3cf6853ade48ea8e568f97d8f98d4f18d46ff7835423b	RETAINED_EXACT
jcc-merge-recovery-20261006-history-02	m3/tooling/migration-recipes/src/main/resources/com/m3/rewrite/backport/jdk21-hash-pinned-text/jcc-merge-recovery-20261006-history-02/manifest.tsv	m3/tooling/migration-recipes/tasks/jcc-source-recovery-handoff-20261005/source-recovery/custody-v3/source-publisher/raw-custody-v3/create-call-2.json	cfe40a28577457759a7bd1ba588d069c4a7a8c7e2f8edff631e48598f8f6c64d	cfe40a28577457759a7bd1ba588d069c4a7a8c7e2f8edff631e48598f8f6c64d	RETAINED_EXACT
jcc-merge-recovery-20261006-history-02	m3/tooling/migration-recipes/src/main/resources/com/m3/rewrite/backport/jdk21-hash-pinned-text/jcc-merge-recovery-20261006-history-02/manifest.tsv	m3/tooling/migration-recipes/tasks/jcc-source-recovery-handoff-20261005/source-recovery/custody-v3/source-publisher/raw-custody-v3/create-call-3.json	354b7b50af7d013a23870acbd24603e32c9f248bd4ca2ba86c4ea7e489064b79	354b7b50af7d013a23870acbd24603e32c9f248bd4ca2ba86c4ea7e489064b79	RETAINED_EXACT
jcc-merge-recovery-20261006-history-02	m3/tooling/migration-recipes/src/main/resources/com/m3/rewrite/backport/jdk21-hash-pinned-text/jcc-merge-recovery-20261006-history-02/manifest.tsv	m3/tooling/migration-recipes/tasks/jcc-source-recovery-handoff-20261005/source-recovery/custody-v3/source-publisher/raw-custody-v3/draft-T01/raw_custody_v3.py	a96f1aec811774467092a09cd750d47785fd4dd5482ce792ffac93c38deb9f5b	a96f1aec811774467092a09cd750d47785fd4dd5482ce792ffac93c38deb9f5b	RETAINED_EXACT
jcc-merge-recovery-20261006-history-02	m3/tooling/migration-recipes/src/main/resources/com/m3/rewrite/backport/jdk21-hash-pinned-text/jcc-merge-recovery-20261006-history-02/manifest.tsv	m3/tooling/migration-recipes/tasks/jcc-source-recovery-handoff-20261005/source-recovery/custody-v3/source-publisher/raw-custody-v3/draft-T01/verify_publication_v3.py	7138709c360728c17c701391f303a02e21e6e1334b29bc3f67f6c9702f7440f4	7138709c360728c17c701391f303a02e21e6e1334b29bc3f67f6c9702f7440f4	RETAINED_EXACT
jcc-merge-recovery-20261006-history-02	m3/tooling/migration-recipes/src/main/resources/com/m3/rewrite/backport/jdk21-hash-pinned-text/jcc-merge-recovery-20261006-history-02/manifest.tsv	m3/tooling/migration-recipes/tasks/jcc-source-recovery-handoff-20261005/source-recovery/custody-v3/source-publisher/raw-custody-v3/trees/0b445a9f02146e1ef34f499ae801d0f9001b6313.json	d6a876dffdb48da7271d85966ac7d9cd684e4b89ecc3548e79a5dc8ef55be637	d6a876dffdb48da7271d85966ac7d9cd684e4b89ecc3548e79a5dc8ef55be637	RETAINED_EXACT
jcc-merge-recovery-20261006-history-02	m3/tooling/migration-recipes/src/main/resources/com/m3/rewrite/backport/jdk21-hash-pinned-text/jcc-merge-recovery-20261006-history-02/manifest.tsv	m3/tooling/migration-recipes/tasks/jcc-source-recovery-handoff-20261005/source-recovery/custody-v3/source-publisher/raw-custody-v3/trees/1f7ac77c503cb40df683a7831d94b0c6a381b811.json	e60253446c2741c41d127b379f3b9f56506442a0476ea377ab9de43f4ef98701	e60253446c2741c41d127b379f3b9f56506442a0476ea377ab9de43f4ef98701	RETAINED_EXACT
jcc-merge-recovery-20261006-history-02	m3/tooling/migration-recipes/src/main/resources/com/m3/rewrite/backport/jdk21-hash-pinned-text/jcc-merge-recovery-20261006-history-02/manifest.tsv	m3/tooling/migration-recipes/tasks/jcc-source-recovery-handoff-20261005/source-recovery/custody-v3/source-publisher/raw-custody-v3/trees/1f8b33bc67afb0a0537c93dddd7ed5d94476dd8a.json	bf6ecda1e1cd2d3a0fe726b39e1b1fb924fb9dd9e6bff7fb311cec53a69da76b	bf6ecda1e1cd2d3a0fe726b39e1b1fb924fb9dd9e6bff7fb311cec53a69da76b	RETAINED_EXACT
jcc-merge-recovery-20261006-history-02	m3/tooling/migration-recipes/src/main/resources/com/m3/rewrite/backport/jdk21-hash-pinned-text/jcc-merge-recovery-20261006-history-02/manifest.tsv	m3/tooling/migration-recipes/tasks/jcc-source-recovery-handoff-20261005/source-recovery/custody-v3/source-publisher/raw-custody-v3/trees/2e1ea5ea0076af3e2947a20dcddf8b306249d46c.json	87897d5da6389eb5421cf083436ea9dba28921fc7c46fcec185c336677476023	87897d5da6389eb5421cf083436ea9dba28921fc7c46fcec185c336677476023	RETAINED_EXACT
jcc-merge-recovery-20261006-history-02	m3/tooling/migration-recipes/src/main/resources/com/m3/rewrite/backport/jdk21-hash-pinned-text/jcc-merge-recovery-20261006-history-02/manifest.tsv	m3/tooling/migration-recipes/tasks/jcc-source-recovery-handoff-20261005/source-recovery/custody-v3/source-publisher/raw-custody-v3/trees/7de7c1ae7d22f70481a6dc0c5e81e3de73423e70.json	bc4a2014f1bde8d775d57d3a3f3e31f441e933a1dec4116df3a1fd92a64ed1bb	bc4a2014f1bde8d775d57d3a3f3e31f441e933a1dec4116df3a1fd92a64ed1bb	RETAINED_EXACT
jcc-merge-recovery-20261006-history-02	m3/tooling/migration-recipes/src/main/resources/com/m3/rewrite/backport/jdk21-hash-pinned-text/jcc-merge-recovery-20261006-history-02/manifest.tsv	m3/tooling/migration-recipes/tasks/jcc-source-recovery-handoff-20261005/source-recovery/custody-v3/source-publisher/raw-custody-v3/trees/8582ac8a6a16142f1ee2b8151085238304fb7aa3.json	bbbbe2668c25e80d6e53d7c59a4a020fac5ee12f41daed2c665d52c7de1211ac	bbbbe2668c25e80d6e53d7c59a4a020fac5ee12f41daed2c665d52c7de1211ac	RETAINED_EXACT
jcc-merge-recovery-20261006-history-02	m3/tooling/migration-recipes/src/main/resources/com/m3/rewrite/backport/jdk21-hash-pinned-text/jcc-merge-recovery-20261006-history-02/manifest.tsv	m3/tooling/migration-recipes/tasks/jcc-source-recovery-handoff-20261005/source-recovery/custody-v3/source-publisher/raw-custody-v3/trees/894e5ba1d9e4e747a308d05f7acb254614f3fe0c.json	400fa13aa4dce4c38c9af8c98d252c1fab164119e26d623e18d01f9e36d6a127	400fa13aa4dce4c38c9af8c98d252c1fab164119e26d623e18d01f9e36d6a127	RETAINED_EXACT
jcc-merge-recovery-20261006-history-02	m3/tooling/migration-recipes/src/main/resources/com/m3/rewrite/backport/jdk21-hash-pinned-text/jcc-merge-recovery-20261006-history-02/manifest.tsv	m3/tooling/migration-recipes/tasks/jcc-source-recovery-handoff-20261005/source-recovery/custody-v3/source-publisher/raw-custody-v3/trees/89e0c45dbf11305c45c0574ab73486c66a8fe7b2.json	878c3f9a33326df4d91935336962565b2d644e694e51b2aca9f7a47010044324	878c3f9a33326df4d91935336962565b2d644e694e51b2aca9f7a47010044324	RETAINED_EXACT
jcc-merge-recovery-20261006-history-02	m3/tooling/migration-recipes/src/main/resources/com/m3/rewrite/backport/jdk21-hash-pinned-text/jcc-merge-recovery-20261006-history-02/manifest.tsv	m3/tooling/migration-recipes/tasks/jcc-source-recovery-handoff-20261005/source-recovery/custody-v3/source-publisher/raw-custody-v3/trees/8de0927ad179c1a668e215fde234824f0b302797.json	cc07ab6028915303903199aa027d19e27aa96d1d60d16231bf04ea24eb74ec6f	cc07ab6028915303903199aa027d19e27aa96d1d60d16231bf04ea24eb74ec6f	RETAINED_EXACT
jcc-merge-recovery-20261006-history-02	m3/tooling/migration-recipes/src/main/resources/com/m3/rewrite/backport/jdk21-hash-pinned-text/jcc-merge-recovery-20261006-history-02/manifest.tsv	m3/tooling/migration-recipes/tasks/jcc-source-recovery-handoff-20261005/source-recovery/custody-v3/source-publisher/raw-custody-v3/trees/9988b4d8f0482cb1e10e41b38e36fd79f5c7bc10.json	7f438bf36e2a306ffd396d10d6c1e23164f4456ce85b0d06a23b020183682bd1	7f438bf36e2a306ffd396d10d6c1e23164f4456ce85b0d06a23b020183682bd1	RETAINED_EXACT
jcc-merge-recovery-20261006-history-02	m3/tooling/migration-recipes/src/main/resources/com/m3/rewrite/backport/jdk21-hash-pinned-text/jcc-merge-recovery-20261006-history-02/manifest.tsv	m3/tooling/migration-recipes/tasks/jcc-source-recovery-handoff-20261005/source-recovery/custody-v3/source-publisher/raw-custody-v3/trees/aee49a1388a9853f238d6360549181611d8168c4.json	05a12fcdcba2cbb33d7f26c823c1ec77e712b206b0513ad69971affda5dc24f6	05a12fcdcba2cbb33d7f26c823c1ec77e712b206b0513ad69971affda5dc24f6	RETAINED_EXACT
jcc-merge-recovery-20261006-history-02	m3/tooling/migration-recipes/src/main/resources/com/m3/rewrite/backport/jdk21-hash-pinned-text/jcc-merge-recovery-20261006-history-02/manifest.tsv	m3/tooling/migration-recipes/tasks/jcc-source-recovery-handoff-20261005/source-recovery/custody-v3/source-publisher/raw-custody-v3/trees/bf2b8fe43cda47f0c6363c8d376f61419e647e4d.json	f6852b552a509cd63b6f3622a21124215fb4c584d9b0b35fb4fd66dc6631f5d3	f6852b552a509cd63b6f3622a21124215fb4c584d9b0b35fb4fd66dc6631f5d3	RETAINED_EXACT
jcc-merge-recovery-20261006-history-02	m3/tooling/migration-recipes/src/main/resources/com/m3/rewrite/backport/jdk21-hash-pinned-text/jcc-merge-recovery-20261006-history-02/manifest.tsv	m3/tooling/migration-recipes/tasks/jcc-source-recovery-handoff-20261005/source-recovery/custody-v3/source-publisher/raw-custody-v3/trees/cac95ee10acb1ef18280347dcee30e626ff0e2b2.json	0e3ba46f0ff549937802d41bcd60f36e7a1d2221744d7fed2bac7c3b14a290ba	0e3ba46f0ff549937802d41bcd60f36e7a1d2221744d7fed2bac7c3b14a290ba	RETAINED_EXACT
jcc-merge-recovery-20261006-history-02	m3/tooling/migration-recipes/src/main/resources/com/m3/rewrite/backport/jdk21-hash-pinned-text/jcc-merge-recovery-20261006-history-02/manifest.tsv	m3/tooling/migration-recipes/tasks/jcc-source-recovery-handoff-20261005/source-recovery/custody-v3/source-publisher/raw-custody-v3/trees/d7bce8c8d93693af06d95f1121257d65ca7d9f19.json	4371692b6dc8fafe9355b12f4dd9a7ef3dbda4f38d4a4b262fc7d7e536ebedd2	4371692b6dc8fafe9355b12f4dd9a7ef3dbda4f38d4a4b262fc7d7e536ebedd2	RETAINED_EXACT
jcc-merge-recovery-20261006-history-02	m3/tooling/migration-recipes/src/main/resources/com/m3/rewrite/backport/jdk21-hash-pinned-text/jcc-merge-recovery-20261006-history-02/manifest.tsv	m3/tooling/migration-recipes/tasks/jcc-source-recovery-handoff-20261005/source-recovery/custody-v3/source-publisher/raw-custody-v3/trees/de28521cc91ed2316af7806f04d933543a3e3637.json	31f6229cce694b49b0e30cb34791f0b4df696b933965637241dd5b053f751b04	31f6229cce694b49b0e30cb34791f0b4df696b933965637241dd5b053f751b04	RETAINED_EXACT
jcc-merge-recovery-20261006-history-02	m3/tooling/migration-recipes/src/main/resources/com/m3/rewrite/backport/jdk21-hash-pinned-text/jcc-merge-recovery-20261006-history-02/manifest.tsv	m3/tooling/migration-recipes/tasks/jcc-source-recovery-handoff-20261005/source-recovery/custody-v3/source-publisher/raw-custody-v3/trees/e6cb4eaa71784811361312b305d2723cf886ac1e.json	4df921e09958f15fd17261bfbb5f9b948b4382afed7890b4568be4444594c7d3	4df921e09958f15fd17261bfbb5f9b948b4382afed7890b4568be4444594c7d3	RETAINED_EXACT
jcc-merge-recovery-20261006-history-02	m3/tooling/migration-recipes/src/main/resources/com/m3/rewrite/backport/jdk21-hash-pinned-text/jcc-merge-recovery-20261006-history-02/manifest.tsv	m3/tooling/migration-recipes/tasks/jcc-source-recovery-handoff-20261005/source-recovery/custody-v3/source-publisher/raw-custody-v3/trees/fa58808396946d716c50398bc880a9bc570148db.json	6f3742c4822492686a14cf87ba0697e05fa3082cecbe958772e2b97200c60225	6f3742c4822492686a14cf87ba0697e05fa3082cecbe958772e2b97200c60225	RETAINED_EXACT
jcc-merge-recovery-20261006-history-02	m3/tooling/migration-recipes/src/main/resources/com/m3/rewrite/backport/jdk21-hash-pinned-text/jcc-merge-recovery-20261006-history-02/manifest.tsv	m3/tooling/migration-recipes/tasks/jcc-source-recovery-handoff-20261005/source-recovery/custody-v3/source-publisher/raw-custody-v3/verification-file-reads.json	5f992ea5fa2a618093909b3ba7b063a8972de84f2af4b00ed44b323597538a87	5f992ea5fa2a618093909b3ba7b063a8972de84f2af4b00ed44b323597538a87	RETAINED_EXACT
jcc-merge-recovery-20261006-history-02	m3/tooling/migration-recipes/src/main/resources/com/m3/rewrite/backport/jdk21-hash-pinned-text/jcc-merge-recovery-20261006-history-02/manifest.tsv	m3/tooling/migration-recipes/tasks/jcc-source-recovery-handoff-20261005/source-recovery/custody-v3/source-publisher/raw_custody_v3.py	45fe2a39cc936f94e20cf0051f3844e6d6b5ba59b87b2d3ca175bb60917603be	45fe2a39cc936f94e20cf0051f3844e6d6b5ba59b87b2d3ca175bb60917603be	RETAINED_EXACT
jcc-merge-recovery-20261006-history-02	m3/tooling/migration-recipes/src/main/resources/com/m3/rewrite/backport/jdk21-hash-pinned-text/jcc-merge-recovery-20261006-history-02/manifest.tsv	m3/tooling/migration-recipes/tasks/jcc-source-recovery-handoff-20261005/source-recovery/custody-v3/source-publisher/readback-static-review/custody-v3/COMPANION_BINDING.json	e5d6703bbeaebb2f6718c7b7f9cefd7dfd723f1b3cead9c50e397ce96e26b791	e5d6703bbeaebb2f6718c7b7f9cefd7dfd723f1b3cead9c50e397ce96e26b791	RETAINED_EXACT
jcc-merge-recovery-20261006-history-02	m3/tooling/migration-recipes/src/main/resources/com/m3/rewrite/backport/jdk21-hash-pinned-text/jcc-merge-recovery-20261006-history-02/manifest.tsv	m3/tooling/migration-recipes/tasks/jcc-source-recovery-handoff-20261005/source-recovery/custody-v3/source-publisher/readback-static-review/custody-v3/FILE_SEALS.json	da5f48a847613be5599132af53755f677cc579da75d302bfea66d36da643232d	da5f48a847613be5599132af53755f677cc579da75d302bfea66d36da643232d	RETAINED_EXACT
jcc-merge-recovery-20261006-history-02	m3/tooling/migration-recipes/src/main/resources/com/m3/rewrite/backport/jdk21-hash-pinned-text/jcc-merge-recovery-20261006-history-02/manifest.tsv	m3/tooling/migration-recipes/tasks/jcc-source-recovery-handoff-20261005/source-recovery/custody-v3/source-publisher/readback-static-review/custody-v3/INPUT_SEALS.json	52d1f09a46c14b1aed8d181e11bc7b0df9f0346eaa453676b8f6ba64e5ce6ace	52d1f09a46c14b1aed8d181e11bc7b0df9f0346eaa453676b8f6ba64e5ce6ace	RETAINED_EXACT
jcc-merge-recovery-20261006-history-02	m3/tooling/migration-recipes/src/main/resources/com/m3/rewrite/backport/jdk21-hash-pinned-text/jcc-merge-recovery-20261006-history-02/manifest.tsv	m3/tooling/migration-recipes/tasks/jcc-source-recovery-handoff-20261005/source-recovery/custody-v3/source-publisher/readback-static-review/custody-v3/REVIEW.json	e8ff8e7928611d4cdbe34c9dfd58340e3aa282205bfd405a2bf56d57393d78b0	e8ff8e7928611d4cdbe34c9dfd58340e3aa282205bfd405a2bf56d57393d78b0	RETAINED_EXACT
jcc-merge-recovery-20261006-history-02	m3/tooling/migration-recipes/src/main/resources/com/m3/rewrite/backport/jdk21-hash-pinned-text/jcc-merge-recovery-20261006-history-02/manifest.tsv	m3/tooling/migration-recipes/tasks/jcc-source-recovery-handoff-20261005/source-recovery/custody-v3/source-publisher/readback-static-review/custody-v3/REVIEW.md	6578850848d5e69f454b06c55c898da3811c9607f395c485aafe586178cfa8ee	6578850848d5e69f454b06c55c898da3811c9607f395c485aafe586178cfa8ee	RETAINED_EXACT
jcc-merge-recovery-20261006-history-02	m3/tooling/migration-recipes/src/main/resources/com/m3/rewrite/backport/jdk21-hash-pinned-text/jcc-merge-recovery-20261006-history-02/manifest.tsv	m3/tooling/migration-recipes/tasks/jcc-source-recovery-handoff-20261005/source-recovery/custody-v3/source-publisher/readback-static-review/custody-v3/inputs/audit_base.py	839c35c611de2dc02f2a3f1233131b24c79d77e109aaf010df9689dc8e04893b	839c35c611de2dc02f2a3f1233131b24c79d77e109aaf010df9689dc8e04893b	RETAINED_EXACT
jcc-merge-recovery-20261006-history-02	m3/tooling/migration-recipes/src/main/resources/com/m3/rewrite/backport/jdk21-hash-pinned-text/jcc-merge-recovery-20261006-history-02/manifest.tsv	m3/tooling/migration-recipes/tasks/jcc-source-recovery-handoff-20261005/source-recovery/custody-v3/source-publisher/readback-static-review/custody-v3/inputs/prepare_publication.py	3cd42b4b5c4ba1e0eb01cace40bff7cb2fe967d65ac4e9a646b70d7daf4404fd	3cd42b4b5c4ba1e0eb01cace40bff7cb2fe967d65ac4e9a646b70d7daf4404fd	RETAINED_EXACT
jcc-merge-recovery-20261006-history-02	m3/tooling/migration-recipes/src/main/resources/com/m3/rewrite/backport/jdk21-hash-pinned-text/jcc-merge-recovery-20261006-history-02/manifest.tsv	m3/tooling/migration-recipes/tasks/jcc-source-recovery-handoff-20261005/source-recovery/custody-v3/source-publisher/readback-static-review/custody-v3/inputs/raw-custody-v3/PROTOCOL.md	cdf3826e3725acded05b38031b70d9e7a8f8579540b38d65a2a8e38ce64209f5	cdf3826e3725acded05b38031b70d9e7a8f8579540b38d65a2a8e38ce64209f5	RETAINED_EXACT
jcc-merge-recovery-20261006-history-02	m3/tooling/migration-recipes/src/main/resources/com/m3/rewrite/backport/jdk21-hash-pinned-text/jcc-merge-recovery-20261006-history-02/manifest.tsv	m3/tooling/migration-recipes/tasks/jcc-source-recovery-handoff-20261005/source-recovery/custody-v3/source-publisher/readback-static-review/custody-v3/inputs/raw-custody-v3/draft-T01/raw_custody_v3.py	a96f1aec811774467092a09cd750d47785fd4dd5482ce792ffac93c38deb9f5b	a96f1aec811774467092a09cd750d47785fd4dd5482ce792ffac93c38deb9f5b	RETAINED_EXACT
jcc-merge-recovery-20261006-history-02	m3/tooling/migration-recipes/src/main/resources/com/m3/rewrite/backport/jdk21-hash-pinned-text/jcc-merge-recovery-20261006-history-02/manifest.tsv	m3/tooling/migration-recipes/tasks/jcc-source-recovery-handoff-20261005/source-recovery/custody-v3/source-publisher/readback-static-review/custody-v3/inputs/raw-custody-v3/draft-T01/verify_publication_v3.py	7138709c360728c17c701391f303a02e21e6e1334b29bc3f67f6c9702f7440f4	7138709c360728c17c701391f303a02e21e6e1334b29bc3f67f6c9702f7440f4	RETAINED_EXACT
jcc-merge-recovery-20261006-history-02	m3/tooling/migration-recipes/src/main/resources/com/m3/rewrite/backport/jdk21-hash-pinned-text/jcc-merge-recovery-20261006-history-02/manifest.tsv	m3/tooling/migration-recipes/tasks/jcc-source-recovery-handoff-20261005/source-recovery/custody-v3/source-publisher/readback-static-review/custody-v3/inputs/raw_custody_v3.py	45fe2a39cc936f94e20cf0051f3844e6d6b5ba59b87b2d3ca175bb60917603be	45fe2a39cc936f94e20cf0051f3844e6d6b5ba59b87b2d3ca175bb60917603be	RETAINED_EXACT
jcc-merge-recovery-20261006-history-02	m3/tooling/migration-recipes/src/main/resources/com/m3/rewrite/backport/jdk21-hash-pinned-text/jcc-merge-recovery-20261006-history-02/manifest.tsv	m3/tooling/migration-recipes/tasks/jcc-source-recovery-handoff-20261005/source-recovery/custody-v3/source-publisher/readback-static-review/custody-v3/inputs/verify_publication.py	8cc5fd5c5df99ae8f48d0fbbf4618ada99be429af9cb39839511940192bd8639	8cc5fd5c5df99ae8f48d0fbbf4618ada99be429af9cb39839511940192bd8639	RETAINED_EXACT
jcc-merge-recovery-20261006-history-02	m3/tooling/migration-recipes/src/main/resources/com/m3/rewrite/backport/jdk21-hash-pinned-text/jcc-merge-recovery-20261006-history-02/manifest.tsv	m3/tooling/migration-recipes/tasks/jcc-source-recovery-handoff-20261005/source-recovery/custody-v3/source-publisher/readback-static-review/custody-v3/inputs/verify_publication_v3.py	45d1e83ba81dfaed9434fddb7df9f4962b7fbbb8cb1c9b29f90754c8fcf38baa	45d1e83ba81dfaed9434fddb7df9f4962b7fbbb8cb1c9b29f90754c8fcf38baa	RETAINED_EXACT
jcc-merge-recovery-20261006-history-02	m3/tooling/migration-recipes/src/main/resources/com/m3/rewrite/backport/jdk21-hash-pinned-text/jcc-merge-recovery-20261006-history-02/manifest.tsv	m3/tooling/migration-recipes/tasks/jcc-source-recovery-handoff-20261005/source-recovery/custody-v3/source-publisher/readback-static-review/custody-v3/inspect_inputs.py	ef55ea26a4df72e09416ffcec9eff75798a4c126378149cf2c667071446f27d2	ef55ea26a4df72e09416ffcec9eff75798a4c126378149cf2c667071446f27d2	RETAINED_EXACT
jcc-merge-recovery-20261006-history-02	m3/tooling/migration-recipes/src/main/resources/com/m3/rewrite/backport/jdk21-hash-pinned-text/jcc-merge-recovery-20261006-history-02/manifest.tsv	m3/tooling/migration-recipes/tasks/jcc-source-recovery-handoff-20261005/source-recovery/custody-v3/source-publisher/readback-static-review/custody-v3/raw_custody_v3.py.T01-T02.diff	e234102abc927fda207e5766aa06bd949c56478566ab2fa990666f882e8ceca7	e234102abc927fda207e5766aa06bd949c56478566ab2fa990666f882e8ceca7	RETAINED_EXACT
jcc-merge-recovery-20261006-history-02	m3/tooling/migration-recipes/src/main/resources/com/m3/rewrite/backport/jdk21-hash-pinned-text/jcc-merge-recovery-20261006-history-02/manifest.tsv	m3/tooling/migration-recipes/tasks/jcc-source-recovery-handoff-20261005/source-recovery/custody-v3/source-publisher/readback-static-review/custody-v3/verify_publication_v3.py.T01-T02.diff	2905e58d2d063a419abc99cb52bcb46db1dae3c3655a135497630cb2218154d6	2905e58d2d063a419abc99cb52bcb46db1dae3c3655a135497630cb2218154d6	RETAINED_EXACT
jcc-merge-recovery-20261006-history-02	m3/tooling/migration-recipes/src/main/resources/com/m3/rewrite/backport/jdk21-hash-pinned-text/jcc-merge-recovery-20261006-history-02/manifest.tsv	m3/tooling/migration-recipes/tasks/jcc-source-recovery-handoff-20261005/source-recovery/custody-v3/source-publisher/readback-static-review/raw-readback-failure/FILE_SEALS.json	30556460d63d575f1b18b098fcbd2019239e4634c6067ab319b348c40d39f581	30556460d63d575f1b18b098fcbd2019239e4634c6067ab319b348c40d39f581	RETAINED_EXACT
jcc-merge-recovery-20261006-history-02	m3/tooling/migration-recipes/src/main/resources/com/m3/rewrite/backport/jdk21-hash-pinned-text/jcc-merge-recovery-20261006-history-02/manifest.tsv	m3/tooling/migration-recipes/tasks/jcc-source-recovery-handoff-20261005/source-recovery/custody-v3/source-publisher/readback-static-review/raw-readback-failure/INPUT_SEALS.json	97680e799c6b21d29f86b7f2249e22dacc5e1c761d1e7f2ade704eba729a481f	97680e799c6b21d29f86b7f2249e22dacc5e1c761d1e7f2ade704eba729a481f	RETAINED_EXACT
jcc-merge-recovery-20261006-history-02	m3/tooling/migration-recipes/src/main/resources/com/m3/rewrite/backport/jdk21-hash-pinned-text/jcc-merge-recovery-20261006-history-02/manifest.tsv	m3/tooling/migration-recipes/tasks/jcc-source-recovery-handoff-20261005/source-recovery/custody-v3/source-publisher/readback-static-review/raw-readback-failure/READ_CAPABILITIES.json	1356f767136ebe7d2bbc59bd61904691b82a88161d776d8039fc9ab97510ca60	1356f767136ebe7d2bbc59bd61904691b82a88161d776d8039fc9ab97510ca60	RETAINED_EXACT
jcc-merge-recovery-20261006-history-02	m3/tooling/migration-recipes/src/main/resources/com/m3/rewrite/backport/jdk21-hash-pinned-text/jcc-merge-recovery-20261006-history-02/manifest.tsv	m3/tooling/migration-recipes/tasks/jcc-source-recovery-handoff-20261005/source-recovery/custody-v3/source-publisher/readback-static-review/raw-readback-failure/REVIEW.json	be0f51039422ac6e111a0f5d3a0ba96a74730555d5663c2483fb1ac94a1d96f0	be0f51039422ac6e111a0f5d3a0ba96a74730555d5663c2483fb1ac94a1d96f0	RETAINED_EXACT
jcc-merge-recovery-20261006-history-02	m3/tooling/migration-recipes/src/main/resources/com/m3/rewrite/backport/jdk21-hash-pinned-text/jcc-merge-recovery-20261006-history-02/manifest.tsv	m3/tooling/migration-recipes/tasks/jcc-source-recovery-handoff-20261005/source-recovery/custody-v3/source-publisher/readback-static-review/raw-readback-failure/REVIEW.md	52621f38ee8dbd408012219a4a5bd5cef08c046da3ada5cecf923398d637e769	52621f38ee8dbd408012219a4a5bd5cef08c046da3ada5cecf923398d637e769	RETAINED_EXACT
jcc-merge-recovery-20261006-history-02	m3/tooling/migration-recipes/src/main/resources/com/m3/rewrite/backport/jdk21-hash-pinned-text/jcc-merge-recovery-20261006-history-02/manifest.tsv	m3/tooling/migration-recipes/tasks/jcc-source-recovery-handoff-20261005/source-recovery/custody-v3/source-publisher/readback-static-review/raw-readback-failure/inspect.py	67dba07d875c0f9a9bc9e18522bed9fc71b1aeb16787e869fbc75ee9650b8640	67dba07d875c0f9a9bc9e18522bed9fc71b1aeb16787e869fbc75ee9650b8640	RETAINED_EXACT
jcc-merge-recovery-20261006-history-02	m3/tooling/migration-recipes/src/main/resources/com/m3/rewrite/backport/jdk21-hash-pinned-text/jcc-merge-recovery-20261006-history-02/manifest.tsv	m3/tooling/migration-recipes/tasks/jcc-source-recovery-handoff-20261005/source-recovery/custody-v3/source-publisher/readback-static-review/raw-transport-adapter/FETCH_FILE_CAPABILITY.json	0b52650547b4d4ae69a1e462c38ef2077cddb0dfd2c7915e327fcd041dca1709	0b52650547b4d4ae69a1e462c38ef2077cddb0dfd2c7915e327fcd041dca1709	RETAINED_EXACT
jcc-merge-recovery-20261006-history-02	m3/tooling/migration-recipes/src/main/resources/com/m3/rewrite/backport/jdk21-hash-pinned-text/jcc-merge-recovery-20261006-history-02/manifest.tsv	m3/tooling/migration-recipes/tasks/jcc-source-recovery-handoff-20261005/source-recovery/custody-v3/source-publisher/readback-static-review/raw-transport-adapter/FILE_SEALS.json	2102f85bd93143fd60431fd26a8069bdff2a5e4a2e6616deb6d6f934dc5191f8	2102f85bd93143fd60431fd26a8069bdff2a5e4a2e6616deb6d6f934dc5191f8	RETAINED_EXACT
jcc-merge-recovery-20261006-history-02	m3/tooling/migration-recipes/src/main/resources/com/m3/rewrite/backport/jdk21-hash-pinned-text/jcc-merge-recovery-20261006-history-02/manifest.tsv	m3/tooling/migration-recipes/tasks/jcc-source-recovery-handoff-20261005/source-recovery/custody-v3/source-publisher/readback-static-review/raw-transport-adapter/INPUT_SEALS.json	4e5b2bce37562177cbfb2485a082c33df5a97aa238fac42dacfde355f41ff444	4e5b2bce37562177cbfb2485a082c33df5a97aa238fac42dacfde355f41ff444	RETAINED_EXACT
jcc-merge-recovery-20261006-history-02	m3/tooling/migration-recipes/src/main/resources/com/m3/rewrite/backport/jdk21-hash-pinned-text/jcc-merge-recovery-20261006-history-02/manifest.tsv	m3/tooling/migration-recipes/tasks/jcc-source-recovery-handoff-20261005/source-recovery/custody-v3/source-publisher/readback-static-review/raw-transport-adapter/REVIEW.json	1e879a75f8b6d08fba9628406fffa7a7fa20d471fceb0cb8da5bbf47c0f2a5df	1e879a75f8b6d08fba9628406fffa7a7fa20d471fceb0cb8da5bbf47c0f2a5df	RETAINED_EXACT
jcc-merge-recovery-20261006-history-02	m3/tooling/migration-recipes/src/main/resources/com/m3/rewrite/backport/jdk21-hash-pinned-text/jcc-merge-recovery-20261006-history-02/manifest.tsv	m3/tooling/migration-recipes/tasks/jcc-source-recovery-handoff-20261005/source-recovery/custody-v3/source-publisher/readback-static-review/raw-transport-adapter/REVIEW.md	03f15a70c1ac11b52005af86f2bc193599709427f39ae250234fbf9bfbf8b626	03f15a70c1ac11b52005af86f2bc193599709427f39ae250234fbf9bfbf8b626	RETAINED_EXACT
jcc-merge-recovery-20261006-history-02	m3/tooling/migration-recipes/src/main/resources/com/m3/rewrite/backport/jdk21-hash-pinned-text/jcc-merge-recovery-20261006-history-02/manifest.tsv	m3/tooling/migration-recipes/tasks/jcc-source-recovery-handoff-20261005/source-recovery/custody-v3/source-publisher/readback-static-review/raw-transport-adapter/inspect.py	c80763ab3a3796d4f7dc8a22596dc96c060bef801b9a8fa845109ce044d36d97	c80763ab3a3796d4f7dc8a22596dc96c060bef801b9a8fa845109ce044d36d97	RETAINED_EXACT
jcc-merge-recovery-20261006-history-02	m3/tooling/migration-recipes/src/main/resources/com/m3/rewrite/backport/jdk21-hash-pinned-text/jcc-merge-recovery-20261006-history-02/manifest.tsv	m3/tooling/migration-recipes/tasks/jcc-source-recovery-handoff-20261005/source-recovery/custody-v3/source-publisher/readback-static-review/v2/FILE_SEALS.json	efbdfa191409f225d814662a744003070f3bf4ce2bd7a4e331cb022abd607696	efbdfa191409f225d814662a744003070f3bf4ce2bd7a4e331cb022abd607696	RETAINED_EXACT
jcc-merge-recovery-20261006-history-02	m3/tooling/migration-recipes/src/main/resources/com/m3/rewrite/backport/jdk21-hash-pinned-text/jcc-merge-recovery-20261006-history-02/manifest.tsv	m3/tooling/migration-recipes/tasks/jcc-source-recovery-handoff-20261005/source-recovery/custody-v3/source-publisher/readback-static-review/v2/INPUT_SEALS.json	5a26d9913a9b18f97b68aa8bf3eac6855d954f5d4e1c7c7805a16f1589f0a881	5a26d9913a9b18f97b68aa8bf3eac6855d954f5d4e1c7c7805a16f1589f0a881	RETAINED_EXACT
jcc-merge-recovery-20261006-history-02	m3/tooling/migration-recipes/src/main/resources/com/m3/rewrite/backport/jdk21-hash-pinned-text/jcc-merge-recovery-20261006-history-02/manifest.tsv	m3/tooling/migration-recipes/tasks/jcc-source-recovery-handoff-20261005/source-recovery/custody-v3/source-publisher/readback-static-review/v2/REVIEW.md	f84ae9ee896eaadd79ae00c3c1747decd0f928872baecbec56166f363f675b59	f84ae9ee896eaadd79ae00c3c1747decd0f928872baecbec56166f363f675b59	RETAINED_EXACT
jcc-merge-recovery-20261006-history-02	m3/tooling/migration-recipes/src/main/resources/com/m3/rewrite/backport/jdk21-hash-pinned-text/jcc-merge-recovery-20261006-history-02/manifest.tsv	m3/tooling/migration-recipes/tasks/jcc-source-recovery-handoff-20261005/source-recovery/custody-v3/source-publisher/readback-static-review/v2/audit_base.py.txt	839c35c611de2dc02f2a3f1233131b24c79d77e109aaf010df9689dc8e04893b	839c35c611de2dc02f2a3f1233131b24c79d77e109aaf010df9689dc8e04893b	RETAINED_EXACT
jcc-merge-recovery-20261006-history-02	m3/tooling/migration-recipes/src/main/resources/com/m3/rewrite/backport/jdk21-hash-pinned-text/jcc-merge-recovery-20261006-history-02/manifest.tsv	m3/tooling/migration-recipes/tasks/jcc-source-recovery-handoff-20261005/source-recovery/custody-v3/source-publisher/readback-static-review/v2/prepare_publication.py.txt	3cd42b4b5c4ba1e0eb01cace40bff7cb2fe967d65ac4e9a646b70d7daf4404fd	3cd42b4b5c4ba1e0eb01cace40bff7cb2fe967d65ac4e9a646b70d7daf4404fd	RETAINED_EXACT
jcc-merge-recovery-20261006-history-02	m3/tooling/migration-recipes/src/main/resources/com/m3/rewrite/backport/jdk21-hash-pinned-text/jcc-merge-recovery-20261006-history-02/manifest.tsv	m3/tooling/migration-recipes/tasks/jcc-source-recovery-handoff-20261005/source-recovery/custody-v3/source-publisher/readback-static-review/v2/v1-v2.diff	dcb1f09d1b221eb10837874bf62e82093813eb102229567ac19ed4a9c56831d9	dcb1f09d1b221eb10837874bf62e82093813eb102229567ac19ed4a9c56831d9	RETAINED_EXACT
jcc-merge-recovery-20261006-history-02	m3/tooling/migration-recipes/src/main/resources/com/m3/rewrite/backport/jdk21-hash-pinned-text/jcc-merge-recovery-20261006-history-02/manifest.tsv	m3/tooling/migration-recipes/tasks/jcc-source-recovery-handoff-20261005/source-recovery/custody-v3/source-publisher/readback-static-review/v2/verify_publication.py.txt	8cc5fd5c5df99ae8f48d0fbbf4618ada99be429af9cb39839511940192bd8639	8cc5fd5c5df99ae8f48d0fbbf4618ada99be429af9cb39839511940192bd8639	RETAINED_EXACT
jcc-merge-recovery-20261006-history-02	m3/tooling/migration-recipes/src/main/resources/com/m3/rewrite/backport/jdk21-hash-pinned-text/jcc-merge-recovery-20261006-history-02/manifest.tsv	m3/tooling/migration-recipes/tasks/jcc-source-recovery-handoff-20261005/source-recovery/custody-v3/source-publisher/related-source-review/custody-v3-verifier-static-review/FILE_SEALS.json	2322e736246e2fd11d94bc4c9c5d1a5717e0bd5be6179f7e4509a9242606d43c	2322e736246e2fd11d94bc4c9c5d1a5717e0bd5be6179f7e4509a9242606d43c	RETAINED_EXACT
jcc-merge-recovery-20261006-history-02	m3/tooling/migration-recipes/src/main/resources/com/m3/rewrite/backport/jdk21-hash-pinned-text/jcc-merge-recovery-20261006-history-02/manifest.tsv	m3/tooling/migration-recipes/tasks/jcc-source-recovery-handoff-20261005/source-recovery/custody-v3/source-publisher/related-source-review/custody-v3-verifier-static-review/INPUT_SEALS.json	793b5cfb897b0e0b7471f5f0c85adf3d6520b11c2077d669bbb8a1b48f647120	793b5cfb897b0e0b7471f5f0c85adf3d6520b11c2077d669bbb8a1b48f647120	RETAINED_EXACT
jcc-merge-recovery-20261006-history-02	m3/tooling/migration-recipes/src/main/resources/com/m3/rewrite/backport/jdk21-hash-pinned-text/jcc-merge-recovery-20261006-history-02/manifest.tsv	m3/tooling/migration-recipes/tasks/jcc-source-recovery-handoff-20261005/source-recovery/custody-v3/source-publisher/related-source-review/custody-v3-verifier-static-review/REVIEW.md	9fba35c03ee7d13a7ace7ef8f760f48186c0a8caf73e5dd5cd5d227815f1d693	9fba35c03ee7d13a7ace7ef8f760f48186c0a8caf73e5dd5cd5d227815f1d693	RETAINED_EXACT
jcc-merge-recovery-20261006-history-02	m3/tooling/migration-recipes/src/main/resources/com/m3/rewrite/backport/jdk21-hash-pinned-text/jcc-merge-recovery-20261006-history-02/manifest.tsv	m3/tooling/migration-recipes/tasks/jcc-source-recovery-handoff-20261005/source-recovery/custody-v3/source-publisher/related-source-review/custody-v3-verifier-static-review/T02-delta/FILE_SEALS.json	05242c715b5d63567d13c26c801e9a2c96ca4e27f14434e3a96020cdcd374a97	05242c715b5d63567d13c26c801e9a2c96ca4e27f14434e3a96020cdcd374a97	RETAINED_EXACT
jcc-merge-recovery-20261006-history-02	m3/tooling/migration-recipes/src/main/resources/com/m3/rewrite/backport/jdk21-hash-pinned-text/jcc-merge-recovery-20261006-history-02/manifest.tsv	m3/tooling/migration-recipes/tasks/jcc-source-recovery-handoff-20261005/source-recovery/custody-v3/source-publisher/related-source-review/custody-v3-verifier-static-review/T02-delta/INPUT_SEALS.json	beb5b6f452c2f1f6356136b5ae236bfd23fb2c7313228765357a3f46e50f3f4b	beb5b6f452c2f1f6356136b5ae236bfd23fb2c7313228765357a3f46e50f3f4b	RETAINED_EXACT
jcc-merge-recovery-20261006-history-02	m3/tooling/migration-recipes/src/main/resources/com/m3/rewrite/backport/jdk21-hash-pinned-text/jcc-merge-recovery-20261006-history-02/manifest.tsv	m3/tooling/migration-recipes/tasks/jcc-source-recovery-handoff-20261005/source-recovery/custody-v3/source-publisher/related-source-review/custody-v3-verifier-static-review/T02-delta/REVIEW.md	c7c575b882732681c3b5f1435f70063a765435f9e6137e10151fb2f8fa2ef2df	c7c575b882732681c3b5f1435f70063a765435f9e6137e10151fb2f8fa2ef2df	RETAINED_EXACT
jcc-merge-recovery-20261006-history-02	m3/tooling/migration-recipes/src/main/resources/com/m3/rewrite/backport/jdk21-hash-pinned-text/jcc-merge-recovery-20261006-history-02/manifest.tsv	m3/tooling/migration-recipes/tasks/jcc-source-recovery-handoff-20261005/source-recovery/custody-v3/source-publisher/related-source-review/custody-v3-verifier-static-review/T02-delta/T01_T02.diff	5f5c5f9c2b9d82607b8e3e30e9027ee8032f4d9fde812c2617343cb934049745	5f5c5f9c2b9d82607b8e3e30e9027ee8032f4d9fde812c2617343cb934049745	RETAINED_EXACT
jcc-merge-recovery-20261006-history-02	m3/tooling/migration-recipes/src/main/resources/com/m3/rewrite/backport/jdk21-hash-pinned-text/jcc-merge-recovery-20261006-history-02/manifest.tsv	m3/tooling/migration-recipes/tasks/jcc-source-recovery-handoff-20261005/source-recovery/custody-v3/source-publisher/related-source-review/custody-v3-verifier-static-review/V2_V3.diff	e487f83f318b61c01515549e588b66a384d0d281a0bc5d3a4ace5f1ca6cd8803	e487f83f318b61c01515549e588b66a384d0d281a0bc5d3a4ace5f1ca6cd8803	RETAINED_EXACT
jcc-merge-recovery-20261006-history-02	m3/tooling/migration-recipes/src/main/resources/com/m3/rewrite/backport/jdk21-hash-pinned-text/jcc-merge-recovery-20261006-history-02/manifest.tsv	m3/tooling/migration-recipes/tasks/jcc-source-recovery-handoff-20261005/source-recovery/custody-v3/source-publisher/verify_publication.py	8cc5fd5c5df99ae8f48d0fbbf4618ada99be429af9cb39839511940192bd8639	8cc5fd5c5df99ae8f48d0fbbf4618ada99be429af9cb39839511940192bd8639	RETAINED_EXACT
jcc-merge-recovery-20261006-history-02	m3/tooling/migration-recipes/src/main/resources/com/m3/rewrite/backport/jdk21-hash-pinned-text/jcc-merge-recovery-20261006-history-02/manifest.tsv	m3/tooling/migration-recipes/tasks/jcc-source-recovery-handoff-20261005/source-recovery/custody-v3/source-publisher/verify_publication_v3.py	45d1e83ba81dfaed9434fddb7df9f4962b7fbbb8cb1c9b29f90754c8fcf38baa	45d1e83ba81dfaed9434fddb7df9f4962b7fbbb8cb1c9b29f90754c8fcf38baa	RETAINED_EXACT
jcc-merge-recovery-20261006-history-02	m3/tooling/migration-recipes/src/main/resources/com/m3/rewrite/backport/jdk21-hash-pinned-text/jcc-merge-recovery-20261006-history-02/manifest.tsv	m3/tooling/migration-recipes/tasks/jcc-source-recovery-handoff-20261005/source-recovery/source-manifest/FINAL_MANIFEST.json	9270a6b4098960e2b7c7bd87b17325b648c4de363957f36028bacc9c1955e328	9270a6b4098960e2b7c7bd87b17325b648c4de363957f36028bacc9c1955e328	RETAINED_EXACT
jcc-merge-recovery-20261006-history-02	m3/tooling/migration-recipes/src/main/resources/com/m3/rewrite/backport/jdk21-hash-pinned-text/jcc-merge-recovery-20261006-history-02/manifest.tsv	m3/tooling/migration-recipes/tasks/jcc-source-recovery-handoff-20261005/source-recovery/source-results/DESIGNATED_SOURCE_OUTPUTS.json	296d5b9eb4f41b51a85d44bb4f05c76e8c5b6453fb55881691b9823055062510	296d5b9eb4f41b51a85d44bb4f05c76e8c5b6453fb55881691b9823055062510	RETAINED_EXACT
jcc-merge-recovery-20261006-history-02	m3/tooling/migration-recipes/src/main/resources/com/m3/rewrite/backport/jdk21-hash-pinned-text/jcc-merge-recovery-20261006-history-02/manifest.tsv	m3/tooling/migration-recipes/tasks/jcc-source-recovery-handoff-20261005/source-recovery/source-results/E4_EXECUTION_INPUT.json	a42a7069695c38edfe2a25c1f8c9e16fd0db89401976679fc6409b78eca6d852	a42a7069695c38edfe2a25c1f8c9e16fd0db89401976679fc6409b78eca6d852	RETAINED_EXACT
jcc-merge-recovery-20261006-history-02	m3/tooling/migration-recipes/src/main/resources/com/m3/rewrite/backport/jdk21-hash-pinned-text/jcc-merge-recovery-20261006-history-02/manifest.tsv	m3/tooling/migration-recipes/tasks/jcc-source-recovery-handoff-20261005/source-recovery/source-results/FINAL_T03_REVIEW.md	d6109ae253343f5c157d867732f3eea954cc4e57438968154b476407a21e86b2	d6109ae253343f5c157d867732f3eea954cc4e57438968154b476407a21e86b2	RETAINED_EXACT
jcc-merge-recovery-20261006-history-02	m3/tooling/migration-recipes/src/main/resources/com/m3/rewrite/backport/jdk21-hash-pinned-text/jcc-merge-recovery-20261006-history-02/manifest.tsv	m3/tooling/migration-recipes/tasks/jcc-source-recovery-handoff-20261005/source-recovery/source-results/RECOVERY_REPORT.md	b21708f3c4537237db3608f8c12ba54ee1940817eb7d5594c1fea5bdeab29259	b21708f3c4537237db3608f8c12ba54ee1940817eb7d5594c1fea5bdeab29259	RETAINED_EXACT
jcc-merge-recovery-20261006-history-02	m3/tooling/migration-recipes/src/main/resources/com/m3/rewrite/backport/jdk21-hash-pinned-text/jcc-merge-recovery-20261006-history-02/manifest.tsv	m3/tooling/migration-recipes/tasks/jcc-source-recovery-handoff-20261005/source-recovery/source-results/RECOVERY_RESULT.json	086f4ef835a0939b212bcb7595e75513ecbd46ce6bbf764a8d1f5aca1e418954	086f4ef835a0939b212bcb7595e75513ecbd46ce6bbf764a8d1f5aca1e418954	RETAINED_EXACT
jcc-merge-recovery-20261006-history-02	m3/tooling/migration-recipes/src/main/resources/com/m3/rewrite/backport/jdk21-hash-pinned-text/jcc-merge-recovery-20261006-history-02/manifest.tsv	m3/tooling/migration-recipes/tasks/jcc-source-recovery-handoff-20261005/source-recovery/source-results/ROOT_POM.xml	f01cca4d90bd8fa1b1125474b5178cc80762d934bcb7bf5817f08f3f0dcf6aab	f01cca4d90bd8fa1b1125474b5178cc80762d934bcb7bf5817f08f3f0dcf6aab	RETAINED_EXACT
jcc-merge-recovery-20261006-history-02	m3/tooling/migration-recipes/src/main/resources/com/m3/rewrite/backport/jdk21-hash-pinned-text/jcc-merge-recovery-20261006-history-02/manifest.tsv	m3/tooling/migration-recipes/tasks/jcc-source-recovery-handoff-20261005/source-recovery/source-results/ROOT_POM_RECOVERY_CALL.json	f647efbec6809523678b640b0dfbdf495f494bfc5c3e84a8a5e6e8a473e89d41	f647efbec6809523678b640b0dfbdf495f494bfc5c3e84a8a5e6e8a473e89d41	RETAINED_EXACT
jcc-merge-recovery-20261006-history-02	m3/tooling/migration-recipes/src/main/resources/com/m3/rewrite/backport/jdk21-hash-pinned-text/jcc-merge-recovery-20261006-history-02/manifest.tsv	m3/tooling/migration-recipes/tasks/jcc-source-recovery-handoff-20261005/source-recovery/source-results/ROOT_POM_RESTORATION.json	34a6cf995296ed929c2209d34480245473150601f8a556945aa1d8c2947fda6d	34a6cf995296ed929c2209d34480245473150601f8a556945aa1d8c2947fda6d	RETAINED_EXACT
jcc-merge-recovery-20261006-history-02	m3/tooling/migration-recipes/src/main/resources/com/m3/rewrite/backport/jdk21-hash-pinned-text/jcc-merge-recovery-20261006-history-02/manifest.tsv	m3/tooling/migration-recipes/tasks/jcc-source-recovery-handoff-20261005/tooling-review/admission-fixes/FILE_SEALS.json	8ec211daffcfe3472c2fe66d7cecd9e49c4362102c5876092da09d4f38d87bab	8ec211daffcfe3472c2fe66d7cecd9e49c4362102c5876092da09d4f38d87bab	RETAINED_EXACT
jcc-merge-recovery-20261006-history-02	m3/tooling/migration-recipes/src/main/resources/com/m3/rewrite/backport/jdk21-hash-pinned-text/jcc-merge-recovery-20261006-history-02/manifest.tsv	m3/tooling/migration-recipes/tasks/jcc-source-recovery-handoff-20261005/tooling-review/admission-fixes/REVIEW.json	b181f16da4916cf946ca07e46156fd16c16cd2e12e486d730a1106e08f947434	b181f16da4916cf946ca07e46156fd16c16cd2e12e486d730a1106e08f947434	RETAINED_EXACT
jcc-merge-recovery-20261006-history-02	m3/tooling/migration-recipes/src/main/resources/com/m3/rewrite/backport/jdk21-hash-pinned-text/jcc-merge-recovery-20261006-history-02/manifest.tsv	m3/tooling/migration-recipes/tasks/jcc-source-recovery-handoff-20261005/tooling-review/admission-fixes/REVIEW.md	0b5d20b213f5e98ec75b1750e03fe085d21c2465bca42993e3d9264623a52dd1	0b5d20b213f5e98ec75b1750e03fe085d21c2465bca42993e3d9264623a52dd1	RETAINED_EXACT
jcc-merge-recovery-20261006-history-02	m3/tooling/migration-recipes/src/main/resources/com/m3/rewrite/backport/jdk21-hash-pinned-text/jcc-merge-recovery-20261006-history-02/manifest.tsv	m3/tooling/migration-recipes/tasks/jcc-source-recovery-handoff-20261005/tooling-review/admission-fixes/STATIC_CHECKS.json	679c58b0f1861971864f8a0cc77ea363a62af7b74d8ecb8f7147711822128610	679c58b0f1861971864f8a0cc77ea363a62af7b74d8ecb8f7147711822128610	RETAINED_EXACT
jcc-merge-recovery-20261006-history-02	m3/tooling/migration-recipes/src/main/resources/com/m3/rewrite/backport/jdk21-hash-pinned-text/jcc-merge-recovery-20261006-history-02/manifest.tsv	m3/tooling/migration-recipes/tasks/jcc-source-recovery-handoff-20261005/tooling-review/admission-fixes/author_e04.py.diff	e23b9630be02b01893da60284fbf98b8cd668318a5ff9987bbfdc5785bd5f5cd	e23b9630be02b01893da60284fbf98b8cd668318a5ff9987bbfdc5785bd5f5cd	RETAINED_EXACT
jcc-merge-recovery-20261006-history-02	m3/tooling/migration-recipes/src/main/resources/com/m3/rewrite/backport/jdk21-hash-pinned-text/jcc-merge-recovery-20261006-history-02/manifest.tsv	m3/tooling/migration-recipes/tasks/jcc-source-recovery-handoff-20261005/tooling-review/admission-fixes/run_verification.py.diff	8cbd11d00c95f196a19618f8fc60caa23c08eeef3fd80d34d8a22e55c36000ba	8cbd11d00c95f196a19618f8fc60caa23c08eeef3fd80d34d8a22e55c36000ba	RETAINED_EXACT
jcc-merge-recovery-20261006-history-02	m3/tooling/migration-recipes/src/main/resources/com/m3/rewrite/backport/jdk21-hash-pinned-text/jcc-merge-recovery-20261006-history-02/manifest.tsv	m3/tooling/migration-recipes/tasks/jcc-source-recovery-handoff-20261005/tooling-review/custody-v3/FILE_SEALS.json	fc7317936fca35529dd233eb056bb4ffb47df1090ba415642f8ff3ef705e6510	fc7317936fca35529dd233eb056bb4ffb47df1090ba415642f8ff3ef705e6510	RETAINED_EXACT
jcc-merge-recovery-20261006-history-02	m3/tooling/migration-recipes/src/main/resources/com/m3/rewrite/backport/jdk21-hash-pinned-text/jcc-merge-recovery-20261006-history-02/manifest.tsv	m3/tooling/migration-recipes/tasks/jcc-source-recovery-handoff-20261005/tooling-review/custody-v3/INPUTS.json	624665aef80b209cc9861ff35de0aee2b3ad139e48763ae2b3e7bc01af697248	624665aef80b209cc9861ff35de0aee2b3ad139e48763ae2b3e7bc01af697248	RETAINED_EXACT
jcc-merge-recovery-20261006-history-02	m3/tooling/migration-recipes/src/main/resources/com/m3/rewrite/backport/jdk21-hash-pinned-text/jcc-merge-recovery-20261006-history-02/manifest.tsv	m3/tooling/migration-recipes/tasks/jcc-source-recovery-handoff-20261005/tooling-review/custody-v3/REVIEW.json	77fc1ee0a600577a60f324f8c0cd87b10657aecdacb91290b826bf5cddc228ab	77fc1ee0a600577a60f324f8c0cd87b10657aecdacb91290b826bf5cddc228ab	RETAINED_EXACT
jcc-merge-recovery-20261006-history-02	m3/tooling/migration-recipes/src/main/resources/com/m3/rewrite/backport/jdk21-hash-pinned-text/jcc-merge-recovery-20261006-history-02/manifest.tsv	m3/tooling/migration-recipes/tasks/jcc-source-recovery-handoff-20261005/tooling-review/custody-v3/REVIEW.md	0353e7d8d4c4b4e709394ecc271ad662b84604b0e890ab09c65aad5e39c68ad7	0353e7d8d4c4b4e709394ecc271ad662b84604b0e890ab09c65aad5e39c68ad7	RETAINED_EXACT
jcc-merge-recovery-20261006-history-02	m3/tooling/migration-recipes/src/main/resources/com/m3/rewrite/backport/jdk21-hash-pinned-text/jcc-merge-recovery-20261006-history-02/manifest.tsv	m3/tooling/migration-recipes/tasks/jcc-source-recovery-handoff-20261005/tooling-review/custody-v3/STATIC_CHECKS.json	979820ef1beafa75891ff0b0518ce5d354cc54661694aa5b30ae00471c2c9558	979820ef1beafa75891ff0b0518ce5d354cc54661694aa5b30ae00471c2c9558	RETAINED_EXACT
jcc-merge-recovery-20261006-history-02	m3/tooling/migration-recipes/src/main/resources/com/m3/rewrite/backport/jdk21-hash-pinned-text/jcc-merge-recovery-20261006-history-02/manifest.tsv	m3/tooling/migration-recipes/tasks/jcc-source-recovery-handoff-20261005/tooling-review/custody-v3/author_e04_v3.py.diff	d67c30dc775052b26f655cfe92cc953a878c41fedf76fc997450513c6d61f3fe	d67c30dc775052b26f655cfe92cc953a878c41fedf76fc997450513c6d61f3fe	RETAINED_EXACT
jcc-merge-recovery-20261006-history-02	m3/tooling/migration-recipes/src/main/resources/com/m3/rewrite/backport/jdk21-hash-pinned-text/jcc-merge-recovery-20261006-history-02/manifest.tsv	m3/tooling/migration-recipes/tasks/jcc-source-recovery-handoff-20261005/tooling-review/custody-v3/derive_source_handoff_v3.py.diff	e9bafa64375a79d317177aaa4c0059770696f70cf5fef062bb0f3729d36dc763	e9bafa64375a79d317177aaa4c0059770696f70cf5fef062bb0f3729d36dc763	RETAINED_EXACT
jcc-merge-recovery-20261006-history-02	m3/tooling/migration-recipes/src/main/resources/com/m3/rewrite/backport/jdk21-hash-pinned-text/jcc-merge-recovery-20261006-history-02/manifest.tsv	m3/tooling/migration-recipes/tasks/jcc-source-recovery-handoff-20261005/tooling-review/custody-v3/run_verification_v3.py.diff	8bc22ad6293df139b0e21c17bfaa476d469fe4cb834e68c56f3cb5e2df26263f	8bc22ad6293df139b0e21c17bfaa476d469fe4cb834e68c56f3cb5e2df26263f	RETAINED_EXACT
jcc-merge-recovery-20261006-history-02	m3/tooling/migration-recipes/src/main/resources/com/m3/rewrite/backport/jdk21-hash-pinned-text/jcc-merge-recovery-20261006-history-02/manifest.tsv	m3/tooling/migration-recipes/tasks/jcc-source-recovery-handoff-20261005/tooling-review/fixture-freeze/FILE_SEALS.json	bf6b81d60beef64f05f42fe05673bc0caae6912edd89843dbf9072087a1a581e	bf6b81d60beef64f05f42fe05673bc0caae6912edd89843dbf9072087a1a581e	RETAINED_EXACT
jcc-merge-recovery-20261006-history-02	m3/tooling/migration-recipes/src/main/resources/com/m3/rewrite/backport/jdk21-hash-pinned-text/jcc-merge-recovery-20261006-history-02/manifest.tsv	m3/tooling/migration-recipes/tasks/jcc-source-recovery-handoff-20261005/tooling-review/fixture-freeze/REVIEW.json	ef2561dd1fedb08a4f82495f6d377309e7b130ae5c084cff432c5564dbff0783	ef2561dd1fedb08a4f82495f6d377309e7b130ae5c084cff432c5564dbff0783	RETAINED_EXACT
jcc-merge-recovery-20261006-history-02	m3/tooling/migration-recipes/src/main/resources/com/m3/rewrite/backport/jdk21-hash-pinned-text/jcc-merge-recovery-20261006-history-02/manifest.tsv	m3/tooling/migration-recipes/tasks/jcc-source-recovery-handoff-20261005/tooling-review/fixture-freeze/REVIEW.md	5f6d0d5502344a92d27dddc0aface389effc92729501d6e767a9b2c63dc0a657	5f6d0d5502344a92d27dddc0aface389effc92729501d6e767a9b2c63dc0a657	RETAINED_EXACT
jcc-merge-recovery-20261006-history-02	m3/tooling/migration-recipes/src/main/resources/com/m3/rewrite/backport/jdk21-hash-pinned-text/jcc-merge-recovery-20261006-history-02/manifest.tsv	m3/tooling/migration-recipes/tasks/jcc-source-recovery-handoff-20261005/tooling-review/fixture-freeze/STATIC_CHECKS.json	cc4e176bf91941c0ba23860c0d44737b1736e3c1d0307b45a8b8a121eb3ed561	cc4e176bf91941c0ba23860c0d44737b1736e3c1d0307b45a8b8a121eb3ed561	RETAINED_EXACT
jcc-merge-recovery-20261006-history-02	m3/tooling/migration-recipes/src/main/resources/com/m3/rewrite/backport/jdk21-hash-pinned-text/jcc-merge-recovery-20261006-history-02/manifest.tsv	m3/tooling/migration-recipes/tasks/jcc-source-recovery-handoff-20261005/tooling-review/fixture-freeze/revision.diff	492a75974397e65dde54e1506efe612fe795532544a69b4f92a9579acf013768	492a75974397e65dde54e1506efe612fe795532544a69b4f92a9579acf013768	RETAINED_EXACT
jcc-merge-recovery-20261006-history-02	m3/tooling/migration-recipes/src/main/resources/com/m3/rewrite/backport/jdk21-hash-pinned-text/jcc-merge-recovery-20261006-history-02/manifest.tsv	m3/tooling/migration-recipes/tasks/jcc-source-recovery-handoff-20261005/tooling-review/initial/FILE_SEALS.json	d7358b6c30ea0306248e35f36fc3b1a8aba22b02a95e0d76882c3d1b97eb07aa	d7358b6c30ea0306248e35f36fc3b1a8aba22b02a95e0d76882c3d1b97eb07aa	RETAINED_EXACT
jcc-merge-recovery-20261006-history-02	m3/tooling/migration-recipes/src/main/resources/com/m3/rewrite/backport/jdk21-hash-pinned-text/jcc-merge-recovery-20261006-history-02/manifest.tsv	m3/tooling/migration-recipes/tasks/jcc-source-recovery-handoff-20261005/tooling-review/initial/INPUTS.json	195ff814b12c14f80cee26c2d86385315d1a4d9829315996be31a36f6a43cf4d	195ff814b12c14f80cee26c2d86385315d1a4d9829315996be31a36f6a43cf4d	RETAINED_EXACT
jcc-merge-recovery-20261006-history-02	m3/tooling/migration-recipes/src/main/resources/com/m3/rewrite/backport/jdk21-hash-pinned-text/jcc-merge-recovery-20261006-history-02/manifest.tsv	m3/tooling/migration-recipes/tasks/jcc-source-recovery-handoff-20261005/tooling-review/initial/REVIEW.json	7c5e70a0095e24dbec941b877d51e153f8f46fc67da3c803871766456603a3d3	7c5e70a0095e24dbec941b877d51e153f8f46fc67da3c803871766456603a3d3	RETAINED_EXACT
jcc-merge-recovery-20261006-history-02	m3/tooling/migration-recipes/src/main/resources/com/m3/rewrite/backport/jdk21-hash-pinned-text/jcc-merge-recovery-20261006-history-02/manifest.tsv	m3/tooling/migration-recipes/tasks/jcc-source-recovery-handoff-20261005/tooling-review/initial/REVIEW.md	3b79302b2797b99bae5013946e1196ca1f4b836c89c69a416cf1db7431684976	3b79302b2797b99bae5013946e1196ca1f4b836c89c69a416cf1db7431684976	RETAINED_EXACT
jcc-merge-recovery-20261006-history-02	m3/tooling/migration-recipes/src/main/resources/com/m3/rewrite/backport/jdk21-hash-pinned-text/jcc-merge-recovery-20261006-history-02/manifest.tsv	m3/tooling/migration-recipes/tasks/jcc-source-recovery-handoff-20261005/tooling-review/initial/STATIC_INPUT_CHECKS.json	fc6e7ae2fa63710e714e189722d0a2aa15b0d6a7944767e767b8ce13471a8014	fc6e7ae2fa63710e714e189722d0a2aa15b0d6a7944767e767b8ce13471a8014	RETAINED_EXACT
jcc-merge-recovery-20261006-history-02	m3/tooling/migration-recipes/src/main/resources/com/m3/rewrite/backport/jdk21-hash-pinned-text/jcc-merge-recovery-20261006-history-02/manifest.tsv	m3/tooling/migration-recipes/tasks/jcc-source-recovery-handoff-20261005/verification/01-check-E3-preimages.json	b23850ef1f1c67c35d91ae8c336be9e679423badbacee8d1b7c600ab5d999d1d	b23850ef1f1c67c35d91ae8c336be9e679423badbacee8d1b7c600ab5d999d1d	RETAINED_EXACT
jcc-merge-recovery-20261006-history-02	m3/tooling/migration-recipes/src/main/resources/com/m3/rewrite/backport/jdk21-hash-pinned-text/jcc-merge-recovery-20261006-history-02/manifest.tsv	m3/tooling/migration-recipes/tasks/jcc-source-recovery-handoff-20261005/verification/01-check-E3-preimages.stderr.log	e3b0c44298fc1c149afbf4c8996fb92427ae41e4649b934ca495991b7852b855	e3b0c44298fc1c149afbf4c8996fb92427ae41e4649b934ca495991b7852b855	RETAINED_EXACT
jcc-merge-recovery-20261006-history-02	m3/tooling/migration-recipes/src/main/resources/com/m3/rewrite/backport/jdk21-hash-pinned-text/jcc-merge-recovery-20261006-history-02/manifest.tsv	m3/tooling/migration-recipes/tasks/jcc-source-recovery-handoff-20261005/verification/01-check-E3-preimages.stdout.log	10f0c98cdab62eae01ae2826f952a9f5f7667d0350c537e47fb0d2c6ed65ad94	10f0c98cdab62eae01ae2826f952a9f5f7667d0350c537e47fb0d2c6ed65ad94	RETAINED_EXACT
jcc-merge-recovery-20261006-history-02	m3/tooling/migration-recipes/src/main/resources/com/m3/rewrite/backport/jdk21-hash-pinned-text/jcc-merge-recovery-20261006-history-02/manifest.tsv	m3/tooling/migration-recipes/tasks/jcc-source-recovery-handoff-20261005/verification/02-actual-text-recipe-maven.json	6493aa9abdf40f16768a9ef47f1e3f60f9313f3bb60fba97f903a3f53c729bf2	6493aa9abdf40f16768a9ef47f1e3f60f9313f3bb60fba97f903a3f53c729bf2	RETAINED_EXACT
jcc-merge-recovery-20261006-history-02	m3/tooling/migration-recipes/src/main/resources/com/m3/rewrite/backport/jdk21-hash-pinned-text/jcc-merge-recovery-20261006-history-02/manifest.tsv	m3/tooling/migration-recipes/tasks/jcc-source-recovery-handoff-20261005/verification/02-actual-text-recipe-maven.stderr.log	9ddf3781b5e43a87b1d67caac2bc4b251f9ce8d77c509c8369129f4b0359fd55	9ddf3781b5e43a87b1d67caac2bc4b251f9ce8d77c509c8369129f4b0359fd55	RETAINED_EXACT
jcc-merge-recovery-20261006-history-02	m3/tooling/migration-recipes/src/main/resources/com/m3/rewrite/backport/jdk21-hash-pinned-text/jcc-merge-recovery-20261006-history-02/manifest.tsv	m3/tooling/migration-recipes/tasks/jcc-source-recovery-handoff-20261005/verification/02-actual-text-recipe-maven.stdout.log	0138e46f20874e7da1ba8c669b91a258fea7cc4e53ae27c83271881ce8eaf6b0	0138e46f20874e7da1ba8c669b91a258fea7cc4e53ae27c83271881ce8eaf6b0	RETAINED_EXACT
jcc-merge-recovery-20261006-history-02	m3/tooling/migration-recipes/src/main/resources/com/m3/rewrite/backport/jdk21-hash-pinned-text/jcc-merge-recovery-20261006-history-02/manifest.tsv	m3/tooling/migration-recipes/tasks/jcc-source-recovery-handoff-20261005/verification/03-actual-packet-contract.json	feb59597ea3bbcfeed76abfb1b265c51098b75fd820c467496bfb5de3a6c9874	feb59597ea3bbcfeed76abfb1b265c51098b75fd820c467496bfb5de3a6c9874	RETAINED_EXACT
jcc-merge-recovery-20261006-history-02	m3/tooling/migration-recipes/src/main/resources/com/m3/rewrite/backport/jdk21-hash-pinned-text/jcc-merge-recovery-20261006-history-02/manifest.tsv	m3/tooling/migration-recipes/tasks/jcc-source-recovery-handoff-20261005/verification/03-actual-packet-contract.stderr.log	e19416824a0f98fc36b2be2534541ab8060148f0274a68398362c6ed3a33e827	e19416824a0f98fc36b2be2534541ab8060148f0274a68398362c6ed3a33e827	RETAINED_EXACT
jcc-merge-recovery-20261006-history-02	m3/tooling/migration-recipes/src/main/resources/com/m3/rewrite/backport/jdk21-hash-pinned-text/jcc-merge-recovery-20261006-history-02/manifest.tsv	m3/tooling/migration-recipes/tasks/jcc-source-recovery-handoff-20261005/verification/03-actual-packet-contract.stdout.log	e3b0c44298fc1c149afbf4c8996fb92427ae41e4649b934ca495991b7852b855	e3b0c44298fc1c149afbf4c8996fb92427ae41e4649b934ca495991b7852b855	RETAINED_EXACT
jcc-merge-recovery-20261006-history-02	m3/tooling/migration-recipes/src/main/resources/com/m3/rewrite/backport/jdk21-hash-pinned-text/jcc-merge-recovery-20261006-history-02/manifest.tsv	m3/tooling/migration-recipes/tasks/jcc-source-recovery-handoff-20261005/verification/04-apply.json	e0e7bc2be0cbb90d04ea82e3d00986861e2f2cc12e30cafeaeb38ce859072830	e0e7bc2be0cbb90d04ea82e3d00986861e2f2cc12e30cafeaeb38ce859072830	RETAINED_EXACT
jcc-merge-recovery-20261006-history-02	m3/tooling/migration-recipes/src/main/resources/com/m3/rewrite/backport/jdk21-hash-pinned-text/jcc-merge-recovery-20261006-history-02/manifest.tsv	m3/tooling/migration-recipes/tasks/jcc-source-recovery-handoff-20261005/verification/04-apply.stderr.log	e3b0c44298fc1c149afbf4c8996fb92427ae41e4649b934ca495991b7852b855	e3b0c44298fc1c149afbf4c8996fb92427ae41e4649b934ca495991b7852b855	RETAINED_EXACT
jcc-merge-recovery-20261006-history-02	m3/tooling/migration-recipes/src/main/resources/com/m3/rewrite/backport/jdk21-hash-pinned-text/jcc-merge-recovery-20261006-history-02/manifest.tsv	m3/tooling/migration-recipes/tasks/jcc-source-recovery-handoff-20261005/verification/04-apply.stdout.log	db1a0d7fed17da0f1f64299a6f38db109cc291e7da45800bf4603d3add73fd11	db1a0d7fed17da0f1f64299a6f38db109cc291e7da45800bf4603d3add73fd11	RETAINED_EXACT
jcc-merge-recovery-20261006-history-02	m3/tooling/migration-recipes/src/main/resources/com/m3/rewrite/backport/jdk21-hash-pinned-text/jcc-merge-recovery-20261006-history-02/manifest.tsv	m3/tooling/migration-recipes/tasks/jcc-source-recovery-handoff-20261005/verification/05-apply-fixed-point.json	610e555d607485e7a96fe9725a87b96c1cae5190e0222bcab2cda0dc7e34aa42	610e555d607485e7a96fe9725a87b96c1cae5190e0222bcab2cda0dc7e34aa42	RETAINED_EXACT
jcc-merge-recovery-20261006-history-02	m3/tooling/migration-recipes/src/main/resources/com/m3/rewrite/backport/jdk21-hash-pinned-text/jcc-merge-recovery-20261006-history-02/manifest.tsv	m3/tooling/migration-recipes/tasks/jcc-source-recovery-handoff-20261005/verification/05-apply-fixed-point.stderr.log	e3b0c44298fc1c149afbf4c8996fb92427ae41e4649b934ca495991b7852b855	e3b0c44298fc1c149afbf4c8996fb92427ae41e4649b934ca495991b7852b855	RETAINED_EXACT
jcc-merge-recovery-20261006-history-02	m3/tooling/migration-recipes/src/main/resources/com/m3/rewrite/backport/jdk21-hash-pinned-text/jcc-merge-recovery-20261006-history-02/manifest.tsv	m3/tooling/migration-recipes/tasks/jcc-source-recovery-handoff-20261005/verification/05-apply-fixed-point.stdout.log	c1888956bcb8c9fa2f5a52d7cdcf4ec3d997bdbda439b431051ac839c33f36a1	c1888956bcb8c9fa2f5a52d7cdcf4ec3d997bdbda439b431051ac839c33f36a1	RETAINED_EXACT
jcc-merge-recovery-20261006-history-02	m3/tooling/migration-recipes/src/main/resources/com/m3/rewrite/backport/jdk21-hash-pinned-text/jcc-merge-recovery-20261006-history-02/manifest.tsv	m3/tooling/migration-recipes/tasks/jcc-source-recovery-handoff-20261005/verification/06-rollback.json	16bd4e3768ed4f1cb5264b5473be6d06e4331bb4175b9752a31bc657793e9d53	16bd4e3768ed4f1cb5264b5473be6d06e4331bb4175b9752a31bc657793e9d53	RETAINED_EXACT
jcc-merge-recovery-20261006-history-02	m3/tooling/migration-recipes/src/main/resources/com/m3/rewrite/backport/jdk21-hash-pinned-text/jcc-merge-recovery-20261006-history-02/manifest.tsv	m3/tooling/migration-recipes/tasks/jcc-source-recovery-handoff-20261005/verification/06-rollback.stderr.log	e3b0c44298fc1c149afbf4c8996fb92427ae41e4649b934ca495991b7852b855	e3b0c44298fc1c149afbf4c8996fb92427ae41e4649b934ca495991b7852b855	RETAINED_EXACT
jcc-merge-recovery-20261006-history-02	m3/tooling/migration-recipes/src/main/resources/com/m3/rewrite/backport/jdk21-hash-pinned-text/jcc-merge-recovery-20261006-history-02/manifest.tsv	m3/tooling/migration-recipes/tasks/jcc-source-recovery-handoff-20261005/verification/06-rollback.stdout.log	5fc9f3ec131e0a0566699f38cc38809048fb229d27dbd59655f3b39795ef1d06	5fc9f3ec131e0a0566699f38cc38809048fb229d27dbd59655f3b39795ef1d06	RETAINED_EXACT
jcc-merge-recovery-20261006-history-02	m3/tooling/migration-recipes/src/main/resources/com/m3/rewrite/backport/jdk21-hash-pinned-text/jcc-merge-recovery-20261006-history-02/manifest.tsv	m3/tooling/migration-recipes/tasks/jcc-source-recovery-handoff-20261005/verification/07-replay.json	80e1d37222b678b47c7522fc4cebfbe311fe095afdd534b74e0b25cf0aab74e9	80e1d37222b678b47c7522fc4cebfbe311fe095afdd534b74e0b25cf0aab74e9	RETAINED_EXACT
jcc-merge-recovery-20261006-history-02	m3/tooling/migration-recipes/src/main/resources/com/m3/rewrite/backport/jdk21-hash-pinned-text/jcc-merge-recovery-20261006-history-02/manifest.tsv	m3/tooling/migration-recipes/tasks/jcc-source-recovery-handoff-20261005/verification/07-replay.stderr.log	e3b0c44298fc1c149afbf4c8996fb92427ae41e4649b934ca495991b7852b855	e3b0c44298fc1c149afbf4c8996fb92427ae41e4649b934ca495991b7852b855	RETAINED_EXACT
jcc-merge-recovery-20261006-history-02	m3/tooling/migration-recipes/src/main/resources/com/m3/rewrite/backport/jdk21-hash-pinned-text/jcc-merge-recovery-20261006-history-02/manifest.tsv	m3/tooling/migration-recipes/tasks/jcc-source-recovery-handoff-20261005/verification/07-replay.stdout.log	db1a0d7fed17da0f1f64299a6f38db109cc291e7da45800bf4603d3add73fd11	db1a0d7fed17da0f1f64299a6f38db109cc291e7da45800bf4603d3add73fd11	RETAINED_EXACT
jcc-merge-recovery-20261006-history-02	m3/tooling/migration-recipes/src/main/resources/com/m3/rewrite/backport/jdk21-hash-pinned-text/jcc-merge-recovery-20261006-history-02/manifest.tsv	m3/tooling/migration-recipes/tasks/jcc-source-recovery-handoff-20261005/verification/08-check-final.json	1340fbfdf8feaa6d4e330669c2a9eeeb28edbd9abd76ddb5d999bb29134b2171	1340fbfdf8feaa6d4e330669c2a9eeeb28edbd9abd76ddb5d999bb29134b2171	RETAINED_EXACT
jcc-merge-recovery-20261006-history-02	m3/tooling/migration-recipes/src/main/resources/com/m3/rewrite/backport/jdk21-hash-pinned-text/jcc-merge-recovery-20261006-history-02/manifest.tsv	m3/tooling/migration-recipes/tasks/jcc-source-recovery-handoff-20261005/verification/08-check-final.stderr.log	e3b0c44298fc1c149afbf4c8996fb92427ae41e4649b934ca495991b7852b855	e3b0c44298fc1c149afbf4c8996fb92427ae41e4649b934ca495991b7852b855	RETAINED_EXACT
jcc-merge-recovery-20261006-history-02	m3/tooling/migration-recipes/src/main/resources/com/m3/rewrite/backport/jdk21-hash-pinned-text/jcc-merge-recovery-20261006-history-02/manifest.tsv	m3/tooling/migration-recipes/tasks/jcc-source-recovery-handoff-20261005/verification/08-check-final.stdout.log	c1888956bcb8c9fa2f5a52d7cdcf4ec3d997bdbda439b431051ac839c33f36a1	c1888956bcb8c9fa2f5a52d7cdcf4ec3d997bdbda439b431051ac839c33f36a1	RETAINED_EXACT
jcc-merge-recovery-20261006-history-02	m3/tooling/migration-recipes/src/main/resources/com/m3/rewrite/backport/jdk21-hash-pinned-text/jcc-merge-recovery-20261006-history-02/manifest.tsv	m3/tooling/migration-recipes/tasks/jcc-source-recovery-handoff-20261005/verification/09-whole-map-validate.json	8e0a1f21b7b419a230e3bdc2631c58e6abcc4e5d0f133f4e981af4975af0d98c	8e0a1f21b7b419a230e3bdc2631c58e6abcc4e5d0f133f4e981af4975af0d98c	RETAINED_EXACT
jcc-merge-recovery-20261006-history-02	m3/tooling/migration-recipes/src/main/resources/com/m3/rewrite/backport/jdk21-hash-pinned-text/jcc-merge-recovery-20261006-history-02/manifest.tsv	m3/tooling/migration-recipes/tasks/jcc-source-recovery-handoff-20261005/verification/09-whole-map-validate.stderr.log	e3b0c44298fc1c149afbf4c8996fb92427ae41e4649b934ca495991b7852b855	e3b0c44298fc1c149afbf4c8996fb92427ae41e4649b934ca495991b7852b855	RETAINED_EXACT
jcc-merge-recovery-20261006-history-02	m3/tooling/migration-recipes/src/main/resources/com/m3/rewrite/backport/jdk21-hash-pinned-text/jcc-merge-recovery-20261006-history-02/manifest.tsv	m3/tooling/migration-recipes/tasks/jcc-source-recovery-handoff-20261005/verification/09-whole-map-validate.stdout.log	d4578b77ded4c87f33240fad4588e418b3157992288cbf4a1a4e38be14ece15b	d4578b77ded4c87f33240fad4588e418b3157992288cbf4a1a4e38be14ece15b	RETAINED_EXACT
jcc-merge-recovery-20261006-history-02	m3/tooling/migration-recipes/src/main/resources/com/m3/rewrite/backport/jdk21-hash-pinned-text/jcc-merge-recovery-20261006-history-02/manifest.tsv	m3/tooling/migration-recipes/tasks/jcc-source-recovery-handoff-20261005/verification/10-completion-remains-blocked.json	347e716e7e9e871d30f76f832a4de2f2c404407bae4ebb6d5c37b5722894f679	347e716e7e9e871d30f76f832a4de2f2c404407bae4ebb6d5c37b5722894f679	RETAINED_EXACT
jcc-merge-recovery-20261006-history-02	m3/tooling/migration-recipes/src/main/resources/com/m3/rewrite/backport/jdk21-hash-pinned-text/jcc-merge-recovery-20261006-history-02/manifest.tsv	m3/tooling/migration-recipes/tasks/jcc-source-recovery-handoff-20261005/verification/10-completion-remains-blocked.stderr.log	c4a5d6a265b1a39ec6254fe71bc9e58cd55a7658d9ea6d18ccff4cba24687b25	c4a5d6a265b1a39ec6254fe71bc9e58cd55a7658d9ea6d18ccff4cba24687b25	RETAINED_EXACT
jcc-merge-recovery-20261006-history-02	m3/tooling/migration-recipes/src/main/resources/com/m3/rewrite/backport/jdk21-hash-pinned-text/jcc-merge-recovery-20261006-history-02/manifest.tsv	m3/tooling/migration-recipes/tasks/jcc-source-recovery-handoff-20261005/verification/10-completion-remains-blocked.stdout.log	d4578b77ded4c87f33240fad4588e418b3157992288cbf4a1a4e38be14ece15b	d4578b77ded4c87f33240fad4588e418b3157992288cbf4a1a4e38be14ece15b	RETAINED_EXACT
jcc-merge-recovery-20261006-history-02	m3/tooling/migration-recipes/src/main/resources/com/m3/rewrite/backport/jdk21-hash-pinned-text/jcc-merge-recovery-20261006-history-02/manifest.tsv	m3/tooling/migration-recipes/tasks/jcc-source-recovery-handoff-20261005/verification/JccSourceRecoveryHandoffTest.xml	09d606a9675a7aa17a64945e499c8f8062bd75a42cce2ed53851309aa3efd001	09d606a9675a7aa17a64945e499c8f8062bd75a42cce2ed53851309aa3efd001	RETAINED_EXACT
jcc-merge-recovery-20261006-history-02	m3/tooling/migration-recipes/src/main/resources/com/m3/rewrite/backport/jdk21-hash-pinned-text/jcc-merge-recovery-20261006-history-02/manifest.tsv	m3/tooling/migration-recipes/tasks/jcc-source-recovery-handoff-20261005/verification/empty-maven-settings.xml	b546e42cf905023b479e33abc908fed827584e753d6402a372fb11fc1d343bca	b546e42cf905023b479e33abc908fed827584e753d6402a372fb11fc1d343bca	RETAINED_EXACT
jcc-merge-recovery-20261006-history-02	m3/tooling/migration-recipes/src/main/resources/com/m3/rewrite/backport/jdk21-hash-pinned-text/jcc-merge-recovery-20261006-history-02/manifest.tsv	m3/tooling/migration-recipes/tasks/jcc-source-recovery-handoff-20261005/verification/inputs.json	6367c7d343ece1f1547e4db7873180f4dfae6dda83212edadf0564e0a93bc341	6367c7d343ece1f1547e4db7873180f4dfae6dda83212edadf0564e0a93bc341	RETAINED_EXACT
jcc-merge-recovery-20261006-history-02	m3/tooling/migration-recipes/src/main/resources/com/m3/rewrite/backport/jdk21-hash-pinned-text/jcc-merge-recovery-20261006-history-02/manifest.tsv	m3/tooling/migration-recipes/tasks/jcc-source-recovery-handoff-20261005/verification/receipt.json	1f4ac9825d975520a04b7dc5ac1b282d96be32601c7abe2b0cfb676b0ff2df09	1f4ac9825d975520a04b7dc5ac1b282d96be32601c7abe2b0cfb676b0ff2df09	RETAINED_EXACT
jcc-merge-recovery-20261006-history-02	m3/tooling/migration-recipes/src/main/resources/com/m3/rewrite/backport/jdk21-hash-pinned-text/jcc-merge-recovery-20261006-history-02/manifest.tsv	m3/tooling/migration-recipes/tasks/jcc-source-recovery-handoff-20261005/work-tooling/DERIVATION_INPUTS_V3.json	0d494e5904854b3529e0fb72079cb8c4c9fab520e20077d0e68e6a1887e11b73	0d494e5904854b3529e0fb72079cb8c4c9fab520e20077d0e68e6a1887e11b73	RETAINED_EXACT
jcc-merge-recovery-20261006-history-02	m3/tooling/migration-recipes/src/main/resources/com/m3/rewrite/backport/jdk21-hash-pinned-text/jcc-merge-recovery-20261006-history-02/manifest.tsv	m3/tooling/migration-recipes/tasks/jcc-source-recovery-handoff-20261005/work-tooling/FINAL_SOURCE_INPUTS_V3.json	df6713ad19ce80daad0383fbd5c3716412e2dca133e1db7e0150b88e141313b5	df6713ad19ce80daad0383fbd5c3716412e2dca133e1db7e0150b88e141313b5	RETAINED_EXACT
jcc-merge-recovery-20261006-history-02	m3/tooling/migration-recipes/src/main/resources/com/m3/rewrite/backport/jdk21-hash-pinned-text/jcc-merge-recovery-20261006-history-02/manifest.tsv	m3/tooling/migration-recipes/tasks/jcc-source-recovery-handoff-20261005/work-tooling/author_e04_v3.py	db47c8ae008021e4a250004ae8631b1a40c9cd731c5c2001f41eacedac129359	db47c8ae008021e4a250004ae8631b1a40c9cd731c5c2001f41eacedac129359	RETAINED_EXACT
jcc-merge-recovery-20261006-history-02	m3/tooling/migration-recipes/src/main/resources/com/m3/rewrite/backport/jdk21-hash-pinned-text/jcc-merge-recovery-20261006-history-02/manifest.tsv	m3/tooling/migration-recipes/tasks/jcc-source-recovery-handoff-20261005/work-tooling/check_references_v3.py	521c18944616fe46a3e347860c25a7283e1b74674c594e40996c787e01e96b81	521c18944616fe46a3e347860c25a7283e1b74674c594e40996c787e01e96b81	RETAINED_EXACT
jcc-merge-recovery-20261006-history-02	m3/tooling/migration-recipes/src/main/resources/com/m3/rewrite/backport/jdk21-hash-pinned-text/jcc-merge-recovery-20261006-history-02/manifest.tsv	m3/tooling/migration-recipes/tasks/jcc-source-recovery-handoff-20261005/work-tooling/current-context/CONTEXT_REFERENCES.json	fbc460874aeb04a688ad0ed9b47ad8e3f3b37f88af09d0f32ecfeedc2827fbed	fbc460874aeb04a688ad0ed9b47ad8e3f3b37f88af09d0f32ecfeedc2827fbed	RETAINED_EXACT
jcc-merge-recovery-20261006-history-02	m3/tooling/migration-recipes/src/main/resources/com/m3/rewrite/backport/jdk21-hash-pinned-text/jcc-merge-recovery-20261006-history-02/manifest.tsv	m3/tooling/migration-recipes/tasks/jcc-source-recovery-handoff-20261005/work-tooling/custody-v3-proposal/LOCAL_EXPECTATIONS.json	548b98ef8531b369f4c378bfdebf681e514a5b46da15bcf32db9ab491a7ce8d5	548b98ef8531b369f4c378bfdebf681e514a5b46da15bcf32db9ab491a7ce8d5	RETAINED_EXACT
jcc-merge-recovery-20261006-history-02	m3/tooling/migration-recipes/src/main/resources/com/m3/rewrite/backport/jdk21-hash-pinned-text/jcc-merge-recovery-20261006-history-02/manifest.tsv	m3/tooling/migration-recipes/tasks/jcc-source-recovery-handoff-20261005/work-tooling/custody-v3-proposal/READINESS_T01.json	69722816b7744af9f4a1a69356b797616d04d54fae7008d438cf08131685b21b	69722816b7744af9f4a1a69356b797616d04d54fae7008d438cf08131685b21b	RETAINED_EXACT
jcc-merge-recovery-20261006-history-02	m3/tooling/migration-recipes/src/main/resources/com/m3/rewrite/backport/jdk21-hash-pinned-text/jcc-merge-recovery-20261006-history-02/manifest.tsv	m3/tooling/migration-recipes/tasks/jcc-source-recovery-handoff-20261005/work-tooling/custody-v3-proposal/READINESS_T02.json	d8a816935713d91745e7b341e0e2d58ae98e6aed36ee9bafba4567117771c406	d8a816935713d91745e7b341e0e2d58ae98e6aed36ee9bafba4567117771c406	RETAINED_EXACT
jcc-merge-recovery-20261006-history-02	m3/tooling/migration-recipes/src/main/resources/com/m3/rewrite/backport/jdk21-hash-pinned-text/jcc-merge-recovery-20261006-history-02/manifest.tsv	m3/tooling/migration-recipes/tasks/jcc-source-recovery-handoff-20261005/work-tooling/custody-v3-proposal/revisions/before-two-fixture-freeze/revision.diff	dfdfdbb915b7f26679d429c625ebbd5e7e7ed1eed00bb74deeed85e07243062a	dfdfdbb915b7f26679d429c625ebbd5e7e7ed1eed00bb74deeed85e07243062a	RETAINED_EXACT
jcc-merge-recovery-20261006-history-02	m3/tooling/migration-recipes/src/main/resources/com/m3/rewrite/backport/jdk21-hash-pinned-text/jcc-merge-recovery-20261006-history-02/manifest.tsv	m3/tooling/migration-recipes/tasks/jcc-source-recovery-handoff-20261005/work-tooling/derive_source_handoff_v3.py	0086ac594cf4e459b0bf903e8eea95a6aa38198b5d23cb6f140726afcd08f76b	0086ac594cf4e459b0bf903e8eea95a6aa38198b5d23cb6f140726afcd08f76b	RETAINED_EXACT
jcc-merge-recovery-20261006-history-02	m3/tooling/migration-recipes/src/main/resources/com/m3/rewrite/backport/jdk21-hash-pinned-text/jcc-merge-recovery-20261006-history-02/manifest.tsv	m3/tooling/migration-recipes/tasks/jcc-source-recovery-handoff-20261005/work-tooling/publication_custody_v3.py	46cf912b0f464caeb9718b08d22f9cdd5b74875e3ab614ccee19c7b0a4dae7b7	46cf912b0f464caeb9718b08d22f9cdd5b74875e3ab614ccee19c7b0a4dae7b7	RETAINED_EXACT
jcc-merge-recovery-20261006-history-02	m3/tooling/migration-recipes/src/main/resources/com/m3/rewrite/backport/jdk21-hash-pinned-text/jcc-merge-recovery-20261006-history-02/manifest.tsv	m3/tooling/migration-recipes/tasks/jcc-source-recovery-handoff-20261005/work-tooling/run_verification_v3.py	496e1877914e15f4342111c37020a2d58790038516b62872680427e585b21f50	496e1877914e15f4342111c37020a2d58790038516b62872680427e585b21f50	RETAINED_EXACT
jcc-merge-recovery-20261006-history-02	m3/tooling/migration-recipes/src/main/resources/com/m3/rewrite/backport/jdk21-hash-pinned-text/jcc-merge-recovery-20261006-history-02/manifest.tsv	m3/tooling/migration-recipes/tasks/jcc-source-recovery-handoff-20261005/work-tooling/seal_publication_v3.py	992ff5d18c611afe1b01d1ce941e07e84c76557ff1f3cab91b4fc25750a1ada7	992ff5d18c611afe1b01d1ce941e07e84c76557ff1f3cab91b4fc25750a1ada7	RETAINED_EXACT
jcc-merge-recovery-20261006-history-02	m3/tooling/migration-recipes/src/main/resources/com/m3/rewrite/backport/jdk21-hash-pinned-text/jcc-merge-recovery-20261006-history-02/manifest.tsv	m3/tooling/migration-recipes/tasks/jcc-source-recovery-handoff-20261005/work-tooling/source-prepublication/DESIGNATED_COMPARISON.json	39e7fe930028e5e7561414fbf8f75f247c634182c19648f6c0e6b6d0849d055a	39e7fe930028e5e7561414fbf8f75f247c634182c19648f6c0e6b6d0849d055a	RETAINED_EXACT
jcc-merge-recovery-20261006-history-02	m3/tooling/migration-recipes/src/main/resources/com/m3/rewrite/backport/jdk21-hash-pinned-text/jcc-merge-recovery-20261006-history-02/manifest.tsv	m3/tooling/migration-recipes/tasks/jcc-source-recovery-handoff-20261005/work-tooling/source-prepublication/PROOF_SELECTION.json	482431a3222b032443b76bb3f57395c097bad1ac161b90280123b3ad5764f650	482431a3222b032443b76bb3f57395c097bad1ac161b90280123b3ad5764f650	RETAINED_EXACT
jcc-merge-recovery-20261006-history-02	m3/tooling/migration-recipes/src/main/resources/com/m3/rewrite/backport/jdk21-hash-pinned-text/jcc-merge-recovery-20261006-history-02/manifest.tsv	m3/tooling/migration-recipes/verification/jcc-source-final-handoff/pom.xml	87410fdc613d15f549f155f676be3ba5ab535eb7e7b73eda45f4409fb6dd095a	87410fdc613d15f549f155f676be3ba5ab535eb7e7b73eda45f4409fb6dd095a	RETAINED_EXACT
jcc-merge-recovery-20261006-history-02	m3/tooling/migration-recipes/src/main/resources/com/m3/rewrite/backport/jdk21-hash-pinned-text/jcc-merge-recovery-20261006-history-02/manifest.tsv	m3/tooling/migration-recipes/verification/jcc-source-recovery-handoff/pom.xml	6ee0745e1927e2bb60e52e5f50af9b77e01d7f45063a35050e8151af2df81f55	6ee0745e1927e2bb60e52e5f50af9b77e01d7f45063a35050e8151af2df81f55	RETAINED_EXACT
jep458-java	m3/tooling/migration-recipes/src/main/resources/com/m3/rewrite/backport/jdk21-hash-pinned/jdk22-jep458-multifile-java/manifest.tsv	src/jdk.compiler/share/classes/com/sun/tools/javac/code/Preview.java	a8125e7682911aebee88b79df90902661c08b6938dc8584d2a4d9ca786f714ee	a8125e7682911aebee88b79df90902661c08b6938dc8584d2a4d9ca786f714ee	RETAINED_EXACT
jep458-java	m3/tooling/migration-recipes/src/main/resources/com/m3/rewrite/backport/jdk21-hash-pinned/jdk22-jep458-multifile-java/manifest.tsv	src/jdk.compiler/share/classes/com/sun/tools/javac/launcher/Fault.java	ea6dea5bdc8342d246a65e6520bb0bd8f5c1bc2a4050e4b21fb4a750b7395d01	ea6dea5bdc8342d246a65e6520bb0bd8f5c1bc2a4050e4b21fb4a750b7395d01	RETAINED_EXACT
jep458-java	m3/tooling/migration-recipes/src/main/resources/com/m3/rewrite/backport/jdk21-hash-pinned/jdk22-jep458-multifile-java/manifest.tsv	src/jdk.compiler/share/classes/com/sun/tools/javac/launcher/MemoryClassLoader.java	28fca3222f297b7ebc25598cfff30423f721313845733dbeacdff62b491aeb9e	28fca3222f297b7ebc25598cfff30423f721313845733dbeacdff62b491aeb9e	RETAINED_EXACT
jep458-java	m3/tooling/migration-recipes/src/main/resources/com/m3/rewrite/backport/jdk21-hash-pinned/jdk22-jep458-multifile-java/manifest.tsv	src/jdk.compiler/share/classes/com/sun/tools/javac/launcher/MemoryContext.java	b931e3f2fa7615a67be8c34bf41074f50e475c0f676db96a85485ecce072abc0	b931e3f2fa7615a67be8c34bf41074f50e475c0f676db96a85485ecce072abc0	RETAINED_EXACT
jep458-java	m3/tooling/migration-recipes/src/main/resources/com/m3/rewrite/backport/jdk21-hash-pinned/jdk22-jep458-multifile-java/manifest.tsv	src/jdk.compiler/share/classes/com/sun/tools/javac/launcher/MemoryFileManager.java	26a5b3cb994d4b582e9538a6bbd7778a94abcaf047014fb8f984b4fe2c298fc9	26a5b3cb994d4b582e9538a6bbd7778a94abcaf047014fb8f984b4fe2c298fc9	RETAINED_EXACT
jep458-java	m3/tooling/migration-recipes/src/main/resources/com/m3/rewrite/backport/jdk21-hash-pinned/jdk22-jep458-multifile-java/manifest.tsv	src/jdk.compiler/share/classes/com/sun/tools/javac/launcher/MemoryModuleFinder.java	784837a563756ec6f9fa71aed53849db06e1f30d835a9838a401d00efd3ae19c	784837a563756ec6f9fa71aed53849db06e1f30d835a9838a401d00efd3ae19c	RETAINED_EXACT
jep458-java	m3/tooling/migration-recipes/src/main/resources/com/m3/rewrite/backport/jdk21-hash-pinned/jdk22-jep458-multifile-java/manifest.tsv	src/jdk.compiler/share/classes/com/sun/tools/javac/launcher/ProgramDescriptor.java	c1342044fa7095949315397710e282444086d2e465a8988af2a9c6b88d1dd061	c1342044fa7095949315397710e282444086d2e465a8988af2a9c6b88d1dd061	RETAINED_EXACT
jep458-java	m3/tooling/migration-recipes/src/main/resources/com/m3/rewrite/backport/jdk21-hash-pinned/jdk22-jep458-multifile-java/manifest.tsv	src/jdk.compiler/share/classes/com/sun/tools/javac/launcher/ProgramFileObject.java	7b98756c484d250da48988c4f63f4556863f8d40544856f7ed2e537d9b0c9fa4	7b98756c484d250da48988c4f63f4556863f8d40544856f7ed2e537d9b0c9fa4	RETAINED_EXACT
jep458-java	m3/tooling/migration-recipes/src/main/resources/com/m3/rewrite/backport/jdk21-hash-pinned/jdk22-jep458-multifile-java/manifest.tsv	src/jdk.compiler/share/classes/com/sun/tools/javac/launcher/RelevantJavacOptions.java	590abf6d39fd3c83a764e362b527074b53113a7fac37001a31cd0d1dd948388b	590abf6d39fd3c83a764e362b527074b53113a7fac37001a31cd0d1dd948388b	RETAINED_EXACT
jep458-java	m3/tooling/migration-recipes/src/main/resources/com/m3/rewrite/backport/jdk21-hash-pinned/jdk22-jep458-multifile-java/manifest.tsv	src/jdk.compiler/share/classes/com/sun/tools/javac/launcher/Result.java	00a67e27dfbd9cbe5090b02eb8a77ccbb51960d471df60c35c19ccb8800fc2ed	00a67e27dfbd9cbe5090b02eb8a77ccbb51960d471df60c35c19ccb8800fc2ed	RETAINED_EXACT
jep458-java	m3/tooling/migration-recipes/src/main/resources/com/m3/rewrite/backport/jdk21-hash-pinned/jdk22-jep458-multifile-java/manifest.tsv	src/jdk.compiler/share/classes/com/sun/tools/javac/launcher/SourceLauncher.java	e88840c52b8d1d57a6202e1edc77584e1419d996e5f89c41e053bc6b0f7112c5	e88840c52b8d1d57a6202e1edc77584e1419d996e5f89c41e053bc6b0f7112c5	RETAINED_EXACT
jep458-java	m3/tooling/migration-recipes/src/main/resources/com/m3/rewrite/backport/jdk21-hash-pinned/jdk22-jep458-multifile-java/manifest.tsv	src/jdk.compiler/share/classes/com/sun/tools/javac/main/Option.java	604714c53846bf45cf5a60bad3906ec94a0741e599e6fb60fe6e19c0e115b722	604714c53846bf45cf5a60bad3906ec94a0741e599e6fb60fe6e19c0e115b722	RETAINED_EXACT
jep458-java	m3/tooling/migration-recipes/src/main/resources/com/m3/rewrite/backport/jdk21-hash-pinned/jdk22-jep458-multifile-java/manifest.tsv	test/langtools/tools/javac/launcher/BasicSourceLauncherTests.java	20ac6094200b19304a3df66dd9abdcbb296bf30a04e643d4fa8ffebca0443ada	20ac6094200b19304a3df66dd9abdcbb296bf30a04e643d4fa8ffebca0443ada	RETAINED_EXACT
jep458-java	m3/tooling/migration-recipes/src/main/resources/com/m3/rewrite/backport/jdk21-hash-pinned/jdk22-jep458-multifile-java/manifest.tsv	test/langtools/tools/javac/launcher/GetResourceTest.java	e96691270eb4a1b9dc1d24ec4534a6928c0da3c41ad682a1192dedb5a2a6fc1e	e96691270eb4a1b9dc1d24ec4534a6928c0da3c41ad682a1192dedb5a2a6fc1e	RETAINED_EXACT
jep458-java	m3/tooling/migration-recipes/src/main/resources/com/m3/rewrite/backport/jdk21-hash-pinned/jdk22-jep458-multifile-java/manifest.tsv	test/langtools/tools/javac/launcher/ModuleSourceLauncherTests.java	041ffa57b35e893897a0868ec9e0843faf3fa8fa2cb849d20178a2ffbc595c3e	041ffa57b35e893897a0868ec9e0843faf3fa8fa2cb849d20178a2ffbc595c3e	RETAINED_EXACT
jep458-java	m3/tooling/migration-recipes/src/main/resources/com/m3/rewrite/backport/jdk21-hash-pinned/jdk22-jep458-multifile-java/manifest.tsv	test/langtools/tools/javac/launcher/MultiFileSourceLauncherTests.java	6720ed7ca21d113ae3b9a35c8aa202da26826d75ad4afcee03a1db470f6e048b	6720ed7ca21d113ae3b9a35c8aa202da26826d75ad4afcee03a1db470f6e048b	RETAINED_EXACT
jep458-java	m3/tooling/migration-recipes/src/main/resources/com/m3/rewrite/backport/jdk21-hash-pinned/jdk22-jep458-multifile-java/manifest.tsv	test/langtools/tools/javac/launcher/ProgramDescriptorTests.java	6eb2adca875262a479c4557818b26cf0d5111556173624d90d78264c81e6a9e7	6eb2adca875262a479c4557818b26cf0d5111556173624d90d78264c81e6a9e7	RETAINED_EXACT
jep458-java	m3/tooling/migration-recipes/src/main/resources/com/m3/rewrite/backport/jdk21-hash-pinned/jdk22-jep458-multifile-java/manifest.tsv	test/langtools/tools/javac/launcher/Run.java	e47beaaaf542064dc1e9ccf3256b6ef0981824d6766c47106d809928576d659c	e47beaaaf542064dc1e9ccf3256b6ef0981824d6766c47106d809928576d659c	RETAINED_EXACT
jep458-java	m3/tooling/migration-recipes/src/main/resources/com/m3/rewrite/backport/jdk21-hash-pinned/jdk22-jep458-multifile-java/manifest.tsv	test/langtools/tools/javac/launcher/SourceLauncherTest.java	4b6453855a78988ccf4c7a7c2596190011f47dcccd494a49c2fc7834279886cf	4b6453855a78988ccf4c7a7c2596190011f47dcccd494a49c2fc7834279886cf	RETAINED_EXACT
jep458-java	m3/tooling/migration-recipes/src/main/resources/com/m3/rewrite/backport/jdk21-hash-pinned/jdk22-jep458-multifile-java/manifest.tsv	test/langtools/tools/javac/launcher/src/p/q/CLTest.java	a53a4ad6a6e38c069b02ec8091665f7f3facb5167563b323ac1d24780cb26d27	a53a4ad6a6e38c069b02ec8091665f7f3facb5167563b323ac1d24780cb26d27	RETAINED_EXACT
jep458-java	m3/tooling/migration-recipes/src/main/resources/com/m3/rewrite/backport/jdk21-hash-pinned/jdk22-jep458-multifile-java/manifest.tsv	test/langtools/tools/jdeps/listdeps/ListModuleDeps.java	a9b0b684f78b4e6daa77886ef4f62fcfffa78519ee71a8a1d79ee237cae6aa6c	a9b0b684f78b4e6daa77886ef4f62fcfffa78519ee71a8a1d79ee237cae6aa6c	RETAINED_EXACT
jep458-text	m3/tooling/migration-recipes/src/main/resources/com/m3/rewrite/backport/jdk21-hash-pinned-text/jdk22-jep458-multifile-text/manifest.tsv	make/CompileInterimLangtools.gmk	31872b750aa23c7aa4f67aac6a8d3f9de3679a9d2453174ca4b02a7b6ccd413e	31872b750aa23c7aa4f67aac6a8d3f9de3679a9d2453174ca4b02a7b6ccd413e	RETAINED_EXACT
jep458-text	m3/tooling/migration-recipes/src/main/resources/com/m3/rewrite/backport/jdk21-hash-pinned-text/jdk22-jep458-multifile-text/manifest.tsv	src/java.base/share/classes/module-info.java	7fd7f4b25571bf13fc3e2048b87d730e8346e29102fd4a4159c0144699df55a8	7fd7f4b25571bf13fc3e2048b87d730e8346e29102fd4a4159c0144699df55a8	RETAINED_EXACT
jep458-text	m3/tooling/migration-recipes/src/main/resources/com/m3/rewrite/backport/jdk21-hash-pinned-text/jdk22-jep458-multifile-text/manifest.tsv	src/java.base/share/classes/sun/launcher/resources/launcher.properties	0c730b868000918deb0063883430541af00df3185a86bcbd8b5f6cd994714334	0c730b868000918deb0063883430541af00df3185a86bcbd8b5f6cd994714334	RETAINED_EXACT
jep458-text	m3/tooling/migration-recipes/src/main/resources/com/m3/rewrite/backport/jdk21-hash-pinned-text/jdk22-jep458-multifile-text/manifest.tsv	src/java.base/share/native/libjli/java.c	6fbadcab56bd85135aff4d3005102d121ac2f55f295e09a92542554d7d3c3ea0	6fbadcab56bd85135aff4d3005102d121ac2f55f295e09a92542554d7d3c3ea0	RETAINED_EXACT
jep458-text	m3/tooling/migration-recipes/src/main/resources/com/m3/rewrite/backport/jdk21-hash-pinned-text/jdk22-jep458-multifile-text/manifest.tsv	src/jdk.compiler/share/classes/com/sun/tools/javac/resources/launcher.properties	d7da4ec3900f9cc21d082ffffe41f2d16caf7100a7fe8acd38d96938fbfc8eaf	d7da4ec3900f9cc21d082ffffe41f2d16caf7100a7fe8acd38d96938fbfc8eaf	RETAINED_EXACT
