sha256	bytes	path
91221b84b34c25270345b5e24b979d0188347bdeae8c66675acab92dd215a7d2	3711764	SOURCE-CLOSURE.json
89d43693f508c723e431296cc06f611c8de4f94df8eaddea95a2c7742feb0574	33814	package_evidence.py
1b6985cf694f8af90b66f6af725d350cc76def314ad2fd2c3d41fb223cc4ff03	1637	ph0/project/README.md
8015207ce502d22955f7f77697177e5939fa1e25be7cd74be89c639335ae48e6	12032	ph0/project/dependency-source/com/m3/rewrite/backport/M3Jdk21HashPinnedTextSnapshotRecipe.java
136984c5b58ba2c67dc9289b666fa8419e88cdef2afbe67447bd3e87b639e8a3	3704	ph0/project/pom.xml
551fbbe50dae727a7e5d9c8a3dc6f4c3b68fb241686184b71132c478350764e6	39830	ph0/project/proof.py
1a04d45e2a8f7d18cd8fbbc38535daaa482baec53dfc761ddf6c836b9906230d	544	ph0/project/src/main/resources/META-INF/rewrite/ph0-orders.yml
430c68447273c43287a0c8d076b452b2edda24dfece34aacea9f8f47cee3ad51	383	ph0/project/src/main/resources/META-INF/rewrite/ph0-phc.yml
dc47ddb048af9ca88df53439d6609ceb21c4f8cf86f20ec5cac92fb1d4a255d4	1184	ph0/project/src/main/resources/com/m3/rewrite/backport/jdk21-hash-pinned-text/ph0-phc/manifest.tsv
8c828850d86f96ba39ee8865e9b7461ffb9f26e0658a9c76f901118d36146460	79664	ph0/project/src/main/resources/com/m3/rewrite/backport/jdk21-hash-pinned-text/ph0-phc/target-1.txt
4b739b3bf6efa6dd47b2bb3fb2fa19daa399967d2f037519884cc69d7da8f33d	235249	ph0/project/src/main/resources/com/m3/rewrite/backport/jdk21-hash-pinned-text/ph0-phc/target-2.txt
523707713724ab3beacca8a7b9f38659a61c83bdd3940929e97487347e438c36	3300	ph0/project/src/main/resources/com/m3/rewrite/backport/jdk21-hash-pinned-text/ph0-phc/target-3.txt
ca9e687e6cb300b618f7853f11fe1739dd40609444529e26aacda3a032354131	18329	ph0/project/src/main/resources/com/m3/rewrite/backport/jdk21-hash-pinned-text/ph0-phc/target-4.txt
4b739b3bf6efa6dd47b2bb3fb2fa19daa399967d2f037519884cc69d7da8f33d	235249	ph0/project/src/main/resources/com/m3/rewrite/backport/jdk21-hash-pinned-text/ph0-phc/target-5.txt
54be76e9c6b6842a7600013a6e21c7127b4b48855d1341cd340aa5e01cf6f68e	439	ph0/project/src/main/resources/composition-orders.json
2e13cc1f232a9246c44d751694318be3e059f7e5ec5111ff2020d597d9e2b88f	3575	ph0/project/src/main/resources/qualification.json
58842fc926bc04894f9067f32906849f60f83e13024aca39704ec92be0c042dc	29506	ph0/project/src/test/java/com/synexia/rewrite/Ph0RecipeTest.java
13e26f49dac9f82ee8a01e828ead985a9896fcea195a27556741a88ea43ba74c	79672	ph0/project/src/test/resources/before/m3/tooling/image-gates/current-c0.json
68882a345277e74065e1f31fc85f07444eb7e3164a44a4226b629c80bfcb9843	235261	ph0/project/src/test/resources/before/m3/tooling/migration-recipes/src/main/resources/com/m3/rewrite/backport/jdk21-hash-pinned/jdk22-m3-string-history-convergence/10-Pattern.java.txt
1a713463413df2684791ef1a214db69a7e5b23da888e61983c6b4902cef9c639	3300	ph0/project/src/test/resources/before/m3/tooling/migration-recipes/src/main/resources/com/m3/rewrite/backport/jdk21-hash-pinned/jdk22-m3-string-history-convergence/manifest.tsv
ad8f41c47e2635f8863361cb790b1c2f53f394da58e449b60a229ba6722aba3d	18329	ph0/project/src/test/resources/before/m3/tooling/migration-recipes/src/test/resources/com/m3/rewrite/atom/spectrum/CORPUS.tsv
68882a345277e74065e1f31fc85f07444eb7e3164a44a4226b629c80bfcb9843	235261	ph0/project/src/test/resources/before/src/java.base/share/classes/java/util/regex/Pattern.java
5cc5f2cebed24dd64fc751d73ab9f3c3b1c5578e057bbbef6f96163026b90bfb	881	ph0/trials/producer-v1/PATCH.json
69f0cdbc45ced316f259d868ecb4f931fa275e6d9e1cbafbb65b1fd77ea9b9ec	8027	ph0/trials/producer-v1/RESULT.json
173874d5a9db28f177117c9ba4a9460604e8b5aad7e6b9400cca054834f07c6d	5161	ph0/trials/producer-v1/build-artifacts.json
989fc8de3491dcf98b73793743bd6b91c40c976e831781e7e75432b0d74efd1a	1865	ph0/trials/producer-v1/chain/01-static.json
e3b0c44298fc1c149afbf4c8996fb92427ae41e4649b934ca495991b7852b855	0	ph0/trials/producer-v1/chain/01-static.stderr.log
07229156ea1e15859895a7238f54076b507ffdf34c363323ee187b0a03205ffd	519	ph0/trials/producer-v1/chain/01-static.stdout.log
cd2fef90fa257c0ac5775f7474b5be7c46cbfd6fa72364c26ef836ca60192c61	2625	ph0/trials/producer-v1/chain/02-compile.json
e3b0c44298fc1c149afbf4c8996fb92427ae41e4649b934ca495991b7852b855	0	ph0/trials/producer-v1/chain/02-compile.stderr.log
3270885294ef8e97878a4ba1e83221744de08207e79fe6c9528c41840150b6bc	1467	ph0/trials/producer-v1/chain/02-compile.stdout.log
937c16d9ad8ec18bd9eb8dc5eb922385be4532deb03a5e3d279d02882d8c4b16	2940	ph0/trials/producer-v1/chain/03-tests.json
9ddf3781b5e43a87b1d67caac2bc4b251f9ce8d77c509c8369129f4b0359fd55	210	ph0/trials/producer-v1/chain/03-tests.stderr.log
a8405395f9639d3f6627c3f94ae4d0f461b6d4bb853c4ef192d04f7cbaf0cbd5	1231	ph0/trials/producer-v1/chain/03-tests.stdout.log
45f1833b8b8d6171164e83ea44c591c4291b3110d108b91155b839beac7dcb56	10357	ph0/trials/producer-v1/chain/04-runtime.json
9ddf3781b5e43a87b1d67caac2bc4b251f9ce8d77c509c8369129f4b0359fd55	210	ph0/trials/producer-v1/chain/04-runtime.stderr.log
7394c8ab2eb667c9786d12a11d3a48e55fc667ab67272cad7dfcf6a0272ea5aa	153	ph0/trials/producer-v1/chain/04-runtime.stdout.log
3eeb48def3b29e7f2f9d300904b852928b6c48e25f72702f60880fbed8db7ea5	11981	ph0/trials/producer-v1/commands.json
ba2ed5b84a02947382b7acb14908f1e1fbaac9c655ff31dc0a33508e09b83cfd	10288	ph0/trials/producer-v1/generated-candidate/OUTPUT.json
27152edff64a18b86531d8b289d114c167eb42916cf4680f3caa01aa2cd04611	166514	ph0/trials/producer-v1/generated-candidate/candidate.patch
e3b0c44298fc1c149afbf4c8996fb92427ae41e4649b934ca495991b7852b855	0	ph0/trials/producer-v1/generated-candidate/composition/Forward/01-Phc-replay.patch
27152edff64a18b86531d8b289d114c167eb42916cf4680f3caa01aa2cd04611	166514	ph0/trials/producer-v1/generated-candidate/composition/Forward/01-Phc.patch
e3b0c44298fc1c149afbf4c8996fb92427ae41e4649b934ca495991b7852b855	0	ph0/trials/producer-v1/generated-candidate/composition/Reverse/01-Phc-replay.patch
27152edff64a18b86531d8b289d114c167eb42916cf4680f3caa01aa2cd04611	166514	ph0/trials/producer-v1/generated-candidate/composition/Reverse/01-Phc.patch
8c828850d86f96ba39ee8865e9b7461ffb9f26e0658a9c76f901118d36146460	79664	ph0/trials/producer-v1/generated-candidate/m3/tooling/image-gates/current-c0.json
4b739b3bf6efa6dd47b2bb3fb2fa19daa399967d2f037519884cc69d7da8f33d	235249	ph0/trials/producer-v1/generated-candidate/m3/tooling/migration-recipes/src/main/resources/com/m3/rewrite/backport/jdk21-hash-pinned/jdk22-m3-string-history-convergence/10-Pattern.java.txt
523707713724ab3beacca8a7b9f38659a61c83bdd3940929e97487347e438c36	3300	ph0/trials/producer-v1/generated-candidate/m3/tooling/migration-recipes/src/main/resources/com/m3/rewrite/backport/jdk21-hash-pinned/jdk22-m3-string-history-convergence/manifest.tsv
ca9e687e6cb300b618f7853f11fe1739dd40609444529e26aacda3a032354131	18329	ph0/trials/producer-v1/generated-candidate/m3/tooling/migration-recipes/src/test/resources/com/m3/rewrite/atom/spectrum/CORPUS.tsv
4b739b3bf6efa6dd47b2bb3fb2fa19daa399967d2f037519884cc69d7da8f33d	235249	ph0/trials/producer-v1/generated-candidate/src/java.base/share/classes/java/util/regex/Pattern.java
0469951e2a4180ba05af5860711e3110779af159982fb190d6ba57714f1074ff	587224	ph0/trials/producer-v1/inputs.json
a77dcd4a04bdc6b5e33f51e88b108c68edacdab0a53ad3e4257abcf8c97eb1d3	682	ph0/trials/producer-v1/junit.json
1b6985cf694f8af90b66f6af725d350cc76def314ad2fd2c3d41fb223cc4ff03	1637	ph0/trials/producer-v1/project/README.md
8015207ce502d22955f7f77697177e5939fa1e25be7cd74be89c639335ae48e6	12032	ph0/trials/producer-v1/project/dependency-source/com/m3/rewrite/backport/M3Jdk21HashPinnedTextSnapshotRecipe.java
136984c5b58ba2c67dc9289b666fa8419e88cdef2afbe67447bd3e87b639e8a3	3704	ph0/trials/producer-v1/project/pom.xml
551fbbe50dae727a7e5d9c8a3dc6f4c3b68fb241686184b71132c478350764e6	39830	ph0/trials/producer-v1/project/proof.py
1a04d45e2a8f7d18cd8fbbc38535daaa482baec53dfc761ddf6c836b9906230d	544	ph0/trials/producer-v1/project/src/main/resources/META-INF/rewrite/ph0-orders.yml
430c68447273c43287a0c8d076b452b2edda24dfece34aacea9f8f47cee3ad51	383	ph0/trials/producer-v1/project/src/main/resources/META-INF/rewrite/ph0-phc.yml
dc47ddb048af9ca88df53439d6609ceb21c4f8cf86f20ec5cac92fb1d4a255d4	1184	ph0/trials/producer-v1/project/src/main/resources/com/m3/rewrite/backport/jdk21-hash-pinned-text/ph0-phc/manifest.tsv
8c828850d86f96ba39ee8865e9b7461ffb9f26e0658a9c76f901118d36146460	79664	ph0/trials/producer-v1/project/src/main/resources/com/m3/rewrite/backport/jdk21-hash-pinned-text/ph0-phc/target-1.txt
4b739b3bf6efa6dd47b2bb3fb2fa19daa399967d2f037519884cc69d7da8f33d	235249	ph0/trials/producer-v1/project/src/main/resources/com/m3/rewrite/backport/jdk21-hash-pinned-text/ph0-phc/target-2.txt
523707713724ab3beacca8a7b9f38659a61c83bdd3940929e97487347e438c36	3300	ph0/trials/producer-v1/project/src/main/resources/com/m3/rewrite/backport/jdk21-hash-pinned-text/ph0-phc/target-3.txt
ca9e687e6cb300b618f7853f11fe1739dd40609444529e26aacda3a032354131	18329	ph0/trials/producer-v1/project/src/main/resources/com/m3/rewrite/backport/jdk21-hash-pinned-text/ph0-phc/target-4.txt
4b739b3bf6efa6dd47b2bb3fb2fa19daa399967d2f037519884cc69d7da8f33d	235249	ph0/trials/producer-v1/project/src/main/resources/com/m3/rewrite/backport/jdk21-hash-pinned-text/ph0-phc/target-5.txt
54be76e9c6b6842a7600013a6e21c7127b4b48855d1341cd340aa5e01cf6f68e	439	ph0/trials/producer-v1/project/src/main/resources/composition-orders.json
2e13cc1f232a9246c44d751694318be3e059f7e5ec5111ff2020d597d9e2b88f	3575	ph0/trials/producer-v1/project/src/main/resources/qualification.json
58842fc926bc04894f9067f32906849f60f83e13024aca39704ec92be0c042dc	29506	ph0/trials/producer-v1/project/src/test/java/com/synexia/rewrite/Ph0RecipeTest.java
13e26f49dac9f82ee8a01e828ead985a9896fcea195a27556741a88ea43ba74c	79672	ph0/trials/producer-v1/project/src/test/resources/before/m3/tooling/image-gates/current-c0.json
68882a345277e74065e1f31fc85f07444eb7e3164a44a4226b629c80bfcb9843	235261	ph0/trials/producer-v1/project/src/test/resources/before/m3/tooling/migration-recipes/src/main/resources/com/m3/rewrite/backport/jdk21-hash-pinned/jdk22-m3-string-history-convergence/10-Pattern.java.txt
1a713463413df2684791ef1a214db69a7e5b23da888e61983c6b4902cef9c639	3300	ph0/trials/producer-v1/project/src/test/resources/before/m3/tooling/migration-recipes/src/main/resources/com/m3/rewrite/backport/jdk21-hash-pinned/jdk22-m3-string-history-convergence/manifest.tsv
ad8f41c47e2635f8863361cb790b1c2f53f394da58e449b60a229ba6722aba3d	18329	ph0/trials/producer-v1/project/src/test/resources/before/m3/tooling/migration-recipes/src/test/resources/com/m3/rewrite/atom/spectrum/CORPUS.tsv
68882a345277e74065e1f31fc85f07444eb7e3164a44a4226b629c80bfcb9843	235261	ph0/trials/producer-v1/project/src/test/resources/before/src/java.base/share/classes/java/util/regex/Pattern.java
1a04d45e2a8f7d18cd8fbbc38535daaa482baec53dfc761ddf6c836b9906230d	544	ph0/trials/producer-v1/project/target/classes/META-INF/rewrite/ph0-orders.yml
430c68447273c43287a0c8d076b452b2edda24dfece34aacea9f8f47cee3ad51	383	ph0/trials/producer-v1/project/target/classes/META-INF/rewrite/ph0-phc.yml
dc47ddb048af9ca88df53439d6609ceb21c4f8cf86f20ec5cac92fb1d4a255d4	1184	ph0/trials/producer-v1/project/target/classes/com/m3/rewrite/backport/jdk21-hash-pinned-text/ph0-phc/manifest.tsv
8c828850d86f96ba39ee8865e9b7461ffb9f26e0658a9c76f901118d36146460	79664	ph0/trials/producer-v1/project/target/classes/com/m3/rewrite/backport/jdk21-hash-pinned-text/ph0-phc/target-1.txt
4b739b3bf6efa6dd47b2bb3fb2fa19daa399967d2f037519884cc69d7da8f33d	235249	ph0/trials/producer-v1/project/target/classes/com/m3/rewrite/backport/jdk21-hash-pinned-text/ph0-phc/target-2.txt
523707713724ab3beacca8a7b9f38659a61c83bdd3940929e97487347e438c36	3300	ph0/trials/producer-v1/project/target/classes/com/m3/rewrite/backport/jdk21-hash-pinned-text/ph0-phc/target-3.txt
ca9e687e6cb300b618f7853f11fe1739dd40609444529e26aacda3a032354131	18329	ph0/trials/producer-v1/project/target/classes/com/m3/rewrite/backport/jdk21-hash-pinned-text/ph0-phc/target-4.txt
4b739b3bf6efa6dd47b2bb3fb2fa19daa399967d2f037519884cc69d7da8f33d	235249	ph0/trials/producer-v1/project/target/classes/com/m3/rewrite/backport/jdk21-hash-pinned-text/ph0-phc/target-5.txt
54be76e9c6b6842a7600013a6e21c7127b4b48855d1341cd340aa5e01cf6f68e	439	ph0/trials/producer-v1/project/target/classes/composition-orders.json
2e13cc1f232a9246c44d751694318be3e059f7e5ec5111ff2020d597d9e2b88f	3575	ph0/trials/producer-v1/project/target/classes/qualification.json
4df320aef2448cbc442ffc9ba268ac9c874de9e1f4be822fe60e5acfb3837e53	351	ph0/trials/producer-v1/project/target/maven-status/maven-compiler-plugin/compile/default-compile/createdFiles.lst
4abe9a89cf140f2a7410f0a5abecb361bac430fe7430bc0220c6dfc33932d28a	208	ph0/trials/producer-v1/project/target/maven-status/maven-compiler-plugin/compile/default-compile/inputFiles.lst
fc3a7b442ad6d3370102710bc29e31360813742b1912d0126705ead5b5082757	293	ph0/trials/producer-v1/project/target/maven-status/maven-compiler-plugin/testCompile/default-testCompile/createdFiles.lst
8b3b9c5ffb250636aaf48c1410bf25cfe4a17b72109e394839349fecba7d4241	178	ph0/trials/producer-v1/project/target/maven-status/maven-compiler-plugin/testCompile/default-testCompile/inputFiles.lst
33185ef7d037e71242d682360b4d03c7fc50c6efd2dcf1a56f9fb07c69a78ced	21294	ph0/trials/producer-v1/project/target/surefire-reports/TEST-com.synexia.rewrite.Ph0RecipeTest.xml
ecb8ea48960ca64c168f6e55708114d08bd9b0e7df421be157d072a0227c30ff	316	ph0/trials/producer-v1/project/target/surefire-reports/com.synexia.rewrite.Ph0RecipeTest.txt
13e26f49dac9f82ee8a01e828ead985a9896fcea195a27556741a88ea43ba74c	79672	ph0/trials/producer-v1/project/target/test-classes/before/m3/tooling/image-gates/current-c0.json
68882a345277e74065e1f31fc85f07444eb7e3164a44a4226b629c80bfcb9843	235261	ph0/trials/producer-v1/project/target/test-classes/before/m3/tooling/migration-recipes/src/main/resources/com/m3/rewrite/backport/jdk21-hash-pinned/jdk22-m3-string-history-convergence/10-Pattern.java.txt
1a713463413df2684791ef1a214db69a7e5b23da888e61983c6b4902cef9c639	3300	ph0/trials/producer-v1/project/target/test-classes/before/m3/tooling/migration-recipes/src/main/resources/com/m3/rewrite/backport/jdk21-hash-pinned/jdk22-m3-string-history-convergence/manifest.tsv
ad8f41c47e2635f8863361cb790b1c2f53f394da58e449b60a229ba6722aba3d	18329	ph0/trials/producer-v1/project/target/test-classes/before/m3/tooling/migration-recipes/src/test/resources/com/m3/rewrite/atom/spectrum/CORPUS.tsv
68882a345277e74065e1f31fc85f07444eb7e3164a44a4226b629c80bfcb9843	235261	ph0/trials/producer-v1/project/target/test-classes/before/src/java.base/share/classes/java/util/regex/Pattern.java
2c097bfcbe0c609c369f230419d3e34d95cc064f3d0b7550b05455bd998e6e12	7315	ph0/trials/producer-v1/runtime-classpath.txt
7b9ff0ab049015cf3a39aa44fc530a130b6c5e6b218f35705c6f941896b58751	4416	ph0/trials/producer-v1/runtime.json
b0a130674e8a079a946249c27138e1de65d3de130edcab51c4f3dc21460022dc	120127	ph0/trials/producer-v1/spec.json
5b7b3108bab5cd8fd4f4cadadbe3712501f415a92a434636552b04acd79292fc	8103	ph0/trials/producer-v1/staging.json
06d4923c9b8a9389e3eb6463f028829fd89dca7c6d9b0599ef4239317a8b0c9d	97386	ph0/trials/producer-v1/tool-links.json
90af4ddd3e71e4914f8a4bb42161d4430240258c0eceaf117bd81a27fc9cf316	14388	ph0/trials/producer-v1/tooling.json
387ef4bb049c945aa67d8aa2496c5fadc4d3909e6da24615a5591ce2032d2010	320764	sources/base-refresh-20261006-0443/native/fc0-supplemental-bindings-v1/MIGRATION-PYTHON-BINDING.json
367a3a734eb51fd7fbc242e544324ca6df7996a50e7d80b8c3360a2572369540	5795	sources/base-refresh-20261006-0443/native/sc0-supplemental-bindings-v1/SEQUENTIAL-CONTEXTS.json
f906d0855a72f30b67b6e802277cb54e834d0ba9f7aaecfbad83a590d1c9c007	356675	sources/current-integration-repairs/pattern-current-parse-diagnostic-v1/CLASSPATH.json
fff9f839f8acec4d0ec7228d5f9ee4e59fb3033affdb5ef206f7d9675d66af0f	13160	sources/current-integration-repairs/pattern-hidden-comment-c0-authoring-v1/CONTEXT.json
412a89dddc36fa0b04a32fd78d942793028d1d45babc96c097561bf45e6ae181	4800	sources/current-integration-repairs/pattern-hidden-comment-c0-authoring-v1/FIXTURE-PLAN.json
99f6bb52dbaed58abee26e4d91bdd4304d44dc4a041b3cfa398601959bc56940	28106	sources/current-integration-repairs/pattern-hidden-comment-c0-authoring-v1/HANDOFF.json
d9d57252a02f50df1284a98c8dbdb96ca10493be7d60080aa3e60078b908a612	6674	sources/current-integration-repairs/pattern-hidden-comment-c0-authoring-v1/ROOT-STATIC-REVIEW-v1.json
8c828850d86f96ba39ee8865e9b7461ffb9f26e0658a9c76f901118d36146460	79664	sources/current-integration-repairs/pattern-hidden-comment-c0-authoring-v1/after/m3/tooling/image-gates/current-c0.json
4b739b3bf6efa6dd47b2bb3fb2fa19daa399967d2f037519884cc69d7da8f33d	235249	sources/current-integration-repairs/pattern-hidden-comment-c0-authoring-v1/after/m3/tooling/migration-recipes/src/main/resources/com/m3/rewrite/backport/jdk21-hash-pinned/jdk22-m3-string-history-convergence/10-Pattern.java.txt
523707713724ab3beacca8a7b9f38659a61c83bdd3940929e97487347e438c36	3300	sources/current-integration-repairs/pattern-hidden-comment-c0-authoring-v1/after/m3/tooling/migration-recipes/src/main/resources/com/m3/rewrite/backport/jdk21-hash-pinned/jdk22-m3-string-history-convergence/manifest.tsv
ca9e687e6cb300b618f7853f11fe1739dd40609444529e26aacda3a032354131	18329	sources/current-integration-repairs/pattern-hidden-comment-c0-authoring-v1/after/m3/tooling/migration-recipes/src/test/resources/com/m3/rewrite/atom/spectrum/CORPUS.tsv
4b739b3bf6efa6dd47b2bb3fb2fa19daa399967d2f037519884cc69d7da8f33d	235249	sources/current-integration-repairs/pattern-hidden-comment-c0-authoring-v1/after/src/java.base/share/classes/java/util/regex/Pattern.java
13e26f49dac9f82ee8a01e828ead985a9896fcea195a27556741a88ea43ba74c	79672	sources/current-integration-repairs/pattern-hidden-comment-c0-authoring-v1/before/m3/tooling/image-gates/current-c0.json
68882a345277e74065e1f31fc85f07444eb7e3164a44a4226b629c80bfcb9843	235261	sources/current-integration-repairs/pattern-hidden-comment-c0-authoring-v1/before/m3/tooling/migration-recipes/src/main/resources/com/m3/rewrite/backport/jdk21-hash-pinned/jdk22-m3-string-history-convergence/10-Pattern.java.txt
1a713463413df2684791ef1a214db69a7e5b23da888e61983c6b4902cef9c639	3300	sources/current-integration-repairs/pattern-hidden-comment-c0-authoring-v1/before/m3/tooling/migration-recipes/src/main/resources/com/m3/rewrite/backport/jdk21-hash-pinned/jdk22-m3-string-history-convergence/manifest.tsv
ad8f41c47e2635f8863361cb790b1c2f53f394da58e449b60a229ba6722aba3d	18329	sources/current-integration-repairs/pattern-hidden-comment-c0-authoring-v1/before/m3/tooling/migration-recipes/src/test/resources/com/m3/rewrite/atom/spectrum/CORPUS.tsv
68882a345277e74065e1f31fc85f07444eb7e3164a44a4226b629c80bfcb9843	235261	sources/current-integration-repairs/pattern-hidden-comment-c0-authoring-v1/before/src/java.base/share/classes/java/util/regex/Pattern.java
64a15c27a2edb3a4da7911abd48c831148e1ac3cf00c97e608e7833ad1e781cb	165136	sources/current-integration-repairs/pattern-hidden-comment-c0-authoring-v1/candidate.patch
c113c20e621ac53453e7f555289f3ffb6b95934b392e00d61924aa482d271900	21266	sources/current-integration-repairs/pattern-hidden-comment-c0-authoring-v1/fixture/PatternHiddenCommentContract.java
4e0df43d5356183311646bbbceda73b68616dc3331adfa7f41bd038a9ece9ccd	6128	sources/current-integration-repairs/pattern-hidden-comment-c0-authoring-v1/fixture/test_pattern_hidden_metadata.py
058aed0d54081ce4b94eb2e49eb7c249b1a5bd042da53a55d18248055406cab4	18651	sources/current-integration-repairs/pattern-hidden-comment-c0-authoring-v1/independent-static-review-v1/CHECKED-PINS.json
d26f3310cecedd300249e1336431c4d5d216971a2385c16c661bfe0ade5006c1	3255	sources/current-integration-repairs/pattern-hidden-comment-c0-authoring-v1/independent-static-review-v1/CORRECTION-v1.json
d869bc2888c7736bea0ef33b4deda4e12a47a127a4f8d23d706183c235877309	12897	sources/current-integration-repairs/pattern-hidden-comment-c0-authoring-v1/independent-static-review-v1/FIXTURE-DELTA.diff
e336ef99106a4009a8aa3c8e815e6704473e781a2a110bd303ad23bd9d211b23	12725	sources/current-integration-repairs/pattern-hidden-comment-c0-authoring-v1/independent-static-review-v1/REVIEW.json
8cbd439235c592ecc98eb2a26f8494108c18a6521e715431ca1bec6db1e0b170	235235	sources/current-integration-repairs/pattern-hidden-comment-c0-authoring-v1/original-before/m3/tooling/migration-recipes/src/main/resources/com/m3/rewrite/backport/jdk21-hash-pinned/jdk22-m3-string-history-convergence/10-Pattern.java.txt
8cbd439235c592ecc98eb2a26f8494108c18a6521e715431ca1bec6db1e0b170	235235	sources/current-integration-repairs/pattern-hidden-comment-c0-authoring-v1/original-before/src/java.base/share/classes/java/util/regex/Pattern.java
9407d72859629ff18b1b22796368bda50c9d4e588072aea541c36d44b8bb7dc6	48860	sources/current-integration-repairs/pattern-hidden-comment-c0-authoring-v1/protected/m3/runtime-integration/check-m3string-invariants.py
6d1f13d20bca007ab2d0b358fdee7bf4bdc1d1e6003a87cb9451b5e7c2975194	778	sources/current-integration-repairs/pattern-hidden-comment-c0-authoring-v1/protected/m3/runtime-integration/fix-root-ascii-case/manifest.json
acd49abfe66383ae325ced5adf371716f76eb164749ddb2e19a0dcf5638a4e96	8723	sources/current-integration-repairs/pattern-hidden-comment-c0-authoring-v1/protected/m3/tooling/image-gates/src/test/python/test_current_context.py
924f82ab0df19c7c24a9c208c93880fab36da2c9216572c33b4219d6c0208f64	16970	sources/current-integration-repairs/pattern-hidden-comment-c0-authoring-v1/protected/m3/tooling/image-gates/verify-current.py
0e65b26f674f68fea30151ea63a17faef2f88ca0f0679723bb3dc230fda22b72	13233	sources/current-integration-repairs/pattern-hidden-comment-c0-authoring-v1/protected/m3/tooling/migration-recipes/src/main/java/com/m3/rewrite/backport/M3Jdk21HashPinnedSnapshotRecipe.java
8015207ce502d22955f7f77697177e5939fa1e25be7cd74be89c639335ae48e6	12032	sources/current-integration-repairs/pattern-hidden-comment-c0-authoring-v1/protected/m3/tooling/migration-recipes/src/main/java/com/m3/rewrite/backport/M3Jdk21HashPinnedTextSnapshotRecipe.java
38fbd2b10ab5f1458cdb62defac5cfbcd2aad6166c1c70212e2f0ff458e860b1	8166	sources/current-integration-repairs/pattern-hidden-comment-c0-authoring-v1/protected/m3/tooling/migration-recipes/src/test/java/com/m3/rewrite/backport/M3StringHistoryConvergenceRecipeTest.java
1fd4c8d856e7de971c874936ef8561167041cd3c087e6ad8796d3225cc6087dc	51207	sources/current-integration-repairs/pattern-hidden-comment-c0-authoring-v1/protected/test/jdk/java/lang/String/M3StringPrecomputeSearchTest.java
dc47ddb048af9ca88df53439d6609ceb21c4f8cf86f20ec5cac92fb1d4a255d4	1184	sources/current-integration-repairs/pattern-hidden-comment-c0-authoring-v1/resources/com/m3/rewrite/backport/jdk21-hash-pinned-text/phc-current-c0/manifest.tsv
8c828850d86f96ba39ee8865e9b7461ffb9f26e0658a9c76f901118d36146460	79664	sources/current-integration-repairs/pattern-hidden-comment-c0-authoring-v1/resources/com/m3/rewrite/backport/jdk21-hash-pinned-text/phc-current-c0/target-1.txt
4b739b3bf6efa6dd47b2bb3fb2fa19daa399967d2f037519884cc69d7da8f33d	235249	sources/current-integration-repairs/pattern-hidden-comment-c0-authoring-v1/resources/com/m3/rewrite/backport/jdk21-hash-pinned-text/phc-current-c0/target-2.txt
523707713724ab3beacca8a7b9f38659a61c83bdd3940929e97487347e438c36	3300	sources/current-integration-repairs/pattern-hidden-comment-c0-authoring-v1/resources/com/m3/rewrite/backport/jdk21-hash-pinned-text/phc-current-c0/target-3.txt
ca9e687e6cb300b618f7853f11fe1739dd40609444529e26aacda3a032354131	18329	sources/current-integration-repairs/pattern-hidden-comment-c0-authoring-v1/resources/com/m3/rewrite/backport/jdk21-hash-pinned-text/phc-current-c0/target-4.txt
4b739b3bf6efa6dd47b2bb3fb2fa19daa399967d2f037519884cc69d7da8f33d	235249	sources/current-integration-repairs/pattern-hidden-comment-c0-authoring-v1/resources/com/m3/rewrite/backport/jdk21-hash-pinned-text/phc-current-c0/target-5.txt
80d83f8cee9b5f6dabce9054945c545d36e15f5ede90de69855de1f0dd09d6dc	13160	sources/current-integration-repairs/pattern-hidden-comment-c0-authoring-v2/CONTEXT.json
bba7ede027b4cd272a7de2a415438999b932350ec5ddb325c9e876e72c7b4c72	5789	sources/current-integration-repairs/pattern-hidden-comment-c0-authoring-v2/FIXTURE-PLAN.json
d3be86697f54ae3f8c4eeafa01b6f30f3ad4c17fbab5c5928505284b2ddb6010	29907	sources/current-integration-repairs/pattern-hidden-comment-c0-authoring-v2/HANDOFF.json
d9d57252a02f50df1284a98c8dbdb96ca10493be7d60080aa3e60078b908a612	6674	sources/current-integration-repairs/pattern-hidden-comment-c0-authoring-v2/ROOT-STATIC-REVIEW-v1.json
8c828850d86f96ba39ee8865e9b7461ffb9f26e0658a9c76f901118d36146460	79664	sources/current-integration-repairs/pattern-hidden-comment-c0-authoring-v2/after/m3/tooling/image-gates/current-c0.json
4b739b3bf6efa6dd47b2bb3fb2fa19daa399967d2f037519884cc69d7da8f33d	235249	sources/current-integration-repairs/pattern-hidden-comment-c0-authoring-v2/after/m3/tooling/migration-recipes/src/main/resources/com/m3/rewrite/backport/jdk21-hash-pinned/jdk22-m3-string-history-convergence/10-Pattern.java.txt
523707713724ab3beacca8a7b9f38659a61c83bdd3940929e97487347e438c36	3300	sources/current-integration-repairs/pattern-hidden-comment-c0-authoring-v2/after/m3/tooling/migration-recipes/src/main/resources/com/m3/rewrite/backport/jdk21-hash-pinned/jdk22-m3-string-history-convergence/manifest.tsv
ca9e687e6cb300b618f7853f11fe1739dd40609444529e26aacda3a032354131	18329	sources/current-integration-repairs/pattern-hidden-comment-c0-authoring-v2/after/m3/tooling/migration-recipes/src/test/resources/com/m3/rewrite/atom/spectrum/CORPUS.tsv
4b739b3bf6efa6dd47b2bb3fb2fa19daa399967d2f037519884cc69d7da8f33d	235249	sources/current-integration-repairs/pattern-hidden-comment-c0-authoring-v2/after/src/java.base/share/classes/java/util/regex/Pattern.java
13e26f49dac9f82ee8a01e828ead985a9896fcea195a27556741a88ea43ba74c	79672	sources/current-integration-repairs/pattern-hidden-comment-c0-authoring-v2/before/m3/tooling/image-gates/current-c0.json
68882a345277e74065e1f31fc85f07444eb7e3164a44a4226b629c80bfcb9843	235261	sources/current-integration-repairs/pattern-hidden-comment-c0-authoring-v2/before/m3/tooling/migration-recipes/src/main/resources/com/m3/rewrite/backport/jdk21-hash-pinned/jdk22-m3-string-history-convergence/10-Pattern.java.txt
1a713463413df2684791ef1a214db69a7e5b23da888e61983c6b4902cef9c639	3300	sources/current-integration-repairs/pattern-hidden-comment-c0-authoring-v2/before/m3/tooling/migration-recipes/src/main/resources/com/m3/rewrite/backport/jdk21-hash-pinned/jdk22-m3-string-history-convergence/manifest.tsv
ad8f41c47e2635f8863361cb790b1c2f53f394da58e449b60a229ba6722aba3d	18329	sources/current-integration-repairs/pattern-hidden-comment-c0-authoring-v2/before/m3/tooling/migration-recipes/src/test/resources/com/m3/rewrite/atom/spectrum/CORPUS.tsv
68882a345277e74065e1f31fc85f07444eb7e3164a44a4226b629c80bfcb9843	235261	sources/current-integration-repairs/pattern-hidden-comment-c0-authoring-v2/before/src/java.base/share/classes/java/util/regex/Pattern.java
64a15c27a2edb3a4da7911abd48c831148e1ac3cf00c97e608e7833ad1e781cb	165136	sources/current-integration-repairs/pattern-hidden-comment-c0-authoring-v2/candidate.patch
69ac649f9cb7a970fe1670c754b360067b1ad8e79a8387812fa73a55b1ee37ee	1130	sources/current-integration-repairs/pattern-hidden-comment-c0-authoring-v2/fixture-v1-to-v2.patch
c113c20e621ac53453e7f555289f3ffb6b95934b392e00d61924aa482d271900	21266	sources/current-integration-repairs/pattern-hidden-comment-c0-authoring-v2/fixture/PatternHiddenCommentContract.java
0dd05c942148a31ea7731d4f23771104af60011336afb32b6c53b9c2bb2d7d31	6338	sources/current-integration-repairs/pattern-hidden-comment-c0-authoring-v2/fixture/test_pattern_hidden_metadata.py
8cbd439235c592ecc98eb2a26f8494108c18a6521e715431ca1bec6db1e0b170	235235	sources/current-integration-repairs/pattern-hidden-comment-c0-authoring-v2/original-before/m3/tooling/migration-recipes/src/main/resources/com/m3/rewrite/backport/jdk21-hash-pinned/jdk22-m3-string-history-convergence/10-Pattern.java.txt
8cbd439235c592ecc98eb2a26f8494108c18a6521e715431ca1bec6db1e0b170	235235	sources/current-integration-repairs/pattern-hidden-comment-c0-authoring-v2/original-before/src/java.base/share/classes/java/util/regex/Pattern.java
9407d72859629ff18b1b22796368bda50c9d4e588072aea541c36d44b8bb7dc6	48860	sources/current-integration-repairs/pattern-hidden-comment-c0-authoring-v2/protected/m3/runtime-integration/check-m3string-invariants.py
6d1f13d20bca007ab2d0b358fdee7bf4bdc1d1e6003a87cb9451b5e7c2975194	778	sources/current-integration-repairs/pattern-hidden-comment-c0-authoring-v2/protected/m3/runtime-integration/fix-root-ascii-case/manifest.json
acd49abfe66383ae325ced5adf371716f76eb164749ddb2e19a0dcf5638a4e96	8723	sources/current-integration-repairs/pattern-hidden-comment-c0-authoring-v2/protected/m3/tooling/image-gates/src/test/python/test_current_context.py
924f82ab0df19c7c24a9c208c93880fab36da2c9216572c33b4219d6c0208f64	16970	sources/current-integration-repairs/pattern-hidden-comment-c0-authoring-v2/protected/m3/tooling/image-gates/verify-current.py
0e65b26f674f68fea30151ea63a17faef2f88ca0f0679723bb3dc230fda22b72	13233	sources/current-integration-repairs/pattern-hidden-comment-c0-authoring-v2/protected/m3/tooling/migration-recipes/src/main/java/com/m3/rewrite/backport/M3Jdk21HashPinnedSnapshotRecipe.java
8015207ce502d22955f7f77697177e5939fa1e25be7cd74be89c639335ae48e6	12032	sources/current-integration-repairs/pattern-hidden-comment-c0-authoring-v2/protected/m3/tooling/migration-recipes/src/main/java/com/m3/rewrite/backport/M3Jdk21HashPinnedTextSnapshotRecipe.java
38fbd2b10ab5f1458cdb62defac5cfbcd2aad6166c1c70212e2f0ff458e860b1	8166	sources/current-integration-repairs/pattern-hidden-comment-c0-authoring-v2/protected/m3/tooling/migration-recipes/src/test/java/com/m3/rewrite/backport/M3StringHistoryConvergenceRecipeTest.java
1fd4c8d856e7de971c874936ef8561167041cd3c087e6ad8796d3225cc6087dc	51207	sources/current-integration-repairs/pattern-hidden-comment-c0-authoring-v2/protected/test/jdk/java/lang/String/M3StringPrecomputeSearchTest.java
dc47ddb048af9ca88df53439d6609ceb21c4f8cf86f20ec5cac92fb1d4a255d4	1184	sources/current-integration-repairs/pattern-hidden-comment-c0-authoring-v2/resources/com/m3/rewrite/backport/jdk21-hash-pinned-text/phc-current-c0/manifest.tsv
8c828850d86f96ba39ee8865e9b7461ffb9f26e0658a9c76f901118d36146460	79664	sources/current-integration-repairs/pattern-hidden-comment-c0-authoring-v2/resources/com/m3/rewrite/backport/jdk21-hash-pinned-text/phc-current-c0/target-1.txt
4b739b3bf6efa6dd47b2bb3fb2fa19daa399967d2f037519884cc69d7da8f33d	235249	sources/current-integration-repairs/pattern-hidden-comment-c0-authoring-v2/resources/com/m3/rewrite/backport/jdk21-hash-pinned-text/phc-current-c0/target-2.txt
523707713724ab3beacca8a7b9f38659a61c83bdd3940929e97487347e438c36	3300	sources/current-integration-repairs/pattern-hidden-comment-c0-authoring-v2/resources/com/m3/rewrite/backport/jdk21-hash-pinned-text/phc-current-c0/target-3.txt
ca9e687e6cb300b618f7853f11fe1739dd40609444529e26aacda3a032354131	18329	sources/current-integration-repairs/pattern-hidden-comment-c0-authoring-v2/resources/com/m3/rewrite/backport/jdk21-hash-pinned-text/phc-current-c0/target-4.txt
4b739b3bf6efa6dd47b2bb3fb2fa19daa399967d2f037519884cc69d7da8f33d	235249	sources/current-integration-repairs/pattern-hidden-comment-c0-authoring-v2/resources/com/m3/rewrite/backport/jdk21-hash-pinned-text/phc-current-c0/target-5.txt
8b064fff388ea695daddb20f990a5244c3c9f06f3bf3e313509fd57f41dbcddc	854	sources/current-integration-repairs/runtime-checker-c0-authoring-v1/AUTHORING-NOTES.json
334c54a12ee28411b05b1bb5b2dae226800064b1cf5ee6b4c5ce385eeeaf88cd	12564	sources/current-integration-repairs/runtime-checker-c0-authoring-v1/CHECKER-SEMANTIC-INPUTS.json
a7c40f7dda319295ecfa91d6cf675a61bfbe0f23d7ed4ba1ddd2c0fca669e320	18374	sources/current-integration-repairs/runtime-checker-c0-authoring-v1/CONTEXT.json
edfb55c98bf11b63125653ec02c6440dfaac8c9fd39a70b0a6495a70f742b5b4	4416	sources/current-integration-repairs/runtime-checker-c0-authoring-v1/FIXTURE-PLAN.json
7ad08b0111e149c2adb931f1ddd3181680d6730b2efa238f14195155f8b03ff6	30613	sources/current-integration-repairs/runtime-checker-c0-authoring-v1/HANDOFF.json
c9eb51298f2a6a7a1798051c24074cd7f23a8e0805ed6d50420ff3bcd12cacb4	48850	sources/current-integration-repairs/runtime-checker-c0-authoring-v1/before/m3/runtime-integration/check-m3string-invariants.py
c0af7bc99ace3f9dcc5e0e9085d9bac66eeb1a497b2153a54bb11ca250916c14	778	sources/current-integration-repairs/runtime-checker-c0-authoring-v1/before/m3/runtime-integration/fix-root-ascii-case/manifest.json
dab4ded7bc1558a151376bc3b882403f22138981377249d85114fa9186cb7657	79659	sources/current-integration-repairs/runtime-checker-c0-authoring-v1/before/m3/tooling/image-gates/current-c0.json
71b8dd6c35fa63f9112caa8dfec4f34582f2942b137e2a95a63f92a8b581a4ba	10126	sources/current-integration-repairs/runtime-checker-c0-authoring-v1/fixture/test_runtime_checker_contract.py
ac3d829f7aed357e3d5cc01bb2027ac3447c5962851441c11d8dd762f91df02f	1819	sources/current-integration-repairs/runtime-checker-c0-authoring-v1/protected/m3/runtime-integration/fix-root-ascii-case/Fix.py
b44d65071df2d88f840f9bbfd7d3be1e5efd62017d1cc22fe2adf61160a63b05	2845	sources/current-integration-repairs/runtime-checker-c0-authoring-v1/protected/m3/runtime-integration/fix-root-ascii-case/pom.xml
6304b8d19e720e99f029add1fd3d01daaa4339eccd39732f4da387480e4d685e	2045	sources/current-integration-repairs/runtime-checker-c0-authoring-v1/protected/m3/runtime-integration/fix-root-ascii-case/runtime.patch
4db52d19878cbe9284a8f8aac8c705f87dc3888da2e8571c6afff8797029cfa1	5045	sources/current-integration-repairs/runtime-checker-c0-authoring-v1/protected/m3/runtime-integration/fix-root-ascii-case/test_fix.py
e2941c8efb9f65a886d2e6d70ef0a60efb3b74440a253c8b60da71e02b622eb0	2475	sources/current-integration-repairs/runtime-checker-c0-authoring-v1/protected/m3/runtime-integration/recipe/apply.py
acd49abfe66383ae325ced5adf371716f76eb164749ddb2e19a0dcf5638a4e96	8723	sources/current-integration-repairs/runtime-checker-c0-authoring-v1/protected/m3/tooling/image-gates/src/test/python/test_current_context.py
924f82ab0df19c7c24a9c208c93880fab36da2c9216572c33b4219d6c0208f64	16970	sources/current-integration-repairs/runtime-checker-c0-authoring-v1/protected/m3/tooling/image-gates/verify-current.py
8015207ce502d22955f7f77697177e5939fa1e25be7cd74be89c639335ae48e6	12032	sources/current-integration-repairs/runtime-checker-c0-authoring-v1/protected/m3/tooling/migration-recipes/src/main/java/com/m3/rewrite/backport/M3Jdk21HashPinnedTextSnapshotRecipe.java
30f0399507a486fdcd01a90f4fdccaea5e1a0ec8bd81ed25661c00bdb4b59a0b	42045	sources/current-integration-repairs/runtime-checker-c0-authoring-v1/protected/m3/tooling/migration-recipes/src/main/resources/com/m3/rewrite/backport/jdk21-hash-pinned-text/m3-string-canonical-dag-master-repair/03-invariants.py.txt
187e7881ad746920b508c9a69ff11f5be64fd3452d40cf9bd2ae446a20373231	1579	sources/current-integration-repairs/runtime-checker-c0-authoring-v1/protected/m3/tooling/migration-recipes/src/main/resources/com/m3/rewrite/backport/jdk21-hash-pinned-text/m3-string-canonical-dag-master-repair/manifest.tsv
ec17add80f15d3267e9c39350c123320ce01238a78f8dd8113398d2e21b1276a	35163	sources/current-integration-repairs/runtime-checker-c0-authoring-v1/protected/m3/tooling/migration-recipes/src/main/resources/com/m3/rewrite/backport/jdk21-hash-pinned-text/m3-string-history-convergence/03-invariants.py.txt
8d74f04f71d23b8c1df15afead88f77bffef7fb30b86774f513dedee6038d166	1196	sources/current-integration-repairs/runtime-checker-c0-authoring-v1/protected/m3/tooling/migration-recipes/src/main/resources/com/m3/rewrite/backport/jdk21-hash-pinned-text/m3-string-history-convergence/manifest.tsv
b35c642045ab22b185ed228c8fcef62383f8eafdaca09fe7268c807f68936d12	221629	sources/current-integration-repairs/runtime-checker-c0-authoring-v1/protected/src/java.base/share/classes/java/lang/String.java
1fd4c8d856e7de971c874936ef8561167041cd3c087e6ad8796d3225cc6087dc	51207	sources/current-integration-repairs/runtime-checker-c0-authoring-v1/protected/test/jdk/java/lang/String/M3StringPrecomputeSearchTest.java
980139db8fd8e4984c81ee6687a7755f434c85bb3676a49279acfefac0eea4e6	21092	sources/current-integration-repairs/string-escape-c0-authoring-v2/DERIVATION.json
a7c11291599c53a613785e3000f32793870fde3ea676446d398297aafbac8d45	4340	sources/current-integration-repairs/string-escape-c0-authoring-v2/FIXTURE-PLAN.json
e2c0cfa3e5a760a279cd2844bf93df43d88af01b25b22829c42e91655b6d2131	50074	sources/current-integration-repairs/string-escape-c0-authoring-v2/HANDOFF.json
64d8572e6b2b3db87f4052b4ca5d1e43bae304816f5a1ce60f53147eff6ffd10	1257	sources/current-integration-repairs/string-escape-c0-authoring-v2/RUNTIME-LIMITATION.json
55cf0228bc55016de89f71104895e3c9fd408ec05dc32640452914ca53f42170	778	sources/current-integration-repairs/string-escape-c0-authoring-v2/before/m3/runtime-integration/fix-root-ascii-case/manifest.json
0d8ad720976c1de51cf8accad95cc149a06abfe2187041fcc25d524c1f630e09	79652	sources/current-integration-repairs/string-escape-c0-authoring-v2/before/m3/tooling/image-gates/current-c0.json
1ed409eba2ba7135f22163288cc835b3f6c532f47bb2551ae1c4786fccd6079e	49580	sources/current-integration-repairs/string-escape-c0-authoring-v2/before/m3/tooling/migration-recipes/src/main/resources/com/m3/rewrite/backport/jdk21-hash-pinned/jdk22-m3-string-history-convergence/03-M3StringPrecomputeSearchTest.java.txt
d67ddc1cc759f042871c680d9510b929da4fd6b0523b43e966139cbe8ddace3b	3300	sources/current-integration-repairs/string-escape-c0-authoring-v2/before/m3/tooling/migration-recipes/src/main/resources/com/m3/rewrite/backport/jdk21-hash-pinned/jdk22-m3-string-history-convergence/manifest.tsv
825bf78d1684665fb85c3a93241700cb1e5d9403f9cb71603db7208303abcc56	51206	sources/current-integration-repairs/string-escape-c0-authoring-v2/before/test/jdk/java/lang/String/M3StringPrecomputeSearchTest.java
8b552783c584748e3b01c02cddc50a8f5ba85eaeff85f3c1e43e3857a7a0f560	10487	sources/current-integration-repairs/string-escape-c0-authoring-v2/fixture/StringEscapeContract.java
a95bd2f5947c346a93faa716e8c65cfe1c245afa2cf80d5119b49d5526024910	4223	sources/current-integration-repairs/string-escape-c0-authoring-v2/fixture/test_string_escape_metadata.py
c9eb51298f2a6a7a1798051c24074cd7f23a8e0805ed6d50420ff3bcd12cacb4	48850	sources/current-integration-repairs/string-escape-c0-authoring-v2/protected/m3/runtime-integration/check-m3string-invariants.py
ac3d829f7aed357e3d5cc01bb2027ac3447c5962851441c11d8dd762f91df02f	1819	sources/current-integration-repairs/string-escape-c0-authoring-v2/protected/m3/runtime-integration/fix-root-ascii-case/Fix.py
6256ac865fffedb7a8a5c2656afd5d23e893b40f737ea8f0f4afc53689fbe296	1120	sources/current-integration-repairs/string-escape-c0-authoring-v2/protected/m3/runtime-integration/fix-root-ascii-case/README.md
b44d65071df2d88f840f9bbfd7d3be1e5efd62017d1cc22fe2adf61160a63b05	2845	sources/current-integration-repairs/string-escape-c0-authoring-v2/protected/m3/runtime-integration/fix-root-ascii-case/pom.xml
6304b8d19e720e99f029add1fd3d01daaa4339eccd39732f4da387480e4d685e	2045	sources/current-integration-repairs/string-escape-c0-authoring-v2/protected/m3/runtime-integration/fix-root-ascii-case/runtime.patch
4db52d19878cbe9284a8f8aac8c705f87dc3888da2e8571c6afff8797029cfa1	5045	sources/current-integration-repairs/string-escape-c0-authoring-v2/protected/m3/runtime-integration/fix-root-ascii-case/test_fix.py
e2941c8efb9f65a886d2e6d70ef0a60efb3b74440a253c8b60da71e02b622eb0	2475	sources/current-integration-repairs/string-escape-c0-authoring-v2/protected/m3/runtime-integration/recipe/apply.py
acd49abfe66383ae325ced5adf371716f76eb164749ddb2e19a0dcf5638a4e96	8723	sources/current-integration-repairs/string-escape-c0-authoring-v2/protected/m3/tooling/image-gates/src/test/python/test_current_context.py
924f82ab0df19c7c24a9c208c93880fab36da2c9216572c33b4219d6c0208f64	16970	sources/current-integration-repairs/string-escape-c0-authoring-v2/protected/m3/tooling/image-gates/verify-current.py
0e65b26f674f68fea30151ea63a17faef2f88ca0f0679723bb3dc230fda22b72	13233	sources/current-integration-repairs/string-escape-c0-authoring-v2/protected/m3/tooling/migration-recipes/src/main/java/com/m3/rewrite/backport/M3Jdk21HashPinnedSnapshotRecipe.java
8015207ce502d22955f7f77697177e5939fa1e25be7cd74be89c639335ae48e6	12032	sources/current-integration-repairs/string-escape-c0-authoring-v2/protected/m3/tooling/migration-recipes/src/main/java/com/m3/rewrite/backport/M3Jdk21HashPinnedTextSnapshotRecipe.java
0ec838b9697ae8d587b6ff18f44f8035f5a8dd1c800e35a5e9c1400c324780d2	36091	sources/current-integration-repairs/string-escape-c0-authoring-v2/protected/m3/tooling/migration-recipes/src/main/resources/com/m3/rewrite/backport/jdk21-hash-pinned/jdk22-m3-string-history-convergence/00-M3String.java.txt
36c9cb73608cf2f7ad40be00493def3c17cfd4653b5f450750f3595d1eb677cd	14201	sources/current-integration-repairs/string-escape-c0-authoring-v2/protected/m3/tooling/migration-recipes/src/main/resources/com/m3/rewrite/backport/jdk21-hash-pinned/jdk22-m3-string-history-convergence/01-M3StringFacts.java.txt
f009146ebad1cbec3570c583ef015b09dc92ed3c3a007c6722810392fc6f9fa4	11124	sources/current-integration-repairs/string-escape-c0-authoring-v2/protected/m3/tooling/migration-recipes/src/main/resources/com/m3/rewrite/backport/jdk21-hash-pinned/jdk22-m3-string-history-convergence/02-M3StringSearchPrecompute.java.txt
e87ad6f78b55cbc0e641be2eae366d9ac576b90c2dec792ca1d2839b7a3c0564	7256	sources/current-integration-repairs/string-escape-c0-authoring-v2/protected/m3/tooling/migration-recipes/src/main/resources/com/m3/rewrite/backport/jdk21-hash-pinned/jdk22-m3-string-history-convergence/04-M3StringFactsCompositionTest.java.txt
396d7f8e5c0fe35a31616f39543df9e13fcf136ebb556658428e69fac697291c	4628	sources/current-integration-repairs/string-escape-c0-authoring-v2/protected/m3/tooling/migration-recipes/src/main/resources/com/m3/rewrite/backport/jdk21-hash-pinned/jdk22-m3-string-history-convergence/05-M3StringOwner.java.txt
5f4acd4448d72a336e3ddf325f4a040e21427cd6fff14a37868e14c98e8740e5	8069	sources/current-integration-repairs/string-escape-c0-authoring-v2/protected/m3/tooling/migration-recipes/src/main/resources/com/m3/rewrite/backport/jdk21-hash-pinned/jdk22-m3-string-history-convergence/06-M3StringAtom.java.txt
cc11b05ebbd1a3bf5ce39f11505d527d06876c3ac805c62c094169235846bbd6	3890	sources/current-integration-repairs/string-escape-c0-authoring-v2/protected/m3/tooling/migration-recipes/src/main/resources/com/m3/rewrite/backport/jdk21-hash-pinned/jdk22-m3-string-history-convergence/07-M3StringTuple.java.txt
d7c3f9fdff0b5f1dcc5272ac4b57962d3f405ec53003b79344361e5515992155	16998	sources/current-integration-repairs/string-escape-c0-authoring-v2/protected/m3/tooling/migration-recipes/src/main/resources/com/m3/rewrite/backport/jdk21-hash-pinned/jdk22-m3-string-history-convergence/08-M3TQ.java.txt
b525363dcb10e395f303ff249d9e21f0e5dabcc6cbba221bce3b55ea57daafb1	4820	sources/current-integration-repairs/string-escape-c0-authoring-v2/protected/m3/tooling/migration-recipes/src/main/resources/com/m3/rewrite/backport/jdk21-hash-pinned/jdk22-m3-string-history-convergence/09-M3TQFactsTest.java.txt
68882a345277e74065e1f31fc85f07444eb7e3164a44a4226b629c80bfcb9843	235261	sources/current-integration-repairs/string-escape-c0-authoring-v2/protected/m3/tooling/migration-recipes/src/main/resources/com/m3/rewrite/backport/jdk21-hash-pinned/jdk22-m3-string-history-convergence/10-Pattern.java.txt
8bdc84b934c398e5538319632d304a19960771c9fb8557249e3097e5fd7001a0	73098	sources/current-integration-repairs/string-escape-c0-authoring-v2/protected/m3/tooling/migration-recipes/src/main/resources/com/m3/rewrite/backport/jdk21-hash-pinned/jdk22-m3-string-history-convergence/11-Matcher.java.txt
9900b7a8baffdc05c65a73b139715e9ff543e97e171d6fbb8b013b6837919766	4805	sources/current-integration-repairs/string-escape-c0-authoring-v2/protected/m3/tooling/migration-recipes/src/main/resources/com/m3/rewrite/backport/jdk21-hash-pinned/jdk22-m3-string-history-convergence/12-M3RegexLiteralTQTest.java.txt
93f092a9ab501b2f2723c2493d6d09b2d0787f650a8dd0dea970e0632b3f6d85	27860	sources/current-integration-repairs/string-escape-c0-authoring-v2/protected/m3/tooling/migration-recipes/src/main/resources/com/m3/rewrite/backport/jdk21-hash-pinned/jdk22-m3-string-history-convergence/13-M3StringPool.java.txt
cbe3b9c940960661a0b33474cb756c6b02623bea288f29f3d0d8b9bb40ddcfa6	8919	sources/current-integration-repairs/string-escape-c0-authoring-v2/protected/m3/tooling/migration-recipes/src/main/resources/com/m3/rewrite/backport/jdk21-hash-pinned/jdk22-m3-string-history-convergence/14-M3StringPositionPrecompute.java.txt
44174b2cf60eac80ddb506a973949fec65cd4dcea977c94b424ff8c7d46cf7e4	2142	sources/current-integration-repairs/string-escape-c0-authoring-v2/protected/m3/tooling/migration-recipes/src/main/resources/com/m3/rewrite/backport/jdk21-hash-pinned/jdk22-m3-string-history-convergence/15-M3StringInternTest.java.txt
518f9f7dbdebf450973cba859525d509c3c79fce6b51c6f4cbbf563e2f5651fa	76036	sources/current-integration-repairs/string-escape-c0-authoring-v2/protected/m3/tooling/migration-recipes/src/main/resources/com/m3/rewrite/backport/jdk21-hash-pinned/jdk22-m3-string-history-convergence/16-AbstractStringBuilder.java.txt
38fbd2b10ab5f1458cdb62defac5cfbcd2aad6166c1c70212e2f0ff458e860b1	8166	sources/current-integration-repairs/string-escape-c0-authoring-v2/protected/m3/tooling/migration-recipes/src/test/java/com/m3/rewrite/backport/M3StringHistoryConvergenceRecipeTest.java
ad8f41c47e2635f8863361cb790b1c2f53f394da58e449b60a229ba6722aba3d	18329	sources/current-integration-repairs/string-escape-c0-authoring-v2/protected/m3/tooling/migration-recipes/src/test/resources/com/m3/rewrite/atom/spectrum/CORPUS.tsv
b35c642045ab22b185ed228c8fcef62383f8eafdaca09fe7268c807f68936d12	221629	sources/current-integration-repairs/string-escape-c0-authoring-v2/protected/src/java.base/share/classes/java/lang/String.java
5cde38612911bdaf74b1ec4dfb857f7f1f747eccf42f72aa55e5458c48df71f2	79199	sources/publication-design/followup-c0-final-v1/FINAL-PAIRED-FILES.json
b40b1cb1851ddfacc407cbb5050f4017ff858a4a18bd50de655fe0cf10c732d6	27962	sources/publication-design/followup-c0-final-v1/m3-check-v2/RESULT.json
ae3a68043410d7291ec66e431b7f0eb8a93ff7b72ad134f0bfd2d6b347387f9f	3039	sources/publication-design/followup-c0-final-v1/root-check-execution-v1/RESULT.json
0a35965a8eadfeaea6351b40d9452ec4d90bb65937bff64cdb6d9fbbf37e5b7f	1363	sources/publication-design/followup-c0-final-v1/root-check-execution-v1/m3.json
8ba3d31226d999cd44b72cdecf3d9314e9865de99d2aa4505ded8d12be3eb541	1319	sources/publication-design/followup-c0-final-v1/root-check-execution-v1/m3.stderr.log
e3b0c44298fc1c149afbf4c8996fb92427ae41e4649b934ca495991b7852b855	0	sources/publication-design/followup-c0-final-v1/root-check-execution-v1/m3.stdout.log
c1fdbd6d0225bfd4ab3253798e0cd20a11118c84c916a913718543d61742d57c	1407	sources/publication-design/followup-c0-final-v1/root-check-execution-v1/source.json
e3b0c44298fc1c149afbf4c8996fb92427ae41e4649b934ca495991b7852b855	0	sources/publication-design/followup-c0-final-v1/root-check-execution-v1/source.stderr.log
7695060b430eb95b80b53501f858b367c0d7512025c9669a641bd0ade4be9f3f	282	sources/publication-design/followup-c0-final-v1/root-check-execution-v1/source.stdout.log
b0675d11054ae60cbeadf0f1fcc27a2ad5d3b2d7830b36b5bc18d7dd3fbdee57	1347	sources/publication-design/followup-c0-final-v1/root-check-execution-v2/m3.json
e3b0c44298fc1c149afbf4c8996fb92427ae41e4649b934ca495991b7852b855	0	sources/publication-design/followup-c0-final-v1/root-check-execution-v2/m3.stderr.log
90b3b7d9716cc5319ad0968d388dea5050dcec817fc9c00f61ad1abafd1783c4	400	sources/publication-design/followup-c0-final-v1/root-check-execution-v2/m3.stdout.log
0412191c668da818ec38883442d7fecbd5fa536de8749d099c787dd07753c31f	3726	sources/publication-design/followup-c0-final-v1/source-check-v1/RESULT.json
bb815cfcf64ac5298fa857355b8caccb5ebda6c76e2803906d8c92ac9578a2a8	297967	sources/publication-design/integration-c0-final-v2/FINAL-PAIRED-FILES.json
02a922e8b1cbddd611f5d2b494085062c6e7f2e65ef1b51fbe811e434c2296e5	119267	sources/publication-design/integration-c0-final-v2/HISTORY-AVAILABILITY.json
d7a416f075158f767d5fdba2aa634ae1a43737be25346b493e367c4104aa85e9	56546	sources/publication-design/string-c0-final-v1/FINAL-PAIRED-FILES.json
4146e7b77cc83a7a10ada105975ac7130ddf098e3610b41b56c9b30a277222c0	1143	sources/publication-design/string-c0-final-v1/PUBLISHED.json
bf812e1457ea8da6c4e2dcf519b536a2c8dd8ba5f1029b93132c5bd844bc904c	2132343	sources/receiver-current-875-preparation/RUNTIME-COPY.json
291cd7b4920cbe161910a675dc66eb62496d3f40a820540f6c02cd9008915d69	22961	sources/receiver-current-c0-composed-preparation/authoring/CLI-PREDICATES-c0-primary-v1.json
401c7b85de8b17c25d0ad517573d94e6b080eaf571d39452df72825d5292da1c	1996	sources/receiver-current-c0-composed-preparation/authoring/MATERIALIZATION-HANDOFF-v1.json
c6fb345912effb063bc980e4323407558e4bf40fdd14d4c5e524dfd9ff6da249	1964	sources/receiver-current-c0-composed-preparation/authoring/MATERIALIZATION-HELPER-v1.diff
30e017f03e75244963cfb418b8cf07a5ce71dc984e63bfd57ea66e8270e9a1bd	3348	sources/receiver-current-c0-composed-preparation/authoring/MATERIALIZATION-METADATA-READBACK-v1.json
b2ee4571137c5f0660ea87a1a6723c0b9f100f300fa96accf6b241da7d08a3f9	3864	sources/receiver-current-c0-composed-preparation/authoring/MATERIALIZATION-PLAN-v1.json
dc1c1a3cc7a8e6dc9272f89e5bc588e78b306dea605262d2250cdbea04320641	962	sources/receiver-current-c0-composed-preparation/authoring/PRIMARY-COMMAND-PRESERVATION-v1.json
ac15f80f94dcb4b78735584fad1d1aa4317abd4aa71eccb8c24b2b251e62b274	3615	sources/receiver-current-c0-composed-preparation/authoring/PRIMARY-HANDOFF-v1.json
4bbf6ea5a9caeb5e73421ea4013cb7f2180308f78464e4c885c1cb8a7ac39b6f	3615	sources/receiver-current-c0-composed-preparation/authoring/PRIMARY-HANDOFF-v2.json
4fb2a1b8efed23f40598693e4b555fd15251ee1f909486dcc0f15d20d2e1dc7f	2310	sources/receiver-current-c0-composed-preparation/authoring/PRIMARY-OBLIGATIONS-v1.json
1396fa848b453de6e9c561684176f79e953a4bbaa6b5182394f24e0c91dd2d47	1115	sources/receiver-current-c0-composed-preparation/authoring/PRIMARY-PLAN-v2-CORRECTION.json
8dc9827a6e9a29b11be025bacae2e61a676095e8883d83cda674655857ff2eec	167603	sources/receiver-current-c0-composed-preparation/authoring/RECEIVER-PRIMARY-PLAN-v1.json
8b39bfb0d52b53d37e96376102131e4a1a78d8f905f28f21bd50b6c45bf91972	167605	sources/receiver-current-c0-composed-preparation/authoring/RECEIVER-PRIMARY-PLAN-v2.json
31f36979b7120756821f7f3446d7d07c51fb4b294e14e33feb893dead9118174	15349	sources/receiver-current-c0-composed-preparation/authoring/ROOT-DECISION-v1.json
c6e5df46062cedca113ee1b779119b0f500131f588b688eed10d6724de6d5378	1863	sources/receiver-current-c0-composed-preparation/authoring/STAGE-COMMAND-v1.json
0ec23fc66a7e7669463557a5ea5408a36c619d86e8d4a64b1c60b3c1590ee6a5	1192	sources/receiver-current-c0-composed-preparation/authoring/STAGER-PRESERVATION-v1.json
5d566d78e84602ff4b6c99366f92def6d891deeaec18bd823057c0e0bf919133	19596	sources/receiver-current-c0-composed-preparation/authoring/STAGER-v1.diff
2779ff97e9b30f6add0204bb4ec4ee4b06fd98c0b7fbe71656e3b820085af60d	12860	sources/receiver-current-c0-composed-preparation/authoring/STAGING-SPEC-v1.json
07a3bc27a2ad881eb91a48b7bbf821fd389a06a27f4387597e96382d76e6648e	3264	sources/receiver-current-c0-composed-preparation/authoring/author_materialization_v1.py
9b5abe1a464c9a0ca1ba0d5a91352f9b1448d4a53a078eeb3b361b6cd925f678	9763	sources/receiver-current-c0-composed-preparation/authoring/author_prospective_emitter_v1.py
354e98696e045d992aaeaeaf97462994e73948107d1cbd769efe3e935bf3cfd8	3113	sources/receiver-current-c0-composed-preparation/authoring/author_spec_v1.py
58bdf5cb4260f7caf77a234068d954b0314255f722038508c18862ac09b1841c	4924	sources/receiver-current-c0-composed-preparation/authoring/author_stager_v1.py
82fceb34ea663ffa54abea44524fbfe01c6848e9fd64e0edbc7c5a17bfd5b76c	12202	sources/receiver-current-c0-composed-preparation/authoring/emit_prospective_selection_v1.py
7fd477d399d7ed3cf56c50f66525fae6e1a498315929bae453638e7e8d269488	7814	sources/receiver-current-c0-composed-preparation/authoring/finalize_selection_v1.py
381655414f0ce121c694d2c40a012c03b7bcf68b59567bb3cb81f5c6084e4e3f	5374	sources/receiver-current-c0-composed-preparation/authoring/focused_semantics_fragment_v1.py.txt
d9c145245b49b1d164f49910d5d4210769b314d6448cc716875119e0d93cf97e	7113	sources/receiver-current-c0-composed-preparation/authoring/prepare_primary_plan_v1.py
a22c2f54c5e0a23e8142e0fa9996dee5df9758dd13d2f8eb6b9b5bb83cb4218b	44936	sources/receiver-current-c0-composed-preparation/authoring/stage_receiver_current_c0_composed_v1.py
ab27155081e4337a320838b13c9004bbd1ddc28842c6ecc166cbb06223cfb80e	1329	sources/receiver-current-c0-composed-preparation/capture-authoring/PRIMARY-CAPTURE-SOURCE-PRESERVATION-v1.json
6e3db3cb1b37f151113d821e33c5d4ee7ae7bd4149a14497cf48d41e30fcb5c6	1188	sources/receiver-current-c0-composed-preparation/capture-authoring/PRIMARY-CAPTURE-v1-to-v2.diff
37599f3ff5055c8fb2e1b900283a619b7e34f24441b3377f9f11f27d50031ea5	16122	sources/receiver-current-c0-composed-preparation/capture-authoring/PRIMARY-CAPTURE-v1.diff
65a718fa571f12645e23f75bfb3e2a22b1d1d43d3c5002be6ac2c30c599c506a	10163	sources/receiver-current-c0-composed-preparation/capture-authoring/derive_capture.py
6dcd32db99a9bf00d54113c1da0dd1affe95a770e938fc135d4198a2efa1cfbd	83097	sources/receiver-current-c0-composed-preparation/capture-authoring/receiver_capture_current_c0_composed_primary_v1.py
33e46b7da8a78de2e6fcf11bd20eb924ada465f3878b7e3170823347cf71b34e	83379	sources/receiver-current-c0-composed-preparation/capture-authoring/receiver_capture_current_c0_composed_primary_v2.py
0c6ddab9d0f269650b1b6ea0e07f4f069b64edb88228ed787671f7ab03c007ff	11295	sources/receiver-current-c0-composed-preparation/independent-capture-review-v1/REVIEW.json
30da2bb58a5932c5c0affa02b50ff745aa0cc414bed9ce42a9deb89f169672ba	6198	sources/receiver-current-c0-composed-preparation/independent-stager-review-v1/REVIEW.json
2068c2c7858faae7bf99d52f5e860cf50601d31e774acd038cf9e29d5d48ede7	6446	sources/receiver-current-c0-composed-preparation/independent-stager-review-v1/readback.py
f8fb37285713184411abe3cef52b196bac9856d1afcbf390030fa9fad02315b0	5800	sources/receiver-current-c0-composed-preparation/primary-independent-review-v1/REVIEW.json
2ca295d011b5417e0f272e4f2ff5619e1b637d47fee3f19357fb94c90be5b6ca	483691	sources/receiver-current-c0-composed-preparation/prospective-selection-v1/PROSPECTIVE-SELECTION.json
fc351570afbf44bf29f9c74691a2a138deaf9532b104247a8924432f9d88c2ff	8829	sources/receiver-current-c0-composed-preparation/prospective-selection-v1/STAGES.json
f4964923865715d545877f9704a96c757687c51825ba1db9ce7d32a80aeec645	8299	sources/receiver-current-c0-composed-preparation/receiving-selection-authoring-v1/emit_receiving_selection_v1.py
fb250351558d2d8179dce9c0f62e8e64a9b524b972863a8338a9de35ef02ad31	9406	sources/receiver-current-c0-composed-preparation/receiving-selection-v1/BOUNDARY.json
10a9e36e98f23afcd25e1e4e6fd76593a7a3cf25782d6f8f26c5de36ac4fcf23	262988	sources/receiver-current-c0-composed-preparation/receiving-selection-v1/RECEIVING-SELECTION.json
3eaee16d4444d58eda933c76f656bf89bdf12241493216d1e7ef59931ed86d90	1066	sources/receiver-current-c0-composed-preparation/root-materialization-v1/RESULT.json
e3b0c44298fc1c149afbf4c8996fb92427ae41e4649b934ca495991b7852b855	0	sources/receiver-current-c0-composed-preparation/root-materialization-v1/stderr
91f7f583c979f0fc0977f344e7df8d88d88f3fed55c9bc54e0aeac8c76bd49b1	471	sources/receiver-current-c0-composed-preparation/root-materialization-v1/stdout
f0404bb2bfc5e18094ac2356e92d9c9e05f70c16185181ac073190e90e91c2fa	1653	sources/receiver-current-c0-composed-preparation/root-primary-prepare-v1/RESULT.json
cc176f9a09dc82864137ca42fb0d3a39710ff7bcaf33f3d252a7f50738137c01	1292	sources/receiver-current-c0-composed-preparation/root-primary-prepare-v1/stderr
e3b0c44298fc1c149afbf4c8996fb92427ae41e4649b934ca495991b7852b855	0	sources/receiver-current-c0-composed-preparation/root-primary-prepare-v1/stdout
61eb41408d92b05877def52ca379731c0a1ed336693bcdd0e9d377ba674ea357	1650	sources/receiver-current-c0-composed-preparation/root-primary-prepare-v2/RESULT.json
e3b0c44298fc1c149afbf4c8996fb92427ae41e4649b934ca495991b7852b855	0	sources/receiver-current-c0-composed-preparation/root-primary-prepare-v2/stderr
7cd8e9db52f0b9d783b54e5f3834b5f718428a55e263ff3072ca8db899874e7a	225	sources/receiver-current-c0-composed-preparation/root-primary-prepare-v2/stdout
e45d9038d613ff383d80592087e75e847e93ae080ff879847394fbb22a1c1a74	1272	sources/receiver-current-c0-composed-preparation/root-primary-run-v1/RESULT.json
e3b0c44298fc1c149afbf4c8996fb92427ae41e4649b934ca495991b7852b855	0	sources/receiver-current-c0-composed-preparation/root-primary-run-v1/stderr
46dcad68f017ac6fa16076ac6ec945abb867ad0383dda42d4eb48a11a49eff1a	2600	sources/receiver-current-c0-composed-preparation/root-primary-run-v1/stdout
ce830fd7d46e5d391afed8668f96d26fa0dbb4c9865d019c9c03e711b6532374	1816	sources/receiver-current-c0-composed-preparation/root-receiving-selection-v1/COMMAND.json
b75f3963d269b6baa3c7ef6e516efc57adefbc6ada4fe5638227809c6112a2a6	874	sources/receiver-current-c0-composed-preparation/root-receiving-selection-v1/RESULT.json
e3b0c44298fc1c149afbf4c8996fb92427ae41e4649b934ca495991b7852b855	0	sources/receiver-current-c0-composed-preparation/root-receiving-selection-v1/stderr.log
9ca8060e6d9bcbe70663c6aa3e2e734a51384e6f44816d164c0eb3804f486aed	288	sources/receiver-current-c0-composed-preparation/root-receiving-selection-v1/stdout.log
5365989e1821fffdeaf187989bd9cd363ff0cceb661e936a55536fe3dee2bf63	1204	sources/receiver-current-c0-composed-preparation/root-staging-v1/RESULT.json
e3b0c44298fc1c149afbf4c8996fb92427ae41e4649b934ca495991b7852b855	0	sources/receiver-current-c0-composed-preparation/root-staging-v1/stderr
c68856dba1926d009747aebd5696357751075c2f3fbd7002a9f89cf2e795be69	265	sources/receiver-current-c0-composed-preparation/root-staging-v1/stdout
b4e77ba5fb9508c0b4dc331588df42c001fcab4f0268e52e193d64a61eee75c4	1252	sources/receiver-current-c0-composed-preparation/root-tool-copy-v1/RESULT.json
633fb2c9197414313e9467bff2ca2635b56a472dc4b21a32df056d12e9b3d9bf	478	sources/receiver-current-c0-composed-preparation/root-tool-copy-v1/stderr
e3b0c44298fc1c149afbf4c8996fb92427ae41e4649b934ca495991b7852b855	0	sources/receiver-current-c0-composed-preparation/root-tool-copy-v1/stdout
0f39582312bf2e5ebab19450950dacdf9814abe968ecec890acdd665920fb17b	1249	sources/receiver-current-c0-composed-preparation/root-tool-copy-v2/RESULT.json
e3b0c44298fc1c149afbf4c8996fb92427ae41e4649b934ca495991b7852b855	0	sources/receiver-current-c0-composed-preparation/root-tool-copy-v2/stderr
7f5067a3915277336f50863dc40ac476baa4e9ee7d978bb1dd4187a11d0bf3c5	243	sources/receiver-current-c0-composed-preparation/root-tool-copy-v2/stdout
1869151ad3fdb0242907c6216434645a500e9babc28327173d16c1d6581263ad	8746	sources/receiver-current-c0-composed-preparation/root_materialize_current_c0_composed_v1.py
87ac3da45f7149da39f8a1aea84cfd88e96fd3b847be13676996e5fea2b09b43	485460	sources/receiver-current-c0-composed-preparation/selection-v1/CURRENT-SELECTION.json
fc351570afbf44bf29f9c74691a2a138deaf9532b104247a8924432f9d88c2ff	8829	sources/receiver-current-c0-composed-preparation/selection-v1/STAGES.json
d85c820b93a8333f2626d59a94d3981df8956a52a30cefb0904d9259bc3e04ee	1751	sources/receiver-current-c0-composed-preparation/tool-copy-authoring-v1/COMMAND.json
b1769dc0c32c5ade4421b36a8faa78692524c27aa3266aa132b11c54aecd8385	2233889	sources/receiver-current-c0-composed-preparation/tool-copy-authoring-v1/SOURCE.json
bf6c5dbeb02feeef46262ee55e743232757c34fe745e37869ac6fde33b5e234c	4942	sources/receiver-current-c0-composed-preparation/tool-copy-authoring-v1/copy_runtime.py
072834876879886567e77b2b46c9f2c4a3ea6c01c11ef89f1bf14a4b6f3c4874	2768	sources/receiver-current-c0-composed-preparation/tool-copy-authoring-v1/declare_copy.py
2dc658e5a33a41bdca8c30b21a68c070163decb2486a5caeb1aea3cd72d37bfd	1751	sources/receiver-current-c0-composed-preparation/tool-copy-authoring-v2/COMMAND.json
66ea1fede6fd8a41a58b05ffa22bc3675cff2dfc669637582dedea264476aff9	2234168	sources/receiver-current-c0-composed-preparation/tool-copy-authoring-v2/COPY-RESULT.json
2b3d93b4b92d843fa15c4ed0410a9c70712833226884f5b07a7c4546aeb0454a	1560	sources/receiver-current-c0-composed-preparation/tool-copy-authoring-v2/CORRECTION.json
cebfe9809ceb32465bf7d02ccc549eca3ebb55b1ede56f2b82e6eee2db3acbd9	2233889	sources/receiver-current-c0-composed-preparation/tool-copy-authoring-v2/SOURCE.json
bf6c5dbeb02feeef46262ee55e743232757c34fe745e37869ac6fde33b5e234c	4942	sources/receiver-current-c0-composed-preparation/tool-copy-authoring-v2/copy_runtime.py
35691817f461899dd0b611e1f7c1fca646cfe73ca9930a776673a3773bbeeb41	1729862	sources/receiver-current-c0-composed/STAGING.json
5ccf466025cc3c4c11a44faf32e47515515c08524bcc9cca0e74dc152a8ecae2	1363	sources/receiver-current-c0-composed/materialization-v1/ADMISSION.json
501d65d42262285265b874c8f83ec34a6e30df2f28b6dab255066406c767f7da	459	sources/receiver-current-c0-composed/materialization-v1/ROOT-READBACK.json
c250462aa1bf7c67f16f8ea3d9a44ea419a9040a834284d7e2eda762e723663a	2886	sources/receiver-current-c0-composed/materialization-v1/command.json
9cf88b5efe55d3fdb61605482e0c13439fb8cc6fd1e4fa52e57b30ff7a1da4cf	8561920	sources/receiver-current-c0-composed/materialization-v1/git-index-after.raw
9cf88b5efe55d3fdb61605482e0c13439fb8cc6fd1e4fa52e57b30ff7a1da4cf	8561920	sources/receiver-current-c0-composed/materialization-v1/git-index-before.raw
73907cae19170718ba759a92a9dbe48f8bc1706c475c541e23b23ee1963a3c47	1200779	sources/receiver-current-c0-composed/materialization-v1/source-after.json
73907cae19170718ba759a92a9dbe48f8bc1706c475c541e23b23ee1963a3c47	1200779	sources/receiver-current-c0-composed/materialization-v1/source-before.json
e3b0c44298fc1c149afbf4c8996fb92427ae41e4649b934ca495991b7852b855	0	sources/receiver-current-c0-composed/materialization-v1/stderr.log
3ae5fbb6000ee1d57afd788943318fff134eb3498999a5b65d11704c5cfcaa13	8852	sources/receiver-current-c0-composed/materialization-v1/stdout.log
3640d60452645a5238b605e3965b849ade31cd73598aff252d093d82c405422d	7647	sources/receiver-current-c0-composed/primary-observation-v1/PREPARED.json
38b49d749921719b3773eeb8b10da1d0fc0461c3e483bdd7970c95797ab84ede	83386	sources/receiver-current-c0-composed/primary-observation-v1/RESULT.json
c90c38328817d8f3bdccd784afb3f2e2f3b9754748203a2c166e968cca028295	81525	sources/receiver-current-c0-composed/primary-observation-v1/ROOT-READBACK-v1.json
f9cdeed4c76c2292e8719e5914e3dde399552f1661b01cb7bb2280f21ae06048	267459	sources/receiver-current-c0-composed/primary-observation-v1/cache-before.json
40cf077730d783762d6efc441e70ee8336b8252088785acb535b4ac1defe1ff6	269141	sources/receiver-current-c0-composed/primary-observation-v1/chain/01-dag-install-prerequisite/cache-after.json
88d1d6976c595b419589bd665579d400c06bb1e251f0deded62aad13f797bba2	2817	sources/receiver-current-c0-composed/primary-observation-v1/chain/01-dag-install-prerequisite/receipt.json
1dc4e69fb5a7c94f117c82264b59aef27d4e0daa793ff308e22285793a964033	438317	sources/receiver-current-c0-composed/primary-observation-v1/chain/01-dag-install-prerequisite/reports.json
6b2ab82e987441cfa43ad03c9a48962eef830e5fc7eec7e8c5a18718ed84ef7e	27286	sources/receiver-current-c0-composed/primary-observation-v1/chain/01-dag-install-prerequisite/reports/m3/tooling/backport-dag/target/jacoco.exec
dd0b16667ba41a95e0739cdd67d6f5e22c5f031710fda6683bfd480ddbc0b998	105496	sources/receiver-current-c0-composed/primary-observation-v1/chain/01-dag-install-prerequisite/reports/m3/tooling/backport-dag/target/site/jacoco/jacoco.xml
dff7a9333e03899b5bb37f9a2634ea8dd7a5b54fef05433d9dd603b8003394c6	19385	sources/receiver-current-c0-composed/primary-observation-v1/chain/01-dag-install-prerequisite/reports/m3/tooling/backport-dag/target/surefire-reports/TEST-com.m3.tooling.dag.M3BackportDagLoaderTest.xml
0cb0570bebce6c2371ea28d85dc491031d20741ac59445f1a413d89e3e99d13f	26094	sources/receiver-current-c0-composed/primary-observation-v1/chain/01-dag-install-prerequisite/reports/m3/tooling/backport-dag/target/surefire-reports/TEST-com.m3.tooling.dag.M3BackportPacketCollectionTest.xml
0c60939bfb7389a7c6d0c7ce6b7c35e8bfbe97e683354b3dfbbd50dd9f3bcc0a	20024	sources/receiver-current-c0-composed/primary-observation-v1/chain/01-dag-install-prerequisite/reports/m3/tooling/backport-dag/target/surefire-reports/TEST-com.m3.tooling.dag.M3BackportPacketEvidenceTest.xml
2163ec6d65376de1eb0a651b2fa58693a082f1d46167beadbcf94d79c513e1ee	19666	sources/receiver-current-c0-composed/primary-observation-v1/chain/01-dag-install-prerequisite/reports/m3/tooling/backport-dag/target/surefire-reports/TEST-com.m3.tooling.dag.M3BackportPacketTest.xml
523465c2c9e714bc2982b17095bf0219f4dcc8de3f470eac3edf1a5b991f48d7	20170	sources/receiver-current-c0-composed/primary-observation-v1/chain/01-dag-install-prerequisite/reports/m3/tooling/backport-dag/target/surefire-reports/TEST-com.m3.tooling.dag.M3DagProjectorTest.xml
4ca0975ad62ebeaa94eb5bae8d9db7d404b6a4c00dbaf6773bf7839305c61e82	19761	sources/receiver-current-c0-composed/primary-observation-v1/chain/01-dag-install-prerequisite/reports/m3/tooling/backport-dag/target/surefire-reports/TEST-com.m3.tooling.dag.M3FrameworkProjectionTest.xml
ae3d405b28cc5d57c4e6a871058363a45e916a3b67dac3b6ab0dd151a5af2755	19902	sources/receiver-current-c0-composed/primary-observation-v1/chain/01-dag-install-prerequisite/reports/m3/tooling/backport-dag/target/surefire-reports/TEST-com.m3.tooling.dag.M3OrchestrationProjectionMainTest.xml
9ab0f775bcc62419a000848fe82ebc484f8decd2b5d785be7af39b2dcf3d5e2c	20392	sources/receiver-current-c0-composed/primary-observation-v1/chain/01-dag-install-prerequisite/reports/m3/tooling/backport-dag/target/surefire-reports/TEST-com.m3.tooling.dag.M3PacketDagComposerTest.xml
e44d363527b5ba8db5544dfcd5cf6e6966ddad412d06f98da7e0ecf01c732f36	20155	sources/receiver-current-c0-composed/primary-observation-v1/chain/01-dag-install-prerequisite/reports/m3/tooling/backport-dag/target/surefire-reports/TEST-com.m3.tooling.dag.M3RecipeDagTest.xml
63d67cd4caff1a05c556a128900fc81602ed96ddd02d87eef5ac3c4aae8d47f4	19693	sources/receiver-current-c0-composed/primary-observation-v1/chain/01-dag-install-prerequisite/reports/m3/tooling/backport-dag/target/surefire-reports/TEST-com.m3.tooling.dag.M3SecondPassReviewBindingTest.xml
87fdfdd81bf586c4f602bed6b62380116ead5a6008bf4c3b858c1c8bcdee3a6d	233469	sources/receiver-current-c0-composed/primary-observation-v1/chain/01-dag-install-prerequisite/reports/m3/tooling/migration-recipes/target/jacoco.exec
47b531ccd49ff320051c7b0847f97e89081ffde9d1ad83cd937719bf2cffbabb	236159	sources/receiver-current-c0-composed/primary-observation-v1/chain/01-dag-install-prerequisite/reports/m3/tooling/migration-recipes/target/site/jacoco/jacoco.xml
8b3d55ad097caec2f7b7e6481c24070890624fca1b7b9f16a054ac05ca8a0041	21327	sources/receiver-current-c0-composed/primary-observation-v1/chain/01-dag-install-prerequisite/reports/m3/tooling/migration-recipes/target/surefire-reports/TEST-com.m3.rewrite.InstallIndexStringCompatibilityTest.xml
85b2d7768a2ceef1003e1872dd9d2fd4e15499896f8b60e6de3e9dc29201ad3a	21618	sources/receiver-current-c0-composed/primary-observation-v1/chain/01-dag-install-prerequisite/reports/m3/tooling/migration-recipes/target/surefire-reports/TEST-com.m3.rewrite.M3A3DeclarativeDeliveryRecipeTest.xml
c9c3ca7e9399ba859de7e3ae66d10cc0c40fbd7a6434343eebb27ec3cd937205	21238	sources/receiver-current-c0-composed/primary-observation-v1/chain/01-dag-install-prerequisite/reports/m3/tooling/migration-recipes/target/surefire-reports/TEST-com.m3.rewrite.M3A3LabDeliveryRecipeTest.xml
3efba708626fb2f2cb255c77fafb9deca8512261838b05db3f1a003b89527643	21265	sources/receiver-current-c0-composed/primary-observation-v1/chain/01-dag-install-prerequisite/reports/m3/tooling/migration-recipes/target/surefire-reports/TEST-com.m3.rewrite.M3A3LevenshteinEvidenceClosureRecipeTest.xml
8edae40ca7863083d97d3344e9b2ea0744bd1c7d1217f85746da1f1f0e6b3f47	21261	sources/receiver-current-c0-composed/primary-observation-v1/chain/01-dag-install-prerequisite/reports/m3/tooling/migration-recipes/target/surefire-reports/TEST-com.m3.rewrite.M3A3MasteryReceiptDeliveryRecipeTest.xml
5f52b95d37ad796d2516f8d942826127dd1b0ff130e2e9fabc81270a587829df	21254	sources/receiver-current-c0-composed/primary-observation-v1/chain/01-dag-install-prerequisite/reports/m3/tooling/migration-recipes/target/surefire-reports/TEST-com.m3.rewrite.M3A3MasteryReceiptWorkflowRecipeTest.xml
1d5d1a9edd8b94349316c23a5f60dcb2ced54035bdbf8fcb9936bd636158f13e	21175	sources/receiver-current-c0-composed/primary-observation-v1/chain/01-dag-install-prerequisite/reports/m3/tooling/migration-recipes/target/surefire-reports/TEST-com.m3.rewrite.M3A3MasteryV6DeliveryTest.xml
1b4d3358063156474805afdbe481d6dd3ce251de3578cd90b634bd7fe51a60de	21231	sources/receiver-current-c0-composed/primary-observation-v1/chain/01-dag-install-prerequisite/reports/m3/tooling/migration-recipes/target/surefire-reports/TEST-com.m3.rewrite.M3A3MasteryWorkflowRecipeTest.xml
cc9ec0c692f3aa597adfe14abb2b52df37c70df78ad5e2b21258e93bee5cc6c1	21266	sources/receiver-current-c0-composed/primary-observation-v1/chain/01-dag-install-prerequisite/reports/m3/tooling/migration-recipes/target/surefire-reports/TEST-com.m3.rewrite.M3A3RegexMemoryLabDeliveryRecipeTest.xml
0a432946bfe4314ba72c3887615a010b5518d3f8c62ced48e5ef0257c98bc7cf	21253	sources/receiver-current-c0-composed/primary-observation-v1/chain/01-dag-install-prerequisite/reports/m3/tooling/migration-recipes/target/surefire-reports/TEST-com.m3.rewrite.M3A3RegexMemoryWorkflowRecipeTest.xml
0f7434f9ad3a4f13a1aa86ea0af84e8bbda6d161fd7046ecdf54a879cdcf5332	21203	sources/receiver-current-c0-composed/primary-observation-v1/chain/01-dag-install-prerequisite/reports/m3/tooling/migration-recipes/target/surefire-reports/TEST-com.m3.rewrite.M3ImportAdmissionTest.xml
eb3fb9d60957c27f645fc590f9f6f81f8fc92c097ba75dc1909e520a673afb3f	21261	sources/receiver-current-c0-composed/primary-observation-v1/chain/01-dag-install-prerequisite/reports/m3/tooling/migration-recipes/target/surefire-reports/TEST-com.m3.rewrite.M3Java21ConvergenceAdmissionTest.xml
6012a78e5d46db125abf372d1ca10c9178ede40b3ffd166e69d73542ed3e0345	22054	sources/receiver-current-c0-composed/primary-observation-v1/chain/01-dag-install-prerequisite/reports/m3/tooling/migration-recipes/target/surefire-reports/TEST-com.m3.rewrite.M3Java21ConvergenceRecipeTest.xml
a73368291388bc53371f106871eecb659065921822482d75547b811f7ee1d548	21269	sources/receiver-current-c0-composed/primary-observation-v1/chain/01-dag-install-prerequisite/reports/m3/tooling/migration-recipes/target/surefire-reports/TEST-com.m3.rewrite.M3Java21DeclarativeConvergenceTest.xml
1952b26de78c767cc3d36b0ba52d768a4720c7640325e99391eeae81bdbe2b69	21390	sources/receiver-current-c0-composed/primary-observation-v1/chain/01-dag-install-prerequisite/reports/m3/tooling/migration-recipes/target/surefire-reports/TEST-com.m3.rewrite.a3.M3A3AlgorithmCatalogueRecipeTest.xml
892e699ca34a2cfb06c9a83ca23aa73c7a93c43ac45702053755e959ee8c06cc	21249	sources/receiver-current-c0-composed/primary-observation-v1/chain/01-dag-install-prerequisite/reports/m3/tooling/migration-recipes/target/surefire-reports/TEST-com.m3.rewrite.a3.M3A3MasteryV6RecipeTest.xml
288a498a2c865e058b7c2d89deccffa308eec8552d22d8b5b8c15e4e5fadbc4b	22126	sources/receiver-current-c0-composed/primary-observation-v1/chain/01-dag-install-prerequisite/reports/m3/tooling/migration-recipes/target/surefire-reports/TEST-com.m3.rewrite.a3.M3A3SerialFileWorkRecipeTest.xml
c97dbfb317a69044aab6729b5feeaa65a839322059f9f30584438af44c4af4c8	21555	sources/receiver-current-c0-composed/primary-observation-v1/chain/01-dag-install-prerequisite/reports/m3/tooling/migration-recipes/target/surefire-reports/TEST-com.m3.rewrite.atom.JccReceivingFixtureTest.xml
00079e70b2fae61d69dedaf8a61ba16abf461132dc5d9c7d29e4af69af23d44c	21224	sources/receiver-current-c0-composed/primary-observation-v1/chain/01-dag-install-prerequisite/reports/m3/tooling/migration-recipes/target/surefire-reports/TEST-com.m3.rewrite.atom.M3AtomCommentRecipeTest.xml
bea5afae1f8edbb38477d7c547b2c51d2c2d66fea865865647b3680ff6673d57	22006	sources/receiver-current-c0-composed/primary-observation-v1/chain/01-dag-install-prerequisite/reports/m3/tooling/migration-recipes/target/surefire-reports/TEST-com.m3.rewrite.atom.M3AtomCoverageClosureTest.xml
7744d25592aed301d0531ce2a0534e5807b547a23d90c1e39974047f649084d0	21735	sources/receiver-current-c0-composed/primary-observation-v1/chain/01-dag-install-prerequisite/reports/m3/tooling/migration-recipes/target/surefire-reports/TEST-com.m3.rewrite.atom.M3AtomDefensiveBranchTest.xml
c077755f080380176009e5c56bdc46bd1a7158d2ea4ee8a2e10bbe688043bd1e	21548	sources/receiver-current-c0-composed/primary-observation-v1/chain/01-dag-install-prerequisite/reports/m3/tooling/migration-recipes/target/surefire-reports/TEST-com.m3.rewrite.atom.M3AtomizePureIntReturnRecipeTest.xml
a14474f54dfae58fc7bd8d4d0d350872ffa451bede821ae957e5131acfd71e46	21255	sources/receiver-current-c0-composed/primary-observation-v1/chain/01-dag-install-prerequisite/reports/m3/tooling/migration-recipes/target/surefire-reports/TEST-com.m3.rewrite.atom.M3DocumentationContractTest.xml
4d79ef76dc9a97523647250e9a02b5cb1d619391557479e7602e7ab511e8b988	21848	sources/receiver-current-c0-composed/primary-observation-v1/chain/01-dag-install-prerequisite/reports/m3/tooling/migration-recipes/target/surefire-reports/TEST-com.m3.rewrite.atom.M3IntRecipeProjectTest.xml
b311a853494291e33d5b71066e074e73fbb06f5c945a19474dc98acf54674f94	21473	sources/receiver-current-c0-composed/primary-observation-v1/chain/01-dag-install-prerequisite/reports/m3/tooling/migration-recipes/target/surefire-reports/TEST-com.m3.rewrite.atom.M3IntSpectrumTest.xml
c6843113f2ca137f2968961fa8ab460051dc4855217a1263db4aee5a2117f189	21438	sources/receiver-current-c0-composed/primary-observation-v1/chain/01-dag-install-prerequisite/reports/m3/tooling/migration-recipes/target/surefire-reports/TEST-com.m3.rewrite.atom.M3InventoryPureIntAtomCandidatesTest.xml
1dc2ccacab13dfb4035f8847f5e009d998568e11c868cd47da1f928b35af147d	21240	sources/receiver-current-c0-composed/primary-observation-v1/chain/01-dag-install-prerequisite/reports/m3/tooling/migration-recipes/target/surefire-reports/TEST-com.m3.rewrite.atom.M3PatternMarkerTest.xml
abea009035f0fc7a5a2da46611e7015bdc711a9c227e0a86b2d3ba61721d49ae	21540	sources/receiver-current-c0-composed/primary-observation-v1/chain/01-dag-install-prerequisite/reports/m3/tooling/migration-recipes/target/surefire-reports/TEST-com.m3.rewrite.atom.M3PureIntConvergenceRecipeTest.xml
0a490170d2568056cb0d14e82497a680b6ae447826c356f813b42a022a2a930b	21389	sources/receiver-current-c0-composed/primary-observation-v1/chain/01-dag-install-prerequisite/reports/m3/tooling/migration-recipes/target/surefire-reports/TEST-com.m3.rewrite.atom.M3RepositoryCorpusTest.xml
155fa86ee327f4feb59bd36f51d26d40080d727046ec166a6be8177e4af30e07	21308	sources/receiver-current-c0-composed/primary-observation-v1/chain/01-dag-install-prerequisite/reports/m3/tooling/migration-recipes/target/surefire-reports/TEST-com.m3.rewrite.backport.A3KitTest.xml
905b5770b5f3becd9c6fb34269e028ab41ae04c58c6d0d78eaccd4bb7499f3f9	21342	sources/receiver-current-c0-composed/primary-observation-v1/chain/01-dag-install-prerequisite/reports/m3/tooling/migration-recipes/target/surefire-reports/TEST-com.m3.rewrite.backport.ClassVerTest.xml
17aa4f999ae595b8792a4ee7bc880b276bd090d93c1439d507fbfa67670b69d9	21375	sources/receiver-current-c0-composed/primary-observation-v1/chain/01-dag-install-prerequisite/reports/m3/tooling/migration-recipes/target/surefire-reports/TEST-com.m3.rewrite.backport.ClosureRecipeTest.xml
db81e4859d2231b0f314d3e4fce1ddfe982f7e61a9792bdb6c86e530b39f4ade	22433	sources/receiver-current-c0-composed/primary-observation-v1/chain/01-dag-install-prerequisite/reports/m3/tooling/migration-recipes/target/surefire-reports/TEST-com.m3.rewrite.backport.DbRecipeTest.xml
d4e24fc1f0df88184dbc1b6840f87ff496cb609b90030276f842b8a7e5babd9c	22089	sources/receiver-current-c0-composed/primary-observation-v1/chain/01-dag-install-prerequisite/reports/m3/tooling/migration-recipes/target/surefire-reports/TEST-com.m3.rewrite.backport.DescriptorRecipeTest.xml
2b6ad5f3bc1a446163007e93db808260951258246f9beeb28cdf53502c3bb8a3	21473	sources/receiver-current-c0-composed/primary-observation-v1/chain/01-dag-install-prerequisite/reports/m3/tooling/migration-recipes/target/surefire-reports/TEST-com.m3.rewrite.backport.GateTest.xml
b3872dc44658b0f2c4027907c09b3cd982d0afc94b933dedbcf1db4a627e324d	22037	sources/receiver-current-c0-composed/primary-observation-v1/chain/01-dag-install-prerequisite/reports/m3/tooling/migration-recipes/target/surefire-reports/TEST-com.m3.rewrite.backport.JccHandoffTest.xml
53af5efc1b75b32c82e9abe1c89bda69ed161ae254dde16e522d488a5c6649ba	22678	sources/receiver-current-c0-composed/primary-observation-v1/chain/01-dag-install-prerequisite/reports/m3/tooling/migration-recipes/target/surefire-reports/TEST-com.m3.rewrite.backport.JccSourceFinalHandoffTest.xml
88c7cdcbf1f8ad3870f2ce53e5b036f976052d3c51789d6a08e82d51b8e4d692	22894	sources/receiver-current-c0-composed/primary-observation-v1/chain/01-dag-install-prerequisite/reports/m3/tooling/migration-recipes/target/surefire-reports/TEST-com.m3.rewrite.backport.JccSourceRecoveryHandoffTest.xml
8c9c0c89adf054f7672ad1b8d36747de658bc54f33cef75bea6ee449ad05fc4d	21189	sources/receiver-current-c0-composed/primary-observation-v1/chain/01-dag-install-prerequisite/reports/m3/tooling/migration-recipes/target/surefire-reports/TEST-com.m3.rewrite.backport.JniTest.xml
f8f55d8f359eb788bed318590b0f5aecc329f4514b6db6c81a7f3318abae893e	21298	sources/receiver-current-c0-composed/primary-observation-v1/chain/01-dag-install-prerequisite/reports/m3/tooling/migration-recipes/target/surefire-reports/TEST-com.m3.rewrite.backport.KitTest.xml
e174c396471c5318bff58588ec55812c56b33125d25493d9131909d29560c44b	21107	sources/receiver-current-c0-composed/primary-observation-v1/chain/01-dag-install-prerequisite/reports/m3/tooling/migration-recipes/target/surefire-reports/TEST-com.m3.rewrite.backport.M3A3NativeJniLaneRecipeTest.xml
8ddef471fde9435f127b592c4581832f95516896be3baed8b51e7aea8c08c052	21422	sources/receiver-current-c0-composed/primary-observation-v1/chain/01-dag-install-prerequisite/reports/m3/tooling/migration-recipes/target/surefire-reports/TEST-com.m3.rewrite.backport.M3Jdk21HashPinnedTextSnapshotRecipeTest.xml
6359dce2bb40f6cc5d0e4aa14fccf5638cb548a324e18e4c347126c9f6f4a59c	21411	sources/receiver-current-c0-composed/primary-observation-v1/chain/01-dag-install-prerequisite/reports/m3/tooling/migration-recipes/target/surefire-reports/TEST-com.m3.rewrite.backport.M3Jdk8347112BackportRecipeTest.xml
076013927ace7095904bcf7d7d48b9a76e0c9af923d264579fb805dbf176677c	21411	sources/receiver-current-c0-composed/primary-observation-v1/chain/01-dag-install-prerequisite/reports/m3/tooling/migration-recipes/target/surefire-reports/TEST-com.m3.rewrite.backport.M3Jdk8364182BackportRecipeTest.xml
02f73f28780f59d03b150bbc834e7b8e6f9f0b8114d9bef01f534e1993b339bb	21456	sources/receiver-current-c0-composed/primary-observation-v1/chain/01-dag-install-prerequisite/reports/m3/tooling/migration-recipes/target/surefire-reports/TEST-com.m3.rewrite.backport.M3Jdk8367584JfrOptionsHelpBackportRecipeTest.xml
4e6ee2b86c7a89c4f5d1d82d667fb5c8389c537368d2e3e6d48215d53028075f	21457	sources/receiver-current-c0-composed/primary-observation-v1/chain/01-dag-install-prerequisite/reports/m3/tooling/migration-recipes/target/surefire-reports/TEST-com.m3.rewrite.backport.M3Jdk8368692PasswordSystemInBackportRecipeTest.xml
18ab732eb3c13c954421b712ec58f621a6633472441e0c9005380996a37e7c58	21544	sources/receiver-current-c0-composed/primary-observation-v1/chain/01-dag-install-prerequisite/reports/m3/tooling/migration-recipes/target/surefire-reports/TEST-com.m3.rewrite.backport.M3Jdk8374808BackportRecipeTest.xml
52c11d3ef499600bf356a783bcff7b82faee1ce27d8b63a55a5c672673977060	21618	sources/receiver-current-c0-composed/primary-observation-v1/chain/01-dag-install-prerequisite/reports/m3/tooling/migration-recipes/target/surefire-reports/TEST-com.m3.rewrite.backport.M3JdkExecutionFollowthroughRecipeTest.xml
ba75b30ef1504758ee169d5585fc820a4e75b01075d79d20a01e03c9197733a8	21852	sources/receiver-current-c0-composed/primary-observation-v1/chain/01-dag-install-prerequisite/reports/m3/tooling/migration-recipes/target/surefire-reports/TEST-com.m3.rewrite.backport.M3Jep458BackportRecipeTest.xml
f7547f530828800a1b743b4040ad9b027361afdba4720502e2d5ac30315c1cf5	21780	sources/receiver-current-c0-composed/primary-observation-v1/chain/01-dag-install-prerequisite/reports/m3/tooling/migration-recipes/target/surefire-reports/TEST-com.m3.rewrite.backport.M3Jep485StreamGatherersBackportRecipeTest.xml
31dc6125d0f332c8c68b5dfaca7b210f9aa00083922698aa1519b57cac03f26a	21291	sources/receiver-current-c0-composed/primary-observation-v1/chain/01-dag-install-prerequisite/reports/m3/tooling/migration-recipes/target/surefire-reports/TEST-com.m3.rewrite.backport.M3StringCanonicalDagMasterRepairRecipeTest.xml
034d9e6b9a2e82ea512fcd215c6180daa6acee1f79ca17c5e3b51b6f89a02703	21281	sources/receiver-current-c0-composed/primary-observation-v1/chain/01-dag-install-prerequisite/reports/m3/tooling/migration-recipes/target/surefire-reports/TEST-com.m3.rewrite.backport.M3StringHistoryConvergenceRecipeTest.xml
48300602c73dad5c101ff6856193894ad5c83ac4c2171872cd737c9e846921f5	21686	sources/receiver-current-c0-composed/primary-observation-v1/chain/01-dag-install-prerequisite/reports/m3/tooling/migration-recipes/target/surefire-reports/TEST-com.m3.rewrite.backport.M3VerbatimJavaPairRecipeTest.xml
a1a74afdf931e1d2df782298b2a4b4d444ce9a7b17e685a19560ac51e3c610ae	21828	sources/receiver-current-c0-composed/primary-observation-v1/chain/01-dag-install-prerequisite/reports/m3/tooling/migration-recipes/target/surefire-reports/TEST-com.m3.rewrite.backport.MapFactsRecipeTest.xml
bb64ce812a31f542699956db9621a481e227d22ced82aa302abf21c35f0e403b	21679	sources/receiver-current-c0-composed/primary-observation-v1/chain/01-dag-install-prerequisite/reports/m3/tooling/migration-recipes/target/surefire-reports/TEST-com.m3.rewrite.backport.MapGuardRecipeTest.xml
33ea2fe43d36f2c3abe2e30c343359b69f47a314e3815d77f479e2e64059c4d6	21952	sources/receiver-current-c0-composed/primary-observation-v1/chain/01-dag-install-prerequisite/reports/m3/tooling/migration-recipes/target/surefire-reports/TEST-com.m3.rewrite.backport.MapUtfRecipeTest.xml
dac73d0c73d313c814e4cd29e99ba5992cc681bd029bbf64ef8ed23cd8226425	21363	sources/receiver-current-c0-composed/primary-observation-v1/chain/01-dag-install-prerequisite/reports/m3/tooling/migration-recipes/target/surefire-reports/TEST-com.m3.rewrite.backport.VersionRecipeTest.xml
47dc0a0c0a11549cb500ed2e10695133952ba069bc53ae78283bc7c47a32267c	21391	sources/receiver-current-c0-composed/primary-observation-v1/chain/01-dag-install-prerequisite/reports/m3/tooling/migration-recipes/target/surefire-reports/TEST-com.m3.rewrite.scope.M3RecipeScopeDeclarationTest.xml
b8e5de038abdba02ca58309d8152aa0769ca6e3a6a822d2e149e12410868165c	21475	sources/receiver-current-c0-composed/primary-observation-v1/chain/01-dag-install-prerequisite/reports/m3/tooling/migration-recipes/target/surefire-reports/TEST-com.m3.rewrite.scope.M3ScopeContractTest.xml
9caafeef96204fe8e79e3625e80f079fa65becda39b38f0071d3001ba0752fcd	21678	sources/receiver-current-c0-composed/primary-observation-v1/chain/01-dag-install-prerequisite/reports/m3/tooling/migration-recipes/target/surefire-reports/TEST-com.m3.rewrite.scope.M3ScopeCoverageClosureTest.xml
48444e680d202d076c07f0e6a2a35699ca8eb73aa518f765f17160133784e53b	21116	sources/receiver-current-c0-composed/primary-observation-v1/chain/01-dag-install-prerequisite/reports/m3/tooling/migration-recipes/target/surefire-reports/TEST-com.m3.rewrite.scope.M3ScopeDefensiveBranchTest.xml
1c4e58d73ed9d44f6010272cc6b329ac0fc8526618ec67790016594ed4300888	21552	sources/receiver-current-c0-composed/primary-observation-v1/chain/01-dag-install-prerequisite/reports/m3/tooling/migration-recipes/target/surefire-reports/TEST-com.m3.rewrite.semantic.M3SemanticHashRecipeTest.xml
435c54e7e77aa1c02282bce85b85e48a4b77e70bc1e353b4938b83fdb191b0b5	21260	sources/receiver-current-c0-composed/primary-observation-v1/chain/01-dag-install-prerequisite/reports/m3/tooling/migration-recipes/target/surefire-reports/TEST-com.synexia.rewrite.M3DocumentJavadocContractRecipeTest.xml
aaf6f886df1d532333814c3cceb25cedd57d4f9612b6916e3f95af5810e0bc0e	21425	sources/receiver-current-c0-composed/primary-observation-v1/chain/01-dag-install-prerequisite/reports/m3/tooling/migration-recipes/target/surefire-reports/TEST-com.synexia.rewrite.M3MIndexJniNewStringAdmissionRecipeTest.xml
dbc8abd111026fe5f1382c73624315982efec99793c3979a4e9874c753a7d58e	21479	sources/receiver-current-c0-composed/primary-observation-v1/chain/01-dag-install-prerequisite/reports/m3/tooling/migration-recipes/target/surefire-reports/TEST-com.synexia.rewrite.M3MIndexJoinedCharsViewRecipeTest.xml
55c45982202e1d5ec6c23e709960212d0190b42c15a5c02fcc16f343ffc240cc	21426	sources/receiver-current-c0-composed/primary-observation-v1/chain/01-dag-install-prerequisite/reports/m3/tooling/migration-recipes/target/surefire-reports/TEST-com.synexia.rewrite.M3MIndexStringBulkCharBoundaryRecipeTest.xml
f8c17fd370174eebfc75825d557c184b5ea7d8ca0ebb2a18812b8c4f82dad1d2	21238	sources/receiver-current-c0-composed/primary-observation-v1/chain/01-dag-install-prerequisite/reports/m3/tooling/migration-recipes/target/surefire-reports/TEST-com.synexia.rewrite.M3ScopeLiteralRepairRecipeTest.xml
9ddf3781b5e43a87b1d67caac2bc4b251f9ce8d77c509c8369129f4b0359fd55	210	sources/receiver-current-c0-composed/primary-observation-v1/chain/01-dag-install-prerequisite/stderr.log
63b71bee906f7ff0e2d2721447404e6d660d428896c70d1fa2e6e9dd7dfd9ab0	24894	sources/receiver-current-c0-composed/primary-observation-v1/chain/01-dag-install-prerequisite/stdout.log
40cf077730d783762d6efc441e70ee8336b8252088785acb535b4ac1defe1ff6	269141	sources/receiver-current-c0-composed/primary-observation-v1/chain/02-full-reactor-clean-verify/cache-after.json
b3aed6f6796804bf448090e4a2f6962b9de82a5900d9ae3a09740bc6b126207e	3084	sources/receiver-current-c0-composed/primary-observation-v1/chain/02-full-reactor-clean-verify/receipt.json
fab167a3d69cb83e87cafbbdd1674ffa522a2a2a144ab02868b0f05f822c5d48	524728	sources/receiver-current-c0-composed/primary-observation-v1/chain/02-full-reactor-clean-verify/reports.json
ec1d6a09b7fefebaf9b8c5fa9a8956ffbc5b488820e3d8eee10e46710940e1c0	29108	sources/receiver-current-c0-composed/primary-observation-v1/chain/02-full-reactor-clean-verify/reports/m3/indexdb/target/jacoco.exec
cafe0fca370ef9df314b343e713f0c1420f1c9e7f7a70c25c234826ce78c4020	78276	sources/receiver-current-c0-composed/primary-observation-v1/chain/02-full-reactor-clean-verify/reports/m3/indexdb/target/site/jacoco/jacoco.xml
9849e4812bd4c75bbbfe18f7df7a43db225474a6915b889df2af7e0cc7e20471	9018	sources/receiver-current-c0-composed/primary-observation-v1/chain/02-full-reactor-clean-verify/reports/m3/indexdb/target/surefire-reports/TEST-com.m3.indexdb.DbAtomTest.xml
388ee7762ee8e866f3b2f5b7fbfb071e398deb7b4294f752a028eba3deae77d0	8912	sources/receiver-current-c0-composed/primary-observation-v1/chain/02-full-reactor-clean-verify/reports/m3/indexdb/target/surefire-reports/TEST-com.m3.indexdb.DbParseTest.xml
b53c64f33586d2138747a2e48d84a54d09e81ea5493a15f32412d1aa9e9b629b	8620	sources/receiver-current-c0-composed/primary-observation-v1/chain/02-full-reactor-clean-verify/reports/m3/indexdb/target/surefire-reports/TEST-com.m3.indexdb.M3IndexDBIntegrityTest.xml
1da728e8bd8ed39d2474e96dc1f3dcef98251d5ebeb8db1edd4ca84ada983fc6	8053	sources/receiver-current-c0-composed/primary-observation-v1/chain/02-full-reactor-clean-verify/reports/m3/indexdb/target/surefire-reports/TEST-com.m3.indexdb.M3IndexDBTest.xml
f4e32252ea83f66e737e6b671b330119bc2a5557a30fa0540a906b53a1945170	8097	sources/receiver-current-c0-composed/primary-observation-v1/chain/02-full-reactor-clean-verify/reports/m3/indexdb/target/surefire-reports/TEST-com.m3.indexdb.M3IndexDbArtifactTest.xml
dc49ce83dcd0d8247904155100a2aa7c8a6bd3b5bdfadb94a0c914efa6fbebec	8337	sources/receiver-current-c0-composed/primary-observation-v1/chain/02-full-reactor-clean-verify/reports/m3/indexdb/target/surefire-reports/TEST-com.m3.indexdb.M3IndexDbCodecBoundaryTest.xml
71ed113641bf5b82f94d2c84f2e5b7cdd6ee470e07338c8c1438f17781f7be6b	8382	sources/receiver-current-c0-composed/primary-observation-v1/chain/02-full-reactor-clean-verify/reports/m3/indexdb/target/surefire-reports/TEST-com.m3.indexdb.M3IndexDbSemanticBoundaryTest.xml
1bb1099cd8d280f0a4298475a960b9027978d3b4e3a5c87578fea75ce4a94cf7	8904	sources/receiver-current-c0-composed/primary-observation-v1/chain/02-full-reactor-clean-verify/reports/m3/indexdb/target/surefire-reports/TEST-com.m3.indexdb.M3IndexDbSemanticFailClosedTest.xml
465c5e913d3e82d7ce1f96a2d74bfb874b8f0080a63eb40ba6e27a17d9034c91	9380	sources/receiver-current-c0-composed/primary-observation-v1/chain/02-full-reactor-clean-verify/reports/m3/indexdb/target/surefire-reports/TEST-com.m3.indexdb.M3IndexDbSemanticIndexTest.xml
15d7888a145d2378f9fd45691433b7c72212911467673e50fef76fc040e2f6c5	8646	sources/receiver-current-c0-composed/primary-observation-v1/chain/02-full-reactor-clean-verify/reports/m3/indexdb/target/surefire-reports/TEST-com.m3.indexdb.M3IndexDbStoreBoundaryTest.xml
7c5cb590b27a48651c197e3c5ec813d5a090fcd437de972f2901b828a4292263	27286	sources/receiver-current-c0-composed/primary-observation-v1/chain/02-full-reactor-clean-verify/reports/m3/tooling/backport-dag/target/jacoco.exec
d3e0fac621ca2ed5e9e65edc0e31f44f06618941e2fe778b2fac600acb4ff225	105496	sources/receiver-current-c0-composed/primary-observation-v1/chain/02-full-reactor-clean-verify/reports/m3/tooling/backport-dag/target/site/jacoco/jacoco.xml
17fc7fabd57c8745c0cdaf5add6ab83239323de9864d297ad0ac6fe586d0f89c	19385	sources/receiver-current-c0-composed/primary-observation-v1/chain/02-full-reactor-clean-verify/reports/m3/tooling/backport-dag/target/surefire-reports/TEST-com.m3.tooling.dag.M3BackportDagLoaderTest.xml
14f2d19bf9d9745d068715c55452a6d41f4c1b74ae02f7ac8d5b4b12d99dd475	26095	sources/receiver-current-c0-composed/primary-observation-v1/chain/02-full-reactor-clean-verify/reports/m3/tooling/backport-dag/target/surefire-reports/TEST-com.m3.tooling.dag.M3BackportPacketCollectionTest.xml
12d5ca2feb78be3b8c5df6a8a6105497dffe1a9f96ee4c66b65a71cd7a77e246	20024	sources/receiver-current-c0-composed/primary-observation-v1/chain/02-full-reactor-clean-verify/reports/m3/tooling/backport-dag/target/surefire-reports/TEST-com.m3.tooling.dag.M3BackportPacketEvidenceTest.xml
e6873baa79e287ef92eb0f160045fc91420cc55b708c2749f7463c9eaccfda45	19668	sources/receiver-current-c0-composed/primary-observation-v1/chain/02-full-reactor-clean-verify/reports/m3/tooling/backport-dag/target/surefire-reports/TEST-com.m3.tooling.dag.M3BackportPacketTest.xml
8dae035d03c7494a4e4865c81b3667381f91b9b7b03b8657970fa4c3b71b88d4	20171	sources/receiver-current-c0-composed/primary-observation-v1/chain/02-full-reactor-clean-verify/reports/m3/tooling/backport-dag/target/surefire-reports/TEST-com.m3.tooling.dag.M3DagProjectorTest.xml
acd2bb1a583c2a9daeea6c22297a6d99b5c76b9d159c6218914215cf593aedad	19765	sources/receiver-current-c0-composed/primary-observation-v1/chain/02-full-reactor-clean-verify/reports/m3/tooling/backport-dag/target/surefire-reports/TEST-com.m3.tooling.dag.M3FrameworkProjectionTest.xml
09a6e401fe037c46c77238d8d6fb3d1fba723e96a247b61ff0b6c5ad8d647c6b	19905	sources/receiver-current-c0-composed/primary-observation-v1/chain/02-full-reactor-clean-verify/reports/m3/tooling/backport-dag/target/surefire-reports/TEST-com.m3.tooling.dag.M3OrchestrationProjectionMainTest.xml
e9ee93de555a3ee732820cf510d6a9f740a985fc6f929e649a19e6538bb2414d	20394	sources/receiver-current-c0-composed/primary-observation-v1/chain/02-full-reactor-clean-verify/reports/m3/tooling/backport-dag/target/surefire-reports/TEST-com.m3.tooling.dag.M3PacketDagComposerTest.xml
7f1f83164ab1c318181a3e49bd40e3b07fc6d2cba7618174cce819d7c2604348	20157	sources/receiver-current-c0-composed/primary-observation-v1/chain/02-full-reactor-clean-verify/reports/m3/tooling/backport-dag/target/surefire-reports/TEST-com.m3.tooling.dag.M3RecipeDagTest.xml
7767f54afba60879121ebd338911b3e2ead916a6f0f4a64f90454de9e4e38bb9	19693	sources/receiver-current-c0-composed/primary-observation-v1/chain/02-full-reactor-clean-verify/reports/m3/tooling/backport-dag/target/surefire-reports/TEST-com.m3.tooling.dag.M3SecondPassReviewBindingTest.xml
f7af2783c353acfc403fe9a6ac8c4435cf7434e09d7f474f87e7663b61b37247	233469	sources/receiver-current-c0-composed/primary-observation-v1/chain/02-full-reactor-clean-verify/reports/m3/tooling/migration-recipes/target/jacoco.exec
67e0848adc87126f96bd49e5d89d9d9d6df1a06790a6bcdc624f81c6e0ecd350	236159	sources/receiver-current-c0-composed/primary-observation-v1/chain/02-full-reactor-clean-verify/reports/m3/tooling/migration-recipes/target/site/jacoco/jacoco.xml
58f0934e2ceb09b3799be91a8ab7a1f921893ea7ce080ae21971253575e770a9	21328	sources/receiver-current-c0-composed/primary-observation-v1/chain/02-full-reactor-clean-verify/reports/m3/tooling/migration-recipes/target/surefire-reports/TEST-com.m3.rewrite.InstallIndexStringCompatibilityTest.xml
f79dada4ac4b054972efa9180296453d55fe0cedeb68ec6bd71e630626b76ff0	21618	sources/receiver-current-c0-composed/primary-observation-v1/chain/02-full-reactor-clean-verify/reports/m3/tooling/migration-recipes/target/surefire-reports/TEST-com.m3.rewrite.M3A3DeclarativeDeliveryRecipeTest.xml
057650c90de343c1019bc9e38b6753c05c24853a0a0383e29e9321bf71eaf1d0	21238	sources/receiver-current-c0-composed/primary-observation-v1/chain/02-full-reactor-clean-verify/reports/m3/tooling/migration-recipes/target/surefire-reports/TEST-com.m3.rewrite.M3A3LabDeliveryRecipeTest.xml
55400e07b5af2d5bbe9135d57bd35aa2faf2aadff119dfe32b7e4299db005d70	21265	sources/receiver-current-c0-composed/primary-observation-v1/chain/02-full-reactor-clean-verify/reports/m3/tooling/migration-recipes/target/surefire-reports/TEST-com.m3.rewrite.M3A3LevenshteinEvidenceClosureRecipeTest.xml
128c790319aa51e9afd6da5add6a452239ee644712cd3a76535fe806aeb69279	21263	sources/receiver-current-c0-composed/primary-observation-v1/chain/02-full-reactor-clean-verify/reports/m3/tooling/migration-recipes/target/surefire-reports/TEST-com.m3.rewrite.M3A3MasteryReceiptDeliveryRecipeTest.xml
d14920972c2473a9e70e07042a105a76d0e964eb481b98b82e591b0b9374d00e	21252	sources/receiver-current-c0-composed/primary-observation-v1/chain/02-full-reactor-clean-verify/reports/m3/tooling/migration-recipes/target/surefire-reports/TEST-com.m3.rewrite.M3A3MasteryReceiptWorkflowRecipeTest.xml
ceec18e587bd9b4f0a43da678cbd56ddde7a8d258bb0265043263c7d640f26ea	21175	sources/receiver-current-c0-composed/primary-observation-v1/chain/02-full-reactor-clean-verify/reports/m3/tooling/migration-recipes/target/surefire-reports/TEST-com.m3.rewrite.M3A3MasteryV6DeliveryTest.xml
2eec2414cf48c942d683bb53f25514cf0d8dbd6d8b297741135f71a79dcb1944	21231	sources/receiver-current-c0-composed/primary-observation-v1/chain/02-full-reactor-clean-verify/reports/m3/tooling/migration-recipes/target/surefire-reports/TEST-com.m3.rewrite.M3A3MasteryWorkflowRecipeTest.xml
97886ba1d41d93d15ecb75343f8f1f745df422b4e9e704c728c5228b689e783a	21266	sources/receiver-current-c0-composed/primary-observation-v1/chain/02-full-reactor-clean-verify/reports/m3/tooling/migration-recipes/target/surefire-reports/TEST-com.m3.rewrite.M3A3RegexMemoryLabDeliveryRecipeTest.xml
d001a1dd3b13c2be482de9a1248cb940f845ee9775e3b4f6f70f09e13f022f85	21253	sources/receiver-current-c0-composed/primary-observation-v1/chain/02-full-reactor-clean-verify/reports/m3/tooling/migration-recipes/target/surefire-reports/TEST-com.m3.rewrite.M3A3RegexMemoryWorkflowRecipeTest.xml
f882a2d6d10fbaff2868bd2312860f9807fe0bc3268a462ba84f4cbba242e615	21202	sources/receiver-current-c0-composed/primary-observation-v1/chain/02-full-reactor-clean-verify/reports/m3/tooling/migration-recipes/target/surefire-reports/TEST-com.m3.rewrite.M3ImportAdmissionTest.xml
12621cc3d574cbcdacada0ad7759b87c8dcac4a997325fb47b7ffc6b5d0969bb	21259	sources/receiver-current-c0-composed/primary-observation-v1/chain/02-full-reactor-clean-verify/reports/m3/tooling/migration-recipes/target/surefire-reports/TEST-com.m3.rewrite.M3Java21ConvergenceAdmissionTest.xml
473c8a3fc0d34ded5e4f28732c69051b7fdee744ff1314cd0381ac02c6a059ca	22048	sources/receiver-current-c0-composed/primary-observation-v1/chain/02-full-reactor-clean-verify/reports/m3/tooling/migration-recipes/target/surefire-reports/TEST-com.m3.rewrite.M3Java21ConvergenceRecipeTest.xml
08b27f28cc3244e1d09b269ff74e385b67c05b6edba76988a083d69a75153689	21269	sources/receiver-current-c0-composed/primary-observation-v1/chain/02-full-reactor-clean-verify/reports/m3/tooling/migration-recipes/target/surefire-reports/TEST-com.m3.rewrite.M3Java21DeclarativeConvergenceTest.xml
eee6c8bae1902bc20515ed6a2d57781d9fe51d8c85316c711961894bea60b134	21391	sources/receiver-current-c0-composed/primary-observation-v1/chain/02-full-reactor-clean-verify/reports/m3/tooling/migration-recipes/target/surefire-reports/TEST-com.m3.rewrite.a3.M3A3AlgorithmCatalogueRecipeTest.xml
5cc2036e0ac5a2af895c53f6d4b9a6079f3ba22ef0da97b67ef5a84d0d23a1e7	21249	sources/receiver-current-c0-composed/primary-observation-v1/chain/02-full-reactor-clean-verify/reports/m3/tooling/migration-recipes/target/surefire-reports/TEST-com.m3.rewrite.a3.M3A3MasteryV6RecipeTest.xml
7feeefb08121c8dc4bfc4b40b37db9d3416fa8afc75cb3213aad9b54a145d9c3	22127	sources/receiver-current-c0-composed/primary-observation-v1/chain/02-full-reactor-clean-verify/reports/m3/tooling/migration-recipes/target/surefire-reports/TEST-com.m3.rewrite.a3.M3A3SerialFileWorkRecipeTest.xml
31e6ac974210cdf27507816c0b0fef4bc34de8050340d2c572d17fe8b83ad881	21555	sources/receiver-current-c0-composed/primary-observation-v1/chain/02-full-reactor-clean-verify/reports/m3/tooling/migration-recipes/target/surefire-reports/TEST-com.m3.rewrite.atom.JccReceivingFixtureTest.xml
b26149552d45583aab689193749590f4d1b2544e703c6ad953a900e0e3808216	21223	sources/receiver-current-c0-composed/primary-observation-v1/chain/02-full-reactor-clean-verify/reports/m3/tooling/migration-recipes/target/surefire-reports/TEST-com.m3.rewrite.atom.M3AtomCommentRecipeTest.xml
e768693b1f64ae222af1c247d65a6be7a43648a935f55dbcf6942094fefe2e03	22005	sources/receiver-current-c0-composed/primary-observation-v1/chain/02-full-reactor-clean-verify/reports/m3/tooling/migration-recipes/target/surefire-reports/TEST-com.m3.rewrite.atom.M3AtomCoverageClosureTest.xml
09c06bda378c969fe875c55e57c0e19090af6e12e941cc6ef82c870eb643e966	21735	sources/receiver-current-c0-composed/primary-observation-v1/chain/02-full-reactor-clean-verify/reports/m3/tooling/migration-recipes/target/surefire-reports/TEST-com.m3.rewrite.atom.M3AtomDefensiveBranchTest.xml
6a7d2c13cdb0ecb06ad71d58cf4bbf65f54766ce8abf17333862541f5c6df848	21550	sources/receiver-current-c0-composed/primary-observation-v1/chain/02-full-reactor-clean-verify/reports/m3/tooling/migration-recipes/target/surefire-reports/TEST-com.m3.rewrite.atom.M3AtomizePureIntReturnRecipeTest.xml
f51119d1560b328381821e34898dd83d71ad1305a92ae504c593dcd1222c9341	21255	sources/receiver-current-c0-composed/primary-observation-v1/chain/02-full-reactor-clean-verify/reports/m3/tooling/migration-recipes/target/surefire-reports/TEST-com.m3.rewrite.atom.M3DocumentationContractTest.xml
83a9747ac05d212915648ed29e0cbe1964bedbb14c1f270e7f7bf7fa07bd8c44	21849	sources/receiver-current-c0-composed/primary-observation-v1/chain/02-full-reactor-clean-verify/reports/m3/tooling/migration-recipes/target/surefire-reports/TEST-com.m3.rewrite.atom.M3IntRecipeProjectTest.xml
8fa73a12f0e725484371d372bd36077bb448129cd0dc9afb652620f5705ee5de	21473	sources/receiver-current-c0-composed/primary-observation-v1/chain/02-full-reactor-clean-verify/reports/m3/tooling/migration-recipes/target/surefire-reports/TEST-com.m3.rewrite.atom.M3IntSpectrumTest.xml
83e339d21b76d2f847d62bfd083c854b7fe99006458f0399ed5be8afe6427c16	21439	sources/receiver-current-c0-composed/primary-observation-v1/chain/02-full-reactor-clean-verify/reports/m3/tooling/migration-recipes/target/surefire-reports/TEST-com.m3.rewrite.atom.M3InventoryPureIntAtomCandidatesTest.xml
178e562f87a35bbc31118359c270b42f2d0fad2f5996bd3141a8c8d17dbea2af	21239	sources/receiver-current-c0-composed/primary-observation-v1/chain/02-full-reactor-clean-verify/reports/m3/tooling/migration-recipes/target/surefire-reports/TEST-com.m3.rewrite.atom.M3PatternMarkerTest.xml
a77dc285617e0996052cd5be7534bfbbce8008945c9e86113f41ecf2cee32d1f	21542	sources/receiver-current-c0-composed/primary-observation-v1/chain/02-full-reactor-clean-verify/reports/m3/tooling/migration-recipes/target/surefire-reports/TEST-com.m3.rewrite.atom.M3PureIntConvergenceRecipeTest.xml
2b353665855a6d1917d3f613ba66ee50453c9a6446bd25482583f3811f4ebafb	21389	sources/receiver-current-c0-composed/primary-observation-v1/chain/02-full-reactor-clean-verify/reports/m3/tooling/migration-recipes/target/surefire-reports/TEST-com.m3.rewrite.atom.M3RepositoryCorpusTest.xml
7a1fa9eaad0e654f5a6d6d23a0ddfd52d1f43fffe6d75e54232ceaa90d4cd022	21308	sources/receiver-current-c0-composed/primary-observation-v1/chain/02-full-reactor-clean-verify/reports/m3/tooling/migration-recipes/target/surefire-reports/TEST-com.m3.rewrite.backport.A3KitTest.xml
ec3da5ce85e9796994c74b82b8b4f18f18211b37df27478a156b5658568e9a8c	21342	sources/receiver-current-c0-composed/primary-observation-v1/chain/02-full-reactor-clean-verify/reports/m3/tooling/migration-recipes/target/surefire-reports/TEST-com.m3.rewrite.backport.ClassVerTest.xml
537bc7975325ce5d5ece32fd014ffe47963026670c6f01f5ebcd72a3926cdf89	21373	sources/receiver-current-c0-composed/primary-observation-v1/chain/02-full-reactor-clean-verify/reports/m3/tooling/migration-recipes/target/surefire-reports/TEST-com.m3.rewrite.backport.ClosureRecipeTest.xml
08d716b6a1caf5ca697d1ee6cb96c5b695c2138287b3d969589620953c436f5e	22433	sources/receiver-current-c0-composed/primary-observation-v1/chain/02-full-reactor-clean-verify/reports/m3/tooling/migration-recipes/target/surefire-reports/TEST-com.m3.rewrite.backport.DbRecipeTest.xml
f7f38b2775fca77186b755af702d9616581a91e9bc5076955fdbb6adaeb7b3f2	22088	sources/receiver-current-c0-composed/primary-observation-v1/chain/02-full-reactor-clean-verify/reports/m3/tooling/migration-recipes/target/surefire-reports/TEST-com.m3.rewrite.backport.DescriptorRecipeTest.xml
2a74cf7ba17283d1c59d02cfba574fb3151570f2bbb09669ed15886b14642295	21474	sources/receiver-current-c0-composed/primary-observation-v1/chain/02-full-reactor-clean-verify/reports/m3/tooling/migration-recipes/target/surefire-reports/TEST-com.m3.rewrite.backport.GateTest.xml
1b003f29b976e547ee3f7db0cbe4010b38e03c6508119f4f47e476f655affd0b	22035	sources/receiver-current-c0-composed/primary-observation-v1/chain/02-full-reactor-clean-verify/reports/m3/tooling/migration-recipes/target/surefire-reports/TEST-com.m3.rewrite.backport.JccHandoffTest.xml
784dfc5df0c5276f3ad74876c6b100856f22bf9b9298a6c704e99d3e1eef299b	22677	sources/receiver-current-c0-composed/primary-observation-v1/chain/02-full-reactor-clean-verify/reports/m3/tooling/migration-recipes/target/surefire-reports/TEST-com.m3.rewrite.backport.JccSourceFinalHandoffTest.xml
200c924ef071c8be979e8f00e13bddf489362d224c61d2779d2cb7e6b50545cc	22895	sources/receiver-current-c0-composed/primary-observation-v1/chain/02-full-reactor-clean-verify/reports/m3/tooling/migration-recipes/target/surefire-reports/TEST-com.m3.rewrite.backport.JccSourceRecoveryHandoffTest.xml
6b0ba99b8ff19edc7b7df31308f0f15be114c2bdd057df3b75db99b3335c36a2	21189	sources/receiver-current-c0-composed/primary-observation-v1/chain/02-full-reactor-clean-verify/reports/m3/tooling/migration-recipes/target/surefire-reports/TEST-com.m3.rewrite.backport.JniTest.xml
b712452cf0bd099cf15316845e6737b39dc44d1d04d09b726995a7a3fce335f9	21298	sources/receiver-current-c0-composed/primary-observation-v1/chain/02-full-reactor-clean-verify/reports/m3/tooling/migration-recipes/target/surefire-reports/TEST-com.m3.rewrite.backport.KitTest.xml
74356abde9d1b84ea7d61c2783e528274839e729fb87ad3a94f84e70795bad6d	21107	sources/receiver-current-c0-composed/primary-observation-v1/chain/02-full-reactor-clean-verify/reports/m3/tooling/migration-recipes/target/surefire-reports/TEST-com.m3.rewrite.backport.M3A3NativeJniLaneRecipeTest.xml
c2024759e41914e541ecd8af64453ddf2a6307eee868cc67d676bf23c79d19e6	21422	sources/receiver-current-c0-composed/primary-observation-v1/chain/02-full-reactor-clean-verify/reports/m3/tooling/migration-recipes/target/surefire-reports/TEST-com.m3.rewrite.backport.M3Jdk21HashPinnedTextSnapshotRecipeTest.xml
817befd5e305fc3144ae50154c31ccac71ad446ad0a57fd44df01af4bddf977e	21410	sources/receiver-current-c0-composed/primary-observation-v1/chain/02-full-reactor-clean-verify/reports/m3/tooling/migration-recipes/target/surefire-reports/TEST-com.m3.rewrite.backport.M3Jdk8347112BackportRecipeTest.xml
cfbaeebd8fbbdee3e7dd895e127d1d794e313950660d1756504b7b4d23e4a829	21409	sources/receiver-current-c0-composed/primary-observation-v1/chain/02-full-reactor-clean-verify/reports/m3/tooling/migration-recipes/target/surefire-reports/TEST-com.m3.rewrite.backport.M3Jdk8364182BackportRecipeTest.xml
860fefe9c12d7793ff83dc9a6b468ee7e88a701419aa331d440c64e16d7e6567	21456	sources/receiver-current-c0-composed/primary-observation-v1/chain/02-full-reactor-clean-verify/reports/m3/tooling/migration-recipes/target/surefire-reports/TEST-com.m3.rewrite.backport.M3Jdk8367584JfrOptionsHelpBackportRecipeTest.xml
e80846eded4dbbff8f281ad304c5ef1f59bb39fa1002ab2a44628948c9698a95	21457	sources/receiver-current-c0-composed/primary-observation-v1/chain/02-full-reactor-clean-verify/reports/m3/tooling/migration-recipes/target/surefire-reports/TEST-com.m3.rewrite.backport.M3Jdk8368692PasswordSystemInBackportRecipeTest.xml
39277aabaf1913e1270f02f4bb3f62a4c881dc34173475b40c19e78abc7a30ac	21546	sources/receiver-current-c0-composed/primary-observation-v1/chain/02-full-reactor-clean-verify/reports/m3/tooling/migration-recipes/target/surefire-reports/TEST-com.m3.rewrite.backport.M3Jdk8374808BackportRecipeTest.xml
502a02ca26124eccc910899a18e5082d370eb9bdc70617eddb6cc7ea41988005	21618	sources/receiver-current-c0-composed/primary-observation-v1/chain/02-full-reactor-clean-verify/reports/m3/tooling/migration-recipes/target/surefire-reports/TEST-com.m3.rewrite.backport.M3JdkExecutionFollowthroughRecipeTest.xml
e7af13aa48fb3b037b26b1f6367295b694767f3900d8a169ed6585c45d28128b	21848	sources/receiver-current-c0-composed/primary-observation-v1/chain/02-full-reactor-clean-verify/reports/m3/tooling/migration-recipes/target/surefire-reports/TEST-com.m3.rewrite.backport.M3Jep458BackportRecipeTest.xml
82ab39db2e3acc2b71975edfca18e4d0779b6e297de53bf23128f1511a7901bd	21781	sources/receiver-current-c0-composed/primary-observation-v1/chain/02-full-reactor-clean-verify/reports/m3/tooling/migration-recipes/target/surefire-reports/TEST-com.m3.rewrite.backport.M3Jep485StreamGatherersBackportRecipeTest.xml
26126426f7bcf171578e6305944d81f40390af96a577aba946d54973d858eab7	21291	sources/receiver-current-c0-composed/primary-observation-v1/chain/02-full-reactor-clean-verify/reports/m3/tooling/migration-recipes/target/surefire-reports/TEST-com.m3.rewrite.backport.M3StringCanonicalDagMasterRepairRecipeTest.xml
989e796566a1f1be3040c99484b017b3552ebe963c3d0820346e01adf83a5106	21280	sources/receiver-current-c0-composed/primary-observation-v1/chain/02-full-reactor-clean-verify/reports/m3/tooling/migration-recipes/target/surefire-reports/TEST-com.m3.rewrite.backport.M3StringHistoryConvergenceRecipeTest.xml
19900ca45be21665df00ad0f2b43c0e4619b6eefd87beb26f37821a55dfcd0f7	21686	sources/receiver-current-c0-composed/primary-observation-v1/chain/02-full-reactor-clean-verify/reports/m3/tooling/migration-recipes/target/surefire-reports/TEST-com.m3.rewrite.backport.M3VerbatimJavaPairRecipeTest.xml
58fec4ad0666b19d18963537d8108b1a83c7612b51df66515b15734ad7d49dec	21826	sources/receiver-current-c0-composed/primary-observation-v1/chain/02-full-reactor-clean-verify/reports/m3/tooling/migration-recipes/target/surefire-reports/TEST-com.m3.rewrite.backport.MapFactsRecipeTest.xml
629273d583bc69a73c6d1fe0bcab54584537a232b00f4f6a6cb00ef49dafc284	21679	sources/receiver-current-c0-composed/primary-observation-v1/chain/02-full-reactor-clean-verify/reports/m3/tooling/migration-recipes/target/surefire-reports/TEST-com.m3.rewrite.backport.MapGuardRecipeTest.xml
2f693322df8583596a62f984ca005d4dadc372c7849b811a8994398b6c5e350e	21952	sources/receiver-current-c0-composed/primary-observation-v1/chain/02-full-reactor-clean-verify/reports/m3/tooling/migration-recipes/target/surefire-reports/TEST-com.m3.rewrite.backport.MapUtfRecipeTest.xml
355c526839175960ae80e102e7ee68760ad4a453d93552a27210190bbaee0bc4	21361	sources/receiver-current-c0-composed/primary-observation-v1/chain/02-full-reactor-clean-verify/reports/m3/tooling/migration-recipes/target/surefire-reports/TEST-com.m3.rewrite.backport.VersionRecipeTest.xml
fc785f8765bdf6f802e6f4086ca138a9bf616a3f1b80dc3ef7604dc5959953d5	21389	sources/receiver-current-c0-composed/primary-observation-v1/chain/02-full-reactor-clean-verify/reports/m3/tooling/migration-recipes/target/surefire-reports/TEST-com.m3.rewrite.scope.M3RecipeScopeDeclarationTest.xml
eeda765f4620d59f04236e08bf3ca924a8ab11b9fa2da52697a7c6d42906c21c	21479	sources/receiver-current-c0-composed/primary-observation-v1/chain/02-full-reactor-clean-verify/reports/m3/tooling/migration-recipes/target/surefire-reports/TEST-com.m3.rewrite.scope.M3ScopeContractTest.xml
b64c42601891eabb8dc124228ece42043363c6ae3679f39306074ee20694b065	21680	sources/receiver-current-c0-composed/primary-observation-v1/chain/02-full-reactor-clean-verify/reports/m3/tooling/migration-recipes/target/surefire-reports/TEST-com.m3.rewrite.scope.M3ScopeCoverageClosureTest.xml
81ad0dcfba27db321ce21b72281d75482afb9d9e7d91f8de3eb050abc18cedb0	21116	sources/receiver-current-c0-composed/primary-observation-v1/chain/02-full-reactor-clean-verify/reports/m3/tooling/migration-recipes/target/surefire-reports/TEST-com.m3.rewrite.scope.M3ScopeDefensiveBranchTest.xml
b4b74d9979ad2afc447acbea5c8bd99c70ef4cdafc1659d36d2dc3dbe82f888c	21550	sources/receiver-current-c0-composed/primary-observation-v1/chain/02-full-reactor-clean-verify/reports/m3/tooling/migration-recipes/target/surefire-reports/TEST-com.m3.rewrite.semantic.M3SemanticHashRecipeTest.xml
3ed1c9c51688259a0888146d877efdcc4a5da7db07cddd5ec36495df221c900a	21261	sources/receiver-current-c0-composed/primary-observation-v1/chain/02-full-reactor-clean-verify/reports/m3/tooling/migration-recipes/target/surefire-reports/TEST-com.synexia.rewrite.M3DocumentJavadocContractRecipeTest.xml
48b59356fd8039d4fc69ec2ab0d777b3f2f2cdc98d2dc225ec9fd3e0d38a5a2d	21425	sources/receiver-current-c0-composed/primary-observation-v1/chain/02-full-reactor-clean-verify/reports/m3/tooling/migration-recipes/target/surefire-reports/TEST-com.synexia.rewrite.M3MIndexJniNewStringAdmissionRecipeTest.xml
422811fbd75fbdc2715d944fbf91b2786d83861d10abdf31014bba1b35c419db	21478	sources/receiver-current-c0-composed/primary-observation-v1/chain/02-full-reactor-clean-verify/reports/m3/tooling/migration-recipes/target/surefire-reports/TEST-com.synexia.rewrite.M3MIndexJoinedCharsViewRecipeTest.xml
b830aafbc26879b423eef8f3447ef1dd6f13f516006c93508bbf524374ccba55	21426	sources/receiver-current-c0-composed/primary-observation-v1/chain/02-full-reactor-clean-verify/reports/m3/tooling/migration-recipes/target/surefire-reports/TEST-com.synexia.rewrite.M3MIndexStringBulkCharBoundaryRecipeTest.xml
688ea7549591fcd2c4e0ebd9e445d027d4b3a79177521bf106508e23e33765d8	21240	sources/receiver-current-c0-composed/primary-observation-v1/chain/02-full-reactor-clean-verify/reports/m3/tooling/migration-recipes/target/surefire-reports/TEST-com.synexia.rewrite.M3ScopeLiteralRepairRecipeTest.xml
1b03d33871fddd1a4bf9c5f9b444c2df5bb4fcd7cbe39b7b26473a3b6d7c3802	71038	sources/receiver-current-c0-composed/primary-observation-v1/chain/02-full-reactor-clean-verify/reports/m3/tooling/module-packs/kernel/target/jacoco.exec
9b850189ff2cac026a346c78b803d2d5c8895e9cebe446d00521966e5eeebced	17544	sources/receiver-current-c0-composed/primary-observation-v1/chain/02-full-reactor-clean-verify/reports/m3/tooling/module-packs/kernel/target/site/jacoco/jacoco.xml
ebf695b96e3d4e049f35047aebfb6fe2de1da367b2935ab368209b367900e247	8863	sources/receiver-current-c0-composed/primary-observation-v1/chain/02-full-reactor-clean-verify/reports/m3/tooling/module-packs/kernel/target/surefire-reports/TEST-com.m3.tools.modulepack.ArchiveBoundaryTest.xml
b9937be9ae7ab435f64bb8d03fd2a1eefc792d5aff4dd9f850495bfaafb56de5	8179	sources/receiver-current-c0-composed/primary-observation-v1/chain/02-full-reactor-clean-verify/reports/m3/tooling/module-packs/kernel/target/surefire-reports/TEST-com.m3.tools.modulepack.M3ModuleClassVersionTest.xml
067f7793e5576a917651fdaa11cd597164cef95d753d8df436daed51326b9c36	8154	sources/receiver-current-c0-composed/primary-observation-v1/chain/02-full-reactor-clean-verify/reports/m3/tooling/module-packs/kernel/target/surefire-reports/TEST-com.m3.tools.modulepack.M3ModulePackTest.xml
ddd98b9df5f8aa0340e348a3032f9bc305d04747f742846b62bdefa3172a082c	8153	sources/receiver-current-c0-composed/primary-observation-v1/chain/02-full-reactor-clean-verify/reports/m3/tooling/module-packs/kernel/target/surefire-reports/TEST-com.m3.tools.modulepack.VersionTest.xml
98cf59b5accc4e46b3c5c387d7e4f87f65e5ee0cd19d8bf40efd71d589ef33ac	99630	sources/receiver-current-c0-composed/primary-observation-v1/chain/02-full-reactor-clean-verify/reports/m3/tooling/module-packs/recipes/target/jacoco.exec
4b0b69fcb175cc5b15c213b62da6c4eb3c848dc11b4ba3cfc368fd38ab45e971	10220	sources/receiver-current-c0-composed/primary-observation-v1/chain/02-full-reactor-clean-verify/reports/m3/tooling/module-packs/recipes/target/site/jacoco/jacoco.xml
63e1ba03fc8a5e61f6c547ece961b1ab38e075fc1b01f3b9614bda7b66363060	21039	sources/receiver-current-c0-composed/primary-observation-v1/chain/02-full-reactor-clean-verify/reports/m3/tooling/module-packs/recipes/target/surefire-reports/TEST-com.m3.rewrite.packs.M3ModulePackRecipesTest.xml
71d9484fbea93fae3bd06b2027c78efc961c97d1cc74227523f358a08c03b9d7	1063	sources/receiver-current-c0-composed/primary-observation-v1/chain/02-full-reactor-clean-verify/stderr.log
3b11c96d0445695edbe4cce05d4991a92b948e57e02181f1765d06d9cd2e5b90	45566	sources/receiver-current-c0-composed/primary-observation-v1/chain/02-full-reactor-clean-verify/stdout.log
ad79d822f944178600db74275a9c173e5c9555612b355a4077912db392a27779	2496	sources/receiver-current-c0-composed/primary-observation-v1/config.json
31a7bc81d270fefcf9f67944ae2e5ff099b3a08244280c63f9673d12a824bd7f	526	sources/receiver-current-c0-composed/primary-observation-v1/git-before.json
0216ce4d423274aed9008fa7c7dbeebabe74644ad2d5832aa6b25130374342c7	474405	sources/receiver-current-c0-composed/primary-observation-v1/inputs.json
fa6af7b1fd0f4d5e36b2a9b9583e257d6edd0eaa3a2f05e6bbbf42ae910ebb66	351	sources/receiver-current-c0-composed/primary-observation-v1/launchers-before.json
af2f972d355bb72eabef30bd89f269f9686802839922ba333ea02dab4f8c49f0	948361	sources/receiver-current-c0-composed/primary-observation-v1/sources.json
d42d2ada77f68543ff9c27920162941f136fdf17b98a9206f43b6c07e46c1591	1782732	sources/receiver-current-c0-composed/primary-observation-v1/tools-before.json
c1227790beca51b2447d0aaa743a354d2d987503b85c1b4b455c9c198d51f817	2886	sources/receiver-current-c0-followup/materialization-v1/command.json
b78919a4f9da8c771002b036e839f76b3d998f5aac1b8873ac4a19ced7305f91	1200779	sources/receiver-current-c0-followup/materialization-v1/source-after.json
b78919a4f9da8c771002b036e839f76b3d998f5aac1b8873ac4a19ced7305f91	1200779	sources/receiver-current-c0-followup/materialization-v1/source-before.json
e3b0c44298fc1c149afbf4c8996fb92427ae41e4649b934ca495991b7852b855	0	sources/receiver-current-c0-followup/materialization-v1/stderr.log
cc71f9cca24540b2affdcb1cb366eef098305d5e46480ff8cdf61e02e5d62997	8852	sources/receiver-current-c0-followup/materialization-v1/stdout.log
1120b5f43749f3fd5031f1586552cc8a74ab278bda92e834d8d75abb346ebd3c	3109	sources/receiver-current-c0-followup/primary-observation-v1/PREPARED.json
fcbf7e041a1465babc525f4a7c9743a5d4f57cb43a1c4bd065d3e90fbdcd1a51	32991	sources/receiver-current-c0-followup/primary-observation-v1/RESULT.json
6b10497060ad4f2413890a4f5cffef11150d7a2160116a6c92d0cae591a4a6c9	29660	sources/receiver-current-c0-followup/primary-observation-v1/ROOT-READBACK.json
f9cdeed4c76c2292e8719e5914e3dde399552f1661b01cb7bb2280f21ae06048	267459	sources/receiver-current-c0-followup/primary-observation-v1/cache-before.json
f9cdeed4c76c2292e8719e5914e3dde399552f1661b01cb7bb2280f21ae06048	267459	sources/receiver-current-c0-followup/primary-observation-v1/chain/01-dag-install-prerequisite/cache-after.json
ee84521a77a0ec9c1476d246400bf726678e4ab6289c4cdfcf94b6d7c0fb92a5	2817	sources/receiver-current-c0-followup/primary-observation-v1/chain/01-dag-install-prerequisite/receipt.json
88dbe27874d8075bcb00a150d2bd3d1c145ae92d6d3c5a13adc9f83116e4164f	340128	sources/receiver-current-c0-followup/primary-observation-v1/chain/01-dag-install-prerequisite/reports.json
5a7d91c359763292049c759e9d62a2dd0a72bba1f733e72bcc645eeb0c6bb426	233922	sources/receiver-current-c0-followup/primary-observation-v1/chain/01-dag-install-prerequisite/reports/m3/tooling/migration-recipes/target/jacoco.exec
eb98aba0cc35191efc99dee4a8e3ee546db6171201efbc92d6ec9609610c0026	21328	sources/receiver-current-c0-followup/primary-observation-v1/chain/01-dag-install-prerequisite/reports/m3/tooling/migration-recipes/target/surefire-reports/TEST-com.m3.rewrite.InstallIndexStringCompatibilityTest.xml
eb3e8ecd2028b9b9cec5026c3aa031c8cb55584d400670bd1f273d610c439040	21618	sources/receiver-current-c0-followup/primary-observation-v1/chain/01-dag-install-prerequisite/reports/m3/tooling/migration-recipes/target/surefire-reports/TEST-com.m3.rewrite.M3A3DeclarativeDeliveryRecipeTest.xml
4564237cd0c8895f35f48733fc012540f30b59726588e0bb4d63068fc66929da	21238	sources/receiver-current-c0-followup/primary-observation-v1/chain/01-dag-install-prerequisite/reports/m3/tooling/migration-recipes/target/surefire-reports/TEST-com.m3.rewrite.M3A3LabDeliveryRecipeTest.xml
6e738dfb8179369ecd37cdb626653d99963d08b5c0bfc409a3efe7bc9acfa05d	21263	sources/receiver-current-c0-followup/primary-observation-v1/chain/01-dag-install-prerequisite/reports/m3/tooling/migration-recipes/target/surefire-reports/TEST-com.m3.rewrite.M3A3LevenshteinEvidenceClosureRecipeTest.xml
e2c8bd56094179d09bdbb01ff7e5815078f61f833f88570f676caac6e547e555	21261	sources/receiver-current-c0-followup/primary-observation-v1/chain/01-dag-install-prerequisite/reports/m3/tooling/migration-recipes/target/surefire-reports/TEST-com.m3.rewrite.M3A3MasteryReceiptDeliveryRecipeTest.xml
ef33b0b74de78a575e6f453602c6ce9d79e5c7a0ed1c728250243f27d918d8e8	21254	sources/receiver-current-c0-followup/primary-observation-v1/chain/01-dag-install-prerequisite/reports/m3/tooling/migration-recipes/target/surefire-reports/TEST-com.m3.rewrite.M3A3MasteryReceiptWorkflowRecipeTest.xml
0394424377af9df9b31aeb12c90ff9afffa28cc555a5050d5012f30345f4f5d3	21174	sources/receiver-current-c0-followup/primary-observation-v1/chain/01-dag-install-prerequisite/reports/m3/tooling/migration-recipes/target/surefire-reports/TEST-com.m3.rewrite.M3A3MasteryV6DeliveryTest.xml
8eed01213737ff418fd202c653095d39d44ce5139e41da1ac127363e3a3c3e56	21233	sources/receiver-current-c0-followup/primary-observation-v1/chain/01-dag-install-prerequisite/reports/m3/tooling/migration-recipes/target/surefire-reports/TEST-com.m3.rewrite.M3A3MasteryWorkflowRecipeTest.xml
3428353eed516217732df83ec6975b892ffd894ca44dff6274b4e9018b8c2d7b	21264	sources/receiver-current-c0-followup/primary-observation-v1/chain/01-dag-install-prerequisite/reports/m3/tooling/migration-recipes/target/surefire-reports/TEST-com.m3.rewrite.M3A3RegexMemoryLabDeliveryRecipeTest.xml
d90a2d1a323f9ca37544227b611262c637c3262293cbfcde47b5aa6ee1841991	21251	sources/receiver-current-c0-followup/primary-observation-v1/chain/01-dag-install-prerequisite/reports/m3/tooling/migration-recipes/target/surefire-reports/TEST-com.m3.rewrite.M3A3RegexMemoryWorkflowRecipeTest.xml
c5ce446efa767fad57c0a75db5843e796862c630a9748619eded33c79a13f653	21203	sources/receiver-current-c0-followup/primary-observation-v1/chain/01-dag-install-prerequisite/reports/m3/tooling/migration-recipes/target/surefire-reports/TEST-com.m3.rewrite.M3ImportAdmissionTest.xml
f13954d31e5f4115bf921e71cbe77e9d0155077830c406b3db004ba8b071486a	21261	sources/receiver-current-c0-followup/primary-observation-v1/chain/01-dag-install-prerequisite/reports/m3/tooling/migration-recipes/target/surefire-reports/TEST-com.m3.rewrite.M3Java21ConvergenceAdmissionTest.xml
7a5be76cfc430ac0461f37f595f04ee15eddd1b57ee70e9b1dd337589333540d	22054	sources/receiver-current-c0-followup/primary-observation-v1/chain/01-dag-install-prerequisite/reports/m3/tooling/migration-recipes/target/surefire-reports/TEST-com.m3.rewrite.M3Java21ConvergenceRecipeTest.xml
e8043d43a3f31712a5701c831684cd5d5f8c20a259e989201c480dbe4f8da419	21270	sources/receiver-current-c0-followup/primary-observation-v1/chain/01-dag-install-prerequisite/reports/m3/tooling/migration-recipes/target/surefire-reports/TEST-com.m3.rewrite.M3Java21DeclarativeConvergenceTest.xml
2c9106089c95278229c7ed01dcf0a8ba83f3226660785428e1d3587ae0df7064	21391	sources/receiver-current-c0-followup/primary-observation-v1/chain/01-dag-install-prerequisite/reports/m3/tooling/migration-recipes/target/surefire-reports/TEST-com.m3.rewrite.a3.M3A3AlgorithmCatalogueRecipeTest.xml
a307ab4d52e426688a4ba24a7c3af8163b7fd0e1dd4d6190029e173ad5fd25e5	21248	sources/receiver-current-c0-followup/primary-observation-v1/chain/01-dag-install-prerequisite/reports/m3/tooling/migration-recipes/target/surefire-reports/TEST-com.m3.rewrite.a3.M3A3MasteryV6RecipeTest.xml
7278f95d2d8d73b9d2efa6bdc00a7c4a270c86437c1c3d85742b87c63b6369ed	22127	sources/receiver-current-c0-followup/primary-observation-v1/chain/01-dag-install-prerequisite/reports/m3/tooling/migration-recipes/target/surefire-reports/TEST-com.m3.rewrite.a3.M3A3SerialFileWorkRecipeTest.xml
251b7240095e059d5283707313069fe86004a8f25f3b143424ed9ae666f8be09	21554	sources/receiver-current-c0-followup/primary-observation-v1/chain/01-dag-install-prerequisite/reports/m3/tooling/migration-recipes/target/surefire-reports/TEST-com.m3.rewrite.atom.JccReceivingFixtureTest.xml
7388a3b97f453d2f2e0973d20f11fa35ecba3d23a4819eb4666b21ec19973129	21224	sources/receiver-current-c0-followup/primary-observation-v1/chain/01-dag-install-prerequisite/reports/m3/tooling/migration-recipes/target/surefire-reports/TEST-com.m3.rewrite.atom.M3AtomCommentRecipeTest.xml
97bbf077416dd5a3500e723153f0d177907da6909fbf2f69aea79321d9a7a413	22004	sources/receiver-current-c0-followup/primary-observation-v1/chain/01-dag-install-prerequisite/reports/m3/tooling/migration-recipes/target/surefire-reports/TEST-com.m3.rewrite.atom.M3AtomCoverageClosureTest.xml
046e1264d4935716db713cfeba08a91112615bcf4b5345aa54a4f43b6fc8cfc8	21735	sources/receiver-current-c0-followup/primary-observation-v1/chain/01-dag-install-prerequisite/reports/m3/tooling/migration-recipes/target/surefire-reports/TEST-com.m3.rewrite.atom.M3AtomDefensiveBranchTest.xml
040de708a66523ac3fa7554d755f2c0bb9e7edc13a742aba39dd0cc1fd2a7eb4	21547	sources/receiver-current-c0-followup/primary-observation-v1/chain/01-dag-install-prerequisite/reports/m3/tooling/migration-recipes/target/surefire-reports/TEST-com.m3.rewrite.atom.M3AtomizePureIntReturnRecipeTest.xml
d7a24c48f8cc9f63edf78b796edc74846eafb51a1c3201a3a9da6801f8790928	21255	sources/receiver-current-c0-followup/primary-observation-v1/chain/01-dag-install-prerequisite/reports/m3/tooling/migration-recipes/target/surefire-reports/TEST-com.m3.rewrite.atom.M3DocumentationContractTest.xml
e34be4177f2375a320c7f91fe28bb8712730ada25f39e2cbd0f41035e8bb4a28	21848	sources/receiver-current-c0-followup/primary-observation-v1/chain/01-dag-install-prerequisite/reports/m3/tooling/migration-recipes/target/surefire-reports/TEST-com.m3.rewrite.atom.M3IntRecipeProjectTest.xml
739dd5689ab6ec4187941b111e6cde7023baed701e080b5d5cea7b97b2161f4d	21472	sources/receiver-current-c0-followup/primary-observation-v1/chain/01-dag-install-prerequisite/reports/m3/tooling/migration-recipes/target/surefire-reports/TEST-com.m3.rewrite.atom.M3IntSpectrumTest.xml
09462c9e2d9b27721c52978953d7db9cb2ca40c69d2aadd90618ba36dadac934	21439	sources/receiver-current-c0-followup/primary-observation-v1/chain/01-dag-install-prerequisite/reports/m3/tooling/migration-recipes/target/surefire-reports/TEST-com.m3.rewrite.atom.M3InventoryPureIntAtomCandidatesTest.xml
44ff4ed2635f0f9da02e9b1c0cde0a73fd7f41545578b30872ca908421f502eb	21240	sources/receiver-current-c0-followup/primary-observation-v1/chain/01-dag-install-prerequisite/reports/m3/tooling/migration-recipes/target/surefire-reports/TEST-com.m3.rewrite.atom.M3PatternMarkerTest.xml
088de1f1414c7dce954404522b06af185a61f7ee98cc20570ecfcf8693521a58	21540	sources/receiver-current-c0-followup/primary-observation-v1/chain/01-dag-install-prerequisite/reports/m3/tooling/migration-recipes/target/surefire-reports/TEST-com.m3.rewrite.atom.M3PureIntConvergenceRecipeTest.xml
ccc51d56ec29dab10bc4d3cfd6d2245dafac51a674c9876e292e36395ed36a1f	21388	sources/receiver-current-c0-followup/primary-observation-v1/chain/01-dag-install-prerequisite/reports/m3/tooling/migration-recipes/target/surefire-reports/TEST-com.m3.rewrite.atom.M3RepositoryCorpusTest.xml
cd920cfd8f480fdeb6eef0c1b779519771c3f20658f8f7d1eee26f98b0a7ed38	21310	sources/receiver-current-c0-followup/primary-observation-v1/chain/01-dag-install-prerequisite/reports/m3/tooling/migration-recipes/target/surefire-reports/TEST-com.m3.rewrite.backport.A3KitTest.xml
b8932489eb9f5eaef812e22fa4bc7b092e5f352dd4337989dd43e71d26ea15e7	21343	sources/receiver-current-c0-followup/primary-observation-v1/chain/01-dag-install-prerequisite/reports/m3/tooling/migration-recipes/target/surefire-reports/TEST-com.m3.rewrite.backport.ClassVerTest.xml
6eb0d2c4ea12347af3526533daf366869a3997b803667917655f295a79038627	21375	sources/receiver-current-c0-followup/primary-observation-v1/chain/01-dag-install-prerequisite/reports/m3/tooling/migration-recipes/target/surefire-reports/TEST-com.m3.rewrite.backport.ClosureRecipeTest.xml
c66273826aff830b2b8beedf60351e7a692d434de4436a778c4059ebd5496869	22432	sources/receiver-current-c0-followup/primary-observation-v1/chain/01-dag-install-prerequisite/reports/m3/tooling/migration-recipes/target/surefire-reports/TEST-com.m3.rewrite.backport.DbRecipeTest.xml
5796456538d3d583bfa857ea0608973ba72e96ba1761685817061ab2671cf69c	22089	sources/receiver-current-c0-followup/primary-observation-v1/chain/01-dag-install-prerequisite/reports/m3/tooling/migration-recipes/target/surefire-reports/TEST-com.m3.rewrite.backport.DescriptorRecipeTest.xml
b0734277399be22afbcea68387128f16df28ec2c8475a42ede9ab58a42a8ea48	21474	sources/receiver-current-c0-followup/primary-observation-v1/chain/01-dag-install-prerequisite/reports/m3/tooling/migration-recipes/target/surefire-reports/TEST-com.m3.rewrite.backport.GateTest.xml
60214e91f1d34e89cab0da05ec49c23d81be9b124af1e5fe33b136551cce87de	22036	sources/receiver-current-c0-followup/primary-observation-v1/chain/01-dag-install-prerequisite/reports/m3/tooling/migration-recipes/target/surefire-reports/TEST-com.m3.rewrite.backport.JccHandoffTest.xml
cf5737b25d253e84bec56a098465c658d6eedc1e056c7ca00909970fd93da6bc	22677	sources/receiver-current-c0-followup/primary-observation-v1/chain/01-dag-install-prerequisite/reports/m3/tooling/migration-recipes/target/surefire-reports/TEST-com.m3.rewrite.backport.JccSourceFinalHandoffTest.xml
7239f2888c28a7c402aaee4fb68cfa17fd2fd0f2be5bb3dc9725f7770764e0b0	22894	sources/receiver-current-c0-followup/primary-observation-v1/chain/01-dag-install-prerequisite/reports/m3/tooling/migration-recipes/target/surefire-reports/TEST-com.m3.rewrite.backport.JccSourceRecoveryHandoffTest.xml
5cae3882f2d55986bcac8d7f377ea7236b8d97e053cb83c5271e803923fd9457	21189	sources/receiver-current-c0-followup/primary-observation-v1/chain/01-dag-install-prerequisite/reports/m3/tooling/migration-recipes/target/surefire-reports/TEST-com.m3.rewrite.backport.JniTest.xml
ce7b6082adee5a2890d442a9751a517502abdff7e66acfa6356df1772734864c	21297	sources/receiver-current-c0-followup/primary-observation-v1/chain/01-dag-install-prerequisite/reports/m3/tooling/migration-recipes/target/surefire-reports/TEST-com.m3.rewrite.backport.KitTest.xml
a9fca49bb21ded81851fd1a493bd8a0c0b6c61bb398f6e599dedeaf65fbfd9b5	21106	sources/receiver-current-c0-followup/primary-observation-v1/chain/01-dag-install-prerequisite/reports/m3/tooling/migration-recipes/target/surefire-reports/TEST-com.m3.rewrite.backport.M3A3NativeJniLaneRecipeTest.xml
1adaceabef5943bae244ebeae2611b9566a282a3242b207ad9e589492b0c6db1	21424	sources/receiver-current-c0-followup/primary-observation-v1/chain/01-dag-install-prerequisite/reports/m3/tooling/migration-recipes/target/surefire-reports/TEST-com.m3.rewrite.backport.M3Jdk21HashPinnedTextSnapshotRecipeTest.xml
19236f0339abe16bb68b50d283904e0fddaaa661535df11be002b9cf2370ca92	21409	sources/receiver-current-c0-followup/primary-observation-v1/chain/01-dag-install-prerequisite/reports/m3/tooling/migration-recipes/target/surefire-reports/TEST-com.m3.rewrite.backport.M3Jdk8347112BackportRecipeTest.xml
6478b3ebdc46ee49640f48f73128ddb15b2c6542a3f4909cedd8bffd8493affe	21409	sources/receiver-current-c0-followup/primary-observation-v1/chain/01-dag-install-prerequisite/reports/m3/tooling/migration-recipes/target/surefire-reports/TEST-com.m3.rewrite.backport.M3Jdk8364182BackportRecipeTest.xml
eddb98701bbcf4e28972e0c424afe36aa73eda48cf1260b04411466076d5e17f	21454	sources/receiver-current-c0-followup/primary-observation-v1/chain/01-dag-install-prerequisite/reports/m3/tooling/migration-recipes/target/surefire-reports/TEST-com.m3.rewrite.backport.M3Jdk8367584JfrOptionsHelpBackportRecipeTest.xml
651762ade57b6a7b236ca4d59ef06befd527cc725d90e94ddff11dc1b19fd80a	21457	sources/receiver-current-c0-followup/primary-observation-v1/chain/01-dag-install-prerequisite/reports/m3/tooling/migration-recipes/target/surefire-reports/TEST-com.m3.rewrite.backport.M3Jdk8368692PasswordSystemInBackportRecipeTest.xml
9cb228959e3dbc80831fd767146c1be5c90a5a318b43f24185c9b45b0eb334bd	21543	sources/receiver-current-c0-followup/primary-observation-v1/chain/01-dag-install-prerequisite/reports/m3/tooling/migration-recipes/target/surefire-reports/TEST-com.m3.rewrite.backport.M3Jdk8374808BackportRecipeTest.xml
47f0daad03106290098cc360fac8cb0d6c1dc9822ee08ee250e0ebbeb02f1081	21618	sources/receiver-current-c0-followup/primary-observation-v1/chain/01-dag-install-prerequisite/reports/m3/tooling/migration-recipes/target/surefire-reports/TEST-com.m3.rewrite.backport.M3JdkExecutionFollowthroughRecipeTest.xml
5fc0ff1f0683afbde4a5adffb737d720a858efd1ac667df674d7becafb2bd9d2	21847	sources/receiver-current-c0-followup/primary-observation-v1/chain/01-dag-install-prerequisite/reports/m3/tooling/migration-recipes/target/surefire-reports/TEST-com.m3.rewrite.backport.M3Jep458BackportRecipeTest.xml
cd3211fae5aab81bf1fc748ff4744f3a32e8c2755a3f91855f77607ea7b2cf38	21781	sources/receiver-current-c0-followup/primary-observation-v1/chain/01-dag-install-prerequisite/reports/m3/tooling/migration-recipes/target/surefire-reports/TEST-com.m3.rewrite.backport.M3Jep485StreamGatherersBackportRecipeTest.xml
e65ff5ae9dffdd143e340b80a754ca4248a816f4800fe2460141ba8f77eac01c	21291	sources/receiver-current-c0-followup/primary-observation-v1/chain/01-dag-install-prerequisite/reports/m3/tooling/migration-recipes/target/surefire-reports/TEST-com.m3.rewrite.backport.M3StringCanonicalDagMasterRepairRecipeTest.xml
f16ef77ed38a0773810a9413ab3295c2a1527fce65b3ed32f4f32deae6e96127	31245	sources/receiver-current-c0-followup/primary-observation-v1/chain/01-dag-install-prerequisite/reports/m3/tooling/migration-recipes/target/surefire-reports/TEST-com.m3.rewrite.backport.M3StringHistoryConvergenceRecipeTest.xml
6d95de1e1a9395190fca796179ca3fb4ca786034cc50aa99d6ada27584f32c4c	21688	sources/receiver-current-c0-followup/primary-observation-v1/chain/01-dag-install-prerequisite/reports/m3/tooling/migration-recipes/target/surefire-reports/TEST-com.m3.rewrite.backport.M3VerbatimJavaPairRecipeTest.xml
cb6319a6eecd2aec0fb6f38a7dfe89a8b8c1ff948ee6d493fbccc154dcb2dc8b	21827	sources/receiver-current-c0-followup/primary-observation-v1/chain/01-dag-install-prerequisite/reports/m3/tooling/migration-recipes/target/surefire-reports/TEST-com.m3.rewrite.backport.MapFactsRecipeTest.xml
50e8a3dbcd9b7606dafef4c584fd899fcbf06d4dab7144a60843398290732986	21679	sources/receiver-current-c0-followup/primary-observation-v1/chain/01-dag-install-prerequisite/reports/m3/tooling/migration-recipes/target/surefire-reports/TEST-com.m3.rewrite.backport.MapGuardRecipeTest.xml
29faebcc0973e295328b191c9ab2f58510c15410c88254efd6837201c1a57e92	21952	sources/receiver-current-c0-followup/primary-observation-v1/chain/01-dag-install-prerequisite/reports/m3/tooling/migration-recipes/target/surefire-reports/TEST-com.m3.rewrite.backport.MapUtfRecipeTest.xml
9f4564b41e62b04ac9e187fc0eea51090c8495ad750e92232b8c2034e9256619	21363	sources/receiver-current-c0-followup/primary-observation-v1/chain/01-dag-install-prerequisite/reports/m3/tooling/migration-recipes/target/surefire-reports/TEST-com.m3.rewrite.backport.VersionRecipeTest.xml
866f4bdd00deb228893a9372859cad3d142cc673a7aea710dcbb2e09a0ab1145	21389	sources/receiver-current-c0-followup/primary-observation-v1/chain/01-dag-install-prerequisite/reports/m3/tooling/migration-recipes/target/surefire-reports/TEST-com.m3.rewrite.scope.M3RecipeScopeDeclarationTest.xml
a74749fbe2a29fc9e11970ec07038afdf15b14d8f16b6c010e88c6ae7222083a	21477	sources/receiver-current-c0-followup/primary-observation-v1/chain/01-dag-install-prerequisite/reports/m3/tooling/migration-recipes/target/surefire-reports/TEST-com.m3.rewrite.scope.M3ScopeContractTest.xml
0d123240136d222cf88479c15c016b79a16dbfc0c2e31923e7b798b331ae06ec	21678	sources/receiver-current-c0-followup/primary-observation-v1/chain/01-dag-install-prerequisite/reports/m3/tooling/migration-recipes/target/surefire-reports/TEST-com.m3.rewrite.scope.M3ScopeCoverageClosureTest.xml
12447f7da55b960f60050adbea34ba80a3e956a0840cc6ed0f72802b45448f0d	21116	sources/receiver-current-c0-followup/primary-observation-v1/chain/01-dag-install-prerequisite/reports/m3/tooling/migration-recipes/target/surefire-reports/TEST-com.m3.rewrite.scope.M3ScopeDefensiveBranchTest.xml
1e501ff39232089a2c44eb504ac5b0cd1598fcbc63cb0dbeb34d832e6cab1ffd	21547	sources/receiver-current-c0-followup/primary-observation-v1/chain/01-dag-install-prerequisite/reports/m3/tooling/migration-recipes/target/surefire-reports/TEST-com.m3.rewrite.semantic.M3SemanticHashRecipeTest.xml
2fcf4dddd5182000979507fd473297ab66a8181405d9694c648b4c6342774963	21261	sources/receiver-current-c0-followup/primary-observation-v1/chain/01-dag-install-prerequisite/reports/m3/tooling/migration-recipes/target/surefire-reports/TEST-com.synexia.rewrite.M3DocumentJavadocContractRecipeTest.xml
937608a8f3c370ca4a57de9fc30682c312dfe08aced731993acb136e7e77d1c5	21425	sources/receiver-current-c0-followup/primary-observation-v1/chain/01-dag-install-prerequisite/reports/m3/tooling/migration-recipes/target/surefire-reports/TEST-com.synexia.rewrite.M3MIndexJniNewStringAdmissionRecipeTest.xml
02b24079b3058753184900b047dde01b52c9be71e6c10bc97bd08bf86c94a456	21480	sources/receiver-current-c0-followup/primary-observation-v1/chain/01-dag-install-prerequisite/reports/m3/tooling/migration-recipes/target/surefire-reports/TEST-com.synexia.rewrite.M3MIndexJoinedCharsViewRecipeTest.xml
691ff98bd595aeee68508a003ec52ae3f18d5f01f50afce81671bf4d94e5f669	21426	sources/receiver-current-c0-followup/primary-observation-v1/chain/01-dag-install-prerequisite/reports/m3/tooling/migration-recipes/target/surefire-reports/TEST-com.synexia.rewrite.M3MIndexStringBulkCharBoundaryRecipeTest.xml
db3ab916f3fc454720a0d74732707090d01fc9a92e6c618b573335f6f0ad849a	21237	sources/receiver-current-c0-followup/primary-observation-v1/chain/01-dag-install-prerequisite/reports/m3/tooling/migration-recipes/target/surefire-reports/TEST-com.synexia.rewrite.M3ScopeLiteralRepairRecipeTest.xml
9ddf3781b5e43a87b1d67caac2bc4b251f9ce8d77c509c8369129f4b0359fd55	210	sources/receiver-current-c0-followup/primary-observation-v1/chain/01-dag-install-prerequisite/stderr.log
2cebe3a3879609d3a5366c7d9dd06a68d85f7c02a9a4081756f1f8440bbe89d3	27179	sources/receiver-current-c0-followup/primary-observation-v1/chain/01-dag-install-prerequisite/stdout.log
171849e8995ba48367294c0152874bed8eef08875635e228c4db3957e84baf05	2496	sources/receiver-current-c0-followup/primary-observation-v1/config.json
f0f3df65cb0dc1f18b72cbe07ca6244c070b58433f4726ebce79cf955ad01443	526	sources/receiver-current-c0-followup/primary-observation-v1/git-before.json
f4da66b5b9260b5c27c4fa7e9db8c4619f54c73640ea8336a87ed1e75adaaec1	72046	sources/receiver-current-c0-followup/primary-observation-v1/inputs.json
25bce04cea28c26aee5cf1b31cf0c80a3544e8f200378a527e7671c29da739cf	351	sources/receiver-current-c0-followup/primary-observation-v1/launchers-before.json
a3b85f1403340edddd26dc9b8ea6a0997d5bb10b2a57d161524cd6bafc8114c7	948361	sources/receiver-current-c0-followup/primary-observation-v1/sources.json
b999a0ba173c75ef6339151f92553501250680ad98ac25449a0012cd72e52528	1782732	sources/receiver-current-c0-followup/primary-observation-v1/tools-before.json
674bd0433e53242c7b9d8f91491ab73bbe1ddf4cccb409519c4df463d1abd2c3	2306764	sources/receiver-current-c0-preparation/authoring/CURRENT-CONTEXT-v2.json
83b2f2cc9e7b87ffb2aaa21d10ad7b6485455565904b1f5465d34bcb53fd23bb	1483117	sources/receiver-current-c0-preparation/authoring/HISTORICAL-RETENTION-v1.json
190da366b4302b5557eb94fa6dc05d89da9ab1576f82a6b2aa24c73d8dc2e85b	5411	sources/receiver-current-c0-preparation/authoring/REQUIRED-DELIVERY-SOURCES-v1.json
46cdc05f7a0404959350c4d67487b4b296c0e2cc4022050b71d88e36723d74ee	466983	sources/receiver-current-c0-string-preparation/selection-v1/CURRENT-SELECTION.json
146a1f1e6c09085c41a89597d4bb68e8a3c231226996f122df950c6bb6fb627a	5258	sources/receiver-current-c0-string-preparation/selection-v1/STAGES.json
7e4534c928c2423d44df65ea6170b9d06cc3a64bd9cb073cdadc826247c78f87	1388	sources/receiver-current-c0-string-preparation/semantic-authoring/CONTROLLER-DERIVATION-v1.json
3fa9774dc3db95ac72dc06c217296c279422cf7b4f8f6f92d004cae1b1388fb5	3195	sources/receiver-current-c0-string-preparation/semantic-authoring/CONTROLLER-v2.diff
136de3005114df86c7c0a4884afecbb0898c92e19d0ea87ba51f45ab25e20acf	1591	sources/receiver-current-c0-string-preparation/semantic-authoring/ROOT-COMMAND-v2.json
946d2ce1d5d6b948c6ed8794c776904a07a886b980027092f2104f47dd18f85e	23197	sources/receiver-current-c0-string-preparation/semantic-authoring/SEMANTIC-PLAN-v2.json
ae9160fd4e7371b20ad397fc3c1101e450713e38df44a6df5f5d7e88cdddb982	4363	sources/receiver-current-c0-string-preparation/semantic-authoring/author_plan_v1.py
53c63a767b760ffc822846ba47ef5119b4a1595b591f6366969286175e85e567	4471	sources/receiver-current-c0-string-preparation/semantic-authoring/author_plan_v2.py
6d0458b4ad2406874f138c83128069952a504c2b5e54e35da60c03e3886a08bf	7915	sources/receiver-current-c0-string-preparation/semantic-authoring/independent-review-v2/REVIEW.json
afe1f60d72715f7bfcb143372e97e3b6e81c5d9d4f6b176fe41cfdfdb39e12d0	1327	sources/receiver-current-c0-string-preparation/semantic-authoring/root-execution-v1/RESULT.json
e3b0c44298fc1c149afbf4c8996fb92427ae41e4649b934ca495991b7852b855	0	sources/receiver-current-c0-string-preparation/semantic-authoring/root-execution-v1/stderr.log
9c69a6d5eab2683fb60c80d37754f72d8a104249af246d7827af0a71ede99f46	275	sources/receiver-current-c0-string-preparation/semantic-authoring/root-execution-v1/stdout.log
ba2965af8fb74e10b8fd9967fe0d2886868731ada29b16f68f5d59bc92e1bd9c	25626	sources/receiver-current-c0-string-preparation/semantic-authoring/spc_semantic_capture_v1.py
e5af8e5b84691328d05a4177881b18dae2c7596d19f6c743ebea0a7c804bc823	27576	sources/receiver-current-c0-string-preparation/semantic-authoring/spc_semantic_capture_v2.py
bd08a96120e75fc9d8c565a2e872cfeeef148ea2314aeaa8f66a36a38572841a	1274	sources/receiver-current-c0-string-preparation/semantic-selection-v1/BOUNDARY.json
59e2b5a9598f343a04a528879b3928e420292ab678b2786c597158624c020821	32783	sources/receiver-current-c0-string-preparation/semantic-selection-v1/SEMANTIC-SELECTION.json
52fe4a4a286b13f80bc466991dd448e03d75efef1e9f8383332a3f56b9653c90	3044	sources/receiver-current-c0-string-preparation/semantic-static-review-v1/REVIEW.json
5e46205fe4cc5424c0d2dbcb0072108d5b3c4f55f442e2323a759c1576f4285b	1743	sources/receiver-current-c0-string-preparation/tool-copy-authoring-v1/COMMAND.json
d766f8ae94026f52af68369e20ba1a3ff47312a027009b51d75d5c7d64e9e317	2234157	sources/receiver-current-c0-string-preparation/tool-copy-authoring-v1/COPY-RESULT.json
89ccc17a4b0eec96ed1d43acf5833d75e4500588684aeb6b6c4e015c1d39ef38	2233882	sources/receiver-current-c0-string-preparation/tool-copy-authoring-v1/SOURCE.json
bf6c5dbeb02feeef46262ee55e743232757c34fe745e37869ac6fde33b5e234c	4942	sources/receiver-current-c0-string-preparation/tool-copy-authoring-v1/copy_runtime.py
20413d14510544f61c5ac837bfd5da6ee3a8d18d9ad08d3ead5e3c2026d65984	591	sources/receiver-current-c0-string/ROOT-READBACK.json
510e2898a7ae2580b955cae5dad6ecf8f98b7186def931fc481a6ec1441b46fb	1723915	sources/receiver-current-c0-string/STAGING.json
b5c821eabed360709c0909ab86b4e7b9526b8864175c9cd598955c54f9053f7e	457	sources/receiver-current-c0-string/materialization-v1/ROOT-READBACK.json
47491b1f231577f46dd79897e2f90a15ba2ca9e8fcd44fba7948ba5ef7aa86d8	2274	sources/receiver-current-c0-string/materialization-v1/ROOT-WRAPPER-READBACK.json
52fd109d92b7a5a44c31c9f4eb43b3f9a8e638455169cc4a9ffb058514bc4cd7	2858	sources/receiver-current-c0-string/materialization-v1/command.json
0ccb3b8e3ac9e1f322b43c4a4e7ed1e2152963b082b2bc5c23d0c5efafbbbd24	1200779	sources/receiver-current-c0-string/materialization-v1/source-after.json
0ccb3b8e3ac9e1f322b43c4a4e7ed1e2152963b082b2bc5c23d0c5efafbbbd24	1200779	sources/receiver-current-c0-string/materialization-v1/source-before.json
e3b0c44298fc1c149afbf4c8996fb92427ae41e4649b934ca495991b7852b855	0	sources/receiver-current-c0-string/materialization-v1/stderr.log
c557e7a507d75c9defbe8ea11b87d12ebe4267d685ece078387f801e328e8226	8818	sources/receiver-current-c0-string/materialization-v1/stdout.log
3a076b4956dc30ab18fcd27fef4acd543c38b078502432a54c8a438a53ba08a1	3978	sources/receiver-current-c0-string/primary-observation-v1/PREPARED.json
6f8d824c7b58f801a3563869d1a34605b36f160a1a04ea4dc6d9dc5455e5e6e8	33725	sources/receiver-current-c0-string/primary-observation-v1/RESULT.json
f0cc18a39a4961b1b54f668c277eef67c54047d710ba13605601261b8a9daf94	35319	sources/receiver-current-c0-string/primary-observation-v1/ROOT-READBACK-v1.json
f9cdeed4c76c2292e8719e5914e3dde399552f1661b01cb7bb2280f21ae06048	267459	sources/receiver-current-c0-string/primary-observation-v1/cache-before.json
f9cdeed4c76c2292e8719e5914e3dde399552f1661b01cb7bb2280f21ae06048	267459	sources/receiver-current-c0-string/primary-observation-v1/chain/01-dag-install-prerequisite/cache-after.json
3c33beb60a85092826916052d6932199a6e0479a2080d6e968c75d011d3f7dcc	2793	sources/receiver-current-c0-string/primary-observation-v1/chain/01-dag-install-prerequisite/receipt.json
c6edcf0bc5327aa0a0a25f077c56f3c4db426f75f88f2c8bc95e61a022be6312	339857	sources/receiver-current-c0-string/primary-observation-v1/chain/01-dag-install-prerequisite/reports.json
db59cabc3d80b90e41a027fbd6f663493e82488497b43794ff66bbc06294054b	233852	sources/receiver-current-c0-string/primary-observation-v1/chain/01-dag-install-prerequisite/reports/m3/tooling/migration-recipes/target/jacoco.exec
ca5c15346415cbd05e37fc385394b962f82d99df7daa42ca2d87ab785be73452	21110	sources/receiver-current-c0-string/primary-observation-v1/chain/01-dag-install-prerequisite/reports/m3/tooling/migration-recipes/target/surefire-reports/TEST-com.m3.rewrite.InstallIndexStringCompatibilityTest.xml
da91509114163ed790e256fcc0b3cf6e5e4a3a5d0ae2316370b81e59520469f0	21400	sources/receiver-current-c0-string/primary-observation-v1/chain/01-dag-install-prerequisite/reports/m3/tooling/migration-recipes/target/surefire-reports/TEST-com.m3.rewrite.M3A3DeclarativeDeliveryRecipeTest.xml
d086c3fc97f7ccadafa9da16bd196ce7171b7e7ac7638e6524cedb7b53a4ee1b	21021	sources/receiver-current-c0-string/primary-observation-v1/chain/01-dag-install-prerequisite/reports/m3/tooling/migration-recipes/target/surefire-reports/TEST-com.m3.rewrite.M3A3LabDeliveryRecipeTest.xml
e6bc3c1e6fa7772c6535780d2095aa18d68053c37b2dd6614e7a954d1df501a3	21047	sources/receiver-current-c0-string/primary-observation-v1/chain/01-dag-install-prerequisite/reports/m3/tooling/migration-recipes/target/surefire-reports/TEST-com.m3.rewrite.M3A3LevenshteinEvidenceClosureRecipeTest.xml
1c04f87c7bde47f6561311b2cedc55f343143c3ffa4533ac3a2c5fa1372e480e	21045	sources/receiver-current-c0-string/primary-observation-v1/chain/01-dag-install-prerequisite/reports/m3/tooling/migration-recipes/target/surefire-reports/TEST-com.m3.rewrite.M3A3MasteryReceiptDeliveryRecipeTest.xml
5853d641db2bcfbb5a536e45fcee074b41d7fbdb3f57b240f1f5d20d151f8623	21036	sources/receiver-current-c0-string/primary-observation-v1/chain/01-dag-install-prerequisite/reports/m3/tooling/migration-recipes/target/surefire-reports/TEST-com.m3.rewrite.M3A3MasteryReceiptWorkflowRecipeTest.xml
b42da3593a3f3aa3171cc039ff7df23b644603e0d3fbb872381be87922528767	20957	sources/receiver-current-c0-string/primary-observation-v1/chain/01-dag-install-prerequisite/reports/m3/tooling/migration-recipes/target/surefire-reports/TEST-com.m3.rewrite.M3A3MasteryV6DeliveryTest.xml
a83b609b552dddaf488271f268138cdf08bb765b6a329c812e57b22ccc0b158d	21015	sources/receiver-current-c0-string/primary-observation-v1/chain/01-dag-install-prerequisite/reports/m3/tooling/migration-recipes/target/surefire-reports/TEST-com.m3.rewrite.M3A3MasteryWorkflowRecipeTest.xml
e7a8135fc509d6e180563ccdea652bf19ad509d6d3c9744f90c104456ecf4a55	21048	sources/receiver-current-c0-string/primary-observation-v1/chain/01-dag-install-prerequisite/reports/m3/tooling/migration-recipes/target/surefire-reports/TEST-com.m3.rewrite.M3A3RegexMemoryLabDeliveryRecipeTest.xml
2ce64e6edd7da478c81e7562853b1a6218a66856839813991be225713d48527b	21033	sources/receiver-current-c0-string/primary-observation-v1/chain/01-dag-install-prerequisite/reports/m3/tooling/migration-recipes/target/surefire-reports/TEST-com.m3.rewrite.M3A3RegexMemoryWorkflowRecipeTest.xml
0780e634cdc413dd9536d7229f5151e7fdb4705f8e9107381623e6a5c270bc54	20985	sources/receiver-current-c0-string/primary-observation-v1/chain/01-dag-install-prerequisite/reports/m3/tooling/migration-recipes/target/surefire-reports/TEST-com.m3.rewrite.M3ImportAdmissionTest.xml
9c2948d0353c6647deb0cc1f15cb306aa0a8c38dfa749d58ff04cddb86a5edd4	21041	sources/receiver-current-c0-string/primary-observation-v1/chain/01-dag-install-prerequisite/reports/m3/tooling/migration-recipes/target/surefire-reports/TEST-com.m3.rewrite.M3Java21ConvergenceAdmissionTest.xml
506f5ca08276de217831b2f9cb8318a3c6fbe6896aebe9cb00f376465ec0e46e	21832	sources/receiver-current-c0-string/primary-observation-v1/chain/01-dag-install-prerequisite/reports/m3/tooling/migration-recipes/target/surefire-reports/TEST-com.m3.rewrite.M3Java21ConvergenceRecipeTest.xml
e12c010ee32e8843291512227111a6a28f7946e68baba54eb48e94ac89f65c85	21052	sources/receiver-current-c0-string/primary-observation-v1/chain/01-dag-install-prerequisite/reports/m3/tooling/migration-recipes/target/surefire-reports/TEST-com.m3.rewrite.M3Java21DeclarativeConvergenceTest.xml
de0271c2b4f626fb92c591db0b1ced132e33e1d67032e614d7ca200780992f16	21173	sources/receiver-current-c0-string/primary-observation-v1/chain/01-dag-install-prerequisite/reports/m3/tooling/migration-recipes/target/surefire-reports/TEST-com.m3.rewrite.a3.M3A3AlgorithmCatalogueRecipeTest.xml
b49094fd2812a2bce57af17743437918a56f0df1a8b20856e807aca8649c12a5	21031	sources/receiver-current-c0-string/primary-observation-v1/chain/01-dag-install-prerequisite/reports/m3/tooling/migration-recipes/target/surefire-reports/TEST-com.m3.rewrite.a3.M3A3MasteryV6RecipeTest.xml
78fd8bb8f48e8b9151487135296f963a5b71bd651e58dfdb146c22e5aba4e16a	21908	sources/receiver-current-c0-string/primary-observation-v1/chain/01-dag-install-prerequisite/reports/m3/tooling/migration-recipes/target/surefire-reports/TEST-com.m3.rewrite.a3.M3A3SerialFileWorkRecipeTest.xml
237b9705f481a0f890731bd65183b7bd99db17ed4fdefacb9b9ed42f076c94a5	21337	sources/receiver-current-c0-string/primary-observation-v1/chain/01-dag-install-prerequisite/reports/m3/tooling/migration-recipes/target/surefire-reports/TEST-com.m3.rewrite.atom.JccReceivingFixtureTest.xml
6d409c3b86a0fbc3029f5d08309ccdaf1d35c1c662019709463a5b1dd0fbf35c	21005	sources/receiver-current-c0-string/primary-observation-v1/chain/01-dag-install-prerequisite/reports/m3/tooling/migration-recipes/target/surefire-reports/TEST-com.m3.rewrite.atom.M3AtomCommentRecipeTest.xml
cf39490410cb1fe78a5e28dcb5448e0a2fdc86cfc4acdb8c9801b496568b4e97	21788	sources/receiver-current-c0-string/primary-observation-v1/chain/01-dag-install-prerequisite/reports/m3/tooling/migration-recipes/target/surefire-reports/TEST-com.m3.rewrite.atom.M3AtomCoverageClosureTest.xml
f67db813141cc26ae90950b82cd7c8c6cc3206731aa3d9843241138e6dd23d32	21516	sources/receiver-current-c0-string/primary-observation-v1/chain/01-dag-install-prerequisite/reports/m3/tooling/migration-recipes/target/surefire-reports/TEST-com.m3.rewrite.atom.M3AtomDefensiveBranchTest.xml
8cbb60afddd1383aef095528d1828e3be87eaa32aef9120de2a07fd1dbf82877	21332	sources/receiver-current-c0-string/primary-observation-v1/chain/01-dag-install-prerequisite/reports/m3/tooling/migration-recipes/target/surefire-reports/TEST-com.m3.rewrite.atom.M3AtomizePureIntReturnRecipeTest.xml
7b48151b8bbea8701e52695bc3d2ca09da30ef849a981a74505b5d6c30e27068	21037	sources/receiver-current-c0-string/primary-observation-v1/chain/01-dag-install-prerequisite/reports/m3/tooling/migration-recipes/target/surefire-reports/TEST-com.m3.rewrite.atom.M3DocumentationContractTest.xml
94fb08e7482dde5e7e12b9a7d60a43097c1d98ec71464e80fb65b10267f35b49	21629	sources/receiver-current-c0-string/primary-observation-v1/chain/01-dag-install-prerequisite/reports/m3/tooling/migration-recipes/target/surefire-reports/TEST-com.m3.rewrite.atom.M3IntRecipeProjectTest.xml
9d3f49162df767ce749b2956a8b1e28788292114b8cac28d725e9647fae81e18	21255	sources/receiver-current-c0-string/primary-observation-v1/chain/01-dag-install-prerequisite/reports/m3/tooling/migration-recipes/target/surefire-reports/TEST-com.m3.rewrite.atom.M3IntSpectrumTest.xml
4379d92fb9bc91f9e4855ff7215c54df15c7d6d409c517ca6082bcfd31a035b7	21221	sources/receiver-current-c0-string/primary-observation-v1/chain/01-dag-install-prerequisite/reports/m3/tooling/migration-recipes/target/surefire-reports/TEST-com.m3.rewrite.atom.M3InventoryPureIntAtomCandidatesTest.xml
bca4f849c7d096f0ad807af1da25b6da9c8eaf5a979f3cff5feb0c524dc6031d	21022	sources/receiver-current-c0-string/primary-observation-v1/chain/01-dag-install-prerequisite/reports/m3/tooling/migration-recipes/target/surefire-reports/TEST-com.m3.rewrite.atom.M3PatternMarkerTest.xml
d2c8f4440627f838cb843c161843a5f701b899a3e3b014eeb112b5f11232fabc	21322	sources/receiver-current-c0-string/primary-observation-v1/chain/01-dag-install-prerequisite/reports/m3/tooling/migration-recipes/target/surefire-reports/TEST-com.m3.rewrite.atom.M3PureIntConvergenceRecipeTest.xml
d6d791bbb89deca55ee769b947a513e2fad4c9b3ce8152d531de8feb9ba2daa9	21171	sources/receiver-current-c0-string/primary-observation-v1/chain/01-dag-install-prerequisite/reports/m3/tooling/migration-recipes/target/surefire-reports/TEST-com.m3.rewrite.atom.M3RepositoryCorpusTest.xml
ed9cb7b46733b75a2cd613d9cebf3bcd9b42913005293bd5a0115a7c03ec0bcd	21091	sources/receiver-current-c0-string/primary-observation-v1/chain/01-dag-install-prerequisite/reports/m3/tooling/migration-recipes/target/surefire-reports/TEST-com.m3.rewrite.backport.A3KitTest.xml
136222a60c906a2565ec32950b9a1b8fd87516622e94790598883ae899d03ef4	21123	sources/receiver-current-c0-string/primary-observation-v1/chain/01-dag-install-prerequisite/reports/m3/tooling/migration-recipes/target/surefire-reports/TEST-com.m3.rewrite.backport.ClassVerTest.xml
6234f164e0b1dc7385f5a73e5c42bbf1beb5ff0b9c17d0316d0c40dfce0d08de	21157	sources/receiver-current-c0-string/primary-observation-v1/chain/01-dag-install-prerequisite/reports/m3/tooling/migration-recipes/target/surefire-reports/TEST-com.m3.rewrite.backport.ClosureRecipeTest.xml
fb1618dc19e147612285dd2d9c13458c2ae44ec0723cc0895f7fb28bef17edd3	22216	sources/receiver-current-c0-string/primary-observation-v1/chain/01-dag-install-prerequisite/reports/m3/tooling/migration-recipes/target/surefire-reports/TEST-com.m3.rewrite.backport.DbRecipeTest.xml
c9c298902a94e63d64e1dceb8ff2bcf85bfd5ab8b0d9cef3417358f2a2cbc061	21870	sources/receiver-current-c0-string/primary-observation-v1/chain/01-dag-install-prerequisite/reports/m3/tooling/migration-recipes/target/surefire-reports/TEST-com.m3.rewrite.backport.DescriptorRecipeTest.xml
2dcd49847e7dab90fabdd917c310f568999a18a6bbcd78c9643d9a1386b78152	21256	sources/receiver-current-c0-string/primary-observation-v1/chain/01-dag-install-prerequisite/reports/m3/tooling/migration-recipes/target/surefire-reports/TEST-com.m3.rewrite.backport.GateTest.xml
4a33ae7eb86af89ed728aba8272c227c1d4c4cfbdf3fc2af4aabccaaa05fa53d	21819	sources/receiver-current-c0-string/primary-observation-v1/chain/01-dag-install-prerequisite/reports/m3/tooling/migration-recipes/target/surefire-reports/TEST-com.m3.rewrite.backport.JccHandoffTest.xml
e8ea2067d03f6d01dd5df9ba3f86150803678594d1f8f30b669eca2863de3624	22460	sources/receiver-current-c0-string/primary-observation-v1/chain/01-dag-install-prerequisite/reports/m3/tooling/migration-recipes/target/surefire-reports/TEST-com.m3.rewrite.backport.JccSourceFinalHandoffTest.xml
81c90b98f2cae45499f24439fef3214c8c5070b4d7852aebf6d1ccff5da293a2	22675	sources/receiver-current-c0-string/primary-observation-v1/chain/01-dag-install-prerequisite/reports/m3/tooling/migration-recipes/target/surefire-reports/TEST-com.m3.rewrite.backport.JccSourceRecoveryHandoffTest.xml
1a35b18da798b87c0d2c3f1a84c2f5a0e6c158726b65ecd951465cc2d2d4b5be	20971	sources/receiver-current-c0-string/primary-observation-v1/chain/01-dag-install-prerequisite/reports/m3/tooling/migration-recipes/target/surefire-reports/TEST-com.m3.rewrite.backport.JniTest.xml
dc11d89440e4e6318f14ea67548e3334abb10c2671f3251239223f6389581d08	21079	sources/receiver-current-c0-string/primary-observation-v1/chain/01-dag-install-prerequisite/reports/m3/tooling/migration-recipes/target/surefire-reports/TEST-com.m3.rewrite.backport.KitTest.xml
cced8f4a018333900cfeaa3982bc05dfaf82ab75fdfae7b94014ac4b96fe7d10	20887	sources/receiver-current-c0-string/primary-observation-v1/chain/01-dag-install-prerequisite/reports/m3/tooling/migration-recipes/target/surefire-reports/TEST-com.m3.rewrite.backport.M3A3NativeJniLaneRecipeTest.xml
43b4fd1752b1088147361efa3a9dbf26e5918b2131ecdf5c951f9332d823346e	21204	sources/receiver-current-c0-string/primary-observation-v1/chain/01-dag-install-prerequisite/reports/m3/tooling/migration-recipes/target/surefire-reports/TEST-com.m3.rewrite.backport.M3Jdk21HashPinnedTextSnapshotRecipeTest.xml
ba6592e4b0a0f7e4d4fd8d4c3cb7d7f32243ca51f5cca1894499937a917bab78	21192	sources/receiver-current-c0-string/primary-observation-v1/chain/01-dag-install-prerequisite/reports/m3/tooling/migration-recipes/target/surefire-reports/TEST-com.m3.rewrite.backport.M3Jdk8347112BackportRecipeTest.xml
ae41530f6f7ad0d205b4d38c41bb11a39a95e1ea57ba9ac2f298f8d920329d1d	21193	sources/receiver-current-c0-string/primary-observation-v1/chain/01-dag-install-prerequisite/reports/m3/tooling/migration-recipes/target/surefire-reports/TEST-com.m3.rewrite.backport.M3Jdk8364182BackportRecipeTest.xml
57739379e81855e98f4fc38e1ef80f73b16202bf392a2da53826d92b73d64cdb	21238	sources/receiver-current-c0-string/primary-observation-v1/chain/01-dag-install-prerequisite/reports/m3/tooling/migration-recipes/target/surefire-reports/TEST-com.m3.rewrite.backport.M3Jdk8367584JfrOptionsHelpBackportRecipeTest.xml
f060ca7ca8e5e91a123f2ba008d5d9f6a7bc6bcf0730469cb798ef87c441e48a	21239	sources/receiver-current-c0-string/primary-observation-v1/chain/01-dag-install-prerequisite/reports/m3/tooling/migration-recipes/target/surefire-reports/TEST-com.m3.rewrite.backport.M3Jdk8368692PasswordSystemInBackportRecipeTest.xml
3d1f7613711328f798e173315cf198a6bf53e70b9846303e42cd973bb817411a	21326	sources/receiver-current-c0-string/primary-observation-v1/chain/01-dag-install-prerequisite/reports/m3/tooling/migration-recipes/target/surefire-reports/TEST-com.m3.rewrite.backport.M3Jdk8374808BackportRecipeTest.xml
8fe35bbba00c55e929c376d1ff3bd045e41eea2a624528bad05296d118d210fc	21400	sources/receiver-current-c0-string/primary-observation-v1/chain/01-dag-install-prerequisite/reports/m3/tooling/migration-recipes/target/surefire-reports/TEST-com.m3.rewrite.backport.M3JdkExecutionFollowthroughRecipeTest.xml
c0cd809731e0ea16285c3867fb35d9156c338606f349f6b47a3b1f247cce2d4b	21634	sources/receiver-current-c0-string/primary-observation-v1/chain/01-dag-install-prerequisite/reports/m3/tooling/migration-recipes/target/surefire-reports/TEST-com.m3.rewrite.backport.M3Jep458BackportRecipeTest.xml
ca998657c8d98374e8ca623946e0b27a1d032813fca5a85813bfca19e03293f7	21563	sources/receiver-current-c0-string/primary-observation-v1/chain/01-dag-install-prerequisite/reports/m3/tooling/migration-recipes/target/surefire-reports/TEST-com.m3.rewrite.backport.M3Jep485StreamGatherersBackportRecipeTest.xml
e70e9a1cd2fd50e1aebb35783ebf30fa707bd8f81617cbb17ce2cb4a9dd500fe	21072	sources/receiver-current-c0-string/primary-observation-v1/chain/01-dag-install-prerequisite/reports/m3/tooling/migration-recipes/target/surefire-reports/TEST-com.m3.rewrite.backport.M3StringCanonicalDagMasterRepairRecipeTest.xml
ae4bf71ee17d7d4e72c9d6355d4648f9f30cf1cc143a5622086c587a83c5df70	22756	sources/receiver-current-c0-string/primary-observation-v1/chain/01-dag-install-prerequisite/reports/m3/tooling/migration-recipes/target/surefire-reports/TEST-com.m3.rewrite.backport.M3StringHistoryConvergenceRecipeTest.xml
628d5c54426923c2371b2d1be5b875d9c2ee85d8224af24fe2c8962e3fc9b9bb	21468	sources/receiver-current-c0-string/primary-observation-v1/chain/01-dag-install-prerequisite/reports/m3/tooling/migration-recipes/target/surefire-reports/TEST-com.m3.rewrite.backport.M3VerbatimJavaPairRecipeTest.xml
4a071c3e056a604e22eaab498d6e3cd06cae40978b890e57e3ad5d41c44f7188	21610	sources/receiver-current-c0-string/primary-observation-v1/chain/01-dag-install-prerequisite/reports/m3/tooling/migration-recipes/target/surefire-reports/TEST-com.m3.rewrite.backport.MapFactsRecipeTest.xml
4fe8481ee813d6dc932c0d913ca8d05d02a325ca9b584b71ab63a7979c85ed1e	21459	sources/receiver-current-c0-string/primary-observation-v1/chain/01-dag-install-prerequisite/reports/m3/tooling/migration-recipes/target/surefire-reports/TEST-com.m3.rewrite.backport.MapGuardRecipeTest.xml
482b089d8de96cad59e1a5dd99c249dae9964890019c8b0960e15232ef25ed65	21734	sources/receiver-current-c0-string/primary-observation-v1/chain/01-dag-install-prerequisite/reports/m3/tooling/migration-recipes/target/surefire-reports/TEST-com.m3.rewrite.backport.MapUtfRecipeTest.xml
3c3118c1ac2d5861c3cbeba45a717fef8dba8c0e13ded08e3b6cb21aedc1817a	21144	sources/receiver-current-c0-string/primary-observation-v1/chain/01-dag-install-prerequisite/reports/m3/tooling/migration-recipes/target/surefire-reports/TEST-com.m3.rewrite.backport.VersionRecipeTest.xml
3cfaeefabc07e5c64d39be77fc9879e4520f462a95d5b2db8f6f3a2c6a68a875	21173	sources/receiver-current-c0-string/primary-observation-v1/chain/01-dag-install-prerequisite/reports/m3/tooling/migration-recipes/target/surefire-reports/TEST-com.m3.rewrite.scope.M3RecipeScopeDeclarationTest.xml
eb97b837c9edfa7fc45dddc1a1aa0cc69f07a68761d21cb795d14c45b066bf24	21257	sources/receiver-current-c0-string/primary-observation-v1/chain/01-dag-install-prerequisite/reports/m3/tooling/migration-recipes/target/surefire-reports/TEST-com.m3.rewrite.scope.M3ScopeContractTest.xml
79fe28e0b05fb40ccc17975e102089bf14294ca965a3c389a15a4b44ae630ca3	21458	sources/receiver-current-c0-string/primary-observation-v1/chain/01-dag-install-prerequisite/reports/m3/tooling/migration-recipes/target/surefire-reports/TEST-com.m3.rewrite.scope.M3ScopeCoverageClosureTest.xml
4fa5a121ac32a14a41d27c5cc58c708a9feb47f3adff532a87e9e4b953933245	20898	sources/receiver-current-c0-string/primary-observation-v1/chain/01-dag-install-prerequisite/reports/m3/tooling/migration-recipes/target/surefire-reports/TEST-com.m3.rewrite.scope.M3ScopeDefensiveBranchTest.xml
3e35e80ef0290527a80f9d28c2d719bf8b4617f71863402a7a76f8b9061f7245	21332	sources/receiver-current-c0-string/primary-observation-v1/chain/01-dag-install-prerequisite/reports/m3/tooling/migration-recipes/target/surefire-reports/TEST-com.m3.rewrite.semantic.M3SemanticHashRecipeTest.xml
dce6b7cb4e62a2b1a0699f7b68fddf1cb202936d93c0d1a02555ed748f23bc9b	21042	sources/receiver-current-c0-string/primary-observation-v1/chain/01-dag-install-prerequisite/reports/m3/tooling/migration-recipes/target/surefire-reports/TEST-com.synexia.rewrite.M3DocumentJavadocContractRecipeTest.xml
dc2dd89fd0de6a9470b404f4d4c3cb7b0ffb3c212d68ca65ffb3af2664627a4b	21207	sources/receiver-current-c0-string/primary-observation-v1/chain/01-dag-install-prerequisite/reports/m3/tooling/migration-recipes/target/surefire-reports/TEST-com.synexia.rewrite.M3MIndexJniNewStringAdmissionRecipeTest.xml
b9a72d6f4f170fd6f4de4988c78b627796e3e2e460be7c59923dfa41fa5675e1	21260	sources/receiver-current-c0-string/primary-observation-v1/chain/01-dag-install-prerequisite/reports/m3/tooling/migration-recipes/target/surefire-reports/TEST-com.synexia.rewrite.M3MIndexJoinedCharsViewRecipeTest.xml
ddbcbc3476203607d719654265dc2bd9a279efd4a35f7704bff75ecd62d7d5f8	21207	sources/receiver-current-c0-string/primary-observation-v1/chain/01-dag-install-prerequisite/reports/m3/tooling/migration-recipes/target/surefire-reports/TEST-com.synexia.rewrite.M3MIndexStringBulkCharBoundaryRecipeTest.xml
4049dd9b82129fb54149f59864ee89e14adea6c486d15779cfb8299c483315af	21022	sources/receiver-current-c0-string/primary-observation-v1/chain/01-dag-install-prerequisite/reports/m3/tooling/migration-recipes/target/surefire-reports/TEST-com.synexia.rewrite.M3ScopeLiteralRepairRecipeTest.xml
9ddf3781b5e43a87b1d67caac2bc4b251f9ce8d77c509c8369129f4b0359fd55	210	sources/receiver-current-c0-string/primary-observation-v1/chain/01-dag-install-prerequisite/stderr.log
fea5a6aefa65896486de6a9d50b40607e0dbbc2645321aaf57aaf0c98922b624	18851	sources/receiver-current-c0-string/primary-observation-v1/chain/01-dag-install-prerequisite/stdout.log
aa66d214c177f95bde3d1c0887fbb87a8fedc73d675e2bed7b1349bec6d83d24	2470	sources/receiver-current-c0-string/primary-observation-v1/config.json
a07f06fecdb5358d62da6f222981b60b2daa4348e95d6b602ed2b8e27e69ed62	524	sources/receiver-current-c0-string/primary-observation-v1/git-before.json
bdf3d9c653aa49124436934ff793b996b44904cbfb79298beaba8ffc811a2c1f	340374	sources/receiver-current-c0-string/primary-observation-v1/inputs.json
38470cca6420e1865d1fca4757794be2bee1fe7a3822dab2ea52b5dd2b43720c	349	sources/receiver-current-c0-string/primary-observation-v1/launchers-before.json
4df53cd0e0cb00d823108f2224d48afa39c78bda9bc447b3d3d54ddbae32e17e	948361	sources/receiver-current-c0-string/primary-observation-v1/sources.json
018827c9759e3932b51be3e7765b0f7f3ae5fd76f6ab88396414462bc52efd42	1782322	sources/receiver-current-c0-string/primary-observation-v1/tools-before.json
acd49abfe66383ae325ced5adf371716f76eb164749ddb2e19a0dcf5638a4e96	8723	sources/receiver-current-c0-string/repo/m3/tooling/image-gates/src/test/python/test_current_context.py
924f82ab0df19c7c24a9c208c93880fab36da2c9216572c33b4219d6c0208f64	16970	sources/receiver-current-c0-string/repo/m3/tooling/image-gates/verify-current.py
0e65b26f674f68fea30151ea63a17faef2f88ca0f0679723bb3dc230fda22b72	13233	sources/receiver-current-c0-string/repo/m3/tooling/migration-recipes/src/main/java/com/m3/rewrite/backport/M3Jdk21HashPinnedSnapshotRecipe.java
8015207ce502d22955f7f77697177e5939fa1e25be7cd74be89c639335ae48e6	12032	sources/receiver-current-c0-string/repo/m3/tooling/migration-recipes/src/main/java/com/m3/rewrite/backport/M3Jdk21HashPinnedTextSnapshotRecipe.java
38fbd2b10ab5f1458cdb62defac5cfbcd2aad6166c1c70212e2f0ff458e860b1	8166	sources/receiver-current-c0-string/repo/m3/tooling/migration-recipes/src/test/java/com/m3/rewrite/backport/M3StringHistoryConvergenceRecipeTest.java
1fd4c8d856e7de971c874936ef8561167041cd3c087e6ad8796d3225cc6087dc	51207	sources/receiver-current-c0-string/repo/test/jdk/java/lang/String/M3StringPrecomputeSearchTest.java
e55163d52e0f420424a17778397719c3e5d2adedc65f0af655a36bc11030a722	2954	sources/receiver-current-c0-string/spc-semantic-v1/ADMISSION.json
072c8c827e49f7822f780a17e9c1a2fcc80b1ce5744fbbd90f197901b61a41de	11281	sources/receiver-current-c0-string/spc-semantic-v1/RESULT.json
35f53f08efd3a9f4661aa96ad6b10d1eca9b78b03a3847f040ad64c88905db17	9952	sources/receiver-current-c0-string/spc-semantic-v1/ROOT-READBACK.json
70d26d2dde6dd6f8d240bfc555af38bbe04d343899caca35d624227f69cba577	715	sources/receiver-current-c0-string/spc-semantic-v1/chain/01-compile-fixture/outputs.json
84cca49499d996a6c3631f51a3c44cc1b6e8f9f1dd863855856d679256c7cd72	9087	sources/receiver-current-c0-string/spc-semantic-v1/chain/01-compile-fixture/receipt.json
e3b0c44298fc1c149afbf4c8996fb92427ae41e4649b934ca495991b7852b855	0	sources/receiver-current-c0-string/spc-semantic-v1/chain/01-compile-fixture/stderr.log
e3b0c44298fc1c149afbf4c8996fb92427ae41e4649b934ca495991b7852b855	0	sources/receiver-current-c0-string/spc-semantic-v1/chain/01-compile-fixture/stdout.log
9074f4b426bce9840b8d85eec80b117068fdf54cb45a2c7d7b662831f957efa3	2046	sources/receiver-current-c0-string/spc-semantic-v1/chain/02-compiler-typed-literal-contract/outputs.json
9f64a370e9f2dbbc33161bb33b200b00996b534585dbcca47c071bca38cfbd27	9506	sources/receiver-current-c0-string/spc-semantic-v1/chain/02-compiler-typed-literal-contract/receipt.json
e3b0c44298fc1c149afbf4c8996fb92427ae41e4649b934ca495991b7852b855	0	sources/receiver-current-c0-string/spc-semantic-v1/chain/02-compiler-typed-literal-contract/stderr.log
7f4316832892dde2ff9d673cd6e3f68d011630ae404955e422d7418cf2ad86bb	5092	sources/receiver-current-c0-string/spc-semantic-v1/chain/02-compiler-typed-literal-contract/stdout.log
4db7bd0d564b8571c9baf96e857872cd0904d8ead3a195b0a8feb1609c0b12ee	2717	sources/receiver-current-c0-string/spc-semantic-v1/chain/03-metadata-preservation-controls/receipt.json
1b6e2205369dbb2ec65b70c601f1a4e12fdb9b308e1ea123b8108b57b2f50049	990	sources/receiver-current-c0-string/spc-semantic-v1/chain/03-metadata-preservation-controls/stderr.log
e3b0c44298fc1c149afbf4c8996fb92427ae41e4649b934ca495991b7852b855	0	sources/receiver-current-c0-string/spc-semantic-v1/chain/03-metadata-preservation-controls/stdout.log
a07f06fecdb5358d62da6f222981b60b2daa4348e95d6b602ed2b8e27e69ed62	524	sources/receiver-current-c0-string/spc-semantic-v1/git-after.json
a07f06fecdb5358d62da6f222981b60b2daa4348e95d6b602ed2b8e27e69ed62	524	sources/receiver-current-c0-string/spc-semantic-v1/git-before.json
1fd4c8d856e7de971c874936ef8561167041cd3c087e6ad8796d3225cc6087dc	51207	sources/receiver-current-c0-string/spc-semantic-v1/java-observations/after-current/M3StringPrecomputeSearchTest.java
1fd4c8d856e7de971c874936ef8561167041cd3c087e6ad8796d3225cc6087dc	51207	sources/receiver-current-c0-string/spc-semantic-v1/java-observations/after-template/M3StringPrecomputeSearchTest.java
825bf78d1684665fb85c3a93241700cb1e5d9403f9cb71603db7208303abcc56	51206	sources/receiver-current-c0-string/spc-semantic-v1/java-observations/before-current/M3StringPrecomputeSearchTest.java
1ed409eba2ba7135f22163288cc835b3f6c532f47bb2551ae1c4786fccd6079e	49580	sources/receiver-current-c0-string/spc-semantic-v1/java-observations/before-template/M3StringPrecomputeSearchTest.java
825bf78d1684665fb85c3a93241700cb1e5d9403f9cb71603db7208303abcc56	51206	sources/receiver-current-c0-string/spc-semantic-v1/java-observations/negative-missing-slash/M3StringPrecomputeSearchTest.java
3fc0bca2b76b5413204ce699826010b3999675a6251d25c6990ea4d137534390	51206	sources/receiver-current-c0-string/spc-semantic-v1/java-observations/negative-wrong-atom/M3StringPrecomputeSearchTest.java
f2226678e37eaa0d9dd76c7eda3ce992860c4785cd50b3af73aeb69549ff034e	2930	sources/receiver-current-c0-string/spc-semantic-v1/observed-outputs.json
4df53cd0e0cb00d823108f2224d48afa39c78bda9bc447b3d3d54ddbae32e17e	948361	sources/receiver-current-c0-string/spc-semantic-v1/source-after.json
4df53cd0e0cb00d823108f2224d48afa39c78bda9bc447b3d3d54ddbae32e17e	948361	sources/receiver-current-c0-string/spc-semantic-v1/source-before.json
69c225f203805b38dd5f4a76828f80cf8d339b53a1b8603f4cc29998e1017f70	2760	sources/receiver-current-c0/materialization-v1/command.json
6d2526323c2851f6ebc8e2dbfd01de1a4a52c0fea87e02ab0a69233ee6e87298	1200002	sources/receiver-current-c0/materialization-v1/source-after.json
6d2526323c2851f6ebc8e2dbfd01de1a4a52c0fea87e02ab0a69233ee6e87298	1200002	sources/receiver-current-c0/materialization-v1/source-before.json
e3b0c44298fc1c149afbf4c8996fb92427ae41e4649b934ca495991b7852b855	0	sources/receiver-current-c0/materialization-v1/stderr.log
9c966898caabd5417db0bd49a1b7b8dc7b11f630edd946c6d2273777ee86abc0	8699	sources/receiver-current-c0/materialization-v1/stdout.log
3ad92f5d9acf7f3034eed8122c52ceb7a8b9031aac7a58ce8ffa0877a8df694e	3028	sources/receiver-current-c0/primary-observation-v1/PREPARED.json
78195f460e0c2d58d4736660dab3e3244c16c3b42ac644e065833969ced8e466	32077	sources/receiver-current-c0/primary-observation-v1/RESULT.json
e121ba9aa8276099d1bc984abe4dff3ee45c9bce8d4f849a1822d6a68a8295f7	29864	sources/receiver-current-c0/primary-observation-v1/ROOT-READBACK.json
f9cdeed4c76c2292e8719e5914e3dde399552f1661b01cb7bb2280f21ae06048	267459	sources/receiver-current-c0/primary-observation-v1/cache-before.json
f9cdeed4c76c2292e8719e5914e3dde399552f1661b01cb7bb2280f21ae06048	267459	sources/receiver-current-c0/primary-observation-v1/chain/01-dag-install-prerequisite/cache-after.json
7fd7ef09bd39eb0576d4c48638730aa98df5eeffd5fe9d7940a307a61eea060b	2688	sources/receiver-current-c0/primary-observation-v1/chain/01-dag-install-prerequisite/receipt.json
05e97d17dc4b1c644469a4aa346d43016890dec1b25b1bee5ac849b814d7e637	338650	sources/receiver-current-c0/primary-observation-v1/chain/01-dag-install-prerequisite/reports.json
d876ffa4488e3f6704ede1d8cb165ed8e549db0a35724f344ccc7b5e6707ab4f	233828	sources/receiver-current-c0/primary-observation-v1/chain/01-dag-install-prerequisite/reports/m3/tooling/migration-recipes/target/jacoco.exec
e1dcea23b6f387fcdcfba1d143a09ff639400e687813e5a874f1429f1c89cbc6	20347	sources/receiver-current-c0/primary-observation-v1/chain/01-dag-install-prerequisite/reports/m3/tooling/migration-recipes/target/surefire-reports/TEST-com.m3.rewrite.InstallIndexStringCompatibilityTest.xml
d9e3b20d9d1949f339891cffd52f59a8ebffa67db7d203d4f262684af5829ab2	20636	sources/receiver-current-c0/primary-observation-v1/chain/01-dag-install-prerequisite/reports/m3/tooling/migration-recipes/target/surefire-reports/TEST-com.m3.rewrite.M3A3DeclarativeDeliveryRecipeTest.xml
737e069233c5ca48acec44d9aff015a741a9fed7fc7d3e301a580e5cc55780c7	20257	sources/receiver-current-c0/primary-observation-v1/chain/01-dag-install-prerequisite/reports/m3/tooling/migration-recipes/target/surefire-reports/TEST-com.m3.rewrite.M3A3LabDeliveryRecipeTest.xml
5918c13af9cd947b2b48fe153c9a5e10f27aa0de00aab55159a5558e01fbac92	20282	sources/receiver-current-c0/primary-observation-v1/chain/01-dag-install-prerequisite/reports/m3/tooling/migration-recipes/target/surefire-reports/TEST-com.m3.rewrite.M3A3LevenshteinEvidenceClosureRecipeTest.xml
a840b2c0f493f023a2e474c3a73dd8ed3d59e91389ed659a90e89e22361b900f	20279	sources/receiver-current-c0/primary-observation-v1/chain/01-dag-install-prerequisite/reports/m3/tooling/migration-recipes/target/surefire-reports/TEST-com.m3.rewrite.M3A3MasteryReceiptDeliveryRecipeTest.xml
729b965bfbf6c58ed6adee4a56f5b000ccbfb4113f633c1567215caa80562341	20271	sources/receiver-current-c0/primary-observation-v1/chain/01-dag-install-prerequisite/reports/m3/tooling/migration-recipes/target/surefire-reports/TEST-com.m3.rewrite.M3A3MasteryReceiptWorkflowRecipeTest.xml
ccca7a4aa7d02b982e66a8bedd4e110412fe1cb58ee554c4126830cbb3fbe2e6	20194	sources/receiver-current-c0/primary-observation-v1/chain/01-dag-install-prerequisite/reports/m3/tooling/migration-recipes/target/surefire-reports/TEST-com.m3.rewrite.M3A3MasteryV6DeliveryTest.xml
c825e241a0dc3caf6b7d663b31a3d5a8c823c01debfa3fcf501d65d67ae36f33	20252	sources/receiver-current-c0/primary-observation-v1/chain/01-dag-install-prerequisite/reports/m3/tooling/migration-recipes/target/surefire-reports/TEST-com.m3.rewrite.M3A3MasteryWorkflowRecipeTest.xml
2bb828e119e234fa20d0e7e0c8eb192d56085681260fddc35c4be4385e4c9e5b	20285	sources/receiver-current-c0/primary-observation-v1/chain/01-dag-install-prerequisite/reports/m3/tooling/migration-recipes/target/surefire-reports/TEST-com.m3.rewrite.M3A3RegexMemoryLabDeliveryRecipeTest.xml
111a1c2436e235730509e983b0bcc510fd89bb12eba85c8be857cde9df380d92	20271	sources/receiver-current-c0/primary-observation-v1/chain/01-dag-install-prerequisite/reports/m3/tooling/migration-recipes/target/surefire-reports/TEST-com.m3.rewrite.M3A3RegexMemoryWorkflowRecipeTest.xml
d9a5ca3727afb147713947e17781607cbd77a577109f7c170062c230eba09b6a	20222	sources/receiver-current-c0/primary-observation-v1/chain/01-dag-install-prerequisite/reports/m3/tooling/migration-recipes/target/surefire-reports/TEST-com.m3.rewrite.M3ImportAdmissionTest.xml
16b09c01cd68f8d13521bf3c8a91dfd49e5f622495fb3e8661f90d9c11893d93	20278	sources/receiver-current-c0/primary-observation-v1/chain/01-dag-install-prerequisite/reports/m3/tooling/migration-recipes/target/surefire-reports/TEST-com.m3.rewrite.M3Java21ConvergenceAdmissionTest.xml
e65c1cb01ec749edac60af09aacbf54abb5231eca5bec34bef3a807075fab6f7	21071	sources/receiver-current-c0/primary-observation-v1/chain/01-dag-install-prerequisite/reports/m3/tooling/migration-recipes/target/surefire-reports/TEST-com.m3.rewrite.M3Java21ConvergenceRecipeTest.xml
56c0de9adaf1f35e9a733f205bd1d09f47e7b0174c391af4bd65a20df5f88c59	20289	sources/receiver-current-c0/primary-observation-v1/chain/01-dag-install-prerequisite/reports/m3/tooling/migration-recipes/target/surefire-reports/TEST-com.m3.rewrite.M3Java21DeclarativeConvergenceTest.xml
b57f031ad0ef6639703bcef19f3f7297cce758ac7c6ee37a566e775e3d281a84	20408	sources/receiver-current-c0/primary-observation-v1/chain/01-dag-install-prerequisite/reports/m3/tooling/migration-recipes/target/surefire-reports/TEST-com.m3.rewrite.a3.M3A3AlgorithmCatalogueRecipeTest.xml
4573a9a07166ba3005d480de2b62e5b6911b56189487a35ac2473dc78d1c67b3	20265	sources/receiver-current-c0/primary-observation-v1/chain/01-dag-install-prerequisite/reports/m3/tooling/migration-recipes/target/surefire-reports/TEST-com.m3.rewrite.a3.M3A3MasteryV6RecipeTest.xml
b3a2229315fbc3919901a016d9fe330fcdd0f8135d1ea4e0b459726befed0fd9	21146	sources/receiver-current-c0/primary-observation-v1/chain/01-dag-install-prerequisite/reports/m3/tooling/migration-recipes/target/surefire-reports/TEST-com.m3.rewrite.a3.M3A3SerialFileWorkRecipeTest.xml
90fd69b6960fcdbe0a6877ec1a923c10bea57feefbdc2f3a1c820944a81e02bb	20574	sources/receiver-current-c0/primary-observation-v1/chain/01-dag-install-prerequisite/reports/m3/tooling/migration-recipes/target/surefire-reports/TEST-com.m3.rewrite.atom.JccReceivingFixtureTest.xml
d9c537919d6095f75d999ab9534aae2a33483a392f3bab97d1004238ca1df158	20243	sources/receiver-current-c0/primary-observation-v1/chain/01-dag-install-prerequisite/reports/m3/tooling/migration-recipes/target/surefire-reports/TEST-com.m3.rewrite.atom.M3AtomCommentRecipeTest.xml
fce552d95008cb61eb4d152c18d5c554cafe7345b5e744bd41dbc4161773571d	21024	sources/receiver-current-c0/primary-observation-v1/chain/01-dag-install-prerequisite/reports/m3/tooling/migration-recipes/target/surefire-reports/TEST-com.m3.rewrite.atom.M3AtomCoverageClosureTest.xml
364a92c3909197fd2df23ed59903d9e44fb091c36b14bfddb1fa73f3d008de80	20753	sources/receiver-current-c0/primary-observation-v1/chain/01-dag-install-prerequisite/reports/m3/tooling/migration-recipes/target/surefire-reports/TEST-com.m3.rewrite.atom.M3AtomDefensiveBranchTest.xml
bf4b2cc1633fa6c119fc60d419f4ce86adae0a3cbf301894ea0f5877705dae0d	20569	sources/receiver-current-c0/primary-observation-v1/chain/01-dag-install-prerequisite/reports/m3/tooling/migration-recipes/target/surefire-reports/TEST-com.m3.rewrite.atom.M3AtomizePureIntReturnRecipeTest.xml
64cebf38de5759003536894c29b5df6b1c4bdcd152d42ea99a464db17a3c1a7f	20274	sources/receiver-current-c0/primary-observation-v1/chain/01-dag-install-prerequisite/reports/m3/tooling/migration-recipes/target/surefire-reports/TEST-com.m3.rewrite.atom.M3DocumentationContractTest.xml
b35618f69d96496c2a5e8016105fa9ada411dfec43d67af51cd949fad3f7b3a3	20867	sources/receiver-current-c0/primary-observation-v1/chain/01-dag-install-prerequisite/reports/m3/tooling/migration-recipes/target/surefire-reports/TEST-com.m3.rewrite.atom.M3IntRecipeProjectTest.xml
5f7d887222152832f3906bc57213a677dd2e0038ddc07b1d33fad5ff34aeb33b	20491	sources/receiver-current-c0/primary-observation-v1/chain/01-dag-install-prerequisite/reports/m3/tooling/migration-recipes/target/surefire-reports/TEST-com.m3.rewrite.atom.M3IntSpectrumTest.xml
418ca3715c6a5a5d2b8fe8322ceb619cbb72da060ef880b4e95e3039fe10974e	20460	sources/receiver-current-c0/primary-observation-v1/chain/01-dag-install-prerequisite/reports/m3/tooling/migration-recipes/target/surefire-reports/TEST-com.m3.rewrite.atom.M3InventoryPureIntAtomCandidatesTest.xml
e7c4c2ff6ccd44f8efb7b1b081780530ca7bb13319e6ecaaa3a2f161e0135d75	20258	sources/receiver-current-c0/primary-observation-v1/chain/01-dag-install-prerequisite/reports/m3/tooling/migration-recipes/target/surefire-reports/TEST-com.m3.rewrite.atom.M3PatternMarkerTest.xml
faad74f6bc3195d393bf4854d4eb9e7958118fa24230e9c3fade05fbc8619fe3	20560	sources/receiver-current-c0/primary-observation-v1/chain/01-dag-install-prerequisite/reports/m3/tooling/migration-recipes/target/surefire-reports/TEST-com.m3.rewrite.atom.M3PureIntConvergenceRecipeTest.xml
765eb7d9e11a43d0bcda701afbbdb02f4984ba4960f92d41ab9cc5e64f5f9a0a	20408	sources/receiver-current-c0/primary-observation-v1/chain/01-dag-install-prerequisite/reports/m3/tooling/migration-recipes/target/surefire-reports/TEST-com.m3.rewrite.atom.M3RepositoryCorpusTest.xml
862341ab474c6d909a300acd2d4aa0a2f90369d002e74f1a659c5d4aa6cdff65	20329	sources/receiver-current-c0/primary-observation-v1/chain/01-dag-install-prerequisite/reports/m3/tooling/migration-recipes/target/surefire-reports/TEST-com.m3.rewrite.backport.A3KitTest.xml
dbe0a4123426e171a23e133c75b816637a5ae032c25f97d0153bfa23705e0c80	20361	sources/receiver-current-c0/primary-observation-v1/chain/01-dag-install-prerequisite/reports/m3/tooling/migration-recipes/target/surefire-reports/TEST-com.m3.rewrite.backport.ClassVerTest.xml
1bc97ecdd073134d079d581179b7cffcf256ed404dfc31b2d3f0e6818cbf2267	58549	sources/receiver-current-c0/primary-observation-v1/chain/01-dag-install-prerequisite/reports/m3/tooling/migration-recipes/target/surefire-reports/TEST-com.m3.rewrite.backport.ClosureRecipeTest.xml
017529bdfeaa7013483ac83deadd1e14e14f3200a2ce68f4f8deff6548f73cc5	21451	sources/receiver-current-c0/primary-observation-v1/chain/01-dag-install-prerequisite/reports/m3/tooling/migration-recipes/target/surefire-reports/TEST-com.m3.rewrite.backport.DbRecipeTest.xml
f0a3c8f30a3df7f9287a18a1cf9d989fa74245bb2fb22a2fee75051f714624ba	21103	sources/receiver-current-c0/primary-observation-v1/chain/01-dag-install-prerequisite/reports/m3/tooling/migration-recipes/target/surefire-reports/TEST-com.m3.rewrite.backport.DescriptorRecipeTest.xml
befe853adf0f5539fd45671de737214d3a50f7767168e5bb82370929e613b0d0	20493	sources/receiver-current-c0/primary-observation-v1/chain/01-dag-install-prerequisite/reports/m3/tooling/migration-recipes/target/surefire-reports/TEST-com.m3.rewrite.backport.GateTest.xml
05b6a6cf7df08969267e1c335e82ed21078744c7cd10b9440a1bb3cb098b0575	21055	sources/receiver-current-c0/primary-observation-v1/chain/01-dag-install-prerequisite/reports/m3/tooling/migration-recipes/target/surefire-reports/TEST-com.m3.rewrite.backport.JccHandoffTest.xml
f74e11d275a9c9883c284ed1e0bb0ef797d8a5e13552b63219ab6fe03d8388c3	21697	sources/receiver-current-c0/primary-observation-v1/chain/01-dag-install-prerequisite/reports/m3/tooling/migration-recipes/target/surefire-reports/TEST-com.m3.rewrite.backport.JccSourceFinalHandoffTest.xml
287d319a04d26654b701c5129425e0aaf336f2d6681a6ebd151a337b406f794b	21912	sources/receiver-current-c0/primary-observation-v1/chain/01-dag-install-prerequisite/reports/m3/tooling/migration-recipes/target/surefire-reports/TEST-com.m3.rewrite.backport.JccSourceRecoveryHandoffTest.xml
50e603707039af628f4cecc1d5e99fbdfb864b94867de15c1055b0e032459e07	20208	sources/receiver-current-c0/primary-observation-v1/chain/01-dag-install-prerequisite/reports/m3/tooling/migration-recipes/target/surefire-reports/TEST-com.m3.rewrite.backport.JniTest.xml
3c455f4ad4ce22be4b58e77438fe566e7de48aea5e7e2ac0d1d78986305c8cba	20317	sources/receiver-current-c0/primary-observation-v1/chain/01-dag-install-prerequisite/reports/m3/tooling/migration-recipes/target/surefire-reports/TEST-com.m3.rewrite.backport.KitTest.xml
e49976460463b3df816fe2d7fe5764492c2742ffa2ca36f7eb9d76647ac241ff	20125	sources/receiver-current-c0/primary-observation-v1/chain/01-dag-install-prerequisite/reports/m3/tooling/migration-recipes/target/surefire-reports/TEST-com.m3.rewrite.backport.M3A3NativeJniLaneRecipeTest.xml
ae3ba70a76b056d5141715f381f04c6e7dcc6f23141909f4fc1ea818e5bf7d9d	20443	sources/receiver-current-c0/primary-observation-v1/chain/01-dag-install-prerequisite/reports/m3/tooling/migration-recipes/target/surefire-reports/TEST-com.m3.rewrite.backport.M3Jdk21HashPinnedTextSnapshotRecipeTest.xml
9a635698007b3d4deb78ac2126595b6f3adcca38040e5ad732f9b5c6d60802ee	20429	sources/receiver-current-c0/primary-observation-v1/chain/01-dag-install-prerequisite/reports/m3/tooling/migration-recipes/target/surefire-reports/TEST-com.m3.rewrite.backport.M3Jdk8347112BackportRecipeTest.xml
e008e47d62b66e023577e544a340a018afe2dc8b86f1aa486090fe6cb5290231	20430	sources/receiver-current-c0/primary-observation-v1/chain/01-dag-install-prerequisite/reports/m3/tooling/migration-recipes/target/surefire-reports/TEST-com.m3.rewrite.backport.M3Jdk8364182BackportRecipeTest.xml
702234d710cff06828b2692f5ce848cbc78b0d83c088c71bcb632b15631430fd	20475	sources/receiver-current-c0/primary-observation-v1/chain/01-dag-install-prerequisite/reports/m3/tooling/migration-recipes/target/surefire-reports/TEST-com.m3.rewrite.backport.M3Jdk8367584JfrOptionsHelpBackportRecipeTest.xml
4933f0c5035335cb362bbe5c2e03fbec1127f4a4a5393fb9c332f58ce48bfbf8	20476	sources/receiver-current-c0/primary-observation-v1/chain/01-dag-install-prerequisite/reports/m3/tooling/migration-recipes/target/surefire-reports/TEST-com.m3.rewrite.backport.M3Jdk8368692PasswordSystemInBackportRecipeTest.xml
6ba5dd69effc5127da347368941fb1d6a473edfd7c14adaa091b78e53afdc637	20561	sources/receiver-current-c0/primary-observation-v1/chain/01-dag-install-prerequisite/reports/m3/tooling/migration-recipes/target/surefire-reports/TEST-com.m3.rewrite.backport.M3Jdk8374808BackportRecipeTest.xml
0f48bfddd8ce75ce6b79153e37c342453de23769edc8c0e8f8d693499b096a4a	20637	sources/receiver-current-c0/primary-observation-v1/chain/01-dag-install-prerequisite/reports/m3/tooling/migration-recipes/target/surefire-reports/TEST-com.m3.rewrite.backport.M3JdkExecutionFollowthroughRecipeTest.xml
d046b497711f692e56d0364f401bfb3ac9dffc7c8e38a9ae42911b5bda919184	20871	sources/receiver-current-c0/primary-observation-v1/chain/01-dag-install-prerequisite/reports/m3/tooling/migration-recipes/target/surefire-reports/TEST-com.m3.rewrite.backport.M3Jep458BackportRecipeTest.xml
60bf224cc06998dabfb2eb1f74a85dee6dcb4c68a41f0e4d0a8e9da1392beba2	20800	sources/receiver-current-c0/primary-observation-v1/chain/01-dag-install-prerequisite/reports/m3/tooling/migration-recipes/target/surefire-reports/TEST-com.m3.rewrite.backport.M3Jep485StreamGatherersBackportRecipeTest.xml
42958e8deb0f31b29db976a669cc82838f4092a711bfda35fe802e6bc46111ce	20310	sources/receiver-current-c0/primary-observation-v1/chain/01-dag-install-prerequisite/reports/m3/tooling/migration-recipes/target/surefire-reports/TEST-com.m3.rewrite.backport.M3StringCanonicalDagMasterRepairRecipeTest.xml
10cab8b08771907529070a004a7296af2df4d763f200d44db483aaa0f7d273d5	25486	sources/receiver-current-c0/primary-observation-v1/chain/01-dag-install-prerequisite/reports/m3/tooling/migration-recipes/target/surefire-reports/TEST-com.m3.rewrite.backport.M3StringHistoryConvergenceRecipeTest.xml
e5145628d1abf4e8157d11073fb7c627355cdf1e857e8eb0435b723d14583298	20705	sources/receiver-current-c0/primary-observation-v1/chain/01-dag-install-prerequisite/reports/m3/tooling/migration-recipes/target/surefire-reports/TEST-com.m3.rewrite.backport.M3VerbatimJavaPairRecipeTest.xml
481b25f559ba154b7c239c5dd566c8f133793ef5d9acf46ed9162591915f72bc	20844	sources/receiver-current-c0/primary-observation-v1/chain/01-dag-install-prerequisite/reports/m3/tooling/migration-recipes/target/surefire-reports/TEST-com.m3.rewrite.backport.MapFactsRecipeTest.xml
30aae44b82c6a1c239d3e088021214160a8f37ee547c4c8c8b3d7d172f11d781	20698	sources/receiver-current-c0/primary-observation-v1/chain/01-dag-install-prerequisite/reports/m3/tooling/migration-recipes/target/surefire-reports/TEST-com.m3.rewrite.backport.MapGuardRecipeTest.xml
e3a4ad564571f42477830bbd4d812c3d336c2439cdfb81405b76bb9b96ce31d5	20970	sources/receiver-current-c0/primary-observation-v1/chain/01-dag-install-prerequisite/reports/m3/tooling/migration-recipes/target/surefire-reports/TEST-com.m3.rewrite.backport.MapUtfRecipeTest.xml
22e435f5b64e5f1a630aaa0b3fddbf2ddb6ec70e98d6a30060a35ee7e6b9908c	20382	sources/receiver-current-c0/primary-observation-v1/chain/01-dag-install-prerequisite/reports/m3/tooling/migration-recipes/target/surefire-reports/TEST-com.m3.rewrite.backport.VersionRecipeTest.xml
d3f207f99b800638e5f80cf8c070394b05b90a2bbdc39e31218e4d20fb30f9ab	20408	sources/receiver-current-c0/primary-observation-v1/chain/01-dag-install-prerequisite/reports/m3/tooling/migration-recipes/target/surefire-reports/TEST-com.m3.rewrite.scope.M3RecipeScopeDeclarationTest.xml
ba6394b378933751e3fa63ff1a667ad931e3076c6a197ba0f05f2da313ae6af3	20492	sources/receiver-current-c0/primary-observation-v1/chain/01-dag-install-prerequisite/reports/m3/tooling/migration-recipes/target/surefire-reports/TEST-com.m3.rewrite.scope.M3ScopeContractTest.xml
6a646a30e868001268076c59653a422f244f6030ee620d54f408499d7e3c217f	20695	sources/receiver-current-c0/primary-observation-v1/chain/01-dag-install-prerequisite/reports/m3/tooling/migration-recipes/target/surefire-reports/TEST-com.m3.rewrite.scope.M3ScopeCoverageClosureTest.xml
de9694732bf258732c54f33804662652aab728b4b968313c5e9a3265e941ef1b	20135	sources/receiver-current-c0/primary-observation-v1/chain/01-dag-install-prerequisite/reports/m3/tooling/migration-recipes/target/surefire-reports/TEST-com.m3.rewrite.scope.M3ScopeDefensiveBranchTest.xml
dd0de57af547e3fc2334f1933f07a932d2d11b8113a0a7d8a5e8451f4ab48d7b	20569	sources/receiver-current-c0/primary-observation-v1/chain/01-dag-install-prerequisite/reports/m3/tooling/migration-recipes/target/surefire-reports/TEST-com.m3.rewrite.semantic.M3SemanticHashRecipeTest.xml
3d9365e9f695f59f490d3fd4ae5c6a23a551f953e07d9f1334ce3dc3b508c21c	20280	sources/receiver-current-c0/primary-observation-v1/chain/01-dag-install-prerequisite/reports/m3/tooling/migration-recipes/target/surefire-reports/TEST-com.synexia.rewrite.M3DocumentJavadocContractRecipeTest.xml
254158de99aaae13cb8fb702dad4b38ebfa5bd06b6cbb3bb53da3c6d65c5cf5c	20444	sources/receiver-current-c0/primary-observation-v1/chain/01-dag-install-prerequisite/reports/m3/tooling/migration-recipes/target/surefire-reports/TEST-com.synexia.rewrite.M3MIndexJniNewStringAdmissionRecipeTest.xml
676b812bc54e05c018b8d7a8b9b60e384b519fa0a84e3374d4561994237d9e63	20495	sources/receiver-current-c0/primary-observation-v1/chain/01-dag-install-prerequisite/reports/m3/tooling/migration-recipes/target/surefire-reports/TEST-com.synexia.rewrite.M3MIndexJoinedCharsViewRecipeTest.xml
29e141ae65b55bd57921d08bdeb4d5f190246372858a3f3cc32ec7e4889ba66e	20445	sources/receiver-current-c0/primary-observation-v1/chain/01-dag-install-prerequisite/reports/m3/tooling/migration-recipes/target/surefire-reports/TEST-com.synexia.rewrite.M3MIndexStringBulkCharBoundaryRecipeTest.xml
9d16a2f038dd00ace60847818ba90c28d5257de6176ef9af732b0d8d5c76cdf7	20258	sources/receiver-current-c0/primary-observation-v1/chain/01-dag-install-prerequisite/reports/m3/tooling/migration-recipes/target/surefire-reports/TEST-com.synexia.rewrite.M3ScopeLiteralRepairRecipeTest.xml
9ddf3781b5e43a87b1d67caac2bc4b251f9ce8d77c509c8369129f4b0359fd55	210	sources/receiver-current-c0/primary-observation-v1/chain/01-dag-install-prerequisite/stderr.log
dd1aa052b21d6948d2c8c448ff70356383cf9a94272d4af939f9233616e96e90	58815	sources/receiver-current-c0/primary-observation-v1/chain/01-dag-install-prerequisite/stdout.log
919a5d9e310541845c62b604e9eb18df500de00c40034c5797746026963da2a8	2358	sources/receiver-current-c0/primary-observation-v1/config.json
b298ffa267ecfd61c9477f876a4f89b1c4a193d117d2c89d0d5e324941cfa08b	517	sources/receiver-current-c0/primary-observation-v1/git-before.json
59815e2383dcd1c90f8da2ad419f0c944e561fe1b08da5f55b9f54d84179331d	60460	sources/receiver-current-c0/primary-observation-v1/inputs.json
aab8fdda4c66ef3deca18b98b7ed399ecc25b5d1ff2a506ba3acc56a61785e93	342	sources/receiver-current-c0/primary-observation-v1/launchers-before.json
9b1aad7df56fd932dc826390c2bf0b5ea3ee3daf8729d2b0a70987e1b725ec89	947767	sources/receiver-current-c0/primary-observation-v1/sources.json
24222f2d270cd1409205719174dab33ef487cf2ef141f4406c9dbabc32d0b18a	1780887	sources/receiver-current-c0/primary-observation-v1/tools-before.json
d0b7fe08b3b14c4cf4451821008d235b373dacba7b38a95c26e8ec6d130431c6	772706	sources/recipe-recovery/current-followup-c0/ROOT-READBACK-v1.json
2a675bfce6dcdbc82514ec9531ec17c549fb41b1ccd1724f6ecd02f39563636c	947	sources/recipe-recovery/current-followup-c0/evidence/producer-v1/PATCH.json
7f381ac0f810aab4dcc7d46d8ced7eb327452852f83468b31a2763af56db6213	15115	sources/recipe-recovery/current-followup-c0/evidence/producer-v1/RESULT.json
6b1c557bd1465cca9b5ba0d02d7993271c1392d9531df043eaf30046a910fffa	9679	sources/recipe-recovery/current-followup-c0/evidence/producer-v1/build-artifacts.json
495459b96f3c864e6222a5587161c2d70bd905c07e46ae615f1aee8fca42b6ec	1835	sources/recipe-recovery/current-followup-c0/evidence/producer-v1/chain/01-static.json
e3b0c44298fc1c149afbf4c8996fb92427ae41e4649b934ca495991b7852b855	0	sources/recipe-recovery/current-followup-c0/evidence/producer-v1/chain/01-static.stderr.log
265819fc9847d8132ebd74c5acef22923de59d0878f411d58d62d4dfb056a158	574	sources/recipe-recovery/current-followup-c0/evidence/producer-v1/chain/01-static.stdout.log
9e5ea422da4c9c4538473a48756e3d721b679f2cd1e4c617abb8d165b02c4602	2577	sources/recipe-recovery/current-followup-c0/evidence/producer-v1/chain/02-compile.json
e3b0c44298fc1c149afbf4c8996fb92427ae41e4649b934ca495991b7852b855	0	sources/recipe-recovery/current-followup-c0/evidence/producer-v1/chain/02-compile.stderr.log
eecc0dc86caa0421d7b9c7f81fe5a1fef51ed63da73598f680ab95be64b6ab08	1431	sources/recipe-recovery/current-followup-c0/evidence/producer-v1/chain/02-compile.stdout.log
9ccfbaef0ff1318cf6c7982af54d951fdc3883e9d1317695d1a8c7a47dd4a187	2886	sources/recipe-recovery/current-followup-c0/evidence/producer-v1/chain/03-tests.json
9ddf3781b5e43a87b1d67caac2bc4b251f9ce8d77c509c8369129f4b0359fd55	210	sources/recipe-recovery/current-followup-c0/evidence/producer-v1/chain/03-tests.stderr.log
d1c1eb8e355d6b733b6211a412a202cd85f0018481923d7bf75cbcf38dd45764	1214	sources/recipe-recovery/current-followup-c0/evidence/producer-v1/chain/03-tests.stdout.log
c1e6bda579301460ed8de854210891ab1225aa022b32e59710aee33ce370f22d	10051	sources/recipe-recovery/current-followup-c0/evidence/producer-v1/chain/04-runtime.json
9ddf3781b5e43a87b1d67caac2bc4b251f9ce8d77c509c8369129f4b0359fd55	210	sources/recipe-recovery/current-followup-c0/evidence/producer-v1/chain/04-runtime.stderr.log
9c51ba5bf3d91ad7d645eaee302fb8e6d0dcb6bd1518a4a22263873381b883b0	154	sources/recipe-recovery/current-followup-c0/evidence/producer-v1/chain/04-runtime.stdout.log
3028c81fe6819764d51d07b81adba38dc0348941f750c76fb0e24a4d648d67f6	11711	sources/recipe-recovery/current-followup-c0/evidence/producer-v1/commands.json
1aa2a7a495a00d3a0754bcf776cf7d3ef3bd176134186bfe1ec4004bb8a74616	5526	sources/recipe-recovery/current-followup-c0/evidence/producer-v1/generated-candidate/.github/workflows/m3-lane28.yml
84d3b48257a3c53b79c5aa5b2e6432951db2ff6a0d64822d85c1bca8b250d875	5101	sources/recipe-recovery/current-followup-c0/evidence/producer-v1/generated-candidate/.github/workflows/m3-tq.yml
3405781f7b0364d20069cff62f68ab95a5333b61f26b927b53158e45a0aeeb2e	64460	sources/recipe-recovery/current-followup-c0/evidence/producer-v1/generated-candidate/OUTPUT.json
daac54aaf5e0e76a01c4d706d126ecf3323cdbecf18076f15970a81cdecf60d3	225673	sources/recipe-recovery/current-followup-c0/evidence/producer-v1/generated-candidate/candidate.patch
e3b0c44298fc1c149afbf4c8996fb92427ae41e4649b934ca495991b7852b855	0	sources/recipe-recovery/current-followup-c0/evidence/producer-v1/generated-candidate/composition/Forward/01-Cwf-replay.patch
3e5eb00154f46173b1f177e992e7551056fc6955a625f27e4b1cd1a3d6507d85	196679	sources/recipe-recovery/current-followup-c0/evidence/producer-v1/generated-candidate/composition/Forward/01-Cwf.patch
e3b0c44298fc1c149afbf4c8996fb92427ae41e4649b934ca495991b7852b855	0	sources/recipe-recovery/current-followup-c0/evidence/producer-v1/generated-candidate/composition/Forward/02-Tqc-replay.patch
0e66256832b9693fc66ab6c345f5715ec062bfcb85044aea1e7879c00a1160ea	18263	sources/recipe-recovery/current-followup-c0/evidence/producer-v1/generated-candidate/composition/Forward/02-Tqc.patch
e3b0c44298fc1c149afbf4c8996fb92427ae41e4649b934ca495991b7852b855	0	sources/recipe-recovery/current-followup-c0/evidence/producer-v1/generated-candidate/composition/Forward/03-Pdc-replay.patch
3a6ad79fad5721c0a49801da98bd97d40bf187eabdc7ad8382332eb60292fc21	6532	sources/recipe-recovery/current-followup-c0/evidence/producer-v1/generated-candidate/composition/Forward/03-Pdc.patch
e3b0c44298fc1c149afbf4c8996fb92427ae41e4649b934ca495991b7852b855	0	sources/recipe-recovery/current-followup-c0/evidence/producer-v1/generated-candidate/composition/Forward/04-Clr-replay.patch
5b61800646bf86c3428b77139c1ae5c012aec376ed00765fa5018b69662a160a	4199	sources/recipe-recovery/current-followup-c0/evidence/producer-v1/generated-candidate/composition/Forward/04-Clr.patch
e3b0c44298fc1c149afbf4c8996fb92427ae41e4649b934ca495991b7852b855	0	sources/recipe-recovery/current-followup-c0/evidence/producer-v1/generated-candidate/composition/Reverse/01-Clr-replay.patch
5b61800646bf86c3428b77139c1ae5c012aec376ed00765fa5018b69662a160a	4199	sources/recipe-recovery/current-followup-c0/evidence/producer-v1/generated-candidate/composition/Reverse/01-Clr.patch
e3b0c44298fc1c149afbf4c8996fb92427ae41e4649b934ca495991b7852b855	0	sources/recipe-recovery/current-followup-c0/evidence/producer-v1/generated-candidate/composition/Reverse/02-Pdc-replay.patch
3a6ad79fad5721c0a49801da98bd97d40bf187eabdc7ad8382332eb60292fc21	6532	sources/recipe-recovery/current-followup-c0/evidence/producer-v1/generated-candidate/composition/Reverse/02-Pdc.patch
e3b0c44298fc1c149afbf4c8996fb92427ae41e4649b934ca495991b7852b855	0	sources/recipe-recovery/current-followup-c0/evidence/producer-v1/generated-candidate/composition/Reverse/03-Tqc-replay.patch
0e66256832b9693fc66ab6c345f5715ec062bfcb85044aea1e7879c00a1160ea	18263	sources/recipe-recovery/current-followup-c0/evidence/producer-v1/generated-candidate/composition/Reverse/03-Tqc.patch
e3b0c44298fc1c149afbf4c8996fb92427ae41e4649b934ca495991b7852b855	0	sources/recipe-recovery/current-followup-c0/evidence/producer-v1/generated-candidate/composition/Reverse/04-Cwf-replay.patch
3e5eb00154f46173b1f177e992e7551056fc6955a625f27e4b1cd1a3d6507d85	196679	sources/recipe-recovery/current-followup-c0/evidence/producer-v1/generated-candidate/composition/Reverse/04-Cwf.patch
0d8ad720976c1de51cf8accad95cc149a06abfe2187041fcc25d524c1f630e09	79652	sources/recipe-recovery/current-followup-c0/evidence/producer-v1/generated-candidate/m3/tooling/image-gates/current-c0.json
8e528a40493920c86822157760c205c04a2ea11aed4da9c283ad580039d81fb5	12302	sources/recipe-recovery/current-followup-c0/evidence/producer-v1/generated-candidate/m3/tooling/lane28/src/test/python/test_ic0_context.py
4688351e17868d0d0fae16d107e018f015b7d48343e89ee3c97ad7de6b2ef2e1	6709	sources/recipe-recovery/current-followup-c0/evidence/producer-v1/generated-candidate/m3/tooling/lane28/verify-plan.py
68882a345277e74065e1f31fc85f07444eb7e3164a44a4226b629c80bfcb9843	235261	sources/recipe-recovery/current-followup-c0/evidence/producer-v1/generated-candidate/m3/tooling/migration-recipes/src/main/resources/com/m3/rewrite/backport/jdk21-hash-pinned/jdk22-m3-string-history-convergence/10-Pattern.java.txt
d67ddc1cc759f042871c680d9510b929da4fd6b0523b43e966139cbe8ddace3b	3300	sources/recipe-recovery/current-followup-c0/evidence/producer-v1/generated-candidate/m3/tooling/migration-recipes/src/main/resources/com/m3/rewrite/backport/jdk21-hash-pinned/jdk22-m3-string-history-convergence/manifest.tsv
3a3b0ca7bc3c77f815760bf154e5df5ef7dda11cc6f4582c658a8a73b9062ce6	8717	sources/recipe-recovery/current-followup-c0/evidence/producer-v1/generated-candidate/m3/tooling/migration-recipes/src/main/resources/com/m3/rewrite/backport/jdk21-hash-pinned/jdk22-recipe-closure/03-M3RecipeScopeDeclarationTest.java.txt
da69ef6a5f2c138b524a4a469a90bb84c1d96e66fecbe68338aa8f69cf32ad8a	934	sources/recipe-recovery/current-followup-c0/evidence/producer-v1/generated-candidate/m3/tooling/migration-recipes/src/main/resources/com/m3/rewrite/backport/jdk21-hash-pinned/jdk22-recipe-closure/manifest.tsv
ad8f41c47e2635f8863361cb790b1c2f53f394da58e449b60a229ba6722aba3d	18329	sources/recipe-recovery/current-followup-c0/evidence/producer-v1/generated-candidate/m3/tooling/migration-recipes/src/test/resources/com/m3/rewrite/atom/spectrum/CORPUS.tsv
551d3c38068c7a1f91bddd428cef8b1831b4bb623711cb7ec969db1f0e1db0fe	14147	sources/recipe-recovery/current-followup-c0/evidence/producer-v1/generated-candidate/m3/tooling/tq-sync/src/test/python/test_ic0_context.py
901cadc8f11d33934182e53a7d3d7829856eebd1cf3d370dc8dfccabc1a686b8	6404	sources/recipe-recovery/current-followup-c0/evidence/producer-v1/generated-candidate/m3/tooling/tq-sync/verify-plan.py
907657e2bdc3a26c4cd24494e60734148c641ef87d0e7c6343ca31aa6da3d6d1	12272	sources/recipe-recovery/current-followup-c0/evidence/producer-v1/generated-candidate/m3/tooling/tq/src/test/python/test_ic0_context.py
04859b1701462a8648212f2cc638d1d761bc81afe5eb4187751d73c62061f3f3	6648	sources/recipe-recovery/current-followup-c0/evidence/producer-v1/generated-candidate/m3/tooling/tq/verify-plan.py
68882a345277e74065e1f31fc85f07444eb7e3164a44a4226b629c80bfcb9843	235261	sources/recipe-recovery/current-followup-c0/evidence/producer-v1/generated-candidate/src/java.base/share/classes/java/util/regex/Pattern.java
c5c171fad48b41fdcd83fd2c19007eb398d506e02d18ef05400542ce07a46e1e	717243	sources/recipe-recovery/current-followup-c0/evidence/producer-v1/inputs.json
d111b85c5aba5ec0bac18e8d29cd9ce33eae73274ad83dd12a8deaa49d13c2da	743	sources/recipe-recovery/current-followup-c0/evidence/producer-v1/junit.json
dccff7fa49bd3e3b0b08912d755ca829561d4874e40b533c4b2eec48f91a8401	4024	sources/recipe-recovery/current-followup-c0/evidence/producer-v1/project/README.md
8015207ce502d22955f7f77697177e5939fa1e25be7cd74be89c639335ae48e6	12032	sources/recipe-recovery/current-followup-c0/evidence/producer-v1/project/dependency-source/com/m3/rewrite/backport/M3Jdk21HashPinnedTextSnapshotRecipe.java
654e6e7dd9b8c266a979137ab0816a85edc6a573a83b9c57eb00a25b738a415e	3685	sources/recipe-recovery/current-followup-c0/evidence/producer-v1/project/pom.xml
1bdf7749018cafbdc92331ea02dbf54f73ed5a106814847c967eaf2d27ad80f3	41594	sources/recipe-recovery/current-followup-c0/evidence/producer-v1/project/proof.py
f5e65cc8c1304e453a5d8a488ef6a68a76f6d17636b1636093eedf9956ca5554	334	sources/recipe-recovery/current-followup-c0/evidence/producer-v1/project/src/main/resources/META-INF/rewrite/fc0-clr.yml
e481f4cd6c06556736228496ab63ecf5b5a694a764c5142476ba0fc2f9d5fd3d	334	sources/recipe-recovery/current-followup-c0/evidence/producer-v1/project/src/main/resources/META-INF/rewrite/fc0-cwf.yml
8dda0dfb202d2e2502b07e1cfaee03b180a2f132c303dbb8fd3d7fbe37f47b6f	694	sources/recipe-recovery/current-followup-c0/evidence/producer-v1/project/src/main/resources/META-INF/rewrite/fc0-orders.yml
96b0941b1a3b535c704c84ce36e311b8bbc0ff87aca115aa84de26b9795743ba	334	sources/recipe-recovery/current-followup-c0/evidence/producer-v1/project/src/main/resources/META-INF/rewrite/fc0-pdc.yml
83304d7091f0fd54b93492745ee80e7884bbaf2e8e0312482c18b05d678f79ea	334	sources/recipe-recovery/current-followup-c0/evidence/producer-v1/project/src/main/resources/META-INF/rewrite/fc0-tqc.yml
4c6996b6d5f06fb13742cd1ab6d44113bb936d9a7f624b18edd6aad6377d2809	562	sources/recipe-recovery/current-followup-c0/evidence/producer-v1/project/src/main/resources/com/m3/rewrite/backport/jdk21-hash-pinned-text/fc0-clr/manifest.tsv
3a3b0ca7bc3c77f815760bf154e5df5ef7dda11cc6f4582c658a8a73b9062ce6	8717	sources/recipe-recovery/current-followup-c0/evidence/producer-v1/project/src/main/resources/com/m3/rewrite/backport/jdk21-hash-pinned-text/fc0-clr/target-1.txt
da69ef6a5f2c138b524a4a469a90bb84c1d96e66fecbe68338aa8f69cf32ad8a	934	sources/recipe-recovery/current-followup-c0/evidence/producer-v1/project/src/main/resources/com/m3/rewrite/backport/jdk21-hash-pinned-text/fc0-clr/target-2.txt
cea64f87482a492daeea04f17edf41093c94a427506dab39049a360eec411979	989	sources/recipe-recovery/current-followup-c0/evidence/producer-v1/project/src/main/resources/com/m3/rewrite/backport/jdk21-hash-pinned-text/fc0-cwf/manifest.tsv
1aa2a7a495a00d3a0754bcf776cf7d3ef3bd176134186bfe1ec4004bb8a74616	5526	sources/recipe-recovery/current-followup-c0/evidence/producer-v1/project/src/main/resources/com/m3/rewrite/backport/jdk21-hash-pinned-text/fc0-cwf/target-1.txt
0d8ad720976c1de51cf8accad95cc149a06abfe2187041fcc25d524c1f630e09	79652	sources/recipe-recovery/current-followup-c0/evidence/producer-v1/project/src/main/resources/com/m3/rewrite/backport/jdk21-hash-pinned-text/fc0-cwf/target-2.txt
8e528a40493920c86822157760c205c04a2ea11aed4da9c283ad580039d81fb5	12302	sources/recipe-recovery/current-followup-c0/evidence/producer-v1/project/src/main/resources/com/m3/rewrite/backport/jdk21-hash-pinned-text/fc0-cwf/target-3.txt
4688351e17868d0d0fae16d107e018f015b7d48343e89ee3c97ad7de6b2ef2e1	6709	sources/recipe-recovery/current-followup-c0/evidence/producer-v1/project/src/main/resources/com/m3/rewrite/backport/jdk21-hash-pinned-text/fc0-cwf/target-4.txt
551d3c38068c7a1f91bddd428cef8b1831b4bb623711cb7ec969db1f0e1db0fe	14147	sources/recipe-recovery/current-followup-c0/evidence/producer-v1/project/src/main/resources/com/m3/rewrite/backport/jdk21-hash-pinned-text/fc0-cwf/target-5.txt
901cadc8f11d33934182e53a7d3d7829856eebd1cf3d370dc8dfccabc1a686b8	6404	sources/recipe-recovery/current-followup-c0/evidence/producer-v1/project/src/main/resources/com/m3/rewrite/backport/jdk21-hash-pinned-text/fc0-cwf/target-6.txt
fa7fd3b28b9a5cd05aab4052c84f85e29370909a6f3ece9a66f4ad8de2fa3a0f	1002	sources/recipe-recovery/current-followup-c0/evidence/producer-v1/project/src/main/resources/com/m3/rewrite/backport/jdk21-hash-pinned-text/fc0-pdc/manifest.tsv
68882a345277e74065e1f31fc85f07444eb7e3164a44a4226b629c80bfcb9843	235261	sources/recipe-recovery/current-followup-c0/evidence/producer-v1/project/src/main/resources/com/m3/rewrite/backport/jdk21-hash-pinned-text/fc0-pdc/target-1.txt
d67ddc1cc759f042871c680d9510b929da4fd6b0523b43e966139cbe8ddace3b	3300	sources/recipe-recovery/current-followup-c0/evidence/producer-v1/project/src/main/resources/com/m3/rewrite/backport/jdk21-hash-pinned-text/fc0-pdc/target-2.txt
ad8f41c47e2635f8863361cb790b1c2f53f394da58e449b60a229ba6722aba3d	18329	sources/recipe-recovery/current-followup-c0/evidence/producer-v1/project/src/main/resources/com/m3/rewrite/backport/jdk21-hash-pinned-text/fc0-pdc/target-3.txt
68882a345277e74065e1f31fc85f07444eb7e3164a44a4226b629c80bfcb9843	235261	sources/recipe-recovery/current-followup-c0/evidence/producer-v1/project/src/main/resources/com/m3/rewrite/backport/jdk21-hash-pinned-text/fc0-pdc/target-4.txt
78dcf91b92f44e0851fc4d11217b99ad30d697ec9ab4cc688b7a5a1e899afe1b	478	sources/recipe-recovery/current-followup-c0/evidence/producer-v1/project/src/main/resources/com/m3/rewrite/backport/jdk21-hash-pinned-text/fc0-tqc/manifest.tsv
84d3b48257a3c53b79c5aa5b2e6432951db2ff6a0d64822d85c1bca8b250d875	5101	sources/recipe-recovery/current-followup-c0/evidence/producer-v1/project/src/main/resources/com/m3/rewrite/backport/jdk21-hash-pinned-text/fc0-tqc/target-1.txt
907657e2bdc3a26c4cd24494e60734148c641ef87d0e7c6343ca31aa6da3d6d1	12272	sources/recipe-recovery/current-followup-c0/evidence/producer-v1/project/src/main/resources/com/m3/rewrite/backport/jdk21-hash-pinned-text/fc0-tqc/target-2.txt
04859b1701462a8648212f2cc638d1d761bc81afe5eb4187751d73c62061f3f3	6648	sources/recipe-recovery/current-followup-c0/evidence/producer-v1/project/src/main/resources/com/m3/rewrite/backport/jdk21-hash-pinned-text/fc0-tqc/target-3.txt
b13eb304cf413b9730f503e01f6ae4fb3df8ba8a5c03aa4758c368cdd1c777c6	529	sources/recipe-recovery/current-followup-c0/evidence/producer-v1/project/src/main/resources/composition-orders.json
e6e9d6b8aed3cd91cef9dade1cf08b7ca189ad2a574b98c79bac3602571cf804	8662	sources/recipe-recovery/current-followup-c0/evidence/producer-v1/project/src/main/resources/qualification.json
a0075da0f61d17bed209433c0b19b720ca24402dd732630f39b4868060a36816	29632	sources/recipe-recovery/current-followup-c0/evidence/producer-v1/project/src/test/java/com/synexia/rewrite/Fc0RecipeTest.java
1a0ef88a0edc06a87cc2d899edccb2ae931d7bec303448277b1c83f7ea782ecb	5105	sources/recipe-recovery/current-followup-c0/evidence/producer-v1/project/src/test/resources/before/.github/workflows/m3-lane28.yml
ed5bb9a6a3bcd32eb13dabf7cfc60ac406fe89b1eb34c0fe01286fc4327ae894	4804	sources/recipe-recovery/current-followup-c0/evidence/producer-v1/project/src/test/resources/before/.github/workflows/m3-tq.yml
7d1c50f1340f811f48e17a64b0674fcf631219f69c7878531602b09310beb198	79534	sources/recipe-recovery/current-followup-c0/evidence/producer-v1/project/src/test/resources/before/m3/tooling/image-gates/current-c0.json
5ca191f85c48be0ffec139b94d0ed91e0ac58be73686773241255f651799ec4b	5146	sources/recipe-recovery/current-followup-c0/evidence/producer-v1/project/src/test/resources/before/m3/tooling/lane28/verify-plan.py
8cbd439235c592ecc98eb2a26f8494108c18a6521e715431ca1bec6db1e0b170	235235	sources/recipe-recovery/current-followup-c0/evidence/producer-v1/project/src/test/resources/before/m3/tooling/migration-recipes/src/main/resources/com/m3/rewrite/backport/jdk21-hash-pinned/jdk22-m3-string-history-convergence/10-Pattern.java.txt
0285ce4946d66bea00e0b5d4bd52e863e5d60f84bb71171a26bdbd4c61da0bd9	3300	sources/recipe-recovery/current-followup-c0/evidence/producer-v1/project/src/test/resources/before/m3/tooling/migration-recipes/src/main/resources/com/m3/rewrite/backport/jdk21-hash-pinned/jdk22-m3-string-history-convergence/manifest.tsv
5ee44459bd8725b89e92ad8cd0c7572954f7655331d8b7f7dc92a8b59b09cb6e	8906	sources/recipe-recovery/current-followup-c0/evidence/producer-v1/project/src/test/resources/before/m3/tooling/migration-recipes/src/main/resources/com/m3/rewrite/backport/jdk21-hash-pinned/jdk22-recipe-closure/03-M3RecipeScopeDeclarationTest.java.txt
0f79229a093fc3a53158401bb29a627e71f2774292b4d727e6c0911b9f2a47c9	934	sources/recipe-recovery/current-followup-c0/evidence/producer-v1/project/src/test/resources/before/m3/tooling/migration-recipes/src/main/resources/com/m3/rewrite/backport/jdk21-hash-pinned/jdk22-recipe-closure/manifest.tsv
dde797e49266f4d89ec271cb705f238a72d26e95e5e5865c6b608d924fde9d0d	18329	sources/recipe-recovery/current-followup-c0/evidence/producer-v1/project/src/test/resources/before/m3/tooling/migration-recipes/src/test/resources/com/m3/rewrite/atom/spectrum/CORPUS.tsv
ca29fa3e9a6660a8006f99702fc8c3db2839049af00a8eeee4a435701cf5f36e	3719	sources/recipe-recovery/current-followup-c0/evidence/producer-v1/project/src/test/resources/before/m3/tooling/tq-sync/verify-plan.py
ff2c31f57aac81a7049612557a3757781927563bd2d7a7b598aa62a116e1d978	5089	sources/recipe-recovery/current-followup-c0/evidence/producer-v1/project/src/test/resources/before/m3/tooling/tq/verify-plan.py
8cbd439235c592ecc98eb2a26f8494108c18a6521e715431ca1bec6db1e0b170	235235	sources/recipe-recovery/current-followup-c0/evidence/producer-v1/project/src/test/resources/before/src/java.base/share/classes/java/util/regex/Pattern.java
f5e65cc8c1304e453a5d8a488ef6a68a76f6d17636b1636093eedf9956ca5554	334	sources/recipe-recovery/current-followup-c0/evidence/producer-v1/project/target/classes/META-INF/rewrite/fc0-clr.yml
e481f4cd6c06556736228496ab63ecf5b5a694a764c5142476ba0fc2f9d5fd3d	334	sources/recipe-recovery/current-followup-c0/evidence/producer-v1/project/target/classes/META-INF/rewrite/fc0-cwf.yml
8dda0dfb202d2e2502b07e1cfaee03b180a2f132c303dbb8fd3d7fbe37f47b6f	694	sources/recipe-recovery/current-followup-c0/evidence/producer-v1/project/target/classes/META-INF/rewrite/fc0-orders.yml
96b0941b1a3b535c704c84ce36e311b8bbc0ff87aca115aa84de26b9795743ba	334	sources/recipe-recovery/current-followup-c0/evidence/producer-v1/project/target/classes/META-INF/rewrite/fc0-pdc.yml
83304d7091f0fd54b93492745ee80e7884bbaf2e8e0312482c18b05d678f79ea	334	sources/recipe-recovery/current-followup-c0/evidence/producer-v1/project/target/classes/META-INF/rewrite/fc0-tqc.yml
4c6996b6d5f06fb13742cd1ab6d44113bb936d9a7f624b18edd6aad6377d2809	562	sources/recipe-recovery/current-followup-c0/evidence/producer-v1/project/target/classes/com/m3/rewrite/backport/jdk21-hash-pinned-text/fc0-clr/manifest.tsv
3a3b0ca7bc3c77f815760bf154e5df5ef7dda11cc6f4582c658a8a73b9062ce6	8717	sources/recipe-recovery/current-followup-c0/evidence/producer-v1/project/target/classes/com/m3/rewrite/backport/jdk21-hash-pinned-text/fc0-clr/target-1.txt
da69ef6a5f2c138b524a4a469a90bb84c1d96e66fecbe68338aa8f69cf32ad8a	934	sources/recipe-recovery/current-followup-c0/evidence/producer-v1/project/target/classes/com/m3/rewrite/backport/jdk21-hash-pinned-text/fc0-clr/target-2.txt
cea64f87482a492daeea04f17edf41093c94a427506dab39049a360eec411979	989	sources/recipe-recovery/current-followup-c0/evidence/producer-v1/project/target/classes/com/m3/rewrite/backport/jdk21-hash-pinned-text/fc0-cwf/manifest.tsv
1aa2a7a495a00d3a0754bcf776cf7d3ef3bd176134186bfe1ec4004bb8a74616	5526	sources/recipe-recovery/current-followup-c0/evidence/producer-v1/project/target/classes/com/m3/rewrite/backport/jdk21-hash-pinned-text/fc0-cwf/target-1.txt
0d8ad720976c1de51cf8accad95cc149a06abfe2187041fcc25d524c1f630e09	79652	sources/recipe-recovery/current-followup-c0/evidence/producer-v1/project/target/classes/com/m3/rewrite/backport/jdk21-hash-pinned-text/fc0-cwf/target-2.txt
8e528a40493920c86822157760c205c04a2ea11aed4da9c283ad580039d81fb5	12302	sources/recipe-recovery/current-followup-c0/evidence/producer-v1/project/target/classes/com/m3/rewrite/backport/jdk21-hash-pinned-text/fc0-cwf/target-3.txt
4688351e17868d0d0fae16d107e018f015b7d48343e89ee3c97ad7de6b2ef2e1	6709	sources/recipe-recovery/current-followup-c0/evidence/producer-v1/project/target/classes/com/m3/rewrite/backport/jdk21-hash-pinned-text/fc0-cwf/target-4.txt
551d3c38068c7a1f91bddd428cef8b1831b4bb623711cb7ec969db1f0e1db0fe	14147	sources/recipe-recovery/current-followup-c0/evidence/producer-v1/project/target/classes/com/m3/rewrite/backport/jdk21-hash-pinned-text/fc0-cwf/target-5.txt
901cadc8f11d33934182e53a7d3d7829856eebd1cf3d370dc8dfccabc1a686b8	6404	sources/recipe-recovery/current-followup-c0/evidence/producer-v1/project/target/classes/com/m3/rewrite/backport/jdk21-hash-pinned-text/fc0-cwf/target-6.txt
fa7fd3b28b9a5cd05aab4052c84f85e29370909a6f3ece9a66f4ad8de2fa3a0f	1002	sources/recipe-recovery/current-followup-c0/evidence/producer-v1/project/target/classes/com/m3/rewrite/backport/jdk21-hash-pinned-text/fc0-pdc/manifest.tsv
68882a345277e74065e1f31fc85f07444eb7e3164a44a4226b629c80bfcb9843	235261	sources/recipe-recovery/current-followup-c0/evidence/producer-v1/project/target/classes/com/m3/rewrite/backport/jdk21-hash-pinned-text/fc0-pdc/target-1.txt
d67ddc1cc759f042871c680d9510b929da4fd6b0523b43e966139cbe8ddace3b	3300	sources/recipe-recovery/current-followup-c0/evidence/producer-v1/project/target/classes/com/m3/rewrite/backport/jdk21-hash-pinned-text/fc0-pdc/target-2.txt
ad8f41c47e2635f8863361cb790b1c2f53f394da58e449b60a229ba6722aba3d	18329	sources/recipe-recovery/current-followup-c0/evidence/producer-v1/project/target/classes/com/m3/rewrite/backport/jdk21-hash-pinned-text/fc0-pdc/target-3.txt
68882a345277e74065e1f31fc85f07444eb7e3164a44a4226b629c80bfcb9843	235261	sources/recipe-recovery/current-followup-c0/evidence/producer-v1/project/target/classes/com/m3/rewrite/backport/jdk21-hash-pinned-text/fc0-pdc/target-4.txt
78dcf91b92f44e0851fc4d11217b99ad30d697ec9ab4cc688b7a5a1e899afe1b	478	sources/recipe-recovery/current-followup-c0/evidence/producer-v1/project/target/classes/com/m3/rewrite/backport/jdk21-hash-pinned-text/fc0-tqc/manifest.tsv
84d3b48257a3c53b79c5aa5b2e6432951db2ff6a0d64822d85c1bca8b250d875	5101	sources/recipe-recovery/current-followup-c0/evidence/producer-v1/project/target/classes/com/m3/rewrite/backport/jdk21-hash-pinned-text/fc0-tqc/target-1.txt
907657e2bdc3a26c4cd24494e60734148c641ef87d0e7c6343ca31aa6da3d6d1	12272	sources/recipe-recovery/current-followup-c0/evidence/producer-v1/project/target/classes/com/m3/rewrite/backport/jdk21-hash-pinned-text/fc0-tqc/target-2.txt
04859b1701462a8648212f2cc638d1d761bc81afe5eb4187751d73c62061f3f3	6648	sources/recipe-recovery/current-followup-c0/evidence/producer-v1/project/target/classes/com/m3/rewrite/backport/jdk21-hash-pinned-text/fc0-tqc/target-3.txt
b13eb304cf413b9730f503e01f6ae4fb3df8ba8a5c03aa4758c368cdd1c777c6	529	sources/recipe-recovery/current-followup-c0/evidence/producer-v1/project/target/classes/composition-orders.json
e6e9d6b8aed3cd91cef9dade1cf08b7ca189ad2a574b98c79bac3602571cf804	8662	sources/recipe-recovery/current-followup-c0/evidence/producer-v1/project/target/classes/qualification.json
0611c189164b971ad023ae45fa8a4f6821aadd9b6e47ae5e8c02ffd89195ddd8	21009	sources/recipe-recovery/current-followup-c0/evidence/producer-v1/project/target/surefire-reports/TEST-com.synexia.rewrite.Fc0RecipeTest.xml
1a0ef88a0edc06a87cc2d899edccb2ae931d7bec303448277b1c83f7ea782ecb	5105	sources/recipe-recovery/current-followup-c0/evidence/producer-v1/project/target/test-classes/before/.github/workflows/m3-lane28.yml
ed5bb9a6a3bcd32eb13dabf7cfc60ac406fe89b1eb34c0fe01286fc4327ae894	4804	sources/recipe-recovery/current-followup-c0/evidence/producer-v1/project/target/test-classes/before/.github/workflows/m3-tq.yml
7d1c50f1340f811f48e17a64b0674fcf631219f69c7878531602b09310beb198	79534	sources/recipe-recovery/current-followup-c0/evidence/producer-v1/project/target/test-classes/before/m3/tooling/image-gates/current-c0.json
5ca191f85c48be0ffec139b94d0ed91e0ac58be73686773241255f651799ec4b	5146	sources/recipe-recovery/current-followup-c0/evidence/producer-v1/project/target/test-classes/before/m3/tooling/lane28/verify-plan.py
8cbd439235c592ecc98eb2a26f8494108c18a6521e715431ca1bec6db1e0b170	235235	sources/recipe-recovery/current-followup-c0/evidence/producer-v1/project/target/test-classes/before/m3/tooling/migration-recipes/src/main/resources/com/m3/rewrite/backport/jdk21-hash-pinned/jdk22-m3-string-history-convergence/10-Pattern.java.txt
0285ce4946d66bea00e0b5d4bd52e863e5d60f84bb71171a26bdbd4c61da0bd9	3300	sources/recipe-recovery/current-followup-c0/evidence/producer-v1/project/target/test-classes/before/m3/tooling/migration-recipes/src/main/resources/com/m3/rewrite/backport/jdk21-hash-pinned/jdk22-m3-string-history-convergence/manifest.tsv
5ee44459bd8725b89e92ad8cd0c7572954f7655331d8b7f7dc92a8b59b09cb6e	8906	sources/recipe-recovery/current-followup-c0/evidence/producer-v1/project/target/test-classes/before/m3/tooling/migration-recipes/src/main/resources/com/m3/rewrite/backport/jdk21-hash-pinned/jdk22-recipe-closure/03-M3RecipeScopeDeclarationTest.java.txt
0f79229a093fc3a53158401bb29a627e71f2774292b4d727e6c0911b9f2a47c9	934	sources/recipe-recovery/current-followup-c0/evidence/producer-v1/project/target/test-classes/before/m3/tooling/migration-recipes/src/main/resources/com/m3/rewrite/backport/jdk21-hash-pinned/jdk22-recipe-closure/manifest.tsv
dde797e49266f4d89ec271cb705f238a72d26e95e5e5865c6b608d924fde9d0d	18329	sources/recipe-recovery/current-followup-c0/evidence/producer-v1/project/target/test-classes/before/m3/tooling/migration-recipes/src/test/resources/com/m3/rewrite/atom/spectrum/CORPUS.tsv
ca29fa3e9a6660a8006f99702fc8c3db2839049af00a8eeee4a435701cf5f36e	3719	sources/recipe-recovery/current-followup-c0/evidence/producer-v1/project/target/test-classes/before/m3/tooling/tq-sync/verify-plan.py
ff2c31f57aac81a7049612557a3757781927563bd2d7a7b598aa62a116e1d978	5089	sources/recipe-recovery/current-followup-c0/evidence/producer-v1/project/target/test-classes/before/m3/tooling/tq/verify-plan.py
8cbd439235c592ecc98eb2a26f8494108c18a6521e715431ca1bec6db1e0b170	235235	sources/recipe-recovery/current-followup-c0/evidence/producer-v1/project/target/test-classes/before/src/java.base/share/classes/java/util/regex/Pattern.java
820a5acbe8ce2e47b4cf681bbf0e0fcb339c5dd19bcf2066b94aa719d4c213c8	11199	sources/recipe-recovery/current-followup-c0/evidence/producer-v1/runtime.json
697fdc7deec1697917e85ebd815443d28cdd33dfe4aa9cc2056856d669545d51	256668	sources/recipe-recovery/current-followup-c0/evidence/producer-v1/spec.json
4fd628e85ececb13c0e53a1e9d42726d51e81d75721d7448c08b68c942acac41	17552	sources/recipe-recovery/current-followup-c0/evidence/producer-v1/staging.json
90d0389e80c6b4823268b8207ee413f10347918c8315e2cc57860a7de788074b	624164	sources/recipe-recovery/current-pattern-hidden-c0/ROOT-READBACK-v1.json
1dfaf99c54d7f097603490be98a24285f77af7cdf582d3ccf89030415d3e55f2	13655	sources/recipe-recovery/current-pattern-hidden-c0/authoring-v1/AUTHORING-READBACK.json
c2a2fd7e1dce448f33975996c98e66d52d69835ed61d3f93ac0ca8e3b68a99a7	2044	sources/recipe-recovery/current-pattern-hidden-c0/authoring-v1/FIXTURE-DERIVATION.json
f038a781e269e0808122c21df1348c4f0f75670c6952034fabe727f91a5df538	17270	sources/recipe-recovery/current-pattern-hidden-c0/authoring-v1/PREIMAGE-CHAIN.json
af049fa794215d2208b80898b97c760c13f3d37d0bac3c18048e395b4acd411f	2754	sources/recipe-recovery/current-pattern-hidden-c0/authoring-v1/RUNNER-DERIVATION.json
8f2586a59a7cefba88058a212f828fb9c4cbea7e6b3f2926fb456e506b50cf9c	6274	sources/recipe-recovery/current-pattern-hidden-c0/authoring-v1/TARGETS.json
9fd11fb30262a950bfee9a90bf624052312193f027f9dd1b155a2b76b7c0a8e2	17748	sources/recipe-recovery/current-pattern-hidden-c0/authoring-v1/assemble.py
2f3f5620a5339227b1e6e63839ad55786cf042640aacbfedee15a5276aca3793	12570	sources/recipe-recovery/current-pattern-hidden-c0/authoring-v1/fixture.diff
9c9bd012d06d78a0573ef1a57c476a729b544018c55190a39d8566cc9e87d4bf	1992	sources/recipe-recovery/current-pattern-hidden-c0/authoring-v1/pom.diff
b0a130674e8a079a946249c27138e1de65d3de130edcab51c4f3dc21460022dc	120127	sources/recipe-recovery/current-pattern-hidden-c0/authoring-v1/producer-spec-v1.json
1b6985cf694f8af90b66f6af725d350cc76def314ad2fd2c3d41fb223cc4ff03	1637	sources/recipe-recovery/current-pattern-hidden-c0/authoring-v1/project/README.md
8015207ce502d22955f7f77697177e5939fa1e25be7cd74be89c639335ae48e6	12032	sources/recipe-recovery/current-pattern-hidden-c0/authoring-v1/project/dependency-source/com/m3/rewrite/backport/M3Jdk21HashPinnedTextSnapshotRecipe.java
136984c5b58ba2c67dc9289b666fa8419e88cdef2afbe67447bd3e87b639e8a3	3704	sources/recipe-recovery/current-pattern-hidden-c0/authoring-v1/project/pom.xml
551fbbe50dae727a7e5d9c8a3dc6f4c3b68fb241686184b71132c478350764e6	39830	sources/recipe-recovery/current-pattern-hidden-c0/authoring-v1/project/proof.py
1a04d45e2a8f7d18cd8fbbc38535daaa482baec53dfc761ddf6c836b9906230d	544	sources/recipe-recovery/current-pattern-hidden-c0/authoring-v1/project/src/main/resources/META-INF/rewrite/ph0-orders.yml
430c68447273c43287a0c8d076b452b2edda24dfece34aacea9f8f47cee3ad51	383	sources/recipe-recovery/current-pattern-hidden-c0/authoring-v1/project/src/main/resources/META-INF/rewrite/ph0-phc.yml
dc47ddb048af9ca88df53439d6609ceb21c4f8cf86f20ec5cac92fb1d4a255d4	1184	sources/recipe-recovery/current-pattern-hidden-c0/authoring-v1/project/src/main/resources/com/m3/rewrite/backport/jdk21-hash-pinned-text/ph0-phc/manifest.tsv
8c828850d86f96ba39ee8865e9b7461ffb9f26e0658a9c76f901118d36146460	79664	sources/recipe-recovery/current-pattern-hidden-c0/authoring-v1/project/src/main/resources/com/m3/rewrite/backport/jdk21-hash-pinned-text/ph0-phc/target-1.txt
4b739b3bf6efa6dd47b2bb3fb2fa19daa399967d2f037519884cc69d7da8f33d	235249	sources/recipe-recovery/current-pattern-hidden-c0/authoring-v1/project/src/main/resources/com/m3/rewrite/backport/jdk21-hash-pinned-text/ph0-phc/target-2.txt
523707713724ab3beacca8a7b9f38659a61c83bdd3940929e97487347e438c36	3300	sources/recipe-recovery/current-pattern-hidden-c0/authoring-v1/project/src/main/resources/com/m3/rewrite/backport/jdk21-hash-pinned-text/ph0-phc/target-3.txt
ca9e687e6cb300b618f7853f11fe1739dd40609444529e26aacda3a032354131	18329	sources/recipe-recovery/current-pattern-hidden-c0/authoring-v1/project/src/main/resources/com/m3/rewrite/backport/jdk21-hash-pinned-text/ph0-phc/target-4.txt
4b739b3bf6efa6dd47b2bb3fb2fa19daa399967d2f037519884cc69d7da8f33d	235249	sources/recipe-recovery/current-pattern-hidden-c0/authoring-v1/project/src/main/resources/com/m3/rewrite/backport/jdk21-hash-pinned-text/ph0-phc/target-5.txt
54be76e9c6b6842a7600013a6e21c7127b4b48855d1341cd340aa5e01cf6f68e	439	sources/recipe-recovery/current-pattern-hidden-c0/authoring-v1/project/src/main/resources/composition-orders.json
2e13cc1f232a9246c44d751694318be3e059f7e5ec5111ff2020d597d9e2b88f	3575	sources/recipe-recovery/current-pattern-hidden-c0/authoring-v1/project/src/main/resources/qualification.json
58842fc926bc04894f9067f32906849f60f83e13024aca39704ec92be0c042dc	29506	sources/recipe-recovery/current-pattern-hidden-c0/authoring-v1/project/src/test/java/com/synexia/rewrite/Ph0RecipeTest.java
13e26f49dac9f82ee8a01e828ead985a9896fcea195a27556741a88ea43ba74c	79672	sources/recipe-recovery/current-pattern-hidden-c0/authoring-v1/project/src/test/resources/before/m3/tooling/image-gates/current-c0.json
68882a345277e74065e1f31fc85f07444eb7e3164a44a4226b629c80bfcb9843	235261	sources/recipe-recovery/current-pattern-hidden-c0/authoring-v1/project/src/test/resources/before/m3/tooling/migration-recipes/src/main/resources/com/m3/rewrite/backport/jdk21-hash-pinned/jdk22-m3-string-history-convergence/10-Pattern.java.txt
1a713463413df2684791ef1a214db69a7e5b23da888e61983c6b4902cef9c639	3300	sources/recipe-recovery/current-pattern-hidden-c0/authoring-v1/project/src/test/resources/before/m3/tooling/migration-recipes/src/main/resources/com/m3/rewrite/backport/jdk21-hash-pinned/jdk22-m3-string-history-convergence/manifest.tsv
ad8f41c47e2635f8863361cb790b1c2f53f394da58e449b60a229ba6722aba3d	18329	sources/recipe-recovery/current-pattern-hidden-c0/authoring-v1/project/src/test/resources/before/m3/tooling/migration-recipes/src/test/resources/com/m3/rewrite/atom/spectrum/CORPUS.tsv
68882a345277e74065e1f31fc85f07444eb7e3164a44a4226b629c80bfcb9843	235261	sources/recipe-recovery/current-pattern-hidden-c0/authoring-v1/project/src/test/resources/before/src/java.base/share/classes/java/util/regex/Pattern.java
8e1a4d22070e79fbfa352cf59f741aa911eaab82cd4f82bac5019ab8c7918f25	18046	sources/recipe-recovery/current-pattern-hidden-c0/authoring-v1/proof.diff
551fbbe50dae727a7e5d9c8a3dc6f4c3b68fb241686184b71132c478350764e6	39830	sources/recipe-recovery/current-pattern-hidden-c0/authoring-v1/proof.py
40ed0c41dcf9e4154a6f5ce3e7085e0387943b31224bf949c71b2985f2dec0d5	2010	sources/recipe-recovery/current-pattern-hidden-c0/evidence/phc-semantic-v1/ADMISSION.json
867839c90c474b42c91f5a80a225a47c4292041e4ea0c2e3c677fed05d81e8ea	9408	sources/recipe-recovery/current-pattern-hidden-c0/evidence/phc-semantic-v1/RESULT.json
5c8881742a6eab2eb548ed8b01df0c7594e693220c5a69e4e7fedecc35da3039	1735	sources/recipe-recovery/current-pattern-hidden-c0/evidence/phc-semantic-v1/chain/01-compile-fixture/outputs.json
bc2ce1d3d0dfb4b69fd4f8e236957daee6e8d615b478d8769d2671c1b7bbbc0b	9927	sources/recipe-recovery/current-pattern-hidden-c0/evidence/phc-semantic-v1/chain/01-compile-fixture/receipt.json
e3b0c44298fc1c149afbf4c8996fb92427ae41e4649b934ca495991b7852b855	0	sources/recipe-recovery/current-pattern-hidden-c0/evidence/phc-semantic-v1/chain/01-compile-fixture/stderr.log
e3b0c44298fc1c149afbf4c8996fb92427ae41e4649b934ca495991b7852b855	0	sources/recipe-recovery/current-pattern-hidden-c0/evidence/phc-semantic-v1/chain/01-compile-fixture/stdout.log
1d117dd77b023946edaeb1530a69a598b946765270a83974e8c3d922d704dacd	10490	sources/recipe-recovery/current-pattern-hidden-c0/evidence/phc-semantic-v1/chain/02-three-image-documentation-contract/receipt.json
e3b0c44298fc1c149afbf4c8996fb92427ae41e4649b934ca495991b7852b855	0	sources/recipe-recovery/current-pattern-hidden-c0/evidence/phc-semantic-v1/chain/02-three-image-documentation-contract/stderr.log
5102f144e7ba010c2928b11fa40b5c2d3bbb680ef71f0249610f3d716ca8353c	302	sources/recipe-recovery/current-pattern-hidden-c0/evidence/phc-semantic-v1/chain/02-three-image-documentation-contract/stdout.log
c21dc83793d505773afa7f6f9235388241bd6077ee7fd0e5b0800ceacbd796ca	2905	sources/recipe-recovery/current-pattern-hidden-c0/evidence/phc-semantic-v1/chain/03-metadata-preservation-controls/receipt.json
54f9574831d6df1579237ef08007dadb806638926a200bdf9e08048f7359aa8a	2840	sources/recipe-recovery/current-pattern-hidden-c0/evidence/phc-semantic-v1/chain/03-metadata-preservation-controls/stderr.log
e3b0c44298fc1c149afbf4c8996fb92427ae41e4649b934ca495991b7852b855	0	sources/recipe-recovery/current-pattern-hidden-c0/evidence/phc-semantic-v1/chain/03-metadata-preservation-controls/stdout.log
4ae735fb09b3d655930f3c4394f566943cd1257ec62a0c839bd2b33c06bfa9f1	2023	sources/recipe-recovery/current-pattern-hidden-c0/evidence/phc-semantic-v1/observed-outputs.json
7104af31e449c38ed03db9c85027c8db0b0ebcf1bd5bd0d8c77c8af8dcc97549	2237	sources/recipe-recovery/current-pattern-hidden-c0/evidence/phc-semantic-v1/source-after.json
7104af31e449c38ed03db9c85027c8db0b0ebcf1bd5bd0d8c77c8af8dcc97549	2237	sources/recipe-recovery/current-pattern-hidden-c0/evidence/phc-semantic-v1/source-before.json
53ee46327a017d3f2221e0642c57078462e65b9a8bafe697c57d5ae31d476e86	2010	sources/recipe-recovery/current-pattern-hidden-c0/evidence/phc-semantic-v2/ADMISSION.json
b55db37bc651351cf6d8cd765b5944f107b75565500974eff10ca3359a070bfd	9289	sources/recipe-recovery/current-pattern-hidden-c0/evidence/phc-semantic-v2/RESULT.json
ff021b1b06b2fa8a430667a79fbf7ee31091bfbc32f8f6fcf911e308fb2c83fd	5151	sources/recipe-recovery/current-pattern-hidden-c0/evidence/phc-semantic-v2/ROOT-READBACK-v1.json
b5ca8b964c903af1cde9c08279b52b638ecf1e3e418862faa1cc6406753af6a2	1735	sources/recipe-recovery/current-pattern-hidden-c0/evidence/phc-semantic-v2/chain/01-compile-fixture/outputs.json
dac7cd3230e360a528a46c1ef35c28cf0eeba4f901ddc381c9cc736b28d8f579	9927	sources/recipe-recovery/current-pattern-hidden-c0/evidence/phc-semantic-v2/chain/01-compile-fixture/receipt.json
e3b0c44298fc1c149afbf4c8996fb92427ae41e4649b934ca495991b7852b855	0	sources/recipe-recovery/current-pattern-hidden-c0/evidence/phc-semantic-v2/chain/01-compile-fixture/stderr.log
e3b0c44298fc1c149afbf4c8996fb92427ae41e4649b934ca495991b7852b855	0	sources/recipe-recovery/current-pattern-hidden-c0/evidence/phc-semantic-v2/chain/01-compile-fixture/stdout.log
7910346482d770aec6df50ade986fd6102c14c510c049df2a83e18c4cafad646	10490	sources/recipe-recovery/current-pattern-hidden-c0/evidence/phc-semantic-v2/chain/02-three-image-documentation-contract/receipt.json
e3b0c44298fc1c149afbf4c8996fb92427ae41e4649b934ca495991b7852b855	0	sources/recipe-recovery/current-pattern-hidden-c0/evidence/phc-semantic-v2/chain/02-three-image-documentation-contract/stderr.log
5102f144e7ba010c2928b11fa40b5c2d3bbb680ef71f0249610f3d716ca8353c	302	sources/recipe-recovery/current-pattern-hidden-c0/evidence/phc-semantic-v2/chain/02-three-image-documentation-contract/stdout.log
f9ace6a7f4de386f96f7992f31d5ad0008d5329b4971b7ee9b5f09c86a56f486	2904	sources/recipe-recovery/current-pattern-hidden-c0/evidence/phc-semantic-v2/chain/03-metadata-preservation-controls/receipt.json
5a61262b562156339d8a6fe11bb551c3c4dcfcef123ef6b11c425e40b772425c	931	sources/recipe-recovery/current-pattern-hidden-c0/evidence/phc-semantic-v2/chain/03-metadata-preservation-controls/stderr.log
e3b0c44298fc1c149afbf4c8996fb92427ae41e4649b934ca495991b7852b855	0	sources/recipe-recovery/current-pattern-hidden-c0/evidence/phc-semantic-v2/chain/03-metadata-preservation-controls/stdout.log
9e58d8775de98f1a1390d6b4ff5915794ee27a6a27cf737c42c9a9e0c433dcd9	2023	sources/recipe-recovery/current-pattern-hidden-c0/evidence/phc-semantic-v2/observed-outputs.json
7104af31e449c38ed03db9c85027c8db0b0ebcf1bd5bd0d8c77c8af8dcc97549	2237	sources/recipe-recovery/current-pattern-hidden-c0/evidence/phc-semantic-v2/source-after.json
7104af31e449c38ed03db9c85027c8db0b0ebcf1bd5bd0d8c77c8af8dcc97549	2237	sources/recipe-recovery/current-pattern-hidden-c0/evidence/phc-semantic-v2/source-before.json
3eeb48def3b29e7f2f9d300904b852928b6c48e25f72702f60880fbed8db7ea5	11981	sources/recipe-recovery/current-pattern-hidden-c0/evidence/producer-v1/commands.json
1b6985cf694f8af90b66f6af725d350cc76def314ad2fd2c3d41fb223cc4ff03	1637	sources/recipe-recovery/current-pattern-hidden-c0/evidence/producer-v1/project/README.md
8015207ce502d22955f7f77697177e5939fa1e25be7cd74be89c639335ae48e6	12032	sources/recipe-recovery/current-pattern-hidden-c0/evidence/producer-v1/project/dependency-source/com/m3/rewrite/backport/M3Jdk21HashPinnedTextSnapshotRecipe.java
136984c5b58ba2c67dc9289b666fa8419e88cdef2afbe67447bd3e87b639e8a3	3704	sources/recipe-recovery/current-pattern-hidden-c0/evidence/producer-v1/project/pom.xml
551fbbe50dae727a7e5d9c8a3dc6f4c3b68fb241686184b71132c478350764e6	39830	sources/recipe-recovery/current-pattern-hidden-c0/evidence/producer-v1/project/proof.py
1a04d45e2a8f7d18cd8fbbc38535daaa482baec53dfc761ddf6c836b9906230d	544	sources/recipe-recovery/current-pattern-hidden-c0/evidence/producer-v1/project/src/main/resources/META-INF/rewrite/ph0-orders.yml
430c68447273c43287a0c8d076b452b2edda24dfece34aacea9f8f47cee3ad51	383	sources/recipe-recovery/current-pattern-hidden-c0/evidence/producer-v1/project/src/main/resources/META-INF/rewrite/ph0-phc.yml
dc47ddb048af9ca88df53439d6609ceb21c4f8cf86f20ec5cac92fb1d4a255d4	1184	sources/recipe-recovery/current-pattern-hidden-c0/evidence/producer-v1/project/src/main/resources/com/m3/rewrite/backport/jdk21-hash-pinned-text/ph0-phc/manifest.tsv
8c828850d86f96ba39ee8865e9b7461ffb9f26e0658a9c76f901118d36146460	79664	sources/recipe-recovery/current-pattern-hidden-c0/evidence/producer-v1/project/src/main/resources/com/m3/rewrite/backport/jdk21-hash-pinned-text/ph0-phc/target-1.txt
4b739b3bf6efa6dd47b2bb3fb2fa19daa399967d2f037519884cc69d7da8f33d	235249	sources/recipe-recovery/current-pattern-hidden-c0/evidence/producer-v1/project/src/main/resources/com/m3/rewrite/backport/jdk21-hash-pinned-text/ph0-phc/target-2.txt
523707713724ab3beacca8a7b9f38659a61c83bdd3940929e97487347e438c36	3300	sources/recipe-recovery/current-pattern-hidden-c0/evidence/producer-v1/project/src/main/resources/com/m3/rewrite/backport/jdk21-hash-pinned-text/ph0-phc/target-3.txt
ca9e687e6cb300b618f7853f11fe1739dd40609444529e26aacda3a032354131	18329	sources/recipe-recovery/current-pattern-hidden-c0/evidence/producer-v1/project/src/main/resources/com/m3/rewrite/backport/jdk21-hash-pinned-text/ph0-phc/target-4.txt
4b739b3bf6efa6dd47b2bb3fb2fa19daa399967d2f037519884cc69d7da8f33d	235249	sources/recipe-recovery/current-pattern-hidden-c0/evidence/producer-v1/project/src/main/resources/com/m3/rewrite/backport/jdk21-hash-pinned-text/ph0-phc/target-5.txt
54be76e9c6b6842a7600013a6e21c7127b4b48855d1341cd340aa5e01cf6f68e	439	sources/recipe-recovery/current-pattern-hidden-c0/evidence/producer-v1/project/src/main/resources/composition-orders.json
2e13cc1f232a9246c44d751694318be3e059f7e5ec5111ff2020d597d9e2b88f	3575	sources/recipe-recovery/current-pattern-hidden-c0/evidence/producer-v1/project/src/main/resources/qualification.json
58842fc926bc04894f9067f32906849f60f83e13024aca39704ec92be0c042dc	29506	sources/recipe-recovery/current-pattern-hidden-c0/evidence/producer-v1/project/src/test/java/com/synexia/rewrite/Ph0RecipeTest.java
13e26f49dac9f82ee8a01e828ead985a9896fcea195a27556741a88ea43ba74c	79672	sources/recipe-recovery/current-pattern-hidden-c0/evidence/producer-v1/project/src/test/resources/before/m3/tooling/image-gates/current-c0.json
68882a345277e74065e1f31fc85f07444eb7e3164a44a4226b629c80bfcb9843	235261	sources/recipe-recovery/current-pattern-hidden-c0/evidence/producer-v1/project/src/test/resources/before/m3/tooling/migration-recipes/src/main/resources/com/m3/rewrite/backport/jdk21-hash-pinned/jdk22-m3-string-history-convergence/10-Pattern.java.txt
1a713463413df2684791ef1a214db69a7e5b23da888e61983c6b4902cef9c639	3300	sources/recipe-recovery/current-pattern-hidden-c0/evidence/producer-v1/project/src/test/resources/before/m3/tooling/migration-recipes/src/main/resources/com/m3/rewrite/backport/jdk21-hash-pinned/jdk22-m3-string-history-convergence/manifest.tsv
ad8f41c47e2635f8863361cb790b1c2f53f394da58e449b60a229ba6722aba3d	18329	sources/recipe-recovery/current-pattern-hidden-c0/evidence/producer-v1/project/src/test/resources/before/m3/tooling/migration-recipes/src/test/resources/com/m3/rewrite/atom/spectrum/CORPUS.tsv
68882a345277e74065e1f31fc85f07444eb7e3164a44a4226b629c80bfcb9843	235261	sources/recipe-recovery/current-pattern-hidden-c0/evidence/producer-v1/project/src/test/resources/before/src/java.base/share/classes/java/util/regex/Pattern.java
2c097bfcbe0c609c369f230419d3e34d95cc064f3d0b7550b05455bd998e6e12	7315	sources/recipe-recovery/current-pattern-hidden-c0/evidence/producer-v1/runtime-classpath.txt
b0a130674e8a079a946249c27138e1de65d3de130edcab51c4f3dc21460022dc	120127	sources/recipe-recovery/current-pattern-hidden-c0/evidence/producer-v1/spec.json
5b7b3108bab5cd8fd4f4cadadbe3712501f415a92a434636552b04acd79292fc	8103	sources/recipe-recovery/current-pattern-hidden-c0/evidence/producer-v1/staging.json
06d4923c9b8a9389e3eb6463f028829fd89dca7c6d9b0599ef4239317a8b0c9d	97386	sources/recipe-recovery/current-pattern-hidden-c0/evidence/producer-v1/tool-links.json
90af4ddd3e71e4914f8a4bb42161d4430240258c0eceaf117bd81a27fc9cf316	14388	sources/recipe-recovery/current-pattern-hidden-c0/evidence/producer-v1/tooling.json
4063c0e93120bf23b25e6f6d842f16bc9df128a3c81582d6451f0bf365339c25	11207	sources/recipe-recovery/current-pattern-hidden-c0/freeze-draft.py
0a5aa5d4213f586eb048331e709d84cb78ce8eeaf299e38227f7b5d6c5a27d9f	11255	sources/recipe-recovery/current-pattern-hidden-c0/freeze.py
692168a01faba10dfcbfce604376e952240a00378937034948e0a9dde2061113	18182	sources/recipe-recovery/current-pattern-hidden-c0/packaging-authoring-v1/AUTHORING-PLAN.json
33571b5d0ffca7b0b53e922724a1885a8fb1fb01fcf163f81ba63c977d25ee42	8307	sources/recipe-recovery/current-pattern-hidden-c0/packaging-authoring-v1/finish_package.py
62fb1acf64255842cf63d990f64b926efdc12a19ac31a6e3bfb2f10b7c6df1b2	42362	sources/recipe-recovery/current-pattern-hidden-c0/packaging-authoring-v1/prepare_package.py
1da350657069707b569ba2c29b2f8a82a8f0f8ba00f4dcff277e786886be4c9f	1860	sources/recipe-recovery/current-pattern-hidden-c0/packaging-authoring-v1/reconstruct.py
fc6ee20b12b92a3c9a97dc6ff05c98d6000099f00e993d3915e81182e31b068d	146876	sources/recipe-recovery/current-pattern-hidden-c0/qualified-v1/QUALIFIED.json
c21b3236638ae309d4b6186fdbbc9b9bc0beb47a6304e2c2685d422a096a5e6e	2036	sources/recipe-recovery/current-pattern-hidden-c0/root-prepare-v1/RESULT.json
e3b0c44298fc1c149afbf4c8996fb92427ae41e4649b934ca495991b7852b855	0	sources/recipe-recovery/current-pattern-hidden-c0/root-prepare-v1/stderr
bc11d1ff1bd0c11456f0c58bc0d34cce415dea7bceb3b7a5fa5f624b79b32bc5	327	sources/recipe-recovery/current-pattern-hidden-c0/root-prepare-v1/stdout
ffcb97581865963b87334a4f05b59c3be5a034f90b49097fead735fc0e6c4861	1152	sources/recipe-recovery/current-pattern-hidden-c0/root-run-v1/RESULT.json
e3b0c44298fc1c149afbf4c8996fb92427ae41e4649b934ca495991b7852b855	0	sources/recipe-recovery/current-pattern-hidden-c0/root-run-v1/stderr
2f0616082f3e26505112add7244ab8b9f4787031b871cc790701f71e1e4e26ef	630	sources/recipe-recovery/current-pattern-hidden-c0/root-run-v1/stdout
4876bff7c2ba6142c6a68b5f9a64b4d5c476eb589c3494d6d0cbad4438c1cf93	24488	sources/recipe-recovery/current-pattern-hidden-c0/semantic-authoring-v1/COMMAND-EXPECTATIONS.json
e954bfead254cdaf364d03eded93652a50ba44a964639fc507956cd1054093e9	1478	sources/recipe-recovery/current-pattern-hidden-c0/semantic-authoring-v1/CONTROLLER-LINEAGE.json
5c2dc3c92085087781c64b4b7c14c9448b89f6b2fc24095c3c5d131d68cbc19c	1538	sources/recipe-recovery/current-pattern-hidden-c0/semantic-authoring-v1/ROOT-COMMAND.json
7f7269ef8f86dddc7f2ebe4c32f33f0b15e881ff085966bc3df0b0032b997801	138396	sources/recipe-recovery/current-pattern-hidden-c0/semantic-authoring-v1/RUNTIME-CLOSURE.json
d2fcc6927f346787345568dd0dfa82914c36236ad04b906c4bbc24c119705b06	32120	sources/recipe-recovery/current-pattern-hidden-c0/semantic-authoring-v1/SEMANTIC-PLAN.json
05c21e0b4a81db244de1b0153387db6aa4f7c36cf1d08a5ab7b0d1759b2f4c31	7681	sources/recipe-recovery/current-pattern-hidden-c0/semantic-authoring-v1/declare_plan.py
8a4dc200e13d9d4b0f8f0e62a19e8a901e32b4d7f5a494feef24b0f4126a1eee	259438	sources/recipe-recovery/current-pattern-hidden-c0/semantic-authoring-v1/independent-static-review-v1/CHECKED-PINS.json
378d74bd1a7757b968a8c7fca2aa3bad9215a81ffa64944dfa978944b475ac59	2427	sources/recipe-recovery/current-pattern-hidden-c0/semantic-authoring-v1/independent-static-review-v1/RUNTIME-SOURCE-READBACK.json
bb3dbde9eae0405188d7fe60b1c66ba4a82f64ad7579b96711a015705448f9d8	16730	sources/recipe-recovery/current-pattern-hidden-c0/semantic-authoring-v1/phc_semantic_capture_draft0.py
a342176312fe31137cbca48e9d619a736d7207ff3f11cf8c000d110cbb90ef8f	17211	sources/recipe-recovery/current-pattern-hidden-c0/semantic-authoring-v1/phc_semantic_capture_v1.py
6083a7ab33d6da094a64f639b63438687a4f17491e4f9bbbb0e279ebb1850d6d	24488	sources/recipe-recovery/current-pattern-hidden-c0/semantic-authoring-v2/COMMAND-EXPECTATIONS.json
2b9b218c143836688a2e6829d42cea80b6c689cb288d3987a4bb6bd6fc01c6a9	1478	sources/recipe-recovery/current-pattern-hidden-c0/semantic-authoring-v2/CONTROLLER-LINEAGE.json
e6917996b78fab36a0bfb06dccd7e534fb9732f9c37eff7a7697822acb479616	1485	sources/recipe-recovery/current-pattern-hidden-c0/semantic-authoring-v2/CONTROLLER-v1-to-v2.diff
0ad954a01b03f6b5e73d1a543a634b4b6464203aa01af369321a27aec08fdd70	1538	sources/recipe-recovery/current-pattern-hidden-c0/semantic-authoring-v2/ROOT-COMMAND.json
7f7269ef8f86dddc7f2ebe4c32f33f0b15e881ff085966bc3df0b0032b997801	138396	sources/recipe-recovery/current-pattern-hidden-c0/semantic-authoring-v2/RUNTIME-CLOSURE.json
85fa6321cfa8ab3fe9481e16bf748433574c75cbe658eca4be24a682cd5fa3f6	32120	sources/recipe-recovery/current-pattern-hidden-c0/semantic-authoring-v2/SEMANTIC-PLAN.json
bbf3fbe6dd4d93bee559455bcf2f6c3d972950436557ccb51c4f08d24bb113ba	7681	sources/recipe-recovery/current-pattern-hidden-c0/semantic-authoring-v2/declare_plan.py
c631af16d27364fd9a437a96a4540a32fa59dd1be02734dcd3b34de77586852c	4413	sources/recipe-recovery/current-pattern-hidden-c0/semantic-authoring-v2/independent-static-review-v1/REVIEW.json
34738f0d45392f54ca2814b7099c719686caf439fc8f593484f3950c4e206a99	17241	sources/recipe-recovery/current-pattern-hidden-c0/semantic-authoring-v2/phc_semantic_capture_v2.py
4d4b3f74a1cab6796736f821712c73a780e4444dd1165696b53a01fc70ad5c1f	5585	sources/recipe-recovery/current-pattern-hidden-c0/semantic-selection-v1/BOUNDARY.json
2c6505867b29cd34a396a8a7b48649f7014a1618b464190d34ae1f9daf7313e1	80383	sources/recipe-recovery/current-pattern-hidden-c0/semantic-selection-v1/INVENTORY.json
4f0e3053548e7a7e7b15cd16b8f1dcebe791af069d12cf44fa2c3fa8d536b807	1412	sources/recipe-recovery/current-pattern-hidden-c0/semantic-selection-v1/SELECTION-READBACK.json
54ed59514dfd08ffb714b1590b780825f0f04ac4d754ebd5da7b43b2b1f7960a	44271	sources/recipe-recovery/current-pattern-hidden-c0/semantic-selection-v1/SEMANTIC-SELECTION.json
02a4176a7898baf2024a6be6213acb818968d30061d23c13ae5f6059befe3e36	255274	sources/recipe-recovery/current-pattern-hidden-c0/tooling-v1/CACHE-COPY.json
c86734633c50d354b38c60e5be0d83950181b3224d8ef98caee882760b78e6aa	4118	sources/recipe-recovery/current-pattern-hidden-c0/tooling-v1/TOOLCHAIN.json
b288ed213a23b9b33bf5c1a1fb0351f33dd7aed55c3c9fe560c6426571da3b85	4963	sources/recipe-recovery/current-pattern-hidden-c0/tooling-v1/copy_tooling.py
2c097bfcbe0c609c369f230419d3e34d95cc064f3d0b7550b05455bd998e6e12	7315	sources/recipe-recovery/current-pattern-hidden-c0/tooling-v1/runtime-classpath.txt
c4e1082270aca56c8085227dd50542170b7013717e0f7c67a4ecd09f34506691	564325	sources/recipe-recovery/current-runtime-checker-c0/ROOT-READBACK-v1.json
710aa6bf2752da19a897b9515f7e785018381e8260b767cb16ece01014471f75	881	sources/recipe-recovery/current-runtime-checker-c0/evidence/producer-v1/PATCH.json
c4cb9608ab895490158236e93334b83eea1996f454d8085c454676e3fea37e75	7113	sources/recipe-recovery/current-runtime-checker-c0/evidence/producer-v1/RESULT.json
337c2587868fccf4fe4f8d50bc8b5b21a0a53fe898cfd03c905bb8639da7e1ca	4141	sources/recipe-recovery/current-runtime-checker-c0/evidence/producer-v1/build-artifacts.json
83325c3e4a81ee0945ad56a23ac1595fa39bc171518f43e9c29fc5703841ec07	1871	sources/recipe-recovery/current-runtime-checker-c0/evidence/producer-v1/chain/01-static.json
e3b0c44298fc1c149afbf4c8996fb92427ae41e4649b934ca495991b7852b855	0	sources/recipe-recovery/current-runtime-checker-c0/evidence/producer-v1/chain/01-static.stderr.log
7c91b983088034224492d3cb87f1e2fcfb979961bba2c1ef2d6faf9136a5693f	1099	sources/recipe-recovery/current-runtime-checker-c0/evidence/producer-v1/chain/01-static.stdout.log
e0b8e5c8621b5d6dc6cc711215acc85475da8f5c04dc62baced8f46d23e992a3	2633	sources/recipe-recovery/current-runtime-checker-c0/evidence/producer-v1/chain/02-compile.json
e3b0c44298fc1c149afbf4c8996fb92427ae41e4649b934ca495991b7852b855	0	sources/recipe-recovery/current-runtime-checker-c0/evidence/producer-v1/chain/02-compile.stderr.log
53291b10476373136e6a76364422d2ab5f9b6ac7727d9b26719e1711390943ad	1463	sources/recipe-recovery/current-runtime-checker-c0/evidence/producer-v1/chain/02-compile.stdout.log
f0c8d6bdae246fd62a18009d5f822a7d3acd4c8b4609820bb0579f0540fead4a	2949	sources/recipe-recovery/current-runtime-checker-c0/evidence/producer-v1/chain/03-tests.json
9ddf3781b5e43a87b1d67caac2bc4b251f9ce8d77c509c8369129f4b0359fd55	210	sources/recipe-recovery/current-runtime-checker-c0/evidence/producer-v1/chain/03-tests.stderr.log
