path	git_blob_sha1	kind	prefix_match	mapping_id	disposition
synexia-common/src/main/java/com/synexia/common/canonical/CanonicalId.java	0734bb4ac31115a3a4d58ab302e4a2cfb34e47f7	java	false	family.entire-source-closure	REVIEW_REQUIRED
synexia-common/src/main/java/com/synexia/common/canonical/CanonicalKeyCollisionException.java	13894737b7a2d81e5afd6fc85e43542690eebdef	java	false	family.entire-source-closure	REVIEW_REQUIRED
synexia-common/src/main/java/com/synexia/common/canonical/CanonicalKeys.java	1e8f9cdabe4444a2dec1be5ec9b2a9aadcd76e25	java	false	family.entire-source-closure	REVIEW_REQUIRED
synexia-common/src/main/java/com/synexia/common/canonical/CanonicalPool.java	64dbfcb802327f7e7093c780c94ad8ce9668b93f	java	false	family.entire-source-closure	REVIEW_REQUIRED
synexia-common/src/main/java/com/synexia/common/canonical/CanonicalPoolCapacityException.java	b35d1ed5619418f5bb5f08453cf76ffed2bd04a0	java	false	family.entire-source-closure	REVIEW_REQUIRED
synexia-common/src/main/java/com/synexia/common/canonical/CanonicalPoolStats.java	c682d2317f2f87a2f31a6ca6366fa0715cf1c45e	java	false	family.entire-source-closure	REVIEW_REQUIRED
synexia-common/src/main/java/com/synexia/common/canonical/CanonicalPoolSupport.java	89735f97fb9115e66b48ed0bcbea8f71f44f73dc	java	false	family.entire-source-closure	REVIEW_REQUIRED
synexia-common/src/main/java/com/synexia/common/canonical/CanonicalPools.java	977827c2cab2395c3273a74ffdd72036611aa840	java	false	family.entire-source-closure	REVIEW_REQUIRED
synexia-common/src/main/java/com/synexia/common/canonical/IndexedCanonicalPool.java	cf5a21b9f0e4d8a4c8939d59fd270d23b2d3ff2e	java	false	family.entire-source-closure	REVIEW_REQUIRED
synexia-common/src/main/java/com/synexia/common/canonical/PoolIds.java	0e2265eb78373daefe0b33ea7acd1740b6e6af5c	java	false	family.entire-source-closure	REVIEW_REQUIRED
synexia-common/src/main/java/com/synexia/common/canonical/WeakCanonicalPool.java	e977419986a717802046601caf82d38f194cf63c	java	false	family.entire-source-closure	REVIEW_REQUIRED
synexia-common/src/main/java/com/synexia/common/canonical/package-info.java	cc0461c63c7436fcc2cfff5197b322d1b9429289	java	false	family.entire-source-closure	REVIEW_REQUIRED
synexia-common/src/main/java/com/synexia/common/collections/Admission.java	a74de9790c2cffb4f63dd1474f53c9d909ed247e	java	false	family.entire-source-closure	REVIEW_REQUIRED
synexia-common/src/main/java/com/synexia/common/collections/BooleanKeyMaps.java	9fd6351cb0ae4cde5df42c8041ad01bc1caf2658	java	false	family.entire-source-closure	REVIEW_REQUIRED
synexia-common/src/main/java/com/synexia/common/collections/CollectionAspectMask.java	ce33dd6e10168fcbaf261a1f948c49fe6ec30674	java	false	family.entire-source-closure	REVIEW_REQUIRED
synexia-common/src/main/java/com/synexia/common/collections/CollectionHashes.java	e36419609f53db53749609e1ac7fa2fe03dd0825	java	false	family.entire-source-closure	REVIEW_REQUIRED
synexia-common/src/main/java/com/synexia/common/collections/ConcurrentPackedLongBitSet.java	b589168520efac749222fe3739f649929bfc8673	java	false	family.entire-source-closure	REVIEW_REQUIRED
synexia-common/src/main/java/com/synexia/common/collections/ConcurrentPackedLongLongMap.java	6e59e1df5946788954a69370dc9c02314bc61eaa	java	false	family.entire-source-closure	REVIEW_REQUIRED
synexia-common/src/main/java/com/synexia/common/collections/ConcurrentPackedLongSet.java	b2158ba60131bda61284c580631e234f442bb1d2	java	false	family.entire-source-closure	REVIEW_REQUIRED
synexia-common/src/main/java/com/synexia/common/collections/DenseAdmission.java	0b94d3ebd5e9e9474814fa25f8bf73a38be3a202	java	false	family.entire-source-closure	REVIEW_REQUIRED
synexia-common/src/main/java/com/synexia/common/collections/DenseArrayCollections.java	b6eb9096beea05de7d7fa60e062ba8c949d0df5e	java	false	family.entire-source-closure	REVIEW_REQUIRED
synexia-common/src/main/java/com/synexia/common/collections/DenseArrayOrder.java	99a13aab2cd55af84baa6e46683e121744d6c44e	java	false	family.entire-source-closure	REVIEW_REQUIRED
synexia-common/src/main/java/com/synexia/common/collections/DenseArraySortedMap.java	3df5c03c42937b34367f2cb1ad9e4e9372371dc7	java	false	family.entire-source-closure	REVIEW_REQUIRED
synexia-common/src/main/java/com/synexia/common/collections/DenseArraySortedSet.java	43b9ca42889c15c361dd787642d887b9b2f47081	java	false	family.entire-source-closure	REVIEW_REQUIRED
synexia-common/src/main/java/com/synexia/common/collections/DenseCollections.java	dd6aaf80381c764f0393d652d70ee85acfd611af	java	false	family.entire-source-closure	REVIEW_REQUIRED
synexia-common/src/main/java/com/synexia/common/collections/DenseIndexedLongHeap.java	ed5a8a4d530f14bde50ec5425e18719cc071e751	java	false	family.entire-source-closure	REVIEW_REQUIRED
synexia-common/src/main/java/com/synexia/common/collections/DenseIndexedValues.java	17a0341e002ff5603ad81f949ea9c0a8805d604c	java	false	family.entire-source-closure	REVIEW_REQUIRED
synexia-common/src/main/java/com/synexia/common/collections/DenseObjectBag.java	af6e78ea379b2e27fc09fcd63a1cb7bf2bb77aa9	java	false	family.entire-source-closure	REVIEW_REQUIRED
synexia-common/src/main/java/com/synexia/common/collections/DenseOrderedSet.java	20e9aec10920fc4d4b3abd3d3132a03ff82c302a	java	false	family.entire-source-closure	REVIEW_REQUIRED
synexia-common/src/main/java/com/synexia/common/collections/DensePairs.java	17d26e0494b5045b79f674be5754f75d9021ae14	java	false	family.entire-source-closure	REVIEW_REQUIRED
synexia-common/src/main/java/com/synexia/common/collections/DenseSortedBuffer.java	e73943262ddfc531a6751828b11ad64299c1329f	java	false	family.entire-source-closure	REVIEW_REQUIRED
synexia-common/src/main/java/com/synexia/common/collections/DenseSortedMap.java	e68cf0ba24c8c1cca6db59a99a246a26265bd204	java	false	family.entire-source-closure	REVIEW_REQUIRED
synexia-common/src/main/java/com/synexia/common/collections/DenseSortedSet.java	d26212750d2b7c2ae62974845408e762efc87235	java	false	family.entire-source-closure	REVIEW_REQUIRED
synexia-common/src/main/java/com/synexia/common/collections/DenseSparseSortedBuffer.java	b0d8996b0c0d2197d0e7922ede87370fe41341c8	java	false	family.entire-source-closure	REVIEW_REQUIRED
synexia-common/src/main/java/com/synexia/common/collections/DenseTopK.java	e9e00a3c40df928f3ac80158c79b52eeb81342e5	java	false	family.entire-source-closure	REVIEW_REQUIRED
synexia-common/src/main/java/com/synexia/common/collections/IndexedValues.java	1c00b614033a54c017c77597fcf17a8da7df2b47	java	false	family.entire-source-closure	REVIEW_REQUIRED
synexia-common/src/main/java/com/synexia/common/collections/IntDisjointSet.java	5c3eee638fccf1528ff03b4cc6341c643618d9ae	java	false	family.entire-source-closure	REVIEW_REQUIRED
synexia-common/src/main/java/com/synexia/common/collections/IntLongIndexedPriorityQueue.java	66815181afcf9d8dfb4c13c4c67f66346c1cb408	java	false	family.entire-source-closure	REVIEW_REQUIRED
synexia-common/src/main/java/com/synexia/common/collections/IntLongSparseMap.java	64dfa81b8416aa6ad566bb7bb0d64e5f16a699b6	java	false	family.entire-source-closure	REVIEW_REQUIRED
synexia-common/src/main/java/com/synexia/common/collections/IntUniverseSet.java	a1e13b271e1c75fa107843581ddbd95d0d2e4056	java	false	family.entire-source-closure	REVIEW_REQUIRED
synexia-common/src/main/java/com/synexia/common/collections/LeanSegmentedCollections.java	edc5883d81bb666fb542b4bc2606646871d2bfe0	java	false	family.entire-source-closure	REVIEW_REQUIRED
synexia-common/src/main/java/com/synexia/common/collections/LongArrayAdmission.java	8e9472a04052a694ccb315fb9775feed05505c88	java	false	family.entire-source-closure	REVIEW_REQUIRED
synexia-common/src/main/java/com/synexia/common/collections/LongBag.java	0a5b62733036e562297c659783e394a95bea9677	java	false	family.entire-source-closure	REVIEW_REQUIRED
synexia-common/src/main/java/com/synexia/common/collections/LongBitSet.java	e4462db55775857adf7832a51daca8b254299016	java	false	family.entire-source-closure	REVIEW_REQUIRED
synexia-common/src/main/java/com/synexia/common/collections/LongBloomMembership.java	283d62a52caa86b574b7f181404eb1369beff654	java	false	family.entire-source-closure	REVIEW_REQUIRED
synexia-common/src/main/java/com/synexia/common/collections/LongByteMap.java	8bebd85fdcde95168559743d5fb29bc1508fbf9f	java	false	family.entire-source-closure	REVIEW_REQUIRED
synexia-common/src/main/java/com/synexia/common/collections/LongCollection.java	9b072d9c2ad8c559d339f9cced4afbb926faa1d3	java	false	family.entire-source-closure	REVIEW_REQUIRED
synexia-common/src/main/java/com/synexia/common/collections/LongDeque.java	0d6f5179c74896ced20bfcdccf9d126eb32e38e3	java	false	family.entire-source-closure	REVIEW_REQUIRED
synexia-common/src/main/java/com/synexia/common/collections/LongDomainMap.java	26f68ab77a5557de795034567b00ca9df756c61e	java	false	family.entire-source-closure	REVIEW_REQUIRED
synexia-common/src/main/java/com/synexia/common/collections/LongFilteredView.java	09141f9e452f91400395cb573f1106caff935dbe	java	false	family.entire-source-closure	REVIEW_REQUIRED
synexia-common/src/main/java/com/synexia/common/collections/LongIterator.java	de7f337c6ae0fa3ce740dc18362367d66992da1b	java	false	family.entire-source-closure	REVIEW_REQUIRED
synexia-common/src/main/java/com/synexia/common/collections/LongLaneRowPredicate.java	2ad89415beade3860b3382ddfe2616b03e60f205	java	false	family.entire-source-closure	REVIEW_REQUIRED
synexia-common/src/main/java/com/synexia/common/collections/LongLinkedSequence.java	418ed54ea4b804b91680d4881be91b95e7f17424	java	false	family.entire-source-closure	REVIEW_REQUIRED
synexia-common/src/main/java/com/synexia/common/collections/LongLongConsumer.java	cd7ed4a37e0e2122a7a39713ec78865f1ad3c46c	java	false	family.entire-source-closure	REVIEW_REQUIRED
synexia-common/src/main/java/com/synexia/common/collections/LongLongLongConsumer.java	ce92129ccd0b0ad571fdf3a5877d37c589775e03	java	false	family.entire-source-closure	REVIEW_REQUIRED
synexia-common/src/main/java/com/synexia/common/collections/LongLongLongPredicate.java	5843600136b5742052c2c2870f930e8d4f7a39bb	java	false	family.entire-source-closure	REVIEW_REQUIRED
synexia-common/src/main/java/com/synexia/common/collections/LongLongMultiMap.java	994ce8f081e6ef1fc91dab2894b072652005e630	java	false	family.entire-source-closure	REVIEW_REQUIRED
synexia-common/src/main/java/com/synexia/common/collections/LongLongOrderedMap.java	76dced6ac1945a12cc3c7aad1f2091a8c97c23b0	java	false	family.entire-source-closure	REVIEW_REQUIRED
synexia-common/src/main/java/com/synexia/common/collections/LongLongPredicate.java	d394f720b82d61e8270e67b5f7fa6880aa590285	java	false	family.entire-source-closure	REVIEW_REQUIRED
synexia-common/src/main/java/com/synexia/common/collections/LongLongSortedMap.java	d74093988b4610b7130414c527b309494de98689	java	false	family.entire-source-closure	REVIEW_REQUIRED
synexia-common/src/main/java/com/synexia/common/collections/LongMinMaxWindow.java	879a800aed628ab94c05bcda9c53e2967c6e00ae	java	false	family.entire-source-closure	REVIEW_REQUIRED
synexia-common/src/main/java/com/synexia/common/collections/LongOrderedSet.java	577198e8fe68c45a1a92f5ad152da8ac8e653d72	java	false	family.entire-source-closure	REVIEW_REQUIRED
synexia-common/src/main/java/com/synexia/common/collections/LongPairs.java	df04d7f003befd58431cc77e4dc7b45a1bc0c5a8	java	false	family.entire-source-closure	REVIEW_REQUIRED
synexia-common/src/main/java/com/synexia/common/collections/LongPrefixSums.java	88494247670f43c638b5ac52d5b7feccf88dbfa7	java	false	family.entire-source-closure	REVIEW_REQUIRED
synexia-common/src/main/java/com/synexia/common/collections/LongPriorityQueue.java	ff2f576899ede4cc4950bbaa3b592a7a967035c3	java	false	family.entire-source-closure	REVIEW_REQUIRED
synexia-common/src/main/java/com/synexia/common/collections/LongQueue.java	fde82af25504c10f7edf3129438977673085103c	java	false	family.entire-source-closure	REVIEW_REQUIRED
synexia-common/src/main/java/com/synexia/common/collections/LongRangeAdmission.java	b40d59039ddc7e3ed1f81c341efe5d574e460972	java	false	family.entire-source-closure	REVIEW_REQUIRED
synexia-common/src/main/java/com/synexia/common/collections/LongReadOnlyMap.java	fde14bc267940019877d04c6bb7850de7a07e375	java	false	family.entire-source-closure	REVIEW_REQUIRED
synexia-common/src/main/java/com/synexia/common/collections/LongReadOnlySet.java	63472815d87c983e749c8c07957972310ed5c196	java	false	family.entire-source-closure	REVIEW_REQUIRED
synexia-common/src/main/java/com/synexia/common/collections/LongSequence.java	1aad67c4c9a5a5da1752be8f272dc3aa7be68293	java	false	family.entire-source-closure	REVIEW_REQUIRED
synexia-common/src/main/java/com/synexia/common/collections/LongSequenceSpliterator.java	435383c58c7f4085101a84b0156cdeffb056bbbb	java	false	family.entire-source-closure	REVIEW_REQUIRED
synexia-common/src/main/java/com/synexia/common/collections/LongSortedSet.java	101a6e79ca688baa6e46bd6997c0549f142f67a7	java	false	family.entire-source-closure	REVIEW_REQUIRED
synexia-common/src/main/java/com/synexia/common/collections/LongStack.java	a921486ff0c2ceccb95fc40b7a27fa558507d672	java	false	family.entire-source-closure	REVIEW_REQUIRED
synexia-common/src/main/java/com/synexia/common/collections/M3ConcurrentIntLane28.java	41af47c42aeb46bbdf1908bee6679472c5a0e508	java	false	family.entire-source-closure	REVIEW_REQUIRED
synexia-common/src/main/java/com/synexia/common/collections/M3ConcurrentLongLane28.java	a3713084e8a79c877a98e1f6dd8eefcac78926f2	java	false	family.entire-source-closure	REVIEW_REQUIRED
synexia-common/src/main/java/com/synexia/common/collections/PackedAdmissionMask.java	4b2505e558d32451608ea0e2de56082e9f9c8ac7	java	false	family.entire-source-closure	REVIEW_REQUIRED
synexia-common/src/main/java/com/synexia/common/collections/PackedArrayCapacity.java	0606653c5bad347ab80d10e6a55daa02e43c46c8	java	false	family.entire-source-closure	REVIEW_REQUIRED
synexia-common/src/main/java/com/synexia/common/collections/PackedArrayNative.java	c7ff504678225567b29235a74a301e0195a0f364	java	false	family.entire-source-closure	REVIEW_REQUIRED
synexia-common/src/main/java/com/synexia/common/collections/PackedBitAtoms.java	9858def13146479794370dd56387d34edfaa95ef	java	false	synexia.collections.PackedBitAtoms	REVIEW_REQUIRED
synexia-common/src/main/java/com/synexia/common/collections/PackedBooleanMinMaxQueue.java	0e47221982f2c5be2a75cd99f86655c4d7e020cb	java	false	family.entire-source-closure	REVIEW_REQUIRED
synexia-common/src/main/java/com/synexia/common/collections/PackedByteLongMap.java	86510df005ab5cc59baadc78a213eea9316d2f7f	java	false	family.entire-source-closure	REVIEW_REQUIRED
synexia-common/src/main/java/com/synexia/common/collections/PackedByteMinMaxHeap.java	ad3a9113b00d6f58e60d36e1db250edcee8e2a17	java	false	family.entire-source-closure	REVIEW_REQUIRED
synexia-common/src/main/java/com/synexia/common/collections/PackedCharMinMaxHeap.java	eacc5d620f2f1b82fc4508ec78260f92ea1a84ab	java	false	family.entire-source-closure	REVIEW_REQUIRED
synexia-common/src/main/java/com/synexia/common/collections/PackedCollectionShapes.java	e17f69b3da1a6cb6bdf3e8ad98541821d8c860a0	java	false	family.entire-source-closure	REVIEW_REQUIRED
synexia-common/src/main/java/com/synexia/common/collections/PackedDoubleMinMaxHeap.java	33870c341dd782ceeb1061588e2dcbcf1e2d8e17	java	false	family.entire-source-closure	REVIEW_REQUIRED
synexia-common/src/main/java/com/synexia/common/collections/PackedFlatArrays.java	2a3044cf9659ad3102ed4f99c7efbe7676ddc5a8	java	false	family.entire-source-closure	REVIEW_REQUIRED
synexia-common/src/main/java/com/synexia/common/collections/PackedFloatMinMaxHeap.java	97a95b023c5a4c08eefa003a2380446f18a7efe2	java	false	family.entire-source-closure	REVIEW_REQUIRED
synexia-common/src/main/java/com/synexia/common/collections/PackedFrozenLongMap.java	50729509d91638586f3c09a5dbce4def8a54cd8b	java	false	family.entire-source-closure	REVIEW_REQUIRED
synexia-common/src/main/java/com/synexia/common/collections/PackedFrozenLongSet.java	e2efeecf9c033c0d726eee62ab155fa6863df982	java	false	family.entire-source-closure	REVIEW_REQUIRED
synexia-common/src/main/java/com/synexia/common/collections/PackedHashAlgorithm.java	de488705ca9374d7e3f9b1a03f589f39422ecc89	java	false	family.entire-source-closure	REVIEW_REQUIRED
synexia-common/src/main/java/com/synexia/common/collections/PackedHashAtoms.java	0edbe377c993eda1b2395db4e68138ed24b899ef	java	false	family.entire-source-closure	REVIEW_REQUIRED
synexia-common/src/main/java/com/synexia/common/collections/PackedHeapAtoms.java	d704ba21e08d0489d5db399c5033cb04b4adab6d	java	false	family.entire-source-closure	REVIEW_REQUIRED
synexia-common/src/main/java/com/synexia/common/collections/PackedIntBitmapSet.java	fe1889ec148b5a30881aa58d1da82b79db9ce324	java	false	family.entire-source-closure	REVIEW_REQUIRED
synexia-common/src/main/java/com/synexia/common/collections/PackedIntDisjointSet.java	877244fe87aeb7fabd8a6a25572eeb60a61007d1	java	false	family.entire-source-closure	REVIEW_REQUIRED
synexia-common/src/main/java/com/synexia/common/collections/PackedIntLongSparseArray.java	23e08b3b98ade8986256ceaf0ee13c2166d7998b	java	false	family.entire-source-closure	REVIEW_REQUIRED
synexia-common/src/main/java/com/synexia/common/collections/PackedIntMinMaxHeap.java	97f1eb2f59368ac2ecad2541d6f0b22c43ff954e	java	false	family.entire-source-closure	REVIEW_REQUIRED
synexia-common/src/main/java/com/synexia/common/collections/PackedIntPrefixIndex.java	ab3ad8d337bb0a7348f883fb22d9f61bb41b7812	java	false	family.entire-source-closure	REVIEW_REQUIRED
synexia-common/src/main/java/com/synexia/common/collections/PackedIntSparseSet.java	a2d5358e572c1944a627998d3a9f639c5441e38c	java	false	family.entire-source-closure	REVIEW_REQUIRED
synexia-common/src/main/java/com/synexia/common/collections/PackedLongArrayOps.java	45e788634ed20c04f6748766634e832f4d816ef3	java	false	family.entire-source-closure	REVIEW_REQUIRED
synexia-common/src/main/java/com/synexia/common/collections/PackedLongBag.java	414766cab26384d4d88d102b62f6687ae54dba85	java	false	family.entire-source-closure	REVIEW_REQUIRED
synexia-common/src/main/java/com/synexia/common/collections/PackedLongBatchSortedSet.java	bd23b4cbb87277cc5bf19ab3154ecf7a17e21fbd	java	false	family.entire-source-closure	REVIEW_REQUIRED
synexia-common/src/main/java/com/synexia/common/collections/PackedLongBitSet.java	4bef5fd3bc36b582ada6ae011de69da13350ab1c	java	false	family.entire-source-closure	REVIEW_REQUIRED
synexia-common/src/main/java/com/synexia/common/collections/PackedLongBlockingQueue.java	3228a6ef3ecde4c51b892395b3135c7179fa9f2a	java	false	family.entire-source-closure	REVIEW_REQUIRED
synexia-common/src/main/java/com/synexia/common/collections/PackedLongBloomFilter.java	87983771a328f26c05e0cb661ec3457057f1fbef	java	false	family.entire-source-closure	REVIEW_REQUIRED
synexia-common/src/main/java/com/synexia/common/collections/PackedLongByteHashMap.java	138a1b1591c07dec3f77bf9cfaa64146e75b0521	java	false	family.entire-source-closure	REVIEW_REQUIRED
synexia-common/src/main/java/com/synexia/common/collections/PackedLongChunkedQueue.java	1408c5b7519b4862d36d471cc2d252c303a46892	java	false	family.entire-source-closure	REVIEW_REQUIRED
synexia-common/src/main/java/com/synexia/common/collections/PackedLongCompactHashSet.java	eb860e34b8f119d40e009ef92a14a4beb59dc878	java	false	family.entire-source-closure	REVIEW_REQUIRED
synexia-common/src/main/java/com/synexia/common/collections/PackedLongDeque.java	443dfaf7b32398890c3d018481756aa9f59b0a3b	java	false	family.entire-source-closure	REVIEW_REQUIRED
synexia-common/src/main/java/com/synexia/common/collections/PackedLongDomainMap.java	0e5752f2c9890a52fbddeb3a1dc9e24f4dc9dd31	java	false	family.entire-source-closure	REVIEW_REQUIRED
synexia-common/src/main/java/com/synexia/common/collections/PackedLongFenwickTree.java	3bfa92a47cf0bb660d045ef9c9c5b9326d196435	java	false	family.entire-source-closure	REVIEW_REQUIRED
synexia-common/src/main/java/com/synexia/common/collections/PackedLongGapSortedSet.java	cb659a0033d17bad836971db441505d119c2a8b5	java	false	family.entire-source-closure	REVIEW_REQUIRED
synexia-common/src/main/java/com/synexia/common/collections/PackedLongHashBag.java	78069da74393f79151c1490577f386785c5ac037	java	false	family.entire-source-closure	REVIEW_REQUIRED
synexia-common/src/main/java/com/synexia/common/collections/PackedLongHashSet.java	b3c2441eb6c946d60d974add4a12a2f1ba139a35	java	false	family.entire-source-closure	REVIEW_REQUIRED
synexia-common/src/main/java/com/synexia/common/collections/PackedLongHeap.java	30238e6df8a9b142412d2ce7f0b26cc5159d3cfe	java	false	family.entire-source-closure	REVIEW_REQUIRED
synexia-common/src/main/java/com/synexia/common/collections/PackedLongInlineList.java	cf31f80fd6841dc9980b0b98708283ccbb067eb6	java	false	family.entire-source-closure	REVIEW_REQUIRED
synexia-common/src/main/java/com/synexia/common/collections/PackedLongLaneHashIndex.java	6d9f6c2fa94ce7efd83d7c1407fc0f0512b5543a	java	false	family.entire-source-closure	REVIEW_REQUIRED
synexia-common/src/main/java/com/synexia/common/collections/PackedLongLaneHeapIndex.java	c63a34369ca223af61ed0e374c16ff089ae7ee5e	java	false	family.entire-source-closure	REVIEW_REQUIRED
synexia-common/src/main/java/com/synexia/common/collections/PackedLongLaneIndex.java	f2f18a0c5f3074c5d3202d12ec11d06e783ffaf4	java	false	family.entire-source-closure	REVIEW_REQUIRED
synexia-common/src/main/java/com/synexia/common/collections/PackedLongLaneSelection.java	ba717063330bbfe94acdd0119ff0f90a53734b01	java	false	family.entire-source-closure	REVIEW_REQUIRED
synexia-common/src/main/java/com/synexia/common/collections/PackedLongLaneSnapshot.java	2b4fc0d8c77b119cb2a475885d48f43f42314c04	java	false	family.entire-source-closure	REVIEW_REQUIRED
synexia-common/src/main/java/com/synexia/common/collections/PackedLongLaneSortedIndex.java	9729e0e5e3bbeb8953bd337d14439c0e428821f2	java	false	family.entire-source-closure	REVIEW_REQUIRED
synexia-common/src/main/java/com/synexia/common/collections/PackedLongLaneStore.java	bd1680a4d527598d9bd18b7c8c5034d8a9c26fbc	java	false	family.entire-source-closure	REVIEW_REQUIRED
synexia-common/src/main/java/com/synexia/common/collections/PackedLongLinearSet.java	67a9c2bc85edcb333b9902ce85c3142d5bdb8ab0	java	false	family.entire-source-closure	REVIEW_REQUIRED
synexia-common/src/main/java/com/synexia/common/collections/PackedLongLinkedList.java	9f88b1b9d7263cac24ef9c5a1483c2b89475d092	java	false	family.entire-source-closure	REVIEW_REQUIRED
synexia-common/src/main/java/com/synexia/common/collections/PackedLongList.java	27e68c73376df0d0d9374a7d756d640b9a9c3fe2	java	false	family.entire-source-closure	REVIEW_REQUIRED
synexia-common/src/main/java/com/synexia/common/collections/PackedLongLongBatchSortedMap.java	4a70383f7d2e73e00893f00e8061c4f269182beb	java	false	family.entire-source-closure	REVIEW_REQUIRED
synexia-common/src/main/java/com/synexia/common/collections/PackedLongLongBiMap.java	770551cf71aa4f08891a9749f31214beb9e3518d	java	false	family.entire-source-closure	REVIEW_REQUIRED
synexia-common/src/main/java/com/synexia/common/collections/PackedLongLongCompactHashMap.java	8bb3b7f96f36fedd71ba8f171a29e9bb6851410c	java	false	family.entire-source-closure	REVIEW_REQUIRED
synexia-common/src/main/java/com/synexia/common/collections/PackedLongLongGapSortedMap.java	91589a442f58c614994261bdac36c76f77138bd9	java	false	family.entire-source-closure	REVIEW_REQUIRED
synexia-common/src/main/java/com/synexia/common/collections/PackedLongLongHashMap.java	09e57f1cafe467945b1c777d5eef0bbd7f08cf99	java	false	family.entire-source-closure	REVIEW_REQUIRED
synexia-common/src/main/java/com/synexia/common/collections/PackedLongLongLinearMap.java	c53251233d9630c9f0b3206e617deb250ae79d00	java	false	family.entire-source-closure	REVIEW_REQUIRED
synexia-common/src/main/java/com/synexia/common/collections/PackedLongLongLruCache.java	3f4b2be64db5a9c3e9b34e6e8f6116bb109e1386	java	false	family.entire-source-closure	REVIEW_REQUIRED
synexia-common/src/main/java/com/synexia/common/collections/PackedLongLongMap.java	50d7b4c139fd74cf8bc6744a68df0abfe99e5ab1	java	false	family.entire-source-closure	REVIEW_REQUIRED
synexia-common/src/main/java/com/synexia/common/collections/PackedLongLongMultiMap.java	a15416e142cd0e034ba4bbbf6174f03c8f26d89e	java	false	family.entire-source-closure	REVIEW_REQUIRED
synexia-common/src/main/java/com/synexia/common/collections/PackedLongLongOrderedMap.java	8e9af86abc2cb28e2944c23018af5ecf19abe0b3	java	false	family.entire-source-closure	REVIEW_REQUIRED
synexia-common/src/main/java/com/synexia/common/collections/PackedLongLongPagedSortedMap.java	218ff6dd0e56cd3eb94797a30a3d927a07e33718	java	false	family.entire-source-closure	REVIEW_REQUIRED
synexia-common/src/main/java/com/synexia/common/collections/PackedLongLongQuadraticHashMap.java	3b0342660f3e3e34d8996f495b02ad3991ed77cd	java	false	family.entire-source-closure	REVIEW_REQUIRED
synexia-common/src/main/java/com/synexia/common/collections/PackedLongLongRobinHoodHashMap.java	82404e3f40b2c4fde1d68407d4ae12f2c5f107c7	java	false	family.entire-source-closure	REVIEW_REQUIRED
synexia-common/src/main/java/com/synexia/common/collections/PackedLongLongSortedMap.java	c37609d444f6a3200c018604719e2246cadc65a0	java	false	family.entire-source-closure	REVIEW_REQUIRED
synexia-common/src/main/java/com/synexia/common/collections/PackedLongLongSparseSortedMap.java	deb3e25f972ceffaa6d6e17411614bf5d8078c1c	java	false	family.entire-source-closure	REVIEW_REQUIRED
synexia-common/src/main/java/com/synexia/common/collections/PackedLongLongSwissHashMap.java	4896a9133715c6d53ccc99450e1320658ef775b4	java	false	family.entire-source-closure	REVIEW_REQUIRED
synexia-common/src/main/java/com/synexia/common/collections/PackedLongLongTable.java	170c357fb011e3312770e5d591141c63aa5313d8	java	false	family.entire-source-closure	REVIEW_REQUIRED
synexia-common/src/main/java/com/synexia/common/collections/PackedLongMinMaxHeap.java	4b46d20673f64ac7ef2e9f488c65a70d11ea8a25	java	false	family.entire-source-closure	REVIEW_REQUIRED
synexia-common/src/main/java/com/synexia/common/collections/PackedLongMinMaxWindow.java	bd9ef6fe870bbe3831da565cd497859ee06f97a8	java	false	family.entire-source-closure	REVIEW_REQUIRED
synexia-common/src/main/java/com/synexia/common/collections/PackedLongMpmcQueue.java	0737671271c904bb7c56ba143710f7e43a325767	java	false	family.entire-source-closure	REVIEW_REQUIRED
synexia-common/src/main/java/com/synexia/common/collections/PackedLongOrderedSet.java	6156e5d4936ca3178d1ba8857059cb1ae10d1f5c	java	false	family.entire-source-closure	REVIEW_REQUIRED
synexia-common/src/main/java/com/synexia/common/collections/PackedLongPagedSortedSet.java	46ca4ddf4af039e903cbc995b1dc998c2e211133	java	false	family.entire-source-closure	REVIEW_REQUIRED
synexia-common/src/main/java/com/synexia/common/collections/PackedLongPairs.java	d3f78b0c9e57eb36e707f594b509dea979b66995	java	false	family.entire-source-closure	REVIEW_REQUIRED
synexia-common/src/main/java/com/synexia/common/collections/PackedLongPowerSort.java	81d6011df1dae5c4dc86aa28524d6bfba4ab525f	java	false	family.entire-source-closure	REVIEW_REQUIRED
synexia-common/src/main/java/com/synexia/common/collections/PackedLongQuadraticHashSet.java	1e5fc45020957e0b115fffd6cbcf1cf8b367adb4	java	false	family.entire-source-closure	REVIEW_REQUIRED
synexia-common/src/main/java/com/synexia/common/collections/PackedLongRangeMap.java	f7801945161b45f3c6cee580a09e07ed6e98c0b4	java	false	family.entire-source-closure	REVIEW_REQUIRED
synexia-common/src/main/java/com/synexia/common/collections/PackedLongRangeSet.java	76262d184946ea8c3d367489c7915210f0516116	java	false	family.entire-source-closure	REVIEW_REQUIRED
synexia-common/src/main/java/com/synexia/common/collections/PackedLongRingBuffer.java	c73df12a32514f6aebf46c5c77c22a1b67d9ce17	java	false	family.entire-source-closure	REVIEW_REQUIRED
synexia-common/src/main/java/com/synexia/common/collections/PackedLongRobinHoodHashSet.java	cb2eb10d43519e3b548dd07ee6a683b7037b12a7	java	false	family.entire-source-closure	REVIEW_REQUIRED
synexia-common/src/main/java/com/synexia/common/collections/PackedLongRowIndex.java	411ffc1df3c89282f22608e1380930f43d478a67	java	false	family.entire-source-closure	REVIEW_REQUIRED
synexia-common/src/main/java/com/synexia/common/collections/PackedLongSetOps.java	0512830b2ad2fd9640888f340e3f19ad6faf048b	java	false	family.entire-source-closure	REVIEW_REQUIRED
synexia-common/src/main/java/com/synexia/common/collections/PackedLongSortUtil.java	79bc5978afcc6ddb2ee3790c6223daa15f135eb1	java	false	family.entire-source-closure	REVIEW_REQUIRED
synexia-common/src/main/java/com/synexia/common/collections/PackedLongSortedBag.java	2578a67896a8bdbdb95919302b7c8e5fac562511	java	false	family.entire-source-closure	REVIEW_REQUIRED
synexia-common/src/main/java/com/synexia/common/collections/PackedLongSortedSet.java	be9baccc01146c512ee5f62cddbce3dd08227e0b	java	false	family.entire-source-closure	REVIEW_REQUIRED
synexia-common/src/main/java/com/synexia/common/collections/PackedLongSparseSortedSet.java	0eb2141f2dc2cc804f9852bf71294f2c82d7680f	java	false	family.entire-source-closure	REVIEW_REQUIRED
synexia-common/src/main/java/com/synexia/common/collections/PackedLongSpscQueue.java	7184e5e88ecffeb4ec57b6dfc04e9d1cc03d1c8a	java	false	family.entire-source-closure	REVIEW_REQUIRED
synexia-common/src/main/java/com/synexia/common/collections/PackedLongSwissHashSet.java	3ae58669ad6cb75cc763287d41b4aa37021163cf	java	false	family.entire-source-closure	REVIEW_REQUIRED
synexia-common/src/main/java/com/synexia/common/collections/PackedLongTopK.java	799e0ef462ffda78fae231ad5850d763e6e28661	java	false	family.entire-source-closure	REVIEW_REQUIRED
synexia-common/src/main/java/com/synexia/common/collections/PackedMinMaxHeapAtoms.java	888f76b7abcc18fc5dd6333ef15600977d620f71	java	false	family.entire-source-closure	REVIEW_REQUIRED
synexia-common/src/main/java/com/synexia/common/collections/PackedMutableLongSet.java	e825946d95325e6cb33705a8872e13203a440108	java	false	family.entire-source-closure	REVIEW_REQUIRED
synexia-common/src/main/java/com/synexia/common/collections/PackedPrimitiveArrayOps.java	626e25fb7f50a89bff9e3ad3a0073c4c4310dcb3	java	false	family.entire-source-closure	REVIEW_REQUIRED
synexia-common/src/main/java/com/synexia/common/collections/PackedPrimitiveHeapSelection.java	780c2386c43d51a9c2e01719c3df0554fcf43491	java	false	family.entire-source-closure	REVIEW_REQUIRED
synexia-common/src/main/java/com/synexia/common/collections/PackedPrimitiveSetAlgebra.java	eff909e991d01810c604f3d8ad7553e6858e4847	java	false	family.entire-source-closure	REVIEW_REQUIRED
synexia-common/src/main/java/com/synexia/common/collections/PackedPrimitiveStableFilter.java	c7efb73327a005be7461fc203f571b840b9b3c46	java	false	family.entire-source-closure	REVIEW_REQUIRED
synexia-common/src/main/java/com/synexia/common/collections/PackedQuadraticProbeAtoms.java	318b158ebf622e0b42cb3ac148b25c0f3b30db0e	java	false	family.entire-source-closure	REVIEW_REQUIRED
synexia-common/src/main/java/com/synexia/common/collections/PackedRangeAtoms.java	2cf2f8497a730864bc6fee2bd6f38afd4df320b8	java	false	family.entire-source-closure	REVIEW_REQUIRED
synexia-common/src/main/java/com/synexia/common/collections/PackedRingAtoms.java	c68a230f25260cbf5a1dd96ae130755a0ec36698	java	false	family.entire-source-closure	REVIEW_REQUIRED
synexia-common/src/main/java/com/synexia/common/collections/PackedRobinHoodProbeAtoms.java	7ec16b1a1df65da84f9956bd325aac9d827aafb7	java	false	family.entire-source-closure	REVIEW_REQUIRED
synexia-common/src/main/java/com/synexia/common/collections/PackedSelectionNative.java	6ab335521a218d5a946010a2ac33d4b4b8f9af7a	java	false	family.entire-source-closure	REVIEW_REQUIRED
synexia-common/src/main/java/com/synexia/common/collections/PackedShortMinMaxHeap.java	7753c08880f735d3d9a4ea8756188ab61f39529e	java	false	family.entire-source-closure	REVIEW_REQUIRED
synexia-common/src/main/java/com/synexia/common/collections/PackedSlotLinkAtoms.java	3158ab9f9c9621052dabea302515424468494f07	java	false	family.entire-source-closure	REVIEW_REQUIRED
synexia-common/src/main/java/com/synexia/common/collections/PackedSortedPageRebalanceAtoms.java	552978ba1c0dc11871f0ee90bc77042014c857f8	java	false	family.entire-source-closure	REVIEW_REQUIRED
synexia-common/src/main/java/com/synexia/common/collections/PackedSupport.java	a7135d8123a41a949b15e5f969e78a1053c3e4c8	java	false	family.entire-source-closure	REVIEW_REQUIRED
synexia-common/src/main/java/com/synexia/common/collections/PackedSwissNative.java	17518b76ef666cf7d10611435360beea093d53e7	java	false	family.entire-source-closure	REVIEW_REQUIRED
synexia-common/src/main/java/com/synexia/common/collections/PackedSwissProbeAtoms.java	769189e1ecba07c1e3ef08680d0a4900ad39bd88	java	false	family.entire-source-closure	REVIEW_REQUIRED
synexia-common/src/main/java/com/synexia/common/collections/PackedUnsignedByteArray.java	58b459e25c3b0e004d55c89fe433886f6f78ba04	java	false	family.entire-source-closure	REVIEW_REQUIRED
synexia-common/src/main/java/com/synexia/common/collections/PairSequence.java	12c2199783b772aa2d2e8acb5fb624f1f1a8ddac	java	false	family.entire-source-closure	REVIEW_REQUIRED
synexia-common/src/main/java/com/synexia/common/collections/PrimitiveBlockingQueues.java	9815e900365f19d80c2050a2a9881bb2a613ec73	java	false	family.entire-source-closure	REVIEW_REQUIRED
synexia-common/src/main/java/com/synexia/common/collections/PrimitiveConcurrentMaps.java	44a188efa9c561a3ad4869d7f363937abdc9aaa5	java	false	family.entire-source-closure	REVIEW_REQUIRED
synexia-common/src/main/java/com/synexia/common/collections/PrimitiveConcurrentQueues.java	29428131b1005a302f7b1858165683e3c23b3ddd	java	false	family.entire-source-closure	REVIEW_REQUIRED
synexia-common/src/main/java/com/synexia/common/collections/PrimitiveConcurrentSets.java	4428a050fbe08dd996c2f12fe26b3287e913ac62	java	false	family.entire-source-closure	REVIEW_REQUIRED
synexia-common/src/main/java/com/synexia/common/collections/PrimitiveDeques.java	ac5e6b4afa372c3a48e034c03e01aeea5c52801d	java	false	family.entire-source-closure	REVIEW_REQUIRED
synexia-common/src/main/java/com/synexia/common/collections/PrimitiveMinMaxQueues.java	5df4676b027abe03b2a303b334d3d16f58bfa75e	java	false	family.entire-source-closure	REVIEW_REQUIRED
synexia-common/src/main/java/com/synexia/common/collections/PrimitivePriorityQueues.java	c7c5ce8c42e77aeb2ba5fdc94e3c7f2437c06ddc	java	false	family.entire-source-closure	REVIEW_REQUIRED
synexia-common/src/main/java/com/synexia/common/collections/PrimitiveScalarCodec.java	3324dc4796428f84f21f45bf145116f990b71ded	java	false	family.entire-source-closure	REVIEW_REQUIRED
synexia-common/src/main/java/com/synexia/common/collections/SegmentedAddress28.java	4d7629fac2a5fc13e2008570d8b62caacdd800bc	java	false	synexia.collections.SegmentedAddress28	REVIEW_REQUIRED
synexia-common/src/main/java/com/synexia/common/collections/SegmentedBitLane28.java	8932039f353507225f31dfce7c146f5165ccfc54	java	false	synexia.collections.SegmentedBitLane28	REVIEW_REQUIRED
synexia-common/src/main/java/com/synexia/common/collections/SegmentedIntLane28.java	5e71da1dd3fdc1640dc1771c952796a6c229281b	java	false	synexia.collections.SegmentedIntLane28	REVIEW_REQUIRED
synexia-common/src/main/java/com/synexia/common/collections/SegmentedLongArena28.java	e86e2a1399b7ad6f5b3e230e6155277b4e2f0259	java	false	family.entire-source-closure	REVIEW_REQUIRED
synexia-common/src/main/java/com/synexia/common/collections/SegmentedLongLane28.java	6105671f09f5a5e27147430b474719daab2b1e29	java	false	synexia.collections.SegmentedLongLane28	REVIEW_REQUIRED
synexia-common/src/main/java/com/synexia/common/collections/SegmentedLongLaneStore28.java	8059b275964c3e95e4644b2e21de8ed98f6577a0	java	false	family.entire-source-closure	REVIEW_REQUIRED
synexia-common/src/main/java/com/synexia/common/collections/SegmentedLongLinkedList28.java	8f0062338ea5d4706eac9792b8bee83946900dd6	java	false	family.entire-source-closure	REVIEW_REQUIRED
synexia-common/src/main/java/com/synexia/common/collections/SegmentedShortLane28.java	b29a5962fa46eaa480f7ddcb7de578f31b53efe3	java	false	family.entire-source-closure	REVIEW_REQUIRED
synexia-common/src/main/java/com/synexia/common/collections/SegmentedSlotAllocator28.java	7f94f20d1abea960f3608da5021f025090ece9ec	java	false	family.entire-source-closure	REVIEW_REQUIRED
synexia-common/src/main/java/com/synexia/common/collections/TopKAdmission.java	01d47430c8e54c8dbd77783987c2b1119c6f846d	java	false	family.entire-source-closure	REVIEW_REQUIRED
synexia-common/src/main/java/com/synexia/common/collections/UnsignedByteSequence.java	20ea3aae4d03db38abdf2e445f94b55432d60718	java	false	family.entire-source-closure	REVIEW_REQUIRED
synexia-common/src/main/java/com/synexia/common/collections/foss/DistanceRanking.java	8a0fe72ce955980d9495aa21ec82c4008f22dc47	java	false	family.entire-source-closure	REVIEW_REQUIRED
synexia-common/src/main/java/com/synexia/common/collections/foss/ExternalLongPairSort.java	0637b89f28a34ad1b91a84ee011c78c76dfaf1cc	java	false	family.entire-source-closure	REVIEW_REQUIRED
synexia-common/src/main/java/com/synexia/common/collections/foss/ExternalSortCommand.java	ca785e91889b61f0f9fe4353b18ce032051f662c	java	false	family.entire-source-closure	REVIEW_REQUIRED
synexia-common/src/main/java/com/synexia/common/collections/foss/ExternalSortOptions.java	4648fed3f03eb05dec8a64ab239abb3674fecff0	java	false	family.entire-source-closure	REVIEW_REQUIRED
synexia-common/src/main/java/com/synexia/common/collections/foss/FrozenLongBiMap.java	b4c60e2535e9190e3d18ae95eca532a875ae1462	java	false	family.entire-source-closure	REVIEW_REQUIRED
synexia-common/src/main/java/com/synexia/common/collections/foss/FrozenLongRangeSet.java	de72e7b48a09382dd3caca162f25e8b8b0c9190c	java	false	family.entire-source-closure	REVIEW_REQUIRED
synexia-common/src/main/java/com/synexia/common/collections/foss/FrozenLongTable.java	e02549f8b734e7cbe4d3628315bc680dd83d91c1	java	false	family.entire-source-closure	REVIEW_REQUIRED
synexia-common/src/main/java/com/synexia/common/collections/foss/IntRingDeque.java	42548e32a9f0879420bb8554500649305f3fe301	java	false	family.entire-source-closure	REVIEW_REQUIRED
synexia-common/src/main/java/com/synexia/common/collections/foss/LongKeyOrder.java	278421b855ad754a97bd6299f002f215a78ff3f3	java	false	family.entire-source-closure	REVIEW_REQUIRED
synexia-common/src/main/java/com/synexia/common/collections/foss/LongPairRun.java	015ad7a0608b20a1e28105fd66cf1dfad7fa671d	java	false	family.entire-source-closure	REVIEW_REQUIRED
synexia-common/src/main/java/com/synexia/common/collections/foss/RunHeadSelector.java	e3db1ba374fa9444eda5775e285293d0b33749ca	java	false	family.entire-source-closure	REVIEW_REQUIRED
synexia-common/src/main/java/com/synexia/common/collections/foss/StreamingDistanceTopK.java	e704a0e0f10982abc3210ba32d81a2d3cda53681	java	false	family.entire-source-closure	REVIEW_REQUIRED
synexia-common/src/main/java/com/synexia/common/collections/foss/TextDistanceRanking.java	125af82f56c492b68ef1060aa3fc9abd15b2b12d	java	false	family.entire-source-closure	REVIEW_REQUIRED
synexia-common/src/main/java/com/synexia/common/collections/jdk/LazyValueProvider.java	139a63e109a5f1abbbbd3fc553d037b593e11836	java	false	family.entire-source-closure	REVIEW_REQUIRED
synexia-common/src/main/java/com/synexia/common/collections/jdk/LockedMap.java	2642ec24858198f57f718a90a90903f689b792cb	java	false	family.entire-source-closure	REVIEW_REQUIRED
synexia-common/src/main/java/com/synexia/common/collections/jdk/LockedTreeMap.java	a24fb20532d77a6081b025e5753db23572698bd6	java	false	family.entire-source-closure	REVIEW_REQUIRED
synexia-common/src/main/java/com/synexia/common/collections/jdk/LockedTreeSet.java	8cf204a47cab8c19f49dd20f1af99121335f810a	java	false	family.entire-source-closure	REVIEW_REQUIRED
synexia-common/src/main/java/com/synexia/common/collections/jdk/OrderedSlotMap.java	27ea899e1cc26f9c3fdb413969d27d23bda0d398	java	false	family.entire-source-closure	REVIEW_REQUIRED
synexia-common/src/main/java/com/synexia/common/collections/jdk/PackedBlockingDeque.java	2c52670cd7c3384fcc97fe172ae0a4e05ac7f115	java	false	family.entire-source-closure	REVIEW_REQUIRED
synexia-common/src/main/java/com/synexia/common/collections/jdk/PackedHashMap.java	99d665440d96d94a323a85f9c4bf20347acfb593	java	false	family.entire-source-closure	REVIEW_REQUIRED
synexia-common/src/main/java/com/synexia/common/collections/jdk/PackedHashSet.java	0a5a4d26273dcae019de270631f8fe9406446c21	java	false	family.entire-source-closure	REVIEW_REQUIRED
synexia-common/src/main/java/com/synexia/common/collections/jdk/PackedJdkCollections.java	0bccd19999d40c1a4dd30cd5261457d63f4ce758	java	false	family.entire-source-closure	REVIEW_REQUIRED
synexia-common/src/main/java/com/synexia/common/collections/jdk/PackedLazyValueState.java	724e284b866b9a89bc96e0065d422717c1b3d656	java	false	family.entire-source-closure	REVIEW_REQUIRED
synexia-common/src/main/java/com/synexia/common/collections/jdk/PackedLinkedList.java	515f618689e2ba56935c31bf13bbf8562f30db0c	java	false	family.entire-source-closure	REVIEW_REQUIRED
synexia-common/src/main/java/com/synexia/common/collections/jdk/PackedTransferQueue.java	8d175aec2cd846bc4db4ab59f8157d5505935db8	java	false	family.entire-source-closure	REVIEW_REQUIRED
synexia-common/src/main/java/com/synexia/common/collections/jdk/PackedTreeMap.java	2c573a2bef1d84cce54ca15953ccf3429755af8a	java	false	family.entire-source-closure	REVIEW_REQUIRED
synexia-common/src/main/java/com/synexia/common/collections/jdk/PackedTreeSet.java	7d55c8488f3ff4c6365e0c96ac7189393ffc8c5d	java	false	family.entire-source-closure	REVIEW_REQUIRED
synexia-common/src/main/java/com/synexia/common/collections/jdk/PackedWeakMap.java	4aba72b84518bbd523433eca7c726adb87cf3cc5	java	false	family.entire-source-closure	REVIEW_REQUIRED
synexia-common/src/main/java/com/synexia/common/collections/jdk/SlotArrays.java	4fe0b5517f4f96f38876ebfe1bfd329d66def204	java	false	family.entire-source-closure	REVIEW_REQUIRED
synexia-common/src/main/java/com/synexia/common/collections/jdk/SlotMap.java	3ceabb2f939096e16562940009495484c0cf581f	java	false	family.entire-source-closure	REVIEW_REQUIRED
synexia-common/src/main/java/com/synexia/common/collections/jdk/SlotSpliterators.java	6f170346aa54d0ffcfdc1992406cc13f578b0818	java	false	family.entire-source-closure	REVIEW_REQUIRED
synexia-common/src/main/java/com/synexia/common/collections/jdk/package-info.java	ff136ea0838429ab39e994a69301507797e1a4da	java	false	family.entire-source-closure	REVIEW_REQUIRED
synexia-common/src/main/java/com/synexia/common/collections/selection/CollectionCapabilities.java	ab3c24670751b64f1ebde12318740b87292a9d62	java	false	family.entire-source-closure	REVIEW_REQUIRED
synexia-common/src/main/java/com/synexia/common/collections/selection/CollectionCoverageCatalog.java	bb1ba917072b63aaa03bad787d446ca3d05def1b	java	false	family.entire-source-closure	REVIEW_REQUIRED
synexia-common/src/main/java/com/synexia/common/collections/selection/CollectionEstimate.java	6a5c30bc13c6301e9db3cc3c040c2a330fcbef94	java	false	family.entire-source-closure	REVIEW_REQUIRED
synexia-common/src/main/java/com/synexia/common/collections/selection/CollectionFamilies.java	81270c9b8f6fdff56ad6b555d80fdbce4d32099c	java	false	family.entire-source-closure	REVIEW_REQUIRED
synexia-common/src/main/java/com/synexia/common/collections/selection/CollectionFamily.java	149e56e224a81dad1b2fe560ce82def0379514b5	java	false	family.entire-source-closure	REVIEW_REQUIRED
synexia-common/src/main/java/com/synexia/common/collections/selection/CollectionPlan.java	4320504b911a58957704764debc56c28b5545d53	java	false	family.entire-source-closure	REVIEW_REQUIRED
synexia-common/src/main/java/com/synexia/common/collections/selection/CollectionProfiles.java	b629c18d5a93fa404b0693d4163fa701e20c4118	java	false	family.entire-source-closure	REVIEW_REQUIRED
synexia-common/src/main/java/com/synexia/common/collections/selection/CollectionProvider.java	f2f0b96c3875a237e4de39685eca0ee20532dcaf	java	false	family.entire-source-closure	REVIEW_REQUIRED
synexia-common/src/main/java/com/synexia/common/collections/selection/CollectionRequest.java	968b14a1ddd13d68458f8a370629e7da4d7eed97	java	false	family.entire-source-closure	REVIEW_REQUIRED
synexia-common/src/main/java/com/synexia/common/collections/selection/ConfiguredCollectionProviders.java	6211405637bbf4fabe9bfe47b874e22e0cbb92c9	java	false	family.entire-source-closure	REVIEW_REQUIRED
synexia-common/src/main/java/com/synexia/common/collections/selection/FuzzyCollectionFactory.java	ae0e57e1264589e79ff3328dca099e6a1c0bb1e9	java	false	family.entire-source-closure	REVIEW_REQUIRED
synexia-common/src/main/java/com/synexia/common/collections/selection/LongCollectionPrograms.java	58a8ae05902f4dcf7c63b1b8510601bacfb29ffb	java	false	family.entire-source-closure	REVIEW_REQUIRED
synexia-common/src/main/java/com/synexia/common/collections/selection/PrimitiveCollectionPrograms.java	9e81a252828bdfe95d572e09fd3375eda118841e	java	false	family.entire-source-closure	REVIEW_REQUIRED
synexia-common/src/main/java/com/synexia/common/collections/selection/SpecializedCollectionCatalog.java	f0b267cd7736afb60764d811e3aaf7ead310fd7c	java	false	family.entire-source-closure	REVIEW_REQUIRED
synexia-common/src/main/java/com/synexia/common/collections/selection/StandardCollectionCatalog.java	a6cfdc79762e4feecb0907847ad10221a1f9088d	java	false	family.entire-source-closure	REVIEW_REQUIRED
synexia-common/src/main/java/com/synexia/common/collections/shapes/AbstractAddressablePriorityQueue.java	76cf80490b642b53a039febab49d69824ca2789c	java	false	family.entire-source-closure	REVIEW_REQUIRED
synexia-common/src/main/java/com/synexia/common/collections/shapes/AbstractPrefixSet.java	c8b5b82acb671c107e9598f381ed8a50e6a2ccc6	java	false	family.entire-source-closure	REVIEW_REQUIRED
synexia-common/src/main/java/com/synexia/common/collections/shapes/AbstractRankedSelection.java	ad78ead03094d51af335eba6b199aae7c0737fe8	java	false	family.entire-source-closure	REVIEW_REQUIRED
synexia-common/src/main/java/com/synexia/common/collections/shapes/AddressableProviders.java	c06aba07e96f701f93f6231647ef45da393acdf9	java	false	family.entire-source-closure	REVIEW_REQUIRED
synexia-common/src/main/java/com/synexia/common/collections/shapes/BuiltinProviders.java	c4a1c920ae756177149a0b2662a99b90353fd822	java	false	family.entire-source-closure	REVIEW_REQUIRED
synexia-common/src/main/java/com/synexia/common/collections/shapes/CandidateDecision.java	8ec84906c0a69348147a6bddda30f81890d58e4b	java	false	family.entire-source-closure	REVIEW_REQUIRED
synexia-common/src/main/java/com/synexia/common/collections/shapes/CandidateProfile.java	de62a6708eab4c9cfc14731b62e27085eb9938a2	java	false	family.entire-source-closure	REVIEW_REQUIRED
synexia-common/src/main/java/com/synexia/common/collections/shapes/CollectionAspectRequest.java	9432ffccef48c8d5336ba9ea9b8ac21a7657af1d	java	false	family.entire-source-closure	REVIEW_REQUIRED
synexia-common/src/main/java/com/synexia/common/collections/shapes/CollectionCandidate.java	b5ac3b49202bc270c1454c8d42a52572851d3977	java	false	family.entire-source-closure	REVIEW_REQUIRED
synexia-common/src/main/java/com/synexia/common/collections/shapes/CollectionFactory.java	2db60226feef38148292e1462a803e17cb566e03	java	false	family.entire-source-closure	REVIEW_REQUIRED
synexia-common/src/main/java/com/synexia/common/collections/shapes/CollectionPreferences.java	8f2bd67cf3b2ef01b9e8e410353dfc6f5e5e7d8e	java	false	family.entire-source-closure	REVIEW_REQUIRED
synexia-common/src/main/java/com/synexia/common/collections/shapes/CollectionProvider.java	871fcffca2793c00ed24b8cb44516592381de621	java	false	family.entire-source-closure	REVIEW_REQUIRED
synexia-common/src/main/java/com/synexia/common/collections/shapes/CollectionRequest.java	64838deacacd107cf17ecb3e71a79df58ca456bf	java	false	family.entire-source-closure	REVIEW_REQUIRED
synexia-common/src/main/java/com/synexia/common/collections/shapes/CollectionRequirements.java	16ac1f491229cc92217a9af8e0e289c9aec87ca0	java	false	family.entire-source-closure	REVIEW_REQUIRED
synexia-common/src/main/java/com/synexia/common/collections/shapes/CollectionSelection.java	01d0a94b1bb54b932317536b5b10aa6ed209f96d	java	false	family.entire-source-closure	REVIEW_REQUIRED
synexia-common/src/main/java/com/synexia/common/collections/shapes/FlatHashKeyStore.java	5bb2917290b83829c33a86ebea45e52bdcf58ac0	java	false	family.entire-source-closure	REVIEW_REQUIRED
synexia-common/src/main/java/com/synexia/common/collections/shapes/FlatRingStore.java	6745763889051f6f7f2a37d51c60f44063b5a358	java	false	family.entire-source-closure	REVIEW_REQUIRED
synexia-common/src/main/java/com/synexia/common/collections/shapes/FlatShapeSequence.java	027c9daf5a9d74adcd815b0058092966eda3a675	java	false	family.entire-source-closure	REVIEW_REQUIRED
synexia-common/src/main/java/com/synexia/common/collections/shapes/HandlePriorityConsumer.java	7b2d645650fd191a82b378d4013336e0f26bb2b9	java	false	family.entire-source-closure	REVIEW_REQUIRED
synexia-common/src/main/java/com/synexia/common/collections/shapes/HeapAddressablePriorityQueue.java	115dad6a5f544bd5d3a0a848c9a7cc91280756df	java	false	family.entire-source-closure	REVIEW_REQUIRED
synexia-common/src/main/java/com/synexia/common/collections/shapes/HeapRankStore.java	a6a4af0f16b80f902ad137b04c0fb69b41016b94	java	false	family.entire-source-closure	REVIEW_REQUIRED
synexia-common/src/main/java/com/synexia/common/collections/shapes/HeapRankedSelection.java	a85d2b9647ced8341b88e17fa6cf27b372a275d8	java	false	family.entire-source-closure	REVIEW_REQUIRED
synexia-common/src/main/java/com/synexia/common/collections/shapes/IndexedProviders.java	42c6724d33fefff7f559e23365487c0449157345	java	false	family.entire-source-closure	REVIEW_REQUIRED
synexia-common/src/main/java/com/synexia/common/collections/shapes/IndexedShapePriorityQueue.java	1506c70a1e21302cf8864fa84aacd3a0a6ec7092	java	false	family.entire-source-closure	REVIEW_REQUIRED
synexia-common/src/main/java/com/synexia/common/collections/shapes/IndexedShapeSequence.java	cfcc9ad1f2fd4ccf11b625b9060d8f49a883c2cc	java	false	family.entire-source-closure	REVIEW_REQUIRED
synexia-common/src/main/java/com/synexia/common/collections/shapes/KeyStore.java	62c600192d5bc3820e35d25b7ad91dc6410a7ff7	java	false	family.entire-source-closure	REVIEW_REQUIRED
synexia-common/src/main/java/com/synexia/common/collections/shapes/OrderedHashKeyStore.java	786554f78dc34d3438a6bcf563395620961dd68c	java	false	family.entire-source-closure	REVIEW_REQUIRED
synexia-common/src/main/java/com/synexia/common/collections/shapes/PrefixPaths.java	372d41e8fcd02e5769c344d0cba54c05b4d4e61f	java	false	family.entire-source-closure	REVIEW_REQUIRED
synexia-common/src/main/java/com/synexia/common/collections/shapes/PrefixResourceReducer.java	c5d22b5e477b467c49454b155902aa43d5236fb4	java	false	family.entire-source-closure	REVIEW_REQUIRED
synexia-common/src/main/java/com/synexia/common/collections/shapes/RankShapePriorityQueue.java	d4294e8fea1fb4ff40ceb1e386260f5fb2b05a92	java	false	family.entire-source-closure	REVIEW_REQUIRED
synexia-common/src/main/java/com/synexia/common/collections/shapes/RankShapeTopK.java	1b57c88c4ad213a03ddf86142f10c19e8b1d8e03	java	false	family.entire-source-closure	REVIEW_REQUIRED
synexia-common/src/main/java/com/synexia/common/collections/shapes/RankStore.java	a46c10c187c8ac70882b5e6724cc1456c2619432	java	false	family.entire-source-closure	REVIEW_REQUIRED
synexia-common/src/main/java/com/synexia/common/collections/shapes/RankedReductions.java	22ad2e98122890a609dbb58fb5a0274ce82ee62a	java	false	family.entire-source-closure	REVIEW_REQUIRED
synexia-common/src/main/java/com/synexia/common/collections/shapes/RankedSelectionResult.java	278db121411e83229fca4db91fe331abf1bb463f	java	false	family.entire-source-closure	REVIEW_REQUIRED
synexia-common/src/main/java/com/synexia/common/collections/shapes/ReductionProviders.java	7ed0794b8fb30ad8f96c64968ac1a7d6178f9015	java	false	family.entire-source-closure	REVIEW_REQUIRED
synexia-common/src/main/java/com/synexia/common/collections/shapes/RingShapeDeque.java	baaba425e3e675bca3965bbef537c8ef3fee46b1	java	false	family.entire-source-closure	REVIEW_REQUIRED
synexia-common/src/main/java/com/synexia/common/collections/shapes/RingShapeWindow.java	101f23ec1b659311e88d8d0c57198503591dcd72	java	false	family.entire-source-closure	REVIEW_REQUIRED
synexia-common/src/main/java/com/synexia/common/collections/shapes/RingStore.java	69d7f657f2422d8de39405169a04e584700288a1	java	false	family.entire-source-closure	REVIEW_REQUIRED
synexia-common/src/main/java/com/synexia/common/collections/shapes/ScanAddressablePriorityQueue.java	7fe1d1f725671acfec4c077fe723a4c7ca5c8585	java	false	family.entire-source-closure	REVIEW_REQUIRED
synexia-common/src/main/java/com/synexia/common/collections/shapes/ScanKeyStore.java	97f35b18439e3df4d040ae70cb542f0c98ab7171	java	false	family.entire-source-closure	REVIEW_REQUIRED
synexia-common/src/main/java/com/synexia/common/collections/shapes/ScanPrefixSet.java	0677b7319edd21b9de357ea9dd9b89e407302285	java	false	family.entire-source-closure	REVIEW_REQUIRED
synexia-common/src/main/java/com/synexia/common/collections/shapes/ScanRankStore.java	ef094b77c767eb91058bd60723c7cdd1707cf2ba	java	false	family.entire-source-closure	REVIEW_REQUIRED
synexia-common/src/main/java/com/synexia/common/collections/shapes/ScanRankedSelection.java	823fdd4037ba87e1bc62d5f279c98e2e93c72912	java	false	family.entire-source-closure	REVIEW_REQUIRED
synexia-common/src/main/java/com/synexia/common/collections/shapes/SegmentedHashKeyStore.java	9d91c542113e8d47ca0e83193cff26bb2aedeada	java	false	family.entire-source-closure	REVIEW_REQUIRED
synexia-common/src/main/java/com/synexia/common/collections/shapes/SegmentedObjectLane28.java	e4b40ca1aec5d197d2d548fb5341a60dbec6c9f7	java	false	family.entire-source-closure	REVIEW_REQUIRED
synexia-common/src/main/java/com/synexia/common/collections/shapes/SegmentedRingStore.java	ab40312233cf43e12c3670661aacc14c062dcfd6	java	false	family.entire-source-closure	REVIEW_REQUIRED
synexia-common/src/main/java/com/synexia/common/collections/shapes/SegmentedShapeLinkedSequence.java	973b6e840c871046b9f7978d26ae9b972d7437e6	java	false	family.entire-source-closure	REVIEW_REQUIRED
synexia-common/src/main/java/com/synexia/common/collections/shapes/SegmentedShapeSequence.java	484fee9a39ded52050d889d5ecaced364f7cf384	java	false	family.entire-source-closure	REVIEW_REQUIRED
synexia-common/src/main/java/com/synexia/common/collections/shapes/SelectedCollection.java	b5d74933dfec1d8c85cacbbdb28cf45aa4baaed7	java	false	family.entire-source-closure	REVIEW_REQUIRED
synexia-common/src/main/java/com/synexia/common/collections/shapes/SelectionCleanup.java	9e230b2634478d4fee9400ade390f1e2d05a67ce	java	false	family.entire-source-closure	REVIEW_REQUIRED
synexia-common/src/main/java/com/synexia/common/collections/shapes/SelectionDigest.java	8151c9e6b6c9e42a49a219911d154c178003f9d6	java	false	family.entire-source-closure	REVIEW_REQUIRED
synexia-common/src/main/java/com/synexia/common/collections/shapes/ShapeAddressablePriorityQueue.java	805cdf6f49cae18b57b4de49c1f3c61d8590e884	java	false	family.entire-source-closure	REVIEW_REQUIRED
synexia-common/src/main/java/com/synexia/common/collections/shapes/ShapeContainer.java	6bf0b533fa55321ce23db22292ed18b0548f961e	java	false	family.entire-source-closure	REVIEW_REQUIRED
synexia-common/src/main/java/com/synexia/common/collections/shapes/ShapeDeque.java	a73616f284482e1f1b773e2aff5944744b966bff	java	false	family.entire-source-closure	REVIEW_REQUIRED
synexia-common/src/main/java/com/synexia/common/collections/shapes/ShapeGuard.java	341e070003b6ddac195b5fe96533704934c780b5	java	false	family.entire-source-closure	REVIEW_REQUIRED
synexia-common/src/main/java/com/synexia/common/collections/shapes/ShapeLinkedSequence.java	167157d947cac1332ea4c0b2ade71f5819464692	java	false	family.entire-source-closure	REVIEW_REQUIRED
synexia-common/src/main/java/com/synexia/common/collections/shapes/ShapeMap.java	649d0892b860a836e3183b7584f18a0d61e956bf	java	false	family.entire-source-closure	REVIEW_REQUIRED
synexia-common/src/main/java/com/synexia/common/collections/shapes/ShapePrefixSet.java	c3f4b6e0fa375b76dacac297e88fc9df6cb98c29	java	false	family.entire-source-closure	REVIEW_REQUIRED
synexia-common/src/main/java/com/synexia/common/collections/shapes/ShapePriorityQueue.java	89d884da18f04ee698003d0fa0b7e32e5fc7c127	java	false	family.entire-source-closure	REVIEW_REQUIRED
synexia-common/src/main/java/com/synexia/common/collections/shapes/ShapeRankedSelection.java	e250ebc73b63474e9a8e48635dced8120a31fbb4	java	false	family.entire-source-closure	REVIEW_REQUIRED
synexia-common/src/main/java/com/synexia/common/collections/shapes/ShapeSequence.java	feeda3a86c3bd9f4e28ecc79e643fd98d4c84bbe	java	false	family.entire-source-closure	REVIEW_REQUIRED
synexia-common/src/main/java/com/synexia/common/collections/shapes/ShapeSet.java	3da09e165b2c3854c0838e039bcaf16e9b53dde5	java	false	family.entire-source-closure	REVIEW_REQUIRED
synexia-common/src/main/java/com/synexia/common/collections/shapes/ShapeStorage.java	c3df3d46600edf22104450604ce4474b0a97de6d	java	false	family.entire-source-closure	REVIEW_REQUIRED
synexia-common/src/main/java/com/synexia/common/collections/shapes/ShapeTopK.java	4774bca9a0ca3aeca8a69f33e216ee0523d936c7	java	false	family.entire-source-closure	REVIEW_REQUIRED
synexia-common/src/main/java/com/synexia/common/collections/shapes/ShapeWindow.java	2b16c00741e2f50b19df427a58e1f2ecc33e5c48	java	false	family.entire-source-closure	REVIEW_REQUIRED
synexia-common/src/main/java/com/synexia/common/collections/shapes/SortedPrefixSet.java	e78b163b86f7459fcf19aa016b735483762399ff	java	false	family.entire-source-closure	REVIEW_REQUIRED
synexia-common/src/main/java/com/synexia/common/collections/shapes/StoreShapeMap.java	b85a8888b0526cc3fc8fcd6fe19f91176ecf6d75	java	false	family.entire-source-closure	REVIEW_REQUIRED
synexia-common/src/main/java/com/synexia/common/collections/shapes/StoreShapeSet.java	c0cbc7c5f64ad44b2beb067223c60f3b4d2b587e	java	false	family.entire-source-closure	REVIEW_REQUIRED
synexia-common/src/main/java/com/synexia/common/collections/shapes/WorkloadProviders.java	6006274acbbec4c0edc1564c47f59fda3f51e6b1	java	false	family.entire-source-closure	REVIEW_REQUIRED
synexia-common/src/main/java/com/synexia/common/convergence/ConvergenceChunk.java	19413f3a41966c92af748f7574d303a6572656d2	java	false	family.entire-source-closure	REVIEW_REQUIRED
synexia-common/src/main/java/com/synexia/common/convergence/ConvergenceChunker.java	2912af1d3fc97b1ac17a45d349789a1407882a44	java	false	family.entire-source-closure	REVIEW_REQUIRED
synexia-common/src/main/java/com/synexia/common/convergence/ConvergenceConstants.java	2b1cd7ea1f7ea461311daca26b86e60892a1a8ff	java	false	family.entire-source-closure	REVIEW_REQUIRED
synexia-common/src/main/java/com/synexia/common/convergence/ConvergenceDetector.java	84803ea367b04d146a3417a17ada617111039354	java	false	family.entire-source-closure	REVIEW_REQUIRED
synexia-common/src/main/java/com/synexia/common/convergence/ConvergenceDiff.java	252a1b63d59b45dcccb59ac590ed552f19215a3e	java	false	family.entire-source-closure	REVIEW_REQUIRED
synexia-common/src/main/java/com/synexia/common/convergence/ConvergenceEvent.java	5831d510c392623b2b5c62c661e25b0654afc00a	java	false	family.entire-source-closure	REVIEW_REQUIRED
synexia-common/src/main/java/com/synexia/common/convergence/ConvergenceEventLog.java	39c29e902ad1522943b50edc4b2c78594e0ab21d	java	false	family.entire-source-closure	REVIEW_REQUIRED
synexia-common/src/main/java/com/synexia/common/convergence/ConvergenceMatcher.java	e89d8b15b5503c13a2712d274fe1003c12f7ba7f	java	false	family.entire-source-closure	REVIEW_REQUIRED
synexia-common/src/main/java/com/synexia/common/convergence/ConvergenceProjection.java	976f98c20262db8edddfa2bf7c01adf53a393fde	java	false	family.entire-source-closure	REVIEW_REQUIRED
synexia-common/src/main/java/com/synexia/common/convergence/DiffType.java	b484194a9c28a1aac9bf159e3e37fabbea88a5af	java	false	family.entire-source-closure	REVIEW_REQUIRED
synexia-common/src/main/java/com/synexia/common/convergence/DiscreteIntegralEngine.java	7e62708bd09c48662616823b3fd4c74be5e1859c	java	false	family.entire-source-closure	REVIEW_REQUIRED
synexia-common/src/main/java/com/synexia/common/convergence/FluidRecall.java	41bc21c2c205c57e51c6a1b3f8003ed7af7939b3	java	false	family.entire-source-closure	REVIEW_REQUIRED
synexia-common/src/main/java/com/synexia/common/convergence/PassExecutor.java	325a4c65b4b714660d7b3d2ff95d8f6e7bdaace2	java	false	family.entire-source-closure	REVIEW_REQUIRED
synexia-common/src/main/java/com/synexia/common/convergence/PassMetrics.java	1a17f1af102029334005eb71a1645d165d329daf	java	false	family.entire-source-closure	REVIEW_REQUIRED
synexia-common/src/main/java/com/synexia/common/convergence/TextSmoother.java	0b2d4d9c3aabbc9c19ab069ffb5fe7ab52444cc2	java	false	family.entire-source-closure	REVIEW_REQUIRED
synexia-common/src/main/java/com/synexia/common/convergence/package-info.java	8d5f50c2059771d8430faddd6cbd4a54403c3f0a	java	false	family.entire-source-closure	REVIEW_REQUIRED
synexia-common/src/main/java/com/synexia/common/extracted/CommonImports.java	2fe14f2b8af81fea8541717cdfdd5b085756918d	java	false	family.entire-source-closure	REVIEW_REQUIRED
synexia-common/src/main/java/com/synexia/common/extracted/ExtractedConstants.java	fcb9a41d2aebbe613f887790ef5e2c93644dbabe	java	false	family.entire-source-closure	REVIEW_REQUIRED
synexia-common/src/main/java/com/synexia/common/extracted/ExtractedUtils.java	8eb3d635de0be5910900c5bc59b6de134224e20f	java	false	family.entire-source-closure	REVIEW_REQUIRED
synexia-common/src/main/java/com/synexia/common/io/DiffResult.java	6376bf101a04fd8407a200910cb50ac554a5bbe2	java	false	family.entire-source-closure	REVIEW_REQUIRED
synexia-common/src/main/java/com/synexia/common/io/IndexDiff.java	c5e541b1f23ef5e6038d00f3ef21f588619fb3a5	java	false	family.entire-source-closure	REVIEW_REQUIRED
synexia-common/src/main/java/com/synexia/common/io/KeyExtractor.java	4a87ebd631f95fa3b629797fd529b6767e1dce3f	java	false	family.entire-source-closure	REVIEW_REQUIRED
synexia-common/src/main/java/com/synexia/common/io/LazyRowEntry.java	8c2f4a64f393b639e58ab2eeeb57b23d3c29b8b4	java	false	family.entire-source-closure	REVIEW_REQUIRED
synexia-common/src/main/java/com/synexia/common/io/Line.java	2359999ec59a208add1bb8956c8ace55e053df2e	java	false	family.entire-source-closure	REVIEW_REQUIRED
synexia-common/src/main/java/com/synexia/common/io/PageSource.java	07c547b9a1c724447698bf4038f89a40e49bd039	java	false	family.entire-source-closure	REVIEW_REQUIRED
synexia-common/src/main/java/com/synexia/common/io/PagedTraversal.java	7148b804f779e59443fa8a8154b151dc7f829a97	java	false	family.entire-source-closure	REVIEW_REQUIRED
synexia-common/src/main/java/com/synexia/common/io/RowIndexEntry.java	56fefc05d260fc660aad4e2c29436f79919a249f	java	false	family.entire-source-closure	REVIEW_REQUIRED
synexia-common/src/main/java/com/synexia/common/io/SnapshotDelta.java	7df4114f0f84739418340ec2e5d8960f141d75fd	java	false	family.entire-source-closure	REVIEW_REQUIRED
synexia-common/src/main/java/com/synexia/common/io/SnapshotDiff.java	8161e1b7cb835165e5cf7e5e3acccef95732f7a7	java	false	family.entire-source-closure	REVIEW_REQUIRED
synexia-common/src/main/java/com/synexia/common/io/SnapshotIdentity.java	fa8c5b410ef8da4193cdc290ee7c90b6526663b1	java	false	family.entire-source-closure	REVIEW_REQUIRED
synexia-common/src/main/java/com/synexia/common/io/SnapshotMetadata.java	91856c6ae953be238d8bcdc2336d001e6fd1b853	java	false	family.entire-source-closure	REVIEW_REQUIRED
synexia-common/src/main/java/com/synexia/common/io/UUIDKeyExtractor.java	73e66da4343841003eb4a93684c3c7708e57515a	java	false	family.entire-source-closure	REVIEW_REQUIRED
synexia-common/src/main/java/com/synexia/common/language/FrozenIndexStringPool.java	bada0c044aaeb7e10b6a48bffdb773f2d1e30b32	java	false	family.entire-source-closure	REVIEW_REQUIRED
synexia-common/src/main/java/com/synexia/common/language/FrozenIntIntMap.java	fb8b2ea7fcc958745633ff670281888ceea42dd4	java	false	family.entire-source-closure	REVIEW_REQUIRED
synexia-common/src/main/java/com/synexia/common/language/FrozenIntTranslationTable.java	221531ae66ad2eb04776b38d8f440877597c098b	java	false	family.entire-source-closure	REVIEW_REQUIRED
synexia-common/src/main/java/com/synexia/common/language/FrozenStringIndex.java	c94ea618509d6381f395d6c90095e1b13ff797d7	java	false	family.entire-source-closure	REVIEW_REQUIRED
synexia-common/src/main/java/com/synexia/common/language/GlobalLexicon.java	2206d5e467e20889ec73d7a88b9851716e57c1ce	java	false	family.entire-source-closure	REVIEW_REQUIRED
synexia-common/src/main/java/com/synexia/common/language/IndexPhraseTable.java	a06f5493c9ac07de3f881dbef701c72255141eb9	java	false	family.entire-source-closure	REVIEW_REQUIRED
synexia-common/src/main/java/com/synexia/common/language/IndexString.java	8c156b3b395b564cc793a8f8d8172d5e778e423f	java	false	family.entire-source-closure	REVIEW_REQUIRED
synexia-common/src/main/java/com/synexia/common/language/IndexStringAccelerators.java	55c81147a68ed2712ebb1ac4aec386965a6a2386	java	false	family.entire-source-closure	REVIEW_REQUIRED
synexia-common/src/main/java/com/synexia/common/language/IndexStringBatchAccelerator.java	a4095cfd80aa35acf2891166cb2a77e2ae3a0dcf	java	false	family.entire-source-closure	REVIEW_REQUIRED
synexia-common/src/main/java/com/synexia/common/language/IndexStringBitSet.java	3fec7eeb7d142a8e0f871488289eb2d0ece10cd6	java	false	family.entire-source-closure	REVIEW_REQUIRED
synexia-common/src/main/java/com/synexia/common/language/IndexStringBitSignature.java	43ef2143543e56424ce9303ae2cb8a7abb39d252	java	false	family.entire-source-closure	REVIEW_REQUIRED
synexia-common/src/main/java/com/synexia/common/language/IndexStringBits.java	9054b1a9d77ef154306a37af8576c794332d1b99	java	false	family.entire-source-closure	REVIEW_REQUIRED
synexia-common/src/main/java/com/synexia/common/language/IndexStringBuilder.java	c556b91551f79aeaea9a2a4891d0c40827633ed6	java	false	family.entire-source-closure	REVIEW_REQUIRED
synexia-common/src/main/java/com/synexia/common/language/IndexStringByteMap.java	c96eb6322359a3a70f29ba069f286f864d96ef0a	java	false	family.entire-source-closure	REVIEW_REQUIRED
synexia-common/src/main/java/com/synexia/common/language/IndexStringCharSequence.java	2bd693bc9a11ca5b770d03c5f42bb0a2639db853	java	false	family.entire-source-closure	REVIEW_REQUIRED
synexia-common/src/main/java/com/synexia/common/language/IndexStringChunks.java	25abf25bf23d9ca89e824c98f576c1f96e146525	java	false	family.entire-source-closure	REVIEW_REQUIRED
synexia-common/src/main/java/com/synexia/common/language/IndexStringCodec.java	62f362db34f6690b6231bd2f0e4d59c6164c479e	java	false	family.entire-source-closure	REVIEW_REQUIRED
synexia-common/src/main/java/com/synexia/common/language/IndexStringCollection.java	5afcc5ad6c57f09170f35d352536dc0493a020f7	java	false	family.entire-source-closure	REVIEW_REQUIRED
synexia-common/src/main/java/com/synexia/common/language/IndexStringHash.java	0d5890cfc93762c1e985354fa774714887904eba	java	false	family.entire-source-closure	REVIEW_REQUIRED
synexia-common/src/main/java/com/synexia/common/language/IndexStringIdList.java	24568ffe380074b681f91c24c7375a0ace1bb235	java	false	family.entire-source-closure	REVIEW_REQUIRED
synexia-common/src/main/java/com/synexia/common/language/IndexStringIdSet.java	fa054f3054a5c82f97b6546fef91464fcdd8e922	java	false	family.entire-source-closure	REVIEW_REQUIRED
synexia-common/src/main/java/com/synexia/common/language/IndexStringJoiner.java	adf532a3a36a9a46f160c9e66163a38d77df1f8d	java	false	family.entire-source-closure	REVIEW_REQUIRED
synexia-common/src/main/java/com/synexia/common/language/IndexStringLongMap.java	95726d46fcd0117d7063e8d750bce07622b50ed0	java	false	family.entire-source-closure	REVIEW_REQUIRED
synexia-common/src/main/java/com/synexia/common/language/IndexStringMapper.java	8076ebfb947b78aa12c294c81d70cee3885b7b54	java	false	family.entire-source-closure	REVIEW_REQUIRED
synexia-common/src/main/java/com/synexia/common/language/IndexStringNGrams.java	e9f5e11d519c09c2b1136295e79b3b5c860da8e0	java	false	family.entire-source-closure	REVIEW_REQUIRED
synexia-common/src/main/java/com/synexia/common/language/IndexStringObjectMap.java	c878a0f785f62efe1200fa19a380871d5539101c	java	false	family.entire-source-closure	REVIEW_REQUIRED
synexia-common/src/main/java/com/synexia/common/language/IndexStringPattern.java	955700e5ed7a72d6128e5a3b66cd6ea96a226f25	java	false	family.entire-source-closure	REVIEW_REQUIRED
synexia-common/src/main/java/com/synexia/common/language/IndexStringPool.java	632635aa932ffd9e48ddd7eabae25bd849b717f3	java	false	family.entire-source-closure	REVIEW_REQUIRED
synexia-common/src/main/java/com/synexia/common/language/IndexStringRef.java	bc8b89efb064d96d5c92233ba32321342afda89a	java	false	family.entire-source-closure	REVIEW_REQUIRED
synexia-common/src/main/java/com/synexia/common/language/IndexStringRegex.java	ef31dc21b0ab42b2be9733bc7684d28fb9e1aaf1	java	false	family.entire-source-closure	REVIEW_REQUIRED
synexia-common/src/main/java/com/synexia/common/language/IndexStringSimilarity.java	07aa43f7e2973639a4af26a92b6665fe3b994311	java	false	family.entire-source-closure	REVIEW_REQUIRED
synexia-common/src/main/java/com/synexia/common/language/IndexStringSpace.java	57bd593f73bbd10fb06f33a22139126549063c89	java	false	family.entire-source-closure	REVIEW_REQUIRED
synexia-common/src/main/java/com/synexia/common/language/IndexStringStream.java	30d29d3dfbbb953840c9cf8c4aed52dc4daa39c3	java	false	family.entire-source-closure	REVIEW_REQUIRED
synexia-common/src/main/java/com/synexia/common/language/IndexStringTuple.java	ab1dfa2e5f845706ed318a8202960663d8734232	java	false	family.entire-source-closure	REVIEW_REQUIRED
synexia-common/src/main/java/com/synexia/common/language/IndexStringTupleBuffer.java	e8f0638d759ecccd364ea4b9e84f38226aa4435a	java	false	family.entire-source-closure	REVIEW_REQUIRED
synexia-common/src/main/java/com/synexia/common/language/IndexStringUtf16Boundaries.java	bab045cf1353769179413a47860fe0df909ab048	java	false	family.entire-source-closure	REVIEW_REQUIRED
synexia-common/src/main/java/com/synexia/common/language/IndexedStringHash.java	95482d64dbd912a9d319d5eb0eea508d448dbf41	java	false	family.entire-source-closure	REVIEW_REQUIRED
synexia-common/src/main/java/com/synexia/common/language/IndexedStringOps.java	facf886ca54e4206f739cf18ba34ecba78ccbb15	java	false	family.entire-source-closure	REVIEW_REQUIRED
synexia-common/src/main/java/com/synexia/common/language/InternedParagraph.java	153864103782cebfddcc4f6705159e147bab07d8	java	false	family.entire-source-closure	REVIEW_REQUIRED
synexia-common/src/main/java/com/synexia/common/language/JoinedMindexString.java	52c8396aec93f154da63dcf1db8670878ec9ccb0	java	false	family.entire-source-closure	REVIEW_REQUIRED
synexia-common/src/main/java/com/synexia/common/language/LanguageCatalog.java	086e848884fadb4f8263f7e6dd4d4ba207442b43	java	false	family.entire-source-closure	REVIEW_REQUIRED
synexia-common/src/main/java/com/synexia/common/language/LanguageDictionary.java	ed1f96a3fc86c5df28d8e635efa9eda4a33c2a83	java	false	family.entire-source-closure	REVIEW_REQUIRED
synexia-common/src/main/java/com/synexia/common/language/LexiconRuntime.java	e4235023be78eb23b4b506c9f7ab35555f5dba75	java	false	family.entire-source-closure	REVIEW_REQUIRED
synexia-common/src/main/java/com/synexia/common/language/MatIndexString.java	388360034cae65cc9409dc7f4e429dc0a00f7364	java	true	family.entire-source-closure	REVIEW_REQUIRED
synexia-common/src/main/java/com/synexia/common/language/MatIndexStringBuilder.java	213b51974d73c355d29599ef586b8174ef71d324	java	true	family.entire-source-closure	REVIEW_REQUIRED
synexia-common/src/main/java/com/synexia/common/language/MatIndexStringChunks.java	4fcaba9d7737d96eabd29ffe96806a2a8a114064	java	true	family.entire-source-closure	REVIEW_REQUIRED
synexia-common/src/main/java/com/synexia/common/language/MatIndexStringCollection.java	820ab6267ea803a37d3e108ce60e687c00615a78	java	true	family.entire-source-closure	REVIEW_REQUIRED
synexia-common/src/main/java/com/synexia/common/language/MatIndexStringJoiner.java	c059b59018d1b049b203087a6008870089e017f5	java	true	family.entire-source-closure	REVIEW_REQUIRED
synexia-common/src/main/java/com/synexia/common/language/MatIndexStringMapper.java	0a4d9e2ed1fc52f7aaee69a5857a5c42321e746d	java	true	family.entire-source-closure	REVIEW_REQUIRED
synexia-common/src/main/java/com/synexia/common/language/MatIndexStringPool.java	7a14b234389e9d54bf4a72506fd0011f9706c43c	java	true	family.entire-source-closure	REVIEW_REQUIRED
synexia-common/src/main/java/com/synexia/common/language/MatIndexStringRef.java	3948e1135422a1173fef03e65731ec1318a4e82c	java	true	family.entire-source-closure	REVIEW_REQUIRED
synexia-common/src/main/java/com/synexia/common/language/MatIndexStringRegex.java	95c142498e3c47c648efd11fe7971c7eac20b6b5	java	true	family.entire-source-closure	REVIEW_REQUIRED
synexia-common/src/main/java/com/synexia/common/language/MatIndexStringStream.java	5ff052257265d7893ba8b75a001ab84b5524341c	java	true	family.entire-source-closure	REVIEW_REQUIRED
synexia-common/src/main/java/com/synexia/common/language/MatIndexStringTuple.java	385437a80d00f27971a8851cba8e46f877b323f9	java	true	family.entire-source-closure	REVIEW_REQUIRED
synexia-common/src/main/java/com/synexia/common/language/MatIndexedStringOps.java	edc3e27ed900d508aa34f0ef4d282e6860e9eb2c	java	true	family.entire-source-closure	REVIEW_REQUIRED
synexia-common/src/main/java/com/synexia/common/language/MindexAvailabilityMask.java	72d9a289fcd5b303bccf72cdc740e8f0bce339eb	java	false	family.entire-source-closure	REVIEW_REQUIRED
synexia-common/src/main/java/com/synexia/common/language/MindexByteSpace.java	b5e4cf3736bb2c9456a7eeaaa97d0222b1f65201	java	false	family.entire-source-closure	REVIEW_REQUIRED
synexia-common/src/main/java/com/synexia/common/language/MindexByteStream.java	5c12430b93c39ba7be0f54f6c5dffc5ace9df2ed	java	false	family.entire-source-closure	REVIEW_REQUIRED
synexia-common/src/main/java/com/synexia/common/language/MindexCharArraySequence.java	686b165709ca13ccec625d6eab1a3c5ad571f322	java	false	family.entire-source-closure	REVIEW_REQUIRED
synexia-common/src/main/java/com/synexia/common/language/MindexCharArrayView.java	5d42192c67d74e8f6f7c35f3ed7735d8cb350c70	java	false	family.entire-source-closure	REVIEW_REQUIRED
synexia-common/src/main/java/com/synexia/common/language/MindexDecisionEngine.java	4bd67ce1d77fe744e867763862a1e6968352609c	java	false	family.entire-source-closure	REVIEW_REQUIRED
synexia-common/src/main/java/com/synexia/common/language/MindexFile.java	aea6a3874328732b149f65c709f178cd0741af04	java	false	family.entire-source-closure	REVIEW_REQUIRED
synexia-common/src/main/java/com/synexia/common/language/MindexFileEventVerifier.java	fad69caee9388d89ff183f31d5f723c1eba40883	java	false	family.entire-source-closure	REVIEW_REQUIRED
synexia-common/src/main/java/com/synexia/common/language/MindexFilePayloadWriter.java	fee9948e547461996fdd355d69a0ef07a910e5c8	java	false	family.entire-source-closure	REVIEW_REQUIRED
synexia-common/src/main/java/com/synexia/common/language/MindexFileProjection.java	e13db787d4dc65936bdf4f658944923ed7d8181b	java	false	family.entire-source-closure	REVIEW_REQUIRED
synexia-common/src/main/java/com/synexia/common/language/MindexFileReader.java	bab110fb41baacfc8cb1c74fd993471b9b57c7da	java	false	family.entire-source-closure	REVIEW_REQUIRED
synexia-common/src/main/java/com/synexia/common/language/MindexFlatStringSegments.java	bb979a1b229a0676221c79d5e75fa407caab756a	java	false	family.entire-source-closure	REVIEW_REQUIRED
synexia-common/src/main/java/com/synexia/common/language/MindexJoinedStringSegments.java	3887521b54bc47b745c2ed228d991ec513b9a1a8	java	false	family.entire-source-closure	REVIEW_REQUIRED
synexia-common/src/main/java/com/synexia/common/language/MindexMappedPublication.java	c296d33d08cc4d0a9353c382d296949a3568a01f	java	false	family.entire-source-closure	REVIEW_REQUIRED
synexia-common/src/main/java/com/synexia/common/language/MindexMappedStringStore.java	51ecb663d1b505367dd32ba34164db5895714c11	java	false	family.entire-source-closure	REVIEW_REQUIRED
synexia-common/src/main/java/com/synexia/common/language/MindexMaskedCharSequence.java	3753f9906943e96c1ee0d878fc083ff122a8b1af	java	false	family.entire-source-closure	REVIEW_REQUIRED
synexia-common/src/main/java/com/synexia/common/language/MindexMaskedString.java	14bf26d3e52752664759fd677cca0e5c1dcbd359	java	false	family.entire-source-closure	REVIEW_REQUIRED
synexia-common/src/main/java/com/synexia/common/language/MindexPrefixCounts.java	697c0161728af38e8137e1f8314edb28b98dd0d4	java	false	family.entire-source-closure	REVIEW_REQUIRED
synexia-common/src/main/java/com/synexia/common/language/MindexSegmentConcat.java	d8b28fce17b142b456dea07ba6a59f25438f7ccb	java	false	family.entire-source-closure	REVIEW_REQUIRED
synexia-common/src/main/java/com/synexia/common/language/MindexSegmentCursor.java	1e61b042a61dfaf2e5bf415c6374806103b08859	java	false	family.entire-source-closure	REVIEW_REQUIRED
synexia-common/src/main/java/com/synexia/common/language/MindexSlidingWindow.java	8259fdf0811a001d1f98b774367b782eb04746a1	java	false	family.entire-source-closure	REVIEW_REQUIRED
synexia-common/src/main/java/com/synexia/common/language/MindexSpellIndex.java	1e5dca05e8de96e181ed66052fce4c05bc66b93a	java	false	family.entire-source-closure	REVIEW_REQUIRED
synexia-common/src/main/java/com/synexia/common/language/MindexString.java	12c8163032d500c1299968c12a343363b6076fc1	java	false	family.entire-source-closure	REVIEW_REQUIRED
synexia-common/src/main/java/com/synexia/common/language/MindexStringBuilder.java	912e83706b7ed7a1c7b2a31072a5eb40b5ee3d29	java	false	family.entire-source-closure	REVIEW_REQUIRED
synexia-common/src/main/java/com/synexia/common/language/MindexStringCollection.java	671eb315831449886a9de90d3d36ab4405715b65	java	false	family.entire-source-closure	REVIEW_REQUIRED
synexia-common/src/main/java/com/synexia/common/language/MindexStringPool.java	c98a28440e6ca4a222b5538b43148b5eb4fccfb9	java	false	family.entire-source-closure	REVIEW_REQUIRED
synexia-common/src/main/java/com/synexia/common/language/MindexStringRef.java	531e4b52b542bc9dd78435238e4cd504fd7416e8	java	false	family.entire-source-closure	REVIEW_REQUIRED
synexia-common/src/main/java/com/synexia/common/language/MindexStringSegments.java	f821610bbfb7cb398f9960f1726bb6fec5e4c56c	java	false	family.entire-source-closure	REVIEW_REQUIRED
synexia-common/src/main/java/com/synexia/common/language/MindexStringStorage.java	90fcde730f968d4529b6f9f4e0946fff10e3884f	java	false	family.entire-source-closure	REVIEW_REQUIRED
synexia-common/src/main/java/com/synexia/common/language/MindexStringView.java	c51b4582a34874825f76a16ebe5ec6956195487a	java	false	family.entire-source-closure	REVIEW_REQUIRED
synexia-common/src/main/java/com/synexia/common/language/MindexTokenDigestIndex.java	63a92a0e5e3b9ef91667f324d0273202a8a11d56	java	false	family.entire-source-closure	REVIEW_REQUIRED
synexia-common/src/main/java/com/synexia/common/language/MindexTokenFrequency.java	b7f3957313e1b7b3ad1929b0087dce48124dd7f3	java	false	family.entire-source-closure	REVIEW_REQUIRED
synexia-common/src/main/java/com/synexia/common/language/MindexTokenHashIndex.java	c063115da51fba9319b3718568d2408ba9728b4a	java	false	family.entire-source-closure	REVIEW_REQUIRED
synexia-common/src/main/java/com/synexia/common/language/MindexTokenWindowState.java	45772ca3fa5519298b36b4612f044f1d7047b75b	java	false	family.entire-source-closure	REVIEW_REQUIRED
synexia-common/src/main/java/com/synexia/common/language/MindexTranslationIndex.java	997af79689c4767dc8a2447a29ac8a99fff0b23e	java	false	family.entire-source-closure	REVIEW_REQUIRED
synexia-common/src/main/java/com/synexia/common/language/MindexTwoPointers.java	615789b90c1ff1d518797f655f73c3eefc1dc114	java	false	family.entire-source-closure	REVIEW_REQUIRED
synexia-common/src/main/java/com/synexia/common/language/MindexUtf16File.java	d7e0109cceae237e9ab30b649f0d997d55e6d265	java	false	family.entire-source-closure	REVIEW_REQUIRED
synexia-common/src/main/java/com/synexia/common/language/PureJavaIndexStringAccelerator.java	beb67dfdd03855241194c22ab4deef82c196d7c7	java	false	family.entire-source-closure	REVIEW_REQUIRED
synexia-common/src/main/java/com/synexia/common/lazy/AlertException.java	f526e46f042ec7840c37668ab13a7e3840284b57	java	false	family.entire-source-closure	REVIEW_REQUIRED
synexia-common/src/main/java/com/synexia/common/lazy/BatchProcessor.java	292944db8ed44f1ccb81a37905e06956b64f935e	java	false	family.entire-source-closure	REVIEW_REQUIRED
synexia-common/src/main/java/com/synexia/common/lazy/CaffeineLazy.java	4a1908d2a033ac5c388295dd9758b58aae8966ae	java	false	family.entire-source-closure	REVIEW_REQUIRED
synexia-common/src/main/java/com/synexia/common/lazy/ChronicleMapLazy.java	72103e04f4ebe3dd202939850e2a20234273351f	java	false	family.entire-source-closure	REVIEW_REQUIRED
synexia-common/src/main/java/com/synexia/common/lazy/CoalescingRingBuffer.java	97846cddc352a1b63b786c32f5df8ee62b4b5db4	java	false	family.entire-source-closure	REVIEW_REQUIRED
synexia-common/src/main/java/com/synexia/common/lazy/FopBridge.java	224736cf0ece4d96aeaff9ff8b185f07492f235c	java	false	family.entire-source-closure	REVIEW_REQUIRED
synexia-common/src/main/java/com/synexia/common/lazy/ICoalescingBuffer.java	104166861fee84e03489aaac7466bf2f82943fef	java	false	family.entire-source-closure	REVIEW_REQUIRED
synexia-common/src/main/java/com/synexia/common/lazy/ISequenceBarrier.java	b200aa38aeaef5b6b5a4ef5a76c31c90b55cbd1c	java	false	family.entire-source-closure	REVIEW_REQUIRED
synexia-common/src/main/java/com/synexia/common/lazy/IWaitStrategy.java	ddd512cef58c7157b247090b926e8772c4eba29c	java	false	family.entire-source-closure	REVIEW_REQUIRED
synexia-common/src/main/java/com/synexia/common/lazy/Lazy.java	9db7ef9bb2331f0156d3632a5db600482919c188	java	false	family.entire-source-closure	REVIEW_REQUIRED
synexia-common/src/main/java/com/synexia/common/lazy/LazyFtp.java	35e30a05f6e5e22ed3345d488b94e7b0b8b47ff0	java	false	family.entire-source-closure	REVIEW_REQUIRED
synexia-common/src/main/java/com/synexia/common/lazy/LazyHash.java	6973a9299d1c6f61424d415d34dca907ad93fbe9	java	false	family.entire-source-closure	REVIEW_REQUIRED
synexia-common/src/main/java/com/synexia/common/lazy/LazyIndex.java	8e7322ebf80d54c654a933a507bbfc92e997df29	java	false	family.entire-source-closure	REVIEW_REQUIRED
synexia-common/src/main/java/com/synexia/common/lazy/LazyOps.java	a5db4b37d8bae050a33f5936d0d996fe3c9de006	java	false	family.entire-source-closure	REVIEW_REQUIRED
synexia-common/src/main/java/com/synexia/common/lazy/LazyPool.java	8e8c7d2c4b7b4a7e32f5d43d081e5223eeb7dfed	java	false	family.entire-source-closure	REVIEW_REQUIRED
synexia-common/src/main/java/com/synexia/common/lazy/LazyRingBuffer.java	9bcc69d0301af8afff7f40c7a3c4129a309150e0	java	false	family.entire-source-closure	REVIEW_REQUIRED
synexia-common/src/main/java/com/synexia/common/lazy/MappedLazy.java	cc212ce4d8cde17a3b3fa82ee700e4e7e2cd75a5	java	false	family.entire-source-closure	REVIEW_REQUIRED
synexia-common/src/main/java/com/synexia/common/lazy/ScatterGatherIO.java	ee3a4e32c202654b5854de0d5f06eabfd18ef280	java	false	family.entire-source-closure	REVIEW_REQUIRED
synexia-common/src/main/java/com/synexia/common/lazy/SequenceBarrier.java	f7bfa9232be275bc0da47855c5ee017b4ce94c2e	java	false	family.entire-source-closure	REVIEW_REQUIRED
synexia-common/src/main/java/com/synexia/common/lazy/SoftLazy.java	ec5141ae2be6eefb1d1b3dafcb44c2e074fbf1bd	java	false	family.entire-source-closure	REVIEW_REQUIRED
synexia-common/src/main/java/com/synexia/common/lazy/SoftLazyIndex.java	f5c8d7f55fec656eda2803cde42d41257977d1f6	java	false	family.entire-source-closure	REVIEW_REQUIRED
synexia-common/src/main/java/com/synexia/common/lazy/StateWord.java	991c714bda603ff6f8ff9b2ef475b23bf896ce37	java	false	family.entire-source-closure	REVIEW_REQUIRED
synexia-common/src/main/java/com/synexia/common/lazy/WaitStrategies.java	9ebb89ce24426ccb2b9345dbbcfe0fd7aea07ff2	java	false	family.entire-source-closure	REVIEW_REQUIRED
synexia-common/src/main/java/com/synexia/common/lazy/WeakLazy.java	b0692c64a97abdc835cd3141bf525ec04ccccb63	java	false	family.entire-source-closure	REVIEW_REQUIRED
synexia-common/src/main/java/com/synexia/common/lazy/event/LazyEventBits.java	ef0ebd1f26d49f01b7176006950ae8360e728c67	java	false	family.entire-source-closure	REVIEW_REQUIRED
synexia-common/src/main/java/com/synexia/common/lazy/event/LazyEventGranularity.java	d5c2b0a71f47bf397cbf76edd43db097969857c9	java	false	family.entire-source-closure	REVIEW_REQUIRED
synexia-common/src/main/java/com/synexia/common/lazy/event/LazyEventPolicy.java	0f1434a9d0c4974d2e9d4daa218e0ee2f0433010	java	false	family.entire-source-closure	REVIEW_REQUIRED
synexia-common/src/main/java/com/synexia/common/lazy/event/LazyEventSink.java	9eadea9bde80dd1d7a86fd23b4cb97b9786938cf	java	false	family.entire-source-closure	REVIEW_REQUIRED
synexia-common/src/main/java/com/synexia/common/lazy/event/LazyEventSource.java	8fb34c9283f11e0db0a752480fbd196ee79b5c48	java	false	family.entire-source-closure	REVIEW_REQUIRED
synexia-common/src/main/java/com/synexia/common/lazy/event/LazyEvents.java	109c4f0fd3d7726debded3f1d8dd81284dacdc1e	java	false	family.entire-source-closure	REVIEW_REQUIRED
synexia-common/src/main/java/com/synexia/common/lazy/event/LazyOperation.java	f21bd420edb755356165eabc9bbbb9266048a87c	java	false	family.entire-source-closure	REVIEW_REQUIRED
synexia-common/src/main/java/com/synexia/common/lifecycle/LockManager.java	e3ed2790a6c9f22c947d41b00c434bbf841b1124	java	false	family.entire-source-closure	REVIEW_REQUIRED
synexia-common/src/main/java/com/synexia/common/package-info.java	f468b09e6467be8f842197b27b58f834abf399e4	java	false	family.entire-source-closure	REVIEW_REQUIRED
synexia-common/src/main/java/com/synexia/common/progress/ChildProgressMonitor.java	3909723ae02d81a27e5a6056fe8cfacd82042840	java	false	family.entire-source-closure	REVIEW_REQUIRED
synexia-common/src/main/java/com/synexia/common/progress/DefaultProgressMonitor.java	7dd9cc7b2a810eaa8ba946aec0b94e124a667def	java	false	family.entire-source-closure	REVIEW_REQUIRED
synexia-common/src/main/java/com/synexia/common/progress/ProgressAdapters.java	3a26ac8d7a86bc608e75745871b465d93ebcd5bb	java	false	family.entire-source-closure	REVIEW_REQUIRED
synexia-common/src/main/java/com/synexia/common/progress/ProgressMonitor.java	7457acbf97423af4d8405ebd3efabd224f7373fa	java	false	family.entire-source-closure	REVIEW_REQUIRED
synexia-common/src/main/java/com/synexia/common/progress/ProgressScope.java	8bdfd5c6b82deb8eaaf521e12ed5230ccf7ed8b2	java	false	family.entire-source-closure	REVIEW_REQUIRED
synexia-common/src/main/java/com/synexia/common/progress/ProgressState.java	87b14cb9a32f6d6c0f53441aaeedfab9333826cf	java	false	family.entire-source-closure	REVIEW_REQUIRED
synexia-common/src/main/java/com/synexia/common/progress/SystemProgress.java	98d95d576dc7d5d548389fd83a53a574b8ec440c	java	false	family.entire-source-closure	REVIEW_REQUIRED
synexia-common/src/main/java/com/synexia/common/relationbits/CustomerFormRelationBits.java	9ed3862adc9ad1109332d7a2419380bb62f4e52e	java	false	family.entire-source-closure	REVIEW_REQUIRED
synexia-common/src/main/java/com/synexia/common/relationbits/PackedFeaturePosition.java	d2381442812afceefbcfe935902b457c0bc697a0	java	false	family.entire-source-closure	REVIEW_REQUIRED
synexia-common/src/main/java/com/synexia/common/relationbits/PackedPositionLayout.java	1435f3ca8f7c3d5a96f0547112a673b6bac9b3e4	java	false	family.entire-source-closure	REVIEW_REQUIRED
synexia-common/src/main/java/com/synexia/common/relationbits/PackedRelationEdges.java	328c8a9119c3a5e1f13f7110ec103ad9cc63040c	java	false	family.entire-source-closure	REVIEW_REQUIRED
synexia-common/src/main/java/com/synexia/common/relationbits/PackedRelationalMachine.java	27f593f9342eed2c4d1dc3af4ccbf3c57d665141	java	false	family.entire-source-closure	REVIEW_REQUIRED
synexia-common/src/main/java/com/synexia/common/relationbits/PackedRelationalMachine64.java	76b1b2a44bdbf21f7e4a6031f49eec8c9f621d2f	java	false	family.entire-source-closure	REVIEW_REQUIRED
synexia-common/src/main/java/com/synexia/common/relationbits/PackedWordBits.java	a9ba0b7e3da5559a0769a2c699a4a52089224f5c	java	false	family.entire-source-closure	REVIEW_REQUIRED
synexia-common/src/main/java/com/synexia/common/relationbits/RelationBits.java	69de1dc9680080154fea6e81042fa97cdfc9ecba	java	false	family.entire-source-closure	REVIEW_REQUIRED
synexia-common/src/main/java/com/synexia/common/relationbits/RelationalBitMachine.java	ba5dc6f8181cd2683ad391868a2e4f5b90e7e300	java	false	family.entire-source-closure	REVIEW_REQUIRED
synexia-common/src/main/java/com/synexia/common/semantic/PackedActionAdmissionUseCase.java	d3ceefbd4e243d1d4a11689ceb5f9c60dadd39d0	java	false	family.entire-source-closure	REVIEW_REQUIRED
synexia-common/src/main/java/com/synexia/common/semantic/PackedRelationMatrix.java	1d07f08dc3d9e9f566cb1ec709bf6a89a2770358	java	false	family.entire-source-closure	REVIEW_REQUIRED
synexia-common/src/main/java/com/synexia/common/semantic/PackedRuleProgram.java	cbcba906e791d067ead9e0e32e28d5a695e68423	java	false	family.entire-source-closure	REVIEW_REQUIRED
synexia-common/src/main/java/com/synexia/common/semantic/PackedSemanticMachine.java	47a793e91df5e9736f43c1f747e24fe04a91c9b8	java	false	family.entire-source-closure	REVIEW_REQUIRED
synexia-common/src/main/java/com/synexia/common/semantic/PackedSemanticMasks.java	452161256f10b50fafcd0833c6c45787f815d7d2	java	false	family.entire-source-closure	REVIEW_REQUIRED
synexia-common/src/main/java/com/synexia/common/semantic/PackedSemanticState.java	75360d86ba9518658583f1a1a119799273090171	java	false	family.entire-source-closure	REVIEW_REQUIRED
synexia-common/src/main/java/com/synexia/common/semantic/PackedU8.java	097bade99f9be61f6f05658f3bf483600361720a	java	false	family.entire-source-closure	REVIEW_REQUIRED
synexia-common/src/main/java/com/synexia/common/semantic/package-info.java	3a4f5bc61590950b245540c0dfeaea501830c4e9	java	false	family.entire-source-closure	REVIEW_REQUIRED
synexia-common/src/main/java/com/synexia/common/tools/AbstractTool.java	7b8c2fe4a8f1a8731e3e4861a6a366db57044362	java	false	family.entire-source-closure	REVIEW_REQUIRED
synexia-common/src/main/java/com/synexia/common/tools/ITool.java	b1c1854b170c5ebdc465af9607ba9f204a737627	java	false	family.entire-source-closure	REVIEW_REQUIRED
synexia-common/src/main/java/com/synexia/common/tools/ToolRegistry.java	ce85837925e667cd9d7a333d8ebf066c280f0be1	java	false	family.entire-source-closure	REVIEW_REQUIRED
synexia-common/src/main/java/com/synexia/common/tools/UnixFileOps.java	81b4259e8378820d3cc0f0fe686466749b4f1505	java	false	family.entire-source-closure	REVIEW_REQUIRED
synexia-common/src/main/java/com/synexia/common/tools/UnixGrep.java	0d0c1be4bb63c417b32a299d6810975e73a52505	java	false	family.entire-source-closure	REVIEW_REQUIRED
synexia-common/src/main/java/com/synexia/common/tools/UnixPipe.java	b6c9565fe417ac15ce96968cefd0ad23c6d0ff2e	java	false	family.entire-source-closure	REVIEW_REQUIRED
synexia-common/src/main/java/com/synexia/common/tools/UnixSortOps.java	c5dcce0a58a92b21d110079799d1fb2cb1e329b1	java	false	family.entire-source-closure	REVIEW_REQUIRED
synexia-common/src/main/java/com/synexia/common/tools/UnixTextOps.java	813c81b611397351cfbf6fc5c4deb46e6f13671c	java	false	family.entire-source-closure	REVIEW_REQUIRED
synexia-common/src/main/java/com/synexia/common/tools/UnixTools.java	db6c10c42e71cd2f3597c8499999d880427eef32	java	false	family.entire-source-closure	REVIEW_REQUIRED
synexia-common/src/main/java/com/synexia/common/utils/BatchProcessorOps.java	415ab97351a81fa6f2cbfa67fa3f01c026c74e7b	java	false	family.entire-source-closure	REVIEW_REQUIRED
synexia-common/src/main/java/com/synexia/common/utils/BitOps.java	d824db79ab2c5d74d4a4f0ae434ef8da36ff1ec7	java	false	family.entire-source-closure	REVIEW_REQUIRED
synexia-common/src/main/java/com/synexia/common/utils/BuilderOps.java	5d348e9f8bbc053c6ef5e630ddef8d6513ea478b	java	false	family.entire-source-closure	REVIEW_REQUIRED
synexia-common/src/main/java/com/synexia/common/utils/CLIOps.java	ed350693fea945dc2a4213c7ce3040f559be30d3	java	false	family.entire-source-closure	REVIEW_REQUIRED
synexia-common/src/main/java/com/synexia/common/utils/CacheLineOps.java	dbf6f8339d45c7ba718ef98f5b229a08bb8e206b	java	false	family.entire-source-closure	REVIEW_REQUIRED
synexia-common/src/main/java/com/synexia/common/utils/ClassOps.java	57a06a9946fcb7539c7bb00faf263dd46d35141a	java	false	family.entire-source-closure	REVIEW_REQUIRED
synexia-common/src/main/java/com/synexia/common/utils/CodeExtractOps.java	496df817500d974e5688c4129715aaf11d41aa84	java	false	family.entire-source-closure	REVIEW_REQUIRED
synexia-common/src/main/java/com/synexia/common/utils/CollectionFactories.java	32d598a55fc77ad5cbb193e684ea9358256382e8	java	false	family.entire-source-closure	REVIEW_REQUIRED
synexia-common/src/main/java/com/synexia/common/utils/CollectionOps.java	3861c1428b4953c1730d6634e3e9585be735ae3a	java	false	family.entire-source-closure	REVIEW_REQUIRED
synexia-common/src/main/java/com/synexia/common/utils/CollectorOps.java	59042060f99111b80bfb965b435be25410e37546	java	false	family.entire-source-closure	REVIEW_REQUIRED
synexia-common/src/main/java/com/synexia/common/utils/CompactStringOps.java	b9549cfee7412d924e14df6d512767adfd438908	java	false	family.entire-source-closure	REVIEW_REQUIRED
synexia-common/src/main/java/com/synexia/common/utils/ConsoleOps.java	b70fbec306b2de553234fdafa3391e09cd35d074	java	false	family.entire-source-closure	REVIEW_REQUIRED
synexia-common/src/main/java/com/synexia/common/utils/ConvertOps.java	7c2181381cb8e5230679061c41ca43c4e65704c4	java	false	family.entire-source-closure	REVIEW_REQUIRED
synexia-common/src/main/java/com/synexia/common/utils/CoreOps.java	f62b4c55f11578b8163bd9389313b48e98d059cc	java	false	family.entire-source-closure	REVIEW_REQUIRED
synexia-common/src/main/java/com/synexia/common/utils/CsvOps.java	36d71badbd81803b9b6a6a4528f530c820cb5d67	java	false	family.entire-source-closure	REVIEW_REQUIRED
synexia-common/src/main/java/com/synexia/common/utils/DateOps.java	ace5ce38630c64cd4084d8d972d90e3fb4b84fba	java	false	family.entire-source-closure	REVIEW_REQUIRED
synexia-common/src/main/java/com/synexia/common/utils/DigestOps.java	8d1e90e012037bd11e9e2a994d7cbaefba00927e	java	false	family.entire-source-closure	REVIEW_REQUIRED
synexia-common/src/main/java/com/synexia/common/utils/EventOps.java	2ace810bca189c0e89472c4cfbae56dbbcd1f8f5	java	false	family.entire-source-closure	REVIEW_REQUIRED
synexia-common/src/main/java/com/synexia/common/utils/ExceptionOps.java	4632e26e0536084f7899001695666a16a2a1c568	java	false	family.entire-source-closure	REVIEW_REQUIRED
synexia-common/src/main/java/com/synexia/common/utils/FormatOps.java	ad1cdfd6c1cff1359af8ef4b8532fba6df8be328	java	false	family.entire-source-closure	REVIEW_REQUIRED
synexia-common/src/main/java/com/synexia/common/utils/FunctionalOps.java	810077b2f1236bdc7d8b6035c99911b866c37104	java	false	family.entire-source-closure	REVIEW_REQUIRED
synexia-common/src/main/java/com/synexia/common/utils/FunctionalResult.java	05968f4fe2f0ce31b9bb8033239981aa5081195a	java	false	family.entire-source-closure	REVIEW_REQUIRED
synexia-common/src/main/java/com/synexia/common/utils/FunctionalWrapOps.java	01cbb9d1dd7336de4cb9723e8a62115f0e2e7f18	java	false	family.entire-source-closure	REVIEW_REQUIRED
synexia-common/src/main/java/com/synexia/common/utils/HashOps.java	3ca34c4fe0c19308b84b4aa93bbd63a3f5bd7019	java	false	family.entire-source-closure	REVIEW_REQUIRED
synexia-common/src/main/java/com/synexia/common/utils/HttpOps.java	e9ae02e78b45fe30eb27abe69bad69809692a97c	java	false	family.entire-source-closure	REVIEW_REQUIRED
synexia-common/src/main/java/com/synexia/common/utils/IoOps.java	829a247d706feaafce9647c9927b3ce36d71822c	java	false	family.entire-source-closure	REVIEW_REQUIRED
synexia-common/src/main/java/com/synexia/common/utils/JsonOps.java	1b93f205fd67a394bdc2617ff57d92127e04272a	java	false	family.entire-source-closure	REVIEW_REQUIRED
synexia-common/src/main/java/com/synexia/common/utils/LambdaOps.java	7f9161d6c4c1e4524ec9bc804bb065374974c7b5	java	false	family.entire-source-closure	REVIEW_REQUIRED
synexia-common/src/main/java/com/synexia/common/utils/LanguageSpec.java	27fa69f256e551e50b18b0fcfc78b3f81ffbe7a1	java	false	family.entire-source-closure	REVIEW_REQUIRED
synexia-common/src/main/java/com/synexia/common/utils/LanguageSpecRegistry.java	a7faa79ef1c3b000e30e1056f6d76257510b3bb6	java	false	family.entire-source-closure	REVIEW_REQUIRED
synexia-common/src/main/java/com/synexia/common/utils/LexerSpecOps.java	cb9ae847009e66cb460a9bd8f64c4990bc5ad13e	java	false	family.entire-source-closure	REVIEW_REQUIRED
synexia-common/src/main/java/com/synexia/common/utils/ListenerSupport.java	3d90dcd3911f15753cfaf43dc73aba014f86b07e	java	false	family.entire-source-closure	REVIEW_REQUIRED
synexia-common/src/main/java/com/synexia/common/utils/LogOps.java	3cd4a01685fa05ec4650b01cdf19da0ed7c4d171	java	false	family.entire-source-closure	REVIEW_REQUIRED
synexia-common/src/main/java/com/synexia/common/utils/LuceneOps.java	75ea7cb2bfc2a51c834c516898e0d874f5d55055	java	false	family.entire-source-closure	REVIEW_REQUIRED
synexia-common/src/main/java/com/synexia/common/utils/MapOps.java	54af399d84c9f64bcc50757c5e96854d881130e7	java	false	family.entire-source-closure	REVIEW_REQUIRED
synexia-common/src/main/java/com/synexia/common/utils/MemoryBarrierOps.java	a128a340cba67f2ce0c655d32f45714a793f1422	java	false	family.entire-source-closure	REVIEW_REQUIRED
synexia-common/src/main/java/com/synexia/common/utils/MethodRefs.java	20246865d0a7586f095a5ff51719d339c5641263	java	false	family.entire-source-closure	REVIEW_REQUIRED
synexia-common/src/main/java/com/synexia/common/utils/MmapQueueOps.java	5d346e01f2c195844d321509e0669f0a875d5885	java	false	family.entire-source-closure	REVIEW_REQUIRED
synexia-common/src/main/java/com/synexia/common/utils/NullOps.java	b917bc0ce2b1024ad113a1f6ed71e691b8f6e487	java	false	family.entire-source-closure	REVIEW_REQUIRED
synexia-common/src/main/java/com/synexia/common/utils/ObjectOps.java	955608416fa8465b677045b1e5896c71f0f2b74a	java	false	family.entire-source-closure	REVIEW_REQUIRED
synexia-common/src/main/java/com/synexia/common/utils/Ops.java	b7719122f63386b73b09ff8f739513ccaabebc1a	java	false	family.entire-source-closure	REVIEW_REQUIRED
synexia-common/src/main/java/com/synexia/common/utils/PowerOfTwoOps.java	fdc260e92c79ac061d68abbef50c72806deb4f1f	java	false	family.entire-source-closure	REVIEW_REQUIRED
synexia-common/src/main/java/com/synexia/common/utils/Processor.java	05ce3375f7ea06c16417ebef6c44f07877aea59f	java	false	family.entire-source-closure	REVIEW_REQUIRED
synexia-common/src/main/java/com/synexia/common/utils/Progress.java	f61e6504ccb95d8c183d4f830e6c8a2a582d3fca	java	false	family.entire-source-closure	REVIEW_REQUIRED
synexia-common/src/main/java/com/synexia/common/utils/RateLimiter.java	6b29b66e3269438e069ba99b9a40412bc30da5ad	java	false	family.entire-source-closure	REVIEW_REQUIRED
synexia-common/src/main/java/com/synexia/common/utils/ReflectionOps.java	541914a116634adc1a0658356f80dc67da7c8ace	java	false	family.entire-source-closure	REVIEW_REQUIRED
synexia-common/src/main/java/com/synexia/common/utils/RegexOps.java	0dc37e51bdb804ecd60400e355d66f93e26ef695	java	false	family.entire-source-closure	REVIEW_REQUIRED
synexia-common/src/main/java/com/synexia/common/utils/Results.java	0c1047d08e0e19c7d129304985b0eafa24fb5b99	java	false	family.entire-source-closure	REVIEW_REQUIRED
synexia-common/src/main/java/com/synexia/common/utils/SafeOps.java	57879ddb26c0a5befdd1681edc42ba79153ee78a	java	false	family.entire-source-closure	REVIEW_REQUIRED
synexia-common/src/main/java/com/synexia/common/utils/StatsOps.java	2a119ad880144ce6f25d1911ddc625d8aaa334a5	java	false	family.entire-source-closure	REVIEW_REQUIRED
synexia-common/src/main/java/com/synexia/common/utils/Stopwatch.java	6340b86280885e9d0e2c64726ccc84b198bddcaa	java	false	family.entire-source-closure	REVIEW_REQUIRED
synexia-common/src/main/java/com/synexia/common/utils/StreamAggregates.java	96a3cc4e96c29f2a4d3dacbba682492132788d12	java	false	family.entire-source-closure	REVIEW_REQUIRED
synexia-common/src/main/java/com/synexia/common/utils/StreamCollectors.java	11322d1f9ac0c7dd89e84783022d68e05e7de942	java	false	family.entire-source-closure	REVIEW_REQUIRED
synexia-common/src/main/java/com/synexia/common/utils/StreamOps.java	492460eeb1f187bb12b3e488d1768721c36be3b5	java	false	family.entire-source-closure	REVIEW_REQUIRED
synexia-common/src/main/java/com/synexia/common/utils/StreamSequences.java	2778315449c231a1c0a533ea0e74090e8c587d5e	java	false	family.entire-source-closure	REVIEW_REQUIRED
synexia-common/src/main/java/com/synexia/common/utils/StringOps.java	d198205704b194a863bd8d067e4900cb88a98711	java	false	family.entire-source-closure	REVIEW_REQUIRED
synexia-common/src/main/java/com/synexia/common/utils/StringOps.java.tmop	66f2a1a25d7b2c296d618ce7e8bef92423a6ef6d	resource	false	family.entire-source-closure	REVIEW_REQUIRED
synexia-common/src/main/java/com/synexia/common/utils/SystemOps.java	9b57e3c5e164e5254fbe5eeaa7dc28aee30c42a0	java	false	family.entire-source-closure	REVIEW_REQUIRED
synexia-common/src/main/java/com/synexia/common/utils/TextOps.java	00b8955b42b85a0eceade8a463f7819b20b699a8	java	false	family.entire-source-closure	REVIEW_REQUIRED
synexia-common/src/main/java/com/synexia/common/utils/ThreadOps.java	51e0d8450e7f3d8786ff7c28e77bf3b8b5932d8e	java	false	family.entire-source-closure	REVIEW_REQUIRED
synexia-common/src/main/java/com/synexia/common/utils/TimePackerOps.java	f7caec50f30cd3886a2cd049a540fbaec69406e2	java	false	family.entire-source-closure	REVIEW_REQUIRED
synexia-common/src/main/java/com/synexia/common/utils/TimingOps.java	f747a8771b3dada55672d4a3a1220847a3b165a0	java	false	family.entire-source-closure	REVIEW_REQUIRED
synexia-common/src/main/java/com/synexia/common/utils/TokenIdentityScope.java	419f1b9e506db8941f8141525ce12952feaaabad	java	false	family.entire-source-closure	REVIEW_REQUIRED
synexia-common/src/main/java/com/synexia/common/utils/TokenInterner.java	432d0b6da0c39289a51f0a2ad2c356a3f366e484	java	false	family.entire-source-closure	REVIEW_REQUIRED
synexia-common/src/main/java/com/synexia/common/utils/ToolArgOps.java	5c6363afb88fe1cfeb5cae7701690d5ec494ff35	java	false	family.entire-source-closure	REVIEW_REQUIRED
synexia-common/src/main/java/com/synexia/common/utils/Transformer.java	5d47daf44af1d96bebaf5bd1b47578ec031abdbd	java	false	family.entire-source-closure	REVIEW_REQUIRED
synexia-common/src/main/java/com/synexia/common/utils/ValidationOps.java	75234831b01f3a0d6e8f07b6f25270275c911987	java	false	family.entire-source-closure	REVIEW_REQUIRED
synexia-common/src/main/java/com/synexia/common/utils/ValidationOps.java.tmop	7afd1627f212738209413dc392576c5edfedd437	resource	false	family.entire-source-closure	REVIEW_REQUIRED
synexia-common/src/main/java/com/synexia/common/utils/VarHandleOps.java	74a7e97ebac1db5e9ae68d0b3a4da373fe4b8035	java	false	family.entire-source-closure	REVIEW_REQUIRED
synexia-common/src/main/java/com/synexia/common/utils/varhandle/AtomicLongRef.java	bef6a63613c897d96681a8b5023eb18161486919	java	false	family.entire-source-closure	REVIEW_REQUIRED
synexia-common/src/main/java/com/synexia/common/utils/varhandle/AtomicRef.java	0ae82d2f2e64a3e008bbf4e2e7b54e779ff9ca88	java	false	family.entire-source-closure	REVIEW_REQUIRED
synexia-common/src/main/java/com/synexia/common/utils/varhandle/LazyBytes.java	b82d59f4390502ac7b83ce4912f83e32868bcc49	java	false	family.entire-source-closure	REVIEW_REQUIRED
synexia-common/src/main/java/com/synexia/common/utils/varhandle/LazyLong.java	f5d0cd7164c8a257bafaaf031a873c38f13bbfb0	java	false	family.entire-source-closure	REVIEW_REQUIRED
synexia-common/src/main/java/com/synexia/common/utils/varhandle/LazyRef.java	cef1238a09509190c297087175d0d7d2f7c8bd73	java	false	family.entire-source-closure	REVIEW_REQUIRED
synexia-common/src/main/java/com/synexia/common/utils/varhandle/PaddedAtomicLong.java	82ac23298220916d459469983af7a1a04ce7700e	java	false	family.entire-source-closure	REVIEW_REQUIRED
synexia-common/src/main/java/com/synexia/common/utils/varhandle/package-info.java	698184aa0fc34ff7d164001f97c0b3570a3de2f4	java	false	family.entire-source-closure	REVIEW_REQUIRED
synexia-common/src/main/java/com/synexia/common/validation/CollectionValidator.java	486421e702c818bc4a6ccb81ea88c5eddc47e154	java	false	family.entire-source-closure	REVIEW_REQUIRED
synexia-common/src/main/java/com/synexia/common/validation/HashValidator.java	dd93e1d9fe82554c80f2cec775373298d12d9197	java	false	family.entire-source-closure	REVIEW_REQUIRED
synexia-common/src/main/java/com/synexia/common/validation/NumericValidator.java	5c1dde444f0fb722270405f3dbb07ee32be7ce27	java	false	family.entire-source-closure	REVIEW_REQUIRED
synexia-common/src/main/java/com/synexia/common/validation/StringValidator.java	64f5abef992e0d0db932e2183aaa99cf0c3497ca	java	false	family.entire-source-closure	REVIEW_REQUIRED
synexia-common/src/main/java/com/synexia/common/validation/ValidationExamples.java	5ab797157fcbfd5d57a386846b1943272f6d1be3	java	false	family.entire-source-closure	REVIEW_REQUIRED
synexia-common/src/main/java/com/synexia/common/validation/package-info.java	90e561a4708329aa4e52f781bc4f0d0b81de43ab	java	false	family.entire-source-closure	REVIEW_REQUIRED
synexia-common/src/main/native/collections/packed_array_bulk.c	ec5f6abe8ba392ad3b04c9f82fd31882a2735484	native	false	family.entire-source-closure	REVIEW_REQUIRED
synexia-common/src/main/native/collections/packed_heap_selection.c	0e73a23f85b3330d9f2070a25e36dc6c8830f6f8	native	false	family.entire-source-closure	REVIEW_REQUIRED
synexia-common/src/main/native/collections/packed_selection_jni.h	ea029ad19580356385d3bcf45cb203555c8366ee	native	false	family.entire-source-closure	REVIEW_REQUIRED
synexia-common/src/main/native/collections/packed_sorted_sets.c	0a25a1d2022440c78e732a2178faede281b89e2e	native	false	family.entire-source-closure	REVIEW_REQUIRED
synexia-common/src/main/native/collections/packed_stable_filter.c	5b2d9966a78c0e4e1f2acf9084e02816b16c7b89	native	false	family.entire-source-closure	REVIEW_REQUIRED
synexia-common/src/main/native/collections/packed_swiss_probe_jni.c	d40ae1f860417d361b63418f5df98ea827a0e004	native	false	family.entire-source-closure	REVIEW_REQUIRED
synexia-common/src/main/native/collections/segmented_bit_lane.c	1ee8509cdd05a7edcfc732b3c5947dd78b30ce3a	native	false	synexia.collections.SegmentedBitLane28	REVIEW_REQUIRED
synexia-common/src/main/native/collections/segmented_short_lane.c	50f86efa53a4229ddd1aa43bccbb77bb45161cf4	native	false	family.entire-source-closure	REVIEW_REQUIRED
synexia-common/src/main/resources/lang-specs.yaml	3ae533e5347104a20de2a61b0dc40186f98bbb3b	resource	false	family.entire-source-closure	REVIEW_REQUIRED
synexia-common/verification/lazy-tree-values/recipe/fixtures/preimage/synexia-common/src/main/java/com/synexia/common/collections/jdk/PackedTreeMap.java	4c1e4bfc0bb34b6024908ac318e8e7ac36eac443	java	false	family.entire-source-closure	REVIEW_REQUIRED
synexia-common/verification/lazy-tree-values/recipe/postimages/synexia-common/src/main/java/com/synexia/common/collections/jdk/LazyValueProvider.java	8932621576d4ff6a9594f5108c4ca7ee28819249	java	false	family.entire-source-closure	REVIEW_REQUIRED
synexia-common/verification/lazy-tree-values/recipe/postimages/synexia-common/src/main/java/com/synexia/common/collections/jdk/PackedLazyValueState.java	c5c013e51543b70defed8a4249b16db27ce02c06	java	false	family.entire-source-closure	REVIEW_REQUIRED
synexia-common/verification/lazy-tree-values/recipe/postimages/synexia-common/src/main/java/com/synexia/common/collections/jdk/PackedTreeMap.java	bd6decb67dad06f21f009cf7caaf08d4b0245ba1	java	false	family.entire-source-closure	REVIEW_REQUIRED
synexia-common/verification/primitive-minmax/performance/src/main/java/com/synexia/common/collections/benchmark/FootprintAgent.java	ef675cc58ae95be1ba941934408eadb1770678ab	java	false	family.entire-source-closure	REVIEW_REQUIRED
synexia-common/verification/primitive-minmax/performance/src/main/java/com/synexia/common/collections/benchmark/MinMaxComparison.java	e8cfc7d4e44bf6ceef45bce884c0ffb6c2ab8671	java	false	family.entire-source-closure	REVIEW_REQUIRED
synexia-index-precompute-adapters/src/main/java/com/synexia/precompute/adapters/AdapterHashes.java	9a8d58a67e5d43e2bcb624991914c665e29b6c6d	java	false	family.entire-source-closure	REVIEW_REQUIRED
synexia-index-precompute-adapters/src/main/java/com/synexia/precompute/adapters/DictLangFacet.java	b6e0703aa8a9ab63330e9a04e7a7406172750e82	java	false	family.entire-source-closure	REVIEW_REQUIRED
synexia-index-precompute-adapters/src/main/java/com/synexia/precompute/adapters/DictLangLexicalSnapshot.java	7bdc0abb251f357f9a42b79255b30d6afaca41aa	java	false	family.entire-source-closure	REVIEW_REQUIRED
synexia-index-precompute-adapters/src/main/java/com/synexia/precompute/adapters/DictLangPrecomputeProvider.java	844cc4ce99c5115c58be4e281f7f9a85731a742d	java	false	family.entire-source-closure	REVIEW_REQUIRED
synexia-index-precompute-adapters/src/main/java/com/synexia/precompute/adapters/ExistingOwnerFacet.java	9136635d26b395ffab921015a3fe40eb80b4eeaf	java	false	family.entire-source-closure	REVIEW_REQUIRED
synexia-index-precompute-adapters/src/main/java/com/synexia/precompute/adapters/LangDexDomainPrecomputeProvider.java	cbf8ab88ec61f375d6e83ac82130bd94d5909b6f	java	false	family.entire-source-closure	REVIEW_REQUIRED
synexia-index-precompute-adapters/src/main/java/com/synexia/precompute/adapters/LangDexProjectionFacet.java	9bad42193e65f11e08b8293b948aceee8c330395	java	false	family.entire-source-closure	REVIEW_REQUIRED
synexia-index-precompute-adapters/src/main/java/com/synexia/precompute/adapters/LangDexProjectionPrecomputeProvider.java	95054240edc60de0427c46f4ab7c1a9a6ccd66c6	java	false	family.entire-source-closure	REVIEW_REQUIRED
synexia-index-precompute-adapters/src/main/java/com/synexia/precompute/adapters/LangDexProjectionSnapshot.java	eb0a5a00532dcb23522bf8d3b92a64c0a5c95761	java	false	family.entire-source-closure	REVIEW_REQUIRED
synexia-index-precompute-adapters/src/main/java/com/synexia/precompute/adapters/MatIndexFrozenOwnerPrecomputeProvider.java	76a8bc562d12c410e41878b65f12c5892143000a	java	true	family.entire-source-closure	REVIEW_REQUIRED
synexia-index-precompute-adapters/src/main/java/com/synexia/precompute/adapters/MatIndexPoolFacet.java	2a2ca6cc963983ef4ce88b8a458f0812edacd8e5	java	true	family.entire-source-closure	REVIEW_REQUIRED
synexia-index-precompute-adapters/src/main/java/com/synexia/precompute/adapters/MatIndexPoolPrecomputeProvider.java	a3e50dc7661b25ed4b8aa7848b91678ead2088d8	java	true	family.entire-source-closure	REVIEW_REQUIRED
synexia-index-precompute-adapters/src/main/java/com/synexia/precompute/adapters/MatIndexPoolSnapshot.java	f1b47404730d9cf756c8982b9e5791985e6062ac	java	true	family.entire-source-closure	REVIEW_REQUIRED
synexia-index-precompute-adapters/src/main/java/com/synexia/precompute/adapters/UnicodeXConceptFacet.java	94ff0c7a9df9d6543cad1511f4d4cd9c253bb736	java	false	family.entire-source-closure	REVIEW_REQUIRED
synexia-index-precompute-adapters/src/main/java/com/synexia/precompute/adapters/UnicodeXConceptPrecomputeProvider.java	01f8c3eeb67ed5250b503d675c3afbb468a04522	java	false	family.entire-source-closure	REVIEW_REQUIRED
synexia-index-precompute-adapters/src/main/java/com/synexia/precompute/adapters/UnicodeXConceptSnapshot.java	7d82e0b768cbacd4ae285120001886210e061faf	java	false	family.entire-source-closure	REVIEW_REQUIRED
synexia-index-precompute-adapters/src/main/resources/META-INF/services/com.synexia.precompute.IndexPrecomputeProvider	e8fb0061cf4328ee81e149258334c0a552d29ddf	resource	false	family.entire-source-closure	REVIEW_REQUIRED
synexia-index-precompute-adapters/tools/langdex-tlouooiaci-precompute-recipe/fixtures/preimage/synexia-index-precompute-adapters/src/main/java/com/synexia/precompute/adapters/LangDexProjectionSnapshot.java	97c76d4e5ae37661d681b728996f758a5d47b220	java	false	family.entire-source-closure	REVIEW_REQUIRED
synexia-index-precompute-adapters/tools/semantic-snapshot-recipe/fixtures/preimage/synexia-index-precompute-adapters/src/main/java/com/synexia/precompute/adapters/AdapterHashes.java	eac140660614083edf4adf128aed9aab53ea3654	java	false	family.entire-source-closure	REVIEW_REQUIRED
synexia-index-precompute-adapters/tools/semantic-snapshot-recipe/fixtures/preimage/synexia-index-precompute-adapters/src/main/java/com/synexia/precompute/adapters/LangDexProjectionSnapshot.java	687ef00221d0e87f34e5d4cfdd0acce6f7502814	java	false	family.entire-source-closure	REVIEW_REQUIRED
synexia-index-precompute-adapters/tools/semantic-snapshot-recipe/fixtures/preimage/synexia-index-precompute-adapters/src/main/java/com/synexia/precompute/adapters/UnicodeXConceptSnapshot.java	24138568da473037fbe92718c84ff5b1ca47558d	java	false	family.entire-source-closure	REVIEW_REQUIRED
synexia-index-precompute-adapters/tools/semantic-snapshot-recipe/fixtures/preimage/synexia-unicodex/src/main/java/com/synexia/unicodex/anchor/ConceptRegistry.java	41dc577c063146d06799851aa8faee3687427591	java	false	family.entire-source-closure	REVIEW_REQUIRED
synexia-index-precompute/src/main/java/com/synexia/precompute/CartesianIdeaSource.java	ec772126aed69f013ff09dc4a28df254c5c9f004	java	false	family.entire-source-closure	REVIEW_REQUIRED
synexia-index-precompute/src/main/java/com/synexia/precompute/ConceptProjectionImage.java	8a27fdb919aca8e34ea25abd7db2b050f0cb71e8	java	false	family.entire-source-closure	REVIEW_REQUIRED
synexia-index-precompute/src/main/java/com/synexia/precompute/ConceptProjectionView.java	695c65c6ec9a38d96ed317df493434414772a3ed	java	false	family.entire-source-closure	REVIEW_REQUIRED
synexia-index-precompute/src/main/java/com/synexia/precompute/ExactSignedInt128Product.java	a3218a254552aa87742c5f501436f1724506ae66	java	false	family.entire-source-closure	REVIEW_REQUIRED
synexia-index-precompute/src/main/java/com/synexia/precompute/FileIdeaCatalog.java	e40210927e418c79ea5d0986cdaab9c517f2e2cd	java	false	family.entire-source-closure	REVIEW_REQUIRED
synexia-index-precompute/src/main/java/com/synexia/precompute/FllDcimIdeaProjection.java	5a59503b11221f0f82a6b8689e2c3b8e42edd304	java	false	family.entire-source-closure	REVIEW_REQUIRED
synexia-index-precompute/src/main/java/com/synexia/precompute/FllDcimVocabularyFacet.java	194e8a48a6d1164596093fd709f9ba70ae988ad7	java	false	family.entire-source-closure	REVIEW_REQUIRED
synexia-index-precompute/src/main/java/com/synexia/precompute/FllDcimVocabularyIndex.java	e2a7e9f7fef9f2d9bad20202a66df47597e06a07	java	false	family.entire-source-closure	REVIEW_REQUIRED
synexia-index-precompute/src/main/java/com/synexia/precompute/FllDcimVocabularyProvider.java	f23268d4575d40400765aa6c57505ffb96d0ee48	java	false	family.entire-source-closure	REVIEW_REQUIRED
synexia-index-precompute/src/main/java/com/synexia/precompute/FrozenConceptProjection.java	533e2e1430a824c13af73eb65cca5318abb84fee	java	false	family.entire-source-closure	REVIEW_REQUIRED
synexia-index-precompute/src/main/java/com/synexia/precompute/FrozenLongTupleIndex.java	3b3da91caaecf3351e15f35c19957d329563a222	java	false	family.entire-source-closure	REVIEW_REQUIRED
synexia-index-precompute/src/main/java/com/synexia/precompute/FrozenNGramFacts.java	cd3e0bb758951a022aabbccabfab22f9a582d175	java	false	family.entire-source-closure	REVIEW_REQUIRED
synexia-index-precompute/src/main/java/com/synexia/precompute/FrozenNGramFamily.java	f8a993abcaee19c8ddc719b01ca8493a662d9f8d	java	false	family.entire-source-closure	REVIEW_REQUIRED
synexia-index-precompute/src/main/java/com/synexia/precompute/FrozenReasoningIndex.java	3371ea8234d66d2c7af2e8184dab49cb9cf6353a	java	false	family.entire-source-closure	REVIEW_REQUIRED
synexia-index-precompute/src/main/java/com/synexia/precompute/FrozenServiceTopology.java	c2e153cc7d9f39fb093b5f0fa9817a432b9a6b1a	java	false	family.entire-source-closure	REVIEW_REQUIRED
synexia-index-precompute/src/main/java/com/synexia/precompute/FrozenTransitionIndex.java	e1e213f92f48ac23e9e902643a2d8d2a8a7da725	java	false	family.entire-source-closure	REVIEW_REQUIRED
synexia-index-precompute/src/main/java/com/synexia/precompute/GpuToolFsPrecomputePublisher.java	7e08927cd17c4281d7fa90a83ded989f0b66487f	java	false	family.entire-source-closure	REVIEW_REQUIRED
synexia-index-precompute/src/main/java/com/synexia/precompute/IdeaCodec.java	f9dc6af01d2760686549d8b94e1f373268a210a3	java	false	family.entire-source-closure	REVIEW_REQUIRED
synexia-index-precompute/src/main/java/com/synexia/precompute/IdeaEvaluation.java	f46338d78982c52ee898f2e2ffab9f5ab742899f	java	false	family.entire-source-closure	REVIEW_REQUIRED
synexia-index-precompute/src/main/java/com/synexia/precompute/IdeaObservation.java	9a3384cf8cdd96a9523d7da8212c54ef61bfdb1f	java	false	family.entire-source-closure	REVIEW_REQUIRED
synexia-index-precompute/src/main/java/com/synexia/precompute/IdeaPipeline.java	71075e0205f5f465f8e7b7367aa8b41359b35743	java	false	family.entire-source-closure	REVIEW_REQUIRED
synexia-index-precompute/src/main/java/com/synexia/precompute/IdeaSchema.java	04bf05499c2eaaaba0fa32ce0d88513481808c48	java	false	family.entire-source-closure	REVIEW_REQUIRED
synexia-index-precompute/src/main/java/com/synexia/precompute/IndexPrecomputeAccelerator.java	ffdda4685e389c2655eeb875cc69ca532bd7377f	java	false	family.entire-source-closure	REVIEW_REQUIRED
synexia-index-precompute/src/main/java/com/synexia/precompute/IndexPrecomputeAccelerators.java	7fc4c5f41beddb35cc7f5c3c8274a5a55e9d130b	java	false	family.entire-source-closure	REVIEW_REQUIRED
synexia-index-precompute/src/main/java/com/synexia/precompute/IndexPrecomputeBenchmarkReceipt.java	fda9374e46a87a1b2682cb6628e32f7f084d317b	java	false	family.entire-source-closure	REVIEW_REQUIRED
synexia-index-precompute/src/main/java/com/synexia/precompute/IndexPrecomputeBenchmarks.java	a96b59bc170cb722f90044abeb124b37bd1c5746	java	false	family.entire-source-closure	REVIEW_REQUIRED
synexia-index-precompute/src/main/java/com/synexia/precompute/IndexPrecomputeCandidate.java	5ddc7ee435a97de52cafe396382b7a3e3ea88df7	java	false	family.entire-source-closure	REVIEW_REQUIRED
synexia-index-precompute/src/main/java/com/synexia/precompute/IndexPrecomputeCapability.java	851b246a9f576359a78497e09a2ef333e5126b21	java	false	family.entire-source-closure	REVIEW_REQUIRED
synexia-index-precompute/src/main/java/com/synexia/precompute/IndexPrecomputeDependencyImage.java	91b2ed9fadd161c8ac688374a6442c12e9203034	java	false	family.entire-source-closure	REVIEW_REQUIRED
synexia-index-precompute/src/main/java/com/synexia/precompute/IndexPrecomputeExecution.java	d59c9d218b72474500291d636fccff850ce0939f	java	false	family.entire-source-closure	REVIEW_REQUIRED
synexia-index-precompute/src/main/java/com/synexia/precompute/IndexPrecomputeFacet.java	f0cd1c6f4dab1e1e32d84e09c7c59e79a1ec5f7f	java	false	family.entire-source-closure	REVIEW_REQUIRED
synexia-index-precompute/src/main/java/com/synexia/precompute/IndexPrecomputeFacetGroup.java	269418ced51b27850e664e8e705eb77cab99aff1	java	false	family.entire-source-closure	REVIEW_REQUIRED
synexia-index-precompute/src/main/java/com/synexia/precompute/IndexPrecomputeKernel.java	9958cd64018f75e1af725cd8d306c583a5354107	java	false	family.entire-source-closure	REVIEW_REQUIRED
synexia-index-precompute/src/main/java/com/synexia/precompute/IndexPrecomputeManifest.java	316fa02101aad34349d755ed9d260d8404c49386	java	false	family.entire-source-closure	REVIEW_REQUIRED
synexia-index-precompute/src/main/java/com/synexia/precompute/IndexPrecomputeManifestImage.java	4e9056dba113a9f02d64e5e1ab3a0c9f3c892895	java	false	family.entire-source-closure	REVIEW_REQUIRED
synexia-index-precompute/src/main/java/com/synexia/precompute/IndexPrecomputeMultipassCompiler.java	913a9db8ad59f41c417a43badb3e43120c603e11	java	false	family.entire-source-closure	REVIEW_REQUIRED
synexia-index-precompute/src/main/java/com/synexia/precompute/IndexPrecomputePlan.java	6e2181fbce4f06d52ba5ee22146efc2b608529a7	java	false	family.entire-source-closure	REVIEW_REQUIRED
synexia-index-precompute/src/main/java/com/synexia/precompute/IndexPrecomputePlanner.java	18b16bda6e3b18f02f5bb025635d19467a7f349a	java	false	family.entire-source-closure	REVIEW_REQUIRED
synexia-index-precompute/src/main/java/com/synexia/precompute/IndexPrecomputeProvider.java	336833f7696b44d0a153f4902a94f1087af6bef8	java	false	family.entire-source-closure	REVIEW_REQUIRED
synexia-index-precompute/src/main/java/com/synexia/precompute/IndexPrecomputeProviders.java	457b012f712d538e1214862201732e6f2ea31eab	java	false	family.entire-source-closure	REVIEW_REQUIRED
synexia-index-precompute/src/main/java/com/synexia/precompute/IndexPrecomputeReceipt.java	aeee52dac70992af33c164f90f06f24b5d6af634	java	false	family.entire-source-closure	REVIEW_REQUIRED
synexia-index-precompute/src/main/java/com/synexia/precompute/IndexPrecomputeRecommendation.java	1a37caad094603e133321b8db7350bc5829f92d8	java	false	family.entire-source-closure	REVIEW_REQUIRED
synexia-index-precompute/src/main/java/com/synexia/precompute/IndexPrecomputeSnapshot.java	e0e6f9d13518f277baa42f78267ca1d501dd1156	java	false	family.entire-source-closure	REVIEW_REQUIRED
synexia-index-precompute/src/main/java/com/synexia/precompute/IndexPrecomputeSnapshotBuilder.java	503ed8d95e158e8a4745ac4aee82df6507084558	java	false	family.entire-source-closure	REVIEW_REQUIRED
synexia-index-precompute/src/main/java/com/synexia/precompute/IndexPrecomputeSnapshotImages.java	ad47ed38565c137e00e436c053a9e1d1ec268e60	java	false	family.entire-source-closure	REVIEW_REQUIRED
synexia-index-precompute/src/main/java/com/synexia/precompute/IndexPrecomputeSource.java	97eb1d929a60dbea527b51f637e37f13d09880eb	java	false	family.entire-source-closure	REVIEW_REQUIRED
synexia-index-precompute/src/main/java/com/synexia/precompute/IndexPrecomputeStorageEstimate.java	ec05128b5d99e5232cd3fc1d2cc249f681ead868	java	false	family.entire-source-closure	REVIEW_REQUIRED
synexia-index-precompute/src/main/java/com/synexia/precompute/IndexPrecomputeStoragePlanner.java	b2a1f9e0095702bf4a4927fc315a34e5fb0c5157	java	false	family.entire-source-closure	REVIEW_REQUIRED
synexia-index-precompute/src/main/java/com/synexia/precompute/IndexPrecomputeStorageRecommendation.java	cf7e335ce85d1c0d1e3a15fa63a9a9e028cbf49d	java	false	family.entire-source-closure	REVIEW_REQUIRED
synexia-index-precompute/src/main/java/com/synexia/precompute/IndexPrecomputeWorkload.java	59f0763753725d3e8775aeaeba3bed3f9b8cd87f	java	false	family.entire-source-closure	REVIEW_REQUIRED
synexia-index-precompute/src/main/java/com/synexia/precompute/IndexedIdea.java	586ed269c453e885d48d509a784186efde6920c8	java	false	family.entire-source-closure	REVIEW_REQUIRED
synexia-index-precompute/src/main/java/com/synexia/precompute/IndexedIdeaRules.java	1c43fee9d1dc50fca9a42140d632d64838a7a0d4	java	false	family.entire-source-closure	REVIEW_REQUIRED
synexia-index-precompute/src/main/java/com/synexia/precompute/JavaIndexPrecomputeAccelerator.java	925450db84bf1058616cdabc3148204ff3132736	java	false	family.entire-source-closure	REVIEW_REQUIRED
synexia-index-precompute/src/main/java/com/synexia/precompute/JniIndexPrecomputeAccelerator.java	df4bb4269b4046c68f3b6e430c0cb9d5658e1e6b	java	false	family.entire-source-closure	REVIEW_REQUIRED
synexia-index-precompute/src/main/java/com/synexia/precompute/LongTupleIndexImage.java	b47d2be30fc50bf53bc899868fbe4e7100807457	java	false	family.entire-source-closure	REVIEW_REQUIRED
synexia-index-precompute/src/main/java/com/synexia/precompute/LongTupleIndexView.java	cc075586c1239123fd76a52b930c0e9057816aa6	java	false	family.entire-source-closure	REVIEW_REQUIRED
synexia-index-precompute/src/main/java/com/synexia/precompute/MIndexAstArenaFacet.java	22659fa8e955a03e4865de88ede2abd8f246afc8	java	true	family.entire-source-closure	REVIEW_REQUIRED
synexia-index-precompute/src/main/java/com/synexia/precompute/MIndexCoralDecisionEngine.java	91248dbf782102be0059d47c272d6d58cb7594b3	java	true	family.entire-source-closure	REVIEW_REQUIRED
synexia-index-precompute/src/main/java/com/synexia/precompute/MIndexDecisionArtifact.java	56c800dd3169b8a9ae198929aa2046c0898e369e	java	true	family.entire-source-closure	REVIEW_REQUIRED
synexia-index-precompute/src/main/java/com/synexia/precompute/MIndexDecisionDonorCatalog.java	9b992f1076f8d3df41ca321d54f1b5bfff077a59	java	true	family.entire-source-closure	REVIEW_REQUIRED
synexia-index-precompute/src/main/java/com/synexia/precompute/MIndexDecisionFacet.java	0fdece93664cc14d5fc4cdb564f0efdfa9d1a1dd	java	true	family.entire-source-closure	REVIEW_REQUIRED
synexia-index-precompute/src/main/java/com/synexia/precompute/MIndexDecisionImage.java	4aaa8b30371df59deac10a6128ea36285ebb0278	java	true	family.entire-source-closure	REVIEW_REQUIRED
synexia-index-precompute/src/main/java/com/synexia/precompute/MIndexDecisionPortableImage.java	52e0579314b4b93f6de0e1c7f50c05866121b37a	java	true	family.entire-source-closure	REVIEW_REQUIRED
synexia-index-precompute/src/main/java/com/synexia/precompute/MIndexDecisionPortableNative.java	66c9d864600297a8dcc9dca9d8bf4790136027be	java	true	family.entire-source-closure	REVIEW_REQUIRED
synexia-index-precompute/src/main/java/com/synexia/precompute/MIndexDecisionPrecomputer.java	b6811627c649aaab118cbd9cc99de11d8373ca45	java	true	family.entire-source-closure	REVIEW_REQUIRED
synexia-index-precompute/src/main/java/com/synexia/precompute/MIndexDecisionSchema.java	d37c7c530deef38df1059f5cdf17dce4624dc624	java	true	family.entire-source-closure	REVIEW_REQUIRED
synexia-index-precompute/src/main/java/com/synexia/precompute/MIndexDecisionTensorPlan.java	b9b8cfa5ad7e3f7c45e4f194651a8fa3cde7f581	java	true	family.entire-source-closure	REVIEW_REQUIRED
synexia-index-precompute/src/main/java/com/synexia/precompute/MIndexInt8PrecomputeEngine.java	af920e14850a64ab9edf36612b86220a6018728f	java	true	family.entire-source-closure	REVIEW_REQUIRED
synexia-index-precompute/src/main/java/com/synexia/precompute/MIndexInt8PrecomputeFarm.java	34e4b300cc325d312652e5e1fd8a24f97c9275a7	java	true	family.entire-source-closure	REVIEW_REQUIRED
synexia-index-precompute/src/main/java/com/synexia/precompute/MIndexLexicalSystemOneBackend.java	568300b5e36c735b9e18b3cc0ebe2a9ca87b2d3a	java	true	family.entire-source-closure	REVIEW_REQUIRED
synexia-index-precompute/src/main/java/com/synexia/precompute/MIndexLiteRtDecisionEngine.java	b49b6fa718df59c41d4d1439b2251512c6064d5b	java	true	family.entire-source-closure	REVIEW_REQUIRED
synexia-index-precompute/src/main/java/com/synexia/precompute/MIndexLogicGateEquivalence.java	5e49dc2463c8ba247742734685dc8779ecef1a01	java	true	family.entire-source-closure	REVIEW_REQUIRED
synexia-index-precompute/src/main/java/com/synexia/precompute/MIndexLogicGateOptimizer.java	583774d32e8f17e9b8ebad220b29f772df551bc2	java	true	family.entire-source-closure	REVIEW_REQUIRED
synexia-index-precompute/src/main/java/com/synexia/precompute/MIndexLogicGatePlan.java	43a86d812f3f0a2944fc8a0322a796fd9f746228	java	true	family.entire-source-closure	REVIEW_REQUIRED
synexia-index-precompute/src/main/java/com/synexia/precompute/MIndexReasoningFacet.java	7ff628a843176faee43d023113b865d08e78a639	java	true	family.entire-source-closure	REVIEW_REQUIRED
synexia-index-precompute/src/main/java/com/synexia/precompute/MIndexReasoningPrecomputeProfile.java	3b6126c6dffb421ecb8d08a92a463f522526f870	java	true	family.entire-source-closure	REVIEW_REQUIRED
synexia-index-precompute/src/main/java/com/synexia/precompute/MIndexReasoningPrecomputeProvider.java	05972f8abdc96d2ae41902c45379c0834b405389	java	true	family.entire-source-closure	REVIEW_REQUIRED
synexia-index-precompute/src/main/java/com/synexia/precompute/MIndexSegmentFacet.java	326942084b1e49597d440c4223b93d916ec559d7	java	true	family.entire-source-closure	REVIEW_REQUIRED
synexia-index-precompute/src/main/java/com/synexia/precompute/MIndexSegmentInt8Features.java	09241f8a43a5b5ca26d88a5ae2d1bb860f9f4d08	java	true	family.entire-source-closure	REVIEW_REQUIRED
synexia-index-precompute/src/main/java/com/synexia/precompute/MIndexSegmentPrecomputation.java	0a15353a31bbf7242a9395133933e9b4cffbea8a	java	true	family.entire-source-closure	REVIEW_REQUIRED
synexia-index-precompute/src/main/java/com/synexia/precompute/MIndexSegmentPrecomputeProvider.java	a6620c05a8e551baca4a2e65b936a08d2c792b80	java	true	family.entire-source-closure	REVIEW_REQUIRED
synexia-index-precompute/src/main/java/com/synexia/precompute/MIndexStringFacet.java	be397b060edf2cb7523deda9edd0ddaeab7b1cec	java	true	family.entire-source-closure	REVIEW_REQUIRED
synexia-index-precompute/src/main/java/com/synexia/precompute/MIndexStringOwnerIdentityV2.java	113071481558879ed7bb675cfd7eaeabd9fdb017	java	true	family.entire-source-closure	REVIEW_REQUIRED
synexia-index-precompute/src/main/java/com/synexia/precompute/MIndexStringPrecomputeAdapter.java	6cde1c8503524fd26919f9f35355fb78b11b0b48	java	true	family.entire-source-closure	REVIEW_REQUIRED
synexia-index-precompute/src/main/java/com/synexia/precompute/MIndexStringPrecomputeProvider.java	36ccc48884fe321875403f21f8ceb9b6cfb7fa8a	java	true	family.entire-source-closure	REVIEW_REQUIRED
synexia-index-precompute/src/main/java/com/synexia/precompute/MIndexStructureFacet.java	103346fe1704f45ede8929d24f62960733fb0f24	java	true	family.entire-source-closure	REVIEW_REQUIRED
synexia-index-precompute/src/main/java/com/synexia/precompute/MIndexStructurePrecomputeProvider.java	085a2bf78bf61a647b440791f14faacc4244d3ba	java	true	family.entire-source-closure	REVIEW_REQUIRED
synexia-index-precompute/src/main/java/com/synexia/precompute/MIndexSystemOneArtifact.java	e275344c2e2dad8076eff4cb428e3933948aca8f	java	true	family.entire-source-closure	REVIEW_REQUIRED
synexia-index-precompute/src/main/java/com/synexia/precompute/MIndexSystemOneBackend.java	ddb55fefd4b56da7c3a8d0ea0285ee3deaed1e13	java	true	family.entire-source-closure	REVIEW_REQUIRED
synexia-index-precompute/src/main/java/com/synexia/precompute/MIndexSystemOneDecisionAdapter.java	cc72da2ffeba72138b12edd1b7dd17c1509804c1	java	true	family.entire-source-closure	REVIEW_REQUIRED
synexia-index-precompute/src/main/java/com/synexia/precompute/MIndexSystemOneEngine.java	4428a85577fe86b0b4e1134e6802f8bdfdf91ea2	java	true	family.entire-source-closure	REVIEW_REQUIRED
synexia-index-precompute/src/main/java/com/synexia/precompute/MIndexSystemOneFacet.java	a5555e6c39c2396f10ed0b3a9f76322cb6f4453d	java	true	family.entire-source-closure	REVIEW_REQUIRED
synexia-index-precompute/src/main/java/com/synexia/precompute/MIndexSystemOneImage.java	6f87c530514bb5ec631d6533db503b993c258b21	java	true	family.entire-source-closure	REVIEW_REQUIRED
synexia-index-precompute/src/main/java/com/synexia/precompute/MIndexSystemOnePrecomputer.java	52946804a526787cdcfa50211c583ab5de612a77	java	true	family.entire-source-closure	REVIEW_REQUIRED
synexia-index-precompute/src/main/java/com/synexia/precompute/MIndexSystemOneProbability.java	1d46f2c21425372e77dcf64e98fb2adde6c7768b	java	true	family.entire-source-closure	REVIEW_REQUIRED
synexia-index-precompute/src/main/java/com/synexia/precompute/MIndexSystemOneRequest.java	b771554b22d36a9e31015fb0655d29ece9df33d4	java	true	family.entire-source-closure	REVIEW_REQUIRED
synexia-index-precompute/src/main/java/com/synexia/precompute/MIndexSystemOneResponse.java	e12a60c7c75f97c55c187d6a659d4c7a0c1498ae	java	true	family.entire-source-closure	REVIEW_REQUIRED
synexia-index-precompute/src/main/java/com/synexia/precompute/MIndexSystemOneSchema.java	e0099391b0820513e98e19d6531979b818d7a7d4	java	true	family.entire-source-closure	REVIEW_REQUIRED
synexia-index-precompute/src/main/java/com/synexia/precompute/MIndexSystemOneTensorPlan.java	07130d9cf4f66a9e57a4f1bf7780092f7d109631	java	true	family.entire-source-closure	REVIEW_REQUIRED
synexia-index-precompute/src/main/java/com/synexia/precompute/NativePrecomputeOps.java	d3c30b22eecb8e65e6b0f936b8ed3e1c2f7e282e	java	false	family.entire-source-closure	REVIEW_REQUIRED
synexia-index-precompute/src/main/java/com/synexia/precompute/PrecomputeHashes.java	98f62383c93ec9efb0681025d35b5942f7ae4ea0	java	false	family.entire-source-closure	REVIEW_REQUIRED
synexia-index-precompute/src/main/java/com/synexia/precompute/PrecomputeImageSupport.java	71b8e1eba41824137d9cd785be794ea653a02386	java	false	family.entire-source-closure	REVIEW_REQUIRED
synexia-index-precompute/src/main/java/com/synexia/precompute/RuntimeMIndexStringFacet.java	194854b52ac20319b821fa2c00213cf1de28e4bd	java	false	family.entire-source-closure	REVIEW_REQUIRED
synexia-index-precompute/src/main/java/com/synexia/precompute/RuntimeMIndexStringPrecomputeProvider.java	6c7c0825ca593bd44b5d17bec4470344c02e342b	java	false	family.entire-source-closure	REVIEW_REQUIRED
synexia-index-precompute/src/main/java/com/synexia/precompute/TransitionIndexImage.java	8f2b5c97a4e707827ceee5e086094d7e26605579	java	false	family.entire-source-closure	REVIEW_REQUIRED
synexia-index-precompute/src/main/java/com/synexia/precompute/TransitionIndexView.java	8f99dc1aff2d9914ed6c963ecbcee068c826fde6	java	false	family.entire-source-closure	REVIEW_REQUIRED
synexia-index-precompute/src/main/java/com/synexia/precompute/UniversalIndexPrecomputeBuilder.java	86095f9b9a24d9b44bd6adb5e50b908933e5f29f	java	false	family.entire-source-closure	REVIEW_REQUIRED
synexia-index-precompute/src/main/java/com/synexia/precompute/index/PrecommitCandidateIndex.java	a99b7b7fc99a91e4008d8609eb63d24944152acd	java	false	family.entire-source-closure	REVIEW_REQUIRED
synexia-index-precompute/src/main/java/com/synexia/precompute/index/PrecommitCandidateIndexCanonicalJson.java	4d604b21135a253aaa076ce510a9825aeec26fa7	java	false	family.entire-source-closure	REVIEW_REQUIRED
synexia-index-precompute/src/main/java/com/synexia/precompute/index/PrecommitCandidateIndexCasReplay.java	d86001caad1ad748129355ed1261a35ccb585cf7	java	false	family.entire-source-closure	REVIEW_REQUIRED
synexia-index-precompute/src/main/java/com/synexia/precompute/index/PrecommitCandidateIndexReadOnlyApi.java	8d8313f9ac131ee1eed314d1de667e7a1583756f	java	false	family.entire-source-closure	REVIEW_REQUIRED
synexia-index-precompute/src/main/java/com/synexia/precompute/index/PrecommitCandidateIndexReplayReadOnlyApi.java	b8528ebd27a1722af433cf3320bdc7eee195d3b6	java	false	family.entire-source-closure	REVIEW_REQUIRED
synexia-index-precompute/src/main/java/com/synexia/precompute/index/PrecommitCandidateIndexSnapshotImage.java	853eef041b99c3be673b3c3b3fd3a177ed4b9d42	java	false	family.entire-source-closure	REVIEW_REQUIRED
synexia-index-precompute/src/main/java/com/synexia/precompute/index/PrecommitCandidateIndexSnapshotReplay.java	49c0d4eb9b7b7047fa1b0d659667e0935b42af8d	java	false	family.entire-source-closure	REVIEW_REQUIRED
synexia-index-precompute/src/main/java/com/synexia/precompute/jini/JiniPrecomputeDiscovery.java	c76b54ee49ca71aa0e59a39c7945bec15121b17a	java	false	family.entire-source-closure	REVIEW_REQUIRED
synexia-index-precompute/src/main/java/com/synexia/precompute/jini/PrecommitCandidateIndexJiniAdvertisement.java	e264d54647456e2481b56d82b8fbed6c3db929e1	java	false	family.entire-source-closure	REVIEW_REQUIRED
synexia-index-precompute/src/main/java/com/synexia/precompute/jini/PrecommitCandidateIndexJiniAdvertisementIdentity.java	ebaabc57100a3184029446939e7dbcc4524673a4	java	false	family.entire-source-closure	REVIEW_REQUIRED
synexia-index-precompute/src/main/java/com/synexia/precompute/jini/PrecommitCandidateIndexJiniAdvertisementPlan.java	225eb6f4f8a83a2690f20d543ff02b8b2a4640c8	java	false	family.entire-source-closure	REVIEW_REQUIRED
synexia-index-precompute/src/main/java/com/synexia/precompute/jini/PrecommitCandidateIndexJiniAdvertisementPlanIdentity.java	88ad362ab14640d19b44665087998d0a27491603	java	false	family.entire-source-closure	REVIEW_REQUIRED
synexia-index-precompute/src/main/java/com/synexia/precompute/jini/PrecommitCandidateIndexReplayJiniLookupReadOnlyApi.java	2a8be72a515d35baea6aced2e8a64e5e2987bbc4	java	false	family.entire-source-closure	REVIEW_REQUIRED
synexia-index-precompute/src/main/java/com/synexia/precompute/jini/PrecommitCandidateIndexReplayJiniLookupRequestApi.java	313b5fd3b29747b2b809aca300da146481519739	java	false	family.entire-source-closure	REVIEW_REQUIRED
synexia-index-precompute/src/main/java/com/synexia/precompute/jini/PrecommitCandidateIndexReplayJiniReadOnlyApi.java	986fd1f18419e01c71a644b2f62954a9512c3028	java	false	family.entire-source-closure	REVIEW_REQUIRED
synexia-index-precompute/src/main/resources/META-INF/mindex-startup-agent.mf	cbd75e2e92a38f8184d18cc2f883d4da8630ea95	resource	false	family.entire-source-closure	REVIEW_REQUIRED
synexia-index-precompute/src/main/resources/META-INF/services/com.synexia.precompute.IndexPrecomputeProvider	0569932a22776d74f847977d037ae3eb44908b89	resource	false	family.entire-source-closure	REVIEW_REQUIRED
synexia-index-precompute/tools/mmap-owner-superset-recipe/fixtures/preimage/synexia-index-precompute/src/main/java/com/synexia/precompute/IndexPrecomputeSnapshotImages.java	98f4a4e90fed34ad68c9ef03a850823a3f8b8770	java	false	family.entire-source-closure	REVIEW_REQUIRED
synexia-index-precompute/tools/mmap-owner-superset-recipe/fixtures/preimage/synexia-index-precompute/src/main/java/com/synexia/precompute/UniversalIndexPrecomputeBuilder.java	0fe1bf60fb01616f130ed547975087facd93fdaf	java	false	family.entire-source-closure	REVIEW_REQUIRED
synexia-index-precompute/tools/owner-scoped-provenance-recipe/fixtures/preimage/synexia-index-precompute-adapters/src/main/java/com/synexia/precompute/adapters/LangDexProjectionPrecomputeProvider.java	01b2c05a3b9bba4797d6c09b7128e9ff86166ba9	java	false	family.entire-source-closure	REVIEW_REQUIRED
synexia-index-precompute/tools/owner-scoped-provenance-recipe/fixtures/preimage/synexia-index-precompute-adapters/src/main/java/com/synexia/precompute/adapters/UnicodeXConceptPrecomputeProvider.java	4accf6e53fd2c418b02c301e81e1e1199f95c97d	java	false	family.entire-source-closure	REVIEW_REQUIRED
synexia-index-precompute/tools/owner-scoped-provenance-recipe/fixtures/preimage/synexia-index-precompute/src/main/java/com/synexia/precompute/IndexPrecomputeDependencyImage.java	d66c3315953c3e41bdda62bc5b7be79b049699e6	java	false	family.entire-source-closure	REVIEW_REQUIRED
synexia-index-precompute/tools/owner-scoped-provenance-recipe/fixtures/preimage/synexia-index-precompute/src/main/java/com/synexia/precompute/IndexPrecomputeFacet.java	bb3335539c450772bb4c0ab142a310cc8f587d0a	java	false	family.entire-source-closure	REVIEW_REQUIRED
synexia-index-precompute/tools/owner-scoped-provenance-recipe/fixtures/preimage/synexia-index-precompute/src/main/java/com/synexia/precompute/IndexPrecomputeManifest.java	a0d94ea3d58c6fc934a5047b31bbff0514d1714f	java	false	family.entire-source-closure	REVIEW_REQUIRED
synexia-index-precompute/tools/owner-scoped-provenance-recipe/fixtures/preimage/synexia-index-precompute/src/main/java/com/synexia/precompute/IndexPrecomputeMultipassCompiler.java	118796c9df537e974f6427fd4dfc826eb01ebdbf	java	false	family.entire-source-closure	REVIEW_REQUIRED
synexia-index-precompute/tools/owner-scoped-provenance-recipe/fixtures/preimage/synexia-index-precompute/src/main/java/com/synexia/precompute/IndexPrecomputeSnapshot.java	6819480edbf5a1be652088ade210393b1414ed23	java	false	family.entire-source-closure	REVIEW_REQUIRED
synexia-index-precompute/tools/owner-scoped-provenance-recipe/fixtures/preimage/synexia-index-precompute/src/main/java/com/synexia/precompute/IndexPrecomputeSnapshotBuilder.java	fec69db5f0db3c53951be6e8fe6ca7dbe3a5e36d	java	false	family.entire-source-closure	REVIEW_REQUIRED
synexia-indexstring/algorithm-bridge/src/main/java/com/synexia/indexstring/algorithms/CompetitiveIndexAcceleration.java	76ff978c6c15242e4fe50ea979a742c320e3495d	java	false	family.entire-source-closure	REVIEW_REQUIRED
synexia-indexstring/algorithm-bridge/src/main/java/com/synexia/indexstring/algorithms/CompetitiveIndexDonorCatalog.java	7069ca25219ff3b940743ac6f0c956f487f4309b	java	false	family.entire-source-closure	REVIEW_REQUIRED
synexia-indexstring/algorithm-bridge/src/main/java/com/synexia/indexstring/algorithms/CompetitiveIndexHotPaths.java	0646a8badba606bc7056a0b0819962dfb46e7815	java	false	family.entire-source-closure	REVIEW_REQUIRED
synexia-indexstring/algorithm-bridge/src/main/java/com/synexia/indexstring/algorithms/CompetitiveIndexQueryPlanner.java	66d36c8a08335fe821314193c886e1879397e5c7	java	false	family.entire-source-closure	REVIEW_REQUIRED
synexia-indexstring/algorithm-bridge/src/main/java/com/synexia/indexstring/algorithms/CompetitiveIndexShapeCatalog.java	534d18a47da6ac4bac6be60b260d80923d4eb903	java	false	family.entire-source-closure	REVIEW_REQUIRED
synexia-indexstring/algorithm-bridge/src/main/java/com/synexia/indexstring/algorithms/CompetitivePreparedProjectionIndex.java	1598a938059682eb8ff8188c5af4e14d420b93cb	java	false	family.entire-source-closure	REVIEW_REQUIRED
synexia-indexstring/algorithm-bridge/src/main/java/com/synexia/indexstring/algorithms/CompetitivePreparedTokenIndex.java	bbfc8016ab9c13ba5355a637c050d052ac812862	java	false	family.entire-source-closure	REVIEW_REQUIRED
synexia-indexstring/algorithm-bridge/src/main/java/com/synexia/indexstring/algorithms/GraphInputs.java	0384e1c8b595b7c39ecb46e364b488358e3736c4	java	false	family.entire-source-closure	REVIEW_REQUIRED
synexia-indexstring/algorithm-bridge/src/main/java/com/synexia/indexstring/algorithms/GraphProblemSolutions.java	cb2c87ba88a14b3d6f8bc48e47d86f141eac493f	java	false	family.entire-source-closure	REVIEW_REQUIRED
synexia-indexstring/algorithm-bridge/src/main/java/com/synexia/indexstring/algorithms/IndexAlgorithmControl.java	058fa422243fd5ea04c44302ffddba5737ddfc72	java	false	family.entire-source-closure	REVIEW_REQUIRED
synexia-indexstring/algorithm-bridge/src/main/java/com/synexia/indexstring/algorithms/IndexAlgorithmLimits.java	d19e86c99c48108a75118ba1bdf16c4a2055af71	java	false	family.entire-source-closure	REVIEW_REQUIRED
synexia-indexstring/algorithm-bridge/src/main/java/com/synexia/indexstring/algorithms/IndexMerkleProof.java	db2d2989ad993b7c842c80e9c30377d3fb8a673f	java	false	family.entire-source-closure	REVIEW_REQUIRED
synexia-indexstring/algorithm-bridge/src/main/java/com/synexia/indexstring/algorithms/IndexMerkleTree.java	8089e020ab5ce63ec34e0e69207abdbe8fe395ef	java	false	family.entire-source-closure	REVIEW_REQUIRED
synexia-indexstring/algorithm-bridge/src/main/java/com/synexia/indexstring/algorithms/IndexRangeHashes.java	c07ab1b97957f8e6b55809ed7bb437572b7ec34b	java	false	family.entire-source-closure	REVIEW_REQUIRED
synexia-indexstring/algorithm-bridge/src/main/java/com/synexia/indexstring/algorithms/IndexSpan.java	c3d96f6c134d36e96bf63744b26368eed0c5fc1f	java	false	family.entire-source-closure	REVIEW_REQUIRED
synexia-indexstring/algorithm-bridge/src/main/java/com/synexia/indexstring/algorithms/IndexTextCorpus.java	bb7d4d8a887a8f7b406ee9c7ab9d60d3c038278b	java	false	family.entire-source-closure	REVIEW_REQUIRED
synexia-indexstring/algorithm-bridge/src/main/java/com/synexia/indexstring/algorithms/IndexTextDictionary.java	7d2bd6c6f76258e4a4a34782dabbfe95bcb004f7	java	false	family.entire-source-closure	REVIEW_REQUIRED
synexia-indexstring/algorithm-bridge/src/main/java/com/synexia/indexstring/algorithms/IndexTokenBitapSearch.java	eee8e11f0c281413eb536ccd1c9246506d1226ce	java	false	family.entire-source-closure	REVIEW_REQUIRED
synexia-indexstring/algorithm-bridge/src/main/java/com/synexia/indexstring/algorithms/IndexTokenBoyerMooreSearch.java	bcde1775f6f11bdeea82b8356fb7bc09e0fbcdd8	java	false	family.entire-source-closure	REVIEW_REQUIRED
synexia-indexstring/algorithm-bridge/src/main/java/com/synexia/indexstring/algorithms/IndexTokenEditDistance.java	5ed92315626e73b0dbdb98213131b77c8b6b2181	java	false	family.entire-source-closure	REVIEW_REQUIRED
synexia-indexstring/algorithm-bridge/src/main/java/com/synexia/indexstring/algorithms/IndexTokenExactSearch.java	76b626fe1fff49c2583c548494d2728f2c2ee78d	java	false	family.entire-source-closure	REVIEW_REQUIRED
synexia-indexstring/algorithm-bridge/src/main/java/com/synexia/indexstring/algorithms/IndexTokenFrequencyIndex.java	7fda2811a0b1e1716e609386d69595c9a98b67d9	java	false	family.entire-source-closure	REVIEW_REQUIRED
synexia-indexstring/algorithm-bridge/src/main/java/com/synexia/indexstring/algorithms/IndexTokenFrequencyOrder.java	cd0727913e615c668be6ad3e612362f8edf8a89b	java	false	family.entire-source-closure	REVIEW_REQUIRED
synexia-indexstring/algorithm-bridge/src/main/java/com/synexia/indexstring/algorithms/IndexTokenHorspoolSearch.java	40e71eac2a616f8b1c4970a2374c1c8e16832972	java	false	family.entire-source-closure	REVIEW_REQUIRED
synexia-indexstring/algorithm-bridge/src/main/java/com/synexia/indexstring/algorithms/IndexTokenKmp.java	b8e97523cda89feab6d3db656595965e64873476	java	false	family.entire-source-closure	REVIEW_REQUIRED
synexia-indexstring/algorithm-bridge/src/main/java/com/synexia/indexstring/algorithms/IndexTokenLcs.java	f9f9088b5a69a0111666cb6e37c00b299ca14398	java	false	family.entire-source-closure	REVIEW_REQUIRED
synexia-indexstring/algorithm-bridge/src/main/java/com/synexia/indexstring/algorithms/IndexTokenManacher.java	46041d7b14341da6547af2d692ba345944c00954	java	false	family.entire-source-closure	REVIEW_REQUIRED
synexia-indexstring/algorithm-bridge/src/main/java/com/synexia/indexstring/algorithms/IndexTokenPatternSet.java	e886c8c0fd1d3465af828f9be3e6c7201a352325	java	false	family.entire-source-closure	REVIEW_REQUIRED
synexia-indexstring/algorithm-bridge/src/main/java/com/synexia/indexstring/algorithms/IndexTokenPlan.java	ddf3ff9feba9ae80220186dc6854c2977b1b6eb8	java	false	family.entire-source-closure	REVIEW_REQUIRED
synexia-indexstring/algorithm-bridge/src/main/java/com/synexia/indexstring/algorithms/IndexTokenRabinKarpSearch.java	e242c7cfd26afab73b80fb61f2f17b1d08ddf825	java	false	family.entire-source-closure	REVIEW_REQUIRED
synexia-indexstring/algorithm-bridge/src/main/java/com/synexia/indexstring/algorithms/IndexTokenRangeIndex.java	f499f06d46e73bdd5fab1e95d17cfad397948dde	java	false	family.entire-source-closure	REVIEW_REQUIRED
synexia-indexstring/algorithm-bridge/src/main/java/com/synexia/indexstring/algorithms/IndexTokenSearchCatalogue.java	7aa54f237bb28c75e825f025fa678a2945e385db	java	false	family.entire-source-closure	REVIEW_REQUIRED
synexia-indexstring/algorithm-bridge/src/main/java/com/synexia/indexstring/algorithms/IndexTokenSearchSignals.java	16882b45e47215348f01e100a85711e301c87241	java	false	family.entire-source-closure	REVIEW_REQUIRED
synexia-indexstring/algorithm-bridge/src/main/java/com/synexia/indexstring/algorithms/IndexTokenSuffixes.java	460c489438b70667893372bc09d13a4f50558fff	java	false	family.entire-source-closure	REVIEW_REQUIRED
synexia-indexstring/algorithm-bridge/src/main/java/com/synexia/indexstring/algorithms/IndexTokenWindows.java	734ed8b665b730ac8105dd7990fd1aabdab8b4e0	java	false	family.entire-source-closure	REVIEW_REQUIRED
synexia-indexstring/algorithm-bridge/src/main/java/com/synexia/indexstring/algorithms/IndexTokenZSearch.java	fb04cbce43f9e1c3e58c51cb4c26fea890ae4faf	java	false	family.entire-source-closure	REVIEW_REQUIRED
synexia-indexstring/algorithm-bridge/src/main/java/com/synexia/indexstring/algorithms/LeetCodeArrayKernels.java	4a2a8a76a6a76ab93eb659ac06e51b779d8756ce	java	false	family.entire-source-closure	REVIEW_REQUIRED
synexia-indexstring/algorithm-bridge/src/main/java/com/synexia/indexstring/algorithms/LeetCodeDpKernels.java	11b1a12dae49393486495be28ade45beb2d6c166	java	false	family.entire-source-closure	REVIEW_REQUIRED
synexia-indexstring/algorithm-bridge/src/main/java/com/synexia/indexstring/algorithms/LeetCodeGraphKernels.java	6deed0f2e2b44e17855724966119e30876aaf021	java	false	family.entire-source-closure	REVIEW_REQUIRED
synexia-indexstring/algorithm-bridge/src/main/java/com/synexia/indexstring/algorithms/LeetCodeRunner.java	bf8f773a294236163ebb00db40c8eb19a4d97a5e	java	false	family.entire-source-closure	REVIEW_REQUIRED
synexia-indexstring/algorithm-bridge/src/main/java/com/synexia/indexstring/algorithms/LeetCodeSolutions.java	e56a93d5db9fefc8836ff5776aa605061df00a1d	java	false	family.entire-source-closure	REVIEW_REQUIRED
synexia-indexstring/algorithm-bridge/src/main/java/com/synexia/indexstring/algorithms/LongCoordinateDirectory.java	4851cbc21dfa754d2caefe3fe31e42bc497c6105	java	false	family.entire-source-closure	REVIEW_REQUIRED
synexia-indexstring/algorithm-bridge/src/main/java/com/synexia/indexstring/algorithms/PreparedBinaryTree.java	5ca35e1dbcf4dfb668ee834f8664612343f01cb3	java	false	family.entire-source-closure	REVIEW_REQUIRED
synexia-indexstring/algorithm-bridge/src/main/java/com/synexia/indexstring/algorithms/PreparedDirectedGraph.java	cb034964783157fe059a44067ab51658d7a2d90a	java	false	family.entire-source-closure	REVIEW_REQUIRED
synexia-indexstring/algorithm-bridge/src/main/java/com/synexia/indexstring/algorithms/PreparedLeetCodeNumbers.java	12d19a59a8ab869ec90dab6afaef69d4ad4d441e	java	false	family.entire-source-closure	REVIEW_REQUIRED
synexia-indexstring/algorithm-bridge/src/main/java/com/synexia/indexstring/algorithms/PreparedLeetCodeText.java	d44bde50b51357f5a891f5818a397d83d7833f3c	java	false	family.entire-source-closure	REVIEW_REQUIRED
synexia-indexstring/algorithm-bridge/src/main/java/com/synexia/indexstring/algorithms/PreparedPalindromeText.java	b9e3e2a4944a21efc03cc951d5a2a177c8d5b51a	java	false	family.entire-source-closure	REVIEW_REQUIRED
synexia-indexstring/algorithm-bridge/src/main/java/com/synexia/indexstring/algorithms/PreparedUndirectedGraph.java	530b88bff52f454d2b1902b6245a82bf92a480e6	java	false	family.entire-source-closure	REVIEW_REQUIRED
synexia-indexstring/algorithm-bridge/src/main/java/com/synexia/indexstring/algorithms/PreparedWordBreak.java	475d070214924c172307d667039a6801f8b4228c	java	false	family.entire-source-closure	REVIEW_REQUIRED
synexia-indexstring/algorithm-bridge/src/main/java/com/synexia/indexstring/algorithms/ProblemInputs.java	1eb13c55b57f9b9d9f24a573ab8b1ce5eced7ab3	java	false	family.entire-source-closure	REVIEW_REQUIRED
synexia-indexstring/algorithm-bridge/src/main/java/com/synexia/indexstring/algorithms/ProjectionBitRanks.java	b45aec89e9b978b2def9cc57faf9421ffeec9906	java	false	family.entire-source-closure	REVIEW_REQUIRED
synexia-indexstring/algorithm-bridge/src/main/java/com/synexia/indexstring/algorithms/ProjectionFrequencyOrder.java	2c05901a52a6efe7c8dc515cc89654fdc9f8aa1b	java	false	family.entire-source-closure	REVIEW_REQUIRED
synexia-indexstring/algorithm-bridge/src/main/java/com/synexia/indexstring/algorithms/ProjectionOrderIndex.java	f9e4524473c4eb15b91c5df2b29cd1b2c3e48564	java	false	family.entire-source-closure	REVIEW_REQUIRED
synexia-indexstring/algorithm-bridge/src/main/java/com/synexia/indexstring/algorithms/ProjectionRangeIndex.java	32769fe040b8c8d034331350b1dc60bba9f96d4b	java	false	family.entire-source-closure	REVIEW_REQUIRED
synexia-indexstring/algorithm-bridge/src/main/java/com/synexia/indexstring/algorithms/ProjectionRankAnalytics.java	ec9ec425724fa0df502a457b668c3ae07f46c3d0	java	false	family.entire-source-closure	REVIEW_REQUIRED
synexia-indexstring/algorithm-bridge/src/main/java/com/synexia/indexstring/algorithms/precompute/IndexStringPrecomputeProvider.java	abb749165790c5bffdb9247443c339956845785c	java	false	family.entire-source-closure	REVIEW_REQUIRED
synexia-indexstring/algorithm-bridge/src/main/resources/META-INF/services/com.synexia.cop.precompute.PrecomputeProvider	b1fe91e5a3694d9847788992c46bea64c3bbd9de	resource	false	family.entire-source-closure	REVIEW_REQUIRED
synexia-indexstring/discourse/api/src/main/java/com/synexia/discourse/api/ActionReceipt.java	d3a6eb7cd6c203acfa82e5fdec25880a944ffbdf	java	false	family.entire-source-closure	REVIEW_REQUIRED
synexia-indexstring/discourse/api/src/main/java/com/synexia/discourse/api/ActionRule.java	358b2ca1948c48879b72aabb8e6dfd292c7d8050	java	false	family.entire-source-closure	REVIEW_REQUIRED
synexia-indexstring/discourse/api/src/main/java/com/synexia/discourse/api/DiscourseNode.java	dfe9602bb944ce8d457570974c4a30a12cd48228	java	false	family.entire-source-closure	REVIEW_REQUIRED
synexia-indexstring/discourse/api/src/main/java/com/synexia/discourse/api/DiscourseView.java	b0358132df184d0b9649384240f691a9a175e489	java	false	family.entire-source-closure	REVIEW_REQUIRED
synexia-indexstring/discourse/api/src/main/java/com/synexia/discourse/api/FactState.java	828cae797bf5350a854a1ff269d529d0881bcccb	java	false	family.entire-source-closure	REVIEW_REQUIRED
synexia-indexstring/discourse/api/src/main/java/com/synexia/discourse/api/NodeKind.java	4b7f1ad96d089f97b53b15ba81711539f6dd3ac8	java	false	family.entire-source-closure	REVIEW_REQUIRED
synexia-indexstring/discourse/api/src/main/java/com/synexia/discourse/api/NodeRef.java	6d0e4fd9f637df0671734bfa66ea2efc6c7e5b17	java	false	family.entire-source-closure	REVIEW_REQUIRED
synexia-indexstring/discourse/api/src/main/java/com/synexia/discourse/api/RelationEdge.java	bf15619dba13910e6df0d1af1205268701450f62	java	false	family.entire-source-closure	REVIEW_REQUIRED
synexia-indexstring/discourse/api/src/main/java/com/synexia/discourse/api/RelationRequirement.java	c583fcf1429384343e3da0fc41992cd776e1597d	java	false	family.entire-source-closure	REVIEW_REQUIRED
synexia-indexstring/discourse/api/src/main/java/com/synexia/discourse/api/WordOccurrence.java	d2abad20034c4ad6463a4232efea51d28c196448	java	false	family.entire-source-closure	REVIEW_REQUIRED
synexia-indexstring/discourse/bridge/src/main/java/com/synexia/discourse/bridge/DiscourseImage.java	a76fea30d11e7d6c8aa3195c5cbbacc00681ccb2	java	false	family.entire-source-closure	REVIEW_REQUIRED
synexia-indexstring/discourse/core/src/main/java/com/synexia/discourse/core/ActionDecision.java	a560c19d6fa249253d6deaa86ae616647daaacce	java	false	family.entire-source-closure	REVIEW_REQUIRED
synexia-indexstring/discourse/core/src/main/java/com/synexia/discourse/core/ActionEngine.java	25727ec4fc95d9ca0ebad81eb242763d870fc4ca	java	false	family.entire-source-closure	REVIEW_REQUIRED
synexia-indexstring/discourse/core/src/main/java/com/synexia/discourse/core/ActionPlan.java	5ecd1fac4a672f8c5556d18f9115a302fb698f61	java	false	family.entire-source-closure	REVIEW_REQUIRED
synexia-indexstring/discourse/core/src/main/java/com/synexia/discourse/core/ContextResolution.java	4f4ab3111103d97906926374fba9f37958ea11c4	java	false	family.entire-source-closure	REVIEW_REQUIRED
synexia-indexstring/discourse/core/src/main/java/com/synexia/discourse/core/DiscourseBuilder.java	37d10cd283cc98f642a47843f6e726ee7b81d3c0	java	false	family.entire-source-closure	REVIEW_REQUIRED
synexia-indexstring/discourse/core/src/main/java/com/synexia/discourse/core/DiscourseGraph.java	d3d738f38ee919d78d97cb0264c4754ca67eeacd	java	false	family.entire-source-closure	REVIEW_REQUIRED
synexia-indexstring/discourse/headless/src/main/java/com/synexia/discourse/headless/DiscourseMain.java	114a2bc8ce6e860fc176b1bbb7cd6e692d104da7	java	false	family.entire-source-closure	REVIEW_REQUIRED
synexia-indexstring/recipes/addressed-array-engine-v2-20261003/src/main/java/MIndexAddressedArrayEngineV2Recipe.java	ffe01e6555c867c8281c626b6ce540a620bd4304	java	true	family.entire-source-closure	REVIEW_REQUIRED
synexia-indexstring/recipes/addressed-array-indexed-layout-v3-20261003/src/main/java/MIndexAddressedArrayIndexedLayoutV3Recipe.java	a7834e99c8e5cc358213b51173f4f181e336d64e	java	true	family.entire-source-closure	REVIEW_REQUIRED
synexia-indexstring/recipes/addressed-bit-routing-v4-20261003/src/main/java/MIndexAddressedBitRoutingV4Recipe.java	1c417775570ab5c9c672cfdcaed9ad46ec3d7ec3	java	true	family.entire-source-closure	REVIEW_REQUIRED
synexia-indexstring/recipes/addressed-histogram-v8-20261003/src/main/java/MIndexAddressedHistogramV8Recipe.java	b5499111aa3b062ad03af3c482def12acf9bbf36	java	true	family.entire-source-closure	REVIEW_REQUIRED
synexia-indexstring/recipes/addressed-masked-query-v5-20261003/src/main/java/MIndexAddressedMaskedQueryV5Recipe.java	202b7e84d2705744813e14538af14b3f1449675a	java	true	family.entire-source-closure	REVIEW_REQUIRED
synexia-indexstring/recipes/addressed-multi-terminal-v7-20261003/src/main/java/MIndexAddressedMultiTerminalV7Recipe.java	517f2ce0138e6105a9b73de9210995c9ea03de5f	java	true	family.entire-source-closure	REVIEW_REQUIRED
synexia-indexstring/recipes/addressed-prefix-bitwise-v9-20261003/src/main/java/MIndexAddressedPrefixBitwiseV9Recipe.java	61251442efcda7c37361871b06d53117f1a7af04	java	true	family.entire-source-closure	REVIEW_REQUIRED
synexia-indexstring/recipes/addressed-prefix-sum-v10-20261003/src/main/java/MIndexAddressedPrefixSumV10Recipe.java	845a66168c385c3664bc31abf3b6ec2377a22ba1	java	true	family.entire-source-closure	REVIEW_REQUIRED
synexia-indexstring/recipes/addressed-reductions-v6-20261003/src/main/java/MIndexAddressedReductionsV6Recipe.java	2eba0be56c197aa5c9f3ea642066f773f3243eda	java	true	family.entire-source-closure	REVIEW_REQUIRED
synexia-indexstring/recipes/addressed-views-20261003/src/main/java/MIndexAddressedRecipe.java	a302ce46f5f400a817d5313fb38fb519dede4d1b	java	true	family.entire-source-closure	REVIEW_REQUIRED
synexia-indexstring/recipes/addressed-views-20261003/src/main/java/MIndexAddressedVerifier.java	f72b7d261730a0823041282e55474f44b15df8b9	java	true	family.entire-source-closure	REVIEW_REQUIRED
synexia-indexstring/recipes/direct-view-kernels-20261003/preimages/synexia-indexstring/src/main/java/com/synexia/indexstring/nativebridge/MIndexPageKernels.java.txt	bbab198d4a73810c31f5028eea722343f056413e	resource	false	family.entire-source-closure	REVIEW_REQUIRED
synexia-indexstring/recipes/direct-view-kernels-20261003/preimages/synexia-job/src/main/java/com/synexia/job/ChildProgressMonitor.java.txt	ded919cf6e0122b8f4c246fd0f379a23e3bee973	resource	false	family.entire-source-closure	REVIEW_REQUIRED
synexia-indexstring/recipes/direct-view-kernels-20261003/preimages/synexia-job/src/main/java/com/synexia/job/IProgressMonitor.java.txt	d588e3ab78d4e4013210cb9790e055c246d9e311	resource	false	family.entire-source-closure	REVIEW_REQUIRED
synexia-indexstring/recipes/direct-view-kernels-20261003/preimages/synexia-job/src/main/java/com/synexia/job/ProgressSnapshot.java.txt	4a3ace0e3d8459409af5d9e39b2451605c5d8f7d	resource	false	family.entire-source-closure	REVIEW_REQUIRED
synexia-indexstring/recipes/direct-view-kernels-20261003/preimages/synexia-job/src/main/java/com/synexia/job/utils/ProgressCalculationUtils.java.txt	b0eb1223d9d9513828d5c015db3c3af69659bee7	resource	false	family.entire-source-closure	REVIEW_REQUIRED
synexia-indexstring/recipes/direct-view-kernels-20261003/src/main/java/DirectViewKernelRecipe.java	77f4ea65dfebcb3239165b1a401fefd26bf17fd6	java	false	family.entire-source-closure	REVIEW_REQUIRED
synexia-indexstring/recipes/direct-view-kernels-20261003/src/main/java/DirectViewKernelVerifier.java	2fac18d79fe459bfffaac5869cb8040deae1fc88	java	false	family.entire-source-closure	REVIEW_REQUIRED
synexia-indexstring/src/main/java/com/synexia/indexstring/AddressedPackedIndexLexicon.java	d1d00585e4172bbdfe572a78910188de0b10e3e8	java	false	family.entire-source-closure	REVIEW_REQUIRED
synexia-indexstring/src/main/java/com/synexia/indexstring/CommonIndexStringBridge.java	ed86bc18b7fa62d7c3169ff7ee33f4c2c4eb38b0	java	false	family.entire-source-closure	REVIEW_REQUIRED
synexia-indexstring/src/main/java/com/synexia/indexstring/CommonsMediaInfoCaptionReader.java	4d03c283af4748eece84366e1e0d08f0eee36dc6	java	false	family.entire-source-closure	REVIEW_REQUIRED
synexia-indexstring/src/main/java/com/synexia/indexstring/CppPreparedMIndexRegexAtomBatchExecutor.java	f1d24231ad80b741bfa0318a986c20dc4f2431b4	java	false	family.entire-source-closure	REVIEW_REQUIRED
synexia-indexstring/src/main/java/com/synexia/indexstring/CppPreparedMIndexRegexNative.java	69085166422d63800c2f6e04e0c08ec01ebd3caa	java	false	family.entire-source-closure	REVIEW_REQUIRED
synexia-indexstring/src/main/java/com/synexia/indexstring/ExactStringIndexResolver.java	2d25139398bfb1fe605b21586460653ee0c677d4	java	false	family.entire-source-closure	REVIEW_REQUIRED
synexia-indexstring/src/main/java/com/synexia/indexstring/FrozenByteInterner.java	de41c8915a5b98b4d34802a9280332587dbf2978	java	false	family.entire-source-closure	REVIEW_REQUIRED
synexia-indexstring/src/main/java/com/synexia/indexstring/FrozenBytes.java	0e249745d0e96a1d9a8754a075f33cdf42e8fc0b	java	false	family.entire-source-closure	REVIEW_REQUIRED
synexia-indexstring/src/main/java/com/synexia/indexstring/FrozenChars.java	75264c85b4da2cd7d9193d8e245364efb53aa936	java	false	synexia.frozen-chars	REVIEW_REQUIRED
synexia-indexstring/src/main/java/com/synexia/indexstring/GpuByteAutomatonRegexPrefilterProvider.java	f2330afabd49e4b6242ed7d383d7f72d851ceb8f	java	false	family.entire-source-closure	REVIEW_REQUIRED
synexia-indexstring/src/main/java/com/synexia/indexstring/HeapIndexLexicon.java	4fe15d54a7de23893918b3f775326728ffdcdd0f	java	false	family.entire-source-closure	REVIEW_REQUIRED
synexia-indexstring/src/main/java/com/synexia/indexstring/HierarchicalIndexResolver.java	0cdc3e0b802cd74b95f44ed3b190992059938406	java	false	family.entire-source-closure	REVIEW_REQUIRED
synexia-indexstring/src/main/java/com/synexia/indexstring/HierarchicalIndexString.java	06449f77a5085fa023c537d19c86604360dbc3bc	java	false	family.entire-source-closure	REVIEW_REQUIRED
synexia-indexstring/src/main/java/com/synexia/indexstring/HierarchicalLexiconRegistry.java	af7eea2a8dec5a2cd34bbac636511b8c9f0efcb3	java	false	family.entire-source-closure	REVIEW_REQUIRED
synexia-indexstring/src/main/java/com/synexia/indexstring/HuggingFaceDictionaryLoader.java	d2b596dfd2f17a8f11a23b8baecbf8ac5f2f6f44	java	false	family.entire-source-closure	REVIEW_REQUIRED
synexia-indexstring/src/main/java/com/synexia/indexstring/HuggingFaceLexiconSource.java	b64e282518ab584bd4dd3d2d4ecf30585ac4fc56	java	false	family.entire-source-closure	REVIEW_REQUIRED
synexia-indexstring/src/main/java/com/synexia/indexstring/HybridIndexEncoder.java	ae6bceff0839bb6d2e09eb88eabb676dd49f78c6	java	false	family.entire-source-closure	REVIEW_REQUIRED
synexia-indexstring/src/main/java/com/synexia/indexstring/IndexAffixIndex.java	fca35ccc20a35b40b46ffd6d49c3ad3d9d61a8ec	java	false	family.entire-source-closure	REVIEW_REQUIRED
synexia-indexstring/src/main/java/com/synexia/indexstring/IndexAffixIndexImage.java	73e3cc2533130a78dacfbaf1fbb604e3cccd94c3	java	false	family.entire-source-closure	REVIEW_REQUIRED
synexia-indexstring/src/main/java/com/synexia/indexstring/IndexAffixIndexView.java	a870c7166e01fb550cc9579cf7729289551226f0	java	false	family.entire-source-closure	REVIEW_REQUIRED
synexia-indexstring/src/main/java/com/synexia/indexstring/IndexAffixRange.java	7b7fcb50f610728a9c8f1471821862bf01ffcf69	java	false	family.entire-source-closure	REVIEW_REQUIRED
synexia-indexstring/src/main/java/com/synexia/indexstring/IndexAffixResolver.java	b8bd27ccf50a13b1c5be37903bbee0229c292dde	java	false	family.entire-source-closure	REVIEW_REQUIRED
synexia-indexstring/src/main/java/com/synexia/indexstring/IndexAffixTrie.java	f6b2c51842e3e79ee4ef8b0e8afa5f605b992393	java	false	family.entire-source-closure	REVIEW_REQUIRED
synexia-indexstring/src/main/java/com/synexia/indexstring/IndexArtifactCatalogCompiler.java	7e4407829f15c3029312dc9c31122fad78720c3b	java	false	family.entire-source-closure	REVIEW_REQUIRED
synexia-indexstring/src/main/java/com/synexia/indexstring/IndexArtifactCatalogFields.java	e3448148e5520bd701751da569fa675fd14b5935	java	false	family.entire-source-closure	REVIEW_REQUIRED
synexia-indexstring/src/main/java/com/synexia/indexstring/IndexArtifactCatalogTsv.java	beeefba058cc03439be80ee4e580d7071b8a16b4	java	false	family.entire-source-closure	REVIEW_REQUIRED
synexia-indexstring/src/main/java/com/synexia/indexstring/IndexArtifactChecksumCatalog.java	c9aa4c14a73668d0f0c34530a2b5e931ffceb69e	java	false	family.entire-source-closure	REVIEW_REQUIRED
synexia-indexstring/src/main/java/com/synexia/indexstring/IndexArtifactDescriptionPack.java	35f35fd4d8f7c1b07cf965d7b29ec886b30926fb	java	false	family.entire-source-closure	REVIEW_REQUIRED
synexia-indexstring/src/main/java/com/synexia/indexstring/IndexArtifactDescriptionPackCodec.java	0e2a52602ca9a7e05f52f5934af5fc11a6f86b74	java	false	family.entire-source-closure	REVIEW_REQUIRED
synexia-indexstring/src/main/java/com/synexia/indexstring/IndexArtifactHashProvider.java	115254e3e3d43e053af15235bdf3a50c738b7fa6	java	false	family.entire-source-closure	REVIEW_REQUIRED
synexia-indexstring/src/main/java/com/synexia/indexstring/IndexArtifactHashProviders.java	48b7abaafea8159ae9123d7383df2235c5ab36cb	java	false	family.entire-source-closure	REVIEW_REQUIRED
synexia-indexstring/src/main/java/com/synexia/indexstring/IndexArtifactHashSelection.java	95facc943c0436c46a7d011619e2f33459a2a79f	java	false	family.entire-source-closure	REVIEW_REQUIRED
synexia-indexstring/src/main/java/com/synexia/indexstring/IndexArtifactHashing.java	63dcaf564918d89d964a4538b953fbaa12725c48	java	false	family.entire-source-closure	REVIEW_REQUIRED
synexia-indexstring/src/main/java/com/synexia/indexstring/IndexArtifactPublisherCatalogs.java	e2149a65a4f831bd0dda5066e0a2fbb8e26daafc	java	false	family.entire-source-closure	REVIEW_REQUIRED
synexia-indexstring/src/main/java/com/synexia/indexstring/IndexAsciiFrontDirectory.java	fdb4ac7382e374ace74d1a9fe1de1f2d0f7484f1	java	false	family.entire-source-closure	REVIEW_REQUIRED
synexia-indexstring/src/main/java/com/synexia/indexstring/IndexBitSignalResolver.java	739a6be85a419b929d3559367ddf6ec625c4cb7d	java	false	family.entire-source-closure	REVIEW_REQUIRED
synexia-indexstring/src/main/java/com/synexia/indexstring/IndexBoundedLookupTable.java	11ebe8531991b5c893240eadf72d34704f3f80fd	java	false	family.entire-source-closure	REVIEW_REQUIRED
synexia-indexstring/src/main/java/com/synexia/indexstring/IndexCanonicalStringResolver.java	011a5cd65fba97b68635d6ea1bbabc5f05cd924a	java	false	family.entire-source-closure	REVIEW_REQUIRED
synexia-indexstring/src/main/java/com/synexia/indexstring/IndexCaseMaskResolver.java	09123a7638e9f28b2ad19791b04c2104eedb1358	java	false	family.entire-source-closure	REVIEW_REQUIRED
synexia-indexstring/src/main/java/com/synexia/indexstring/IndexCharacterFlags.java	3219d69fef5747c12f496b0fd5e5dbf652a101e8	java	false	family.entire-source-closure	REVIEW_REQUIRED
synexia-indexstring/src/main/java/com/synexia/indexstring/IndexCharacterFlagsResolver.java	04141cd643496211bdcd416805c271ab4f65e411	java	false	family.entire-source-closure	REVIEW_REQUIRED
synexia-indexstring/src/main/java/com/synexia/indexstring/IndexCharacterIndex.java	72c203eeacba66fb827d454483cd3e850a65722e	java	false	family.entire-source-closure	REVIEW_REQUIRED
synexia-indexstring/src/main/java/com/synexia/indexstring/IndexCharacterIndexImage.java	34501ae69dd625d1285f3113e96372e71a7484af	java	false	family.entire-source-closure	REVIEW_REQUIRED
synexia-indexstring/src/main/java/com/synexia/indexstring/IndexCharacterIndexView.java	74b1452a026aa5a198b2fb7ac403700679f374ba	java	false	family.entire-source-closure	REVIEW_REQUIRED
synexia-indexstring/src/main/java/com/synexia/indexstring/IndexCharacterResolver.java	f1f26cc433459920d29ea32f0f9b53fa30ed4ddc	java	false	family.entire-source-closure	REVIEW_REQUIRED
synexia-indexstring/src/main/java/com/synexia/indexstring/IndexContextAnalyzer.java	6ad777466d0d048a452a5ad71a3445b07b9a7b53	java	false	family.entire-source-closure	REVIEW_REQUIRED
synexia-indexstring/src/main/java/com/synexia/indexstring/IndexContextProfile.java	69d9ce9beb07c8441ab5f91725e0a2957bea453f	java	false	family.entire-source-closure	REVIEW_REQUIRED
synexia-indexstring/src/main/java/com/synexia/indexstring/IndexCoordinateFingerprint.java	81c2f453c3c2be7494589f9844d45e48933a95dc	java	false	family.entire-source-closure	REVIEW_REQUIRED
synexia-indexstring/src/main/java/com/synexia/indexstring/IndexDictionary.java	eef67cd40aaa566f2820ebd5d932e4fbab30f3f4	java	false	family.entire-source-closure	REVIEW_REQUIRED
synexia-indexstring/src/main/java/com/synexia/indexstring/IndexDictionaryImage.java	b5847c257ae6330acbd6f731ad45343d0eeb9f38	java	false	family.entire-source-closure	REVIEW_REQUIRED
synexia-indexstring/src/main/java/com/synexia/indexstring/IndexDictionaryNamespace.java	7cce23e83818afda7f46336797ab97461382c906	java	false	family.entire-source-closure	REVIEW_REQUIRED
synexia-indexstring/src/main/java/com/synexia/indexstring/IndexDictionaryRegexSearch.java	11c75e3d0239349e6551a9dfc784479642276729	java	false	family.entire-source-closure	REVIEW_REQUIRED
synexia-indexstring/src/main/java/com/synexia/indexstring/IndexDictionarySearch.java	9b6ad638f87244e8a3e5074664e88bca4240e74e	java	false	family.entire-source-closure	REVIEW_REQUIRED
synexia-indexstring/src/main/java/com/synexia/indexstring/IndexDirectAddressLookup.java	d244197e07269576a77acf3146527f906913076c	java	false	family.entire-source-closure	REVIEW_REQUIRED
synexia-indexstring/src/main/java/com/synexia/indexstring/IndexDirectAddressNative.java	883377b2974403eb71ad240a2b78588c619a7b6f	java	false	family.entire-source-closure	REVIEW_REQUIRED
synexia-indexstring/src/main/java/com/synexia/indexstring/IndexDirectInlineKey32.java	da7b181abb81fd4e2c80b41725bc273d067f9fb7	java	false	family.entire-source-closure	REVIEW_REQUIRED
synexia-indexstring/src/main/java/com/synexia/indexstring/IndexDirectSignalBuilder.java	e5a8dc63e50316023a7e73eeb7fb3241198ae7d9	java	false	family.entire-source-closure	REVIEW_REQUIRED
synexia-indexstring/src/main/java/com/synexia/indexstring/IndexDistinctSubstringRank.java	022ab3b53c33c739a42c60a21e3781efab7caa5c	java	false	family.entire-source-closure	REVIEW_REQUIRED
synexia-indexstring/src/main/java/com/synexia/indexstring/IndexExactLexicon.java	c6dd57266691af2a4c42d0a7b60188cad4028d42	java	false	family.entire-source-closure	REVIEW_REQUIRED
synexia-indexstring/src/main/java/com/synexia/indexstring/IndexExactLexiconDirectory.java	f18daadc39f29191c3bedd694d8ca96f287a11d7	java	false	family.entire-source-closure	REVIEW_REQUIRED
synexia-indexstring/src/main/java/com/synexia/indexstring/IndexExactLexiconResolver.java	93d8d37c41dc89a9da4fd6f2e5a2cb5e14aa2eba	java	false	family.entire-source-closure	REVIEW_REQUIRED
synexia-indexstring/src/main/java/com/synexia/indexstring/IndexExactNamespace.java	9d28e9d263c088fd4938d386b75594f31aed44d3	java	false	family.entire-source-closure	REVIEW_REQUIRED
synexia-indexstring/src/main/java/com/synexia/indexstring/IndexExtendedMaskTable.java	1bb54349390174d7a57065d756a7ade7b16cbd61	java	false	family.entire-source-closure	REVIEW_REQUIRED
synexia-indexstring/src/main/java/com/synexia/indexstring/IndexFrozenLongLookup.java	de1c256f0199f3fd428a821dd31cfddf1bef7061	java	false	family.entire-source-closure	REVIEW_REQUIRED
synexia-indexstring/src/main/java/com/synexia/indexstring/IndexFrozenLookup.java	fafc2fa8463fc2f2f015e0d07a3da88488d9c9fa	java	false	family.entire-source-closure	REVIEW_REQUIRED
synexia-indexstring/src/main/java/com/synexia/indexstring/IndexFrozenLookupHandle.java	ef8046604256dcab91af74de350899cd360c0c7b	java	false	family.entire-source-closure	REVIEW_REQUIRED
synexia-indexstring/src/main/java/com/synexia/indexstring/IndexFrozenLookupStats.java	8da4fce4d84b33508b8526539de408504e2cd26e	java	false	family.entire-source-closure	REVIEW_REQUIRED
synexia-indexstring/src/main/java/com/synexia/indexstring/IndexGoogleBooksNgramShard.java	44e00515ecc62c65fec7db04e05943fe58fa624b	java	false	family.entire-source-closure	REVIEW_REQUIRED
synexia-indexstring/src/main/java/com/synexia/indexstring/IndexId.java	e1089c45c06c53bedffbd2a5774deabca56dba54	java	false	family.entire-source-closure	REVIEW_REQUIRED
synexia-indexstring/src/main/java/com/synexia/indexstring/IndexInternedLiteralNamespace.java	6fc2ed127d7a54f6925877612031ce7650b3f9f5	java	false	family.entire-source-closure	REVIEW_REQUIRED
synexia-indexstring/src/main/java/com/synexia/indexstring/IndexKnowledgeSourceCatalog.java	82e180e180a13b01d5b11d013ea1897c41182a75	java	false	family.entire-source-closure	REVIEW_REQUIRED
synexia-indexstring/src/main/java/com/synexia/indexstring/IndexLanguage.java	43b823827442dfce09770febfbe73097487603e4	java	false	family.entire-source-closure	REVIEW_REQUIRED
synexia-indexstring/src/main/java/com/synexia/indexstring/IndexLatin1Resolver.java	1520fa650215fd702b49d846b8cb8c1a85543f43	java	false	family.entire-source-closure	REVIEW_REQUIRED
synexia-indexstring/src/main/java/com/synexia/indexstring/IndexLazyFullLanguageRuntime.java	bbe168821bceed6ddd9f508a026abd132a66486a	java	false	family.entire-source-closure	REVIEW_REQUIRED
synexia-indexstring/src/main/java/com/synexia/indexstring/IndexLazyLanguageFactsRuntime.java	d924b4c95e2cb0ca1cfe567f1035a3a46f50cb8b	java	false	family.entire-source-closure	REVIEW_REQUIRED
synexia-indexstring/src/main/java/com/synexia/indexstring/IndexLazyLanguageNgramRuntime.java	6d586f839df0bbd99d90aa40dfbde11b84b4c208	java	false	family.entire-source-closure	REVIEW_REQUIRED
synexia-indexstring/src/main/java/com/synexia/indexstring/IndexLazyLanguagePackRuntime.java	cac83f854b701fdd503b7af419e2a3125135a8af	java	false	family.entire-source-closure	REVIEW_REQUIRED
synexia-indexstring/src/main/java/com/synexia/indexstring/IndexLazyLanguagePosRuntime.java	87a3a0fe9c6ad1b879ddbf347eb7e2332a95bd10	java	false	family.entire-source-closure	REVIEW_REQUIRED
synexia-indexstring/src/main/java/com/synexia/indexstring/IndexLazyLanguagePosTransitionRuntime.java	267bcb3ee14c93460b049bb4b0fa60b62a4165fa	java	false	family.entire-source-closure	REVIEW_REQUIRED
synexia-indexstring/src/main/java/com/synexia/indexstring/IndexLazyLanguageTranslationRuntime.java	e16e83dada770465cedcf7bfcf0a73694e911ced	java	false	family.entire-source-closure	REVIEW_REQUIRED
synexia-indexstring/src/main/java/com/synexia/indexstring/IndexLazySharedCatalogRuntime.java	326e018ebc1fc152ea3976e68ac11af9fd3c3090	java	false	family.entire-source-closure	REVIEW_REQUIRED
synexia-indexstring/src/main/java/com/synexia/indexstring/IndexLexemeKind.java	ae24fb655623dc6e85689a065d182cdac734b0fe	java	false	family.entire-source-closure	REVIEW_REQUIRED
synexia-indexstring/src/main/java/com/synexia/indexstring/IndexLexicon.java	02ab4bbe7515b5452928dfc8fc831e3cc18ae623	java	false	family.entire-source-closure	REVIEW_REQUIRED
synexia-indexstring/src/main/java/com/synexia/indexstring/IndexLexiconAdaptiveByteMatrix.java	53b2d4cd0a741da3961da26cfd856e01a8f7d4a2	java	false	family.entire-source-closure	REVIEW_REQUIRED
synexia-indexstring/src/main/java/com/synexia/indexstring/IndexLexiconAdaptiveByteMatrixImage.java	2482b670abc23e7dab38cd9ba6452fa6625b9be4	java	false	family.entire-source-closure	REVIEW_REQUIRED
synexia-indexstring/src/main/java/com/synexia/indexstring/IndexLexiconAddressFingerprint.java	2923d62c69607d7231e883cf65b89acb74499258	java	false	family.entire-source-closure	REVIEW_REQUIRED
synexia-indexstring/src/main/java/com/synexia/indexstring/IndexLexiconAddressMatrix.java	bdc583f551d6e0130fbae67884aa38f95c8a3b2d	java	false	family.entire-source-closure	REVIEW_REQUIRED
synexia-indexstring/src/main/java/com/synexia/indexstring/IndexLexiconAddressMatrixImage.java	eb32757db309eff57300d763582f32a0ff83a80e	java	false	family.entire-source-closure	REVIEW_REQUIRED
synexia-indexstring/src/main/java/com/synexia/indexstring/IndexLexiconAddressView.java	e3c2e04b0a143ad452a4dd49a0bfe184e3513bea	java	false	family.entire-source-closure	REVIEW_REQUIRED
synexia-indexstring/src/main/java/com/synexia/indexstring/IndexLexiconCatalog.java	19a2fee287a730110c4f6b26c101c3f7ae5ccc66	java	false	family.entire-source-closure	REVIEW_REQUIRED
synexia-indexstring/src/main/java/com/synexia/indexstring/IndexLexiconCompiler.java	29b1c3fb9c3083c48e1ea3bb72aac0ae760d2e71	java	false	family.entire-source-closure	REVIEW_REQUIRED
synexia-indexstring/src/main/java/com/synexia/indexstring/IndexLexiconCoordinate.java	3f9f817187f68c3e7d63c3f491868b6238ac82da	java	false	family.entire-source-closure	REVIEW_REQUIRED
synexia-indexstring/src/main/java/com/synexia/indexstring/IndexLexiconFixedAsciiMatrix.java	10ad03e5a3df085debac024bbb19aca6584531a1	java	false	family.entire-source-closure	REVIEW_REQUIRED
synexia-indexstring/src/main/java/com/synexia/indexstring/IndexLexiconFixedAsciiMatrixImage.java	f715d1611d7e423be38c9c74a64852cedee255c5	java	false	family.entire-source-closure	REVIEW_REQUIRED
synexia-indexstring/src/main/java/com/synexia/indexstring/IndexLexiconId.java	e7b5db5f54d5d7697a3324593571ca2415ef2636	java	false	family.entire-source-closure	REVIEW_REQUIRED
synexia-indexstring/src/main/java/com/synexia/indexstring/IndexLexiconNamespace.java	f8b5f7bf14cf1bdbe40c1b7e40b53b5ece51cc09	java	false	family.entire-source-closure	REVIEW_REQUIRED
synexia-indexstring/src/main/java/com/synexia/indexstring/IndexLexiconNamespaceView.java	fdf2beeaf8ae05be33445dd096e7b6fe234fb533	java	false	family.entire-source-closure	REVIEW_REQUIRED
synexia-indexstring/src/main/java/com/synexia/indexstring/IndexLexiconPagedAddressMatrixImage.java	75a33bdc89cf5358d5a7dfaac29626227b88cc0a	java	false	family.entire-source-closure	REVIEW_REQUIRED
synexia-indexstring/src/main/java/com/synexia/indexstring/IndexLexiconPath.java	43c6b1f80f1d61ab6092177be8679e78743bf095	java	false	family.entire-source-closure	REVIEW_REQUIRED
synexia-indexstring/src/main/java/com/synexia/indexstring/IndexLexiconRef.java	d23f7a0e2b61a4a3be2a703d0b3d64777705f097	java	false	family.entire-source-closure	REVIEW_REQUIRED
synexia-indexstring/src/main/java/com/synexia/indexstring/IndexLexiconWordView.java	e981885ba2268552b7d3aa3d21e2334ea9f26e68	java	false	family.entire-source-closure	REVIEW_REQUIRED
synexia-indexstring/src/main/java/com/synexia/indexstring/IndexLongIntCounter.java	aef392a598e70c76e2e2f935dc015173a818c7c5	java	false	family.entire-source-closure	REVIEW_REQUIRED
synexia-indexstring/src/main/java/com/synexia/indexstring/IndexLuhnSummarizer.java	e349198056bdf2116ae6883f9b3a920d63c3bf98	java	false	family.entire-source-closure	REVIEW_REQUIRED
synexia-indexstring/src/main/java/com/synexia/indexstring/IndexLuhnSummary.java	f6d2c132c71e14c2623fe689edb14580793bed8a	java	false	family.entire-source-closure	REVIEW_REQUIRED
synexia-indexstring/src/main/java/com/synexia/indexstring/IndexMaskKind.java	955a691c3aceb0dd7f4304614d0ad03b16e4e879	java	false	family.entire-source-closure	REVIEW_REQUIRED
synexia-indexstring/src/main/java/com/synexia/indexstring/IndexMaskOperation.java	5972c7e0d21329c61dab465085bfc9d64c2711ba	java	false	family.entire-source-closure	REVIEW_REQUIRED
synexia-indexstring/src/main/java/com/synexia/indexstring/IndexMaskResolver.java	8416e659054eb57c5cb101ee2dfe1fda673ed4b5	java	false	family.entire-source-closure	REVIEW_REQUIRED
synexia-indexstring/src/main/java/com/synexia/indexstring/IndexNGramCandidateReceipt.java	ef8ff890ceb0c54ded92013b4d20ef12a76aa2f0	java	false	family.entire-source-closure	REVIEW_REQUIRED
synexia-indexstring/src/main/java/com/synexia/indexstring/IndexNGramCompressedImage.java	2c355e8047fb25b37496340a6aadc6e14d6e270d	java	false	family.entire-source-closure	REVIEW_REQUIRED
synexia-indexstring/src/main/java/com/synexia/indexstring/IndexNGramExternalSorter.java	abad74ead3d8ca89f40758336ddaa796fb427341	java	false	family.entire-source-closure	REVIEW_REQUIRED
synexia-indexstring/src/main/java/com/synexia/indexstring/IndexNGramIndex.java	03bc15835e0586e10d29e1c2505df61a84c957cb	java	false	family.entire-source-closure	REVIEW_REQUIRED
synexia-indexstring/src/main/java/com/synexia/indexstring/IndexNGramIndexImage.java	4dc7d77490d6e87d0248623dba397c80c436d580	java	false	family.entire-source-closure	REVIEW_REQUIRED
synexia-indexstring/src/main/java/com/synexia/indexstring/IndexPackageExampleExport.java	d37c025fcc5c76457b677585f586908aae0704d5	java	false	family.entire-source-closure	REVIEW_REQUIRED
synexia-indexstring/src/main/java/com/synexia/indexstring/IndexPattern.java	876d8a1b6da72c3992dc47053287fac40cfe6148	java	false	family.entire-source-closure	REVIEW_REQUIRED
synexia-indexstring/src/main/java/com/synexia/indexstring/IndexPhraseTable.java	cf489dfac7f0bd624ddf28c16c2d6f57ddb6789b	java	false	family.entire-source-closure	REVIEW_REQUIRED
synexia-indexstring/src/main/java/com/synexia/indexstring/IndexPosImage.java	01f725ec9d7d2195c1256edf5e467d8600ee5ef1	java	false	family.entire-source-closure	REVIEW_REQUIRED
synexia-indexstring/src/main/java/com/synexia/indexstring/IndexPosTag.java	3cf6ff10b8442ed441c0cb62b29dc0b1d0ad1a7c	java	false	family.entire-source-closure	REVIEW_REQUIRED
synexia-indexstring/src/main/java/com/synexia/indexstring/IndexPosTransitionImage.java	859d9bb5021a8aaf552d920b63a17158a2aaa094	java	false	family.entire-source-closure	REVIEW_REQUIRED
synexia-indexstring/src/main/java/com/synexia/indexstring/IndexPrecomputedTextFactsResolver.java	a40918f8bf293c4cfe12d311d9cd878ceeb98c5b	java	false	family.entire-source-closure	REVIEW_REQUIRED
synexia-indexstring/src/main/java/com/synexia/indexstring/IndexPreparedKey32.java	18541bc8c4475e6f61caa41657f1bdb4f3aa8e4b	java	false	family.entire-source-closure	REVIEW_REQUIRED
synexia-indexstring/src/main/java/com/synexia/indexstring/IndexRangeMaskResolver.java	06732caab553aae5dad5d1523cdde6f640849a82	java	false	family.entire-source-closure	REVIEW_REQUIRED
synexia-indexstring/src/main/java/com/synexia/indexstring/IndexRawAddressInvariant.java	b718a720d98e414b47eabd0bf2e58be6cceeab44	java	false	family.entire-source-closure	REVIEW_REQUIRED
synexia-indexstring/src/main/java/com/synexia/indexstring/IndexRegex.java	51397501b9b46e12b5ba7eaec76460332556a507	java	false	family.entire-source-closure	REVIEW_REQUIRED
synexia-indexstring/src/main/java/com/synexia/indexstring/IndexRegexSet.java	8496508844fb66510de49d7aa1c9e7825047855e	java	false	family.entire-source-closure	REVIEW_REQUIRED
synexia-indexstring/src/main/java/com/synexia/indexstring/IndexRegexSetImage.java	8cd0f0aee6552101e86954d8a295f0b5d8a1349b	java	false	family.entire-source-closure	REVIEW_REQUIRED
synexia-indexstring/src/main/java/com/synexia/indexstring/IndexResidualKey32Lookup.java	4a1c7eb5549dc60815110f18f36411b22f31b583	java	false	family.entire-source-closure	REVIEW_REQUIRED
synexia-indexstring/src/main/java/com/synexia/indexstring/IndexResolver.java	7210e3cf39fb619fead9b95fc7f498b0bef7501b	java	false	family.entire-source-closure	REVIEW_REQUIRED
synexia-indexstring/src/main/java/com/synexia/indexstring/IndexRuntime.java	558e37112fb4273b09cdf70342d9734ff061dd77	java	false	family.entire-source-closure	REVIEW_REQUIRED
synexia-indexstring/src/main/java/com/synexia/indexstring/IndexSearchAccelerator.java	7cee7836e19b647d1c4cf932c173d43ce7a132d7	java	false	family.entire-source-closure	REVIEW_REQUIRED
synexia-indexstring/src/main/java/com/synexia/indexstring/IndexSearchAcceleratorSelection.java	db6d0af07737c304687c645b4cba9d23516c7bf2	java	false	family.entire-source-closure	REVIEW_REQUIRED
synexia-indexstring/src/main/java/com/synexia/indexstring/IndexSearchAccelerators.java	0894bc7d1e3e00b425cb3640c633917cea7d5c4a	java	false	family.entire-source-closure	REVIEW_REQUIRED
synexia-indexstring/src/main/java/com/synexia/indexstring/IndexSearchHit.java	ed0689217c3571f2f5111f258700097046ff617f	java	false	family.entire-source-closure	REVIEW_REQUIRED
synexia-indexstring/src/main/java/com/synexia/indexstring/IndexSharedCatalogManifest.java	c62c50c62ee46c693fc92b928f56440b82229968	java	false	family.entire-source-closure	REVIEW_REQUIRED
synexia-indexstring/src/main/java/com/synexia/indexstring/IndexSharedCatalogPublisher.java	8eeafb45eecc321951d51879e00f7464f5e3c288	java	false	family.entire-source-closure	REVIEW_REQUIRED
synexia-indexstring/src/main/java/com/synexia/indexstring/IndexSharedCatalogRuntime.java	4cf4a6e871c15aec8df5eee99be9c27958ecfb58	java	false	family.entire-source-closure	REVIEW_REQUIRED
synexia-indexstring/src/main/java/com/synexia/indexstring/IndexSharedLanguageCatalog.java	af17c94ce6c9b8856a155468be1c5b0ccddbe24d	java	false	family.entire-source-closure	REVIEW_REQUIRED
synexia-indexstring/src/main/java/com/synexia/indexstring/IndexSpace.java	0bb5a8d0ba43cfd2781dcb050ef68a2f07752997	java	false	family.entire-source-closure	REVIEW_REQUIRED
synexia-indexstring/src/main/java/com/synexia/indexstring/IndexString.java	f33eed7896278a10b5b72e4764c493fa3717f2c3	java	false	family.entire-source-closure	REVIEW_REQUIRED
synexia-indexstring/src/main/java/com/synexia/indexstring/IndexStringBitDocumentCodec.java	1713323cb54b365b06a372cc7944c2be500f551e	java	false	family.entire-source-closure	REVIEW_REQUIRED
synexia-indexstring/src/main/java/com/synexia/indexstring/IndexStringBitIndex.java	bf3cd0df9d6bbefd3f3ed9f8ddbaf45e5f896df3	java	false	family.entire-source-closure	REVIEW_REQUIRED
synexia-indexstring/src/main/java/com/synexia/indexstring/IndexStringBits.java	d07d168f1a5ddee48153300e7e37cb45a765a166	java	false	family.entire-source-closure	REVIEW_REQUIRED
synexia-indexstring/src/main/java/com/synexia/indexstring/IndexStringBuilder.java	22e15a077673b0f430a6e7c082fa1e411d4df641	java	false	family.entire-source-closure	REVIEW_REQUIRED
synexia-indexstring/src/main/java/com/synexia/indexstring/IndexStringChunk.java	33ef87141c61dccd41b7a79fa61210cfc6bb81f5	java	false	family.entire-source-closure	REVIEW_REQUIRED
synexia-indexstring/src/main/java/com/synexia/indexstring/IndexStringChunks.java	617cc657af8ccb3c0290b64614929e9174fbf6a6	java	false	family.entire-source-closure	REVIEW_REQUIRED
synexia-indexstring/src/main/java/com/synexia/indexstring/IndexStringCodec.java	5292feeb0985225c01bd602300b887adfbfab594	java	false	family.entire-source-closure	REVIEW_REQUIRED
synexia-indexstring/src/main/java/com/synexia/indexstring/IndexStringCollection.java	57c7c333c3de19dc81fef0eb734ff1a2fdf19b40	java	false	family.entire-source-closure	REVIEW_REQUIRED
synexia-indexstring/src/main/java/com/synexia/indexstring/IndexStringHash.java	2680bad95d1efc8dc55b7f43f7f005b5804e7156	java	false	family.entire-source-closure	REVIEW_REQUIRED
synexia-indexstring/src/main/java/com/synexia/indexstring/IndexStringId.java	38c81a7728563d5a9fe566266b20fcea991a9b26	java	false	family.entire-source-closure	REVIEW_REQUIRED
synexia-indexstring/src/main/java/com/synexia/indexstring/IndexStringJoiner.java	6f15500a46ea7ce8cfd250953cbe242108ca06bc	java	false	family.entire-source-closure	REVIEW_REQUIRED
synexia-indexstring/src/main/java/com/synexia/indexstring/IndexStringList.java	7980cd551c289f8b80efc60b451f0d68390e3eee	java	false	family.entire-source-closure	REVIEW_REQUIRED
synexia-indexstring/src/main/java/com/synexia/indexstring/IndexStringLongMap.java	8c590e6ca10ab7bc01bc5d6af2c311f227ec37f4	java	false	family.entire-source-closure	REVIEW_REQUIRED
synexia-indexstring/src/main/java/com/synexia/indexstring/IndexStringMap.java	0117d63102976c9c40f2839ba41ae259c2c75bef	java	false	family.entire-source-closure	REVIEW_REQUIRED
synexia-indexstring/src/main/java/com/synexia/indexstring/IndexStringMapper.java	458c86b20638feada51b231540d40c860cdafca2	java	false	family.entire-source-closure	REVIEW_REQUIRED
synexia-indexstring/src/main/java/com/synexia/indexstring/IndexStringPool.java	103a287ce405440535dff00f68785670cba120e3	java	false	family.entire-source-closure	REVIEW_REQUIRED
synexia-indexstring/src/main/java/com/synexia/indexstring/IndexStringRef.java	4dd5acebfc57df93a51a6fa22e456e5a79d2d4ba	java	false	family.entire-source-closure	REVIEW_REQUIRED
synexia-indexstring/src/main/java/com/synexia/indexstring/IndexStringRegex.java	c48ae21c6d85dc37a67136a9e2c3093499040640	java	false	family.entire-source-closure	REVIEW_REQUIRED
synexia-indexstring/src/main/java/com/synexia/indexstring/IndexStringSet.java	345bc0d801bfa2b0217a29be4f75520183fc2939	java	false	family.entire-source-closure	REVIEW_REQUIRED
synexia-indexstring/src/main/java/com/synexia/indexstring/IndexStringSpace.java	6845b8974be0ad5fe3d49919d8637625c4bc53e0	java	false	family.entire-source-closure	REVIEW_REQUIRED
synexia-indexstring/src/main/java/com/synexia/indexstring/IndexStringStoreWriter.java	6792486641b0f836e392a580f805694392b9f574	java	false	family.entire-source-closure	REVIEW_REQUIRED
synexia-indexstring/src/main/java/com/synexia/indexstring/IndexStringStream.java	f0e3b3a9133788e6d5d0b122bd4f1977392d6220	java	false	family.entire-source-closure	REVIEW_REQUIRED
synexia-indexstring/src/main/java/com/synexia/indexstring/IndexStringText.java	cb5b2922e37dced95011a24d1f67262b0bf19d03	java	false	family.entire-source-closure	REVIEW_REQUIRED
synexia-indexstring/src/main/java/com/synexia/indexstring/IndexStringTuple.java	46c58ebe4ac854c509f31e0a5ffdf00871751b2e	java	false	family.entire-source-closure	REVIEW_REQUIRED
synexia-indexstring/src/main/java/com/synexia/indexstring/IndexStringTupleBuilder.java	3a532e1f2161abe0408fb8c4b8cfa670d6f14aca	java	false	family.entire-source-closure	REVIEW_REQUIRED
synexia-indexstring/src/main/java/com/synexia/indexstring/IndexStringTupleChunk.java	306c75fe7bf6bb0c1242da111bd1e61a8eb241e2	java	false	family.entire-source-closure	REVIEW_REQUIRED
synexia-indexstring/src/main/java/com/synexia/indexstring/IndexStrings.java	ffacb6c7a021c59e55df6fd263470e3a90d0334a	java	false	family.entire-source-closure	REVIEW_REQUIRED
synexia-indexstring/src/main/java/com/synexia/indexstring/IndexSubstringDistinctWords.java	c00ebb159a3c9f2c88df0d40eda1142f4a9170f6	java	false	family.entire-source-closure	REVIEW_REQUIRED
synexia-indexstring/src/main/java/com/synexia/indexstring/IndexSubstringIndex.java	56cf8c993749d3804f60058d72508ffd9b14dc61	java	false	family.entire-source-closure	REVIEW_REQUIRED
synexia-indexstring/src/main/java/com/synexia/indexstring/IndexSubstringIndexImage.java	0faff1bf753c792d048d6ce5c65f1df40c24e15a	java	false	family.entire-source-closure	REVIEW_REQUIRED
synexia-indexstring/src/main/java/com/synexia/indexstring/IndexSubstringIndexView.java	5cfdf03626325d1dfb95c424cb99a68b6a4240a1	java	false	family.entire-source-closure	REVIEW_REQUIRED
synexia-indexstring/src/main/java/com/synexia/indexstring/IndexSubstringRadixBuilder.java	f1ee11ff6b69f208c8a2dbda5cfcf4d01344d381	java	false	family.entire-source-closure	REVIEW_REQUIRED
synexia-indexstring/src/main/java/com/synexia/indexstring/IndexSymbolId.java	20824f2ae3d2d59478e52aab00f76472f15d6acc	java	false	family.entire-source-closure	REVIEW_REQUIRED
synexia-indexstring/src/main/java/com/synexia/indexstring/IndexTextChunk.java	dffed83e0b2da45ec1df31d2417643807ac6b4d5	java	false	family.entire-source-closure	REVIEW_REQUIRED
synexia-indexstring/src/main/java/com/synexia/indexstring/IndexTextChunkKind.java	8c4d08dee8af8d3cd9d47be036b6e5e8696c6257	java	false	family.entire-source-closure	REVIEW_REQUIRED
synexia-indexstring/src/main/java/com/synexia/indexstring/IndexTextDescriptor.java	937992d350782e57b5337ed56c83c473cea01000	java	false	family.entire-source-closure	REVIEW_REQUIRED
synexia-indexstring/src/main/java/com/synexia/indexstring/IndexTextDocument.java	f6f97410c168f1115dacf792ba9315f51befe5fb	java	false	family.entire-source-closure	REVIEW_REQUIRED
synexia-indexstring/src/main/java/com/synexia/indexstring/IndexTextLine.java	c405b8a82dc549fdb76fe3956a0bf0021de1f42e	java	false	family.entire-source-closure	REVIEW_REQUIRED
synexia-indexstring/src/main/java/com/synexia/indexstring/IndexTextMetrics.java	58beddc813b3ed4716233d23f0e1909bda4e21b9	java	false	family.entire-source-closure	REVIEW_REQUIRED
synexia-indexstring/src/main/java/com/synexia/indexstring/IndexTextMetricsResolver.java	041a6d48669361b18b80177f82e9c91fa8d75df4	java	false	family.entire-source-closure	REVIEW_REQUIRED
synexia-indexstring/src/main/java/com/synexia/indexstring/IndexTextParser.java	83595470c21b5937b69afbfa4b6ff748434724d3	java	false	family.entire-source-closure	REVIEW_REQUIRED
synexia-indexstring/src/main/java/com/synexia/indexstring/IndexToken.java	38f945f0074bfb762d4490e9f3b737a32ce1caaa	java	false	family.entire-source-closure	REVIEW_REQUIRED
synexia-indexstring/src/main/java/com/synexia/indexstring/IndexTokenPatternKernel.java	b2c86003272af1151cf03f4b3039e146c896ad3b	java	false	family.entire-source-closure	REVIEW_REQUIRED
synexia-indexstring/src/main/java/com/synexia/indexstring/IndexTokenizer.java	bdd0dec75d2c7980feb163223b852914763e5aae	java	false	family.entire-source-closure	REVIEW_REQUIRED
synexia-indexstring/src/main/java/com/synexia/indexstring/IndexTopKCounterRanking.java	d450a7d2e66ea70c41e8a66d3cef07db09905051	java	false	family.entire-source-closure	REVIEW_REQUIRED
synexia-indexstring/src/main/java/com/synexia/indexstring/IndexTranslationTable.java	3bf8b20f12b03e0c8e6bb194a66ab30a1eb421d6	java	false	family.entire-source-closure	REVIEW_REQUIRED
synexia-indexstring/src/main/java/com/synexia/indexstring/IndexTsvWordFactsSource.java	f0a35082b18f54ea3366f79302b6ab29bd21225b	java	false	family.entire-source-closure	REVIEW_REQUIRED
synexia-indexstring/src/main/java/com/synexia/indexstring/IndexUtf16SearchImage.java	1a6c8a8cafd9297bc6cec3730b81edc5b7f9cb47	java	false	family.entire-source-closure	REVIEW_REQUIRED
synexia-indexstring/src/main/java/com/synexia/indexstring/IndexUtf16ViewResolver.java	b4e17a82db6784c3e0ebe7b0fe8df491970b545a	java	false	family.entire-source-closure	REVIEW_REQUIRED
synexia-indexstring/src/main/java/com/synexia/indexstring/IndexUtf8AddressResolver.java	499c1b20545e6f30ab3098c2878ca0c3c12ce9d1	java	false	family.entire-source-closure	REVIEW_REQUIRED
synexia-indexstring/src/main/java/com/synexia/indexstring/IndexUtf8Admission.java	69a345fad802466174cd95bd866af86216b069ed	java	false	family.entire-source-closure	REVIEW_REQUIRED
synexia-indexstring/src/main/java/com/synexia/indexstring/IndexUtf8Key32.java	d775e33c55c931970a52be59d0ebb340ed10dfe8	java	false	family.entire-source-closure	REVIEW_REQUIRED
synexia-indexstring/src/main/java/com/synexia/indexstring/IndexUtf8Resolver.java	487124b57460fbeb4b5ce241c7e44c38e716cbc8	java	false	family.entire-source-closure	REVIEW_REQUIRED
synexia-indexstring/src/main/java/com/synexia/indexstring/IndexUtf8ScatterView.java	17a2fa4b3f8dc1a5b7bf3f9ad13603816e6afe57	java	false	family.entire-source-closure	REVIEW_REQUIRED
synexia-indexstring/src/main/java/com/synexia/indexstring/IndexUtf8Support.java	9f05add162e1260db41656753530b7303e0e20a4	java	false	family.entire-source-closure	REVIEW_REQUIRED
synexia-indexstring/src/main/java/com/synexia/indexstring/IndexUtf8TokenKey.java	09486dba69fe0dcb68167bd6c81264adf51794e3	java	false	family.entire-source-closure	REVIEW_REQUIRED
synexia-indexstring/src/main/java/com/synexia/indexstring/IndexUtf8ViewResolver.java	a3f5b630fa8f2b938c0d910311da1658f065e7ff	java	false	family.entire-source-closure	REVIEW_REQUIRED
synexia-indexstring/src/main/java/com/synexia/indexstring/IndexValue.java	34b57852416eadaaa8dd2eb6eb7271061d8bbca2	java	false	family.entire-source-closure	REVIEW_REQUIRED
synexia-indexstring/src/main/java/com/synexia/indexstring/IndexVirtualId.java	146a00c3fe48231fbfbe96c14f9f90fc18d55582	java	false	family.entire-source-closure	REVIEW_REQUIRED
synexia-indexstring/src/main/java/com/synexia/indexstring/IndexWikimediaPageXml.java	75301a58071397f015f59ee9af5711d5af2a6d7f	java	false	family.entire-source-closure	REVIEW_REQUIRED
synexia-indexstring/src/main/java/com/synexia/indexstring/IndexWordFacts.java	7b1f90e228df8c13bf571912305f3cc909d3d29f	java	false	family.entire-source-closure	REVIEW_REQUIRED
synexia-indexstring/src/main/java/com/synexia/indexstring/IndexWordFactsBuilder.java	182e4c9422326b112cbd92ba2e8820b66b2bdde4	java	false	family.entire-source-closure	REVIEW_REQUIRED
synexia-indexstring/src/main/java/com/synexia/indexstring/IndexWordFactsImage.java	cd5ed46d90572826bc72b84d20353fb21d7cdf56	java	false	family.entire-source-closure	REVIEW_REQUIRED
synexia-indexstring/src/main/java/com/synexia/indexstring/IndexWordFactsPostings.java	65c38bd231c61ca25fca3cad352aa2148b3a668d	java	false	family.entire-source-closure	REVIEW_REQUIRED
synexia-indexstring/src/main/java/com/synexia/indexstring/IndexWordFactsPostingsImage.java	659c826329cd74199ad1f2f83320299d08359de2	java	false	family.entire-source-closure	REVIEW_REQUIRED
synexia-indexstring/src/main/java/com/synexia/indexstring/IndexWordFactsPostingsView.java	bd60cc7ba939eb68522dd1f1245afba3a8e3c2e2	java	false	family.entire-source-closure	REVIEW_REQUIRED
synexia-indexstring/src/main/java/com/synexia/indexstring/IndexWordFactsSnapshot.java	296a2102e58ba5e26e4b7773839b0693b6b532dc	java	false	family.entire-source-closure	REVIEW_REQUIRED
synexia-indexstring/src/main/java/com/synexia/indexstring/IndexWordFlagKernel.java	355563aaf8101dac387d5cb45569864d22780acf	java	false	family.entire-source-closure	REVIEW_REQUIRED
synexia-indexstring/src/main/java/com/synexia/indexstring/IndexWordFlags.java	b6edb327a72228ccdb602c7be514f91cc2b80c10	java	false	family.entire-source-closure	REVIEW_REQUIRED
synexia-indexstring/src/main/java/com/synexia/indexstring/IndexWordFrequencyRanks.java	86bbef832579bd7b255350fcebb2d78d36bf4441	java	false	family.entire-source-closure	REVIEW_REQUIRED
synexia-indexstring/src/main/java/com/synexia/indexstring/IndexWordHotDescriptor.java	2a5161d8510fd4793e537ffe30e09b7c6d4ffaeb	java	false	family.entire-source-closure	REVIEW_REQUIRED
synexia-indexstring/src/main/java/com/synexia/indexstring/IndexWordMetadataView.java	1ffc50aa665cc0461671c228e5aae610c4db922e	java	false	family.entire-source-closure	REVIEW_REQUIRED
synexia-indexstring/src/main/java/com/synexia/indexstring/IndexWordRelationFlags.java	0aeacd5fce4c49d974c5b97d3f0fb9f531dae3f1	java	false	family.entire-source-closure	REVIEW_REQUIRED
synexia-indexstring/src/main/java/com/synexia/indexstring/IndexWordRowsImage.java	961969c8a8b206ff544e770834f0d40854c6cca4	java	false	family.entire-source-closure	REVIEW_REQUIRED
synexia-indexstring/src/main/java/com/synexia/indexstring/IndexWordRuntime.java	90d6e1b0411adea747a5eb481f4280f143b67af4	java	false	family.entire-source-closure	REVIEW_REQUIRED
synexia-indexstring/src/main/java/com/synexia/indexstring/IndexWordSignalEnricher.java	4b7970a2624ed6b7df6073a8aacce6712db8a341	java	false	family.entire-source-closure	REVIEW_REQUIRED
synexia-indexstring/src/main/java/com/synexia/indexstring/IndexWordSignalEnrichment.java	630809cf146a2ff52b243b1fb176ae2ca9e4e665	java	false	family.entire-source-closure	REVIEW_REQUIRED
synexia-indexstring/src/main/java/com/synexia/indexstring/IndexWordSignalFlags.java	2e7acde740881dcc47140801a379dd38df0addd0	java	false	family.entire-source-closure	REVIEW_REQUIRED
synexia-indexstring/src/main/java/com/synexia/indexstring/IndexWordSignalIndex.java	5316cf2e680a8aaa57bbba5d11c6a59c17334ffd	java	false	family.entire-source-closure	REVIEW_REQUIRED
synexia-indexstring/src/main/java/com/synexia/indexstring/IndexWordSignalIndexImage.java	1229db65cfcf6f1b2e3f0180ef37cc614c44d831	java	false	family.entire-source-closure	REVIEW_REQUIRED
synexia-indexstring/src/main/java/com/synexia/indexstring/IndexWordSignalIndexView.java	0d3e5a0fa9c2043a6e4d3af92604c5e17c9d66b7	java	false	family.entire-source-closure	REVIEW_REQUIRED
synexia-indexstring/src/main/java/com/synexia/indexstring/IndexWordSignalProfile.java	bfa4e2ddf248e31ac66441d741c6b104f76d07d0	java	false	family.entire-source-closure	REVIEW_REQUIRED
synexia-indexstring/src/main/java/com/synexia/indexstring/IndexWordSignalQuery.java	851a7aa19770a0bc1b8b98d8edda11a1a61bd993	java	false	family.entire-source-closure	REVIEW_REQUIRED
synexia-indexstring/src/main/java/com/synexia/indexstring/IndexWordSignalResult.java	364cffce78f8afe588e93efa290cef57d95b4ef9	java	false	family.entire-source-closure	REVIEW_REQUIRED
synexia-indexstring/src/main/java/com/synexia/indexstring/IndexWordSignalSearch.java	9e8b09b450307154a265f2ac84803cd7e16f1062	java	false	family.entire-source-closure	REVIEW_REQUIRED
synexia-indexstring/src/main/java/com/synexia/indexstring/IndexXString.java	d9e48f02d8c9376dd1e140ec0f3a5b8fa75a85c1	java	false	family.entire-source-closure	REVIEW_REQUIRED
synexia-indexstring/src/main/java/com/synexia/indexstring/IndexXStringBuilder.java	408a6e4ab5b0530f0b6d7a83fa3364d7d986d26b	java	false	family.entire-source-closure	REVIEW_REQUIRED
synexia-indexstring/src/main/java/com/synexia/indexstring/IndexedParagraph.java	d8f3516620f0ebadce0f0d956fb253e541537a89	java	false	family.entire-source-closure	REVIEW_REQUIRED
synexia-indexstring/src/main/java/com/synexia/indexstring/JavaIndexArtifactHashProvider.java	02c1d77365910d05b2a60b75415736b9de111006	java	false	family.entire-source-closure	REVIEW_REQUIRED
synexia-indexstring/src/main/java/com/synexia/indexstring/JavaIndexSearchAccelerator.java	b49b94063ffdc23ddce2c1d69c9ebf59c9ba9fc2	java	false	family.entire-source-closure	REVIEW_REQUIRED
synexia-indexstring/src/main/java/com/synexia/indexstring/JavaMIndexBloomBatchProvider.java	7a50cd0f1df339d0f3b105049e8a1ec3dd9dfa11	java	false	family.entire-source-closure	REVIEW_REQUIRED
synexia-indexstring/src/main/java/com/synexia/indexstring/JavaMIndexCodeTextSignalBatch.java	55e14479747542fb51bd20c1f2a475f497e116d6	java	false	family.entire-source-closure	REVIEW_REQUIRED
synexia-indexstring/src/main/java/com/synexia/indexstring/JavaMIndexRegexAtomBatchExecutor.java	c3a5f815eb544050fee06eec502b8301b5a55414	java	false	family.entire-source-closure	REVIEW_REQUIRED
synexia-indexstring/src/main/java/com/synexia/indexstring/JavaMIndexRegexBatchAccelerator.java	90e1f576c3fc7d16173a15c8be82afa21b4bae0f	java	false	family.entire-source-closure	REVIEW_REQUIRED
synexia-indexstring/src/main/java/com/synexia/indexstring/JavaMatIndexDistanceCandidateExecutor.java	421c793ed6bec99b41d312f81e9f976b243b8206	java	false	family.entire-source-closure	REVIEW_REQUIRED
synexia-indexstring/src/main/java/com/synexia/indexstring/JavaMatIndexStringAccelerator.java	ee6fd951980530aeba255428a56f81828e88b111	java	false	family.entire-source-closure	REVIEW_REQUIRED
synexia-indexstring/src/main/java/com/synexia/indexstring/JavaRegexPrefilterProvider.java	e12d775dc63b2f7a8f01cabba9205a3115dadfaa	java	false	family.entire-source-closure	REVIEW_REQUIRED
synexia-indexstring/src/main/java/com/synexia/indexstring/JniHyperscanRegexPrefilterProvider.java	182eb03d4a4a737559c5118e610742941b91f140	java	false	family.entire-source-closure	REVIEW_REQUIRED
synexia-indexstring/src/main/java/com/synexia/indexstring/JniIndexLexiconAddressBatch.java	41da37b6760e7d45228e31a7b617cf66427e18c2	java	false	family.entire-source-closure	REVIEW_REQUIRED
synexia-indexstring/src/main/java/com/synexia/indexstring/JniIndexSearchAccelerator.java	cf87c2c7057b19626e27c396750472f29bf7fe3c	java	false	family.entire-source-closure	REVIEW_REQUIRED
synexia-indexstring/src/main/java/com/synexia/indexstring/JniMIndexCodeTextSignalBatch.java	448cce02acacc36207211e1c76b4ec8033db9b33	java	false	family.entire-source-closure	REVIEW_REQUIRED
synexia-indexstring/src/main/java/com/synexia/indexstring/JniMIndexRegexAtomBatchExecutor.java	6ffb8c8ba5a2a86fc1dc185432657d547fcc3358	java	false	family.entire-source-closure	REVIEW_REQUIRED
synexia-indexstring/src/main/java/com/synexia/indexstring/JniMatIndexDistanceCandidateExecutor.java	559f2b8c0362e78b742f539608d53e3a0dcec970	java	false	family.entire-source-closure	REVIEW_REQUIRED
synexia-indexstring/src/main/java/com/synexia/indexstring/JniMatIndexStringAccelerator.java	5f77a85bb6d32f5906d688dcb8f6e80f7545b153	java	false	family.entire-source-closure	REVIEW_REQUIRED
synexia-indexstring/src/main/java/com/synexia/indexstring/JoinMIndexString.java	b40d748595ca8864b1bbe21aa007a5a2a1e00ce5	java	false	family.entire-source-closure	REVIEW_REQUIRED
synexia-indexstring/src/main/java/com/synexia/indexstring/LanguageDictionaryDirectory.java	088ca5ac952adb8bc825eda95dcf008405b02c83	java	false	family.entire-source-closure	REVIEW_REQUIRED
synexia-indexstring/src/main/java/com/synexia/indexstring/LazyElementList.java	aee51901bcca90ab7f14f057ba858b70a134d925	java	false	family.entire-source-closure	REVIEW_REQUIRED
synexia-indexstring/src/main/java/com/synexia/indexstring/LexicalFacts.java	9878f46c2a91f9d6be8064a6942b180d7240ff62	java	false	family.entire-source-closure	REVIEW_REQUIRED
synexia-indexstring/src/main/java/com/synexia/indexstring/LexiconFactsImage.java	953683ede85c0051bdfb8c033c13b5049010a69a	java	false	family.entire-source-closure	REVIEW_REQUIRED
synexia-indexstring/src/main/java/com/synexia/indexstring/M3ArgumentStatus.java	6ca75a151337e3e3c580e79af3add8f1e92f6826	java	false	family.entire-source-closure	REVIEW_REQUIRED
synexia-indexstring/src/main/java/com/synexia/indexstring/M3BatchPage.java	0dfe0c1b440b1bf93c726ad3738fcc0153f604c5	java	false	family.entire-source-closure	REVIEW_REQUIRED
synexia-indexstring/src/main/java/com/synexia/indexstring/M3IndexStringOptimizationBridge.java	bc4a9489e0d35d6ecf6a7eff33542b597c6033c1	java	false	family.entire-source-closure	REVIEW_REQUIRED
synexia-indexstring/src/main/java/com/synexia/indexstring/M3MutationObservation.java	0cc02a77cdcc7e695e7e0fa8fc58aa3390e7d1af	java	false	family.entire-source-closure	REVIEW_REQUIRED
synexia-indexstring/src/main/java/com/synexia/indexstring/M3Wildcard.java	afa25a8780be5483feaa406b453063e7df63a1dd	java	false	family.entire-source-closure	REVIEW_REQUIRED
synexia-indexstring/src/main/java/com/synexia/indexstring/MIndexAbaFramework.java	2aabcf78b3fd6d588bc84de48578688898c0fcc7	java	true	family.entire-source-closure	REVIEW_REQUIRED
synexia-indexstring/src/main/java/com/synexia/indexstring/MIndexAddressedBits.java	2694b63a9299f5e04d503798d52523340e5c3e99	java	true	family.entire-source-closure	REVIEW_REQUIRED
synexia-indexstring/src/main/java/com/synexia/indexstring/MIndexAddressedKernel.java	df4a72b10bd4ffc1a46f78a3c4977e9a7e39e872	java	true	family.entire-source-closure	REVIEW_REQUIRED
synexia-indexstring/src/main/java/com/synexia/indexstring/MIndexAddressedLayout.java	1ea609b2450fae134fd6f7bb94148545581d1432	java	true	family.entire-source-closure	REVIEW_REQUIRED
synexia-indexstring/src/main/java/com/synexia/indexstring/MIndexAddressedView.java	e1fcd0dd63911ae2a6cb1dd481a403ea9227e514	java	true	family.entire-source-closure	REVIEW_REQUIRED
synexia-indexstring/src/main/java/com/synexia/indexstring/MIndexAdfFramework.java	6a0c1d4565db5a05f330a59c55edc8fa91450581	java	true	family.entire-source-closure	REVIEW_REQUIRED
synexia-indexstring/src/main/java/com/synexia/indexstring/MIndexAdfSocialArgumentation.java	6321a626ba2b9a3a8108155b77def29aeaa6115a	java	true	family.entire-source-closure	REVIEW_REQUIRED
synexia-indexstring/src/main/java/com/synexia/indexstring/MIndexAffectAxis.java	eb9089f2281eca2f89304c40957eeca1a54df484	java	true	family.entire-source-closure	REVIEW_REQUIRED
synexia-indexstring/src/main/java/com/synexia/indexstring/MIndexAffectDimensions.java	a60e6b25ae78bbb44c0461e5f21650d0fd8762f4	java	true	family.entire-source-closure	REVIEW_REQUIRED
synexia-indexstring/src/main/java/com/synexia/indexstring/MIndexAffectVector.java	9c3b1a3cd638dc750662625065613da56448a224	java	true	family.entire-source-closure	REVIEW_REQUIRED
synexia-indexstring/src/main/java/com/synexia/indexstring/MIndexAifNodeKind.java	6008ea35cc04d2ccf7ab2fd2aeec217e94943fef	java	true	family.entire-source-closure	REVIEW_REQUIRED
synexia-indexstring/src/main/java/com/synexia/indexstring/MIndexAifProjection.java	2301a1e07eff456adf14e1d28d845bfeece1bebb	java	true	family.entire-source-closure	REVIEW_REQUIRED
synexia-indexstring/src/main/java/com/synexia/indexstring/MIndexAlgorithmPattern.java	33c174b6bd10e4d748f470b7fb9ef4d7065fd4ef	java	true	family.entire-source-closure	REVIEW_REQUIRED
synexia-indexstring/src/main/java/com/synexia/indexstring/MIndexAnagramWindow.java	96e2df165bb8d74ad1bb8f5951d4d648f6aa6548	java	true	family.entire-source-closure	REVIEW_REQUIRED
synexia-indexstring/src/main/java/com/synexia/indexstring/MIndexArgumentAcceptance.java	c5fa42b351ec7fb9ebb2d01741b64d64e72e95dd	java	true	family.entire-source-closure	REVIEW_REQUIRED
synexia-indexstring/src/main/java/com/synexia/indexstring/MIndexArgumentAudit.java	382d7d600f01768f405f209fb1807c8737316eba	java	true	family.entire-source-closure	REVIEW_REQUIRED
synexia-indexstring/src/main/java/com/synexia/indexstring/MIndexArgumentAuditEngine.java	304855f89db6f3fb024cd0706a34a3877482cb95	java	true	family.entire-source-closure	REVIEW_REQUIRED
synexia-indexstring/src/main/java/com/synexia/indexstring/MIndexArgumentBacktrackingEngine.java	d3d5475f9b4c28815bef9fb99f72ee0faba67a36	java	true	family.entire-source-closure	REVIEW_REQUIRED
synexia-indexstring/src/main/java/com/synexia/indexstring/MIndexArgumentExtensionSet.java	7c295afed4e96aec384f99e26737f16f8b6fa9e6	java	true	family.entire-source-closure	REVIEW_REQUIRED
synexia-indexstring/src/main/java/com/synexia/indexstring/MIndexArgumentExtensionSetDirect.java	28ab11ea06f44ec7290262141bd9cc07632de48d	java	true	family.entire-source-closure	REVIEW_REQUIRED
synexia-indexstring/src/main/java/com/synexia/indexstring/MIndexArgumentFindingKind.java	ac394d91af260695f7b345592efdc4167d6a6ef2	java	true	family.entire-source-closure	REVIEW_REQUIRED
synexia-indexstring/src/main/java/com/synexia/indexstring/MIndexArgumentRoleBits.java	7dc48bec582fd7768142739cb15a8177dd581288	java	true	family.entire-source-closure	REVIEW_REQUIRED
synexia-indexstring/src/main/java/com/synexia/indexstring/MIndexArgumentScheme.java	b5124764ebfab9eafe5d4a59650359682f11ce4b	java	true	family.entire-source-closure	REVIEW_REQUIRED
synexia-indexstring/src/main/java/com/synexia/indexstring/MIndexArgumentSemantics.java	0cb891800f4e4f0a5b2606feb4aa9c626ef6de63	java	true	family.entire-source-closure	REVIEW_REQUIRED
synexia-indexstring/src/main/java/com/synexia/indexstring/MIndexArgumentSemanticsBudget.java	4f86517543ebb6a3fadd3730e00d758a4b52e44f	java	true	family.entire-source-closure	REVIEW_REQUIRED
synexia-indexstring/src/main/java/com/synexia/indexstring/MIndexArgumentSemanticsEngine.java	59e8a9e1ab3e98475c97ca59cb147cdf0c79cd05	java	true	family.entire-source-closure	REVIEW_REQUIRED
synexia-indexstring/src/main/java/com/synexia/indexstring/MIndexArgumentStatus.java	c9496dc0e5450dfbeee03519250aa14cde22d62d	java	true	family.entire-source-closure	REVIEW_REQUIRED
synexia-indexstring/src/main/java/com/synexia/indexstring/MIndexArgumentStructureValidator.java	69102abb2517cc5183cb255611ab0be6ee0e4a55	java	true	family.entire-source-closure	REVIEW_REQUIRED
synexia-indexstring/src/main/java/com/synexia/indexstring/MIndexArgumentTarget.java	7ba28695dfd3499a835b81684e2a8511f260c173	java	true	family.entire-source-closure	REVIEW_REQUIRED
synexia-indexstring/src/main/java/com/synexia/indexstring/MIndexArgumentViewport.java	a24c5db495230bb439dc47842ac81fece90d5119	java	true	family.entire-source-closure	REVIEW_REQUIRED
synexia-indexstring/src/main/java/com/synexia/indexstring/MIndexArgumentationDonorCatalog.java	b6349388db8cf7db89f61b993f3d328412495fc1	java	true	family.entire-source-closure	REVIEW_REQUIRED
synexia-indexstring/src/main/java/com/synexia/indexstring/MIndexArgumentationExtensions.java	d294c1860d14ff2a4cab297056b7561e0ce72095	java	true	family.entire-source-closure	REVIEW_REQUIRED
synexia-indexstring/src/main/java/com/synexia/indexstring/MIndexArgumentationImage.java	2cdf85f74c34ab9d9e016e2c49a618a1ca382a05	java	true	family.entire-source-closure	REVIEW_REQUIRED
synexia-indexstring/src/main/java/com/synexia/indexstring/MIndexArgumentationKernel.java	19bff5ce67fa92ff3fcb5ad0dbfd8b49df8ffc6b	java	true	family.entire-source-closure	REVIEW_REQUIRED
synexia-indexstring/src/main/java/com/synexia/indexstring/MIndexArgumentationLabelling.java	1710f3985aca88a8dfa70f469b337b2a6e6b8726	java	true	family.entire-source-closure	REVIEW_REQUIRED
synexia-indexstring/src/main/java/com/synexia/indexstring/MIndexArgumentationPrecompute.java	e906633db209bbab86039955f69bf2869cc0ded7	java	true	family.entire-source-closure	REVIEW_REQUIRED
synexia-indexstring/src/main/java/com/synexia/indexstring/MIndexArgumentationSemantics.java	c08bff04bd3b1e901dd5a122a3169879657711ee	java	true	family.entire-source-closure	REVIEW_REQUIRED
synexia-indexstring/src/main/java/com/synexia/indexstring/MIndexAsciiLineScanner.java	273d6d2ee9b553a10466220b6f325ffec2a60994	java	true	family.entire-source-closure	REVIEW_REQUIRED
synexia-indexstring/src/main/java/com/synexia/indexstring/MIndexAspartixCodec.java	88f083d8f4c555516e3e35315205ff3d7231888d	java	true	family.entire-source-closure	REVIEW_REQUIRED
synexia-indexstring/src/main/java/com/synexia/indexstring/MIndexAspicFramework.java	450591fb00f2c0d3eadc7ed7e9300cf13686d7b1	java	true	family.entire-source-closure	REVIEW_REQUIRED
synexia-indexstring/src/main/java/com/synexia/indexstring/MIndexAst.java	051d7d17fbaf01fa47f89dcbf1df67cf06c5f035	java	true	family.entire-source-closure	REVIEW_REQUIRED
synexia-indexstring/src/main/java/com/synexia/indexstring/MIndexAstImage.java	0da15fe4655ff6382ed420f5769fa9e3246385b8	java	true	family.entire-source-closure	REVIEW_REQUIRED
synexia-indexstring/src/main/java/com/synexia/indexstring/MIndexAstSpec.java	3b8eb391740974f6be9750ccc0ad43464c460637	java	true	family.entire-source-closure	REVIEW_REQUIRED
synexia-indexstring/src/main/java/com/synexia/indexstring/MIndexAtomDomain.java	6db4995dccdef8cb56950da98acb6179539b6c04	java	true	family.entire-source-closure	REVIEW_REQUIRED
synexia-indexstring/src/main/java/com/synexia/indexstring/MIndexAtomStore.java	6e6ad697f4ce55e7c1a9069b1ccd4c0148778e74	java	true	family.entire-source-closure	REVIEW_REQUIRED
synexia-indexstring/src/main/java/com/synexia/indexstring/MIndexBatchImage.java	73d1c2169166113bd463f2fb4bc8cfd96f1641c3	java	true	family.entire-source-closure	REVIEW_REQUIRED
synexia-indexstring/src/main/java/com/synexia/indexstring/MIndexBatchLimits.java	8322c41fdd029c05ffc476c42786d15a40da79a6	java	true	family.entire-source-closure	REVIEW_REQUIRED
synexia-indexstring/src/main/java/com/synexia/indexstring/MIndexBatchPage.java	aac80a31567d2381c5380ccd5261904fff01f3e7	java	true	family.entire-source-closure	REVIEW_REQUIRED
synexia-indexstring/src/main/java/com/synexia/indexstring/MIndexBatchPredicate.java	8a4a5da441a4af8e31ce292a1ebee45c7eaec486	java	true	family.entire-source-closure	REVIEW_REQUIRED
synexia-indexstring/src/main/java/com/synexia/indexstring/MIndexBatchSession.java	4c3d849925db151df4fb5cb0ebb1dd994b016552	java	true	family.entire-source-closure	REVIEW_REQUIRED
synexia-indexstring/src/main/java/com/synexia/indexstring/MIndexBipolarArgumentation.java	4bbe57e177b6f2c409224137037a0d3446f240a5	java	true	family.entire-source-closure	REVIEW_REQUIRED
synexia-indexstring/src/main/java/com/synexia/indexstring/MIndexBitDag.java	8f052705c5c2dea51dfab3fb09e965a2634d19a1	java	true	family.entire-source-closure	REVIEW_REQUIRED
synexia-indexstring/src/main/java/com/synexia/indexstring/MIndexBitParallelLevenshtein.java	29720d10aa00a19aafcb4d352fb84811d64e0f6b	java	true	family.entire-source-closure	REVIEW_REQUIRED
synexia-indexstring/src/main/java/com/synexia/indexstring/MIndexBlake3Hash256.java	a1338b65d2b818a0e242d808836e3618bdf33edf	java	true	family.entire-source-closure	REVIEW_REQUIRED
synexia-indexstring/src/main/java/com/synexia/indexstring/MIndexBlake3Precomputation.java	4d170b20b4f2fd5947038f34f1b07ddd3f4f5b18	java	true	family.entire-source-closure	REVIEW_REQUIRED
synexia-indexstring/src/main/java/com/synexia/indexstring/MIndexBloomBatchAccelerators.java	de3fecfe0b62cdc9e47d2fbfdac625f8bb383d66	java	true	family.entire-source-closure	REVIEW_REQUIRED
synexia-indexstring/src/main/java/com/synexia/indexstring/MIndexBloomBatchEvaluation.java	16315bdbec1aef57c7f7e675e83a5da197babeaa	java	true	family.entire-source-closure	REVIEW_REQUIRED
synexia-indexstring/src/main/java/com/synexia/indexstring/MIndexBloomBatchProvider.java	e42765c80edb606f12945077b519dba5d4722a23	java	true	family.entire-source-closure	REVIEW_REQUIRED
synexia-indexstring/src/main/java/com/synexia/indexstring/MIndexBloomBatchSelection.java	55aa80b16bce2d728687cd35f7df0dd9d5346e20	java	true	family.entire-source-closure	REVIEW_REQUIRED
synexia-indexstring/src/main/java/com/synexia/indexstring/MIndexBloomFilter.java	8d9ea3f34cb54f410f1c9af91ce1f71a840730e6	java	true	family.entire-source-closure	REVIEW_REQUIRED
synexia-indexstring/src/main/java/com/synexia/indexstring/MIndexBloomImageCodec.java	32894d4cc25a44431d38994de9985c961be3ce18	java	true	family.entire-source-closure	REVIEW_REQUIRED
synexia-indexstring/src/main/java/com/synexia/indexstring/MIndexBloomNGramCandidateReceipt.java	571c564175d0362b787dd9fbb0f0cf50bfb47e2b	java	true	family.entire-source-closure	REVIEW_REQUIRED
synexia-indexstring/src/main/java/com/synexia/indexstring/MIndexBloomNGramCandidateReceiptCodec.java	95d507ca21c5dd8b3e591219a2bb9fc093a0dd90	java	true	family.entire-source-closure	REVIEW_REQUIRED
synexia-indexstring/src/main/java/com/synexia/indexstring/MIndexBloomQueryReceipt.java	4434c16e7617ae7de03c9d8e296d1c2dcdaf6334	java	true	family.entire-source-closure	REVIEW_REQUIRED
synexia-indexstring/src/main/java/com/synexia/indexstring/MIndexBridgeMap.java	36747334ef37536653ab4d0d4a549c942ca36d1e	java	true	family.entire-source-closure	REVIEW_REQUIRED
synexia-indexstring/src/main/java/com/synexia/indexstring/MIndexByteArrayView.java	e75b9cbacb2ee99d2dd4772fa3b806bed04d29c4	java	true	family.entire-source-closure	REVIEW_REQUIRED
synexia-indexstring/src/main/java/com/synexia/indexstring/MIndexCandidateIndex.java	d8a488b4441d6562e3377c2cde9094149357187d	java	true	family.entire-source-closure	REVIEW_REQUIRED
synexia-indexstring/src/main/java/com/synexia/indexstring/MIndexCanonicalWrapperCache.java	1ae86316836698f0e448c4e4d290bf672563b23b	java	true	family.entire-source-closure	REVIEW_REQUIRED
synexia-indexstring/src/main/java/com/synexia/indexstring/MIndexCaseComposition.java	bdc415f46fa56bcb1f78a511edbdf5227ea44159	java	true	family.entire-source-closure	REVIEW_REQUIRED
synexia-indexstring/src/main/java/com/synexia/indexstring/MIndexCaseProjection.java	b889f06e1cc9b4f371051fe21c9f4114d86ae928	java	true	family.entire-source-closure	REVIEW_REQUIRED
synexia-indexstring/src/main/java/com/synexia/indexstring/MIndexCaseStyle.java	283c25ab4ccd8eaae924189e5d416ff3d925a4a6	java	true	family.entire-source-closure	REVIEW_REQUIRED
synexia-indexstring/src/main/java/com/synexia/indexstring/MIndexChallengeAudit.java	8876c0fc9f3e5cd45f7e62bb9d7914250acf41fc	java	true	family.entire-source-closure	REVIEW_REQUIRED
synexia-indexstring/src/main/java/com/synexia/indexstring/MIndexChallengeAuditEngine.java	df3a1d11340455c152d2f07fb2c5fbd2d617c663	java	true	family.entire-source-closure	REVIEW_REQUIRED
synexia-indexstring/src/main/java/com/synexia/indexstring/MIndexChallengeBuilder.java	9db8c4e444103669b660c166b29120117af30d5e	java	true	family.entire-source-closure	REVIEW_REQUIRED
synexia-indexstring/src/main/java/com/synexia/indexstring/MIndexChallengeLang.java	e04022d232bb7f759d46f7253348e4553d31ff4d	java	true	family.entire-source-closure	REVIEW_REQUIRED
synexia-indexstring/src/main/java/com/synexia/indexstring/MIndexChallengeStrings.java	96ebef774955c34b999d6e6787401113a70c5906	java	true	family.entire-source-closure	REVIEW_REQUIRED
synexia-indexstring/src/main/java/com/synexia/indexstring/MIndexChallengeStructureValidator.java	4e8284d9a7fb98be3046acb4853d3c58e6de3ba4	java	true	family.entire-source-closure	REVIEW_REQUIRED
synexia-indexstring/src/main/java/com/synexia/indexstring/MIndexCodeTextSignalBatch.java	a064c1d9a8797e3232c76cfa3b74c1c642f184f4	java	true	family.entire-source-closure	REVIEW_REQUIRED
synexia-indexstring/src/main/java/com/synexia/indexstring/MIndexCodeTextSignalTrialImage.java	2c093a7a573a74614ce81528c3b73e6ad13f660e	java	true	family.entire-source-closure	REVIEW_REQUIRED
synexia-indexstring/src/main/java/com/synexia/indexstring/MIndexCodeTextSignals.java	b3ce240bd2c814f06800447c71026fd1c9ab41df	java	true	family.entire-source-closure	REVIEW_REQUIRED
synexia-indexstring/src/main/java/com/synexia/indexstring/MIndexCompactAsciiDfaImage.java	63094d85ec32de5dd99a8261c35936e2c5051fbe	java	true	family.entire-source-closure	REVIEW_REQUIRED
synexia-indexstring/src/main/java/com/synexia/indexstring/MIndexCompleteSemanticsSatIndex.java	b9c4806a0323d549c25210842faa87379f7a6e4f	java	true	family.entire-source-closure	REVIEW_REQUIRED
synexia-indexstring/src/main/java/com/synexia/indexstring/MIndexComplexityClass.java	724f6d953977e5946863a0f740c1baa8b702ff43	java	true	family.entire-source-closure	REVIEW_REQUIRED
synexia-indexstring/src/main/java/com/synexia/indexstring/MIndexComposedPositionMasks.java	6e15b323232f2d3735200bb5fd369dd763c556bc	java	true	family.entire-source-closure	REVIEW_REQUIRED
synexia-indexstring/src/main/java/com/synexia/indexstring/MIndexCompositeMetadataTable.java	e5270ed06c933d6820d8509dd88fa9c58314f93d	java	true	family.entire-source-closure	REVIEW_REQUIRED
synexia-indexstring/src/main/java/com/synexia/indexstring/MIndexCompositeSearchIndex.java	b00a083a5dc6b996d239125a1642c69cdc6641ea	java	true	family.entire-source-closure	REVIEW_REQUIRED
synexia-indexstring/src/main/java/com/synexia/indexstring/MIndexCompositeSearchTrie.java	19cb5e6a509bef83cb6d1dc67a2eaf8a3f580941	java	true	family.entire-source-closure	REVIEW_REQUIRED
synexia-indexstring/src/main/java/com/synexia/indexstring/MIndexConditionalWorldTable.java	ac880eed2586d4e0930a1015cdace266bc179911	java	true	family.entire-source-closure	REVIEW_REQUIRED
synexia-indexstring/src/main/java/com/synexia/indexstring/MIndexConversionCache.java	6d778338fc21654fc8f5eba888816f179bc1ad09	java	true	family.entire-source-closure	REVIEW_REQUIRED
synexia-indexstring/src/main/java/com/synexia/indexstring/MIndexConversionKind.java	66908dcecfd79ff17b65ed4bdcda89709ba12858	java	true	family.entire-source-closure	REVIEW_REQUIRED
synexia-indexstring/src/main/java/com/synexia/indexstring/MIndexConversions.java	ec74ba30e80f79b2fe10ad4b1bc347e905e9510b	java	true	family.entire-source-closure	REVIEW_REQUIRED
synexia-indexstring/src/main/java/com/synexia/indexstring/MIndexCriticalQuestion.java	a0a7c3412c30275ea795fdb78a5cb2cbc7a232c7	java	true	family.entire-source-closure	REVIEW_REQUIRED
synexia-indexstring/src/main/java/com/synexia/indexstring/MIndexCriticalQuestionStatus.java	6ee96fff4e9c0416e14a71bfd16a4aaec3bfc68a	java	true	family.entire-source-closure	REVIEW_REQUIRED
synexia-indexstring/src/main/java/com/synexia/indexstring/MIndexCyclicArgumentationDiagnostics.java	8b3ca9e915ab0828f63f5a5a574a74e5b2a35ff1	java	true	family.entire-source-closure	REVIEW_REQUIRED
synexia-indexstring/src/main/java/com/synexia/indexstring/MIndexCyclicArgumentationLabelling.java	f4dfc3edb3fe428534fbff41890793f787cd9198	java	true	family.entire-source-closure	REVIEW_REQUIRED
synexia-indexstring/src/main/java/com/synexia/indexstring/MIndexCyclicArgumentationTable.java	553b55b5c584c368b9903b0b7f0ec4b35eeb8b03	java	true	family.entire-source-closure	REVIEW_REQUIRED
synexia-indexstring/src/main/java/com/synexia/indexstring/MIndexCyclicComponentIndex.java	f86fb1b9d13d662a5b62660ac9487efdca1a785e	java	true	family.entire-source-closure	REVIEW_REQUIRED
synexia-indexstring/src/main/java/com/synexia/indexstring/MIndexDag.java	2a142d90a47cd876d2730d650d91591c2b08344e	java	true	family.entire-source-closure	REVIEW_REQUIRED
synexia-indexstring/src/main/java/com/synexia/indexstring/MIndexDagImage.java	d366c1791b2ba8b4c9a422a60c822ae2763015fe	java	true	family.entire-source-closure	REVIEW_REQUIRED
synexia-indexstring/src/main/java/com/synexia/indexstring/MIndexDagSource.java	fdf4896371e1cd7753803f80cc3adc23872ecf83	java	true	family.entire-source-closure	REVIEW_REQUIRED
synexia-indexstring/src/main/java/com/synexia/indexstring/MIndexDeleteGeometry.java	93d0b78f14ac032f110198bbf7c8e63973e53013	java	true	family.entire-source-closure	REVIEW_REQUIRED
synexia-indexstring/src/main/java/com/synexia/indexstring/MIndexDirectArrayView.java	6cbef8b42871f5e9f21343e5876bcafe31b8bc3b	java	true	family.entire-source-closure	REVIEW_REQUIRED
synexia-indexstring/src/main/java/com/synexia/indexstring/MIndexDirectedGraph.java	dbd0613bddfc39528ae8115f59b5c7aea9ebe38f	java	true	family.entire-source-closure	REVIEW_REQUIRED
synexia-indexstring/src/main/java/com/synexia/indexstring/MIndexDnaHealth.java	4539dbfcd6c7bce9b7d6f7b0f190be50399f7608	java	true	family.entire-source-closure	REVIEW_REQUIRED
synexia-indexstring/src/main/java/com/synexia/indexstring/MIndexDoc.java	6a4943b0f79e674caad9f8a6e39a64925e1d0d0c	java	true	family.entire-source-closure	REVIEW_REQUIRED
synexia-indexstring/src/main/java/com/synexia/indexstring/MIndexDocDelta.java	5cbe4913608b2f226dc4e6fdba11a7ab54970352	java	true	family.entire-source-closure	REVIEW_REQUIRED
synexia-indexstring/src/main/java/com/synexia/indexstring/MIndexDocParser.java	adf68ece3e288d214ef36a71676b401f55d9aa2c	java	true	family.entire-source-closure	REVIEW_REQUIRED
synexia-indexstring/src/main/java/com/synexia/indexstring/MIndexDocStore.java	640f2a64b007f44438b2b98432d9a851795fd16b	java	true	family.entire-source-closure	REVIEW_REQUIRED
synexia-indexstring/src/main/java/com/synexia/indexstring/MIndexDocVersion.java	24822d937e746493034f5bb3f0843e41dea8f45a	java	true	family.entire-source-closure	REVIEW_REQUIRED
synexia-indexstring/src/main/java/com/synexia/indexstring/MIndexEmotionAxes.java	53a7e56a6779c864c39a97ab40120c55bd43d046	java	true	family.entire-source-closure	REVIEW_REQUIRED
synexia-indexstring/src/main/java/com/synexia/indexstring/MIndexEmotionClassifier.java	60fb353362222d9980a98c28b31f8c295d3b56b3	java	true	family.entire-source-closure	REVIEW_REQUIRED
synexia-indexstring/src/main/java/com/synexia/indexstring/MIndexEmotionCrosswalk.java	f449174307154634ea9f2a6b88c8220c946e1195	java	true	family.entire-source-closure	REVIEW_REQUIRED
synexia-indexstring/src/main/java/com/synexia/indexstring/MIndexEmotionDonorRegistry.java	8a92b6fa84ced5d7b5aa2e5555f014ae06e07790	java	true	family.entire-source-closure	REVIEW_REQUIRED
synexia-indexstring/src/main/java/com/synexia/indexstring/MIndexEmotionDonors.java	dbd2efabcc399040849ca1afd38585182711cb00	java	true	family.entire-source-closure	REVIEW_REQUIRED
synexia-indexstring/src/main/java/com/synexia/indexstring/MIndexEmotionFamily.java	850abe420b30acb199b0e3df0030c74246fbd9e8	java	true	family.entire-source-closure	REVIEW_REQUIRED
synexia-indexstring/src/main/java/com/synexia/indexstring/MIndexEmotionModel.java	23c9d67423c010fb23a49202c031eec155d8eef8	java	true	family.entire-source-closure	REVIEW_REQUIRED
synexia-indexstring/src/main/java/com/synexia/indexstring/MIndexEmotionOntology.java	ad066ec8feffef699ef1ae77dcc6ebd89ffc2ac0	java	true	family.entire-source-closure	REVIEW_REQUIRED
synexia-indexstring/src/main/java/com/synexia/indexstring/MIndexEmotionProfile.java	6f2f176980d6872866ff8e58447fb6e057369cc2	java	true	family.entire-source-closure	REVIEW_REQUIRED
synexia-indexstring/src/main/java/com/synexia/indexstring/MIndexEmotionRelation.java	772d91d02e25b050ab4af1fc320cc4195d487d75	java	true	family.entire-source-closure	REVIEW_REQUIRED
synexia-indexstring/src/main/java/com/synexia/indexstring/MIndexEmotionState.java	48656c3a6f9651aaca4a21f5028b0a3b5066a373	java	true	family.entire-source-closure	REVIEW_REQUIRED
synexia-indexstring/src/main/java/com/synexia/indexstring/MIndexEmotionTrajectory.java	c1df31534fc9d7f07d20b4430d5348eae2cf1473	java	true	family.entire-source-closure	REVIEW_REQUIRED
synexia-indexstring/src/main/java/com/synexia/indexstring/MIndexEmotionVector.java	7b247093aa872ca356619e5782e84bb30e97bff1	java	true	family.entire-source-closure	REVIEW_REQUIRED
synexia-indexstring/src/main/java/com/synexia/indexstring/MIndexEpistemicState.java	862bed9ec677da42b482a7813338f61b16fb0a84	java	true	family.entire-source-closure	REVIEW_REQUIRED
synexia-indexstring/src/main/java/com/synexia/indexstring/MIndexExactWeight.java	083d81161fb8513ea205d773e58a9f9a13173744	java	true	family.entire-source-closure	REVIEW_REQUIRED
synexia-indexstring/src/main/java/com/synexia/indexstring/MIndexExactWeightPrecomputation.java	403a4fca13f9b4e92cec39f3904cd7083f7423c9	java	true	family.entire-source-closure	REVIEW_REQUIRED
synexia-indexstring/src/main/java/com/synexia/indexstring/MIndexExtendedArgumentFramework.java	57903482bed7d7532a0e7d30d9646c0f6d00c9f5	java	true	family.entire-source-closure	REVIEW_REQUIRED
synexia-indexstring/src/main/java/com/synexia/indexstring/MIndexFinitePatternPlan.java	94ea136d3590d223ff1c2e5bdcb18366f7ec72f2	java	true	family.entire-source-closure	REVIEW_REQUIRED
synexia-indexstring/src/main/java/com/synexia/indexstring/MIndexFrozenLatin1Index.java	2f3635f2d35ce1e80f2ff7e0125dde19533921fe	java	true	family.entire-source-closure	REVIEW_REQUIRED
synexia-indexstring/src/main/java/com/synexia/indexstring/MIndexFuzzObservation.java	34e9fde60b80c929da1563618445be3c68eeaf65	java	true	family.entire-source-closure	REVIEW_REQUIRED
synexia-indexstring/src/main/java/com/synexia/indexstring/MIndexFuzzProjection.java	edeb74cea0ec8a6d8c13faec2ac814d382d368be	java	true	family.entire-source-closure	REVIEW_REQUIRED
synexia-indexstring/src/main/java/com/synexia/indexstring/MIndexFuzzyEvidenceBatch.java	f5c88bfc5a0d41b3b4b9496dda8e7520d7d5b12c	java	true	family.entire-source-closure	REVIEW_REQUIRED
synexia-indexstring/src/main/java/com/synexia/indexstring/MIndexFuzzyGroupIndex.java	f0e623ae0992b5f50a1392de85486628b49a96d0	java	true	family.entire-source-closure	REVIEW_REQUIRED
synexia-indexstring/src/main/java/com/synexia/indexstring/MIndexFuzzyHit.java	eae3e4874bd957c713698e2ae9c377c007819620	java	true	family.entire-source-closure	REVIEW_REQUIRED
synexia-indexstring/src/main/java/com/synexia/indexstring/MIndexFuzzyMemo.java	f15a4edaa158ca74a89ae98e3cee7e172e898757	java	true	family.entire-source-closure	REVIEW_REQUIRED
synexia-indexstring/src/main/java/com/synexia/indexstring/MIndexFuzzyMetrics.java	f8df8c636004d290aa67eddf04ace7eb9674970e	java	true	family.entire-source-closure	REVIEW_REQUIRED
synexia-indexstring/src/main/java/com/synexia/indexstring/MIndexFuzzyModelEvaluation.java	84289357e417ae7478d0ebf1f37a2f4a1e8b7ce4	java	true	family.entire-source-closure	REVIEW_REQUIRED
synexia-indexstring/src/main/java/com/synexia/indexstring/MIndexFuzzyModelSuite.java	906884e5a2e5b2eda1d372161538a4fec070e7a9	java	true	family.entire-source-closure	REVIEW_REQUIRED
synexia-indexstring/src/main/java/com/synexia/indexstring/MIndexFuzzyNeighborGraph.java	86cff2bdced1b670fe7cd6aca051e2046441637c	java	true	family.entire-source-closure	REVIEW_REQUIRED
synexia-indexstring/src/main/java/com/synexia/indexstring/MIndexFuzzyProfileTable.java	6a018d00cfb4e603e468c57c24600b7e64b0e8e1	java	true	family.entire-source-closure	REVIEW_REQUIRED
synexia-indexstring/src/main/java/com/synexia/indexstring/MIndexFuzzyQueryPlan.java	41390f0a6fec1c628d5759af6345425087dbe50d	java	true	family.entire-source-closure	REVIEW_REQUIRED
synexia-indexstring/src/main/java/com/synexia/indexstring/MIndexFuzzyQuerySession.java	108c3ad048341066d702ad76c766ae3501370c43	java	true	family.entire-source-closure	REVIEW_REQUIRED
synexia-indexstring/src/main/java/com/synexia/indexstring/MIndexFuzzyRankedRuns.java	04b150b8d635575b9182a731804264323f32528c	java	true	family.entire-source-closure	REVIEW_REQUIRED
synexia-indexstring/src/main/java/com/synexia/indexstring/MIndexFuzzyScoringProfile.java	3d1567f832c7a3547f726b3be5534db91fecdc0f	java	true	family.entire-source-closure	REVIEW_REQUIRED
synexia-indexstring/src/main/java/com/synexia/indexstring/MIndexFuzzySearchIndex.java	ecf9cf41a97cdd82d1f6b5b52cd752da5bfdee95	java	true	family.entire-source-closure	REVIEW_REQUIRED
synexia-indexstring/src/main/java/com/synexia/indexstring/MIndexFuzzySurvivors.java	1ec7cb3f72f51363f681b915371bb38c2059e2f7	java	true	family.entire-source-closure	REVIEW_REQUIRED
synexia-indexstring/src/main/java/com/synexia/indexstring/MIndexGpuBatches.java	a55b31dfd57dc880363bacc62a145b64ea2772eb	java	true	family.entire-source-closure	REVIEW_REQUIRED
synexia-indexstring/src/main/java/com/synexia/indexstring/MIndexGpuDfaExecutor.java	76bf1a1f07d3f43988313f1f94b6bc2389e3ca70	java	true	family.entire-source-closure	REVIEW_REQUIRED
synexia-indexstring/src/main/java/com/synexia/indexstring/MIndexGpuRegexPipeline.java	42ad815aa9fd06f05f750aced77dec884afc14e3	java	true	family.entire-source-closure	REVIEW_REQUIRED
synexia-indexstring/src/main/java/com/synexia/indexstring/MIndexGpuTrigramFilter.java	dfbb624d0a145ffa5781907a04d61273f24af3c9	java	true	family.entire-source-closure	REVIEW_REQUIRED
synexia-indexstring/src/main/java/com/synexia/indexstring/MIndexHistogram.java	b99c186d60e1f8a1c8ffe584783d3427a06d375f	java	true	family.entire-source-closure	REVIEW_REQUIRED
synexia-indexstring/src/main/java/com/synexia/indexstring/MIndexHornClosure.java	71fe241f104bd74c125300a63672a5935ea2a763	java	true	family.entire-source-closure	REVIEW_REQUIRED
synexia-indexstring/src/main/java/com/synexia/indexstring/MIndexHybridRegex.java	54418c77110e86efd8a1bd668c13255771d19f89	java	true	family.entire-source-closure	REVIEW_REQUIRED
synexia-indexstring/src/main/java/com/synexia/indexstring/MIndexHybridRegexPlan.java	516961dcace8970590958d08a6a4ef44f9069432	java	true	family.entire-source-closure	REVIEW_REQUIRED
synexia-indexstring/src/main/java/com/synexia/indexstring/MIndexImageLimits.java	f12e2e42a7841fc01aa1e0a66c77a61bf7dc2154	java	true	family.entire-source-closure	REVIEW_REQUIRED
synexia-indexstring/src/main/java/com/synexia/indexstring/MIndexInteraction.java	9190365c35419b2941f261f820c0f91d7cd84471	java	true	family.entire-source-closure	REVIEW_REQUIRED
synexia-indexstring/src/main/java/com/synexia/indexstring/MIndexInteractionEngine.java	af264169f330d6cd567e84756932fb1837675e66	java	true	family.entire-source-closure	REVIEW_REQUIRED
synexia-indexstring/src/main/java/com/synexia/indexstring/MIndexInteractionKind.java	2aa770a21aa945265f9f5f1a54e37150570ed960	java	true	family.entire-source-closure	REVIEW_REQUIRED
synexia-indexstring/src/main/java/com/synexia/indexstring/MIndexInteractionMode.java	e7e1712e1067bd5aa283df199b44b3829d7f4268	java	true	family.entire-source-closure	REVIEW_REQUIRED
synexia-indexstring/src/main/java/com/synexia/indexstring/MIndexInteractionResult.java	4bbd249431c425060ccddb6cbea3e57c5c2d74eb	java	true	family.entire-source-closure	REVIEW_REQUIRED
synexia-indexstring/src/main/java/com/synexia/indexstring/MIndexJdkStringStorage.java	d5bd74108a852f23fd1c2c7b61fbc912f415b06f	java	true	family.entire-source-closure	REVIEW_REQUIRED
synexia-indexstring/src/main/java/com/synexia/indexstring/MIndexJoinedBytePattern.java	4871ffb3ecdba8a397ad260caf878e2bebdb1d51	java	true	family.entire-source-closure	REVIEW_REQUIRED
synexia-indexstring/src/main/java/com/synexia/indexstring/MIndexJoinedByteSequence.java	71cdf8eb2348bdbee97696d26cf4f75246696bbf	java	true	family.entire-source-closure	REVIEW_REQUIRED
synexia-indexstring/src/main/java/com/synexia/indexstring/MIndexJoinedBytes.java	08856591fd6d6aa5a39331e17fbe697118f2ee6f	java	true	family.entire-source-closure	REVIEW_REQUIRED
synexia-indexstring/src/main/java/com/synexia/indexstring/MIndexJoinedCharSequence.java	ed90c64cc2491e93cd72dcc9ca6f11e8aabcba15	java	true	family.entire-source-closure	REVIEW_REQUIRED
synexia-indexstring/src/main/java/com/synexia/indexstring/MIndexJoinedChars.java	98b3a7bb4cb0b1693d826d29662d7ae720d51262	java	true	family.entire-source-closure	REVIEW_REQUIRED
synexia-indexstring/src/main/java/com/synexia/indexstring/MIndexJoinedNativeSearch.java	38f670c52f6a126363ed9e31cdb52cfa390169d7	java	true	family.entire-source-closure	REVIEW_REQUIRED
synexia-indexstring/src/main/java/com/synexia/indexstring/MIndexJoinedStorageIntern.java	28bacee1042eab4fee7988bdfbd5741b6453d975	java	true	family.entire-source-closure	REVIEW_REQUIRED
synexia-indexstring/src/main/java/com/synexia/indexstring/MIndexJoinedStreams.java	6f350a84b954b2f80929252254a007652fc1d0d0	java	true	family.entire-source-closure	REVIEW_REQUIRED
synexia-indexstring/src/main/java/com/synexia/indexstring/MIndexJudgeCase.java	8a109219db7faad8c3f6f1274d376e43c0323170	java	true	family.entire-source-closure	REVIEW_REQUIRED
synexia-indexstring/src/main/java/com/synexia/indexstring/MIndexJudgeProjection.java	59fbad48db76de5981da2d802ff4592536071611	java	true	family.entire-source-closure	REVIEW_REQUIRED
synexia-indexstring/src/main/java/com/synexia/indexstring/MIndexKnowledgeSetImage.java	797ea2b54c73b9f5818e60f49a70cc44a310c4e7	java	true	family.entire-source-closure	REVIEW_REQUIRED
synexia-indexstring/src/main/java/com/synexia/indexstring/MIndexLang.java	5da19f8ba1e39aa05709e7dcc7b080ba8d3f7136	java	true	family.entire-source-closure	REVIEW_REQUIRED
synexia-indexstring/src/main/java/com/synexia/indexstring/MIndexLanguageHotPath.java	25430ee7a77a1eaf781a7b2d88578406c3d26c4b	java	true	family.entire-source-closure	REVIEW_REQUIRED
synexia-indexstring/src/main/java/com/synexia/indexstring/MIndexLanguagePack.java	39acf00aea7e11638a6c7aec56d554516bad21c5	java	true	family.entire-source-closure	REVIEW_REQUIRED
synexia-indexstring/src/main/java/com/synexia/indexstring/MIndexLanguagePackCompiler.java	1a5eb7111a8cf212dd4d9a63de8106f1aa741cb3	java	true	family.entire-source-closure	REVIEW_REQUIRED
synexia-indexstring/src/main/java/com/synexia/indexstring/MIndexLanguagePackManifest.java	e168a083aa1efd5c0d60cae760e216f6dbe9df92	java	true	family.entire-source-closure	REVIEW_REQUIRED
synexia-indexstring/src/main/java/com/synexia/indexstring/MIndexLanguagePackProgress.java	1c04ceb905134aa3aa5f3c173c63ecf95df0f4f0	java	true	family.entire-source-closure	REVIEW_REQUIRED
synexia-indexstring/src/main/java/com/synexia/indexstring/MIndexLanguagePrecompiler.java	8fbfc459dd579fe21b2587230a6ed4982c194083	java	true	family.entire-source-closure	REVIEW_REQUIRED
synexia-indexstring/src/main/java/com/synexia/indexstring/MIndexLanguagePrecomputeStats.java	af9efa9899c16cc74c123a7c23bbd88415ced0de	java	true	family.entire-source-closure	REVIEW_REQUIRED
synexia-indexstring/src/main/java/com/synexia/indexstring/MIndexLanguageRuntime.java	d8e37dcaef21cb49ad6ce15c04af564e0f94dc60	java	true	family.entire-source-closure	REVIEW_REQUIRED
synexia-indexstring/src/main/java/com/synexia/indexstring/MIndexLanguageTranslationBundle.java	4249cbbf64be36c8eb6c06bc847f7c5da05ee9bd	java	true	family.entire-source-closure	REVIEW_REQUIRED
synexia-indexstring/src/main/java/com/synexia/indexstring/MIndexLanguageTranslationBundleImage.java	4b1940da1b75bd9c82ae930e9a95b9801089715b	java	true	family.entire-source-closure	REVIEW_REQUIRED
synexia-indexstring/src/main/java/com/synexia/indexstring/MIndexLazyColumnarTree.java	146afba238a0312ae941324a70ce3ce4bc1ed056	java	true	family.entire-source-closure	REVIEW_REQUIRED
synexia-indexstring/src/main/java/com/synexia/indexstring/MIndexLexiconOverlayResolver.java	9f82ef127618295b087012ad2d52020c1bfa13f8	java	true	family.entire-source-closure	REVIEW_REQUIRED
synexia-indexstring/src/main/java/com/synexia/indexstring/MIndexLexiconStrings.java	b8fb59ea6d18b9ca0317e6030c46f6106726d7d7	java	true	family.entire-source-closure	REVIEW_REQUIRED
synexia-indexstring/src/main/java/com/synexia/indexstring/MIndexLiteralAutomaton.java	7abe04299910e3751dee4487fdf7f74262d88b4b	java	true	family.entire-source-closure	REVIEW_REQUIRED
synexia-indexstring/src/main/java/com/synexia/indexstring/MIndexLiteralEffectImage.java	1c03efd0756a8d9aa0e4a813ccf3e832dcc30b2e	java	true	family.entire-source-closure	REVIEW_REQUIRED
synexia-indexstring/src/main/java/com/synexia/indexstring/MIndexLiteralNative.java	f5b82ae16de0b197898ae3bb614603c253cd6ea6	java	true	family.entire-source-closure	REVIEW_REQUIRED
synexia-indexstring/src/main/java/com/synexia/indexstring/MIndexLiteralRangeEffects.java	7cd992fe96b1f37050356bdf2ef467eac44dd303	java	true	family.entire-source-closure	REVIEW_REQUIRED
synexia-indexstring/src/main/java/com/synexia/indexstring/MIndexLiteralSearchSummary.java	a42df4b008fa6b131381dd28973182a02152c2ab	java	true	family.entire-source-closure	REVIEW_REQUIRED
synexia-indexstring/src/main/java/com/synexia/indexstring/MIndexLiteralSearchTree.java	ba7a73912294f41932b91925204abf6d86a97103	java	true	family.entire-source-closure	REVIEW_REQUIRED
synexia-indexstring/src/main/java/com/synexia/indexstring/MIndexLiteralSkipTable.java	90f4d8c35760753fbdd7d7cfed7561618705c318	java	true	family.entire-source-closure	REVIEW_REQUIRED
synexia-indexstring/src/main/java/com/synexia/indexstring/MIndexLongPostingImage.java	36d4e753446fbf7018dc65ca8b64db80257f857f	java	true	family.entire-source-closure	REVIEW_REQUIRED
synexia-indexstring/src/main/java/com/synexia/indexstring/MIndexLookupSignal.java	9bdcbfbfcf19af71450153fcf43c5ecbced43dd3	java	true	family.entire-source-closure	REVIEW_REQUIRED
synexia-indexstring/src/main/java/com/synexia/indexstring/MIndexMappedArrays.java	638651d22219eb7eb737b194ba67bd5e444609e1	java	true	family.entire-source-closure	REVIEW_REQUIRED
synexia-indexstring/src/main/java/com/synexia/indexstring/MIndexMappedByteStore.java	c396d7bb7808bcdffe7c7940778f34722ac02462	java	true	family.entire-source-closure	REVIEW_REQUIRED
synexia-indexstring/src/main/java/com/synexia/indexstring/MIndexMappedBytes.java	5746cf1e5c4046009a2db66f7ac4742961454064	java	true	family.entire-source-closure	REVIEW_REQUIRED
synexia-indexstring/src/main/java/com/synexia/indexstring/MIndexMappedPrecomputation.java	3597e9588093b9af0fd4a633da7bf39428748c23	java	true	family.entire-source-closure	REVIEW_REQUIRED
synexia-indexstring/src/main/java/com/synexia/indexstring/MIndexMappedResolver.java	ce82f1342e46e08e00b8323c072e4f3f6a48dd9c	java	true	family.entire-source-closure	REVIEW_REQUIRED
synexia-indexstring/src/main/java/com/synexia/indexstring/MIndexMappedStringFacts.java	2a2b9aa1e1527c82d7423e426cde7a948901f2b9	java	true	family.entire-source-closure	REVIEW_REQUIRED
synexia-indexstring/src/main/java/com/synexia/indexstring/MIndexMappedStringFactsSource.java	adb9f6d03ad05379017c420f5d69dc654d5abbc6	java	true	family.entire-source-closure	REVIEW_REQUIRED
synexia-indexstring/src/main/java/com/synexia/indexstring/MIndexMappedStringResolver.java	f743dcaa7f933cf4b8bf960704c482d24c6694bf	java	true	family.entire-source-closure	REVIEW_REQUIRED
synexia-indexstring/src/main/java/com/synexia/indexstring/MIndexMaskLiteralSearch.java	9ab4b1538f3be00bda4d64a36bbcec4c34230851	java	true	family.entire-source-closure	REVIEW_REQUIRED
synexia-indexstring/src/main/java/com/synexia/indexstring/MIndexMaskType.java	590193ac6da579b641405bf04678d40725ac1a66	java	true	family.entire-source-closure	REVIEW_REQUIRED
synexia-indexstring/src/main/java/com/synexia/indexstring/MIndexMaskedStringView.java	2256507363df51d7193c6826524929c52fae8484	java	true	family.entire-source-closure	REVIEW_REQUIRED
synexia-indexstring/src/main/java/com/synexia/indexstring/MIndexMaskedUtf16ArrayView.java	da3f2413cd27c52a77c79060ee0a1514af64b4ca	java	true	family.entire-source-closure	REVIEW_REQUIRED
synexia-indexstring/src/main/java/com/synexia/indexstring/MIndexMatchQueries.java	e77a72dad111bae5181a73dd0ba047a1cef50b98	java	true	family.entire-source-closure	REVIEW_REQUIRED
synexia-indexstring/src/main/java/com/synexia/indexstring/MIndexMatcher.java	e3539f41caf43b2e5d148c4bfa6a3ad11849454e	java	true	family.entire-source-closure	REVIEW_REQUIRED
synexia-indexstring/src/main/java/com/synexia/indexstring/MIndexMinimumCoverWindow.java	91f31625b9e37a9acb2d8feab0e6f55bf9c27e95	java	true	family.entire-source-closure	REVIEW_REQUIRED
synexia-indexstring/src/main/java/com/synexia/indexstring/MIndexMultiRegexPlan.java	1b201a1da6f06f02ebed61da1a17b597d39dac7b	java	true	family.entire-source-closure	REVIEW_REQUIRED
synexia-indexstring/src/main/java/com/synexia/indexstring/MIndexMutableNGramIndex.java	68a170409ec0e66a1ebdde7cc52bed45ef6e4492	java	true	family.entire-source-closure	REVIEW_REQUIRED
synexia-indexstring/src/main/java/com/synexia/indexstring/MIndexMutableTrie.java	c0d284f21002d030cfd948719a1eadf57f5a45b1	java	true	family.entire-source-closure	REVIEW_REQUIRED
synexia-indexstring/src/main/java/com/synexia/indexstring/MIndexMutationObservation.java	413d469b39c5b12c286f0e7a918a36015c438f59	java	true	family.entire-source-closure	REVIEW_REQUIRED
synexia-indexstring/src/main/java/com/synexia/indexstring/MIndexMutationProjection.java	043a9c636c0ff308b9da2bf27dcf1f1a9f67da97	java	true	family.entire-source-closure	REVIEW_REQUIRED
synexia-indexstring/src/main/java/com/synexia/indexstring/MIndexMyersNative.java	aa6262d4a0f8347ec893e4749c0eff601aeabdf8	java	true	family.entire-source-closure	REVIEW_REQUIRED
synexia-indexstring/src/main/java/com/synexia/indexstring/MIndexMyersPattern.java	f782bc4c5d215bec04bcfb9b3a91b8c1cf4939eb	java	true	family.entire-source-closure	REVIEW_REQUIRED
synexia-indexstring/src/main/java/com/synexia/indexstring/MIndexNativeArrayBoundaries.java	2526b1885784fa6a6307bbafd73f6281579ccb9d	java	true	family.entire-source-closure	REVIEW_REQUIRED
synexia-indexstring/src/main/java/com/synexia/indexstring/MIndexNativeBytes.java	3b996f0edb0c7021dd834b9c7765c3893089d67e	java	true	family.entire-source-closure	REVIEW_REQUIRED
synexia-indexstring/src/main/java/com/synexia/indexstring/MIndexNativeJoinedBytes.java	afa43ba9f341278b72c9ff4e6235697520abace7	java	true	family.entire-source-closure	REVIEW_REQUIRED
synexia-indexstring/src/main/java/com/synexia/indexstring/MIndexNativeJoinedChars.java	fe176a8645a80e7fa1443663d3d6aac053c28a80	java	true	family.entire-source-closure	REVIEW_REQUIRED
synexia-indexstring/src/main/java/com/synexia/indexstring/MIndexNativeResolver.java	cf5d8b83a46f17b485fd843502d5d1027e411e80	java	true	family.entire-source-closure	REVIEW_REQUIRED
synexia-indexstring/src/main/java/com/synexia/indexstring/MIndexNumericTable.java	81a793b99bccd570b74335572bef919c7f8c1b46	java	true	family.entire-source-closure	REVIEW_REQUIRED
synexia-indexstring/src/main/java/com/synexia/indexstring/MIndexOccurrencePostings.java	e00d6e7dde063e940b85eb5d3c0dab10ffcc3dad	java	true	family.entire-source-closure	REVIEW_REQUIRED
synexia-indexstring/src/main/java/com/synexia/indexstring/MIndexOneMismatchWindow.java	f21085450cacbb5d8e6c0bdd08f97e99c5ad4c6f	java	true	family.entire-source-closure	REVIEW_REQUIRED
synexia-indexstring/src/main/java/com/synexia/indexstring/MIndexOperationCatalog.java	3250499739776b722c2655af1b2a7128ad619330	java	true	family.entire-source-closure	REVIEW_REQUIRED
synexia-indexstring/src/main/java/com/synexia/indexstring/MIndexOperationShape.java	d3fe514a735e65d3a0118e4edcfc1e186ea193c8	java	true	family.entire-source-closure	REVIEW_REQUIRED
synexia-indexstring/src/main/java/com/synexia/indexstring/MIndexOrderedSubsequence.java	7090bd4b0dd757207ee1ff2ae458a3f2096d370e	java	true	family.entire-source-closure	REVIEW_REQUIRED
synexia-indexstring/src/main/java/com/synexia/indexstring/MIndexPageRequest.java	925b72070f3f8ef69e8df316f4a912bb9b7a7e93	java	true	family.entire-source-closure	REVIEW_REQUIRED
synexia-indexstring/src/main/java/com/synexia/indexstring/MIndexPageableArgumentTree.java	ab4498db71a5e284ae434c5351010b769a3df407	java	true	family.entire-source-closure	REVIEW_REQUIRED
synexia-indexstring/src/main/java/com/synexia/indexstring/MIndexPageableSources.java	364a8a5217626d76e28158fb7edb411f74f1f23c	java	true	family.entire-source-closure	REVIEW_REQUIRED
synexia-indexstring/src/main/java/com/synexia/indexstring/MIndexPageableTree.java	4eb8174f5575702014557b391f83a514db06e644	java	true	family.entire-source-closure	REVIEW_REQUIRED
synexia-indexstring/src/main/java/com/synexia/indexstring/MIndexPageableTreeCursor.java	8f99855e93b53e805f2dc79ba637e2bfc1971122	java	true	family.entire-source-closure	REVIEW_REQUIRED
synexia-indexstring/src/main/java/com/synexia/indexstring/MIndexPageableTreeDonorCatalog.java	cdce9b0a588cec08ce7125265d583b148831467b	java	true	family.entire-source-closure	REVIEW_REQUIRED
synexia-indexstring/src/main/java/com/synexia/indexstring/MIndexPageableTreeFormatter.java	dcdcd90e3d60a7a75c0c128bd4c9726737f1869d	java	true	family.entire-source-closure	REVIEW_REQUIRED
synexia-indexstring/src/main/java/com/synexia/indexstring/MIndexPageableTreeHeavyIndex.java	34a533cb8ce1bc5b6ce897148d59ac70e348bd37	java	true	family.entire-source-closure	REVIEW_REQUIRED
synexia-indexstring/src/main/java/com/synexia/indexstring/MIndexPageableTreeImage.java	4fea9f6df1ee354e2aed16aa4197e594e315a535	java	true	family.entire-source-closure	REVIEW_REQUIRED
synexia-indexstring/src/main/java/com/synexia/indexstring/MIndexPageableTreeLayout.java	933ce9b4db92eb1cdf20eaae57680142e40283a8	java	true	family.entire-source-closure	REVIEW_REQUIRED
synexia-indexstring/src/main/java/com/synexia/indexstring/MIndexPageableTreeLongFenwick.java	b7c9543edce904341188a4083c339c755173df13	java	true	family.entire-source-closure	REVIEW_REQUIRED
synexia-indexstring/src/main/java/com/synexia/indexstring/MIndexPageableTreeLongValues.java	375cb48b28a80ef66a323ca320841f18d1e610f0	java	true	family.entire-source-closure	REVIEW_REQUIRED
synexia-indexstring/src/main/java/com/synexia/indexstring/MIndexPageableTreePrecomputation.java	e568bf3d367ae74d6e8552f80f95d3ce2c03d08c	java	true	family.entire-source-closure	REVIEW_REQUIRED
synexia-indexstring/src/main/java/com/synexia/indexstring/MIndexPageableTreeSearchService.java	0a1087584044e3d881197d86309397e8d663ab93	java	true	family.entire-source-closure	REVIEW_REQUIRED
synexia-indexstring/src/main/java/com/synexia/indexstring/MIndexPageableTreeSearchServiceAdapter.java	2b521f340533f6f5dbab447ad75ef0650451a9db	java	true	family.entire-source-closure	REVIEW_REQUIRED
synexia-indexstring/src/main/java/com/synexia/indexstring/MIndexPageableTreeService.java	c35e5f9628cdcb2124bf5d8cbf5c4ddffdbfbcba	java	true	family.entire-source-closure	REVIEW_REQUIRED
synexia-indexstring/src/main/java/com/synexia/indexstring/MIndexPageableTreeServiceAdapter.java	a0e09b3aa2049e5ed3edab70f2c5afe966584ade	java	true	family.entire-source-closure	REVIEW_REQUIRED
synexia-indexstring/src/main/java/com/synexia/indexstring/MIndexPageableTreeSlices.java	3b9c84b505856b6ec5a6f904ac609d5c2dfa8c5b	java	true	family.entire-source-closure	REVIEW_REQUIRED
synexia-indexstring/src/main/java/com/synexia/indexstring/MIndexPalindromeFacts.java	f69cbd05b13a1ca799a9adab5c51c9f9532ee3fe	java	true	family.entire-source-closure	REVIEW_REQUIRED
synexia-indexstring/src/main/java/com/synexia/indexstring/MIndexPattern.java	5a4663bca839c1e823e03a0e78fc10b31851ae68	java	true	family.entire-source-closure	REVIEW_REQUIRED
synexia-indexstring/src/main/java/com/synexia/indexstring/MIndexPatternPlan.java	e03cfb0807bf51a612db55f205cabd65fc7fd370	java	true	family.entire-source-closure	REVIEW_REQUIRED
synexia-indexstring/src/main/java/com/synexia/indexstring/MIndexPatternPrecomputation.java	25bee55dfd1f79206b770e17fc3bd2d24c154d84	java	true	family.entire-source-closure	REVIEW_REQUIRED
synexia-indexstring/src/main/java/com/synexia/indexstring/MIndexPatternTruthImage.java	14b8832e7f47c280fc64f00f030ac8fccb755910	java	true	family.entire-source-closure	REVIEW_REQUIRED
synexia-indexstring/src/main/java/com/synexia/indexstring/MIndexPositionMasks.java	6095c87e747497efe56d4729650f981c9373708a	java	true	family.entire-source-closure	REVIEW_REQUIRED
synexia-indexstring/src/main/java/com/synexia/indexstring/MIndexPrecomputationLayout.java	b8e8a4550216505103d6a6136e72ff8808fca24f	java	true	family.entire-source-closure	REVIEW_REQUIRED
synexia-indexstring/src/main/java/com/synexia/indexstring/MIndexPrecomputedStrings.java	23643c472f9a18990cdbc9181e3cbc2b1d1c3084	java	true	family.entire-source-closure	REVIEW_REQUIRED
synexia-indexstring/src/main/java/com/synexia/indexstring/MIndexPredicates.java	a59ae80e66c81ebf03c1aff7b0e758f76d376e90	java	true	family.entire-source-closure	REVIEW_REQUIRED
synexia-indexstring/src/main/java/com/synexia/indexstring/MIndexPrefixFrontier.java	60602934bd92e36fd939a249fbadfbc40a984438	java	true	family.entire-source-closure	REVIEW_REQUIRED
synexia-indexstring/src/main/java/com/synexia/indexstring/MIndexPrefixZ.java	889a915a7b5130bb64bb153feb13b3ef30c56101	java	true	m3.prefix-z	REVIEW_REQUIRED
synexia-indexstring/src/main/java/com/synexia/indexstring/MIndexPrefixZCache.java	ae148ad3aff0037a69bc2b6e186d53029cc50986	java	true	family.entire-source-closure	REVIEW_REQUIRED
synexia-indexstring/src/main/java/com/synexia/indexstring/MIndexPreparedTextVerifier.java	176d99928185ef7c9dfedabd67ead67806822299	java	true	family.entire-source-closure	REVIEW_REQUIRED
synexia-indexstring/src/main/java/com/synexia/indexstring/MIndexPreparedTrigramQuery.java	e9d288eb5d89da8d347acad59825bb2ca966fc0f	java	true	family.entire-source-closure	REVIEW_REQUIRED
synexia-indexstring/src/main/java/com/synexia/indexstring/MIndexPrimitiveArenas.java	d76585a741bd4515d4bd22e7a27cc3138d8d7208	java	true	family.entire-source-closure	REVIEW_REQUIRED
synexia-indexstring/src/main/java/com/synexia/indexstring/MIndexProbabilisticArgumentation.java	c0420975d29bb85f43377fbab6e8bca9553a68e3	java	true	family.entire-source-closure	REVIEW_REQUIRED
synexia-indexstring/src/main/java/com/synexia/indexstring/MIndexPropertyObservation.java	8536e41940704b4ef08da889c4b2f44513984be6	java	true	family.entire-source-closure	REVIEW_REQUIRED
synexia-indexstring/src/main/java/com/synexia/indexstring/MIndexPropertyProjection.java	a5250a4785bba18aec21595bd2673749e9b038d7	java	true	family.entire-source-closure	REVIEW_REQUIRED
synexia-indexstring/src/main/java/com/synexia/indexstring/MIndexQGramTfidfIndex.java	5ade5726783fc8e51aceb872fd4a93937b8539c8	java	true	family.entire-source-closure	REVIEW_REQUIRED
synexia-indexstring/src/main/java/com/synexia/indexstring/MIndexQueryModel.java	707f6248d0ec270b604f36c7efcd92155281c98d	java	true	family.entire-source-closure	REVIEW_REQUIRED
synexia-indexstring/src/main/java/com/synexia/indexstring/MIndexQueryResult.java	25a7321fc31958b3d6f54ef86bf7d962416e0ad5	java	true	family.entire-source-closure	REVIEW_REQUIRED
synexia-indexstring/src/main/java/com/synexia/indexstring/MIndexRe2Plan.java	92c010a6c54ccf6e47aa9be2d1d6e488600c9699	java	true	family.entire-source-closure	REVIEW_REQUIRED
synexia-indexstring/src/main/java/com/synexia/indexstring/MIndexReasoningCounts.java	55f53ebc60eb9734d006fc1b0015b3299baf5004	java	true	family.entire-source-closure	REVIEW_REQUIRED
synexia-indexstring/src/main/java/com/synexia/indexstring/MIndexReasoningEngine.java	c83f5e3bc3066d7f84b0565f4d9e983de3db4b5b	java	true	family.entire-source-closure	REVIEW_REQUIRED
synexia-indexstring/src/main/java/com/synexia/indexstring/MIndexReasoningLang.java	dbfae8977a29c88f6692fe62d43ab1abc25ddfbe	java	true	family.entire-source-closure	REVIEW_REQUIRED
synexia-indexstring/src/main/java/com/synexia/indexstring/MIndexRef.java	8c6139677f0162b17222cccbe0d8b3e323c0db24	java	true	family.entire-source-closure	REVIEW_REQUIRED
synexia-indexstring/src/main/java/com/synexia/indexstring/MIndexRegex.java	9cf44b152084edf427eec4a846ee87535f0bcbc0	java	true	family.entire-source-closure	REVIEW_REQUIRED
synexia-indexstring/src/main/java/com/synexia/indexstring/MIndexRegexAcceleratedImage.java	f5d7c7bb37fbfb651e198fa1f9b692d8b3043402	java	true	family.entire-source-closure	REVIEW_REQUIRED
synexia-indexstring/src/main/java/com/synexia/indexstring/MIndexRegexAtomAlgebra.java	797d245dbf172ebbd2d2eca7006cef664de41aaa	java	true	family.entire-source-closure	REVIEW_REQUIRED
synexia-indexstring/src/main/java/com/synexia/indexstring/MIndexRegexAtomBatch.java	9a3b30a7cf47d9a9b26b6fe147f25c00e8650908	java	true	family.entire-source-closure	REVIEW_REQUIRED
synexia-indexstring/src/main/java/com/synexia/indexstring/MIndexRegexAtomBatchExecutor.java	573c4bee29e136ad5203ad0e5cd0e0817bfe9164	java	true	family.entire-source-closure	REVIEW_REQUIRED
synexia-indexstring/src/main/java/com/synexia/indexstring/MIndexRegexAtomBatchKernel.java	6faa5033a4242bc7796a6c7c1363fe9222a59c8e	java	true	family.entire-source-closure	REVIEW_REQUIRED
synexia-indexstring/src/main/java/com/synexia/indexstring/MIndexRegexAtomEffectCache.java	62566e516a6d64068791cce8d94a086426936da8	java	true	family.entire-source-closure	REVIEW_REQUIRED
synexia-indexstring/src/main/java/com/synexia/indexstring/MIndexRegexAtomExecutionReceipt.java	44f06d9437d3ed1adedf1179c3de96124bde65ad	java	true	family.entire-source-closure	REVIEW_REQUIRED
synexia-indexstring/src/main/java/com/synexia/indexstring/MIndexRegexAtomRanges.java	a8c7893b788bbadffa0956f196185c39e7399c69	java	true	family.entire-source-closure	REVIEW_REQUIRED
synexia-indexstring/src/main/java/com/synexia/indexstring/MIndexRegexAtoms.java	ac4906b54f2e3decfc9d33afc18f2e33e5c3b9f5	java	true	family.entire-source-closure	REVIEW_REQUIRED
synexia-indexstring/src/main/java/com/synexia/indexstring/MIndexRegexBackend.java	3cc4172e41333b23271e0a4e6bc5f22a169e40ef	java	true	family.entire-source-closure	REVIEW_REQUIRED
synexia-indexstring/src/main/java/com/synexia/indexstring/MIndexRegexBatch.java	6759a5fb7be4aef2c42cf9d3a3922ce7c4c0614c	java	true	family.entire-source-closure	REVIEW_REQUIRED
synexia-indexstring/src/main/java/com/synexia/indexstring/MIndexRegexBatchAccelerator.java	bd8e4fb9293e4b423a4b0e2a23eb88d2123f3ab0	java	true	family.entire-source-closure	REVIEW_REQUIRED
synexia-indexstring/src/main/java/com/synexia/indexstring/MIndexRegexBatchAcceleratorSelection.java	82de8bc467d15f356990b6593247fdd88fd5ed6b	java	true	family.entire-source-closure	REVIEW_REQUIRED
synexia-indexstring/src/main/java/com/synexia/indexstring/MIndexRegexBatchAccelerators.java	bd7da5ba5d2a33dc45fc3e15d49bc40973ff3bcf	java	true	family.entire-source-closure	REVIEW_REQUIRED
synexia-indexstring/src/main/java/com/synexia/indexstring/MIndexRegexBatchEvaluationReceipt.java	c20482527c9de5fc6b48f0bd7b9cb6c82c2fc7c3	java	true	family.entire-source-closure	REVIEW_REQUIRED
synexia-indexstring/src/main/java/com/synexia/indexstring/MIndexRegexCandidateProfile.java	f82c4e024702ae2dd71e861bd63d19195b5ecd83	java	true	family.entire-source-closure	REVIEW_REQUIRED
synexia-indexstring/src/main/java/com/synexia/indexstring/MIndexRegexCompositionImage.java	a298e0257e52f55c2a4e17af5a9a0deb79244faf	java	true	family.entire-source-closure	REVIEW_REQUIRED
synexia-indexstring/src/main/java/com/synexia/indexstring/MIndexRegexCompositionQueries.java	45335083e39dfc4a468947323c6e20961b8a5dfd	java	true	family.entire-source-closure	REVIEW_REQUIRED
synexia-indexstring/src/main/java/com/synexia/indexstring/MIndexRegexCompositionRecipe.java	4eb9bfddfee4b374dcc6fb798cb982c6780a3b42	java	true	family.entire-source-closure	REVIEW_REQUIRED
synexia-indexstring/src/main/java/com/synexia/indexstring/MIndexRegexCorpus.java	795722b87e31795e06576839f40969ff7406e836	java	true	family.entire-source-closure	REVIEW_REQUIRED
synexia-indexstring/src/main/java/com/synexia/indexstring/MIndexRegexDerivativeProgram.java	ddc0dd68fc0ffc09acd079aed63d0303d8173840	java	true	family.entire-source-closure	REVIEW_REQUIRED
synexia-indexstring/src/main/java/com/synexia/indexstring/MIndexRegexDescriptor.java	5dfb853cf5e40ec02365a43fdac036fd2093946a	java	true	family.entire-source-closure	REVIEW_REQUIRED
synexia-indexstring/src/main/java/com/synexia/indexstring/MIndexRegexEffect.java	789aad8564c1f25761865aa976e61d25551a763d	java	true	family.entire-source-closure	REVIEW_REQUIRED
synexia-indexstring/src/main/java/com/synexia/indexstring/MIndexRegexEffects.java	0e32a29f0486ee8d385eaec7bf19c8bfda5b7af4	java	true	family.entire-source-closure	REVIEW_REQUIRED
synexia-indexstring/src/main/java/com/synexia/indexstring/MIndexRegexExecutionDag.java	ddc7275ae726db7b3c3eb5b02ec72f43d2f21ee7	java	true	family.entire-source-closure	REVIEW_REQUIRED
synexia-indexstring/src/main/java/com/synexia/indexstring/MIndexRegexIndex.java	01f0b9e4f51be7c4dee9936f9e5435b94613a2c8	java	true	family.entire-source-closure	REVIEW_REQUIRED
synexia-indexstring/src/main/java/com/synexia/indexstring/MIndexRegexMatch.java	dd16163abc2427b0289541218a9f982cd6576c23	java	true	family.entire-source-closure	REVIEW_REQUIRED
synexia-indexstring/src/main/java/com/synexia/indexstring/MIndexRegexPipelinePlan.java	3274e00b80967826a026e4c6800357f72cc52619	java	true	family.entire-source-closure	REVIEW_REQUIRED
synexia-indexstring/src/main/java/com/synexia/indexstring/MIndexRegexPlan.java	9b65a8496181fd0154d15da850225321788f494b	java	true	family.entire-source-closure	REVIEW_REQUIRED
synexia-indexstring/src/main/java/com/synexia/indexstring/MIndexRegexPolicy.java	3b20b79d30cd30b1fb55c57172f77d303476327d	java	true	family.entire-source-closure	REVIEW_REQUIRED
synexia-indexstring/src/main/java/com/synexia/indexstring/MIndexRegexPostingPlan.java	fab75b4a8836f66463d61d305b28b7095e548f34	java	true	family.entire-source-closure	REVIEW_REQUIRED
synexia-indexstring/src/main/java/com/synexia/indexstring/MIndexRegexPrefilterProvider.java	ccee647b85402a73be688eae6ff3c000419696a9	java	true	family.entire-source-closure	REVIEW_REQUIRED
synexia-indexstring/src/main/java/com/synexia/indexstring/MIndexRegexPrefilters.java	971819c0f6873cc8b6123d9e009617d7530789fe	java	true	family.entire-source-closure	REVIEW_REQUIRED
synexia-indexstring/src/main/java/com/synexia/indexstring/MIndexRegexProgram.java	2cd10c699297bb991b2bc2f80c60bc7ea74bc283	java	true	family.entire-source-closure	REVIEW_REQUIRED
synexia-indexstring/src/main/java/com/synexia/indexstring/MIndexRegexProgramImageCodec.java	dc014dd39d0f55aec856dff27318c0f50d8c2bc9	java	true	family.entire-source-closure	REVIEW_REQUIRED
synexia-indexstring/src/main/java/com/synexia/indexstring/MIndexRegexQueryPlan.java	4090cc986b6c7e9288b2e06f8e51d5b465c61fa4	java	true	family.entire-source-closure	REVIEW_REQUIRED
synexia-indexstring/src/main/java/com/synexia/indexstring/MIndexRegexSearch.java	6e42262eac4c485fd0701aeee821649d7b0a4f0f	java	true	family.entire-source-closure	REVIEW_REQUIRED
synexia-indexstring/src/main/java/com/synexia/indexstring/MIndexRegexSearchPlan.java	d29a8aa2744340b596e9bf8d023585cb1b429d23	java	true	family.entire-source-closure	REVIEW_REQUIRED
synexia-indexstring/src/main/java/com/synexia/indexstring/MIndexRegexShape.java	aa12da724364e629e0e929ef24621300d1a562ac	java	true	family.entire-source-closure	REVIEW_REQUIRED
synexia-indexstring/src/main/java/com/synexia/indexstring/MIndexRegexTrigramQuery.java	e7f1d4a181c76c0a2c4bc1464d3bc9e500cbbbea	java	true	synexia.counterpart.MIndexRegexTrigramQuery	REVIEW_REQUIRED
synexia-indexstring/src/main/java/com/synexia/indexstring/MIndexRegexTruthImage.java	907501e09ae71a67f7983599ab8ff1e0d4364964	java	true	family.entire-source-closure	REVIEW_REQUIRED
synexia-indexstring/src/main/java/com/synexia/indexstring/MIndexRepresentation.java	02123b5cc71328f7a492a5bd749537f120045a81	java	true	family.entire-source-closure	REVIEW_REQUIRED
synexia-indexstring/src/main/java/com/synexia/indexstring/MIndexRestrictedRegex.java	38e6de8cda13b73314d15d09381c7cb7fbc1fdf6	java	true	family.entire-source-closure	REVIEW_REQUIRED
synexia-indexstring/src/main/java/com/synexia/indexstring/MIndexSccRecursiveArgumentation.java	1f5fb4f64194c44086661c926eb1ef1c92c258d4	java	true	family.entire-source-closure	REVIEW_REQUIRED
synexia-indexstring/src/main/java/com/synexia/indexstring/MIndexSchemeReviewStatus.java	6410f061b4f695c8e283fdac165e2e74eded44d0	java	true	family.entire-source-closure	REVIEW_REQUIRED
synexia-indexstring/src/main/java/com/synexia/indexstring/MIndexSchemeReviewTable.java	2b4af7c625733fa24da75d2d5cecad60980ae207	java	true	family.entire-source-closure	REVIEW_REQUIRED
synexia-indexstring/src/main/java/com/synexia/indexstring/MIndexScopedNgrams.java	356eee3f86a05a4f7ec891e7bd55a70f375d67f1	java	true	family.entire-source-closure	REVIEW_REQUIRED
synexia-indexstring/src/main/java/com/synexia/indexstring/MIndexSearchEngine.java	3f06e22cc4fd3c40a073bd33e3b420ef878a1022	java	true	family.entire-source-closure	REVIEW_REQUIRED
synexia-indexstring/src/main/java/com/synexia/indexstring/MIndexSearchExecutionProfile.java	272e9f71765329f05d1153dab873210e51eb0b73	java	true	family.entire-source-closure	REVIEW_REQUIRED
synexia-indexstring/src/main/java/com/synexia/indexstring/MIndexSearchImage.java	10f750ecfb71c4b267b8a775ae39625a04235a71	java	true	family.entire-source-closure	REVIEW_REQUIRED
synexia-indexstring/src/main/java/com/synexia/indexstring/MIndexSearchMetadata.java	b8c6d985102337344b51642a1eab402d5b4ef96e	java	true	family.entire-source-closure	REVIEW_REQUIRED
synexia-indexstring/src/main/java/com/synexia/indexstring/MIndexSearchPlan.java	5c13dd4cdc239d9fafde4cfc282448fd6e9d4558	java	true	family.entire-source-closure	REVIEW_REQUIRED
synexia-indexstring/src/main/java/com/synexia/indexstring/MIndexSearchProgram.java	47825a5bb1924c4f6af33b9230aa56c0d859d906	java	true	family.entire-source-closure	REVIEW_REQUIRED
synexia-indexstring/src/main/java/com/synexia/indexstring/MIndexSearchQuery.java	c218de7a546ce9e031ca2ffeac0b756f27f88c27	java	true	family.entire-source-closure	REVIEW_REQUIRED
synexia-indexstring/src/main/java/com/synexia/indexstring/MIndexSegmentGeometry.java	9ad73569c78d6b8ffdeabcc480119b1cd51b9e07	java	true	family.entire-source-closure	REVIEW_REQUIRED
synexia-indexstring/src/main/java/com/synexia/indexstring/MIndexSegmentSearchAtoms.java	54102e3c46931861abb80281c4b4e08ae8b84b0f	java	true	family.entire-source-closure	REVIEW_REQUIRED
synexia-indexstring/src/main/java/com/synexia/indexstring/MIndexSegmentUtf16Search.java	f80d6cc9c2b90cfac2da45c799d582f5cff98f31	java	true	family.entire-source-closure	REVIEW_REQUIRED
synexia-indexstring/src/main/java/com/synexia/indexstring/MIndexSelection.java	b572d9c5c2bd408e511ab41e81ab01944794c84a	java	true	family.entire-source-closure	REVIEW_REQUIRED
synexia-indexstring/src/main/java/com/synexia/indexstring/MIndexSemanticGraph.java	e1c52d0769b46dad58e1f23850609468d9cc165f	java	true	family.entire-source-closure	REVIEW_REQUIRED
synexia-indexstring/src/main/java/com/synexia/indexstring/MIndexSemanticPrecompute.java	cbb2dd11379845344c7bf0dddacb77b97549257f	java	true	family.entire-source-closure	REVIEW_REQUIRED
synexia-indexstring/src/main/java/com/synexia/indexstring/MIndexSemanticRole.java	0d25116493ec3a287bb49763ce940584e14d43ed	java	true	family.entire-source-closure	REVIEW_REQUIRED
synexia-indexstring/src/main/java/com/synexia/indexstring/MIndexSenseTable.java	0df3cbbacdd920ed936f16fcb135a5d04618ab1a	java	true	family.entire-source-closure	REVIEW_REQUIRED
synexia-indexstring/src/main/java/com/synexia/indexstring/MIndexSenticVector.java	1b8c2beb66f1d7247f94ab11b7503bfcc3274a96	java	true	family.entire-source-closure	REVIEW_REQUIRED
synexia-indexstring/src/main/java/com/synexia/indexstring/MIndexSetAttackFramework.java	c9c94f2c00a8e89ed9e476613c1e86d8b5ddae75	java	true	family.entire-source-closure	REVIEW_REQUIRED
synexia-indexstring/src/main/java/com/synexia/indexstring/MIndexSha256Batch.java	28b3d39ebc515880f2d9ac384ce779261fd6c368	java	true	family.entire-source-closure	REVIEW_REQUIRED
synexia-indexstring/src/main/java/com/synexia/indexstring/MIndexSha256PreparedSchedule.java	900a631bf50e0ffbbed84eae54351fe6c119fc08	java	true	family.entire-source-closure	REVIEW_REQUIRED
synexia-indexstring/src/main/java/com/synexia/indexstring/MIndexSharedStorage.java	b429d654623818a690a670ec8efb28d4e47e44f8	java	true	family.entire-source-closure	REVIEW_REQUIRED
synexia-indexstring/src/main/java/com/synexia/indexstring/MIndexSharedStrings.java	09899d3dc1cfeb58241545e19e92058d264826ca	java	true	family.entire-source-closure	REVIEW_REQUIRED
synexia-indexstring/src/main/java/com/synexia/indexstring/MIndexSignatureImage.java	33625960f2a3f74cd4980d479ac651604c27e288	java	true	family.entire-source-closure	REVIEW_REQUIRED
synexia-indexstring/src/main/java/com/synexia/indexstring/MIndexSignatureNative.java	f0dbd45bb4673ad1242d1d0768e61a8579a43b94	java	true	family.entire-source-closure	REVIEW_REQUIRED
synexia-indexstring/src/main/java/com/synexia/indexstring/MIndexSnapshotPages.java	da30084bb16239fe1a05924f22cda2c9c0f0f8ac	java	true	family.entire-source-closure	REVIEW_REQUIRED
synexia-indexstring/src/main/java/com/synexia/indexstring/MIndexSocialArgumentation.java	00f68afed11e1f225f0587e620b77795e7f1fa74	java	true	family.entire-source-closure	REVIEW_REQUIRED
synexia-indexstring/src/main/java/com/synexia/indexstring/MIndexStableSemanticsSatIndex.java	f3d87732b213fe7b449487c2097dd58805a6b841	java	true	family.entire-source-closure	REVIEW_REQUIRED
synexia-indexstring/src/main/java/com/synexia/indexstring/MIndexStateRelation.java	43b0b8b6949813b8333125b0c93b1a96b32cd899	java	true	family.entire-source-closure	REVIEW_REQUIRED
synexia-indexstring/src/main/java/com/synexia/indexstring/MIndexSteadyGeneWindow.java	cd804e3bd145adaf07f32dbbd19e35fa0b0f1939	java	true	family.entire-source-closure	REVIEW_REQUIRED
synexia-indexstring/src/main/java/com/synexia/indexstring/MIndexStorageLocation.java	d453e52bdd4818b819e45e294f3d04280353b2d2	java	true	family.entire-source-closure	REVIEW_REQUIRED
synexia-indexstring/src/main/java/com/synexia/indexstring/MIndexString.java	bf64463be2ceedcb1f13bd295975dbe795cc0e6d	java	true	family.entire-source-closure	REVIEW_REQUIRED
synexia-indexstring/src/main/java/com/synexia/indexstring/MIndexStringBitOps.java	aa904f5d10370ab4213b8ab39a1d359f9142d440	java	true	family.entire-source-closure	REVIEW_REQUIRED
synexia-indexstring/src/main/java/com/synexia/indexstring/MIndexStringBuilder.java	8f8b0e9e809657f4d05a0566040dfe1001d32f8e	java	true	family.entire-source-closure	REVIEW_REQUIRED
synexia-indexstring/src/main/java/com/synexia/indexstring/MIndexStringCanonicalFacts.java	1200c927da62570b5881a9c9667b7e3a44d1d11a	java	true	family.entire-source-closure	REVIEW_REQUIRED
synexia-indexstring/src/main/java/com/synexia/indexstring/MIndexStringCharsetEncoding.java	f003f3fe96ea99b11a7d986f304bbf573db82faf	java	true	family.entire-source-closure	REVIEW_REQUIRED
synexia-indexstring/src/main/java/com/synexia/indexstring/MIndexStringChunk.java	f705a0fb1eb236dc8337f6dc655c2f00ea66d70f	java	true	family.entire-source-closure	REVIEW_REQUIRED
synexia-indexstring/src/main/java/com/synexia/indexstring/MIndexStringChunks.java	633738a44f19634a6928add27d0951b09be14ddd	java	true	family.entire-source-closure	REVIEW_REQUIRED
synexia-indexstring/src/main/java/com/synexia/indexstring/MIndexStringCollections.java	5989966f888e9ed60c35411b0d6fa79f5f35f78c	java	true	family.entire-source-closure	REVIEW_REQUIRED
synexia-indexstring/src/main/java/com/synexia/indexstring/MIndexStringCompat.java	796fcb225b4eb3567a0f3126e33b07400f93e488	java	true	family.entire-source-closure	REVIEW_REQUIRED
synexia-indexstring/src/main/java/com/synexia/indexstring/MIndexStringCompilerRuntime.java	dde8ca4c15b9e6919c0f694b02560b5f2679215c	java	true	family.entire-source-closure	REVIEW_REQUIRED
synexia-indexstring/src/main/java/com/synexia/indexstring/MIndexStringComposer.java	98f754c94c7bac8840d12c95e0f77524db8f31e1	java	true	family.entire-source-closure	REVIEW_REQUIRED
synexia-indexstring/src/main/java/com/synexia/indexstring/MIndexStringEditDistancePlan.java	78dc7ecc4aa21624b4b9b7fd8562b12b3d23dc2b	java	true	family.entire-source-closure	REVIEW_REQUIRED
synexia-indexstring/src/main/java/com/synexia/indexstring/MIndexStringFacet.java	cd3cf7f8bcf253f7604b6b2d2c8a5617ef4925e5	java	true	family.entire-source-closure	REVIEW_REQUIRED
synexia-indexstring/src/main/java/com/synexia/indexstring/MIndexStringIntern.java	3c11f0bab62d33f9bd6c98cc0cd6ce166eec1020	java	true	family.entire-source-closure	REVIEW_REQUIRED
synexia-indexstring/src/main/java/com/synexia/indexstring/MIndexStringKeywordPlan.java	2037d51e7dd3f4d5c68c8f4e77c041ee4fa8b35a	java	true	family.entire-source-closure	REVIEW_REQUIRED
synexia-indexstring/src/main/java/com/synexia/indexstring/MIndexStringMetadata.java	a9559ad45839f0c4ac210c3e2ca9783d3c1a6ef5	java	true	family.entire-source-closure	REVIEW_REQUIRED
synexia-indexstring/src/main/java/com/synexia/indexstring/MIndexStringMetadataGraph.java	a4d649616e12942455ed345969afdafbe6cafc23	java	true	family.entire-source-closure	REVIEW_REQUIRED
synexia-indexstring/src/main/java/com/synexia/indexstring/MIndexStringModelBatch.java	0b447ae96caeb9b5ab18dbbd1d813fbcca2b1f7a	java	true	family.entire-source-closure	REVIEW_REQUIRED
synexia-indexstring/src/main/java/com/synexia/indexstring/MIndexStringModelLexicon.java	5f4124b2ae7ac18f658fa5034b14532832fc073e	java	true	family.entire-source-closure	REVIEW_REQUIRED
synexia-indexstring/src/main/java/com/synexia/indexstring/MIndexStringModelProjector.java	d086f5d6936d5dd5c92657d42192876ed9a190a6	java	true	family.entire-source-closure	REVIEW_REQUIRED
synexia-indexstring/src/main/java/com/synexia/indexstring/MIndexStringModelTokenCache.java	c98e4649682a05ff77360f633c9d22a6fa066672	java	true	family.entire-source-closure	REVIEW_REQUIRED
synexia-indexstring/src/main/java/com/synexia/indexstring/MIndexStringModelTokenizer.java	3c05481a3cfb185db1bd0635376039473e8e17cb	java	true	family.entire-source-closure	REVIEW_REQUIRED
synexia-indexstring/src/main/java/com/synexia/indexstring/MIndexStringModelVocabulary.java	605f842f5aff2ce8c081743f09ac09e99f934719	java	true	family.entire-source-closure	REVIEW_REQUIRED
synexia-indexstring/src/main/java/com/synexia/indexstring/MIndexStringModelVocabularyImage.java	ece8749f9749e0eeaeca29380f41015a952fc9dc	java	true	family.entire-source-closure	REVIEW_REQUIRED
synexia-indexstring/src/main/java/com/synexia/indexstring/MIndexStringPool.java	062774c3fd169149ae0e65598b2ea16eb09a2549	java	true	family.entire-source-closure	REVIEW_REQUIRED
synexia-indexstring/src/main/java/com/synexia/indexstring/MIndexStringPrecomputation.java	b762518f382b22b0622d4fac57985f47e58adf11	java	true	family.entire-source-closure	REVIEW_REQUIRED
synexia-indexstring/src/main/java/com/synexia/indexstring/MIndexStringPrecomputationByteFacts.java	3e66c1441b62d150cfc60259b2d9b3c642852327	java	true	family.entire-source-closure	REVIEW_REQUIRED
synexia-indexstring/src/main/java/com/synexia/indexstring/MIndexStringPrecomputationByteFactsCodec.java	04d2e5207dc5c21455b9d5d3df2d83c5988ebb55	java	true	family.entire-source-closure	REVIEW_REQUIRED
synexia-indexstring/src/main/java/com/synexia/indexstring/MIndexStringRef.java	b3fb1a8c6ab33ed334ea7e1749843439a69c343f	java	true	family.entire-source-closure	REVIEW_REQUIRED
synexia-indexstring/src/main/java/com/synexia/indexstring/MIndexStringRouteContract.java	d9ddc1e9b0c7bf8dcfd6e307780f9918b0c2f2b8	java	true	family.entire-source-closure	REVIEW_REQUIRED
synexia-indexstring/src/main/java/com/synexia/indexstring/MIndexStringSearchIndex.java	6a4256c0340258ca3fb362a1507dd5beac869e11	java	true	family.entire-source-closure	REVIEW_REQUIRED
synexia-indexstring/src/main/java/com/synexia/indexstring/MIndexStringSearchPlan.java	a024274bfcd2152db62b4d50dcc52a1afebff5da	java	true	family.entire-source-closure	REVIEW_REQUIRED
synexia-indexstring/src/main/java/com/synexia/indexstring/MIndexStringSearchTree.java	655f149f42d73dc875ff169ec40c3c1f6b284732	java	true	family.entire-source-closure	REVIEW_REQUIRED
synexia-indexstring/src/main/java/com/synexia/indexstring/MIndexStringSet.java	94ee4849a41af45c0cc7f0cbf6e77db87551e9cf	java	true	family.entire-source-closure	REVIEW_REQUIRED
synexia-indexstring/src/main/java/com/synexia/indexstring/MIndexStringSetProvider.java	309c774b57667b9cb8d3690b03069042d7b10af8	java	true	family.entire-source-closure	REVIEW_REQUIRED
synexia-indexstring/src/main/java/com/synexia/indexstring/MIndexStringTextBridge.java	10b1c8acbc4bb8197c95ea3efe7f5114455e27b2	java	true	family.entire-source-closure	REVIEW_REQUIRED
synexia-indexstring/src/main/java/com/synexia/indexstring/MIndexStringTranslationBridge.java	b5854529151d0868e5d29017e709dea902292eea	java	true	family.entire-source-closure	REVIEW_REQUIRED
synexia-indexstring/src/main/java/com/synexia/indexstring/MIndexStringTypeBits.java	52545a951b49a049aa75dab2c6f66c5af2194477	java	true	family.entire-source-closure	REVIEW_REQUIRED
synexia-indexstring/src/main/java/com/synexia/indexstring/MIndexStringTypeIndex.java	5d275fcdcbd34172f8ae20dd07cf53b447b59c64	java	true	family.entire-source-closure	REVIEW_REQUIRED
synexia-indexstring/src/main/java/com/synexia/indexstring/MIndexStringTypeView.java	579f8726b59a308bfb0cc890b6294d16040167fe	java	true	family.entire-source-closure	REVIEW_REQUIRED
synexia-indexstring/src/main/java/com/synexia/indexstring/MIndexStringView.java	b80026f4335fe5ff6a2a4ff2a000a0a8ec941018	java	true	family.entire-source-closure	REVIEW_REQUIRED
synexia-indexstring/src/main/java/com/synexia/indexstring/MIndexStringVocabularyTokenizer.java	f4fa1270eb724164d7ad66f7a1b5255dccee22b3	java	true	family.entire-source-closure	REVIEW_REQUIRED
synexia-indexstring/src/main/java/com/synexia/indexstring/MIndexStringWildcardPlan.java	9e641218f95efee7b35f9e038ff93ce102875192	java	true	family.entire-source-closure	REVIEW_REQUIRED
synexia-indexstring/src/main/java/com/synexia/indexstring/MIndexStructuralAdapterProvider.java	73e155b1d8990feb500e857456144f3ad9c7f6b0	java	true	family.entire-source-closure	REVIEW_REQUIRED
synexia-indexstring/src/main/java/com/synexia/indexstring/MIndexStructuralAdapterRegistry.java	7cb908b97080f016e63a08b738e722c8464daec0	java	true	family.entire-source-closure	REVIEW_REQUIRED
synexia-indexstring/src/main/java/com/synexia/indexstring/MIndexStructuralBundle.java	2bdbbdb0ba8fec591e1ebc302e9efd13789df517	java	true	family.entire-source-closure	REVIEW_REQUIRED
synexia-indexstring/src/main/java/com/synexia/indexstring/MIndexStructuralStore.java	5c54171dbe1da428a9e2a608831564fc869efedb	java	true	family.entire-source-closure	REVIEW_REQUIRED
synexia-indexstring/src/main/java/com/synexia/indexstring/MIndexStructuredArgumentation.java	259713ecb6e0706c19b7620b3d587e6effc5ded6	java	true	family.entire-source-closure	REVIEW_REQUIRED
synexia-indexstring/src/main/java/com/synexia/indexstring/MIndexTextDistance.java	1d98c4c0a7366a083ede5a9a149b0ff9a8e0789d	java	true	family.entire-source-closure	REVIEW_REQUIRED
synexia-indexstring/src/main/java/com/synexia/indexstring/MIndexTextFlags.java	455089c57fe778c83136e166cdf4c6d627b31244	java	true	family.entire-source-closure	REVIEW_REQUIRED
synexia-indexstring/src/main/java/com/synexia/indexstring/MIndexTextPrecomputedFacts.java	701c28acf980c409dcfb541c8dbb0438ad72ab85	java	true	family.entire-source-closure	REVIEW_REQUIRED
synexia-indexstring/src/main/java/com/synexia/indexstring/MIndexTextPredicate.java	5f7fee3b86b2ecad36d318acfd743c3873f61dad	java	true	family.entire-source-closure	REVIEW_REQUIRED
synexia-indexstring/src/main/java/com/synexia/indexstring/MIndexTextSignals.java	c4a350543e0a1ebc8fbf7e2e7a346a19a75de26a	java	true	family.entire-source-closure	REVIEW_REQUIRED
synexia-indexstring/src/main/java/com/synexia/indexstring/MIndexTokenPattern.java	91c0a202ab84f1ed06bb5d234bc72f6f612bd04a	java	true	family.entire-source-closure	REVIEW_REQUIRED
synexia-indexstring/src/main/java/com/synexia/indexstring/MIndexTokenSearchTree.java	ce472ebcf082124fe3a16e9544637656732233d7	java	true	family.entire-source-closure	REVIEW_REQUIRED
synexia-indexstring/src/main/java/com/synexia/indexstring/MIndexTokenTrie.java	8b4c0f232b825b122ead44dd83b775b61144e54d	java	true	family.entire-source-closure	REVIEW_REQUIRED
synexia-indexstring/src/main/java/com/synexia/indexstring/MIndexTreeCursor.java	8de08b0f1bc80ccfdfdb5f0b9cd421795cedac1a	java	true	family.entire-source-closure	REVIEW_REQUIRED
synexia-indexstring/src/main/java/com/synexia/indexstring/MIndexTreeHash256.java	71d828b27adf29aa235f040feb700d76efa150a4	java	true	family.entire-source-closure	REVIEW_REQUIRED
synexia-indexstring/src/main/java/com/synexia/indexstring/MIndexTreePage.java	ecd5eb568062c8e94b58f2686a0927ae9b0be618	java	true	family.entire-source-closure	REVIEW_REQUIRED
synexia-indexstring/src/main/java/com/synexia/indexstring/MIndexTreePageRequest.java	f100a4bfe87cb74f111d3ddc5991fb56aaedab11	java	true	family.entire-source-closure	REVIEW_REQUIRED
synexia-indexstring/src/main/java/com/synexia/indexstring/MIndexTrieNavigation.java	a7c1877380ea547427310d9a95e22556dc32719e	java	true	family.entire-source-closure	REVIEW_REQUIRED
synexia-indexstring/src/main/java/com/synexia/indexstring/MIndexTruthStatus.java	223572decb7a5e19e49c2bd7187438819b7643cf	java	true	family.entire-source-closure	REVIEW_REQUIRED
synexia-indexstring/src/main/java/com/synexia/indexstring/MIndexTupleReferences.java	78ad9d7ed799478bc3a742a18ebf569192911cde	java	true	family.entire-source-closure	REVIEW_REQUIRED
synexia-indexstring/src/main/java/com/synexia/indexstring/MIndexUtf16ArrayView.java	1953a2f3d4f80034420e31a6ac0e20bbf4dfcad1	java	true	family.entire-source-closure	REVIEW_REQUIRED
synexia-indexstring/src/main/java/com/synexia/indexstring/MIndexUtf16Histogram.java	756c236acb0430245be9cbd6040162dc6c11d5bd	java	true	family.entire-source-closure	REVIEW_REQUIRED
synexia-indexstring/src/main/java/com/synexia/indexstring/MIndexUtf16RangeBatch.java	ef01d276d704c33763a20a12c31a55f5404b6da8	java	true	family.entire-source-closure	REVIEW_REQUIRED
synexia-indexstring/src/main/java/com/synexia/indexstring/MIndexUtf16RangeFacts.java	6a10a38f6639d8244a378d484c198c10d349705b	java	true	family.entire-source-closure	REVIEW_REQUIRED
synexia-indexstring/src/main/java/com/synexia/indexstring/MIndexUtf16Selection.java	7325a77e378bdfe78fb28011e2a340c13d0b10f3	java	true	family.entire-source-closure	REVIEW_REQUIRED
synexia-indexstring/src/main/java/com/synexia/indexstring/MIndexUtf16Streams.java	e84e5b3c123ee54a2e7a7af61229c8a1e9e0b4ca	java	true	family.entire-source-closure	REVIEW_REQUIRED
synexia-indexstring/src/main/java/com/synexia/indexstring/MIndexValueTable.java	e148b3adb0a435f9e2a0591d002010d1748eb2ec	java	true	family.entire-source-closure	REVIEW_REQUIRED
synexia-indexstring/src/main/java/com/synexia/indexstring/MIndexVerificationAudit.java	3cd205bc375aa099f713a856d003946984530cb0	java	true	family.entire-source-closure	REVIEW_REQUIRED
synexia-indexstring/src/main/java/com/synexia/indexstring/MIndexVerificationAuditEngine.java	0a9410a3ef48cf06d629f01bb2d0a26ac9f9d5b7	java	true	family.entire-source-closure	REVIEW_REQUIRED
synexia-indexstring/src/main/java/com/synexia/indexstring/MIndexVerificationLang.java	17e9f62acb7a63f46bd29824d62925fa2160f52c	java	true	family.entire-source-closure	REVIEW_REQUIRED
synexia-indexstring/src/main/java/com/synexia/indexstring/MIndexVerificationStructureValidator.java	a8335a927b1f4b4a5358615b0a06491168d37904	java	true	family.entire-source-closure	REVIEW_REQUIRED
synexia-indexstring/src/main/java/com/synexia/indexstring/MIndexVocabularyIndex.java	be0ef0ba2672ca9e917f156ef740c1509a918b63	java	true	family.entire-source-closure	REVIEW_REQUIRED
synexia-indexstring/src/main/java/com/synexia/indexstring/MIndexVocabularyRelationIndex.java	8325616798ae134c47bf395b589fc44c015780c2	java	true	family.entire-source-closure	REVIEW_REQUIRED
synexia-indexstring/src/main/java/com/synexia/indexstring/MIndexVocabularySearchTree.java	e122d03dd59a92c94b07c5e91bcf22938ed450bc	java	true	family.entire-source-closure	REVIEW_REQUIRED
synexia-indexstring/src/main/java/com/synexia/indexstring/MIndexWhitespaceBoundaries.java	8c24945f27b874be6ca7f8fb8de00f51e93b6c7d	java	true	family.entire-source-closure	REVIEW_REQUIRED
synexia-indexstring/src/main/java/com/synexia/indexstring/MIndexWhitespaceBoundaryCache.java	1f126fcf7795b14c7338f9f415f2a2805be36c0e	java	true	family.entire-source-closure	REVIEW_REQUIRED
synexia-indexstring/src/main/java/com/synexia/indexstring/MIndexWildcard.java	f414e4f6038d2c3bcb7f7eaf40dfa09e212d19e5	java	true	family.entire-source-closure	REVIEW_REQUIRED
synexia-indexstring/src/main/java/com/synexia/indexstring/MIndexWordCoreBatch.java	8a67b31d67beba9c84eb4329959bf176fb586136	java	true	family.entire-source-closure	REVIEW_REQUIRED
synexia-indexstring/src/main/java/com/synexia/indexstring/MIndexWorldRanking.java	7ea4d1ebe39375a1d5e8e44893dbdb2aa66c3adb	java	true	family.entire-source-closure	REVIEW_REQUIRED
synexia-indexstring/src/main/java/com/synexia/indexstring/MIndexWritableCompaction.java	fb6f9332ff2f205f3960bc85e1703cfa0729efb2	java	true	family.entire-source-closure	REVIEW_REQUIRED
synexia-indexstring/src/main/java/com/synexia/indexstring/MIndexWritableDeltaSnapshot.java	c46c567554bf4ab80e28c49931e95723864fb2ef	java	true	family.entire-source-closure	REVIEW_REQUIRED
synexia-indexstring/src/main/java/com/synexia/indexstring/MIndexWritableLanguageRuntime.java	1ebf1f556cf8e29763346aa779f98242791c322a	java	true	family.entire-source-closure	REVIEW_REQUIRED
synexia-indexstring/src/main/java/com/synexia/indexstring/MIndexWritableSearchIndex.java	0c84ab4c58563be64e3f232bca5acdea3b6acd56	java	true	family.entire-source-closure	REVIEW_REQUIRED
synexia-indexstring/src/main/java/com/synexia/indexstring/MappedIndexAffixIndex.java	f1a65ab4867c9fb6023237c1b63995fb0908e228	java	false	family.entire-source-closure	REVIEW_REQUIRED
synexia-indexstring/src/main/java/com/synexia/indexstring/MappedIndexCharacterIndex.java	561d2f1ba3d98b7814d9c1ecdb14ed24179b87c9	java	false	family.entire-source-closure	REVIEW_REQUIRED
synexia-indexstring/src/main/java/com/synexia/indexstring/MappedIndexDictionary.java	72e94de870dbb232908d3fe265158a15e6f2a51e	java	false	family.entire-source-closure	REVIEW_REQUIRED
synexia-indexstring/src/main/java/com/synexia/indexstring/MappedIndexLexicon.java	4e586704dc9488fc5e334cd74d94afd4bc910414	java	false	family.entire-source-closure	REVIEW_REQUIRED
synexia-indexstring/src/main/java/com/synexia/indexstring/MappedIndexLexiconAdaptiveByteMatrix.java	8c56332567090c5d0433f5bef35a433fbbe53f62	java	false	family.entire-source-closure	REVIEW_REQUIRED
synexia-indexstring/src/main/java/com/synexia/indexstring/MappedIndexLexiconAddressMatrix.java	9f65f1175cc4d405aa16953152144af129f7d8c3	java	false	family.entire-source-closure	REVIEW_REQUIRED
synexia-indexstring/src/main/java/com/synexia/indexstring/MappedIndexLexiconAddressPlane.java	ce27f2eeff4d53d69db458eae3c5e07423607e5a	java	false	family.entire-source-closure	REVIEW_REQUIRED
synexia-indexstring/src/main/java/com/synexia/indexstring/MappedIndexLexiconFixedAsciiMatrix.java	e9c51dac174ed29ca568cbaac5ffa177aff72f1f	java	false	family.entire-source-closure	REVIEW_REQUIRED
synexia-indexstring/src/main/java/com/synexia/indexstring/MappedIndexLexiconPagedAddressMatrix.java	6d14baa1c9dd3f188e1bf0da9a029e2756c20e58	java	false	family.entire-source-closure	REVIEW_REQUIRED
synexia-indexstring/src/main/java/com/synexia/indexstring/MappedIndexNGramCompressed.java	7abe5f45735d72ecb6b80f7d0a68bc640afe85d5	java	false	family.entire-source-closure	REVIEW_REQUIRED
synexia-indexstring/src/main/java/com/synexia/indexstring/MappedIndexNGramIndex.java	1de8d1fc9132d8f560c5894002c08d67f7459bf1	java	false	family.entire-source-closure	REVIEW_REQUIRED
synexia-indexstring/src/main/java/com/synexia/indexstring/MappedIndexRegexSet.java	f6c6370652decf7564c2886ea0333a4a5ec14d4c	java	false	family.entire-source-closure	REVIEW_REQUIRED
synexia-indexstring/src/main/java/com/synexia/indexstring/MappedIndexStringStore.java	d885be8669a9550b1c4653fa089782a1dc61386b	java	false	family.entire-source-closure	REVIEW_REQUIRED
synexia-indexstring/src/main/java/com/synexia/indexstring/MappedIndexSubstringIndex.java	19ce8a3195b6e59bd023fa5f3b0cf5cb939eb484	java	false	family.entire-source-closure	REVIEW_REQUIRED
synexia-indexstring/src/main/java/com/synexia/indexstring/MappedIndexWordFacts.java	e04656998b25dec21807965cf91190a32ee21d8c	java	false	family.entire-source-closure	REVIEW_REQUIRED
synexia-indexstring/src/main/java/com/synexia/indexstring/MappedIndexWordFactsPostings.java	378bb0a829e7f2ee844bb435a4ac1301dcb29b4f	java	false	family.entire-source-closure	REVIEW_REQUIRED
synexia-indexstring/src/main/java/com/synexia/indexstring/MappedIndexWordRows.java	521ab34e2ac253dec2a9f96960b260a337a44a89	java	false	family.entire-source-closure	REVIEW_REQUIRED
synexia-indexstring/src/main/java/com/synexia/indexstring/MappedIndexWordSignalIndex.java	bcef5d103186ddfd930f51b434826ad2792ec472	java	false	family.entire-source-closure	REVIEW_REQUIRED
synexia-indexstring/src/main/java/com/synexia/indexstring/MappedLexiconFacts.java	4b04f0048d37a3595bdb0d389a6f9ac39f1a606a	java	false	family.entire-source-closure	REVIEW_REQUIRED
synexia-indexstring/src/main/java/com/synexia/indexstring/MappedMIndexStringModelVocabulary.java	f01027eca9027c3043131ad68fd55b696ceed9c8	java	false	family.entire-source-closure	REVIEW_REQUIRED
synexia-indexstring/src/main/java/com/synexia/indexstring/MappedMIndexStructuralBundle.java	be1b7b61c026267f41c492a805aa7e482aa31b5f	java	false	family.entire-source-closure	REVIEW_REQUIRED
synexia-indexstring/src/main/java/com/synexia/indexstring/MappedMatIndexPageableTree.java	05d86ad9b21d494650b9aea13dca9822feea6f5f	java	false	family.entire-source-closure	REVIEW_REQUIRED
synexia-indexstring/src/main/java/com/synexia/indexstring/MappedMatIndexRegexSet.java	2dc34b32d8fa05a225fb845367c928d9c9343ff9	java	false	family.entire-source-closure	REVIEW_REQUIRED
synexia-indexstring/src/main/java/com/synexia/indexstring/MappedMatIndexString.java	de53644c8e6fd7af0d0745f341d3aeb1ab135e36	java	false	family.entire-source-closure	REVIEW_REQUIRED
synexia-indexstring/src/main/java/com/synexia/indexstring/MappedMatIndexStringPool.java	8c5af1808de9f0cc4c60aced56011645fa912831	java	false	family.entire-source-closure	REVIEW_REQUIRED
synexia-indexstring/src/main/java/com/synexia/indexstring/MatCanonical.java	2f9e940488b7fa5c5c6f8c2f5700f95f8b8619cb	java	false	family.entire-source-closure	REVIEW_REQUIRED
synexia-indexstring/src/main/java/com/synexia/indexstring/MatCanonicalPool.java	9057309063a593c0727f9957a374f6680f83dad6	java	false	family.entire-source-closure	REVIEW_REQUIRED
synexia-indexstring/src/main/java/com/synexia/indexstring/MatComposableHash64.java	828d4c39e87a139095058b2820b9d43b5f92359d	java	false	family.entire-source-closure	REVIEW_REQUIRED
synexia-indexstring/src/main/java/com/synexia/indexstring/MatHash256.java	c729eb91d6fe35c34d57e04761c790f62701de6d	java	false	family.entire-source-closure	REVIEW_REQUIRED
synexia-indexstring/src/main/java/com/synexia/indexstring/MatIndexAhoCorasick.java	419f46d19b309553adec62b5e9994257cc4c70f5	java	true	family.entire-source-closure	REVIEW_REQUIRED
synexia-indexstring/src/main/java/com/synexia/indexstring/MatIndexBitDag.java	78b65d53ee9212510bc090fdaa3aa2057fc08822	java	true	family.entire-source-closure	REVIEW_REQUIRED
synexia-indexstring/src/main/java/com/synexia/indexstring/MatIndexChrome2ApiStructureAdvisor.java	4ba32060285becf185ad5fe038e944cb546fbabe	java	true	family.entire-source-closure	REVIEW_REQUIRED
synexia-indexstring/src/main/java/com/synexia/indexstring/MatIndexDistanceBatchImage.java	4d1c044baf7b8193ca6fac152fa39be7b7bf846f	java	true	family.entire-source-closure	REVIEW_REQUIRED
synexia-indexstring/src/main/java/com/synexia/indexstring/MatIndexDistanceCandidateExecutor.java	2917dd8665f2131ba5776a5988d1f8b25ed0a8c6	java	true	family.entire-source-closure	REVIEW_REQUIRED
synexia-indexstring/src/main/java/com/synexia/indexstring/MatIndexDistanceDag.java	a404e0db650e23c1a3ecb9e5cd1bba1a2bfec5d6	java	true	family.entire-source-closure	REVIEW_REQUIRED
synexia-indexstring/src/main/java/com/synexia/indexstring/MatIndexDistanceIndex.java	784459d354c67b0306827bde4e575fc473992551	java	true	family.entire-source-closure	REVIEW_REQUIRED
synexia-indexstring/src/main/java/com/synexia/indexstring/MatIndexDistanceOrder.java	7bd56a24c04c71aa557c5c17e08e7e4784d783ec	java	true	family.entire-source-closure	REVIEW_REQUIRED
synexia-indexstring/src/main/java/com/synexia/indexstring/MatIndexDistancePopulation.java	5ec42d2b2db758ce23694e30308f33e7fd946660	java	true	family.entire-source-closure	REVIEW_REQUIRED
synexia-indexstring/src/main/java/com/synexia/indexstring/MatIndexDistanceQueryReceipt.java	0d24f8693e4f43e407208d2bcd5a99b7d88abfaa	java	true	family.entire-source-closure	REVIEW_REQUIRED
synexia-indexstring/src/main/java/com/synexia/indexstring/MatIndexDistanceResult.java	79bae752a3fb2772e2902a367f81edc7c05b4f11	java	true	family.entire-source-closure	REVIEW_REQUIRED
synexia-indexstring/src/main/java/com/synexia/indexstring/MatIndexGeneratedLayout.java	d70ebe5f142b4e6bcfb3ff9871923e4d23befb11	java	true	family.entire-source-closure	REVIEW_REQUIRED
synexia-indexstring/src/main/java/com/synexia/indexstring/MatIndexIdentifier.java	53e954a3b36c4a1ac9701b00632d7b5c85d02948	java	true	family.entire-source-closure	REVIEW_REQUIRED
synexia-indexstring/src/main/java/com/synexia/indexstring/MatIndexObjectProjection.java	846e8c207af89dc98d0a89e671dfdbf541fe19d6	java	true	family.entire-source-closure	REVIEW_REQUIRED
synexia-indexstring/src/main/java/com/synexia/indexstring/MatIndexObjectSignal.java	ee4737e4b91a76da2053f5b2c863d2b94355fd7e	java	true	family.entire-source-closure	REVIEW_REQUIRED
synexia-indexstring/src/main/java/com/synexia/indexstring/MatIndexObjectSignalIndex.java	650aab083339f90e3dc6d73d8c9a6e6b34090904	java	true	family.entire-source-closure	REVIEW_REQUIRED
synexia-indexstring/src/main/java/com/synexia/indexstring/MatIndexObjectSignalResult.java	345fe98155ac4ddfeedd060d4bce65cb2e9ea99b	java	true	family.entire-source-closure	REVIEW_REQUIRED
synexia-indexstring/src/main/java/com/synexia/indexstring/MatIndexObjectStore.java	c4dd023a8c8f01f06982e1539161e2e63bfee38b	java	true	family.entire-source-closure	REVIEW_REQUIRED
synexia-indexstring/src/main/java/com/synexia/indexstring/MatIndexOpenAiStructureAdvisor.java	04fbcdb3732b7ad517c0cb5df6ee0347a6868889	java	true	family.entire-source-closure	REVIEW_REQUIRED
synexia-indexstring/src/main/java/com/synexia/indexstring/MatIndexPageableTree.java	361e839b5e19fc5e848b02356d481beb44166fe3	java	true	family.entire-source-closure	REVIEW_REQUIRED
synexia-indexstring/src/main/java/com/synexia/indexstring/MatIndexPageableTreeImage.java	57ea6fb0a27b7abac90fae6a207133c5ca0c18e8	java	true	family.entire-source-closure	REVIEW_REQUIRED
synexia-indexstring/src/main/java/com/synexia/indexstring/MatIndexPatternText.java	707d633f01527e066244956dc789f787ed03d31a	java	true	family.entire-source-closure	REVIEW_REQUIRED
synexia-indexstring/src/main/java/com/synexia/indexstring/MatIndexPhrase.java	30c3f3a24203731a1c09bc5245489ff97b42f9a0	java	true	family.entire-source-closure	REVIEW_REQUIRED
synexia-indexstring/src/main/java/com/synexia/indexstring/MatIndexPoolSnapshot.java	552445aef20fc631a5700740a88705ec4585234e	java	true	family.entire-source-closure	REVIEW_REQUIRED
synexia-indexstring/src/main/java/com/synexia/indexstring/MatIndexProofHash.java	e4e83011d885b12b8602761038ca1a9d3251237c	java	true	family.entire-source-closure	REVIEW_REQUIRED
synexia-indexstring/src/main/java/com/synexia/indexstring/MatIndexRadixSort.java	b39db94938b27b4c3da1caf2818e30452507a943	java	true	family.entire-source-closure	REVIEW_REQUIRED
synexia-indexstring/src/main/java/com/synexia/indexstring/MatIndexRe2Matcher.java	086bf1546807a83500cb99add7cffd775a7d0f4b	java	true	family.entire-source-closure	REVIEW_REQUIRED
synexia-indexstring/src/main/java/com/synexia/indexstring/MatIndexRe2Pattern.java	2032dcf830c701a10a8c2956dd1f145eb2a5fd46	java	true	family.entire-source-closure	REVIEW_REQUIRED
synexia-indexstring/src/main/java/com/synexia/indexstring/MatIndexReflectiveLayout.java	4e77fd9c3eed6a690ffc85fc2200ce30aeb92bdc	java	true	family.entire-source-closure	REVIEW_REQUIRED
synexia-indexstring/src/main/java/com/synexia/indexstring/MatIndexRegexSet.java	3c5089064495a151a1fe111ad94506f492f2153c	java	true	family.entire-source-closure	REVIEW_REQUIRED
synexia-indexstring/src/main/java/com/synexia/indexstring/MatIndexRegexSetImage.java	aec51152caecc76eaae3a1a0b1049e66e2de7091	java	true	family.entire-source-closure	REVIEW_REQUIRED
synexia-indexstring/src/main/java/com/synexia/indexstring/MatIndexRelationGraph.java	f85d1be565fe3f3047e41961ff8b513b70414591	java	true	family.entire-source-closure	REVIEW_REQUIRED
synexia-indexstring/src/main/java/com/synexia/indexstring/MatIndexRelationType.java	7f85f7c4f4c770042ea83155ff064aca9fc9ca1f	java	true	family.entire-source-closure	REVIEW_REQUIRED
synexia-indexstring/src/main/java/com/synexia/indexstring/MatIndexSemanticValue.java	4ba2a29bc136cccf627d4fe9174103ee0ff4567e	java	true	family.entire-source-closure	REVIEW_REQUIRED
synexia-indexstring/src/main/java/com/synexia/indexstring/MatIndexSentence.java	a96fc099fa9a33715e8298447efb6c2c181d96df	java	true	family.entire-source-closure	REVIEW_REQUIRED
synexia-indexstring/src/main/java/com/synexia/indexstring/MatIndexSortKey.java	d51def363af8b3cb98f6c0bcdabdb1f2a4c2625c	java	true	family.entire-source-closure	REVIEW_REQUIRED
synexia-indexstring/src/main/java/com/synexia/indexstring/MatIndexStemTable.java	87fd40d3d7aadae3afbe3b0c305415e5d57a92c4	java	true	family.entire-source-closure	REVIEW_REQUIRED
synexia-indexstring/src/main/java/com/synexia/indexstring/MatIndexStemmer.java	f6fa970cc19cdaf8d88d4e4198f9913848b7df81	java	true	family.entire-source-closure	REVIEW_REQUIRED
synexia-indexstring/src/main/java/com/synexia/indexstring/MatIndexString.java	49be1b234073c2cfca79e175dd17170b4b203dbc	java	true	family.entire-source-closure	REVIEW_REQUIRED
synexia-indexstring/src/main/java/com/synexia/indexstring/MatIndexStringAccelerator.java	1db8d5bc77ee50427106969d40bc4ba400f5ea08	java	true	family.entire-source-closure	REVIEW_REQUIRED
synexia-indexstring/src/main/java/com/synexia/indexstring/MatIndexStringAcceleratorSelection.java	d884f0cccd5adcbad016256ad46adfad70a4c324	java	true	family.entire-source-closure	REVIEW_REQUIRED
synexia-indexstring/src/main/java/com/synexia/indexstring/MatIndexStringAccelerators.java	4b18416c398c057c53bdc67e2d0ec9d7828e55f5	java	true	family.entire-source-closure	REVIEW_REQUIRED
synexia-indexstring/src/main/java/com/synexia/indexstring/MatIndexStringBatch.java	7cffcf14ae4b4e4361e312348ec50ec3da6ca94e	java	true	family.entire-source-closure	REVIEW_REQUIRED
synexia-indexstring/src/main/java/com/synexia/indexstring/MatIndexStringBatchEvaluation.java	392ce0e0b04c0d5ac7e26687f7edc3ffda740af6	java	true	family.entire-source-closure	REVIEW_REQUIRED
synexia-indexstring/src/main/java/com/synexia/indexstring/MatIndexStringBatchEvaluationReceipt.java	335592dd7a2606de31437d9ab7bfdb2842581218	java	true	family.entire-source-closure	REVIEW_REQUIRED
synexia-indexstring/src/main/java/com/synexia/indexstring/MatIndexStringBits.java	b12acffe220a85ddb6f9d782e57d59e04afb47bc	java	true	family.entire-source-closure	REVIEW_REQUIRED
synexia-indexstring/src/main/java/com/synexia/indexstring/MatIndexStringBuffer.java	f3bd80acd35734095544dee247746f7bc6fa5897	java	true	family.entire-source-closure	REVIEW_REQUIRED
synexia-indexstring/src/main/java/com/synexia/indexstring/MatIndexStringBuilder.java	3275b3d2670e8a984496dba4027faaa393bbfdf2	java	true	family.entire-source-closure	REVIEW_REQUIRED
synexia-indexstring/src/main/java/com/synexia/indexstring/MatIndexStringChunks.java	2f5facceeae8e8918bca283f292846bf7bc8193b	java	true	family.entire-source-closure	REVIEW_REQUIRED
synexia-indexstring/src/main/java/com/synexia/indexstring/MatIndexStringCompilerRuntime.java	dadf5298ccaefa4c4079f3b576879d1d1290a053	java	true	family.entire-source-closure	REVIEW_REQUIRED
synexia-indexstring/src/main/java/com/synexia/indexstring/MatIndexStringDag.java	0d7e8124500395af71187e81b41d083233a81022	java	true	family.entire-source-closure	REVIEW_REQUIRED
synexia-indexstring/src/main/java/com/synexia/indexstring/MatIndexStringHash.java	50ac569dfc5f72e1d7a301afc015197596c3f562	java	true	family.entire-source-closure	REVIEW_REQUIRED
synexia-indexstring/src/main/java/com/synexia/indexstring/MatIndexStringImage.java	2c1643605ffc6c5e9b2e24c3d6c5b5b5a070e4d3	java	true	family.entire-source-closure	REVIEW_REQUIRED
synexia-indexstring/src/main/java/com/synexia/indexstring/MatIndexStringJoiner.java	0538e04f51da5d7b735bf6fecfbb3d95f6c15cc9	java	true	family.entire-source-closure	REVIEW_REQUIRED
synexia-indexstring/src/main/java/com/synexia/indexstring/MatIndexStringList.java	4387162acc6f29ce0196033f517084f5f83092e8	java	true	family.entire-source-closure	REVIEW_REQUIRED
synexia-indexstring/src/main/java/com/synexia/indexstring/MatIndexStringLongMap.java	7feaa4881261fe161ba523e01695a5cc01079cc3	java	true	family.entire-source-closure	REVIEW_REQUIRED
synexia-indexstring/src/main/java/com/synexia/indexstring/MatIndexStringMap.java	aecc257ee76076c063b02a613fa1dd91b73d6751	java	true	family.entire-source-closure	REVIEW_REQUIRED
synexia-indexstring/src/main/java/com/synexia/indexstring/MatIndexStringMapper.java	7eca31fbf8082770e9fa92e6625e8e4b79e41241	java	true	family.entire-source-closure	REVIEW_REQUIRED
synexia-indexstring/src/main/java/com/synexia/indexstring/MatIndexStringMatcher.java	e409a5cc14e4da7582d621ea5ab1e84a34ae474d	java	true	family.entire-source-closure	REVIEW_REQUIRED
synexia-indexstring/src/main/java/com/synexia/indexstring/MatIndexStringModelTokenCache.java	64d01fb95e3894278df53f2c84fa4db93afb6378	java	true	family.entire-source-closure	REVIEW_REQUIRED
synexia-indexstring/src/main/java/com/synexia/indexstring/MatIndexStringModelTokenizer.java	1c3c847dfd43564ff0d489e4ac27b12c4480b470	java	true	family.entire-source-closure	REVIEW_REQUIRED
synexia-indexstring/src/main/java/com/synexia/indexstring/MatIndexStringModelVocabulary.java	479a3c08e362a13f0904fca82f0ee3a4489277ca	java	true	family.entire-source-closure	REVIEW_REQUIRED
synexia-indexstring/src/main/java/com/synexia/indexstring/MatIndexStringOrder.java	48a9882b28abbe094b0316e29e57abd1cd66fa7d	java	true	family.entire-source-closure	REVIEW_REQUIRED
synexia-indexstring/src/main/java/com/synexia/indexstring/MatIndexStringPattern.java	e8cdeb97f4d3708a070eca22dffcaea36e5b3982	java	true	family.entire-source-closure	REVIEW_REQUIRED
synexia-indexstring/src/main/java/com/synexia/indexstring/MatIndexStringPool.java	bd3ebab9d448c9f1981d274ebfbe75e50cd72cf6	java	true	family.entire-source-closure	REVIEW_REQUIRED
synexia-indexstring/src/main/java/com/synexia/indexstring/MatIndexStringPositionIndex.java	a50cd1bd4158bc69f660bde73746982e42baae2d	java	true	family.entire-source-closure	REVIEW_REQUIRED
synexia-indexstring/src/main/java/com/synexia/indexstring/MatIndexStringRegex.java	efb418af0a824f3795fb126ac3de523174bc6d8e	java	true	family.entire-source-closure	REVIEW_REQUIRED
synexia-indexstring/src/main/java/com/synexia/indexstring/MatIndexStringSet.java	2d1f0922690af52038c20bdca01bc364c4ffa6b0	java	true	family.entire-source-closure	REVIEW_REQUIRED
synexia-indexstring/src/main/java/com/synexia/indexstring/MatIndexStringStream.java	f2b0325fd2dbe749a6a5ab820c8ce5eaca16da03	java	true	family.entire-source-closure	REVIEW_REQUIRED
synexia-indexstring/src/main/java/com/synexia/indexstring/MatIndexStringTokenizer.java	22f4de86b3c08e3003e20e9d9ff38ebcfb936622	java	true	family.entire-source-closure	REVIEW_REQUIRED
synexia-indexstring/src/main/java/com/synexia/indexstring/MatIndexStringView.java	f7c1b12c2b9629052c5a8e726ad8a4f88951bbe1	java	true	family.entire-source-closure	REVIEW_REQUIRED
synexia-indexstring/src/main/java/com/synexia/indexstring/MatIndexStringVocabularyTokenizer.java	9de13e5f6abcba4e407d0756071ef9b80b4d5f77	java	true	family.entire-source-closure	REVIEW_REQUIRED
synexia-indexstring/src/main/java/com/synexia/indexstring/MatIndexStrings.java	ca49a12350bbee627baa0a299b19730b5f06bff8	java	true	family.entire-source-closure	REVIEW_REQUIRED
synexia-indexstring/src/main/java/com/synexia/indexstring/MatIndexStructuralHash.java	df2d25a9a113875093c7d146c48d212a92f28dfb	java	true	family.entire-source-closure	REVIEW_REQUIRED
synexia-indexstring/src/main/java/com/synexia/indexstring/MatIndexStructureAdvisor.java	3960d75e69de09bcc796ec76cecf3ab2b4a7217e	java	true	family.entire-source-closure	REVIEW_REQUIRED
synexia-indexstring/src/main/java/com/synexia/indexstring/MatIndexStructureComparator.java	eed8f07090b7ebcf0fa6eee08b747e798116ddb0	java	true	family.entire-source-closure	REVIEW_REQUIRED
synexia-indexstring/src/main/java/com/synexia/indexstring/MatIndexStructureKey.java	2459bd2f8f3051fedf9c6ec8d8707c6a3f478cad	java	true	family.entire-source-closure	REVIEW_REQUIRED
synexia-indexstring/src/main/java/com/synexia/indexstring/MatIndexStructureOrder.java	b7921ddeee1eaa36ae44e3502e1406b3ab2d386f	java	true	family.entire-source-closure	REVIEW_REQUIRED
synexia-indexstring/src/main/java/com/synexia/indexstring/MatIndexStructureShape.java	a4b90757d25542dc657d2f8fcdd9fefa869136c8	java	true	family.entire-source-closure	REVIEW_REQUIRED
synexia-indexstring/src/main/java/com/synexia/indexstring/MatIndexStructureSort.java	2b4eea0a235b32e686bc01c130855f2b59d9bcf4	java	true	family.entire-source-closure	REVIEW_REQUIRED
synexia-indexstring/src/main/java/com/synexia/indexstring/MatIndexSuffixTrie.java	2b9c43ab1e9f152ee8e12e3bedacad4d53020eed	java	true	family.entire-source-closure	REVIEW_REQUIRED
synexia-indexstring/src/main/java/com/synexia/indexstring/MatIndexTokenTrie.java	1e56b360e0b967ad18fb3afbd6664e7ba03c79db	java	true	family.entire-source-closure	REVIEW_REQUIRED
synexia-indexstring/src/main/java/com/synexia/indexstring/MatIndexTreeVisibleCursor.java	efe7076445d719bd85b327b1a406a2265a307f0a	java	true	family.entire-source-closure	REVIEW_REQUIRED
synexia-indexstring/src/main/java/com/synexia/indexstring/MatIndexTreeVisiblePage.java	a3133d83d46ec8855ee6431c862dacd065207911	java	true	family.entire-source-closure	REVIEW_REQUIRED
synexia-indexstring/src/main/java/com/synexia/indexstring/MatIndexUtf16View.java	f0b271867f0c202daa5e6d2d08aa690bbbe74aec	java	true	family.entire-source-closure	REVIEW_REQUIRED
synexia-indexstring/src/main/java/com/synexia/indexstring/MatIndexWord.java	16271c4ebf4790d611828c37d2fe5839244fb523	java	true	family.entire-source-closure	REVIEW_REQUIRED
synexia-indexstring/src/main/java/com/synexia/indexstring/MatIndexed.java	c6c47e34e24d2b29e0401e6ed9aa3a3b59c17416	java	true	family.entire-source-closure	REVIEW_REQUIRED
synexia-indexstring/src/main/java/com/synexia/indexstring/MatMerkleHash.java	cbc34aac8dacdcf8e72ae8979743df0b5dd1edcd	java	false	family.entire-source-closure	REVIEW_REQUIRED
synexia-indexstring/src/main/java/com/synexia/indexstring/MatSegmentedIntArray.java	daaa66839cf9eaab65ec4702040f1141b074022d	java	false	family.entire-source-closure	REVIEW_REQUIRED
synexia-indexstring/src/main/java/com/synexia/indexstring/MatSegmentedLongArray.java	c205af50352cf061feffe62b4f1adb8f0a8d5852	java	false	family.entire-source-closure	REVIEW_REQUIRED
synexia-indexstring/src/main/java/com/synexia/indexstring/MatSegmentedObjectArray.java	3552cc339d64be1056f48ae1237518e3e2246aca	java	false	family.entire-source-closure	REVIEW_REQUIRED
synexia-indexstring/src/main/java/com/synexia/indexstring/MatSegmentedSlotAllocator.java	28b9544b31c0319c7dadf11a2835d6d6486461e4	java	false	family.entire-source-closure	REVIEW_REQUIRED
synexia-indexstring/src/main/java/com/synexia/indexstring/MatSlotHandle.java	552c2139edb52ec4310ff4875a7dbfff6a334c38	java	false	family.entire-source-closure	REVIEW_REQUIRED
synexia-indexstring/src/main/java/com/synexia/indexstring/PackedIndexLexicon.java	08b2a396cc287372c7c4d472b7331a444536a346	java	false	family.entire-source-closure	REVIEW_REQUIRED
synexia-indexstring/src/main/java/com/synexia/indexstring/RowBackedIndexLexicon.java	5d873b175b5daf4f1883345a89002f8ce5c67ba5	java	false	family.entire-source-closure	REVIEW_REQUIRED
synexia-indexstring/src/main/java/com/synexia/indexstring/SHA256ArtifactMIndexDescription.java	6318b489fa0162dfdd28d40c0d0d0216569fc545	java	false	family.entire-source-closure	REVIEW_REQUIRED
synexia-indexstring/src/main/java/com/synexia/indexstring/SegmentedBytes.java	65a328a7f7b9eccf5ba65d3e24c85f3fc6aea80f	java	false	family.entire-source-closure	REVIEW_REQUIRED
synexia-indexstring/src/main/java/com/synexia/indexstring/SegmentedUtf16.java	0329ee1e61b703edfa0964a4b6e29526dd4766a6	java	false	family.entire-source-closure	REVIEW_REQUIRED
synexia-indexstring/src/main/java/com/synexia/indexstring/SharedArrayIndexResolver.java	76d7a4730478ea030219a58e5e996e6ffa27d8c9	java	false	family.entire-source-closure	REVIEW_REQUIRED
synexia-indexstring/src/main/java/com/synexia/indexstring/SharedArrayTextIndex.java	8c3cc728dbf982488ad36538d16e63af7972b961	java	false	family.entire-source-closure	REVIEW_REQUIRED
synexia-indexstring/src/main/java/com/synexia/indexstring/SubMIndexString.java	1f6c1ae0bfdeeae4b7aec49549f05866ce46bd45	java	false	family.entire-source-closure	REVIEW_REQUIRED
synexia-indexstring/src/main/java/com/synexia/indexstring/api/JavaMIndexApiDispatchKernel.java	a91d194573b3f7e8454e6afc329d546125f875d3	java	false	family.entire-source-closure	REVIEW_REQUIRED
synexia-indexstring/src/main/java/com/synexia/indexstring/api/JniMIndexApiDispatchKernel.java	cca0aebda42a2728223e41738180372abe35d3b1	java	false	family.entire-source-closure	REVIEW_REQUIRED
synexia-indexstring/src/main/java/com/synexia/indexstring/api/MIndexApiCatalog.java	925502e6735a932e92fc97c1c5b597952ddf6460	java	true	family.entire-source-closure	REVIEW_REQUIRED
synexia-indexstring/src/main/java/com/synexia/indexstring/api/MIndexApiDispatchKernel.java	32df869e81da9593145b52d7b129df3c5c02d855	java	true	family.entire-source-closure	REVIEW_REQUIRED
synexia-indexstring/src/main/java/com/synexia/indexstring/api/MIndexApiDispatchKernels.java	5a9281fc5462a7bd14f9d3fe11bf8b1475c54fd6	java	true	family.entire-source-closure	REVIEW_REQUIRED
synexia-indexstring/src/main/java/com/synexia/indexstring/api/MIndexApiNative.java	8cfdc92faa433e27f02a303dfea49364632b891c	java	true	family.entire-source-closure	REVIEW_REQUIRED
synexia-indexstring/src/main/java/com/synexia/indexstring/api/MIndexApiPrecompute.java	6031bff1d0741b92275b1fece7c7973372f5e1a7	java	true	family.entire-source-closure	REVIEW_REQUIRED
synexia-indexstring/src/main/java/com/synexia/indexstring/api/MIndexApiRouteTable.java	ebf7d433be38049415ddfe0c95fd4609fe0efc39	java	true	family.entire-source-closure	REVIEW_REQUIRED
synexia-indexstring/src/main/java/com/synexia/indexstring/api/MIndexApiRuntimeImage.java	e8166c0dbba384b40e6fae79aa11ee02c799cf87	java	true	family.entire-source-closure	REVIEW_REQUIRED
synexia-indexstring/src/main/java/com/synexia/indexstring/api/MIndexApiSelection.java	801fda22b8accdd7cc19ca0ebf2347ad3acab085	java	true	family.entire-source-closure	REVIEW_REQUIRED
synexia-indexstring/src/main/java/com/synexia/indexstring/api/MIndexApiSnapshot.java	a697a1eb6b735b613575ff1c2820f6ab687de670	java	true	family.entire-source-closure	REVIEW_REQUIRED
synexia-indexstring/src/main/java/com/synexia/indexstring/api/MIndexApiSymbolPool.java	7012b1c51bdad9ed41737adaa566804af23587fb	java	true	family.entire-source-closure	REVIEW_REQUIRED
synexia-indexstring/src/main/java/com/synexia/indexstring/api/MappedMIndexApiRuntime.java	4b4ca1484e27bc8bda7325692f08b2ce1a9ce195	java	false	family.entire-source-closure	REVIEW_REQUIRED
synexia-indexstring/src/main/java/com/synexia/indexstring/ast/HeapMIndexASTSpecImage.java	704939c795b075dbf81af116c141edfdc6fba429	java	false	family.entire-source-closure	REVIEW_REQUIRED
synexia-indexstring/src/main/java/com/synexia/indexstring/ast/JavaMIndexASTKindAutomatonBatchProvider.java	4ec57b949164e3a068896bca457649623f0f08cd	java	false	family.entire-source-closure	REVIEW_REQUIRED
synexia-indexstring/src/main/java/com/synexia/indexstring/ast/JavaMIndexASTSimHashBatchProvider.java	33531bca1db096b190d1ee4aa938f3485d0d2d61	java	false	family.entire-source-closure	REVIEW_REQUIRED
synexia-indexstring/src/main/java/com/synexia/indexstring/ast/JniMIndexASTKindAutomatonBatchProvider.java	90d58dcf453f43bd5a01b8ce89da48d2cd371db9	java	false	family.entire-source-closure	REVIEW_REQUIRED
synexia-indexstring/src/main/java/com/synexia/indexstring/ast/JniMIndexASTSimHashBatchProvider.java	521cded164ddcc75b8621e1d97a7a2228153c665	java	false	family.entire-source-closure	REVIEW_REQUIRED
synexia-indexstring/src/main/java/com/synexia/indexstring/ast/MIndexAST.java	4a58f248301dc2b74f343fd1280e0e5deb87a1df	java	true	family.entire-source-closure	REVIEW_REQUIRED
synexia-indexstring/src/main/java/com/synexia/indexstring/ast/MIndexASTAdaptiveBudget.java	e93ec367e3f11110851a1f3c6711a86ced46feb0	java	true	family.entire-source-closure	REVIEW_REQUIRED
synexia-indexstring/src/main/java/com/synexia/indexstring/ast/MIndexASTAtomPatternBinding.java	6178a4833cb763d770e4f91feccd89b0025847b5	java	true	family.entire-source-closure	REVIEW_REQUIRED
synexia-indexstring/src/main/java/com/synexia/indexstring/ast/MIndexASTAtomizationReceipt.java	d8b3c2afd7342f579dba1fe686c2a26437d1bbc2	java	true	family.entire-source-closure	REVIEW_REQUIRED
synexia-indexstring/src/main/java/com/synexia/indexstring/ast/MIndexASTAtomizationReceiptCodec.java	4dc528c635dcca529e8762376f604be14f3b72d2	java	true	family.entire-source-closure	REVIEW_REQUIRED
synexia-indexstring/src/main/java/com/synexia/indexstring/ast/MIndexASTChildRole.java	944f49e36060de38e466fd74a338bfe39f491af2	java	true	family.entire-source-closure	REVIEW_REQUIRED
synexia-indexstring/src/main/java/com/synexia/indexstring/ast/MIndexASTCodec.java	d33a890da116e06c22ec043b3dcf70ca80bcfc02	java	true	family.entire-source-closure	REVIEW_REQUIRED
synexia-indexstring/src/main/java/com/synexia/indexstring/ast/MIndexASTDagPatterns.java	2acd48b5d261b64ae60db08d6681678d1b50fa67	java	true	family.entire-source-closure	REVIEW_REQUIRED
synexia-indexstring/src/main/java/com/synexia/indexstring/ast/MIndexASTDiagnostic.java	a0fe1f0e03c0ac56185cc6ad15a68f7068270b5f	java	true	family.entire-source-closure	REVIEW_REQUIRED
synexia-indexstring/src/main/java/com/synexia/indexstring/ast/MIndexASTDiff.java	8c4c0064113b1d433e5f1f041cc30bf5f0c04008	java	true	family.entire-source-closure	REVIEW_REQUIRED
synexia-indexstring/src/main/java/com/synexia/indexstring/ast/MIndexASTDispatchNative.java	eb36fc138bb582dc9d6ccd9aac29bb71099a808b	java	true	family.entire-source-closure	REVIEW_REQUIRED
synexia-indexstring/src/main/java/com/synexia/indexstring/ast/MIndexASTDocument.java	3742876cabaab02119539b08327d75e51c32fce5	java	true	family.entire-source-closure	REVIEW_REQUIRED
synexia-indexstring/src/main/java/com/synexia/indexstring/ast/MIndexASTEditSession.java	78a2496d01d54607fc84293e3894ab1a3a6d4d22	java	true	family.entire-source-closure	REVIEW_REQUIRED
synexia-indexstring/src/main/java/com/synexia/indexstring/ast/MIndexASTFileAtomizer.java	7509a70c27121720a94ab096871433c63b7a1faf	java	true	family.entire-source-closure	REVIEW_REQUIRED
synexia-indexstring/src/main/java/com/synexia/indexstring/ast/MIndexASTIndex.java	08c78730ae699eec7cbbf1b1061e62e9c29ddf0f	java	true	family.entire-source-closure	REVIEW_REQUIRED
synexia-indexstring/src/main/java/com/synexia/indexstring/ast/MIndexASTKindAutomaton.java	bc98d8bb72a51919c4f2cdda5b6420211d0e27c6	java	true	family.entire-source-closure	REVIEW_REQUIRED
synexia-indexstring/src/main/java/com/synexia/indexstring/ast/MIndexASTKindAutomatonBatchAccelerators.java	779b4c95d6a1f77115311600ca18732be182f97f	java	true	family.entire-source-closure	REVIEW_REQUIRED
synexia-indexstring/src/main/java/com/synexia/indexstring/ast/MIndexASTKindAutomatonBatchEvaluation.java	0452fe092213628c616b02949481a6a1d4cfbb31	java	true	family.entire-source-closure	REVIEW_REQUIRED
synexia-indexstring/src/main/java/com/synexia/indexstring/ast/MIndexASTKindAutomatonBatchProvider.java	347cee6ab3078e049e5b21ecd2ee04cb8a9d03d8	java	true	family.entire-source-closure	REVIEW_REQUIRED
synexia-indexstring/src/main/java/com/synexia/indexstring/ast/MIndexASTKindAutomatonBatchResult.java	831bc52625954f130c375f325d0faa8513b25b5f	java	true	family.entire-source-closure	REVIEW_REQUIRED
synexia-indexstring/src/main/java/com/synexia/indexstring/ast/MIndexASTKindAutomatonBatchResultCodec.java	e3ee2aef364ab2d58cb79f79db5b4498826741ce	java	true	family.entire-source-closure	REVIEW_REQUIRED
synexia-indexstring/src/main/java/com/synexia/indexstring/ast/MIndexASTKindAutomatonBatchSelection.java	4ddc796242f9f9d0de8dc58246e84e6957ae9991	java	true	family.entire-source-closure	REVIEW_REQUIRED
synexia-indexstring/src/main/java/com/synexia/indexstring/ast/MIndexASTKindPattern.java	42634344220f60e3a8c3f6f59747a4a50afcd47c	java	true	family.entire-source-closure	REVIEW_REQUIRED
synexia-indexstring/src/main/java/com/synexia/indexstring/ast/MIndexASTLcaCodec.java	e93abbdc8e70e7d95496e66efdfa9e5fc5abc44b	java	true	family.entire-source-closure	REVIEW_REQUIRED
synexia-indexstring/src/main/java/com/synexia/indexstring/ast/MIndexASTLcaSparseTable.java	6d42d4d76b582481a419ea4d231d60b21b9372e1	java	true	family.entire-source-closure	REVIEW_REQUIRED
synexia-indexstring/src/main/java/com/synexia/indexstring/ast/MIndexASTMemory.java	2e46401d2d3dbcf958eb482dfb3ec37a562f4bd4	java	true	family.entire-source-closure	REVIEW_REQUIRED
synexia-indexstring/src/main/java/com/synexia/indexstring/ast/MIndexASTMemoryPressureMonitor.java	da1c9222876ab6f9860a7f3ab9886d9118599ed2	java	true	family.entire-source-closure	REVIEW_REQUIRED
synexia-indexstring/src/main/java/com/synexia/indexstring/ast/MIndexASTMemorySnapshot.java	83102ce63cf625c70a3fdbf760511dd853959933	java	true	family.entire-source-closure	REVIEW_REQUIRED
synexia-indexstring/src/main/java/com/synexia/indexstring/ast/MIndexASTOccurrenceSource.java	ef34d5366478aa364596c225f9200ec9793e7b27	java	true	family.entire-source-closure	REVIEW_REQUIRED
synexia-indexstring/src/main/java/com/synexia/indexstring/ast/MIndexASTParser.java	b9874be52019114aed75342b767bb4eeb514ce40	java	true	family.entire-source-closure	REVIEW_REQUIRED
synexia-indexstring/src/main/java/com/synexia/indexstring/ast/MIndexASTPartialCache.java	69d8846b6d6c22302edd18ce5430511e3c556653	java	true	family.entire-source-closure	REVIEW_REQUIRED
synexia-indexstring/src/main/java/com/synexia/indexstring/ast/MIndexASTPartialWorkset.java	aa26f87f55f6bbb2fe51533545792104c44ba8bf	java	true	family.entire-source-closure	REVIEW_REQUIRED
synexia-indexstring/src/main/java/com/synexia/indexstring/ast/MIndexASTPool.java	1e3dcb323345407d8dbdb21fb22d9af7e6a9ca8b	java	true	family.entire-source-closure	REVIEW_REQUIRED
synexia-indexstring/src/main/java/com/synexia/indexstring/ast/MIndexASTPoolPrecompute.java	6179457eebaaa180d9706382f5cf69abb7bf4ac2	java	true	family.entire-source-closure	REVIEW_REQUIRED
synexia-indexstring/src/main/java/com/synexia/indexstring/ast/MIndexASTPoolPrecomputeCodec.java	8de79efea7991987ce2ad4ec871ba51f0b01def3	java	true	family.entire-source-closure	REVIEW_REQUIRED
synexia-indexstring/src/main/java/com/synexia/indexstring/ast/MIndexASTPrecompute.java	422d465eed951328273937ee9713c8822f415cd3	java	true	family.entire-source-closure	REVIEW_REQUIRED
synexia-indexstring/src/main/java/com/synexia/indexstring/ast/MIndexASTPrecomputeCodec.java	f18a4cbd3ffb70e3396885a88311c1f13bcf2202	java	true	family.entire-source-closure	REVIEW_REQUIRED
synexia-indexstring/src/main/java/com/synexia/indexstring/ast/MIndexASTPressureOracle.java	63827a8e7109c92ca1b4c9c609322099e0c09889	java	true	family.entire-source-closure	REVIEW_REQUIRED
synexia-indexstring/src/main/java/com/synexia/indexstring/ast/MIndexASTProductionDispatch.java	d8942d23d396f882ef697b9f5bda1535a3ad0528	java	true	family.entire-source-closure	REVIEW_REQUIRED
synexia-indexstring/src/main/java/com/synexia/indexstring/ast/MIndexASTProductionPlans.java	a9b4c112cdf58f6c8937519ad4536f5b004310f4	java	true	family.entire-source-closure	REVIEW_REQUIRED
synexia-indexstring/src/main/java/com/synexia/indexstring/ast/MIndexASTQuery.java	39595feb11d7177c510b1d2b93145abab41a8202	java	true	family.entire-source-closure	REVIEW_REQUIRED
synexia-indexstring/src/main/java/com/synexia/indexstring/ast/MIndexASTResidentCache.java	0233c518ab36476479a7a7f2be7436423e41cc43	java	true	family.entire-source-closure	REVIEW_REQUIRED
synexia-indexstring/src/main/java/com/synexia/indexstring/ast/MIndexASTReuseAdmission.java	feb3716b794425dc94c8074bee8df597af59ed22	java	true	family.entire-source-closure	REVIEW_REQUIRED
synexia-indexstring/src/main/java/com/synexia/indexstring/ast/MIndexASTReuseCandidateIndex.java	a67dc0c818c1d1d71ed6bfee3ff30325de407e8b	java	true	family.entire-source-closure	REVIEW_REQUIRED
synexia-indexstring/src/main/java/com/synexia/indexstring/ast/MIndexASTReuseCandidateReceipt.java	24188695ce33d41fc5d253f4afc033047fc257d4	java	true	family.entire-source-closure	REVIEW_REQUIRED
synexia-indexstring/src/main/java/com/synexia/indexstring/ast/MIndexASTReuseCandidateReceiptCodec.java	9ab43d399a81a8aebe9d8e6db9ffd556ad7a1c44	java	true	family.entire-source-closure	REVIEW_REQUIRED
synexia-indexstring/src/main/java/com/synexia/indexstring/ast/MIndexASTReuseKey.java	096e3ade5df2eb85a46dc0dfc6ff1072486e8a73	java	true	family.entire-source-closure	REVIEW_REQUIRED
synexia-indexstring/src/main/java/com/synexia/indexstring/ast/MIndexASTSimHashBatchAccelerators.java	d6da58aad6dcff0c45116d50c27c4004deac93eb	java	true	family.entire-source-closure	REVIEW_REQUIRED
synexia-indexstring/src/main/java/com/synexia/indexstring/ast/MIndexASTSimHashBatchEvaluation.java	554d6e34590cd69fa75abb3621ee00f29244af82	java	true	family.entire-source-closure	REVIEW_REQUIRED
synexia-indexstring/src/main/java/com/synexia/indexstring/ast/MIndexASTSimHashBatchProvider.java	70f47b62c55bd668cfb7c0c60e9acc525149aa18	java	true	family.entire-source-closure	REVIEW_REQUIRED
synexia-indexstring/src/main/java/com/synexia/indexstring/ast/MIndexASTSimHashBatchSelection.java	6cc65478fd483c392d696e8da7a39115d60095ea	java	true	family.entire-source-closure	REVIEW_REQUIRED
synexia-indexstring/src/main/java/com/synexia/indexstring/ast/MIndexASTSourceIndex.java	0eeb995745f38cca7ef3d43a1de982a142d2b5a6	java	true	family.entire-source-closure	REVIEW_REQUIRED
synexia-indexstring/src/main/java/com/synexia/indexstring/ast/MIndexASTSourceIndexCodec.java	132dc5df6340d9d33602940fabc0ba583351630b	java	true	family.entire-source-closure	REVIEW_REQUIRED
synexia-indexstring/src/main/java/com/synexia/indexstring/ast/MIndexASTSpecImage.java	3837f39dd9789cf8cac0d671af1240cc5b798cc9	java	true	family.entire-source-closure	REVIEW_REQUIRED
synexia-indexstring/src/main/java/com/synexia/indexstring/ast/MIndexASTSpecImageView.java	e91ae5467e0408e93de903e063ebe13cf30e12bd	java	true	family.entire-source-closure	REVIEW_REQUIRED
synexia-indexstring/src/main/java/com/synexia/indexstring/ast/MIndexASTSpecPrecompute.java	9afa3503ed5b406ba78e50ec64649a28d55d2dab	java	true	family.entire-source-closure	REVIEW_REQUIRED
synexia-indexstring/src/main/java/com/synexia/indexstring/ast/MIndexASTSpecTreePrecompute.java	44f78ed27e0bc2260ef0643ac073370102715083	java	true	family.entire-source-closure	REVIEW_REQUIRED
synexia-indexstring/src/main/java/com/synexia/indexstring/ast/MIndexASTSpecTreeSnapshotCodec.java	0fd0e76294bcfe2c453dac7db9b4e55cafb71d85	java	true	family.entire-source-closure	REVIEW_REQUIRED
synexia-indexstring/src/main/java/com/synexia/indexstring/ast/MIndexASTSpecs.java	d5a73ba53831512d6a4520880da3392099a1fadd	java	true	family.entire-source-closure	REVIEW_REQUIRED
synexia-indexstring/src/main/java/com/synexia/indexstring/ast/MIndexASTSqliteStore.java	b3f235c293f10a924b03fe73bee9ab1eb77b9812	java	true	family.entire-source-closure	REVIEW_REQUIRED
synexia-indexstring/src/main/java/com/synexia/indexstring/ast/MIndexASTTieredLoader.java	46ca1538452af278bef81b39a43488f018f019e5	java	true	family.entire-source-closure	REVIEW_REQUIRED
synexia-indexstring/src/main/java/com/synexia/indexstring/ast/MIndexASTWorkspaceCache.java	bad5f80ed9d1d0a0189bd47d5a5c40b1f9296ec3	java	true	family.entire-source-closure	REVIEW_REQUIRED
synexia-indexstring/src/main/java/com/synexia/indexstring/ast/MIndexAssociativity.java	9ae2a782b6576056735979861ee684b7178ba316	java	true	family.entire-source-closure	REVIEW_REQUIRED
synexia-indexstring/src/main/java/com/synexia/indexstring/ast/MIndexFlagPolicy.java	d6a7c77126357108adc1845901d5306292ea8ef9	java	true	family.entire-source-closure	REVIEW_REQUIRED
synexia-indexstring/src/main/java/com/synexia/indexstring/ast/MIndexJava21LanguageSpec.java	496b94fef7116f1124a16fca6ce8a72349201a07	java	true	family.entire-source-closure	REVIEW_REQUIRED
synexia-indexstring/src/main/java/com/synexia/indexstring/ast/MIndexLabelPolicy.java	a03e165c591ef78988152a0c54c3a39ca17d7dea	java	true	family.entire-source-closure	REVIEW_REQUIRED
synexia-indexstring/src/main/java/com/synexia/indexstring/ast/MIndexLanguageRule.java	1b3914e46da4e1ad691b16275fda94294b6c7e17	java	true	family.entire-source-closure	REVIEW_REQUIRED
synexia-indexstring/src/main/java/com/synexia/indexstring/ast/MIndexLanguageSpec.java	1bbf42dee0a4986b822876b6072de499eea1e67c	java	true	family.entire-source-closure	REVIEW_REQUIRED
synexia-indexstring/src/main/java/com/synexia/indexstring/ast/MIndexLanguageSpecs.java	804ed263f053e4bcf84aff554ce7ae93395d126f	java	true	family.entire-source-closure	REVIEW_REQUIRED
synexia-indexstring/src/main/java/com/synexia/indexstring/ast/MIndexOperatorRule.java	1a53089c22da8ea3c70f0389afd22b307d740987	java	true	family.entire-source-closure	REVIEW_REQUIRED
synexia-indexstring/src/main/java/com/synexia/indexstring/ast/MIndexSyntaxCategory.java	40954e8ff77c0c31ad6c7715b66f92b5cb59cb7e	java	true	family.entire-source-closure	REVIEW_REQUIRED
synexia-indexstring/src/main/java/com/synexia/indexstring/ast/MappedMIndexASTSpecImage.java	a7272af0a3c07a9c7981700c7ceef48d114ce85a	java	false	family.entire-source-closure	REVIEW_REQUIRED
synexia-indexstring/src/main/java/com/synexia/indexstring/browser/BrowserAsciiCaseIndex.java	e512b481e33726c60c1ec7ca4b384c8a05ff636c	java	false	family.entire-source-closure	REVIEW_REQUIRED
synexia-indexstring/src/main/java/com/synexia/indexstring/browser/BrowserAtomCatalog.java	07b5eef856ce19c627636634b05a65d5831a6738	java	false	family.entire-source-closure	REVIEW_REQUIRED
synexia-indexstring/src/main/java/com/synexia/indexstring/browser/BrowserAtomFlags.java	41b145314dc944732ed4c37e3bec9237977baa36	java	false	family.entire-source-closure	REVIEW_REQUIRED
synexia-indexstring/src/main/java/com/synexia/indexstring/browser/BrowserAtomImage.java	0aa313860a32b3e103299ccb5582269bbbcf0190	java	false	family.entire-source-closure	REVIEW_REQUIRED
synexia-indexstring/src/main/java/com/synexia/indexstring/browser/BrowserAtomImageCompiler.java	fa4a34450ff57cf3bcbca2751412368ecf5e4170	java	false	family.entire-source-closure	REVIEW_REQUIRED
synexia-indexstring/src/main/java/com/synexia/indexstring/browser/BrowserAtomRole.java	6e9126b2eda9963628304c8fb6ca6a70f5278e81	java	false	family.entire-source-closure	REVIEW_REQUIRED
synexia-indexstring/src/main/java/com/synexia/indexstring/browser/BrowserAtomRoleIndex.java	6c147028d1cb5cce90c52ac5793dea7828e87720	java	false	family.entire-source-closure	REVIEW_REQUIRED
synexia-indexstring/src/main/java/com/synexia/indexstring/browser/BrowserAtomScanner.java	8c0aa9286041e18a1740857c13a03db044f2017f	java	false	family.entire-source-closure	REVIEW_REQUIRED
synexia-indexstring/src/main/java/com/synexia/indexstring/browser/BrowserAtomSpace.java	d8c7ba925117d5f65036bf9f49614cafb6b5658e	java	false	family.entire-source-closure	REVIEW_REQUIRED
synexia-indexstring/src/main/java/com/synexia/indexstring/browser/BrowserAtomVocabulary.java	634b2ce07279378c4eb1eba9834c102aeeb97985	java	false	family.entire-source-closure	REVIEW_REQUIRED
synexia-indexstring/src/main/java/com/synexia/indexstring/browser/BrowserQualifiedNameTable.java	22c88cfe5cf6e6437a3ed85cf1baa5f438561502	java	false	family.entire-source-closure	REVIEW_REQUIRED
synexia-indexstring/src/main/java/com/synexia/indexstring/browser/BrowserScanMode.java	deb97db394ba09d90a6b17e87e3f5a54fbaf43d6	java	false	family.entire-source-closure	REVIEW_REQUIRED
synexia-indexstring/src/main/java/com/synexia/indexstring/browser/BrowserTokenIndex.java	3c06d01bba297437eba58040da8461b0a80923fe	java	false	family.entire-source-closure	REVIEW_REQUIRED
synexia-indexstring/src/main/java/com/synexia/indexstring/browser/BrowserTokenKind.java	ae8bc0b35149792397dca1452f09ed3fc8b71ade	java	false	family.entire-source-closure	REVIEW_REQUIRED
synexia-indexstring/src/main/java/com/synexia/indexstring/browser/BrowserTokenTape.java	2597b329c258c9653f8982dd28d9e911372c8373	java	false	family.entire-source-closure	REVIEW_REQUIRED
synexia-indexstring/src/main/java/com/synexia/indexstring/browser/BrowserUtf8.java	714e1e13dda3cdf49700d2a04387c4576195b153	java	false	family.entire-source-closure	REVIEW_REQUIRED
synexia-indexstring/src/main/java/com/synexia/indexstring/browser/MappedBrowserAtomCatalog.java	60a6ca54af1ecc5a45155206a792a7a4700715b4	java	false	family.entire-source-closure	REVIEW_REQUIRED
synexia-indexstring/src/main/java/com/synexia/indexstring/collections/CollectionsStructuralAdapterProvider.java	e6d6b2c1be9d0d8f0361a32e620d29c90e23c866	java	false	family.entire-source-closure	REVIEW_REQUIRED
synexia-indexstring/src/main/java/com/synexia/indexstring/collections/M3Collection.java	6eb88e13e40a16cef69ad8cb73cce30a239a86b6	java	false	family.entire-source-closure	REVIEW_REQUIRED
synexia-indexstring/src/main/java/com/synexia/indexstring/collections/MIndexAffixCollection.java	b276c49860604a79cfa25e225075f4b8e4da9439	java	true	family.entire-source-closure	REVIEW_REQUIRED
synexia-indexstring/src/main/java/com/synexia/indexstring/collections/MIndexAst.java	5a4a4a84b7653bf136fcdf74a28543a13a26468c	java	true	family.entire-source-closure	REVIEW_REQUIRED
synexia-indexstring/src/main/java/com/synexia/indexstring/collections/MIndexCanonicalBridge.java	93a5a7f05b2f38e93f78e792e0867d3639a879cc	java	true	family.entire-source-closure	REVIEW_REQUIRED
synexia-indexstring/src/main/java/com/synexia/indexstring/collections/MIndexCollection.java	e0389ed33fc60c34ae4269ae7e1643dc36634561	java	true	family.entire-source-closure	REVIEW_REQUIRED
synexia-indexstring/src/main/java/com/synexia/indexstring/collections/MIndexCollectionCatalog.java	14500550a020682dfc644718c3897171e159b31a	java	true	family.entire-source-closure	REVIEW_REQUIRED
synexia-indexstring/src/main/java/com/synexia/indexstring/collections/MIndexCollectionChoice.java	116473a19c405dc1ce7d60e1a09f636352cdef27	java	true	family.entire-source-closure	REVIEW_REQUIRED
synexia-indexstring/src/main/java/com/synexia/indexstring/collections/MIndexCollectionMask.java	82ad827480e38d1417f33f0f2011e4c1cf4c102e	java	true	family.entire-source-closure	REVIEW_REQUIRED
synexia-indexstring/src/main/java/com/synexia/indexstring/collections/MIndexCollectionUseCase.java	c91f56ff94a01f90c251c77dab3055ba082a8d97	java	true	family.entire-source-closure	REVIEW_REQUIRED
synexia-indexstring/src/main/java/com/synexia/indexstring/collections/MIndexCollections.java	6f866bfba7911ddc9bd5b6d5ed9d66be48d54e17	java	true	family.entire-source-closure	REVIEW_REQUIRED
synexia-indexstring/src/main/java/com/synexia/indexstring/collections/MIndexCorpusCollection.java	0a099473fb56d7352be1fb28e4c41f80c67e6b42	java	true	family.entire-source-closure	REVIEW_REQUIRED
synexia-indexstring/src/main/java/com/synexia/indexstring/collections/MIndexDag.java	f78dd716a74e3ccb02c7acddfb2a240b2d63e17e	java	true	family.entire-source-closure	REVIEW_REQUIRED
synexia-indexstring/src/main/java/com/synexia/indexstring/collections/MIndexDagAdapters.java	a500f306e80d6c3f5bea067e442f40e57c5ce0e8	java	true	family.entire-source-closure	REVIEW_REQUIRED
synexia-indexstring/src/main/java/com/synexia/indexstring/collections/MIndexDeque.java	89472947b28d7aaef554feaefc4477ce0b0ffd2a	java	true	family.entire-source-closure	REVIEW_REQUIRED
synexia-indexstring/src/main/java/com/synexia/indexstring/collections/MIndexFrequencyBag.java	dd83aa44bd22612f4ab1174d7f30a6360c0a153a	java	true	family.entire-source-closure	REVIEW_REQUIRED
synexia-indexstring/src/main/java/com/synexia/indexstring/collections/MIndexFuzzyCollection.java	d36fba5ad84358beb95ffe5a760eff5b00e8be45	java	true	family.entire-source-closure	REVIEW_REQUIRED
synexia-indexstring/src/main/java/com/synexia/indexstring/collections/MIndexFuzzyMatches.java	c16c2bb5783ce29782d3cd6130602bc93f689c88	java	true	family.entire-source-closure	REVIEW_REQUIRED
synexia-indexstring/src/main/java/com/synexia/indexstring/collections/MIndexFuzzyProjectionIndex.java	7dd3d5eb64b381d298a27b9c18c407acc9faa38b	java	true	family.entire-source-closure	REVIEW_REQUIRED
synexia-indexstring/src/main/java/com/synexia/indexstring/collections/MIndexHybridFuzzyMatches.java	d1be5049abfae4e59034129ae4998cb2b186477e	java	true	family.entire-source-closure	REVIEW_REQUIRED
synexia-indexstring/src/main/java/com/synexia/indexstring/collections/MIndexInteractions.java	a1d7984667ce1aa64e26e5516cf57a5407c34e08	java	true	family.entire-source-closure	REVIEW_REQUIRED
synexia-indexstring/src/main/java/com/synexia/indexstring/collections/MIndexLexiconCollection.java	5a2b3f737b4d85437c61b426f6d23207a506c8e6	java	true	family.entire-source-closure	REVIEW_REQUIRED
synexia-indexstring/src/main/java/com/synexia/indexstring/collections/MIndexLexiconImport.java	5214e21701308bebdd76e88c1502d391b8fe7403	java	true	family.entire-source-closure	REVIEW_REQUIRED
synexia-indexstring/src/main/java/com/synexia/indexstring/collections/MIndexList.java	a6b70aa5d677da4713f108a6254bbfc2e69ca7c2	java	true	family.entire-source-closure	REVIEW_REQUIRED
synexia-indexstring/src/main/java/com/synexia/indexstring/collections/MIndexLogicUniverse.java	183534f48e4155e1832a48c1cc00b064364bde85	java	true	family.entire-source-closure	REVIEW_REQUIRED
synexia-indexstring/src/main/java/com/synexia/indexstring/collections/MIndexMap.java	7767c84be4f0cfa014324e30f97e8864ee1b719e	java	true	family.entire-source-closure	REVIEW_REQUIRED
synexia-indexstring/src/main/java/com/synexia/indexstring/collections/MIndexMetadataCollection.java	bd6b637793f84f745881b2a68fc7b463fe6827a2	java	true	family.entire-source-closure	REVIEW_REQUIRED
synexia-indexstring/src/main/java/com/synexia/indexstring/collections/MIndexNumericCollection.java	865aa8e45b5d7227369edf916ab8a176b1b5df30	java	true	family.entire-source-closure	REVIEW_REQUIRED
synexia-indexstring/src/main/java/com/synexia/indexstring/collections/MIndexOrderedSet.java	c56e3afe1de7b37c2e73436e5e4183c92b27d66d	java	true	family.entire-source-closure	REVIEW_REQUIRED
synexia-indexstring/src/main/java/com/synexia/indexstring/collections/MIndexPrefixCollection.java	8b8507c4aeb3d546885ce7189214e395bd8c6548	java	true	family.entire-source-closure	REVIEW_REQUIRED
synexia-indexstring/src/main/java/com/synexia/indexstring/collections/MIndexRows.java	ccf7b3d337591b5effab46bda95339f5f1a2f7ce	java	true	family.entire-source-closure	REVIEW_REQUIRED
synexia-indexstring/src/main/java/com/synexia/indexstring/collections/MIndexSemanticGroups.java	bf16e5825b33e5f83d113eab7dd06f15aa1941c2	java	true	family.entire-source-closure	REVIEW_REQUIRED
synexia-indexstring/src/main/java/com/synexia/indexstring/collections/MIndexSet.java	a5c42e80a2fa8e715613d6a66a8d8bc618aa0c0d	java	true	family.entire-source-closure	REVIEW_REQUIRED
synexia-indexstring/src/main/java/com/synexia/indexstring/collections/MIndexSource.java	0abf0a45e1c1e9610b108a2b4f917ec490e2154e	java	true	family.entire-source-closure	REVIEW_REQUIRED
synexia-indexstring/src/main/java/com/synexia/indexstring/collections/MIndexStatementCollection.java	6d5c2c8ba7405ded3d0e2eb9d6ec381887a6334e	java	true	family.entire-source-closure	REVIEW_REQUIRED
synexia-indexstring/src/main/java/com/synexia/indexstring/collections/MIndexStringSimilarity.java	0b9920de63cec9386f8123a7dd9324fa73e490f3	java	true	family.entire-source-closure	REVIEW_REQUIRED
synexia-indexstring/src/main/java/com/synexia/indexstring/collections/MIndexSubstringCollection.java	b6778a647614f90541f95c89dfa47b1c9bfddc99	java	true	family.entire-source-closure	REVIEW_REQUIRED
synexia-indexstring/src/main/java/com/synexia/indexstring/collections/MIndexSuffixCollection.java	d85f90c08dcf703330e5e29192851570f7048ed6	java	true	family.entire-source-closure	REVIEW_REQUIRED
synexia-indexstring/src/main/java/com/synexia/indexstring/collections/MIndexTokenCollection.java	19a9143bafc287bab4a02063ce2d4763ab4b299a	java	true	family.entire-source-closure	REVIEW_REQUIRED
synexia-indexstring/src/main/java/com/synexia/indexstring/collections/MIndexUnicodeCollection.java	dabcb528c9d1870d1d03be8fa202857ee4a666cc	java	true	family.entire-source-closure	REVIEW_REQUIRED
synexia-indexstring/src/main/java/com/synexia/indexstring/collections/MIndexWordFacet.java	62c0c0592b67b856a352eb2dfe5355d74709f2cc	java	true	family.entire-source-closure	REVIEW_REQUIRED
synexia-indexstring/src/main/java/com/synexia/indexstring/collections/MIndexWordFactsProjection.java	049f1fad9c367c3a23b848d868734c4d209b3320	java	true	family.entire-source-closure	REVIEW_REQUIRED
synexia-indexstring/src/main/java/com/synexia/indexstring/compiler/MIndexCompiledLanguage.java	2614dcf920537d94a15a5d10cdbde88cb88ff012	java	true	family.entire-source-closure	REVIEW_REQUIRED
synexia-indexstring/src/main/java/com/synexia/indexstring/compiler/MIndexCompiledUnit.java	97911d73630d41046d923995fccbd48b79ed55ae	java	true	family.entire-source-closure	REVIEW_REQUIRED
synexia-indexstring/src/main/java/com/synexia/indexstring/compiler/MIndexCompiler.java	15a2241bd3aed95811166c156f83f264895199d3	java	true	family.entire-source-closure	REVIEW_REQUIRED
synexia-indexstring/src/main/java/com/synexia/indexstring/compiler/MIndexDbJavaSourceSubstitutor.java	580440900f486d2c14f1f9960b9cb4093549cfc7	java	true	family.entire-source-closure	REVIEW_REQUIRED
synexia-indexstring/src/main/java/com/synexia/indexstring/db/MIndexDb.java	48e834d4d6380089b87633ff38cc2e0e7bf63109	java	true	family.entire-source-closure	REVIEW_REQUIRED
synexia-indexstring/src/main/java/com/synexia/indexstring/db/MIndexDbConfig.java	f8ac7b294ff3483b52d45e60971e9f02af6ddd01	java	true	family.entire-source-closure	REVIEW_REQUIRED
synexia-indexstring/src/main/java/com/synexia/indexstring/db/MIndexDbDialect.java	e77bae31c7c11a756c9560ccda64d58cde8954bb	java	true	family.entire-source-closure	REVIEW_REQUIRED
synexia-indexstring/src/main/java/com/synexia/indexstring/db/MIndexDbEngineProfile.java	11c2fdd8f7cbbd80ef659a86c5dd10c11dc46b49	java	true	family.entire-source-closure	REVIEW_REQUIRED
synexia-indexstring/src/main/java/com/synexia/indexstring/db/MIndexDbPredicate.java	cd65aaf63fc69157dcf728a054d1a481ccfa4b1f	java	true	family.entire-source-closure	REVIEW_REQUIRED
synexia-indexstring/src/main/java/com/synexia/indexstring/db/MIndexDbSchema.java	ae58bed6040a7fd5430d042b98c508579e8aa71e	java	true	family.entire-source-closure	REVIEW_REQUIRED
synexia-indexstring/src/main/java/com/synexia/indexstring/db/MIndexDbSelection.java	1b72d2c756c922c1ce028d90759c8106e56dcf39	java	true	family.entire-source-closure	REVIEW_REQUIRED
synexia-indexstring/src/main/java/com/synexia/indexstring/db/MIndexDbTable.java	5a0c7f935c13498fdc05698b42b8a070bafcacc5	java	true	family.entire-source-closure	REVIEW_REQUIRED
synexia-indexstring/src/main/java/com/synexia/indexstring/db/MIndexDbType.java	f0eea928f69fa0ca4548347a45caa26649d18e08	java	true	family.entire-source-closure	REVIEW_REQUIRED
synexia-indexstring/src/main/java/com/synexia/indexstring/db/MIndexJdbcBridge.java	56148c3a2fd53b459dda8c68415e0eab3feb6021	java	true	family.entire-source-closure	REVIEW_REQUIRED
synexia-indexstring/src/main/java/com/synexia/indexstring/db/MIndexJdbcDialect.java	c59e1d57e5d4dcf226cd084e27b81bc256ae1993	java	true	family.entire-source-closure	REVIEW_REQUIRED
synexia-indexstring/src/main/java/com/synexia/indexstring/evaluation/EvidenceIndex.java	554ec1f16d754f5138e6668071ab9493e8b7b18b	java	false	family.entire-source-closure	REVIEW_REQUIRED
synexia-indexstring/src/main/java/com/synexia/indexstring/evaluation/EvidenceItem.java	5892f9db7cc0a264df8a9220b1db59f02b2c797c	java	false	family.entire-source-closure	REVIEW_REQUIRED
synexia-indexstring/src/main/java/com/synexia/indexstring/evaluation/GroundRule.java	11eeac7e578a18413fc3522e9896859f8a1255ab	java	false	family.entire-source-closure	REVIEW_REQUIRED
synexia-indexstring/src/main/java/com/synexia/indexstring/evaluation/LogicClosure.java	a543d6e6c093f2a7f7c5d6ea3c36335eb0c16495	java	false	family.entire-source-closure	REVIEW_REQUIRED
synexia-indexstring/src/main/java/com/synexia/indexstring/evaluation/MIndexCartesianTrials.java	214d5237084ff1947143718876f1e2f900447861	java	true	family.entire-source-closure	REVIEW_REQUIRED
synexia-indexstring/src/main/java/com/synexia/indexstring/evaluation/MathematicalCheck.java	77c518764d16ff415fd96326cdf0232b4edc5b6a	java	false	family.entire-source-closure	REVIEW_REQUIRED
synexia-indexstring/src/main/java/com/synexia/indexstring/evaluation/SignedStatement.java	b64e4113002d72efc2da9e21c7f2de87da4252bf	java	false	family.entire-source-closure	REVIEW_REQUIRED
synexia-indexstring/src/main/java/com/synexia/indexstring/evaluation/Statement.java	99f33b848c7574f2440348a1f6d70aa1213c6352	java	false	family.entire-source-closure	REVIEW_REQUIRED
synexia-indexstring/src/main/java/com/synexia/indexstring/file/MIndexByteFile.java	7a7670922663fa0a40097178b3e381a89f57c61d	java	true	family.entire-source-closure	REVIEW_REQUIRED
synexia-indexstring/src/main/java/com/synexia/indexstring/file/MIndexByteFileStreamIndexer.java	3122738126444b269b2a8abac55e8c992c147bfc	java	true	family.entire-source-closure	REVIEW_REQUIRED
synexia-indexstring/src/main/java/com/synexia/indexstring/file/MIndexFile.java	0c30aaa8b9f88a829c87e46ef82a0ea96c0d68a3	java	true	family.entire-source-closure	REVIEW_REQUIRED
synexia-indexstring/src/main/java/com/synexia/indexstring/file/MIndexFileAttributeOrder.java	52e6ed110928f53d4f6e417b0d10baf542e99ec1	java	true	family.entire-source-closure	REVIEW_REQUIRED
synexia-indexstring/src/main/java/com/synexia/indexstring/file/MIndexFileAttributes.java	0e1336dea872ec447ba1bf991c7659f9be2dd6fb	java	true	family.entire-source-closure	REVIEW_REQUIRED
synexia-indexstring/src/main/java/com/synexia/indexstring/file/MIndexFileBuilder.java	09582e64046a44b4f4a18478afd8481d48ff89b2	java	true	family.entire-source-closure	REVIEW_REQUIRED
synexia-indexstring/src/main/java/com/synexia/indexstring/file/MIndexFileByteFacts.java	fd5b1350d13c82dc9a833a6b7a1dc94058977491	java	true	family.entire-source-closure	REVIEW_REQUIRED
synexia-indexstring/src/main/java/com/synexia/indexstring/file/MIndexFileByteFactsSnapshot.java	a2ff8a1c3aeccfb2e386ef9ec75048d7890a57e5	java	true	family.entire-source-closure	REVIEW_REQUIRED
synexia-indexstring/src/main/java/com/synexia/indexstring/file/MIndexFileEventReader.java	f7a1eb756e6000b5232e443f76382ff2a5cf52f6	java	true	family.entire-source-closure	REVIEW_REQUIRED
synexia-indexstring/src/main/java/com/synexia/indexstring/file/MIndexFileEventSnapshotCollector.java	3f579568d2ff154e5018844890f37c4f62d05103	java	true	family.entire-source-closure	REVIEW_REQUIRED
synexia-indexstring/src/main/java/com/synexia/indexstring/file/MIndexFileEventWriter.java	40be0dec6670cc2a0e1d6a031d502f72c9440861	java	true	family.entire-source-closure	REVIEW_REQUIRED
synexia-indexstring/src/main/java/com/synexia/indexstring/file/MIndexFileFrequencyIndex.java	68012cd18ea2866c2631f8b9efc70cc3cfebca4e	java	true	family.entire-source-closure	REVIEW_REQUIRED
synexia-indexstring/src/main/java/com/synexia/indexstring/file/MIndexFileImage.java	2160cb53eae114606f8bbfc15e763e3f14a168c3	java	true	family.entire-source-closure	REVIEW_REQUIRED
synexia-indexstring/src/main/java/com/synexia/indexstring/file/MIndexFileKindIndex.java	f622b727fa6646336837387b2773132f2391f05c	java	true	family.entire-source-closure	REVIEW_REQUIRED
synexia-indexstring/src/main/java/com/synexia/indexstring/file/MIndexFileLexicon.java	ef13c3e5536f7b25299992986e5cf3e6e10a381e	java	true	family.entire-source-closure	REVIEW_REQUIRED
synexia-indexstring/src/main/java/com/synexia/indexstring/file/MIndexFileLexiconSnapshot.java	67c5671863cd6618936796bd3028969c26806c28	java	true	family.entire-source-closure	REVIEW_REQUIRED
synexia-indexstring/src/main/java/com/synexia/indexstring/file/MIndexFileMultiPattern.java	cc6eedd9247eef2205c51a7e9aff2e3a4e282561	java	true	family.entire-source-closure	REVIEW_REQUIRED
synexia-indexstring/src/main/java/com/synexia/indexstring/file/MIndexFilePattern.java	8c87305639e37f1c77249e798a192eb8d68c8a54	java	true	family.entire-source-closure	REVIEW_REQUIRED
synexia-indexstring/src/main/java/com/synexia/indexstring/file/MIndexFilePrimitiveSnapshot.java	243333bd9411b9193b68655f6d44d8ab438bfe6d	java	true	family.entire-source-closure	REVIEW_REQUIRED
synexia-indexstring/src/main/java/com/synexia/indexstring/file/MIndexFileProjection.java	41fa1c106c71a241c6071a1cea9551ee259dc482	java	true	family.entire-source-closure	REVIEW_REQUIRED
synexia-indexstring/src/main/java/com/synexia/indexstring/file/MIndexFileProjectionSnapshot.java	1e7499e0b0fb5fe5107ab4acaac4af66825a0aae	java	true	family.entire-source-closure	REVIEW_REQUIRED
synexia-indexstring/src/main/java/com/synexia/indexstring/file/MIndexFileRangeFingerprint.java	827bfc93773f44fb4443656fb82910429c3cfb9c	java	true	family.entire-source-closure	REVIEW_REQUIRED
synexia-indexstring/src/main/java/com/synexia/indexstring/file/MIndexFileRollingIndex.java	2ebb3e2ffd538dc9c59ac72975df0879b58ce13c	java	true	family.entire-source-closure	REVIEW_REQUIRED
synexia-indexstring/src/main/java/com/synexia/indexstring/file/MIndexFileSnapshot.java	1ba1d47aac1064e8f59cf0c43d7ebb85235adeb3	java	true	family.entire-source-closure	REVIEW_REQUIRED
synexia-indexstring/src/main/java/com/synexia/indexstring/file/MIndexFileSnapshotCodec.java	38eedb816b3ea946a550b6826e409543e4d30649	java	true	family.entire-source-closure	REVIEW_REQUIRED
synexia-indexstring/src/main/java/com/synexia/indexstring/file/MIndexFileSourceFacts.java	8d1fa408ec01496cda7ea17cf4d6aea87e61441a	java	true	family.entire-source-closure	REVIEW_REQUIRED
synexia-indexstring/src/main/java/com/synexia/indexstring/file/MIndexFileSourceFactsImage.java	e7cbbb02edc731f9b7887c2287a13b5dd30de9ef	java	true	family.entire-source-closure	REVIEW_REQUIRED
synexia-indexstring/src/main/java/com/synexia/indexstring/file/MIndexFileSourceFactsKey.java	839ca6e2250f6931c065a95bd294c57b79c57bd6	java	true	family.entire-source-closure	REVIEW_REQUIRED
synexia-indexstring/src/main/java/com/synexia/indexstring/file/MIndexFileSourceFactsSnapshot.java	6fde4bfe373f79f9d0f0da7dbe929b3fd4b49b6a	java	true	family.entire-source-closure	REVIEW_REQUIRED
synexia-indexstring/src/main/java/com/synexia/indexstring/file/MIndexFileSourceFactsStore.java	d470157c521df1fad75120d6e399506a436348b5	java	true	family.entire-source-closure	REVIEW_REQUIRED
synexia-indexstring/src/main/java/com/synexia/indexstring/file/MIndexFileSpan.java	4dbb3a4ec32776d730a8984e60ec2f40da6214b8	java	true	family.entire-source-closure	REVIEW_REQUIRED
synexia-indexstring/src/main/java/com/synexia/indexstring/file/MIndexFileSpanSnapshot.java	8a327ddd3b7c0ff28480519d567ea055e4648870	java	true	family.entire-source-closure	REVIEW_REQUIRED
synexia-indexstring/src/main/java/com/synexia/indexstring/file/MIndexFileStreamEvents.java	08199d3703ce7110bdf5dcb6df2ab6742d88c83b	java	true	family.entire-source-closure	REVIEW_REQUIRED
synexia-indexstring/src/main/java/com/synexia/indexstring/file/MIndexFileStreamIndexer.java	4e45077d4a92c0e34506377ef12ef396c617d151	java	true	family.entire-source-closure	REVIEW_REQUIRED
synexia-indexstring/src/main/java/com/synexia/indexstring/file/MIndexFileTokenKind.java	6364dbfbc82189e8ac2a9188e3db7b2aacff98e6	java	true	family.entire-source-closure	REVIEW_REQUIRED
synexia-indexstring/src/main/java/com/synexia/indexstring/file/MIndexFileTokenRange.java	635b9360927312979c5011e408d77a892b9d3a77	java	true	family.entire-source-closure	REVIEW_REQUIRED
synexia-indexstring/src/main/java/com/synexia/indexstring/file/MIndexFileTokenRangeSha256.java	95eb318a5d1edeb665e23a198c745f60ca4d95a2	java	true	family.entire-source-closure	REVIEW_REQUIRED
synexia-indexstring/src/main/java/com/synexia/indexstring/file/MIndexFileTokenStore.java	24af695903f1c62d353ce7843ac45267086a6801	java	true	family.entire-source-closure	REVIEW_REQUIRED
synexia-indexstring/src/main/java/com/synexia/indexstring/file/MIndexFileTokenizer.java	01cbee0801c6320aa42bd3bd30bb52f52cf6b795	java	true	family.entire-source-closure	REVIEW_REQUIRED
synexia-indexstring/src/main/java/com/synexia/indexstring/file/MIndexFileUniverseEventReader.java	58213bd5ff11c2bd4e1df5abce9ebf3fff647108	java	true	family.entire-source-closure	REVIEW_REQUIRED
synexia-indexstring/src/main/java/com/synexia/indexstring/file/MIndexFileUniverseEventWriter.java	809709e1d9398070f03475c5b375bc2a6ca0d238	java	true	family.entire-source-closure	REVIEW_REQUIRED
synexia-indexstring/src/main/java/com/synexia/indexstring/file/MIndexFileUniversePlan.java	9fd70f54455c2976695fcf23fbd6c78ead0d8792	java	true	family.entire-source-closure	REVIEW_REQUIRED
synexia-indexstring/src/main/java/com/synexia/indexstring/file/MIndexFileUniverseSnapshot.java	6fe12ccea66622dc77ebda824af930c8468d9083	java	true	family.entire-source-closure	REVIEW_REQUIRED
synexia-indexstring/src/main/java/com/synexia/indexstring/file/MIndexFileUniverseSnapshotImage.java	085541a91a97dbe263b11bf733067bd6807ed91d	java	true	family.entire-source-closure	REVIEW_REQUIRED
synexia-indexstring/src/main/java/com/synexia/indexstring/file/MIndexFileUniverseTokenIndex.java	cdbdc3d8fa359720ca569c8a22401f8a72a6da35	java	true	family.entire-source-closure	REVIEW_REQUIRED
synexia-indexstring/src/main/java/com/synexia/indexstring/file/MIndexFileUniverseTokenIndexImage.java	cf4b01f383ba95d10dc8559dd5bf231fd4ca3d9b	java	true	family.entire-source-closure	REVIEW_REQUIRED
synexia-indexstring/src/main/java/com/synexia/indexstring/file/MIndexFileUniverseTokenRangeSha256.java	57a242838c11c3d660c2c2ce4b126c6ab0dac360	java	true	family.entire-source-closure	REVIEW_REQUIRED
synexia-indexstring/src/main/java/com/synexia/indexstring/file/MIndexFileUniverseTokenSpan.java	5fd99426760d9b0558a6a56bd85bf66801a9ec92	java	true	family.entire-source-closure	REVIEW_REQUIRED
synexia-indexstring/src/main/java/com/synexia/indexstring/file/MappedMIndexFile.java	13c14c2abd4edb5cbb2280713c8e6f8ccff81a6f	java	false	family.entire-source-closure	REVIEW_REQUIRED
synexia-indexstring/src/main/java/com/synexia/indexstring/fs/M3ContentId.java	b8dffdfaf6809e130b7c95ae38c79cb2beb937c6	java	false	family.entire-source-closure	REVIEW_REQUIRED
synexia-indexstring/src/main/java/com/synexia/indexstring/fs/M3DirectoryContentStore.java	0fd9aec324ca0e1f608b0a72c22945ded63bd486	java	false	family.entire-source-closure	REVIEW_REQUIRED
synexia-indexstring/src/main/java/com/synexia/indexstring/fs/M3FileManifest.java	f8aa652714c8d4707c2699d20a5e2b9601ac7098	java	false	family.entire-source-closure	REVIEW_REQUIRED
synexia-indexstring/src/main/java/com/synexia/indexstring/fs/M3FileSystemStore.java	f91e5036d96c52079309d45eaf8628bf632c4f96	java	false	family.entire-source-closure	REVIEW_REQUIRED
synexia-indexstring/src/main/java/com/synexia/indexstring/fs/M3FsPrecomputeBundle.java	099634440b4456682ea94215d57662b4bb1e054d	java	false	family.entire-source-closure	REVIEW_REQUIRED
synexia-indexstring/src/main/java/com/synexia/indexstring/fs/M3FsPrecomputeCatalog.java	30d4aba33e53b463670e76166f7dd25b91b96860	java	false	family.entire-source-closure	REVIEW_REQUIRED
synexia-indexstring/src/main/java/com/synexia/indexstring/fs/M3FsPrecomputeWriter.java	25505db69f44d0c1aa42be0447b0b3cc5de924a3	java	false	family.entire-source-closure	REVIEW_REQUIRED
synexia-indexstring/src/main/java/com/synexia/indexstring/fs/M3GenerationRoot.java	394ef480d165d9c48b5e4f6d9ca6df467147e6c4	java	false	family.entire-source-closure	REVIEW_REQUIRED
synexia-indexstring/src/main/java/com/synexia/indexstring/fs/M3MappedObject.java	103921e3c8efcf102c09c684faf46e2ac2c81838	java	false	family.entire-source-closure	REVIEW_REQUIRED
synexia-indexstring/src/main/java/com/synexia/indexstring/fs/M3NativeContent.java	dd2bf61175031ee6276c155dbcfdc3edfbf3596f	java	false	family.entire-source-closure	REVIEW_REQUIRED
synexia-indexstring/src/main/java/com/synexia/indexstring/fs/M3ObjectKind.java	661a00395debb0d216d36cb028bcd72bb8651aa0	java	false	family.entire-source-closure	REVIEW_REQUIRED
synexia-indexstring/src/main/java/com/synexia/indexstring/fs/M3ObjectRef.java	41cfec7999b4e07689069b584ce825d76a0b9e9d	java	false	family.entire-source-closure	REVIEW_REQUIRED
synexia-indexstring/src/main/java/com/synexia/indexstring/fs/M3PrecomputeCache.java	3603832eefe138bea46f22a7c1bf548153d2d391	java	false	family.entire-source-closure	REVIEW_REQUIRED
synexia-indexstring/src/main/java/com/synexia/indexstring/fs/M3PrecomputeKey.java	25d34816903b02a5af53a131191d72f71d09dc09	java	false	family.entire-source-closure	REVIEW_REQUIRED
synexia-indexstring/src/main/java/com/synexia/indexstring/fs/M3PrecomputeResult.java	727c38c2bd9c91cc643feff2fbb1c4290ccfda5d	java	false	family.entire-source-closure	REVIEW_REQUIRED
synexia-indexstring/src/main/java/com/synexia/indexstring/fs/MIndexFileSystem.java	df83c7827123bcfc77f5d88a8a7cafbefb932fb9	java	true	family.entire-source-closure	REVIEW_REQUIRED
synexia-indexstring/src/main/java/com/synexia/indexstring/fs/MIndexFsFeature.java	f4e55f318d41063eafe27818c149b1f130f44e9d	java	true	family.entire-source-closure	REVIEW_REQUIRED
synexia-indexstring/src/main/java/com/synexia/indexstring/fs/MIndexFsMIndexImage.java	eeaf6c7e568f0fdafca9f02c6a7e45efae4d5d04	java	true	family.entire-source-closure	REVIEW_REQUIRED
synexia-indexstring/src/main/java/com/synexia/indexstring/fs/MIndexFsNative.java	e708af0e4ce24a149ce45fb03b800382b172aaae	java	true	family.entire-source-closure	REVIEW_REQUIRED
synexia-indexstring/src/main/java/com/synexia/indexstring/fs/MIndexSnapshotStore.java	1c74845c8ae55203507a5da17868c77bb9c11dd5	java	true	family.entire-source-closure	REVIEW_REQUIRED
synexia-indexstring/src/main/java/com/synexia/indexstring/grammar/MIndexBuiltinGrammars.java	30e8dc994b1131f2fb9e24e2c11bda060ce6c2d4	java	true	family.entire-source-closure	REVIEW_REQUIRED
synexia-indexstring/src/main/java/com/synexia/indexstring/grammar/MIndexBuiltinLexerProfiles.java	80cd71607a19c863490548754a50cec4ee1ba4a8	java	true	family.entire-source-closure	REVIEW_REQUIRED
synexia-indexstring/src/main/java/com/synexia/indexstring/grammar/MIndexBuiltinQueryGrammars.java	1d53bf007cc4cf183295497dcaf47edb8be72c8f	java	true	family.entire-source-closure	REVIEW_REQUIRED
synexia-indexstring/src/main/java/com/synexia/indexstring/grammar/MIndexEarleyWaitingIndex.java	0d7636d7335fd1ab05e61c3779b132b252bd2102	java	true	family.entire-source-closure	REVIEW_REQUIRED
synexia-indexstring/src/main/java/com/synexia/indexstring/grammar/MIndexExpressionOperator.java	58c47e8613a33ee2f10573b430f2dc9df02d602f	java	true	family.entire-source-closure	REVIEW_REQUIRED
synexia-indexstring/src/main/java/com/synexia/indexstring/grammar/MIndexFormalLanguageSpec.java	ed479f7b1670fe028d5fc00a6ebb9af6b8257352	java	true	family.entire-source-closure	REVIEW_REQUIRED
synexia-indexstring/src/main/java/com/synexia/indexstring/grammar/MIndexFormalLanguageSpecs.java	4aec1d5dbae7bef6d0c73424f985f0f5c213851e	java	true	family.entire-source-closure	REVIEW_REQUIRED
synexia-indexstring/src/main/java/com/synexia/indexstring/grammar/MIndexFrozenFormalLanguageSpec.java	5017748ddcc2129cc72514f601ff19b7ce3c01d9	java	true	family.entire-source-closure	REVIEW_REQUIRED
synexia-indexstring/src/main/java/com/synexia/indexstring/grammar/MIndexGrammar.java	d9b64936a7994ef3f505251c66faad1f40b9760e	java	true	family.entire-source-closure	REVIEW_REQUIRED
synexia-indexstring/src/main/java/com/synexia/indexstring/grammar/MIndexGrammarAnalysis.java	e9d4aeac6b9cdca5b9ae88fb8b9d7af2fa0066f1	java	true	family.entire-source-closure	REVIEW_REQUIRED
synexia-indexstring/src/main/java/com/synexia/indexstring/grammar/MIndexGrammarAssociativity.java	8fc35f857a10968f34529498f7a5e9ce5845366c	java	true	family.entire-source-closure	REVIEW_REQUIRED
synexia-indexstring/src/main/java/com/synexia/indexstring/grammar/MIndexGrammarBuilder.java	0789ce073741d2b42776f173d89993a1faaebd89	java	true	family.entire-source-closure	REVIEW_REQUIRED
synexia-indexstring/src/main/java/com/synexia/indexstring/grammar/MIndexGrammarCodec.java	d51d9cd978255963e36ed90dfbf735b16a38241a	java	true	family.entire-source-closure	REVIEW_REQUIRED
synexia-indexstring/src/main/java/com/synexia/indexstring/grammar/MIndexGrammarCompatibility.java	1fc4a435f03bbe59c9901c6198e0f83e2ac21167	java	true	family.entire-source-closure	REVIEW_REQUIRED
synexia-indexstring/src/main/java/com/synexia/indexstring/grammar/MIndexGrammarDecisionIndex.java	5c02973de438d6f333cbd117494ea001b74ad896	java	true	family.entire-source-closure	REVIEW_REQUIRED
synexia-indexstring/src/main/java/com/synexia/indexstring/grammar/MIndexGrammarDecisionIndexes.java	c659c984334e114b597dd1ffa74b1eaf623ba4f8	java	true	family.entire-source-closure	REVIEW_REQUIRED
synexia-indexstring/src/main/java/com/synexia/indexstring/grammar/MIndexGrammarException.java	769fb0fb1e6bc3ad4d276ceae8a79b0486358ed5	java	true	family.entire-source-closure	REVIEW_REQUIRED
synexia-indexstring/src/main/java/com/synexia/indexstring/grammar/MIndexGrammarFamily.java	411d0b6d494b6e4b3b2b82690bddc03a2158d83e	java	true	family.entire-source-closure	REVIEW_REQUIRED
synexia-indexstring/src/main/java/com/synexia/indexstring/grammar/MIndexGrammarFormat.java	65338e29bfdee619fece5ca212e3b681fe95cab1	java	true	family.entire-source-closure	REVIEW_REQUIRED
synexia-indexstring/src/main/java/com/synexia/indexstring/grammar/MIndexGrammarImportPolicy.java	d99f9e03a9db6e42c622777a472c0439a066e967	java	true	family.entire-source-closure	REVIEW_REQUIRED
synexia-indexstring/src/main/java/com/synexia/indexstring/grammar/MIndexGrammarImporter.java	e832df8881b7556f925f28909272ec65b28e3ec0	java	true	family.entire-source-closure	REVIEW_REQUIRED
synexia-indexstring/src/main/java/com/synexia/indexstring/grammar/MIndexGrammarLexer.java	c78c8c2618d23f3bc9341373ed8834203662ced5	java	true	family.entire-source-closure	REVIEW_REQUIRED
synexia-indexstring/src/main/java/com/synexia/indexstring/grammar/MIndexGrammarParseResult.java	4e0f5812360c4be0c40d19d60450c47374e0b8b8	java	true	family.entire-source-closure	REVIEW_REQUIRED
synexia-indexstring/src/main/java/com/synexia/indexstring/grammar/MIndexGrammarParseTree.java	cd308f5e3ba0dc3cec9eafbbe8216c55c1a43f79	java	true	family.entire-source-closure	REVIEW_REQUIRED
synexia-indexstring/src/main/java/com/synexia/indexstring/grammar/MIndexGrammarParser.java	33a72f1d6df943ffb2837205942555db9f13113e	java	true	family.entire-source-closure	REVIEW_REQUIRED
synexia-indexstring/src/main/java/com/synexia/indexstring/grammar/MIndexGrammarRecognizer.java	40b48af2d2f7755b1d64e7dc1c99c5707ddd6e8a	java	true	family.entire-source-closure	REVIEW_REQUIRED
synexia-indexstring/src/main/java/com/synexia/indexstring/grammar/MIndexGrammarRef.java	4369bcbe364d59c09bfdd3a637d4bb55aa3229d3	java	true	family.entire-source-closure	REVIEW_REQUIRED
synexia-indexstring/src/main/java/com/synexia/indexstring/grammar/MIndexGrammarRegistry.java	f5af0c70ca2e35ad1caff0267f6268e198a24b19	java	true	family.entire-source-closure	REVIEW_REQUIRED
synexia-indexstring/src/main/java/com/synexia/indexstring/grammar/MIndexGrammarSource.java	56ff2966aa4fa21c8d911c9ce903dab55f7b5577	java	true	family.entire-source-closure	REVIEW_REQUIRED
synexia-indexstring/src/main/java/com/synexia/indexstring/grammar/MIndexGrammarSourceText.java	2ee23ab45f35f1d69d8be8ee7ebb68ebd04a7131	java	true	family.entire-source-closure	REVIEW_REQUIRED
synexia-indexstring/src/main/java/com/synexia/indexstring/grammar/MIndexGrammarStrictness.java	5ee32bb2b1bdea1459628040282cb6840f9ac3d3	java	true	family.entire-source-closure	REVIEW_REQUIRED
synexia-indexstring/src/main/java/com/synexia/indexstring/grammar/MIndexGrammarSymbolKind.java	bc14160073fe78b46ee9d077dbf20b4f3ed04f9a	java	true	family.entire-source-closure	REVIEW_REQUIRED
synexia-indexstring/src/main/java/com/synexia/indexstring/grammar/MIndexGrammarTokenDispatch.java	4c94f5c72d376b541cd6381ef5d274b79c0965a0	java	true	family.entire-source-closure	REVIEW_REQUIRED
synexia-indexstring/src/main/java/com/synexia/indexstring/grammar/MIndexGrammarValidation.java	f057adcbcbf5dd0218519c1c7488243e9b427091	java	true	family.entire-source-closure	REVIEW_REQUIRED
synexia-indexstring/src/main/java/com/synexia/indexstring/grammar/MIndexLang.java	7c0a1182777912dd3302920ca048f11c07578fed	java	true	family.entire-source-closure	REVIEW_REQUIRED
synexia-indexstring/src/main/java/com/synexia/indexstring/grammar/MIndexLangs.java	20d0d38d0fc2ab67a5ed6d6901e03ebbd2ab9cd2	java	true	family.entire-source-closure	REVIEW_REQUIRED
synexia-indexstring/src/main/java/com/synexia/indexstring/grammar/MIndexLanguagePackCompiler.java	0170106162fd803a120d28937e0fd5dd8a2a14be	java	true	family.entire-source-closure	REVIEW_REQUIRED
synexia-indexstring/src/main/java/com/synexia/indexstring/grammar/MIndexLexerProfile.java	76635c822ae0f6908b99a7210d17836fafce0485	java	true	family.entire-source-closure	REVIEW_REQUIRED
synexia-indexstring/src/main/java/com/synexia/indexstring/grammar/MIndexLiteralCase.java	9b44a1a62d064485bd3f686e64f47ea258afe151	java	true	family.entire-source-closure	REVIEW_REQUIRED
synexia-indexstring/src/main/java/com/synexia/indexstring/grammar/MIndexPublishedGrammarSource.java	1ac98b733c93a9d4f41d9da16fa38aeb583f281f	java	true	family.entire-source-closure	REVIEW_REQUIRED
synexia-indexstring/src/main/java/com/synexia/indexstring/grammar/MIndexPublishedLanguage.java	5a414152e26091de809fbfd871d83222733e23fa	java	true	family.entire-source-closure	REVIEW_REQUIRED
synexia-indexstring/src/main/java/com/synexia/indexstring/grammar/MIndexPublishedLanguageCatalog.java	9939f03c3d10b2792ef0f893a9a44953646e8709	java	true	family.entire-source-closure	REVIEW_REQUIRED
synexia-indexstring/src/main/java/com/synexia/indexstring/grammar/MIndexTokenClass.java	cf3cc8b6d324483e9e7532b5e580b382258e0336	java	true	family.entire-source-closure	REVIEW_REQUIRED
synexia-indexstring/src/main/java/com/synexia/indexstring/grammar/MIndexTokenStream.java	2b9072ac14198da1c4867ce5469e50c3c542e1a9	java	true	family.entire-source-closure	REVIEW_REQUIRED
synexia-indexstring/src/main/java/com/synexia/indexstring/grammar/package-info.java	7bbbe01419f3b7a676e5503fed939db667b4a1d0	java	false	family.entire-source-closure	REVIEW_REQUIRED
synexia-indexstring/src/main/java/com/synexia/indexstring/join/MIndexFileJoin.java	1868f772eb3d6d3867d30c6d5a1b2e3a21b89b60	java	true	family.entire-source-closure	REVIEW_REQUIRED
synexia-indexstring/src/main/java/com/synexia/indexstring/join/MIndexJoinViews.java	32fd9639949b3b27b0579198a790c6c01cd630c3	java	true	family.entire-source-closure	REVIEW_REQUIRED
synexia-indexstring/src/main/java/com/synexia/indexstring/join/MIndexPairCursor.java	5b465700f04927aeeed650bc5c5ee782248999be	java	true	family.entire-source-closure	REVIEW_REQUIRED
synexia-indexstring/src/main/java/com/synexia/indexstring/join/MIndexPairPlan.java	4a4d104329a5b96b85c330ac3cccef021d94542e	java	true	family.entire-source-closure	REVIEW_REQUIRED
synexia-indexstring/src/main/java/com/synexia/indexstring/join/MIndexPostingJoin.java	4280be6129ec40d8658db08dea71f019a0d4bf49	java	true	family.entire-source-closure	REVIEW_REQUIRED
synexia-indexstring/src/main/java/com/synexia/indexstring/knowledge/CompiledWordKnowledge.java	2107536b3036377e6ece813d618b07591917e242	java	false	family.entire-source-closure	REVIEW_REQUIRED
synexia-indexstring/src/main/java/com/synexia/indexstring/knowledge/IndexedContextAnalyzer.java	de31a9b9b3cfad0841b52fe3f5973403781ad45e	java	false	family.entire-source-closure	REVIEW_REQUIRED
synexia-indexstring/src/main/java/com/synexia/indexstring/knowledge/IndexedLuhnSummarizer.java	e4398711aafb0af664818fd289405ff5792e30aa	java	false	family.entire-source-closure	REVIEW_REQUIRED
synexia-indexstring/src/main/java/com/synexia/indexstring/knowledge/MappedWordKnowledge.java	530eb5b97814bcda38007d2e5ec9994854cc8e10	java	false	family.entire-source-closure	REVIEW_REQUIRED
synexia-indexstring/src/main/java/com/synexia/indexstring/knowledge/WordId.java	e47fda260a6e570a5c7466a155dbef6d3c006794	java	false	family.entire-source-closure	REVIEW_REQUIRED
synexia-indexstring/src/main/java/com/synexia/indexstring/knowledge/WordKnowledge.java	5c9fd823c8683b67f16b0a3b358027a89a435666	java	false	family.entire-source-closure	REVIEW_REQUIRED
synexia-indexstring/src/main/java/com/synexia/indexstring/knowledge/WordKnowledgeBuilder.java	64329a81b13804c7a0badc1a6e4b76ebb317ebd1	java	false	family.entire-source-closure	REVIEW_REQUIRED
synexia-indexstring/src/main/java/com/synexia/indexstring/knowledge/WordKnowledgeDigest.java	2f475c97293077dfe7416024a4aa488ea593fb1a	java	false	family.entire-source-closure	REVIEW_REQUIRED
synexia-indexstring/src/main/java/com/synexia/indexstring/knowledge/WordKnowledgeFiles.java	169d47f5de19cb2a19da01cf0c3ea30f3ffcb73d	java	false	family.entire-source-closure	REVIEW_REQUIRED
synexia-indexstring/src/main/java/com/synexia/indexstring/knowledge/WordLexiconFlags.java	6e21f2e511068ff696a25d3316312390b6d1b356	java	false	family.entire-source-closure	REVIEW_REQUIRED
synexia-indexstring/src/main/java/com/synexia/indexstring/mat/MatIndexString.java	ae12eb67b36dd621cea505b79da395bb71281b66	java	true	family.entire-source-closure	REVIEW_REQUIRED
synexia-indexstring/src/main/java/com/synexia/indexstring/mat/MatIndexStringBits.java	ffdbfc05475931d1e4997f20f2725fbf11d00b84	java	true	family.entire-source-closure	REVIEW_REQUIRED
synexia-indexstring/src/main/java/com/synexia/indexstring/mat/MatIndexStringBuffer.java	b0f4ee2a02ec1fe7eb655ab4829cbf1179b0a409	java	true	family.entire-source-closure	REVIEW_REQUIRED
synexia-indexstring/src/main/java/com/synexia/indexstring/mat/MatIndexStringBuilder.java	a2e950b627c7ca64cf3b8a505e6c2825cd4b5d17	java	true	family.entire-source-closure	REVIEW_REQUIRED
synexia-indexstring/src/main/java/com/synexia/indexstring/mat/MatIndexStringChunk.java	4f1740b3f7730fc023e3b213ab0e175a68d41898	java	true	family.entire-source-closure	REVIEW_REQUIRED
synexia-indexstring/src/main/java/com/synexia/indexstring/mat/MatIndexStringChunks.java	e4b95d627f435223d999bea7b99beaed95e998fc	java	true	family.entire-source-closure	REVIEW_REQUIRED
synexia-indexstring/src/main/java/com/synexia/indexstring/mat/MatIndexStringJoiner.java	782a7bd73850a3ce65ceef9dfa8885fa31d0fbff	java	true	family.entire-source-closure	REVIEW_REQUIRED
synexia-indexstring/src/main/java/com/synexia/indexstring/mat/MatIndexStringLongMap.java	cbce14f9af8ef660756ebab7868f62be3a2bf503	java	true	family.entire-source-closure	REVIEW_REQUIRED
synexia-indexstring/src/main/java/com/synexia/indexstring/mat/MatIndexStringMap.java	7c88e1b206912de733c7084b1553bbb4a56b36bc	java	true	family.entire-source-closure	REVIEW_REQUIRED
synexia-indexstring/src/main/java/com/synexia/indexstring/mat/MatIndexStringMapper.java	441b21e0a86964c4b855460d347ced4f37a23393	java	true	family.entire-source-closure	REVIEW_REQUIRED
synexia-indexstring/src/main/java/com/synexia/indexstring/mat/MatIndexStringPool.java	5cac2579392a1835e041e7614797b561fde52370	java	true	family.entire-source-closure	REVIEW_REQUIRED
synexia-indexstring/src/main/java/com/synexia/indexstring/mat/MatIndexStringRef.java	99f06c23b7c07ed7b25dbbb1896c26e59d31c213	java	true	family.entire-source-closure	REVIEW_REQUIRED
synexia-indexstring/src/main/java/com/synexia/indexstring/mat/MatIndexStringRegex.java	2e783713662053558e9e4ff70731fb3ba317785a	java	true	family.entire-source-closure	REVIEW_REQUIRED
synexia-indexstring/src/main/java/com/synexia/indexstring/mat/MatIndexStringRuntime.java	45fded3fe8ef173851b44d0ec9b2c241f4d4cc93	java	true	family.entire-source-closure	REVIEW_REQUIRED
synexia-indexstring/src/main/java/com/synexia/indexstring/mat/MatIndexStringSet.java	2730b7846b6bd0fae35fd244fdf20d87dc02dc66	java	true	family.entire-source-closure	REVIEW_REQUIRED
synexia-indexstring/src/main/java/com/synexia/indexstring/mat/MatIndexStringStream.java	58c671fcd76bdb7a705b4001b6e31c65a6868a50	java	true	family.entire-source-closure	REVIEW_REQUIRED
synexia-indexstring/src/main/java/com/synexia/indexstring/mat/MatIndexedParagraph.java	87521f356a410ed0f7a5473b53408c9c2c2c2e43	java	true	family.entire-source-closure	REVIEW_REQUIRED
synexia-indexstring/src/main/java/com/synexia/indexstring/mat/kernel/JavaMatIndexStringKernel.java	9372771e9015cfda9304c8636afe3699c5bcd994	java	false	family.entire-source-closure	REVIEW_REQUIRED
synexia-indexstring/src/main/java/com/synexia/indexstring/mat/kernel/MatIndexStringKernel.java	6e2d3ffce55063c984a808f74c50e1f91e5fe80f	java	true	family.entire-source-closure	REVIEW_REQUIRED
synexia-indexstring/src/main/java/com/synexia/indexstring/mat/kernel/MatIndexStringKernels.java	531046ed862729a95f29877d707a17ea4c7c26b5	java	true	family.entire-source-closure	REVIEW_REQUIRED
synexia-indexstring/src/main/java/com/synexia/indexstring/mat/kernel/NativeMatIndexStringKernel.java	45a8cb9e32d6128a0ca7b16077362922bfa7da91	java	false	family.entire-source-closure	REVIEW_REQUIRED
synexia-indexstring/src/main/java/com/synexia/indexstring/mmap/IndexLocalTransitionImage.java	05bd7c3bf56d511d194e7613093d58b22d1c2088	java	false	family.entire-source-closure	REVIEW_REQUIRED
synexia-indexstring/src/main/java/com/synexia/indexstring/mmap/IndexLocalTupleImage.java	822420f6f1523b5600602b7ae477b643dee9f1b5	java	false	family.entire-source-closure	REVIEW_REQUIRED
synexia-indexstring/src/main/java/com/synexia/indexstring/mmap/IndexTransitionImage.java	9d2a77dd28b8b507d24682f8a8a583582f21208f	java	false	family.entire-source-closure	REVIEW_REQUIRED
synexia-indexstring/src/main/java/com/synexia/indexstring/mmap/IndexTupleImage.java	c3ac7aa9144dfc264c8f750fa347c5a4fb2243f5	java	false	family.entire-source-closure	REVIEW_REQUIRED
synexia-indexstring/src/main/java/com/synexia/indexstring/mmap/MappedIndexLocalTransitionTable.java	c9a93353f41a9d0bc9922e64dc0fe5f521a64d03	java	false	family.entire-source-closure	REVIEW_REQUIRED
synexia-indexstring/src/main/java/com/synexia/indexstring/mmap/MappedIndexLocalTupleTable.java	3c850452363578f7928f7bea86463a297bcc3b46	java	false	family.entire-source-closure	REVIEW_REQUIRED
synexia-indexstring/src/main/java/com/synexia/indexstring/mmap/MappedIndexPredictor.java	ed332b7940359c0052d48e9c1e44adb56be1653b	java	false	family.entire-source-closure	REVIEW_REQUIRED
synexia-indexstring/src/main/java/com/synexia/indexstring/mmap/MappedIndexTransitionTable.java	d5159d3cc9c780357a3c2f4a3b8703a9cb42aa6f	java	false	family.entire-source-closure	REVIEW_REQUIRED
synexia-indexstring/src/main/java/com/synexia/indexstring/mmap/MappedIndexTupleTable.java	72340b1cafb200fa849058e747455330bf625c1d	java	false	family.entire-source-closure	REVIEW_REQUIRED
synexia-indexstring/src/main/java/com/synexia/indexstring/mmap/MappedMIndexAstView.java	645474c6b3506bd7ed5e176b2c4c60e90334cde0	java	false	family.entire-source-closure	REVIEW_REQUIRED
synexia-indexstring/src/main/java/com/synexia/indexstring/mmap/MappedMIndexDagView.java	972e45a0d03d58716d80370bcd12b6ea67a46afa	java	false	family.entire-source-closure	REVIEW_REQUIRED
synexia-indexstring/src/main/java/com/synexia/indexstring/mmap/MmapFileSupport.java	7fc61e24e01e3b62c6e78f0b722fad6082a38f87	java	false	family.entire-source-closure	REVIEW_REQUIRED
synexia-indexstring/src/main/java/com/synexia/indexstring/mmap/package-info.java	bcf1315b46db64464289e952befb96ec0c705a94	java	false	family.entire-source-closure	REVIEW_REQUIRED
synexia-indexstring/src/main/java/com/synexia/indexstring/nativebridge/HyperscanPrefilterNative.java	de003a37b09e8961810b0c83f709385db557ba1f	java	false	family.entire-source-closure	REVIEW_REQUIRED
synexia-indexstring/src/main/java/com/synexia/indexstring/nativebridge/IndexSearchNativeBridge.java	8dc9009a01a1ea6bf4959a2508dbb664c63336a2	java	false	family.entire-source-closure	REVIEW_REQUIRED
synexia-indexstring/src/main/java/com/synexia/indexstring/nativebridge/IndexStringGpuNative.java	7929d3f0d426b6766a10e1fef472ed912b9962f5	java	false	family.entire-source-closure	REVIEW_REQUIRED
synexia-indexstring/src/main/java/com/synexia/indexstring/nativebridge/IndexStringGpuTrigramNative.java	450282bb0fbe733bca2cae6ad5d93f449e4f3526	java	false	family.entire-source-closure	REVIEW_REQUIRED
synexia-indexstring/src/main/java/com/synexia/indexstring/nativebridge/IndexStringNative.java	2e1550186849f6abc0b7cbf4dfcb416d918382b9	java	false	family.entire-source-closure	REVIEW_REQUIRED
synexia-indexstring/src/main/java/com/synexia/indexstring/nativebridge/LexiconFactsNative.java	dbec3ad0395e99121c6a1fa01371d14470ec6c7c	java	false	family.entire-source-closure	REVIEW_REQUIRED
synexia-indexstring/src/main/java/com/synexia/indexstring/nativebridge/MIndexBlake3Native.java	9921636355f57b28112551f9fe7e5e446cbf3bc3	java	true	family.entire-source-closure	REVIEW_REQUIRED
synexia-indexstring/src/main/java/com/synexia/indexstring/nativebridge/MIndexDirectArrayNative.java	b5939d50be0921f415add8ff4bcfc140862a8a4b	java	true	family.entire-source-closure	REVIEW_REQUIRED
synexia-indexstring/src/main/java/com/synexia/indexstring/nativebridge/MIndexNativeArrayFlatten.java	597e5ddb308e1229f6f5dc57c7823245cb8fc540	java	true	family.entire-source-closure	REVIEW_REQUIRED
synexia-indexstring/src/main/java/com/synexia/indexstring/nativebridge/MIndexNativeIntern.java	b9e4f69b0eb836e1875dd646bfdeeed9ac9ca451	java	true	family.entire-source-closure	REVIEW_REQUIRED
synexia-indexstring/src/main/java/com/synexia/indexstring/nativebridge/MIndexNativeRegex.java	2e3985b517880d0eed56ef7c67209ec1e827aaf4	java	true	family.entire-source-closure	REVIEW_REQUIRED
synexia-indexstring/src/main/java/com/synexia/indexstring/nativebridge/MIndexNativeRegexAtoms.java	4d5e44bd08968b6c16507cfd9461d67da124642a	java	true	family.entire-source-closure	REVIEW_REQUIRED
synexia-indexstring/src/main/java/com/synexia/indexstring/nativebridge/MIndexNativeRegexCandidates.java	d522eed61b507a800388747f22c05dd2d00414ee	java	true	family.entire-source-closure	REVIEW_REQUIRED
synexia-indexstring/src/main/java/com/synexia/indexstring/nativebridge/MIndexNativeRegexInput.java	f1bcdd421ee276bf63b2aca0911ef5ccb55f7537	java	true	family.entire-source-closure	REVIEW_REQUIRED
synexia-indexstring/src/main/java/com/synexia/indexstring/nativebridge/MIndexNativeTrigramIndex.java	50417f9d64f09324fc3ab4b03dbb3e0574119a08	java	true	family.entire-source-closure	REVIEW_REQUIRED
synexia-indexstring/src/main/java/com/synexia/indexstring/nativebridge/MIndexPageKernels.java	bbab198d4a73810c31f5028eea722343f056413e	java	true	family.entire-source-closure	REVIEW_REQUIRED
synexia-indexstring/src/main/java/com/synexia/indexstring/nativebridge/MIndexPageRuntime.java	38fc695f3d07e2e8c6cff0da34ed3eec3f005db1	java	true	family.entire-source-closure	REVIEW_REQUIRED
synexia-indexstring/src/main/java/com/synexia/indexstring/nativebridge/MIndexSha256Native.java	05152b5c59fc489508a0ede6e387d350332b674c	java	true	family.entire-source-closure	REVIEW_REQUIRED
synexia-indexstring/src/main/java/com/synexia/indexstring/nativebridge/MIndexUtf16Shadow.java	15fdfe9b9848e545f3f9d1b641e271497f268f3d	java	true	family.entire-source-closure	REVIEW_REQUIRED
synexia-indexstring/src/main/java/com/synexia/indexstring/nativebridge/MIndexUtf8Shadow.java	af272bdcee2ad9894005b86c439d72ad80643711	java	true	family.entire-source-closure	REVIEW_REQUIRED
synexia-indexstring/src/main/java/com/synexia/indexstring/nativebridge/MIndexVectorScan.java	f6b29293e4fd7eb75db50e11959a1471f2b6d14f	java	true	family.entire-source-closure	REVIEW_REQUIRED
synexia-indexstring/src/main/java/com/synexia/indexstring/nativebridge/NativeMemoryPressure.java	aeb9f998fb0d4165312edb1cd5b5b1d39381583f	java	false	family.entire-source-closure	REVIEW_REQUIRED
synexia-indexstring/src/main/java/com/synexia/indexstring/nativebridge/package-info.java	68e1545e30d05c38c72de34511d0b7283a552d4d	java	false	family.entire-source-closure	REVIEW_REQUIRED
synexia-indexstring/src/main/java/com/synexia/indexstring/openrewrite/MIndexSourceJ.java	84f8dd16b6b1717abcb94a23d3fc660159599554	java	true	family.entire-source-closure	REVIEW_REQUIRED
synexia-indexstring/src/main/java/com/synexia/indexstring/openrewrite/package-info.java	b6d79a597b4dee9f40193d49a8c8936bfffd0519	java	false	family.entire-source-closure	REVIEW_REQUIRED
synexia-indexstring/src/main/java/com/synexia/indexstring/package-info.java	c5c964da9025694f2c7be90e309ac893798447b5	java	false	family.entire-source-closure	REVIEW_REQUIRED
synexia-indexstring/src/main/java/com/synexia/indexstring/precompute/CompiledLexicons.java	6a6f6c442a70d68f4fb3b79da3bf2119ee058e6d	java	false	family.entire-source-closure	REVIEW_REQUIRED
synexia-indexstring/src/main/java/com/synexia/indexstring/precompute/Dimension.java	9882c77960324988bf1a25f096e47e2464167c6e	java	false	family.entire-source-closure	REVIEW_REQUIRED
synexia-indexstring/src/main/java/com/synexia/indexstring/precompute/IndexedStatementAnalyzer.java	c85fd5cdafeee760d08a27e7ba249dcbfbe08ac9	java	false	family.entire-source-closure	REVIEW_REQUIRED
synexia-indexstring/src/main/java/com/synexia/indexstring/precompute/LexiconEntry.java	9143eaa250a3c9e90fada47e6e537f6fd2710928	java	false	family.entire-source-closure	REVIEW_REQUIRED
synexia-indexstring/src/main/java/com/synexia/indexstring/precompute/LexiconImports.java	6a2e70c3e532a696a061b2aef2dd361e86f11a1c	java	false	family.entire-source-closure	REVIEW_REQUIRED
synexia-indexstring/src/main/java/com/synexia/indexstring/precompute/MIndexAcceptanceIndex.java	a3e3f721b1bccd036f8903691b2f2c8c89fca93a	java	true	family.entire-source-closure	REVIEW_REQUIRED
synexia-indexstring/src/main/java/com/synexia/indexstring/precompute/MIndexApiPrecomputeView.java	744bca405912889fd99b297f00bd4c101608a1e3	java	true	family.entire-source-closure	REVIEW_REQUIRED
synexia-indexstring/src/main/java/com/synexia/indexstring/precompute/MIndexAtomProgram.java	9347970f6310731fcccd53ea8143ce39c0660bd7	java	true	family.entire-source-closure	REVIEW_REQUIRED
synexia-indexstring/src/main/java/com/synexia/indexstring/precompute/MIndexAtomTransferIndex.java	d9cbd5bb0960af4bf11f556963b5dd7d37e74d48	java	true	family.entire-source-closure	REVIEW_REQUIRED
synexia-indexstring/src/main/java/com/synexia/indexstring/precompute/MIndexAtomTransferReader.java	c9a057e4dbcc481f457ba26d0a2d75c83c2fe656	java	true	family.entire-source-closure	REVIEW_REQUIRED
synexia-indexstring/src/main/java/com/synexia/indexstring/precompute/MIndexBeliefRevisionJournal.java	20d6fff40e476a3ed163a131fd97815e888f28fa	java	true	family.entire-source-closure	REVIEW_REQUIRED
synexia-indexstring/src/main/java/com/synexia/indexstring/precompute/MIndexBeliefRevisionPlan.java	54d7eaaba20291b7eeb220b95ab4a5cc4f179bdd	java	true	family.entire-source-closure	REVIEW_REQUIRED
synexia-indexstring/src/main/java/com/synexia/indexstring/precompute/MIndexBeliefRevisionPostulates.java	bb3f28c01e3f02ef9a3614c4f83ff1f9ab2c616b	java	true	family.entire-source-closure	REVIEW_REQUIRED
synexia-indexstring/src/main/java/com/synexia/indexstring/precompute/MIndexBeliefSnapshot.java	bcb8dad4712ec342065b025e2328d5d0fcb4b9da	java	true	family.entire-source-closure	REVIEW_REQUIRED
synexia-indexstring/src/main/java/com/synexia/indexstring/precompute/MIndexCausalModel.java	e15dee1aef25d01e9fd49d7767ea3ce446c8cb7e	java	true	family.entire-source-closure	REVIEW_REQUIRED
synexia-indexstring/src/main/java/com/synexia/indexstring/precompute/MIndexCausalReachabilityIndex.java	be37786264e0535ea398bf1ebef0062a39f89ed7	java	true	family.entire-source-closure	REVIEW_REQUIRED
synexia-indexstring/src/main/java/com/synexia/indexstring/precompute/MIndexConditionalDependencyIndex.java	58385f5e5df6f81f812118232f487dc853bb979c	java	true	family.entire-source-closure	REVIEW_REQUIRED
synexia-indexstring/src/main/java/com/synexia/indexstring/precompute/MIndexConditionalTable.java	05cddc73a6126c62915e330d8a28f29e4cb05a2c	java	true	family.entire-source-closure	REVIEW_REQUIRED
synexia-indexstring/src/main/java/com/synexia/indexstring/precompute/MIndexContradictionKernelIndex.java	921e6faa48b67c869f0f9621e971d0ccd4e53dea	java	true	family.entire-source-closure	REVIEW_REQUIRED
synexia-indexstring/src/main/java/com/synexia/indexstring/precompute/MIndexCyclicArgumentFinding.java	6f0a863e58515f2fb2fd75b11982a0d653299ec8	java	true	family.entire-source-closure	REVIEW_REQUIRED
synexia-indexstring/src/main/java/com/synexia/indexstring/precompute/MIndexCyclicArgumentMetrics.java	9c99bcef9d4361cc27db6fb2a3b5ff229f4bdd84	java	true	family.entire-source-closure	REVIEW_REQUIRED
synexia-indexstring/src/main/java/com/synexia/indexstring/precompute/MIndexCyclicArgumentationAnalyzer.java	3bc6c89de3771515b479e26561c0f7bc6ede112c	java	true	family.entire-source-closure	REVIEW_REQUIRED
synexia-indexstring/src/main/java/com/synexia/indexstring/precompute/MIndexCyclicArgumentationLabelling.java	76f66e85d33d979eccb0d0672bfacd3ae2fbc161	java	true	family.entire-source-closure	REVIEW_REQUIRED
synexia-indexstring/src/main/java/com/synexia/indexstring/precompute/MIndexCyclicArgumentationTable.java	ac016fb9a63d702f04b22d96a27cd16836ab4e40	java	true	family.entire-source-closure	REVIEW_REQUIRED
synexia-indexstring/src/main/java/com/synexia/indexstring/precompute/MIndexDagBatchResult.java	a6fc15072d9ee1520a8958e42ca0e999ba295814	java	true	family.entire-source-closure	REVIEW_REQUIRED
synexia-indexstring/src/main/java/com/synexia/indexstring/precompute/MIndexDagBatchWire.java	5f1b29c5c0f3982025eaa35f4de54d288c506d84	java	true	family.entire-source-closure	REVIEW_REQUIRED
synexia-indexstring/src/main/java/com/synexia/indexstring/precompute/MIndexDagPatternIndex.java	162959cfeddd6ed683a5c0f116cde320fa47ff9a	java	true	family.entire-source-closure	REVIEW_REQUIRED
synexia-indexstring/src/main/java/com/synexia/indexstring/precompute/MIndexDagPatternPages.java	8564b719c58dd82e50a13351c558556f5bd15130	java	true	family.entire-source-closure	REVIEW_REQUIRED
synexia-indexstring/src/main/java/com/synexia/indexstring/precompute/MIndexDagQueryBatch.java	b4f9082a3cd382b482893afbf40da0bcb9f3ea4d	java	true	family.entire-source-closure	REVIEW_REQUIRED
synexia-indexstring/src/main/java/com/synexia/indexstring/precompute/MIndexDependencyIndex.java	727afd58e20cf52f31a231913dee7dfdc7fccb1e	java	true	family.entire-source-closure	REVIEW_REQUIRED
synexia-indexstring/src/main/java/com/synexia/indexstring/precompute/MIndexDirectedGraphPageIndex.java	ff55e31d507f73f400fa922b39f838794a56607b	java	true	family.entire-source-closure	REVIEW_REQUIRED
synexia-indexstring/src/main/java/com/synexia/indexstring/precompute/MIndexExplanationSequenceIndex.java	fa42ed0b38885451699872fc6acf21bf9b6ceda7	java	true	family.entire-source-closure	REVIEW_REQUIRED
synexia-indexstring/src/main/java/com/synexia/indexstring/precompute/MIndexFormulaProbabilityIndex.java	cee2d1cf271b1205a8c88248f476986c57498710	java	true	family.entire-source-closure	REVIEW_REQUIRED
synexia-indexstring/src/main/java/com/synexia/indexstring/precompute/MIndexFormulaTable.java	62240489b93be294a769df31c4c9155105e50e76	java	true	family.entire-source-closure	REVIEW_REQUIRED
synexia-indexstring/src/main/java/com/synexia/indexstring/precompute/MIndexFormulaTruthIndex.java	48f484d1bf29b776520cbfcee135d0fedc856899	java	true	family.entire-source-closure	REVIEW_REQUIRED
synexia-indexstring/src/main/java/com/synexia/indexstring/precompute/MIndexInconsistencyProfile.java	a9c6e36604394670d9d37861f19a4a1927f0f0bf	java	true	family.entire-source-closure	REVIEW_REQUIRED
synexia-indexstring/src/main/java/com/synexia/indexstring/precompute/MIndexInteractionEngine.java	062767c76eccd2256e4571fb7415df48023b0d39	java	true	family.entire-source-closure	REVIEW_REQUIRED
synexia-indexstring/src/main/java/com/synexia/indexstring/precompute/MIndexInterpretationQueryIndex.java	df0512a3e2c3ef20ee8c725f5718c8da6b03467a	java	true	family.entire-source-closure	REVIEW_REQUIRED
synexia-indexstring/src/main/java/com/synexia/indexstring/precompute/MIndexInterpretationTable.java	818da2dacd5c9a33a38c91dc5e68a851310f80b9	java	true	family.entire-source-closure	REVIEW_REQUIRED
synexia-indexstring/src/main/java/com/synexia/indexstring/precompute/MIndexKnowledgeImage.java	cbc55c207736b8bc5595a3ecd7188f6ade9a8d99	java	true	family.entire-source-closure	REVIEW_REQUIRED
synexia-indexstring/src/main/java/com/synexia/indexstring/precompute/MIndexKnowledgeSnapshot.java	28eafa5c9586cf114ad74f5efdde629b1571fe1e	java	true	family.entire-source-closure	REVIEW_REQUIRED
synexia-indexstring/src/main/java/com/synexia/indexstring/precompute/MIndexLanguageCorpusManifest.java	36dae1efb2845d8dc902f2f7a6bf7da1abc0e35b	java	true	family.entire-source-closure	REVIEW_REQUIRED
synexia-indexstring/src/main/java/com/synexia/indexstring/precompute/MIndexLanguageTranslationBundleManifest.java	f45a30f59c71a14016ce7eb3fd7a34c1b8284b03	java	true	family.entire-source-closure	REVIEW_REQUIRED
synexia-indexstring/src/main/java/com/synexia/indexstring/precompute/MIndexLazyTreeSession.java	9c81f6b3dd80e3589ffd9fb423e0d3acd0fd6c95	java	true	family.entire-source-closure	REVIEW_REQUIRED
synexia-indexstring/src/main/java/com/synexia/indexstring/precompute/MIndexLogicEquivalenceIndex.java	aaebb5543308f8f64727609bfff06eac6a3d90e4	java	true	family.entire-source-closure	REVIEW_REQUIRED
synexia-indexstring/src/main/java/com/synexia/indexstring/precompute/MIndexLogicSignatures.java	779152caa5ca1b6a39fc7ca42907fa020b31e012	java	true	family.entire-source-closure	REVIEW_REQUIRED
synexia-indexstring/src/main/java/com/synexia/indexstring/precompute/MIndexModelReasoner.java	302ec8b9a7d85e4003b965f72882b0e188d2085a	java	true	family.entire-source-closure	REVIEW_REQUIRED
synexia-indexstring/src/main/java/com/synexia/indexstring/precompute/MIndexPageCursorPager.java	6725b798cbafd58fee3d7d84eb46d097a4e57c93	java	true	family.entire-source-closure	REVIEW_REQUIRED
synexia-indexstring/src/main/java/com/synexia/indexstring/precompute/MIndexPageableTree.java	41e2c9c119d9da5d1eccf2e920cf794992c8ca29	java	true	family.entire-source-closure	REVIEW_REQUIRED
synexia-indexstring/src/main/java/com/synexia/indexstring/precompute/MIndexPageableTreeLcaRmqImage.java	d62454d12e86274a6805a84f13f7ce425a156b10	java	true	family.entire-source-closure	REVIEW_REQUIRED
synexia-indexstring/src/main/java/com/synexia/indexstring/precompute/MIndexPageableTreeLcaRmqIndex.java	9dc6ffa4f061a1f3a59c5b6548df92a970d37af7	java	true	family.entire-source-closure	REVIEW_REQUIRED
synexia-indexstring/src/main/java/com/synexia/indexstring/precompute/MIndexPageableTreeQueryImage.java	11aee415a728b8e6c1cf3904e6ddd017c7fb3f16	java	true	family.entire-source-closure	REVIEW_REQUIRED
synexia-indexstring/src/main/java/com/synexia/indexstring/precompute/MIndexPageableTreeQueryIndex.java	c803bfb103d363bd574a396065568b8913efca6b	java	true	family.entire-source-closure	REVIEW_REQUIRED
synexia-indexstring/src/main/java/com/synexia/indexstring/precompute/MIndexPageableTreeSource.java	5fa2b98cae817d0a995211dc2d329996256ce0c9	java	true	family.entire-source-closure	REVIEW_REQUIRED
synexia-indexstring/src/main/java/com/synexia/indexstring/precompute/MIndexPrecomputeArtifact.java	2951a0e0d8254d57fc4cede3e568f2e8282244c1	java	true	family.entire-source-closure	REVIEW_REQUIRED
synexia-indexstring/src/main/java/com/synexia/indexstring/precompute/MIndexPrecomputeCache.java	a330106df04e05031df23611c65570ea3c4380e8	java	true	family.entire-source-closure	REVIEW_REQUIRED
synexia-indexstring/src/main/java/com/synexia/indexstring/precompute/MIndexPrecomputeCatalog.java	db7af7a5222f377d4f945e8d852140f48640f259	java	true	family.entire-source-closure	REVIEW_REQUIRED
synexia-indexstring/src/main/java/com/synexia/indexstring/precompute/MIndexPrecomputeContext.java	8945a79b5d6f3e3b19c7fffe550092b99423f1cf	java	true	family.entire-source-closure	REVIEW_REQUIRED
synexia-indexstring/src/main/java/com/synexia/indexstring/precompute/MIndexPrecomputeEngine.java	6ded93f748f71337527dfaf6361629cef968211b	java	true	family.entire-source-closure	REVIEW_REQUIRED
synexia-indexstring/src/main/java/com/synexia/indexstring/precompute/MIndexPrecomputeGrowth.java	208888c8b32d38998e85898c0316ecd3f2d48498	java	true	family.entire-source-closure	REVIEW_REQUIRED
synexia-indexstring/src/main/java/com/synexia/indexstring/precompute/MIndexPrecomputeKey.java	52ffe7b8895e4db3dffdde2d3fb7deeeecb779fb	java	true	family.entire-source-closure	REVIEW_REQUIRED
synexia-indexstring/src/main/java/com/synexia/indexstring/precompute/MIndexPrecomputeLimits.java	663ff20f394e4fb190341bb4e66b37df16369af4	java	true	family.entire-source-closure	REVIEW_REQUIRED
synexia-indexstring/src/main/java/com/synexia/indexstring/precompute/MIndexPrecomputePass.java	4c8176e37704f7d28faf24f043c6e5273e9635ec	java	true	family.entire-source-closure	REVIEW_REQUIRED
synexia-indexstring/src/main/java/com/synexia/indexstring/precompute/MIndexPrecomputePasses.java	8dfe2ab9cc99da76a4f3eb5b5d41b6b0b2c7189f	java	true	family.entire-source-closure	REVIEW_REQUIRED
synexia-indexstring/src/main/java/com/synexia/indexstring/precompute/MIndexPrecomputePlan.java	2d88332229d04df383e21db1f907b2a8f95d9beb	java	true	family.entire-source-closure	REVIEW_REQUIRED
synexia-indexstring/src/main/java/com/synexia/indexstring/precompute/MIndexPrecomputeScope.java	712e219585561967dc3152e1323368c2d87dffb8	java	true	family.entire-source-closure	REVIEW_REQUIRED
synexia-indexstring/src/main/java/com/synexia/indexstring/precompute/MIndexPrecomputeSession.java	0a1e0352630eb9d837ab8d82441c2a43cd3af009	java	true	family.entire-source-closure	REVIEW_REQUIRED
synexia-indexstring/src/main/java/com/synexia/indexstring/precompute/MIndexPreferenceAggregation.java	d5c2631736ea99a73c0efbd89f7c32cd13b5301f	java	true	family.entire-source-closure	REVIEW_REQUIRED
synexia-indexstring/src/main/java/com/synexia/indexstring/precompute/MIndexProbabilisticCalibrationProfile.java	af19f50a25454c669678ab94934cc654d0aa3539	java	true	family.entire-source-closure	REVIEW_REQUIRED
synexia-indexstring/src/main/java/com/synexia/indexstring/precompute/MIndexProbabilisticConditionalModelIndex.java	b6b34c7f2f8a197d71ff072cd9f51c365afcdcf8	java	true	family.entire-source-closure	REVIEW_REQUIRED
synexia-indexstring/src/main/java/com/synexia/indexstring/precompute/MIndexProbabilisticConditionalTable.java	e568b899465035fc0f6111a319d9cbbffe95f5f2	java	true	family.entire-source-closure	REVIEW_REQUIRED
synexia-indexstring/src/main/java/com/synexia/indexstring/precompute/MIndexProbabilisticQueryIndex.java	bb00fbfb18f46b7b159ac0add1abc4ad1f04956f	java	true	family.entire-source-closure	REVIEW_REQUIRED
synexia-indexstring/src/main/java/com/synexia/indexstring/precompute/MIndexProbabilisticReasoningBundle.java	3738e6acad0c2dad89bac392beca15e8d2330b60	java	true	family.entire-source-closure	REVIEW_REQUIRED
synexia-indexstring/src/main/java/com/synexia/indexstring/precompute/MIndexProbabilityConditioning.java	e1ae4410b1c761012ad06af2d4f45d84fd233a4d	java	true	family.entire-source-closure	REVIEW_REQUIRED
synexia-indexstring/src/main/java/com/synexia/indexstring/precompute/MIndexProbabilityVector.java	8945f473685e06729f62825b85b8a1b347d302ff	java	true	family.entire-source-closure	REVIEW_REQUIRED
synexia-indexstring/src/main/java/com/synexia/indexstring/precompute/MIndexRankingTable.java	6dbb3af15f9078d993a3f6002e0a491ea4b2e4c0	java	true	family.entire-source-closure	REVIEW_REQUIRED
synexia-indexstring/src/main/java/com/synexia/indexstring/precompute/MIndexReasoningAcceleration.java	5cc3d5f92aca0473861130205cdbbf326dd9d089	java	true	family.entire-source-closure	REVIEW_REQUIRED
synexia-indexstring/src/main/java/com/synexia/indexstring/precompute/MIndexReasoningPrecomputeBundle.java	dc0bc282e4db96ac52d5bdabfa9d213789ce5c7c	java	true	family.entire-source-closure	REVIEW_REQUIRED
synexia-indexstring/src/main/java/com/synexia/indexstring/precompute/MIndexReasoningQueryIndex.java	2652b98922b5429fadbffdd3b3a835ad7e607866	java	true	family.entire-source-closure	REVIEW_REQUIRED
synexia-indexstring/src/main/java/com/synexia/indexstring/precompute/MIndexSemanticGraphPrecompute.java	7b8e10e41772dce73dc751c89d473045ac1b227f	java	true	family.entire-source-closure	REVIEW_REQUIRED
synexia-indexstring/src/main/java/com/synexia/indexstring/precompute/MIndexSemanticPrecomputeBundle.java	826672307ad8d4587ad799bfe21fc22b0de4faa7	java	true	family.entire-source-closure	REVIEW_REQUIRED
synexia-indexstring/src/main/java/com/synexia/indexstring/precompute/MIndexSignatureIndex.java	976e31fe74ae41b052b1f53b3f879c3370240e21	java	true	family.entire-source-closure	REVIEW_REQUIRED
synexia-indexstring/src/main/java/com/synexia/indexstring/precompute/MIndexTokenPattern.java	71bc0a094fe5471fc6323a190ae873ccda285eab	java	true	family.entire-source-closure	REVIEW_REQUIRED
synexia-indexstring/src/main/java/com/synexia/indexstring/precompute/MIndexTokenPostings.java	2031846843e87956e61da25bffef91746218f15e	java	true	family.entire-source-closure	REVIEW_REQUIRED
synexia-indexstring/src/main/java/com/synexia/indexstring/precompute/MIndexTokenRangeAnalytics.java	2d5af392458a9d8566a585c81e71fb10a8268d1e	java	true	family.entire-source-closure	REVIEW_REQUIRED
synexia-indexstring/src/main/java/com/synexia/indexstring/precompute/MIndexTokenRangeIndex.java	06d056cb8e6b2b052c13c0344ac4bdb955b31e1c	java	true	family.entire-source-closure	REVIEW_REQUIRED
synexia-indexstring/src/main/java/com/synexia/indexstring/precompute/MIndexTreeDonorCatalog.java	04d9473893d1de015b67938676811820b22ad814	java	true	family.entire-source-closure	REVIEW_REQUIRED
synexia-indexstring/src/main/java/com/synexia/indexstring/precompute/MIndexTreePageSource.java	01eafbdcea47b0e9328bcbd62cce4012dc812676	java	true	family.entire-source-closure	REVIEW_REQUIRED
synexia-indexstring/src/main/java/com/synexia/indexstring/precompute/MIndexTreePrecomputePasses.java	516a89e1cc8a3c10a477721f262f9e81f5e76178	java	true	family.entire-source-closure	REVIEW_REQUIRED
synexia-indexstring/src/main/java/com/synexia/indexstring/precompute/MIndexTreeVisibilityIndex.java	f40e5b60ebba4e8eae01c9af977172e26e71e783	java	true	family.entire-source-closure	REVIEW_REQUIRED
synexia-indexstring/src/main/java/com/synexia/indexstring/precompute/MIndexTweetyDonorCatalog.java	c33add81fe7b3ccf3e290b0356444d2645e97091	java	true	family.entire-source-closure	REVIEW_REQUIRED
synexia-indexstring/src/main/java/com/synexia/indexstring/precompute/MIndexTweetyGraphQueryIndex.java	a455b639a0a32b72d5d2630eb2dfd6c13cc3e4d5	java	true	family.entire-source-closure	REVIEW_REQUIRED
synexia-indexstring/src/main/java/com/synexia/indexstring/precompute/MappedMIndexKnowledgeImage.java	b73b2968e692dfb65f9ee2c2f82cc9e997802b05	java	false	family.entire-source-closure	REVIEW_REQUIRED
synexia-indexstring/src/main/java/com/synexia/indexstring/precompute/NumericProjection.java	bf2f38501affe67d80ae909514621c3d97c75fb2	java	false	family.entire-source-closure	REVIEW_REQUIRED
synexia-indexstring/src/main/java/com/synexia/indexstring/precompute/PrecomputedAcronymTable.java	5ed7872769e72be8bae6c3dc68425ff36bd8519a	java	false	family.entire-source-closure	REVIEW_REQUIRED
synexia-indexstring/src/main/java/com/synexia/indexstring/precompute/PrecomputedEvidenceModel.java	27dd637ded12cd7994ea2304ca884812a3c707db	java	false	family.entire-source-closure	REVIEW_REQUIRED
synexia-indexstring/src/main/java/com/synexia/indexstring/precompute/PrecomputedLogicModel.java	ab76c291c1b52968e7a54542e3ed29cae83d0fbf	java	false	family.entire-source-closure	REVIEW_REQUIRED
synexia-indexstring/src/main/java/com/synexia/indexstring/precompute/PrecomputedNumberTable.java	5388a65cea72084be4e6821d326221f20a0f3505	java	false	family.entire-source-closure	REVIEW_REQUIRED
synexia-indexstring/src/main/java/com/synexia/indexstring/precompute/PrecomputedStatementModel.java	22b3e24a62a37853e08ab98b0f7ce6abaeb168a7	java	false	family.entire-source-closure	REVIEW_REQUIRED
synexia-indexstring/src/main/java/com/synexia/indexstring/precompute/PrecomputedUnicodeTable.java	4efd4cada92381f9a50c7958e57be6a096ace09a	java	false	family.entire-source-closure	REVIEW_REQUIRED
synexia-indexstring/src/main/java/com/synexia/indexstring/precompute/PrecomputedUnitTable.java	efb403a41f2bb34c22bf21f11bf214b7a66c1e78	java	false	family.entire-source-closure	REVIEW_REQUIRED
synexia-indexstring/src/main/java/com/synexia/indexstring/precompute/ProjectionDigest.java	51a5bcf07d28c322192d921676d5bfe2fcae5435	java	false	family.entire-source-closure	REVIEW_REQUIRED
synexia-indexstring/src/main/java/com/synexia/indexstring/precompute/Rational.java	347a161a95acfdbf5f6f8905d52b3e3546b58760	java	false	family.entire-source-closure	REVIEW_REQUIRED
synexia-indexstring/src/main/java/com/synexia/indexstring/precompute/SiCatalog.java	cca872abbc4e4a95b4afe43d3689a12dcba0ef7b	java	false	family.entire-source-closure	REVIEW_REQUIRED
synexia-indexstring/src/main/java/com/synexia/indexstring/precompute/SiUnitCatalog.java	51ec04207a3ce43e180f1b8a9c7c8f666482dfa0	java	false	family.entire-source-closure	REVIEW_REQUIRED
synexia-indexstring/src/main/java/com/synexia/indexstring/precompute/SourceReceipt.java	664ad2a8a24a77e27ffe3714247c805556919810	java	false	family.entire-source-closure	REVIEW_REQUIRED
synexia-indexstring/src/main/java/com/synexia/indexstring/precompute/StatementRelationTable.java	dce353fddbe952b05296d9b8fd7e714e39b8371f	java	false	family.entire-source-closure	REVIEW_REQUIRED
synexia-indexstring/src/main/java/com/synexia/indexstring/precompute/Trial.java	1b0d82e3a19f9b249277368f4cd778b9e2c597fd	java	false	family.entire-source-closure	REVIEW_REQUIRED
synexia-indexstring/src/main/java/com/synexia/indexstring/precompute/UnicodeCodePointCatalog.java	f069940471a3f9a4771be0247ae08c51793f3359	java	false	family.entire-source-closure	REVIEW_REQUIRED
synexia-indexstring/src/main/java/com/synexia/indexstring/precompute/UnicodeDataImport.java	c4d2253c4a98272e289956b1fb6009241de6484e	java	false	family.entire-source-closure	REVIEW_REQUIRED
synexia-indexstring/src/main/java/com/synexia/indexstring/precompute/UnicodePropertyTsv.java	37d6cbcebe4bd2b2fb409ba3a2027d99d095b4c9	java	false	family.entire-source-closure	REVIEW_REQUIRED
synexia-indexstring/src/main/java/com/synexia/indexstring/precompute/UnitCatalogTsv.java	a265d3900e261705c09a2be6346680e352da17e6	java	false	family.entire-source-closure	REVIEW_REQUIRED
synexia-indexstring/src/main/java/com/synexia/indexstring/precompute/UnitDefinition.java	1ba98a9f87439cb9c507ab11d850db36ea69e1ab	java	false	family.entire-source-closure	REVIEW_REQUIRED
synexia-indexstring/src/main/java/com/synexia/indexstring/processor/MatIndexedProcessor.java	77a6bb7a272b7d3f70efcc110ccc55dacd318736	java	true	family.entire-source-closure	REVIEW_REQUIRED
synexia-indexstring/src/main/java/com/synexia/indexstring/processor/MatProjectionProcessor.java	a9bdb7c22bacaf259e6c73c146bc9ab6a7897143	java	false	family.entire-source-closure	REVIEW_REQUIRED
synexia-indexstring/src/main/java/com/synexia/indexstring/projection/ApacheCommonsPhoneticEncoder.java	216ba441d3bb3439f8fff4ec95e11ee7182d5ba2	java	false	family.entire-source-closure	REVIEW_REQUIRED
synexia-indexstring/src/main/java/com/synexia/indexstring/projection/JavaStringHash.java	1bfc89b2a259c23459455027e60901fd76b280d1	java	false	family.entire-source-closure	REVIEW_REQUIRED
synexia-indexstring/src/main/java/com/synexia/indexstring/projection/MIndexDerivativeRegex.java	292675e404c5a087e0039e20bf2b63f22bb97bfe	java	true	family.entire-source-closure	REVIEW_REQUIRED
synexia-indexstring/src/main/java/com/synexia/indexstring/projection/MIndexDerivativeRegexNative.java	2379aa35578b2d73aae83456e7fc50c9ce02ac83	java	true	family.entire-source-closure	REVIEW_REQUIRED
synexia-indexstring/src/main/java/com/synexia/indexstring/projection/MIndexPhoneticEncoder.java	803d11c6412aedba5af505097c92ac44559d74f5	java	true	family.entire-source-closure	REVIEW_REQUIRED
synexia-indexstring/src/main/java/com/synexia/indexstring/projection/MIndexPostingProbe.java	6925c4165a2286d47dc1f2ba4bb56c224506e876	java	true	family.entire-source-closure	REVIEW_REQUIRED
synexia-indexstring/src/main/java/com/synexia/indexstring/projection/MIndexPredicateAlphabet.java	a7f23f452cd6261d341cc0a3531f0cde6451b65b	java	true	family.entire-source-closure	REVIEW_REQUIRED
synexia-indexstring/src/main/java/com/synexia/indexstring/projection/MIndexSignalDictionary.java	9514660f1a56685a95049638644f6a3ea63eb160	java	true	family.entire-source-closure	REVIEW_REQUIRED
synexia-indexstring/src/main/java/com/synexia/indexstring/projection/MIndexSignalIndex.java	6491a03ffe2bc9d135a918aaf915d43ff37407f1	java	true	family.entire-source-closure	REVIEW_REQUIRED
synexia-indexstring/src/main/java/com/synexia/indexstring/projection/MIndexTaggedRegex.java	811b429f381917d33ed1a0960fde9f9ef1aa1b94	java	true	family.entire-source-closure	REVIEW_REQUIRED
synexia-indexstring/src/main/java/com/synexia/indexstring/projection/MIndexTaggedRegexRanges.java	6fbf8787a78a24a813e1dae8bbe3c3d172af2ad7	java	true	family.entire-source-closure	REVIEW_REQUIRED
synexia-indexstring/src/main/java/com/synexia/indexstring/projection/MIndexTaggedRegexSource.java	d9aa9de469a40a666f0acdd63cf4b20ec753a27f	java	true	family.entire-source-closure	REVIEW_REQUIRED
synexia-indexstring/src/main/java/com/synexia/indexstring/projection/MIndexWordKnowledgeSignalSource.java	9d2454115fed4ef0a91435a51e57a02f0f5618c8	java	true	family.entire-source-closure	REVIEW_REQUIRED
synexia-indexstring/src/main/java/com/synexia/indexstring/projection/MIndexWordSearchCascade.java	584c3618e116d14e0e3298888e501848f3fb5a2a	java	true	family.entire-source-closure	REVIEW_REQUIRED
synexia-indexstring/src/main/java/com/synexia/indexstring/projection/MIndexWordSignalBundle.java	ffd5af0d056a53ad34c7cad5aa01f2500df78687	java	true	family.entire-source-closure	REVIEW_REQUIRED
synexia-indexstring/src/main/java/com/synexia/indexstring/projection/MIndexWordSignalCompiler.java	5ef21cf061892636c634f48591abb4a7cb134b6b	java	true	family.entire-source-closure	REVIEW_REQUIRED
synexia-indexstring/src/main/java/com/synexia/indexstring/projection/MIndexWordSignalPrecomputePass.java	2ad339c72e7ccc08c9244d1d9f436b2959cffd19	java	true	family.entire-source-closure	REVIEW_REQUIRED
synexia-indexstring/src/main/java/com/synexia/indexstring/projection/MIndexWordSignalSource.java	791da650cdcb51bb6bf1305741804468fdb98589	java	true	family.entire-source-closure	REVIEW_REQUIRED
synexia-indexstring/src/main/java/com/synexia/indexstring/projection/MatProjected.java	be335750af82d46e2bab99ed0bf64bff767e9f75	java	false	family.entire-source-closure	REVIEW_REQUIRED
synexia-indexstring/src/main/java/com/synexia/indexstring/projection/PreparedText.java	3dce71fdc9ecf231a4891d6bcb2fee80fcbafe11	java	false	family.entire-source-closure	REVIEW_REQUIRED
synexia-indexstring/src/main/java/com/synexia/indexstring/projection/ProjectionAdapter.java	bc7aaf96beb883252d60209e38209abc685cc2f0	java	false	family.entire-source-closure	REVIEW_REQUIRED
synexia-indexstring/src/main/java/com/synexia/indexstring/projection/ProjectionAdvice.java	1feb0f21bd7c41d5a30c6e984db650e634d203e7	java	false	family.entire-source-closure	REVIEW_REQUIRED
synexia-indexstring/src/main/java/com/synexia/indexstring/projection/ProjectionAdviceReceipt.java	0eb655ef26f23f831816f588200dd1a189219f07	java	false	family.entire-source-closure	REVIEW_REQUIRED
synexia-indexstring/src/main/java/com/synexia/indexstring/projection/ProjectionBatch.java	e03ab495c78d251f06061f9bfce952ad3b066372	java	false	family.entire-source-closure	REVIEW_REQUIRED
synexia-indexstring/src/main/java/com/synexia/indexstring/projection/ProjectionBitmapIndex.java	4734ab2d08b05782191b4702dd9f9464b2fb0c3d	java	false	family.entire-source-closure	REVIEW_REQUIRED
synexia-indexstring/src/main/java/com/synexia/indexstring/projection/ProjectionEditPattern.java	f4c522242789d0513e35b5557e0db08e98c61427	java	false	family.entire-source-closure	REVIEW_REQUIRED
synexia-indexstring/src/main/java/com/synexia/indexstring/projection/ProjectionEncoding.java	a76b9f0bba45894c8d38d1523bc447216de3e997	java	false	family.entire-source-closure	REVIEW_REQUIRED
synexia-indexstring/src/main/java/com/synexia/indexstring/projection/ProjectionField.java	f0a3627ed4c1ab3d2dfe6fd640c9922c335a0b72	java	false	family.entire-source-closure	REVIEW_REQUIRED
synexia-indexstring/src/main/java/com/synexia/indexstring/projection/ProjectionHashIndex.java	0ee80d5dd7c203500aa63023a75bcfcf3fcb8601	java	false	family.entire-source-closure	REVIEW_REQUIRED
synexia-indexstring/src/main/java/com/synexia/indexstring/projection/ProjectionImage.java	14b5b9eeb7b6db324f9d078174b02091e118cf4d	java	false	family.entire-source-closure	REVIEW_REQUIRED
synexia-indexstring/src/main/java/com/synexia/indexstring/projection/ProjectionIndex.java	18c2c82b28ebafd133b4df86120ce9b1ca5c183b	java	false	family.entire-source-closure	REVIEW_REQUIRED
synexia-indexstring/src/main/java/com/synexia/indexstring/projection/ProjectionJoin.java	94b10a49e996325a822f52d7daefed9206d6938c	java	false	family.entire-source-closure	REVIEW_REQUIRED
synexia-indexstring/src/main/java/com/synexia/indexstring/projection/ProjectionKind.java	f1046875480b7fad230a8f899d71f2664d13975e	java	false	family.entire-source-closure	REVIEW_REQUIRED
synexia-indexstring/src/main/java/com/synexia/indexstring/projection/ProjectionLimits.java	90b00cc64f744ac9d796c8281aa5ca4f590043db	java	false	family.entire-source-closure	REVIEW_REQUIRED
synexia-indexstring/src/main/java/com/synexia/indexstring/projection/ProjectionRankIndex.java	a943c3d6e68554d0912b8c4a387450217affdc7b	java	false	family.entire-source-closure	REVIEW_REQUIRED
synexia-indexstring/src/main/java/com/synexia/indexstring/projection/ProjectionRow.java	499117d21ccdc7631374f6c979f8d4c4a8e59f88	java	false	family.entire-source-closure	REVIEW_REQUIRED
synexia-indexstring/src/main/java/com/synexia/indexstring/projection/ProjectionSchema.java	ce9be70649ebc02cb3ffd2ca21730b91335b00eb	java	false	family.entire-source-closure	REVIEW_REQUIRED
synexia-indexstring/src/main/java/com/synexia/indexstring/projection/ProjectionScope.java	f8ef61bfed0bb8e354a20760880ee016f9aecba0	java	false	family.entire-source-closure	REVIEW_REQUIRED
synexia-indexstring/src/main/java/com/synexia/indexstring/projection/ProjectionSelection.java	0b9778687daf3e232230049e86fe6c80a659a110	java	false	family.entire-source-closure	REVIEW_REQUIRED
synexia-indexstring/src/main/java/com/synexia/indexstring/projection/ProjectionSimilarity.java	4e2d8457f21abcebd3784d28d9df54f3260edc90	java	false	family.entire-source-closure	REVIEW_REQUIRED
synexia-indexstring/src/main/java/com/synexia/indexstring/reasoning/MIndexAbaFramework.java	fa308bf5f7dc0f61b1757de1ee7f1e3cd5c19542	java	true	family.entire-source-closure	REVIEW_REQUIRED
synexia-indexstring/src/main/java/com/synexia/indexstring/reasoning/MIndexAdfAcceptanceIndex.java	3f38ce766c94c27adde77d9405597f914a4ceda6	java	true	family.entire-source-closure	REVIEW_REQUIRED
synexia-indexstring/src/main/java/com/synexia/indexstring/reasoning/MIndexArgumentLabel.java	3a342300d9f30de7e041db71803d597732086df4	java	true	family.entire-source-closure	REVIEW_REQUIRED
synexia-indexstring/src/main/java/com/synexia/indexstring/reasoning/MIndexArgumentSchemeKind.java	6e146bfeef83acc2a4ea51aca3cb8a95436a39af	java	true	family.entire-source-closure	REVIEW_REQUIRED
synexia-indexstring/src/main/java/com/synexia/indexstring/reasoning/MIndexArgumentSchemeTable.java	3a4cc18ac78a8e73196e9261a4fe656a27eb16ce	java	true	family.entire-source-closure	REVIEW_REQUIRED
synexia-indexstring/src/main/java/com/synexia/indexstring/reasoning/MIndexArgumentSemanticsImage.java	63239808829245b55a23ce753442bdac3c5fda30	java	true	family.entire-source-closure	REVIEW_REQUIRED
synexia-indexstring/src/main/java/com/synexia/indexstring/reasoning/MIndexAspicRuleIndex.java	60ba05c701369fd10aa6d921c94f19fb0db5ec85	java	true	family.entire-source-closure	REVIEW_REQUIRED
synexia-indexstring/src/main/java/com/synexia/indexstring/reasoning/MIndexAttackParityIndex.java	f1f5f671b23636ddddf4646495fa0737d070827b	java	true	family.entire-source-closure	REVIEW_REQUIRED
synexia-indexstring/src/main/java/com/synexia/indexstring/reasoning/MIndexBipolarInfluenceIndex.java	8dc58b13d6573dbc262f799a5fe4205f92060be1	java	true	family.entire-source-closure	REVIEW_REQUIRED
synexia-indexstring/src/main/java/com/synexia/indexstring/reasoning/MIndexBitRankSelect.java	1a5c5e9b88a9f03ec6df50a4f7753f3b2a0f1c76	java	true	family.entire-source-closure	REVIEW_REQUIRED
synexia-indexstring/src/main/java/com/synexia/indexstring/reasoning/MIndexCriticalQuestion.java	875587861a50477a643dddbe8ab4a86b1d85925e	java	true	family.entire-source-closure	REVIEW_REQUIRED
synexia-indexstring/src/main/java/com/synexia/indexstring/reasoning/MIndexDialogueTrace.java	361fd31178c14db309ed1ba8af4b94d2b3a5fb02	java	true	family.entire-source-closure	REVIEW_REQUIRED
synexia-indexstring/src/main/java/com/synexia/indexstring/reasoning/MIndexDungExtensionEnumerator.java	345ede44a501f36863b8bbd2696f762b81bd8cd4	java	true	family.entire-source-closure	REVIEW_REQUIRED
synexia-indexstring/src/main/java/com/synexia/indexstring/reasoning/MIndexDungExtensionValidator.java	1ae4ba66e3ef1e766f719260f8d97c5930c4ac51	java	true	family.entire-source-closure	REVIEW_REQUIRED
synexia-indexstring/src/main/java/com/synexia/indexstring/reasoning/MIndexExtensionLabelMatrix.java	85ee6ee18f29265ce25d3e577345e40c8130ea16	java	true	family.entire-source-closure	REVIEW_REQUIRED
synexia-indexstring/src/main/java/com/synexia/indexstring/reasoning/MIndexGroundedLabel.java	dcd24fc8a3c7a5e5d06f0b6cf183f21357f5908d	java	true	family.entire-source-closure	REVIEW_REQUIRED
synexia-indexstring/src/main/java/com/synexia/indexstring/reasoning/MIndexPackedLabelSelectIndex.java	e03e03d391fc3f14c003eb46c73824a97b808100	java	true	family.entire-source-closure	REVIEW_REQUIRED
synexia-indexstring/src/main/java/com/synexia/indexstring/reasoning/MIndexPageableHierarchy.java	e68288c2bd91a26d01070e12fc1740b5dc48d16c	java	true	family.entire-source-closure	REVIEW_REQUIRED
synexia-indexstring/src/main/java/com/synexia/indexstring/reasoning/MIndexPreferenceAnalysis.java	ea1c6fd85c7781756915ecf371dbe2273e976c6a	java	true	family.entire-source-closure	REVIEW_REQUIRED
synexia-indexstring/src/main/java/com/synexia/indexstring/reasoning/MIndexReasoningCentrality.java	64d5ca77b2d6e062a095b4e71d2fe35b7fcbf19f	java	true	family.entire-source-closure	REVIEW_REQUIRED
synexia-indexstring/src/main/java/com/synexia/indexstring/reasoning/MIndexReasoningClosure.java	f0f83d02ff6f6b01e64694120189950b5a53c0e8	java	true	family.entire-source-closure	REVIEW_REQUIRED
synexia-indexstring/src/main/java/com/synexia/indexstring/reasoning/MIndexReasoningClosurePager.java	e866d9d809283e267d2419c632e038533e829049	java	true	family.entire-source-closure	REVIEW_REQUIRED
synexia-indexstring/src/main/java/com/synexia/indexstring/reasoning/MIndexReasoningFlags.java	3084c218fbf6cb8545206c62580cefae6a9b65d2	java	true	family.entire-source-closure	REVIEW_REQUIRED
synexia-indexstring/src/main/java/com/synexia/indexstring/reasoning/MIndexReasoningGraph.java	7c9284f9727df7d44022525cb219da00dd637686	java	true	family.entire-source-closure	REVIEW_REQUIRED
synexia-indexstring/src/main/java/com/synexia/indexstring/reasoning/MIndexReasoningRelationKind.java	7e500b7de6751752b9864ef62babc6b0f01c73c3	java	true	family.entire-source-closure	REVIEW_REQUIRED
synexia-indexstring/src/main/java/com/synexia/indexstring/reasoning/MIndexReasoningSemantics.java	b1f02c47b8332479497b5e77790e101e4aa9b944	java	true	family.entire-source-closure	REVIEW_REQUIRED
synexia-indexstring/src/main/java/com/synexia/indexstring/reasoning/MIndexRecursiveAttackIndex.java	d066b3a0348c6b07c1c4e2b4ded16029e8bfc051	java	true	family.entire-source-closure	REVIEW_REQUIRED
synexia-indexstring/src/main/java/com/synexia/indexstring/reasoning/MIndexRelationCursorPager.java	6677b9463e880ee1313ca2136c7038a63feaf8de	java	true	family.entire-source-closure	REVIEW_REQUIRED
synexia-indexstring/src/main/java/com/synexia/indexstring/reasoning/MIndexSerialisationCursorPager.java	aedd6f5722cd4fbd2dcc55b052dd8ce2b0e216ab	java	true	family.entire-source-closure	REVIEW_REQUIRED
synexia-indexstring/src/main/java/com/synexia/indexstring/reasoning/MIndexSerialisationTree.java	6ad93b9297e6f7a04ddd302a3f8f0b5d09f73750	java	true	family.entire-source-closure	REVIEW_REQUIRED
synexia-indexstring/src/main/java/com/synexia/indexstring/reasoning/MIndexSetAttackIndex.java	b948db9f304a681a2401c43350d4dd3e06ee6002	java	true	family.entire-source-closure	REVIEW_REQUIRED
synexia-indexstring/src/main/java/com/synexia/indexstring/reasoning/MIndexSocialEvidenceIndex.java	cb9e0e750101d2a706d975e696a75530443b3588	java	true	family.entire-source-closure	REVIEW_REQUIRED
synexia-indexstring/src/main/java/com/synexia/indexstring/reasoning/MIndexTweetyStructuredArgumentation.java	6711e14d2f1397ee739f92294d883d930d8f1194	java	true	family.entire-source-closure	REVIEW_REQUIRED
synexia-indexstring/src/main/java/com/synexia/indexstring/reasoning/MIndexWeightedAttackOrder.java	1ec31ac612de6988a61b87bfdc16b668024c1377	java	true	family.entire-source-closure	REVIEW_REQUIRED
synexia-indexstring/src/main/java/com/synexia/indexstring/recall/MIndexAssociativeRecall.java	f908e2415f3212a1a53b11d6e7e9a7a800898d8a	java	true	family.entire-source-closure	REVIEW_REQUIRED
synexia-indexstring/src/main/java/com/synexia/indexstring/recall/MIndexRecallFilter.java	5706fe5cf2c63b9eb649d4f637b249555a0895d4	java	true	family.entire-source-closure	REVIEW_REQUIRED
synexia-indexstring/src/main/java/com/synexia/indexstring/recall/MIndexRecallIndex.java	8205579a199110833257ec03435493efb782c45a	java	true	family.entire-source-closure	REVIEW_REQUIRED
synexia-indexstring/src/main/java/com/synexia/indexstring/recall/MIndexRecallSource.java	1d0c4e0dd50b20e6ef37f896d3e693bdb503f43a	java	true	family.entire-source-closure	REVIEW_REQUIRED
synexia-indexstring/src/main/java/com/synexia/indexstring/relation/ActionPolicyImage.java	d93805614639060f9cc128f523cd3fe91cd8622e	java	false	family.entire-source-closure	REVIEW_REQUIRED
synexia-indexstring/src/main/java/com/synexia/indexstring/relation/BigramCanonicalRows.java	9622639e3a0c2b4255af46173b01c1f250706353	java	false	family.entire-source-closure	REVIEW_REQUIRED
synexia-indexstring/src/main/java/com/synexia/indexstring/relation/BigramCounter.java	f933e9c54a68e1fd8d0676e750167369e2d0e7f0	java	false	family.entire-source-closure	REVIEW_REQUIRED
synexia-indexstring/src/main/java/com/synexia/indexstring/relation/BigramHash.java	09091c9818584a9998dd1e43fab152fa611f0551	java	false	family.entire-source-closure	REVIEW_REQUIRED
synexia-indexstring/src/main/java/com/synexia/indexstring/relation/BigramMarginals.java	9cd2e9960a466af1fd8ba20cf630638992c46231	java	false	family.entire-source-closure	REVIEW_REQUIRED
synexia-indexstring/src/main/java/com/synexia/indexstring/relation/BigramOrder.java	8a5262da1f26d0ff5b483c04b04977f135b7916b	java	false	family.entire-source-closure	REVIEW_REQUIRED
synexia-indexstring/src/main/java/com/synexia/indexstring/relation/BigramPairIndex.java	caa6345f3e1cf777543411499de1f2387d585a11	java	false	family.entire-source-closure	REVIEW_REQUIRED
synexia-indexstring/src/main/java/com/synexia/indexstring/relation/BigramScoring.java	ee89571209f597fd3e2077243bc489934f24755d	java	false	family.entire-source-closure	REVIEW_REQUIRED
synexia-indexstring/src/main/java/com/synexia/indexstring/relation/BigramSequenceCounter.java	86faa550ea58a97fbdeac80a2333508c542fca61	java	false	family.entire-source-closure	REVIEW_REQUIRED
synexia-indexstring/src/main/java/com/synexia/indexstring/relation/BigramStatistics.java	2dce3704ac043ee87fcefc3d8f8a931f11ee444b	java	false	family.entire-source-closure	REVIEW_REQUIRED
synexia-indexstring/src/main/java/com/synexia/indexstring/relation/CompositeRef.java	5e39f61f1a36bafd3da28c6853a48afe44485188	java	false	family.entire-source-closure	REVIEW_REQUIRED
synexia-indexstring/src/main/java/com/synexia/indexstring/relation/FrozenTransitionPairLookup.java	b0a9ca3b11ee360afb381edb7085691fc5e301fb	java	false	family.entire-source-closure	REVIEW_REQUIRED
synexia-indexstring/src/main/java/com/synexia/indexstring/relation/MIndexBigramCompiler.java	9e5b5e16d6012ea0e2371f264e1f4dc0f5471490	java	true	family.entire-source-closure	REVIEW_REQUIRED
synexia-indexstring/src/main/java/com/synexia/indexstring/relation/MIndexBigramFingerprint.java	b0c71ae0c0986b2834c29b8332077be9ad1a3fbb	java	true	family.entire-source-closure	REVIEW_REQUIRED
synexia-indexstring/src/main/java/com/synexia/indexstring/relation/MIndexBigramManifest.java	5b3d0a2f08f0d85ab23abc43479f4c13157fb888	java	true	family.entire-source-closure	REVIEW_REQUIRED
synexia-indexstring/src/main/java/com/synexia/indexstring/relation/MIndexBigramPolicy.java	fa992b3641bb88098fe9418924a4bfd70aa7454b	java	true	family.entire-source-closure	REVIEW_REQUIRED
synexia-indexstring/src/main/java/com/synexia/indexstring/relation/MIndexBigramRelation.java	abbe20140a1196bf3ebd45f46a0c1af11039cc30	java	true	family.entire-source-closure	REVIEW_REQUIRED
synexia-indexstring/src/main/java/com/synexia/indexstring/relation/MIndexBigramSequenceScore.java	9280cbe5c37869338af522073122590525bc5398	java	true	family.entire-source-closure	REVIEW_REQUIRED
synexia-indexstring/src/main/java/com/synexia/indexstring/relation/MIndexLocalTupleCompiler.java	1e6e7bb513a006e0334a2459bcc60587f601c47f	java	true	family.entire-source-closure	REVIEW_REQUIRED
synexia-indexstring/src/main/java/com/synexia/indexstring/relation/MIndexLocalTupleManifest.java	4d0e53f27170c9e569ec0a321916143a938eafbe	java	true	family.entire-source-closure	REVIEW_REQUIRED
synexia-indexstring/src/main/java/com/synexia/indexstring/relation/MIndexLocalTupleTransitionImage.java	81b78be136cb71fff8660194a9e703fd4b68172d	java	true	family.entire-source-closure	REVIEW_REQUIRED
synexia-indexstring/src/main/java/com/synexia/indexstring/relation/MIndexRelationEncoding.java	70c935426ebcc96a079be6bb363a0386281b1a84	java	true	family.entire-source-closure	REVIEW_REQUIRED
synexia-indexstring/src/main/java/com/synexia/indexstring/relation/MIndexTupleManifest.java	98e893df0df3b3617b989413e16cafd5a6de2ae1	java	true	family.entire-source-closure	REVIEW_REQUIRED
synexia-indexstring/src/main/java/com/synexia/indexstring/relation/MappedActionPolicy.java	6182da9f5bb264e3f3e7689068f75731b56af034	java	false	family.entire-source-closure	REVIEW_REQUIRED
synexia-indexstring/src/main/java/com/synexia/indexstring/relation/MappedBigramModel.java	a988bc1117490c323f547400c5cee98397faa4dc	java	false	family.entire-source-closure	REVIEW_REQUIRED
synexia-indexstring/src/main/java/com/synexia/indexstring/relation/MappedMIndexBigramModel.java	6d46b19221b99e15e7931db5cd21517a2b509f58	java	false	family.entire-source-closure	REVIEW_REQUIRED
synexia-indexstring/src/main/java/com/synexia/indexstring/relation/MappedMIndexLocalTupleModel.java	a4c3446743e15f0090c1f91b0fb221ad6bf732de	java	false	family.entire-source-closure	REVIEW_REQUIRED
synexia-indexstring/src/main/java/com/synexia/indexstring/relation/MappedMIndexTupleModel.java	aa1d3a58f1f2eba17f6c603a022577a4b31aaeb3	java	false	family.entire-source-closure	REVIEW_REQUIRED
synexia-indexstring/src/main/java/com/synexia/indexstring/relation/MappedRelationLayer.java	968aad94129f61647072e0c508744c44e22e4669	java	false	family.entire-source-closure	REVIEW_REQUIRED
synexia-indexstring/src/main/java/com/synexia/indexstring/relation/MappedTuplePredictor.java	b7140f5d9770c1a396f81b584f0c1e39eae89fb1	java	false	family.entire-source-closure	REVIEW_REQUIRED
synexia-indexstring/src/main/java/com/synexia/indexstring/relation/RecursiveRelationRuntime.java	4fc70b80489e22c019cbf60a086b948a7ee3f50f	java	false	family.entire-source-closure	REVIEW_REQUIRED
synexia-indexstring/src/main/java/com/synexia/indexstring/relation/RelationLayerImage.java	b19f880cf1f1b54d98a96dc2645a678c91e5ba1d	java	false	family.entire-source-closure	REVIEW_REQUIRED
synexia-indexstring/src/main/java/com/synexia/indexstring/relation/RelationLayerManifest.java	09b666c767f438e34bf7569db689637dcf7c2db4	java	false	family.entire-source-closure	REVIEW_REQUIRED
synexia-indexstring/src/main/java/com/synexia/indexstring/relation/RelationLevel.java	e8febdc86fef3a79a82aa0047cdf999e42c66df6	java	false	family.entire-source-closure	REVIEW_REQUIRED
synexia-indexstring/src/main/java/com/synexia/indexstring/relation/RelationTriple.java	ddc5645fdd16e1f5bdc158ec1a972410ff6a2564	java	false	family.entire-source-closure	REVIEW_REQUIRED
synexia-indexstring/src/main/java/com/synexia/indexstring/relation/TupleTransitionImage.java	25311438966a1071345ac81565f491cb805a16d0	java	false	family.entire-source-closure	REVIEW_REQUIRED
synexia-indexstring/src/main/java/com/synexia/indexstring/relation/TupleTransitionManifest.java	d4ec35b7a64d0ec5252d69f9fcb085d1e4bde27f	java	false	family.entire-source-closure	REVIEW_REQUIRED
synexia-indexstring/src/main/java/com/synexia/indexstring/shared/ArrayHandle.java	610b139f44f05bf7a6bfedeb10846d29dc16b4b2	java	false	family.entire-source-closure	REVIEW_REQUIRED
synexia-indexstring/src/main/java/com/synexia/indexstring/shared/SharedArray.java	d87cebc7101b5b272ff80c2b56a49b7e42fb18cf	java	false	family.entire-source-closure	REVIEW_REQUIRED
synexia-indexstring/src/main/java/com/synexia/indexstring/shared/SharedArrayConversions.java	8e6d0acd184a8bc356a49efc363c4e39530b5bf3	java	false	family.entire-source-closure	REVIEW_REQUIRED
synexia-indexstring/src/main/java/com/synexia/indexstring/shared/SharedArrayNative.java	62c2e6e089b6a203b22d5aae4e15a834876f08d1	java	false	family.entire-source-closure	REVIEW_REQUIRED
synexia-indexstring/src/main/java/com/synexia/indexstring/shared/SharedArrayPool.java	e0207b70c51f9369fdc0b617698e31ba5014db88	java	false	family.entire-source-closure	REVIEW_REQUIRED
synexia-indexstring/src/main/java/com/synexia/indexstring/shared/SharedBytes.java	372ff3ded11b4067bd7896cb8543b448ae82403a	java	false	family.entire-source-closure	REVIEW_REQUIRED
synexia-indexstring/src/main/java/com/synexia/indexstring/shared/SharedChars.java	f05b41bf87472219e5a602efcc62858a903d15a5	java	false	family.entire-source-closure	REVIEW_REQUIRED
synexia-indexstring/src/main/java/com/synexia/indexstring/shared/SharedSegments.java	2912e2afbc13a981ed6f6ef704b8b17047481fea	java	false	family.entire-source-closure	REVIEW_REQUIRED
synexia-indexstring/src/main/java/com/synexia/indexstring/spec/MIndexApiSpecCatalog.java	3d3d4d4c9efff0f547cb450339b7cafbe6c0f82c	java	true	family.entire-source-closure	REVIEW_REQUIRED
synexia-indexstring/src/main/java/com/synexia/indexstring/spec/MIndexApiSpecDonorCatalog.java	554e197e75f9c92e4d1d77e9937a67ce0ad7c208	java	true	family.entire-source-closure	REVIEW_REQUIRED
synexia-indexstring/src/main/java/com/synexia/indexstring/spec/MIndexApiSpecFamily.java	70734bac9145cf2c27d8d984367d7d91c76f4a50	java	true	family.entire-source-closure	REVIEW_REQUIRED
synexia-indexstring/src/main/java/com/synexia/indexstring/spec/MIndexApiSpecPrecompute.java	537364d42d948c37d5f2bfb2bb129912fe3f6e8d	java	true	family.entire-source-closure	REVIEW_REQUIRED
synexia-indexstring/src/main/java/com/synexia/indexstring/spec/MIndexApiSpecTermKind.java	3249e82262ef987b4eae6aeedaa7dfd0d9cc2eb8	java	true	family.entire-source-closure	REVIEW_REQUIRED
synexia-indexstring/src/main/java/com/synexia/indexstring/spec/MIndexApiSpecVocabulary.java	f2b8dcf1d4bfda74cbfeea07384827f37ddb86a7	java	true	family.entire-source-closure	REVIEW_REQUIRED
synexia-indexstring/src/main/java/com/synexia/indexstring/spec/MIndexBuiltInSpecMilestones.java	e318236aaf2e84bb9e602f66d5394655d8f337ee	java	true	family.entire-source-closure	REVIEW_REQUIRED
synexia-indexstring/src/main/java/com/synexia/indexstring/spec/MIndexSpecMilestone.java	d9b3f5f62abfd92ed35dd704508baa6ccff5f295	java	true	family.entire-source-closure	REVIEW_REQUIRED
synexia-indexstring/src/main/java/com/synexia/indexstring/spec/MIndexSpecMilestoneRegistry.java	9679328fc8eeeed811a76e4d2d85424603dd89f8	java	true	family.entire-source-closure	REVIEW_REQUIRED
synexia-indexstring/src/main/java/com/synexia/indexstring/spec/MIndexSpecPrecompute.java	8f996f0cab68aeb56a4a044550470bd35051890b	java	true	family.entire-source-closure	REVIEW_REQUIRED
synexia-indexstring/src/main/java/com/synexia/indexstring/spec/MIndexSpecSnapshot.java	65e34386624b9c6dc01fde2d3857e4584df4e2bd	java	true	family.entire-source-closure	REVIEW_REQUIRED
synexia-indexstring/src/main/java/com/synexia/indexstring/spec/MIndexSpecSourceReceipt.java	0013b24fac8d48ca360ebf1de4c23605fa3d8447	java	true	family.entire-source-closure	REVIEW_REQUIRED
synexia-indexstring/src/main/java/com/synexia/indexstring/spec/MIndexSpecTranslation.java	fea4f8d9e1719be423cc666afa5e102210b722ef	java	true	family.entire-source-closure	REVIEW_REQUIRED
synexia-indexstring/src/main/java/com/synexia/indexstring/spec/MIndexSpecVocabulary.java	b2c2f06e86da45149f10c31dd32ef8a33d2dd097	java	true	family.entire-source-closure	REVIEW_REQUIRED
synexia-indexstring/src/main/java/com/synexia/indexstring/spec/jdt/MIndexJdtGraphSpec.java	d24e7d9b6c088b9fcccf36dab6199500307f3aec	java	true	family.entire-source-closure	REVIEW_REQUIRED
synexia-indexstring/src/main/java/com/synexia/indexstring/spec/package-info.java	713dbd02cfb9386f35681f56bd3f6dc97820583c	java	false	family.entire-source-closure	REVIEW_REQUIRED
synexia-indexstring/src/main/java/com/synexia/indexstring/structure/MIndexAdapters.java	64a74b4fa3ef63203601ac3a6c52ad32a5f36072	java	true	family.entire-source-closure	REVIEW_REQUIRED
synexia-indexstring/src/main/java/com/synexia/indexstring/structure/MIndexAst.java	61ccb444d3cf41415cee734bfe7f9a687a4929bc	java	true	family.entire-source-closure	REVIEW_REQUIRED
synexia-indexstring/src/main/java/com/synexia/indexstring/structure/MIndexBsonCodec.java	32734aeef6df680c67c8d3a3c4e29fb1b60eaf4f	java	true	family.entire-source-closure	REVIEW_REQUIRED
synexia-indexstring/src/main/java/com/synexia/indexstring/structure/MIndexCodec.java	4fa1d81e53946837f5c3a22649a5eeb31f30d3ce	java	true	family.entire-source-closure	REVIEW_REQUIRED
synexia-indexstring/src/main/java/com/synexia/indexstring/structure/MIndexCodecs.java	1f914178985a708ef03db0a3bb521c0e8bea469b	java	true	family.entire-source-closure	REVIEW_REQUIRED
synexia-indexstring/src/main/java/com/synexia/indexstring/structure/MIndexCompiledPath.java	758e114d7c07c702685ddc1b3be6192ec1e9dc8d	java	true	family.entire-source-closure	REVIEW_REQUIRED
synexia-indexstring/src/main/java/com/synexia/indexstring/structure/MIndexCompiledProjection.java	3eca72e31f9d3ee4575bbb69b78be132bfc2ff6f	java	true	family.entire-source-closure	REVIEW_REQUIRED
synexia-indexstring/src/main/java/com/synexia/indexstring/structure/MIndexCompiledSchema.java	93a471574563b793d59cd931bc91f6f563d16cc5	java	true	family.entire-source-closure	REVIEW_REQUIRED
synexia-indexstring/src/main/java/com/synexia/indexstring/structure/MIndexCsvCodec.java	2a6339dffa22f1e9aae97d41caf8a5b41f4b06fe	java	true	family.entire-source-closure	REVIEW_REQUIRED
synexia-indexstring/src/main/java/com/synexia/indexstring/structure/MIndexDag.java	c9957d0437cdee76aac042f7798db8d79d4aa4cc	java	true	family.entire-source-closure	REVIEW_REQUIRED
synexia-indexstring/src/main/java/com/synexia/indexstring/structure/MIndexDeferredDocument.java	2f1e4886d32bf437caec6a196c02798e44ac81c7	java	true	family.entire-source-closure	REVIEW_REQUIRED
synexia-indexstring/src/main/java/com/synexia/indexstring/structure/MIndexDeferredNode.java	a05d3c761d428ff0b1090f520895d2c898899cf5	java	true	family.entire-source-closure	REVIEW_REQUIRED
synexia-indexstring/src/main/java/com/synexia/indexstring/structure/MIndexDelimitedCodec.java	146b4a47b6886d7d9b51aa47a947988f78272d6e	java	true	family.entire-source-closure	REVIEW_REQUIRED
synexia-indexstring/src/main/java/com/synexia/indexstring/structure/MIndexDocument.java	86fa88f40d537c20c6120217ad7193b3830b15a1	java	true	family.entire-source-closure	REVIEW_REQUIRED
synexia-indexstring/src/main/java/com/synexia/indexstring/structure/MIndexEventBuffer.java	e4afcbebc2fff80865d93ee87ddea3cce19a3bfd	java	true	family.entire-source-closure	REVIEW_REQUIRED
synexia-indexstring/src/main/java/com/synexia/indexstring/structure/MIndexFormats.java	cb71799f24ee511a19532867c69d409735768271	java	true	family.entire-source-closure	REVIEW_REQUIRED
synexia-indexstring/src/main/java/com/synexia/indexstring/structure/MIndexFrozenStructureBridge.java	6d27bbbf668d701b66502e20553b2fc69bc36b99	java	true	family.entire-source-closure	REVIEW_REQUIRED
synexia-indexstring/src/main/java/com/synexia/indexstring/structure/MIndexHtmlCodec.java	2fa92ff78d31f2c4808aff512592310b485944b6	java	true	family.entire-source-closure	REVIEW_REQUIRED
synexia-indexstring/src/main/java/com/synexia/indexstring/structure/MIndexIniCodec.java	06e5833d1f7ac495ce9c8f21d43cbd797b8381af	java	true	family.entire-source-closure	REVIEW_REQUIRED
synexia-indexstring/src/main/java/com/synexia/indexstring/structure/MIndexJavaValues.java	2987c1b5ee9d776b9be6531457f8d4d2ed690918	java	true	family.entire-source-closure	REVIEW_REQUIRED
synexia-indexstring/src/main/java/com/synexia/indexstring/structure/MIndexJsonCodec.java	fedc9e8e90c271de058427a03e398149877cd4d0	java	true	family.entire-source-closure	REVIEW_REQUIRED
synexia-indexstring/src/main/java/com/synexia/indexstring/structure/MIndexLogIndex.java	ce5b0db473ac533d553cc2aaa155c431a74eef35	java	true	family.entire-source-closure	REVIEW_REQUIRED
synexia-indexstring/src/main/java/com/synexia/indexstring/structure/MIndexMarkdownCodec.java	7dbcacd2939185f730c475b7f49aaae7c1eb5904	java	true	family.entire-source-closure	REVIEW_REQUIRED
synexia-indexstring/src/main/java/com/synexia/indexstring/structure/MIndexNode.java	2e14033d0326e19629bdf8369f922187e51b764b	java	true	family.entire-source-closure	REVIEW_REQUIRED
synexia-indexstring/src/main/java/com/synexia/indexstring/structure/MIndexNodeKind.java	7ed25e23b85d7878de6dab8906e2414157628c00	java	true	family.entire-source-closure	REVIEW_REQUIRED
synexia-indexstring/src/main/java/com/synexia/indexstring/structure/MIndexNodeRef.java	14c9f2d4f041f44871f53451895872446e4d613e	java	true	family.entire-source-closure	REVIEW_REQUIRED
synexia-indexstring/src/main/java/com/synexia/indexstring/structure/MIndexNodeType.java	d155e2176edfbee57c0e368603227d3c5a09970f	java	true	family.entire-source-closure	REVIEW_REQUIRED
synexia-indexstring/src/main/java/com/synexia/indexstring/structure/MIndexObjectAdapter.java	33a88bc4db0e98867609fd43e2ddd137510dd61a	java	true	family.entire-source-closure	REVIEW_REQUIRED
synexia-indexstring/src/main/java/com/synexia/indexstring/structure/MIndexObjectCodec.java	b46caf34792a7530ca855932e036fcc878d21061	java	true	family.entire-source-closure	REVIEW_REQUIRED
synexia-indexstring/src/main/java/com/synexia/indexstring/structure/MIndexOccurrence.java	d17fb5a311ff253b32ee992ed7ac5183162e70a9	java	true	family.entire-source-closure	REVIEW_REQUIRED
synexia-indexstring/src/main/java/com/synexia/indexstring/structure/MIndexPropertiesCodec.java	05d8690a6aebd0c5764512112ddc5e3dd0f7a382	java	true	family.entire-source-closure	REVIEW_REQUIRED
synexia-indexstring/src/main/java/com/synexia/indexstring/structure/MIndexRepresentationMetadata.java	85d8bbb9f1db7cf27a8de290456c1fdfa830b231	java	true	family.entire-source-closure	REVIEW_REQUIRED
synexia-indexstring/src/main/java/com/synexia/indexstring/structure/MIndexSchema.java	74e57ab26d3feb58f843ff33fe63072462f7fd64	java	true	family.entire-source-closure	REVIEW_REQUIRED
synexia-indexstring/src/main/java/com/synexia/indexstring/structure/MIndexSource.java	2591aff7aae9049cd4ee19844a4b1456d8f37b16	java	true	family.entire-source-closure	REVIEW_REQUIRED
synexia-indexstring/src/main/java/com/synexia/indexstring/structure/MIndexSourceFormat.java	f2a64212a7e2a06e300979d50b8602d9a6dd2831	java	true	family.entire-source-closure	REVIEW_REQUIRED
synexia-indexstring/src/main/java/com/synexia/indexstring/structure/MIndexSourceSpan.java	738d902d0191d7d87f3178d1e7f90690a3184083	java	true	family.entire-source-closure	REVIEW_REQUIRED
synexia-indexstring/src/main/java/com/synexia/indexstring/structure/MIndexStructuralByteScanner.java	5ddb8a1352853944e5ccf44fe53cf31749d02cba	java	true	family.entire-source-closure	REVIEW_REQUIRED
synexia-indexstring/src/main/java/com/synexia/indexstring/structure/MIndexStructuralStore.java	e9de61ae98a8277e3d249b5ea2bafdc4e5240818	java	true	family.entire-source-closure	REVIEW_REQUIRED
synexia-indexstring/src/main/java/com/synexia/indexstring/structure/MIndexStructure.java	1d7023d650cee46def54d84641bddafe1b262385	java	true	family.entire-source-closure	REVIEW_REQUIRED
synexia-indexstring/src/main/java/com/synexia/indexstring/structure/MIndexStructureBuilder.java	af711657175d422dae13408aee5957030d04ce58	java	true	family.entire-source-closure	REVIEW_REQUIRED
synexia-indexstring/src/main/java/com/synexia/indexstring/structure/MIndexStructureClusterIndex.java	cf4c8a6fe2d365e85ed71c6cd9a17d38f91be0ae	java	true	family.entire-source-closure	REVIEW_REQUIRED
synexia-indexstring/src/main/java/com/synexia/indexstring/structure/MIndexStructureImage.java	b9e91f13a67f5285125461fa61bdca4b97be0f90	java	true	family.entire-source-closure	REVIEW_REQUIRED
synexia-indexstring/src/main/java/com/synexia/indexstring/structure/MIndexStructurePathIndex.java	99d19379c5560e11a2a2dba1d1b5698409cbf434	java	true	family.entire-source-closure	REVIEW_REQUIRED
synexia-indexstring/src/main/java/com/synexia/indexstring/structure/MIndexStructuredCodec.java	c35ff204b5ca383454259e850aef739f65aa23fd	java	true	family.entire-source-closure	REVIEW_REQUIRED
synexia-indexstring/src/main/java/com/synexia/indexstring/structure/MIndexStructuredProjection.java	46de181391940608f564d1b6d4d130d8c9d0cb56	java	true	family.entire-source-closure	REVIEW_REQUIRED
synexia-indexstring/src/main/java/com/synexia/indexstring/structure/MIndexTextDecoders.java	0f93971f59f882523659c5a7b9880218ce2db695	java	true	family.entire-source-closure	REVIEW_REQUIRED
synexia-indexstring/src/main/java/com/synexia/indexstring/structure/MIndexTomlCodec.java	0cefc575caef38364cb6eae87c22c6519c157451	java	true	family.entire-source-closure	REVIEW_REQUIRED
synexia-indexstring/src/main/java/com/synexia/indexstring/structure/MIndexValueRef.java	4930482378e1cc7c67d75384cc7f93cafd4183df	java	true	family.entire-source-closure	REVIEW_REQUIRED
synexia-indexstring/src/main/java/com/synexia/indexstring/structure/MIndexXmlCodec.java	99fa51ce3db0f2bc1e85294d13ab33c08e948161	java	true	family.entire-source-closure	REVIEW_REQUIRED
synexia-indexstring/src/main/java/com/synexia/indexstring/structure/MIndexYamlCodec.java	3f74b60e16f38165822ceb6ad2d460ba324b1f58	java	true	family.entire-source-closure	REVIEW_REQUIRED
synexia-indexstring/src/main/java/com/synexia/indexstring/transpile/MIndexTranspileReceipt.java	cec52b1d8709845b9d534d4d183894e59f37d72b	java	true	family.entire-source-closure	REVIEW_REQUIRED
synexia-indexstring/src/main/java/com/synexia/indexstring/transpile/MIndexTranspileReceiptCodec.java	b6c9f2e49f00502cd0c511a46cf112f7bad54cb8	java	true	family.entire-source-closure	REVIEW_REQUIRED
synexia-indexstring/src/main/java/com/synexia/indexstring/transpile/MIndexTranspileReuseBridge.java	f5ba610140b14435eef28f7152269426519a4201	java	true	family.entire-source-closure	REVIEW_REQUIRED
synexia-indexstring/src/main/java/com/synexia/indexstring/transpile/MIndexTranspileScopeFanIn.java	1f54cbfbce414ca8f1f9d3918bc185ff86cdf122	java	true	family.entire-source-closure	REVIEW_REQUIRED
synexia-indexstring/src/main/java/com/synexia/indexstring/transpile/MIndexTranspileScopeFanInCodec.java	57ed403002177487f70212424580febd12fff695	java	true	family.entire-source-closure	REVIEW_REQUIRED
synexia-indexstring/src/main/java/com/synexia/indexstring/transpile/MIndexTranspileWorklist.java	1574516c8bd002871af2e79f470716178a0f6d7f	java	true	family.entire-source-closure	REVIEW_REQUIRED
synexia-indexstring/src/main/java/com/synexia/indexstring/transpile/MIndexTranspileWorklistCodec.java	cf789e15aee913d1abe116c55a21f0a1a976241e	java	true	family.entire-source-closure	REVIEW_REQUIRED
synexia-indexstring/src/main/java/com/synexia/indexstring/type/MIndexAnnotation.java	00a14d9922ed93ea440269092a3e2173af447e68	java	true	family.entire-source-closure	REVIEW_REQUIRED
synexia-indexstring/src/main/java/com/synexia/indexstring/type/MIndexAnnotationSpec.java	848871e7c4247b4844be068ff908f4477e949deb	java	true	family.entire-source-closure	REVIEW_REQUIRED
synexia-indexstring/src/main/java/com/synexia/indexstring/type/MIndexClass.java	6274334894020152556e0dc1cdfe082799df7b4c	java	true	family.entire-source-closure	REVIEW_REQUIRED
synexia-indexstring/src/main/java/com/synexia/indexstring/type/MIndexClassElementImporter.java	789c363e7546ee4e1de2be06161d2a09128040b0	java	true	family.entire-source-closure	REVIEW_REQUIRED
synexia-indexstring/src/main/java/com/synexia/indexstring/type/MIndexClassImage.java	3db739667d732df087c10fa0fb33f8c6eb3f593b	java	true	family.entire-source-closure	REVIEW_REQUIRED
synexia-indexstring/src/main/java/com/synexia/indexstring/type/MIndexClassImageCodec.java	50db892d8086083f1806e15dcadd1ded1fe8c401	java	true	family.entire-source-closure	REVIEW_REQUIRED
synexia-indexstring/src/main/java/com/synexia/indexstring/type/MIndexClassIndex.java	320575cc253e6616bce9864893b6e08e123dc8e3	java	true	family.entire-source-closure	REVIEW_REQUIRED
synexia-indexstring/src/main/java/com/synexia/indexstring/type/MIndexClassKind.java	4a1234c317b6ac728de4cdd7ddbe17eca19458e9	java	true	family.entire-source-closure	REVIEW_REQUIRED
synexia-indexstring/src/main/java/com/synexia/indexstring/type/MIndexClassMember.java	c16cdbb305f80443262d27bbffd1365851bfec27	java	true	family.entire-source-closure	REVIEW_REQUIRED
synexia-indexstring/src/main/java/com/synexia/indexstring/type/MIndexClassMemberSpec.java	bf5efbb33c1a5d182c52cee05ba17df219b68653	java	true	family.entire-source-closure	REVIEW_REQUIRED
synexia-indexstring/src/main/java/com/synexia/indexstring/type/MIndexClassMetadataBuilder.java	6ae94d4c85b106dafa3fb94991dd5aaca268716a	java	true	family.entire-source-closure	REVIEW_REQUIRED
synexia-indexstring/src/main/java/com/synexia/indexstring/type/MIndexClassMetadataIndex.java	217f2060cc3951e583907eb40e45671d7df5f0da	java	true	family.entire-source-closure	REVIEW_REQUIRED
synexia-indexstring/src/main/java/com/synexia/indexstring/type/MIndexClassPool.java	22aee35834c295af0d1da83fdf73ec55868e4045	java	true	family.entire-source-closure	REVIEW_REQUIRED
synexia-indexstring/src/main/java/com/synexia/indexstring/type/MIndexClassReflectionImporter.java	671b663bc4c61f906140d95ee6a77137fb7a59de	java	true	family.entire-source-closure	REVIEW_REQUIRED
synexia-indexstring/src/main/java/com/synexia/indexstring/type/MIndexClassSearchIndex.java	822408ede3c454c712fbea3e90d7b2208b67cfe8	java	true	family.entire-source-closure	REVIEW_REQUIRED
synexia-indexstring/src/main/java/com/synexia/indexstring/type/MIndexClassSignalDimension.java	2b9dc2c46cf179e2ad6294a8a9d6e58c301e6772	java	true	family.entire-source-closure	REVIEW_REQUIRED
synexia-indexstring/src/main/java/com/synexia/indexstring/type/MIndexClassSignalImage.java	3f52e927f76573bbc28382cf5fe4467ee9092c40	java	true	family.entire-source-closure	REVIEW_REQUIRED
synexia-indexstring/src/main/java/com/synexia/indexstring/type/MIndexClassSignalProfile.java	3f1fa0fca1ea98d8033804da27abb492a33a1680	java	true	family.entire-source-closure	REVIEW_REQUIRED
synexia-indexstring/src/main/java/com/synexia/indexstring/type/MIndexClassSnapshot.java	dc88bc5963b114d78c6637ceb5ff790320cf1e2c	java	true	family.entire-source-closure	REVIEW_REQUIRED
synexia-indexstring/src/main/java/com/synexia/indexstring/type/MIndexClassSpec.java	6c087fd23a88b769c4771ddb93658f6ef7cee704	java	true	family.entire-source-closure	REVIEW_REQUIRED
synexia-indexstring/src/main/java/com/synexia/indexstring/type/MIndexClassfileAnnotation.java	3e151d45ad6bb0cb619b69d3ea77e6abc29447d2	java	true	family.entire-source-closure	REVIEW_REQUIRED
synexia-indexstring/src/main/java/com/synexia/indexstring/type/MIndexClassfileArchive.java	7ce3f7653e80be1a3f55ab5da0edc6f295c32cfe	java	true	family.entire-source-closure	REVIEW_REQUIRED
synexia-indexstring/src/main/java/com/synexia/indexstring/type/MIndexClassfileArchiveImporter.java	8ba215437b6eec672dfca0063401262f64365357	java	true	family.entire-source-closure	REVIEW_REQUIRED
synexia-indexstring/src/main/java/com/synexia/indexstring/type/MIndexClassfileJarImporter.java	80b7090b29483fd218ef526daa44e73c990f1551	java	true	family.entire-source-closure	REVIEW_REQUIRED
synexia-indexstring/src/main/java/com/synexia/indexstring/type/MIndexClassfileMember.java	87d0971e93d07670456cd8dc52d226ee1f0dc887	java	true	family.entire-source-closure	REVIEW_REQUIRED
synexia-indexstring/src/main/java/com/synexia/indexstring/type/MIndexClassfileParser.java	ea8df2105f97bb0a82a5396ceed7b80566c0c28a	java	true	family.entire-source-closure	REVIEW_REQUIRED
synexia-indexstring/src/main/java/com/synexia/indexstring/type/MIndexClassfileSourceIndex.java	bdef842f0925dba185d63a45746a734bd3a1cd69	java	true	family.entire-source-closure	REVIEW_REQUIRED
synexia-indexstring/src/main/java/com/synexia/indexstring/type/MIndexClassfileUnit.java	1fd103e25486d56e78f3330acc36a5fc8ec70c1b	java	true	family.entire-source-closure	REVIEW_REQUIRED
synexia-indexstring/src/main/java/com/synexia/indexstring/type/MIndexConstructor.java	983d1b722cd5a7a3aa5ceef3c58914b6886a5e7f	java	true	family.entire-source-closure	REVIEW_REQUIRED
synexia-indexstring/src/main/java/com/synexia/indexstring/type/MIndexField.java	900fa32f50c3312ad9b35b075d9037f2d36bd9e5	java	true	family.entire-source-closure	REVIEW_REQUIRED
synexia-indexstring/src/main/java/com/synexia/indexstring/type/MIndexGenericSignature.java	cf4bc5565ba0c72481a24fde08eead8a6590c037	java	true	family.entire-source-closure	REVIEW_REQUIRED
synexia-indexstring/src/main/java/com/synexia/indexstring/type/MIndexGenericSignatureKind.java	90d1b29804fad5fdf6822069f51ce9ef22a94039	java	true	family.entire-source-closure	REVIEW_REQUIRED
synexia-indexstring/src/main/java/com/synexia/indexstring/type/MIndexGenericSignaturePool.java	c05ed30d901fa41e5612932c6f3bc0ee70425041	java	true	family.entire-source-closure	REVIEW_REQUIRED
synexia-indexstring/src/main/java/com/synexia/indexstring/type/MIndexJavaModifierBits.java	2835195be6bffcc9dfe8ee78e0362aa5afa6ed62	java	true	family.entire-source-closure	REVIEW_REQUIRED
synexia-indexstring/src/main/java/com/synexia/indexstring/type/MIndexJvmType.java	5ce9590fcdf400372fad1224fd26100035b13a1f	java	true	family.entire-source-closure	REVIEW_REQUIRED
synexia-indexstring/src/main/java/com/synexia/indexstring/type/MIndexJvmTypeKind.java	ef904786db07688dd820516abb70c4b7391b7621	java	true	family.entire-source-closure	REVIEW_REQUIRED
synexia-indexstring/src/main/java/com/synexia/indexstring/type/MIndexJvmTypePool.java	cd652b1019f75247235af65cee4413382547f439	java	true	family.entire-source-closure	REVIEW_REQUIRED
synexia-indexstring/src/main/java/com/synexia/indexstring/type/MIndexMemberKind.java	d21d29e995501b6b018117653b9b65f2d2eaffed	java	true	family.entire-source-closure	REVIEW_REQUIRED
synexia-indexstring/src/main/java/com/synexia/indexstring/type/MIndexMethod.java	baa51694332745e688ad448f4bc77a5367f9ef68	java	true	family.entire-source-closure	REVIEW_REQUIRED
synexia-indexstring/src/main/java/com/synexia/indexstring/type/MIndexMethodSignature.java	f95b386c49b27d7200fb691c1b69367f21e9cdbe	java	true	family.entire-source-closure	REVIEW_REQUIRED
synexia-indexstring/src/main/java/com/synexia/indexstring/type/MIndexMethodSignaturePool.java	d0e58054b83909c8163707915ea316309e41e666	java	true	family.entire-source-closure	REVIEW_REQUIRED
synexia-indexstring/src/main/java/com/synexia/indexstring/type/MIndexRecordComponent.java	47db185af5694a3a994b10685bc69ff86f2ad531	java	true	family.entire-source-closure	REVIEW_REQUIRED
synexia-indexstring/src/main/native/CMakeLists.txt	5ad9ca4a7dae298c8695552ce39f1f258cad2ac6	native	false	family.entire-source-closure	REVIEW_REQUIRED
synexia-indexstring/src/main/native/ast_dispatch_jni.c	7617e40413591dee16a6d1ddcf95d11c1032adf5	native	false	family.entire-source-closure	REVIEW_REQUIRED
synexia-indexstring/src/main/native/fuzzy_hamming_jni.c	c3c20a28dd3a31367fb17e91bd4449eefa46a21a	native	false	family.entire-source-closure	REVIEW_REQUIRED
synexia-indexstring/src/main/native/indexstring_jni.c	2354d0865df41ca7b1db87ab27a4ba3e3caa15dd	native	false	family.entire-source-closure	REVIEW_REQUIRED
synexia-indexstring/src/main/native/memory_pressure_jni.c	17488df65e288f5a63af695d04b8611d118c333f	native	false	family.entire-source-closure	REVIEW_REQUIRED
synexia-indexstring/src/main/native/mindex_native_intern_jni.c	9471aa5694e979a7b17b51fdb0c6c70635bb59e2	native	false	family.entire-source-closure	REVIEW_REQUIRED
synexia-indexstring/src/main/native/mindex_prefix_frontier_jni.c	369b677d201cd2424b9e40f0a25304a47b856bf4	native	false	family.entire-source-closure	REVIEW_REQUIRED
synexia-indexstring/src/main/native/position_masks_jni.c	172a0b6f2acab79106aefcecaae16195d071732b	native	false	family.entire-source-closure	REVIEW_REQUIRED
synexia-indexstring/src/main/native/query_plane_jni.c	2828e2618f165ca298319f6cbfa113d9e2faf454	native	false	family.entire-source-closure	REVIEW_REQUIRED
synexia-indexstring/src/main/native/sha256_batch_cuda.cu	e98a618f7a7476421fd047b3ed562745de66ca4e	native	false	family.entire-source-closure	REVIEW_REQUIRED
synexia-indexstring/src/main/native/sha256_batch_cuda.h	2e547b2e099229705dc06a030a8f1e84a6cd45dc	native	false	family.entire-source-closure	REVIEW_REQUIRED
synexia-indexstring/src/main/native/sha256_batch_jni.c	a2f7fa5dd440d176e3c3254fada4e56da12880c0	native	false	family.entire-source-closure	REVIEW_REQUIRED
synexia-indexstring/src/main/native/sha256_prepared_batch.c	e7cf9bab2e2e6860940cead0135ddeea1ea0381c	native	false	family.entire-source-closure	REVIEW_REQUIRED
synexia-indexstring/src/main/native/sha256_prepared_batch.h	1932e3734e596ca78568986fd8c3b2547f8c9de6	native	false	family.entire-source-closure	REVIEW_REQUIRED
synexia-indexstring/src/main/native/sha256_prepared_jni.c	41bf03c7a3f726846964f3fb95291ca8e47cf99a	native	false	family.entire-source-closure	REVIEW_REQUIRED
synexia-indexstring/src/main/native/signature_popcount.h	c1822e71fc2addbe04497dbc71dcc647d25e498a	native	false	family.entire-source-closure	REVIEW_REQUIRED
synexia-indexstring/src/main/resources/META-INF/licenses/RANGE_PRECOMPUTE_MIT.txt	3d39b6ce62cda05b96a841225071b33d9c4ef327	resource	false	family.entire-source-closure	REVIEW_REQUIRED
synexia-indexstring/src/main/resources/META-INF/licenses/SPEC_PRECOMPUTE_MIT.txt	f7a34e291fe09f4b35250079879e45f0e1f51901	resource	false	family.entire-source-closure	REVIEW_REQUIRED
synexia-indexstring/src/main/resources/META-INF/licenses/posting-read-reuse/LICENSE-2.0	d645695673349e3947e8e5ae42332d0ac3164cd7	resource	false	family.entire-source-closure	REVIEW_REQUIRED
synexia-indexstring/src/main/resources/META-INF/licenses/posting-read-reuse/NOTICE	156005230fab67d56a951aadbbaff443c8c2a705	resource	false	family.entire-source-closure	REVIEW_REQUIRED
synexia-indexstring/src/main/resources/META-INF/licenses/protobuf-cursor-BSD-3-Clause.txt	458c82a8dc0c3bfafb9df160f03969a3a0ae0ec3	resource	false	family.entire-source-closure	REVIEW_REQUIRED
synexia-indexstring/src/main/resources/META-INF/services/com.synexia.indexstring.IndexSearchAccelerator	e3f900499ee54e550cdf609ac6b16ae039966a0a	resource	false	family.entire-source-closure	REVIEW_REQUIRED
synexia-indexstring/src/main/resources/META-INF/services/com.synexia.indexstring.MIndexRegexBatchAccelerator	9b1c540744ee8959c51b1363929f70e339216faf	resource	false	family.entire-source-closure	REVIEW_REQUIRED
synexia-indexstring/src/main/resources/META-INF/services/com.synexia.indexstring.MIndexStructuralAdapterProvider	550980de4c85900c20be956f7cc465f6c1bd9aee	resource	false	family.entire-source-closure	REVIEW_REQUIRED
synexia-indexstring/src/main/resources/META-INF/services/com.synexia.indexstring.MatIndexStringAccelerator	944be40158fccc7e75dee081b73c9481c15ef0fa	resource	false	family.entire-source-closure	REVIEW_REQUIRED
synexia-indexstring/src/main/resources/META-INF/services/com.synexia.indexstring.api.MIndexApiDispatchKernel	4aefd18d91d5c0d80a5bd0ba5639191c5df3be51	resource	false	family.entire-source-closure	REVIEW_REQUIRED
synexia-indexstring/src/main/resources/META-INF/services/javax.annotation.processing.Processor	fb35ae276ba8c1a784b7afe7bd51ea1b12a2de90	resource	false	family.entire-source-closure	REVIEW_REQUIRED
synexia-indexstring/src/main/resources/com/synexia/indexstring/gpu/mindex_batch.cl	1890b4870e494f5bf9ac9e25716cb438478d2adb	resource	false	family.entire-source-closure	REVIEW_REQUIRED
synexia-indexstring/src/main/resources/com/synexia/indexstring/gpu/mindex_batch_core.h	fa121f14856bcf7124b267eb2175d698dae67cf7	resource	false	family.entire-source-closure	REVIEW_REQUIRED
synexia-indexstring/verification/mindexfs-native-semantic/recipe/src/main/java/com/synexia/m3/M3MIndexFsNativeSemanticRecipe.java	29f8f1d0f4412557e1fc35dad172b42db2654b24	java	false	family.entire-source-closure	REVIEW_REQUIRED
synexia-indexstring/verification/mindexfs-native-semantic/recipe/src/main/resources/TASK.md	7684172bf9a5c9249dcf8f59d288faecc1f99de1	resource	false	family.entire-source-closure	REVIEW_REQUIRED
synexia-indexstring/verification/mindexfs-native-semantic/recipe/src/main/resources/TASK.sha256	a14a87010e1b4d84bce7edff9c2c7e7b893740a3	resource	false	family.entire-source-closure	REVIEW_REQUIRED
synexia-indexstring/verification/mindexfs-native-semantic/recipe/src/main/resources/postimages/.github/workflows/mindexfs-native-stack.yml	7b9c18fa9754d4cfd5d311807ac4a2c28b21207a	resource	false	family.entire-source-closure	REVIEW_REQUIRED
synexia-indexstring/verification/mindexfs-native-semantic/recipe/src/main/resources/postimages/FOSS_REUSE_DECISION.tsv	c531c26fb23db32b9e53111928f9edefc1691ef5	resource	false	family.entire-source-closure	REVIEW_REQUIRED
synexia-indexstring/verification/mindexfs-native-semantic/recipe/src/main/resources/postimages/synexia-indexstring/docs/MINDEXFS_NATIVE_MINDEX_REGEX.md	83ccdbed08dd07d8245296d8fd506b95e7d080a4	resource	false	family.entire-source-closure	REVIEW_REQUIRED
synexia-indexstring/verification/mindexfs-native-semantic/recipe/src/main/resources/postimages/synexia-indexstring/native/mindexfs/CMakeLists.txt	7a6c93fa9ae99d9b8b4555bf93e3c593b9638963	native	false	family.entire-source-closure	REVIEW_REQUIRED
synexia-indexstring/verification/mindexfs-native-semantic/recipe/src/main/resources/postimages/synexia-indexstring/native/mindexfs/include/synexia_mindexfs.h	b72998ab8a5ad5f3a4590c8a14dd1e621cd4c41a	native	false	family.entire-source-closure	REVIEW_REQUIRED
synexia-indexstring/verification/mindexfs-native-semantic/recipe/src/main/resources/postimages/synexia-indexstring/native/mindexfs/include/synexia_mindexfs_semantic.h	3ea753a0536cc41e4d6ef1bdc5b930bdc987555d	native	false	family.entire-source-closure	REVIEW_REQUIRED
synexia-indexstring/verification/mindexfs-native-semantic/recipe/src/main/resources/postimages/synexia-indexstring/native/mindexfs/src/mindex_semantic_core.c	e9a52d96d4bce386a143ae6208c42b4269011f23	native	false	family.entire-source-closure	REVIEW_REQUIRED
synexia-indexstring/verification/mindexfs-native-semantic/recipe/src/main/resources/postimages/synexia-indexstring/native/mindexfs/src/mindex_semantic_core.h	61a99f18cba2d752bcbacfc3126541aaff920269	native	false	family.entire-source-closure	REVIEW_REQUIRED
synexia-indexstring/verification/mindexfs-native-semantic/recipe/src/main/resources/postimages/synexia-indexstring/native/mindexfs/src/mindexfs.c	4f6aecdc6ed69870d010dde159100f85e161f163	native	false	family.entire-source-closure	REVIEW_REQUIRED
synexia-indexstring/verification/mindexfs-native-semantic/recipe/src/main/resources/postimages/synexia-indexstring/native/mindexfs/src/mindexfs_internal.h	c3b4573592e32738058deeafdbc4fac64c3cdd7c	native	false	family.entire-source-closure	REVIEW_REQUIRED
synexia-indexstring/verification/mindexfs-native-semantic/recipe/src/main/resources/postimages/synexia-indexstring/native/mindexfs/src/mindexfs_jni.c	a0e4aaa1f413db6b8d3fb1dc0b8b0b472f78107b	native	false	family.entire-source-closure	REVIEW_REQUIRED
synexia-indexstring/verification/mindexfs-native-semantic/recipe/src/main/resources/postimages/synexia-indexstring/native/mindexfs/src/mindexfs_semantic.c	b1640b214948e5dadc149b81230e9e4ea416dcae	native	false	family.entire-source-closure	REVIEW_REQUIRED
synexia-indexstring/verification/mindexfs-native-semantic/recipe/src/main/resources/postimages/synexia-indexstring/native/mindexfs/tests/mindexfs_semantic_test.c	32246089158b42ede0b89d2f878b9193e06e1fd0	native	false	family.entire-source-closure	REVIEW_REQUIRED
synexia-indexstring/verification/mindexfs-native-semantic/recipe/src/main/resources/postimages/synexia-indexstring/src/main/java/com/synexia/indexstring/fs/MIndexFileSystem.java	1dfdaa83b2a362ecf6f318d56fae5f2363a2de55	java	true	family.entire-source-closure	REVIEW_REQUIRED
synexia-indexstring/verification/mindexfs-native-semantic/recipe/src/main/resources/postimages/synexia-indexstring/src/main/java/com/synexia/indexstring/fs/MIndexFsMIndexImage.java	eeaf6c7e568f0fdafca9f02c6a7e45efae4d5d04	java	true	family.entire-source-closure	REVIEW_REQUIRED
synexia-indexstring/verification/mindexfs-native-semantic/recipe/src/main/resources/postimages/synexia-indexstring/src/main/java/com/synexia/indexstring/fs/MIndexFsNative.java	eb335d99d9114144f58ba56d9cfeb464f273d48a	java	true	family.entire-source-closure	REVIEW_REQUIRED
synexia-indexstring/verification/mindexfs-native-semantic/recipe/src/main/resources/postimages/synexia-indexstring/src/test/java/com/synexia/indexstring/fs/MIndexFsNativeSemanticTest.java	defad3b8be979bbd4b068bac9c134fc79cd5bda3	java	true	family.entire-source-closure	REVIEW_REQUIRED
synexia-indexstring/verification/mindexfs-native-semantic/recipe/src/main/resources/recipe-manifest.sha256	888104422d3371b0c639c5a2fc8f019bd68dd36c	resource	false	family.entire-source-closure	REVIEW_REQUIRED
synexia-indexstring/verification/mindexfs-native-semantic/recipe/src/main/resources/recipe-manifest.tsv	9adc7ae2d48fcefb7bce4611c5b3a7f52ecf3c9e	resource	false	family.entire-source-closure	REVIEW_REQUIRED
synexia-indexstring/verification/mindexfs-superset/recipe/src/main/java/com/synexia/mindexfs/recipe/MIndexFsSupersetFeatureRecipe.java	9b8339085cf4f59e4d2a1de383a403012182f783	java	true	family.entire-source-closure	REVIEW_REQUIRED
synexia-indexstring/verification/mindexfs-superset/recipe/src/main/resources/post/.github/workflows/mindexfs-native-stack.yml	25d2ed4e84cfb362af9d28735dc47cf9629210cf	resource	false	family.entire-source-closure	REVIEW_REQUIRED
synexia-indexstring/verification/mindexfs-superset/recipe/src/main/resources/post/synexia-indexstring/native/mindexfs/CMakeLists.txt	567fd5324377f616eeb7d1328a33684344754f3d	native	false	family.entire-source-closure	REVIEW_REQUIRED
synexia-indexstring/verification/mindexfs-superset/recipe/src/main/resources/post/synexia-indexstring/native/mindexfs/include/synexia_mindexfs.h	629453887c5d79828fb55a6ad83adef75d7f9d7b	native	false	family.entire-source-closure	REVIEW_REQUIRED
synexia-indexstring/verification/mindexfs-superset/recipe/src/main/resources/post/synexia-indexstring/native/mindexfs/src/mindexfs.c	a8bde07edaec81e72a46519d119ab8fb4a5c1007	native	false	family.entire-source-closure	REVIEW_REQUIRED
synexia-indexstring/verification/mindexfs-superset/recipe/src/main/resources/post/synexia-indexstring/native/mindexfs/src/mindexfs_jni.c	843d1a0584c64fe43a858bb44321a3501326e109	native	false	family.entire-source-closure	REVIEW_REQUIRED
synexia-indexstring/verification/mindexfs-superset/recipe/src/main/resources/post/synexia-indexstring/native/mindexfs/tests/mindexfs_sparse_test.c	9e9a0410fd3a4763320de4eaa025edf9499fd6ed	native	false	family.entire-source-closure	REVIEW_REQUIRED
synexia-indexstring/verification/mindexfs-superset/recipe/src/main/resources/post/synexia-indexstring/src/main/java/com/synexia/indexstring/fs/MIndexFileSystem.java	bda8901197b1262612bf2ee80ac4bed839d019c5	java	true	family.entire-source-closure	REVIEW_REQUIRED
synexia-indexstring/verification/mindexfs-superset/recipe/src/main/resources/post/synexia-indexstring/src/main/java/com/synexia/indexstring/fs/MIndexFsFeature.java	f4e55f318d41063eafe27818c149b1f130f44e9d	java	true	family.entire-source-closure	REVIEW_REQUIRED
synexia-indexstring/verification/mindexfs-superset/recipe/src/main/resources/post/synexia-indexstring/src/main/java/com/synexia/indexstring/fs/MIndexFsNative.java	65ed5d363c2a5e14ef3b9b5591b2b5ee2966f982	java	true	family.entire-source-closure	REVIEW_REQUIRED
synexia-indexstring/verification/mindexfs-superset/recipe/src/main/resources/post/synexia-indexstring/src/test/java/com/synexia/indexstring/fs/MIndexFsFeatureTest.java	f77e0bd0d849cf0f6d0eccde25cd8ee35185215a	java	true	family.entire-source-closure	REVIEW_REQUIRED
synexia-indexstring/verification/mindexfs-superset/recipe/src/main/resources/post/synexia-indexstring/src/test/java/com/synexia/indexstring/fs/MIndexFsSparseFeatureTest.java	fa685bab7f0aee50e1e3196c26710a488883c29f	java	true	family.entire-source-closure	REVIEW_REQUIRED
synexia-indexstring/verification/mindexfs-superset/recipe/src/main/resources/targets.tsv	72d593fef2af3a5ef70f0801a0f3025638161496	resource	false	family.entire-source-closure	REVIEW_REQUIRED
synexia-indexstring/verification/r10/src/main/java/com/synexia/indexstring/R10.java	8a51f96bb2f056d3129f9f9d8d0271b54d072b41	java	false	family.entire-source-closure	REVIEW_REQUIRED
synexia-indexstring/verification/r10/src/main/java/com/synexia/indexstring/R10Native.java	c85af058ea8e0efa3d9c18dd409b009f4514da2e	java	false	family.entire-source-closure	REVIEW_REQUIRED
synexia-indexstring/verification/r10/src/main/java/com/synexia/rewrite/chamber/R10Chamber.java	9f860b6cf61063fa24b5a1b5843d81b6f8f3886f	java	false	family.entire-source-closure	REVIEW_REQUIRED
synexia-indexstring/verification/ram-lookup-jmh/src/main/java/com/synexia/indexstring/benchmark/LexiconFixture.java	01e91d3f5115c29cbc35ef91165f5efad01af5f3	java	false	family.entire-source-closure	REVIEW_REQUIRED
synexia-indexstring/verification/ram-lookup-jmh/src/main/java/com/synexia/indexstring/benchmark/MIndexJoinedByteLookupBenchmark.java	d640043616442c62f8cb44b14f178a90956a4f02	java	true	family.entire-source-closure	REVIEW_REQUIRED
synexia-indexstring/verification/ram-lookup-jmh/src/main/java/com/synexia/indexstring/benchmark/MIndexRamLookupBenchmark.java	6df76607386521439b8d6c9f33d46bd76133ec43	java	true	family.entire-source-closure	REVIEW_REQUIRED
synexia-indexstring/verification/ram-lookup-jmh/src/main/java/com/synexia/indexstring/benchmark/MappedFirstTouchProbe.java	02e050e9b7f2d8fe3442459e00db90abcf84578c	java	false	family.entire-source-closure	REVIEW_REQUIRED
synexia-mat-collections/src/main/java/com/synexia/matcollections/ISignal.java	a97aa9cdf8d70d63489e72247053a748a4d7b82f	java	false	family.entire-source-closure	REVIEW_REQUIRED
synexia-mat-collections/src/main/java/com/synexia/matcollections/MatAdaptiveIntGraph.java	fcd25f33adba6f6edf630d0ebb02a84e3960352a	java	false	family.entire-source-closure	REVIEW_REQUIRED
synexia-mat-collections/src/main/java/com/synexia/matcollections/MatAdaptiveIntIntMap.java	ed9b90ab31741d387d46df9877cbe11407da7dcb	java	false	family.entire-source-closure	REVIEW_REQUIRED
synexia-mat-collections/src/main/java/com/synexia/matcollections/MatAdaptiveIntSet.java	ee6fce4bf796993a7c8a09bd686ffd5cce4e109b	java	false	family.entire-source-closure	REVIEW_REQUIRED
synexia-mat-collections/src/main/java/com/synexia/matcollections/MatAdaptiveIntVector.java	4864d93fc8400f23139f624891a82f65862a1ff6	java	false	family.entire-source-closure	REVIEW_REQUIRED
synexia-mat-collections/src/main/java/com/synexia/matcollections/MatAdaptiveLongLongMap.java	23c1729dae892dfc70041df8741cf1e75687d7b1	java	false	family.entire-source-closure	REVIEW_REQUIRED
synexia-mat-collections/src/main/java/com/synexia/matcollections/MatBitMatrix.java	3e0be8299e39f9e4e0f7830eb99744ee1d2c5da7	java	false	family.entire-source-closure	REVIEW_REQUIRED
synexia-mat-collections/src/main/java/com/synexia/matcollections/MatBlockIntVector.java	835f638c0a8ef6d141bef76820a62d11661baf60	java	false	family.entire-source-closure	REVIEW_REQUIRED
synexia-mat-collections/src/main/java/com/synexia/matcollections/MatBoundary.java	746715994bb9ca2f7c4cbdbe7693436698d58ffa	java	false	family.entire-source-closure	REVIEW_REQUIRED
synexia-mat-collections/src/main/java/com/synexia/matcollections/MatCollectionFactory.java	d3d4d5704a6f2e405145320c7a13a4c660122a4e	java	false	family.entire-source-closure	REVIEW_REQUIRED
synexia-mat-collections/src/main/java/com/synexia/matcollections/MatCollectionPlan.java	8533a83f504de89abc2103cb1499033240dc6362	java	false	family.entire-source-closure	REVIEW_REQUIRED
synexia-mat-collections/src/main/java/com/synexia/matcollections/MatCollectionPlanReceipt.java	14a91758a0a544c2096b6370dba26d01cdd335e4	java	false	family.entire-source-closure	REVIEW_REQUIRED
synexia-mat-collections/src/main/java/com/synexia/matcollections/MatCollectionPolicy.java	fdda4391091541d0727a57aa84ff85fa2011477c	java	false	family.entire-source-closure	REVIEW_REQUIRED
synexia-mat-collections/src/main/java/com/synexia/matcollections/MatCollectionRequirements.java	14572752e4f3da6bbdce8c1655d4308e62d45547	java	false	family.entire-source-closure	REVIEW_REQUIRED
synexia-mat-collections/src/main/java/com/synexia/matcollections/MatCollectionStats.java	37f0558b5910a1b6fdd196a5ef69a10f61b20455	java	false	family.entire-source-closure	REVIEW_REQUIRED
synexia-mat-collections/src/main/java/com/synexia/matcollections/MatCollectionsDemo.java	0032212513d660ad9cb9cf0d317d53e55f003229	java	false	family.entire-source-closure	REVIEW_REQUIRED
synexia-mat-collections/src/main/java/com/synexia/matcollections/MatCollectionsV2Demo.java	edcaf03abcdd3dc6533a2a5e1d03adb660e21aec	java	false	family.entire-source-closure	REVIEW_REQUIRED
synexia-mat-collections/src/main/java/com/synexia/matcollections/MatCsrGraph.java	37e66e93de763710c046fc6267390fe834b17bc5	java	false	family.entire-source-closure	REVIEW_REQUIRED
synexia-mat-collections/src/main/java/com/synexia/matcollections/MatGroupIndex.java	b4633f8023712f728a8bb6590a059e25d74b3d5b	java	false	family.entire-source-closure	REVIEW_REQUIRED
synexia-mat-collections/src/main/java/com/synexia/matcollections/MatHybridIntSet.java	d42abe8925f6d03aaf01fb6a1591ede73c45deeb	java	false	family.entire-source-closure	REVIEW_REQUIRED
synexia-mat-collections/src/main/java/com/synexia/matcollections/MatIdIdMap.java	cf79e16c3a0b98a3c8c21eac85c14f34bdebe418	java	false	family.entire-source-closure	REVIEW_REQUIRED
synexia-mat-collections/src/main/java/com/synexia/matcollections/MatIdList.java	f39f2b9cba1acf81c0fc2fa32abc72dda55f79a9	java	false	family.entire-source-closure	REVIEW_REQUIRED
synexia-mat-collections/src/main/java/com/synexia/matcollections/MatIdMultiMap.java	ce2783a57fc09b7c2e4756de5ca583ccc098ea1b	java	false	family.entire-source-closure	REVIEW_REQUIRED
synexia-mat-collections/src/main/java/com/synexia/matcollections/MatIntBag.java	3690411f2201e3e1e8d0258269aeae488202feed	java	false	family.entire-source-closure	REVIEW_REQUIRED
synexia-mat-collections/src/main/java/com/synexia/matcollections/MatIntList.java	821f776b5eaef9923ebd1b27bc11bf488fe15a8a	java	false	family.entire-source-closure	REVIEW_REQUIRED
synexia-mat-collections/src/main/java/com/synexia/matcollections/MatIntMultiMap.java	dc304807401c2ccb80a3640bdeb5405fd875a825	java	false	family.entire-source-closure	REVIEW_REQUIRED
synexia-mat-collections/src/main/java/com/synexia/matcollections/MatIntOrder.java	95e3bbc3fa014dde58c60895039adc630aaaf44e	java	false	family.entire-source-closure	REVIEW_REQUIRED
synexia-mat-collections/src/main/java/com/synexia/matcollections/MatIntPostingIndex.java	24a11687d80578e02ab35a6e3cf3f4d4559c4617	java	false	family.entire-source-closure	REVIEW_REQUIRED
synexia-mat-collections/src/main/java/com/synexia/matcollections/MatIntPriorityQueue.java	b929efcd5481549a2496bf7beaa22572facef0db	java	false	family.entire-source-closure	REVIEW_REQUIRED
synexia-mat-collections/src/main/java/com/synexia/matcollections/MatIntRangeMap.java	b7a51d9e465ec0ecb9dfb705cb6e821d62c55289	java	false	family.entire-source-closure	REVIEW_REQUIRED
synexia-mat-collections/src/main/java/com/synexia/matcollections/MatIntRangeSet.java	d65af50a9b4bb27eda615ae806b8633956083c83	java	false	family.entire-source-closure	REVIEW_REQUIRED
synexia-mat-collections/src/main/java/com/synexia/matcollections/MatIntRingBuffer.java	6f087cd8332181882d869b316168b1e67a6303b4	java	false	family.entire-source-closure	REVIEW_REQUIRED
synexia-mat-collections/src/main/java/com/synexia/matcollections/MatIntrusiveHandleList.java	bf14f94235af08eb694505671a586147c88351e0	java	false	family.entire-source-closure	REVIEW_REQUIRED
synexia-mat-collections/src/main/java/com/synexia/matcollections/MatLongList.java	dd3023a92ef5aca867b5ef1654da821b04e72dfa	java	false	family.entire-source-closure	REVIEW_REQUIRED
synexia-mat-collections/src/main/java/com/synexia/matcollections/MatNativeSignalOrder.java	450310daa5f59c981226baf5e992eb9f90804ad3	java	false	family.entire-source-closure	REVIEW_REQUIRED
synexia-mat-collections/src/main/java/com/synexia/matcollections/MatNullableIntVector.java	f66269f55f2cb79c3a383b5b872bb1f919d5a6e7	java	false	family.entire-source-closure	REVIEW_REQUIRED
synexia-mat-collections/src/main/java/com/synexia/matcollections/MatPlanned.java	df13330980df237e2c0dc03037ec5decffa459d1	java	false	family.entire-source-closure	REVIEW_REQUIRED
synexia-mat-collections/src/main/java/com/synexia/matcollections/MatPlannedIntSet.java	ef12abadb7b9305ad8136ebaaa9220fb9254bce1	java	false	family.entire-source-closure	REVIEW_REQUIRED
synexia-mat-collections/src/main/java/com/synexia/matcollections/MatPlannedIntVector.java	f1c6e7a883a0d323b21257e00fb0abdbeb91d828	java	false	family.entire-source-closure	REVIEW_REQUIRED
synexia-mat-collections/src/main/java/com/synexia/matcollections/MatPointerHandle.java	14704d778097d200151b44351c8279ef5eae4f75	java	false	family.entire-source-closure	REVIEW_REQUIRED
synexia-mat-collections/src/main/java/com/synexia/matcollections/MatRankSelectBitVector.java	0f571f976d1ff313a3205b0e6bf54d2d607bcae4	java	false	family.entire-source-closure	REVIEW_REQUIRED
synexia-mat-collections/src/main/java/com/synexia/matcollections/MatRecordArena.java	f0f525599a9d5d5d761c9ee81ecec8bb821cd481	java	false	family.entire-source-closure	REVIEW_REQUIRED
synexia-mat-collections/src/main/java/com/synexia/matcollections/MatRecordSnapshot.java	c53a6ba6443909a374ec5abd675293d43d594b51	java	false	family.entire-source-closure	REVIEW_REQUIRED
synexia-mat-collections/src/main/java/com/synexia/matcollections/MatRoaringIntSet.java	797e73e0a321ce7f795b3aa736ee27be02c4401a	java	false	family.entire-source-closure	REVIEW_REQUIRED
synexia-mat-collections/src/main/java/com/synexia/matcollections/MatSelection.java	4dfbee90f2e0371a7ee4699af5060dd33d114afa	java	false	family.entire-source-closure	REVIEW_REQUIRED
synexia-mat-collections/src/main/java/com/synexia/matcollections/MatSparseIntVector.java	ac9cf7aea70009dfc051673144b2046934514718	java	false	family.entire-source-closure	REVIEW_REQUIRED
synexia-mat-collections/src/main/java/com/synexia/matcollections/MatStorageKind.java	ad646ff0ddc379b3e92ca41ff651cf1254a09c6c	java	false	family.entire-source-closure	REVIEW_REQUIRED
synexia-mat-value/src/main/java/com/synexia/matvalue/MappedMatPool.java	fe153cd5917745de155e1154169a9f47d860d5fb	java	false	family.entire-source-closure	REVIEW_REQUIRED
synexia-mat-value/src/main/java/com/synexia/matvalue/MappedMatRef.java	cb8c7d251ebfd7e390cf9755a134d60b05f930bf	java	false	family.entire-source-closure	REVIEW_REQUIRED
synexia-mat-value/src/main/java/com/synexia/matvalue/MatAcronymLexicon.java	fbb4d9f05f7634065aaedfb6af1b244f7e0313e7	java	false	family.entire-source-closure	REVIEW_REQUIRED
synexia-mat-value/src/main/java/com/synexia/matvalue/MatAnyPool.java	f122941ae98bea330ea64e02ed44ab6e7536c9e4	java	false	family.entire-source-closure	REVIEW_REQUIRED
synexia-mat-value/src/main/java/com/synexia/matvalue/MatAnyRef.java	75de3bfff2b2984c1ed76065805961f72da42801	java	false	family.entire-source-closure	REVIEW_REQUIRED
synexia-mat-value/src/main/java/com/synexia/matvalue/MatBitSliceLongVector.java	756b5d82a0dab21c73790e9c8f2df04855e6f5e7	java	false	family.entire-source-closure	REVIEW_REQUIRED
synexia-mat-value/src/main/java/com/synexia/matvalue/MatBits.java	eb9dfe260fe5249a6c8507d6d1eb5c24f88d3a10	java	false	family.entire-source-closure	REVIEW_REQUIRED
synexia-mat-value/src/main/java/com/synexia/matvalue/MatCodec.java	59aaf4a63b78e0e355b28455b7850d18846f6bd8	java	false	family.entire-source-closure	REVIEW_REQUIRED
synexia-mat-value/src/main/java/com/synexia/matvalue/MatCodecs.java	418994fab452e7928a15c81044119322c56b2105	java	false	family.entire-source-closure	REVIEW_REQUIRED
synexia-mat-value/src/main/java/com/synexia/matvalue/MatCsrIndex.java	9a776d7ca3c3a9c9b75fff2e9fd2df60b78feb52	java	false	family.entire-source-closure	REVIEW_REQUIRED
synexia-mat-value/src/main/java/com/synexia/matvalue/MatEnumVector.java	f1e7568420f3947d78e68505dac6531a605e0b69	java	false	family.entire-source-closure	REVIEW_REQUIRED
synexia-mat-value/src/main/java/com/synexia/matvalue/MatEvidenceIndex.java	93dc0ca01445ee73297ae785930276719a0fcb7b	java	false	family.entire-source-closure	REVIEW_REQUIRED
synexia-mat-value/src/main/java/com/synexia/matvalue/MatFlagVector.java	86e6f724419f8b4b8dee3d43955529a70006f74b	java	false	family.entire-source-closure	REVIEW_REQUIRED
synexia-mat-value/src/main/java/com/synexia/matvalue/MatHash.java	ed5e061f3e91c48146473939b42acdc026902517	java	false	family.entire-source-closure	REVIEW_REQUIRED
synexia-mat-value/src/main/java/com/synexia/matvalue/MatIdIntMap.java	1be80983f33c1ecb4c8dac1ae641459180610c16	java	false	family.entire-source-closure	REVIEW_REQUIRED
synexia-mat-value/src/main/java/com/synexia/matvalue/MatIdSet.java	7c20f01fcb64ab6d14609f1d3e99b962298ae897	java	false	family.entire-source-closure	REVIEW_REQUIRED
synexia-mat-value/src/main/java/com/synexia/matvalue/MatIdVector.java	7e88a19deda19808eb89a68f1f4cd2996797f963	java	false	family.entire-source-closure	REVIEW_REQUIRED
synexia-mat-value/src/main/java/com/synexia/matvalue/MatImmutable.java	d6acaa3976b36f9f1d2dd64c698c3ccf82ec908d	java	false	family.entire-source-closure	REVIEW_REQUIRED
synexia-mat-value/src/main/java/com/synexia/matvalue/MatIntVector.java	2ec541a7c4859fabd6c7ad0745a5b76a090f3c59	java	false	family.entire-source-closure	REVIEW_REQUIRED
synexia-mat-value/src/main/java/com/synexia/matvalue/MatLexiconSource.java	0fdfc6ce229c44a0e1171e0862361b0ba18c9a1d	java	false	family.entire-source-closure	REVIEW_REQUIRED
synexia-mat-value/src/main/java/com/synexia/matvalue/MatLexiconTsv.java	1a9a043160a432e05cdf56a1ea209838635654bf	java	false	family.entire-source-closure	REVIEW_REQUIRED
synexia-mat-value/src/main/java/com/synexia/matvalue/MatLimits.java	3d435b69034d3e0d83c315a3c9c37c1d0e8a6ee7	java	false	family.entire-source-closure	REVIEW_REQUIRED
synexia-mat-value/src/main/java/com/synexia/matvalue/MatLogicEngine.java	4ff6f042abf7d34b63ddd886c865ec31a72772cb	java	false	family.entire-source-closure	REVIEW_REQUIRED
synexia-mat-value/src/main/java/com/synexia/matvalue/MatLongVector.java	c7800c8a1cf65115f760aa772a492abd39f5b605	java	false	family.entire-source-closure	REVIEW_REQUIRED
synexia-mat-value/src/main/java/com/synexia/matvalue/MatMemoTable.java	92cc01cc8a83e26888d8154c001742a836e29e03	java	false	family.entire-source-closure	REVIEW_REQUIRED
synexia-mat-value/src/main/java/com/synexia/matvalue/MatOffsetIntArena.java	53b8d2b99af827880782bab71d0cbb23e6d3d05c	java	false	family.entire-source-closure	REVIEW_REQUIRED
synexia-mat-value/src/main/java/com/synexia/matvalue/MatOffsetLongArena.java	0a32bab82b8e48e65aa932c20791762cfd84e208	java	false	family.entire-source-closure	REVIEW_REQUIRED
synexia-mat-value/src/main/java/com/synexia/matvalue/MatOperatorTable.java	1a25ef96db13865844c6f7290ec93f17d07b7e11	java	false	family.entire-source-closure	REVIEW_REQUIRED
synexia-mat-value/src/main/java/com/synexia/matvalue/MatPackedLongVector.java	473dcd516e995f8ebf12cb3d8eb2830c517d3a22	java	false	family.entire-source-closure	REVIEW_REQUIRED
synexia-mat-value/src/main/java/com/synexia/matvalue/MatPool.java	dfb2064eaa7bf309e63e5140c639d8a3d4053507	java	false	family.entire-source-closure	REVIEW_REQUIRED
synexia-mat-value/src/main/java/com/synexia/matvalue/MatPoolImage.java	ce1c7aeecb8e227ad1273e25f810e3411842a7f1	java	false	family.entire-source-closure	REVIEW_REQUIRED
synexia-mat-value/src/main/java/com/synexia/matvalue/MatPortableRef.java	c4f97ba07322208eca4326c4c391397e9f54c1d9	java	false	family.entire-source-closure	REVIEW_REQUIRED
synexia-mat-value/src/main/java/com/synexia/matvalue/MatPredicateFlags.java	77bb7c26894601f45ee955952950b21a7fad6935	java	false	family.entire-source-closure	REVIEW_REQUIRED
synexia-mat-value/src/main/java/com/synexia/matvalue/MatPredicateLexicon.java	7697533102c662f197c2e0639d61c632ffd00b7c	java	false	family.entire-source-closure	REVIEW_REQUIRED
synexia-mat-value/src/main/java/com/synexia/matvalue/MatPrimitiveFacts.java	7d0abed542624448f8fa54396f10c8277ccbe9fe	java	false	family.entire-source-closure	REVIEW_REQUIRED
synexia-mat-value/src/main/java/com/synexia/matvalue/MatPrimitiveKernel.java	93f4ecd85938ae76c7b798acec714bcd46137341	java	false	family.entire-source-closure	REVIEW_REQUIRED
synexia-mat-value/src/main/java/com/synexia/matvalue/MatReasoningKernel.java	6acbd5f0323130544a8b5d98301aadb08eb1c69c	java	false	family.entire-source-closure	REVIEW_REQUIRED
synexia-mat-value/src/main/java/com/synexia/matvalue/MatRecordCodec.java	5a7d53bbbec2dc0ac7b7e8f0576675b8b7df2bc9	java	false	family.entire-source-closure	REVIEW_REQUIRED
synexia-mat-value/src/main/java/com/synexia/matvalue/MatRecordStore.java	4e7df5eaf02f4b419f9ce682d5160f40ea4549d0	java	false	family.entire-source-closure	REVIEW_REQUIRED
synexia-mat-value/src/main/java/com/synexia/matvalue/MatRef.java	9f2cf9e66a511608d3134b0da473d08874a105d5	java	false	family.entire-source-closure	REVIEW_REQUIRED
synexia-mat-value/src/main/java/com/synexia/matvalue/MatSiDimension.java	bf31ae771c899a78012f0c6695aeaf9a4e9f2211	java	false	family.entire-source-closure	REVIEW_REQUIRED
synexia-mat-value/src/main/java/com/synexia/matvalue/MatSiPrefixLexicon.java	56ad18a5f529a8605099a5387279dcfefaa53d4c	java	false	family.entire-source-closure	REVIEW_REQUIRED
synexia-mat-value/src/main/java/com/synexia/matvalue/MatSiUnitLexicon.java	92855d2817e791b9d6d063c65183172ea435c80f	java	false	family.entire-source-closure	REVIEW_REQUIRED
synexia-mat-value/src/main/java/com/synexia/matvalue/MatSink.java	fd2045dfa2a5cd8247f3aa507d1c3fe9eb4885b4	java	false	family.entire-source-closure	REVIEW_REQUIRED
synexia-mat-value/src/main/java/com/synexia/matvalue/MatSource.java	962d120f127919a1b388522451995a13094dd1d8	java	false	family.entire-source-closure	REVIEW_REQUIRED
synexia-mat-value/src/main/java/com/synexia/matvalue/MatStatement.java	0cd52259c9cfa778e69cb113d38db88de804d309	java	false	family.entire-source-closure	REVIEW_REQUIRED
synexia-mat-value/src/main/java/com/synexia/matvalue/MatStatementComparison.java	2189bc25aeb723422bbbc94dbf4f67aec14e00e9	java	false	family.entire-source-closure	REVIEW_REQUIRED
synexia-mat-value/src/main/java/com/synexia/matvalue/MatStatementEvaluator.java	776f080603743aae3ce253bfae0dd38c8be9e0a2	java	false	family.entire-source-closure	REVIEW_REQUIRED
synexia-mat-value/src/main/java/com/synexia/matvalue/MatStaticLexicon.java	56cb9693e36166e7af78de1297d95dd238431103	java	false	family.entire-source-closure	REVIEW_REQUIRED
synexia-mat-value/src/main/java/com/synexia/matvalue/MatTuple.java	62d08c9508a1328bf18958643ecbe2c7fdf3d3ce	java	false	family.entire-source-closure	REVIEW_REQUIRED
synexia-mat-value/src/main/java/com/synexia/matvalue/MatUnicodeLexicon.java	a3b2cfc6264cb98e4ca6d1807c8a80403fa64896	java	false	family.entire-source-closure	REVIEW_REQUIRED
synexia-mat-value/src/main/java/com/synexia/matvalue/MatUuidVector.java	200c850a71df8cc9db6e3c32f588e510264ec44f	java	false	family.entire-source-closure	REVIEW_REQUIRED
synexia-mat-value/src/main/java/com/synexia/matvalue/MatValueDemo.java	6795278adfe6ae787bdbb30c51554a2b4ac6f559	java	false	family.entire-source-closure	REVIEW_REQUIRED
synexia-mindex-indexstring-bridge/src/main/java/com/synexia/mindex/indexstring/M3CanonicalStorageBridge.java	f1b139aafc0bfad145fb926d24f2485c3d90e495	java	false	family.entire-source-closure	REVIEW_REQUIRED
synexia-mindex-indexstring-bridge/src/main/java/com/synexia/mindex/indexstring/MIndexCanonicalBridge.java	925e48880e091ce6410646e3f63fb61c8a3c9471	java	true	bridge.MIndexCanonicalBridge	REVIEW_REQUIRED
synexia-mindex-indexstring-bridge/src/main/java/com/synexia/mindex/indexstring/MIndexCanonicalStorageGate.java	c2557adc6b20e80244a99776c3ea7ef30005cd92	java	true	family.entire-source-closure	REVIEW_REQUIRED
synexia-mindex-indexstring-bridge/src/main/java/com/synexia/mindex/indexstring/MIndexDagDeferredSwap.java	2cd87536947f10d5be2095cd114606923ed4ee10	java	true	bridge.MIndexDagDeferredSwap	REVIEW_REQUIRED
synexia-mindex-indexstring-bridge/src/main/java/com/synexia/mindex/indexstring/MIndexDagPage.java	efdb2aba9d2cbfbd35ff544cb912758edd0ca991	java	true	bridge.MIndexDagPage	REVIEW_REQUIRED
synexia-mindex-indexstring-bridge/src/main/java/com/synexia/mindex/indexstring/MIndexDagPageCodec.java	608ea23a020554eb6190f6a9e5eb5a35b2a46587	java	true	bridge.MIndexDagPageCodec	REVIEW_REQUIRED
synexia-mindex-indexstring-bridge/src/main/java/com/synexia/mindex/indexstring/MIndexKnowledgeArgumentCompiler.java	75ec30e5a67923c6ad421ab8ab8d91e6dd420a83	java	true	bridge.MIndexKnowledgeArgumentCompiler	REVIEW_REQUIRED
synexia-mindex-indexstring-bridge/src/main/java/com/synexia/mindex/indexstring/MIndexKnowledgeArguments.java	134a9e7541672e21eef7cb0551f6f122b737b7f4	java	true	bridge.MIndexKnowledgeArguments	REVIEW_REQUIRED
synexia-mindex-indexstring-bridge/src/main/java/com/synexia/mindex/indexstring/MIndexLexiconCoordinateCompilerCli.java	5e01d6d2d2fad1ebe3535e1f55b7c37426d216a7	java	true	bridge.MIndexLexiconCoordinateCompilerCli	REVIEW_REQUIRED
synexia-mindex-indexstring-bridge/src/main/java/com/synexia/mindex/indexstring/MIndexLexiconCoordinateManifest.java	c31592b96a1ef6b4b654211ec0c66a3ea41a1d73	java	true	bridge.MIndexLexiconCoordinateManifest	REVIEW_REQUIRED
synexia-mindex-indexstring-bridge/src/main/java/com/synexia/mindex/indexstring/MIndexLexiconCoordinatePublisher.java	bd8ee3b608ebca9f2be6464fc3fa3096b9d73c28	java	true	bridge.MIndexLexiconCoordinatePublisher	REVIEW_REQUIRED
synexia-mindex-indexstring-bridge/src/main/java/com/synexia/mindex/indexstring/MIndexLexiconCoordinateSpace.java	d6f0672ceb7847ca2c6add49ed77bacde24f6c40	java	true	bridge.MIndexLexiconCoordinateSpace	REVIEW_REQUIRED
synexia-mindex-indexstring-bridge/src/main/java/com/synexia/mindex/indexstring/MIndexRuntimeStructuralAdapterProvider.java	d4fd03625269406d8d6d73c9b9f4cc343c2f1568	java	true	bridge.MIndexRuntimeStructuralAdapterProvider	REVIEW_REQUIRED
synexia-mindex-indexstring-bridge/src/main/java/com/synexia/mindex/indexstring/MIndexStringConversionBridge.java	eb7884f68b5a5b0d6f34be47c17326cf4d6222ee	java	true	bridge.MIndexStringConversionBridge	REVIEW_REQUIRED
synexia-mindex-indexstring-bridge/src/main/java/com/synexia/mindex/indexstring/MIndexStringPrecomputeConvergenceBridge.java	893ff59bf8d707f75ba53efdf87c4f24dc48a883	java	true	family.entire-source-closure	REVIEW_REQUIRED
synexia-mindex-indexstring-bridge/src/main/resources/META-INF/services/com.synexia.indexstring.MIndexStructuralAdapterProvider	759da1bba80d505ebccc6ee430aa19383f18744d	resource	false	family.entire-source-closure	REVIEW_REQUIRED
synexia-mindex/algorithm/src/main/java/com/synexia/mindex/algorithm/MIndexAlgorithm.java	0ecb4afd9fa7c8aec831eebdf68be15014124b7d	java	true	family.entire-source-closure	REVIEW_REQUIRED
synexia-mindex/algorithm/src/main/java/com/synexia/mindex/algorithm/MIndexAlgorithmCatalog.java	584b06f0f4688604471097928558dcad4c044ad5	java	true	family.entire-source-closure	REVIEW_REQUIRED
synexia-mindex/algorithm/src/main/java/com/synexia/mindex/algorithm/MIndexAlgorithmProfile.java	668be078e28ce550d8f29e74e08841d088ce7654	java	true	family.entire-source-closure	REVIEW_REQUIRED
synexia-mindex/algorithm/src/main/java/com/synexia/mindex/algorithm/MIndexAlgorithmProvider.java	764aeccbe563201fd323d7a6c6f3a91f849f4d72	java	true	family.entire-source-closure	REVIEW_REQUIRED
synexia-mindex/algorithm/src/main/java/com/synexia/mindex/algorithm/MIndexAlgorithms.java	912efecf06bf50a77ae2859b4714cb095b65a320	java	true	family.entire-source-closure	REVIEW_REQUIRED
synexia-mindex/algorithm/src/main/java/com/synexia/mindex/algorithm/MIndexChallengeKernelBridge.java	d438154cc6ef7384685e32f36674b114b3f01043	java	true	family.entire-source-closure	REVIEW_REQUIRED
synexia-mindex/algorithm/src/main/java/com/synexia/mindex/algorithm/MIndexClusteringAlgorithms.java	f60e2103f07f6c567a274da29ad6984df8ce4dc0	java	true	family.entire-source-closure	REVIEW_REQUIRED
synexia-mindex/algorithm/src/main/java/com/synexia/mindex/algorithm/MIndexClusteringMetrics.java	8ad18cbd253b98cd81aabef8c92013d73dd36063	java	true	family.entire-source-closure	REVIEW_REQUIRED
synexia-mindex/algorithm/src/main/java/com/synexia/mindex/algorithm/MIndexComplexity.java	ea65df5741936c32a368b06bb502c1e4f554a067	java	true	family.entire-source-closure	REVIEW_REQUIRED
synexia-mindex/algorithm/src/main/java/com/synexia/mindex/algorithm/MIndexGraphAlgorithms.java	6f5ab4d13a777e2329ae5429801f618bf1afac5d	java	true	family.entire-source-closure	REVIEW_REQUIRED
synexia-mindex/algorithm/src/main/java/com/synexia/mindex/algorithm/MIndexPackedKernelBridge.java	3fa486dc5af700ee1a87d82a30e3d58a85e79d63	java	true	family.entire-source-closure	REVIEW_REQUIRED
synexia-mindex/algorithm/src/main/java/com/synexia/mindex/algorithm/MIndexPreparedHorspoolPattern.java	1bc4c8b3636f25923ed91911a80314bf17d10e5d	java	true	family.entire-source-closure	REVIEW_REQUIRED
synexia-mindex/algorithm/src/main/java/com/synexia/mindex/algorithm/MIndexPreparedKmpPattern.java	03b4becd692a70724baff66bebc39e6724224ba8	java	true	family.entire-source-closure	REVIEW_REQUIRED
synexia-mindex/algorithm/src/main/java/com/synexia/mindex/algorithm/MIndexPreparedSubstringPattern.java	ad64d280a89bd6b970897e0fcf3c56b9f849b0fd	java	true	family.entire-source-closure	REVIEW_REQUIRED
synexia-mindex/algorithm/src/main/java/com/synexia/mindex/algorithm/MIndexSearchAlgorithms.java	302254b27f62ed131cb2c1bf4620b69acfaba75b	java	true	family.entire-source-closure	REVIEW_REQUIRED
synexia-mindex/algorithm/src/main/java/com/synexia/mindex/algorithm/MIndexSequenceAlgorithms.java	ca73e62d5dc4fcbcfbd901be78aa50c9a26bc1b7	java	true	family.entire-source-closure	REVIEW_REQUIRED
synexia-mindex/algorithm/src/main/java/com/synexia/mindex/label/MIndexForgeFacetItems.java	bf0f0defb4f605c9653c7391d970099ad10a5bb6	java	true	family.entire-source-closure	REVIEW_REQUIRED
synexia-mindex/algorithm/src/main/java/com/synexia/mindex/label/MIndexForgeIssueFacets.java	164380e97fe3fc052588d6c8440f52900270dd15	java	true	family.entire-source-closure	REVIEW_REQUIRED
synexia-mindex/algorithm/src/main/java/com/synexia/mindex/label/MIndexForgeIssueFilterState.java	7da800e1046decfa660a5a0ff6c31a042ef8759e	java	true	family.entire-source-closure	REVIEW_REQUIRED
synexia-mindex/algorithm/src/main/java/com/synexia/mindex/label/MIndexForgeIssueFilterStateCodec.java	ef3b64408e963baea5311be411fa127285a94987	java	true	family.entire-source-closure	REVIEW_REQUIRED
synexia-mindex/algorithm/src/main/java/com/synexia/mindex/label/MIndexLabelBatch.java	0327c2425102fa7bd890d4881551ba08826c49a7	java	true	family.entire-source-closure	REVIEW_REQUIRED
synexia-mindex/algorithm/src/main/java/com/synexia/mindex/label/MIndexLabelDelta.java	dd539e8d9d00a6a5c6c6351d2f48b38a9717d888	java	true	family.entire-source-closure	REVIEW_REQUIRED
synexia-mindex/algorithm/src/main/java/com/synexia/mindex/label/MIndexLabelFacets.java	42070a5930dd04fc33deaa8640d02dd4c903c401	java	true	family.entire-source-closure	REVIEW_REQUIRED
synexia-mindex/algorithm/src/main/java/com/synexia/mindex/label/MIndexLabelFilterItems.java	21333309994f26a336348cf1d874f9e615c4bc3e	java	true	family.entire-source-closure	REVIEW_REQUIRED
synexia-mindex/algorithm/src/main/java/com/synexia/mindex/label/MIndexLabelFilterState.java	a058300d065fddf0d0a0b693bfbbb345392c4993	java	true	family.entire-source-closure	REVIEW_REQUIRED
synexia-mindex/algorithm/src/main/java/com/synexia/mindex/label/MIndexLabelFilterStateCodec.java	4902bcee6280521a53611c985aa734cabc1942bd	java	true	family.entire-source-closure	REVIEW_REQUIRED
synexia-mindex/algorithm/src/main/java/com/synexia/mindex/label/MIndexLabelIndex.java	c4c7b72406c7e7cf3cfa3dd963dac4361c536749	java	true	family.entire-source-closure	REVIEW_REQUIRED
synexia-mindex/algorithm/src/main/java/com/synexia/mindex/label/MIndexLabelIndexCodec.java	0c4ecdd2650af201f69da0e8c09371c714dac575	java	true	family.entire-source-closure	REVIEW_REQUIRED
synexia-mindex/algorithm/src/main/java/com/synexia/mindex/label/MIndexLabelMaterializedView.java	a472897fafa4b3e101c10af929f48376efa28faf	java	true	family.entire-source-closure	REVIEW_REQUIRED
synexia-mindex/algorithm/src/main/java/com/synexia/mindex/label/MIndexLabelPresentationCatalog.java	328644b9cf1a7152c5d0c5019aa904a1533bbc84	java	true	family.entire-source-closure	REVIEW_REQUIRED
synexia-mindex/algorithm/src/main/java/com/synexia/mindex/label/MIndexLabelQuery.java	d7c4a821cc46671ef4d7c14419eb0527e32073f1	java	true	family.entire-source-closure	REVIEW_REQUIRED
synexia-mindex/algorithm/src/main/java/com/synexia/mindex/label/MIndexLabelQueryNormalizer.java	ddfd158a7199521759ebb45709ba8edaea8d90f2	java	true	family.entire-source-closure	REVIEW_REQUIRED
synexia-mindex/algorithm/src/main/java/com/synexia/mindex/label/MIndexLabelQueryParser.java	1ecfc870b460d173d2ac340d302d7c1d6a3988ec	java	true	family.entire-source-closure	REVIEW_REQUIRED
synexia-mindex/algorithm/src/main/java/com/synexia/mindex/label/MIndexLabelQueryPlan.java	2968d1a8e9b13f3dbbe139c367c50606bde1159a	java	true	family.entire-source-closure	REVIEW_REQUIRED
synexia-mindex/algorithm/src/main/java/com/synexia/mindex/label/MIndexLabelRule.java	e265c9745c432972468c5784ad147dc0d0bec8ef	java	true	family.entire-source-closure	REVIEW_REQUIRED
synexia-mindex/algorithm/src/main/java/com/synexia/mindex/label/MIndexLabelRuleEngine.java	60b76836934cd4206e842b1e3e35b2c7a323242e	java	true	family.entire-source-closure	REVIEW_REQUIRED
synexia-mindex/algorithm/src/main/java/com/synexia/mindex/label/MIndexLabelSelection.java	a5cb995cff709b80962e7ceb164bed581a9525f7	java	true	family.entire-source-closure	REVIEW_REQUIRED
synexia-mindex/algorithm/src/main/java/com/synexia/mindex/label/MIndexLabelStore.java	b19bce6b7f5ea0cf58bc388dd9c58276dbb78960	java	true	family.entire-source-closure	REVIEW_REQUIRED
synexia-mindex/algorithm/src/main/java/com/synexia/mindex/label/MIndexLabelView.java	2cd91307d5cd022c0a324e594f451e5a4f612727	java	true	family.entire-source-closure	REVIEW_REQUIRED
synexia-mindex/algorithm/src/main/java/com/synexia/mindex/label/MIndexLongRelationSet.java	a5703e3d85e5ec78590e3b84fb070ee970cacaac	java	true	family.entire-source-closure	REVIEW_REQUIRED
synexia-mindex/algorithm/src/main/java/com/synexia/mindex/label/MIndexPostingKernels.java	3f8af195473c075a0bd1ef23ef12723d3644c4ab	java	true	family.entire-source-closure	REVIEW_REQUIRED
synexia-mindex/class-index/src/main/java/com/synexia/mindex/classindex/MIndexClass.java	488bfc02c9830b333f45c631a9fa933cec56ea91	java	true	synexia.counterpart.MIndexClass	REVIEW_REQUIRED
synexia-mindex/class-index/src/main/java/com/synexia/mindex/classindex/MIndexClassBoundary.java	9166e2168afc6a78fe8bdb7e570defc178c7c35e	java	true	synexia.counterpart.MIndexClassBoundary	REVIEW_REQUIRED
synexia-mindex/class-index/src/main/java/com/synexia/mindex/classindex/MIndexClassFileHierarchy.java	c3bb872e70d01dbc0acd8fdbf72063d885c632df	java	true	family.entire-source-closure	REVIEW_REQUIRED
synexia-mindex/class-index/src/main/java/com/synexia/mindex/classindex/MIndexClassFileImage.java	3722ea91c5562ca5cf3a9fafc693667364121434	java	true	family.entire-source-closure	REVIEW_REQUIRED
synexia-mindex/class-index/src/main/java/com/synexia/mindex/classindex/MIndexClassFileIndex.java	09baaff46296921b7675eb231e328948e7e4de15	java	true	family.entire-source-closure	REVIEW_REQUIRED
synexia-mindex/class-index/src/main/java/com/synexia/mindex/classindex/MIndexClassFileSearch.java	bfbcc38c2ceb96f53bbe9110ad4aa8565eb499c4	java	true	family.entire-source-closure	REVIEW_REQUIRED
synexia-mindex/class-index/src/main/java/com/synexia/mindex/classindex/MIndexClassFlags.java	d8131ebce1c01a014a9320e2ec771673f2d06b5c	java	true	synexia.counterpart.MIndexClassFlags	REVIEW_REQUIRED
synexia-mindex/class-index/src/main/java/com/synexia/mindex/classindex/MIndexClassHierarchy.java	cc5239d52050eb5ad5de22e6098e7de5c53aeb03	java	true	family.entire-source-closure	REVIEW_REQUIRED
synexia-mindex/class-index/src/main/java/com/synexia/mindex/classindex/MIndexClassIndex.java	35632a8688201f2a6849b52e325daa27ae3a7bfe	java	true	synexia.counterpart.MIndexClassIndex	REVIEW_REQUIRED
synexia-mindex/class-index/src/main/java/com/synexia/mindex/classindex/MIndexClassSearch.java	09b39be03eae823bef2c15fb34501dfb07800a71	java	true	family.entire-source-closure	REVIEW_REQUIRED
synexia-mindex/class-index/src/main/java/com/synexia/mindex/classindex/MIndexConstructor.java	24be84434f65bffed5a5f0c609cbe596ae2b4985	java	true	synexia.counterpart.MIndexConstructor	REVIEW_REQUIRED
synexia-mindex/class-index/src/main/java/com/synexia/mindex/classindex/MIndexField.java	bc93b18d5ee4867a841ac036ffb35dcd1e72c3f4	java	true	synexia.counterpart.MIndexField	REVIEW_REQUIRED
synexia-mindex/class-index/src/main/java/com/synexia/mindex/classindex/MIndexJvmDescriptor.java	d0eb96ae49c0456c8d31f1e714882b525b4c9a97	java	true	synexia.counterpart.MIndexJvmDescriptor	REVIEW_REQUIRED
synexia-mindex/class-index/src/main/java/com/synexia/mindex/classindex/MIndexMember.java	70cd228801272d8e5fcb68bce280d2cb842e5ae8	java	true	synexia.counterpart.MIndexMember	REVIEW_REQUIRED
synexia-mindex/class-index/src/main/java/com/synexia/mindex/classindex/MIndexMemberFlags.java	9a84c2a18fecd4b67a0c503527347e2d4f75d2c8	java	true	synexia.counterpart.MIndexMemberFlags	REVIEW_REQUIRED
synexia-mindex/class-index/src/main/java/com/synexia/mindex/classindex/MIndexMemberKind.java	9ba32db4528c74535a68c656b891d08924b75dc0	java	true	synexia.counterpart.MIndexMemberKind	REVIEW_REQUIRED
synexia-mindex/class-index/src/main/java/com/synexia/mindex/classindex/MIndexMethod.java	41268ab2541b70fef70767557228bf568d9a01b7	java	true	synexia.counterpart.MIndexMethod	REVIEW_REQUIRED
synexia-mindex/class-index/src/main/java/com/synexia/mindex/classindex/MIndexRecordComponent.java	56d5b4adead17be7fef8e4b750f13fdf75d98a31	java	true	synexia.counterpart.MIndexRecordComponent	REVIEW_REQUIRED
synexia-mindex/codec-toml/src/main/java/com/synexia/mindex/codec/toml/MIndexTomlCodec.java	4a04f8ebd1583473165ed1829af615c55c7a34c9	java	true	family.entire-source-closure	REVIEW_REQUIRED
synexia-mindex/codec-toml/src/main/resources/META-INF/services/com.synexia.mindex.structure.ValueCodec	8f6b1cddfb4bc1743733428e74fb0ec1952f7212	resource	false	family.entire-source-closure	REVIEW_REQUIRED
synexia-mindex/codec-yaml/src/main/java/com/synexia/mindex/codec/yaml/MIndexYamlCodec.java	321ef951b3f3c5180f6d82774d6b24500953345e	java	true	family.entire-source-closure	REVIEW_REQUIRED
synexia-mindex/codec-yaml/src/main/resources/META-INF/services/com.synexia.mindex.structure.ValueCodec	da1a112c078fdee21a63a5887e71ba3e09d5c1b6	resource	false	family.entire-source-closure	REVIEW_REQUIRED
synexia-mindex/collection-bridge/src/main/java/com/synexia/mindex/collections/bridge/MIndexFoundationCollections.java	6310ad522c3e1e20f86a67c5dff270efa013cf40	java	true	family.entire-source-closure	REVIEW_REQUIRED
synexia-mindex/collection-bridge/src/main/java/com/synexia/mindex/collections/selection/MIndexCollectionProviders.java	186330f555158307bac183e083d4815e0f58e071	java	true	family.entire-source-closure	REVIEW_REQUIRED
synexia-mindex/collection-bridge/src/main/java/com/synexia/mindex/collections/selection/MIndexCollectionsDemo.java	e82ee8f55778a87ab4ceaf233d54167c407be91b	java	true	family.entire-source-closure	REVIEW_REQUIRED
synexia-mindex/collections/src/main/java/com/synexia/mindex/collections/IdSupport.java	ef74337b02a5e5a3998da716bd01563975f58f5d	java	false	family.entire-source-closure	REVIEW_REQUIRED
synexia-mindex/collections/src/main/java/com/synexia/mindex/collections/MIndexBiMap.java	c6a75f137904e4d67efe0a92cb1c1128bcf2d9fe	java	true	family.entire-source-closure	REVIEW_REQUIRED
synexia-mindex/collections/src/main/java/com/synexia/mindex/collections/MIndexCanonicalCollection.java	e12e7d9c4c273e37817c3699195a46eef524b1cf	java	true	family.entire-source-closure	REVIEW_REQUIRED
synexia-mindex/collections/src/main/java/com/synexia/mindex/collections/MIndexCollectionFactory.java	7a3c9662f16f274de3b062f49023c1586f4fbd33	java	true	family.entire-source-closure	REVIEW_REQUIRED
synexia-mindex/collections/src/main/java/com/synexia/mindex/collections/MIndexCollectionMetadata.java	438fde52f418638980fbf0b9ab6fba0e6f3b0bb4	java	true	family.entire-source-closure	REVIEW_REQUIRED
synexia-mindex/collections/src/main/java/com/synexia/mindex/collections/MIndexCollectionPrecompute.java	ce9ada6748f63c386e02e68c72e071dfddccaa59	java	true	family.entire-source-closure	REVIEW_REQUIRED
synexia-mindex/collections/src/main/java/com/synexia/mindex/collections/MIndexCollectionTransfers.java	5cff9c9d6f073dbd190e914073fa8580336fa12b	java	true	family.entire-source-closure	REVIEW_REQUIRED
synexia-mindex/collections/src/main/java/com/synexia/mindex/collections/MIndexCompositeIndex.java	0a7567a6cc16c06ae5dfd59f62672cc348199247	java	true	family.entire-source-closure	REVIEW_REQUIRED
synexia-mindex/collections/src/main/java/com/synexia/mindex/collections/MIndexCompositeRef.java	ed1366f07f15afaf24234c69bb9b6b976bd83a99	java	true	family.entire-source-closure	REVIEW_REQUIRED
synexia-mindex/collections/src/main/java/com/synexia/mindex/collections/MIndexCompositeSpace.java	b29d5bb97c44cdddcaca9cfafd05f4ceb000ca3b	java	true	family.entire-source-closure	REVIEW_REQUIRED
synexia-mindex/collections/src/main/java/com/synexia/mindex/collections/MIndexCompositeTransferPlan.java	23adbe8e1e3c76e196a9c138338ea9635194d5ea	java	true	family.entire-source-closure	REVIEW_REQUIRED
synexia-mindex/collections/src/main/java/com/synexia/mindex/collections/MIndexDeque.java	8e534d077aef526fd7b0334271395fe7872572b3	java	true	family.entire-source-closure	REVIEW_REQUIRED
synexia-mindex/collections/src/main/java/com/synexia/mindex/collections/MIndexDomainTransfer.java	ccad6c22bcfb37f9c15fa9f0ba599a8bab251d2e	java	true	family.entire-source-closure	REVIEW_REQUIRED
synexia-mindex/collections/src/main/java/com/synexia/mindex/collections/MIndexDomainTransfers.java	da3e182965cac7853c1a5edcda3e87446b4ab17e	java	true	family.entire-source-closure	REVIEW_REQUIRED
synexia-mindex/collections/src/main/java/com/synexia/mindex/collections/MIndexFrozenBag.java	5cd671175526f6133eec93c60e2f76a2f49608e2	java	true	family.entire-source-closure	REVIEW_REQUIRED
synexia-mindex/collections/src/main/java/com/synexia/mindex/collections/MIndexFrozenDeque.java	10c8291f02041304da474df96295352df9021407	java	true	family.entire-source-closure	REVIEW_REQUIRED
synexia-mindex/collections/src/main/java/com/synexia/mindex/collections/MIndexFrozenGraph.java	8393632d5497adb0c041537669521994800be64d	java	true	family.entire-source-closure	REVIEW_REQUIRED
synexia-mindex/collections/src/main/java/com/synexia/mindex/collections/MIndexFrozenList.java	a82012f09cfeac2e0fe97a71f69a120fcb8cc2dd	java	true	family.entire-source-closure	REVIEW_REQUIRED
synexia-mindex/collections/src/main/java/com/synexia/mindex/collections/MIndexFrozenMap.java	989cb607511af9484457e2801a4e708becdd43a4	java	true	family.entire-source-closure	REVIEW_REQUIRED
synexia-mindex/collections/src/main/java/com/synexia/mindex/collections/MIndexFrozenMultiMap.java	aa4a0700934cfebb3743cf367ee5c31a73a99519	java	true	family.entire-source-closure	REVIEW_REQUIRED
synexia-mindex/collections/src/main/java/com/synexia/mindex/collections/MIndexFrozenOrderedSet.java	a6b87fdd49e80729995e451fa3e0c494a62ab824	java	true	family.entire-source-closure	REVIEW_REQUIRED
synexia-mindex/collections/src/main/java/com/synexia/mindex/collections/MIndexFrozenPriorityQueue.java	a9b29af9a075bfd1d0c8b7394e685f2c3fe02227	java	true	family.entire-source-closure	REVIEW_REQUIRED
synexia-mindex/collections/src/main/java/com/synexia/mindex/collections/MIndexFrozenSet.java	25135e94169326a394d9b12fdd9729dade5844fa	java	true	family.entire-source-closure	REVIEW_REQUIRED
synexia-mindex/collections/src/main/java/com/synexia/mindex/collections/MIndexFrozenTable.java	d3f3b739100340ebc6f5ca1e101d1613caaeb4b0	java	true	family.entire-source-closure	REVIEW_REQUIRED
synexia-mindex/collections/src/main/java/com/synexia/mindex/collections/MIndexFrozenTuple.java	391e2dd6c85feedc93dd3a26662878c236609e50	java	true	family.entire-source-closure	REVIEW_REQUIRED
synexia-mindex/collections/src/main/java/com/synexia/mindex/collections/MIndexGraph.java	b34f77cd8d6eb630863aaee8a2277685f4ec1f2d	java	true	family.entire-source-closure	REVIEW_REQUIRED
synexia-mindex/collections/src/main/java/com/synexia/mindex/collections/MIndexIdIndex.java	ebb3d0abadf1690b56d304a4cc3ff4b2f53f76e5	java	true	family.entire-source-closure	REVIEW_REQUIRED
synexia-mindex/collections/src/main/java/com/synexia/mindex/collections/MIndexIdentitySpace.java	5a0502bd825eee9f0556f64f36e2314e2fcc5def	java	true	family.entire-source-closure	REVIEW_REQUIRED
synexia-mindex/collections/src/main/java/com/synexia/mindex/collections/MIndexJavaViews.java	43cf7edd2023b02e08a76dfa4f35c91435ef8c0e	java	true	family.entire-source-closure	REVIEW_REQUIRED
synexia-mindex/collections/src/main/java/com/synexia/mindex/collections/MIndexLegacyCollections.java	f4edf72ef7608d4e673b081e7774be089b57bc81	java	true	family.entire-source-closure	REVIEW_REQUIRED
synexia-mindex/collections/src/main/java/com/synexia/mindex/collections/MIndexLegacyDomainSpace.java	741914c2294319046b7f077d5ff2a165c59fe64f	java	true	family.entire-source-closure	REVIEW_REQUIRED
synexia-mindex/collections/src/main/java/com/synexia/mindex/collections/MIndexList.java	fd681d4a477ddc42daae0bc4e9a001467c8e9ab0	java	true	family.entire-source-closure	REVIEW_REQUIRED
synexia-mindex/collections/src/main/java/com/synexia/mindex/collections/MIndexMap.java	adb2b14126cc1c15139f52290456feab4cc63db9	java	true	family.entire-source-closure	REVIEW_REQUIRED
synexia-mindex/collections/src/main/java/com/synexia/mindex/collections/MIndexMultiMap.java	31560a839fea31a179f21fa9ea3941013c09bf32	java	true	family.entire-source-closure	REVIEW_REQUIRED
synexia-mindex/collections/src/main/java/com/synexia/mindex/collections/MIndexObjectSpace.java	4bd0ca91a02aeac7211c5b6565a27869a6b91e13	java	true	family.entire-source-closure	REVIEW_REQUIRED
synexia-mindex/collections/src/main/java/com/synexia/mindex/collections/MIndexPriorityQueue.java	ca62a7aa6614d732352e06f3ef5fce015a325877	java	true	family.entire-source-closure	REVIEW_REQUIRED
synexia-mindex/collections/src/main/java/com/synexia/mindex/collections/MIndexRelations.java	f60fa040493b82913a2c7749da7a6bd07a44787b	java	true	family.entire-source-closure	REVIEW_REQUIRED
synexia-mindex/collections/src/main/java/com/synexia/mindex/collections/MIndexSet.java	44445c559993f00cb407fed5f63935ec5a8a4384	java	true	family.entire-source-closure	REVIEW_REQUIRED
synexia-mindex/collections/src/main/java/com/synexia/mindex/collections/MIndexShapeIndex.java	d13a572140a329ec279168803eb9e067ac518b77	java	true	family.entire-source-closure	REVIEW_REQUIRED
synexia-mindex/collections/src/main/java/com/synexia/mindex/collections/MIndexSpace.java	47454831a61d7c236d4c845d728dda6d3b1b15ce	java	true	family.entire-source-closure	REVIEW_REQUIRED
synexia-mindex/collections/src/main/java/com/synexia/mindex/collections/MIndexSpaces.java	99fe697cd8d9a5f488860369aa81bd6e4b96f4e5	java	true	family.entire-source-closure	REVIEW_REQUIRED
synexia-mindex/collections/src/main/java/com/synexia/mindex/collections/MIndexTable.java	1c890d1a7fbbe6e94717ec4c95c088d0967afdb9	java	true	family.entire-source-closure	REVIEW_REQUIRED
synexia-mindex/collections/src/main/java/com/synexia/mindex/collections/MIndexTransferPlan.java	5fe0c0f7244cbaf81ddcb2c5bae247497ac27ca3	java	true	family.entire-source-closure	REVIEW_REQUIRED
synexia-mindex/collections/src/main/java/com/synexia/mindex/collections/MIndexTuple.java	3bf769eef02582322905ebc1a52657f01a2c2433	java	true	family.entire-source-closure	REVIEW_REQUIRED
synexia-mindex/collections/src/main/java/com/synexia/mindex/collections/MIndexWeightTree.java	add9f78a67abcdf749137746697d0a07f82caef1	java	true	family.entire-source-closure	REVIEW_REQUIRED
synexia-mindex/collections/src/main/java/com/synexia/mindex/collections/MIndexWeights.java	faf620c6a7b83b632f646559352b9bc627a2b871	java	true	family.entire-source-closure	REVIEW_REQUIRED
synexia-mindex/compiler/src/main/java/com/synexia/mindex/compiler/BigramImageCli.java	1e92aa26882751dd7c6dd11374615d2aec351dd7	java	false	family.entire-source-closure	REVIEW_REQUIRED
synexia-mindex/compiler/src/main/java/com/synexia/mindex/compiler/MIndexAnalysis.java	2badd3d4e69ec74eb8a96fc5eba3e887af34ebe8	java	true	family.entire-source-closure	REVIEW_REQUIRED
synexia-mindex/compiler/src/main/java/com/synexia/mindex/compiler/MIndexCompiledArtifactStore.java	7aa307850ec0174a0414f2c678722e9011dbe673	java	true	family.entire-source-closure	REVIEW_REQUIRED
synexia-mindex/compiler/src/main/java/com/synexia/mindex/compiler/MIndexCompiledExpression.java	bd60fef79c91a9ad9945f24a9257b79dc3270935	java	true	family.entire-source-closure	REVIEW_REQUIRED
synexia-mindex/compiler/src/main/java/com/synexia/mindex/compiler/MIndexCompiledExpressionImage.java	ea1f0e94862e2c9b7c9b60ec90ef22895d79dea7	java	true	family.entire-source-closure	REVIEW_REQUIRED
synexia-mindex/compiler/src/main/java/com/synexia/mindex/compiler/MIndexCompiledExpressionImageCodec.java	26e84a634d5cfae016dce001932d20877761fc29	java	true	family.entire-source-closure	REVIEW_REQUIRED
synexia-mindex/compiler/src/main/java/com/synexia/mindex/compiler/MIndexCompiledTemplate.java	af4726cbaf4d80379eae8175caaa4435490c6fa4	java	true	family.entire-source-closure	REVIEW_REQUIRED
synexia-mindex/compiler/src/main/java/com/synexia/mindex/compiler/MIndexCompiledUnit.java	76db3187cdc557a475b1fa4caa8ecbe78b587b9e	java	true	family.entire-source-closure	REVIEW_REQUIRED
synexia-mindex/compiler/src/main/java/com/synexia/mindex/compiler/MIndexCompiler.java	d4e12975cd42ef2815cb36ac1c47e673d989c5d1	java	true	family.entire-source-closure	REVIEW_REQUIRED
synexia-mindex/compiler/src/main/java/com/synexia/mindex/compiler/MIndexCompilerASTPrecompute.java	1ac623b8fa822f4f8ce9ed9c3bb8c9a5194184b6	java	true	synexia.counterpart.MIndexCompilerASTPrecompute	REVIEW_REQUIRED
synexia-mindex/compiler/src/main/java/com/synexia/mindex/compiler/MIndexCompilerMain.java	4f0c411599a9806cc8abc5260f44bfe7ed71bb99	java	true	family.entire-source-closure	REVIEW_REQUIRED
synexia-mindex/compiler/src/main/java/com/synexia/mindex/compiler/MIndexCompilerPlugin.java	a32d36e5fb69e2ecf89562cc2c6600692fecc76c	java	true	family.entire-source-closure	REVIEW_REQUIRED
synexia-mindex/compiler/src/main/java/com/synexia/mindex/compiler/MIndexDbEngineProfile.java	1b0a3188ba721c11daeba4e40cf5eb2e7036a637	java	true	family.entire-source-closure	REVIEW_REQUIRED
synexia-mindex/compiler/src/main/java/com/synexia/mindex/compiler/MIndexDbShadowVerifier.java	2dc2926e4134df4d5ebcca5c0c0bd710ce41b1a3	java	true	family.entire-source-closure	REVIEW_REQUIRED
synexia-mindex/compiler/src/main/java/com/synexia/mindex/compiler/MIndexDbSubstitutionBlocker.java	957510e6581ea58c4ea7e5acf75bcb3d936e99b0	java	true	family.entire-source-closure	REVIEW_REQUIRED
synexia-mindex/compiler/src/main/java/com/synexia/mindex/compiler/MIndexDbSubstitutionCompiler.java	e04f85178771ebf1e93a4f0cf67df46dad5adac0	java	true	family.entire-source-closure	REVIEW_REQUIRED
synexia-mindex/compiler/src/main/java/com/synexia/mindex/compiler/MIndexDbSubstitutionDecision.java	46d56ab44871600771abdcae092fc76b40b26780	java	true	family.entire-source-closure	REVIEW_REQUIRED
synexia-mindex/compiler/src/main/java/com/synexia/mindex/compiler/MIndexDbSubstitutionManifest.java	9ea5bd2b3aa1c83f053af284c2bcc121cddf7f96	java	true	family.entire-source-closure	REVIEW_REQUIRED
synexia-mindex/compiler/src/main/java/com/synexia/mindex/compiler/MIndexDbSubstitutionReport.java	49f32480f9b53be57c179c8d136f451ae03a939e	java	true	family.entire-source-closure	REVIEW_REQUIRED
synexia-mindex/compiler/src/main/java/com/synexia/mindex/compiler/MIndexFinding.java	cc8838ab6a3f69f9f6dd3705940d605597c97363	java	true	family.entire-source-closure	REVIEW_REQUIRED
synexia-mindex/compiler/src/main/java/com/synexia/mindex/compiler/MIndexIndexedCompilationUnit.java	a028601a222b98cc386dcf4bb0e4490ca19014ad	java	true	family.entire-source-closure	REVIEW_REQUIRED
synexia-mindex/compiler/src/main/java/com/synexia/mindex/compiler/MIndexIndexedCompiledExpression.java	b29afe0668a625ce09b2c52a0e5ca5ca9aede714	java	true	family.entire-source-closure	REVIEW_REQUIRED
synexia-mindex/compiler/src/main/java/com/synexia/mindex/compiler/MIndexJava21FormalProfile.java	38bcc07775d7bc89bbefcb89b92a3fcd582aec30	java	true	family.entire-source-closure	REVIEW_REQUIRED
synexia-mindex/compiler/src/main/java/com/synexia/mindex/compiler/MIndexJavaFormalProvider.java	a000eafe38a241c565bc5fd9cd35968e03451483	java	true	family.entire-source-closure	REVIEW_REQUIRED
synexia-mindex/compiler/src/main/java/com/synexia/mindex/compiler/MIndexJavacASTIndexer.java	afeae5c9d87762d7bba774e4067969202a3a8254	java	true	family.entire-source-closure	REVIEW_REQUIRED
synexia-mindex/compiler/src/main/java/com/synexia/mindex/compiler/MIndexJavacFormalBridge.java	017fc9da2cc843a28e64b939145131836a8d8fe4	java	true	family.entire-source-closure	REVIEW_REQUIRED
synexia-mindex/compiler/src/main/java/com/synexia/mindex/compiler/MIndexLambdaAlgebraAnalyzer.java	8d273f3dbf96115c4383d5dcf905bb3edcdc0999	java	true	family.entire-source-closure	REVIEW_REQUIRED
synexia-mindex/compiler/src/main/java/com/synexia/mindex/compiler/MIndexLambdaAlgebraTransformer.java	4ab570bd71f3002ec935aa7e59b699d85dd79d2d	java	true	family.entire-source-closure	REVIEW_REQUIRED
synexia-mindex/compiler/src/main/java/com/synexia/mindex/compiler/MIndexLambdaCompilation.java	dfba3a258b5b43629f0fdc3b8b89756b17b9f273	java	true	family.entire-source-closure	REVIEW_REQUIRED
synexia-mindex/compiler/src/main/java/com/synexia/mindex/compiler/MIndexLambdaCompiler.java	d3214f417280d43b146b83af6401e08b5abb5515	java	true	family.entire-source-closure	REVIEW_REQUIRED
synexia-mindex/compiler/src/main/java/com/synexia/mindex/compiler/MIndexLambdaModuleCompilation.java	3ff9540c64b25773f5dfc216f086d10657eba004	java	true	family.entire-source-closure	REVIEW_REQUIRED
synexia-mindex/compiler/src/main/java/com/synexia/mindex/compiler/MIndexLambdaWorkspace.java	642cdda9a33ddd084cf8ad3c4d0f0fae74021b2f	java	true	family.entire-source-closure	REVIEW_REQUIRED
synexia-mindex/compiler/src/main/java/com/synexia/mindex/compiler/MIndexLambdaWorkspaceCompiler.java	538dd0923dae9c389cc27f7a6ccf3e7c39bb7cc5	java	true	family.entire-source-closure	REVIEW_REQUIRED
synexia-mindex/compiler/src/main/java/com/synexia/mindex/compiler/MIndexLogicTemplateCompiler.java	e13c114fda30b60302bdf28f38c7bb8f107388b5	java	true	family.entire-source-closure	REVIEW_REQUIRED
synexia-mindex/compiler/src/main/java/com/synexia/mindex/compiler/MIndexLogicTemplatePlugin.java	7e6b8edfcf08a00d19876fd89c7861c140708aa4	java	true	family.entire-source-closure	REVIEW_REQUIRED
synexia-mindex/compiler/src/main/java/com/synexia/mindex/compiler/MIndexObjectAdapterProcessor.java	196688c15d791ae6ef944349bd8d97b58c47c5de	java	true	family.entire-source-closure	REVIEW_REQUIRED
synexia-mindex/compiler/src/main/java/com/synexia/mindex/compiler/MIndexSourceAnalyzer.java	6690f7f8e8f5804378d24c6bac53ddddb5b690e3	java	true	family.entire-source-closure	REVIEW_REQUIRED
synexia-mindex/compiler/src/main/java/com/synexia/mindex/compiler/MIndexSourceTransformer.java	f5acf08f3e6f630c8a4ae7f4d447717eff63ddc5	java	true	family.entire-source-closure	REVIEW_REQUIRED
synexia-mindex/compiler/src/main/java/com/synexia/mindex/compiler/MIndexWorkspace.java	8d3786bd21828458ae3b55d1d019decdca272ae7	java	true	family.entire-source-closure	REVIEW_REQUIRED
synexia-mindex/compiler/src/main/java/com/synexia/mindex/compiler/ast/MIndexASTAcceleratorProjection.java	6198f441f771ed9fb6364a7ba27d281c34b1e8f1	java	true	family.entire-source-closure	REVIEW_REQUIRED
synexia-mindex/compiler/src/main/java/com/synexia/mindex/compiler/ast/MIndexASTCandidateAccelerator.java	214ec2e093578d1e0937e9ecb03eced4d5b2fd94	java	true	family.entire-source-closure	REVIEW_REQUIRED
synexia-mindex/compiler/src/main/java/com/synexia/mindex/compiler/ast/MIndexASTCandidateAdaptiveSession.java	bfc3a11773e13105d9af27401f2c570803e9efa4	java	true	family.entire-source-closure	REVIEW_REQUIRED
synexia-mindex/compiler/src/main/java/com/synexia/mindex/compiler/ast/MIndexASTCandidateSwapArchive.java	0f5293bb7fc8ed29e46ede1beba282b5c577ae6b	java	true	family.entire-source-closure	REVIEW_REQUIRED
synexia-mindex/compiler/src/main/java/com/synexia/mindex/compiler/ast/MIndexASTCandidateSwapWorkspace.java	8d3ff7bfdfac2f4c7eb1b10cb3b58f0432474960	java	true	family.entire-source-closure	REVIEW_REQUIRED
synexia-mindex/compiler/src/main/java/com/synexia/mindex/compiler/ast/MIndexASTCandidateTaxonomyIndex.java	0f1422b91a97c03c10abf3a787b24d27c0e1d987	java	true	family.entire-source-closure	REVIEW_REQUIRED
synexia-mindex/compiler/src/main/java/com/synexia/mindex/compiler/ast/MIndexASTCli.java	1d4c31d41165015d9f19dcafcb912e05b10ff46a	java	true	family.entire-source-closure	REVIEW_REQUIRED
synexia-mindex/compiler/src/main/java/com/synexia/mindex/compiler/ast/MIndexASTDocument.java	1bd5819752d3f67e943639932236ef68b889ee47	java	true	family.entire-source-closure	REVIEW_REQUIRED
synexia-mindex/compiler/src/main/java/com/synexia/mindex/compiler/ast/MIndexASTOccurrence.java	9bec626348ea9cad11afe4b3268054b85972d143	java	true	family.entire-source-closure	REVIEW_REQUIRED
synexia-mindex/compiler/src/main/java/com/synexia/mindex/compiler/ast/MIndexASTPagedCandidateSearch.java	4e43ab4b7513e3b2dfd00c92a758b2919db9e3a1	java	true	family.entire-source-closure	REVIEW_REQUIRED
synexia-mindex/compiler/src/main/java/com/synexia/mindex/compiler/ast/MIndexASTPartialCompiler.java	0c50ea901a66cd5fe8182372cc5028df9142c4b1	java	true	family.entire-source-closure	REVIEW_REQUIRED
synexia-mindex/compiler/src/main/java/com/synexia/mindex/compiler/ast/MIndexASTPartialEditVerifier.java	9bb2810b08ad7ec09f082a3cd4a45b1fa3db3108	java	true	family.entire-source-closure	REVIEW_REQUIRED
synexia-mindex/compiler/src/main/java/com/synexia/mindex/compiler/ast/MIndexASTPartialLeafIndex.java	e5ee2c30c090e92530621d49135c4bfe615f4aba	java	true	family.entire-source-closure	REVIEW_REQUIRED
synexia-mindex/compiler/src/main/java/com/synexia/mindex/compiler/ast/MIndexASTReuseKeyFactory.java	54110a6eb22df258eaf733f5202a8dfe4570f944	java	true	family.entire-source-closure	REVIEW_REQUIRED
synexia-mindex/compiler/src/main/java/com/synexia/mindex/compiler/ast/MIndexJavaAST.java	d23ea38d51048478c972b9e19441dde9479372bb	java	true	family.entire-source-closure	REVIEW_REQUIRED
synexia-mindex/compiler/src/main/java/com/synexia/mindex/compiler/grammar/MIndexTreeSitterFormalProvider.java	c5582423a28b1bc3ca9d6a8624d9fb42443cd964	java	true	family.entire-source-closure	REVIEW_REQUIRED
synexia-mindex/compiler/src/main/java/com/synexia/mindex/compiler/grammar/MIndexTreeSitterNodeTypes.java	c401af3d6f7f5ab6748b61898e05787f22bc87c7	java	true	family.entire-source-closure	REVIEW_REQUIRED
synexia-mindex/compiler/src/main/java/com/synexia/mindex/compiler/grammar/MIndexTreeSitterNodeTypesImporter.java	f58f6fc5bd79626e5e84167c26adecc38ebfc628	java	true	family.entire-source-closure	REVIEW_REQUIRED
synexia-mindex/compiler/src/main/java/com/synexia/mindex/compiler/grammar/MIndexTreeSitterProgrammingProfile.java	7c3704a11fa57179d66d1ab8da66880b2e650b5a	java	true	family.entire-source-closure	REVIEW_REQUIRED
synexia-mindex/compiler/src/main/java/com/synexia/mindex/compiler/grammar/MIndexTreeSitterProgrammingProfiles.java	af43afda41484091ad21544d18417bf3624c8e89	java	true	family.entire-source-closure	REVIEW_REQUIRED
synexia-mindex/compiler/src/main/java/com/synexia/mindex/experiment/compiler/CompilerCli.java	363362db21109b2a70d9dd6f7607cdcd675d9c7e	java	false	family.entire-source-closure	REVIEW_REQUIRED
synexia-mindex/compiler/src/main/java/com/synexia/mindex/experiment/compiler/JsonText.java	ee26f0070fc2de1cdfaf1459ade463996a2a7025	java	false	family.entire-source-closure	REVIEW_REQUIRED
synexia-mindex/compiler/src/main/java/com/synexia/mindex/experiment/compiler/MIndexCompilerPlugin.java	5bcb34f3c85060193f8ba852f04997bd9d98ce67	java	true	family.entire-source-closure	REVIEW_REQUIRED
synexia-mindex/compiler/src/main/java/com/synexia/mindex/experiment/compiler/RecordPlanProcessor.java	cd2399c2503623735e3c5b2b0b7e724a47ded4b0	java	false	family.entire-source-closure	REVIEW_REQUIRED
synexia-mindex/compiler/src/main/java/com/synexia/mindex/experiment/compiler/SourceAnalyzer.java	9cac69f93b9ca8477f2f0f069a7da5fae49dfea7	java	false	family.entire-source-closure	REVIEW_REQUIRED
synexia-mindex/compiler/src/main/java/com/synexia/mindex/experiment/compiler/SourceTransaction.java	c26bd0fb77aa761c5566e4cd3528e30a1ec4a802	java	false	family.entire-source-closure	REVIEW_REQUIRED
synexia-mindex/compiler/src/main/resources/META-INF/services/com.sun.source.util.Plugin	d81d5a8fce1e80a30e75a68e3b8232189fc8bf99	resource	false	family.entire-source-closure	REVIEW_REQUIRED
synexia-mindex/compiler/src/main/resources/META-INF/services/com.synexia.mindex.language.formal.MIndexFormalProvider	3edfe54f96eef917697b11c4077ee367d32580b9	resource	false	family.entire-source-closure	REVIEW_REQUIRED
synexia-mindex/compiler/src/main/resources/META-INF/services/javax.annotation.processing.Processor	39aa45d7dc9ec854a35a9f3ef119402c1f19dee7	resource	false	family.entire-source-closure	REVIEW_REQUIRED
synexia-mindex/context-bridge/src/main/java/com/synexia/mindex/context/MIndexContextExecution.java	b86f8bb1f67b49e6b0d2993fcf5aa4708b771a28	java	true	family.entire-source-closure	REVIEW_REQUIRED
synexia-mindex/context-bridge/src/main/java/com/synexia/mindex/context/MIndexContextObject.java	8bae3effa41d40d14d3155ed2765c3af45236dbd	java	true	family.entire-source-closure	REVIEW_REQUIRED
synexia-mindex/context-bridge/src/main/java/com/synexia/mindex/context/MIndexDispatch.java	c07202e62c6dcf400857fffa72af1026bb52ea6d	java	true	family.entire-source-closure	REVIEW_REQUIRED
synexia-mindex/context-bridge/src/main/java/com/synexia/mindex/context/MIndexDispatchKey.java	18ec2126398216673db907118883d0eef528fe4f	java	true	family.entire-source-closure	REVIEW_REQUIRED
synexia-mindex/context-bridge/src/main/java/com/synexia/mindex/context/MIndexMutationAdvice.java	94ba0746c10f4accfdb1bccc6c3e50392bd541a6	java	true	family.entire-source-closure	REVIEW_REQUIRED
synexia-mindex/context-bridge/src/main/java/com/synexia/mindex/context/MIndexTableTreeProjection.java	1c9af943b67d2816237524979b3a077eb1840c3b	java	true	family.entire-source-closure	REVIEW_REQUIRED
synexia-mindex/data-structure/src/main/java/com/synexia/mindex/structure/MIndexBinaryHeap.java	89bd6919e52233c1f523dbecaad9dcd75d086732	java	true	family.entire-source-closure	REVIEW_REQUIRED
synexia-mindex/data-structure/src/main/java/com/synexia/mindex/structure/MIndexCsrGraph.java	4c8aa0868e4b623c8282ff1c85d85c719d7959ec	java	true	family.entire-source-closure	REVIEW_REQUIRED
synexia-mindex/data-structure/src/main/java/com/synexia/mindex/structure/MIndexDag.java	ea7dc0fc4fd628a8e5efdaa0d9d7beb3be0a3521	java	true	family.entire-source-closure	REVIEW_REQUIRED
synexia-mindex/data-structure/src/main/java/com/synexia/mindex/structure/MIndexDataStructure.java	f0d882437ec23646926d97bbb27de25b45d29f04	java	true	family.entire-source-closure	REVIEW_REQUIRED
synexia-mindex/data-structure/src/main/java/com/synexia/mindex/structure/MIndexDisjointSet.java	7cde91f4500f8998023f6267800e3c46d393462a	java	true	family.entire-source-closure	REVIEW_REQUIRED
synexia-mindex/data-structure/src/main/java/com/synexia/mindex/structure/MIndexEliasFanoLongList.java	7cfb05613e24a51d5f845992cdc66d82222ee685	java	true	family.entire-source-closure	REVIEW_REQUIRED
synexia-mindex/data-structure/src/main/java/com/synexia/mindex/structure/MIndexFenwickTree.java	dc938e71bf9e3fb31adc6bdf2b48d7f7d14d27bb	java	true	family.entire-source-closure	REVIEW_REQUIRED
synexia-mindex/data-structure/src/main/java/com/synexia/mindex/structure/MIndexIntDeque.java	4e0e49870be05fee8aaf69c11a50b113084b7e35	java	true	family.entire-source-closure	REVIEW_REQUIRED
synexia-mindex/data-structure/src/main/java/com/synexia/mindex/structure/MIndexIntSubstringOrderIndex.java	5d3a148f326abeecbbcbdb405de040eda81e7278	java	true	family.entire-source-closure	REVIEW_REQUIRED
synexia-mindex/data-structure/src/main/java/com/synexia/mindex/structure/MIndexIntSuffixArray.java	d1c6c7f651c814cc2f50dc3fe0e8af9b20e50435	java	true	family.entire-source-closure	REVIEW_REQUIRED
synexia-mindex/data-structure/src/main/java/com/synexia/mindex/structure/MIndexLongBloomFilter.java	63d2a6fe3520a70cd6e07435044fc2c394bd8f53	java	true	family.entire-source-closure	REVIEW_REQUIRED
synexia-mindex/data-structure/src/main/java/com/synexia/mindex/structure/MIndexLongConsistentHash.java	4442c6683e99da7d438c8ec2d1834cc6340a1320	java	true	family.entire-source-closure	REVIEW_REQUIRED
synexia-mindex/data-structure/src/main/java/com/synexia/mindex/structure/MIndexLongCoordinateCompression.java	cc7b471bb6d15fa21156f07ae6508c5e97028224	java	true	family.entire-source-closure	REVIEW_REQUIRED
synexia-mindex/data-structure/src/main/java/com/synexia/mindex/structure/MIndexLongCountMinSketch.java	6692e061e5757790469e00781e2ff6eb3b536171	java	true	family.entire-source-closure	REVIEW_REQUIRED
synexia-mindex/data-structure/src/main/java/com/synexia/mindex/structure/MIndexLongLiChaoTree.java	69bfff0a3ed4b1cf78ae22573ebaeb690c8ed276	java	true	family.entire-source-closure	REVIEW_REQUIRED
synexia-mindex/data-structure/src/main/java/com/synexia/mindex/structure/MIndexLongRadix.java	c8456e642c775d8b9a0c736cafba020efdce4784	java	true	family.entire-source-closure	REVIEW_REQUIRED
synexia-mindex/data-structure/src/main/java/com/synexia/mindex/structure/MIndexLongRadixWorkspace.java	873340b66767ab431b91aae564003ef77bd0c99a	java	true	family.entire-source-closure	REVIEW_REQUIRED
synexia-mindex/data-structure/src/main/java/com/synexia/mindex/structure/MIndexLongSelect.java	7a3633429df36e24596132a45bf5a2c56bcb712d	java	true	family.entire-source-closure	REVIEW_REQUIRED
synexia-mindex/data-structure/src/main/java/com/synexia/mindex/structure/MIndexLongSelectWorkspace.java	8a0822e38c1199abd63c2c2c8737a79d410762e1	java	true	family.entire-source-closure	REVIEW_REQUIRED
synexia-mindex/data-structure/src/main/java/com/synexia/mindex/structure/MIndexLongSqrtDecomposition.java	7b1ba8e5a2467c3f1a0b6f3df856dc0ac48d766c	java	true	family.entire-source-closure	REVIEW_REQUIRED
synexia-mindex/data-structure/src/main/java/com/synexia/mindex/structure/MIndexPersistentLongSumTree.java	cc78be1a0a82ed1d04ef96e2082639c33185fc2b	java	true	family.entire-source-closure	REVIEW_REQUIRED
synexia-mindex/data-structure/src/main/java/com/synexia/mindex/structure/MIndexRankSelectBitVector.java	04c521e9da82fcfbe80de7078674668c58cac856	java	true	family.entire-source-closure	REVIEW_REQUIRED
synexia-mindex/data-structure/src/main/java/com/synexia/mindex/structure/MIndexSegmentTree.java	4ef6c11cbf7449e06c8585ca0f7c7c0837f4f5b5	java	true	family.entire-source-closure	REVIEW_REQUIRED
synexia-mindex/data-structure/src/main/java/com/synexia/mindex/structure/MIndexSha256MerkleTree.java	84a2a25dbc946cec7cf87a2f1f204fbd0d398994	java	true	family.entire-source-closure	REVIEW_REQUIRED
synexia-mindex/data-structure/src/main/java/com/synexia/mindex/structure/MIndexSparseTable.java	6ea46a434dab4ed2427b0d1a60723c4d88b65858	java	true	family.entire-source-closure	REVIEW_REQUIRED
synexia-mindex/data-structure/src/main/java/com/synexia/mindex/structure/MIndexTable.java	57fa1639819dc387e2abda95af5896312732700e	java	true	family.entire-source-closure	REVIEW_REQUIRED
synexia-mindex/db-derby/src/main/java/com/synexia/mindex/db/derby/DerbyMIndexDbProvider.java	83dc886aaabb87f8b86c0a42bee9b11cdc3d8c01	java	false	family.entire-source-closure	REVIEW_REQUIRED
synexia-mindex/db-derby/src/main/resources/META-INF/services/com.synexia.mindex.db.MIndexDbProvider	300f4e07c65ff2d474a34603013ec772c14504ba	resource	false	family.entire-source-closure	REVIEW_REQUIRED
synexia-mindex/db-h2/src/main/java/com/synexia/mindex/db/h2/H2MIndexDbProvider.java	f2c158e9f18bc407eed69be84ef75ea12240385f	java	false	family.entire-source-closure	REVIEW_REQUIRED
synexia-mindex/db-h2/src/main/resources/META-INF/services/com.synexia.mindex.db.MIndexDbProvider	5ec174425204770de61b38e8cf4d5cf72a3a6664	resource	false	family.entire-source-closure	REVIEW_REQUIRED
synexia-mindex/db-sqlite/src/main/java/com/synexia/mindex/db/sqlite/SQLiteMIndexDbProvider.java	d5026d51f0ce64e4c7381be920fa2927a4e859d3	java	false	family.entire-source-closure	REVIEW_REQUIRED
synexia-mindex/db-sqlite/src/main/resources/META-INF/services/com.synexia.mindex.db.MIndexDbProvider	adc1deba6ad93852ec4662413cd56544a9e8c88f	resource	false	family.entire-source-closure	REVIEW_REQUIRED
synexia-mindex/db/src/main/java/com/synexia/mindex/db/M3IndexSemanticCodec.java	9257e5bdf9b6ecd531fff2afcee078284257fbe8	java	false	family.entire-source-closure	REVIEW_REQUIRED
synexia-mindex/db/src/main/java/com/synexia/mindex/db/M3IndexSemanticEdge.java	75b331aab3d9411ecd8399490c40cc6b81334e49	java	false	family.entire-source-closure	REVIEW_REQUIRED
synexia-mindex/db/src/main/java/com/synexia/mindex/db/M3IndexSemanticIndex.java	05406bbe1b8919b50de24a6cf73d1c978e785d1b	java	false	family.entire-source-closure	REVIEW_REQUIRED
synexia-mindex/db/src/main/java/com/synexia/mindex/db/M3IndexSemanticKind.java	5334be1281a15534e15afcc925c345c729052765	java	false	family.entire-source-closure	REVIEW_REQUIRED
synexia-mindex/db/src/main/java/com/synexia/mindex/db/M3IndexSemanticNode.java	b4e74a0f45f624fbf5f62e13c4ee8f4b303c68e0	java	false	family.entire-source-closure	REVIEW_REQUIRED
synexia-mindex/db/src/main/java/com/synexia/mindex/db/MIndexDB.java	7612809acc6e87790415f4b49a34a3c437f68c84	java	true	family.entire-source-closure	REVIEW_REQUIRED
synexia-mindex/db/src/main/java/com/synexia/mindex/db/MIndexDbArtifact.java	374920f3b1c5e2f395f2c717b5331ce6499d18e6	java	true	family.entire-source-closure	REVIEW_REQUIRED
synexia-mindex/db/src/main/java/com/synexia/mindex/db/MIndexDbCanonicalCollectionCodec.java	1be93125643ecb5cdf8f5d82dd78848469ccfa5b	java	true	family.entire-source-closure	REVIEW_REQUIRED
synexia-mindex/db/src/main/java/com/synexia/mindex/db/MIndexDbCollectionKind.java	96c9d8b55c78215f18714b0475139d675d18c6a4	java	true	family.entire-source-closure	REVIEW_REQUIRED
synexia-mindex/db/src/main/java/com/synexia/mindex/db/MIndexDbConfig.java	84c0c8b4e97480558b6ddb02d504ecce9f074ce1	java	true	family.entire-source-closure	REVIEW_REQUIRED
synexia-mindex/db/src/main/java/com/synexia/mindex/db/MIndexDbCoordinateDescriptor.java	1494fe64d4bc085e02ca0c5ff9578e163548b5ec	java	true	family.entire-source-closure	REVIEW_REQUIRED
synexia-mindex/db/src/main/java/com/synexia/mindex/db/MIndexDbCoordinateTable.java	a8ce5ec2c0204b5b224bfc3bc715bcb2cbf30362	java	true	family.entire-source-closure	REVIEW_REQUIRED
synexia-mindex/db/src/main/java/com/synexia/mindex/db/MIndexDbDialect.java	77ac77619c396d497c2b99d0e47abbd39d0739de	java	true	family.entire-source-closure	REVIEW_REQUIRED
synexia-mindex/db/src/main/java/com/synexia/mindex/db/MIndexDbIntPage.java	534986ef0f22ed9b60fed02eafc8e6a01e0115e9	java	true	family.entire-source-closure	REVIEW_REQUIRED
synexia-mindex/db/src/main/java/com/synexia/mindex/db/MIndexDbLocalTable.java	579be95d5e85b62492e9b9b226807810820b077e	java	true	family.entire-source-closure	REVIEW_REQUIRED
synexia-mindex/db/src/main/java/com/synexia/mindex/db/MIndexDbLongPage.java	581427e3e039c8c07a825e7a0ff6029d34327774	java	true	family.entire-source-closure	REVIEW_REQUIRED
synexia-mindex/db/src/main/java/com/synexia/mindex/db/MIndexDbNativeArtifactImage.java	840f190418b3b22a317754552e498bc2f90b0244	java	true	family.entire-source-closure	REVIEW_REQUIRED
synexia-mindex/db/src/main/java/com/synexia/mindex/db/MIndexDbNativeImage.java	7c0b6473d5fe27f766fca69fb5b548ece2116581	java	true	family.entire-source-closure	REVIEW_REQUIRED
synexia-mindex/db/src/main/java/com/synexia/mindex/db/MIndexDbNativeStore.java	bdc2f36644e2e0c77d9ea225b2451549fbe45ea9	java	true	family.entire-source-closure	REVIEW_REQUIRED
synexia-mindex/db/src/main/java/com/synexia/mindex/db/MIndexDbNativeTable.java	e15e56b4b7fc6cccb42dc681f2e7cafd2dede860	java	true	family.entire-source-closure	REVIEW_REQUIRED
synexia-mindex/db/src/main/java/com/synexia/mindex/db/MIndexDbProvider.java	758a876ce244b084e7d7922802a4394e57394f9c	java	true	family.entire-source-closure	REVIEW_REQUIRED
synexia-mindex/db/src/main/java/com/synexia/mindex/db/MIndexDbProviders.java	294ccf7499859ab4893edc84e79a440c8f8f7dd9	java	true	family.entire-source-closure	REVIEW_REQUIRED
synexia-mindex/db/src/main/java/com/synexia/mindex/db/MIndexDbQuery.java	a10f4c30fb9427798a42a7fdefd997f38d4f8127	java	true	family.entire-source-closure	REVIEW_REQUIRED
synexia-mindex/db/src/main/java/com/synexia/mindex/db/MIndexDbSchema.java	5eb75624ce8a2c54c140d1acdedfcf8484128f00	java	true	family.entire-source-closure	REVIEW_REQUIRED
synexia-mindex/db/src/main/java/com/synexia/mindex/db/MIndexDbSession.java	689836f64bc06f12061386073a23040347b264ea	java	true	family.entire-source-closure	REVIEW_REQUIRED
synexia-mindex/db/src/main/java/com/synexia/mindex/db/MIndexDbWork.java	5e7d2657bf659564fc94ebc67223e91ecb16fdb8	java	true	family.entire-source-closure	REVIEW_REQUIRED
synexia-mindex/docs/donor-paging-20260925/donors/3/org.abego.treelayout/src/main/java/org/abego/treelayout/doc-files/LICENSE.TXT	a4fe241d454a4bb11b356b4d3585d40e786380f3	resource	false	family.entire-source-closure	REVIEW_REQUIRED
synexia-mindex/docs/donor-paging-20260925/donors/5/src/main/resources/license.txt	ff77379631504c17ad0a94dddc6803f0d3fb0fbb	resource	false	family.entire-source-closure	REVIEW_REQUIRED
synexia-mindex/docs/donor-paging-20260925/donors/5/src/main/resources/notice.txt	4900953ba374c60301d2e24b28a9c8918f179520	resource	false	family.entire-source-closure	REVIEW_REQUIRED
synexia-mindex/enhanced-runtime/src/main/java/com/synexia/mindex/enhanced/MIndexEnglishRankBridge.java	26923ee61352b7890855742af47f1b150099563c	java	true	family.entire-source-closure	REVIEW_REQUIRED
synexia-mindex/enhanced-runtime/src/main/java/com/synexia/mindex/enhanced/MIndexEnhancedAnalysis.java	9467d6458457b0e9931d46b0b5a754baab7e1684	java	true	family.entire-source-closure	REVIEW_REQUIRED
synexia-mindex/enhanced-runtime/src/main/java/com/synexia/mindex/enhanced/MIndexEnhancedRuntime.java	ecd47d48afd331c187e900625185b399ab9fdf7c	java	true	family.entire-source-closure	REVIEW_REQUIRED
synexia-mindex/enhanced-runtime/src/main/java/com/synexia/mindex/enhanced/MIndexLexiconSignals.java	636aeccab8184e1760e3777cf91a6189956adde3	java	true	family.entire-source-closure	REVIEW_REQUIRED
synexia-mindex/foundation/src/main/java/com/synexia/mindex/foundation/MIndexAlgorithm.java	44975a54d368ecaf774683ab5d64bd14bb070209	java	true	synexia.counterpart.MIndexClassIndex	REVIEW_REQUIRED
synexia-mindex/foundation/src/main/java/com/synexia/mindex/foundation/MIndexApiShapePlanCatalog.java	6cbac5e0e1f25987e386b90fdfbf8ac3856c2b15	java	true	family.entire-source-closure	REVIEW_REQUIRED
synexia-mindex/foundation/src/main/java/com/synexia/mindex/foundation/MIndexApiShapePlanImage.java	74a1f3b969c15a7101a6852d9e80c247a2e44471	java	true	family.entire-source-closure	REVIEW_REQUIRED
synexia-mindex/foundation/src/main/java/com/synexia/mindex/foundation/MIndexApiShapePlanIndex.java	443bb4eaa852956cfbc627178e661637f43715e1	java	true	family.entire-source-closure	REVIEW_REQUIRED
synexia-mindex/foundation/src/main/java/com/synexia/mindex/foundation/MIndexBipartiteMatching.java	7038d5ab213343c1ff2222767babb6f9589f7946	java	true	family.entire-source-closure	REVIEW_REQUIRED
synexia-mindex/foundation/src/main/java/com/synexia/mindex/foundation/MIndexBipartiteMatchingWorkspace.java	7f15bc524e979660e954d9ba0c7b4351e46dd799	java	true	family.entire-source-closure	REVIEW_REQUIRED
synexia-mindex/foundation/src/main/java/com/synexia/mindex/foundation/MIndexBitIndex.java	fd46f46d9662daba951d3e9e64f1910bc0263543	java	true	family.entire-source-closure	REVIEW_REQUIRED
synexia-mindex/foundation/src/main/java/com/synexia/mindex/foundation/MIndexCapability.java	ca8a19f31d06ce271786b91763651eb382031b51	java	true	family.entire-source-closure	REVIEW_REQUIRED
synexia-mindex/foundation/src/main/java/com/synexia/mindex/foundation/MIndexDataStructure.java	bd3105a1a868b43455a6b7480e31cddc1d7ca43a	java	true	family.entire-source-closure	REVIEW_REQUIRED
synexia-mindex/foundation/src/main/java/com/synexia/mindex/foundation/MIndexEditDistance.java	8d9b708bbd2da9396bf3f324e2c16adc3cc6c65b	java	true	family.entire-source-closure	REVIEW_REQUIRED
synexia-mindex/foundation/src/main/java/com/synexia/mindex/foundation/MIndexExactTokenPlan.java	8c40388974f14cbc20d72ca3a6b705dccf5a65b4	java	true	family.entire-source-closure	REVIEW_REQUIRED
synexia-mindex/foundation/src/main/java/com/synexia/mindex/foundation/MIndexExactTokenSearch.java	6cfb892caf3a1669c59b35baf6737dc38ede0d35	java	true	family.entire-source-closure	REVIEW_REQUIRED
synexia-mindex/foundation/src/main/java/com/synexia/mindex/foundation/MIndexExactTokenWorkspace.java	d89ffe1707b7250cf6ee9529b9287f265d592a8c	java	true	family.entire-source-closure	REVIEW_REQUIRED
synexia-mindex/foundation/src/main/java/com/synexia/mindex/foundation/MIndexExecutionContext.java	152b906eef43c5157951a70416cac11f23fe9482	java	true	family.entire-source-closure	REVIEW_REQUIRED
synexia-mindex/foundation/src/main/java/com/synexia/mindex/foundation/MIndexFramework.java	0ba3cb2970609cd492dbfbbf2b5d13399202f1ac	java	true	family.entire-source-closure	REVIEW_REQUIRED
synexia-mindex/foundation/src/main/java/com/synexia/mindex/foundation/MIndexGraphPathAlgorithms.java	4b44800c5977264e3cafbe94967679ee6bf54efb	java	true	family.entire-source-closure	REVIEW_REQUIRED
synexia-mindex/foundation/src/main/java/com/synexia/mindex/foundation/MIndexGraphPathWorkspace.java	964286d4fdbf115ee8e7ef390adfdbf9b3d7d6d3	java	true	family.entire-source-closure	REVIEW_REQUIRED
synexia-mindex/foundation/src/main/java/com/synexia/mindex/foundation/MIndexHeavyLightTree.java	bc19bbc144ed16f8790e8959d515f95e6ccdb228	java	true	family.entire-source-closure	REVIEW_REQUIRED
synexia-mindex/foundation/src/main/java/com/synexia/mindex/foundation/MIndexHungarianAssignment.java	7f8d03ba7c63d6099a482fd5a66abce1cf523694	java	true	family.entire-source-closure	REVIEW_REQUIRED
synexia-mindex/foundation/src/main/java/com/synexia/mindex/foundation/MIndexHungarianWorkspace.java	936aec6f156db67737e732f0bb29733b37b0a741	java	true	family.entire-source-closure	REVIEW_REQUIRED
synexia-mindex/foundation/src/main/java/com/synexia/mindex/foundation/MIndexIntDisjointSet.java	04544b9630e297531b610de3003c0b5943b38b98	java	true	family.entire-source-closure	REVIEW_REQUIRED
synexia-mindex/foundation/src/main/java/com/synexia/mindex/foundation/MIndexIntIntMap.java	20688da3f84ddd36f0f2fac4d2b23c719a967690	java	true	family.entire-source-closure	REVIEW_REQUIRED
synexia-mindex/foundation/src/main/java/com/synexia/mindex/foundation/MIndexIntMonotoneIndex.java	4bef234a3d7a25ae4f0474f5860991676b36e606	java	true	family.entire-source-closure	REVIEW_REQUIRED
synexia-mindex/foundation/src/main/java/com/synexia/mindex/foundation/MIndexIntOrderStatisticIndex.java	e16a46169406cb99698f4a0c4e339ff4abc46b3d	java	true	family.entire-source-closure	REVIEW_REQUIRED
synexia-mindex/foundation/src/main/java/com/synexia/mindex/foundation/MIndexIntPattern.java	75b50889209bcd465556fc2ca4e581f93937778c	java	true	family.entire-source-closure	REVIEW_REQUIRED
synexia-mindex/foundation/src/main/java/com/synexia/mindex/foundation/MIndexIntPrefixIndex.java	bde000b2701f7a0352f5cbcfd5084a7792c6d52a	java	true	family.entire-source-closure	REVIEW_REQUIRED
synexia-mindex/foundation/src/main/java/com/synexia/mindex/foundation/MIndexIntTrieIndex.java	98b3271f0458bbdde208265b05d73e6017276fed	java	true	family.entire-source-closure	REVIEW_REQUIRED
synexia-mindex/foundation/src/main/java/com/synexia/mindex/foundation/MIndexIntWindows.java	d0dad6d33c86de2866ac4730a3329d44700d0cdf	java	true	family.entire-source-closure	REVIEW_REQUIRED
synexia-mindex/foundation/src/main/java/com/synexia/mindex/foundation/MIndexIntervalIndex.java	2599b619a6084d8076f1d195488ebc4194117e71	java	true	family.entire-source-closure	REVIEW_REQUIRED
synexia-mindex/foundation/src/main/java/com/synexia/mindex/foundation/MIndexKWayLongMerge.java	d5994e053e68ef2021777620eae853d3eca26023	java	true	family.entire-source-closure	REVIEW_REQUIRED
synexia-mindex/foundation/src/main/java/com/synexia/mindex/foundation/MIndexLeetCodeAlgorithms.java	18f4a1b68a0e0ffd1f7914da1429d87f4be8c76c	java	true	family.entire-source-closure	REVIEW_REQUIRED
synexia-mindex/foundation/src/main/java/com/synexia/mindex/foundation/MIndexLeetCodeCorpus.java	f8a98b2bde744d3350d4cc91274bdca894d6601f	java	true	family.entire-source-closure	REVIEW_REQUIRED
synexia-mindex/foundation/src/main/java/com/synexia/mindex/foundation/MIndexLeetCodeShapeCatalog.java	dfb5ecccb83cbce469f71a10f58955054fda904d	java	true	family.entire-source-closure	REVIEW_REQUIRED
synexia-mindex/foundation/src/main/java/com/synexia/mindex/foundation/MIndexLeetCodeShapeCatalogCli.java	911c1859cbd9a45b216c1a10d1339f63af4082b7	java	true	family.entire-source-closure	REVIEW_REQUIRED
synexia-mindex/foundation/src/main/java/com/synexia/mindex/foundation/MIndexLibrary.java	8cca85f3e974f037c6f0d47e3d48ee6053f9a0c4	java	true	family.entire-source-closure	REVIEW_REQUIRED
synexia-mindex/foundation/src/main/java/com/synexia/mindex/foundation/MIndexLongDifferenceArray.java	33dc5a6ceee4169de071794d7be4d0de7c70a24c	java	true	family.entire-source-closure	REVIEW_REQUIRED
synexia-mindex/foundation/src/main/java/com/synexia/mindex/foundation/MIndexLongDisjointSparseTable.java	60b57e0127ef5f0812375e1439af6b12467736fa	java	true	family.entire-source-closure	REVIEW_REQUIRED
synexia-mindex/foundation/src/main/java/com/synexia/mindex/foundation/MIndexLongPrefixMatrix.java	661d3aaabf5bd21261b4e4068339d4b42416db3f	java	true	family.entire-source-closure	REVIEW_REQUIRED
synexia-mindex/foundation/src/main/java/com/synexia/mindex/foundation/MIndexMaxFlow.java	f3fd8517b3ebb61c37464c5f3c06035cfc654a06	java	true	family.entire-source-closure	REVIEW_REQUIRED
synexia-mindex/foundation/src/main/java/com/synexia/mindex/foundation/MIndexMaxFlowWorkspace.java	6581480e50439094e50fb0254f465a3ac5c02564	java	true	family.entire-source-closure	REVIEW_REQUIRED
synexia-mindex/foundation/src/main/java/com/synexia/mindex/foundation/MIndexMoQueryOrder.java	d6167c24d5b56737fc5afe142ec0f8db42f06a97	java	true	family.entire-source-closure	REVIEW_REQUIRED
synexia-mindex/foundation/src/main/java/com/synexia/mindex/foundation/MIndexMonotoneLongDeque.java	4ec10eec0a0717695c8475bc57d3e3b551e6c656	java	true	family.entire-source-closure	REVIEW_REQUIRED
synexia-mindex/foundation/src/main/java/com/synexia/mindex/foundation/MIndexMonotoneSearch.java	dba0c440001bb2d182f74344975c33e2530110e4	java	true	family.entire-source-closure	REVIEW_REQUIRED
synexia-mindex/foundation/src/main/java/com/synexia/mindex/foundation/MIndexPalindromeWorkspace.java	20a55df4ebb748d31f715dd875ad4b08bcd17b65	java	true	family.entire-source-closure	REVIEW_REQUIRED
synexia-mindex/foundation/src/main/java/com/synexia/mindex/foundation/MIndexPath.java	c4ad3862149d272513b75d677286267ea82d77f7	java	true	family.entire-source-closure	REVIEW_REQUIRED
synexia-mindex/foundation/src/main/java/com/synexia/mindex/foundation/MIndexPathIndex.java	720e5f63d3d2b80f5d561b4bceb85be30e0c750a	java	true	family.entire-source-closure	REVIEW_REQUIRED
synexia-mindex/foundation/src/main/java/com/synexia/mindex/foundation/MIndexPathIndexCodec.java	a4e348e3b89abb9609b99affeddc243794e7bdcd	java	true	family.entire-source-closure	REVIEW_REQUIRED
synexia-mindex/foundation/src/main/java/com/synexia/mindex/foundation/MIndexRuntimeDefaults.java	7e896e5fc0eabe591b43e08107bd0d9ce776d839	java	true	family.entire-source-closure	REVIEW_REQUIRED
synexia-mindex/foundation/src/main/java/com/synexia/mindex/foundation/MIndexShortestPathWorkspace.java	c307aea43344369170ce0d2b5a953b2876f80032	java	true	family.entire-source-closure	REVIEW_REQUIRED
synexia-mindex/foundation/src/main/java/com/synexia/mindex/foundation/MIndexSignedWeightedGraph.java	a4b672dd75e9fc77d2f05d9d6ebc5169ff5ca328	java	true	family.entire-source-closure	REVIEW_REQUIRED
synexia-mindex/foundation/src/main/java/com/synexia/mindex/foundation/MIndexSignedWeightedGraphPlan.java	37a20b7f86a83c8dd28ae38d8a0eafab1f128e62	java	true	family.entire-source-closure	REVIEW_REQUIRED
synexia-mindex/foundation/src/main/java/com/synexia/mindex/foundation/MIndexStateSearch.java	b714952da9d05cefec9d95931e3e001952d1d22e	java	true	family.entire-source-closure	REVIEW_REQUIRED
synexia-mindex/foundation/src/main/java/com/synexia/mindex/foundation/MIndexStrongComponents.java	e74bd0ae46105a87fa48ada6f5c84ad39be9368c	java	true	family.entire-source-closure	REVIEW_REQUIRED
synexia-mindex/foundation/src/main/java/com/synexia/mindex/foundation/MIndexSubsetSumBitset.java	e6b16399d8635f4b8081462ae042001244b3a363	java	true	family.entire-source-closure	REVIEW_REQUIRED
synexia-mindex/foundation/src/main/java/com/synexia/mindex/foundation/MIndexTool.java	f285462c42c95b75a28a68e2747ba2f71655f106	java	true	family.entire-source-closure	REVIEW_REQUIRED
synexia-mindex/foundation/src/main/java/com/synexia/mindex/foundation/MIndexTreeIndex.java	6b648eeb3618154ced4cfade350f57f120548b39	java	true	family.entire-source-closure	REVIEW_REQUIRED
synexia-mindex/foundation/src/main/java/com/synexia/mindex/foundation/MIndexTreePageCursor.java	7d1925414d614bd5942591cb6fb25ab9cda1b647	java	true	family.entire-source-closure	REVIEW_REQUIRED
synexia-mindex/foundation/src/main/java/com/synexia/mindex/foundation/MIndexTreePager.java	3458211115a25684d24df500e3bb2388b18ee7f0	java	true	family.entire-source-closure	REVIEW_REQUIRED
synexia-mindex/foundation/src/main/java/com/synexia/mindex/foundation/MIndexWeightedAlgorithms.java	92a2b8ef95bd76ef3996741483baaa71b7f42206	java	true	family.entire-source-closure	REVIEW_REQUIRED
synexia-mindex/foundation/src/main/java/com/synexia/mindex/foundation/MIndexWeightedGraph.java	ba1cbfb23636b168a8c66ea06fa06cdf257e9bd0	java	true	family.entire-source-closure	REVIEW_REQUIRED
synexia-mindex/foundation/src/main/java/com/synexia/mindex/foundation/catalog/MIndexCatalogCodec.java	c8fdd4e213dc0d3d1c31d3f9de275d0e0071d5d7	java	true	family.entire-source-closure	REVIEW_REQUIRED
synexia-mindex/foundation/src/main/java/com/synexia/mindex/foundation/catalog/MIndexCatalogLimits.java	7f13b79f5ef020308468786e23bbf0f3c414dbd5	java	true	family.entire-source-closure	REVIEW_REQUIRED
synexia-mindex/foundation/src/main/java/com/synexia/mindex/foundation/catalog/MIndexContract.java	6d2f6d6b6e947e95ae48e94f84d1e1f926021e70	java	true	family.entire-source-closure	REVIEW_REQUIRED
synexia-mindex/foundation/src/main/java/com/synexia/mindex/foundation/catalog/MIndexDefinition.java	1a7b3332c6ba0f4525d9ea39183aaa5240d69ee4	java	true	family.entire-source-closure	REVIEW_REQUIRED
synexia-mindex/foundation/src/main/java/com/synexia/mindex/foundation/catalog/MIndexDefinitionKey.java	e82cec56aad94b14dd8d2b3aa716ce237394e687	java	true	family.entire-source-closure	REVIEW_REQUIRED
synexia-mindex/foundation/src/main/java/com/synexia/mindex/foundation/catalog/MIndexDefinitionKind.java	90d34086aa34165747ecbca165f69437f0c9540e	java	true	family.entire-source-closure	REVIEW_REQUIRED
synexia-mindex/foundation/src/main/java/com/synexia/mindex/foundation/catalog/MIndexExecutionFingerprint.java	8bc0e5dd45d0275f23ea7208ff1519b72df5119f	java	true	family.entire-source-closure	REVIEW_REQUIRED
synexia-mindex/foundation/src/main/java/com/synexia/mindex/foundation/catalog/MIndexExecutionPlan.java	db882c2529947ec06e547d2b1d31d33a4b5e671a	java	true	family.entire-source-closure	REVIEW_REQUIRED
synexia-mindex/foundation/src/main/java/com/synexia/mindex/foundation/catalog/MIndexExecutionPlanCodec.java	e963e2db377d2ccbbd288e73911ec01738cfea8c	java	true	family.entire-source-closure	REVIEW_REQUIRED
synexia-mindex/foundation/src/main/java/com/synexia/mindex/foundation/catalog/MIndexExecutionReceipt.java	3c52ecc40c00be75e35111444364b2e27bed081a	java	true	family.entire-source-closure	REVIEW_REQUIRED
synexia-mindex/foundation/src/main/java/com/synexia/mindex/foundation/catalog/MIndexExecutionReceiptCodec.java	3073ac2ca6bca4eeb63052f0298a337127dcba90	java	true	family.entire-source-closure	REVIEW_REQUIRED
synexia-mindex/foundation/src/main/java/com/synexia/mindex/foundation/catalog/MIndexExecutionReceiptVerifier.java	857396205b2e47e021f8e978f3edd9ddec5903f3	java	true	family.entire-source-closure	REVIEW_REQUIRED
synexia-mindex/foundation/src/main/java/com/synexia/mindex/foundation/catalog/MIndexExecutionResult.java	48c20a5ad5fef95bba56329434ec6444b3e86bb9	java	true	family.entire-source-closure	REVIEW_REQUIRED
synexia-mindex/foundation/src/main/java/com/synexia/mindex/foundation/catalog/MIndexFoundationCatalog.java	562ff29946c611decf840173a466e741a356ad7a	java	true	family.entire-source-closure	REVIEW_REQUIRED
synexia-mindex/foundation/src/main/java/com/synexia/mindex/foundation/catalog/MIndexPlanExecutionException.java	53266c89afb301445b72d0dff7fb24b50780fb14	java	true	family.entire-source-closure	REVIEW_REQUIRED
synexia-mindex/foundation/src/main/java/com/synexia/mindex/foundation/catalog/MIndexPlanExecutor.java	7afa35ea7cd9e9faa13c936e8a7cd06d8d179ff4	java	true	family.entire-source-closure	REVIEW_REQUIRED
synexia-mindex/foundation/src/main/java/com/synexia/mindex/foundation/catalog/MIndexPlanRequest.java	40b9426f593675e357f2e1239863495eb0cafc8f	java	true	family.entire-source-closure	REVIEW_REQUIRED
synexia-mindex/foundation/src/main/java/com/synexia/mindex/foundation/catalog/MIndexProfile.java	e7f5aafe87a85a8de8b15c68f9b389fd91c6b11e	java	true	family.entire-source-closure	REVIEW_REQUIRED
synexia-mindex/foundation/src/main/java/com/synexia/mindex/foundation/catalog/MIndexRelation.java	d4b54f197ae75bfc438e72339301315b3421df45	java	true	family.entire-source-closure	REVIEW_REQUIRED
synexia-mindex/foundation/src/main/java/com/synexia/mindex/foundation/catalog/MIndexSelectionRequest.java	3704b82ec56111591609e70f5514c449fe0c6d13	java	true	family.entire-source-closure	REVIEW_REQUIRED
synexia-mindex/foundation/src/main/java/com/synexia/mindex/foundation/catalog/MIndexSoftwareCatalog.java	8826230a1fedfbec57929ecd1ff3e681260afbb0	java	true	family.entire-source-closure	REVIEW_REQUIRED
synexia-mindex/foundation/src/main/java/com/synexia/mindex/foundation/catalog/MIndexSoftwareFactory.java	e65894857a8e3f916e1c80752566607aa6464912	java	true	family.entire-source-closure	REVIEW_REQUIRED
synexia-mindex/foundation/src/main/java/com/synexia/mindex/foundation/catalog/MIndexSoftwarePlanner.java	786511a16c65f325dc83ed54821ae0919f150d70	java	true	family.entire-source-closure	REVIEW_REQUIRED
synexia-mindex/foundation/src/main/java/com/synexia/mindex/foundation/catalog/MIndexSoftwareRuntime.java	332d93e6b98c4439091ea371f89fe3db426792f8	java	true	family.entire-source-closure	REVIEW_REQUIRED
synexia-mindex/foundation/src/main/java/com/synexia/mindex/foundation/catalog/MIndexSoftwareSelection.java	b26f4bc5e193d2093232d9accc17381dc6b5cb31	java	true	family.entire-source-closure	REVIEW_REQUIRED
synexia-mindex/foundation/src/main/java/com/synexia/mindex/foundation/lambda/LIR.java	80e9ba31892bd99d41a9e076c0aaca59eeedef4f	java	false	family.entire-source-closure	REVIEW_REQUIRED
synexia-mindex/foundation/src/main/java/com/synexia/mindex/foundation/lambda/MIndexDoubleCartesianSource.java	2431fde022d4b8d0b178dd3214339bb6714982ef	java	true	family.entire-source-closure	REVIEW_REQUIRED
synexia-mindex/foundation/src/main/java/com/synexia/mindex/foundation/lambda/MIndexDoublePipeline.java	83ad3d826e7b46a03b8c0bb75f150a24c0f38313	java	true	family.entire-source-closure	REVIEW_REQUIRED
synexia-mindex/foundation/src/main/java/com/synexia/mindex/foundation/lambda/MIndexDoublePipelineCursor.java	aa415a6878fd33539e7114599b1be5bbaecc3a84	java	true	family.entire-source-closure	REVIEW_REQUIRED
synexia-mindex/foundation/src/main/java/com/synexia/mindex/foundation/lambda/MIndexIntCartesianSource.java	590f19266594c4a0b13be8abdab84ab365ddb1fd	java	true	family.entire-source-closure	REVIEW_REQUIRED
synexia-mindex/foundation/src/main/java/com/synexia/mindex/foundation/lambda/MIndexIntPipeline.java	a9620cb7b3374e3f6628a6cdde0e2acc7b85f346	java	true	family.entire-source-closure	REVIEW_REQUIRED
synexia-mindex/foundation/src/main/java/com/synexia/mindex/foundation/lambda/MIndexIntPipelineCursor.java	fae2b4985ec79f6c2d45db80f53b3fe7aa593d0a	java	true	family.entire-source-closure	REVIEW_REQUIRED
synexia-mindex/foundation/src/main/java/com/synexia/mindex/foundation/lambda/MIndexLambda.java	a01a7bdb998d599bc1686133f4a10a87a6d1fea1	java	true	family.entire-source-closure	REVIEW_REQUIRED
synexia-mindex/foundation/src/main/java/com/synexia/mindex/foundation/lambda/MIndexLambdaOpcode.java	f5ea0c854706737a2d2a0674487f29e24bd85fd8	java	true	family.entire-source-closure	REVIEW_REQUIRED
synexia-mindex/foundation/src/main/java/com/synexia/mindex/foundation/lambda/MIndexLambdaRuntime.java	9fe30bb42ca5e80ef6511070d4991672e5e58c11	java	true	family.entire-source-closure	REVIEW_REQUIRED
synexia-mindex/foundation/src/main/java/com/synexia/mindex/foundation/lambda/MIndexLambdaTable.java	25eae099eac35645f9ec71cf3a28d1265a70cc36	java	true	family.entire-source-closure	REVIEW_REQUIRED
synexia-mindex/foundation/src/main/java/com/synexia/mindex/foundation/lambda/MIndexLambdaTableIO.java	b8a99848ca17579f42b72acc9da40860f425c0ff	java	true	family.entire-source-closure	REVIEW_REQUIRED
synexia-mindex/foundation/src/main/java/com/synexia/mindex/foundation/lambda/MIndexLambdaType.java	c8ea2f015e2732329d5700deb4a5c36091d8dcac	java	true	family.entire-source-closure	REVIEW_REQUIRED
synexia-mindex/foundation/src/main/java/com/synexia/mindex/foundation/lambda/MIndexLongCartesianSource.java	3df73fca72b003f53586b91f343ebffde27261ea	java	true	family.entire-source-closure	REVIEW_REQUIRED
synexia-mindex/foundation/src/main/java/com/synexia/mindex/foundation/lambda/MIndexLongPipeline.java	afc92b99d893d43586fa07893bda1ae7b42a9d8b	java	true	family.entire-source-closure	REVIEW_REQUIRED
synexia-mindex/foundation/src/main/java/com/synexia/mindex/foundation/lambda/MIndexLongPipelineCursor.java	c950213a9da0ae1ea73821201fccba8a1e620c02	java	true	family.entire-source-closure	REVIEW_REQUIRED
synexia-mindex/foundation/src/main/java/com/synexia/mindex/foundation/lambda/MIndexPipelineBuilder.java	132bf22633ef64c0d5b29a4f26b6ec1ca4c4d191	java	true	family.entire-source-closure	REVIEW_REQUIRED
synexia-mindex/foundation/src/main/java/com/synexia/mindex/foundation/lambda/MIndexPipelineKernel.java	e59040a6d021761adbdec3c025d50455d130dc1c	java	true	family.entire-source-closure	REVIEW_REQUIRED
synexia-mindex/foundation/src/main/java/com/synexia/mindex/foundation/lambda/MIndexPipelineWorkspace.java	51a9cf090e0c5626d68000f7b23393083a8a8b19	java	true	family.entire-source-closure	REVIEW_REQUIRED
synexia-mindex/framework/src/main/java/com/synexia/mindex/framework/MIndexCapabilityPlan.java	549499fcc77b43516e4d06eeef1cca1c592bf4d0	java	true	family.entire-source-closure	REVIEW_REQUIRED
synexia-mindex/framework/src/main/java/com/synexia/mindex/framework/MIndexCapabilityPlanner.java	67e58d434a9bd0d84517006bcbc1c59cfa60cbc4	java	true	family.entire-source-closure	REVIEW_REQUIRED
synexia-mindex/framework/src/main/java/com/synexia/mindex/framework/MIndexFoundationBridge.java	5e273813420efb17ea90229a6b42a7ccc19c92c2	java	true	family.entire-source-closure	REVIEW_REQUIRED
synexia-mindex/framework/src/main/java/com/synexia/mindex/framework/MIndexFramework.java	2df5bf36e7be86b4d4c33e43925d28d54706fefd	java	true	family.entire-source-closure	REVIEW_REQUIRED
synexia-mindex/framework/src/main/java/com/synexia/mindex/framework/MIndexFrameworkIndex.java	5f66e2b9be19cf36ba9a83bc13cf5886319e5498	java	true	family.entire-source-closure	REVIEW_REQUIRED
synexia-mindex/framework/src/main/java/com/synexia/mindex/framework/MIndexFrameworkPrecomputePlan.java	5c80b014fce52c48653fb3ffc25a96d0982d388a	java	true	family.entire-source-closure	REVIEW_REQUIRED
synexia-mindex/framework/src/main/java/com/synexia/mindex/framework/MIndexFrameworkPrecomputeReceipt.java	850ba8c3f5add6b774575037d8dbb4b4476f3eb1	java	true	family.entire-source-closure	REVIEW_REQUIRED
synexia-mindex/framework/src/main/java/com/synexia/mindex/framework/MIndexFrameworkSnapshot.java	f7682b127548572fe8edd957b1d9c44807f739aa	java	true	family.entire-source-closure	REVIEW_REQUIRED
synexia-mindex/integration/fixed-univocity/src/main/java/com/synexia/mindex/structure/UnivocityFixedLayout.java	e53824317bcb922eaca9c120e742365b28165dbe	java	false	family.entire-source-closure	REVIEW_REQUIRED
synexia-mindex/library/src/main/java/com/synexia/mindex/library/MIndexInMemoryLibrary.java	8e4cbff15b7f39357ac15f5fa2f04472dc788f7a	java	true	family.entire-source-closure	REVIEW_REQUIRED
synexia-mindex/library/src/main/java/com/synexia/mindex/library/MIndexLibrary.java	a9020b7b400b9edd19ac22127bacc5db7995f48a	java	true	family.entire-source-closure	REVIEW_REQUIRED
synexia-mindex/library/src/main/java/com/synexia/mindex/library/MIndexLibraryEntry.java	1c1ee32180bb79849be70781718bb54511fab3ec	java	true	family.entire-source-closure	REVIEW_REQUIRED
synexia-mindex/loader/src/main/java/com/synexia/mindex/loader/MIndexAgent.java	c1b358157dae90364100337f9bf7487d9b48001f	java	true	family.entire-source-closure	REVIEW_REQUIRED
synexia-mindex/loader/src/main/java/com/synexia/mindex/loader/MIndexBytecodeTransformer.java	b26301aa812ce84d696a1989989ea45d639ea8ac	java	true	family.entire-source-closure	REVIEW_REQUIRED
synexia-mindex/loader/src/main/java/com/synexia/mindex/loader/MIndexClassLoader.java	69203ee3f9cb6bf91e3682a488e35a2b26593588	java	true	family.entire-source-closure	REVIEW_REQUIRED
synexia-mindex/loader/src/main/java/com/synexia/mindex/loader/MIndexInstrumentationTransformer.java	8eeb51714133e09622253481eb5fd78e9d7bea84	java	true	family.entire-source-closure	REVIEW_REQUIRED
synexia-mindex/loader/src/main/java/com/synexia/mindex/loader/MIndexTransformConfig.java	515e870d23704114fa84b4a2b19fe040368c5f7f	java	true	family.entire-source-closure	REVIEW_REQUIRED
synexia-mindex/loader/src/main/java/com/synexia/mindex/loader/MIndexTransformResult.java	4aecfc225e26f8bab922175f21df07c7bf7020bd	java	true	family.entire-source-closure	REVIEW_REQUIRED
synexia-mindex/loader/src/main/java/com/synexia/mindex/loader/MIndexTransformStats.java	b632a7b3cc35b8e4896604de036a4cfd2bab30e1	java	true	family.entire-source-closure	REVIEW_REQUIRED
synexia-mindex/loader/src/main/java/com/synexia/mindex/loader/MIndexTransformationException.java	1372799e2754b30521f966438439a1e17605140f	java	true	family.entire-source-closure	REVIEW_REQUIRED
synexia-mindex/m3index-algorithm/src/main/java/com/synexia/m3index/algorithm/M3Algorithm.java	0a966146d5f54478f7393871a8532061524e588f	java	false	family.entire-source-closure	REVIEW_REQUIRED
synexia-mindex/m3index-algorithm/src/main/java/com/synexia/m3index/algorithm/M3AlgorithmCatalog.java	5ea146c918658e57ff9973a8f921817c153834df	java	false	family.entire-source-closure	REVIEW_REQUIRED
synexia-mindex/m3index-core/src/main/java/com/synexia/m3index/M3AST.java	080cc626109fba86c08b53dcf1c7b72a4d6ec25f	java	false	family.entire-source-closure	REVIEW_REQUIRED
synexia-mindex/m3index-core/src/main/java/com/synexia/m3index/M3ASTAtom.java	8926d4ea062661e3adf79b74ab9cab7a4f45075d	java	false	family.entire-source-closure	REVIEW_REQUIRED
synexia-mindex/m3index-core/src/main/java/com/synexia/m3index/M3CompositeString.java	802c00a54f1843533d33e0def377894fcf9c3b4e	java	false	family.entire-source-closure	REVIEW_REQUIRED
synexia-mindex/m3index-core/src/main/java/com/synexia/m3index/M3CompositeView.java	9a5f8c392062773d3598efe6bde3b26677f8e4bc	java	false	family.entire-source-closure	REVIEW_REQUIRED
synexia-mindex/m3index-core/src/main/java/com/synexia/m3index/M3Dag.java	c913bc93490b20ad260f0bb9dd9b271b87d8e15a	java	false	family.entire-source-closure	REVIEW_REQUIRED
synexia-mindex/m3index-core/src/main/java/com/synexia/m3index/M3SegmentMetadata.java	2c47a0a54ff8a3d6123658473b2b975052d95557	java	false	family.entire-source-closure	REVIEW_REQUIRED
synexia-mindex/m3index-core/src/main/java/com/synexia/m3index/M3String.java	6befc830b0933f1e5af0b9f75d82264d8abd9ae0	java	false	family.entire-source-closure	REVIEW_REQUIRED
synexia-mindex/m3index-core/src/main/java/com/synexia/m3index/M3StringMetadata.java	a9eda8273cb5654d26bc31a9208ac6e74a9d7de6	java	false	family.entire-source-closure	REVIEW_REQUIRED
synexia-mindex/m3index-core/src/main/java/com/synexia/m3index/M3StringPrecomputeImage.java	7526a29f3057a5d2d014f93a5180eff5227e16cb	java	false	family.entire-source-closure	REVIEW_REQUIRED
synexia-mindex/m3index-core/src/main/java/com/synexia/m3index/M3StringPrecomputeProfile.java	7e76ad1eb66d19576f692c06b5db3ef436c4efe5	java	false	family.entire-source-closure	REVIEW_REQUIRED
synexia-mindex/m3index-core/src/main/java/com/synexia/m3index/M3SubstringIndex.java	e85cfd444b5833f8d066ae3ffc6a2498e7e0dcfa	java	false	family.entire-source-closure	REVIEW_REQUIRED
synexia-mindex/m3index-core/src/main/java/com/synexia/m3index/M3Text.java	2dc20518248d66bad9347b5ed4dd2334e803df35	java	false	family.entire-source-closure	REVIEW_REQUIRED
synexia-mindex/m3index-core/src/main/java/com/synexia/m3index/M3TextView.java	5290bb1e00fcbe0bf15b932857a64b48c7ef60d6	java	false	family.entire-source-closure	REVIEW_REQUIRED
synexia-mindex/m3index-data-structure/src/main/java/com/synexia/m3index/structure/M3DataStructure.java	5fb4d8cd86739c448529eec4b8b03a3b65699065	java	false	family.entire-source-closure	REVIEW_REQUIRED
synexia-mindex/m3index-framework/src/main/java/com/synexia/m3index/framework/M3Framework.java	c916739ad21f1f0fb317514d887dbc8ad0328121	java	false	family.entire-source-closure	REVIEW_REQUIRED
synexia-mindex/m3index-jdk-bridge/src/main/java/com/synexia/m3index/jdk/M3JdkStringBridge.java	0cf635bcc28fb58bdfa7c00cb64a3932a9b2e178	java	false	family.entire-source-closure	REVIEW_REQUIRED
synexia-mindex/m3index-library/src/main/java/com/synexia/m3index/library/M3Library.java	62c75d7441cd484f5d08537ede547d3c4d6f7282	java	false	family.entire-source-closure	REVIEW_REQUIRED
synexia-mindex/m3index-library/src/main/java/com/synexia/m3index/library/M3LibraryEntry.java	0eadd6112fb463b2ea4ebf4bb6ab76f0e00d37e3	java	false	family.entire-source-closure	REVIEW_REQUIRED
synexia-mindex/m3index-tool/src/main/java/com/synexia/m3index/tool/M3Tool.java	c24778c52208f53ca8deb60f5c565aa4ea30f356	java	false	family.entire-source-closure	REVIEW_REQUIRED
synexia-mindex/m3index-tool/src/main/java/com/synexia/m3index/tool/M3ToolRegistry.java	02c01be0760644b70be04925bc43dbf1bcc946d8	java	false	family.entire-source-closure	REVIEW_REQUIRED
synexia-mindex/m3index-tool/src/main/java/com/synexia/m3index/tool/M3ToolRequest.java	3fd35fa4c7173b30c198dfd7eab0847fe1251985	java	false	family.entire-source-closure	REVIEW_REQUIRED
synexia-mindex/m3index-tool/src/main/java/com/synexia/m3index/tool/M3ToolResult.java	e5293a13a52ce3c10722ee715bafc9d07fd92a22	java	false	family.entire-source-closure	REVIEW_REQUIRED
synexia-mindex/maven-plugin/src/main/java/com/synexia/mindex/experiment/maven/ApplyMojo.java	734daed55b2a76c31ac34561d3c6cee05b91a4f3	java	false	family.entire-source-closure	REVIEW_REQUIRED
synexia-mindex/maven-plugin/src/main/java/com/synexia/mindex/experiment/maven/BaseMojo.java	1d0abe396f2f9d1539102bec2be750247af86fb5	java	false	family.entire-source-closure	REVIEW_REQUIRED
synexia-mindex/maven-plugin/src/main/java/com/synexia/mindex/experiment/maven/BenchmarkMojo.java	0b3c2c73330f28312c938f36bf6aedacf196a9e0	java	false	family.entire-source-closure	REVIEW_REQUIRED
synexia-mindex/maven-plugin/src/main/java/com/synexia/mindex/experiment/maven/CompatibilityMojo.java	5df87fff634a6b2273b87496b447d6fa01446d25	java	false	family.entire-source-closure	REVIEW_REQUIRED
synexia-mindex/maven-plugin/src/main/java/com/synexia/mindex/experiment/maven/DiffMojo.java	9f659b854da39778fa66aa7e2b225fa4f16d2e3f	java	false	family.entire-source-closure	REVIEW_REQUIRED
synexia-mindex/maven-plugin/src/main/java/com/synexia/mindex/experiment/maven/RevertMojo.java	3b14eb5a2173eb91a36f446f83dbe6b86b5996c3	java	false	family.entire-source-closure	REVIEW_REQUIRED
synexia-mindex/maven-plugin/src/main/java/com/synexia/mindex/experiment/maven/TransformMojo.java	cf84ca23a9fd9c9eadd20847285d795ab79d7497	java	false	family.entire-source-closure	REVIEW_REQUIRED
synexia-mindex/maven-plugin/src/main/java/com/synexia/mindex/maven/ApiShapePlanMojo.java	1743130e3b5243c6c5212f8d8813977be547f352	java	false	family.entire-source-closure	REVIEW_REQUIRED
synexia-mindex/maven-plugin/src/main/java/com/synexia/mindex/maven/ApplyMojo.java	8970cc72364c32b2ccb6de86c8bae84791b552c5	java	false	family.entire-source-closure	REVIEW_REQUIRED
synexia-mindex/maven-plugin/src/main/java/com/synexia/mindex/maven/AuditMojo.java	d8b68ccdd9cf9a4325bc60cfcc8adb19efc6a204	java	false	family.entire-source-closure	REVIEW_REQUIRED
synexia-mindex/maven-plugin/src/main/java/com/synexia/mindex/maven/BenchmarkMojo.java	9aae76984bed8ce567d7e2d10ee4978f0c7c552d	java	false	family.entire-source-closure	REVIEW_REQUIRED
synexia-mindex/maven-plugin/src/main/java/com/synexia/mindex/maven/DiffMojo.java	48400e9c7bfc5c621f32486005be2c8cb31cfb81	java	false	family.entire-source-closure	REVIEW_REQUIRED
synexia-mindex/maven-plugin/src/main/java/com/synexia/mindex/maven/GateMojo.java	29a4beaa8dfe82440ff9ca21d68fbe69f3e31a28	java	false	family.entire-source-closure	REVIEW_REQUIRED
synexia-mindex/maven-plugin/src/main/java/com/synexia/mindex/maven/MIndexMojoSupport.java	fd142747a4c6c301923768fbec7ee08e8de84887	java	true	family.entire-source-closure	REVIEW_REQUIRED
synexia-mindex/maven-plugin/src/main/java/com/synexia/mindex/maven/RevertMojo.java	c09e5ea3b832ac889255b07d1e7c1ae004cfd120	java	false	family.entire-source-closure	REVIEW_REQUIRED
synexia-mindex/maven-plugin/src/main/java/com/synexia/mindex/maven/RewriteLambdasMojo.java	f8aea11926e619efb07c6acaf7fb6a36efd9c374	java	false	family.entire-source-closure	REVIEW_REQUIRED
synexia-mindex/maven-plugin/src/main/java/com/synexia/mindex/maven/TransformMojo.java	22a46c6eed0055795774ce70293e1fa49472db1f	java	false	family.entire-source-closure	REVIEW_REQUIRED
synexia-mindex/native-jni/tools/pmem2-source-recipe/postimages/synexia-mindex/native-jni/tools/pmem2-source/src/main/java/com/synexia/mindex/tools/PmdkSourceBuild.java	ac08268f81de0b240973c4e1a9c2a27f5520329f	java	false	family.entire-source-closure	REVIEW_REQUIRED
synexia-mindex/native-jni/tools/pmem2-source/src/main/java/com/synexia/mindex/tools/PmdkSourceBuild.java	ac08268f81de0b240973c4e1a9c2a27f5520329f	java	false	family.entire-source-closure	REVIEW_REQUIRED
synexia-mindex/opennlp/src/main/java/com/synexia/mindex/opennlp/IndexedGisModel.java	21125dc431fba0e617bd172cc080edac1b50457d	java	false	family.entire-source-closure	REVIEW_REQUIRED
synexia-mindex/opennlp/src/main/java/com/synexia/mindex/opennlp/OpenNlpLanguageBoundary.java	980a5e01c1ccc355da4efdf0eb3ec68e8b49ca34	java	false	family.entire-source-closure	REVIEW_REQUIRED
synexia-mindex/opennlp/src/main/resources/META-INF/donors/apache-opennlp/LICENSE	7fcb36b1ade3a76b1d34d0441b4af0af2fa1901c	resource	false	family.entire-source-closure	REVIEW_REQUIRED
synexia-mindex/opennlp/src/main/resources/META-INF/donors/apache-opennlp/NOTICE	793a6ce517179064eb6b1fd893f7e87218699edd	resource	false	family.entire-source-closure	REVIEW_REQUIRED
synexia-mindex/opennlp/src/main/resources/META-INF/donors/apache-opennlp/PROVENANCE.json	9ff179e5bb01c02289fa59653c6e3f57ef47015a	resource	false	family.entire-source-closure	REVIEW_REQUIRED
synexia-mindex/precompute-api/src/main/java/com/synexia/mindex/precompute/M3SemanticFingerprint.java	bb8482b84dc641fc9f5a80646ad7949fed572170	java	false	family.entire-source-closure	REVIEW_REQUIRED
synexia-mindex/precompute-api/src/main/java/com/synexia/mindex/precompute/MIndexApiPrecomputeTable.java	91bbf8db7219388cd10b748546fc1895f87280fa	java	true	family.entire-source-closure	REVIEW_REQUIRED
synexia-mindex/precompute-api/src/main/java/com/synexia/mindex/precompute/MIndexApiSchemaContribution.java	c537e920203c6efdbc99b58e3e58313af1e469f7	java	true	family.entire-source-closure	REVIEW_REQUIRED
synexia-mindex/precompute-api/src/main/java/com/synexia/mindex/precompute/MIndexAtomTransferExport.java	00b1c74d179180b90462b7574ffa53e6f1408674	java	true	family.entire-source-closure	REVIEW_REQUIRED
synexia-mindex/precompute-api/src/main/java/com/synexia/mindex/precompute/MIndexGraphContribution.java	7c8750a4a9070d9413636055654b9178f8eeed6f	java	true	family.entire-source-closure	REVIEW_REQUIRED
synexia-mindex/precompute-api/src/main/java/com/synexia/mindex/precompute/MIndexJavaApiContribution.java	94f363fc59f9dc823dcc3e07a6d00145be671e9b	java	true	family.entire-source-closure	REVIEW_REQUIRED
synexia-mindex/precompute-api/src/main/java/com/synexia/mindex/precompute/MIndexPostingIndex.java	b8ee0899a2634938557e8b61ebfb7889b331eba6	java	true	family.entire-source-closure	REVIEW_REQUIRED
synexia-mindex/precompute-api/src/main/java/com/synexia/mindex/precompute/MIndexPostingIntersectionKernel.java	82a55024c12b23a8ad0faa48fc556307a3edc6f0	java	true	family.entire-source-closure	REVIEW_REQUIRED
synexia-mindex/precompute-api/src/main/java/com/synexia/mindex/precompute/MIndexPostingKind.java	43df6c5d6ed048f08a3e35211b2f84178a30f3ef	java	true	family.entire-source-closure	REVIEW_REQUIRED
synexia-mindex/precompute-api/src/main/java/com/synexia/mindex/precompute/MIndexUniversalCompiler.java	636380ec2709e38b0fbd5ebca7dbe4b695008970	java	true	family.entire-source-closure	REVIEW_REQUIRED
synexia-mindex/precompute-api/src/main/java/com/synexia/mindex/precompute/MIndexUniversalContribution.java	1a3326a1f337b55266d7c1bb82fc848caea261f9	java	true	family.entire-source-closure	REVIEW_REQUIRED
synexia-mindex/precompute-api/src/main/java/com/synexia/mindex/precompute/MIndexUniversalGrowth.java	ac97a9ac71afd3a0d27255f8f2c41790aaca2b34	java	true	family.entire-source-closure	REVIEW_REQUIRED
synexia-mindex/precompute-api/src/main/java/com/synexia/mindex/precompute/MIndexUniversalHash.java	159515c618a1bcf822a21e47cf7f95940aabfad5	java	true	family.entire-source-closure	REVIEW_REQUIRED
synexia-mindex/precompute-api/src/main/java/com/synexia/mindex/precompute/MIndexUniversalImageCodec.java	8e16e88152bcd8dc6a6700aeabf02a261ba63906	java	true	family.entire-source-closure	REVIEW_REQUIRED
synexia-mindex/precompute-api/src/main/java/com/synexia/mindex/precompute/MIndexUniversalLimits.java	885e5a3bbed9426e7ab0f54c0564221c8612974a	java	true	family.entire-source-closure	REVIEW_REQUIRED
synexia-mindex/precompute-api/src/main/java/com/synexia/mindex/precompute/MIndexUniversalPrecompute.java	f13d1ff88f4659b2600512bc067599fa8d8d0e68	java	true	family.entire-source-closure	REVIEW_REQUIRED
synexia-mindex/precompute-api/src/main/java/com/synexia/mindex/precompute/MIndexUniversalSnapshot.java	ea92a528ee161e5128514cbb7197ed21b1f48e76	java	true	family.entire-source-closure	REVIEW_REQUIRED
synexia-mindex/precompute-api/src/main/java/com/synexia/mindex/precompute/MIndexUniversalSource.java	aeacbbfa2d170ff4aa971e8bd6e57df06cf1514b	java	true	family.entire-source-closure	REVIEW_REQUIRED
synexia-mindex/precompute-jini/src/main/java/com/synexia/mindex/precompute/jini/MIndexJiniComputeFabricBridge.java	518aac57c3a7ddc781871efc648a0f08744dc9d8	java	true	family.entire-source-closure	REVIEW_REQUIRED
synexia-mindex/precompute-jini/src/main/java/com/synexia/mindex/precompute/jini/MIndexNativePostingIntersectionKernel.java	65566d16df42faaaf837c61211f1b48f57928bde	java	true	family.entire-source-closure	REVIEW_REQUIRED
synexia-mindex/precompute-jini/src/main/java/com/synexia/mindex/precompute/jini/MIndexUniversalJiniAuthority.java	669288e51d3eb13f96f48c951492f3a9fe5cc0e9	java	true	family.entire-source-closure	REVIEW_REQUIRED
synexia-mindex/precompute-jini/src/main/java/com/synexia/mindex/precompute/jini/MIndexUniversalJiniLimits.java	7b9f13788b2294a5b5e190ce26b7e96c10fa45bb	java	true	family.entire-source-closure	REVIEW_REQUIRED
synexia-mindex/precompute-jini/src/main/java/com/synexia/mindex/precompute/jini/MIndexUniversalJiniLocator.java	0220438892d3270c9363367780407507d1ba50cc	java	true	family.entire-source-closure	REVIEW_REQUIRED
synexia-mindex/precompute-jini/src/main/java/com/synexia/mindex/precompute/jini/MIndexUniversalJiniProtocol.java	959e5282fa2959b034a837d3b55ea99bee7d0cc0	java	true	family.entire-source-closure	REVIEW_REQUIRED
synexia-mindex/precompute-jini/src/main/java/com/synexia/mindex/precompute/jini/MIndexUniversalJiniPublisher.java	e1e340ff7c87a25d8c97095a40a5fe6da4f84a63	java	true	family.entire-source-closure	REVIEW_REQUIRED
synexia-mindex/precompute-jini/src/main/java/com/synexia/mindex/precompute/jini/MIndexUniversalJiniService.java	7eedff5589948fbc131677dad4597fc1ced0d70c	java	true	family.entire-source-closure	REVIEW_REQUIRED
synexia-mindex/precompute-jini/src/main/java/com/synexia/mindex/precompute/jini/MIndexUniversalJiniServiceImpl.java	6fc1dcc99fe39563f036a497eaf6834876fe1b61	java	true	family.entire-source-closure	REVIEW_REQUIRED
synexia-mindex/precompute-jini/src/main/java/com/synexia/mindex/precompute/jini/MIndexUniversalJiniStaleException.java	244d0b39931e2b48053fd7023f52230b4f41b97c	java	true	family.entire-source-closure	REVIEW_REQUIRED
synexia-mindex/regex-re2j/src/main/java/com/synexia/mindex/regex/re2j/MIndexHybridRegex.java	62c6c473dc3107085ee5cf486c5c668748361542	java	true	family.entire-source-closure	REVIEW_REQUIRED
synexia-mindex/regex-re2j/src/main/java/com/synexia/mindex/regex/re2j/MIndexRe2jMatcher.java	0698a81829bbea947902a46d2e85206b00941a36	java	true	family.entire-source-closure	REVIEW_REQUIRED
synexia-mindex/regex-re2j/src/main/java/com/synexia/mindex/regex/re2j/MIndexRe2jRegex.java	60a7cf020a16d58598b6fb95a1b997cd6cbd2fed	java	true	family.entire-source-closure	REVIEW_REQUIRED
synexia-mindex/repository-inventory/src/main/java/com/synexia/mindex/inventory/MIndexRepositoryAdaptiveBudgetPlanner.java	8a8f97c508ed8cc18a4e5dad36a7bd5ee41a30bc	java	true	family.entire-source-closure	REVIEW_REQUIRED
synexia-mindex/repository-inventory/src/main/java/com/synexia/mindex/inventory/MIndexRepositoryAdaptiveBudgetWriter.java	b6bdad7e9d0de5f52b0de39504990d1ac7b05c0b	java	true	family.entire-source-closure	REVIEW_REQUIRED
synexia-mindex/repository-inventory/src/main/java/com/synexia/mindex/inventory/MIndexRepositoryAdaptiveFeedbackReader.java	be7d98b753dc692ea545af19b3459df229d13a51	java	true	family.entire-source-closure	REVIEW_REQUIRED
synexia-mindex/repository-inventory/src/main/java/com/synexia/mindex/inventory/MIndexRepositoryApiPlan.java	233f3d28529145fe4f2b3400c35f18cda394819e	java	true	family.entire-source-closure	REVIEW_REQUIRED
synexia-mindex/repository-inventory/src/main/java/com/synexia/mindex/inventory/MIndexRepositoryApiRequirementPlan.java	8513dee1eb6c7936bfb90b3de5845aecf8404bcf	java	true	family.entire-source-closure	REVIEW_REQUIRED
synexia-mindex/repository-inventory/src/main/java/com/synexia/mindex/inventory/MIndexRepositoryApiRequirementWriter.java	42fcd2d254dfacb230d84383712c44edb3286de6	java	true	family.entire-source-closure	REVIEW_REQUIRED
synexia-mindex/repository-inventory/src/main/java/com/synexia/mindex/inventory/MIndexRepositoryFileWriter.java	3a509e8f8aec4da1cba48d4834f850583fb19619	java	true	family.entire-source-closure	REVIEW_REQUIRED
synexia-mindex/repository-inventory/src/main/java/com/synexia/mindex/inventory/MIndexRepositoryGapReport.java	51e086055c154ea95f1dc353cff901f8a60cd4b3	java	true	family.entire-source-closure	REVIEW_REQUIRED
synexia-mindex/repository-inventory/src/main/java/com/synexia/mindex/inventory/MIndexRepositoryGate.java	ee64b779be8eae91a643ea1b41e98968e1d896db	java	true	family.entire-source-closure	REVIEW_REQUIRED
synexia-mindex/repository-inventory/src/main/java/com/synexia/mindex/inventory/MIndexRepositoryInventoryCli.java	3ed754d74c835d10f36d114a14c7dc278bcc3003	java	true	family.entire-source-closure	REVIEW_REQUIRED
synexia-mindex/repository-inventory/src/main/java/com/synexia/mindex/inventory/MIndexRepositoryInventoryContribution.java	df52ef8cac6300f1a135f5b1f8ecace4e7810826	java	true	family.entire-source-closure	REVIEW_REQUIRED
synexia-mindex/repository-inventory/src/main/java/com/synexia/mindex/inventory/MIndexRepositoryInventoryFeature.java	a58a0e5b104dc725b0746796916c0f8d0e7467ec	java	true	family.entire-source-closure	REVIEW_REQUIRED
synexia-mindex/repository-inventory/src/main/java/com/synexia/mindex/inventory/MIndexRepositoryInventoryKind.java	eefa277973b68e20bb0dc03df3ce787454b95ec7	java	true	family.entire-source-closure	REVIEW_REQUIRED
synexia-mindex/repository-inventory/src/main/java/com/synexia/mindex/inventory/MIndexRepositoryInventoryLimits.java	08b8af4d68360f46acc562973d7a252538b302d0	java	true	family.entire-source-closure	REVIEW_REQUIRED
synexia-mindex/repository-inventory/src/main/java/com/synexia/mindex/inventory/MIndexRepositoryInventoryQueries.java	1a3fbf05c9b725b3e2fa31d5ed21522fc465eae2	java	true	family.entire-source-closure	REVIEW_REQUIRED
synexia-mindex/repository-inventory/src/main/java/com/synexia/mindex/inventory/MIndexRepositoryInventoryScanner.java	5f7030624c1860e3b9ab4e99bfee21b3924411cc	java	true	family.entire-source-closure	REVIEW_REQUIRED
synexia-mindex/repository-inventory/src/main/java/com/synexia/mindex/inventory/MIndexRepositoryMethodEvidence.java	ceec4e8cc675fe20f88a674a79f548199d1ce110	java	true	family.entire-source-closure	REVIEW_REQUIRED
synexia-mindex/repository-inventory/src/main/java/com/synexia/mindex/inventory/MIndexRepositoryMultipassPlanner.java	6a9b927c4acb327cb608c0745ec6d345b530e52e	java	true	family.entire-source-closure	REVIEW_REQUIRED
synexia-mindex/repository-inventory/src/main/java/com/synexia/mindex/inventory/MIndexRepositoryMultipassWriter.java	ba850214a51e8dc5529724360b45b7f4ce578a8c	java	true	family.entire-source-closure	REVIEW_REQUIRED
synexia-mindex/repository-inventory/src/main/java/com/synexia/mindex/inventory/MIndexRepositoryPass.java	60a980f0f84bd7c13642b1ca9919cf0a52aa4b8a	java	true	family.entire-source-closure	REVIEW_REQUIRED
synexia-mindex/repository-inventory/src/main/java/com/synexia/mindex/inventory/MIndexRepositorySupersetPlanWriter.java	0a22af0879519ef3850a6c10d7e17459f6e78803	java	true	family.entire-source-closure	REVIEW_REQUIRED
synexia-mindex/repository-inventory/src/main/java/com/synexia/mindex/inventory/MIndexRepositorySupersetPlanner.java	54db15527a6d5fa203d295e4f35f41c24471fff8	java	true	family.entire-source-closure	REVIEW_REQUIRED
synexia-mindex/repository-inventory/src/main/java/com/synexia/mindex/inventory/MIndexRepositoryWorkKind.java	3ecbfbfde7d87531364451b51a127058c1329a43	java	true	family.entire-source-closure	REVIEW_REQUIRED
synexia-mindex/resource-eclipse/bundle/src/main/java/com/synexia/mindex/resource/eclipse/MIndexResourceView.java	70a0f622ce338685ba102f30ca8536584c611776	java	true	family.entire-source-closure	REVIEW_REQUIRED
synexia-mindex/resource-eclipse/bundle/src/main/java/com/synexia/mindex/resource/eclipse/MIndexResourceViewIds.java	67ed46a7f2e722e7fdd5e4f34079819226195a1e	java	true	family.entire-source-closure	REVIEW_REQUIRED
synexia-mindex/resource/src/main/java/com/synexia/mindex/resource/MIndexQualifiedName.java	650644a5b07a95c57f7b9891513fb03b17db7495	java	true	family.entire-source-closure	REVIEW_REQUIRED
synexia-mindex/resource/src/main/java/com/synexia/mindex/resource/MIndexResource.java	34815f81b8dd651df59b4dc9f23e50395c51744e	java	true	family.entire-source-closure	REVIEW_REQUIRED
synexia-mindex/resource/src/main/java/com/synexia/mindex/resource/MIndexResourceAccess.java	1b4eb18b102f52be2d1e13589195b47e37f3b090	java	true	family.entire-source-closure	REVIEW_REQUIRED
synexia-mindex/resource/src/main/java/com/synexia/mindex/resource/MIndexResourceAtomicAction.java	b92b2e10eb30beae0230663a9ae74760f6e02321	java	true	family.entire-source-closure	REVIEW_REQUIRED
synexia-mindex/resource/src/main/java/com/synexia/mindex/resource/MIndexResourceChangeEvent.java	ec005b940595f2ee0605d019ff5102477cbe3dfc	java	true	family.entire-source-closure	REVIEW_REQUIRED
synexia-mindex/resource/src/main/java/com/synexia/mindex/resource/MIndexResourceChangeListener.java	6cd60ab647c267185c6c111533397e9dbe9b7c7d	java	true	family.entire-source-closure	REVIEW_REQUIRED
synexia-mindex/resource/src/main/java/com/synexia/mindex/resource/MIndexResourceDelta.java	8f429e63bd6d7ccf4e50cd9f70d2768f95a98632	java	true	family.entire-source-closure	REVIEW_REQUIRED
synexia-mindex/resource/src/main/java/com/synexia/mindex/resource/MIndexResourceDeltaFlags.java	97204655e3c3625879659f91fb543f98f90613bd	java	true	family.entire-source-closure	REVIEW_REQUIRED
synexia-mindex/resource/src/main/java/com/synexia/mindex/resource/MIndexResourceDeltaKind.java	9022799eecb39fa30b2ae890b275e3e8c48d2127	java	true	family.entire-source-closure	REVIEW_REQUIRED
synexia-mindex/resource/src/main/java/com/synexia/mindex/resource/MIndexResourceDeltaVisitor.java	4f312f9c267d057d3522f62d14824ca4f3d81864	java	true	family.entire-source-closure	REVIEW_REQUIRED
synexia-mindex/resource/src/main/java/com/synexia/mindex/resource/MIndexResourceFilter.java	00268ed7db78321a4a5d4896fd38b3ddbf56b0d7	java	true	family.entire-source-closure	REVIEW_REQUIRED
synexia-mindex/resource/src/main/java/com/synexia/mindex/resource/MIndexResourceFlags.java	6b7c4fd1d173aac193567855ff82b82d8dcb7196	java	true	family.entire-source-closure	REVIEW_REQUIRED
synexia-mindex/resource/src/main/java/com/synexia/mindex/resource/MIndexResourceKind.java	25005d674c507dab627622bd83eb465a655fd7c2	java	true	family.entire-source-closure	REVIEW_REQUIRED
synexia-mindex/resource/src/main/java/com/synexia/mindex/resource/MIndexResourceMarker.java	1cf79460670bc500deeffdbd982951b11e60eaf7	java	true	family.entire-source-closure	REVIEW_REQUIRED
synexia-mindex/resource/src/main/java/com/synexia/mindex/resource/MIndexResourceMarkerStore.java	d08d772aae1750c4931c7a3085f2aa4c9bac734b	java	true	family.entire-source-closure	REVIEW_REQUIRED
synexia-mindex/resource/src/main/java/com/synexia/mindex/resource/MIndexResourceMarkerVisitor.java	99d1d25b9072faebbb288263936e50700743ece4	java	true	family.entire-source-closure	REVIEW_REQUIRED
synexia-mindex/resource/src/main/java/com/synexia/mindex/resource/MIndexResourceMutations.java	24c69c195f77e094c61db29e79995eb61a88c093	java	true	family.entire-source-closure	REVIEW_REQUIRED
synexia-mindex/resource/src/main/java/com/synexia/mindex/resource/MIndexResourcePreview.java	90083fc9439b8a24359e2bec6e8947f0fdd1a3ee	java	true	family.entire-source-closure	REVIEW_REQUIRED
synexia-mindex/resource/src/main/java/com/synexia/mindex/resource/MIndexResourcePropertyStore.java	f1c2f50f7ec66d6dafd20cd2e137ddd9c4f5f0a4	java	true	family.entire-source-closure	REVIEW_REQUIRED
synexia-mindex/resource/src/main/java/com/synexia/mindex/resource/MIndexResourcePropertyVisitor.java	a55547f137bf02d7f970257a7427c6fa037bdb9e	java	true	family.entire-source-closure	REVIEW_REQUIRED
synexia-mindex/resource/src/main/java/com/synexia/mindex/resource/MIndexResourceScanOptions.java	34dc68e3a826d0fe96066cf39ad05e11d9bbd611	java	true	family.entire-source-closure	REVIEW_REQUIRED
synexia-mindex/resource/src/main/java/com/synexia/mindex/resource/MIndexResourceScanner.java	7c62328229961cb2d97359ae906752183eaf8a2d	java	true	family.entire-source-closure	REVIEW_REQUIRED
synexia-mindex/resource/src/main/java/com/synexia/mindex/resource/MIndexResourceSelector.java	2130c241e35cade00d9f3bed4006972b47624f5d	java	true	family.entire-source-closure	REVIEW_REQUIRED
synexia-mindex/resource/src/main/java/com/synexia/mindex/resource/MIndexResourceSnapshot.java	77b65ae4339cbd63520993e6789c56d275866960	java	true	family.entire-source-closure	REVIEW_REQUIRED
synexia-mindex/resource/src/main/java/com/synexia/mindex/resource/MIndexResourceStatistics.java	b535d35a7373ee78628aa73270b63184ea629557	java	true	family.entire-source-closure	REVIEW_REQUIRED
synexia-mindex/resource/src/main/java/com/synexia/mindex/resource/MIndexResourceTraversal.java	86481eae281f88318a0db0079bb1546abfb5239d	java	true	family.entire-source-closure	REVIEW_REQUIRED
synexia-mindex/resource/src/main/java/com/synexia/mindex/resource/MIndexResourceVisitor.java	b3b3665ef2308a9ae956c64a6612e8d87d9f4d22	java	true	family.entire-source-closure	REVIEW_REQUIRED
synexia-mindex/resource/src/main/java/com/synexia/mindex/resource/MIndexResourceWorkspace.java	137a1d3fa6cbe86b2365ff246bd3ca0a36d89a80	java	true	family.entire-source-closure	REVIEW_REQUIRED
synexia-mindex/runtime-jini/src/main/java/com/synexia/mindex/jini/MIndexClassIndexContribution.java	78eaf543935c772399654bbf3f58e6671482759e	java	true	family.entire-source-closure	REVIEW_REQUIRED
synexia-mindex/runtime-jini/src/main/java/com/synexia/mindex/jini/MIndexFrameworkContribution.java	94fed5d798d1bfdd21f5d89c8be6592e63b94a83	java	true	family.entire-source-closure	REVIEW_REQUIRED
synexia-mindex/runtime-jini/src/main/java/com/synexia/mindex/jini/MIndexJiniProjectionPolicy.java	2a4ece584c2035027935fa3c135798206a9ccc2e	java	true	family.entire-source-closure	REVIEW_REQUIRED
synexia-mindex/runtime-jini/src/main/java/com/synexia/mindex/jini/MIndexRuntimeContribution.java	8e2786945c1e1a02ff8d935538ce792f07298927	java	true	family.entire-source-closure	REVIEW_REQUIRED
synexia-mindex/runtime-jini/src/main/java/com/synexia/mindex/jini/MIndexRuntimeJiniAuthority.java	4c59b1e9b110460433be04d9f38e477b454e2bd4	java	true	family.entire-source-closure	REVIEW_REQUIRED
synexia-mindex/runtime-jini/src/main/java/com/synexia/mindex/jini/MIndexRuntimeJiniLimits.java	2098d7615e1b8ae2fe23bf374a6c6731d45a4646	java	true	family.entire-source-closure	REVIEW_REQUIRED
synexia-mindex/runtime-jini/src/main/java/com/synexia/mindex/jini/MIndexRuntimeJiniLocator.java	d014318a5317d50745db8eaa568be5dfb34ad97f	java	true	family.entire-source-closure	REVIEW_REQUIRED
synexia-mindex/runtime-jini/src/main/java/com/synexia/mindex/jini/MIndexRuntimeJiniProtocol.java	0913bcb41894210ae5ec521fb62adfe6fcb70db4	java	true	family.entire-source-closure	REVIEW_REQUIRED
synexia-mindex/runtime-jini/src/main/java/com/synexia/mindex/jini/MIndexRuntimeJiniPublisher.java	83bc6813adefa63155aab33135b902a800e57209	java	true	family.entire-source-closure	REVIEW_REQUIRED
synexia-mindex/runtime-jini/src/main/java/com/synexia/mindex/jini/MIndexRuntimeJiniService.java	f31813b76a5e72b9e68647b3629c68d3944fbc6e	java	true	family.entire-source-closure	REVIEW_REQUIRED
synexia-mindex/runtime-jini/src/main/java/com/synexia/mindex/jini/MIndexRuntimeJiniServiceImpl.java	3b7940cc8cf18989f88879bcd0b30fb8146e17cc	java	true	family.entire-source-closure	REVIEW_REQUIRED
synexia-mindex/runtime-jini/src/main/java/com/synexia/mindex/jini/MIndexRuntimeJiniStaleException.java	e1a5b549c115de9a20ba92dc234065452fa5650e	java	true	family.entire-source-closure	REVIEW_REQUIRED
synexia-mindex/runtime/docs/direct-byte-shadow-restoration/templates/synexia-mindex/runtime/src/main/java/com/synexia/mindex/MIndexByteSequence.java	7db70b7d754fc1fb410dd42e17b757459b8d2c24	java	true	family.entire-source-closure	REVIEW_REQUIRED
synexia-mindex/runtime/src/main/java/com/synexia/mindex/BigramCorpusCompiler.java	4a6776def884f63b7bd16182e84349a3dddb999a	java	false	family.entire-source-closure	REVIEW_REQUIRED
synexia-mindex/runtime/src/main/java/com/synexia/mindex/BigramCount.java	6db4529c9f28607993c0ac15c8082a6643adadd2	java	false	family.entire-source-closure	REVIEW_REQUIRED
synexia-mindex/runtime/src/main/java/com/synexia/mindex/BigramCountTsv.java	7254e700f838f7f6c0a9b77b9f1db2fe0595cdbd	java	false	family.entire-source-closure	REVIEW_REQUIRED
synexia-mindex/runtime/src/main/java/com/synexia/mindex/BigramExternalSorter.java	7fd3485b8a1d1e0716dd3dea6b4c8c5754bfc802	java	false	family.entire-source-closure	REVIEW_REQUIRED
synexia-mindex/runtime/src/main/java/com/synexia/mindex/BigramImageCli.java	02fa502df2cc92e6809d47b283c9a6df70bd44c6	java	false	family.entire-source-closure	REVIEW_REQUIRED
synexia-mindex/runtime/src/main/java/com/synexia/mindex/BigramImageFormat.java	8b6847b593d9f4c5e73c5a7c794c1ca30d9ea2a6	java	false	family.entire-source-closure	REVIEW_REQUIRED
synexia-mindex/runtime/src/main/java/com/synexia/mindex/BigramImageLayout.java	1ffc1fd626ad5907522177e292e1215ad7235fc4	java	false	family.entire-source-closure	REVIEW_REQUIRED
synexia-mindex/runtime/src/main/java/com/synexia/mindex/BigramLanguageModel.java	66e0d84a37b5ef98dc357a43e01ec15d9737f3f1	java	false	family.entire-source-closure	REVIEW_REQUIRED
synexia-mindex/runtime/src/main/java/com/synexia/mindex/BigramModelRoot.java	a32ac3632f530a156d13d2a515e3ecad0bb8d87a	java	false	family.entire-source-closure	REVIEW_REQUIRED
synexia-mindex/runtime/src/main/java/com/synexia/mindex/BigramPairAccumulator.java	91624c03d2da0b292322a8643ef2eb2d3862b6a2	java	false	family.entire-source-closure	REVIEW_REQUIRED
synexia-mindex/runtime/src/main/java/com/synexia/mindex/BigramProbability.java	7659a908cc59fa80f417b4b92ab1717ced2eb454	java	false	family.entire-source-closure	REVIEW_REQUIRED
synexia-mindex/runtime/src/main/java/com/synexia/mindex/BigramProvenance.java	97be14eecce084862281997692485d03d4a4d315	java	false	family.entire-source-closure	REVIEW_REQUIRED
synexia-mindex/runtime/src/main/java/com/synexia/mindex/BoundedLanguageSource.java	cb49ad39a0166f6961408b0a68d1159e8e44ff2f	java	false	family.entire-source-closure	REVIEW_REQUIRED
synexia-mindex/runtime/src/main/java/com/synexia/mindex/CompiledBigramExternalWriter.java	6f53fec0cb5b0f95654a4c0cefb7eede6910b66b	java	false	family.entire-source-closure	REVIEW_REQUIRED
synexia-mindex/runtime/src/main/java/com/synexia/mindex/CompiledBigramImage.java	9e7c1d3e0c5111dae24bddccc1bf4e3c013a640c	java	false	family.entire-source-closure	REVIEW_REQUIRED
synexia-mindex/runtime/src/main/java/com/synexia/mindex/CompiledBigramImageWriter.java	ddd555cdc123c53e30b1cc867cc2c4979657f776	java	false	family.entire-source-closure	REVIEW_REQUIRED
synexia-mindex/runtime/src/main/java/com/synexia/mindex/CompiledLanguageGeometry.java	dba184aadef850d4ce24623dd5080965d2991592	java	false	family.entire-source-closure	REVIEW_REQUIRED
synexia-mindex/runtime/src/main/java/com/synexia/mindex/CompiledLanguageImage.java	1666de9c28c40a039fdd1899a64a15686acf09db	java	false	family.entire-source-closure	REVIEW_REQUIRED
synexia-mindex/runtime/src/main/java/com/synexia/mindex/CompiledLanguageImageWriter.java	8d9eaf7dba8ccec5b1ef2885395c28194507c6b4	java	false	family.entire-source-closure	REVIEW_REQUIRED
synexia-mindex/runtime/src/main/java/com/synexia/mindex/CompiledLanguageTranslator.java	0d2ad4c1fe39ceb6cd68a9599a051b6341b1c5d0	java	false	family.entire-source-closure	REVIEW_REQUIRED
synexia-mindex/runtime/src/main/java/com/synexia/mindex/CompiledPairClassImageWriter.java	659f423c35ddd5b031c6e0042ace2c24b7fb4b16	java	false	family.entire-source-closure	REVIEW_REQUIRED
synexia-mindex/runtime/src/main/java/com/synexia/mindex/CompiledPairClassIndex.java	0bd6530e0e7e56a099cfa0358e24c1b5a0cdd93d	java	false	family.entire-source-closure	REVIEW_REQUIRED
synexia-mindex/runtime/src/main/java/com/synexia/mindex/CompiledPairRelationMatchImageWriter.java	8b49828dcaceff65e603c1f9aed0bfac3307a444	java	false	family.entire-source-closure	REVIEW_REQUIRED
synexia-mindex/runtime/src/main/java/com/synexia/mindex/CompiledPairRelationMatchIndex.java	b586cd37d3b4d2411c0628afcd84a2d2680425d9	java	false	family.entire-source-closure	REVIEW_REQUIRED
synexia-mindex/runtime/src/main/java/com/synexia/mindex/CompiledPairSemanticSignalImageWriter.java	3d6c4f96ae5652cfe7768495d775a2f716092c11	java	false	family.entire-source-closure	REVIEW_REQUIRED
synexia-mindex/runtime/src/main/java/com/synexia/mindex/CompiledPairSemanticSignalIndex.java	889f9f431cdf585397a42eccf885f88415407c0e	java	false	family.entire-source-closure	REVIEW_REQUIRED
synexia-mindex/runtime/src/main/java/com/synexia/mindex/CompiledRelationEndpointMatchImageWriter.java	14a139b06426c047a5371520d45788e71ef4941f	java	false	family.entire-source-closure	REVIEW_REQUIRED
synexia-mindex/runtime/src/main/java/com/synexia/mindex/CompiledRelationEndpointMatchIndex.java	050120569fc9d7fdeb7ed3793c7f03563b470f45	java	false	family.entire-source-closure	REVIEW_REQUIRED
synexia-mindex/runtime/src/main/java/com/synexia/mindex/CompiledSemanticNeighborImageWriter.java	f58afa7e20e10e86481a27e7a97e335420a5ae6d	java	false	family.entire-source-closure	REVIEW_REQUIRED
synexia-mindex/runtime/src/main/java/com/synexia/mindex/CompiledSemanticNeighborIndex.java	288cd0fd44ff710cff85dfbf72747d6b3bd74c89	java	false	family.entire-source-closure	REVIEW_REQUIRED
synexia-mindex/runtime/src/main/java/com/synexia/mindex/CompiledWordActivationImageWriter.java	031ba022b7191d773438f92e2f9036f9e61525b1	java	false	family.entire-source-closure	REVIEW_REQUIRED
synexia-mindex/runtime/src/main/java/com/synexia/mindex/CompiledWordActivationIndex.java	285dd93ab39842ccf30b06312df5f28cea0d40a2	java	false	family.entire-source-closure	REVIEW_REQUIRED
synexia-mindex/runtime/src/main/java/com/synexia/mindex/CompiledWordFilterImageWriter.java	ee872bf18e7268932d7097f7df47c4c70a1541d4	java	false	family.entire-source-closure	REVIEW_REQUIRED
synexia-mindex/runtime/src/main/java/com/synexia/mindex/CompiledWordFilterIndex.java	8f9169a60934aa58073be5e7649f8a5dfef8c55e	java	false	family.entire-source-closure	REVIEW_REQUIRED
synexia-mindex/runtime/src/main/java/com/synexia/mindex/CompiledWordProfileImage.java	b08b3364a3ea232b7dc3b4ecdf7e8e5c9051325b	java	false	family.entire-source-closure	REVIEW_REQUIRED
synexia-mindex/runtime/src/main/java/com/synexia/mindex/CompiledWordProfileImageWriter.java	8db8ddfd1a4cf9483e407daac55f0637369f9c4a	java	false	family.entire-source-closure	REVIEW_REQUIRED
synexia-mindex/runtime/src/main/java/com/synexia/mindex/CompiledWordProfiles.java	d7e1066f531ffcfc9c7b5ee246b0d1595ef85c19	java	false	family.entire-source-closure	REVIEW_REQUIRED
synexia-mindex/runtime/src/main/java/com/synexia/mindex/CompiledWordRelationModel.java	a368efe5a38c7105ac08186c1d4cd554c2f173b9	java	false	family.entire-source-closure	REVIEW_REQUIRED
synexia-mindex/runtime/src/main/java/com/synexia/mindex/ConceptGraph.java	6d88f0223246a0624205c47e68aac115610dbb3f	java	false	family.entire-source-closure	REVIEW_REQUIRED
synexia-mindex/runtime/src/main/java/com/synexia/mindex/DictionaryProvenance.java	9c2538718c4a6e3710d4a7f2be413139c331584d	java	false	family.entire-source-closure	REVIEW_REQUIRED
synexia-mindex/runtime/src/main/java/com/synexia/mindex/DocumentWordCounts.java	8423bcfa893c4bf849f14f0033560bb8615e2883	java	false	family.entire-source-closure	REVIEW_REQUIRED
synexia-mindex/runtime/src/main/java/com/synexia/mindex/ExtractiveLanguagePlan.java	3ea983b68d2fb288fdc3f8a615d678261d9357c6	java	false	family.entire-source-closure	REVIEW_REQUIRED
synexia-mindex/runtime/src/main/java/com/synexia/mindex/ExtractiveSummary.java	adda1aedb428a37693649195a000861e628997e1	java	false	family.entire-source-closure	REVIEW_REQUIRED
synexia-mindex/runtime/src/main/java/com/synexia/mindex/GeometryContextReducer.java	5210baecd85fbc45eee0da2f834ae7e2a660fc20	java	false	family.entire-source-closure	REVIEW_REQUIRED
synexia-mindex/runtime/src/main/java/com/synexia/mindex/GeometryIntent.java	fb9aad9d509355e572c541ee6552691c959baf88	java	false	family.entire-source-closure	REVIEW_REQUIRED
synexia-mindex/runtime/src/main/java/com/synexia/mindex/GeometryIntentReducer.java	5dbcf78bd8311d41052a1b40dcad21655f0b3236	java	false	family.entire-source-closure	REVIEW_REQUIRED
synexia-mindex/runtime/src/main/java/com/synexia/mindex/GeometryNerReducer.java	a14c307118a9b8b2ecd54c2a176cf73e899d43b9	java	false	family.entire-source-closure	REVIEW_REQUIRED
synexia-mindex/runtime/src/main/java/com/synexia/mindex/GeometryNerTag.java	38d33ff27184a5438cbde4cc8b1134a348004206	java	false	family.entire-source-closure	REVIEW_REQUIRED
synexia-mindex/runtime/src/main/java/com/synexia/mindex/GeometryPosReducer.java	401b2ea260c7f8fee8a2acb0305df9f2726e79ed	java	false	family.entire-source-closure	REVIEW_REQUIRED
synexia-mindex/runtime/src/main/java/com/synexia/mindex/GeometryPosTag.java	1c3ac7f77c85ca520fb29be1ecee0a66d3182b4c	java	false	family.entire-source-closure	REVIEW_REQUIRED
synexia-mindex/runtime/src/main/java/com/synexia/mindex/GeometrySearchReducer.java	9f0a7ef2735e4e9675886126558a0503c9f4f518	java	false	family.entire-source-closure	REVIEW_REQUIRED
synexia-mindex/runtime/src/main/java/com/synexia/mindex/GeometryTopicReducer.java	1f8277c13058843517b2ef6ab9803f9dd902d02e	java	false	family.entire-source-closure	REVIEW_REQUIRED
synexia-mindex/runtime/src/main/java/com/synexia/mindex/GeometryTranslationReducer.java	bf70a6f07e8ce8abc62fe487f5c2b2158ae8be69	java	false	family.entire-source-closure	REVIEW_REQUIRED
synexia-mindex/runtime/src/main/java/com/synexia/mindex/IndexedLanguageDocument.java	acf909e73a9e153d3e3cfd045918f31e0f5b559b	java	false	family.entire-source-closure	REVIEW_REQUIRED
synexia-mindex/runtime/src/main/java/com/synexia/mindex/IntIndexSorter.java	4078821ca5932fc7ddb34d85c63eb586b92987ec	java	false	family.entire-source-closure	REVIEW_REQUIRED
synexia-mindex/runtime/src/main/java/com/synexia/mindex/JdkLanguageBoundary.java	13b7e18aafa30100cf5933de760a27193a609eb0	java	false	family.entire-source-closure	REVIEW_REQUIRED
synexia-mindex/runtime/src/main/java/com/synexia/mindex/LangDexJdbcImporter.java	e70fb5d9df7590c96731f03bf754d17be4d23a30	java	false	family.entire-source-closure	REVIEW_REQUIRED
synexia-mindex/runtime/src/main/java/com/synexia/mindex/LangDexProjectionImporter.java	47a80f3ba8cb43a69d41b9e0d95e578408ae434e	java	false	family.entire-source-closure	REVIEW_REQUIRED
synexia-mindex/runtime/src/main/java/com/synexia/mindex/LanguageActivation.java	e3e464ecaa274ba38834eed24cacf2aa20acef6e	java	false	family.entire-source-closure	REVIEW_REQUIRED
synexia-mindex/runtime/src/main/java/com/synexia/mindex/LanguageBoundary.java	30aba4b5abb87a4c9e2301acd3880b1a569fd44a	java	false	family.entire-source-closure	REVIEW_REQUIRED
synexia-mindex/runtime/src/main/java/com/synexia/mindex/LanguageCoordinate.java	76c365a3bcac6d0bca07edb0a13a5ddf1993fa3b	java	false	family.entire-source-closure	REVIEW_REQUIRED
synexia-mindex/runtime/src/main/java/com/synexia/mindex/LanguageDigests.java	2fd4c10b8581c9d970fa205b5d35528ea584128f	java	false	family.entire-source-closure	REVIEW_REQUIRED
synexia-mindex/runtime/src/main/java/com/synexia/mindex/LanguageExecution.java	715ce52b1676b55f241d1d350a31ceec35a017bf	java	false	family.entire-source-closure	REVIEW_REQUIRED
synexia-mindex/runtime/src/main/java/com/synexia/mindex/LanguageGeometryCompiler.java	0264728fdcd7f06d45bff7be07ae2b0b1ec197ae	java	false	family.entire-source-closure	REVIEW_REQUIRED
synexia-mindex/runtime/src/main/java/com/synexia/mindex/LanguageGeometryCompilerCli.java	6bfa128b0f1736fbe3e469a72648ca83564b8b34	java	false	family.entire-source-closure	REVIEW_REQUIRED
synexia-mindex/runtime/src/main/java/com/synexia/mindex/LanguageGeometryHash.java	2d7886763a0c4072d4181cef6df04c44d35c6077	java	false	family.entire-source-closure	REVIEW_REQUIRED
synexia-mindex/runtime/src/main/java/com/synexia/mindex/LanguageGeometryImageFormat.java	b76e7905387767f4fe137b042461fbd03fcbb2d7	java	false	family.entire-source-closure	REVIEW_REQUIRED
synexia-mindex/runtime/src/main/java/com/synexia/mindex/LanguageGeometryImageWriter.java	baa32925a24bc79b36738437e4860f7cee4712e7	java	false	family.entire-source-closure	REVIEW_REQUIRED
synexia-mindex/runtime/src/main/java/com/synexia/mindex/LanguageGeometryModel.java	70982bc34401ac98ba7914631457d54347ec39b7	java	false	family.entire-source-closure	REVIEW_REQUIRED
synexia-mindex/runtime/src/main/java/com/synexia/mindex/LanguageGeometrySnapshot.java	451b576b4a8fe48d90b7a1c531b1bea33f6ec75e	java	false	family.entire-source-closure	REVIEW_REQUIRED
synexia-mindex/runtime/src/main/java/com/synexia/mindex/LanguageImageFormat.java	433d36dccdb60dda7b7132debec0e8633a579d84	java	false	family.entire-source-closure	REVIEW_REQUIRED
synexia-mindex/runtime/src/main/java/com/synexia/mindex/LanguageImageIntegrity.java	25158b2ffdd3be0fbdae278b312cfea679d6de68	java	false	family.entire-source-closure	REVIEW_REQUIRED
synexia-mindex/runtime/src/main/java/com/synexia/mindex/LanguageImageLayout.java	f391b0a5bf3b4ea144a8108ae50ab4249cbe79f1	java	false	family.entire-source-closure	REVIEW_REQUIRED
synexia-mindex/runtime/src/main/java/com/synexia/mindex/LanguageModelIdentity.java	f4afa015b489aa5025941709b01edfd56578eee9	java	false	family.entire-source-closure	REVIEW_REQUIRED
synexia-mindex/runtime/src/main/java/com/synexia/mindex/LanguageNoveltyOverlay.java	f1bc2821287ad186dc7fe750d06a3d69f74c7efa	java	false	family.entire-source-closure	REVIEW_REQUIRED
synexia-mindex/runtime/src/main/java/com/synexia/mindex/LanguageNoveltySnapshot.java	0eb017781c42762210b579417240f2582215de8d	java	false	family.entire-source-closure	REVIEW_REQUIRED
synexia-mindex/runtime/src/main/java/com/synexia/mindex/LanguagePipelineCli.java	ef0675d5937baea055ceb400f747acb9776d23a2	java	false	family.entire-source-closure	REVIEW_REQUIRED
synexia-mindex/runtime/src/main/java/com/synexia/mindex/LanguagePlanLexicon.java	547fc61df900924ca72854acc612238b9697bd1c	java	false	family.entire-source-closure	REVIEW_REQUIRED
synexia-mindex/runtime/src/main/java/com/synexia/mindex/LanguagePlansCli.java	bc0cc10f428f333367ae56042bd37eea2ae83c0e	java	false	family.entire-source-closure	REVIEW_REQUIRED
synexia-mindex/runtime/src/main/java/com/synexia/mindex/LanguageReducerSuite.java	e271daa69203bb54aae218be21616c525a704edf	java	false	family.entire-source-closure	REVIEW_REQUIRED
synexia-mindex/runtime/src/main/java/com/synexia/mindex/LanguageRegistry.java	cfe81077d54775f76de9d7ca3195b7c24d82022d	java	false	family.entire-source-closure	REVIEW_REQUIRED
synexia-mindex/runtime/src/main/java/com/synexia/mindex/LanguageRmqCompiler.java	fb38d9097e369c768973ae51850b45abe5f35088	java	false	family.entire-source-closure	REVIEW_REQUIRED
synexia-mindex/runtime/src/main/java/com/synexia/mindex/LanguageSummary.java	69f92c84a85d981d97379b1ce48445e00efc0535	java	false	family.entire-source-closure	REVIEW_REQUIRED
synexia-mindex/runtime/src/main/java/com/synexia/mindex/LanguageTrieCompiler.java	72671abef2d984d3a3589b05930997c4c0e0e7c9	java	false	family.entire-source-closure	REVIEW_REQUIRED
synexia-mindex/runtime/src/main/java/com/synexia/mindex/LexicalRange.java	27c4d24bee5b766eaaf7af4171feffc64eaa5561	java	false	family.entire-source-closure	REVIEW_REQUIRED
synexia-mindex/runtime/src/main/java/com/synexia/mindex/LexicalRef.java	17c783817d1f30a509967e83f4a3270a5ee3830a	java	false	family.entire-source-closure	REVIEW_REQUIRED
synexia-mindex/runtime/src/main/java/com/synexia/mindex/LuhnFixedPoint.java	7ae6445d230ed90a0dc5a582f71c4cee6ba58f16	java	false	family.entire-source-closure	REVIEW_REQUIRED
synexia-mindex/runtime/src/main/java/com/synexia/mindex/MIndexAST.java	244a07b7e5f8c80a715528b03025bc73c6926336	java	true	family.entire-source-closure	REVIEW_REQUIRED
synexia-mindex/runtime/src/main/java/com/synexia/mindex/MIndexASTAtom.java	963d04e2a8b2fc944b784a9ff5116b704f381548	java	true	family.entire-source-closure	REVIEW_REQUIRED
synexia-mindex/runtime/src/main/java/com/synexia/mindex/MIndexASTBuilder.java	3928298a736422dc91173e7ccd1da952b8d727eb	java	true	family.entire-source-closure	REVIEW_REQUIRED
synexia-mindex/runtime/src/main/java/com/synexia/mindex/MIndexASTPool.java	017106170dd8f50866a361000f581b48133c3abf	java	true	family.entire-source-closure	REVIEW_REQUIRED
synexia-mindex/runtime/src/main/java/com/synexia/mindex/MIndexASTSourceMap.java	5fb990b880abac2845e8eccca2edc80111eb051b	java	true	family.entire-source-closure	REVIEW_REQUIRED
synexia-mindex/runtime/src/main/java/com/synexia/mindex/MIndexAddress.java	da628fe2fd11d8cf6a73e47ccf122cc15e144024	java	true	family.entire-source-closure	REVIEW_REQUIRED
synexia-mindex/runtime/src/main/java/com/synexia/mindex/MIndexAhoCorasick.java	7a51df915e371a5eec485e9c459cad86d3da7d2f	java	true	family.entire-source-closure	REVIEW_REQUIRED
synexia-mindex/runtime/src/main/java/com/synexia/mindex/MIndexAlgebra.java	3a443ded6ffc6abfcd13a76749c785bb3f469fc9	java	true	family.entire-source-closure	REVIEW_REQUIRED
synexia-mindex/runtime/src/main/java/com/synexia/mindex/MIndexAnchoredPatternIndex.java	407c1e3cfbe338b57a3857e2b0a9368c275fe2fb	java	true	family.entire-source-closure	REVIEW_REQUIRED
synexia-mindex/runtime/src/main/java/com/synexia/mindex/MIndexAnnotatedSearchIndex.java	2f4ce4d4c67b5a5d6bbff52a79209ad844dfd484	java	true	family.entire-source-closure	REVIEW_REQUIRED
synexia-mindex/runtime/src/main/java/com/synexia/mindex/MIndexAnnotatedString.java	3ffebcdc0bb09fb5414bf46abdd98c4014f9243f	java	true	family.entire-source-closure	REVIEW_REQUIRED
synexia-mindex/runtime/src/main/java/com/synexia/mindex/MIndexArgumentStatus.java	bf8269b4007ff626f46ee40f0db5f366d95f4340	java	true	family.entire-source-closure	REVIEW_REQUIRED
synexia-mindex/runtime/src/main/java/com/synexia/mindex/MIndexArgumentationBuilder.java	f3467ff4d078c48a09c032787c092f1bf904f105	java	true	family.entire-source-closure	REVIEW_REQUIRED
synexia-mindex/runtime/src/main/java/com/synexia/mindex/MIndexArgumentationDonorCatalog.java	801be3bba0c636c3d60caa341d19b010fefe27f5	java	true	family.entire-source-closure	REVIEW_REQUIRED
synexia-mindex/runtime/src/main/java/com/synexia/mindex/MIndexArgumentationIndex.java	b940adfad3455964c2be7a474796f290b370d6aa	java	true	family.entire-source-closure	REVIEW_REQUIRED
synexia-mindex/runtime/src/main/java/com/synexia/mindex/MIndexArgumentationPrecomputation.java	09a58d3009434e8441d99124acfcf2adf49ef0d4	java	true	family.entire-source-closure	REVIEW_REQUIRED
synexia-mindex/runtime/src/main/java/com/synexia/mindex/MIndexAstArena.java	3470856910c1b47b324da7e4da3c836887f9fb69	java	true	family.entire-source-closure	REVIEW_REQUIRED
synexia-mindex/runtime/src/main/java/com/synexia/mindex/MIndexAstDocument.java	916fcee5483c56961769405811ed2af64d679fa4	java	true	family.entire-source-closure	REVIEW_REQUIRED
synexia-mindex/runtime/src/main/java/com/synexia/mindex/MIndexAstSwapExport.java	10f04ce88b98b5c784d55fd5fee81d15d603d854	java	true	family.entire-source-closure	REVIEW_REQUIRED
synexia-mindex/runtime/src/main/java/com/synexia/mindex/MIndexAstSwapWorkspace.java	68cdcc6573f0210cb008c39791a6af9ff205996b	java	true	family.entire-source-closure	REVIEW_REQUIRED
synexia-mindex/runtime/src/main/java/com/synexia/mindex/MIndexAtomRef.java	257ae39b16636083ddaeed4993be5fd6bcd84ac6	java	true	family.entire-source-closure	REVIEW_REQUIRED
synexia-mindex/runtime/src/main/java/com/synexia/mindex/MIndexBkTree.java	4f92dcb25f36120a34a7b34f7e7a451ae2cd1525	java	true	family.entire-source-closure	REVIEW_REQUIRED
synexia-mindex/runtime/src/main/java/com/synexia/mindex/MIndexByteMatch.java	8822873e3df815909fa6ca220f7726ef8855da9e	java	true	family.entire-source-closure	REVIEW_REQUIRED
synexia-mindex/runtime/src/main/java/com/synexia/mindex/MIndexByteMultiPattern.java	27e2d21903404ff044d3661312fc4ff93f136f01	java	true	family.entire-source-closure	REVIEW_REQUIRED
synexia-mindex/runtime/src/main/java/com/synexia/mindex/MIndexByteSequence.java	7db70b7d754fc1fb410dd42e17b757459b8d2c24	java	true	family.entire-source-closure	REVIEW_REQUIRED
synexia-mindex/runtime/src/main/java/com/synexia/mindex/MIndexCapability.java	536c53f1985759f9ff29376adc8c2173e0c2e04b	java	true	family.entire-source-closure	REVIEW_REQUIRED
synexia-mindex/runtime/src/main/java/com/synexia/mindex/MIndexCatalog.java	30900d7e7a86a182381827aae9b990c4548cdb00	java	true	family.entire-source-closure	REVIEW_REQUIRED
synexia-mindex/runtime/src/main/java/com/synexia/mindex/MIndexCharSequence.java	6c0821756c4ac4241ab22c97ca336f07b92cfd2e	java	true	family.entire-source-closure	REVIEW_REQUIRED
synexia-mindex/runtime/src/main/java/com/synexia/mindex/MIndexCompiledLexicalQuery.java	e912cbd268ee2ab6b4b87b62bef674334193be2b	java	true	family.entire-source-closure	REVIEW_REQUIRED
synexia-mindex/runtime/src/main/java/com/synexia/mindex/MIndexCompositeLiteralSummary.java	fd9b07541b7f8a576b20dea759b5457c52a5dac2	java	true	family.entire-source-closure	REVIEW_REQUIRED
synexia-mindex/runtime/src/main/java/com/synexia/mindex/MIndexCompositeSearchImage.java	ae0c809fb60df096358a63a9ba118cab75c8667a	java	true	family.entire-source-closure	REVIEW_REQUIRED
synexia-mindex/runtime/src/main/java/com/synexia/mindex/MIndexCompositeString.java	923b81d7a41956be3b587d11e764963cbbb55649	java	true	family.entire-source-closure	REVIEW_REQUIRED
synexia-mindex/runtime/src/main/java/com/synexia/mindex/MIndexConstraint.java	884082de990a6707e2e5be04c98335bbf8c61a57	java	true	family.entire-source-closure	REVIEW_REQUIRED
synexia-mindex/runtime/src/main/java/com/synexia/mindex/MIndexContextActionIndex.java	fc9947ff25285474314dcf26565d0545cc3c072a	java	true	family.entire-source-closure	REVIEW_REQUIRED
synexia-mindex/runtime/src/main/java/com/synexia/mindex/MIndexCoralEdgeTpuPrecompute.java	2b255e9ef86bd67d813c3b67d36be61a91e9a404	java	true	family.entire-source-closure	REVIEW_REQUIRED
synexia-mindex/runtime/src/main/java/com/synexia/mindex/MIndexCoralEdgeTpuPrecomputeFarm.java	bca8348a01badf901a8317b3c78c0ed44d7f8f51	java	true	family.entire-source-closure	REVIEW_REQUIRED
synexia-mindex/runtime/src/main/java/com/synexia/mindex/MIndexDeferredAlgebra.java	86e30e692e2b9ae4ee51d59f2464df750f8271e3	java	true	family.entire-source-closure	REVIEW_REQUIRED
synexia-mindex/runtime/src/main/java/com/synexia/mindex/MIndexDescriptor.java	5c2ec339089cf6ef1c363257010c3efa4f888e96	java	true	family.entire-source-closure	REVIEW_REQUIRED
synexia-mindex/runtime/src/main/java/com/synexia/mindex/MIndexDictionary.java	db36dc36b2b3ef0a395db53e04b2441834246b13	java	true	family.entire-source-closure	REVIEW_REQUIRED
synexia-mindex/runtime/src/main/java/com/synexia/mindex/MIndexDictionaryGramIndex.java	897714786289519ea8cb3da9cdeb2334231d4897	java	true	family.entire-source-closure	REVIEW_REQUIRED
synexia-mindex/runtime/src/main/java/com/synexia/mindex/MIndexDictionaryImage.java	f334c68d12ffe0a4a0a1f7245574ecb414fefcb0	java	true	family.entire-source-closure	REVIEW_REQUIRED
synexia-mindex/runtime/src/main/java/com/synexia/mindex/MIndexDirectInlineKey32.java	44dfc9257d60c1107f0e285820090eab527e1bb3	java	true	family.entire-source-closure	REVIEW_REQUIRED
synexia-mindex/runtime/src/main/java/com/synexia/mindex/MIndexDocumentInstantiation.java	19c410e48f971314eef41868eaf455287a3f8286	java	true	family.entire-source-closure	REVIEW_REQUIRED
synexia-mindex/runtime/src/main/java/com/synexia/mindex/MIndexDynamicLiteralPool.java	6d59fe5b1ffaef95fd032d764c5096beeb7755d3	java	true	family.entire-source-closure	REVIEW_REQUIRED
synexia-mindex/runtime/src/main/java/com/synexia/mindex/MIndexEntity.java	c0262f7639469c31f743f1da801d4285e0b12ca1	java	true	family.entire-source-closure	REVIEW_REQUIRED
synexia-mindex/runtime/src/main/java/com/synexia/mindex/MIndexEntitySignatureTable.java	e74f6c22cd47cd4b5cc7ffebf1b275adabfbbc4e	java	true	family.entire-source-closure	REVIEW_REQUIRED
synexia-mindex/runtime/src/main/java/com/synexia/mindex/MIndexExactLookup.java	8de88ec4bbfb61994aaa50e57a73c00074643767	java	true	family.entire-source-closure	REVIEW_REQUIRED
synexia-mindex/runtime/src/main/java/com/synexia/mindex/MIndexGenerateAdapter.java	e576eaa395d6bc3942955d3f169a8249d138e942	java	true	family.entire-source-closure	REVIEW_REQUIRED
synexia-mindex/runtime/src/main/java/com/synexia/mindex/MIndexGeneratedAdapterLoader.java	e173287ab576ac28dccb2f5ba470acce860f39ae	java	true	family.entire-source-closure	REVIEW_REQUIRED
synexia-mindex/runtime/src/main/java/com/synexia/mindex/MIndexGeneratedAdapterNames.java	70c7c275e64dd6731d8614e0f7e322c39f38b4b1	java	true	family.entire-source-closure	REVIEW_REQUIRED
synexia-mindex/runtime/src/main/java/com/synexia/mindex/MIndexHybridCodec.java	408249367e56820a410d99b077bab77cfff440bf	java	true	family.entire-source-closure	REVIEW_REQUIRED
synexia-mindex/runtime/src/main/java/com/synexia/mindex/MIndexIdentityPairs.java	7030e575537f79211325eccfd8a38ec54e0140d7	java	true	family.entire-source-closure	REVIEW_REQUIRED
synexia-mindex/runtime/src/main/java/com/synexia/mindex/MIndexIdentityPath.java	1d7d248094990485938eca056b289652c6d7292c	java	true	family.entire-source-closure	REVIEW_REQUIRED
synexia-mindex/runtime/src/main/java/com/synexia/mindex/MIndexIdentityRows.java	c0a1cbc7fcf98c07491d881da5ea2742d53029f4	java	true	family.entire-source-closure	REVIEW_REQUIRED
synexia-mindex/runtime/src/main/java/com/synexia/mindex/MIndexInt8MatmulPlan.java	f4a049c2bd822d60715556ca0c713b2ca58c522f	java	true	family.entire-source-closure	REVIEW_REQUIRED
synexia-mindex/runtime/src/main/java/com/synexia/mindex/MIndexIntLruBudget.java	f58e360ddca9218ef36a2addb7b2a776a1ddff9e	java	true	family.entire-source-closure	REVIEW_REQUIRED
synexia-mindex/runtime/src/main/java/com/synexia/mindex/MIndexKind.java	217bbe72bba80f03e7524d19c3ddd8c1c10c11cb	java	true	family.entire-source-closure	REVIEW_REQUIRED
synexia-mindex/runtime/src/main/java/com/synexia/mindex/MIndexKnowledgeGeometry.java	19db7b2e8de0dcc96c990aa86e8eebcca08ae0e2	java	true	family.entire-source-closure	REVIEW_REQUIRED
synexia-mindex/runtime/src/main/java/com/synexia/mindex/MIndexKnowledgeHypergraph.java	100d3610fd71b9e46bee3698c98f3d02a0e9f943	java	true	family.entire-source-closure	REVIEW_REQUIRED
synexia-mindex/runtime/src/main/java/com/synexia/mindex/MIndexKnowledgePatternImage.java	87cc48c00fe0d9022d92d5a55b4e760e458d8632	java	true	family.entire-source-closure	REVIEW_REQUIRED
synexia-mindex/runtime/src/main/java/com/synexia/mindex/MIndexKnowledgeRankPlanes.java	1753a646a3f56cba9e66309a0935ca61a67bfb28	java	true	family.entire-source-closure	REVIEW_REQUIRED
synexia-mindex/runtime/src/main/java/com/synexia/mindex/MIndexKnowledgeReachability.java	11f19748207bac8290c981c14ffc5a5fefd2c5f7	java	true	family.entire-source-closure	REVIEW_REQUIRED
synexia-mindex/runtime/src/main/java/com/synexia/mindex/MIndexKnowledgeReceiptTable.java	3b427eb86462096a1f6a64633ac4afa396a09cea	java	true	family.entire-source-closure	REVIEW_REQUIRED
synexia-mindex/runtime/src/main/java/com/synexia/mindex/MIndexKnowledgeRelation.java	935e8af27aa83e357c5340b767b99c04e83ac6c5	java	true	family.entire-source-closure	REVIEW_REQUIRED
synexia-mindex/runtime/src/main/java/com/synexia/mindex/MIndexKnowledgeSemantics.java	8b340c547b8d828c1f719e1d695e78172bfdc157	java	true	family.entire-source-closure	REVIEW_REQUIRED
synexia-mindex/runtime/src/main/java/com/synexia/mindex/MIndexKnowledgeSignature.java	368dd4ee7cb2c373fa3a9c19bff24550d48bc804	java	true	family.entire-source-closure	REVIEW_REQUIRED
synexia-mindex/runtime/src/main/java/com/synexia/mindex/MIndexKnowledgeSnapshot.java	59eae7db7583f931741c541b956da545b1c94fc9	java	true	family.entire-source-closure	REVIEW_REQUIRED
synexia-mindex/runtime/src/main/java/com/synexia/mindex/MIndexKnowledgeTopology.java	10b7374a9790cf70bf43af03ce7ee833d19e10ed	java	true	family.entire-source-closure	REVIEW_REQUIRED
synexia-mindex/runtime/src/main/java/com/synexia/mindex/MIndexLanguageCatalog.java	a8fceec91e642a281077265e8727e16cb69cd932	java	true	family.entire-source-closure	REVIEW_REQUIRED
synexia-mindex/runtime/src/main/java/com/synexia/mindex/MIndexLanguageGrammarDonors.java	93d8b9c2e354602ea6d3b8fbf74e03c00c6663fd	java	true	family.entire-source-closure	REVIEW_REQUIRED
synexia-mindex/runtime/src/main/java/com/synexia/mindex/MIndexLanguageSnapshot.java	96a9641e7df8943242ed199ccc57107b23ad1ced	java	true	family.entire-source-closure	REVIEW_REQUIRED
synexia-mindex/runtime/src/main/java/com/synexia/mindex/MIndexLexemeCodec.java	81d30a2b02bc520673404e4307ed8a10e4dd3030	java	true	family.entire-source-closure	REVIEW_REQUIRED
synexia-mindex/runtime/src/main/java/com/synexia/mindex/MIndexLexemeKey128.java	dda1268b717cffdfdf9c3262a1e7556c2f1711b1	java	true	family.entire-source-closure	REVIEW_REQUIRED
synexia-mindex/runtime/src/main/java/com/synexia/mindex/MIndexLexemeMatrixImageFormat.java	6cd7118d219f3ad0779f29ede8f1359af1b00675	java	true	family.entire-source-closure	REVIEW_REQUIRED
synexia-mindex/runtime/src/main/java/com/synexia/mindex/MIndexLexemeMatrixIndex.java	645000f43675ffb3d76cea9c2310895b95fc5eaa	java	true	family.entire-source-closure	REVIEW_REQUIRED
synexia-mindex/runtime/src/main/java/com/synexia/mindex/MIndexLexemeMatrixIndexWriter.java	77ff9005de7b32c1b012ae673ff1d0b8767a952a	java	true	family.entire-source-closure	REVIEW_REQUIRED
synexia-mindex/runtime/src/main/java/com/synexia/mindex/MIndexLexemePattern128.java	e4fa1af203e7867e30a58e676d73a637cb3b4469	java	true	family.entire-source-closure	REVIEW_REQUIRED
synexia-mindex/runtime/src/main/java/com/synexia/mindex/MIndexLexicalClass.java	1245336a19bbfb049b9dd1f6fa0a3e93812039e1	java	true	family.entire-source-closure	REVIEW_REQUIRED
synexia-mindex/runtime/src/main/java/com/synexia/mindex/MIndexLexicalView.java	0c2e21b51f61242152a1348a0863279623abfbc1	java	true	family.entire-source-closure	REVIEW_REQUIRED
synexia-mindex/runtime/src/main/java/com/synexia/mindex/MIndexLexicon.java	0dfb60fcb9897a41aea47830d742cd40a34469a9	java	true	family.entire-source-closure	REVIEW_REQUIRED
synexia-mindex/runtime/src/main/java/com/synexia/mindex/MIndexLexiconKind.java	bcb568151d69dcd8af30b850e7463bef6f8a6b2f	java	true	family.entire-source-closure	REVIEW_REQUIRED
synexia-mindex/runtime/src/main/java/com/synexia/mindex/MIndexLexiconSpace.java	bd35e4dcf8743b05bf4114d2385ec48af904f3fd	java	true	family.entire-source-closure	REVIEW_REQUIRED
synexia-mindex/runtime/src/main/java/com/synexia/mindex/MIndexLiteRtNpuPrecompute.java	cc75d2905064ba09ba8adb3fe9a7e2873e9f00e2	java	true	family.entire-source-closure	REVIEW_REQUIRED
synexia-mindex/runtime/src/main/java/com/synexia/mindex/MIndexLiteralPatternSet.java	24417702705e7ba82f3275e9208c5e6c1339fb8e	java	true	family.entire-source-closure	REVIEW_REQUIRED
synexia-mindex/runtime/src/main/java/com/synexia/mindex/MIndexLiteralRepeatPrecompute.java	c8fc905c1d8d9a109e931675ad8281c8e8b3baf5	java	true	family.entire-source-closure	REVIEW_REQUIRED
synexia-mindex/runtime/src/main/java/com/synexia/mindex/MIndexLiteralTransitionImage.java	dd76c0fc6677631013ccff801890963487f74b26	java	true	family.entire-source-closure	REVIEW_REQUIRED
synexia-mindex/runtime/src/main/java/com/synexia/mindex/MIndexLiteralTransitionPrecompute.java	d9e203a66e0fdd80b12072a521fe7d4527c41417	java	true	family.entire-source-closure	REVIEW_REQUIRED
synexia-mindex/runtime/src/main/java/com/synexia/mindex/MIndexLogicTemplate.java	7ef3495ff4aa1273442254dc2113b30be5d6bb38	java	true	family.entire-source-closure	REVIEW_REQUIRED
synexia-mindex/runtime/src/main/java/com/synexia/mindex/MIndexLogicTemplateFactory.java	8f743dfc4e7ce4afa9e9be3d06c476773a975ae3	java	true	family.entire-source-closure	REVIEW_REQUIRED
synexia-mindex/runtime/src/main/java/com/synexia/mindex/MIndexLogicalWorldTable.java	7a8f7d4a60bd913cb063a305282a1035c8089c4d	java	true	family.entire-source-closure	REVIEW_REQUIRED
synexia-mindex/runtime/src/main/java/com/synexia/mindex/MIndexLuhnSummarizer.java	7f080927520b185f18d8b12d7c186dd950d61c1e	java	true	family.entire-source-closure	REVIEW_REQUIRED
synexia-mindex/runtime/src/main/java/com/synexia/mindex/MIndexMatchTape.java	282ca75c2f0ad0d4410d30c04307d7a3a34477d0	java	true	family.entire-source-closure	REVIEW_REQUIRED
synexia-mindex/runtime/src/main/java/com/synexia/mindex/MIndexMeaningGraph.java	b2be4f970cb7b524fb186c2dc54d3384f51e77cc	java	true	family.entire-source-closure	REVIEW_REQUIRED
synexia-mindex/runtime/src/main/java/com/synexia/mindex/MIndexMultiPattern.java	4bdf94bcf740bd368e9065752a5f470d5c8f0761	java	true	family.entire-source-closure	REVIEW_REQUIRED
synexia-mindex/runtime/src/main/java/com/synexia/mindex/MIndexNamespace.java	0899a80420d070c19bada6a52b1781212c426456	java	true	family.entire-source-closure	REVIEW_REQUIRED
synexia-mindex/runtime/src/main/java/com/synexia/mindex/MIndexNamespaceRegistry.java	4b056e8522ca9fa6203e352d9e31f2820922c868	java	true	family.entire-source-closure	REVIEW_REQUIRED
synexia-mindex/runtime/src/main/java/com/synexia/mindex/MIndexNativeOps.java	1dbe5138d5e24786a9652c19ce874c54fb44eaec	java	true	family.entire-source-closure	REVIEW_REQUIRED
synexia-mindex/runtime/src/main/java/com/synexia/mindex/MIndexNativeStringPool.java	c8fd4ce75c4f86a8fc6d2089de927581754e85cc	java	true	family.entire-source-closure	REVIEW_REQUIRED
synexia-mindex/runtime/src/main/java/com/synexia/mindex/MIndexNodeLevel.java	7b17c12a338961d1f920f644caa937839c3f621c	java	true	family.entire-source-closure	REVIEW_REQUIRED
synexia-mindex/runtime/src/main/java/com/synexia/mindex/MIndexNodePage.java	5b177f390d5a11ea39f57601b9bd74cf11a34c9d	java	true	family.entire-source-closure	REVIEW_REQUIRED
synexia-mindex/runtime/src/main/java/com/synexia/mindex/MIndexNodePool.java	360e0b324237858e5b14758e10b7160d1c6ecf73	java	true	family.entire-source-closure	REVIEW_REQUIRED
synexia-mindex/runtime/src/main/java/com/synexia/mindex/MIndexNodePoolTreeImage.java	6d7a65b5e54f6b3dd5649aebf027443a7b6f7918	java	true	family.entire-source-closure	REVIEW_REQUIRED
synexia-mindex/runtime/src/main/java/com/synexia/mindex/MIndexNodePoolTreeIndex.java	4c4b4a66ed57e39498d0f0255c73a3dae6c68393	java	true	family.entire-source-closure	REVIEW_REQUIRED
synexia-mindex/runtime/src/main/java/com/synexia/mindex/MIndexNodePoolTreeReachability.java	30c11bb8cee43457ff4ffc952dcb42c39fafa399	java	true	family.entire-source-closure	REVIEW_REQUIRED
synexia-mindex/runtime/src/main/java/com/synexia/mindex/MIndexNodePoolTreeSource.java	ed4544e6555ecc01d621bcd558b132779f99397b	java	true	family.entire-source-closure	REVIEW_REQUIRED
synexia-mindex/runtime/src/main/java/com/synexia/mindex/MIndexNodePoolTreeView.java	d4f30f0585f46d0ed337664a51bf168c78e526b1	java	true	family.entire-source-closure	REVIEW_REQUIRED
synexia-mindex/runtime/src/main/java/com/synexia/mindex/MIndexNodeRef.java	38e3d7e585385b94d4db29b03da90e0929f7f62f	java	true	family.entire-source-closure	REVIEW_REQUIRED
synexia-mindex/runtime/src/main/java/com/synexia/mindex/MIndexNoveltyOverlay.java	01d63af46be6a9f4d2fd83a6ddf4399314a4fc72	java	true	family.entire-source-closure	REVIEW_REQUIRED
synexia-mindex/runtime/src/main/java/com/synexia/mindex/MIndexObject.java	0c6b14ff17e96fc6e802b7059ffb6a05466556b9	java	true	family.entire-source-closure	REVIEW_REQUIRED
synexia-mindex/runtime/src/main/java/com/synexia/mindex/MIndexObjectAdapter.java	41b8339b4c9f3daff535140a3e05cf2d78e7fe85	java	true	family.entire-source-closure	REVIEW_REQUIRED
synexia-mindex/runtime/src/main/java/com/synexia/mindex/MIndexObjectFlags.java	27fdfb64ecf8df9f963fe0b5f1a5afb3d02e9b7b	java	true	family.entire-source-closure	REVIEW_REQUIRED
synexia-mindex/runtime/src/main/java/com/synexia/mindex/MIndexObjectHandle.java	c91c8de5cc98b5545af07ac4318c3026fb76c980	java	true	family.entire-source-closure	REVIEW_REQUIRED
synexia-mindex/runtime/src/main/java/com/synexia/mindex/MIndexObjectKey.java	be815c72c51d4f7e72631de94bd3ea98f4e7bbeb	java	true	family.entire-source-closure	REVIEW_REQUIRED
synexia-mindex/runtime/src/main/java/com/synexia/mindex/MIndexObjectMatch.java	23b9b2cb614b5f8e2540d0a474d79b780818f67a	java	true	family.entire-source-closure	REVIEW_REQUIRED
synexia-mindex/runtime/src/main/java/com/synexia/mindex/MIndexObjectMatrix.java	3a311af9174f80e4175b20b1faa733b6490d320d	java	true	family.entire-source-closure	REVIEW_REQUIRED
synexia-mindex/runtime/src/main/java/com/synexia/mindex/MIndexObjectOp.java	645509d1c1c2bd27124f658b5faa3447c7c45347	java	true	family.entire-source-closure	REVIEW_REQUIRED
synexia-mindex/runtime/src/main/java/com/synexia/mindex/MIndexObjectPool.java	94bb259782dc3d226f846c6022791de6c604d3ed	java	true	family.entire-source-closure	REVIEW_REQUIRED
synexia-mindex/runtime/src/main/java/com/synexia/mindex/MIndexObjectProbe.java	21fbade90df946318e520ad5a6fff7c0437d615b	java	true	family.entire-source-closure	REVIEW_REQUIRED
synexia-mindex/runtime/src/main/java/com/synexia/mindex/MIndexObjectProgram.java	5ec1458424c292b60a3a0435fc33387dab8eb41a	java	true	family.entire-source-closure	REVIEW_REQUIRED
synexia-mindex/runtime/src/main/java/com/synexia/mindex/MIndexObjectProgramTable.java	3a4023f80520d284137375cdb94c118b751e03d8	java	true	family.entire-source-closure	REVIEW_REQUIRED
synexia-mindex/runtime/src/main/java/com/synexia/mindex/MIndexObjectShape.java	109113c99ba1aaf29b4712081d6cc87d6572fc07	java	true	family.entire-source-closure	REVIEW_REQUIRED
synexia-mindex/runtime/src/main/java/com/synexia/mindex/MIndexObjectState.java	5b30109f4322ccddf2daf5e43b246022223d764b	java	true	family.entire-source-closure	REVIEW_REQUIRED
synexia-mindex/runtime/src/main/java/com/synexia/mindex/MIndexObjects.java	501733d700f405ab8dc0c61d4c0958fa865fe5cc	java	true	family.entire-source-closure	REVIEW_REQUIRED
synexia-mindex/runtime/src/main/java/com/synexia/mindex/MIndexPackedLexemeImageFormat.java	b9ebe69d6e45866996c8dbf17bc5e7295e6db757	java	true	family.entire-source-closure	REVIEW_REQUIRED
synexia-mindex/runtime/src/main/java/com/synexia/mindex/MIndexPackedLexemeIndex.java	387bea4d0f54abe331ca9df0b522277bae1eda4b	java	true	family.entire-source-closure	REVIEW_REQUIRED
synexia-mindex/runtime/src/main/java/com/synexia/mindex/MIndexPackedLexemeIndexWriter.java	6a12c6a870a0189b072346e774248bc1f79b8539	java	true	family.entire-source-closure	REVIEW_REQUIRED
synexia-mindex/runtime/src/main/java/com/synexia/mindex/MIndexPackedLexemeKeySource.java	39f3aea75ebcde445258c8d469395133fbbc8772	java	true	family.entire-source-closure	REVIEW_REQUIRED
synexia-mindex/runtime/src/main/java/com/synexia/mindex/MIndexPackedLexemeSnapshot.java	6f2eacfcdabeeffda407369beeed6fa9636cfb86	java	true	family.entire-source-closure	REVIEW_REQUIRED
synexia-mindex/runtime/src/main/java/com/synexia/mindex/MIndexPageRequest.java	5aed44bc02851be69d13b40c95e406a9392f4c38	java	true	family.entire-source-closure	REVIEW_REQUIRED
synexia-mindex/runtime/src/main/java/com/synexia/mindex/MIndexPageableKnowledgeView.java	64f78326e0d47a055e574200501b52812768fa88	java	true	family.entire-source-closure	REVIEW_REQUIRED
synexia-mindex/runtime/src/main/java/com/synexia/mindex/MIndexPageableTree.java	3c07ac8f99b71c6aac5a72fa6fc4786f2ea1ce63	java	true	family.entire-source-closure	REVIEW_REQUIRED
synexia-mindex/runtime/src/main/java/com/synexia/mindex/MIndexPageableTreeSource.java	957c9f8928bc52fcf738ecbdcab3cc243b227272	java	true	family.entire-source-closure	REVIEW_REQUIRED
synexia-mindex/runtime/src/main/java/com/synexia/mindex/MIndexPairRelationIndex.java	2174b425ccb6179db2a5b80728a9ab32905d55a2	java	true	family.entire-source-closure	REVIEW_REQUIRED
synexia-mindex/runtime/src/main/java/com/synexia/mindex/MIndexPalindromeIndex.java	ba7775456b5aa2b0cd75a50f259a6e935c259752	java	true	family.entire-source-closure	REVIEW_REQUIRED
synexia-mindex/runtime/src/main/java/com/synexia/mindex/MIndexParagraph.java	f680909db19146fd5a46dfebf04bebcbcfdaae01	java	true	family.entire-source-closure	REVIEW_REQUIRED
synexia-mindex/runtime/src/main/java/com/synexia/mindex/MIndexPath.java	39e9280d0f7fc3ff8c4bfa20ee5d0a8638602c8f	java	true	family.entire-source-closure	REVIEW_REQUIRED
synexia-mindex/runtime/src/main/java/com/synexia/mindex/MIndexPathIndex.java	641e10cde43e821cae4bb9641c5f09c24d3c4f12	java	true	family.entire-source-closure	REVIEW_REQUIRED
synexia-mindex/runtime/src/main/java/com/synexia/mindex/MIndexPathSegmentKind.java	aed3c11afeb768dfd76714831aa6bab78d3c7fd6	java	true	family.entire-source-closure	REVIEW_REQUIRED
synexia-mindex/runtime/src/main/java/com/synexia/mindex/MIndexPattern.java	fd8f9c1835da66d2e10525204ea185c4d4aed9ee	java	true	family.entire-source-closure	REVIEW_REQUIRED
synexia-mindex/runtime/src/main/java/com/synexia/mindex/MIndexPatternCatalog.java	80be0ad17a4cd7be1df9a6034dd9fc640669b40b	java	true	family.entire-source-closure	REVIEW_REQUIRED
synexia-mindex/runtime/src/main/java/com/synexia/mindex/MIndexPatternSet.java	27304182f0684d837b94acc463bb040400c02a1c	java	true	family.entire-source-closure	REVIEW_REQUIRED
synexia-mindex/runtime/src/main/java/com/synexia/mindex/MIndexPrecomputeBundle.java	45c90bec1d0715de9d654893c731fae1fa9bb3b5	java	true	family.entire-source-closure	REVIEW_REQUIRED
synexia-mindex/runtime/src/main/java/com/synexia/mindex/MIndexPrecomputeFabric.java	911a8e15f48dcacdb12889a3f2431e8c67044d3b	java	true	family.entire-source-closure	REVIEW_REQUIRED
synexia-mindex/runtime/src/main/java/com/synexia/mindex/MIndexPrecomputeFabricReceipt.java	366a976559d70de91ae28cd130fa638ad24506f7	java	true	family.entire-source-closure	REVIEW_REQUIRED
synexia-mindex/runtime/src/main/java/com/synexia/mindex/MIndexPrecomputePlan.java	7685c43a7733d27f33cf301a41b3ac1f42e6e5e1	java	true	family.entire-source-closure	REVIEW_REQUIRED
synexia-mindex/runtime/src/main/java/com/synexia/mindex/MIndexPrecomputeReceipt.java	2de83dda63ff0ea7144c418f2f927ea43e524ee2	java	true	family.entire-source-closure	REVIEW_REQUIRED
synexia-mindex/runtime/src/main/java/com/synexia/mindex/MIndexPrecomputedLiteralSearch.java	9f015d548c122f18bb393363f5e2baf70f851aa1	java	true	family.entire-source-closure	REVIEW_REQUIRED
synexia-mindex/runtime/src/main/java/com/synexia/mindex/MIndexProgressMonitor.java	763ea75ea1553e679d6fcda271760328defef8cd	java	true	family.entire-source-closure	REVIEW_REQUIRED
synexia-mindex/runtime/src/main/java/com/synexia/mindex/MIndexQGramIndex.java	67e71a94cd810e4be2ced0ebc52889261f1baf2e	java	true	family.entire-source-closure	REVIEW_REQUIRED
synexia-mindex/runtime/src/main/java/com/synexia/mindex/MIndexRef.java	609c2eb1eca6de701275f3766c377029b81b121d	java	true	family.entire-source-closure	REVIEW_REQUIRED
synexia-mindex/runtime/src/main/java/com/synexia/mindex/MIndexReferenceDomain.java	763bfa12efbb05aea87bba055bc3db6ee610ba21	java	true	family.entire-source-closure	REVIEW_REQUIRED
synexia-mindex/runtime/src/main/java/com/synexia/mindex/MIndexRegexAutomaton.java	28a5c10f1b0c859694da2c2ee880667f54ddf717	java	true	synexia.regex.rxa	REVIEW_REQUIRED
synexia-mindex/runtime/src/main/java/com/synexia/mindex/MIndexRegexDictionaryPlan.java	e1e0418a422db24f0f477a89b6ce15cdeee1bee1	java	true	family.entire-source-closure	REVIEW_REQUIRED
synexia-mindex/runtime/src/main/java/com/synexia/mindex/MIndexRegexGrammar.java	c69d5f50c3e527bbb85e759a663a02987c9174d1	java	true	family.entire-source-closure	REVIEW_REQUIRED
synexia-mindex/runtime/src/main/java/com/synexia/mindex/MIndexRegexSearch.java	ea154f28926a19ba411027897c806ff3873abcd8	java	true	family.entire-source-closure	REVIEW_REQUIRED
synexia-mindex/runtime/src/main/java/com/synexia/mindex/MIndexRegionIds.java	735be02401aa541f02fc6e9652f15d804ee74e24	java	true	family.entire-source-closure	REVIEW_REQUIRED
synexia-mindex/runtime/src/main/java/com/synexia/mindex/MIndexRegistry.java	a5c0168b33eaab01f3eef4dc258ab0c191653835	java	true	family.entire-source-closure	REVIEW_REQUIRED
synexia-mindex/runtime/src/main/java/com/synexia/mindex/MIndexRelationCandidate.java	cafb428e5713d10bee312b42ccc9303a75185bd9	java	true	family.entire-source-closure	REVIEW_REQUIRED
synexia-mindex/runtime/src/main/java/com/synexia/mindex/MIndexRelationDictionary.java	015db3f928841a743eb5d6bddc98b602609542a1	java	true	family.entire-source-closure	REVIEW_REQUIRED
synexia-mindex/runtime/src/main/java/com/synexia/mindex/MIndexRelationRef.java	a08acf844b37584eb0ecae39ac01f5a8b1fb7c19	java	true	family.entire-source-closure	REVIEW_REQUIRED
synexia-mindex/runtime/src/main/java/com/synexia/mindex/MIndexRelationSetPool.java	05b53b2bd919a47c02b0282de32e3fb1e8549ef2	java	true	family.entire-source-closure	REVIEW_REQUIRED
synexia-mindex/runtime/src/main/java/com/synexia/mindex/MIndexRelationType.java	ce29d00605a148e7857abef351a0925489cecf6f	java	true	family.entire-source-closure	REVIEW_REQUIRED
synexia-mindex/runtime/src/main/java/com/synexia/mindex/MIndexRelations.java	b1e858a05f8a8eb91cee7d7e2743cdb6ef11d9db	java	true	family.entire-source-closure	REVIEW_REQUIRED
synexia-mindex/runtime/src/main/java/com/synexia/mindex/MIndexResumableTreeWindow.java	520fa54098a7354be37160470b18083b924cda0a	java	true	family.entire-source-closure	REVIEW_REQUIRED
synexia-mindex/runtime/src/main/java/com/synexia/mindex/MIndexSentenceDetector.java	19717c31db8f5c9fd2c18cc2624c04006d3af4a3	java	true	family.entire-source-closure	REVIEW_REQUIRED
synexia-mindex/runtime/src/main/java/com/synexia/mindex/MIndexSentenceModel.java	e11e02e366e15f042fa88cd91cb1707bbe0aa0d8	java	true	family.entire-source-closure	REVIEW_REQUIRED
synexia-mindex/runtime/src/main/java/com/synexia/mindex/MIndexSentenceSpan.java	5f45a525961c5a68b01b456afbcde6f6074bcbed	java	true	family.entire-source-closure	REVIEW_REQUIRED
synexia-mindex/runtime/src/main/java/com/synexia/mindex/MIndexSlidingWindow.java	b5396ca75c4ba431dad7eb271225a7ba2a4168fc	java	true	family.entire-source-closure	REVIEW_REQUIRED
synexia-mindex/runtime/src/main/java/com/synexia/mindex/MIndexStaticDistanceModel.java	5e2075bf7dfe6f9f24a41977d65842f11e08f565	java	true	family.entire-source-closure	REVIEW_REQUIRED
synexia-mindex/runtime/src/main/java/com/synexia/mindex/MIndexStaticNlpRuntime.java	00e04402e000607f9927b696ea42ec992a4415ab	java	true	family.entire-source-closure	REVIEW_REQUIRED
synexia-mindex/runtime/src/main/java/com/synexia/mindex/MIndexString.java	1840f12a3ea64750d829f6dd2bda7916fc25d9f5	java	true	family.entire-source-closure	REVIEW_REQUIRED
synexia-mindex/runtime/src/main/java/com/synexia/mindex/MIndexStringBridge.java	b39f378b8c00939035a99954fcd1a3e81caf73af	java	true	family.entire-source-closure	REVIEW_REQUIRED
synexia-mindex/runtime/src/main/java/com/synexia/mindex/MIndexStringMetadata.java	b2428c746f44d33ebed0289ff445ee57a454876e	java	true	family.entire-source-closure	REVIEW_REQUIRED
synexia-mindex/runtime/src/main/java/com/synexia/mindex/MIndexStringMetadataTable.java	3a7c31d3c94dce27fdb3e72f678644c830962c32	java	true	family.entire-source-closure	REVIEW_REQUIRED
synexia-mindex/runtime/src/main/java/com/synexia/mindex/MIndexStringPool.java	e7426c7b465d0ec217aa7b154b685a9f695a4288	java	true	family.entire-source-closure	REVIEW_REQUIRED
synexia-mindex/runtime/src/main/java/com/synexia/mindex/MIndexStringPrecomputeBridge.java	bb287e04cb0e57d3069fc42ed24f6fc6140fad55	java	true	family.entire-source-closure	REVIEW_REQUIRED
synexia-mindex/runtime/src/main/java/com/synexia/mindex/MIndexStringPrecomputeBridgePlan.java	a68a137ba8e3d1c2bf6a07dd12b0bc46ac220f20	java	true	family.entire-source-closure	REVIEW_REQUIRED
synexia-mindex/runtime/src/main/java/com/synexia/mindex/MIndexStringPrecomputeCache.java	0e777d4fe11e169aab7c495e334316e443142f16	java	true	family.entire-source-closure	REVIEW_REQUIRED
synexia-mindex/runtime/src/main/java/com/synexia/mindex/MIndexStringPrecomputeImage.java	0bb97710e1f19c56cb4b93db6d2fd40a0b83f2a4	java	true	family.entire-source-closure	REVIEW_REQUIRED
synexia-mindex/runtime/src/main/java/com/synexia/mindex/MIndexStringPrecomputeProfile.java	3bf61751db3acbfd50f687e030bc9d6d98e49f84	java	true	family.entire-source-closure	REVIEW_REQUIRED
synexia-mindex/runtime/src/main/java/com/synexia/mindex/MIndexStringRelationImage.java	32ac2edf265059ea950541cd034f96ce9ac6697f	java	true	family.entire-source-closure	REVIEW_REQUIRED
synexia-mindex/runtime/src/main/java/com/synexia/mindex/MIndexStringRelationPrecompute.java	c230e2590145db94a9e1fa9bfa7d7a2d1d20a91e	java	true	family.entire-source-closure	REVIEW_REQUIRED
synexia-mindex/runtime/src/main/java/com/synexia/mindex/MIndexStringSearchIndex.java	12e72fa2893fe7c887bb99ead2c0af6bc97f921b	java	true	family.entire-source-closure	REVIEW_REQUIRED
synexia-mindex/runtime/src/main/java/com/synexia/mindex/MIndexStringShadowOps.java	14a1dcc5f8d051334dc16dd40bf7f11d46a29fd8	java	true	family.entire-source-closure	REVIEW_REQUIRED
synexia-mindex/runtime/src/main/java/com/synexia/mindex/MIndexStringUnaryProjectionPrecompute.java	093219acb032cbe9988566b42649805c5e7a507f	java	true	family.entire-source-closure	REVIEW_REQUIRED
synexia-mindex/runtime/src/main/java/com/synexia/mindex/MIndexSubstringIndex.java	7e4b4bab8fcee9685db30692bf9260c40f5a703d	java	true	family.entire-source-closure	REVIEW_REQUIRED
synexia-mindex/runtime/src/main/java/com/synexia/mindex/MIndexSymbolDictionary.java	d74c203c160decfbbbcc345069e24aaca6165b59	java	true	family.entire-source-closure	REVIEW_REQUIRED
synexia-mindex/runtime/src/main/java/com/synexia/mindex/MIndexSymbolLexicon.java	ec6dc9326a289c0421470d4def092e8b77a01e2d	java	true	family.entire-source-closure	REVIEW_REQUIRED
synexia-mindex/runtime/src/main/java/com/synexia/mindex/MIndexSymbolRef.java	e914c73b45a6256684bf03d82557cc0774de7fa5	java	true	family.entire-source-closure	REVIEW_REQUIRED
synexia-mindex/runtime/src/main/java/com/synexia/mindex/MIndexSymbolReference.java	67e54a1f765c6c616ad038c6296850ac83d21cce	java	true	family.entire-source-closure	REVIEW_REQUIRED
synexia-mindex/runtime/src/main/java/com/synexia/mindex/MIndexSymbolTable.java	13aafab2665434455e390c1e895d4a7a9b18c47d	java	true	family.entire-source-closure	REVIEW_REQUIRED
synexia-mindex/runtime/src/main/java/com/synexia/mindex/MIndexSystemOneAnswer.java	0e53c05e579fce66dbc722fb38ff6ed979d206f8	java	true	family.entire-source-closure	REVIEW_REQUIRED
synexia-mindex/runtime/src/main/java/com/synexia/mindex/MIndexSystemOneEncoder.java	c0f386e4f936f0d22b38d508958a25f465afcf10	java	true	family.entire-source-closure	REVIEW_REQUIRED
synexia-mindex/runtime/src/main/java/com/synexia/mindex/MIndexSystemOneEngine.java	22c1cb1a37742718eafeae6a62f78f4a5f3d397b	java	true	family.entire-source-closure	REVIEW_REQUIRED
synexia-mindex/runtime/src/main/java/com/synexia/mindex/MIndexSystemOneNativeOps.java	ec5db262e3a75aa7f6bc77d973ec74eeae9dcc7e	java	true	family.entire-source-closure	REVIEW_REQUIRED
synexia-mindex/runtime/src/main/java/com/synexia/mindex/MIndexSystemOneQuestion.java	04cb5e332e8d3078ff26eeeec91cd8ea6356092f	java	true	family.entire-source-closure	REVIEW_REQUIRED
synexia-mindex/runtime/src/main/java/com/synexia/mindex/MIndexSystemOneResponse.java	fccc870b9f634ef81ae77d57cadecf096b4c8bb1	java	true	family.entire-source-closure	REVIEW_REQUIRED
synexia-mindex/runtime/src/main/java/com/synexia/mindex/MIndexSystemOneState.java	4fa6616c022733d4fca983b583cc2d214c7b0642	java	true	family.entire-source-closure	REVIEW_REQUIRED
synexia-mindex/runtime/src/main/java/com/synexia/mindex/MIndexTensorBackend.java	a589f2f98b05534101afb3dd370b38476f794760	java	true	family.entire-source-closure	REVIEW_REQUIRED
synexia-mindex/runtime/src/main/java/com/synexia/mindex/MIndexTensorRuntime.java	8f80ee676adb19ec864401a89f78c0be07cc22b9	java	true	family.entire-source-closure	REVIEW_REQUIRED
synexia-mindex/runtime/src/main/java/com/synexia/mindex/MIndexText.java	c3e3f6b7b0b03622613cc741661ec8f13411ae45	java	true	family.entire-source-closure	REVIEW_REQUIRED
synexia-mindex/runtime/src/main/java/com/synexia/mindex/MIndexTextDocument.java	0dafd9de4bf62632ceeca12138b25450fb88c770	java	true	family.entire-source-closure	REVIEW_REQUIRED
synexia-mindex/runtime/src/main/java/com/synexia/mindex/MIndexTextLine.java	ec63a0dc387436eb3d49d6675596e695d7b3c2e9	java	true	family.entire-source-closure	REVIEW_REQUIRED
synexia-mindex/runtime/src/main/java/com/synexia/mindex/MIndexTextMatch.java	4b8de7604c40e90740fe737b6291254a71e32487	java	true	family.entire-source-closure	REVIEW_REQUIRED
synexia-mindex/runtime/src/main/java/com/synexia/mindex/MIndexTextPalindromicTree.java	47b86fa7343d29e89acb94c97a215c42ae3e2c8a	java	true	family.entire-source-closure	REVIEW_REQUIRED
synexia-mindex/runtime/src/main/java/com/synexia/mindex/MIndexTextParser.java	27e2e57fd81e3a3c9e7944512f979510f31a6914	java	true	family.entire-source-closure	REVIEW_REQUIRED
synexia-mindex/runtime/src/main/java/com/synexia/mindex/MIndexTextScanner.java	5fbcaa4c6b2c77c921222c09277ba0d5f4dcfcdd	java	true	family.entire-source-closure	REVIEW_REQUIRED
synexia-mindex/runtime/src/main/java/com/synexia/mindex/MIndexTextSearch.java	375f931e7ce0d0947a6b7d6a96816f2fdf8c0f30	java	true	family.entire-source-closure	REVIEW_REQUIRED
synexia-mindex/runtime/src/main/java/com/synexia/mindex/MIndexTextSubstringIndex.java	1f8e6d1945be6919d0070576632cb0384d5495ac	java	true	family.entire-source-closure	REVIEW_REQUIRED
synexia-mindex/runtime/src/main/java/com/synexia/mindex/MIndexTextToken.java	2afd2610d078e83bdd6031d0b5073bccbd0049d4	java	true	family.entire-source-closure	REVIEW_REQUIRED
synexia-mindex/runtime/src/main/java/com/synexia/mindex/MIndexTokenHash.java	28789d08ab30289aef6756f0632c1426a6e7ab28	java	true	family.entire-source-closure	REVIEW_REQUIRED
synexia-mindex/runtime/src/main/java/com/synexia/mindex/MIndexTokenId.java	d67757fd04667c9977dc65d33a7243aa871d9907	java	true	family.entire-source-closure	REVIEW_REQUIRED
synexia-mindex/runtime/src/main/java/com/synexia/mindex/MIndexTokenKind.java	bbe9a2a68da61925d93da41cd6bd172d29512850	java	true	family.entire-source-closure	REVIEW_REQUIRED
synexia-mindex/runtime/src/main/java/com/synexia/mindex/MIndexTransitionPowerPlan.java	82eb68f259ad2466a40664319ad67ddd3f4b9e1d	java	true	family.entire-source-closure	REVIEW_REQUIRED
synexia-mindex/runtime/src/main/java/com/synexia/mindex/MIndexTranslator.java	93dae26b1484220d6a902ef2c7d9b844649fcade	java	true	family.entire-source-closure	REVIEW_REQUIRED
synexia-mindex/runtime/src/main/java/com/synexia/mindex/MIndexTreeCursor.java	fb330d70a244f4a49d4bbc1568f1d9f14af94c3a	java	true	family.entire-source-closure	REVIEW_REQUIRED
synexia-mindex/runtime/src/main/java/com/synexia/mindex/MIndexTreeExpansion.java	39bfaa99ac8d09a6df810be20e2aa7864b72ad75	java	true	family.entire-source-closure	REVIEW_REQUIRED
synexia-mindex/runtime/src/main/java/com/synexia/mindex/MIndexTreePageToken.java	ec554cf234de49404a903a709dd90fae14d18614	java	true	family.entire-source-closure	REVIEW_REQUIRED
synexia-mindex/runtime/src/main/java/com/synexia/mindex/MIndexTweetyDonorCatalog.java	cdce265cc033484408c64dbb22569b2f9810aebf	java	true	family.entire-source-closure	REVIEW_REQUIRED
synexia-mindex/runtime/src/main/java/com/synexia/mindex/MIndexUniverse.java	9329153dc08ed7cdb784d0682663ab499ed5412a	java	true	family.entire-source-closure	REVIEW_REQUIRED
synexia-mindex/runtime/src/main/java/com/synexia/mindex/MIndexUtf16TransitionIndex.java	6999647741cd7b643d20710f52da37e3ae3f669a	java	true	family.entire-source-closure	REVIEW_REQUIRED
synexia-mindex/runtime/src/main/java/com/synexia/mindex/MIndexValue.java	6655feb046fba300165b98f8a38ee77b705aa14f	java	true	family.entire-source-closure	REVIEW_REQUIRED
synexia-mindex/runtime/src/main/java/com/synexia/mindex/MIndexVersioned.java	3e34aed0a0d16c205921c6b77fb741ff7f9aa3e4	java	true	family.entire-source-closure	REVIEW_REQUIRED
synexia-mindex/runtime/src/main/java/com/synexia/mindex/MIndexVirtualTreeWindow.java	dd7c063cdd5e206a4216041ccea54afd2cffdf8b	java	true	family.entire-source-closure	REVIEW_REQUIRED
synexia-mindex/runtime/src/main/java/com/synexia/mindex/MIndexVocabularyIndex.java	7f4bbf8846da29a5d2b7471e33d5b77ed9e401a3	java	true	family.entire-source-closure	REVIEW_REQUIRED
synexia-mindex/runtime/src/main/java/com/synexia/mindex/MappedCompiledBigramImage.java	fa109437b8eb64dec9a4641f2f6d9b3bedcf4f07	java	false	family.entire-source-closure	REVIEW_REQUIRED
synexia-mindex/runtime/src/main/java/com/synexia/mindex/MappedCompiledLanguageGeometry.java	a5076201f09421aef27f6fbcdd2b7b8c26b0692b	java	false	family.entire-source-closure	REVIEW_REQUIRED
synexia-mindex/runtime/src/main/java/com/synexia/mindex/MappedCompiledLanguageImage.java	b030828814e5004a98ae756903fa4a0bb3aab11c	java	false	family.entire-source-closure	REVIEW_REQUIRED
synexia-mindex/runtime/src/main/java/com/synexia/mindex/MappedCompiledPairClassIndex.java	8ced41f4d74bca3482b610899e0fa11b9c14681f	java	false	family.entire-source-closure	REVIEW_REQUIRED
synexia-mindex/runtime/src/main/java/com/synexia/mindex/MappedCompiledPairRelationMatchIndex.java	49de1a0a2d0e9b401a6515b5968d38deaf70ab24	java	false	family.entire-source-closure	REVIEW_REQUIRED
synexia-mindex/runtime/src/main/java/com/synexia/mindex/MappedCompiledPairSemanticSignalIndex.java	b7ed0b48946323447c67bf62386b62cec40cab85	java	false	family.entire-source-closure	REVIEW_REQUIRED
synexia-mindex/runtime/src/main/java/com/synexia/mindex/MappedCompiledRelationEndpointMatchIndex.java	70c449ba16106ae770f0da6e340592b36efa870f	java	false	family.entire-source-closure	REVIEW_REQUIRED
synexia-mindex/runtime/src/main/java/com/synexia/mindex/MappedCompiledSemanticNeighborIndex.java	76138527511db052e68bcd963f405be2ee536e55	java	false	family.entire-source-closure	REVIEW_REQUIRED
synexia-mindex/runtime/src/main/java/com/synexia/mindex/MappedCompiledWordActivationIndex.java	81acd54cf67cd8dc42e31cc38f9ea2ab3914099d	java	false	family.entire-source-closure	REVIEW_REQUIRED
synexia-mindex/runtime/src/main/java/com/synexia/mindex/MappedCompiledWordFilterIndex.java	89792ef21d137de45b0d48394b1c398fa88aa4ab	java	false	family.entire-source-closure	REVIEW_REQUIRED
synexia-mindex/runtime/src/main/java/com/synexia/mindex/MappedCompiledWordProfileImage.java	7b6e252477e8c4ecd0d64ca8919f643005c88865	java	false	family.entire-source-closure	REVIEW_REQUIRED
synexia-mindex/runtime/src/main/java/com/synexia/mindex/MappedMIndexDictionary.java	6131c248ae6377c5b189329ac89b73e8229f8c30	java	false	family.entire-source-closure	REVIEW_REQUIRED
synexia-mindex/runtime/src/main/java/com/synexia/mindex/MappedMIndexLexemeMatrixIndex.java	eb453e62424b3d4a117961e06b45fd20ce88c3a6	java	false	family.entire-source-closure	REVIEW_REQUIRED
synexia-mindex/runtime/src/main/java/com/synexia/mindex/MappedMIndexNodePoolTreeIndex.java	7cc334be262efb8cf9e6d4fc0553f9f8e9b7164b	java	false	family.entire-source-closure	REVIEW_REQUIRED
synexia-mindex/runtime/src/main/java/com/synexia/mindex/MappedMIndexPackedLexemeIndex.java	a6801cee39fcc8a83828536e7c1022f8de5598b6	java	false	family.entire-source-closure	REVIEW_REQUIRED
synexia-mindex/runtime/src/main/java/com/synexia/mindex/MappedWordSubjectImage.java	226e17784117536dd721fb67da3f49a004d59b96	java	false	family.entire-source-closure	REVIEW_REQUIRED
synexia-mindex/runtime/src/main/java/com/synexia/mindex/MorphologyTable.java	42beead7ec8f6650783d67290b317c55e2bc5834	java	false	family.entire-source-closure	REVIEW_REQUIRED
synexia-mindex/runtime/src/main/java/com/synexia/mindex/NormalizedLexiconImporter.java	77a5b202dd473703d7d86840935c678a22f6094e	java	false	family.entire-source-closure	REVIEW_REQUIRED
synexia-mindex/runtime/src/main/java/com/synexia/mindex/PairClassCompilerCli.java	bd468c2d1543f8e1835670150d6d411fc22d57a7	java	false	family.entire-source-closure	REVIEW_REQUIRED
synexia-mindex/runtime/src/main/java/com/synexia/mindex/PairClassImageFormat.java	f547de4dceeaf4f495cff174b1b0f01fc41672b3	java	false	family.entire-source-closure	REVIEW_REQUIRED
synexia-mindex/runtime/src/main/java/com/synexia/mindex/PairRelationMatchCompilerCli.java	ca7c8ad49a020e362e9ee22141dd920d4403a54f	java	false	family.entire-source-closure	REVIEW_REQUIRED
synexia-mindex/runtime/src/main/java/com/synexia/mindex/PairRelationMatchImageFormat.java	7de919ac4dd9ae490d6d59f4a77589ce968503cf	java	false	family.entire-source-closure	REVIEW_REQUIRED
synexia-mindex/runtime/src/main/java/com/synexia/mindex/PairSemanticSignalBits.java	976fd20eb2b03cef682801fda3ff7cca22c4d73b	java	false	family.entire-source-closure	REVIEW_REQUIRED
synexia-mindex/runtime/src/main/java/com/synexia/mindex/PairSemanticSignalCompilerCli.java	06f7125f1fe0a9dbe8aa1db4bff422295e879db9	java	false	family.entire-source-closure	REVIEW_REQUIRED
synexia-mindex/runtime/src/main/java/com/synexia/mindex/PairSemanticSignalImageFormat.java	f1ef9d004084309ba69c96fe18af1525c139cc62	java	false	family.entire-source-closure	REVIEW_REQUIRED
synexia-mindex/runtime/src/main/java/com/synexia/mindex/PreparedLanguageDocument.java	0721013e6b640e33d5a16c73febd4502d8dac510	java	false	family.entire-source-closure	REVIEW_REQUIRED
synexia-mindex/runtime/src/main/java/com/synexia/mindex/PrimitiveLongScores.java	d8852ea940902f3c7e4e747c889d0517c1bda510	java	false	family.entire-source-closure	REVIEW_REQUIRED
synexia-mindex/runtime/src/main/java/com/synexia/mindex/ReflectiveMIndexObjectAdapter.java	8e30065a80f054e2021fbeb3cefb2bd0eb9f4e3d	java	false	family.entire-source-closure	REVIEW_REQUIRED
synexia-mindex/runtime/src/main/java/com/synexia/mindex/RelationEndpointMatchCompilerCli.java	92b3f11c289c1c6d9b5af131b4e4507e31a4a91c	java	false	family.entire-source-closure	REVIEW_REQUIRED
synexia-mindex/runtime/src/main/java/com/synexia/mindex/RelationEndpointMatchImageFormat.java	eafe86e0b4704e74dd5ddb3e765e8666f6950389	java	false	family.entire-source-closure	REVIEW_REQUIRED
synexia-mindex/runtime/src/main/java/com/synexia/mindex/SemanticBigramLanguageModel.java	4738e35369939301cdfc9db19f917896d4fa0d31	java	false	family.entire-source-closure	REVIEW_REQUIRED
synexia-mindex/runtime/src/main/java/com/synexia/mindex/SemanticNeighborCompilerCli.java	f9a44967fa6ed798ef65ab60d9c63214363a0a0d	java	false	family.entire-source-closure	REVIEW_REQUIRED
synexia-mindex/runtime/src/main/java/com/synexia/mindex/SemanticNeighborImageFormat.java	1bc5737ee1a05363b385278d87b59c2cbb72b740	java	false	family.entire-source-closure	REVIEW_REQUIRED
synexia-mindex/runtime/src/main/java/com/synexia/mindex/SemanticRef.java	ec46885a24d8889e28a10ab2c3b6626e5a465552	java	false	family.entire-source-closure	REVIEW_REQUIRED
synexia-mindex/runtime/src/main/java/com/synexia/mindex/SenseAwareRelationModel.java	4a6817298221c9f229b983f73905bf4487aa5156	java	false	family.entire-source-closure	REVIEW_REQUIRED
synexia-mindex/runtime/src/main/java/com/synexia/mindex/SparseSentenceLexRank.java	d1216ee78f10dfe7137735dfc45ba86dda22c28e	java	false	family.entire-source-closure	REVIEW_REQUIRED
synexia-mindex/runtime/src/main/java/com/synexia/mindex/StaticLanguageGeometry.java	dc7d8771455d6b7a7215529dd37cebf77f91f8d8	java	false	family.entire-source-closure	REVIEW_REQUIRED
synexia-mindex/runtime/src/main/java/com/synexia/mindex/SubMIndexCompositeString.java	c2ed3c2e8708730e225dadcb8b95df5983c6843a	java	false	family.entire-source-closure	REVIEW_REQUIRED
synexia-mindex/runtime/src/main/java/com/synexia/mindex/SubMIndexString.java	92fa09754c4f5f85f29509a7e6077a9f0ad08f8d	java	false	family.entire-source-closure	REVIEW_REQUIRED
synexia-mindex/runtime/src/main/java/com/synexia/mindex/TextMetadata.java	ee29792603e0f41d8992e658c32c111e479855ba	java	false	family.entire-source-closure	REVIEW_REQUIRED
synexia-mindex/runtime/src/main/java/com/synexia/mindex/TextSpan.java	e1a6155c99b0e5319a195908dadc102ffcc64350	java	false	family.entire-source-closure	REVIEW_REQUIRED
synexia-mindex/runtime/src/main/java/com/synexia/mindex/WordActivationCompilerCli.java	8bd5eb4e38410a8e2e9fd9b6c6390eea01a6f979	java	false	family.entire-source-closure	REVIEW_REQUIRED
synexia-mindex/runtime/src/main/java/com/synexia/mindex/WordActivationImageFormat.java	8714c6fd5a297e7753224237aae39d093f316f47	java	false	family.entire-source-closure	REVIEW_REQUIRED
synexia-mindex/runtime/src/main/java/com/synexia/mindex/WordClass.java	9032f17b6ec8c2bdb75dbd32cc6b4ee898cccc6e	java	false	family.entire-source-closure	REVIEW_REQUIRED
synexia-mindex/runtime/src/main/java/com/synexia/mindex/WordClassBits.java	284f87fe7fded47ad9c5db473362b26dc410d782	java	false	family.entire-source-closure	REVIEW_REQUIRED
synexia-mindex/runtime/src/main/java/com/synexia/mindex/WordFilterCompilerCli.java	9b035f282589844cead173f410af4e4f5e479696	java	false	family.entire-source-closure	REVIEW_REQUIRED
synexia-mindex/runtime/src/main/java/com/synexia/mindex/WordFilterImageFormat.java	3f1f0ec7f6ddcc550ae14cb105e99f7d5d4ebfe2	java	false	family.entire-source-closure	REVIEW_REQUIRED
synexia-mindex/runtime/src/main/java/com/synexia/mindex/WordProfile.java	d7c0a3a07614c83c29f409694dbee7b282dc731e	java	false	family.entire-source-closure	REVIEW_REQUIRED
synexia-mindex/runtime/src/main/java/com/synexia/mindex/WordProfileCompilerCli.java	c8e73a98ff563493e46128c1e6568d20dbd32e66	java	false	family.entire-source-closure	REVIEW_REQUIRED
synexia-mindex/runtime/src/main/java/com/synexia/mindex/WordProfileImageFormat.java	5abe1de62a80af7840915121ee5ba3fc30a67d4e	java	false	family.entire-source-closure	REVIEW_REQUIRED
synexia-mindex/runtime/src/main/java/com/synexia/mindex/WordProfileImageLayout.java	884810f532e02460135945decfa32b4d90e135c8	java	false	family.entire-source-closure	REVIEW_REQUIRED
synexia-mindex/runtime/src/main/java/com/synexia/mindex/WordProfileModel.java	1c1f60827fd6c274c0f50fce8dd6319968829068	java	false	family.entire-source-closure	REVIEW_REQUIRED
synexia-mindex/runtime/src/main/java/com/synexia/mindex/WordProfileProvenance.java	a04658a66795f9cd9e1510c889f98f3d896ad70b	java	false	family.entire-source-closure	REVIEW_REQUIRED
synexia-mindex/runtime/src/main/java/com/synexia/mindex/WordRelationCompilerCli.java	9ad60a2c2d75ff736042eb4d1e4362d182256a67	java	false	family.entire-source-closure	REVIEW_REQUIRED
synexia-mindex/runtime/src/main/java/com/synexia/mindex/WordRelationModelImage.java	9a41e81e6c1c0d9a5514c7b6ecaa9dc182709f79	java	false	family.entire-source-closure	REVIEW_REQUIRED
synexia-mindex/runtime/src/main/java/com/synexia/mindex/WordRelationSignature.java	370cab3b5bd5e8ab9fa35a11cd3a55918bfb3209	java	false	family.entire-source-closure	REVIEW_REQUIRED
synexia-mindex/runtime/src/main/java/com/synexia/mindex/WordRelationSignatureTsv.java	e9893fcb6bd43a65d93e8b5e21c5e3f67010f388	java	false	family.entire-source-closure	REVIEW_REQUIRED
synexia-mindex/runtime/src/main/java/com/synexia/mindex/WordSenseAnnotation.java	9d3712cacbbd3e9334e09cead7fc85515df6adae	java	false	family.entire-source-closure	REVIEW_REQUIRED
synexia-mindex/runtime/src/main/java/com/synexia/mindex/WordSenseAnnotationTsv.java	1c7b8f753c53544f0aaee5e7e15c752a2305b704	java	false	family.entire-source-closure	REVIEW_REQUIRED
synexia-mindex/runtime/src/main/java/com/synexia/mindex/WordSenseAnnotations.java	5c7c8c6ec88abb705ae1fc27514fb1f2b840b555	java	false	family.entire-source-closure	REVIEW_REQUIRED
synexia-mindex/runtime/src/main/java/com/synexia/mindex/WordSenseConstraint.java	ea559cc97fa533b717f0b4ec25006fe999760dd6	java	false	family.entire-source-closure	REVIEW_REQUIRED
synexia-mindex/runtime/src/main/java/com/synexia/mindex/WordSubjectImageFormat.java	b0db01410ef3278de35603d9b800acadee92787a	java	false	family.entire-source-closure	REVIEW_REQUIRED
synexia-mindex/runtime/src/main/java/com/synexia/mindex/WordSubjectImageWriter.java	96fa72d44f6c47bc607634c670e16200cc08bf7e	java	false	family.entire-source-closure	REVIEW_REQUIRED
synexia-mindex/runtime/src/main/java/com/synexia/mindex/WordSubjectTaxonomy.java	8a3bb2b4e3314d363a57208e588de80eecbb6807	java	false	family.entire-source-closure	REVIEW_REQUIRED
synexia-mindex/runtime/src/main/java/com/synexia/mindex/WordSubjectTaxonomyTsv.java	7a872d51f14db7f1f738b3d86eb8d14fe2f609a8	java	false	family.entire-source-closure	REVIEW_REQUIRED
synexia-mindex/runtime/src/main/java/com/synexia/mindex/WordTypeProfile.java	c4e6167ef8f49973fbd0a87ec72445a8770d45d8	java	false	family.entire-source-closure	REVIEW_REQUIRED
synexia-mindex/runtime/src/main/java/com/synexia/mindex/ast/MIndexAST.java	716f126c6faa70f8cc85aaad0be9b37fc9267fb6	java	true	synexia.counterpart.MIndexAST	REVIEW_REQUIRED
synexia-mindex/runtime/src/main/java/com/synexia/mindex/ast/MIndexASTEdge.java	796e5b508e6355c910701c18c3f82f433c174300	java	true	family.entire-source-closure	REVIEW_REQUIRED
synexia-mindex/runtime/src/main/java/com/synexia/mindex/ast/MIndexASTFingerprint.java	94f7768fee9705de57c79d62e06fc7d8accbc44d	java	true	family.entire-source-closure	REVIEW_REQUIRED
synexia-mindex/runtime/src/main/java/com/synexia/mindex/ast/MIndexASTImage.java	2b3424d34c3e9728440881c8242efd4a00b92673	java	true	family.entire-source-closure	REVIEW_REQUIRED
synexia-mindex/runtime/src/main/java/com/synexia/mindex/ast/MIndexASTLimits.java	6426f5a6e3029be5c9a088d2be6af2ef20b6ba2f	java	true	family.entire-source-closure	REVIEW_REQUIRED
synexia-mindex/runtime/src/main/java/com/synexia/mindex/ast/MIndexASTNode.java	6ac5bb7ffbcc685a3dee0108b5a252667facd222	java	true	family.entire-source-closure	REVIEW_REQUIRED
synexia-mindex/runtime/src/main/java/com/synexia/mindex/ast/MIndexASTPool.java	9cb091765e48184268c34fc826f4b3ed63e58935	java	true	family.entire-source-closure	REVIEW_REQUIRED
synexia-mindex/runtime/src/main/java/com/synexia/mindex/ast/MIndexASTPrecompute.java	9b83784ff695a2a6dc0444beecbb7d97ee049875	java	true	synexia.counterpart.MIndexASTPrecompute	REVIEW_REQUIRED
synexia-mindex/runtime/src/main/java/com/synexia/mindex/ast/MIndexASTSnapshot.java	0ad2960ff3e6529da68a25fec03770035fd2aa1a	java	true	family.entire-source-closure	REVIEW_REQUIRED
synexia-mindex/runtime/src/main/java/com/synexia/mindex/ast/MIndexASTStore.java	5399d518fbd209440113a56dc878c6e56a66ff2c	java	true	family.entire-source-closure	REVIEW_REQUIRED
synexia-mindex/runtime/src/main/java/com/synexia/mindex/ast/MIndexASTTraversal.java	e8a10cf4eaa5fd3784296e06a98fd37bd7dd6a6c	java	true	family.entire-source-closure	REVIEW_REQUIRED
synexia-mindex/runtime/src/main/java/com/synexia/mindex/ast/MIndexAttributedASTImage.java	6b3cc3f9a2dfd309972d2bee2ed02310cf3eea7d	java	true	family.entire-source-closure	REVIEW_REQUIRED
synexia-mindex/runtime/src/main/java/com/synexia/mindex/ast/MIndexNumericPlan.java	3bf88d701c8a61c66926d22f60224c1bfa82b0f5	java	true	family.entire-source-closure	REVIEW_REQUIRED
synexia-mindex/runtime/src/main/java/com/synexia/mindex/ast/MIndexTextAST.java	7f963574197efb237c5665fb323c4793c16ea520	java	true	family.entire-source-closure	REVIEW_REQUIRED
synexia-mindex/runtime/src/main/java/com/synexia/mindex/collection/MIndexBag.java	b83034dd8a0881ebe228576c4fc6a96fe07ec09c	java	true	family.entire-source-closure	REVIEW_REQUIRED
synexia-mindex/runtime/src/main/java/com/synexia/mindex/collection/MIndexBitmapSet.java	0f5436ce84684680d6282ad1d3f6feb8ef76d637	java	true	family.entire-source-closure	REVIEW_REQUIRED
synexia-mindex/runtime/src/main/java/com/synexia/mindex/collection/MIndexCollectionSpec.java	91f97153d09051514169ef3b075caa264b25ed4f	java	true	family.entire-source-closure	REVIEW_REQUIRED
synexia-mindex/runtime/src/main/java/com/synexia/mindex/collection/MIndexCollections.java	82200a6280bcfac15484f00450a08c1b870c7c2c	java	true	family.entire-source-closure	REVIEW_REQUIRED
synexia-mindex/runtime/src/main/java/com/synexia/mindex/collection/MIndexDeque.java	c3b470e6cceb4dfef0926e5e46efeeacbf8b18d5	java	true	family.entire-source-closure	REVIEW_REQUIRED
synexia-mindex/runtime/src/main/java/com/synexia/mindex/collection/MIndexDirectMap.java	34a7719f3e77be517b1e755b70dffd6d0fdce339	java	true	family.entire-source-closure	REVIEW_REQUIRED
synexia-mindex/runtime/src/main/java/com/synexia/mindex/collection/MIndexDomain.java	e12bef2ae2bb89044cadc806aa04f48fa0a97d73	java	true	family.entire-source-closure	REVIEW_REQUIRED
synexia-mindex/runtime/src/main/java/com/synexia/mindex/collection/MIndexFrozenMap.java	133f7532213c63674e9cede82e77818ac0c05938	java	true	family.entire-source-closure	REVIEW_REQUIRED
synexia-mindex/runtime/src/main/java/com/synexia/mindex/collection/MIndexFrozenSet.java	849efa9e160e533b13ba74f23cc2e50933523031	java	true	family.entire-source-closure	REVIEW_REQUIRED
synexia-mindex/runtime/src/main/java/com/synexia/mindex/collection/MIndexHashMap.java	e8c424163e8d62e987612c77137af2f68ea69372	java	true	family.entire-source-closure	REVIEW_REQUIRED
synexia-mindex/runtime/src/main/java/com/synexia/mindex/collection/MIndexHashSet.java	13b9b7f548288ca1b500d87b6595de8bc8c6b6a1	java	true	family.entire-source-closure	REVIEW_REQUIRED
synexia-mindex/runtime/src/main/java/com/synexia/mindex/collection/MIndexIdentityMap.java	7ad03a96a82d4f2d973ad4880a1026f314c7c8a2	java	true	family.entire-source-closure	REVIEW_REQUIRED
synexia-mindex/runtime/src/main/java/com/synexia/mindex/collection/MIndexIdentitySet.java	3f321f3cb80e70cbac6a945cdae9aa3f0695c522	java	true	family.entire-source-closure	REVIEW_REQUIRED
synexia-mindex/runtime/src/main/java/com/synexia/mindex/collection/MIndexIntMath.java	f0c170633c5e078a9b836a2f74e51ee4bde158c0	java	true	family.entire-source-closure	REVIEW_REQUIRED
synexia-mindex/runtime/src/main/java/com/synexia/mindex/collection/MIndexList.java	29531234691033b893479990548f5838faaaa1a9	java	true	family.entire-source-closure	REVIEW_REQUIRED
synexia-mindex/runtime/src/main/java/com/synexia/mindex/collection/MIndexMap.java	8f4e4820d2be6c9bc5acc4d98fcf0f0f2651208c	java	true	family.entire-source-closure	REVIEW_REQUIRED
synexia-mindex/runtime/src/main/java/com/synexia/mindex/collection/MIndexMultiMap.java	b3cffcb6627f816d8dce20ce9271f831d421f2b0	java	true	family.entire-source-closure	REVIEW_REQUIRED
synexia-mindex/runtime/src/main/java/com/synexia/mindex/collection/MIndexObjectDomain.java	b5bb2d716141806058659757e8c8dc5ef19bb9db	java	true	family.entire-source-closure	REVIEW_REQUIRED
synexia-mindex/runtime/src/main/java/com/synexia/mindex/collection/MIndexOrderedSet.java	7258c8a414be6e94c09d648eebe37a3030a5cbb4	java	true	family.entire-source-closure	REVIEW_REQUIRED
synexia-mindex/runtime/src/main/java/com/synexia/mindex/collection/MIndexPagedBitmapSet.java	26feb8bddb80d2492459cf9d456f091dcaf583f8	java	true	family.entire-source-closure	REVIEW_REQUIRED
synexia-mindex/runtime/src/main/java/com/synexia/mindex/collection/MIndexPriorityQueue.java	325a743c30f98d76f6ec3bb51b70bf4c64d28c63	java	true	family.entire-source-closure	REVIEW_REQUIRED
synexia-mindex/runtime/src/main/java/com/synexia/mindex/collection/MIndexSet.java	ef3ab6728699ad374e6fafb3ee5c4eefd14fa18e	java	true	family.entire-source-closure	REVIEW_REQUIRED
synexia-mindex/runtime/src/main/java/com/synexia/mindex/collection/MIndexStringDomain.java	8a2021dd191a929b6278c225ee86b62c3b0bd8a2	java	true	family.entire-source-closure	REVIEW_REQUIRED
synexia-mindex/runtime/src/main/java/com/synexia/mindex/collection/MIndexTuple.java	c6f4c2f510b6047b3d3f02775f3df381e092cc2d	java	true	family.entire-source-closure	REVIEW_REQUIRED
synexia-mindex/runtime/src/main/java/com/synexia/mindex/collection/package-info.java	7d6d1328321bb74bc2c4f481b309574bf1818bec	java	false	family.entire-source-closure	REVIEW_REQUIRED
synexia-mindex/runtime/src/main/java/com/synexia/mindex/collections/DenseIntIndex.java	be6e2e262eb45db9fea557691168093d5f8f0636	java	false	family.entire-source-closure	REVIEW_REQUIRED
synexia-mindex/runtime/src/main/java/com/synexia/mindex/collections/DenseObjectIndex.java	5e9f1f7163254cb511c0dcf9f49cd08baf5c6bf1	java	false	family.entire-source-closure	REVIEW_REQUIRED
synexia-mindex/runtime/src/main/java/com/synexia/mindex/collections/IntLongConsumer.java	a518c36e5163c1c615d66de6957fadc2c010b2d3	java	false	family.entire-source-closure	REVIEW_REQUIRED
synexia-mindex/runtime/src/main/java/com/synexia/mindex/collections/IntObjectConsumer.java	aa14413768dd5f9670608a74093cb5c12dc01a2d	java	false	family.entire-source-closure	REVIEW_REQUIRED
synexia-mindex/runtime/src/main/java/com/synexia/mindex/collections/MIndexObjectLongMap.java	8e4c23c0dafb28d43707f042a2d0e6e211530531	java	true	family.entire-source-closure	REVIEW_REQUIRED
synexia-mindex/runtime/src/main/java/com/synexia/mindex/collections/MIndexObjectMap.java	f4b94ea914fdf548b8ab9406408ca93eef0a45ce	java	true	family.entire-source-closure	REVIEW_REQUIRED
synexia-mindex/runtime/src/main/java/com/synexia/mindex/collections/MIndexObjectSet.java	f311f9a17cd78444c8263d8ff6517fb3f537b4bf	java	true	family.entire-source-closure	REVIEW_REQUIRED
synexia-mindex/runtime/src/main/java/com/synexia/mindex/collections/MIndexStringLongMap.java	532acb83d66bab22c08697a655dc190cd967590f	java	true	family.entire-source-closure	REVIEW_REQUIRED
synexia-mindex/runtime/src/main/java/com/synexia/mindex/collections/MIndexStringMap.java	a92e83f684051686d1ca9f79363876539dfc5c4c	java	true	family.entire-source-closure	REVIEW_REQUIRED
synexia-mindex/runtime/src/main/java/com/synexia/mindex/collections/MIndexStringSet.java	97983b24522d528fd05e695d044bac2bc411104a	java	true	family.entire-source-closure	REVIEW_REQUIRED
synexia-mindex/runtime/src/main/java/com/synexia/mindex/collections/ObjectLongConsumer.java	47208be0ca1461d2e83586bfe543232893a190cc	java	false	family.entire-source-closure	REVIEW_REQUIRED
synexia-mindex/runtime/src/main/java/com/synexia/mindex/collections/ObjectObjectConsumer.java	55aa80de9b4aa258de8647c34a63e61252d6b769	java	false	family.entire-source-closure	REVIEW_REQUIRED
synexia-mindex/runtime/src/main/java/com/synexia/mindex/collections/TextKey.java	88588b093ec41a5cdf9cfe38d535088f8e74e404	java	false	family.entire-source-closure	REVIEW_REQUIRED
synexia-mindex/runtime/src/main/java/com/synexia/mindex/experiment/Benchmark.java	a1a18d6afb1133be0df383481fa6fe0fedd6dc48	java	false	family.entire-source-closure	REVIEW_REQUIRED
synexia-mindex/runtime/src/main/java/com/synexia/mindex/experiment/CompatibilityProbe.java	f2244962665b35952eb105514d76ae523062e765	java	false	family.entire-source-closure	REVIEW_REQUIRED
synexia-mindex/runtime/src/main/java/com/synexia/mindex/experiment/DictionaryImage.java	9f6376e3e29144dda61d6e8e5053971cf661ff2f	java	false	family.entire-source-closure	REVIEW_REQUIRED
synexia-mindex/runtime/src/main/java/com/synexia/mindex/experiment/Digests.java	a20c478e1da562d83727c31c3f5478d6ddb7df06	java	false	family.entire-source-closure	REVIEW_REQUIRED
synexia-mindex/runtime/src/main/java/com/synexia/mindex/experiment/ExistingLexiconAdapter.java	c93a9239b96d799ffe7f1ff383620cac63352435	java	false	family.entire-source-closure	REVIEW_REQUIRED
synexia-mindex/runtime/src/main/java/com/synexia/mindex/experiment/Indexed.java	808dfe23fccaa2661867b8434b51d70336a094cc	java	false	family.entire-source-closure	REVIEW_REQUIRED
synexia-mindex/runtime/src/main/java/com/synexia/mindex/experiment/IndexedRecord.java	2e2d4911a8a422f673eb93cac36940d228500764	java	false	family.entire-source-closure	REVIEW_REQUIRED
synexia-mindex/runtime/src/main/java/com/synexia/mindex/experiment/LanguageGraph.java	25ea720c0e6a6aeea1dee4ddc27801635c7a306f	java	false	family.entire-source-closure	REVIEW_REQUIRED
synexia-mindex/runtime/src/main/java/com/synexia/mindex/experiment/Lexeme.java	8df3514c6d514d2bddfecc2e48959a2897f080c5	java	false	family.entire-source-closure	REVIEW_REQUIRED
synexia-mindex/runtime/src/main/java/com/synexia/mindex/experiment/LexicalRef.java	b4856d1d0b64455dd29f3ae2080fbd6b3927c085	java	false	family.entire-source-closure	REVIEW_REQUIRED
synexia-mindex/runtime/src/main/java/com/synexia/mindex/experiment/LexiconImporter.java	799941461a23a598be2ab825fa40bc78dd3dedb6	java	false	family.entire-source-closure	REVIEW_REQUIRED
synexia-mindex/runtime/src/main/java/com/synexia/mindex/experiment/MIndexCli.java	97dc1c3fc1ae62792a46b5794586b70480dd60a4	java	true	family.entire-source-closure	REVIEW_REQUIRED
synexia-mindex/runtime/src/main/java/com/synexia/mindex/experiment/MIndexLookupBenchmark.java	a08f6d3ec9766b81a9b800dad8f3514857121b8f	java	true	family.entire-source-closure	REVIEW_REQUIRED
synexia-mindex/runtime/src/main/java/com/synexia/mindex/experiment/MIndexPatternBenchmark.java	fcd138964e994b6f751fe1ab6f2314d19e035b4d	java	true	family.entire-source-closure	REVIEW_REQUIRED
synexia-mindex/runtime/src/main/java/com/synexia/mindex/experiment/MIndexPool.java	17b72109f82d8137ece796784defbddb1dc667ce	java	true	family.entire-source-closure	REVIEW_REQUIRED
synexia-mindex/runtime/src/main/java/com/synexia/mindex/experiment/MIndexString.java	ddd1105438a8174d000661ace27beb0373c09495	java	true	family.entire-source-closure	REVIEW_REQUIRED
synexia-mindex/runtime/src/main/java/com/synexia/mindex/experiment/MappedDictionary.java	83ab4463649d44a185bb63f7e847c129ece1ca3b	java	false	family.entire-source-closure	REVIEW_REQUIRED
synexia-mindex/runtime/src/main/java/com/synexia/mindex/experiment/Provenance.java	672521d3400d80436065f5010179270fd94ee09b	java	false	family.entire-source-closure	REVIEW_REQUIRED
synexia-mindex/runtime/src/main/java/com/synexia/mindex/experiment/RecordIndex.java	530e187f56c426efeefdbf378dd7bd05551a9679	java	false	family.entire-source-closure	REVIEW_REQUIRED
synexia-mindex/runtime/src/main/java/com/synexia/mindex/experiment/SemanticRef.java	604b59120bdee0791af4f31f9af19c961f060adf	java	false	family.entire-source-closure	REVIEW_REQUIRED
synexia-mindex/runtime/src/main/java/com/synexia/mindex/experiment/Smoothing.java	170568a5f2e477f98c02e7c2291b4cf575991d08	java	false	family.entire-source-closure	REVIEW_REQUIRED
synexia-mindex/runtime/src/main/java/com/synexia/mindex/experiment/StringHashes.java	6204de238d69c3706dda200d846bf77bc945c629	java	false	family.entire-source-closure	REVIEW_REQUIRED
synexia-mindex/runtime/src/main/java/com/synexia/mindex/experiment/TokenDictionary.java	95484cdd08d990ec52765c768924b7d13be42668	java	false	family.entire-source-closure	REVIEW_REQUIRED
synexia-mindex/runtime/src/main/java/com/synexia/mindex/experiment/TokenDistances.java	5c044ace1d474f0e44392f8eec51e1b21872fe67	java	false	family.entire-source-closure	REVIEW_REQUIRED
synexia-mindex/runtime/src/main/java/com/synexia/mindex/experiment/TokenSpace.java	2851225a364ec62d6e3d6a61e5741e5478c5ab2a	java	false	family.entire-source-closure	REVIEW_REQUIRED
synexia-mindex/runtime/src/main/java/com/synexia/mindex/experiment/Tokenizer.java	5d0bb04dd22018b34b72783efc32844c1e235a06	java	false	family.entire-source-closure	REVIEW_REQUIRED
synexia-mindex/runtime/src/main/java/com/synexia/mindex/experiment/Translation.java	f44523829177c29b71ec0bd263d4ffc2e0ab1855	java	false	family.entire-source-closure	REVIEW_REQUIRED
synexia-mindex/runtime/src/main/java/com/synexia/mindex/graph/MIndexCoordinate.java	cb5328f04c48fa05d709e5b484639024a28c06d9	java	true	family.entire-source-closure	REVIEW_REQUIRED
synexia-mindex/runtime/src/main/java/com/synexia/mindex/graph/MIndexDag.java	9a3fc9928b8ef583c96a755ed54622e2dbbe4c55	java	true	family.entire-source-closure	REVIEW_REQUIRED
synexia-mindex/runtime/src/main/java/com/synexia/mindex/graph/MIndexDagAdapter.java	5dbea60bdbabc05af26e5c06357d813f2acd078b	java	true	family.entire-source-closure	REVIEW_REQUIRED
synexia-mindex/runtime/src/main/java/com/synexia/mindex/graph/MIndexDagProjector.java	6aee32d21e480d1774541cc2a5c49769ebaaf2f6	java	true	family.entire-source-closure	REVIEW_REQUIRED
synexia-mindex/runtime/src/main/java/com/synexia/mindex/graph/MIndexInteraction.java	35d3610a78b5b66f8efb0be9df8b25c6e8aca3d6	java	true	family.entire-source-closure	REVIEW_REQUIRED
synexia-mindex/runtime/src/main/java/com/synexia/mindex/graph/MIndexInteractionKind.java	42143c2a9d264d620e16f597f97cedaa92af04f1	java	true	family.entire-source-closure	REVIEW_REQUIRED
synexia-mindex/runtime/src/main/java/com/synexia/mindex/graph/MIndexInteractionMatrix.java	2e32215ae559dc90c9a819c85a1e88824545583b	java	true	family.entire-source-closure	REVIEW_REQUIRED
synexia-mindex/runtime/src/main/java/com/synexia/mindex/graph/MIndexInteractionStore.java	1323802c30590568c5aad247d49e46ff4120a6da	java	true	family.entire-source-closure	REVIEW_REQUIRED
synexia-mindex/runtime/src/main/java/com/synexia/mindex/graph/MIndexOperand.java	2e6b2dccc73ab82756fd005ba7819cafb8c6138b	java	true	family.entire-source-closure	REVIEW_REQUIRED
synexia-mindex/runtime/src/main/java/com/synexia/mindex/graph/MIndexRole.java	c6ad22041e0f70153b476a4674957191f9581a5f	java	true	family.entire-source-closure	REVIEW_REQUIRED
synexia-mindex/runtime/src/main/java/com/synexia/mindex/graph/MIndexScope.java	c8938a07981f3086d11d4057c7aecd91a48ba4fa	java	true	family.entire-source-closure	REVIEW_REQUIRED
synexia-mindex/runtime/src/main/java/com/synexia/mindex/graph/MIndexValueDomain.java	c973f9e436c91e443ce437a736833be5d1f81d44	java	true	family.entire-source-closure	REVIEW_REQUIRED
synexia-mindex/runtime/src/main/java/com/synexia/mindex/jni/JniCompiledBigramImage.java	7b8cd6b0604456eafef69869ff37b84b617aad57	java	false	family.entire-source-closure	REVIEW_REQUIRED
synexia-mindex/runtime/src/main/java/com/synexia/mindex/jni/JniCompiledLanguageImage.java	f818bbb67c3c60ff78bafa5c0ffb9320964de024	java	false	family.entire-source-closure	REVIEW_REQUIRED
synexia-mindex/runtime/src/main/java/com/synexia/mindex/jni/JniCompiledWordProfileImage.java	c093f2b20e88ba45ae41609d26dda03843dc3249	java	false	family.entire-source-closure	REVIEW_REQUIRED
synexia-mindex/runtime/src/main/java/com/synexia/mindex/language/FrozenBigrams.java	2385741bce3f39a5ff2432aaca5fb92b67fa09b8	java	false	family.entire-source-closure	REVIEW_REQUIRED
synexia-mindex/runtime/src/main/java/com/synexia/mindex/language/FrozenLanguageModel.java	14cbc5dbdc5fb9f78a375dab5894ee13390dc68f	java	false	family.entire-source-closure	REVIEW_REQUIRED
synexia-mindex/runtime/src/main/java/com/synexia/mindex/language/FrozenMaxent.java	6f7aff56290e75f216070ca31203ca5aaddfd5f5	java	false	family.entire-source-closure	REVIEW_REQUIRED
synexia-mindex/runtime/src/main/java/com/synexia/mindex/language/IndexedLineCache.java	9ad1951ddabc42d5465e974fbbbb051c8caa3209	java	false	family.entire-source-closure	REVIEW_REQUIRED
synexia-mindex/runtime/src/main/java/com/synexia/mindex/language/IndexedTables.java	bc676f30480fadf09b1372dc7cac5a0b4eeb0d2b	java	false	family.entire-source-closure	REVIEW_REQUIRED
synexia-mindex/runtime/src/main/java/com/synexia/mindex/language/IndexedTokens.java	2bbf0b52248495bf08b1d7953f2dc5fb7651e9d5	java	false	family.entire-source-closure	REVIEW_REQUIRED
synexia-mindex/runtime/src/main/java/com/synexia/mindex/language/LanguageCli.java	895bfbc567e76ca741dea07b488cfb3dfe9589bb	java	false	family.entire-source-closure	REVIEW_REQUIRED
synexia-mindex/runtime/src/main/java/com/synexia/mindex/language/LanguageImages.java	bee11d6bc5dd35cc6c4905c46bb022051f21c46c	java	false	family.entire-source-closure	REVIEW_REQUIRED
synexia-mindex/runtime/src/main/java/com/synexia/mindex/language/LazyMIndexDocument.java	09a349a4770a9f21b7130dc1dd98364560d46f2a	java	false	family.entire-source-closure	REVIEW_REQUIRED
synexia-mindex/runtime/src/main/java/com/synexia/mindex/language/LuhnPlan.java	f1bb864eb792113954a191018caa45bd2068271b	java	false	family.entire-source-closure	REVIEW_REQUIRED
synexia-mindex/runtime/src/main/java/com/synexia/mindex/language/LuhnSummarizer.java	0d22329306f324fae8a7db95d5d71d7990595561	java	false	family.entire-source-closure	REVIEW_REQUIRED
synexia-mindex/runtime/src/main/java/com/synexia/mindex/language/MIndexContainedLanguage.java	cbc944a7e6d93b7aedcc500755d18a68596594c1	java	true	family.entire-source-closure	REVIEW_REQUIRED
synexia-mindex/runtime/src/main/java/com/synexia/mindex/language/MIndexDocumentQuery.java	a3bc24c6672948c393f0372154bb689cccf5597d	java	true	family.entire-source-closure	REVIEW_REQUIRED
synexia-mindex/runtime/src/main/java/com/synexia/mindex/language/MIndexDocumentQueryCompiler.java	b1e979ea576642b434048e4902a35441ce3c5f8a	java	true	family.entire-source-closure	REVIEW_REQUIRED
synexia-mindex/runtime/src/main/java/com/synexia/mindex/language/MIndexDocumentQueryProfile.java	dca089338908587bc6ca3e120570fb6eb83e94e5	java	true	family.entire-source-closure	REVIEW_REQUIRED
synexia-mindex/runtime/src/main/java/com/synexia/mindex/language/MIndexExpression.java	e04a2c101018eb8898225d93e4d3bf8e8cda44de	java	true	family.entire-source-closure	REVIEW_REQUIRED
synexia-mindex/runtime/src/main/java/com/synexia/mindex/language/MIndexExpressionGrammar.java	b56c789d94e6c66f55f902be44006877738ccda7	java	true	family.entire-source-closure	REVIEW_REQUIRED
synexia-mindex/runtime/src/main/java/com/synexia/mindex/language/MIndexJava21Profile.java	638601d1f30fd8f41af3d01f43c27d198daba5cc	java	true	family.entire-source-closure	REVIEW_REQUIRED
synexia-mindex/runtime/src/main/java/com/synexia/mindex/language/MIndexLanguageProfile.java	fcc7be9545440287ab06f0ea08b2ae3f9a5e4dfd	java	true	family.entire-source-closure	REVIEW_REQUIRED
synexia-mindex/runtime/src/main/java/com/synexia/mindex/language/MIndexLanguageProfileImage.java	5b21994d8087e945229ee0a33c521a40cc633cdf	java	true	family.entire-source-closure	REVIEW_REQUIRED
synexia-mindex/runtime/src/main/java/com/synexia/mindex/language/MIndexSqlAst.java	9c208d9f4fdf360447d63323459682eea5f10b50	java	true	family.entire-source-closure	REVIEW_REQUIRED
synexia-mindex/runtime/src/main/java/com/synexia/mindex/language/MIndexSqlDialect.java	b1ba68f9297477d1a6d5f6efabf73014e0916063	java	true	family.entire-source-closure	REVIEW_REQUIRED
synexia-mindex/runtime/src/main/java/com/synexia/mindex/language/MIndexSqlDialects.java	6b9133f66095baee60af7cb1a5d986638d326c1b	java	true	family.entire-source-closure	REVIEW_REQUIRED
synexia-mindex/runtime/src/main/java/com/synexia/mindex/language/MIndexSqlProfile.java	8befcaa260fec3bbcea70c8e9e41df378326ce80	java	true	family.entire-source-closure	REVIEW_REQUIRED
synexia-mindex/runtime/src/main/java/com/synexia/mindex/language/PositiveRationalOrder.java	abc193909141cae4136d22971a4b836fd66cdb0f	java	false	family.entire-source-closure	REVIEW_REQUIRED
synexia-mindex/runtime/src/main/java/com/synexia/mindex/language/SourceSnapshot.java	e2ad700bd02e0d70285f13b0f92ca14ade50c266	java	false	family.entire-source-closure	REVIEW_REQUIRED
synexia-mindex/runtime/src/main/java/com/synexia/mindex/language/SparseRelations.java	10d4da6c60441a5e5e4246b9f52ad01f614a2ea3	java	false	family.entire-source-closure	REVIEW_REQUIRED
synexia-mindex/runtime/src/main/java/com/synexia/mindex/language/formal/MIndexAssociativity.java	8211867e7762404bed508b298ed79f1dcfd6f1b5	java	true	family.entire-source-closure	REVIEW_REQUIRED
synexia-mindex/runtime/src/main/java/com/synexia/mindex/language/formal/MIndexDocumentQueryCompiler.java	8799f9587164abd1ac33ce256ca7241e1fb10dc8	java	true	family.entire-source-closure	REVIEW_REQUIRED
synexia-mindex/runtime/src/main/java/com/synexia/mindex/language/formal/MIndexDocumentQueryPlan.java	4c978cc0201b2e603cf291c0a4e12cca0ba62214	java	true	family.entire-source-closure	REVIEW_REQUIRED
synexia-mindex/runtime/src/main/java/com/synexia/mindex/language/formal/MIndexDocumentQueryProfile.java	b949b4462b4390880f861187febb10ac56d85d28	java	true	family.entire-source-closure	REVIEW_REQUIRED
synexia-mindex/runtime/src/main/java/com/synexia/mindex/language/formal/MIndexExpressionParser.java	75a975b6919bcc434a18c44e070af9ace38ccd4f	java	true	family.entire-source-closure	REVIEW_REQUIRED
synexia-mindex/runtime/src/main/java/com/synexia/mindex/language/formal/MIndexExpressionProfiles.java	2dc8d65304470a8382bf2e3ef77f8965958354cb	java	true	family.entire-source-closure	REVIEW_REQUIRED
synexia-mindex/runtime/src/main/java/com/synexia/mindex/language/formal/MIndexFormalCatalog.java	8822a320cf8847d4e6ff6d55aac151844f62ddef	java	true	family.entire-source-closure	REVIEW_REQUIRED
synexia-mindex/runtime/src/main/java/com/synexia/mindex/language/formal/MIndexFormalDonorCatalog.java	9bd01bd5b5cfd99d2beae515b267a2fec36f3459	java	true	family.entire-source-closure	REVIEW_REQUIRED
synexia-mindex/runtime/src/main/java/com/synexia/mindex/language/formal/MIndexFormalGrammar.java	87a0d45d9d29798495de2d0f5f40ca14e429c50e	java	true	family.entire-source-closure	REVIEW_REQUIRED
synexia-mindex/runtime/src/main/java/com/synexia/mindex/language/formal/MIndexFormalGrammarImage.java	f9b488ddf5fae2b2aa75e67a7afd3c8b0c9b153b	java	true	family.entire-source-closure	REVIEW_REQUIRED
synexia-mindex/runtime/src/main/java/com/synexia/mindex/language/formal/MIndexFormalLanguageProfile.java	f5f991ad48442f46822b3a1253bdd92976b54a52	java	true	family.entire-source-closure	REVIEW_REQUIRED
synexia-mindex/runtime/src/main/java/com/synexia/mindex/language/formal/MIndexFormalLexer.java	fb27e95d4844588e5c424d0113bbdd7ae7a2cb9c	java	true	family.entire-source-closure	REVIEW_REQUIRED
synexia-mindex/runtime/src/main/java/com/synexia/mindex/language/formal/MIndexFormalLimits.java	6441dfd1b56388b0b2d812e1a34f8cebe669c829	java	true	family.entire-source-closure	REVIEW_REQUIRED
synexia-mindex/runtime/src/main/java/com/synexia/mindex/language/formal/MIndexFormalProvider.java	8f0a4f2fe96980f2b7b1a0daca57284ea2739f8c	java	true	family.entire-source-closure	REVIEW_REQUIRED
synexia-mindex/runtime/src/main/java/com/synexia/mindex/language/formal/MIndexFormalRecognizer.java	552a3cab99bc1f33d0fa02860a4dbccf4955f226	java	true	family.entire-source-closure	REVIEW_REQUIRED
synexia-mindex/runtime/src/main/java/com/synexia/mindex/language/formal/MIndexFormalRegistry.java	58a1d8a28b8df129b1f6148eba1bf66cc56ac412	java	true	family.entire-source-closure	REVIEW_REQUIRED
synexia-mindex/runtime/src/main/java/com/synexia/mindex/language/formal/MIndexFormalTokenTape.java	cc8c4497bca7be734ac5d6c2eaf724b8f4af2ace	java	true	family.entire-source-closure	REVIEW_REQUIRED
synexia-mindex/runtime/src/main/java/com/synexia/mindex/language/formal/MIndexGrammarProvenance.java	2481190c952cb09c7e760b907d8dfb6e0c2104e9	java	true	family.entire-source-closure	REVIEW_REQUIRED
synexia-mindex/runtime/src/main/java/com/synexia/mindex/language/formal/MIndexJsonPathProfile.java	ad9a73d020a2fa96593ad940a3da9438df0b88eb	java	true	family.entire-source-closure	REVIEW_REQUIRED
synexia-mindex/runtime/src/main/java/com/synexia/mindex/language/formal/MIndexOperatorTable.java	2a99125def0e27499ffd9a29f6c6222aa6edbb87	java	true	family.entire-source-closure	REVIEW_REQUIRED
synexia-mindex/runtime/src/main/java/com/synexia/mindex/language/formal/MIndexPathProfile.java	7c542130198ee49d72503b40d971c220b6c15c37	java	true	family.entire-source-closure	REVIEW_REQUIRED
synexia-mindex/runtime/src/main/java/com/synexia/mindex/language/formal/MIndexProgrammingProfile.java	8735340f34750b0d648d273a1ba552483c92c446	java	true	family.entire-source-closure	REVIEW_REQUIRED
synexia-mindex/runtime/src/main/java/com/synexia/mindex/language/formal/MIndexProgrammingProfiles.java	cd9cb4d96c5adb916e11669d2a4082da8ecfbed9	java	true	family.entire-source-closure	REVIEW_REQUIRED
synexia-mindex/runtime/src/main/java/com/synexia/mindex/language/formal/MIndexRegexProfile.java	d941e5c208e427b27e79f0700bb3e6e76f5d52f8	java	true	family.entire-source-closure	REVIEW_REQUIRED
synexia-mindex/runtime/src/main/java/com/synexia/mindex/language/formal/MIndexSqlDialect.java	20855ddeb6b0942df33b77e4584597242d36c450	java	true	family.entire-source-closure	REVIEW_REQUIRED
synexia-mindex/runtime/src/main/java/com/synexia/mindex/language/formal/MIndexSqlDialects.java	dddc5a05a8691dc9d09d0e7ce8b843b0b5107508	java	true	family.entire-source-closure	REVIEW_REQUIRED
synexia-mindex/runtime/src/main/java/com/synexia/mindex/language/formal/MIndexSqlProfiles.java	34c9a3b65148d61f82e840fc1d53926bad9e082c	java	true	family.entire-source-closure	REVIEW_REQUIRED
synexia-mindex/runtime/src/main/java/com/synexia/mindex/language/formal/MIndexTokenClass.java	b7c2f6b68d7b68748969d778948c5a59794f4a38	java	true	family.entire-source-closure	REVIEW_REQUIRED
synexia-mindex/runtime/src/main/java/com/synexia/mindex/object/MIndexShapeSchema.java	e6d8c373ff76e596bd29647fd863d56f10137330	java	true	family.entire-source-closure	REVIEW_REQUIRED
synexia-mindex/runtime/src/main/java/com/synexia/mindex/point/LongOrdinalBuilder.java	1665a91835c15be933ab69d6e38e411e77fdf55a	java	false	family.entire-source-closure	REVIEW_REQUIRED
synexia-mindex/runtime/src/main/java/com/synexia/mindex/point/LongOrdinalImage.java	6f272986a7c2c2a37b212fec5fda2a0f8cc32bc5	java	false	family.entire-source-closure	REVIEW_REQUIRED
synexia-mindex/runtime/src/main/java/com/synexia/mindex/point/LongOrdinalIndex.java	f307e02c0769f14eeb1ce49676c77e115f9cc013	java	false	family.entire-source-closure	REVIEW_REQUIRED
synexia-mindex/runtime/src/main/java/com/synexia/mindex/point/NativeLongOrdinalBatch.java	70b0d65f68fa59ac678d22cb9e0662fcbf0f5529	java	false	family.entire-source-closure	REVIEW_REQUIRED
synexia-mindex/runtime/src/main/java/com/synexia/mindex/query/MIndexChildAxisPath.java	a4f33aef955d8bb1a4cda24178efad01f45d3e31	java	true	family.entire-source-closure	REVIEW_REQUIRED
synexia-mindex/runtime/src/main/java/com/synexia/mindex/query/MIndexDottedPath.java	b255d29ffb7de5d111ebd08bc47f11f911807353	java	true	family.entire-source-closure	REVIEW_REQUIRED
synexia-mindex/runtime/src/main/java/com/synexia/mindex/query/MIndexJsonPointer.java	7c1c9eb206433a5ed4c2bd6b79a5c8390df0c41d	java	true	family.entire-source-closure	REVIEW_REQUIRED
synexia-mindex/runtime/src/main/java/com/synexia/mindex/query/MIndexPathProfile.java	5cdaa40cc86b265f5bb2177f9a7dcf5918b4901b	java	true	family.entire-source-closure	REVIEW_REQUIRED
synexia-mindex/runtime/src/main/java/com/synexia/mindex/query/MIndexPathProfiles.java	dd47b6fa9b22059c60d83763485478c74e9c6a0b	java	true	family.entire-source-closure	REVIEW_REQUIRED
synexia-mindex/runtime/src/main/java/com/synexia/mindex/query/MIndexQueryPath.java	50999f09290f70bf96cf6dbd063e329b13808f5d	java	true	family.entire-source-closure	REVIEW_REQUIRED
synexia-mindex/runtime/src/main/java/com/synexia/mindex/query/MIndexQueryPredicateTable.java	d70afa6bb4095b9d037d1efdced77f6f81e168fc	java	true	family.entire-source-closure	REVIEW_REQUIRED
synexia-mindex/runtime/src/main/java/com/synexia/mindex/regex/MIndexCompositeRegexIndex.java	20c22c81316b48314c1c7c3d6e173e688f3b787d	java	true	synexia.regex.rxm	REVIEW_REQUIRED
synexia-mindex/runtime/src/main/java/com/synexia/mindex/regex/MIndexRegex.java	f27ea055dc7bac355f8c5c145b727f0309c73b80	java	true	family.entire-source-closure	REVIEW_REQUIRED
synexia-mindex/runtime/src/main/java/com/synexia/mindex/regex/MIndexRegexInputView.java	c3bd20071c22a044c00660578c1038a0a3a69d6e	java	true	family.entire-source-closure	REVIEW_REQUIRED
synexia-mindex/runtime/src/main/java/com/synexia/mindex/regex/MIndexRegexMatcher.java	4e48418d2cc96e2b8cd39204a8d26f83f46d3739	java	true	family.entire-source-closure	REVIEW_REQUIRED
synexia-mindex/runtime/src/main/java/com/synexia/mindex/structure/MIndexArchiveDocument.java	7c7e14b9c69138419c1792cf97071c81309c33da	java	true	family.entire-source-closure	REVIEW_REQUIRED
synexia-mindex/runtime/src/main/java/com/synexia/mindex/structure/MIndexAtomCursor.java	4848dd933f843aec1a07495b8bd1731ae03bd343	java	true	family.entire-source-closure	REVIEW_REQUIRED
synexia-mindex/runtime/src/main/java/com/synexia/mindex/structure/MIndexAtomGrammar.java	0a2737ba6f1ddae98507e1948378a4388e854de8	java	true	family.entire-source-closure	REVIEW_REQUIRED
synexia-mindex/runtime/src/main/java/com/synexia/mindex/structure/MIndexAtomPatternImage.java	0fb3e7b30c375e18396a72abe442c4042a2fd1b1	java	true	family.entire-source-closure	REVIEW_REQUIRED
synexia-mindex/runtime/src/main/java/com/synexia/mindex/structure/MIndexAtomPatternMatrix.java	e4b056b229a4fff200e171ccb872e38ff72c0b30	java	true	family.entire-source-closure	REVIEW_REQUIRED
synexia-mindex/runtime/src/main/java/com/synexia/mindex/structure/MIndexAtomPatternPlan.java	8c97e31da46a1c306d847305b0c337367f735c0f	java	true	family.entire-source-closure	REVIEW_REQUIRED
synexia-mindex/runtime/src/main/java/com/synexia/mindex/structure/MIndexAtomPostings.java	0afcba89bac6ca18fb94db2480ca89b49a99107f	java	true	family.entire-source-closure	REVIEW_REQUIRED
synexia-mindex/runtime/src/main/java/com/synexia/mindex/structure/MIndexAtomScanner.java	581645df7d4e1bc555f0f382ab1376eccc66f308	java	true	family.entire-source-closure	REVIEW_REQUIRED
synexia-mindex/runtime/src/main/java/com/synexia/mindex/structure/MIndexAtomSearch.java	29dfe20ff3c8c8d83fa67eaa3c4987edf01d7f1c	java	true	family.entire-source-closure	REVIEW_REQUIRED
synexia-mindex/runtime/src/main/java/com/synexia/mindex/structure/MIndexAtomSequencePattern.java	842321ad339dfb0610abb77697e6a813eb4198e6	java	true	family.entire-source-closure	REVIEW_REQUIRED
synexia-mindex/runtime/src/main/java/com/synexia/mindex/structure/MIndexAtomStreams.java	884906d74e9bc02fc0c01b69629ac437b8f22d7c	java	true	family.entire-source-closure	REVIEW_REQUIRED
synexia-mindex/runtime/src/main/java/com/synexia/mindex/structure/MIndexAtomTape.java	0b35f77d60f41cb1bc478cd5ac79d245293f7834	java	true	family.entire-source-closure	REVIEW_REQUIRED
synexia-mindex/runtime/src/main/java/com/synexia/mindex/structure/MIndexAtomText.java	0535941a0b366e5e37a2e9f20e08ffb6be95f72d	java	true	family.entire-source-closure	REVIEW_REQUIRED
synexia-mindex/runtime/src/main/java/com/synexia/mindex/structure/MIndexAtomVocabulary.java	d8b52cb13ffb6c9cb9d41d92724ce6d80083996c	java	true	family.entire-source-closure	REVIEW_REQUIRED
synexia-mindex/runtime/src/main/java/com/synexia/mindex/structure/MIndexAvroSchemaCodec.java	58074a01032b4b7685c32a54a5761f4de4f1198b	java	true	family.entire-source-closure	REVIEW_REQUIRED
synexia-mindex/runtime/src/main/java/com/synexia/mindex/structure/MIndexBson.java	edf0d160aaa4176cd1b2fba35cb56c310a4460cd	java	true	family.entire-source-closure	REVIEW_REQUIRED
synexia-mindex/runtime/src/main/java/com/synexia/mindex/structure/MIndexCompiledPath.java	5b3690090063f94505c61a80088264e675d29216	java	true	family.entire-source-closure	REVIEW_REQUIRED
synexia-mindex/runtime/src/main/java/com/synexia/mindex/structure/MIndexDeferredDocument.java	531db0c05d4398d749c6300bbee6fe90a7c363fc	java	true	family.entire-source-closure	REVIEW_REQUIRED
synexia-mindex/runtime/src/main/java/com/synexia/mindex/structure/MIndexDelimitedMatrix.java	bb0d597176dbf3637ecced284ef53d5dbfc2413f	java	true	family.entire-source-closure	REVIEW_REQUIRED
synexia-mindex/runtime/src/main/java/com/synexia/mindex/structure/MIndexDocument.java	47280f57c51b353eea67b8ddd416184ebdc3fba9	java	true	family.entire-source-closure	REVIEW_REQUIRED
synexia-mindex/runtime/src/main/java/com/synexia/mindex/structure/MIndexDocumentSchema.java	4329654f11684128e1b348923d37c91a04d7abc4	java	true	family.entire-source-closure	REVIEW_REQUIRED
synexia-mindex/runtime/src/main/java/com/synexia/mindex/structure/MIndexDotenv.java	747005cf78c735d322bef09ded17144fe08da782	java	true	family.entire-source-closure	REVIEW_REQUIRED
synexia-mindex/runtime/src/main/java/com/synexia/mindex/structure/MIndexFileDocument.java	7d32227a4e79f1ad826fe8872fc3a3f007ec94e1	java	true	family.entire-source-closure	REVIEW_REQUIRED
synexia-mindex/runtime/src/main/java/com/synexia/mindex/structure/MIndexFileResource.java	23fd3efbe036939fef0b208e1bb625e34a5af249	java	true	family.entire-source-closure	REVIEW_REQUIRED
synexia-mindex/runtime/src/main/java/com/synexia/mindex/structure/MIndexFixedDifferentialBackend.java	b97d83caa4fe13b4d18f802c51b69f2c5bc80b56	java	true	family.entire-source-closure	REVIEW_REQUIRED
synexia-mindex/runtime/src/main/java/com/synexia/mindex/structure/MIndexFixedLayout.java	0f1b902f9304ae27e49af7695c2786034a217241	java	true	family.entire-source-closure	REVIEW_REQUIRED
synexia-mindex/runtime/src/main/java/com/synexia/mindex/structure/MIndexFixedRecordParser.java	457fbf0d809aeb5229abdbfb9aa341fb18466498	java	true	family.entire-source-closure	REVIEW_REQUIRED
synexia-mindex/runtime/src/main/java/com/synexia/mindex/structure/MIndexFixedRecordPlan.java	8e55596e63124c264718b7fa13041321dab4ac27	java	true	family.entire-source-closure	REVIEW_REQUIRED
synexia-mindex/runtime/src/main/java/com/synexia/mindex/structure/MIndexFixedRecords.java	c2077635f8511797c3ca5f51653ff75a10830858	java	true	family.entire-source-closure	REVIEW_REQUIRED
synexia-mindex/runtime/src/main/java/com/synexia/mindex/structure/MIndexFixedSchemaCandidates.java	444b0bc0a3d7804fe0d91469cd69fc99c3364a49	java	true	family.entire-source-closure	REVIEW_REQUIRED
synexia-mindex/runtime/src/main/java/com/synexia/mindex/structure/MIndexFixedSchemaTemplate.java	9ec6b66c3cb1ea59235898bc3b03991d831bda67	java	true	family.entire-source-closure	REVIEW_REQUIRED
synexia-mindex/runtime/src/main/java/com/synexia/mindex/structure/MIndexFixedTextProjection.java	a48fd7e786c6473577e75e312b7dd4c91a713707	java	true	family.entire-source-closure	REVIEW_REQUIRED
synexia-mindex/runtime/src/main/java/com/synexia/mindex/structure/MIndexFixedTypedLayout.java	bb1094cb2198262d9935f6607532901fb2d4fcda	java	true	family.entire-source-closure	REVIEW_REQUIRED
synexia-mindex/runtime/src/main/java/com/synexia/mindex/structure/MIndexFixedValidation.java	6b35216e4884ea0169efd8c48fe5acbc51526500	java	true	family.entire-source-closure	REVIEW_REQUIRED
synexia-mindex/runtime/src/main/java/com/synexia/mindex/structure/MIndexFormatAtoms.java	7fb64763aa0bff1e099127108d5cbce81eb43b38	java	true	family.entire-source-closure	REVIEW_REQUIRED
synexia-mindex/runtime/src/main/java/com/synexia/mindex/structure/MIndexFormatDetector.java	61a697714f027a028602cb3cf3dfa49564f2f181	java	true	family.entire-source-closure	REVIEW_REQUIRED
synexia-mindex/runtime/src/main/java/com/synexia/mindex/structure/MIndexFormatProbe.java	bff4bfad03e1e18fd4a7b6d2c68932818e9798c7	java	true	family.entire-source-closure	REVIEW_REQUIRED
synexia-mindex/runtime/src/main/java/com/synexia/mindex/structure/MIndexFormatProvider.java	4c934a7306cd49c371fa09824a5d1dc403bd7938	java	true	family.entire-source-closure	REVIEW_REQUIRED
synexia-mindex/runtime/src/main/java/com/synexia/mindex/structure/MIndexFormats.java	76d3e0b688d67280bba9c572ceabb1b5c8b497fe	java	true	family.entire-source-closure	REVIEW_REQUIRED
synexia-mindex/runtime/src/main/java/com/synexia/mindex/structure/MIndexGrammar.java	07565a73b2462ff7063d62a2231df8d6cb746d8a	java	true	family.entire-source-closure	REVIEW_REQUIRED
synexia-mindex/runtime/src/main/java/com/synexia/mindex/structure/MIndexIndexedDocument.java	53c49441abf6fca00220493c6f3ffcf2a3f8a47c	java	true	family.entire-source-closure	REVIEW_REQUIRED
synexia-mindex/runtime/src/main/java/com/synexia/mindex/structure/MIndexIni.java	0952ffa638d8987abdbd1feb8b1891c970d6b11d	java	true	family.entire-source-closure	REVIEW_REQUIRED
synexia-mindex/runtime/src/main/java/com/synexia/mindex/structure/MIndexJavaProjection.java	4d5d41a80abb32f939c59902845ec4e190b0639c	java	true	family.entire-source-closure	REVIEW_REQUIRED
synexia-mindex/runtime/src/main/java/com/synexia/mindex/structure/MIndexJson.java	910b06e020889de3599fe339b163b11bf4e070af	java	true	family.entire-source-closure	REVIEW_REQUIRED
synexia-mindex/runtime/src/main/java/com/synexia/mindex/structure/MIndexJsonLd.java	d5a7cb23a8b364e7a3ae18a706438505a6c60dc2	java	true	family.entire-source-closure	REVIEW_REQUIRED
synexia-mindex/runtime/src/main/java/com/synexia/mindex/structure/MIndexJsonLines.java	01b420234dbb54c203aa0b8707c6654e531006b7	java	true	family.entire-source-closure	REVIEW_REQUIRED
synexia-mindex/runtime/src/main/java/com/synexia/mindex/structure/MIndexJsonPlan.java	95fa29e05e21ee01d483616950471e0e00981f10	java	true	family.entire-source-closure	REVIEW_REQUIRED
synexia-mindex/runtime/src/main/java/com/synexia/mindex/structure/MIndexJsonSchemaCodec.java	895ddbfd939386155ba3deb1f76e9c987274b46d	java	true	family.entire-source-closure	REVIEW_REQUIRED
synexia-mindex/runtime/src/main/java/com/synexia/mindex/structure/MIndexJsonTapeParser.java	e1547191aa3f0921b942231cc45fdba6dc43818c	java	true	family.entire-source-closure	REVIEW_REQUIRED
synexia-mindex/runtime/src/main/java/com/synexia/mindex/structure/MIndexLines.java	728232c5193c0967c5759d8fa80aa7cc7266d6cf	java	true	family.entire-source-closure	REVIEW_REQUIRED
synexia-mindex/runtime/src/main/java/com/synexia/mindex/structure/MIndexLogIndex.java	da584788bcac534901907d15dc23a14d8d65161e	java	true	family.entire-source-closure	REVIEW_REQUIRED
synexia-mindex/runtime/src/main/java/com/synexia/mindex/structure/MIndexLogSchema.java	819e599ce31861262ec01967a1720714fd0b550a	java	true	family.entire-source-closure	REVIEW_REQUIRED
synexia-mindex/runtime/src/main/java/com/synexia/mindex/structure/MIndexLongAtomCursor.java	7480d61a6dba4b993b321486a6d83f9f7602730e	java	true	family.entire-source-closure	REVIEW_REQUIRED
synexia-mindex/runtime/src/main/java/com/synexia/mindex/structure/MIndexLongAtomPostings.java	edb78ac03bc76abb118c71e4403bdbd89a2173a2	java	true	family.entire-source-closure	REVIEW_REQUIRED
synexia-mindex/runtime/src/main/java/com/synexia/mindex/structure/MIndexLongAtomStreams.java	bc240519ae4e84dd2907e849af7733b88ba69775	java	true	family.entire-source-closure	REVIEW_REQUIRED
synexia-mindex/runtime/src/main/java/com/synexia/mindex/structure/MIndexLongAtomTape.java	b9db3e5769b774c864bf040990baed5bc34c8c1b	java	true	family.entire-source-closure	REVIEW_REQUIRED
synexia-mindex/runtime/src/main/java/com/synexia/mindex/structure/MIndexLongDelimitedMatrix.java	a507308bedb3bec193d0906453dd15ce06dc4575	java	true	family.entire-source-closure	REVIEW_REQUIRED
synexia-mindex/runtime/src/main/java/com/synexia/mindex/structure/MIndexMappedStructureIndex.java	e3a1501caf48fe739767aac7077ea86048a0f536	java	true	family.entire-source-closure	REVIEW_REQUIRED
synexia-mindex/runtime/src/main/java/com/synexia/mindex/structure/MIndexMatrixQuery.java	8c35e3b1f9dad8e3945afbb7ad7a55350795d183	java	true	family.entire-source-closure	REVIEW_REQUIRED
synexia-mindex/runtime/src/main/java/com/synexia/mindex/structure/MIndexNativeScan.java	50d0ac2b55dabeba8ec40b89ab5e8e12f90b6450	java	true	family.entire-source-closure	REVIEW_REQUIRED
synexia-mindex/runtime/src/main/java/com/synexia/mindex/structure/MIndexNativeSchemaCodec.java	51528fb0d41d2b5fc61988e547e271e866c49f1b	java	true	family.entire-source-closure	REVIEW_REQUIRED
synexia-mindex/runtime/src/main/java/com/synexia/mindex/structure/MIndexParseCache.java	4f8d6dd3038e25d051611bcc3621719f9d282018	java	true	family.entire-source-closure	REVIEW_REQUIRED
synexia-mindex/runtime/src/main/java/com/synexia/mindex/structure/MIndexParser.java	b668449b858e27ef0a63b0c0cf3c19afd10cea4c	java	true	family.entire-source-closure	REVIEW_REQUIRED
synexia-mindex/runtime/src/main/java/com/synexia/mindex/structure/MIndexPath.java	645362c1aff8c29eb5fa0f4bd6ad570da7e769bd	java	true	family.entire-source-closure	REVIEW_REQUIRED
synexia-mindex/runtime/src/main/java/com/synexia/mindex/structure/MIndexPmem2Corpus.java	c1abc44d03cf02ec0af418b970397049eee40ee3	java	true	family.entire-source-closure	REVIEW_REQUIRED
synexia-mindex/runtime/src/main/java/com/synexia/mindex/structure/MIndexPmem2EvidenceCodec.java	302f8e80ef2956b507a112fd3133ecdb8a94bc25	java	true	family.entire-source-closure	REVIEW_REQUIRED
synexia-mindex/runtime/src/main/java/com/synexia/mindex/structure/MIndexPmem2Region.java	16cbf8b55f85b2803f069f0705fa4ba30d10bc3e	java	true	family.entire-source-closure	REVIEW_REQUIRED
synexia-mindex/runtime/src/main/java/com/synexia/mindex/structure/MIndexPmem2ShardStager.java	9da98e9e633b0c9c8b0462aaf4ff61733448d610	java	true	family.entire-source-closure	REVIEW_REQUIRED
synexia-mindex/runtime/src/main/java/com/synexia/mindex/structure/MIndexPmem2Source.java	4370faaca4713c46639cc799a26e2e15e9de2d3e	java	true	family.entire-source-closure	REVIEW_REQUIRED
synexia-mindex/runtime/src/main/java/com/synexia/mindex/structure/MIndexPmem2Tier.java	5d50bef0c6b71db2cd1661e4596296036c6a0a62	java	true	family.entire-source-closure	REVIEW_REQUIRED
synexia-mindex/runtime/src/main/java/com/synexia/mindex/structure/MIndexProperties.java	f4fbb14fdf27abe9070dc2a7f3ad6a5332ccb054	java	true	family.entire-source-closure	REVIEW_REQUIRED
synexia-mindex/runtime/src/main/java/com/synexia/mindex/structure/MIndexReadOnlyDocumentIndex.java	571d31325410355d797547db56b081adc8d54d7e	java	true	family.entire-source-closure	REVIEW_REQUIRED
synexia-mindex/runtime/src/main/java/com/synexia/mindex/structure/MIndexReadOnlyStructureIndex.java	2aa40074530d3c34c75bcc71ff3e268402fdb2a4	java	true	family.entire-source-closure	REVIEW_REQUIRED
synexia-mindex/runtime/src/main/java/com/synexia/mindex/structure/MIndexRecordAdmission.java	d95c8417f568c72103eb97f045ef85ee8cad4d32	java	true	family.entire-source-closure	REVIEW_REQUIRED
synexia-mindex/runtime/src/main/java/com/synexia/mindex/structure/MIndexScalarConverter.java	e26cd05d52553cd816e81f6783d1df3efb0fa6e9	java	true	family.entire-source-closure	REVIEW_REQUIRED
synexia-mindex/runtime/src/main/java/com/synexia/mindex/structure/MIndexSchema.java	c9b100e3aae117cd13c6f9351026c85ba84f0ed2	java	true	family.entire-source-closure	REVIEW_REQUIRED
synexia-mindex/runtime/src/main/java/com/synexia/mindex/structure/MIndexSchemaCodec.java	86270e4fb15346afdae2a753d8336b3ff6a27503	java	true	family.entire-source-closure	REVIEW_REQUIRED
synexia-mindex/runtime/src/main/java/com/synexia/mindex/structure/MIndexSchemaDeclaration.java	3d3e59f13c9b8119d14f974a27a96e69603fb1ee	java	true	family.entire-source-closure	REVIEW_REQUIRED
synexia-mindex/runtime/src/main/java/com/synexia/mindex/structure/MIndexSchemaFile.java	87b9fdd2c2a4b263b879438fc05b425427202a2e	java	true	family.entire-source-closure	REVIEW_REQUIRED
synexia-mindex/runtime/src/main/java/com/synexia/mindex/structure/MIndexSchemaFormats.java	ff62dffad3051e234ac6d082363dc2d0fe20dfc5	java	true	family.entire-source-closure	REVIEW_REQUIRED
synexia-mindex/runtime/src/main/java/com/synexia/mindex/structure/MIndexSchemaImage.java	2df1b80445b208a367dcb32e6be7eba3925dc16e	java	true	family.entire-source-closure	REVIEW_REQUIRED
synexia-mindex/runtime/src/main/java/com/synexia/mindex/structure/MIndexSchemaPlan.java	2dcf8b978f844e0c08217a4831ecf1060af71763	java	true	family.entire-source-closure	REVIEW_REQUIRED
synexia-mindex/runtime/src/main/java/com/synexia/mindex/structure/MIndexSchemaProvider.java	7022cd6132534dba465d32e4e6878569b94adc07	java	true	family.entire-source-closure	REVIEW_REQUIRED
synexia-mindex/runtime/src/main/java/com/synexia/mindex/structure/MIndexSegmentedLogIndex.java	c786125cae7257c1d9d88f1cad28da9843d22c49	java	true	family.entire-source-closure	REVIEW_REQUIRED
synexia-mindex/runtime/src/main/java/com/synexia/mindex/structure/MIndexSource.java	c7d60feb61461cfe1a101fcb432302135bc87e90	java	true	family.entire-source-closure	REVIEW_REQUIRED
synexia-mindex/runtime/src/main/java/com/synexia/mindex/structure/MIndexSourceAtomScanner.java	06a127f9e3eb52e65365efee0097865c5166c5f2	java	true	family.entire-source-closure	REVIEW_REQUIRED
synexia-mindex/runtime/src/main/java/com/synexia/mindex/structure/MIndexSourceByteSearch.java	3073eb05808e4c7aa7bda30db3f6cf758cf78c9f	java	true	family.entire-source-closure	REVIEW_REQUIRED
synexia-mindex/runtime/src/main/java/com/synexia/mindex/structure/MIndexSparsePostings.java	9f7117e9c194f2d2dc52026cab613317647ce4ee	java	true	family.entire-source-closure	REVIEW_REQUIRED
synexia-mindex/runtime/src/main/java/com/synexia/mindex/structure/MIndexStructureFingerprint.java	952afa55fcff067922aa5eab3feb77e1ee699b0d	java	true	family.entire-source-closure	REVIEW_REQUIRED
synexia-mindex/runtime/src/main/java/com/synexia/mindex/structure/MIndexStructureImage.java	0724ac2cf92fb41b7f9b471eb7b0aeffe3e928fd	java	true	family.entire-source-closure	REVIEW_REQUIRED
synexia-mindex/runtime/src/main/java/com/synexia/mindex/structure/MIndexStructureQuery.java	7f5c913f118a0c4449e368fb350f3296babb4a99	java	true	family.entire-source-closure	REVIEW_REQUIRED
synexia-mindex/runtime/src/main/java/com/synexia/mindex/structure/MIndexStructureTape.java	a94d5dcc3464645e51bac501384c48f2bc8d8958	java	true	family.entire-source-closure	REVIEW_REQUIRED
synexia-mindex/runtime/src/main/java/com/synexia/mindex/structure/MIndexSvg.java	0bd6c967bcb6759c910c56dd15e859780f748dbb	java	true	family.entire-source-closure	REVIEW_REQUIRED
synexia-mindex/runtime/src/main/java/com/synexia/mindex/structure/MIndexSvgDocumentIndex.java	003d778342407500379755eae41307145474f02b	java	true	family.entire-source-closure	REVIEW_REQUIRED
synexia-mindex/runtime/src/main/java/com/synexia/mindex/structure/MIndexSvgGeometry.java	4645d34d3ccb3af66d6b1998a15482473163e339	java	true	family.entire-source-closure	REVIEW_REQUIRED
synexia-mindex/runtime/src/main/java/com/synexia/mindex/structure/MIndexSvgNumberList.java	e9eedf5c5e06d26db0d0616616e8a6d546b2c6ec	java	true	family.entire-source-closure	REVIEW_REQUIRED
synexia-mindex/runtime/src/main/java/com/synexia/mindex/structure/MIndexSvgPathData.java	344bd5616e14f2bda36c018b1849c448408e8b91	java	true	family.entire-source-closure	REVIEW_REQUIRED
synexia-mindex/runtime/src/main/java/com/synexia/mindex/structure/MIndexSvgRelationIndex.java	e39ccfa17cc717d781f6c2d4b95f195b6561e70a	java	true	family.entire-source-closure	REVIEW_REQUIRED
synexia-mindex/runtime/src/main/java/com/synexia/mindex/structure/MIndexSvgSearch.java	028306f4587b2f9287e9af3db3b535384afcdf89	java	true	family.entire-source-closure	REVIEW_REQUIRED
synexia-mindex/runtime/src/main/java/com/synexia/mindex/structure/MIndexSvgStyleDeclarations.java	34ffe353ffbcd932b1157b78567f9741a9c056fd	java	true	family.entire-source-closure	REVIEW_REQUIRED
synexia-mindex/runtime/src/main/java/com/synexia/mindex/structure/MIndexSvgTape.java	57f0c7dace43e385aec95b73c69403a7a53625e0	java	true	family.entire-source-closure	REVIEW_REQUIRED
synexia-mindex/runtime/src/main/java/com/synexia/mindex/structure/MIndexSvgTapeParser.java	5d17be68173e9a84ac6317915dd4260fb4aecd88	java	true	family.entire-source-closure	REVIEW_REQUIRED
synexia-mindex/runtime/src/main/java/com/synexia/mindex/structure/MIndexSvgTransformList.java	63f4b5fd1a83abfb70c1a99ae0528810d5350e65	java	true	family.entire-source-closure	REVIEW_REQUIRED
synexia-mindex/runtime/src/main/java/com/synexia/mindex/structure/MIndexSvgVocabulary.java	107c665d4de3f333cf9ef240bc8b90a6bc34f9d5	java	true	family.entire-source-closure	REVIEW_REQUIRED
synexia-mindex/runtime/src/main/java/com/synexia/mindex/structure/MIndexTabular.java	040223e0ccd43c6b248555ba5d4cd08be1199ea4	java	true	family.entire-source-closure	REVIEW_REQUIRED
synexia-mindex/runtime/src/main/java/com/synexia/mindex/structure/MIndexTapeJson.java	39585ffa5e4b7cf7828903339013f41f6ace07ad	java	true	family.entire-source-closure	REVIEW_REQUIRED
synexia-mindex/runtime/src/main/java/com/synexia/mindex/structure/MIndexTapeMatrix.java	528d7dcbde1782340561ac0af6affd3129efa388	java	true	family.entire-source-closure	REVIEW_REQUIRED
synexia-mindex/runtime/src/main/java/com/synexia/mindex/structure/MIndexTapeOps.java	8e4eb265f9ff3f9d07770cb8e1f8ad548b9a4aa9	java	true	family.entire-source-closure	REVIEW_REQUIRED
synexia-mindex/runtime/src/main/java/com/synexia/mindex/structure/MIndexTapeValues.java	2d411191fac9a577ae81f15bb90c62e0bc3383cb	java	true	family.entire-source-closure	REVIEW_REQUIRED
synexia-mindex/runtime/src/main/java/com/synexia/mindex/structure/MIndexToml.java	79f907ceeee4d563d253cbd527faabab61f7909a	java	true	family.entire-source-closure	REVIEW_REQUIRED
synexia-mindex/runtime/src/main/java/com/synexia/mindex/structure/MIndexTomlEntryIndexer.java	4a0d0e72a716ad079ddf7ef7c40ab68370f5e8f9	java	true	family.entire-source-closure	REVIEW_REQUIRED
synexia-mindex/runtime/src/main/java/com/synexia/mindex/structure/MIndexTomlEntryTape.java	97d66a93ee7fc21242c268d55ff53a2a1aa0e9d0	java	true	family.entire-source-closure	REVIEW_REQUIRED
synexia-mindex/runtime/src/main/java/com/synexia/mindex/structure/MIndexUtf8KeyIndex.java	9a501bddb364efe6eaee847ccfede0278de834b3	java	true	family.entire-source-closure	REVIEW_REQUIRED
synexia-mindex/runtime/src/main/java/com/synexia/mindex/structure/MIndexUtf8Trie.java	1f8b585957a8f5fc3e0fc6392547b17f4c3d1f99	java	true	family.entire-source-closure	REVIEW_REQUIRED
synexia-mindex/runtime/src/main/java/com/synexia/mindex/structure/MIndexValueAccessIndex.java	60422111374873f8052a995995355f2ec128ee5b	java	true	family.entire-source-closure	REVIEW_REQUIRED
synexia-mindex/runtime/src/main/java/com/synexia/mindex/structure/MIndexValueCopier.java	d2f01375ae63feb5a9a589842ca1a07f4a33fb3f	java	true	family.entire-source-closure	REVIEW_REQUIRED
synexia-mindex/runtime/src/main/java/com/synexia/mindex/structure/MIndexValueMatrix.java	3d5e4cb35f0d6404c266f6585bfb09b0220f5afb	java	true	family.entire-source-closure	REVIEW_REQUIRED
synexia-mindex/runtime/src/main/java/com/synexia/mindex/structure/MIndexValueTape.java	3e30162bc066809bac58580e12cfdfdfae09a68c	java	true	family.entire-source-closure	REVIEW_REQUIRED
synexia-mindex/runtime/src/main/java/com/synexia/mindex/structure/MIndexValues.java	5ffe6abae243a9420ff86dfaf686056ecaa4a7f4	java	true	family.entire-source-closure	REVIEW_REQUIRED
synexia-mindex/runtime/src/main/java/com/synexia/mindex/structure/MIndexXml.java	f804771e7ba79a6c3d9e133c9b737bd51e367c8f	java	true	family.entire-source-closure	REVIEW_REQUIRED
synexia-mindex/runtime/src/main/java/com/synexia/mindex/structure/MIndexYaml.java	719eaa946015e98ffc3bcd63a6b25073ace9d21f	java	true	family.entire-source-closure	REVIEW_REQUIRED
synexia-mindex/runtime/src/main/java/com/synexia/mindex/structure/MappedMIndexSource.java	bfda37ef25fb3e6763c292977e11e2dc16e8af84	java	false	family.entire-source-closure	REVIEW_REQUIRED
synexia-mindex/runtime/src/main/java/com/synexia/mindex/structure/NativeMIndexFixedRecordScanner.java	05ab8cd3155b00dcb3754b649890b165677eb055	java	false	family.entire-source-closure	REVIEW_REQUIRED
synexia-mindex/runtime/src/main/java/com/synexia/mindex/structure/NativeMIndexFixedValidation.java	aeb1f9058aa704e34235b566fcbe1b47305084e7	java	false	family.entire-source-closure	REVIEW_REQUIRED
synexia-mindex/runtime/src/main/java/com/synexia/mindex/structure/SelectiveValueCodec.java	3f550cec76468ec39f973b446e1ec4f5f6fe2e06	java	false	family.entire-source-closure	REVIEW_REQUIRED
synexia-mindex/runtime/src/main/java/com/synexia/mindex/structure/SourceDocument.java	640f916b86179fd9202b4f64c5050308262936ca	java	false	family.entire-source-closure	REVIEW_REQUIRED
synexia-mindex/runtime/src/main/java/com/synexia/mindex/structure/SourceDocumentRef.java	3da6ef2e1fb7470f7488dd80d03269a6000dfd4e	java	false	family.entire-source-closure	REVIEW_REQUIRED
synexia-mindex/runtime/src/main/java/com/synexia/mindex/structure/ValueCodec.java	1a251704b61bafc22972016cb856bfaf06519f4c	java	false	family.entire-source-closure	REVIEW_REQUIRED
synexia-mindex/runtime/src/main/java/com/synexia/mindex/swap/AdaptiveSwapAccess.java	2a1f19f61669d2e868d0d130672bbdff97f352e5	java	false	family.entire-source-closure	REVIEW_REQUIRED
synexia-mindex/runtime/src/main/java/com/synexia/mindex/swap/JavaSwapPageBinaryOps.java	68f9010340cbb3425c1d0a3ccfba75bdac4997d4	java	false	family.entire-source-closure	REVIEW_REQUIRED
synexia-mindex/runtime/src/main/java/com/synexia/mindex/swap/JniSwapPageBinaryOps.java	2ebe4b69601ad2370c17d18d30f76b689e7f0b4d	java	false	family.entire-source-closure	REVIEW_REQUIRED
synexia-mindex/runtime/src/main/java/com/synexia/mindex/swap/MIndexAstAdaptiveSession.java	0fece13771d1b306ade1fc3f332aa6f1ef48ad4f	java	true	family.entire-source-closure	REVIEW_REQUIRED
synexia-mindex/runtime/src/main/java/com/synexia/mindex/swap/MIndexAstResidencyReceipt.java	06cf2b5c8541f56f530792c8bdf1c5b0272e7716	java	true	family.entire-source-closure	REVIEW_REQUIRED
synexia-mindex/runtime/src/main/java/com/synexia/mindex/swap/MIndexAstSwapArchive.java	7b3a6be335f57a18c0303a4faafc20ccdfe0cc59	java	true	family.entire-source-closure	REVIEW_REQUIRED
synexia-mindex/runtime/src/main/java/com/synexia/mindex/swap/MIndexAstVerifiedTraversal.java	668eac7de3c80abbc8c687537fe2dbad370164ef	java	true	family.entire-source-closure	REVIEW_REQUIRED
synexia-mindex/runtime/src/main/java/com/synexia/mindex/swap/MIndexAstWorkingSetStore.java	02a65ea3cdf4bf6f2767f9d92814754acf2cb9d8	java	true	family.entire-source-closure	REVIEW_REQUIRED
synexia-mindex/runtime/src/main/java/com/synexia/mindex/swap/MIndexCollectionAdaptiveSession.java	7bf4b42b969f270cda814b135fa34cc17e9857f8	java	true	family.entire-source-closure	REVIEW_REQUIRED
synexia-mindex/runtime/src/main/java/com/synexia/mindex/swap/MIndexCollectionPageArchive.java	551cf4896d401fbf818b5f9ca9492624ce5c0249	java	true	family.entire-source-closure	REVIEW_REQUIRED
synexia-mindex/runtime/src/main/java/com/synexia/mindex/swap/OccurrenceViewState.java	0bce982da80acaf4be4e79084b337748c3a14587	java	false	family.entire-source-closure	REVIEW_REQUIRED
synexia-mindex/runtime/src/main/java/com/synexia/mindex/swap/ParityCheckedSwapPageBinaryOps.java	d1e9b11c7a25f02c9032d8398c4eb22517dbf202	java	false	family.entire-source-closure	REVIEW_REQUIRED
synexia-mindex/runtime/src/main/java/com/synexia/mindex/swap/ShardedTieredSwapCache.java	5a97f8b08233999aba71cc210df173241afc2420	java	false	family.entire-source-closure	REVIEW_REQUIRED
synexia-mindex/runtime/src/main/java/com/synexia/mindex/swap/SqliteSwapStore.java	81d63fee5247501ff91b8b9196d4408a904a033f	java	false	family.entire-source-closure	REVIEW_REQUIRED
synexia-mindex/runtime/src/main/java/com/synexia/mindex/swap/SwapBudgetPlane.java	600754efed3306213dac1908ef4fbca8a865f6f4	java	false	family.entire-source-closure	REVIEW_REQUIRED
synexia-mindex/runtime/src/main/java/com/synexia/mindex/swap/SwapDonorCatalog.java	d2c983ffbffd05b838e7e42d53b8d826f6841b53	java	false	family.entire-source-closure	REVIEW_REQUIRED
synexia-mindex/runtime/src/main/java/com/synexia/mindex/swap/SwapNativeLibrary.java	ae51e7d3e0fcdabeb3725c5a834adf95ba7f6ff0	java	false	family.entire-source-closure	REVIEW_REQUIRED
synexia-mindex/runtime/src/main/java/com/synexia/mindex/swap/SwapPageBinaryOps.java	9d301a85847d4cad70bc7f4358e7a3fdc8d307af	java	false	family.entire-source-closure	REVIEW_REQUIRED
synexia-mindex/runtime/src/main/java/com/synexia/mindex/swap/SwapPageBinaryOpsSelector.java	413e5d2cf51a3ca11fa76a12433eabfbf8bd8136	java	false	family.entire-source-closure	REVIEW_REQUIRED
synexia-mindex/runtime/src/main/java/com/synexia/mindex/swap/SwapPressureController.java	fd257671a7ca6bae09e30c22bac91e2bdba89c22	java	false	family.entire-source-closure	REVIEW_REQUIRED
synexia-mindex/runtime/src/main/java/com/synexia/mindex/swap/SwapShardBudgetAllocator.java	9f0c9c1db22232e08cfec97f6fe2350cbe628f35	java	false	family.entire-source-closure	REVIEW_REQUIRED
synexia-mindex/runtime/src/main/java/com/synexia/mindex/swap/SwapShardRouter.java	9cabe5cf5ebbb1d272fc60c0891599d2d5f7a781	java	false	family.entire-source-closure	REVIEW_REQUIRED
synexia-mindex/runtime/src/main/java/com/synexia/mindex/swap/SwapStore.java	5756f0f39b286244b831c358802d1bb102271bdb	java	false	family.entire-source-closure	REVIEW_REQUIRED
synexia-mindex/runtime/src/main/java/com/synexia/mindex/swap/TieredSwapCache.java	3d1e59abb63404ee3db7f1ce71cc23fba02af690	java	false	family.entire-source-closure	REVIEW_REQUIRED
synexia-mindex/runtime/src/main/native/CMakeLists.txt	978c4e953e1026f69bcba0581dc6d8eb04414f0c	native	false	family.entire-source-closure	REVIEW_REQUIRED
synexia-mindex/runtime/src/main/native/README.md	8759665db1e024996895972fbd0e7a87fe48d3ef	native	false	family.entire-source-closure	REVIEW_REQUIRED
synexia-mindex/runtime/src/main/native/fixedrecord/CMakeLists.txt	b085b6dc400223560d9391966f2d2873ceaa8742	native	false	family.entire-source-closure	REVIEW_REQUIRED
synexia-mindex/runtime/src/main/native/fixedrecord/mindex_fixed_record.cpp	9d4cfea87cf92e45d4ffea447c730567fa609565	native	false	family.entire-source-closure	REVIEW_REQUIRED
synexia-mindex/runtime/src/main/native/fixedrecord/mindex_fixed_record.h	25a238d0557b0e627b21caa8fa9255ce2cdd54f5	native	false	family.entire-source-closure	REVIEW_REQUIRED
synexia-mindex/runtime/src/main/native/fixedrecord/mindex_fixed_record_contract.cpp	8e268bc6b0263bf8842fe49599b42e66251fe370	native	false	family.entire-source-closure	REVIEW_REQUIRED
synexia-mindex/runtime/src/main/native/fixedrecord/mindex_fixed_record_jni.cpp	00dba8e77ba6de0b766ddf7d7ba0f60b717979a9	native	false	family.entire-source-closure	REVIEW_REQUIRED
synexia-mindex/runtime/src/main/native/mindex_language_jni.c	f5f954b1de48da71ebddbfa7f02958fd12901273	native	false	family.entire-source-closure	REVIEW_REQUIRED
synexia-mindex/runtime/src/main/native/point/CMakeLists.txt	e481fc01dc65ca2d92de522eb9b8adf761d13d84	native	false	family.entire-source-closure	REVIEW_REQUIRED
synexia-mindex/runtime/src/main/native/point/mindex_ordinal.cpp	917b28d0c77f4efee0ca102772c523a17c7558e1	native	false	family.entire-source-closure	REVIEW_REQUIRED
synexia-mindex/runtime/src/main/native/point/mindex_ordinal.h	47701d55374ab6944cb905b395671878565acd70	native	false	family.entire-source-closure	REVIEW_REQUIRED
synexia-mindex/runtime/src/main/native/point/mindex_ordinal_jni.cpp	0896e5209b091f59a6de40f693dfceec98ee46dd	native	false	family.entire-source-closure	REVIEW_REQUIRED
synexia-mindex/runtime/src/main/native/point/ordinal_c_contract.c	b705e55254375945bb9931efe1624876712808cc	native	false	family.entire-source-closure	REVIEW_REQUIRED
synexia-mindex/runtime/src/main/native/structure/CMakeLists.txt	ac436beef59becf47f5a8bd0e88f1ff902c140a4	native	false	family.entire-source-closure	REVIEW_REQUIRED
synexia-mindex/runtime/src/main/native/structure/mindex_structure_jni.c	6305d5441955d19525164bdeb57dc3a5089c603c	native	false	family.entire-source-closure	REVIEW_REQUIRED
synexia-mindex/sql-jsqlparser/src/main/java/com/synexia/mindex/sql/jsqlparser/MIndexJSqlParserBridge.java	fe9f74627a9f3a3d6cde5d5ca81bbe90124983ea	java	true	family.entire-source-closure	REVIEW_REQUIRED
synexia-mindex/static-language/adapters/src/main/java/com/synexia/mindex/language/opennlp/OpenNlpGisCompiler.java	3e5dfe3439f6fafad32c0b5631d2fe8f280523e6	java	false	family.entire-source-closure	REVIEW_REQUIRED
synexia-mindex/static-language/verification/opennlp-2.5.6/opennlp-tools/src/main/java/opennlp/tools/ml/ArrayMath.java	0d478f8d186929910305a7ec9060aea54ac10484	java	false	family.entire-source-closure	REVIEW_REQUIRED
synexia-mindex/static-language/verification/opennlp-2.5.6/opennlp-tools/src/main/java/opennlp/tools/ml/maxent/GISModel.java	9b50698ca36c61e0516c44e6605250e8a3ef426a	java	false	family.entire-source-closure	REVIEW_REQUIRED
synexia-mindex/static-language/verification/opennlp-2.5.6/opennlp-tools/src/main/java/opennlp/tools/ml/model/AbstractModel.java	fc529a5b7ebb9886b959219259a0fe13102ff170	java	false	family.entire-source-closure	REVIEW_REQUIRED
synexia-mindex/static-language/verification/opennlp-2.5.6/opennlp-tools/src/main/java/opennlp/tools/ml/model/Context.java	893a4c1ede8425ab4618b20ad57ccd05c636d740	java	false	family.entire-source-closure	REVIEW_REQUIRED
synexia-mindex/static-language/verification/opennlp-2.5.6/opennlp-tools/src/main/java/opennlp/tools/ml/model/EvalParameters.java	d79ea984b5c4dadf6174cefee8bf9f352b16f907	java	false	family.entire-source-closure	REVIEW_REQUIRED
synexia-mindex/static-language/verification/opennlp-2.5.6/opennlp-tools/src/main/java/opennlp/tools/ml/model/MaxentModel.java	e6e4218eaa57fba435905a135f63e6b419566a1a	java	false	family.entire-source-closure	REVIEW_REQUIRED
synexia-mindex/static-language/verification/opennlp-2.5.6/opennlp-tools/src/main/java/opennlp/tools/ml/model/Prior.java	bef557955ba23c48dfb9ccbf78d4d35c5d8fa39c	java	false	family.entire-source-closure	REVIEW_REQUIRED
synexia-mindex/static-language/verification/opennlp-2.5.6/opennlp-tools/src/main/java/opennlp/tools/ml/model/UniformPrior.java	714bae58ea6f06570cd97ad2c5fdefccee298fa8	java	false	family.entire-source-closure	REVIEW_REQUIRED
synexia-mindex/tabletree-bridge/src/main/java/com/synexia/mindex/tabletree/MIndexTableTreeDeferredPages.java	5ce8eee6cc1f1297e206f5df5403a3e558c97b7b	java	true	family.entire-source-closure	REVIEW_REQUIRED
synexia-mindex/tabletree-bridge/src/main/java/com/synexia/mindex/tabletree/MIndexTableTreePageableBridge.java	407679a1bb83a215798304b6538968a7c03c405c	java	true	family.entire-source-closure	REVIEW_REQUIRED
synexia-mindex/tabletree-bridge/src/main/java/com/synexia/mindex/tabletree/MIndexTreePageImage.java	366eab86cd7215d9429161f526016f5bcbb7d97a	java	true	family.entire-source-closure	REVIEW_REQUIRED
synexia-mindex/tabletree-bridge/src/main/java/com/synexia/mindex/tabletree/MIndexTreePageImageCodec.java	c57bbd302c8a317a99207483e8a0b8e970a736be	java	true	family.entire-source-closure	REVIEW_REQUIRED
synexia-mindex/tabletree-bridge/src/main/java/com/synexia/mindex/tabletree/MIndexViewerPageableTreeSource.java	01351a92b2209eedd3158050ce82b761b0ea3d1f	java	true	family.entire-source-closure	REVIEW_REQUIRED
synexia-mindex/tool/src/main/java/com/synexia/mindex/tool/MIndexLexicalFact.java	c4e34defe4364397e99d815e7d4a3db0fc901b9e	java	true	family.entire-source-closure	REVIEW_REQUIRED
synexia-mindex/tool/src/main/java/com/synexia/mindex/tool/MIndexLexicalKey.java	237f1b4d656dc247022325e50cef7a815246bd64	java	true	family.entire-source-closure	REVIEW_REQUIRED
synexia-mindex/tool/src/main/java/com/synexia/mindex/tool/MIndexLexicalPrecomputeContribution.java	749679b2cf9181fc4edb0e516a48a2deaa2e78f4	java	true	family.entire-source-closure	REVIEW_REQUIRED
synexia-mindex/tool/src/main/java/com/synexia/mindex/tool/MIndexTool.java	281d9a8cc3209d38e8748b960a4fcf1ec5a0ae80	java	true	family.entire-source-closure	REVIEW_REQUIRED
synexia-mindex/tool/src/main/java/com/synexia/mindex/tool/MIndexToolProvider.java	0dcdb976a165879ed5729dd50956e0f7e7b691c6	java	true	family.entire-source-closure	REVIEW_REQUIRED
synexia-mindex/tool/src/main/java/com/synexia/mindex/tool/MIndexToolRegistry.java	8f3b6d84b3d037a41c3fe2e78371acc8d019c4f3	java	true	family.entire-source-closure	REVIEW_REQUIRED
synexia-mindex/tool/src/main/java/com/synexia/mindex/tool/MIndexToolRequest.java	9adfe9a5200df057f0262770b41e5cde42e8118d	java	true	family.entire-source-closure	REVIEW_REQUIRED
synexia-mindex/tool/src/main/java/com/synexia/mindex/tool/MIndexToolResult.java	0cf1f16fc5d33b4d34b65db0cd24902fc8e5e4e0	java	true	family.entire-source-closure	REVIEW_REQUIRED
synexia-mindex/viewer-eclipse/bundle/src/main/java/com/synexia/mindex/viewer/eclipse/AwesomeSwingDonorCatalog.java	5578b7a5972d796581e832f7c6d56b70f68823cf	java	false	family.entire-source-closure	REVIEW_REQUIRED
synexia-mindex/viewer-eclipse/bundle/src/main/java/com/synexia/mindex/viewer/eclipse/MIndexAbstractNativeSurface.java	b250dd270446980370fece8e2d24caeabcc1bf3b	java	true	family.entire-source-closure	REVIEW_REQUIRED
synexia-mindex/viewer-eclipse/bundle/src/main/java/com/synexia/mindex/viewer/eclipse/MIndexAffine2D.java	defa24872c54472ba9dd961497b82db586b27100	java	true	family.entire-source-closure	REVIEW_REQUIRED
synexia-mindex/viewer-eclipse/bundle/src/main/java/com/synexia/mindex/viewer/eclipse/MIndexAffineStack.java	22502649d85eefbfed9821b19bcbc588b1d1a7e3	java	true	family.entire-source-closure	REVIEW_REQUIRED
synexia-mindex/viewer-eclipse/bundle/src/main/java/com/synexia/mindex/viewer/eclipse/MIndexAffineTransformSource.java	63e1d9b7f8bc78ce1e4604a6e40e1e793e3b4b1c	java	true	family.entire-source-closure	REVIEW_REQUIRED
synexia-mindex/viewer-eclipse/bundle/src/main/java/com/synexia/mindex/viewer/eclipse/MIndexAutoCompletePort.java	d3e1687e81a9e4d0a176d1eb4b4ab56355901909	java	true	family.entire-source-closure	REVIEW_REQUIRED
synexia-mindex/viewer-eclipse/bundle/src/main/java/com/synexia/mindex/viewer/eclipse/MIndexAwesomeSwingCatalogBridge.java	febb46fb42c5d7b58536108fdbad7192d0194c1b	java	true	family.entire-source-closure	REVIEW_REQUIRED
synexia-mindex/viewer-eclipse/bundle/src/main/java/com/synexia/mindex/viewer/eclipse/MIndexAwesomeSwingNativeCompiler.java	b45f961efb5acef4e04f36ebbcb521282a61a4d9	java	true	family.entire-source-closure	REVIEW_REQUIRED
synexia-mindex/viewer-eclipse/bundle/src/main/java/com/synexia/mindex/viewer/eclipse/MIndexAwesomeSwingNativeFramework.java	c8ba1b8a5c1ae90db557a21187af09ea1c7ff2ed	java	true	family.entire-source-closure	REVIEW_REQUIRED
synexia-mindex/viewer-eclipse/bundle/src/main/java/com/synexia/mindex/viewer/eclipse/MIndexAwesomeSwingNativePlan.java	b484b8ac579ba02761b1b80533ed3d7ea0a82470	java	true	family.entire-source-closure	REVIEW_REQUIRED
synexia-mindex/viewer-eclipse/bundle/src/main/java/com/synexia/mindex/viewer/eclipse/MIndexAwesomeSwingNativePlans.java	72dad8e65fdbd7d4239a8e6fef599956532943cd	java	true	family.entire-source-closure	REVIEW_REQUIRED
synexia-mindex/viewer-eclipse/bundle/src/main/java/com/synexia/mindex/viewer/eclipse/MIndexAwesomeSwingNativeRecipe.java	37154a9bee559b58ba243e11019feb3fabc11a32	java	true	family.entire-source-closure	REVIEW_REQUIRED
synexia-mindex/viewer-eclipse/bundle/src/main/java/com/synexia/mindex/viewer/eclipse/MIndexAwesomeSwingNativeRecipeIndex.java	e636eb2fb8cf4a7cc148a6acba25edaaf79780c4	java	true	family.entire-source-closure	REVIEW_REQUIRED
synexia-mindex/viewer-eclipse/bundle/src/main/java/com/synexia/mindex/viewer/eclipse/MIndexAwesomeSwingNativeRecipes.java	7464efd2ce0b5650ef1400c4c519328d1a269c7d	java	true	family.entire-source-closure	REVIEW_REQUIRED
synexia-mindex/viewer-eclipse/bundle/src/main/java/com/synexia/mindex/viewer/eclipse/MIndexAwesomeSwingNativeRoute.java	e7427906f7315847e1ac45c9ff507c5abe343332	java	true	family.entire-source-closure	REVIEW_REQUIRED
synexia-mindex/viewer-eclipse/bundle/src/main/java/com/synexia/mindex/viewer/eclipse/MIndexAwesomeSwingNativeRoutes.java	4e1d3c7198f2da4f20c715b72e3ceb004232fa3a	java	true	family.entire-source-closure	REVIEW_REQUIRED
synexia-mindex/viewer-eclipse/bundle/src/main/java/com/synexia/mindex/viewer/eclipse/MIndexAwesomeSwingNebulaExecution.java	b459bc8c319c091ecea1b4c45efa11ab9a33c568	java	true	family.entire-source-closure	REVIEW_REQUIRED
synexia-mindex/viewer-eclipse/bundle/src/main/java/com/synexia/mindex/viewer/eclipse/MIndexAwesomeSwingNebulaExecutionIndex.java	3b4f6d9c378826a5194eedc271b1b6d352a29778	java	true	family.entire-source-closure	REVIEW_REQUIRED
synexia-mindex/viewer-eclipse/bundle/src/main/java/com/synexia/mindex/viewer/eclipse/MIndexAwesomeSwingNebulaExecutionPlan.java	1f70a7d591b663328868f10877a50e0c96d37e56	java	true	family.entire-source-closure	REVIEW_REQUIRED
synexia-mindex/viewer-eclipse/bundle/src/main/java/com/synexia/mindex/viewer/eclipse/MIndexAwesomeSwingNebulaExecutionPlans.java	071a13ccd53bdc77fa94e2c6a0107b8921bbb96e	java	true	family.entire-source-closure	REVIEW_REQUIRED
synexia-mindex/viewer-eclipse/bundle/src/main/java/com/synexia/mindex/viewer/eclipse/MIndexAwesomeSwingNebulaExecutor.java	574a3b2f605c481440fad8ebbe0244aa5753c9cb	java	true	family.entire-source-closure	REVIEW_REQUIRED
synexia-mindex/viewer-eclipse/bundle/src/main/java/com/synexia/mindex/viewer/eclipse/MIndexAwesomeSwingNebulaFamilyPlan.java	b8c15943e1db03a8000d4faa26435c15471d22a6	java	true	family.entire-source-closure	REVIEW_REQUIRED
synexia-mindex/viewer-eclipse/bundle/src/main/java/com/synexia/mindex/viewer/eclipse/MIndexAwesomeSwingNebulaFamilyPlans.java	c965ca64953eadaec741358ef30f07234dc469cc	java	true	family.entire-source-closure	REVIEW_REQUIRED
synexia-mindex/viewer-eclipse/bundle/src/main/java/com/synexia/mindex/viewer/eclipse/MIndexAwesomeSwingViewportPlan.java	7af01490d9e10b98b093916d3596c3a302486e91	java	true	family.entire-source-closure	REVIEW_REQUIRED
synexia-mindex/viewer-eclipse/bundle/src/main/java/com/synexia/mindex/viewer/eclipse/MIndexAwesomeSwingViewportPlans.java	94569d24052a3686639d1f4023ea13357290c3c0	java	true	family.entire-source-closure	REVIEW_REQUIRED
synexia-mindex/viewer-eclipse/bundle/src/main/java/com/synexia/mindex/viewer/eclipse/MIndexBadgedLabelSurface.java	e8fcf3a09989a41775b5adb9506384e26955db55	java	true	family.entire-source-closure	REVIEW_REQUIRED
synexia-mindex/viewer-eclipse/bundle/src/main/java/com/synexia/mindex/viewer/eclipse/MIndexBreadcrumbPort.java	5c0f04934710316c346d92642530ead17da1ce94	java	true	family.entire-source-closure	REVIEW_REQUIRED
synexia-mindex/viewer-eclipse/bundle/src/main/java/com/synexia/mindex/viewer/eclipse/MIndexBrowserSurface.java	a5cfebd1f55270d040d2b36af9bf451ee2129a5e	java	true	family.entire-source-closure	REVIEW_REQUIRED
synexia-mindex/viewer-eclipse/bundle/src/main/java/com/synexia/mindex/viewer/eclipse/MIndexByteLookup4D.java	e8f6868e33062f8f4119cd08a7286763d6e4bd2b	java	true	family.entire-source-closure	REVIEW_REQUIRED
synexia-mindex/viewer-eclipse/bundle/src/main/java/com/synexia/mindex/viewer/eclipse/MIndexCalculatorComboSurface.java	718b13454e262761276a7bddd3181d27c8651141	java	true	family.entire-source-closure	REVIEW_REQUIRED
synexia-mindex/viewer-eclipse/bundle/src/main/java/com/synexia/mindex/viewer/eclipse/MIndexContentProvider.java	cf66144eccda1ea8ffd6ba80f1d75f44b803ec0d	java	true	family.entire-source-closure	REVIEW_REQUIRED
synexia-mindex/viewer-eclipse/bundle/src/main/java/com/synexia/mindex/viewer/eclipse/MIndexDateTimeSurface.java	6e72ca587eb820e21df1c1a5746d1d09f358b4c7	java	true	family.entire-source-closure	REVIEW_REQUIRED
synexia-mindex/viewer-eclipse/bundle/src/main/java/com/synexia/mindex/viewer/eclipse/MIndexDeferredNativeSurface.java	9142d336d6dd53fd2ddc337106b255656d78f680	java	true	family.entire-source-closure	REVIEW_REQUIRED
synexia-mindex/viewer-eclipse/bundle/src/main/java/com/synexia/mindex/viewer/eclipse/MIndexDraw2dAffineScope.java	0415d3c6d494affcf87e1fff1d61129661016e93	java	true	family.entire-source-closure	REVIEW_REQUIRED
synexia-mindex/viewer-eclipse/bundle/src/main/java/com/synexia/mindex/viewer/eclipse/MIndexDraw2dSurface.java	77bd2dc28b378836336fb5a2ab51a34d207c0ce5	java	true	family.entire-source-closure	REVIEW_REQUIRED
synexia-mindex/viewer-eclipse/bundle/src/main/java/com/synexia/mindex/viewer/eclipse/MIndexEclipseIdeSchema.java	5934f7851d0a31c0258de6b357ddae1ff875517d	java	true	family.entire-source-closure	REVIEW_REQUIRED
synexia-mindex/viewer-eclipse/bundle/src/main/java/com/synexia/mindex/viewer/eclipse/MIndexEclipseIdeSnapshot.java	9947281f3022ed5ba6c3e4bfc9fd28235e3fc163	java	true	family.entire-source-closure	REVIEW_REQUIRED
synexia-mindex/viewer-eclipse/bundle/src/main/java/com/synexia/mindex/viewer/eclipse/MIndexEclipseResourceSource.java	63fa23177b59ea7c305e267fc05e69745ee317e8	java	true	family.entire-source-closure	REVIEW_REQUIRED
synexia-mindex/viewer-eclipse/bundle/src/main/java/com/synexia/mindex/viewer/eclipse/MIndexEclipseViewer.java	4a385dd737037f9b779e31e248c8c4c9c36f34b0	java	true	family.entire-source-closure	REVIEW_REQUIRED
synexia-mindex/viewer-eclipse/bundle/src/main/java/com/synexia/mindex/viewer/eclipse/MIndexEditingSupport.java	a7b72c9a2f88804eb2f4757e50ed8a26c7f18852	java	true	family.entire-source-closure	REVIEW_REQUIRED
synexia-mindex/viewer-eclipse/bundle/src/main/java/com/synexia/mindex/viewer/eclipse/MIndexGanttSurface.java	823ab151d73719bd6da7e332b178a302e576789a	java	true	family.entire-source-closure	REVIEW_REQUIRED
synexia-mindex/viewer-eclipse/bundle/src/main/java/com/synexia/mindex/viewer/eclipse/MIndexGefSurface.java	37bd3f7af280999a67287e14f0b8abffecaaea9b	java	true	family.entire-source-closure	REVIEW_REQUIRED
synexia-mindex/viewer-eclipse/bundle/src/main/java/com/synexia/mindex/viewer/eclipse/MIndexGeoMapSurface.java	88b677e0d08bdf2782099d1055010a31d5c2b0e5	java	true	family.entire-source-closure	REVIEW_REQUIRED
synexia-mindex/viewer-eclipse/bundle/src/main/java/com/synexia/mindex/viewer/eclipse/MIndexHorizontalSpinnerSurface.java	cf107915df61279c3f98382c3dc23c080a9e6729	java	true	family.entire-source-closure	REVIEW_REQUIRED
synexia-mindex/viewer-eclipse/bundle/src/main/java/com/synexia/mindex/viewer/eclipse/MIndexHyperlinkPort.java	1e360d16abb7389a80e5414c34c88d93c361e457	java	true	family.entire-source-closure	REVIEW_REQUIRED
synexia-mindex/viewer-eclipse/bundle/src/main/java/com/synexia/mindex/viewer/eclipse/MIndexIdeRoleMatrix.java	04f9cd0186b8d1f35a3781151524135e0d61f3b2	java	true	family.entire-source-closure	REVIEW_REQUIRED
synexia-mindex/viewer-eclipse/bundle/src/main/java/com/synexia/mindex/viewer/eclipse/MIndexInstalledNebulaControlKind.java	45bb7e85a892b8ce8453e9f277ec90d823692652	java	true	family.entire-source-closure	REVIEW_REQUIRED
synexia-mindex/viewer-eclipse/bundle/src/main/java/com/synexia/mindex/viewer/eclipse/MIndexInstalledNebulaControls.java	7891d52dffc68cd2bb623234b0cc4107d885eb9b	java	true	family.entire-source-closure	REVIEW_REQUIRED
synexia-mindex/viewer-eclipse/bundle/src/main/java/com/synexia/mindex/viewer/eclipse/MIndexJFaceTextPort.java	13e7a16fe2ee1682fc1729a64aa28fbedfdb169d	java	true	family.entire-source-closure	REVIEW_REQUIRED
synexia-mindex/viewer-eclipse/bundle/src/main/java/com/synexia/mindex/viewer/eclipse/MIndexJFaceViewers.java	c6266a025944a197af7629798fec6b02b87fa006	java	true	family.entire-source-closure	REVIEW_REQUIRED
synexia-mindex/viewer-eclipse/bundle/src/main/java/com/synexia/mindex/viewer/eclipse/MIndexJava2dPaintable.java	eb8e3e14fcc99fad9571ab18fefd929ff27f13df	java	true	family.entire-source-closure	REVIEW_REQUIRED
synexia-mindex/viewer-eclipse/bundle/src/main/java/com/synexia/mindex/viewer/eclipse/MIndexJava2dPaintablePort.java	e7bdeae720ebc0ba4ee45fe7066285da98823730	java	true	family.entire-source-closure	REVIEW_REQUIRED
synexia-mindex/viewer-eclipse/bundle/src/main/java/com/synexia/mindex/viewer/eclipse/MIndexJava2dPainter.java	a92aa0a9c4db2f48528cf3da25ae9eae3b54cd6f	java	true	family.entire-source-closure	REVIEW_REQUIRED
synexia-mindex/viewer-eclipse/bundle/src/main/java/com/synexia/mindex/viewer/eclipse/MIndexJava2dSwtSurface.java	e2d85314595f1397465b9f9f866f9c596e875bbb	java	true	family.entire-source-closure	REVIEW_REQUIRED
synexia-mindex/viewer-eclipse/bundle/src/main/java/com/synexia/mindex/viewer/eclipse/MIndexJava2dViewportPainter.java	06e0222cdf853dfd60eac11e9b806fb9cdbaa8df	java	true	family.entire-source-closure	REVIEW_REQUIRED
synexia-mindex/viewer-eclipse/bundle/src/main/java/com/synexia/mindex/viewer/eclipse/MIndexJdtAstCache.java	a19c8801112b0d692d2c57a733399cb3bff0b9c5	java	true	family.entire-source-closure	REVIEW_REQUIRED
synexia-mindex/viewer-eclipse/bundle/src/main/java/com/synexia/mindex/viewer/eclipse/MIndexJdtAstSource.java	be997bd8b64ec0aee616153854ede150394ef78f	java	true	family.entire-source-closure	REVIEW_REQUIRED
synexia-mindex/viewer-eclipse/bundle/src/main/java/com/synexia/mindex/viewer/eclipse/MIndexJsonBrowser.java	490a8e25d3a79709a71aaab4930cf0d047d2b8a8	java	true	family.entire-source-closure	REVIEW_REQUIRED
synexia-mindex/viewer-eclipse/bundle/src/main/java/com/synexia/mindex/viewer/eclipse/MIndexJsonEditor.java	01ac46fa01471af1a82221602e040d6713bc455d	java	true	family.entire-source-closure	REVIEW_REQUIRED
synexia-mindex/viewer-eclipse/bundle/src/main/java/com/synexia/mindex/viewer/eclipse/MIndexJsonFiles.java	f626fd11fd292864de63607145f07aa68e9644d4	java	true	family.entire-source-closure	REVIEW_REQUIRED
synexia-mindex/viewer-eclipse/bundle/src/main/java/com/synexia/mindex/viewer/eclipse/MIndexJsonIcons.java	a11014c97b7763dbbc088ab3f328e8a4824bd2b8	java	true	family.entire-source-closure	REVIEW_REQUIRED
synexia-mindex/viewer-eclipse/bundle/src/main/java/com/synexia/mindex/viewer/eclipse/MIndexJsonWorkbenchView.java	a3c71ce024f61c37528033b0b8d51e2cc6c824b5	java	true	family.entire-source-closure	REVIEW_REQUIRED
synexia-mindex/viewer-eclipse/bundle/src/main/java/com/synexia/mindex/viewer/eclipse/MIndexLabelProvider.java	52f7a94a3b5553ade134d23f14c104451c25aed2	java	true	family.entire-source-closure	REVIEW_REQUIRED
synexia-mindex/viewer-eclipse/bundle/src/main/java/com/synexia/mindex/viewer/eclipse/MIndexLazyTableProvider.java	6d8d434cfa79772cc1725388eb88669b658ced60	java	true	family.entire-source-closure	REVIEW_REQUIRED
synexia-mindex/viewer-eclipse/bundle/src/main/java/com/synexia/mindex/viewer/eclipse/MIndexLazyTreeProvider.java	c1076982483c5302162667ba1f19aa8459dbaf22	java	true	family.entire-source-closure	REVIEW_REQUIRED
synexia-mindex/viewer-eclipse/bundle/src/main/java/com/synexia/mindex/viewer/eclipse/MIndexNativeBinding.java	fd5c044bf61239cfab02369304c9e3ecc096b54b	java	true	family.entire-source-closure	REVIEW_REQUIRED
synexia-mindex/viewer-eclipse/bundle/src/main/java/com/synexia/mindex/viewer/eclipse/MIndexNativeCellBinding.java	83d4eb4d3f4b1756ae51fd6a9771c6076214f931	java	true	family.entire-source-closure	REVIEW_REQUIRED
synexia-mindex/viewer-eclipse/bundle/src/main/java/com/synexia/mindex/viewer/eclipse/MIndexNativeCellCache.java	ea688e5b386af45033c752e27dd3f36181e0de7a	java	true	family.entire-source-closure	REVIEW_REQUIRED
synexia-mindex/viewer-eclipse/bundle/src/main/java/com/synexia/mindex/viewer/eclipse/MIndexNativeContextKeys.java	d5c09733c978570ad77898b8ec63b3240cba75f6	java	true	family.entire-source-closure	REVIEW_REQUIRED
synexia-mindex/viewer-eclipse/bundle/src/main/java/com/synexia/mindex/viewer/eclipse/MIndexNativeDeltaApplier.java	14ea6918252864d963ea0c00bf0b74dde49835e8	java	true	family.entire-source-closure	REVIEW_REQUIRED
synexia-mindex/viewer-eclipse/bundle/src/main/java/com/synexia/mindex/viewer/eclipse/MIndexNativeItemCounter.java	f245facb98c6d2f3c9e36f5aafee9c8a9086562a	java	true	family.entire-source-closure	REVIEW_REQUIRED
synexia-mindex/viewer-eclipse/bundle/src/main/java/com/synexia/mindex/viewer/eclipse/MIndexNativeMaterializationListener.java	a8d14b19587c51a83024f30162691755de35632a	java	true	family.entire-source-closure	REVIEW_REQUIRED
synexia-mindex/viewer-eclipse/bundle/src/main/java/com/synexia/mindex/viewer/eclipse/MIndexNativePressureBinding.java	6e61fef74cc3a8c35348be1f49ca155b83c36ecd	java	true	family.entire-source-closure	REVIEW_REQUIRED
synexia-mindex/viewer-eclipse/bundle/src/main/java/com/synexia/mindex/viewer/eclipse/MIndexNativeRedraw.java	d5b12dd96b276d8b1f28e9698019377451fcbe8a	java	true	family.entire-source-closure	REVIEW_REQUIRED
synexia-mindex/viewer-eclipse/bundle/src/main/java/com/synexia/mindex/viewer/eclipse/MIndexNativeRetention.java	96647e0772b3ff0c999f638d96146295ec1c1054	java	true	family.entire-source-closure	REVIEW_REQUIRED
synexia-mindex/viewer-eclipse/bundle/src/main/java/com/synexia/mindex/viewer/eclipse/MIndexNativeSceneWindow.java	b7aa5b255b505aaf615c2ac267431d42d2ee3506	java	true	family.entire-source-closure	REVIEW_REQUIRED
synexia-mindex/viewer-eclipse/bundle/src/main/java/com/synexia/mindex/viewer/eclipse/MIndexNativeServiceHandle.java	77848b1694c9276f0c889bb986a74dd14dc9a34a	java	true	family.entire-source-closure	REVIEW_REQUIRED
synexia-mindex/viewer-eclipse/bundle/src/main/java/com/synexia/mindex/viewer/eclipse/MIndexNativeStateBridge.java	cc75415c029a5954daa564d44f7d919aa0120040	java	true	family.entire-source-closure	REVIEW_REQUIRED
synexia-mindex/viewer-eclipse/bundle/src/main/java/com/synexia/mindex/viewer/eclipse/MIndexNativeSurface.java	5386ed95011401714b8554711ec0d7b9fd4ddfdf	java	true	family.entire-source-closure	REVIEW_REQUIRED
synexia-mindex/viewer-eclipse/bundle/src/main/java/com/synexia/mindex/viewer/eclipse/MIndexNativeSurfaceCapabilities.java	b14b5dcedd62f063ccd7d75f8e961282af39824e	java	true	family.entire-source-closure	REVIEW_REQUIRED
synexia-mindex/viewer-eclipse/bundle/src/main/java/com/synexia/mindex/viewer/eclipse/MIndexNativeSurfaceKind.java	81a7d6303c3e64cc76ef5e446b63157d4324aeba	java	true	family.entire-source-closure	REVIEW_REQUIRED
synexia-mindex/viewer-eclipse/bundle/src/main/java/com/synexia/mindex/viewer/eclipse/MIndexNativeSurfaceVisibilityBinding.java	f203e7b2c4cb6687b8dcc3c23adee5ca008f00d5	java	true	family.entire-source-closure	REVIEW_REQUIRED
synexia-mindex/viewer-eclipse/bundle/src/main/java/com/synexia/mindex/viewer/eclipse/MIndexNativeTextExport.java	656092a8a67e61beb400fedd2d6215809720c9c2	java	true	family.entire-source-closure	REVIEW_REQUIRED
synexia-mindex/viewer-eclipse/bundle/src/main/java/com/synexia/mindex/viewer/eclipse/MIndexNativeToolkit.java	c59ac97e3f23f67a35f12c6ad76ece275243e2eb	java	true	family.entire-source-closure	REVIEW_REQUIRED
synexia-mindex/viewer-eclipse/bundle/src/main/java/com/synexia/mindex/viewer/eclipse/MIndexNativeViewerAdapter.java	5c873da82c8826e39d250e6cc02e83ebcbe7bf47	java	true	family.entire-source-closure	REVIEW_REQUIRED
synexia-mindex/viewer-eclipse/bundle/src/main/java/com/synexia/mindex/viewer/eclipse/MIndexNativeViewerAdapterRegistry.java	1946b49b1d55abe515e6d3d9aedf51ff409ead01	java	true	family.entire-source-closure	REVIEW_REQUIRED
synexia-mindex/viewer-eclipse/bundle/src/main/java/com/synexia/mindex/viewer/eclipse/MIndexNativeViewerFamily.java	cd5d6b08bd7d0bb73b6b3dc775d867913d4ee338	java	true	family.entire-source-closure	REVIEW_REQUIRED
synexia-mindex/viewer-eclipse/bundle/src/main/java/com/synexia/mindex/viewer/eclipse/MIndexNativeViewerMatrix.java	a5300b436d0c4848a1b271392564015993abcf4c	java	true	family.entire-source-closure	REVIEW_REQUIRED
synexia-mindex/viewer-eclipse/bundle/src/main/java/com/synexia/mindex/viewer/eclipse/MIndexNativeViewerSpec.java	34d7fb21eda999c2664ff363bb1d4867a224e132	java	true	family.entire-source-closure	REVIEW_REQUIRED
synexia-mindex/viewer-eclipse/bundle/src/main/java/com/synexia/mindex/viewer/eclipse/MIndexNativeViewerState.java	27dbcf73220bfb7af5f0e4525f8547c101424bc5	java	true	family.entire-source-closure	REVIEW_REQUIRED
synexia-mindex/viewer-eclipse/bundle/src/main/java/com/synexia/mindex/viewer/eclipse/MIndexNebulaAffineOverlay.java	af405afb527e042bd16befb637c85c48b29e7a1e	java	true	family.entire-source-closure	REVIEW_REQUIRED
synexia-mindex/viewer-eclipse/bundle/src/main/java/com/synexia/mindex/viewer/eclipse/MIndexNebulaComponentRecipe.java	33f52313ae9ce4b18939840851c5711a7b67b36e	java	true	family.entire-source-closure	REVIEW_REQUIRED
synexia-mindex/viewer-eclipse/bundle/src/main/java/com/synexia/mindex/viewer/eclipse/MIndexNebulaComponentRecipes.java	4e7493533b188d31ce052e2a441225e0ddb7a25f	java	true	family.entire-source-closure	REVIEW_REQUIRED
synexia-mindex/viewer-eclipse/bundle/src/main/java/com/synexia/mindex/viewer/eclipse/MIndexNebulaFamily.java	a8fa56d0123c0c484a3426934c8124e41df8fdb0	java	true	family.entire-source-closure	REVIEW_REQUIRED
synexia-mindex/viewer-eclipse/bundle/src/main/java/com/synexia/mindex/viewer/eclipse/MIndexNebulaPages.java	8607d2e0c39725191406c8853d9792586175fbc3	java	true	family.entire-source-closure	REVIEW_REQUIRED
synexia-mindex/viewer-eclipse/bundle/src/main/java/com/synexia/mindex/viewer/eclipse/MIndexNebulaPaintSurface.java	95f9f4b2f3904e64edfc5a44a743f05de69061ea	java	true	family.entire-source-closure	REVIEW_REQUIRED
synexia-mindex/viewer-eclipse/bundle/src/main/java/com/synexia/mindex/viewer/eclipse/MIndexNebulaRuntimeEstate.java	2bb83808198093b7b8eb3b00ca3047a0353c1aee	java	true	family.entire-source-closure	REVIEW_REQUIRED
synexia-mindex/viewer-eclipse/bundle/src/main/java/com/synexia/mindex/viewer/eclipse/MIndexNebulaScenePort.java	55916fb33dff584a220bbd0f0e8f58f67eb2d395	java	true	family.entire-source-closure	REVIEW_REQUIRED
synexia-mindex/viewer-eclipse/bundle/src/main/java/com/synexia/mindex/viewer/eclipse/MIndexNebulaSliderSurface.java	7729d607ec11fd563a4d686f4bf8d253a5462f3c	java	true	family.entire-source-closure	REVIEW_REQUIRED
synexia-mindex/viewer-eclipse/bundle/src/main/java/com/synexia/mindex/viewer/eclipse/MIndexNebulaSwingPaintPort.java	66b52a1ed3499e36df6a3b9ca17aea449dc8cc47	java	true	family.entire-source-closure	REVIEW_REQUIRED
synexia-mindex/viewer-eclipse/bundle/src/main/java/com/synexia/mindex/viewer/eclipse/MIndexNebulaViewers.java	193f61cfc230ba5d9782e3da1ead1a50fd4e1370	java	true	family.entire-source-closure	REVIEW_REQUIRED
synexia-mindex/viewer-eclipse/bundle/src/main/java/com/synexia/mindex/viewer/eclipse/MIndexNestedAffineTree.java	e7fba7dc9b87f0692cf5013d1d985ce6ee6ad05c	java	true	family.entire-source-closure	REVIEW_REQUIRED
synexia-mindex/viewer-eclipse/bundle/src/main/java/com/synexia/mindex/viewer/eclipse/MIndexNestedGcProxy.java	0ccfbdf28e591b4c9284d57d6d7abf23399e9e05	java	true	family.entire-source-closure	REVIEW_REQUIRED
synexia-mindex/viewer-eclipse/bundle/src/main/java/com/synexia/mindex/viewer/eclipse/MIndexOpalCalculatorSurface.java	762261e8392a58edd29dba05d1fe25b63bd8929f	java	true	family.entire-source-closure	REVIEW_REQUIRED
synexia-mindex/viewer-eclipse/bundle/src/main/java/com/synexia/mindex/viewer/eclipse/MIndexOpenGlFrameSequence.java	c70c52e1c01da612a6afc042d7643193d0dccdb3	java	true	family.entire-source-closure	REVIEW_REQUIRED
synexia-mindex/viewer-eclipse/bundle/src/main/java/com/synexia/mindex/viewer/eclipse/MIndexOpenGlPresentationPort.java	aea4e1f0fd4e744bb7b847a27ebf5666fff883aa	java	true	family.entire-source-closure	REVIEW_REQUIRED
synexia-mindex/viewer-eclipse/bundle/src/main/java/com/synexia/mindex/viewer/eclipse/MIndexOpenGlPresenter.java	026687c551c750fef2ef662016b866f86f961681	java	true	family.entire-source-closure	REVIEW_REQUIRED
synexia-mindex/viewer-eclipse/bundle/src/main/java/com/synexia/mindex/viewer/eclipse/MIndexOpenJsonHandler.java	c729999c052d52856077620d87acfe8b64094bf9	java	true	family.entire-source-closure	REVIEW_REQUIRED
synexia-mindex/viewer-eclipse/bundle/src/main/java/com/synexia/mindex/viewer/eclipse/MIndexPGroupSurface.java	25b8541672191dc338beb96853fa20b84c8015f6	java	true	family.entire-source-closure	REVIEW_REQUIRED
synexia-mindex/viewer-eclipse/bundle/src/main/java/com/synexia/mindex/viewer/eclipse/MIndexPageTreeContentProvider.java	7c8663ae9f9f85176e3f2a2f2e3cc69b6cd9795a	java	true	family.entire-source-closure	REVIEW_REQUIRED
synexia-mindex/viewer-eclipse/bundle/src/main/java/com/synexia/mindex/viewer/eclipse/MIndexPageableTablePort.java	25e3f60e6d7d54d371906fdf755da191a46816ec	java	true	family.entire-source-closure	REVIEW_REQUIRED
synexia-mindex/viewer-eclipse/bundle/src/main/java/com/synexia/mindex/viewer/eclipse/MIndexPageableTreePort.java	512d6ae9d8339dbfc025aec7cc983ca3b5f5f17d	java	true	family.entire-source-closure	REVIEW_REQUIRED
synexia-mindex/viewer-eclipse/bundle/src/main/java/com/synexia/mindex/viewer/eclipse/MIndexPictureSurface.java	2d359b89058a7064b4754c2a2d0e12faf6c4a415	java	true	family.entire-source-closure	REVIEW_REQUIRED
synexia-mindex/viewer-eclipse/bundle/src/main/java/com/synexia/mindex/viewer/eclipse/MIndexPreferredNebulaSwingTranslator.java	6c968bee44701f2d0e1fbe3c14d4b7a7699a8bff	java	true	family.entire-source-closure	REVIEW_REQUIRED
synexia-mindex/viewer-eclipse/bundle/src/main/java/com/synexia/mindex/viewer/eclipse/MIndexPreferredNebulaTranslation.java	2a5ef716c1ce03facbeb074b83b41874b1a7293a	java	true	family.entire-source-closure	REVIEW_REQUIRED
synexia-mindex/viewer-eclipse/bundle/src/main/java/com/synexia/mindex/viewer/eclipse/MIndexProgressCircleSurface.java	5a22c2ade35096555c756b27dcaedab35ee03816	java	true	family.entire-source-closure	REVIEW_REQUIRED
synexia-mindex/viewer-eclipse/bundle/src/main/java/com/synexia/mindex/viewer/eclipse/MIndexProgressPort.java	22390f6036c9a64ce41c9d14b04f288bfa2cd42e	java	true	family.entire-source-closure	REVIEW_REQUIRED
synexia-mindex/viewer-eclipse/bundle/src/main/java/com/synexia/mindex/viewer/eclipse/MIndexProjectionContentProvider.java	2cb087a812b9c20f100ce564056ec3243c88fd9e	java	true	family.entire-source-closure	REVIEW_REQUIRED
synexia-mindex/viewer-eclipse/bundle/src/main/java/com/synexia/mindex/viewer/eclipse/MIndexProjectionLazyTableProvider.java	969750be9cd542476f8a4263cfb2efb9b8f66abb	java	true	family.entire-source-closure	REVIEW_REQUIRED
synexia-mindex/viewer-eclipse/bundle/src/main/java/com/synexia/mindex/viewer/eclipse/MIndexProjectionLazyTreeProvider.java	b32eefda3789d11064b0c2fe4c5e7265bcfbbdb6	java	true	family.entire-source-closure	REVIEW_REQUIRED
synexia-mindex/viewer-eclipse/bundle/src/main/java/com/synexia/mindex/viewer/eclipse/MIndexPromptTextPort.java	2e25e8ba71fae5dc16814ae2425527f7517d3902	java	true	family.entire-source-closure	REVIEW_REQUIRED
synexia-mindex/viewer-eclipse/bundle/src/main/java/com/synexia/mindex/viewer/eclipse/MIndexResourceUiInvalidation.java	27b8a0c4f08c4ca63e404d6f1efb679225ad76a2	java	true	family.entire-source-closure	REVIEW_REQUIRED
synexia-mindex/viewer-eclipse/bundle/src/main/java/com/synexia/mindex/viewer/eclipse/MIndexRichTextEditorSurface.java	e55683f5d82a8b7290c0e0676b3b746e6a51a89f	java	true	family.entire-source-closure	REVIEW_REQUIRED
synexia-mindex/viewer-eclipse/bundle/src/main/java/com/synexia/mindex/viewer/eclipse/MIndexRichTextViewerSurface.java	290a92f91a6d9051ed82f07c94c2422fd0dc7e1f	java	true	family.entire-source-closure	REVIEW_REQUIRED
synexia-mindex/viewer-eclipse/bundle/src/main/java/com/synexia/mindex/viewer/eclipse/MIndexRoundedCheckboxSurface.java	1c48728e3cb7eeedc160e870e193ce2f7d60287d	java	true	family.entire-source-closure	REVIEW_REQUIRED
synexia-mindex/viewer-eclipse/bundle/src/main/java/com/synexia/mindex/viewer/eclipse/MIndexRoundedSwitchSurface.java	79587c54d47a152f6431038d2e6967ceac1f3081	java	true	family.entire-source-closure	REVIEW_REQUIRED
synexia-mindex/viewer-eclipse/bundle/src/main/java/com/synexia/mindex/viewer/eclipse/MIndexSessionContentProvider.java	5ae46b1122d472d5659661a6033b7e37c53283b2	java	true	family.entire-source-closure	REVIEW_REQUIRED
synexia-mindex/viewer-eclipse/bundle/src/main/java/com/synexia/mindex/viewer/eclipse/MIndexSessionLazyTableProvider.java	4eb801d34863a5f82a146cbbc469a7a049654ce2	java	true	family.entire-source-closure	REVIEW_REQUIRED
synexia-mindex/viewer-eclipse/bundle/src/main/java/com/synexia/mindex/viewer/eclipse/MIndexSessionLazyTreeProvider.java	149f3b5e22fc3fe5e2a6ec028754ef81b72dac6d	java	true	family.entire-source-closure	REVIEW_REQUIRED
synexia-mindex/viewer-eclipse/bundle/src/main/java/com/synexia/mindex/viewer/eclipse/MIndexSessionViewers.java	6f099f95a6c5a7a104afd9ae9300846b6ec7f15f	java	true	family.entire-source-closure	REVIEW_REQUIRED
synexia-mindex/viewer-eclipse/bundle/src/main/java/com/synexia/mindex/viewer/eclipse/MIndexSpeedSearchPort.java	7a336e79afaf61dd0e2024a54dd71a1a8eb26934	java	true	family.entire-source-closure	REVIEW_REQUIRED
synexia-mindex/viewer-eclipse/bundle/src/main/java/com/synexia/mindex/viewer/eclipse/MIndexSplitButtonSurface.java	7c9a8883e97fde0195318a42aa29f4c362d6d6aa	java	true	family.entire-source-closure	REVIEW_REQUIRED
synexia-mindex/viewer-eclipse/bundle/src/main/java/com/synexia/mindex/viewer/eclipse/MIndexStatusPort.java	8adc41460978ffe5049f91ecbf3d0aa072d0b7ed	java	true	family.entire-source-closure	REVIEW_REQUIRED
synexia-mindex/viewer-eclipse/bundle/src/main/java/com/synexia/mindex/viewer/eclipse/MIndexStyledTextContent.java	9b3d64d4bedf791873160844881fdaf6bbf8e448	java	true	family.entire-source-closure	REVIEW_REQUIRED
synexia-mindex/viewer-eclipse/bundle/src/main/java/com/synexia/mindex/viewer/eclipse/MIndexStyledTextPort.java	123d4dffda41aa08efcefcfcab5f3b14c075dd5c	java	true	family.entire-source-closure	REVIEW_REQUIRED
synexia-mindex/viewer-eclipse/bundle/src/main/java/com/synexia/mindex/viewer/eclipse/MIndexSwingCwtPort.java	aa9fedcf4e9864efa3628f65f9e6a9c1ace5826f	java	true	family.entire-source-closure	REVIEW_REQUIRED
synexia-mindex/viewer-eclipse/bundle/src/main/java/com/synexia/mindex/viewer/eclipse/MIndexSwingGcDisplayList.java	a452ee133540328f9784ce2b511475da3c675575	java	true	family.entire-source-closure	REVIEW_REQUIRED
synexia-mindex/viewer-eclipse/bundle/src/main/java/com/synexia/mindex/viewer/eclipse/MIndexSwingGcGraphics2D.java	f5c5dc9339aea11833ec237efc75a2f7da9d1b52	java	true	family.entire-source-closure	REVIEW_REQUIRED
synexia-mindex/viewer-eclipse/bundle/src/main/java/com/synexia/mindex/viewer/eclipse/MIndexSwingGcRecipeCompiler.java	e034f6e35b048d9a1eb95f202ebc6ead8bd0ed2e	java	true	family.entire-source-closure	REVIEW_REQUIRED
synexia-mindex/viewer-eclipse/bundle/src/main/java/com/synexia/mindex/viewer/eclipse/MIndexSwingGcRecipeNative.java	7c5f1e35644f7ddf09ef7a955276da45cf7370e5	java	true	family.entire-source-closure	REVIEW_REQUIRED
synexia-mindex/viewer-eclipse/bundle/src/main/java/com/synexia/mindex/viewer/eclipse/MIndexSwingGcRecipeTable.java	9d16bb11ca930a9dc7e2c66eb23b161a39651a62	java	true	family.entire-source-closure	REVIEW_REQUIRED
synexia-mindex/viewer-eclipse/bundle/src/main/java/com/synexia/mindex/viewer/eclipse/MIndexSwingGcReplayer.java	aa32f7260535a59acca067c5d04c30ce634cfc05	java	true	family.entire-source-closure	REVIEW_REQUIRED
synexia-mindex/viewer-eclipse/bundle/src/main/java/com/synexia/mindex/viewer/eclipse/MIndexSwingGcResourceCache.java	f8b3ad38f7fbaf9db44370c19536c0062d4b2343	java	true	family.entire-source-closure	REVIEW_REQUIRED
synexia-mindex/viewer-eclipse/bundle/src/main/java/com/synexia/mindex/viewer/eclipse/MIndexSwingNativeBinding.java	81b15e5634718ffed7d71157da26401d28a10058	java	true	family.entire-source-closure	REVIEW_REQUIRED
synexia-mindex/viewer-eclipse/bundle/src/main/java/com/synexia/mindex/viewer/eclipse/MIndexSwingNebulaTranslator.java	f7a88e06dbe3441c7b542d92be868e27b331e446	java	true	family.entire-source-closure	REVIEW_REQUIRED
synexia-mindex/viewer-eclipse/bundle/src/main/java/com/synexia/mindex/viewer/eclipse/MIndexSwingRasterPort.java	55d8eb9461a18fb0e853dac17d5d20720bb00073	java	true	family.entire-source-closure	REVIEW_REQUIRED
synexia-mindex/viewer-eclipse/bundle/src/main/java/com/synexia/mindex/viewer/eclipse/MIndexSwingWidgetTranslator.java	8ab9d8f5b0e53835907972225ac6bb75f04e88bd	java	true	family.entire-source-closure	REVIEW_REQUIRED
synexia-mindex/viewer-eclipse/bundle/src/main/java/com/synexia/mindex/viewer/eclipse/MIndexSwtColumnPackSupport.java	1aaf127ab4e50d3f38a6f8ebaddace6d1b308ab0	java	true	family.entire-source-closure	REVIEW_REQUIRED
synexia-mindex/viewer-eclipse/bundle/src/main/java/com/synexia/mindex/viewer/eclipse/MIndexSwtGcStateScope.java	a514e4fed82c493f1abd99ef5c1e8d736d0701c4	java	true	family.entire-source-closure	REVIEW_REQUIRED
synexia-mindex/viewer-eclipse/bundle/src/main/java/com/synexia/mindex/viewer/eclipse/MIndexSwtGraphics2dBridge.java	470129fa0f82373316a26d78b87cfa28c6f38d32	java	true	family.entire-source-closure	REVIEW_REQUIRED
synexia-mindex/viewer-eclipse/bundle/src/main/java/com/synexia/mindex/viewer/eclipse/MIndexSwtResourceCache.java	def3f204375eee4961da682760c98666fb89381d	java	true	family.entire-source-closure	REVIEW_REQUIRED
synexia-mindex/viewer-eclipse/bundle/src/main/java/com/synexia/mindex/viewer/eclipse/MIndexTextCellEditingSupport.java	76c6fbadb5fd5554df7c01991b4f671a2b5a8a7b	java	true	family.entire-source-closure	REVIEW_REQUIRED
synexia-mindex/viewer-eclipse/bundle/src/main/java/com/synexia/mindex/viewer/eclipse/MIndexToolbarSurface.java	cda482e06dc5c4a49675d8b9ee51bcadfa9bd746	java	true	family.entire-source-closure	REVIEW_REQUIRED
synexia-mindex/viewer-eclipse/bundle/src/main/java/com/synexia/mindex/viewer/eclipse/MIndexTreeMapperSurface.java	8bf601d831e6173126a643fad0fe39c448680eb4	java	true	family.entire-source-closure	REVIEW_REQUIRED
synexia-mindex/viewer-eclipse/bundle/src/main/java/com/synexia/mindex/viewer/eclipse/MIndexViewerBinding.java	b73f7044953d3d614f80d44135e1085f9b78362a	java	true	family.entire-source-closure	REVIEW_REQUIRED
synexia-mindex/viewer-eclipse/bundle/src/main/java/com/synexia/mindex/viewer/eclipse/MIndexViewerColumns.java	e8247d26a4648098d10b4a1469b801af33c7793c	java	true	family.entire-source-closure	REVIEW_REQUIRED
synexia-mindex/viewer-eclipse/bundle/src/main/java/com/synexia/mindex/viewer/eclipse/MIndexViewerFactory.java	d10ba426547d2563b0d1c61f44be2a9fbde831be	java	true	family.entire-source-closure	REVIEW_REQUIRED
synexia-mindex/viewer-eclipse/bundle/src/main/java/com/synexia/mindex/viewer/eclipse/MIndexViewerJobs.java	867b87d9d545a05226c5e3ca8695493bb4e8883d	java	true	family.entire-source-closure	REVIEW_REQUIRED
synexia-mindex/viewer-eclipse/bundle/src/main/java/com/synexia/mindex/viewer/eclipse/MIndexViewerProjection.java	2b49f8850d20730e5d4af6fac0180decd158fc0e	java	true	family.entire-source-closure	REVIEW_REQUIRED
synexia-mindex/viewer-eclipse/bundle/src/main/java/com/synexia/mindex/viewer/eclipse/MIndexWorkbenchContext.java	3f58074a15798c25bba13c1a235640a1e06d5ae2	java	true	family.entire-source-closure	REVIEW_REQUIRED
synexia-mindex/viewer-eclipse/bundle/src/main/java/com/synexia/mindex/viewer/eclipse/MIndexWorkbenchKeyState.java	e6cfdd71be5f425cce9f35c418d686498ed6920c	java	true	family.entire-source-closure	REVIEW_REQUIRED
synexia-mindex/viewer-eclipse/bundle/src/main/java/com/synexia/mindex/viewer/eclipse/MIndexWorkbenchLabelStrategy.java	f9aee4346e5ad8112c2bbfc306aba6514001be16	java	true	family.entire-source-closure	REVIEW_REQUIRED
synexia-mindex/viewer-eclipse/bundle/src/main/java/com/synexia/mindex/viewer/eclipse/MIndexWorkbenchPartVisibilityBinding.java	ba2a21e521c36c6f3df6b62a68cad53124a7c700	java	true	family.entire-source-closure	REVIEW_REQUIRED
synexia-mindex/viewer-eclipse/bundle/src/main/java/com/synexia/mindex/viewer/eclipse/MIndexWorkbenchPressureManager.java	227117db63ddad0d7c9d6075d5f578f0bfdf7d59	java	true	family.entire-source-closure	REVIEW_REQUIRED
synexia-mindex/viewer-eclipse/bundle/src/main/java/com/synexia/mindex/viewer/eclipse/MIndexWorkbenchRenderRegistry.java	935f4981c937b3661327cb3a9cee9a0da4831ed5	java	true	family.entire-source-closure	REVIEW_REQUIRED
synexia-mindex/viewer-eclipse/bundle/src/main/java/com/synexia/mindex/viewer/eclipse/MIndexWorkbenchView.java	31a785edc198b117c3df07b7d062e3c4a9b44a26	java	true	family.entire-source-closure	REVIEW_REQUIRED
synexia-mindex/viewer-eclipse/bundle/src/main/java/com/synexia/mindex/viewer/eclipse/MIndexWorkbenchVisibilityBinding.java	fe1641081d545d736d6d49458f6ca12f447adbcd	java	true	family.entire-source-closure	REVIEW_REQUIRED
synexia-mindex/viewer-eclipse/bundle/src/main/java/com/synexia/mindex/viewer/eclipse/MIndexXViewer.java	a88b82296882449cf13fb354735fbb9a505d74a0	java	true	family.entire-source-closure	REVIEW_REQUIRED
synexia-mindex/viewer-eclipse/bundle/src/main/java/com/synexia/mindex/viewer/eclipse/MIndexXViewerActivation.java	2aa9c3615739f2cc248dc4bd9055e826329ac6aa	java	true	family.entire-source-closure	REVIEW_REQUIRED
synexia-mindex/viewer-eclipse/bundle/src/main/java/com/synexia/mindex/viewer/eclipse/MIndexXViewerBadgePainter.java	18851d9d2881a6bc4594beb0f3f77de2f2a2ec89	java	true	family.entire-source-closure	REVIEW_REQUIRED
synexia-mindex/viewer-eclipse/bundle/src/main/java/com/synexia/mindex/viewer/eclipse/MIndexXViewerCopyFormat.java	6278d3662a2f253337b06d0b62d9081b86632dd0	java	true	family.entire-source-closure	REVIEW_REQUIRED
synexia-mindex/viewer-eclipse/bundle/src/main/java/com/synexia/mindex/viewer/eclipse/MIndexXViewerDonorSurface.java	46d5db76d87dca436a7be2dd330392a4affca233	java	true	family.entire-source-closure	REVIEW_REQUIRED
synexia-mindex/viewer-eclipse/bundle/src/main/java/com/synexia/mindex/viewer/eclipse/MIndexXViewerDragEvent.java	5dbe2b3a8399e323a3b8012dcfba5075a588b6c3	java	true	family.entire-source-closure	REVIEW_REQUIRED
synexia-mindex/viewer-eclipse/bundle/src/main/java/com/synexia/mindex/viewer/eclipse/MIndexXViewerDragHandler.java	accf1e99d2939a99f5e728828241352583bfafa6	java	true	family.entire-source-closure	REVIEW_REQUIRED
synexia-mindex/viewer-eclipse/bundle/src/main/java/com/synexia/mindex/viewer/eclipse/MIndexXViewerDropEvent.java	a05b75d800e402f2cd155a5c541b27c1a3c08467	java	true	family.entire-source-closure	REVIEW_REQUIRED
synexia-mindex/viewer-eclipse/bundle/src/main/java/com/synexia/mindex/viewer/eclipse/MIndexXViewerDropHandler.java	cb5e5500e53a151940bfa9dcfa4aff040b448bec	java	true	family.entire-source-closure	REVIEW_REQUIRED
synexia-mindex/viewer-eclipse/bundle/src/main/java/com/synexia/mindex/viewer/eclipse/MIndexXViewerEditState.java	2fa9da658868db978870c344419dc4f1d868c980	java	true	family.entire-source-closure	REVIEW_REQUIRED
synexia-mindex/viewer-eclipse/bundle/src/main/java/com/synexia/mindex/viewer/eclipse/MIndexXViewerFilterPort.java	8603a54d49cc5fe0bcd26aca349752b7663727e0	java	true	family.entire-source-closure	REVIEW_REQUIRED
synexia-mindex/viewer-eclipse/bundle/src/main/java/com/synexia/mindex/viewer/eclipse/MIndexXViewerFrame.java	9ee572b21949cf1385bcb574a33c901302356470	java	true	family.entire-source-closure	REVIEW_REQUIRED
synexia-mindex/viewer-eclipse/bundle/src/main/java/com/synexia/mindex/viewer/eclipse/MIndexXViewerFramePhase.java	21030d82a1e22949ff739f2b1c9f75123641e0d4	java	true	family.entire-source-closure	REVIEW_REQUIRED
synexia-mindex/viewer-eclipse/bundle/src/main/java/com/synexia/mindex/viewer/eclipse/MIndexXViewerInteractionState.java	a56bec65855daaf1fe9ed40fd0c7ea3dc0537641	java	true	family.entire-source-closure	REVIEW_REQUIRED
synexia-mindex/viewer-eclipse/bundle/src/main/java/com/synexia/mindex/viewer/eclipse/MIndexXViewerInteractions.java	0f286de1bd4d625e4d4af0650203a0370b594721	java	true	family.entire-source-closure	REVIEW_REQUIRED
synexia-mindex/viewer-eclipse/bundle/src/main/java/com/synexia/mindex/viewer/eclipse/MIndexXViewerItemArena.java	46652bc433e700145d87b8a0a407be5aefcef774	java	true	family.entire-source-closure	REVIEW_REQUIRED
synexia-mindex/viewer-eclipse/bundle/src/main/java/com/synexia/mindex/viewer/eclipse/MIndexXViewerLabels.java	bcf9b66fd07d16841ba63702ee5ee119f12ace01	java	true	family.entire-source-closure	REVIEW_REQUIRED
synexia-mindex/viewer-eclipse/bundle/src/main/java/com/synexia/mindex/viewer/eclipse/MIndexXViewerLocalState.java	d8e4eb0ed6e4261f1a9c3e2f4ed1ea0ff1735b7e	java	true	family.entire-source-closure	REVIEW_REQUIRED
synexia-mindex/viewer-eclipse/bundle/src/main/java/com/synexia/mindex/viewer/eclipse/MIndexXViewerMenuContributor.java	8dbde2155cc79bfd856c40278a3ea4609f4b299d	java	true	family.entire-source-closure	REVIEW_REQUIRED
synexia-mindex/viewer-eclipse/bundle/src/main/java/com/synexia/mindex/viewer/eclipse/MIndexXViewerOpenHandler.java	9d37c557d0333bc61256e728e1eb263665824dd9	java	true	family.entire-source-closure	REVIEW_REQUIRED
synexia-mindex/viewer-eclipse/bundle/src/main/java/com/synexia/mindex/viewer/eclipse/MIndexXViewerRetentionGuard.java	a0c565f7c3c2fcd979e0654cbe85893304bc0e78	java	true	family.entire-source-closure	REVIEW_REQUIRED
synexia-mindex/viewer-eclipse/bundle/src/main/java/com/synexia/mindex/viewer/eclipse/MIndexXViewerSurface.java	4fd9b6daaf8f6438482e07afcb0d38e66cbf3e83	java	true	family.entire-source-closure	REVIEW_REQUIRED
synexia-mindex/viewer-eclipse/bundle/src/main/java/com/synexia/mindex/viewer/eclipse/MIndexXViewerSurfaceState.java	995f06164f8eeb6e061ae22853e3e872700b0ff5	java	true	family.entire-source-closure	REVIEW_REQUIRED
synexia-mindex/viewer-eclipse/bundle/src/main/java/com/synexia/mindex/viewer/eclipse/MIndexXViewerTreeDropEvent.java	b65c9df33e86d65e4617c7dbb5fa63ba58130a6a	java	true	family.entire-source-closure	REVIEW_REQUIRED
synexia-mindex/viewer-eclipse/bundle/src/main/java/com/synexia/mindex/viewer/eclipse/MIndexXViewerTreeDropHandler.java	0dccda32dbb647d9c55bbf780a735255cf25c170	java	true	family.entire-source-closure	REVIEW_REQUIRED
synexia-mindex/viewer-eclipse/bundle/src/main/java/com/synexia/mindex/viewer/eclipse/MIndexXViewerTreeDropPolicy.java	96f2d511441597aaddc06e1b344d36d6c0f27288	java	true	family.entire-source-closure	REVIEW_REQUIRED
synexia-mindex/viewer-eclipse/bundle/src/main/java/com/synexia/mindex/viewer/eclipse/MIndexXViewerUpdatePlan.java	20d1371a35af6973db6465b723bd742cf3fab437	java	true	family.entire-source-closure	REVIEW_REQUIRED
synexia-mindex/viewer-eclipse/bundle/src/main/java/com/synexia/mindex/viewer/eclipse/MIndexXViewerViewport.java	b5507c2a5c252c38f31f2b430ffbc5eb59c8cb4d	java	true	family.entire-source-closure	REVIEW_REQUIRED
synexia-mindex/viewer-eclipse/bundle/src/main/java/com/synexia/mindex/viewer/eclipse/MIndexXViewerWindowApplier.java	812c3a726bd36f5cb6897a24a9cf31c529ac93ff	java	true	family.entire-source-closure	REVIEW_REQUIRED
synexia-mindex/viewer-eclipse/bundle/src/main/java/com/synexia/mindex/viewer/eclipse/MIndexXViewerWindowContentProvider.java	ec28bd53bff3c04b72ac96965a0422cb76ebcc5e	java	true	family.entire-source-closure	REVIEW_REQUIRED
synexia-mindex/viewer-eclipse/bundle/src/main/java/com/synexia/mindex/viewer/eclipse/MIndexXViewerWindowReconciler.java	3d57b8ff94980babb2e1007117ff19b20d1bd783	java	true	family.entire-source-closure	REVIEW_REQUIRED
synexia-mindex/viewer-eclipse/bundle/src/main/java/com/synexia/mindex/viewer/eclipse/MIndexXYGraphSurface.java	ede80f63639c5e4ee4d0bb31adf49a4bfd3f64fb	java	true	family.entire-source-closure	REVIEW_REQUIRED
synexia-mindex/viewer-eclipse/bundle/src/main/java/com/synexia/mindex/viewer/eclipse/MIndexZestGraphSurface.java	f632771443ce6d08be87cdb57d6682793989c4d0	java	true	family.entire-source-closure	REVIEW_REQUIRED
synexia-mindex/viewer-eclipse/javafx-nebula/src/main/java/com/synexia/mindex/viewer/javafx/MIndexFxGeometry.java	d9a22127b58ad6725634cfad43ee7b0e1ba18ca6	java	true	family.entire-source-closure	REVIEW_REQUIRED
synexia-mindex/viewer-eclipse/javafx-nebula/src/main/java/com/synexia/mindex/viewer/javafx/MIndexFxSceneCapture.java	852d4a04208f6ecc1cdc21be4f48335609c4139c	java	true	family.entire-source-closure	REVIEW_REQUIRED
synexia-mindex/viewer-eclipse/javafx-nebula/src/main/java/com/synexia/mindex/viewer/javafx/MIndexFxSceneSnapshot.java	ecb4039da79202e05ee5a7285f7c726588a36e14	java	true	family.entire-source-closure	REVIEW_REQUIRED
synexia-mindex/viewer-intellij/src/main/java/com/synexia/mindex/viewer/intellij/MIndexIntelliJViewerBridge.java	2d0e9aafb0b9f1f73af924ceb0049531fec3ed98	java	true	family.entire-source-closure	REVIEW_REQUIRED
synexia-mindex/viewer-jini/src/main/java/com/synexia/mindex/viewer/jini/MIndexJiniClientMirror.java	a1c749d5296f46ca326964d0bfd91e23fb8e7712	java	true	family.entire-source-closure	REVIEW_REQUIRED
synexia-mindex/viewer-jini/src/main/java/com/synexia/mindex/viewer/jini/MIndexJiniLimits.java	910d0af7f6e37a326c11dfa12479b1e8357aab90	java	true	family.entire-source-closure	REVIEW_REQUIRED
synexia-mindex/viewer-jini/src/main/java/com/synexia/mindex/viewer/jini/MIndexJiniLocator.java	4b6513ba304f90c4e0324172370fb298fa6aefbc	java	true	family.entire-source-closure	REVIEW_REQUIRED
synexia-mindex/viewer-jini/src/main/java/com/synexia/mindex/viewer/jini/MIndexJiniPrecomputeCatalogMirror.java	30213624d83a1682fe0e69559e46b6d81c648c79	java	true	family.entire-source-closure	REVIEW_REQUIRED
synexia-mindex/viewer-jini/src/main/java/com/synexia/mindex/viewer/jini/MIndexJiniPrecomputeLocator.java	d28e372f1b90fb4eef3ef3a30ba3a183ed124620	java	true	family.entire-source-closure	REVIEW_REQUIRED
synexia-mindex/viewer-jini/src/main/java/com/synexia/mindex/viewer/jini/MIndexJiniPrecomputeProtocol.java	69f2fbb565d48a61dc3290cc11e1527c7d80629d	java	true	family.entire-source-closure	REVIEW_REQUIRED
synexia-mindex/viewer-jini/src/main/java/com/synexia/mindex/viewer/jini/MIndexJiniPrecomputePublisher.java	a9ea8b8e80777a52be6d6bbbda1e1c05b6a120f3	java	true	family.entire-source-closure	REVIEW_REQUIRED
synexia-mindex/viewer-jini/src/main/java/com/synexia/mindex/viewer/jini/MIndexJiniPrecomputeService.java	18c457fed7d646ff12e9697bed1c1272970b1df4	java	true	family.entire-source-closure	REVIEW_REQUIRED
synexia-mindex/viewer-jini/src/main/java/com/synexia/mindex/viewer/jini/MIndexJiniPrecomputeServiceImpl.java	1af5917e9d148864a0e9ad097a0a717be119623c	java	true	family.entire-source-closure	REVIEW_REQUIRED
synexia-mindex/viewer-jini/src/main/java/com/synexia/mindex/viewer/jini/MIndexJiniPrecomputedSnapshot.java	91c6dc191a17634ec3faaa09bd35082e8ddd0298	java	true	family.entire-source-closure	REVIEW_REQUIRED
synexia-mindex/viewer-jini/src/main/java/com/synexia/mindex/viewer/jini/MIndexJiniProtocol.java	a93bd46c63151842381a9c0c744518fe0651441e	java	true	family.entire-source-closure	REVIEW_REQUIRED
synexia-mindex/viewer-jini/src/main/java/com/synexia/mindex/viewer/jini/MIndexJiniPublisher.java	9788400cbcff19ecb6abc75c3a817dd220b348a9	java	true	family.entire-source-closure	REVIEW_REQUIRED
synexia-mindex/viewer-jini/src/main/java/com/synexia/mindex/viewer/jini/MIndexJiniStaleException.java	ef3ee80046ce41c96ddc9611c7c5d3107c44796e	java	true	family.entire-source-closure	REVIEW_REQUIRED
synexia-mindex/viewer-jini/src/main/java/com/synexia/mindex/viewer/jini/MIndexJiniViewerAuthority.java	ab80636cd90180facaa66c92ccba004f93720386	java	true	family.entire-source-closure	REVIEW_REQUIRED
synexia-mindex/viewer-jini/src/main/java/com/synexia/mindex/viewer/jini/MIndexJiniViewerService.java	e5e047d89e12edb62c354c696918a05607c5dffc	java	true	family.entire-source-closure	REVIEW_REQUIRED
synexia-mindex/viewer-jini/src/main/java/com/synexia/mindex/viewer/jini/MIndexJiniViewerServiceImpl.java	270bc100e4189d337ea16d3630ee6413b0447f84	java	true	family.entire-source-closure	REVIEW_REQUIRED
synexia-mindex/viewer-jini/src/main/java/com/synexia/mindex/viewer/jini/precompute/MIndexApiShapePlanPrecomputeRecipe.java	10b333d082329c767d4afaf9f87c004b7bfea24d	java	true	family.entire-source-closure	REVIEW_REQUIRED
synexia-mindex/viewer-jini/src/main/java/com/synexia/mindex/viewer/jini/precompute/MIndexDagPrecomputeRecipe.java	4b621da78f30ad8395135e0788fc7316710463f5	java	true	family.entire-source-closure	REVIEW_REQUIRED
synexia-mindex/viewer-jini/src/main/java/com/synexia/mindex/viewer/jini/precompute/MIndexIndexedPrecomputeStore.java	8ed891797069e9b8c7f9338fe99e4960ba0cc580	java	true	family.entire-source-closure	REVIEW_REQUIRED
synexia-mindex/viewer-jini/src/main/java/com/synexia/mindex/viewer/jini/precompute/MIndexPrecomputeApiDescriptor.java	0896a139f399fb5f7346e876597c89817c7e100a	java	true	family.entire-source-closure	REVIEW_REQUIRED
synexia-mindex/viewer-jini/src/main/java/com/synexia/mindex/viewer/jini/precompute/MIndexPrecomputeApiId.java	275c1624d664b7983a580169c5c551b547dda6c3	java	true	family.entire-source-closure	REVIEW_REQUIRED
synexia-mindex/viewer-jini/src/main/java/com/synexia/mindex/viewer/jini/precompute/MIndexPrecomputeApiRegistry.java	553bec44aea3766ca629dce62134ebf9c9073825	java	true	family.entire-source-closure	REVIEW_REQUIRED
synexia-mindex/viewer-jini/src/main/java/com/synexia/mindex/viewer/jini/precompute/MIndexPrecomputeArrays.java	9c734730723e07347b53adbf2d969e84a16df733	java	true	family.entire-source-closure	REVIEW_REQUIRED
synexia-mindex/viewer-jini/src/main/java/com/synexia/mindex/viewer/jini/precompute/MIndexPrecomputeArtifact.java	5ba4f89b2559e4b4d47fe72ea3f3e546e428fc43	java	true	family.entire-source-closure	REVIEW_REQUIRED
synexia-mindex/viewer-jini/src/main/java/com/synexia/mindex/viewer/jini/precompute/MIndexPrecomputeBinary.java	6c197e6697b461ade3a1ae31190e768c699ab4d4	java	true	family.entire-source-closure	REVIEW_REQUIRED
synexia-mindex/viewer-jini/src/main/java/com/synexia/mindex/viewer/jini/precompute/MIndexPrecomputeDigest.java	6d2e0cf4d9d58da6bb1ac81efd10e6c03dc041a5	java	true	family.entire-source-closure	REVIEW_REQUIRED
synexia-mindex/viewer-jini/src/main/java/com/synexia/mindex/viewer/jini/precompute/MIndexPrecomputeEngine.java	6076fe8dfd3edb690b9073b5af3e0ceca7c6aaec	java	true	family.entire-source-closure	REVIEW_REQUIRED
synexia-mindex/viewer-jini/src/main/java/com/synexia/mindex/viewer/jini/precompute/MIndexPrecomputeException.java	11809743d02a086819f2ed2fcaaaf75f9c357270	java	true	family.entire-source-closure	REVIEW_REQUIRED
synexia-mindex/viewer-jini/src/main/java/com/synexia/mindex/viewer/jini/precompute/MIndexPrecomputeFabric.java	9e3ddfa816ae1e69bf35b43cd31547107808f246	java	true	family.entire-source-closure	REVIEW_REQUIRED
synexia-mindex/viewer-jini/src/main/java/com/synexia/mindex/viewer/jini/precompute/MIndexPrecomputeImageCodec.java	badac7b2ad5a89b3cf7538863f71ed8246e00e85	java	true	family.entire-source-closure	REVIEW_REQUIRED
synexia-mindex/viewer-jini/src/main/java/com/synexia/mindex/viewer/jini/precompute/MIndexPrecomputeLimits.java	c6b4d87053ef6189fe8760af99b0f887b283933a	java	true	family.entire-source-closure	REVIEW_REQUIRED
synexia-mindex/viewer-jini/src/main/java/com/synexia/mindex/viewer/jini/precompute/MIndexPrecomputeMatrixPlanner.java	1715ba0a62243db222c72e862e360830a06f45f1	java	true	family.entire-source-closure	REVIEW_REQUIRED
synexia-mindex/viewer-jini/src/main/java/com/synexia/mindex/viewer/jini/precompute/MIndexPrecomputeMetrics.java	cdd2722ee3cf34b3d58d0143871a2e116bd9f205	java	true	family.entire-source-closure	REVIEW_REQUIRED
synexia-mindex/viewer-jini/src/main/java/com/synexia/mindex/viewer/jini/precompute/MIndexPrecomputePlan.java	f2e11e7398db116caea6e45d46dbf4c81cc72ad9	java	true	family.entire-source-closure	REVIEW_REQUIRED
synexia-mindex/viewer-jini/src/main/java/com/synexia/mindex/viewer/jini/precompute/MIndexPrecomputePlanExecutor.java	f33093473b086968ba0edf39df3aae89f77035b4	java	true	family.entire-source-closure	REVIEW_REQUIRED
synexia-mindex/viewer-jini/src/main/java/com/synexia/mindex/viewer/jini/precompute/MIndexPrecomputePlanResult.java	e6da5392435432a3291c7be616974a8b6968fa83	java	true	family.entire-source-closure	REVIEW_REQUIRED
synexia-mindex/viewer-jini/src/main/java/com/synexia/mindex/viewer/jini/precompute/MIndexPrecomputeReceipt.java	a8a581f1f0271b8d5eaa317671b541339e4a038d	java	true	family.entire-source-closure	REVIEW_REQUIRED
synexia-mindex/viewer-jini/src/main/java/com/synexia/mindex/viewer/jini/precompute/MIndexPrecomputeRecipe.java	332d19a92c3a2254f6051d0040e5cc75d9a7eda3	java	true	family.entire-source-closure	REVIEW_REQUIRED
synexia-mindex/viewer-jini/src/main/java/com/synexia/mindex/viewer/jini/precompute/MIndexPrecomputeRemote.java	6a87d44123c26cfd1bd68cb20430516387cf6c3d	java	true	family.entire-source-closure	REVIEW_REQUIRED
synexia-mindex/viewer-jini/src/main/java/com/synexia/mindex/viewer/jini/precompute/MIndexPrecomputeRemoteEndpoint.java	81fb5f4fb24a1ce49c4441ec09337fe3251c30d2	java	true	family.entire-source-closure	REVIEW_REQUIRED
synexia-mindex/viewer-jini/src/main/java/com/synexia/mindex/viewer/jini/precompute/MIndexPrecomputeRequest.java	d63ec2627221dbbf8d878b6b862ab6a85411aed2	java	true	family.entire-source-closure	REVIEW_REQUIRED
synexia-mindex/viewer-jini/src/main/java/com/synexia/mindex/viewer/jini/precompute/MIndexPrecomputeResponse.java	639b110efe1adbb5622ec5aff31e21b2c381aa8c	java	true	family.entire-source-closure	REVIEW_REQUIRED
synexia-mindex/viewer-jini/src/main/java/com/synexia/mindex/viewer/jini/precompute/MIndexPrecomputeStoreStats.java	d61bee8dc764d7414cccabebb2121be07831ec41	java	true	family.entire-source-closure	REVIEW_REQUIRED
synexia-mindex/viewer-jini/src/main/java/com/synexia/mindex/viewer/jini/precompute/MIndexPrecomputeTask.java	92b4d6b3e9906772282f06e82ea4b3f2a6e069c4	java	true	family.entire-source-closure	REVIEW_REQUIRED
synexia-mindex/viewer-jini/src/main/java/com/synexia/mindex/viewer/jini/precompute/MIndexPrecomputeValue.java	bfbb0369185efb69ede6e59ac6f4a6b239417507	java	true	family.entire-source-closure	REVIEW_REQUIRED
synexia-mindex/viewer-jini/src/main/java/com/synexia/mindex/viewer/jini/precompute/MIndexScalarLaneRecipe.java	4f3862463f014e736f5d8376d20903bc638d64c5	java	true	family.entire-source-closure	REVIEW_REQUIRED
synexia-mindex/viewer-jini/src/main/java/com/synexia/mindex/viewer/jini/precompute/MIndexStandardPrecomputeApis.java	adac5ed09e538281b054818b8324896cf9393f42	java	true	family.entire-source-closure	REVIEW_REQUIRED
synexia-mindex/viewer-jini/src/main/resources/META-INF/licenses/PAIR_PRECOMPUTE_MIT.txt	9dee778b433e353c7bb983363f084f423e22209b	resource	false	family.entire-source-closure	REVIEW_REQUIRED
synexia-mindex/viewer-rewrite/src/main/java/com/synexia/mindex/viewer/rewrite/InstallXViewerPrimaryFactory.java	91476eae9dcfe3de6c63d6626ba8680af3d15bf8	java	false	family.entire-source-closure	REVIEW_REQUIRED
synexia-mindex/viewer-rewrite/src/main/resources/META-INF/rewrite/rewrite.yml	f4c40b4d9b6dec6138a6e33ab9727a0c5bfa32a5	resource	false	family.entire-source-closure	REVIEW_REQUIRED
synexia-mindex/viewer-swt/src/main/java/com/synexia/mindex/viewer/swt/MIndexSwtInputs.java	056ead70c858310cda70c19bc1ed37dea6aa25d5	java	true	family.entire-source-closure	REVIEW_REQUIRED
synexia-mindex/viewer-swt/src/main/java/com/synexia/mindex/viewer/swt/MIndexSwtProgressMonitor.java	08d4f45d3d091e773d69239b28c8390cf887917a	java	true	family.entire-source-closure	REVIEW_REQUIRED
synexia-mindex/viewer-swt/src/main/java/com/synexia/mindex/viewer/swt/MIndexSwtRenderer.java	5d546f0383349f9a9cbda56ada6f57481e9f0184	java	true	family.entire-source-closure	REVIEW_REQUIRED
synexia-mindex/viewer-swt/src/main/java/com/synexia/mindex/viewer/swt/MIndexSwtViewer.java	1c615c7c5ed92b974f14ec27a47307abca6077e3	java	true	family.entire-source-closure	REVIEW_REQUIRED
synexia-mindex/viewer-swt/src/main/java/com/synexia/mindex/viewer/swt/MIndexSwtViewerDemo.java	3ecf9bfbd1c6be0cfcb0c7715cc34003e158f921	java	true	family.entire-source-closure	REVIEW_REQUIRED
synexia-mindex/viewer-swt/src/main/java/com/synexia/mindex/viewer/swt/MIndexSwtViewerFamily.java	69db93bea9bd278b47bb3d05b7d6f2855755b701	java	true	family.entire-source-closure	REVIEW_REQUIRED
synexia-mindex/viewer-swt/src/main/java/com/synexia/mindex/viewer/swt/MIndexTextMatchIndex.java	f15ed87427ac3443fd8c557e5911e2d223cb4ca8	java	true	family.entire-source-closure	REVIEW_REQUIRED
synexia-mindex/viewer/src/main/java/com/synexia/mindex/viewer/MIndexAdditionalCollectionSources.java	798f3f55dce43b6bbb3c42baf04898cbe96a9420	java	true	family.entire-source-closure	REVIEW_REQUIRED
synexia-mindex/viewer/src/main/java/com/synexia/mindex/viewer/MIndexAstSource.java	8649cfa8ff91380f543527ccf5e9f2fb2bb1b39b	java	true	family.entire-source-closure	REVIEW_REQUIRED
synexia-mindex/viewer/src/main/java/com/synexia/mindex/viewer/MIndexAsyncTreePages.java	553167ba9670c013c1e97a36901f997cf1689077	java	true	family.entire-source-closure	REVIEW_REQUIRED
synexia-mindex/viewer/src/main/java/com/synexia/mindex/viewer/MIndexAtomSource.java	3d79c8b92e655b45da08947f3c6c8deb8afc9672	java	true	family.entire-source-closure	REVIEW_REQUIRED
synexia-mindex/viewer/src/main/java/com/synexia/mindex/viewer/MIndexBatchEditableViewSource.java	849f86b1b573014294d39c91867140c2b9adc9c4	java	true	family.entire-source-closure	REVIEW_REQUIRED
synexia-mindex/viewer/src/main/java/com/synexia/mindex/viewer/MIndexCellEdit.java	4707f75154a72890b10a9dea3cdb04c0bb62c3aa	java	true	family.entire-source-closure	REVIEW_REQUIRED
synexia-mindex/viewer/src/main/java/com/synexia/mindex/viewer/MIndexCollectionSources.java	0dc3a1ee98e81a0e1496ec4b938b8d381007c6e0	java	true	family.entire-source-closure	REVIEW_REQUIRED
synexia-mindex/viewer/src/main/java/com/synexia/mindex/viewer/MIndexColumnPackPlan.java	1f3b6a67fe1b9204eb799b2b1943465cbd091b8b	java	true	family.entire-source-closure	REVIEW_REQUIRED
synexia-mindex/viewer/src/main/java/com/synexia/mindex/viewer/MIndexColumnWidths.java	0399670ae14dda199638989a6b4a5153645eb4bc	java	true	family.entire-source-closure	REVIEW_REQUIRED
synexia-mindex/viewer/src/main/java/com/synexia/mindex/viewer/MIndexComputedColumn.java	24b63877940a9989b849302300902de29fb9d8e0	java	true	family.entire-source-closure	REVIEW_REQUIRED
synexia-mindex/viewer/src/main/java/com/synexia/mindex/viewer/MIndexComputedViewSource.java	8aed2b25515170cefc2d0a7c92920116edbf0f04	java	true	family.entire-source-closure	REVIEW_REQUIRED
synexia-mindex/viewer/src/main/java/com/synexia/mindex/viewer/MIndexCoordinateDelta.java	c6c3d9087a6c5751ba0c1b3cf71ecdb06d24147f	java	true	family.entire-source-closure	REVIEW_REQUIRED
synexia-mindex/viewer/src/main/java/com/synexia/mindex/viewer/MIndexDagSource.java	405663e0231843c151caf48a7ebac2d3509ec5db	java	true	family.entire-source-closure	REVIEW_REQUIRED
synexia-mindex/viewer/src/main/java/com/synexia/mindex/viewer/MIndexDeferredUiWork.java	2a760d1d0105000bc231d5bae22ce4ae702537d0	java	true	family.entire-source-closure	REVIEW_REQUIRED
synexia-mindex/viewer/src/main/java/com/synexia/mindex/viewer/MIndexEditableViewSource.java	4d2f4678684ebb37b6a77cedf619a3ca3ba5dcb5	java	true	family.entire-source-closure	REVIEW_REQUIRED
synexia-mindex/viewer/src/main/java/com/synexia/mindex/viewer/MIndexErrorPresentation.java	457460abf2a1ca6a5ce605c1bd265cb7179f437a	java	true	family.entire-source-closure	REVIEW_REQUIRED
synexia-mindex/viewer/src/main/java/com/synexia/mindex/viewer/MIndexForgeFacetViewSource.java	05bf2b12a22daf847c33a44943583ffe16b66622	java	true	family.entire-source-closure	REVIEW_REQUIRED
synexia-mindex/viewer/src/main/java/com/synexia/mindex/viewer/MIndexForgeIssueListProjection.java	2aad81d4612433cc87a41013ea55b88cf22cab05	java	true	family.entire-source-closure	REVIEW_REQUIRED
synexia-mindex/viewer/src/main/java/com/synexia/mindex/viewer/MIndexForgeIssueSortPlan.java	900e7a80ae2e6e4f47c646a502896834e199fb10	java	true	family.entire-source-closure	REVIEW_REQUIRED
synexia-mindex/viewer/src/main/java/com/synexia/mindex/viewer/MIndexItemTree.java	755bb67d39ead49a68ce0f1fb8cf1e0b49e1c4c8	java	true	family.entire-source-closure	REVIEW_REQUIRED
synexia-mindex/viewer/src/main/java/com/synexia/mindex/viewer/MIndexJsonViewSource.java	5bb83f5ef420ec6f06bffea61c22a998dad9a124	java	true	family.entire-source-closure	REVIEW_REQUIRED
synexia-mindex/viewer/src/main/java/com/synexia/mindex/viewer/MIndexLabelFilterViewSource.java	d3ae982a7e1ce0468434a008b8a3925519a24379	java	true	family.entire-source-closure	REVIEW_REQUIRED
synexia-mindex/viewer/src/main/java/com/synexia/mindex/viewer/MIndexMaterializationAdvisor.java	4342fafce178e9bd49540f28b7fbad867ba416a7	java	true	family.entire-source-closure	REVIEW_REQUIRED
synexia-mindex/viewer/src/main/java/com/synexia/mindex/viewer/MIndexNativeItem.java	b4b00a4eee287b9aa05ecb22acba087711ff53c3	java	true	family.entire-source-closure	REVIEW_REQUIRED
synexia-mindex/viewer/src/main/java/com/synexia/mindex/viewer/MIndexPageSelection.java	eabc290325d0e4fc62e51c6e369c68020d3acd4b	java	true	family.entire-source-closure	REVIEW_REQUIRED
synexia-mindex/viewer/src/main/java/com/synexia/mindex/viewer/MIndexPageSlice.java	701ccdda2ee4b8deb9f420610c52f0cdf7d4f7ae	java	true	family.entire-source-closure	REVIEW_REQUIRED
synexia-mindex/viewer/src/main/java/com/synexia/mindex/viewer/MIndexPageableTreeController.java	58a2ee0681182168516a6907320e0951009dde80	java	true	family.entire-source-closure	REVIEW_REQUIRED
synexia-mindex/viewer/src/main/java/com/synexia/mindex/viewer/MIndexPageableTreeRepository.java	753672d2f9c58a7dfb9e80957fba5d97067cddc9	java	true	family.entire-source-closure	REVIEW_REQUIRED
synexia-mindex/viewer/src/main/java/com/synexia/mindex/viewer/MIndexPageableTreeSource.java	03bcdb7e6d6c2c3b70837e1bf7a1ce2d4afd8cfc	java	true	family.entire-source-closure	REVIEW_REQUIRED
synexia-mindex/viewer/src/main/java/com/synexia/mindex/viewer/MIndexPaintedViewer.java	3fd9a1862c169f5e349d78ba5270b6c4fa5d7333	java	true	family.entire-source-closure	REVIEW_REQUIRED
synexia-mindex/viewer/src/main/java/com/synexia/mindex/viewer/MIndexPathIndexTreePageLoader.java	bc2adb3a3decd7a1d338de6eea440938cf127f0a	java	true	family.entire-source-closure	REVIEW_REQUIRED
synexia-mindex/viewer/src/main/java/com/synexia/mindex/viewer/MIndexPromptPolicy.java	eab25bba67a0eebd44480ca6d0e7b6a1cedb70bc	java	true	family.entire-source-closure	REVIEW_REQUIRED
synexia-mindex/viewer/src/main/java/com/synexia/mindex/viewer/MIndexProviderSource.java	a57e54d31e39745496deca6dd7fbc4736ae7bab0	java	true	family.entire-source-closure	REVIEW_REQUIRED
synexia-mindex/viewer/src/main/java/com/synexia/mindex/viewer/MIndexRecentSearchHistory.java	7803f3a366a7177fca86608ef0030659cebfc8bb	java	true	family.entire-source-closure	REVIEW_REQUIRED
synexia-mindex/viewer/src/main/java/com/synexia/mindex/viewer/MIndexRegexPlan.java	d0de18cc0ac7e273b6222b6d2674f326c3fc5ea9	java	true	family.entire-source-closure	REVIEW_REQUIRED
synexia-mindex/viewer/src/main/java/com/synexia/mindex/viewer/MIndexRepositoryTreeSource.java	b68d82987d1409678e0db499f3474ece30b194cf	java	true	family.entire-source-closure	REVIEW_REQUIRED
synexia-mindex/viewer/src/main/java/com/synexia/mindex/viewer/MIndexResidentProtection.java	27de4509ca637c26be32bf525a4e1868879d3a67	java	true	family.entire-source-closure	REVIEW_REQUIRED
synexia-mindex/viewer/src/main/java/com/synexia/mindex/viewer/MIndexRowOrder.java	3e2ee5111364b4293a0fdb709e27f657e7a90d3a	java	true	family.entire-source-closure	REVIEW_REQUIRED
synexia-mindex/viewer/src/main/java/com/synexia/mindex/viewer/MIndexSegmentedChars.java	206f7af10c901db8a1bb10b2d0dc016b36db71fd	java	true	family.entire-source-closure	REVIEW_REQUIRED
synexia-mindex/viewer/src/main/java/com/synexia/mindex/viewer/MIndexSnapshotTreePageLoader.java	517326523c43e49ef9060167242d87b3d1ea4d3b	java	true	family.entire-source-closure	REVIEW_REQUIRED
synexia-mindex/viewer/src/main/java/com/synexia/mindex/viewer/MIndexSplitWeights.java	68d9ae63c214fb7223591417ee7afe570d370c55	java	true	family.entire-source-closure	REVIEW_REQUIRED
synexia-mindex/viewer/src/main/java/com/synexia/mindex/viewer/MIndexStringSource.java	0ee9fd0058f49e7cc0b5c691fc4dcd9cdd9f29e7	java	true	family.entire-source-closure	REVIEW_REQUIRED
synexia-mindex/viewer/src/main/java/com/synexia/mindex/viewer/MIndexStructuredTextSource.java	5c325a22a0203714b76ac49a764c939d54325001	java	true	family.entire-source-closure	REVIEW_REQUIRED
synexia-mindex/viewer/src/main/java/com/synexia/mindex/viewer/MIndexStyledTextDocument.java	071f7a3eab6a6734d68ca3e5a9026ad797f0e9b9	java	true	family.entire-source-closure	REVIEW_REQUIRED
synexia-mindex/viewer/src/main/java/com/synexia/mindex/viewer/MIndexStyledTextStyles.java	edd276238686494ce771c38b1684b56d78ecc22c	java	true	family.entire-source-closure	REVIEW_REQUIRED
synexia-mindex/viewer/src/main/java/com/synexia/mindex/viewer/MIndexSubtreePressure.java	3403d30788b722819f346b9df1bc2a4e78ef8eb3	java	true	family.entire-source-closure	REVIEW_REQUIRED
synexia-mindex/viewer/src/main/java/com/synexia/mindex/viewer/MIndexTextFilters.java	abc7a84fcf8495de0ef8cf2be666eb3391a70c1c	java	true	family.entire-source-closure	REVIEW_REQUIRED
synexia-mindex/viewer/src/main/java/com/synexia/mindex/viewer/MIndexTextFold.java	3e275442013a1e7a5a2964d90948e8212d311218	java	true	family.entire-source-closure	REVIEW_REQUIRED
synexia-mindex/viewer/src/main/java/com/synexia/mindex/viewer/MIndexTextFolds.java	328e3d9b1a297eb07199a77c013fd92bb4ad1f00	java	true	family.entire-source-closure	REVIEW_REQUIRED
synexia-mindex/viewer/src/main/java/com/synexia/mindex/viewer/MIndexTextViewSource.java	557c73e148708fe3578df7557bcde7b44b769733	java	true	family.entire-source-closure	REVIEW_REQUIRED
synexia-mindex/viewer/src/main/java/com/synexia/mindex/viewer/MIndexTreeAutoScrollPlan.java	0b9a2152edcd4cd61159ff47b4fe44eac9623b95	java	true	family.entire-source-closure	REVIEW_REQUIRED
synexia-mindex/viewer/src/main/java/com/synexia/mindex/viewer/MIndexTreeDropPlan.java	03da21c3399b8e0f1a78acf2736a5dadf836089e	java	true	family.entire-source-closure	REVIEW_REQUIRED
synexia-mindex/viewer/src/main/java/com/synexia/mindex/viewer/MIndexTreeEdit.java	2501bab85fc463a58c9c2d575eac572e6a7013a4	java	true	family.entire-source-closure	REVIEW_REQUIRED
synexia-mindex/viewer/src/main/java/com/synexia/mindex/viewer/MIndexTreeEditableViewSource.java	6de5c1aca0318de1fea85e30db7b70391dd72772	java	true	family.entire-source-closure	REVIEW_REQUIRED
synexia-mindex/viewer/src/main/java/com/synexia/mindex/viewer/MIndexTreeHitTest.java	ee0cf2d6012339600a1acdba9871b0085c3af01d	java	true	family.entire-source-closure	REVIEW_REQUIRED
synexia-mindex/viewer/src/main/java/com/synexia/mindex/viewer/MIndexTreeHoverExpandGate.java	0f8bcde5b1a87541562f19dbd485d1ba00321234	java	true	family.entire-source-closure	REVIEW_REQUIRED
synexia-mindex/viewer/src/main/java/com/synexia/mindex/viewer/MIndexTreeMetrics.java	23ea65367706304884ab45ec83d3a98bf04e9fde	java	true	family.entire-source-closure	REVIEW_REQUIRED
synexia-mindex/viewer/src/main/java/com/synexia/mindex/viewer/MIndexTreePage.java	0793513920087db6fd8df65975e213dbd923a865	java	true	family.entire-source-closure	REVIEW_REQUIRED
synexia-mindex/viewer/src/main/java/com/synexia/mindex/viewer/MIndexTreePageLoader.java	1b2d3bfebf3b2160e90f05cad14011d13a7a00f6	java	true	family.entire-source-closure	REVIEW_REQUIRED
synexia-mindex/viewer/src/main/java/com/synexia/mindex/viewer/MIndexTreePageRequest.java	cef4a5afcd3b6da38150dbc0e7f006405a62216c	java	true	family.entire-source-closure	REVIEW_REQUIRED
synexia-mindex/viewer/src/main/java/com/synexia/mindex/viewer/MIndexTreePageState.java	309d02afd201605b0a7707fd937df31caee59dea	java	true	family.entire-source-closure	REVIEW_REQUIRED
synexia-mindex/viewer/src/main/java/com/synexia/mindex/viewer/MIndexTreePressure.java	ae858c7e1e5822f09fc9ada26399cf479c918086	java	true	family.entire-source-closure	REVIEW_REQUIRED
synexia-mindex/viewer/src/main/java/com/synexia/mindex/viewer/MIndexTreeRowResizePlan.java	613d5f27a1c3f895508bdfdb071bc4145c08f8e2	java	true	family.entire-source-closure	REVIEW_REQUIRED
synexia-mindex/viewer/src/main/java/com/synexia/mindex/viewer/MIndexTreeSelectionGesture.java	3b7bc97d82bf1da64be428514878e297d5f97e08	java	true	family.entire-source-closure	REVIEW_REQUIRED
synexia-mindex/viewer/src/main/java/com/synexia/mindex/viewer/MIndexTreeSelectionProjection.java	734582b960d528205479dcdd753bf3a12110a882	java	true	family.entire-source-closure	REVIEW_REQUIRED
synexia-mindex/viewer/src/main/java/com/synexia/mindex/viewer/MIndexTreeVisitor.java	c015bc0e4e70717e1dad8a1d19c4d6d3fadce9ad	java	true	family.entire-source-closure	REVIEW_REQUIRED
synexia-mindex/viewer/src/main/java/com/synexia/mindex/viewer/MIndexTreeWindowPlan.java	dc1b4a5e7e79be0f6a4dc9bd83271539dacda581	java	true	family.entire-source-closure	REVIEW_REQUIRED
synexia-mindex/viewer/src/main/java/com/synexia/mindex/viewer/MIndexValueSource.java	cb4f1edb5a2fdec1b0b148bbd1c3a2a605cf19a4	java	true	family.entire-source-closure	REVIEW_REQUIRED
synexia-mindex/viewer/src/main/java/com/synexia/mindex/viewer/MIndexViewExport.java	49a000a75d58e122acba6c6e45aa476cb61af6bc	java	true	family.entire-source-closure	REVIEW_REQUIRED
synexia-mindex/viewer/src/main/java/com/synexia/mindex/viewer/MIndexViewPort.java	93fd0cd6b3eef9cef50d4674d02f5788eeea4784	java	true	family.entire-source-closure	REVIEW_REQUIRED
synexia-mindex/viewer/src/main/java/com/synexia/mindex/viewer/MIndexViewSource.java	a417c44f09d702f7ca285ded1361bf00cfeae3e9	java	true	family.entire-source-closure	REVIEW_REQUIRED
synexia-mindex/viewer/src/main/java/com/synexia/mindex/viewer/MIndexViewerAccessibilityWindow.java	02e1c5057b231a2b39653207bf292db5aa7e5ff1	java	true	family.entire-source-closure	REVIEW_REQUIRED
synexia-mindex/viewer/src/main/java/com/synexia/mindex/viewer/MIndexViewerCellActions.java	0f1e6f73e44c491172758800e74001d815d1ed63	java	true	family.entire-source-closure	REVIEW_REQUIRED
synexia-mindex/viewer/src/main/java/com/synexia/mindex/viewer/MIndexViewerCellContext.java	430b5662884cc11299ff47f94fcac8c69b8fff15	java	true	family.entire-source-closure	REVIEW_REQUIRED
synexia-mindex/viewer/src/main/java/com/synexia/mindex/viewer/MIndexViewerCellDecorations.java	fc9c9be75e6f4dff0d455da88593c49ff58ced96	java	true	family.entire-source-closure	REVIEW_REQUIRED
synexia-mindex/viewer/src/main/java/com/synexia/mindex/viewer/MIndexViewerCellSelection.java	32c8ef24adb68eacc18180f57b3025f30375dd09	java	true	family.entire-source-closure	REVIEW_REQUIRED
synexia-mindex/viewer/src/main/java/com/synexia/mindex/viewer/MIndexViewerCellStyle.java	c63ebf07b523f528340a3c5aad752b642dd5713f	java	true	family.entire-source-closure	REVIEW_REQUIRED
synexia-mindex/viewer/src/main/java/com/synexia/mindex/viewer/MIndexViewerColumn.java	d204a91c41ee71f38a76d80af681e366a75bfd8a	java	true	family.entire-source-closure	REVIEW_REQUIRED
synexia-mindex/viewer/src/main/java/com/synexia/mindex/viewer/MIndexViewerColumnFilters.java	7b63a4103869727666a87123c3cb18ad3b94f6ef	java	true	family.entire-source-closure	REVIEW_REQUIRED
synexia-mindex/viewer/src/main/java/com/synexia/mindex/viewer/MIndexViewerCommand.java	d3b16e38e2ceed57ff4dac057160ab9750570bcc	java	true	family.entire-source-closure	REVIEW_REQUIRED
synexia-mindex/viewer/src/main/java/com/synexia/mindex/viewer/MIndexViewerCompletionIndex.java	6cc517fe22353425efb13d744799aae59d75cf6e	java	true	family.entire-source-closure	REVIEW_REQUIRED
synexia-mindex/viewer/src/main/java/com/synexia/mindex/viewer/MIndexViewerContext.java	32fde45643fb222594be5b728d10c0332351a16c	java	true	family.entire-source-closure	REVIEW_REQUIRED
synexia-mindex/viewer/src/main/java/com/synexia/mindex/viewer/MIndexViewerContextKey.java	f6c7ad77e5abc93a658d9596c160155fe1539d89	java	true	family.entire-source-closure	REVIEW_REQUIRED
synexia-mindex/viewer/src/main/java/com/synexia/mindex/viewer/MIndexViewerCoordinateRemap.java	f5daaa0dd7e14fa804f5a4967bf9f4830394cdb6	java	true	family.entire-source-closure	REVIEW_REQUIRED
synexia-mindex/viewer/src/main/java/com/synexia/mindex/viewer/MIndexViewerCustomization.java	6f6a23ef80779b8f95ff27b220a1b4dbd533b1ec	java	true	family.entire-source-closure	REVIEW_REQUIRED
synexia-mindex/viewer/src/main/java/com/synexia/mindex/viewer/MIndexViewerDelta.java	98974423b0d0964f73de7c94c30a2c5f0083efc2	java	true	family.entire-source-closure	REVIEW_REQUIRED
synexia-mindex/viewer/src/main/java/com/synexia/mindex/viewer/MIndexViewerDemo.java	6131a63f722c7fc6f4134e6caca0134b35fa4738	java	true	family.entire-source-closure	REVIEW_REQUIRED
synexia-mindex/viewer/src/main/java/com/synexia/mindex/viewer/MIndexViewerEditor.java	bc73722d062b6d15e8f8ed8f0ed64be8670bb53b	java	true	family.entire-source-closure	REVIEW_REQUIRED
synexia-mindex/viewer/src/main/java/com/synexia/mindex/viewer/MIndexViewerEntryState.java	73d16c27b4bdcab05c2b8444f56b42a5598fce1a	java	true	family.entire-source-closure	REVIEW_REQUIRED
synexia-mindex/viewer/src/main/java/com/synexia/mindex/viewer/MIndexViewerEvent.java	9d03874844cc11932a5a3062919fc36a1509b468	java	true	family.entire-source-closure	REVIEW_REQUIRED
synexia-mindex/viewer/src/main/java/com/synexia/mindex/viewer/MIndexViewerFamily.java	ef4576e9071d52b49f261027822258be5fa8f643	java	true	family.entire-source-closure	REVIEW_REQUIRED
synexia-mindex/viewer/src/main/java/com/synexia/mindex/viewer/MIndexViewerFilterPlan.java	8d0004f115422bde6e1cd82167413bdb529df066	java	true	family.entire-source-closure	REVIEW_REQUIRED
synexia-mindex/viewer/src/main/java/com/synexia/mindex/viewer/MIndexViewerGeneration.java	9a75346252188286a846a67eeb9423dde131d93b	java	true	family.entire-source-closure	REVIEW_REQUIRED
synexia-mindex/viewer/src/main/java/com/synexia/mindex/viewer/MIndexViewerHighlightPredicate.java	8b025f8cf62795f59938adf7f59571907392c463	java	true	family.entire-source-closure	REVIEW_REQUIRED
synexia-mindex/viewer/src/main/java/com/synexia/mindex/viewer/MIndexViewerHighlighter.java	b56d99ac0813f661b8468dd0f30fd8eab2497628	java	true	family.entire-source-closure	REVIEW_REQUIRED
synexia-mindex/viewer/src/main/java/com/synexia/mindex/viewer/MIndexViewerHighlighterChain.java	3e126b6d9778e9dbae5ac6f85d65a5e09646f5ce	java	true	family.entire-source-closure	REVIEW_REQUIRED
synexia-mindex/viewer/src/main/java/com/synexia/mindex/viewer/MIndexViewerHighlighters.java	71d214d2dd4e5cf30a8ffbea100a562a363347de	java	true	family.entire-source-closure	REVIEW_REQUIRED
synexia-mindex/viewer/src/main/java/com/synexia/mindex/viewer/MIndexViewerInput.java	feaea9d27357f7126bd6ec9532840ed08bebc32f	java	true	family.entire-source-closure	REVIEW_REQUIRED
synexia-mindex/viewer/src/main/java/com/synexia/mindex/viewer/MIndexViewerItem.java	b069c2e3efbdf0890fe93a77f713f2c8ee1a3fd0	java	true	family.entire-source-closure	REVIEW_REQUIRED
synexia-mindex/viewer/src/main/java/com/synexia/mindex/viewer/MIndexViewerMatchOverlay.java	6d0be424a8b91419330e10da75a09b57714791db	java	true	family.entire-source-closure	REVIEW_REQUIRED
synexia-mindex/viewer/src/main/java/com/synexia/mindex/viewer/MIndexViewerModel.java	7f6cf0fb0de52a89fc134ae8122c1623f67a04a4	java	true	family.entire-source-closure	REVIEW_REQUIRED
synexia-mindex/viewer/src/main/java/com/synexia/mindex/viewer/MIndexViewerNavigation.java	0937c952c665d397a0564fac474745984d0610c3	java	true	family.entire-source-closure	REVIEW_REQUIRED
synexia-mindex/viewer/src/main/java/com/synexia/mindex/viewer/MIndexViewerPath.java	c7e11b79a142f5712bbfa23c66138dc675fb4287	java	true	family.entire-source-closure	REVIEW_REQUIRED
synexia-mindex/viewer/src/main/java/com/synexia/mindex/viewer/MIndexViewerPolicy.java	d9daad6b5e2f4a005590256e0f39d30f681c6a39	java	true	family.entire-source-closure	REVIEW_REQUIRED
synexia-mindex/viewer/src/main/java/com/synexia/mindex/viewer/MIndexViewerPreparedProjection.java	7fd30a0bb65bf696d6f73c86705ed3325c576623	java	true	family.entire-source-closure	REVIEW_REQUIRED
synexia-mindex/viewer/src/main/java/com/synexia/mindex/viewer/MIndexViewerPreparedWindow.java	c567baf64bafc560e01d35a4a6c1b5a6c9218b25	java	true	family.entire-source-closure	REVIEW_REQUIRED
synexia-mindex/viewer/src/main/java/com/synexia/mindex/viewer/MIndexViewerPresentationDecorators.java	a29b84f6e47082e849383085403b580fa9a6b484	java	true	family.entire-source-closure	REVIEW_REQUIRED
synexia-mindex/viewer/src/main/java/com/synexia/mindex/viewer/MIndexViewerProfile.java	d83641959fc4a434c41d0f38c4ca43297793453a	java	true	family.entire-source-closure	REVIEW_REQUIRED
synexia-mindex/viewer/src/main/java/com/synexia/mindex/viewer/MIndexViewerProgress.java	c18d03b169c5d46adfed90260af77c628493735b	java	true	family.entire-source-closure	REVIEW_REQUIRED
synexia-mindex/viewer/src/main/java/com/synexia/mindex/viewer/MIndexViewerProvider.java	ae308fd288c7b098e8e3897e4d3d7b73de258a51	java	true	family.entire-source-closure	REVIEW_REQUIRED
synexia-mindex/viewer/src/main/java/com/synexia/mindex/viewer/MIndexViewerQuery.java	3ac42290efb63c857919ee0630b90815216d174a	java	true	family.entire-source-closure	REVIEW_REQUIRED
synexia-mindex/viewer/src/main/java/com/synexia/mindex/viewer/MIndexViewerSearchProfile.java	6a2b744a27b329c1871b011dcf83a914339ef570	java	true	family.entire-source-closure	REVIEW_REQUIRED
synexia-mindex/viewer/src/main/java/com/synexia/mindex/viewer/MIndexViewerSession.java	3d0d9c7172b71f70d230f282a43bab0268d28143	java	true	family.entire-source-closure	REVIEW_REQUIRED
synexia-mindex/viewer/src/main/java/com/synexia/mindex/viewer/MIndexViewerSpeedSearch.java	b6ed71a81d74f93ab46c29bf0ae7d041c5a8d694	java	true	family.entire-source-closure	REVIEW_REQUIRED
synexia-mindex/viewer/src/main/java/com/synexia/mindex/viewer/MIndexViewerState.java	21cace4da2b2b824554c7872f3ddaa6915dca95a	java	true	family.entire-source-closure	REVIEW_REQUIRED
synexia-mindex/viewer/src/main/java/com/synexia/mindex/viewer/MIndexViewerStatus.java	066b4fca1e35220fb51a9d013fdd8dd17a933309	java	true	family.entire-source-closure	REVIEW_REQUIRED
synexia-mindex/viewer/src/main/java/com/synexia/mindex/viewer/MIndexViewerStyleOverlay.java	4ba16ef6ce7206dfcc1beb17d83b0bfec344f5e3	java	true	family.entire-source-closure	REVIEW_REQUIRED
synexia-mindex/viewer/src/main/java/com/synexia/mindex/viewer/MIndexViewerSummary.java	be2c3846258f150568b7570d6ce8ef8462449e50	java	true	family.entire-source-closure	REVIEW_REQUIRED
synexia-mindex/viewer/src/main/java/com/synexia/mindex/viewer/MIndexViewerTopologyIndex.java	0bfc1c4dd8d29c120a65c80e75c630f73555ba4e	java	true	family.entire-source-closure	REVIEW_REQUIRED
synexia-mindex/viewer/src/main/java/com/synexia/mindex/viewer/MIndexViewerTraversal.java	11bcf2d30090102822f859ccd7fad7922fa9dd66	java	true	family.entire-source-closure	REVIEW_REQUIRED
synexia-mindex/viewer/src/main/java/com/synexia/mindex/viewer/MIndexViewerTreeMatchClosure.java	d9c77ae417221316aefe7af8da34bfef8082dac7	java	true	family.entire-source-closure	REVIEW_REQUIRED
synexia-mindex/viewer/src/main/java/com/synexia/mindex/viewer/MIndexViewportArithmetic.java	0f696ea2f2167e8e440c99d33f1b119bc9d87aa3	java	true	family.entire-source-closure	REVIEW_REQUIRED
synexia-mindex/viewer/src/main/java/com/synexia/mindex/viewer/MIndexViewportController.java	4c05229e9c5d0db468db633488e29a8f936c3696	java	true	family.entire-source-closure	REVIEW_REQUIRED
synexia-mindex/viewer/src/main/java/com/synexia/mindex/viewer/MIndexViewportCoordinateIndex.java	5a62d23298b16ca223f538870cc2de107b0a65c8	java	true	family.entire-source-closure	REVIEW_REQUIRED
synexia-mindex/viewer/src/main/java/com/synexia/mindex/viewer/MIndexViewportGrid.java	596b8cf3e588e6a1b8c98c7b91e7577a7f941f30	java	true	family.entire-source-closure	REVIEW_REQUIRED
synexia-mindex/viewer/src/main/java/com/synexia/mindex/viewer/MIndexViewportProtection.java	ed85af99ee3c98cfc38fa0b6df1086264e165129	java	true	family.entire-source-closure	REVIEW_REQUIRED
synexia-mindex/viewer/src/main/java/com/synexia/mindex/viewer/MIndexViewportTreeDelta.java	58e3e097a95ee8f4c77cab4cdd783b776774d914	java	true	family.entire-source-closure	REVIEW_REQUIRED
synexia-mindex/viewer/src/main/java/com/synexia/mindex/viewer/MIndexViewportTreeWindow.java	5a8e821a0651a52a3fcbd3934d85da6ece906e98	java	true	family.entire-source-closure	REVIEW_REQUIRED
synexia-mindex/viewer/src/main/java/com/synexia/mindex/viewer/MIndexVisibleTreeIndex.java	34c38944e3b1cc3876172d82f3e01cc80a0a1f7c	java	true	family.entire-source-closure	REVIEW_REQUIRED
synexia-mindex/viewer/src/main/java/com/synexia/mindex/viewer/MIndexVisibleTreeWindow.java	b878fdf8ef941d73992cc738fdf4515cef88c195	java	true	family.entire-source-closure	REVIEW_REQUIRED
synexia-mindex/viewer/src/main/java/com/synexia/mindex/viewer/MIndexVisibleWindow.java	f901c35a731c790058577b3c6151b6029f4feb1a	java	true	family.entire-source-closure	REVIEW_REQUIRED
synexia-mindex/viewer/src/main/java/com/synexia/mindex/viewer/MIndexXViewerWindowPlan.java	5fdc0ca84877a5803c08920843e286bd7c3d6be9	java	true	family.entire-source-closure	REVIEW_REQUIRED
synexia-mindex/viewer/src/main/java/com/synexia/mindex/viewer/swing/MIndexAwesomeSwingCatalog.java	5293bd9cfda69aa5d522e6154d444208e5fd84eb	java	true	family.entire-source-closure	REVIEW_REQUIRED
synexia-mindex/viewer/src/main/java/com/synexia/mindex/viewer/swing/MIndexAwesomeSwingDiscoveryIndex.java	f016124458821f484f304fa4285edf6d8439d9f9	java	true	family.entire-source-closure	REVIEW_REQUIRED
synexia-mindex/viewer/src/main/java/com/synexia/mindex/viewer/swing/MIndexAwesomeSwingIndex.java	77d5e0fec7e66a670d0a84567e3035716a83745d	java	true	family.entire-source-closure	REVIEW_REQUIRED
synexia-mindex/viewer/src/main/java/com/synexia/mindex/viewer/swing/MIndexSwingActivation.java	cc53fae60e10a0fe720c001fd21bb47cae0d8592	java	true	family.entire-source-closure	REVIEW_REQUIRED
synexia-mindex/viewer/src/main/java/com/synexia/mindex/viewer/swing/MIndexSwingAdapterContext.java	7310fc27c7fe097347478364ddd3892747703c78	java	true	family.entire-source-closure	REVIEW_REQUIRED
synexia-mindex/viewer/src/main/java/com/synexia/mindex/viewer/swing/MIndexSwingAsyncProjection.java	a62f4c0df9a2070fd5a7068d820edef038afb98f	java	true	family.entire-source-closure	REVIEW_REQUIRED
synexia-mindex/viewer/src/main/java/com/synexia/mindex/viewer/swing/MIndexSwingBindings.java	17630e5034e312936cdc40d8df2506546405c99d	java	true	family.entire-source-closure	REVIEW_REQUIRED
synexia-mindex/viewer/src/main/java/com/synexia/mindex/viewer/swing/MIndexSwingBreadcrumbPort.java	5f7695a822a97a528a768b0fe0d0166b13d69ada	java	true	family.entire-source-closure	REVIEW_REQUIRED
synexia-mindex/viewer/src/main/java/com/synexia/mindex/viewer/swing/MIndexSwingBuddyActions.java	923808184d812175f0e131e5ec286a9e5cfa9e15	java	true	family.entire-source-closure	REVIEW_REQUIRED
synexia-mindex/viewer/src/main/java/com/synexia/mindex/viewer/swing/MIndexSwingBuiltinAdapters.java	7b23025c5acbe73ac41cb639c6533551f1b974be	java	true	family.entire-source-closure	REVIEW_REQUIRED
synexia-mindex/viewer/src/main/java/com/synexia/mindex/viewer/swing/MIndexSwingCapabilityIndex.java	c6298185c72d7a696ba7dfefae5f354b5de2e689	java	true	family.entire-source-closure	REVIEW_REQUIRED
synexia-mindex/viewer/src/main/java/com/synexia/mindex/viewer/swing/MIndexSwingCapabilityQuery.java	795f4345277e90fc69abdd36af6eeac864d40bb1	java	true	family.entire-source-closure	REVIEW_REQUIRED
synexia-mindex/viewer/src/main/java/com/synexia/mindex/viewer/swing/MIndexSwingCellContext.java	aac9bf7b686b5314ec906af5588fc2512480049d	java	true	family.entire-source-closure	REVIEW_REQUIRED
synexia-mindex/viewer/src/main/java/com/synexia/mindex/viewer/swing/MIndexSwingCellHighlighter.java	c277c0009bbb7e136cd01f6058189059d41133d3	java	true	family.entire-source-closure	REVIEW_REQUIRED
synexia-mindex/viewer/src/main/java/com/synexia/mindex/viewer/swing/MIndexSwingCheckedListSupport.java	e56421f78054cf5bba48edbf6460572c9da61102	java	true	family.entire-source-closure	REVIEW_REQUIRED
synexia-mindex/viewer/src/main/java/com/synexia/mindex/viewer/swing/MIndexSwingCheckedTableSupport.java	4c98004a265e4977ccdcca189be898b187a2d6d2	java	true	family.entire-source-closure	REVIEW_REQUIRED
synexia-mindex/viewer/src/main/java/com/synexia/mindex/viewer/swing/MIndexSwingCheckedTreeSupport.java	fbd2e380dca9cd7c9fc83adb84117007b9f910c4	java	true	family.entire-source-closure	REVIEW_REQUIRED
synexia-mindex/viewer/src/main/java/com/synexia/mindex/viewer/swing/MIndexSwingColumnLayout.java	5b1597e3105df526fefee27e3619436a4270bf0c	java	true	family.entire-source-closure	REVIEW_REQUIRED
synexia-mindex/viewer/src/main/java/com/synexia/mindex/viewer/swing/MIndexSwingColumnPackSupport.java	3953fd02d81c91cfe18c0cca742410719f84aad4	java	true	family.entire-source-closure	REVIEW_REQUIRED
synexia-mindex/viewer/src/main/java/com/synexia/mindex/viewer/swing/MIndexSwingComboPort.java	7d70a379c1272173896c71ad63016e4119565378	java	true	family.entire-source-closure	REVIEW_REQUIRED
synexia-mindex/viewer/src/main/java/com/synexia/mindex/viewer/swing/MIndexSwingComboStyleSupport.java	25d3fe62adeda5ca23a75d5ecfa8b7a65ff2de98	java	true	family.entire-source-closure	REVIEW_REQUIRED
synexia-mindex/viewer/src/main/java/com/synexia/mindex/viewer/swing/MIndexSwingCopyFormat.java	d192a2d0a47d7435fa9abf468942c9cfe9722b19	java	true	family.entire-source-closure	REVIEW_REQUIRED
synexia-mindex/viewer/src/main/java/com/synexia/mindex/viewer/swing/MIndexSwingDropEvent.java	30bca28497275e3aa3271c3a7ae35862b89264bd	java	true	family.entire-source-closure	REVIEW_REQUIRED
synexia-mindex/viewer/src/main/java/com/synexia/mindex/viewer/swing/MIndexSwingDropHandler.java	3758418669712fd69dd6211495a3bfb5cf7dc1bd	java	true	family.entire-source-closure	REVIEW_REQUIRED
synexia-mindex/viewer/src/main/java/com/synexia/mindex/viewer/swing/MIndexSwingErrorPanel.java	284fec72cd2a8aa36dde460216bec04f67633542	java	true	family.entire-source-closure	REVIEW_REQUIRED
synexia-mindex/viewer/src/main/java/com/synexia/mindex/viewer/swing/MIndexSwingExtentIndex.java	0d98946ff08940340d5fb06ab6129dd7ab7558df	java	true	family.entire-source-closure	REVIEW_REQUIRED
synexia-mindex/viewer/src/main/java/com/synexia/mindex/viewer/swing/MIndexSwingFlatModel.java	03be4aa368b8d9758932abd7687a0b54792a3975	java	true	family.entire-source-closure	REVIEW_REQUIRED
synexia-mindex/viewer/src/main/java/com/synexia/mindex/viewer/swing/MIndexSwingHighlighterSupport.java	0b12af52d803de7a04573eca157d578bd631f532	java	true	family.entire-source-closure	REVIEW_REQUIRED
synexia-mindex/viewer/src/main/java/com/synexia/mindex/viewer/swing/MIndexSwingHotPathProfile.java	377ae1a381867854fda0a549a84b5b526fefcc91	java	true	family.entire-source-closure	REVIEW_REQUIRED
synexia-mindex/viewer/src/main/java/com/synexia/mindex/viewer/swing/MIndexSwingIconResolver.java	a4aeb3f40031ca02c04b58080a3695ae9f836a14	java	true	family.entire-source-closure	REVIEW_REQUIRED
synexia-mindex/viewer/src/main/java/com/synexia/mindex/viewer/swing/MIndexSwingIdeInteractions.java	fa265ee824822a78b6184631e75f6ceaaa20df57	java	true	family.entire-source-closure	REVIEW_REQUIRED
synexia-mindex/viewer/src/main/java/com/synexia/mindex/viewer/swing/MIndexSwingInteractionTarget.java	a2b93b5c42a5ce0e32c2ee7d8a46c94616940c31	java	true	family.entire-source-closure	REVIEW_REQUIRED
synexia-mindex/viewer/src/main/java/com/synexia/mindex/viewer/swing/MIndexSwingListPort.java	a2191067b49a9ea6051af4a87b769ab0c31f1381	java	true	family.entire-source-closure	REVIEW_REQUIRED
synexia-mindex/viewer/src/main/java/com/synexia/mindex/viewer/swing/MIndexSwingListStyleSupport.java	fdf3699b808677f9c2693988b5650c87e1a6a3e2	java	true	family.entire-source-closure	REVIEW_REQUIRED
synexia-mindex/viewer/src/main/java/com/synexia/mindex/viewer/swing/MIndexSwingMenuContributor.java	2056fdf2351ca9c5916957c8a761b00f6e4b71ee	java	true	family.entire-source-closure	REVIEW_REQUIRED
synexia-mindex/viewer/src/main/java/com/synexia/mindex/viewer/swing/MIndexSwingOpenHandler.java	f4676c5e7336151fe83d4e8d4c5c940308151404	java	true	family.entire-source-closure	REVIEW_REQUIRED
synexia-mindex/viewer/src/main/java/com/synexia/mindex/viewer/swing/MIndexSwingPageableTreePort.java	f8debcb0951ce5edf003341032d9934af271e7f4	java	true	family.entire-source-closure	REVIEW_REQUIRED
synexia-mindex/viewer/src/main/java/com/synexia/mindex/viewer/swing/MIndexSwingPlannedWidgetAdapter.java	7260b29e4b676f091fc10aa8680a7b987dd09c75	java	true	family.entire-source-closure	REVIEW_REQUIRED
synexia-mindex/viewer/src/main/java/com/synexia/mindex/viewer/swing/MIndexSwingProgressPort.java	b95597c3339ce471cde5cda40225a1199435dd9b	java	true	family.entire-source-closure	REVIEW_REQUIRED
synexia-mindex/viewer/src/main/java/com/synexia/mindex/viewer/swing/MIndexSwingProjection.java	60ae7be44bf4c18ab8b8a09d147f9f506b10b12a	java	true	family.entire-source-closure	REVIEW_REQUIRED
synexia-mindex/viewer/src/main/java/com/synexia/mindex/viewer/swing/MIndexSwingRevealTarget.java	c26392439e5a06fd7a6d4c6ebf202c5d7ee8a1ec	java	true	family.entire-source-closure	REVIEW_REQUIRED
synexia-mindex/viewer/src/main/java/com/synexia/mindex/viewer/swing/MIndexSwingRolloverCell.java	4232dd727fc7148941515c64670d50580ec12c33	java	true	family.entire-source-closure	REVIEW_REQUIRED
synexia-mindex/viewer/src/main/java/com/synexia/mindex/viewer/swing/MIndexSwingRolloverSupport.java	519c477c049175b074c09c64da9d6771a7bad9ff	java	true	family.entire-source-closure	REVIEW_REQUIRED
synexia-mindex/viewer/src/main/java/com/synexia/mindex/viewer/swing/MIndexSwingSearchMatchHighlighter.java	8b11780c5b643dcdb04c778357606f9d3ebcd8ca	java	true	family.entire-source-closure	REVIEW_REQUIRED
synexia-mindex/viewer/src/main/java/com/synexia/mindex/viewer/swing/MIndexSwingSpeedSearchPort.java	4ea9ed1509ffec0a15bb688cfb9ddfbecff36378	java	true	family.entire-source-closure	REVIEW_REQUIRED
synexia-mindex/viewer/src/main/java/com/synexia/mindex/viewer/swing/MIndexSwingTableColumnLayoutSupport.java	24a331a3533cd69d4fcfcec6977d413764a3c1ec	java	true	family.entire-source-closure	REVIEW_REQUIRED
synexia-mindex/viewer/src/main/java/com/synexia/mindex/viewer/swing/MIndexSwingTablePort.java	47dfec358585678f225d0882d3e951abefce1f79	java	true	family.entire-source-closure	REVIEW_REQUIRED
synexia-mindex/viewer/src/main/java/com/synexia/mindex/viewer/swing/MIndexSwingTableSortSupport.java	b48d4ba638361a662d1739f5a120f7979e2d84ec	java	true	family.entire-source-closure	REVIEW_REQUIRED
synexia-mindex/viewer/src/main/java/com/synexia/mindex/viewer/swing/MIndexSwingTableStyleSupport.java	5e6c6a61e23fac3214ca4efbf0e31df8cfc6ab3f	java	true	family.entire-source-closure	REVIEW_REQUIRED
synexia-mindex/viewer/src/main/java/com/synexia/mindex/viewer/swing/MIndexSwingTextPort.java	a1dc6db23fa4cf040826aa0065ee51f04f8e9c89	java	true	family.entire-source-closure	REVIEW_REQUIRED
synexia-mindex/viewer/src/main/java/com/synexia/mindex/viewer/swing/MIndexSwingTransferHandler.java	5e3bcf98e8bce4c15a3c3d975f2cb3331ebe8525	java	true	family.entire-source-closure	REVIEW_REQUIRED
synexia-mindex/viewer/src/main/java/com/synexia/mindex/viewer/swing/MIndexSwingTransferPayload.java	920f5d2660df1588407ef21cb43a7120aae3d96f	java	true	family.entire-source-closure	REVIEW_REQUIRED
synexia-mindex/viewer/src/main/java/com/synexia/mindex/viewer/swing/MIndexSwingTreeDropSupport.java	c7f66f5041f3b4c7e9348f040bddda7eea879792	java	true	family.entire-source-closure	REVIEW_REQUIRED
synexia-mindex/viewer/src/main/java/com/synexia/mindex/viewer/swing/MIndexSwingTreePort.java	69344dc9010e6cf3347739349cb277bf2c1ce8db	java	true	family.entire-source-closure	REVIEW_REQUIRED
synexia-mindex/viewer/src/main/java/com/synexia/mindex/viewer/swing/MIndexSwingTreeStyleSupport.java	ebf6771d4713241632d33d279bdcfbee1ef335b0	java	true	family.entire-source-closure	REVIEW_REQUIRED
synexia-mindex/viewer/src/main/java/com/synexia/mindex/viewer/swing/MIndexSwingTreeTableHost.java	66f7db34bc9830a37d859829057522155b93bcb4	java	true	family.entire-source-closure	REVIEW_REQUIRED
synexia-mindex/viewer/src/main/java/com/synexia/mindex/viewer/swing/MIndexSwingTreeTableModel.java	907dff85c3fb9999c22806ad82089c2558d939f2	java	true	family.entire-source-closure	REVIEW_REQUIRED
synexia-mindex/viewer/src/main/java/com/synexia/mindex/viewer/swing/MIndexSwingTreeTablePort.java	41e97799d7abe648780942c503ace75f2138b638	java	true	family.entire-source-closure	REVIEW_REQUIRED
synexia-mindex/viewer/src/main/java/com/synexia/mindex/viewer/swing/MIndexSwingViewportController.java	30fc7633b5034d66eaed6994996f3dcaa8f04c7d	java	true	family.entire-source-closure	REVIEW_REQUIRED
synexia-mindex/viewer/src/main/java/com/synexia/mindex/viewer/swing/MIndexSwingViewportDelta.java	b7edb8d1ca09a01021b1508a9cf65eb03f93eb36	java	true	family.entire-source-closure	REVIEW_REQUIRED
synexia-mindex/viewer/src/main/java/com/synexia/mindex/viewer/swing/MIndexSwingViewportIndex.java	1fa748c4f640ae363e63898aec20a5779d920540	java	true	family.entire-source-closure	REVIEW_REQUIRED
synexia-mindex/viewer/src/main/java/com/synexia/mindex/viewer/swing/MIndexSwingViewportReconciler.java	cca66c1e06c1c6cf2ac5dcab2b15b64a702a0d72	java	true	family.entire-source-closure	REVIEW_REQUIRED
synexia-mindex/viewer/src/main/java/com/synexia/mindex/viewer/swing/MIndexSwingWidgetAdapter.java	06d551abe44d81d8b06db0035131088de85dfa0d	java	true	family.entire-source-closure	REVIEW_REQUIRED
synexia-mindex/viewer/src/main/java/com/synexia/mindex/viewer/swing/MIndexSwingWidgetBinding.java	f0c5e6c8a5416c29364d1eb2cba17a72cfea0d38	java	true	family.entire-source-closure	REVIEW_REQUIRED
synexia-mindex/viewer/src/main/java/com/synexia/mindex/viewer/swing/MIndexSwingWidgetBlueprint.java	faf9c47811763d8427d31301be3d5d60473c075f	java	true	family.entire-source-closure	REVIEW_REQUIRED
synexia-mindex/viewer/src/main/java/com/synexia/mindex/viewer/swing/MIndexSwingWidgetBlueprints.java	f4d32c52264f5c70a2e63d054342a46b8091ec15	java	true	family.entire-source-closure	REVIEW_REQUIRED
synexia-mindex/viewer/src/main/java/com/synexia/mindex/viewer/swing/MIndexSwingWidgetFramework.java	ae919f1fc485a21261d71e59eb8c40906ab4b9fe	java	true	family.entire-source-closure	REVIEW_REQUIRED
synexia-mindex/viewer/src/main/java/com/synexia/mindex/viewer/swing/MIndexSwingWidgetPlan.java	3fd20bfc41aaaf7bb816c251cf2d8e633b289e5b	java	true	family.entire-source-closure	REVIEW_REQUIRED
synexia-mindex/viewer/src/main/java/com/synexia/mindex/viewer/swing/MIndexSwingWidgetPlans.java	4ee7ecd5aa1a48cc43b66b64624a384c3d862925	java	true	family.entire-source-closure	REVIEW_REQUIRED
synexia-mindex/viewer/src/main/java/com/synexia/mindex/viewer/swing/MIndexSwingWidgetRole.java	8a202c16030713d77cee4fb20e68c1397e83fcd1	java	true	family.entire-source-closure	REVIEW_REQUIRED
synexia-mindex/viewer/src/main/java/com/synexia/mindex/viewer/swing/MIndexSwingWidgetTranslation.java	562ea1967bbba6d132f51cdd5c1e296d37a8e831	java	true	family.entire-source-closure	REVIEW_REQUIRED
