sha256	bytes	path
ed41a4a628adf1f7767ae00578e1f75944ea54a72434b2beef04df0031be92b2	974	evidence/consumer-v3/compiled-java/migration-recipes/classes/com/m3/rewrite/backport/jdk21-hash-pinned-text/map-guard/before-workflow.yml.txt
7c327e6b56d0ca544adf36071e97bbc63bc11ec49d684efa20237d3a1a33197a	191	evidence/consumer-v3/compiled-java/migration-recipes/classes/com/m3/rewrite/backport/jdk21-hash-pinned-text/map-guard/manifest.tsv
05aac4ad4b59e722bab8cd2e9af6ba1b5917debd6b240790573073964d919d4f	1266	evidence/consumer-v3/compiled-java/migration-recipes/classes/com/m3/rewrite/backport/jdk21-hash-pinned-text/map-guard/workflow.yml.txt
474a16d0daad280133bc51418ab6fe3c40fa5fb0d52e929adc0903b86c4bd129	1074	evidence/consumer-v3/compiled-java/migration-recipes/classes/com/m3/rewrite/backport/jdk21-hash-pinned-text/map-utf/before-workflow.yml.txt
a11ac37e9a84ab7472cdc5001eeb70e00adf7f25e9a7e87ab45e788e4f310603	191	evidence/consumer-v3/compiled-java/migration-recipes/classes/com/m3/rewrite/backport/jdk21-hash-pinned-text/map-utf/manifest.tsv
05aac4ad4b59e722bab8cd2e9af6ba1b5917debd6b240790573073964d919d4f	1266	evidence/consumer-v3/compiled-java/migration-recipes/classes/com/m3/rewrite/backport/jdk21-hash-pinned-text/map-utf/workflow.yml.txt
36d8b7d6f79643c290d13b64575fcaada7cf3e519bca303987cbdc152b5a3186	124	evidence/consumer-v3/compiled-java/migration-recipes/classes/com/m3/rewrite/backport/jdk21-hash-pinned-text/proof-kit/manifest.tsv
ad4fa143d9ffa9fa769d9651772bbf48eaa6bc77bd4b4d0ffdcdf40215a6228b	4481	evidence/consumer-v3/compiled-java/migration-recipes/classes/com/m3/rewrite/backport/jdk21-hash-pinned-text/proof-kit/workflow.yml.txt
12c1e5cebc488f9d4669d668caf004854c436812122ec63bf1173d3ae3a57d3c	6987	evidence/consumer-v3/compiled-java/migration-recipes/classes/com/m3/rewrite/backport/jdk21-hash-pinned/jdk22-class-ver/00-inspector.java.txt
daeab2f471d0df3135f3797c4df5734c4005636923c7b8eae1aaf0059d790912	9189	evidence/consumer-v3/compiled-java/migration-recipes/classes/com/m3/rewrite/backport/jdk21-hash-pinned/jdk22-class-ver/01-checks.java.txt
7e0195b4aa23d926c2cb45508768dfd4eeff4d6565acbb9a89893a6bb4fc9794	558	evidence/consumer-v3/compiled-java/migration-recipes/classes/com/m3/rewrite/backport/jdk21-hash-pinned/jdk22-class-ver/02-test.java.txt
6e3599202a1afc6f1971c6a88b8c8e5d31f410c9295e87e85d5e46c779c5905e	6693	evidence/consumer-v3/compiled-java/migration-recipes/classes/com/m3/rewrite/backport/jdk21-hash-pinned/jdk22-class-ver/before-00-inspector.java.txt
d927952d199afa2da9f115494dbb68066acb3c9a90b33213a0a4127de1cb3b57	531	evidence/consumer-v3/compiled-java/migration-recipes/classes/com/m3/rewrite/backport/jdk21-hash-pinned/jdk22-class-ver/manifest.tsv
1333a9cf8b96b8c919d1c098899648d0a82cdce7e775167fe3ff2e571c54ec67	1815	evidence/consumer-v3/compiled-java/migration-recipes/classes/com/m3/rewrite/backport/jdk21-hash-pinned/jdk22-descriptor/00-Descriptor.java.txt
4c7fc3b36ac32873e6f4f6e7aecc71b0e1bfe82a85b61a3114cf7e88a057b578	9136	evidence/consumer-v3/compiled-java/migration-recipes/classes/com/m3/rewrite/backport/jdk21-hash-pinned/jdk22-descriptor/01-DescriptorTest.java.txt
df17c48e54de060060e4393e5c2f3e8e2f068bad38a69576a82709cc6d4cbdb9	2367	evidence/consumer-v3/compiled-java/migration-recipes/classes/com/m3/rewrite/backport/jdk21-hash-pinned/jdk22-descriptor/before-00-Descriptor.java.txt
6c42ad2af4f9c5d24501a94eebd145c5cf77ed505ce1a1bb62d5b06b6c341cd1	396	evidence/consumer-v3/compiled-java/migration-recipes/classes/com/m3/rewrite/backport/jdk21-hash-pinned/jdk22-descriptor/manifest.tsv
7fd7f4b25571bf13fc3e2048b87d730e8346e29102fd4a4159c0144699df55a8	13978	evidence/consumer-v3/compiled-java/migration-recipes/classes/com/m3/rewrite/backport/jdk21-hash-pinned/jdk22-jep458-multifile-java/00-module-info.java.txt
a8125e7682911aebee88b79df90902661c08b6938dc8584d2a4d9ca786f714ee	11575	evidence/consumer-v3/compiled-java/migration-recipes/classes/com/m3/rewrite/backport/jdk21-hash-pinned/jdk22-jep458-multifile-java/01-Preview.java.txt
ea6dea5bdc8342d246a65e6520bb0bd8f5c1bc2a4050e4b21fb4a750b7395d01	2848	evidence/consumer-v3/compiled-java/migration-recipes/classes/com/m3/rewrite/backport/jdk21-hash-pinned/jdk22-jep458-multifile-java/02-Fault.java.txt
28fca3222f297b7ebc25598cfff30423f721313845733dbeacdff62b491aeb9e	11491	evidence/consumer-v3/compiled-java/migration-recipes/classes/com/m3/rewrite/backport/jdk21-hash-pinned/jdk22-jep458-multifile-java/03-MemoryClassLoader.java.txt
b931e3f2fa7615a67be8c34bf41074f50e475c0f676db96a85485ecce072abc0	12181	evidence/consumer-v3/compiled-java/migration-recipes/classes/com/m3/rewrite/backport/jdk21-hash-pinned/jdk22-jep458-multifile-java/04-MemoryContext.java.txt
26a5b3cb994d4b582e9538a6bbd7778a94abcaf047014fb8f984b4fe2c298fc9	3672	evidence/consumer-v3/compiled-java/migration-recipes/classes/com/m3/rewrite/backport/jdk21-hash-pinned/jdk22-jep458-multifile-java/05-MemoryFileManager.java.txt
784837a563756ec6f9fa71aed53849db06e1f30d835a9838a401d00efd3ae19c	6132	evidence/consumer-v3/compiled-java/migration-recipes/classes/com/m3/rewrite/backport/jdk21-hash-pinned/jdk22-jep458-multifile-java/06-MemoryModuleFinder.java.txt
c1342044fa7095949315397710e282444086d2e465a8988af2a9c6b88d1dd061	5209	evidence/consumer-v3/compiled-java/migration-recipes/classes/com/m3/rewrite/backport/jdk21-hash-pinned/jdk22-jep458-multifile-java/07-ProgramDescriptor.java.txt
7b98756c484d250da48988c4f63f4556863f8d40544856f7ed2e537d9b0c9fa4	5101	evidence/consumer-v3/compiled-java/migration-recipes/classes/com/m3/rewrite/backport/jdk21-hash-pinned/jdk22-jep458-multifile-java/08-ProgramFileObject.java.txt
590abf6d39fd3c83a764e362b527074b53113a7fac37001a31cd0d1dd948388b	6813	evidence/consumer-v3/compiled-java/migration-recipes/classes/com/m3/rewrite/backport/jdk21-hash-pinned/jdk22-jep458-multifile-java/09-RelevantJavacOptions.java.txt
00a67e27dfbd9cbe5090b02eb8a77ccbb51960d471df60c35c19ccb8800fc2ed	1770	evidence/consumer-v3/compiled-java/migration-recipes/classes/com/m3/rewrite/backport/jdk21-hash-pinned/jdk22-jep458-multifile-java/10-Result.java.txt
e88840c52b8d1d57a6202e1edc77584e1419d996e5f89c41e053bc6b0f7112c5	11728	evidence/consumer-v3/compiled-java/migration-recipes/classes/com/m3/rewrite/backport/jdk21-hash-pinned/jdk22-jep458-multifile-java/11-SourceLauncher.java.txt
604714c53846bf45cf5a60bad3906ec94a0741e599e6fb60fe6e19c0e115b722	56358	evidence/consumer-v3/compiled-java/migration-recipes/classes/com/m3/rewrite/backport/jdk21-hash-pinned/jdk22-jep458-multifile-java/12-Option.java.txt
20ac6094200b19304a3df66dd9abdcbb296bf30a04e643d4fa8ffebca0443ada	4569	evidence/consumer-v3/compiled-java/migration-recipes/classes/com/m3/rewrite/backport/jdk21-hash-pinned/jdk22-jep458-multifile-java/13-BasicSourceLauncherTests.java.txt
e96691270eb4a1b9dc1d24ec4534a6928c0da3c41ad682a1192dedb5a2a6fc1e	2258	evidence/consumer-v3/compiled-java/migration-recipes/classes/com/m3/rewrite/backport/jdk21-hash-pinned/jdk22-jep458-multifile-java/14-GetResourceTest.java.txt
041ffa57b35e893897a0868ec9e0843faf3fa8fa2cb849d20178a2ffbc595c3e	8634	evidence/consumer-v3/compiled-java/migration-recipes/classes/com/m3/rewrite/backport/jdk21-hash-pinned/jdk22-jep458-multifile-java/15-ModuleSourceLauncherTests.java.txt
6720ed7ca21d113ae3b9a35c8aa202da26826d75ad4afcee03a1db470f6e048b	11925	evidence/consumer-v3/compiled-java/migration-recipes/classes/com/m3/rewrite/backport/jdk21-hash-pinned/jdk22-jep458-multifile-java/16-MultiFileSourceLauncherTests.java.txt
6eb2adca875262a479c4557818b26cf0d5111556173624d90d78264c81e6a9e7	3411	evidence/consumer-v3/compiled-java/migration-recipes/classes/com/m3/rewrite/backport/jdk21-hash-pinned/jdk22-jep458-multifile-java/17-ProgramDescriptorTests.java.txt
e47beaaaf542064dc1e9ccf3256b6ef0981824d6766c47106d809928576d659c	2645	evidence/consumer-v3/compiled-java/migration-recipes/classes/com/m3/rewrite/backport/jdk21-hash-pinned/jdk22-jep458-multifile-java/18-Run.java.txt
4b6453855a78988ccf4c7a7c2596190011f47dcccd494a49c2fc7834279886cf	35361	evidence/consumer-v3/compiled-java/migration-recipes/classes/com/m3/rewrite/backport/jdk21-hash-pinned/jdk22-jep458-multifile-java/19-SourceLauncherTest.java.txt
a53a4ad6a6e38c069b02ec8091665f7f3facb5167563b323ac1d24780cb26d27	5777	evidence/consumer-v3/compiled-java/migration-recipes/classes/com/m3/rewrite/backport/jdk21-hash-pinned/jdk22-jep458-multifile-java/20-CLTest.java.txt
a9b0b684f78b4e6daa77886ef4f62fcfffa78519ee71a8a1d79ee237cae6aa6c	12388	evidence/consumer-v3/compiled-java/migration-recipes/classes/com/m3/rewrite/backport/jdk21-hash-pinned/jdk22-jep458-multifile-java/21-ListModuleDeps.java.txt
366ba913bfd9bb6fba5821f490df81cead34268e54818f7eb4c26962fada8ba1	3869	evidence/consumer-v3/compiled-java/migration-recipes/classes/com/m3/rewrite/backport/jdk21-hash-pinned/jdk22-jep458-multifile-java/manifest.tsv
323bca7d4452e3e58f5c5941b586c33825becc2593b853b51df86db9d820e25b	31653	evidence/consumer-v3/compiled-java/migration-recipes/classes/com/m3/rewrite/backport/jdk21-hash-pinned/jdk22-map-facts/00-Backing.java.txt
c5d856acc3fa5b7b636894d1dd18b087c1d8e1a450fcbef0821e87b969d185c2	13034	evidence/consumer-v3/compiled-java/migration-recipes/classes/com/m3/rewrite/backport/jdk21-hash-pinned/jdk22-map-facts/01-MapFactsTest.java.txt
b038fff642ab35aa2cf749d3ac81c3559ff8f6fc59a723fd2a5212654f4ba651	27305	evidence/consumer-v3/compiled-java/migration-recipes/classes/com/m3/rewrite/backport/jdk21-hash-pinned/jdk22-map-facts/before-00-Backing.java.txt
79eb64cf105af766b0814815e63665e3e1218d7eade2ad6578d9a7b3058ecc68	370	evidence/consumer-v3/compiled-java/migration-recipes/classes/com/m3/rewrite/backport/jdk21-hash-pinned/jdk22-map-facts/manifest.tsv
323bca7d4452e3e58f5c5941b586c33825becc2593b853b51df86db9d820e25b	31653	evidence/consumer-v3/compiled-java/migration-recipes/classes/com/m3/rewrite/backport/jdk21-hash-pinned/jdk22-map-guard/00-Backing.java.txt
620e1ccd61d9f8675a18ce74eb307b5a02f75fad6c535e17e42661ef3409185a	14571	evidence/consumer-v3/compiled-java/migration-recipes/classes/com/m3/rewrite/backport/jdk21-hash-pinned/jdk22-map-guard/01-MapGuardTest.java.txt
5e870466f7a4005b7f8798fa918b0318a2a42889af8efbac7ff3f4436e6db33e	25961	evidence/consumer-v3/compiled-java/migration-recipes/classes/com/m3/rewrite/backport/jdk21-hash-pinned/jdk22-map-guard/before-00-Backing.java.txt
880731315e4c50076a1c240dfecb8bc9aa5551b40cc4a83f0f68e837accad79f	2933	evidence/consumer-v3/compiled-java/migration-recipes/classes/com/m3/rewrite/backport/jdk21-hash-pinned/jdk22-map-guard/context-Backing.java.txt
95916a7687bf3dcf2bb39a7d0859a023d0796b58a3ac25318e6a813595f531b0	13241	evidence/consumer-v3/compiled-java/migration-recipes/classes/com/m3/rewrite/backport/jdk21-hash-pinned/jdk22-map-guard/context-Test.java.txt
347f7f0081625963a40530ce285167198916fa85850fdec5c4c845a271c1bb74	370	evidence/consumer-v3/compiled-java/migration-recipes/classes/com/m3/rewrite/backport/jdk21-hash-pinned/jdk22-map-guard/manifest.tsv
323bca7d4452e3e58f5c5941b586c33825becc2593b853b51df86db9d820e25b	31653	evidence/consumer-v3/compiled-java/migration-recipes/classes/com/m3/rewrite/backport/jdk21-hash-pinned/jdk22-map-utf/00-Backing.java.txt
56df66547663793a8eeec761480fbd9c7cffa441a3db70b3ae9aa700cb28e051	9597	evidence/consumer-v3/compiled-java/migration-recipes/classes/com/m3/rewrite/backport/jdk21-hash-pinned/jdk22-map-utf/01-MapUtfTest.java.txt
c5d856acc3fa5b7b636894d1dd18b087c1d8e1a450fcbef0821e87b969d185c2	13034	evidence/consumer-v3/compiled-java/migration-recipes/classes/com/m3/rewrite/backport/jdk21-hash-pinned/jdk22-map-utf/02-MapFactsTest.java.txt
b038fff642ab35aa2cf749d3ac81c3559ff8f6fc59a723fd2a5212654f4ba651	27305	evidence/consumer-v3/compiled-java/migration-recipes/classes/com/m3/rewrite/backport/jdk21-hash-pinned/jdk22-map-utf/before-00-Backing.java.txt
0fc943f7b7c181dde4f9160321b9597cef69ca2cc070a19cd2a0162eeea53def	507	evidence/consumer-v3/compiled-java/migration-recipes/classes/com/m3/rewrite/backport/jdk21-hash-pinned/jdk22-map-utf/manifest.tsv
4620bec8fa489b8dcfb8960d8979bfb75517d7893b5f26546d1abaf9f629800e	10998	evidence/consumer-v3/compiled-java/migration-recipes/classes/com/m3/rewrite/backport/jdk21-hash-pinned/jdk22-recipe-closure/00-M3A3AlgorithmCatalogueRecipe.java.txt
ea31026be2f699923e4dfcc6fa906cee77eb5a46bdb9a32948948bfdfe19cebb	7151	evidence/consumer-v3/compiled-java/migration-recipes/classes/com/m3/rewrite/backport/jdk21-hash-pinned/jdk22-recipe-closure/01-M3PureIntAtomEligibility.java.txt
9ba3245512f18e3d921b6a8d013cea05a70b5a84c473b34dbd574ba55a1978d4	4112	evidence/consumer-v3/compiled-java/migration-recipes/classes/com/m3/rewrite/backport/jdk21-hash-pinned/jdk22-recipe-closure/02-M3RecipeScopeRegistry.java.txt
cf1c56ebf8fc2df3778cd56e34240da7c3ba722cb2949e8957b81157abf8b9ba	8378	evidence/consumer-v3/compiled-java/migration-recipes/classes/com/m3/rewrite/backport/jdk21-hash-pinned/jdk22-recipe-closure/03-M3RecipeScopeDeclarationTest.java.txt
f69f06564a88fcdc851d267e07f1def2586963d4f14bc552986529d7db8ec8e0	10557	evidence/consumer-v3/compiled-java/migration-recipes/classes/com/m3/rewrite/backport/jdk21-hash-pinned/jdk22-recipe-closure/before-00-M3A3AlgorithmCatalogueRecipe.java.txt
2c7f2634165eaa4ae2ba668e38b4aeb44dad646d5f7b2dc55865e17d670771bf	6876	evidence/consumer-v3/compiled-java/migration-recipes/classes/com/m3/rewrite/backport/jdk21-hash-pinned/jdk22-recipe-closure/before-01-M3PureIntAtomEligibility.java.txt
232fae809f232e1201347be243a379d7c0b7cf13dba587219e64ed07c32b05fd	3979	evidence/consumer-v3/compiled-java/migration-recipes/classes/com/m3/rewrite/backport/jdk21-hash-pinned/jdk22-recipe-closure/before-02-M3RecipeScopeRegistry.java.txt
a79bd712e4ffc0d1ba0d4a7fba9c064f94420fbde8c63e7b2a91496d443e4b7c	8280	evidence/consumer-v3/compiled-java/migration-recipes/classes/com/m3/rewrite/backport/jdk21-hash-pinned/jdk22-recipe-closure/before-03-M3RecipeScopeDeclarationTest.java.txt
d80a5af11629b89cb2e69d3a119becb7606fb029e8e121d47d684ca755435182	934	evidence/consumer-v3/compiled-java/migration-recipes/classes/com/m3/rewrite/backport/jdk21-hash-pinned/jdk22-recipe-closure/manifest.tsv
200e5d42d6ee7957c41071a775fb5a83d6224c869bea65c9bc863e4dd9adde6a	31673	evidence/consumer-v3/compiled-java/migration-recipes/classes/com/m3/rewrite/backport/jdk21-hash-pinned/jdk24-jep485-stream-gatherers/00-AbstractPipeline.java.txt
808d8dec8da41e93dbe938081c36750a6d36c96a4b2dcd90d2558a7b5d0ebd47	24085	evidence/consumer-v3/compiled-java/migration-recipes/classes/com/m3/rewrite/backport/jdk21-hash-pinned/jdk24-jep485-stream-gatherers/01-Gatherer.java.txt
ca4f6e9e38494147885e554033d58e1549397b8c7fc627d5f6f3da93717579ad	29495	evidence/consumer-v3/compiled-java/migration-recipes/classes/com/m3/rewrite/backport/jdk21-hash-pinned/jdk24-jep485-stream-gatherers/02-GathererOp.java.txt
6115dd7015fe6680ef597a7cc3ec5b0c06eccc7259aa5bd4899454b5af624f1d	31455	evidence/consumer-v3/compiled-java/migration-recipes/classes/com/m3/rewrite/backport/jdk21-hash-pinned/jdk24-jep485-stream-gatherers/03-Gatherers.java.txt
ee090d081a5cfd580a9bf75eeca2eddb3d1a996f8d77394cd45756adc071bba8	32687	evidence/consumer-v3/compiled-java/migration-recipes/classes/com/m3/rewrite/backport/jdk21-hash-pinned/jdk24-jep485-stream-gatherers/04-ReferencePipeline.java.txt
688ef137efe90856360c35f86a000b0ec49d12c66294f7bd0f6cceb2022bab0f	82970	evidence/consumer-v3/compiled-java/migration-recipes/classes/com/m3/rewrite/backport/jdk21-hash-pinned/jdk24-jep485-stream-gatherers/05-Stream.java.txt
36eddaa3aefde19ac9b7a9c716b13842103bade2e3d40202be8b79440a8c8577	41596	evidence/consumer-v3/compiled-java/migration-recipes/classes/com/m3/rewrite/backport/jdk21-hash-pinned/jdk24-jep485-stream-gatherers/06-package-info.java.txt
dda26f47fda79ed3fef1518f4bf3ae6f36843f257709568ddef98837398fe061	9923	evidence/consumer-v3/compiled-java/migration-recipes/classes/com/m3/rewrite/backport/jdk21-hash-pinned/jdk24-jep485-stream-gatherers/07-GathererAPITest.java.txt
9e58fdeb31975f23a2e3bcd8aa70be539b72a09aaca1b56a4d933534dc134b89	2497	evidence/consumer-v3/compiled-java/migration-recipes/classes/com/m3/rewrite/backport/jdk21-hash-pinned/jdk24-jep485-stream-gatherers/08-GathererShortCircuitTest.java.txt
95183909bdf24d7942566d0da086e6a0b7e7c86041c39b41eb9b31f660ff88a1	17744	evidence/consumer-v3/compiled-java/migration-recipes/classes/com/m3/rewrite/backport/jdk21-hash-pinned/jdk24-jep485-stream-gatherers/09-GathererTest.java.txt
1ac1891ee9004df5de9328709bea955f4da41e88908c9aa8c83fafb5ac8bb27c	3164	evidence/consumer-v3/compiled-java/migration-recipes/classes/com/m3/rewrite/backport/jdk21-hash-pinned/jdk24-jep485-stream-gatherers/10-GatherersFoldTest.java.txt
eb1bd5ac55a99540b1516656041310ecf56c1a8dd20a8eb1fd599318b5647cf2	14652	evidence/consumer-v3/compiled-java/migration-recipes/classes/com/m3/rewrite/backport/jdk21-hash-pinned/jdk24-jep485-stream-gatherers/11-GatherersMapConcurrentTest.java.txt
2cd7315a80e9036d0f04c8a325fd75f700bab8468abf6c0fa0a67ac1235ba2a7	3539	evidence/consumer-v3/compiled-java/migration-recipes/classes/com/m3/rewrite/backport/jdk21-hash-pinned/jdk24-jep485-stream-gatherers/12-GatherersScanTest.java.txt
a13a9d288d6435165d381aa5af0dd2073f67b79d409a2ff476a5933cd5bef50e	4882	evidence/consumer-v3/compiled-java/migration-recipes/classes/com/m3/rewrite/backport/jdk21-hash-pinned/jdk24-jep485-stream-gatherers/13-GatherersWindowFixedTest.java.txt
f5b69e1677020ce3dc8c132881868514d61876e952aaed2bae3a33d2cc519393	5115	evidence/consumer-v3/compiled-java/migration-recipes/classes/com/m3/rewrite/backport/jdk21-hash-pinned/jdk24-jep485-stream-gatherers/14-GatherersWindowSlidingTest.java.txt
3172ca1814ce01a40091d05f691ee044dfa72c1b4f24b10514fe491fc6d6e66c	2598	evidence/consumer-v3/compiled-java/migration-recipes/classes/com/m3/rewrite/backport/jdk21-hash-pinned/jdk24-jep485-stream-gatherers/manifest.tsv
374269a8f8913fd88954c89cb55efbf14cc93ac1ecda8c290092cddb4036ebe7	12700	evidence/consumer-v3/compiled-java/migration-recipes/classes/com/m3/rewrite/backport/jdk21-hash-pinned/jdk27-javadoc-8347112-java/01-DocFilesHandlerImpl.java.txt
a2ccc9e2ac20464f8a1e90385271bef92a10a252279cd039ff29f4a4f1916e81	30681	evidence/consumer-v3/compiled-java/migration-recipes/classes/com/m3/rewrite/backport/jdk21-hash-pinned/jdk27-javadoc-8347112-java/02-BaseConfiguration.java.txt
da0ee9d6a1874a402571a34e19d5d11521d51b2eda30ff33cf04056936cff568	11280	evidence/consumer-v3/compiled-java/migration-recipes/classes/com/m3/rewrite/backport/jdk21-hash-pinned/jdk27-javadoc-8347112-java/03-TestCopyFiles.java.txt
7b25f62e952a632b6b2fae30e31c0d41f1d648fcb2b3c18e5e5ce520ba202cf8	732	evidence/consumer-v3/compiled-java/migration-recipes/classes/com/m3/rewrite/backport/jdk21-hash-pinned/jdk27-javadoc-8347112-java/manifest.tsv
fafd235f12cfb937c383e5a0ba4b0a65561da6cf2b644b8be2476eeab7ed8b6a	1839	evidence/consumer-v3/compiled-java/migration-recipes/classes/com/m3/rewrite/backport/jdk21-hash-pinned/jdk27-jfr-options-help-8367584-java/00-TestOptionsHelp.java.txt
c26014d4684ea246a8d5540149cb86f6a40fd8743aa4ac8dda70e44fe0cfc56e	150	evidence/consumer-v3/compiled-java/migration-recipes/classes/com/m3/rewrite/backport/jdk21-hash-pinned/jdk27-jfr-options-help-8367584-java/manifest.tsv
ecc6fef6147ba3dbfdf3db57e0d361a48a36cda8cbf6718beeecc7899bb572a4	91276	evidence/consumer-v3/compiled-java/migration-recipes/classes/com/m3/rewrite/backport/jdk21-hash-pinned/jdk27-keystore-creation-instant-8374808/00-KeyStore.java.txt
0abe2b4077befe28e2b3b9edcd03fbbed77319660ff408794bdb8f6b3d24d031	28057	evidence/consumer-v3/compiled-java/migration-recipes/classes/com/m3/rewrite/backport/jdk21-hash-pinned/jdk27-keystore-creation-instant-8374808/01-KeyStoreSpi.java.txt
d9266a7bb859c3a1a8c5d309df2c1ae95d4d7e9bcc5191193cd6c93717dd7f04	6152	evidence/consumer-v3/compiled-java/migration-recipes/classes/com/m3/rewrite/backport/jdk21-hash-pinned/jdk27-keystore-creation-instant-8374808/02-CreationInstant.java.txt
2d805902f415e7acbdf8955da127474ce5fb901d6392b8a5c733f1faf5a204db	573	evidence/consumer-v3/compiled-java/migration-recipes/classes/com/m3/rewrite/backport/jdk21-hash-pinned/jdk27-keystore-creation-instant-8374808/manifest.tsv
f56ba88b1e8986b849fead075c654b4b9961dcb49b168c733cb6e59d6113f2a8	4873	evidence/consumer-v3/compiled-java/migration-recipes/classes/com/m3/rewrite/backport/jdk21-hash-pinned/jdk27-password-policy-proof-20261004/00-M3PasswordPolicyCases.java.txt
4affb89e8d6ebc558672e0e786d147fdc684b85a04ac6a91fcf91e79509b9ad7	169	evidence/consumer-v3/compiled-java/migration-recipes/classes/com/m3/rewrite/backport/jdk21-hash-pinned/jdk27-password-policy-proof-20261004/manifest.tsv
5840ee0eac7e23c3a3834dddde70f059f512331a653a3d9ea80faa8d05f0abc4	6883	evidence/consumer-v3/compiled-java/migration-recipes/classes/com/m3/rewrite/backport/jdk21-hash-pinned/jdk27-password-systemin-8368692-java/00-Password.java.txt
1b570f0d4bf5764e3d89000b9afc914073d8862be79cd9c0b1487ac2d81a7148	2806	evidence/consumer-v3/compiled-java/migration-recipes/classes/com/m3/rewrite/backport/jdk21-hash-pinned/jdk27-password-systemin-8368692-java/01-AllowSystemIn.java.txt
360e70e3d733b04f426fffebeedb59c76a158b405c01ccfc61a35593334f8e35	364	evidence/consumer-v3/compiled-java/migration-recipes/classes/com/m3/rewrite/backport/jdk21-hash-pinned/jdk27-password-systemin-8368692-java/manifest.tsv
0bc30e8aee9bb87d051c5670efc2093f5b2d373b1ead4fb09d02fbdb3e149962	40627	evidence/consumer-v3/compiled-java/migration-recipes/classes/com/m3/rewrite/backport/jdk21-hash-pinned/jdk27-security-properties-8364182-java/00-Security.java.txt
73470efbd9d61c0a78223b626c3c622ded47e432e740548c16da29c1091f502e	1396	evidence/consumer-v3/compiled-java/migration-recipes/classes/com/m3/rewrite/backport/jdk21-hash-pinned/jdk27-security-properties-8364182-java/01-JavaSecurityPropertiesAccess.java.txt
48f0c0b3d2dfafae99ea663a28c2a16e54ee1f8379e05b0a9b27641b363cb440	25702	evidence/consumer-v3/compiled-java/migration-recipes/classes/com/m3/rewrite/backport/jdk21-hash-pinned/jdk27-security-properties-8364182-java/02-VMSupport.java.txt
07907e5f65c24f06c9f5bc0bf34e98a44085bf276068e0ecc4d8fc9b36c9e778	2230	evidence/consumer-v3/compiled-java/migration-recipes/classes/com/m3/rewrite/backport/jdk21-hash-pinned/jdk27-security-properties-8364182-java/03-SecurityPropertiesTest.java.txt
365fa8c05d774109ac66c411d4a4b4945f0fa76386d352983e0894d53074e6eb	848	evidence/consumer-v3/compiled-java/migration-recipes/classes/com/m3/rewrite/backport/jdk21-hash-pinned/jdk27-security-properties-8364182-java/manifest.tsv
cb50139594817d5cb2477c4d67148d4aed2174299f05cff9a3b24416139bc6b4	4037	evidence/consumer-v3/compiled-java/migration-recipes/classes/com/m3/rewrite/port/FrozenBytes.java.txt
0c03ca0ed8b42212fa92e4d5f9325ba864f8d11928cd6a0b030b861f668f0657	3868	evidence/consumer-v3/compiled-java/migration-recipes/classes/com/m3/rewrite/port/FrozenChars.java.txt
2f1c52feaa5c81462a469c84d847448840cfa75db5a0f1d40c72241718417653	12063	evidence/consumer-v3/compiled-java/migration-recipes/classes/com/m3/rewrite/port/M3Text.java.txt
206cd1ecb96bec037c59b531c13dd7029e4ce79f1b50bfdfccc64dfd6279e74b	3259	evidence/consumer-v3/compiled-java/migration-recipes/classes/com/m3/rewrite/port/MIndexJoinedBytes.java.txt
964f0fc3611f259562adca7f7a9ec581d149f16b4dfcc9a3c775a2a8ca53f864	7282	evidence/consumer-v3/compiled-java/migration-recipes/classes/com/m3/rewrite/port/MIndexJoinedChars.java.txt
f42c548a4fd47d3dac43283082125232e04d5f13f28b63521832493394176337	10303	evidence/consumer-v3/compiled-java/migration-recipes/classes/com/m3/rewrite/port/MIndexJoinedStorageIntern.java.txt
a4f0e0cd7b3e8701aba21b8b14b068cc2d3822e17dc066daa442cbc580404a80	5955	evidence/consumer-v3/compiled-java/migration-recipes/classes/com/m3/rewrite/port/MIndexJoinedStreams.java.txt
122d60c6df640b25c2665e68819cae4571cb9ffbe54c710edbdc7f73419e9f93	1504	evidence/consumer-v3/compiled-java/migration-recipes/classes/com/m3/rewrite/port/pom.xml.txt
430fb58f5bef30e3777214885cbff3dd8aa423d68c80f0a6b12147749db02e1f	841	evidence/consumer-v3/compiled-java/migration-recipes/classes/com/m3/rewrite/port/port.properties
5f925aeb078bd859b485fcb46c3157d95df1b2f3b691246a4182a3850b681492	8561	evidence/consumer-v3/compiled-java/migration-recipes/classes/com/synexia/rewrite/hash-pinned-java/a3-declarative-activation/00-A3Apply.java.txt
2897abfccb331829bd94a349e1b1da90b87b56c7a7d26e23073c90f9a891ea85	4406	evidence/consumer-v3/compiled-java/migration-recipes/classes/com/synexia/rewrite/hash-pinned-java/a3-declarative-activation/01-A3ApplyTest.java.txt
e45dcc553df5cd0ad940f3dc656ebd9ea264f8353da3f7c27b5a2333f4997094	8537	evidence/consumer-v3/compiled-java/migration-recipes/classes/com/synexia/rewrite/hash-pinned-java/a3-declarative-activation/before-00-A3Apply.java.txt
77390f350eeeb4b25a1c4db9279b3966884d9918f0b9dd0af1f1b4c3acc7b7ee	4328	evidence/consumer-v3/compiled-java/migration-recipes/classes/com/synexia/rewrite/hash-pinned-java/a3-declarative-activation/before-01-A3ApplyTest.java.txt
944b68ad6939351c313439fa0ed53af948a1182cd0630c988b5252d86fc11cc0	382	evidence/consumer-v3/compiled-java/migration-recipes/classes/com/synexia/rewrite/hash-pinned-java/a3-declarative-activation/manifest.tsv
2e7514ddf7332311bb31f758dbfb27aa8242cf086cabc6cbb7f27b9f4cb7f2d3	1156	evidence/consumer-v3/compiled-java/migration-recipes/classes/com/synexia/rewrite/hash-pinned-java/a3-declarative-convergence/00-M3Java21ConvergenceCatalog.java.txt
bf0cd3c9ca89e2b75d83e717d79b9a17e197646f40d108b05b4dc2ecd2cc1f70	6058	evidence/consumer-v3/compiled-java/migration-recipes/classes/com/synexia/rewrite/hash-pinned-java/a3-declarative-convergence/01-M3A3DeclarativeDeliveryRecipeTest.java.txt
a2ab300d9fc8a821fa5d996cd0d18e6736f757863572067d72d0639ea31d0386	4052	evidence/consumer-v3/compiled-java/migration-recipes/classes/com/synexia/rewrite/hash-pinned-java/a3-declarative-convergence/02-M3Java21DeclarativeConvergenceTest.java.txt
e3461850eb6a306eeba22c2189aefbcdc520762dafa3520fa40282576aff2b61	546	evidence/consumer-v3/compiled-java/migration-recipes/classes/com/synexia/rewrite/hash-pinned-java/a3-declarative-convergence/manifest.tsv
6d9ec887c87898167748ca5f77598f95a6784cfaf14882f4983733c006374b77	5127	evidence/consumer-v3/compiled-java/migration-recipes/classes/com/synexia/rewrite/hash-pinned-java/a3-mastery-lab/A3.java.after
677324e1566d482eb5b4470ec1a63d3493bb2a75fc77ea0edb61ba364906c298	7782	evidence/consumer-v3/compiled-java/migration-recipes/classes/com/synexia/rewrite/hash-pinned-java/a3-mastery-lab/A3Cases.java.after
f68fb01640e7bee16e67af34ff986006a8ebebca3c13e9088296540f844b2200	17623	evidence/consumer-v3/compiled-java/migration-recipes/classes/com/synexia/rewrite/hash-pinned-java/a3-mastery-lab/A3Lab.java.after
225efc2885ba8c002d036ecf70b4dd8a13b646debc74afeb031b0fce624d3f18	3860	evidence/consumer-v3/compiled-java/migration-recipes/classes/com/synexia/rewrite/hash-pinned-java/a3-mastery-lab/A3LabTest.java.after
b901f0b1aae122711792a66dc9750b9ba4608d59613641e74f378218757cbb4d	734	evidence/consumer-v3/compiled-java/migration-recipes/classes/com/synexia/rewrite/hash-pinned-java/a3-mastery-lab/manifest.tsv
c212736f000836cb782a5ff81fd2de48e67d36ea4b3bd53cf7743c4aadbfdaf6	16196	evidence/consumer-v3/compiled-java/migration-recipes/classes/com/synexia/rewrite/hash-pinned-java/a3-regex-memory-lab/A3Lab.java.after
351eeac06154189e79f3d139336437d5911da5721c9a95a779ebd5d511997d9c	6117	evidence/consumer-v3/compiled-java/migration-recipes/classes/com/synexia/rewrite/hash-pinned-java/a3-regex-memory-lab/A3LabTest.java.after
acc1f301aef53281ccbb26c78921537de99f98bc3f401906f5be658c761f62ef	6447	evidence/consumer-v3/compiled-java/migration-recipes/classes/com/synexia/rewrite/hash-pinned-java/a3-regex-memory-lab/A3MemoryCompiler.java.after
19f7e3fb8c5f4332ab721d1962ab9cac261c524a10d9d91272346636fbe86ada	7516	evidence/consumer-v3/compiled-java/migration-recipes/classes/com/synexia/rewrite/hash-pinned-java/a3-regex-memory-lab/A3RegexMatrix.java.after
e7a96b1290ead86d3861f0388423504078cc8f66f10303f73e0a7d44a6e5776b	658	evidence/consumer-v3/compiled-java/migration-recipes/classes/com/synexia/rewrite/hash-pinned-java/a3-regex-memory-lab/manifest.tsv
cec34964f679c67e38cf946c2b1f7b6fb0dddc1f4ecadd963e7dd998e7ff68ba	4242	evidence/consumer-v3/compiled-java/migration-recipes/classes/com/synexia/rewrite/hash-pinned-java/atom-comment-custody/after.java.txt
8384244946df1f840406aaf71438b4f0dba311dfd7eba7b421a064d63c31bf3b	3058	evidence/consumer-v3/compiled-java/migration-recipes/classes/com/synexia/rewrite/hash-pinned-java/atom-comment-custody/before.java.txt
51d6ff438165fd05e6702364c8f131820efd9742e687a88a949d5fa182f46322	213	evidence/consumer-v3/compiled-java/migration-recipes/classes/com/synexia/rewrite/hash-pinned-java/atom-comment-custody/manifest.tsv
4f6c17a035e64106f172b488fded9b565d1af48d6a8ecbd4700b3ff0cc2cd1e1	4448	evidence/consumer-v3/compiled-java/migration-recipes/classes/com/synexia/rewrite/hash-pinned-java/atom-pattern-spectrum/after-atom.java.txt
b831177cbaaeca359a0b397eb4c74c0caf86c27666db702ef4492a42c210cd9f	2706	evidence/consumer-v3/compiled-java/migration-recipes/classes/com/synexia/rewrite/hash-pinned-java/atom-pattern-spectrum/after-pattern.java.txt
8384244946df1f840406aaf71438b4f0dba311dfd7eba7b421a064d63c31bf3b	3058	evidence/consumer-v3/compiled-java/migration-recipes/classes/com/synexia/rewrite/hash-pinned-java/atom-pattern-spectrum/before-atom.java.txt
2d100ed5d5810232b90b46f55f99c907f54a195b679b58f295dd065c8f03db69	2700	evidence/consumer-v3/compiled-java/migration-recipes/classes/com/synexia/rewrite/hash-pinned-java/atom-pattern-spectrum/before-pattern.java.txt
1fc319641c44bfcf7428c09c10015f0e9619d09b56a8bcfbed9da310f74f0a49	440	evidence/consumer-v3/compiled-java/migration-recipes/classes/com/synexia/rewrite/hash-pinned-java/atom-pattern-spectrum/manifest.tsv
c0396dc221ab4fe764441ec1694dc2063ce667a256289cdba6ba7bf285a83d86	8756	evidence/consumer-v3/compiled-java/migration-recipes/classes/com/synexia/rewrite/hash-pinned-java/db-atom/00-M3IndexDB.java.txt
90c999027092ac250b3f1a19556268bde96879761735eb4f142260b17bece72a	12753	evidence/consumer-v3/compiled-java/migration-recipes/classes/com/synexia/rewrite/hash-pinned-java/db-atom/01-M3IndexDbSemanticCodec.java.txt
71a86e54aaedc33ed50b7a0e0e1d63bcd3c045df02bb7c7b45d029a867e676d6	10020	evidence/consumer-v3/compiled-java/migration-recipes/classes/com/synexia/rewrite/hash-pinned-java/db-atom/02-DbAtomTest.java.txt
a7cb1678539f74acc00cc4f15dbc2fdcd65286e4152784191e6d635539f6dc18	1352	evidence/consumer-v3/compiled-java/migration-recipes/classes/com/synexia/rewrite/hash-pinned-java/db-atom/03-DbDigest.java.txt
27851933a442f798b56b7dba227b4fe1189851af11bb3333d5d0be2106d84956	8357	evidence/consumer-v3/compiled-java/migration-recipes/classes/com/synexia/rewrite/hash-pinned-java/db-atom/before-00-M3IndexDB.java.txt
2cf21c4bc7b276a2ef741cee4db491c4a9e6c7cf44d53b543904b5acb8a95605	12400	evidence/consumer-v3/compiled-java/migration-recipes/classes/com/synexia/rewrite/hash-pinned-java/db-atom/before-01-M3IndexDbSemanticCodec.java.txt
6bd41049e8393139f34fd3ae778b570432a49f7784c6a228f7c3e06ee3c6f7e6	694	evidence/consumer-v3/compiled-java/migration-recipes/classes/com/synexia/rewrite/hash-pinned-java/db-atom/manifest.tsv
0e65b26f674f68fea30151ea63a17faef2f88ca0f0679723bb3dc230fda22b72	13233	evidence/consumer-v3/compiled-java/migration-recipes/classes/com/synexia/rewrite/hash-pinned-java/db-build/00-Recipe.java.txt
847e23f5ea4f8f4bc889c61bda6dfc638442ae105e6b3ef70081ddb102d3c001	17603	evidence/consumer-v3/compiled-java/migration-recipes/classes/com/synexia/rewrite/hash-pinned-java/db-build/01-Test.java.txt
629d17076fa5c5e399da6e1d0138f2f6cc2d99755977c194d082ee72d4665efc	13143	evidence/consumer-v3/compiled-java/migration-recipes/classes/com/synexia/rewrite/hash-pinned-java/db-build/before-Recipe.java.txt
fdc94313843105bc6badbeb97488b01dcb5de41eda5b735c7f75eb65c2f64ae1	8398	evidence/consumer-v3/compiled-java/migration-recipes/classes/com/synexia/rewrite/hash-pinned-java/db-build/before-Test.java.txt
d33a2add601309d3554c8ba047b9fe8f4b24adc4eef75d4f1219f8d958546f71	427	evidence/consumer-v3/compiled-java/migration-recipes/classes/com/synexia/rewrite/hash-pinned-java/db-build/manifest.tsv
71104dfdc69bd0176698a1686de4c1e635c2f99826d9c9bda9270d40d4d80c63	28214	evidence/consumer-v3/compiled-java/migration-recipes/classes/com/synexia/rewrite/hash-pinned-java/db-check/00-Test.java.txt
74fbd8ccc2ba3905844eb7a88b633209d53be09c758ffb700d1f99915ed6a0b6	27540	evidence/consumer-v3/compiled-java/migration-recipes/classes/com/synexia/rewrite/hash-pinned-java/db-check/before-Test.java.txt
6ae483638d7a0deae763cdeca4c7634d0b6b45f6653ea692a38ce8d0e7049baf	213	evidence/consumer-v3/compiled-java/migration-recipes/classes/com/synexia/rewrite/hash-pinned-java/db-check/manifest.tsv
c0396dc221ab4fe764441ec1694dc2063ce667a256289cdba6ba7bf285a83d86	8756	evidence/consumer-v3/compiled-java/migration-recipes/classes/com/synexia/rewrite/hash-pinned-java/db-java/00-M3IndexDB.java.txt
be4cb521cd9b0154b8b30bd0719304ae349e7d50c54c2e1d1ca8817e7df4a545	2413	evidence/consumer-v3/compiled-java/migration-recipes/classes/com/synexia/rewrite/hash-pinned-java/db-java/01-M3IndexDbArtifact.java.txt
90c999027092ac250b3f1a19556268bde96879761735eb4f142260b17bece72a	12753	evidence/consumer-v3/compiled-java/migration-recipes/classes/com/synexia/rewrite/hash-pinned-java/db-java/02-M3IndexDbSemanticCodec.java.txt
2758d9473d46142383af31cfa351ba2ccc41b4fdda8082f0e5d3da596687b883	1151	evidence/consumer-v3/compiled-java/migration-recipes/classes/com/synexia/rewrite/hash-pinned-java/db-java/03-M3IndexDbSemanticEdge.java.txt
8898ef38a373744d2fcc6edf0fe6671720733be7d78a215fa401e86660247bde	9363	evidence/consumer-v3/compiled-java/migration-recipes/classes/com/synexia/rewrite/hash-pinned-java/db-java/04-M3IndexDbSemanticFingerprint.java.txt
114f08e4892dd68532d6e2e587b96d306f6e2d300c38c82a4f81c9acaac7e912	18084	evidence/consumer-v3/compiled-java/migration-recipes/classes/com/synexia/rewrite/hash-pinned-java/db-java/05-M3IndexDbSemanticIndex.java.txt
8ae73fe031ac1c383860b516427cc2b659a50d5a77c5d6114bf561b2197a4ea5	330	evidence/consumer-v3/compiled-java/migration-recipes/classes/com/synexia/rewrite/hash-pinned-java/db-java/06-M3IndexDbSemanticKind.java.txt
06a06aadef324e81c35fa8ac365477e7982f99b9bf7f9ea9b9a18eaface1ca2c	2419	evidence/consumer-v3/compiled-java/migration-recipes/classes/com/synexia/rewrite/hash-pinned-java/db-java/07-M3IndexDbSemanticNode.java.txt
bf3b6377174b869ef85dc2e513363dc47c6d516baab276884e6e56f96b690f24	7633	evidence/consumer-v3/compiled-java/migration-recipes/classes/com/synexia/rewrite/hash-pinned-java/db-java/08-DbParseTest.java.txt
c513c0740432cc23798875a2af3db33be3e0c0550b471cc079dd544d6c39f5ec	3086	evidence/consumer-v3/compiled-java/migration-recipes/classes/com/synexia/rewrite/hash-pinned-java/db-java/09-DbProbe.java.txt
4d211a40ab1e00b4bf8d078a80da6d6eabe4f0606ac4894a6e368b7533d86291	9791	evidence/consumer-v3/compiled-java/migration-recipes/classes/com/synexia/rewrite/hash-pinned-java/db-java/10-M3IndexDBIntegrityTest.java.txt
2c41cedc561c54cd8259cd64f1dca50937d183f9baf56d9c9df75c04a5205bf1	2005	evidence/consumer-v3/compiled-java/migration-recipes/classes/com/synexia/rewrite/hash-pinned-java/db-java/11-M3IndexDBTest.java.txt
de888eb129200648df390bfd4694c7a326a092a50aecdfd31902625c35e4f159	2193	evidence/consumer-v3/compiled-java/migration-recipes/classes/com/synexia/rewrite/hash-pinned-java/db-java/12-M3IndexDbArtifactTest.java.txt
9c05e694334a9f355ec82d4f1b9dc786c1d78157ba4900abe1a141f18a302b6e	4998	evidence/consumer-v3/compiled-java/migration-recipes/classes/com/synexia/rewrite/hash-pinned-java/db-java/13-M3IndexDbCodecBoundaryTest.java.txt
257bc4fd93eb4b0b888684300c8f8204f5d5619ce3f6ffb03196ccaf8278feca	6749	evidence/consumer-v3/compiled-java/migration-recipes/classes/com/synexia/rewrite/hash-pinned-java/db-java/14-M3IndexDbSemanticBoundaryTest.java.txt
71104dfdc69bd0176698a1686de4c1e635c2f99826d9c9bda9270d40d4d80c63	28214	evidence/consumer-v3/compiled-java/migration-recipes/classes/com/synexia/rewrite/hash-pinned-java/db-java/15-M3IndexDbSemanticFailClosedTest.java.txt
a54c81ff8081ca970822ad4b948578e25e184758f2b99fa9bede6fdb68458032	27462	evidence/consumer-v3/compiled-java/migration-recipes/classes/com/synexia/rewrite/hash-pinned-java/db-java/16-M3IndexDbSemanticIndexTest.java.txt
7008d20aa5923fdf747dbcfd3f27451be8ffc5ac09987ddeb8260077a107829f	7365	evidence/consumer-v3/compiled-java/migration-recipes/classes/com/synexia/rewrite/hash-pinned-java/db-java/17-M3IndexDbStoreBoundaryTest.java.txt
44369e8fd1e69e3c0b5270bd39841fc862bb4ee0cc26fcc7b952f806dd7edcc3	2906	evidence/consumer-v3/compiled-java/migration-recipes/classes/com/synexia/rewrite/hash-pinned-java/db-java/manifest.tsv
847e23f5ea4f8f4bc889c61bda6dfc638442ae105e6b3ef70081ddb102d3c001	17603	evidence/consumer-v3/compiled-java/migration-recipes/classes/com/synexia/rewrite/hash-pinned-java/db-mark/00-Test.java.txt
48d1159aa0900c54e9e8e5910a0ca5dda759e2e3d1868ed6ded93647f598b384	15314	evidence/consumer-v3/compiled-java/migration-recipes/classes/com/synexia/rewrite/hash-pinned-java/db-mark/before-Test.java.txt
526ee42aca43af5d10f6d2daf561f7cbb2a533feca8320f4b438e4f502edd8a6	203	evidence/consumer-v3/compiled-java/migration-recipes/classes/com/synexia/rewrite/hash-pinned-java/db-mark/manifest.tsv
90c999027092ac250b3f1a19556268bde96879761735eb4f142260b17bece72a	12753	evidence/consumer-v3/compiled-java/migration-recipes/classes/com/synexia/rewrite/hash-pinned-java/db-parse/00-Codec.java.txt
bf3b6377174b869ef85dc2e513363dc47c6d516baab276884e6e56f96b690f24	7633	evidence/consumer-v3/compiled-java/migration-recipes/classes/com/synexia/rewrite/hash-pinned-java/db-parse/01-DbParseTest.java.txt
c513c0740432cc23798875a2af3db33be3e0c0550b471cc079dd544d6c39f5ec	3086	evidence/consumer-v3/compiled-java/migration-recipes/classes/com/synexia/rewrite/hash-pinned-java/db-parse/02-DbProbe.java.txt
f54c493da12252965a6697c5bf71b96881068d168cd03666dfce4ccda7d66f0a	10912	evidence/consumer-v3/compiled-java/migration-recipes/classes/com/synexia/rewrite/hash-pinned-java/db-parse/before-00-Codec.java.txt
8d4e2a3afdab73eff23bcd6cc436f409ba68eb2516a2ba583fc69c4435e42323	481	evidence/consumer-v3/compiled-java/migration-recipes/classes/com/synexia/rewrite/hash-pinned-java/db-parse/manifest.tsv
233cbae58e7bf8ffb67aeb56ee5418996aceca624bde4e35fcf0f54b52afb79b	3779	evidence/consumer-v3/compiled-java/migration-recipes/classes/com/synexia/rewrite/hash-pinned-java/document-javadoc-contract/after.java.txt
496624f1f8612f3c39ea20c6f77fa0dc0594fa13c378b2f2a3a06143c739df1c	3073	evidence/consumer-v3/compiled-java/migration-recipes/classes/com/synexia/rewrite/hash-pinned-java/document-javadoc-contract/before.java.txt
1b01ee07dec3427ff43837f00297a8e81aee5eabfa9a2d643b4752ac3f3e1991	241	evidence/consumer-v3/compiled-java/migration-recipes/classes/com/synexia/rewrite/hash-pinned-java/document-javadoc-contract/manifest.tsv
7200f7a0dd89cc6019f5e0dc51738064a28d36b3bfda023f189447a3dc43e27f	7103	evidence/consumer-v3/compiled-java/migration-recipes/classes/com/synexia/rewrite/hash-pinned-java/gate-java/00-GateTest.java.txt
7e5564f2e11aaed7c75409a6de4ddd95cde69c262d2072b86b73cb16cebf08d5	12472	evidence/consumer-v3/compiled-java/migration-recipes/classes/com/synexia/rewrite/hash-pinned-java/gate-java/01-M3Jep458BackportRecipeTest.java.txt
e6d4c6b265bd15999e6aa27f960b96092961e966da9fc72bc93c61ef820ba215	5438	evidence/consumer-v3/compiled-java/migration-recipes/classes/com/synexia/rewrite/hash-pinned-java/gate-java/02-M3VerbatimJavaPairRecipeTest.java.txt
a79bd712e4ffc0d1ba0d4a7fba9c064f94420fbde8c63e7b2a91496d443e4b7c	8280	evidence/consumer-v3/compiled-java/migration-recipes/classes/com/synexia/rewrite/hash-pinned-java/gate-java/03-M3RecipeScopeDeclarationTest.java.txt
46d8f894d23d2a5609126580f950549b1c1a6dedb7c8867b783d992cf9a911e0	3254	evidence/consumer-v3/compiled-java/migration-recipes/classes/com/synexia/rewrite/hash-pinned-java/gate-java/04-M3MIndexJniNewStringAdmissionRecipeTest.java.txt
0453146bf4e6ac3759572a026f711089e026146a04465eeabfafc74451cfead9	3209	evidence/consumer-v3/compiled-java/migration-recipes/classes/com/synexia/rewrite/hash-pinned-java/gate-java/05-M3MIndexJoinedCharsViewRecipeTest.java.txt
5eaf5a99083e11272778bc3dcc4f04b40ea3f16d99d8e5b9885ab4c8206e011d	3305	evidence/consumer-v3/compiled-java/migration-recipes/classes/com/synexia/rewrite/hash-pinned-java/gate-java/06-M3MIndexStringBulkCharBoundaryRecipeTest.java.txt
174254a5e08a8a255813df22b31bd716ebc865000ec9dac059e71d801166b5d8	9706	evidence/consumer-v3/compiled-java/migration-recipes/classes/com/synexia/rewrite/hash-pinned-java/gate-java/before-01-M3Jep458BackportRecipeTest.java.txt
5110ce38a46fa9f89afecda54f4c2557c0a9108d2631565375dbcb068a47970b	5097	evidence/consumer-v3/compiled-java/migration-recipes/classes/com/synexia/rewrite/hash-pinned-java/gate-java/before-02-M3VerbatimJavaPairRecipeTest.java.txt
ef784295416de5e91d1821b67655fecd0ec02a0e44201d73b977c84389076f24	7821	evidence/consumer-v3/compiled-java/migration-recipes/classes/com/synexia/rewrite/hash-pinned-java/gate-java/before-03-M3RecipeScopeDeclarationTest.java.txt
a5b11ae3aecb6cd2fb5a66e99f02d59055f3605fddb4dcd4c5b864f0483d7f7e	2117	evidence/consumer-v3/compiled-java/migration-recipes/classes/com/synexia/rewrite/hash-pinned-java/gate-java/before-04-M3MIndexJniNewStringAdmissionRecipeTest.java.txt
17b6da8f1a87eca11ababf2011bede51aa69b43e2823f8eff3c9569b6307b661	2980	evidence/consumer-v3/compiled-java/migration-recipes/classes/com/synexia/rewrite/hash-pinned-java/gate-java/before-05-M3MIndexJoinedCharsViewRecipeTest.java.txt
8604ab86f7224a176195a09b7fe38b9c84d3ea1cd0bae7da6154248615688260	2166	evidence/consumer-v3/compiled-java/migration-recipes/classes/com/synexia/rewrite/hash-pinned-java/gate-java/before-06-M3MIndexStringBulkCharBoundaryRecipeTest.java.txt
70e886e7201a8b5f507b6ade08ba338bdac5410d761d4b35b9013852db3888bd	1640	evidence/consumer-v3/compiled-java/migration-recipes/classes/com/synexia/rewrite/hash-pinned-java/gate-java/manifest.tsv
4620bec8fa489b8dcfb8960d8979bfb75517d7893b5f26546d1abaf9f629800e	10998	evidence/consumer-v3/compiled-java/migration-recipes/classes/com/synexia/rewrite/hash-pinned-java/jdk-focus-a3/after.java.txt
f69f06564a88fcdc851d267e07f1def2586963d4f14bc552986529d7db8ec8e0	10557	evidence/consumer-v3/compiled-java/migration-recipes/classes/com/synexia/rewrite/hash-pinned-java/jdk-focus-a3/before.java.txt
897cd98a7a41ced925f792af67642e82eb5f3026ca3bc69064edb868745184b3	211	evidence/consumer-v3/compiled-java/migration-recipes/classes/com/synexia/rewrite/hash-pinned-java/jdk-focus-a3/manifest.tsv
5fa8a82e3655a675aa0d1e21ba456a7dae272776c605eeba4af22a9dbc7eaa56	2595	evidence/consumer-v3/compiled-java/migration-recipes/classes/com/synexia/rewrite/hash-pinned-java/m3-collection-lanes/M3Address28.java.txt
1964daa513d98b295ad13ad820519a56af6f29916063860c4c8ec8bf7d3baaa2	7589	evidence/consumer-v3/compiled-java/migration-recipes/classes/com/synexia/rewrite/hash-pinned-java/m3-collection-lanes/M3BitLane28.java.txt
529fd9055caa62cc1b4d3d008fef2765572836cc297565d11b1aea1a279a7179	1559	evidence/consumer-v3/compiled-java/migration-recipes/classes/com/synexia/rewrite/hash-pinned-java/m3-collection-lanes/M3Collections.java.txt
bb1486f22518957d1fa1f951ef78b312364de5a736aff17ae5a543fe1765a4c5	6285	evidence/consumer-v3/compiled-java/migration-recipes/classes/com/synexia/rewrite/hash-pinned-java/m3-collection-lanes/M3ConcurrentBitSet.java.txt
baaa8de6567da94efba77b1363b5629755e5394a6fe951976dc552622ddd0573	7533	evidence/consumer-v3/compiled-java/migration-recipes/classes/com/synexia/rewrite/hash-pinned-java/m3-collection-lanes/M3ConcurrentIntLane28.java.txt
4a72dcca1648cbd3cf9f2d9bbec526de13fb50464d6b2ed19b101182541f7e5a	7340	evidence/consumer-v3/compiled-java/migration-recipes/classes/com/synexia/rewrite/hash-pinned-java/m3-collection-lanes/M3ConcurrentLaneContractTest.java.txt
727666e9ad92ab6ab1a41e625307baa70ef08c1397954c2aa362282a137c46ea	7583	evidence/consumer-v3/compiled-java/migration-recipes/classes/com/synexia/rewrite/hash-pinned-java/m3-collection-lanes/M3ConcurrentLongLane28.java.txt
00b8882f22b664552ae9dae4c37ab243b7fc1fb8159b80b5b74e180b4dfd7698	6637	evidence/consumer-v3/compiled-java/migration-recipes/classes/com/synexia/rewrite/hash-pinned-java/m3-collection-lanes/M3ConcurrentLongMap.java.txt
7a7e71695a1106f6cefc43e2ba0883eec78abf44f4bf72ead6d094991d6366d6	3876	evidence/consumer-v3/compiled-java/migration-recipes/classes/com/synexia/rewrite/hash-pinned-java/m3-collection-lanes/M3ConcurrentLongSet.java.txt
771b1450d137874e7c3e08d4e9bee405a6cf88aa6695a9fd4c3616be4ae34d18	6912	evidence/consumer-v3/compiled-java/migration-recipes/classes/com/synexia/rewrite/hash-pinned-java/m3-collection-lanes/M3IntLane28.java.txt
f797998ca57b353f7c44ae48f3d65eeaddec6182066cec0f56c8526d71355e60	2316	evidence/consumer-v3/compiled-java/migration-recipes/classes/com/synexia/rewrite/hash-pinned-java/m3-collection-lanes/M3LongArena28.java.txt
ea0c1aa0957f7bafd5cf2892cbe483c98d5772192f81cc3c467d53ab5c1c7531	2310	evidence/consumer-v3/compiled-java/migration-recipes/classes/com/synexia/rewrite/hash-pinned-java/m3-collection-lanes/M3LongCollection.java.txt
9d10e476f5d1664a1028fe52406ab05421758961c6d3d5cf163241e058a3f201	554	evidence/consumer-v3/compiled-java/migration-recipes/classes/com/synexia/rewrite/hash-pinned-java/m3-collection-lanes/M3LongIterator.java.txt
5e35c6c646389c582585b684a4e6224bb968cf2f7b669598eb88920ab1538960	7204	evidence/consumer-v3/compiled-java/migration-recipes/classes/com/synexia/rewrite/hash-pinned-java/m3-collection-lanes/M3LongLane28.java.txt
e12261ea8149c9b6cedcfb08915699ec344a57eaed15f68060a9927717eb44a1	4470	evidence/consumer-v3/compiled-java/migration-recipes/classes/com/synexia/rewrite/hash-pinned-java/m3-collection-lanes/M3LongLaneStore28.java.txt
2db7c6ba3342a58fdce49c3e988ded51ece2de336575d225edb6cca75cd483c2	5940	evidence/consumer-v3/compiled-java/migration-recipes/classes/com/synexia/rewrite/hash-pinned-java/m3-collection-lanes/M3LongLinkedList28.java.txt
a9be525afc8c71fa191625dc69c60f76273299832744392435a5739006c8d15c	326	evidence/consumer-v3/compiled-java/migration-recipes/classes/com/synexia/rewrite/hash-pinned-java/m3-collection-lanes/M3LongLongConsumer.java.txt
9a7487453e0bd2369b56e7e17dedb79e2eba8919944772ec0407c95833458ae7	4760	evidence/consumer-v3/compiled-java/migration-recipes/classes/com/synexia/rewrite/hash-pinned-java/m3-collection-lanes/M3SlotAllocator28.java.txt
f2ea51cf92b35489ca0bc3c6555850ff9ceee45a1459eb0af06f19feaff810ce	7117	evidence/consumer-v3/compiled-java/migration-recipes/classes/com/synexia/rewrite/hash-pinned-java/m3-collection-lanes/SegmentedLaneBulkContractTest.java.txt
b202adb68518e47c49ceddc4f21e52c7bb48c387b3f1ee08baceaf8a930eb44c	6641	evidence/consumer-v3/compiled-java/migration-recipes/classes/com/synexia/rewrite/hash-pinned-java/m3-collection-lanes/SegmentedPrimitiveStorageTest.java.txt
cfd99d1d4cfd40371718188e695221d6aee88eb9579a815f0f0e3b05643f2054	3285	evidence/consumer-v3/compiled-java/migration-recipes/classes/com/synexia/rewrite/hash-pinned-java/m3-collection-lanes/manifest.tsv
e531b318ea4cbc6ca09bb3e52cb1a70ee4539ccf78d8b61b0f73bcf3027db557	165	evidence/consumer-v3/compiled-java/migration-recipes/classes/com/synexia/rewrite/hash-pinned-java/m3-collection-lanes/module-info.java.txt
068cc68a4968c1f8aed45d7ff73a9bfca8dc19723015cd739728cbd56d90150d	205038	evidence/consumer-v3/compiled-java/migration-recipes/classes/com/synexia/rewrite/hash-pinned-java/mindex-jni-newstring-admission/String.java.before.txt
5f1c19dd6d46c12f5b3baf72422ae7e68975e41df4303451a1db2299c8581601	205581	evidence/consumer-v3/compiled-java/migration-recipes/classes/com/synexia/rewrite/hash-pinned-java/mindex-jni-newstring-admission/String.java.txt
2a5c781c50f48e19f3f9ec0ba99cb6f894e76779b088dc7d04d3ddda73251245	239	evidence/consumer-v3/compiled-java/migration-recipes/classes/com/synexia/rewrite/hash-pinned-java/mindex-jni-newstring-admission/manifest.tsv
88f4d3b3b04e41c34f171a38f30a320af91561ba72fa89a35750e1da7b9854c1	25258	evidence/consumer-v3/compiled-java/migration-recipes/classes/com/synexia/rewrite/hash-pinned-java/mindex-string-bulk-char-boundary/MIndexString.java.before.txt
1399b110a329f39ee1c40df2d9bb9af216d0e512a343b5fcf641fb67b39a3c87	26303	evidence/consumer-v3/compiled-java/migration-recipes/classes/com/synexia/rewrite/hash-pinned-java/mindex-string-bulk-char-boundary/MIndexString.java.txt
4e51fd1acaf8a22036d2dc5d0b405509f3f469d6e4054c8a0a4133cfe230d7a4	251	evidence/consumer-v3/compiled-java/migration-recipes/classes/com/synexia/rewrite/hash-pinned-java/mindex-string-bulk-char-boundary/manifest.tsv
12c1e5cebc488f9d4669d668caf004854c436812122ec63bf1173d3ae3a57d3c	6987	evidence/consumer-v3/compiled-java/migration-recipes/classes/com/synexia/rewrite/hash-pinned-java/pack-version/00-M3ModuleInspector.java.txt
e4d7aebde2db036fc5eaa9ced964b9e6ca3ccf05a88c54ad7c83a8f59be568c2	9133	evidence/consumer-v3/compiled-java/migration-recipes/classes/com/synexia/rewrite/hash-pinned-java/pack-version/01-VersionProbe.java.txt
b82d64a1417831a61386ce439a4b00c4904893e20de613c7e5adacaab4a52f29	531	evidence/consumer-v3/compiled-java/migration-recipes/classes/com/synexia/rewrite/hash-pinned-java/pack-version/02-VersionTest.java.txt
6e3599202a1afc6f1971c6a88b8c8e5d31f410c9295e87e85d5e46c779c5905e	6693	evidence/consumer-v3/compiled-java/migration-recipes/classes/com/synexia/rewrite/hash-pinned-java/pack-version/before-00-M3ModuleInspector.java.txt
d0166513af5e163700a832139bdf40f467f382f4e7b3d48a7dfa0ae7b94a0fc1	525	evidence/consumer-v3/compiled-java/migration-recipes/classes/com/synexia/rewrite/hash-pinned-java/pack-version/manifest.tsv
d8560c0d8f10043c2da6b15a4ede378791a286d4b919c5dd3999b10300981e36	6355	evidence/consumer-v3/compiled-java/migration-recipes/classes/com/synexia/rewrite/hash-pinned-java/scope-backslash-literal/after.java.txt
fd34ae842ba65bb843c2bba8df30926a8b2ba71df7cda76b4db8ed3a0be2da92	6354	evidence/consumer-v3/compiled-java/migration-recipes/classes/com/synexia/rewrite/hash-pinned-java/scope-backslash-literal/before.java.txt
0b68d3c7541f21b7f45cf548a098079aae36934c3da31183f1e28567558ffe15	231	evidence/consumer-v3/compiled-java/migration-recipes/classes/com/synexia/rewrite/hash-pinned-java/scope-backslash-literal/manifest.tsv
cb50139594817d5cb2477c4d67148d4aed2174299f05cff9a3b24416139bc6b4	4037	evidence/consumer-v3/compiled-java/migration-recipes/classes/com/synexia/rewrite/m3port/FrozenBytes.java.before.txt
0c03ca0ed8b42212fa92e4d5f9325ba864f8d11928cd6a0b030b861f668f0657	3868	evidence/consumer-v3/compiled-java/migration-recipes/classes/com/synexia/rewrite/m3port/FrozenChars.java.before.txt
206cd1ecb96bec037c59b531c13dd7029e4ce79f1b50bfdfccc64dfd6279e74b	3259	evidence/consumer-v3/compiled-java/migration-recipes/classes/com/synexia/rewrite/m3port/MIndexJoinedBytes.java.before.txt
964f0fc3611f259562adca7f7a9ec581d149f16b4dfcc9a3c775a2a8ca53f864	7282	evidence/consumer-v3/compiled-java/migration-recipes/classes/com/synexia/rewrite/m3port/MIndexJoinedChars.java.after.txt
712c1c795ff1e0d6dea099eaec8fa6e64803adfc12bad6f31970b722c659d396	5188	evidence/consumer-v3/compiled-java/migration-recipes/classes/com/synexia/rewrite/m3port/MIndexJoinedChars.java.before.txt
f42c548a4fd47d3dac43283082125232e04d5f13f28b63521832493394176337	10303	evidence/consumer-v3/compiled-java/migration-recipes/classes/com/synexia/rewrite/m3port/MIndexJoinedStorageIntern.java.before.txt
a4f0e0cd7b3e8701aba21b8b14b068cc2d3822e17dc066daa442cbc580404a80	5955	evidence/consumer-v3/compiled-java/migration-recipes/classes/com/synexia/rewrite/m3port/MIndexJoinedStreams.java.before.txt
5a3e0171a9483794ef27e45a7f04b6218e38cbf302f1715a0e5e06fd8bcb76d9	771	evidence/consumer-v3/compiled-java/migration-recipes/classes/com/synexia/rewrite/m3port/source.properties
4ff7fb4557c58cc59de7fbb24498f3df2a197083a5cd467670dc24b9441f1210	3458	evidence/consumer-v3/compiled-java/migration-recipes/classes/com/synexia/rewrite/segmented-lane-native/segmented_bit_lane.c.txt
e45dcc553df5cd0ad940f3dc656ebd9ea264f8353da3f7c27b5a2333f4997094	8537	evidence/consumer-v3/compiled-java/migration-recipes/test-classes/com/m3/rewrite/a3-declarative-proof/before-A3Apply.java.txt
77390f350eeeb4b25a1c4db9279b3966884d9918f0b9dd0af1f1b4c3acc7b7ee	4328	evidence/consumer-v3/compiled-java/migration-recipes/test-classes/com/m3/rewrite/a3-declarative-proof/before-A3ApplyTest.java.txt
cc1419f7e89a08dba92b3baf231e6afb48e9ab89e32ac1051b32ba5c94b8e4b3	4959	evidence/consumer-v3/compiled-java/migration-recipes/test-classes/com/m3/rewrite/a3-lab/before-A3.java.txt
6d9ec887c87898167748ca5f77598f95a6784cfaf14882f4983733c006374b77	5127	evidence/consumer-v3/compiled-java/migration-recipes/test-classes/com/m3/rewrite/a3-lab/v2-before/A3.java
ff8cbb08b28f1c28f486eb610ba1e149f41f587deada48d2cec30107fa1f80cb	5878	evidence/consumer-v3/compiled-java/migration-recipes/test-classes/com/m3/rewrite/a3-lab/v2-before/A3Cases.java
441f9aac0bb12db78d6e338285541f4f5d25dd50fe855858887714efc32d7501	17507	evidence/consumer-v3/compiled-java/migration-recipes/test-classes/com/m3/rewrite/a3-lab/v2-before/A3Lab.java
db4a5801884a58cda05772928a09c410acd79c04eb904ec26d7ef7b29c669c81	2911	evidence/consumer-v3/compiled-java/migration-recipes/test-classes/com/m3/rewrite/a3-lab/v2-before/A3LabTest.java
dbf418a96d4fd41b7a33354d34f811b0b4cf7839782eae56b53d063f750f37a0	3729	evidence/consumer-v3/compiled-java/migration-recipes/test-classes/com/m3/rewrite/a3-levenshtein-evidence-closure/before/a3-alg.md
45c1e913ea9778bcac5324e3320c70f4f096b526f9afc1fa32bec9932eb3f388	2704	evidence/consumer-v3/compiled-java/migration-recipes/test-classes/com/m3/rewrite/a3-levenshtein-evidence-closure/before/algorithm-catalogue.tsv
82aaba939e717734988a74af50d662e16e04acd73dfd3c418906658a3eb2c4df	2947	evidence/consumer-v3/compiled-java/migration-recipes/test-classes/com/m3/rewrite/a3-mastery-workflow/before/a3-lab.md
528d8146e4b600b64add339f2cf46e87c355d015ca094d313b7703470d6aef23	10371	evidence/consumer-v3/compiled-java/migration-recipes/test-classes/com/m3/rewrite/a3-mastery-workflow/before/m3-a3.yml
f68fb01640e7bee16e67af34ff986006a8ebebca3c13e9088296540f844b2200	17623	evidence/consumer-v3/compiled-java/migration-recipes/test-classes/com/m3/rewrite/a3-regex-memory-lab/before/A3Lab.java
225efc2885ba8c002d036ecf70b4dd8a13b646debc74afeb031b0fce624d3f18	3860	evidence/consumer-v3/compiled-java/migration-recipes/test-classes/com/m3/rewrite/a3-regex-memory-lab/before/A3LabTest.java
6ee9e1939eef716a7c24d34967f8c3b634c822c5c05b5c728080920e697869b1	3591	evidence/consumer-v3/compiled-java/migration-recipes/test-classes/com/m3/rewrite/a3-regex-memory-workflow/before/a3-lab.md
d02cc3c3b459df10e9693869852ae6947b1e9a05d01d8fdc6d1036a66d436004	3372	evidence/consumer-v3/compiled-java/migration-recipes/test-classes/com/m3/rewrite/a3-regex-memory-workflow/before/a3-mastery.md
3e8bbec81071171ddc771d675741bb09a43bbb90db6d40241d85873b896001d0	10858	evidence/consumer-v3/compiled-java/migration-recipes/test-classes/com/m3/rewrite/a3-regex-memory-workflow/before/workflow.yml
38ed8c01c6982fa4a52ea155c2e9652dfe45f317d8ae994c17fba01c7309fbda	18328	evidence/consumer-v3/compiled-java/migration-recipes/test-classes/com/m3/rewrite/atom/spectrum/CORPUS.tsv
b1f834a645fef766ae058cd0d0f6f347d0dfc9097c0828e608287272fbaaf9b7	14657	evidence/consumer-v3/compiled-java/migration-recipes/test-classes/com/m3/rewrite/backport/a3-native-jni-lane/pre/README.md.before.txt
8e31592803fb14558a2cb26e7289001caf0081304c8872e15f647c4cea7de8ba	5799	evidence/consumer-v3/compiled-java/migration-recipes/test-classes/com/m3/rewrite/backport/a3-native-jni-lane/pre/a3.md.before.txt
0ae1569568b49d3f275ca0631b56b36dfa4f52d00d5ed50799491cfea86d5f6d	6675	evidence/consumer-v3/compiled-java/migration-recipes/test-classes/com/m3/rewrite/backport/a3-native-jni-lane/pre/file_delta_inventory.py.before.txt
5bb93cc292ec26bc70a92c0ac8d4ba073bc5c83ba50ed118f16c84105c0ee3aa	13534	evidence/consumer-v3/compiled-java/migration-recipes/test-classes/com/m3/rewrite/backport/a3-native-jni-lane/pre/generate_recipe_crates.py.before.txt
d0f6cb52e986aac8c5b3ffb09d86545170bc904a85546e95434649db52815a3f	4644	evidence/consumer-v3/compiled-java/migration-recipes/test-classes/com/m3/rewrite/backport/a3-native-jni-lane/pre/test_file_delta_inventory.py.before.txt
02c910d49821ec3d1b7281852ed9cf1110e05017e89a1e753b5eafd181024428	14485	evidence/consumer-v3/compiled-java/migration-recipes/test-classes/com/m3/rewrite/backport/a3-native-jni-lane/pre/test_generate_recipe_crates.py.before.txt
d772d0889900377a8139de7fa2d8f267ce7d85f0aea37bc0126fe2b9235ddba4	317	evidence/consumer-v3/compiled-java/migration-recipes/test-classes/com/m3/rewrite/backport/jdk21-hash-pinned-text/test-text-crate/manifest.tsv
091ee53ac938470768355fb7cdc00721d571e817a38f360581ea627de0a6d62e	9	evidence/consumer-v3/compiled-java/migration-recipes/test-classes/com/m3/rewrite/backport/jdk21-hash-pinned-text/test-text-crate/new.conf.txt
07082d58c9b44101867a7ce55c9cbd4d1498ebd7505418ccc0ff21de8cfffac5	8	evidence/consumer-v3/compiled-java/migration-recipes/test-classes/com/m3/rewrite/backport/jdk21-hash-pinned-text/test-text-crate/test.properties.txt
9aaab7ca45edd8f25e932aa27116554402a27ec7f265cb2cf6ca48a3bd86d96c	51	evidence/consumer-v3/compiled-java/migration-recipes/test-classes/com/m3/rewrite/backport/jdk21-hash-pinned/jdk27-db-build/P.java.txt
72ca0a08b5328d421bcdcbf30b61021016165be71af2c9b00f928275ff135e1f	178	evidence/consumer-v3/compiled-java/migration-recipes/test-classes/com/m3/rewrite/backport/jdk21-hash-pinned/jdk27-db-build/manifest.tsv
fb2a2d1a2fb9c0c96d4dc5b02e334eddab961f48888327fa7fc0d8913224df6d	6649	evidence/consumer-v3/compiled-java/migration-recipes/test-classes/com/m3/rewrite/backport/jdk22-jep458-current/pre/00-CompileInterimLangtools.gmk.before.txt
aec8a9e19b03ad21d50513176571bb89d5a267dd6fe8825e204d884f36163d31	13956	evidence/consumer-v3/compiled-java/migration-recipes/test-classes/com/m3/rewrite/backport/jdk22-jep458-current/pre/00-module-info.java.before.txt
44662f618e1c5f8257a5eb2f68e806f6fab48660b1b8911386d7807c61a14010	11526	evidence/consumer-v3/compiled-java/migration-recipes/test-classes/com/m3/rewrite/backport/jdk22-jep458-current/pre/01-Preview.java.before.txt
b2916acfd31c7ef573885af5c064cbe8a89a63a66011eaa5a73c3c87938e37e2	14663	evidence/consumer-v3/compiled-java/migration-recipes/test-classes/com/m3/rewrite/backport/jdk22-jep458-current/pre/01-java-base-launcher.properties.before.txt
544a8112df52fbd2767363bc4f6203543e8ca6daecf900468768c94185025851	77790	evidence/consumer-v3/compiled-java/migration-recipes/test-classes/com/m3/rewrite/backport/jdk22-jep458-current/pre/02-java.c.before.txt
7a40bbf80440f5bdd6c369084e1597ae9d4e5c143ef9b755a48cf209111dfc0f	5275	evidence/consumer-v3/compiled-java/migration-recipes/test-classes/com/m3/rewrite/backport/jdk22-jep458-current/pre/03-jdk-compiler-launcher.properties.before.txt
e8c1811a383657bcf844bacd24a339e0974c594362c7a229e3de9cfcd9e927a6	56276	evidence/consumer-v3/compiled-java/migration-recipes/test-classes/com/m3/rewrite/backport/jdk22-jep458-current/pre/12-Option.java.before.txt
67b4e9cf748dd758f8720fd494444cd5e0cd630009eac84e0b2c73dcbe868582	2250	evidence/consumer-v3/compiled-java/migration-recipes/test-classes/com/m3/rewrite/backport/jdk22-jep458-current/pre/14-GetResourceTest.java.before.txt
770410ae9b62b71069e860f910a46ef7f65ebd33cce0ad8c00a4af8bf7a79a59	35160	evidence/consumer-v3/compiled-java/migration-recipes/test-classes/com/m3/rewrite/backport/jdk22-jep458-current/pre/19-SourceLauncherTest.java.before.txt
8ff6f20315f5932819d14d2632a0b678b63b1923087f52478c554e41dba2432f	12323	evidence/consumer-v3/compiled-java/migration-recipes/test-classes/com/m3/rewrite/backport/jdk22-jep458-current/pre/21-ListModuleDeps.java.before.txt
de7a521207bb9c78f6772074269199d804b2760cbe1dcee01b7fe8a01d0b69ff	30628	evidence/consumer-v3/compiled-java/migration-recipes/test-classes/com/m3/rewrite/backport/jdk27-javadoc-8347112/pre/BaseConfiguration.java.before.txt
c5fa8cc4ef83e41f1ee1715e0600bcba73bf8ad45942bdc3641c2be44c0123ca	12756	evidence/consumer-v3/compiled-java/migration-recipes/test-classes/com/m3/rewrite/backport/jdk27-javadoc-8347112/pre/DocFilesHandlerImpl.java.before.txt
9e445fdf493ebe246e10b3d513ccd83a54f91fe4cf6c7e11d1bf8df4e6d98782	10307	evidence/consumer-v3/compiled-java/migration-recipes/test-classes/com/m3/rewrite/backport/jdk27-javadoc-8347112/pre/TestCopyFiles.java.before.txt
f0abef4ca1aa23163b6b96f5c6eb7610ac9ac69a2b3815674049c091936c7143	57348	evidence/consumer-v3/compiled-java/migration-recipes/test-classes/com/m3/rewrite/backport/jdk27-javadoc-8347112/pre/javadoc.1.before.txt
bb1c116219dfaecb82839797cbad206d2a04e951a7399275d247963dcb2b52ca	30056	evidence/consumer-v3/compiled-java/migration-recipes/test-classes/com/m3/rewrite/backport/jdk27-javadoc-8347112/pre/standard.properties.before.txt
fc56665e8938fc5fbe467f59655cb80b5c6f90fa936ef71444d931a508f629bd	24311	evidence/consumer-v3/compiled-java/migration-recipes/test-classes/com/m3/rewrite/backport/jdk27-jfr-options-help-8367584/pre/jfrDcmds.cpp.before.txt
c27ea56c3d0b245c84dd5ad4ed965e5fcfebc2d63df965c82433d684b169dd8a	7215	evidence/consumer-v3/compiled-java/migration-recipes/test-classes/com/m3/rewrite/backport/jdk27-jfr-options-help-8367584/pre/jfrDcmds.hpp.before.txt
0eff6efdb739e58da2c1266b0fdadf28b000e0aa160a723e8f24619a6c824f35	29227	evidence/consumer-v3/compiled-java/migration-recipes/test-classes/com/m3/rewrite/backport/jdk27-jfr-options-help-8367584/pre/jfrOptionSet.cpp.before.txt
7ec4534e23ac067aea473da6e2638d660c2b149113c94023cf033a01bc77a5ca	90557	evidence/consumer-v3/compiled-java/migration-recipes/test-classes/com/m3/rewrite/backport/jdk27-keystore-creation-instant-8374808/pre/KeyStore.java.before.txt
25a3cce4aee111e67af0156b4f357aa230fe5fddfee782280a561ae0df6faaa8	27270	evidence/consumer-v3/compiled-java/migration-recipes/test-classes/com/m3/rewrite/backport/jdk27-keystore-creation-instant-8374808/pre/KeyStoreSpi.java.before.txt
20da0c770960d04f9c81b5dbeebdff1ddea4dd1b9ea0a9f403bdbdb56f25f5d4	5732	evidence/consumer-v3/compiled-java/migration-recipes/test-classes/com/m3/rewrite/backport/jdk27-password-systemin-8368692/pre/Password.java.before.txt
05fe1073e0381059378b8b94d5b8ecabdcbc812ba0c6a251a2d7971a2d951126	64495	evidence/consumer-v3/compiled-java/migration-recipes/test-classes/com/m3/rewrite/backport/jdk27-password-systemin-8368692/pre/java.security.before.txt
10d2b1c903beea4a2b37412ee2a149b64bc479e580d00b1b9236311dd21b9f6a	1357	evidence/consumer-v3/compiled-java/migration-recipes/test-classes/com/m3/rewrite/backport/jdk27-security-properties-8364182/pre/JavaSecurityPropertiesAccess.java.before.txt
7e8b65dfcad975c736a05b5ef221bda4a088a08ee050bb700001b9c724b9546e	40506	evidence/consumer-v3/compiled-java/migration-recipes/test-classes/com/m3/rewrite/backport/jdk27-security-properties-8364182/pre/Security.java.before.txt
6d5e489f69a8ef2853c1ae09961b9dcdf489ffd102f0ebe6eae00793ad4d523c	25450	evidence/consumer-v3/compiled-java/migration-recipes/test-classes/com/m3/rewrite/backport/jdk27-security-properties-8364182/pre/VMSupport.java.before.txt
b0e5a34c68f8a8d8160358164eddcb1699d67246831095a28045c54fa94c7e52	44034	evidence/consumer-v3/compiled-java/migration-recipes/test-classes/com/m3/rewrite/backport/jdk27-security-properties-8364182/pre/diagnosticCommand.cpp.before.txt
30c5bbd177e31a96bea3c97324061ec503c75aef662e3b9893523d42edc70f36	29175	evidence/consumer-v3/compiled-java/migration-recipes/test-classes/com/m3/rewrite/backport/jdk27-security-properties-8364182/pre/diagnosticCommand.hpp.before.txt
e7fb873ad4afa977f39c04285c6fd3080dce55ccda00539cb05e5adb0f53de27	84851	evidence/consumer-v3/compiled-java/migration-recipes/test-classes/com/m3/rewrite/backport/jdk27-security-properties-8364182/pre/vmSymbols.hpp.before.txt
3c30fbaf0b56975cda37566e12997d0df3c4ad49c01120714517f0c890e4fed6	2354	evidence/consumer-v3/config.json
c81a2f02eeb8a66db0a78c48b41cc147c53a887311d90ca1327cf4c2ca2f82c5	26566	evidence/consumer-v3/harness/proof.py
349234ce404067947b4bb9ade2d54897b19915524262358a45236b222b823ddd	3262	evidence/consumer-v3/harness/run_stage.py
33e6b9cbbb64b550a493ba4dc4c018bdbe78ec4b516875052a9cfcbaf961a9be	12638	evidence/consumer-v3/harness/runtime.py
b35f07f14e36a869dbbb74a5b00dae3f45352664763f5eb8155062389762f7d8	2445670	evidence/consumer-v3/inputs.json
e4cc7a795e29ad735bc34a7dea7ef058c2bcef8c9e0c3d5adbac7fb0968cc943	24558	evidence/consumer-v3/lint-report.json
c89b1e3e3e9152a1605a4fabcd5de19a2969334d437258f004ec00cee9d98b35	4257	evidence/consumer-v3/owner-commands.json
fb64fa5fb584607afc9b83031ca64db2c59ff2e84b3bff310b6e134ff992ce24	531447	evidence/consumer-v3/sets.json
7273cc9439ca62bc2b63ba440449fbd5b484ae2830092b98289a021fe9151af2	3518	evidence/consumer-v3/source/.github/workflows/m3-a3-openrewrite-declarative.yml
b408f0b8d0e4d6e197230e3cb1469d14e0d52aecd33ac55c71f11d513d6e23ec	10881	evidence/consumer-v3/source/.github/workflows/m3-a3.yml
f6f569ef91e6b17be68a48801d1f97639d288d436c277a6401628bd82e210d3e	2413	evidence/consumer-v3/source/.github/workflows/m3-foundation.yml
22421943e3c62a53fe40d59b9f03bcd9fb0f14511d4714c8b857f3a7b36ee71d	4830	evidence/consumer-v3/source/.github/workflows/m3-jdk-proof.yml
252165fedc2e2962143cbd71d0ca68d553800ba7cf9c85df164edeb4713566a1	3051	evidence/consumer-v3/source/.github/workflows/m3-tooling-recipes.yml
dfb196cff22c5ad164df03e3c862d12b003d42b7c7ac2fd4e852ff20ade53c3c	3326	evidence/consumer-v3/source/SYNEXIA_CONVERGENCE_MODEL.md
84fc43d5a4c0a60c5752c9719c8049d310699d222749abc31579aabe35d8aa14	27	evidence/consumer-v3/source/m3/.gitignore
cfc7749b96f63bd31c3c42b5c471bf756814053e847c10f3eb003417bc523d30	11358	evidence/consumer-v3/source/m3/LICENSE
f4ed7d3143b74e07cadff1fa9207e65f2e41caa8ee1475bd5207677abc8ffaf7	681	evidence/consumer-v3/source/m3/NOTICE
a432b24240c217ae4e61ecabaa0c726f3c15d7a04a48dd0e383eb845db9256d1	6531	evidence/consumer-v3/source/m3/README.md
93dbde74109df4498be0351978f0b861db9fd0f3f9d4d833140308850366399a	5081	evidence/consumer-v3/source/m3/algorithms/src/com/m3/algorithm/M3PrefixZ.java
caf6ae362eca1a056a9024658a68d6e3eaf289ff2b952080fe519c86f4cc8448	7818	evidence/consumer-v3/source/m3/algorithms/test/PrefixZContractTest.java
9e72a70b33cbb9c8b9123893ff98054671c5694657b36bc4d965c14a047b19f7	3808	evidence/consumer-v3/source/m3/algorithms/test/ViewInteropContractTest.java
1aad547fe2f419cf2f265a8f1d7c492779c1bbc86ef685bfafd47516a98a276e	2752	evidence/consumer-v3/source/m3/backports/ALGORITHM_CATALOGUE.tsv
1f239275443257103db555dde934d4684f378f980ed96d52cdb01eea5033abfc	2598	evidence/consumer-v3/source/m3/backports/COMMUNITY_CAPABILITY_CANDIDATES.tsv
8f280c7b894008a2e4a14ea733f33ff186df46217aa58f7fb19f9f0fde0a2f5d	2618	evidence/consumer-v3/source/m3/backports/COMMUNITY_FORKS.tsv
7588f2fec999f5d85a3f4ead7c37cf8204a6b1b4e83ee4d081072306217882d9	2202	evidence/consumer-v3/source/m3/backports/COMMUNITY_FORK_CAPABILITIES.tsv
919c2d4aa8602dbea333736bf86a7113bd61b584e4d946d9da93e90803521e3f	6363	evidence/consumer-v3/source/m3/backports/COMMUNITY_FORK_INTAKE.md
161d92f9d7c46f40f9ab5651d14b52643d06fd7a3c8241f448a72e7b20e1788e	5074	evidence/consumer-v3/source/m3/backports/COMPATIBILITY_ADMISSION.md
8023fe4e557f092f59428a3bac70b9e5e167d136f603d19d7cbf19f45004d608	11308	evidence/consumer-v3/source/m3/backports/JEP_CATALOGUE.tsv
d31e7739e01b287e839f00fc4dcd524c9c8acfee04bd75807f065bfec788c899	5679	evidence/consumer-v3/source/m3/backports/POST21_PRIORITY_COMPATIBILITY.tsv
ccfeba57e234499492ddb632f0faf9e6af0cb0457d501fa9c3d9b95ae7f8e963	3458	evidence/consumer-v3/source/m3/backports/PROGRAM_STATUS_2026-10-03.md
111c274c92ecca5d31a1a13941565ec37f04c5bb8dfa346517dd9a3521980e7d	1536	evidence/consumer-v3/source/m3/backports/PROOF_HARNESS_REPAIR_20261005.md
63ca9bbfbeadbbb687a266b10903b3c2e480a0ce765c7b6fcf9ff414a4ce6f9a	17013	evidence/consumer-v3/source/m3/backports/README.md
8401859f3854cbf0e9c6afbfa7cfd5a53d11ddb252b66c8e2846d687b72e93c6	3133	evidence/consumer-v3/source/m3/backports/UPSTREAM_CHANGE_SEEDS.tsv
f0ddb287cb1344ccf74fda43c31530d2dc5abf4011b83369ce64e65de508f6a1	6310	evidence/consumer-v3/source/m3/backports/community_fork_capabilities.py
e36fe124944a4894949e5d430dff8a844cb1f86132ca139c313e4cffcca3759b	16649	evidence/consumer-v3/source/m3/backports/community_fork_inventory.py
d51301d3ea225e89b000a2256855ab7806a1faf20c5fa493eb5666de1e7880c2	4695	evidence/consumer-v3/source/m3/backports/compatibility_policy.py
f10f30b6e578d40261c6209b567e38bb186cd30c7160f2e32556d4aa0991568f	9526	evidence/consumer-v3/source/m3/backports/compatibility_queue.py
cd0bfb743196bb927581c05def4b4c09264690a1f0550a621c0bc4666a287ab7	7538	evidence/consumer-v3/source/m3/backports/file_delta_inventory.py
2f075d95ce7c2fdbb2742b92a1c1098864f06d073c56046dc02f02adc5687dec	14827	evidence/consumer-v3/source/m3/backports/generate_recipe_crates.py
577af90c00892c9b0646c61e48f2e5ac7600938d670d7f83ad73344952c835b3	9799	evidence/consumer-v3/source/m3/backports/inventory.py
ba4dbc17bbfc3eaa1759d0b162eac562ff762847722006860c2e9f8ce65df9e2	3148	evidence/consumer-v3/source/m3/backports/pom.xml
dab9f74b221bc2273639ac6cdf2e94ab09178f9f0b39bf759167a55f3891790c	4389	evidence/consumer-v3/source/m3/backports/program_status.py
eb034625167dbb18dadbc14e9fc0d332cc46be63f9e421a23bc7af6f2b8dc78c	2073	evidence/consumer-v3/source/m3/backports/recipes/jdk-8347112/README.md
a4559953d3e67acab1ce2c61a8c48e9b02b7a723f707eea91bacdf3343c67f29	2454	evidence/consumer-v3/source/m3/backports/recipes/jdk-8347112/adaptation.tsv
f6abc312d4377e2c2f6b3cdb017729fbce0683db108c43e0c665875af962497e	339	evidence/consumer-v3/source/m3/backports/recipes/jdk-8357439/manifest.tsv
5d7abd6186c0199a5a08031fd570057ee2ee4c6af912b5743b3cba9bdaa0c1ab	2100	evidence/consumer-v3/source/m3/backports/recipes/jdk-8364182/README.md
3b8bcddcde179ed7d21c44af324621a25ed07f9e7406ca471b0c3b5663835e68	2933	evidence/consumer-v3/source/m3/backports/recipes/jdk-8364182/adaptation.tsv
8eb86d1975f8856c5c0c93350a98e5ee679511906f82d9bd26ae85a8848bb10b	2827	evidence/consumer-v3/source/m3/backports/recipes/jdk-8367584/README.md
bbd5a5ab037bd9f8efb866daf76ee5bd17f032edfc980214a9825660ca084f0f	1409	evidence/consumer-v3/source/m3/backports/recipes/jdk-8367584/adaptation.tsv
75d5d49c31af7759a50fa83c58bc0ca609c04902fc21e8c25f01eaf5d7029c6b	679	evidence/consumer-v3/source/m3/backports/recipes/jdk-8367584/packet.tsv
7199e7e9a114c4b0b877f54bb72790af18b605c6d8aae6548ea6afa813047a08	2545	evidence/consumer-v3/source/m3/backports/recipes/jdk-8367584/verify_recovery.py
f5cfcb64974e7ba53e5ddcbe07499c496dddc43c3841dbf92fae7331cc90204c	2309	evidence/consumer-v3/source/m3/backports/recipes/jdk-8368692/README.md
425a8aa1a1b788b7e8992d529b6f092bdf3e5bcec561a9457bf5072ee343869b	1184	evidence/consumer-v3/source/m3/backports/recipes/jdk-8368692/adaptation.tsv
91cab111949fa18ac811882b428f809dd965ec20f487fef8bd4852e33bd6967b	2342	evidence/consumer-v3/source/m3/backports/recipes/jdk-8368692/verify_recovery.py
e4a84fcf71e582c286999f54bc8336e5343a87612f43484d3053d6859880811d	2787	evidence/consumer-v3/source/m3/backports/recipes/jdk-8374808/README.md
667a1efb9cb490aa24bfaca5a88b49720c8a664c2a7153df09296e7c2977129b	1469	evidence/consumer-v3/source/m3/backports/recipes/jdk-8374808/adaptation.tsv
ed6dce39fa3e14c78647b5430bee44d7f2a1c3a4796bce2c4d9e81496444d167	1121	evidence/consumer-v3/source/m3/backports/recipes/jep-458-current/COMPATIBILITY_SPLIT.tsv
7f0346ac5edcaca734647aeba6fa4979601a26ac75fd368c2ea134a5724e504b	592	evidence/consumer-v3/source/m3/backports/recipes/jep-458-current/CURRENT_TREE_RECEIPT.tsv
08be6d6f52862553d31fccd18388eba720bd67887027792ee47b2c8c1c0348dd	2904	evidence/consumer-v3/source/m3/backports/recipes/jep-458-current/README.md
e0a6f326c99007c5cc9b00e822f619375380c4bf095d0e70f07ebae7f8e52cf1	4207	evidence/consumer-v3/source/m3/backports/recipes/jep-458-current/UPSTREAM_FILES.tsv
5de8e78eb4925612a584be9cefd2ba13e8ea7abb868a257ac9b5e513b314c0e9	716	evidence/consumer-v3/source/m3/backports/recipes/jep-458-current/atom-evidence.tsv
2463eb78e60ebb67e298dc218771c9169ec9040e6da540ce3fbb33a86d4dc833	470	evidence/consumer-v3/source/m3/backports/recipes/jep-458-current/packet.tsv
3a2b3bda7a248b54c21ae1adfae612629f6bdeb71d1509d102a426ba0a60e973	903	evidence/consumer-v3/source/m3/backports/recipes/jep-467-markdown/COMPOSITION_PLAN.tsv
c09c84fff5c7838a328c4b79e331a1d06f21bc609cad6cf68240f71efdd54ecb	474	evidence/consumer-v3/source/m3/backports/recipes/jep-467-markdown/CURRENT_TREE_RECEIPT.tsv
99dc6927d9ace1d7cdd8972a2f529f5f7b4fb303f7110300efd87e7378b34023	1106	evidence/consumer-v3/source/m3/backports/recipes/jep-467-markdown/DEPENDENCY_AUDIT.tsv
30737453459b4d4240906b65fc33426faa0d543e79e518eccb4f595a1fc1d87f	1309	evidence/consumer-v3/source/m3/backports/recipes/jep-467-markdown/PACKET_PLAN.tsv
8fb3e050eba335b609170716bba1effe8e118b33e91e2e0bcd85bb4417213838	21185	evidence/consumer-v3/source/m3/backports/recipes/jep-467-markdown/PATHS.txt
79265b23be07c1390424bb64086fda76ed9d069ac6eac61e8f5e72974a311075	2516	evidence/consumer-v3/source/m3/backports/recipes/jep-467-markdown/README.md
a7f19c0203a4e97a4a0d72a2fa7688ccfffac4e03c14040c12823e8ad71a6c35	227	evidence/consumer-v3/source/m3/backports/recipes/jep-467-markdown/UPSTREAM_COMMIT.tsv
29122a82d635a1097e644d6376f3f311fd4fe72b591141cb08d29d6bfe15e12d	81721	evidence/consumer-v3/source/m3/backports/recipes/jep-467-markdown/atom-evidence.tsv
70de361f4b89c90e105db184c1902a96cf32286ec8491c8c6ea1f7bd32773a8c	78899	evidence/consumer-v3/source/m3/backports/recipes/jep-467-markdown/packet.tsv
12966f05717f290f6c55d370ebd8d84e93162c5126eabd272e7802e28d1dd9ab	682	evidence/consumer-v3/source/m3/backports/recipes/jep-493-runtime-image/COMPOSITION_PLAN.tsv
b9fc45e369617004aa6bd329b5b32b00de3cda342dc8046756b7cce1a560710a	515	evidence/consumer-v3/source/m3/backports/recipes/jep-493-runtime-image/CURRENT_TREE_RECEIPT.tsv
aca3e61a92264818526e194f61323ea14da3bfc9fbadcdd77c7770b4663a0ad7	1126	evidence/consumer-v3/source/m3/backports/recipes/jep-493-runtime-image/DEPENDENCY_AUDIT.tsv
bd7cd9c1e18ebffaaffec57e9445879f290a1a63fa853457efa407376c095694	979	evidence/consumer-v3/source/m3/backports/recipes/jep-493-runtime-image/PACKET_PLAN.tsv
89c4c4065f61b77160bb8c9e6b328d004de1989359636e1497c1d36b8cfb9cf7	2727	evidence/consumer-v3/source/m3/backports/recipes/jep-493-runtime-image/PATHS.txt
9ae80ad2e94552d552ab8eb125ea9b0d435e749f5ef6e0f140130a76cf6a4fe9	2472	evidence/consumer-v3/source/m3/backports/recipes/jep-493-runtime-image/README.md
766aaa56b0ad9afdcce94a72dc9bdc12b62e4bfa71bccdd1a79e761132e49191	155	evidence/consumer-v3/source/m3/backports/recipes/jep-493-runtime-image/UPSTREAM_COMMIT.tsv
76028811ae1982c342b5b650b6144f2bcb2c394af15467fa90d12bf0e1964a69	14156	evidence/consumer-v3/source/m3/backports/recipes/jep-493-runtime-image/atom-evidence.tsv
f6b9659e66ed49e6f17df1ef5d3fc0507874b2594149866b892b5cb0c23c8487	11910	evidence/consumer-v3/source/m3/backports/recipes/jep-493-runtime-image/packet.tsv
c39eb810300096449ea93975500190ad0ca678a6dde75e885aff415209084f20	4163	evidence/consumer-v3/source/m3/backports/test_community_fork_capabilities.py
5cd3f0d5cd62c56abe1d315faf3df145ee1a195ab0681204eae7b6f6e89d24c9	9041	evidence/consumer-v3/source/m3/backports/test_community_fork_inventory.py
dbd50a08d902a4009c66e22b8e6f499a66bbe4316c2d96d1e47c60194b572937	7177	evidence/consumer-v3/source/m3/backports/test_compatibility_policy.py
4eb37e4d1dd90c61ef54707ddd80ac1f91a243553105fb4a15de6a0f3b66818e	8123	evidence/consumer-v3/source/m3/backports/test_compatibility_queue.py
d569ab13aa971a68415d931c24a95be51f8cf29cc72120f73001b4c8a7b631c9	7152	evidence/consumer-v3/source/m3/backports/test_file_delta_inventory.py
ab6433b0a1d50c358d65d0aad9ed2b7bbc7b8be1ca10b0302e53fefac0d7a5d8	17732	evidence/consumer-v3/source/m3/backports/test_generate_recipe_crates.py
92208a06a9881d5fe88b8714e47edec67678475a99bd1692e5d6c2112f4694e2	3381	evidence/consumer-v3/source/m3/backports/test_inventory.py
f104e5adc82d8a50a1a129338dd1aec7f34c8fccb96afbb52c5a2cc435fae598	2281	evidence/consumer-v3/source/m3/backports/test_program_status.py
4fb278d52f3cd4d07db73a9a21fb1b7ad739b57ab66858b26906b283ae66930c	16231	evidence/consumer-v3/source/m3/backports/verify.py
f46a09e0039dd2fcf6b1cbf4a16d31d6d77a42cde926c4c5273b04b4b3eac236	970	evidence/consumer-v3/source/m3/build-openjdk.sh
9a59939aac3cc78d8efc77c26041184563b233aefa1e5bfcd6c710363f316dd3	1630	evidence/consumer-v3/source/m3/build.sh
1141064ed2630abfb4a4b52385d7e6c5676a9a51c3c01a4884a7cdaf05609a74	21	evidence/consumer-v3/source/m3/collections/.gitignore
cfc7749b96f63bd31c3c42b5c471bf756814053e847c10f3eb003417bc523d30	11358	evidence/consumer-v3/source/m3/collections/LICENSE
81138f9994f4afa899c22904debf7cf8277803cf21b53536108ac7e254b0a5bb	423	evidence/consumer-v3/source/m3/collections/NOTICE
2ccc1183f498d89005922b7e9ec233f3fe878390e6c66c33e66df04c824528a9	5555	evidence/consumer-v3/source/m3/collections/README.md
5d12daa4a00820d5e1af070fea1ffe3dd8ff2a1d513560900391e3739dc08b0d	2266	evidence/consumer-v3/source/m3/collections/evidence/02-recipe-repaired.log
c8d156fdf6897f8d2b8dc1516bfd1f0b48a36871cebb3c8896c7378402c8f20f	2111	evidence/consumer-v3/source/m3/collections/evidence/STATUS.md
327730aa363fa9912d451407d17dd9a4e1dc87623f74a4efc094c0607cb4174c	95	evidence/consumer-v3/source/m3/collections/evidence/artifact-contents.log
24765fdf54d25d31d6657f68b89361b15944421aef6d9e5fb30405f126871322	4418	evidence/consumer-v3/source/m3/collections/evidence/compile.log
b1882e9ead3648e72f85f35a5cb76cb7a518298d1b7b3e456699bf340aa25608	88	evidence/consumer-v3/source/m3/collections/evidence/final/02-static.log
8dbe7d19e76440e383c9849c9bbce5a0fa17d3e22fcc9c1f88619708086f4e4d	1881	evidence/consumer-v3/source/m3/collections/evidence/final/03-recipe-compile.log
c47fec1deb1e547a839abdca0a71068206aed84e025ceee3a6faa61d23a4bf98	2324	evidence/consumer-v3/source/m3/collections/evidence/final/04-recipe-tests.log
5c36d262940c1bffa2deb72ea3af7d71728d231330447c340c62220f2bd0bbcb	3016	evidence/consumer-v3/source/m3/collections/evidence/final/05-java-compile.log
432331f1ef675c7c83e43a344bef17ecf19ed12835a05e2611c3d9737a39baf2	1210	evidence/consumer-v3/source/m3/collections/evidence/final/06-test-compile.log
f814ea4fafbf553f542d0c249c8d60038997342d46263e3df3a6f2bb8a7cae91	580	evidence/consumer-v3/source/m3/collections/evidence/final/07-module-package.log
21e4923931c4c9c4a8f218b748697ea1fe607f15a6b94ae0b1771fa31783c555	438	evidence/consumer-v3/source/m3/collections/evidence/final/08-module-descriptor.log
1cee1bf5ec6c732e294801ac2d240e043f146d64ad9f1443d49c68d8b9f9033c	2626	evidence/consumer-v3/source/m3/collections/evidence/final/09-contract-tests.log
dc92bbf1f4542947d4f37b991a3a45612caf5456219af7cf0af0a1df5d1e72a3	477	evidence/consumer-v3/source/m3/collections/evidence/final/10-native-static.log
d85183da4118ba2d82b9eda774e120e829d52a568dc15093c6860af6a8751538	590	evidence/consumer-v3/source/m3/collections/evidence/final/11-native-compile.log
01dcc88961957f820af9634253fa179327fe6adbac3c33c345889412f1ba6c61	518	evidence/consumer-v3/source/m3/collections/evidence/final/12-jni-parity.log
342df54828c38ef05ac96f0ac06f582f962e5720b6b8f1d2badc85a0df5ba7c2	544	evidence/consumer-v3/source/m3/collections/evidence/final/13-prepared-allocation.log
84700b694345f90c3f07c87d331c4a61e3b748e8b4414a8d7310f5611425ea35	2807	evidence/consumer-v3/source/m3/collections/evidence/maven-library.log
d1393ac8dc4b4a45b58f1847e7959c170e4ffaf7893f3efb38c8d3864e84695e	2540	evidence/consumer-v3/source/m3/collections/evidence/recipe.log
8454798f26ef95c16193a3d22d70f5a4810bbf890736f004b5fe11550a0562f2	2059	evidence/consumer-v3/source/m3/collections/pom.xml
98b270cbd821874e35df371fe239877619f83910005651239148e98f3711ecba	13396	evidence/consumer-v3/source/m3/collections/provenance.json
09a89132bcfe908ba0cefafed53c0df7857234795b8edc1bdefb3535061415df	2641	evidence/consumer-v3/source/m3/collections/recipe/pom.xml
d171066f8916d0db6145b50b1979ec879e7b5423f4e4f7a5c327f99320817c84	5273	evidence/consumer-v3/source/m3/collections/recipe/src/test/java/com/synexia/rewrite/SegmentedLaneRecipeTest.java
5fa8a82e3655a675aa0d1e21ba456a7dae272776c605eeba4af22a9dbc7eaa56	2595	evidence/consumer-v3/source/m3/collections/src/main/java/com/m3/collections/M3Address28.java
1964daa513d98b295ad13ad820519a56af6f29916063860c4c8ec8bf7d3baaa2	7589	evidence/consumer-v3/source/m3/collections/src/main/java/com/m3/collections/M3BitLane28.java
529fd9055caa62cc1b4d3d008fef2765572836cc297565d11b1aea1a279a7179	1559	evidence/consumer-v3/source/m3/collections/src/main/java/com/m3/collections/M3Collections.java
bb1486f22518957d1fa1f951ef78b312364de5a736aff17ae5a543fe1765a4c5	6285	evidence/consumer-v3/source/m3/collections/src/main/java/com/m3/collections/M3ConcurrentBitSet.java
baaa8de6567da94efba77b1363b5629755e5394a6fe951976dc552622ddd0573	7533	evidence/consumer-v3/source/m3/collections/src/main/java/com/m3/collections/M3ConcurrentIntLane28.java
727666e9ad92ab6ab1a41e625307baa70ef08c1397954c2aa362282a137c46ea	7583	evidence/consumer-v3/source/m3/collections/src/main/java/com/m3/collections/M3ConcurrentLongLane28.java
00b8882f22b664552ae9dae4c37ab243b7fc1fb8159b80b5b74e180b4dfd7698	6637	evidence/consumer-v3/source/m3/collections/src/main/java/com/m3/collections/M3ConcurrentLongMap.java
7a7e71695a1106f6cefc43e2ba0883eec78abf44f4bf72ead6d094991d6366d6	3876	evidence/consumer-v3/source/m3/collections/src/main/java/com/m3/collections/M3ConcurrentLongSet.java
771b1450d137874e7c3e08d4e9bee405a6cf88aa6695a9fd4c3616be4ae34d18	6912	evidence/consumer-v3/source/m3/collections/src/main/java/com/m3/collections/M3IntLane28.java
f797998ca57b353f7c44ae48f3d65eeaddec6182066cec0f56c8526d71355e60	2316	evidence/consumer-v3/source/m3/collections/src/main/java/com/m3/collections/M3LongArena28.java
ea0c1aa0957f7bafd5cf2892cbe483c98d5772192f81cc3c467d53ab5c1c7531	2310	evidence/consumer-v3/source/m3/collections/src/main/java/com/m3/collections/M3LongCollection.java
9d10e476f5d1664a1028fe52406ab05421758961c6d3d5cf163241e058a3f201	554	evidence/consumer-v3/source/m3/collections/src/main/java/com/m3/collections/M3LongIterator.java
5e35c6c646389c582585b684a4e6224bb968cf2f7b669598eb88920ab1538960	7204	evidence/consumer-v3/source/m3/collections/src/main/java/com/m3/collections/M3LongLane28.java
e12261ea8149c9b6cedcfb08915699ec344a57eaed15f68060a9927717eb44a1	4470	evidence/consumer-v3/source/m3/collections/src/main/java/com/m3/collections/M3LongLaneStore28.java
2db7c6ba3342a58fdce49c3e988ded51ece2de336575d225edb6cca75cd483c2	5940	evidence/consumer-v3/source/m3/collections/src/main/java/com/m3/collections/M3LongLinkedList28.java
a9be525afc8c71fa191625dc69c60f76273299832744392435a5739006c8d15c	326	evidence/consumer-v3/source/m3/collections/src/main/java/com/m3/collections/M3LongLongConsumer.java
9a7487453e0bd2369b56e7e17dedb79e2eba8919944772ec0407c95833458ae7	4760	evidence/consumer-v3/source/m3/collections/src/main/java/com/m3/collections/M3SlotAllocator28.java
e531b318ea4cbc6ca09bb3e52cb1a70ee4539ccf78d8b61b0f73bcf3027db557	165	evidence/consumer-v3/source/m3/collections/src/main/java/module-info.java
4ff7fb4557c58cc59de7fbb24498f3df2a197083a5cd467670dc24b9441f1210	3458	evidence/consumer-v3/source/m3/collections/src/main/native/collections/segmented_bit_lane.c
4a72dcca1648cbd3cf9f2d9bbec526de13fb50464d6b2ed19b101182541f7e5a	7340	evidence/consumer-v3/source/m3/collections/src/test/java/com/m3/collections/M3ConcurrentLaneContractTest.java
f2ea51cf92b35489ca0bc3c6555850ff9ceee45a1459eb0af06f19feaff810ce	7117	evidence/consumer-v3/source/m3/collections/src/test/java/com/m3/collections/SegmentedLaneBulkContractTest.java
b202adb68518e47c49ceddc4f21e52c7bb48c387b3f1ee08baceaf8a930eb44c	6641	evidence/consumer-v3/source/m3/collections/src/test/java/com/m3/collections/SegmentedPrimitiveStorageTest.java
11bb2728a65f58d91ca9dc1e5da9ebb015297b5c6cacd88f25dd3db2938ec290	2241	evidence/consumer-v3/source/m3/collections/verification/PreparedLaneAllocationProbe.java
1bfff970dfcad8bb19c9e9ab6885aafef657e0f52a2ab7fbea970963694ed065	1804	evidence/consumer-v3/source/m3/collections/verification/SegmentedLaneNativeProbe.java
f67a54ef68ec6b4140031a173d3d0b328303f6d0ab4957644dd363d3cedd7c4a	10230	evidence/consumer-v3/source/m3/collections/verify.py
6c96a7b72da88a7fb43a05dbb9ab99a6ca8861468731d885a3f7177b1b1b6589	1340	evidence/consumer-v3/source/m3/compatibility/SynexiaContractTest.java
049b2315457668cc754dcbf505d4f0019d43c3a5a5146ad1ccfc336b5b59c92f	1895	evidence/consumer-v3/source/m3/compatibility/check-synexia.py
694ee6a9fa06803244fd56d7a846da16f1560d242a0660ae2f4a927c43fc3dcb	2634	evidence/consumer-v3/source/m3/core/src/com/m3/text/JoinedM3StringPiece.java
8f86470619da33cf79ce3f8c6b99e7b6a4815f1c0053c7a07985a6ea4010563a	1093	evidence/consumer-v3/source/m3/core/src/com/m3/text/LexiconTool.java
99e6adce8be83bf6ebbe2128409e4f34cff88e0d06602c95e21f64a27898b73d	1975	evidence/consumer-v3/source/m3/core/src/com/m3/text/LocalM3Arena.java
06370c193953ead287f6fd6c423e12bd7761da8bf1c825dacd7445afe1876b51	2115	evidence/consumer-v3/source/m3/core/src/com/m3/text/LocalM3StringPiece.java
d43e66b414d96ba4b16b8cc94f64fa5a01c2dcb350ad58050105b04996486479	767	evidence/consumer-v3/source/m3/core/src/com/m3/text/M3StringPiece.java
d0c1f57d9d7d2808309a1531b00f006fe28cf1e0cbe0b4804b69676590acf9df	7089	evidence/consumer-v3/source/m3/core/src/com/m3/text/SharedLexiconImage.java
b1e4fcbd385adc7c01c56d0f6a6af63d42ef0e6fa75b46d66d8d75c64c7a6417	494	evidence/consumer-v3/source/m3/core/src/com/m3/text/StorageIdentity.java
2b6c29db60f536419e3755cdf1a83d21388a2e2bd602838d8cebe516f940964c	227	evidence/consumer-v3/source/m3/core/src/module-info.java
07bb7e0af2c713ab30aa9c2b429032ab2857465316f2ae9a8b7d3656a7cdfbf5	6242	evidence/consumer-v3/source/m3/core/test/FoundationTest.java
ca787f4f208199b8516be71da485df9676ef8b23f7b1972fe9b7d8a9b974e424	4302	evidence/consumer-v3/source/m3/docs/a3-alg.md
d9d39747f40bb5eff6ba8639e1e5d0554f0223cc94c09443fe1b2054aac9c3d6	5171	evidence/consumer-v3/source/m3/docs/a3-lab.md
01a428a662ffbdbd22dcd39d1fea7b69084ce34cada0bb5582b8c3686615750d	3974	evidence/consumer-v3/source/m3/docs/a3-mastery.md
0696920895992399dd8272b100a07a38f0474437d9121e1e0d1e0445fef7c942	3766	evidence/consumer-v3/source/m3/docs/a3-native-jni.md
06fbadacd16730fceec5ad7eda3cbb10bd9456f2cb55c7b66ffa29cfe2c35fe9	4863	evidence/consumer-v3/source/m3/docs/a3-serial-file-work.md
9c5177ee233ee5335131c9106b7a6faa0041b1cd09e9385e36909d8c6365cf87	8267	evidence/consumer-v3/source/m3/docs/a3.md
8742c19ea1d7fe1f5a8029c917ba79a3f02aa1adfc31456e16b63f1eb3eb9134	7878	evidence/consumer-v3/source/m3/docs/atom-pattern-admission-and-tooling-boundary.md
ba1ce8a7d2ddb934509b384bf6a00fdb5c3d8e2e0e3ad639a489b9606903c909	17131	evidence/consumer-v3/source/m3/docs/collections-replacement-spec.md
690cfd91e543659960d360792c93b5273822b0bcc18197ef5cd09b8dcea74a01	12122	evidence/consumer-v3/source/m3/docs/community-capability-admission.md
8a9df82b06f61ec680d47bbf512201f8120e661831b4d92b067aa58e7c84451c	8827	evidence/consumer-v3/source/m3/docs/counterpart-naming.md
d6fb682156dfcf7da23aeb0f7f8c40c54089196bf0bab4575807ee6386c71fd6	2241	evidence/consumer-v3/source/m3/docs/java21-multipass-openrewrite-convergence.md
ccc71389f5d7006852f1b79c99e1283af357a2f63d514a52f5280e92fda6277e	8838	evidence/consumer-v3/source/m3/docs/jcc-source-handoff-plan.md
fff2e02f72c07f89c6f8bcabab3839878ff8628f0b31b04bb3632eb62be10337	17031	evidence/consumer-v3/source/m3/docs/jcc-source-handoff.md
52142f1c02f6e22eb0904c685f3087c0accbc84f964b2f100255a73d74166664	16768	evidence/consumer-v3/source/m3/docs/jdk-subsystem-migration-matrix.md
bb8f87c04581da4f65e712da5775194192a5feca313c61cd9e2426523f90659a	1052	evidence/consumer-v3/source/m3/docs/jdk21-verbatim-baseline.md
bcff4800329317efa1ff7eb881347247272dc44f1da13bc54d883cb77712b3b8	12058	evidence/consumer-v3/source/m3/docs/migration-acceptance-matrix.md
773f1939ba24e80cf7d67f85ed570de695c4e4e2f9f0547ce28c7b942c268e2c	14365	evidence/consumer-v3/source/m3/docs/migration-mapping-lifecycle.md
d6ea60c83251fd59ffd054238b9b214151f19c3913ba4fd36e2eea78a2c0f56c	1815	evidence/consumer-v3/source/m3/docs/migration-mapping.example.json
e7204587148f6c829aa56b2aa3eb523699b05dfdcfd162f1effdfb074653bb63	7605	evidence/consumer-v3/source/m3/docs/migration-mapping.schema.json
04562ea1bd9c9e30da5dd08b1191772e6594d2391a51c1639ab8447bab222bca	332283	evidence/consumer-v3/source/m3/docs/migration-source-census.tsv
4490d9ed5edbc5d74ce51e607958a1dda7f642b34471025d558d8f3801ea2b9a	22034	evidence/consumer-v3/source/m3/docs/migration-worked-port-decisions.md
2e3bbe5dd6d3da9eea39e5ebf6a6388bf5415b82ba31fdbcbd69a7839c036b03	16667	evidence/consumer-v3/source/m3/docs/migration-worked-text-trace.md
b71ebf71eabf01bf2c65dc76f1ee9e2e486c50094a03df8b01252b0404a3e1e5	3803	evidence/consumer-v3/source/m3/docs/mindex-jni-string-ingress.md
86f547034d22748c45b9ded08328634a92ae2c600a7da89216bd344224f64f4d	28403	evidence/consumer-v3/source/m3/docs/mindex-migration-handoff.md
d3c0462ccf17841b8e252026f8927d47db05d677d5afe13810d7c5eac25cf609	3584	evidence/consumer-v3/source/m3/docs/mindex-string-char-materialization-donors.md
245fcd73135ef418a30ee350049719574f86222e08c63219d883119b3dc8321f	363157	evidence/consumer-v3/source/m3/docs/name-mapping.json
c29f34e5b5d858b60cddd43b2e7f273d9c01ad553cb0e3a5dcc568698646f70b	16827	evidence/consumer-v3/source/m3/docs/name-mapping.schema.json
b4a9c96e12f1ab1a5204ca67a6a8f1a579db84e86fea329f05f4fb9325fe6523	2146	evidence/consumer-v3/source/m3/docs/native-build.md
095edf308bddbb745da527f77e51e136b2b32ad5971a0696e85f8e94dd32dc5f	3941	evidence/consumer-v3/source/m3/docs/recipe-atom-evidence-and-dag.md
92d4cd09719860e79222eff2ba2335e022f77bd4a3c7d325236ccc811fa66861	5477	evidence/consumer-v3/source/m3/docs/runtime-restoration-20261002.md
823a000fb8189383d45ecdfacdf9d39bb92a416b9b9bacfeefd03a8f3312564d	17373	evidence/consumer-v3/source/m3/docs/shared-atom-concatenation.md
da59f88e8848640f95a59a48728252d185f5b361a2026b06f6251538a2be26a1	4845	evidence/consumer-v3/source/m3/docs/stages.md
146b5c6b7b22ee2eaeb6201974ac01cf1d2ec58e57a6e71b4aec4c1ecc19568b	23149	evidence/consumer-v3/source/m3/docs/string-text-replacement-spec.md
fe7df1477c461ddfcedccd3ff2ca078d44dab5b7c5b46412a5873de611cb13c3	11773	evidence/consumer-v3/source/m3/docs/synexia-intake-20261005.md
ee6c34692a22b17ec323dc286f70e9290a80f746d5cf509af7ed40a4529763a7	3665	evidence/consumer-v3/source/m3/docs/synexia-reconciliation.md
3652019dae147dc8284bd859a23af72d15d754c36d07149ba979559217394946	27491	evidence/consumer-v3/source/m3/docs/whole-jdk-architecture.md
c109757a267bdecea6b853e40a9656ba527859b03e162ab96389c8f201c88d2c	29502	evidence/consumer-v3/source/m3/docs/whole-jdk-collections.md
a9631f4916a283d0d6745a610f814f79bde6b7d753241303530b49f2b3f9d387	32590	evidence/consumer-v3/source/m3/docs/whole-jdk-execution.md
87bd589acaf6ed6e419ae588d2b64c8b8d328735a08445e0772908270f7eafc0	21256	evidence/consumer-v3/source/m3/docs/whole-jdk-inventory.md
4f78a6e05610a2c9d74d9685e85a77beff36d55f4e61ffab319e00c5b1847010	18270	evidence/consumer-v3/source/m3/docs/whole-jdk-m3-architecture.md
9aff5a02c3641ce852b71ced5f90bcf027ebf373274b26d1eb311e8e8a2f2904	15520	evidence/consumer-v3/source/m3/docs/whole-jdk-text-operations.md
2a70a60eca5b602a835b4d6c36f037e6d6706d2b0537cb4c5f322b0ab3feea24	22745	evidence/consumer-v3/source/m3/docs/whole-jdk-work-packets-and-resume.md
04fb80838525854f7e4b5d886d3003399bc8421bae438daa332b9e8a9c66b7ea	1091	evidence/consumer-v3/source/m3/evidence/build-result.json
359c73e35a635cac9a8e31acfcb861ab4bc0387a6dbd36630736b9da6806b6e7	1388	evidence/consumer-v3/source/m3/evidence/community-capabilities-20261003/FINAL_REPORT.md
7f1d119c4cdaeb6750315296f585ac898b958df9c8e8653578b270cc5f0931ce	694	evidence/consumer-v3/source/m3/evidence/community-capabilities-20261003/OUTPUT_CONTRACT.tsv
f73ed76c8b1375a6610827db41e13c4c91391ddee70dcc3c28c5988e775577a8	980	evidence/consumer-v3/source/m3/evidence/community-capabilities-20261003/PROVENANCE.tsv
d8b44fe96edcb7bc95be225f0942fc8ba4ff04616ef9df60f33397cb9a135169	375	evidence/consumer-v3/source/m3/evidence/community-capabilities-20261003/RUN_CONTEXT.tsv
675adabb01afcbbad6156d44de73232262cfa0b0968f79540c4bdb04769536fe	585	evidence/consumer-v3/source/m3/evidence/community-capabilities-20261003/STATUS.tsv
0020d46a935cf0eb6dd6229c9767a6449b3126c64377759eef1280a2e55e4cee	644	evidence/consumer-v3/source/m3/evidence/community-capabilities-20261003/VERIFY_CONTRACT.tsv
7f19db4b572e7e9169e53d491065c7bff463dd7d525b1281164e0561270b4ee4	978	evidence/consumer-v3/source/m3/evidence/community-module-packs-20261003/ACTION_QUEUE.tsv
8c3addb7150a4428bc6c1f516c3ab087a6e63b6fe34f7e8a77fdd84802e57a77	407	evidence/consumer-v3/source/m3/evidence/community-module-packs-20261003/ARTIFACT_SHA256.tsv
719f98f8865d0e7c543d45040254a3ff41bddfde68a895691b064cc4460e7411	377	evidence/consumer-v3/source/m3/evidence/community-module-packs-20261003/CLUSTERS_EXACT.tsv
cde12fc37c8cf3ef19b9558c231ea673832f2360ffd23ae001f92ff9877f2c2f	374	evidence/consumer-v3/source/m3/evidence/community-module-packs-20261003/CLUSTERS_NORMALIZED.tsv
d8210761646a367aaca7564977a17d7d0b1a4a31c3e47008e245c2494016f26b	3611	evidence/consumer-v3/source/m3/evidence/community-module-packs-20261003/FINAL_REPORT.md
6395bb0ed94ad59705dbb7c6c6d75b414c6250f77ef639ea9edb5cc0466f6b17	353	evidence/consumer-v3/source/m3/evidence/community-module-packs-20261003/IMAGE_RECEIPT.json
c353cf1961ab7b870809276d704dcd22402506c08cd3b0e7a638fa01a25e0cf9	9065	evidence/consumer-v3/source/m3/evidence/community-module-packs-20261003/IMAGE_SHA256.tsv
400bc932c04a9f1d94a61f61ae5a912e10f7851299d72b2793e644b6af535bc1	7344	evidence/consumer-v3/source/m3/evidence/community-module-packs-20261003/INVENTORY.tsv
aafe9b90f727821be100832681e0f96259d2ebd9ce84eb3b7ea826a71cd09356	1209	evidence/consumer-v3/source/m3/evidence/community-module-packs-20261003/JDK_RELEASE.txt
56533dc0911741e948463c480e38cf451d8b6a7916f7848d340fc62d7563508a	1070	evidence/consumer-v3/source/m3/evidence/community-module-packs-20261003/KERNEL_RECEIPT.json
1df35daf9bc338ccc8a5400f73cc9ecc57580fbdb50481696b49d834163778cf	5718	evidence/consumer-v3/source/m3/evidence/community-module-packs-20261003/MODULES.tsv
41a8c0dad6e78f1a705c39842fd4eec49e419f5b7d9f707d7aed3694e9f2a4b5	1108	evidence/consumer-v3/source/m3/evidence/community-module-packs-20261003/OUTPUT_CONTRACT.tsv
28fd18e6b66e39c2446ecf465a277ac1fc9b02ef3117e16f1d1ad64058ddda64	1670	evidence/consumer-v3/source/m3/evidence/community-module-packs-20261003/PROVENANCE.tsv
c52786a6b478ca790f65a012dac9c231fd88b75d093e43fe3b1396d679920c2e	675	evidence/consumer-v3/source/m3/evidence/community-module-packs-20261003/RUN_CONTEXT.tsv
96f9a28b4aa0c2efd59f58d2660df3e5150cd9fbd4aa3b2b69f35d98e03107a0	5271	evidence/consumer-v3/source/m3/evidence/community-module-packs-20261003/SOURCE_SHA256.tsv
317e033d3c534efdadf2ec67fe4846c6fbc6bb843a389a77147c44d6319caae4	1050	evidence/consumer-v3/source/m3/evidence/community-module-packs-20261003/STATUS.tsv
9c172b2e6c9b363fc213c37017ee193aef017da60ec86139be24e3088f2d067e	276	evidence/consumer-v3/source/m3/evidence/community-module-packs-20261003/SUMMARY.tsv
ab002b73d68e9019c3aa297c8dc0d94565626a48cfedee65979517acd80daaf0	1057	evidence/consumer-v3/source/m3/evidence/community-module-packs-20261003/VERIFY_CONTRACT.tsv
7078699a021630f22d1cf163a74621f58eb5531d670471aa4f7eca4ed06bf04b	127	evidence/consumer-v3/source/m3/evidence/community-module-packs-20261003/logs/com.m3pack.diagnostics.describe.log
ea06cd419cae8927158176dae469fbf0783b3924d0892daa18f3d6d16b7c803c	86	evidence/consumer-v3/source/m3/evidence/community-module-packs-20261003/logs/com.m3tooling.modulepack.describe.log
e3b0c44298fc1c149afbf4c8996fb92427ae41e4649b934ca495991b7852b855	0	evidence/consumer-v3/source/m3/evidence/community-module-packs-20261003/logs/diagnostics-compile.log
e3b0c44298fc1c149afbf4c8996fb92427ae41e4649b934ca495991b7852b855	0	evidence/consumer-v3/source/m3/evidence/community-module-packs-20261003/logs/diagnostics-jmod.log
7bc8ef4d180ab6f194143ff43381d364380f7122275033d1a515974dd032e579	125	evidence/consumer-v3/source/m3/evidence/community-module-packs-20261003/logs/diagnostics-run.log
5ae0f56c833797238a6d432106ff7b9f8ea6747e0ab3cab280d850ee137fa22d	393	evidence/consumer-v3/source/m3/evidence/community-module-packs-20261003/logs/external-gate-blockers.log
46a4feb904dd225852dbbe9678981a1fa135949a37aff02baeb3d6d8c8e4306a	275	evidence/consumer-v3/source/m3/evidence/community-module-packs-20261003/logs/image-modules.log
1df35daf9bc338ccc8a5400f73cc9ecc57580fbdb50481696b49d834163778cf	5718	evidence/consumer-v3/source/m3/evidence/community-module-packs-20261003/logs/inventory-replay.tsv
e3b0c44298fc1c149afbf4c8996fb92427ae41e4649b934ca495991b7852b855	0	evidence/consumer-v3/source/m3/evidence/community-module-packs-20261003/logs/jar.log
d3952e2ac89f8eed3bb9ba305acae16d9399d90ae38c53c74bbf79ad8d65bd02	32	evidence/consumer-v3/source/m3/evidence/community-module-packs-20261003/logs/java-contract-checks.log
6a34c4fab7bce1da5d38f4c7fd403e416603724c0f3a28674c3fd75b122dc428	353	evidence/consumer-v3/source/m3/evidence/community-module-packs-20261003/logs/javafx-acquisition.log
e3b0c44298fc1c149afbf4c8996fb92427ae41e4649b934ca495991b7852b855	0	evidence/consumer-v3/source/m3/evidence/community-module-packs-20261003/logs/jlink.log
e3b0c44298fc1c149afbf4c8996fb92427ae41e4649b934ca495991b7852b855	0	evidence/consumer-v3/source/m3/evidence/community-module-packs-20261003/logs/kernel-compile.log
53ec6bfd32b426a23950e2fbbff5aba6e95df6d3ed7324d3edb40dd8151e63f8	110	evidence/consumer-v3/source/m3/evidence/community-module-packs-20261003/logs/python-tests.log
e3b0c44298fc1c149afbf4c8996fb92427ae41e4649b934ca495991b7852b855	0	evidence/consumer-v3/source/m3/evidence/community-module-packs-20261003/logs/test-compile.log
e3b0c44298fc1c149afbf4c8996fb92427ae41e4649b934ca495991b7852b855	0	evidence/consumer-v3/source/m3/evidence/community-module-packs-20261003/logs/tool-compile.log
e3b0c44298fc1c149afbf4c8996fb92427ae41e4649b934ca495991b7852b855	0	evidence/consumer-v3/source/m3/evidence/community-module-packs-20261003/logs/tool-jmod.log
846e01833a61b7b421b6e0a9104c6fce644685c0a0fbaf4f861b5a1892f6bd6c	2391	evidence/consumer-v3/source/m3/evidence/constructor-pool-retirement.md
66b439efcb8b2e06e658e2b0533482a2e614a078c629f1eff819ff5a04e6e48b	848	evidence/consumer-v3/source/m3/evidence/jdk-execution-followthrough-20261004/ACTION_QUEUE.tsv
1e407005d146fbec66b2027f4af9648e116a9e703fa6ad0bfef8350a88c728dc	544	evidence/consumer-v3/source/m3/evidence/jdk-execution-followthrough-20261004/ATOMS.tsv
da07feff798dfc1865212db3898a28d6d1f427deb148a9b7054ccc1965e982ea	2071	evidence/consumer-v3/source/m3/evidence/jdk-execution-followthrough-20261004/FINAL_REPORT.md
c31330485fa6e81c9375443d65aedbd9fc31166881655836b1ebd8f02293bfb8	448	evidence/consumer-v3/source/m3/evidence/jdk-execution-followthrough-20261004/OUTPUT_CONTRACT.tsv
446e777e8a017b817fa522540ad012a98a7e39b7f762bf9692f45ad178778549	735	evidence/consumer-v3/source/m3/evidence/jdk-execution-followthrough-20261004/PROVENANCE.tsv
f317ace71695f1f9da6152ccc6c518d034a5bae67bd5f5c3ad2a9076c523cd88	1426	evidence/consumer-v3/source/m3/evidence/jdk-execution-followthrough-20261004/RAW_RESULTS.log
6989a9542f757317ff563c6726a75599a9243cc402f5c4aef4f1f50b8fafb2e3	4479	evidence/consumer-v3/source/m3/evidence/jdk-execution-followthrough-20261004/RECEIPTS.json
68fa0a937bd436467da73c81b0ee77ff0753f8c4bfdb53964be5764c8e13ba49	283	evidence/consumer-v3/source/m3/evidence/jdk-execution-followthrough-20261004/RUN_CONTEXT.tsv
bd416845216e6c5e77817497914b67271543e9e229924d1d890e24b4704f82fb	4117	evidence/consumer-v3/source/m3/evidence/jdk-execution-followthrough-20261004/SOURCE_SHA256.tsv
1295bdc7b83f7bf7df9582891f2120f3bc359947d69c0907c2667b73005aad5d	759	evidence/consumer-v3/source/m3/evidence/jdk-execution-followthrough-20261004/STATUS.tsv
77361ce257f4c0f1aa2daec41c43377d660488a938a56bd00efef26a47841859	956	evidence/consumer-v3/source/m3/evidence/jdk-execution-followthrough-20261004/TASK_PACKET.json
7c405b4f4766d2c3cdd5f60dc1c77d8ab16a4137d186942d807c19e32f31d6c5	372	evidence/consumer-v3/source/m3/evidence/jdk-execution-followthrough-20261004/VERIFY_CONTRACT.tsv
859292575640a922f44ca635b586650b1f6294ee77825a6bb05b9a5a95293034	1737	evidence/consumer-v3/source/m3/evidence/openrewrite-convergence-20261002/FINAL_REPORT.md
e9f4aae7f64a4a913fddd3434a1de6cc754d4a3f7a10687abe6a1bd635443e43	139	evidence/consumer-v3/source/m3/evidence/openrewrite-convergence-20261002/OUTPUT_CONTRACT.tsv
481e50b1429b86225b2ab2f6fa2485a1cce07066dcc3867756c1261f08f69af9	392	evidence/consumer-v3/source/m3/evidence/openrewrite-convergence-20261002/PROVENANCE.tsv
129938588bfba579ad47615912a30c173f08d16d88a869478879b6d315d5dc73	342	evidence/consumer-v3/source/m3/evidence/openrewrite-convergence-20261002/RUN_CONTEXT.tsv
a6e199afd56e7cbe3b469f4c7bc13981a22c06bbc99dd8679218db620ee6630c	614	evidence/consumer-v3/source/m3/evidence/openrewrite-convergence-20261002/STATUS.tsv
5b05bde7da5941099db8cc7607dceef51787844c95285e3e5b1061c6d9d17365	347	evidence/consumer-v3/source/m3/evidence/openrewrite-convergence-20261002/VERIFY_CONTRACT.tsv
37d32ebacd7bf2d86084221107f891ef47952eaaefe4420054698047d27aef3d	2999	evidence/consumer-v3/source/m3/history/ATOM_PLAN.tsv
ef145204809b2ab1b3fa79b75ce740dfddb1d536f98f65b14ba50eea057fc4fc	9171	evidence/consumer-v3/source/m3/history/README.md
f25f982c294aa0ec17911a54e4245072923f7b1f73f2422997b567c67e7f20e5	319	evidence/consumer-v3/source/m3/history/RETAINED_CAPABILITIES.tsv
e1b9d89c877c255c165d53e5cd0d862e55a9e2145cc42e6268d50b99f9548b6b	2015	evidence/consumer-v3/source/m3/history/TASK_PACKET.json
804f6ea92bbb0b1c881d0a4d0409fa1c82a559ad75194b77766705855f8b3953	14508	evidence/consumer-v3/source/m3/history/audit.py
c22635d38e91d9c0f85b9d6aafec1c12c044f26c2fd0258f66e79cb416dd7bd4	3335	evidence/consumer-v3/source/m3/history/collect_prs.py
bdf678a4c4c5173d988e2e01bf795cbcca6754566d3d109d18a2bd9565e849b3	722	evidence/consumer-v3/source/m3/history/evidence/20261002-inspection/ACTION_QUEUE.tsv
82bd57227c66a7c76ce312e0da172f3e0ae4b36ee7c273d5f7caa56a46f2b3d7	117	evidence/consumer-v3/source/m3/history/evidence/20261002-inspection/CLUSTERS_EXACT.tsv
a0a4ca41d7188df4d94c3eed011af346c5bff45e5654715de05041a82e19a9df	77	evidence/consumer-v3/source/m3/history/evidence/20261002-inspection/CLUSTERS_NORMALIZED.tsv
0643f0fd091e8dc714391b58ee0a474c6e46c771a59849779e834a34d36eccdf	7427	evidence/consumer-v3/source/m3/history/evidence/20261002-inspection/FINAL_REPORT.md
b05fa5aaf4f493dbc6778c735e6d7713c39eb68a9651cb3272c25e5a1a939f7b	350	evidence/consumer-v3/source/m3/history/evidence/20261002-inspection/HOSTED_ATTEMPT.json
71475d6e736fbccd91aae636cc1b17da6faaf3cf6d76df8b4807d7e2145bf2c1	1749	evidence/consumer-v3/source/m3/history/evidence/20261002-inspection/INVENTORY.tsv
acf1540cbfc790b73ab66294994599b1ec69399da1b163aa7233954d342d4c77	2824	evidence/consumer-v3/source/m3/history/evidence/20261002-inspection/OUTPUT_CONTRACT.tsv
92b340d8d86bf986f23d436358dbcd940b77994085aec01f39e60d05a38e0b68	858	evidence/consumer-v3/source/m3/history/evidence/20261002-inspection/PROVENANCE.tsv
87683165b81493b725e5951a769a2457ef5a28dc533b38066a81e0c5b78b1459	684	evidence/consumer-v3/source/m3/history/evidence/20261002-inspection/RUN_CONTEXT.tsv
4ee2b665bc8871b797cf8e0c050af9a59a50b0cc7861e62e5097be9d5b18fa92	899	evidence/consumer-v3/source/m3/history/evidence/20261002-inspection/STATUS.tsv
692f86f162c43e7640f57d3fd53dff8ee71f8e489b2243016761fbdbb60e7a1d	447	evidence/consumer-v3/source/m3/history/evidence/20261002-inspection/SUMMARY.tsv
ceb52013ad39834012b35782cdf21a277dd2286dac5d5fd89a406a8f77067747	654	evidence/consumer-v3/source/m3/history/evidence/20261002-inspection/VERIFY_CONTRACT.tsv
e3b0c44298fc1c149afbf4c8996fb92427ae41e4649b934ca495991b7852b855	0	evidence/consumer-v3/source/m3/history/evidence/20261002-inspection/compile.log
e3b0c44298fc1c149afbf4c8996fb92427ae41e4649b934ca495991b7852b855	0	evidence/consumer-v3/source/m3/history/evidence/20261002-inspection/diff.log
9268b2ca32e600bb85a5347266f890a30c39e01b753aa17b4e1c94e0d2f3b661	3568	evidence/consumer-v3/source/m3/history/evidence/20261002-inspection/fixture-tests.log
e3b0c44298fc1c149afbf4c8996fb92427ae41e4649b934ca495991b7852b855	0	evidence/consumer-v3/source/m3/history/evidence/20261002-inspection/lint.log
842d5f66297bfb0081a053dabf24ff9d6ca5f6a7823d0639a19cda1a23bc4881	7478	evidence/consumer-v3/source/m3/history/git_graph.py
2d6d1d17ae39dfbb7ecd75ddf8d064e21af2571742aa13cba96296fdcb5c1b0d	2068	evidence/consumer-v3/source/m3/history/pom.xml
14c29126da786a7456a55ce400f5a800dfe53693e6c329e7342bf2fabb087e11	2726	evidence/consumer-v3/source/m3/history/retention-pom.xml
06c713d051ce0411b9c8a4faeafeaa3245b75ff4350e8f9afd94f15dd86451e4	7189	evidence/consumer-v3/source/m3/history/retention.py
ec53f648cd7d1e44218923961b66a653a94142d524b198e98da7f2ef5a3c459a	3174	evidence/consumer-v3/source/m3/history/snapshot-forward-0323.json
2388682bd58ad2680defc0670cec55fdd1c29661411a7a044561d7de1be03beb	3013	evidence/consumer-v3/source/m3/history/snapshot.json
196e67c529beff1d3c5096300362936daf62fc020fc613fd33d1b2c2da75912f	16756	evidence/consumer-v3/source/m3/history/test_audit.py
68ae3ae0be2f45f9746c9573bf949698221a99696715065a14a293729c022a0c	5468	evidence/consumer-v3/source/m3/history/test_retention.py
bdda9c5bac33e3bbaca8a888571e4489d72fa238195f26e0b0debef960da3d76	2701	evidence/consumer-v3/source/m3/indexdb/pom.xml
c0396dc221ab4fe764441ec1694dc2063ce667a256289cdba6ba7bf285a83d86	8756	evidence/consumer-v3/source/m3/indexdb/src/main/java/com/m3/indexdb/M3IndexDB.java
be4cb521cd9b0154b8b30bd0719304ae349e7d50c54c2e1d1ca8817e7df4a545	2413	evidence/consumer-v3/source/m3/indexdb/src/main/java/com/m3/indexdb/M3IndexDbArtifact.java
90c999027092ac250b3f1a19556268bde96879761735eb4f142260b17bece72a	12753	evidence/consumer-v3/source/m3/indexdb/src/main/java/com/m3/indexdb/M3IndexDbSemanticCodec.java
2758d9473d46142383af31cfa351ba2ccc41b4fdda8082f0e5d3da596687b883	1151	evidence/consumer-v3/source/m3/indexdb/src/main/java/com/m3/indexdb/M3IndexDbSemanticEdge.java
8898ef38a373744d2fcc6edf0fe6671720733be7d78a215fa401e86660247bde	9363	evidence/consumer-v3/source/m3/indexdb/src/main/java/com/m3/indexdb/M3IndexDbSemanticFingerprint.java
114f08e4892dd68532d6e2e587b96d306f6e2d300c38c82a4f81c9acaac7e912	18084	evidence/consumer-v3/source/m3/indexdb/src/main/java/com/m3/indexdb/M3IndexDbSemanticIndex.java
8ae73fe031ac1c383860b516427cc2b659a50d5a77c5d6114bf561b2197a4ea5	330	evidence/consumer-v3/source/m3/indexdb/src/main/java/com/m3/indexdb/M3IndexDbSemanticKind.java
06a06aadef324e81c35fa8ac365477e7982f99b9bf7f9ea9b9a18eaface1ca2c	2419	evidence/consumer-v3/source/m3/indexdb/src/main/java/com/m3/indexdb/M3IndexDbSemanticNode.java
71a86e54aaedc33ed50b7a0e0e1d63bcd3c045df02bb7c7b45d029a867e676d6	10020	evidence/consumer-v3/source/m3/indexdb/src/test/java/com/m3/indexdb/DbAtomTest.java
a7cb1678539f74acc00cc4f15dbc2fdcd65286e4152784191e6d635539f6dc18	1352	evidence/consumer-v3/source/m3/indexdb/src/test/java/com/m3/indexdb/DbDigest.java
bf3b6377174b869ef85dc2e513363dc47c6d516baab276884e6e56f96b690f24	7633	evidence/consumer-v3/source/m3/indexdb/src/test/java/com/m3/indexdb/DbParseTest.java
c513c0740432cc23798875a2af3db33be3e0c0550b471cc079dd544d6c39f5ec	3086	evidence/consumer-v3/source/m3/indexdb/src/test/java/com/m3/indexdb/DbProbe.java
4d211a40ab1e00b4bf8d078a80da6d6eabe4f0606ac4894a6e368b7533d86291	9791	evidence/consumer-v3/source/m3/indexdb/src/test/java/com/m3/indexdb/M3IndexDBIntegrityTest.java
2c41cedc561c54cd8259cd64f1dca50937d183f9baf56d9c9df75c04a5205bf1	2005	evidence/consumer-v3/source/m3/indexdb/src/test/java/com/m3/indexdb/M3IndexDBTest.java
de888eb129200648df390bfd4694c7a326a092a50aecdfd31902625c35e4f159	2193	evidence/consumer-v3/source/m3/indexdb/src/test/java/com/m3/indexdb/M3IndexDbArtifactTest.java
9c05e694334a9f355ec82d4f1b9dc786c1d78157ba4900abe1a141f18a302b6e	4998	evidence/consumer-v3/source/m3/indexdb/src/test/java/com/m3/indexdb/M3IndexDbCodecBoundaryTest.java
257bc4fd93eb4b0b888684300c8f8204f5d5619ce3f6ffb03196ccaf8278feca	6749	evidence/consumer-v3/source/m3/indexdb/src/test/java/com/m3/indexdb/M3IndexDbSemanticBoundaryTest.java
71104dfdc69bd0176698a1686de4c1e635c2f99826d9c9bda9270d40d4d80c63	28214	evidence/consumer-v3/source/m3/indexdb/src/test/java/com/m3/indexdb/M3IndexDbSemanticFailClosedTest.java
a54c81ff8081ca970822ad4b948578e25e184758f2b99fa9bede6fdb68458032	27462	evidence/consumer-v3/source/m3/indexdb/src/test/java/com/m3/indexdb/M3IndexDbSemanticIndexTest.java
7008d20aa5923fdf747dbcfd3f27451be8ffc5ac09987ddeb8260077a107829f	7365	evidence/consumer-v3/source/m3/indexdb/src/test/java/com/m3/indexdb/M3IndexDbStoreBoundaryTest.java
cbc142987ea1a572dfe07e72b5b602a0cbea8a0426f62cb67b68867d6f3605bc	3192	evidence/consumer-v3/source/m3/indexdb/tasks/atoms/DESIGN.md
6123a6b7a0a48a50fe21acf0b9c460e5d658840887f6b3034a31621bb30e2a45	2899	evidence/consumer-v3/source/m3/indexdb/tasks/atoms/FINAL_REPORT.md
a17aa18abcd0d0eb0c27082a7106d3d709a8c18232354efd7068071cac88e7c8	1394	evidence/consumer-v3/source/m3/indexdb/tasks/atoms/HOSTED_RECEIPT.json
e39d7d4a72bcd56e9b8775777d92d5c8a63669e322f6ee40ad5a3d94d376c158	387	evidence/consumer-v3/source/m3/indexdb/tasks/atoms/OUTPUT_CONTRACT.tsv
03e12b7cd926c4e27d05396c33f14e0b37a15bce969d8f82349bbfdb90408a32	620	evidence/consumer-v3/source/m3/indexdb/tasks/atoms/PROVENANCE.tsv
03759c168eb669f925ce40f2e8a09a1cc4a075319c98856616e5dcced1334719	351	evidence/consumer-v3/source/m3/indexdb/tasks/atoms/RUN_CONTEXT.tsv
56e61b5c352f3e4d23e9cc915374486c704a70ab52a3467ff04cdbb1629e0cae	1377	evidence/consumer-v3/source/m3/indexdb/tasks/atoms/STATUS.tsv
e3d7437d68a84a3aae76a7b49a65ea5699d4b18724a17e7f01ab4d63282915b8	1450	evidence/consumer-v3/source/m3/indexdb/tasks/atoms/TASK_PACKET.json
e608b773815df2bb2b85762324967488097ce243965bcad5f06c67437b388cf3	705	evidence/consumer-v3/source/m3/indexdb/tasks/atoms/VERIFY_CONTRACT.tsv
4482cb3bce9d13de6384773964ef63b4712106c3199a843b09b8b07f12cdcca3	3192	evidence/consumer-v3/source/m3/indexdb/tasks/boundary-contracts/DESIGN.md
c4536c1ebb91922be915a5713f7c2fe5931b542798d023b43d9db6e952dc6b08	1816	evidence/consumer-v3/source/m3/indexdb/tasks/boundary-contracts/TASK_PACKET.json
ec5ef12e4d0585d222b4ac34c54fdb5a2d9be89955feb55dfc76013557c18977	725	evidence/consumer-v3/source/m3/indexdb/tasks/parse/ACTION_QUEUE.tsv
e3db4340c726c389052b8bbfeaadf9c2d5958014cb45434a644bd2a47fe819a2	3998	evidence/consumer-v3/source/m3/indexdb/tasks/parse/DESIGN.md
3c118735215166cf53cae24465f75b3a49a2c81dd7dfa9ac098ed22fb7b78ae5	1243	evidence/consumer-v3/source/m3/indexdb/tasks/parse/EVIDENCE.tsv
3f642feea710fe4faffb396418902af963f490899ddc25a242be913d2dbbbb89	5143	evidence/consumer-v3/source/m3/indexdb/tasks/parse/FINAL_REPORT.md
57828ff7768a38f9c7916a7f8e60a97cbd923390531e102a6fbaf68ff5ccd829	595	evidence/consumer-v3/source/m3/indexdb/tasks/parse/OUTPUT_CONTRACT.tsv
1caaadcfcebf37b14eeb12247754c651083a3f96582b7b96421e5ed36c0e7156	930	evidence/consumer-v3/source/m3/indexdb/tasks/parse/PROVENANCE.tsv
1a6ef292f38ec211cc27232d044fe4f122465682bcb3e852bb423a6149e44350	459	evidence/consumer-v3/source/m3/indexdb/tasks/parse/RUN_CONTEXT.tsv
aeb16748dabc5aa297aeda444326d1fbda0754bcd2df6307578489606ca0a64f	1409	evidence/consumer-v3/source/m3/indexdb/tasks/parse/STATUS.tsv
5976e3fd90f6c5f153864829e92db83a37465fb9cf1b48d9e138f91bd6e59a69	1914	evidence/consumer-v3/source/m3/indexdb/tasks/parse/TASK_PACKET.json
27c2c0b79a305af18161215e1dd1f5a404a8ca0ca2318eba2d1b53bbcb4a3a98	1289	evidence/consumer-v3/source/m3/indexdb/tasks/parse/VERIFY_CONTRACT.tsv
675fc9570dafa8e1cec54d6aa894a3780a292fc203302ad6c251ef08f9aab9c1	78	evidence/consumer-v3/source/m3/lexicon/english-demo.txt
1af57d48063ea6c4c2787f5d6dbc463fc363ed02b7067041bc56f045252b65fc	35	evidence/consumer-v3/source/m3/migration/.gitignore
8a8c0460543815acd7fef7df98372ae96256e830d422086a9fd780569ae86e5c	3786	evidence/consumer-v3/source/m3/migration/RESUME.md
f3011f77c194aaa7ce56c1eb9d9f57bcba4fd66068c5d10cfa166ab3d10cc779	1536	evidence/consumer-v3/source/m3/migration/SurfaceInventory.java
410e9a5a2f5068cf3a738a3d92926ada68aa34dff5260371f2ae50e691c770cb	5492	evidence/consumer-v3/source/m3/migration/docs/ACCEPTANCE.md
42f055c4faf362164ec474ed42681886661741ea2818cbac23f275f5713d7d1f	6551	evidence/consumer-v3/source/m3/migration/docs/ARCHITECTURE.md
e01aaf19509cf74123f5e982fe5e9e4f0273053ae1af3d4106d3727470120e08	12234	evidence/consumer-v3/source/m3/migration/docs/COVERAGE.md
5f0b75c7daed50c90dbd1be245d9d85deffd2b3c30551d5bd15c84e026310d40	2006	evidence/consumer-v3/source/m3/migration/docs/DONORS.md
483ac2998c3bb3ca6f7bf313a4ca12a3ce75e691bf261c6ad5c0ecea8ee87f8f	2841	evidence/consumer-v3/source/m3/migration/docs/IMPLEMENTATION_PLAN.md
d8ed513e54fe703fcd17a5550f158077bee6c9520fb55290ac2ef3e682c81391	1724	evidence/consumer-v3/source/m3/migration/docs/JDK_CONSOLIDATION.md
ddf21fe53d2928f6cf344fd3dd545d0cda928ae87349ebfb7626b0d3bc8c1bf9	9722	evidence/consumer-v3/source/m3/migration/docs/RESUME.md
cba3b3315df643f328c4acb2fd08b5194262dc7ad7b40557107a8c614355f55b	107504	evidence/consumer-v3/source/m3/migration/evidence/jcc-handoff-20261005/root-coverage-obligations.tsv
cdb5d7f4a0746fe561f51fa9a13cbd9fa319f8196bfd3075ca2288be7f3d1126	24139	evidence/consumer-v3/source/m3/migration/evidence/jcc-handoff-20261005/source-destination-bindings.json
03768da3eb30d806aec3fbbfd7e7d02f19678cc6a9ddf408e23c104f03deea6f	28	evidence/consumer-v3/source/m3/migration/evidence/local-20261002-final/exact-recipe-contract.log
e3b0c44298fc1c149afbf4c8996fb92427ae41e4649b934ca495991b7852b855	0	evidence/consumer-v3/source/m3/migration/evidence/local-20261002-final/javac21.log
b2fb0fd773357eb654847bfd77abe86eb8e13a942beade0561ef941a313f2506	3181	evidence/consumer-v3/source/m3/migration/evidence/local-20261002-final/migration-validator.log
67eee524a18f5dcbb9793a54c338504293fbc8a8f01baba714029966c02ae780	57	evidence/consumer-v3/source/m3/migration/evidence/local-20261002-final/prefix-z-interpreter.log
67eee524a18f5dcbb9793a54c338504293fbc8a8f01baba714029966c02ae780	57	evidence/consumer-v3/source/m3/migration/evidence/local-20261002-final/prefix-z-normal.log
2a639e4937a414f98fd6f859562f8c392e54e94a39f02427daa7df6e336f82f6	15056	evidence/consumer-v3/source/m3/migration/evidence/local-20261002-final/receipt.json
f445224da51272448a0bb476fa03be6660f4bcce88c656580330cc3d1abd1f12	9874	evidence/consumer-v3/source/m3/migration/evidence/local-20261002-final/stock-string-surface.log
1cf2a7fc2a2b063391e8ec65dc1b36e0b2516162e53bb656607d9c4d1c70dc5e	82	evidence/consumer-v3/source/m3/migration/evidence/local-20261002-final/view-interop-interpreter.log
1cf2a7fc2a2b063391e8ec65dc1b36e0b2516162e53bb656607d9c4d1c70dc5e	82	evidence/consumer-v3/source/m3/migration/evidence/local-20261002-final/view-interop-normal.log
7eec0ca97e5140177d62887b35113e008273842920f5759c31d95f7d86fe8fec	7972	evidence/consumer-v3/source/m3/migration/evidence/replay-final.json
8e229715d6783906b1ee249bb2707cdb5e412146219be6037154927abac893ea	340001	evidence/consumer-v3/source/m3/migration/intake-20261005/crate/after/0.txt
fe7df1477c461ddfcedccd3ff2ca078d44dab5b7c5b46412a5873de611cb13c3	11773	evidence/consumer-v3/source/m3/migration/intake-20261005/crate/after/1.txt
4d7496a37677aee3ba1aee206129625a5ed870d0f922eccde32ca670f09a11d8	21178	evidence/consumer-v3/source/m3/migration/intake-20261005/crate/after/2.txt
4072d0cef765767e44e9ff93a11f2d7112b32f94ab6b3d07a03ed191307e2daf	68888	evidence/consumer-v3/source/m3/migration/intake-20261005/crate/after/3.txt
8ccd586902d1b292310d6ded995cab15d14f56c43de3bdfa8c20bc4362eab517	1437	evidence/consumer-v3/source/m3/migration/intake-20261005/crate/after/4.txt
af2c0ea782643d6860d10a3d9c35706781072a361fb74a8cf6ed4caa6236e5d6	11078	evidence/consumer-v3/source/m3/migration/intake-20261005/crate/after/5.txt
1cfe107b886e495046ec77f74a2739705b403251ae4fafe640f0fe46ed656ed8	93931	evidence/consumer-v3/source/m3/migration/intake-20261005/crate/after/6.txt
4114b546749888ec5e6065ea6087d39ea63bafb6ce5881e2239eafaade3b7787	56771	evidence/consumer-v3/source/m3/migration/intake-20261005/crate/after/7.txt
765f001aa41f95c1dfd9994ba64101526ce0324ede896228803133ec9313b9e9	77751	evidence/consumer-v3/source/m3/migration/intake-20261005/crate/after/8.txt
cfe8e8930916ef96c7d23dd9d0942f082c5eb1d6cf4b2a2f6e9f3d69d8fa3e41	3341	evidence/consumer-v3/source/m3/migration/intake-20261005/crate/after/9.txt
67d40925b97a38c3c1a85f337806524ac590a540bd39647b3e4b0988f2ae3fbb	196161	evidence/consumer-v3/source/m3/migration/intake-20261005/crate/before/0.txt
fd54e5fade1fc3050816265f2317967dd4176e7bb5e0bc55e6f620878026e88e	23333	evidence/consumer-v3/source/m3/migration/intake-20261005/crate/before/7.txt
47aa763f4678124df42f3181e68e2ff0a74636add9403c1e36e40224094e0cdc	3288	evidence/consumer-v3/source/m3/migration/intake-20261005/crate/plan.json
c3024ed89ced4de38fff0aa9da695fb0d77fbc31594fe2d92b6a12b1da9fdf04	12921	evidence/consumer-v3/source/m3/migration/intake-20261005/current-752-ci/PATH_MAPPING.json
0b631620cd8212dcd8c1d38de5cd10dcbecadad371311efffbd0bd395669f802	2438	evidence/consumer-v3/source/m3/migration/intake-20261005/current-752-ci/README.md
e93f9292546683cefd5e3f425cfab16fc1e9aaa7f2ae341ac5614fbd43e73df8	6158	evidence/consumer-v3/source/m3/migration/intake-20261005/current-752-ci/a3-producer/AUTHORED.json
90d336c43ad1ad0a397badc18cf384afe2c2502fcc64e0a1e11a8f0c1fcfa1ad	1462	evidence/consumer-v3/source/m3/migration/intake-20261005/current-752-ci/a3-producer/OUTPUT.json
651cc67cff40d9b44f901a4767883c7208968adfa162742e060094e675e8c21f	846	evidence/consumer-v3/source/m3/migration/intake-20261005/current-752-ci/a3-producer/PATCH.json
4dbc2cf6dc163cacd930b6e90d3d359aa15380535c811545651e4a936f3e92ea	4911	evidence/consumer-v3/source/m3/migration/intake-20261005/current-752-ci/a3-producer/RESULT.json
3ede5e33d511da70a2bb115958618423808fb670876d5b2bfb653da04379ca93	7834	evidence/consumer-v3/source/m3/migration/intake-20261005/current-752-ci/a3-producer/build-artifacts.json
01f9f7c4b6f92e5cadc55d7518dede0559bbc50a953ea9ca2aaafe01a8b86e69	4250	evidence/consumer-v3/source/m3/migration/intake-20261005/current-752-ci/a3-producer/candidate.patch
996024002a1ab407e313d5f71832eaccde9fe413942113a73dbe1635827acb4a	1805	evidence/consumer-v3/source/m3/migration/intake-20261005/current-752-ci/a3-producer/chain/01-static.json
e3b0c44298fc1c149afbf4c8996fb92427ae41e4649b934ca495991b7852b855	0	evidence/consumer-v3/source/m3/migration/intake-20261005/current-752-ci/a3-producer/chain/01-static.stderr.log
01eeda496c60b2f8b03c21e38b170c3b6976c0a2ce568cc2847dced2067a844e	258	evidence/consumer-v3/source/m3/migration/intake-20261005/current-752-ci/a3-producer/chain/01-static.stdout.log
b953807987037ec26581f075fa317551c2348ff0940a7842f7209448f67eb902	2398	evidence/consumer-v3/source/m3/migration/intake-20261005/current-752-ci/a3-producer/chain/02-compile.json
e3b0c44298fc1c149afbf4c8996fb92427ae41e4649b934ca495991b7852b855	0	evidence/consumer-v3/source/m3/migration/intake-20261005/current-752-ci/a3-producer/chain/02-compile.stderr.log
189a3dcdd72f9d2b73b39ada76984a06e51b5ba8b9ce31d6c9cfc1107488feb8	1407	evidence/consumer-v3/source/m3/migration/intake-20261005/current-752-ci/a3-producer/chain/02-compile.stdout.log
9953ce1bd9d82d25f409abb665f7ed038830be681934e8cdcae8aeab17790e8f	2712	evidence/consumer-v3/source/m3/migration/intake-20261005/current-752-ci/a3-producer/chain/03-tests.json
e3b0c44298fc1c149afbf4c8996fb92427ae41e4649b934ca495991b7852b855	0	evidence/consumer-v3/source/m3/migration/intake-20261005/current-752-ci/a3-producer/chain/03-tests.stderr.log
7321ddfb282387ed034444bbf8342e72f721cf3eb9f56ad11d52c8234d61657f	2586	evidence/consumer-v3/source/m3/migration/intake-20261005/current-752-ci/a3-producer/chain/03-tests.stdout.log
e94f73eb3ddb0800d0dab40fe679a55227afdee496a2bc5acb373e768744d442	12071	evidence/consumer-v3/source/m3/migration/intake-20261005/current-752-ci/a3-producer/chain/04-runtime.json
e3b0c44298fc1c149afbf4c8996fb92427ae41e4649b934ca495991b7852b855	0	evidence/consumer-v3/source/m3/migration/intake-20261005/current-752-ci/a3-producer/chain/04-runtime.stderr.log
962cf84ac87da99c818da3c1183479a71823f9708414c37956c1b15a3015c1e6	1529	evidence/consumer-v3/source/m3/migration/intake-20261005/current-752-ci/a3-producer/chain/04-runtime.stdout.log
058c0719377eb2b8fc9302f013fcacc0d8ad2712b69635944a3f1c64480889b9	13178	evidence/consumer-v3/source/m3/migration/intake-20261005/current-752-ci/a3-producer/commands.json
84ee44e0daea9a25873f99c7e932610ff859c78cc8d01b5135f8ce18efaae714	346153	evidence/consumer-v3/source/m3/migration/intake-20261005/current-752-ci/a3-producer/inputs.json
fe94ba6de872ba40b4f253e0ecaa5e88cdc0ccd4e1515e199e446a4cfc402a4b	645	evidence/consumer-v3/source/m3/migration/intake-20261005/current-752-ci/a3-producer/junit.json
be7ae45b0e5bf67d0bf8d611a5588512d1acc691d1c2ddb17e52a4e76228f701	2121	evidence/consumer-v3/source/m3/migration/intake-20261005/current-752-ci/a3-producer/runtime.json
6ab29f4f82803624282c8f20f65afa6413a3088cd63a5d6abf2f83748f217bd5	15029	evidence/consumer-v3/source/m3/migration/intake-20261005/current-752-ci/a3-producer/spec.json
33df01fd87e1ae74e5265a4259714f9b18a210f55fd94e8ee59a8721949518fa	5730	evidence/consumer-v3/source/m3/migration/intake-20261005/current-752-ci/a3-receiving-producer/AUTHORED.json
90ed9bd9129dc8f99f913fd09be34d535aefb5a9a2169827e8cfaebdad368479	1520	evidence/consumer-v3/source/m3/migration/intake-20261005/current-752-ci/a3-receiving-producer/OUTPUT.json
65f849b3f72754ec74d985bf8b3d351f9cbdcd0d1e1997965a5c8e5718a0757a	841	evidence/consumer-v3/source/m3/migration/intake-20261005/current-752-ci/a3-receiving-producer/PATCH.json
c0f132f91f9c024d15030bd4d0acf63f287e8e38f2d5a51f1b7ba55c36490684	5004	evidence/consumer-v3/source/m3/migration/intake-20261005/current-752-ci/a3-receiving-producer/RESULT.json
1c72b221a04b142896a14b83be5db0fb97b455e6d2146a65616377eefd138204	5507	evidence/consumer-v3/source/m3/migration/intake-20261005/current-752-ci/a3-receiving-producer/build-artifacts.json
52f34060ef1f8f8f01dbe3e0f73f1e9a85a9815817a47ab107e20ee6afd27d1d	10488	evidence/consumer-v3/source/m3/migration/intake-20261005/current-752-ci/a3-receiving-producer/candidate.patch
dd2168c8675e6c95fee183e42192cc3a8bd28a9c14862aa3f0aa56effef7e34c	1805	evidence/consumer-v3/source/m3/migration/intake-20261005/current-752-ci/a3-receiving-producer/chain/01-static.json
e3b0c44298fc1c149afbf4c8996fb92427ae41e4649b934ca495991b7852b855	0	evidence/consumer-v3/source/m3/migration/intake-20261005/current-752-ci/a3-receiving-producer/chain/01-static.stderr.log
1195903fc6afdb60791fa5290d1826f8fa0dbdeced66a83a1043d0d2c1e81e19	253	evidence/consumer-v3/source/m3/migration/intake-20261005/current-752-ci/a3-receiving-producer/chain/01-static.stdout.log
874114c7bd4268b66a63246f10db3eeb0d0379c251cc1641cc10e211d2a4d51e	2398	evidence/consumer-v3/source/m3/migration/intake-20261005/current-752-ci/a3-receiving-producer/chain/02-compile.json
e3b0c44298fc1c149afbf4c8996fb92427ae41e4649b934ca495991b7852b855	0	evidence/consumer-v3/source/m3/migration/intake-20261005/current-752-ci/a3-receiving-producer/chain/02-compile.stderr.log
57b2b4f835c5346c9191ecc7de7c461aeba40ebfc9d9dd131079ad188fa9593f	1396	evidence/consumer-v3/source/m3/migration/intake-20261005/current-752-ci/a3-receiving-producer/chain/02-compile.stdout.log
3121ea3525a4404186106387290b58be3af0865627b3e42ef659da9f8c0cd43b	2714	evidence/consumer-v3/source/m3/migration/intake-20261005/current-752-ci/a3-receiving-producer/chain/03-tests.json
9ddf3781b5e43a87b1d67caac2bc4b251f9ce8d77c509c8369129f4b0359fd55	210	evidence/consumer-v3/source/m3/migration/intake-20261005/current-752-ci/a3-receiving-producer/chain/03-tests.stderr.log
9e6f1027590956c18333d11039da7902ae88572917b0197613d9cf290ff0c342	1619	evidence/consumer-v3/source/m3/migration/intake-20261005/current-752-ci/a3-receiving-producer/chain/03-tests.stdout.log
02767d80e4b7c8485472a0efe726d8f909d083e32a446fd016f04237561063a6	11954	evidence/consumer-v3/source/m3/migration/intake-20261005/current-752-ci/a3-receiving-producer/chain/04-runtime.json
9ddf3781b5e43a87b1d67caac2bc4b251f9ce8d77c509c8369129f4b0359fd55	210	evidence/consumer-v3/source/m3/migration/intake-20261005/current-752-ci/a3-receiving-producer/chain/04-runtime.stderr.log
25b8355251199461b2a364a4f4ba5454d0db987d172bb6a25fcfe32093a90301	563	evidence/consumer-v3/source/m3/migration/intake-20261005/current-752-ci/a3-receiving-producer/chain/04-runtime.stdout.log
fe9721674070989adacc9b8da30b96878099a892b4d1bc4ea8b3b2d012e277c5	13055	evidence/consumer-v3/source/m3/migration/intake-20261005/current-752-ci/a3-receiving-producer/commands.json
88e63d70c0a92dace5e924fde82201a76b1002c25ace6d8fd6241f246e2728a4	342656	evidence/consumer-v3/source/m3/migration/intake-20261005/current-752-ci/a3-receiving-producer/inputs.json
0743f56f5dec86c216ce161c10212b6525402276a346a234a04b48fc6d9227ec	640	evidence/consumer-v3/source/m3/migration/intake-20261005/current-752-ci/a3-receiving-producer/junit.json
8eb5f501987e09510116fbd5e4e26bdcdf40763b7c9de4b0df4ccc19a48b40d6	2209	evidence/consumer-v3/source/m3/migration/intake-20261005/current-752-ci/a3-receiving-producer/runtime.json
aba9dc9941853c8a7c2515fc72c7acd8cb05d61a776e27345701843c1daa5c83	12639	evidence/consumer-v3/source/m3/migration/intake-20261005/current-752-ci/a3-receiving-producer/spec.json
f6f569ef91e6b17be68a48801d1f97639d288d436c277a6401628bd82e210d3e	2413	evidence/consumer-v3/source/m3/migration/intake-20261005/current-752-ci/crate/after/0.txt
d51301d3ea225e89b000a2256855ab7806a1faf20c5fa493eb5666de1e7880c2	4695	evidence/consumer-v3/source/m3/migration/intake-20261005/current-752-ci/crate/after/1.txt
0de471de5a54e1c87153e4b1c23c4013a800f07595cfc05eec7bd4e68f1345d6	10008	evidence/consumer-v3/source/m3/migration/intake-20261005/current-752-ci/crate/after/10.txt
8922e21e4f814dc99282cf1828786a0347552454003e23ac2fa91aa8710851b1	4466	evidence/consumer-v3/source/m3/migration/intake-20261005/current-752-ci/crate/after/11.txt
a53bdeee8afe28b90cb0e348e718b70610a9487edb1b75b46e09bfb76e0f3dc9	3522	evidence/consumer-v3/source/m3/migration/intake-20261005/current-752-ci/crate/after/12.txt
521a7f07e59f507e0ce3193a3d0c7540c232a37c74128d954b52670677498241	2338	evidence/consumer-v3/source/m3/migration/intake-20261005/current-752-ci/crate/after/13.txt
0de471de5a54e1c87153e4b1c23c4013a800f07595cfc05eec7bd4e68f1345d6	10008	evidence/consumer-v3/source/m3/migration/intake-20261005/current-752-ci/crate/after/14.txt
8922e21e4f814dc99282cf1828786a0347552454003e23ac2fa91aa8710851b1	4466	evidence/consumer-v3/source/m3/migration/intake-20261005/current-752-ci/crate/after/15.txt
dbd50a08d902a4009c66e22b8e6f499a66bbe4316c2d96d1e47c60194b572937	7177	evidence/consumer-v3/source/m3/migration/intake-20261005/current-752-ci/crate/after/2.txt
f34470a701cf71b4b4abbe1fa9a5091392a930426ec84d700f13e53edd244629	5380	evidence/consumer-v3/source/m3/migration/intake-20261005/current-752-ci/crate/after/3.txt
3f3ab065d9e87e9f6095629a56b052642ec9d0883a466430e90a4a4355edd05b	4975	evidence/consumer-v3/source/m3/migration/intake-20261005/current-752-ci/crate/after/4.txt
acc1f301aef53281ccbb26c78921537de99f98bc3f401906f5be658c761f62ef	6447	evidence/consumer-v3/source/m3/migration/intake-20261005/current-752-ci/crate/after/5.txt
19f7e3fb8c5f4332ab721d1962ab9cac261c524a10d9d91272346636fbe86ada	7516	evidence/consumer-v3/source/m3/migration/intake-20261005/current-752-ci/crate/after/6.txt
acc1f301aef53281ccbb26c78921537de99f98bc3f401906f5be658c761f62ef	6447	evidence/consumer-v3/source/m3/migration/intake-20261005/current-752-ci/crate/after/7.txt
19f7e3fb8c5f4332ab721d1962ab9cac261c524a10d9d91272346636fbe86ada	7516	evidence/consumer-v3/source/m3/migration/intake-20261005/current-752-ci/crate/after/8.txt
e7a96b1290ead86d3861f0388423504078cc8f66f10303f73e0a7d44a6e5776b	658	evidence/consumer-v3/source/m3/migration/intake-20261005/current-752-ci/crate/after/9.txt
2a81b9ebfa5d477977dba4632a0e7c89f2ebb89606eb46491197536335d63fee	2205	evidence/consumer-v3/source/m3/migration/intake-20261005/current-752-ci/crate/before/0.txt
3fbe65ee5d3130858d114b0637207585e0cb20c2b5008def8c3dc6607f042d41	4692	evidence/consumer-v3/source/m3/migration/intake-20261005/current-752-ci/crate/before/1.txt
d88f347f77069dc1e2e6a3871c68c55e76f885f324801957d041f9ecc31ec6f4	9492	evidence/consumer-v3/source/m3/migration/intake-20261005/current-752-ci/crate/before/10.txt
d684f2c95622c32683dbdce162d2f49101c7431bfbba1927a34182dcecadc77f	4462	evidence/consumer-v3/source/m3/migration/intake-20261005/current-752-ci/crate/before/11.txt
8544be570c2656c5fa641ae34fc01eaea420bbb420f6d80ce5f95253504e9888	3383	evidence/consumer-v3/source/m3/migration/intake-20261005/current-752-ci/crate/before/12.txt
280d7c08e9da9f618f4596516420a5c6c2de8f32fa1b52ff354853f3b0fb7c2b	2338	evidence/consumer-v3/source/m3/migration/intake-20261005/current-752-ci/crate/before/13.txt
d88f347f77069dc1e2e6a3871c68c55e76f885f324801957d041f9ecc31ec6f4	9492	evidence/consumer-v3/source/m3/migration/intake-20261005/current-752-ci/crate/before/14.txt
d684f2c95622c32683dbdce162d2f49101c7431bfbba1927a34182dcecadc77f	4462	evidence/consumer-v3/source/m3/migration/intake-20261005/current-752-ci/crate/before/15.txt
10d8d11da8b4dd6772875cb3ba5c1f2c0732e307cdd5c983a96811b9c9f5180d	6038	evidence/consumer-v3/source/m3/migration/intake-20261005/current-752-ci/crate/before/2.txt
58d01008f3dc6e79d988e855d76ba90eb0a13d39a76e7eb4027d75442389ec94	5379	evidence/consumer-v3/source/m3/migration/intake-20261005/current-752-ci/crate/before/3.txt
69882638771a411cf0866f789a7b3ef7e7e7040cde38a1c40ef4a743d37168e2	4974	evidence/consumer-v3/source/m3/migration/intake-20261005/current-752-ci/crate/before/4.txt
9171b0ada1d7845b63d7a586d99ef97a6fa6eccbfd84204c47a6a01c8b3e4697	6442	evidence/consumer-v3/source/m3/migration/intake-20261005/current-752-ci/crate/before/5.txt
f000b1eea411056baaca6051b220149f25334bc70bf69b4f0536839c6c78e404	7514	evidence/consumer-v3/source/m3/migration/intake-20261005/current-752-ci/crate/before/6.txt
9171b0ada1d7845b63d7a586d99ef97a6fa6eccbfd84204c47a6a01c8b3e4697	6442	evidence/consumer-v3/source/m3/migration/intake-20261005/current-752-ci/crate/before/7.txt
f000b1eea411056baaca6051b220149f25334bc70bf69b4f0536839c6c78e404	7514	evidence/consumer-v3/source/m3/migration/intake-20261005/current-752-ci/crate/before/8.txt
b2febbb17ed96ae6f582eee2e16af3fc5e435c23e350708f56397bee9ac38ab5	658	evidence/consumer-v3/source/m3/migration/intake-20261005/current-752-ci/crate/before/9.txt
e4d9f2c1e50c5ea4da2ae2bfea7fe4f742ab3d9f16f307c77bb6bc863a56088b	8948	evidence/consumer-v3/source/m3/migration/intake-20261005/current-752-ci/crate/plan.json
5c646be616f481b835bcf65607408f1573bd589716d1ea98cbf56f4616298e33	1972	evidence/consumer-v3/source/m3/migration/intake-20261005/current-752-ci/native-current-v1/FINAL-AUDIT.json
3b1a9bd70bdcddcea04d27f63e99c3bb051a623e5cdabff3ccd081fc7515cb62	5351	evidence/consumer-v3/source/m3/migration/intake-20261005/current-752-ci/native-current-v1/FINAL_REPORT.md
70038d936c62c8dfed73a60059b08104c5326f460ddc36e63d9e4249dc24bbda	3167	evidence/consumer-v3/source/m3/migration/intake-20261005/current-752-ci/native-current-v1/INDEPENDENT-READBACK.json
0ea2600bfc6703aa2449f8fbc3fe7c650eba1c5d2969cc0074d6ba83d43e331a	1719	evidence/consumer-v3/source/m3/migration/intake-20261005/current-752-ci/native-current-v1/OUTPUT_CONTRACT.tsv
1d23b6f673f7ee717af18a9e9284808505d6e2956a610f8a30e30101c462a841	5773	evidence/consumer-v3/source/m3/migration/intake-20261005/current-752-ci/native-current-v1/PREPARED.json
8eae2d464bc16b566957aff8cc0fb62f02dcada2250a8b51a493de0514966bfb	2238	evidence/consumer-v3/source/m3/migration/intake-20261005/current-752-ci/native-current-v1/PROVENANCE.tsv
f59fe0e255ea492379e8a2b1e4cb1b731dcf5bdc46e889da6bc0706b9aa23f51	1499	evidence/consumer-v3/source/m3/migration/intake-20261005/current-752-ci/native-current-v1/README.md
1e82bec642c8ea8ece15e8caeeed283416c1b612e22c357b20178524b6ab1605	3750	evidence/consumer-v3/source/m3/migration/intake-20261005/current-752-ci/native-current-v1/RESULT.json
06c850533eb5b9efc5da380835e47b4f6d797bb73a3b5cc5552f09c3b6bd87c2	1718	evidence/consumer-v3/source/m3/migration/intake-20261005/current-752-ci/native-current-v1/RUN_CONTEXT.tsv
24d8a3a37645fe63c13aad8177c1333abcbd80dd176f69eea4a6d383e021da56	1532	evidence/consumer-v3/source/m3/migration/intake-20261005/current-752-ci/native-current-v1/STATUS.tsv
8a94b7c0d1829129bc5a35853fea4844ad99f2ca5c9b391c13ef14b4e69585f7	1295	evidence/consumer-v3/source/m3/migration/intake-20261005/current-752-ci/native-current-v1/VERIFY_CONTRACT.tsv
d3a09e407eeb5e352e00ff7167ddb73737a2c488c16e4d382491defa4d706b42	6919	evidence/consumer-v3/source/m3/migration/intake-20261005/current-752-ci/native-current-v1/evidence-bundle/BUNDLE.json
87661dd6b9c47695e67b34a8f806ae2705e3972b8d5a63272bd092cd54ea4ade	4652	evidence/consumer-v3/source/m3/migration/intake-20261005/current-752-ci/native-current-v1/evidence-bundle/LANES.json
c1c777a4facbbf4c5b842a3cd62326993ca7859d1ef67c6861bf5ae06e80f6c7	1432	evidence/consumer-v3/source/m3/migration/intake-20261005/current-752-ci/native-current-v1/evidence-bundle/PACKAGE.json
59d32402560ecb152e0fbc87475a6ce59784b25833cc33f881268e081118761a	35870	evidence/consumer-v3/source/m3/migration/intake-20261005/current-752-ci/native-current-v1/evidence-bundle/PATHS-0001.tsv
2bc32d89eeff69ac9200abed775bdcd5bd346fe818f12f845dc97a845a214853	2425	evidence/consumer-v3/source/m3/migration/intake-20261005/current-752-ci/native-current-v1/evidence-bundle/README.md
fa34bfb0420e30c36b262a20474bf17805ef589dc687a689976f2de7fbe6600e	1595	evidence/consumer-v3/source/m3/migration/intake-20261005/current-752-ci/native-current-v1/evidence-bundle/VERIFY-COMMAND.json
14e7d9bbf54ae124f9f96e459244431ab3092036e48e282451cfb02e6f62f585	770	evidence/consumer-v3/source/m3/migration/intake-20261005/current-752-ci/native-current-v1/evidence-bundle/VERIFY.json
9bde181c72dd0372a55104ee9dfabc7173351c8734f8b9b778060589e2a5a3e6	753	evidence/consumer-v3/source/m3/migration/intake-20261005/current-752-ci/native-current-v1/evidence-tools/native_bundle.py
89d43693f508c723e431296cc06f611c8de4f94df8eaddea95a2c7742feb0574	33814	evidence/consumer-v3/source/m3/migration/intake-20261005/current-752-ci/native-current-v1/evidence-tools/package_evidence.py
52e46492bd3ebadff1aea7981ae55b21c82d0c1523e4e067a2d8fc97618bd1e3	14925	evidence/consumer-v3/source/m3/migration/intake-20261005/current-752-ci/native-current-v1/evidence-tools/readback_native.py
9bc72208f52d917857223bccd8f9b9ef5c3cce931515331d7c3d0b48b4cba68a	1137	evidence/consumer-v3/source/m3/migration/intake-20261005/current-752-ci/native-current-v1/package-plan.json
c00533ae7488fa1d8b5c423116dd39845a980780f9c5394f46408ec4f0c4a743	10191	evidence/consumer-v3/source/m3/migration/intake-20261005/current-752-ci/native-delivery-mapping.json
633b27c05776d03397eef4950ca7ae56f8f1b4f793666887aa72ab3e4c00cfc2	14070	evidence/consumer-v3/source/m3/migration/intake-20261005/current-752-ci/native-publication-manifest.json
115cb0cc6cfa1ac1e063e4ef5cb467ea45c6b713b03dcb45cc1de2f999a0fb1e	1210	evidence/consumer-v3/source/m3/migration/intake-20261005/current-752-ci/pom.xml
0347e932f876d72db7d5247c54375fdc40f15f1138392ddffab03c0bb63834c5	1369	evidence/consumer-v3/source/m3/migration/intake-20261005/current-752-ci/producer/OUTPUT.json
e68b1a68c92078a9d700459d112987c8fcd5dc6bd7a06692859e530838ab33ce	941	evidence/consumer-v3/source/m3/migration/intake-20261005/current-752-ci/producer/PATCH.json
d6d265a959e378fce47d68b5aa4a3a3bbee14bebf21355a54bd8077cb51e8630	4857	evidence/consumer-v3/source/m3/migration/intake-20261005/current-752-ci/producer/RESULT.json
2e45c5e56f5b39f35848e2bc6b38eeec3d50e95076916a7579ffbd94bfb6ec60	7752	evidence/consumer-v3/source/m3/migration/intake-20261005/current-752-ci/producer/build-artifacts.json
a9a56f1803d5d33e42efb63fa0f047a1b49027beb827ca427adc25f8b126440e	4475	evidence/consumer-v3/source/m3/migration/intake-20261005/current-752-ci/producer/candidate.patch
5b4d6e2aa110d31aafa1f5692501212b3f67a306ab2e52a5887ba73ea683086e	1785	evidence/consumer-v3/source/m3/migration/intake-20261005/current-752-ci/producer/chain/01-static.json
e3b0c44298fc1c149afbf4c8996fb92427ae41e4649b934ca495991b7852b855	0	evidence/consumer-v3/source/m3/migration/intake-20261005/current-752-ci/producer/chain/01-static.stderr.log
b353a1846900229f7a14500156c73cccd935ffe4e19dc41fe432b32c480dabff	342	evidence/consumer-v3/source/m3/migration/intake-20261005/current-752-ci/producer/chain/01-static.stdout.log
795301485d90a29f6617b7dcbccb287c0a08e677f62cde010d9d79711a1ddb0a	2370	evidence/consumer-v3/source/m3/migration/intake-20261005/current-752-ci/producer/chain/02-compile.json
e3b0c44298fc1c149afbf4c8996fb92427ae41e4649b934ca495991b7852b855	0	evidence/consumer-v3/source/m3/migration/intake-20261005/current-752-ci/producer/chain/02-compile.stderr.log
9a86b7e489bea2f312f63b57c4e824a1406a010cabcbd2cf31d2aaa34f7434a3	1381	evidence/consumer-v3/source/m3/migration/intake-20261005/current-752-ci/producer/chain/02-compile.stdout.log
8ec24288ce52cc24d9897e292f6b650e0226c92b0114598daa0a1ea5758d9dfc	2680	evidence/consumer-v3/source/m3/migration/intake-20261005/current-752-ci/producer/chain/03-tests.json
e3b0c44298fc1c149afbf4c8996fb92427ae41e4649b934ca495991b7852b855	0	evidence/consumer-v3/source/m3/migration/intake-20261005/current-752-ci/producer/chain/03-tests.stderr.log
a7150ea622722e8d5e1a31869c206c45ca2b8a188d2da699d6c6232a02c4ad7a	1200	evidence/consumer-v3/source/m3/migration/intake-20261005/current-752-ci/producer/chain/03-tests.stdout.log
10a4866ea21ce851861e85ff3db5093063d1105d6565904c363ca93edc9b4f86	12032	evidence/consumer-v3/source/m3/migration/intake-20261005/current-752-ci/producer/chain/04-runtime.json
e3b0c44298fc1c149afbf4c8996fb92427ae41e4649b934ca495991b7852b855	0	evidence/consumer-v3/source/m3/migration/intake-20261005/current-752-ci/producer/chain/04-runtime.stderr.log
bf7eaeb076702978ec5eaade4fa252b83f975a6f19df07877effe33875b47aaf	217	evidence/consumer-v3/source/m3/migration/intake-20261005/current-752-ci/producer/chain/04-runtime.stdout.log
9bbed73d5bbe02c40cdc067f679bd3f5c4bae1a3fdf0fe37811421e19ca4a7cc	13227	evidence/consumer-v3/source/m3/migration/intake-20261005/current-752-ci/producer/commands.json
8e4c1786eca162ca2c09f0206a9849b54f4c3b38b0c2e18c0af29090224ea163	344162	evidence/consumer-v3/source/m3/migration/intake-20261005/current-752-ci/producer/inputs.json
58b83e04fd88254f1a285719b8b1780751518dd53142923020136316c7862e7b	735	evidence/consumer-v3/source/m3/migration/intake-20261005/current-752-ci/producer/junit.json
58454796bd7e50ffceb0efb802bc74442e8f1b660e4066e9ab6daff2d3d12aee	1992	evidence/consumer-v3/source/m3/migration/intake-20261005/current-752-ci/producer/runtime.json
1d4f61a01faacdd32026739d9c8ec62c94a825a4f385cf92408a82ed6815ea9b	14546	evidence/consumer-v3/source/m3/migration/intake-20261005/current-752-ci/producer/spec.json
9398e994685e1af07e10bfdec9ac7883dac856c055394daa4ce93e159f017b56	1128	evidence/consumer-v3/source/m3/migration/intake-20261005/current-752-ci/source-task-packet/FINAL_REPORT.md
e10a3e8c6cac4ff480bf98ba33593d7591ef3b47c85e793714f1164759bf24d4	644	evidence/consumer-v3/source/m3/migration/intake-20261005/current-752-ci/source-task-packet/OUTPUT_CONTRACT.tsv
4e5523e7fb5c37df8be0f327ed63a4b7b51b371117ba53cccbed8e4ac05d70e3	708	evidence/consumer-v3/source/m3/migration/intake-20261005/current-752-ci/source-task-packet/PROVENANCE.tsv
6c980e16d0d4e4f8a58723522cb6e716fd5a44f30b0e3a27e75f848b726bdfc8	583	evidence/consumer-v3/source/m3/migration/intake-20261005/current-752-ci/source-task-packet/RUN_CONTEXT.tsv
eab61f7203ce00769b1d67824e206c6552d9821c092f8d18621bee0761fc1c1d	479	evidence/consumer-v3/source/m3/migration/intake-20261005/current-752-ci/source-task-packet/STATUS.tsv
574537187fbbbbdc3800e64c31f19f4d9a4a63f49d6bc43935609ecd35bfe4af	3562	evidence/consumer-v3/source/m3/migration/intake-20261005/current-752-ci/source-task-packet/TASK_PACKET.json
4e44f8931c93e3f4c58e3eb8359447acb6d8d2d5476a3d37b32fd505fe1bdcd5	990	evidence/consumer-v3/source/m3/migration/intake-20261005/current-752-ci/source-task-packet/VERIFY_CONTRACT.tsv
33e6b9cbbb64b550a493ba4dc4c018bdbe78ec4b516875052a9cfcbaf961a9be	12638	evidence/consumer-v3/source/m3/migration/intake-20261005/current-752-ci/verify-runtime.py
3de7a992d45cb14eb68959587d55d60bc4c070b30f01b72c5d493c3626e79739	28874	evidence/consumer-v3/source/m3/migration/intake-20261005/host-proof/INDEX.json
524395f5e4f0b18fc74cbcc88f3b13c0f5052a022a184de270c54ea868d024cb	1737	evidence/consumer-v3/source/m3/migration/intake-20261005/host-proof/README.md
4d7496a37677aee3ba1aee206129625a5ed870d0f922eccde32ca670f09a11d8	21178	evidence/consumer-v3/source/m3/migration/intake-20261005/output-plan.json
4072d0cef765767e44e9ff93a11f2d7112b32f94ab6b3d07a03ed191307e2daf	68888	evidence/consumer-v3/source/m3/migration/intake-20261005/owners.json
8ccd586902d1b292310d6ded995cab15d14f56c43de3bdfa8c20bc4362eab517	1437	evidence/consumer-v3/source/m3/migration/intake-20261005/pom.xml
75e169b985f86b85960973c2d10e706e85d4a9bb969c013730d62d87390b0884	746	evidence/consumer-v3/source/m3/migration/intake-20261005/portable/mrc2/consumer-0/PATCH.json
ac3a58759bd8dda7d2e437fd2fd1aa3201c30842c4993447dd0987d625fc268e	2740	evidence/consumer-v3/source/m3/migration/intake-20261005/portable/mrc2/consumer-0/RESULT.json
fde00eb2386d4a356a1bbae3aca4234d4a09169b7a6ad20660f06750039c1e0c	264094	evidence/consumer-v3/source/m3/migration/intake-20261005/portable/mrc2/consumer-0/build-artifacts.json
ff06d4de85f0d13a50fdeb305613ecbd185172af8cdb9dc26ca4cce48d09b221	897	evidence/consumer-v3/source/m3/migration/intake-20261005/portable/mrc2/consumer-0/chain/01-lint.json
e3b0c44298fc1c149afbf4c8996fb92427ae41e4649b934ca495991b7852b855	0	evidence/consumer-v3/source/m3/migration/intake-20261005/portable/mrc2/consumer-0/chain/01-lint.stderr.log
5a05902987213afc6ba9251310eac97ecd6afd7d56c4c1d81c1b0ad11b89aa8b	202	evidence/consumer-v3/source/m3/migration/intake-20261005/portable/mrc2/consumer-0/chain/01-lint.stdout.log
e5200afcc189f59d2c3e42a282c1184b8541e26f15134e1d5ee18e635a74409f	925	evidence/consumer-v3/source/m3/migration/intake-20261005/portable/mrc2/consumer-0/chain/02-compile.json
e3b0c44298fc1c149afbf4c8996fb92427ae41e4649b934ca495991b7852b855	0	evidence/consumer-v3/source/m3/migration/intake-20261005/portable/mrc2/consumer-0/chain/02-compile.stderr.log
63d9e72bd087b60df8e3437133ffc1135f5dcb8e1d7e9349d78de73797a938cf	1997	evidence/consumer-v3/source/m3/migration/intake-20261005/portable/mrc2/consumer-0/chain/02-compile.stdout.log
7b7f35ac107c5c66ee3fd0796e3fe9065c7ebaa2e107cc4de97ec6860918ac81	942	evidence/consumer-v3/source/m3/migration/intake-20261005/portable/mrc2/consumer-0/chain/03-test.json
c7d2a47792d8994dd9e62a5260cd018eb24094a1ed1b3826149951dcd5ae6d1b	48746	evidence/consumer-v3/source/m3/migration/intake-20261005/portable/mrc2/consumer-0/chain/03-test.stderr.log
c1fc311230fa97476c41bedc18b5f332b7b30927f67c53597f6823eb3870d566	3463	evidence/consumer-v3/source/m3/migration/intake-20261005/portable/mrc2/consumer-0/chain/03-test.stdout.log
ebdb7ba35995bbb53c4430bd8d2b38a6f0095f3cff9f548a68b86a1147b1e3dd	968	evidence/consumer-v3/source/m3/migration/intake-20261005/portable/mrc2/consumer-0/chain/04-runtime.json
dde478fa015abc976cf4dc45f45f6a955c05c52cdf313a059505f2de41f3160d	12504	evidence/consumer-v3/source/m3/migration/intake-20261005/portable/mrc2/consumer-0/chain/04-runtime.stderr.log
0a4c6433a7563ade2e30ee4a8e477701f0d27f1035ed74714a0f6852eb68f7da	801	evidence/consumer-v3/source/m3/migration/intake-20261005/portable/mrc2/consumer-0/chain/04-runtime.stdout.log
a7b21b004dd5c794b0c8618c1632914f66b9134d363d37cf4c27fb20cfe7291c	38205	evidence/consumer-v3/source/m3/migration/intake-20261005/portable/mrc2/consumer-0/commands.json
e91c6cccd92f628e1d0321c4c8d09b0a87e2e72a39c7c9989bbeff733da77759	602420	evidence/consumer-v3/source/m3/migration/intake-20261005/portable/mrc2/consumer-0/inputs.json
258927b32355034a96eb3c387512536329ead8bd4ff482ebdffabba5facedfe9	1519	evidence/consumer-v3/source/m3/migration/intake-20261005/portable/mrc2/consumer-0/junit-report.json
0af01b8b44df05818008d1c666f4495849325323f609ac0869510445b8e403ba	9997	evidence/consumer-v3/source/m3/migration/intake-20261005/portable/mrc2/consumer-0/runtime-1.json
e3b0c44298fc1c149afbf4c8996fb92427ae41e4649b934ca495991b7852b855	0	evidence/consumer-v3/source/m3/migration/intake-20261005/portable/mrc2/consumer-0/runtime-1.stderr.log
360752eaa70beadc967fee69f6e3cf874e916851ba1cae1e722dec847bd75bba	111	evidence/consumer-v3/source/m3/migration/intake-20261005/portable/mrc2/consumer-0/runtime-1.stdout.log
f5d234e48fc59d45e0a9cbfb30e9444e34cdf44a29b5ad1c2146667ccd41d1d3	9995	evidence/consumer-v3/source/m3/migration/intake-20261005/portable/mrc2/consumer-0/runtime-2.json
dde478fa015abc976cf4dc45f45f6a955c05c52cdf313a059505f2de41f3160d	12504	evidence/consumer-v3/source/m3/migration/intake-20261005/portable/mrc2/consumer-0/runtime-2.stderr.log
b128999f52d9f31229735f1828eb679177d122ed21ebaba13057290b43739e20	98	evidence/consumer-v3/source/m3/migration/intake-20261005/portable/mrc2/consumer-0/runtime-2.stdout.log
31995f0f3a4823482cfbf7597a988a6b6dd9af3dfbaee09f70fba39c7a1dabef	10000	evidence/consumer-v3/source/m3/migration/intake-20261005/portable/mrc2/consumer-0/runtime-3.json
e3b0c44298fc1c149afbf4c8996fb92427ae41e4649b934ca495991b7852b855	0	evidence/consumer-v3/source/m3/migration/intake-20261005/portable/mrc2/consumer-0/runtime-3.stderr.log
c0830052966c01b8eb27ebc112d2aa8c43ce066f23ed4972a0ddab024a75e276	67	evidence/consumer-v3/source/m3/migration/intake-20261005/portable/mrc2/consumer-0/runtime-3.stdout.log
5dc031315ccd25e1f6bf806ed62985eda459532405c07db771f172d2d165b640	30303	evidence/consumer-v3/source/m3/migration/intake-20261005/portable/mrc2/consumer-0/runtime-report.json
63fbbbc66450f5ecf48880c03559b7292e62a52468f3bc777f4e8590829f8262	217474	evidence/consumer-v3/source/m3/migration/intake-20261005/portable/mrc2/consumer-0/staging.json
f3cc4675fda6a9b6788c1f95df4894a9e61af58e61bbb797f35176f549b17dff	72941	evidence/consumer-v3/source/m3/migration/intake-20261005/portable/mrc2/consumer-0/target/surefire-reports/TEST-com.synexia.rewrite.M3ClosureCompatibilityTest.xml
47510f3681df9f55c486a3e127ecfe9b8eb2236eff9cb894f7996f472a11644f	23248	evidence/consumer-v3/source/m3/migration/intake-20261005/portable/mrc2/consumer-0/target/surefire-reports/TEST-com.synexia.rewrite.M3RecipeConvergenceLabControlFlowTest.xml
4387c678877b5e72faed27a12e728863b0088970ba8ac01f66e23b51b8c6a62c	24635	evidence/consumer-v3/source/m3/migration/intake-20261005/portable/mrc2/consumer-0/target/surefire-reports/TEST-com.synexia.rewrite.M3RecipeMasteryIsolationTest.xml
17d4037ad9d45dff4d6288a8db4e79142462abc594218b123994428dfb6f064d	22628	evidence/consumer-v3/source/m3/migration/intake-20261005/portable/mrc2/consumer-0/target/surefire-reports/TEST-com.synexia.rewrite.M3RecipeMasteryLiveSupersetTest.xml
c7044fc3f9d1759648c118589de2091bfe409602db71a150aec7f594afec2fee	941	evidence/consumer-v3/source/m3/migration/intake-20261005/portable/mrc2/consumer-0/tooling.json
d5122dbb448b0ced7162c5e28f881f6ef1611fbac72b31eecc6162508affe3f8	3786	evidence/consumer-v3/source/m3/migration/intake-20261005/portable/mrc2/outputs.json
35d503be04c1206f3e0ebae79e2e117cf25e66d54ee314e82ec3a4e41539547e	48403	evidence/consumer-v3/source/m3/migration/intake-20261005/portable/mrc2/outputs/m3-fast-search/src/main/java/com/synexia/m3/search/CompetitiveProblemReview.java
460ac381ab86ad926d1253b012032a1ea2b0b53a02ea3169436958ec35c45ade	33102	evidence/consumer-v3/source/m3/migration/intake-20261005/portable/mrc2/outputs/synexia-algo/src/main/java/com/synexia/algorithms/corpus/ChallengeDonorPassLedger.java
59742f333ab2a04c3cd5b12061bff182e9a2114549117ce323928d391c10fafa	17440	evidence/consumer-v3/source/m3/migration/intake-20261005/portable/mrc2/outputs/synexia-algo/src/main/java/com/synexia/algorithms/corpus/CompetitiveCapabilityPlanIndex.java
32ad3ecb53a611de29ce8bdcf4079d77576b3b6d5a56a847b67c9cbd5c91b326	20208	evidence/consumer-v3/source/m3/migration/intake-20261005/portable/mrc2/outputs/synexia-donor-inventory/src/main/java/com/synexia/donor/DonorMechanicalShapeCatalog.java
dfaeb0026c90f2563d52e599a478f54f130b25ef89c150f39e58b0ff9049e304	6242	evidence/consumer-v3/source/m3/migration/intake-20261005/portable/mrc2/outputs/synexia-openrewrite-recipes/src/main/java/com/synexia/rewrite/M3OpenRewriteRuntimeRecipeInventoryRecipe.java
b11640b4d97f95e3c12299f85cf0dbba081ae70b7b6c2c4ff8b2135446be1337	24064	evidence/consumer-v3/source/m3/migration/intake-20261005/portable/mrc2/outputs/synexia-openrewrite-recipes/src/main/java/com/synexia/rewrite/M3RecipeCrateSerialAtomReview.java
3a475b5a1ea098b0ce07368e4ef1080f8c888d7166ceefe85716a12d735b21cc	36683	evidence/consumer-v3/source/m3/migration/intake-20261005/portable/mrc2/outputs/synexia-openrewrite-recipes/src/main/java/com/synexia/rewrite/M3SemanticCodeInventoryRecipe.java
59e18f56b50f2af2de357d02e225f99fb394bf2290073607980692a75113f9fc	741	evidence/consumer-v3/source/m3/migration/intake-20261005/portable/mrc2/recipe/PATCH.json
4cd704a31cba101e36721476876720a8d3bc2c141d8128ac14db2230d69b8770	2740	evidence/consumer-v3/source/m3/migration/intake-20261005/portable/mrc2/recipe/RESULT.json
60f46bd863f6531f6c873bdcc27bfd3de79e1d6bd01b0fa732157a84d04040fc	10211	evidence/consumer-v3/source/m3/migration/intake-20261005/portable/mrc2/recipe/build-artifacts.json
9e417b280280d0094d77bd0c42b60add0a7813b0d77501a01ab487bac628da6f	897	evidence/consumer-v3/source/m3/migration/intake-20261005/portable/mrc2/recipe/chain/01-lint.json
e3b0c44298fc1c149afbf4c8996fb92427ae41e4649b934ca495991b7852b855	0	evidence/consumer-v3/source/m3/migration/intake-20261005/portable/mrc2/recipe/chain/01-lint.stderr.log
5a05902987213afc6ba9251310eac97ecd6afd7d56c4c1d81c1b0ad11b89aa8b	202	evidence/consumer-v3/source/m3/migration/intake-20261005/portable/mrc2/recipe/chain/01-lint.stdout.log
25e427aa4da274e1e15141264cdadf813b9b7a15fcffc3d15145813457f28fa4	925	evidence/consumer-v3/source/m3/migration/intake-20261005/portable/mrc2/recipe/chain/02-compile.json
e3b0c44298fc1c149afbf4c8996fb92427ae41e4649b934ca495991b7852b855	0	evidence/consumer-v3/source/m3/migration/intake-20261005/portable/mrc2/recipe/chain/02-compile.stderr.log
9a1f08dad80747f0019142a9447665a1c653714acc3c076e873a708571b0bf97	1869	evidence/consumer-v3/source/m3/migration/intake-20261005/portable/mrc2/recipe/chain/02-compile.stdout.log
9819ee775df2d3cfe6b943c59e187bfeac99ed13893678fea0cf157f7ff01444	942	evidence/consumer-v3/source/m3/migration/intake-20261005/portable/mrc2/recipe/chain/03-test.json
5ebba0b1ec24a9715e85442501561ba25e74ea5da2921c8a8135a4124f2f5501	54413	evidence/consumer-v3/source/m3/migration/intake-20261005/portable/mrc2/recipe/chain/03-test.stderr.log
7eb3e8cd06995e297af8d74429012079d07684e34a8ca9336e9687982013855a	2215	evidence/consumer-v3/source/m3/migration/intake-20261005/portable/mrc2/recipe/chain/03-test.stdout.log
7a75b585021996143e4c0f00230f6525100406a7945d1b90d5df7040271ba638	968	evidence/consumer-v3/source/m3/migration/intake-20261005/portable/mrc2/recipe/chain/04-runtime.json
8a51ee50e949fd199c335b9f25984c3460f99623cc0e518db1e600ab18f39941	18153	evidence/consumer-v3/source/m3/migration/intake-20261005/portable/mrc2/recipe/chain/04-runtime.stderr.log
ee859ef54bc87aef957acd4a2a1ea3b3ffc8f37e2eac0cd15b118bc77e95b06c	772	evidence/consumer-v3/source/m3/migration/intake-20261005/portable/mrc2/recipe/chain/04-runtime.stdout.log
f2b9006065fcd269cdd00ad83968c2421242523487ea640941efbd1844c994f1	27015	evidence/consumer-v3/source/m3/migration/intake-20261005/portable/mrc2/recipe/commands.json
cd037268a3887eaea165d62b4d4e5884c22346f3d8e7d601152faa30f27e66a3	417926	evidence/consumer-v3/source/m3/migration/intake-20261005/portable/mrc2/recipe/inputs.json
f2eff32d4c60a2c7db588473d04eb841c4d540774f556244cf6fd49c3afb524e	775	evidence/consumer-v3/source/m3/migration/intake-20261005/portable/mrc2/recipe/junit-report.json
e01e85111926df3a2960b25a95ba7d385eaaaf820108ebe78090b7c39996ebc2	3753	evidence/consumer-v3/source/m3/migration/intake-20261005/portable/mrc2/recipe/materialization/OUTPUT.json
a394e730e97d9d40efff4872fe668cf8cb7db7ad565a3dbd81c137ebef536c26	10973	evidence/consumer-v3/source/m3/migration/intake-20261005/portable/mrc2/recipe/materialization/candidate.patch
29cd35b127528efe79af2bfb8d8e81a7d4e80c174c6af11df5249aa3a5229f7f	1936	evidence/consumer-v3/source/m3/migration/intake-20261005/portable/mrc2/recipe/materialization/manifest.tsv
23a66a37f3ad613f92c2eb7f9afaea8b4f5abddd4aed14ba4e522e23828059c1	9993	evidence/consumer-v3/source/m3/migration/intake-20261005/portable/mrc2/recipe/runtime-1.json
8a51ee50e949fd199c335b9f25984c3460f99623cc0e518db1e600ab18f39941	18153	evidence/consumer-v3/source/m3/migration/intake-20261005/portable/mrc2/recipe/runtime-1.stderr.log
2d2abe89b69a0cbbd9c84a9ea450ebe4fcaeceb79414596129d94de7111c7d1d	156	evidence/consumer-v3/source/m3/migration/intake-20261005/portable/mrc2/recipe/runtime-1.stdout.log
84040daf74ccccb83f15745c25d82328ae33836c319827bee61e3b02b909aa06	10102	evidence/consumer-v3/source/m3/migration/intake-20261005/portable/mrc2/recipe/runtime-2.json
e3b0c44298fc1c149afbf4c8996fb92427ae41e4649b934ca495991b7852b855	0	evidence/consumer-v3/source/m3/migration/intake-20261005/portable/mrc2/recipe/runtime-2.stderr.log
b542b7fe45167e811ae4d1b91c44e3ded78210697b52d448221cdb6908841805	266	evidence/consumer-v3/source/m3/migration/intake-20261005/portable/mrc2/recipe/runtime-2.stdout.log
8fd6c90445a3afbb6e028c4b71b69df6fc23d5e3ae084daa6ebce3d157cfacf2	20341	evidence/consumer-v3/source/m3/migration/intake-20261005/portable/mrc2/recipe/runtime-report.json
45c2c290bee9d46b001691f669ac1401dd5e5faec3e00c8a78bba90ff71bbe0a	19129	evidence/consumer-v3/source/m3/migration/intake-20261005/portable/mrc2/recipe/staging.json
5426a3364afc66672252ea90754c1dfa82f10369c4260903c4c9bbb36963d6d7	71921	evidence/consumer-v3/source/m3/migration/intake-20261005/portable/mrc2/recipe/target/surefire-reports/TEST-com.synexia.rewrite.M3ParserDependenciesTest.xml
c0c03c463a2a09f2eb90541fcd9e93b782a96d1087479a78f2439cf38d481383	16599	evidence/consumer-v3/source/m3/migration/intake-20261005/portable/mrc2/recipe/target/surefire-reports/TEST-com.synexia.rewrite.Mrc4Test.xml
0ad391cb4ee38b875fd079ab023b2f783cf2b4e1349381618e31e072dd05e84b	941	evidence/consumer-v3/source/m3/migration/intake-20261005/portable/mrc2/recipe/tooling.json
59e18f56b50f2af2de357d02e225f99fb394bf2290073607980692a75113f9fc	741	evidence/consumer-v3/source/m3/migration/intake-20261005/portable/mrd/consumer-0/PATCH.json
4cd704a31cba101e36721476876720a8d3bc2c141d8128ac14db2230d69b8770	2740	evidence/consumer-v3/source/m3/migration/intake-20261005/portable/mrd/consumer-0/RESULT.json
60f46bd863f6531f6c873bdcc27bfd3de79e1d6bd01b0fa732157a84d04040fc	10211	evidence/consumer-v3/source/m3/migration/intake-20261005/portable/mrd/consumer-0/build-artifacts.json
9e417b280280d0094d77bd0c42b60add0a7813b0d77501a01ab487bac628da6f	897	evidence/consumer-v3/source/m3/migration/intake-20261005/portable/mrd/consumer-0/chain/01-lint.json
e3b0c44298fc1c149afbf4c8996fb92427ae41e4649b934ca495991b7852b855	0	evidence/consumer-v3/source/m3/migration/intake-20261005/portable/mrd/consumer-0/chain/01-lint.stderr.log
5a05902987213afc6ba9251310eac97ecd6afd7d56c4c1d81c1b0ad11b89aa8b	202	evidence/consumer-v3/source/m3/migration/intake-20261005/portable/mrd/consumer-0/chain/01-lint.stdout.log
25e427aa4da274e1e15141264cdadf813b9b7a15fcffc3d15145813457f28fa4	925	evidence/consumer-v3/source/m3/migration/intake-20261005/portable/mrd/consumer-0/chain/02-compile.json
e3b0c44298fc1c149afbf4c8996fb92427ae41e4649b934ca495991b7852b855	0	evidence/consumer-v3/source/m3/migration/intake-20261005/portable/mrd/consumer-0/chain/02-compile.stderr.log
9a1f08dad80747f0019142a9447665a1c653714acc3c076e873a708571b0bf97	1869	evidence/consumer-v3/source/m3/migration/intake-20261005/portable/mrd/consumer-0/chain/02-compile.stdout.log
9819ee775df2d3cfe6b943c59e187bfeac99ed13893678fea0cf157f7ff01444	942	evidence/consumer-v3/source/m3/migration/intake-20261005/portable/mrd/consumer-0/chain/03-test.json
5ebba0b1ec24a9715e85442501561ba25e74ea5da2921c8a8135a4124f2f5501	54413	evidence/consumer-v3/source/m3/migration/intake-20261005/portable/mrd/consumer-0/chain/03-test.stderr.log
7eb3e8cd06995e297af8d74429012079d07684e34a8ca9336e9687982013855a	2215	evidence/consumer-v3/source/m3/migration/intake-20261005/portable/mrd/consumer-0/chain/03-test.stdout.log
7a75b585021996143e4c0f00230f6525100406a7945d1b90d5df7040271ba638	968	evidence/consumer-v3/source/m3/migration/intake-20261005/portable/mrd/consumer-0/chain/04-runtime.json
8a51ee50e949fd199c335b9f25984c3460f99623cc0e518db1e600ab18f39941	18153	evidence/consumer-v3/source/m3/migration/intake-20261005/portable/mrd/consumer-0/chain/04-runtime.stderr.log
ee859ef54bc87aef957acd4a2a1ea3b3ffc8f37e2eac0cd15b118bc77e95b06c	772	evidence/consumer-v3/source/m3/migration/intake-20261005/portable/mrd/consumer-0/chain/04-runtime.stdout.log
f2b9006065fcd269cdd00ad83968c2421242523487ea640941efbd1844c994f1	27015	evidence/consumer-v3/source/m3/migration/intake-20261005/portable/mrd/consumer-0/commands.json
cd037268a3887eaea165d62b4d4e5884c22346f3d8e7d601152faa30f27e66a3	417926	evidence/consumer-v3/source/m3/migration/intake-20261005/portable/mrd/consumer-0/inputs.json
f2eff32d4c60a2c7db588473d04eb841c4d540774f556244cf6fd49c3afb524e	775	evidence/consumer-v3/source/m3/migration/intake-20261005/portable/mrd/consumer-0/junit-report.json
23a66a37f3ad613f92c2eb7f9afaea8b4f5abddd4aed14ba4e522e23828059c1	9993	evidence/consumer-v3/source/m3/migration/intake-20261005/portable/mrd/consumer-0/runtime-1.json
8a51ee50e949fd199c335b9f25984c3460f99623cc0e518db1e600ab18f39941	18153	evidence/consumer-v3/source/m3/migration/intake-20261005/portable/mrd/consumer-0/runtime-1.stderr.log
2d2abe89b69a0cbbd9c84a9ea450ebe4fcaeceb79414596129d94de7111c7d1d	156	evidence/consumer-v3/source/m3/migration/intake-20261005/portable/mrd/consumer-0/runtime-1.stdout.log
84040daf74ccccb83f15745c25d82328ae33836c319827bee61e3b02b909aa06	10102	evidence/consumer-v3/source/m3/migration/intake-20261005/portable/mrd/consumer-0/runtime-2.json
e3b0c44298fc1c149afbf4c8996fb92427ae41e4649b934ca495991b7852b855	0	evidence/consumer-v3/source/m3/migration/intake-20261005/portable/mrd/consumer-0/runtime-2.stderr.log
b542b7fe45167e811ae4d1b91c44e3ded78210697b52d448221cdb6908841805	266	evidence/consumer-v3/source/m3/migration/intake-20261005/portable/mrd/consumer-0/runtime-2.stdout.log
8fd6c90445a3afbb6e028c4b71b69df6fc23d5e3ae084daa6ebce3d157cfacf2	20341	evidence/consumer-v3/source/m3/migration/intake-20261005/portable/mrd/consumer-0/runtime-report.json
45c2c290bee9d46b001691f669ac1401dd5e5faec3e00c8a78bba90ff71bbe0a	19129	evidence/consumer-v3/source/m3/migration/intake-20261005/portable/mrd/consumer-0/staging.json
5426a3364afc66672252ea90754c1dfa82f10369c4260903c4c9bbb36963d6d7	71921	evidence/consumer-v3/source/m3/migration/intake-20261005/portable/mrd/consumer-0/target/surefire-reports/TEST-com.synexia.rewrite.M3ParserDependenciesTest.xml
c0c03c463a2a09f2eb90541fcd9e93b782a96d1087479a78f2439cf38d481383	16599	evidence/consumer-v3/source/m3/migration/intake-20261005/portable/mrd/consumer-0/target/surefire-reports/TEST-com.synexia.rewrite.Mrc4Test.xml
0ad391cb4ee38b875fd079ab023b2f783cf2b4e1349381618e31e072dd05e84b	941	evidence/consumer-v3/source/m3/migration/intake-20261005/portable/mrd/consumer-0/tooling.json
cabb07c15f85501c516c3b67f2c83cf19b2047d7489408cc9f61780214428460	1195	evidence/consumer-v3/source/m3/migration/intake-20261005/portable/mrd/outputs.json
cd55551642f4e513d650cad0f4b798e22a880c7a13e7170d22eb2a7f23234c07	21558	evidence/consumer-v3/source/m3/migration/intake-20261005/portable/mrd/outputs/synexia-openrewrite-recipes/src/main/java/com/synexia/rewrite/M3HashPinnedJavaSnapshotRecipe.java
b4e050f83369539983f6b5bf16c7895eed654737d4bb06182793f639140389d8	744	evidence/consumer-v3/source/m3/migration/intake-20261005/portable/mrd/recipe/PATCH.json
31b7e0ce9fc360555865112e366573bfed3375a542496333cd5e6dcb60e6471d	2739	evidence/consumer-v3/source/m3/migration/intake-20261005/portable/mrd/recipe/RESULT.json
e277accae2fe8235fca0c9d71ec038dfc31c720fb98578d1b76cbabd2f639ef7	3723	evidence/consumer-v3/source/m3/migration/intake-20261005/portable/mrd/recipe/build-artifacts.json
c13bd700f0cc41945efb48d1e45c33c35181202ea87aa6d9e03b14ba6ee5a70b	897	evidence/consumer-v3/source/m3/migration/intake-20261005/portable/mrd/recipe/chain/01-lint.json
e3b0c44298fc1c149afbf4c8996fb92427ae41e4649b934ca495991b7852b855	0	evidence/consumer-v3/source/m3/migration/intake-20261005/portable/mrd/recipe/chain/01-lint.stderr.log
5a05902987213afc6ba9251310eac97ecd6afd7d56c4c1d81c1b0ad11b89aa8b	202	evidence/consumer-v3/source/m3/migration/intake-20261005/portable/mrd/recipe/chain/01-lint.stdout.log
dea2dd4f661283b2b75d86e07c1c05e400e8b0fdc8788f658717d79d9a78bd0f	925	evidence/consumer-v3/source/m3/migration/intake-20261005/portable/mrd/recipe/chain/02-compile.json
e3b0c44298fc1c149afbf4c8996fb92427ae41e4649b934ca495991b7852b855	0	evidence/consumer-v3/source/m3/migration/intake-20261005/portable/mrd/recipe/chain/02-compile.stderr.log
669bf0fe614bbdc8e471fb6ba19c2ee2425aa3149e55f439bd70f8565ac5a5b0	1870	evidence/consumer-v3/source/m3/migration/intake-20261005/portable/mrd/recipe/chain/02-compile.stdout.log
65b836bb2e2611d9869e5f6e4ba64c941fcc7c8d76adfdf776f36b4b5c2120da	942	evidence/consumer-v3/source/m3/migration/intake-20261005/portable/mrd/recipe/chain/03-test.json
e3b0c44298fc1c149afbf4c8996fb92427ae41e4649b934ca495991b7852b855	0	evidence/consumer-v3/source/m3/migration/intake-20261005/portable/mrd/recipe/chain/03-test.stderr.log
b1f8a51b676933e7fb18a92ae18dbf91e03c3899a31b27f80ac3d4bbeeb75472	1712	evidence/consumer-v3/source/m3/migration/intake-20261005/portable/mrd/recipe/chain/03-test.stdout.log
6412baa15c3a5b703b1315ebf5dbbc0839373d165a1b1adbcfb04d71ab0679a3	968	evidence/consumer-v3/source/m3/migration/intake-20261005/portable/mrd/recipe/chain/04-runtime.json
e3b0c44298fc1c149afbf4c8996fb92427ae41e4649b934ca495991b7852b855	0	evidence/consumer-v3/source/m3/migration/intake-20261005/portable/mrd/recipe/chain/04-runtime.stderr.log
5bd1804e0fa98500ebd06a892e347cd2772174b981a6c7d23216d0744024486a	438	evidence/consumer-v3/source/m3/migration/intake-20261005/portable/mrd/recipe/chain/04-runtime.stdout.log
3d942867e091983cb0a36b0f1c5e94d8ef10c919f224e846881ca94218f9741b	15371	evidence/consumer-v3/source/m3/migration/intake-20261005/portable/mrd/recipe/commands.json
0ba6feb74460587ac61002032f2e65da843e5cce14b648841f188ad6191463f1	388567	evidence/consumer-v3/source/m3/migration/intake-20261005/portable/mrd/recipe/inputs.json
9eaddccbd33966ff468247e6069d8044a671978e222ba2691a0fc30c8908e9cc	443	evidence/consumer-v3/source/m3/migration/intake-20261005/portable/mrd/recipe/junit-report.json
f5369f767e19cfc21ed889acfa6d632e2e147db317ff61f72572072052d77efc	1149	evidence/consumer-v3/source/m3/migration/intake-20261005/portable/mrd/recipe/materialization/OUTPUT.json
1135bf4b540baa679e3c280048102c7765d19803fd3809fbf8dd96a292fb03be	10832	evidence/consumer-v3/source/m3/migration/intake-20261005/portable/mrd/recipe/materialization/candidate.patch
3d67950e579cfc780877860458a258f2dcf0bf5eba3aa7d054b8a284791c7889	354	evidence/consumer-v3/source/m3/migration/intake-20261005/portable/mrd/recipe/materialization/manifest.tsv
42c5378e28e359e626b9d34d55357cf6b5355fa4f5a7352707e18849d161f8bc	10101	evidence/consumer-v3/source/m3/migration/intake-20261005/portable/mrd/recipe/runtime-1.json
e3b0c44298fc1c149afbf4c8996fb92427ae41e4649b934ca495991b7852b855	0	evidence/consumer-v3/source/m3/migration/intake-20261005/portable/mrd/recipe/runtime-1.stderr.log
939d344909a60208d8e89bec316fc8e9954da5408e3ea91423e64e8173ed0da2	263	evidence/consumer-v3/source/m3/migration/intake-20261005/portable/mrd/recipe/runtime-1.stdout.log
221455dc69da8016667633bde03a8c88e5801e31aad0e54fc30bad53e4d13b5e	10278	evidence/consumer-v3/source/m3/migration/intake-20261005/portable/mrd/recipe/runtime-report.json
e226da0e459dcf0245fd7917f274b78e94189fdea1e8fe546d14d3e227e3fb8f	5248	evidence/consumer-v3/source/m3/migration/intake-20261005/portable/mrd/recipe/staging.json
df2fa9f44af871985e5ec1bb19973ef126def8de35e2188d618d689e4563a01c	16586	evidence/consumer-v3/source/m3/migration/intake-20261005/portable/mrd/recipe/target/surefire-reports/TEST-com.synexia.rewrite.MrdTest.xml
e9310cfa52d2a440c54bfe1530ff1482da16559f8208dd28212cc960637f8efb	941	evidence/consumer-v3/source/m3/migration/intake-20261005/portable/mrd/recipe/tooling.json
75e169b985f86b85960973c2d10e706e85d4a9bb969c013730d62d87390b0884	746	evidence/consumer-v3/source/m3/migration/intake-20261005/portable/mre2/consumer-0/PATCH.json
ac3a58759bd8dda7d2e437fd2fd1aa3201c30842c4993447dd0987d625fc268e	2740	evidence/consumer-v3/source/m3/migration/intake-20261005/portable/mre2/consumer-0/RESULT.json
fde00eb2386d4a356a1bbae3aca4234d4a09169b7a6ad20660f06750039c1e0c	264094	evidence/consumer-v3/source/m3/migration/intake-20261005/portable/mre2/consumer-0/build-artifacts.json
ff06d4de85f0d13a50fdeb305613ecbd185172af8cdb9dc26ca4cce48d09b221	897	evidence/consumer-v3/source/m3/migration/intake-20261005/portable/mre2/consumer-0/chain/01-lint.json
e3b0c44298fc1c149afbf4c8996fb92427ae41e4649b934ca495991b7852b855	0	evidence/consumer-v3/source/m3/migration/intake-20261005/portable/mre2/consumer-0/chain/01-lint.stderr.log
5a05902987213afc6ba9251310eac97ecd6afd7d56c4c1d81c1b0ad11b89aa8b	202	evidence/consumer-v3/source/m3/migration/intake-20261005/portable/mre2/consumer-0/chain/01-lint.stdout.log
e5200afcc189f59d2c3e42a282c1184b8541e26f15134e1d5ee18e635a74409f	925	evidence/consumer-v3/source/m3/migration/intake-20261005/portable/mre2/consumer-0/chain/02-compile.json
e3b0c44298fc1c149afbf4c8996fb92427ae41e4649b934ca495991b7852b855	0	evidence/consumer-v3/source/m3/migration/intake-20261005/portable/mre2/consumer-0/chain/02-compile.stderr.log
63d9e72bd087b60df8e3437133ffc1135f5dcb8e1d7e9349d78de73797a938cf	1997	evidence/consumer-v3/source/m3/migration/intake-20261005/portable/mre2/consumer-0/chain/02-compile.stdout.log
7b7f35ac107c5c66ee3fd0796e3fe9065c7ebaa2e107cc4de97ec6860918ac81	942	evidence/consumer-v3/source/m3/migration/intake-20261005/portable/mre2/consumer-0/chain/03-test.json
c7d2a47792d8994dd9e62a5260cd018eb24094a1ed1b3826149951dcd5ae6d1b	48746	evidence/consumer-v3/source/m3/migration/intake-20261005/portable/mre2/consumer-0/chain/03-test.stderr.log
c1fc311230fa97476c41bedc18b5f332b7b30927f67c53597f6823eb3870d566	3463	evidence/consumer-v3/source/m3/migration/intake-20261005/portable/mre2/consumer-0/chain/03-test.stdout.log
ebdb7ba35995bbb53c4430bd8d2b38a6f0095f3cff9f548a68b86a1147b1e3dd	968	evidence/consumer-v3/source/m3/migration/intake-20261005/portable/mre2/consumer-0/chain/04-runtime.json
dde478fa015abc976cf4dc45f45f6a955c05c52cdf313a059505f2de41f3160d	12504	evidence/consumer-v3/source/m3/migration/intake-20261005/portable/mre2/consumer-0/chain/04-runtime.stderr.log
0a4c6433a7563ade2e30ee4a8e477701f0d27f1035ed74714a0f6852eb68f7da	801	evidence/consumer-v3/source/m3/migration/intake-20261005/portable/mre2/consumer-0/chain/04-runtime.stdout.log
a7b21b004dd5c794b0c8618c1632914f66b9134d363d37cf4c27fb20cfe7291c	38205	evidence/consumer-v3/source/m3/migration/intake-20261005/portable/mre2/consumer-0/commands.json
e91c6cccd92f628e1d0321c4c8d09b0a87e2e72a39c7c9989bbeff733da77759	602420	evidence/consumer-v3/source/m3/migration/intake-20261005/portable/mre2/consumer-0/inputs.json
258927b32355034a96eb3c387512536329ead8bd4ff482ebdffabba5facedfe9	1519	evidence/consumer-v3/source/m3/migration/intake-20261005/portable/mre2/consumer-0/junit-report.json
0af01b8b44df05818008d1c666f4495849325323f609ac0869510445b8e403ba	9997	evidence/consumer-v3/source/m3/migration/intake-20261005/portable/mre2/consumer-0/runtime-1.json
e3b0c44298fc1c149afbf4c8996fb92427ae41e4649b934ca495991b7852b855	0	evidence/consumer-v3/source/m3/migration/intake-20261005/portable/mre2/consumer-0/runtime-1.stderr.log
360752eaa70beadc967fee69f6e3cf874e916851ba1cae1e722dec847bd75bba	111	evidence/consumer-v3/source/m3/migration/intake-20261005/portable/mre2/consumer-0/runtime-1.stdout.log
f5d234e48fc59d45e0a9cbfb30e9444e34cdf44a29b5ad1c2146667ccd41d1d3	9995	evidence/consumer-v3/source/m3/migration/intake-20261005/portable/mre2/consumer-0/runtime-2.json
dde478fa015abc976cf4dc45f45f6a955c05c52cdf313a059505f2de41f3160d	12504	evidence/consumer-v3/source/m3/migration/intake-20261005/portable/mre2/consumer-0/runtime-2.stderr.log
b128999f52d9f31229735f1828eb679177d122ed21ebaba13057290b43739e20	98	evidence/consumer-v3/source/m3/migration/intake-20261005/portable/mre2/consumer-0/runtime-2.stdout.log
31995f0f3a4823482cfbf7597a988a6b6dd9af3dfbaee09f70fba39c7a1dabef	10000	evidence/consumer-v3/source/m3/migration/intake-20261005/portable/mre2/consumer-0/runtime-3.json
e3b0c44298fc1c149afbf4c8996fb92427ae41e4649b934ca495991b7852b855	0	evidence/consumer-v3/source/m3/migration/intake-20261005/portable/mre2/consumer-0/runtime-3.stderr.log
c0830052966c01b8eb27ebc112d2aa8c43ce066f23ed4972a0ddab024a75e276	67	evidence/consumer-v3/source/m3/migration/intake-20261005/portable/mre2/consumer-0/runtime-3.stdout.log
5dc031315ccd25e1f6bf806ed62985eda459532405c07db771f172d2d165b640	30303	evidence/consumer-v3/source/m3/migration/intake-20261005/portable/mre2/consumer-0/runtime-report.json
63fbbbc66450f5ecf48880c03559b7292e62a52468f3bc777f4e8590829f8262	217474	evidence/consumer-v3/source/m3/migration/intake-20261005/portable/mre2/consumer-0/staging.json
f3cc4675fda6a9b6788c1f95df4894a9e61af58e61bbb797f35176f549b17dff	72941	evidence/consumer-v3/source/m3/migration/intake-20261005/portable/mre2/consumer-0/target/surefire-reports/TEST-com.synexia.rewrite.M3ClosureCompatibilityTest.xml
47510f3681df9f55c486a3e127ecfe9b8eb2236eff9cb894f7996f472a11644f	23248	evidence/consumer-v3/source/m3/migration/intake-20261005/portable/mre2/consumer-0/target/surefire-reports/TEST-com.synexia.rewrite.M3RecipeConvergenceLabControlFlowTest.xml
4387c678877b5e72faed27a12e728863b0088970ba8ac01f66e23b51b8c6a62c	24635	evidence/consumer-v3/source/m3/migration/intake-20261005/portable/mre2/consumer-0/target/surefire-reports/TEST-com.synexia.rewrite.M3RecipeMasteryIsolationTest.xml
17d4037ad9d45dff4d6288a8db4e79142462abc594218b123994428dfb6f064d	22628	evidence/consumer-v3/source/m3/migration/intake-20261005/portable/mre2/consumer-0/target/surefire-reports/TEST-com.synexia.rewrite.M3RecipeMasteryLiveSupersetTest.xml
c7044fc3f9d1759648c118589de2091bfe409602db71a150aec7f594afec2fee	941	evidence/consumer-v3/source/m3/migration/intake-20261005/portable/mre2/consumer-0/tooling.json
32031319fd7a59e7ecd282525981e1e3bf2874a7c6d086ca63ac5002dbbf8a86	735	evidence/consumer-v3/source/m3/migration/intake-20261005/portable/mre2/consumer-1/PATCH.json
adce0fb4251ed4efa2dff2ec0818a0c7d9be585893241d8b7c2fda0a6c919a20	2740	evidence/consumer-v3/source/m3/migration/intake-20261005/portable/mre2/consumer-1/RESULT.json
b85115ed7ffa8ce93bcc58fa5216212040294d33a93b9e322ff448304e0360a4	25339	evidence/consumer-v3/source/m3/migration/intake-20261005/portable/mre2/consumer-1/build-artifacts.json
437aec6e49b1888fbeb9c0df20e4c8559c8bd6370050f8504caab993681f629e	897	evidence/consumer-v3/source/m3/migration/intake-20261005/portable/mre2/consumer-1/chain/01-lint.json
e3b0c44298fc1c149afbf4c8996fb92427ae41e4649b934ca495991b7852b855	0	evidence/consumer-v3/source/m3/migration/intake-20261005/portable/mre2/consumer-1/chain/01-lint.stderr.log
5a05902987213afc6ba9251310eac97ecd6afd7d56c4c1d81c1b0ad11b89aa8b	202	evidence/consumer-v3/source/m3/migration/intake-20261005/portable/mre2/consumer-1/chain/01-lint.stdout.log
4dcfbce6f5beee84f374681944a9f31292f1e5de54454a4f4c5514d56ba9590a	925	evidence/consumer-v3/source/m3/migration/intake-20261005/portable/mre2/consumer-1/chain/02-compile.json
e3b0c44298fc1c149afbf4c8996fb92427ae41e4649b934ca495991b7852b855	0	evidence/consumer-v3/source/m3/migration/intake-20261005/portable/mre2/consumer-1/chain/02-compile.stderr.log
bb41640c661c37cf593b3945c17780c4a5e1d95a1873f0287ebe5d8abdff4701	1821	evidence/consumer-v3/source/m3/migration/intake-20261005/portable/mre2/consumer-1/chain/02-compile.stdout.log
61ac4803a2443552b09dc1586b17275a96353ddbfcbe35fa51a09b40b76c7b5b	942	evidence/consumer-v3/source/m3/migration/intake-20261005/portable/mre2/consumer-1/chain/03-test.json
56fcd7c40a33c7d85107cbe67c4ef8dde09b80d73c6f9f767dacbe12fb379b77	55624	evidence/consumer-v3/source/m3/migration/intake-20261005/portable/mre2/consumer-1/chain/03-test.stderr.log
079aab86d52f19c8e66e0ca3f349f486508adaba1fe42bd085991a7c31ba5d19	3574	evidence/consumer-v3/source/m3/migration/intake-20261005/portable/mre2/consumer-1/chain/03-test.stdout.log
cc1e3e987a1779c4b74642e7919271eac9569af15b6fe741f4bef370ac879651	968	evidence/consumer-v3/source/m3/migration/intake-20261005/portable/mre2/consumer-1/chain/04-runtime.json
cc6a2fa3cf7eab0c26df639b7cabf672e18924eed987269aa186516d2ab3b44c	7974	evidence/consumer-v3/source/m3/migration/intake-20261005/portable/mre2/consumer-1/chain/04-runtime.stderr.log
4159d17b22feaf3bfa945de8ac38bad8cefc785b8fd8a7abfcebad097abb1532	655	evidence/consumer-v3/source/m3/migration/intake-20261005/portable/mre2/consumer-1/chain/04-runtime.stdout.log
5d3116fe295ef6038b4091425852b049c6520c1b6f6b56736910d6a3fc945625	27666	evidence/consumer-v3/source/m3/migration/intake-20261005/portable/mre2/consumer-1/commands.json
3b906207157d2fca3bede9bb51cc5310cb31c1f7b104d7b51a06b6be714d6041	464197	evidence/consumer-v3/source/m3/migration/intake-20261005/portable/mre2/consumer-1/inputs.json
3ca48604dcde53c1f88bf3429b4574fe2eee177fb2d4a8309c57d38f5cebafea	1456	evidence/consumer-v3/source/m3/migration/intake-20261005/portable/mre2/consumer-1/junit-report.json
9cf4228a2ecbfd8695ab03a9870ce4903be570537317d09a3f933bd96f0d73b3	10098	evidence/consumer-v3/source/m3/migration/intake-20261005/portable/mre2/consumer-1/runtime-1.json
e40f2940459bbc269300f8837730ef0727727b34b033feca76b08e5cefd5ec9c	3976	evidence/consumer-v3/source/m3/migration/intake-20261005/portable/mre2/consumer-1/runtime-1.stderr.log
30fa3c33f3cfee61fb188922371d0303ef1f43f4fda7ad9e734c7fa150d2ed85	142	evidence/consumer-v3/source/m3/migration/intake-20261005/portable/mre2/consumer-1/runtime-1.stdout.log
aaa07c9c157f27e6cca61cda2e5a9827caf26d50efbfdf2d982ee31813880853	10101	evidence/consumer-v3/source/m3/migration/intake-20261005/portable/mre2/consumer-1/runtime-2.json
648820c4fc7941c9aae4fb4af8683c4a1ba40abacda34a1d71bd3e6b6dfd9639	3998	evidence/consumer-v3/source/m3/migration/intake-20261005/portable/mre2/consumer-1/runtime-2.stderr.log
f53be2e5312754197381ee5314f4dffb76a5ef4b8715f12777b523ca7d4e0b92	163	evidence/consumer-v3/source/m3/migration/intake-20261005/portable/mre2/consumer-1/runtime-2.stdout.log
b31e20b9ca8f103d88d9c7f029a599190515df7ad238022d8e7ca2f49658086c	20449	evidence/consumer-v3/source/m3/migration/intake-20261005/portable/mre2/consumer-1/runtime-report.json
fecadfe457dbeaea52398829830d061b0ea3be0192bfa3e39a4480eb307ff791	55219	evidence/consumer-v3/source/m3/migration/intake-20261005/portable/mre2/consumer-1/staging.json
aafb48dba65272856b7eb9c9036b581ec77561b49182f60bb8efab3f31f78c32	17004	evidence/consumer-v3/source/m3/migration/intake-20261005/portable/mre2/consumer-1/target/surefire-reports/TEST-com.synexia.rewrite.M3ProviderCallbackSupersetRecipeTest.xml
7dfc2c5ad3695af4ebcaddbed4ce7e1195cf9735e9691ace7335f16cd1dafcf9	36983	evidence/consumer-v3/source/m3/migration/intake-20261005/portable/mre2/consumer-1/target/surefire-reports/TEST-com.synexia.rewrite.M3VersionedProviderSyntaxRepairRecipeTest.xml
2bdaf31f09c23d676a6e1ac288730a83b78a09902d7e4f07c4f917c1afb0955f	35728	evidence/consumer-v3/source/m3/migration/intake-20261005/portable/mre2/consumer-1/target/surefire-reports/TEST-com.synexia.rewrite.PcrTest.xml
13f386d2d11d29a1e7875df4808ab18c3e9c3f8aa0102656f97e914566336366	35584	evidence/consumer-v3/source/m3/migration/intake-20261005/portable/mre2/consumer-1/target/surefire-reports/TEST-com.synexia.rewrite.PcsTest.xml
ddbb325790edab61a3ea52a7622fde812d5dd353bc588f66f6f6fc0fd29b8587	941	evidence/consumer-v3/source/m3/migration/intake-20261005/portable/mre2/consumer-1/tooling.json
e519607f15e882db9b03f9015e6193029e44ede98ee36d7c1a48975eae19aef6	1952	evidence/consumer-v3/source/m3/migration/intake-20261005/portable/mre2/outputs.json
e031938aa72942031cd8506ccf9b93804d3d1f9a03942f7dd3634a65771d08d6	44652	evidence/consumer-v3/source/m3/migration/intake-20261005/portable/mre2/outputs/synexia-openrewrite-recipes/src/main/java/com/synexia/rewrite/M3RecipeMasteryLab.java
540138b6d3f864920bead17b40a3176dd604fb67ef8b3ab13003804ddadf3fa1	1097	evidence/consumer-v3/source/m3/migration/intake-20261005/portable/mre2/outputs/synexia-openrewrite-recipes/src/main/java/com/synexia/rewrite/Pcr.java
08eea2a4fcd779912a44cdbaff6251ff08383d103fba65e081162d26defbf417	27811	evidence/consumer-v3/source/m3/migration/intake-20261005/portable/mre2/outputs/synexia-openrewrite-recipes/src/main/java/com/synexia/rewrite/Pcs.java
8bd3e01e3e072cc4a8a307adf642e69554c6099518b36d773d2d7c982c371f74	739	evidence/consumer-v3/source/m3/migration/intake-20261005/portable/mre2/recipe/PATCH.json
ca973eb099233eef271db4e64ff4c256466ced9cd4cd473064e7d22f08558f33	2739	evidence/consumer-v3/source/m3/migration/intake-20261005/portable/mre2/recipe/RESULT.json
3ee340bb11137edaa51c514685164acaeaed224c3961f5667d1046d0cbd8544e	4676	evidence/consumer-v3/source/m3/migration/intake-20261005/portable/mre2/recipe/build-artifacts.json
89b7355066a6c95120fe22d491bf5abd622f9fdcad0b5d313d71a6ab30f425de	897	evidence/consumer-v3/source/m3/migration/intake-20261005/portable/mre2/recipe/chain/01-lint.json
e3b0c44298fc1c149afbf4c8996fb92427ae41e4649b934ca495991b7852b855	0	evidence/consumer-v3/source/m3/migration/intake-20261005/portable/mre2/recipe/chain/01-lint.stderr.log
5a05902987213afc6ba9251310eac97ecd6afd7d56c4c1d81c1b0ad11b89aa8b	202	evidence/consumer-v3/source/m3/migration/intake-20261005/portable/mre2/recipe/chain/01-lint.stdout.log
9285079750f62da9ef3c0683bbf47d41460d60549113b539e5584f85c724d7b1	925	evidence/consumer-v3/source/m3/migration/intake-20261005/portable/mre2/recipe/chain/02-compile.json
e3b0c44298fc1c149afbf4c8996fb92427ae41e4649b934ca495991b7852b855	0	evidence/consumer-v3/source/m3/migration/intake-20261005/portable/mre2/recipe/chain/02-compile.stderr.log
2159a2f0b6885cb3fdc71f582774b721ce4469e5894e48d84c543f2575e4ba88	1859	evidence/consumer-v3/source/m3/migration/intake-20261005/portable/mre2/recipe/chain/02-compile.stdout.log
0095dba42490fd86c87d400018d0c7bb63285d932fb36c996a8ae21cd5df1782	942	evidence/consumer-v3/source/m3/migration/intake-20261005/portable/mre2/recipe/chain/03-test.json
e3b0c44298fc1c149afbf4c8996fb92427ae41e4649b934ca495991b7852b855	0	evidence/consumer-v3/source/m3/migration/intake-20261005/portable/mre2/recipe/chain/03-test.stderr.log
5d048fa166cb1d223cf14efd96bb74a97980c0fdaac5b38c02d50254b093b239	1709	evidence/consumer-v3/source/m3/migration/intake-20261005/portable/mre2/recipe/chain/03-test.stdout.log
591985254c80ef34343fbb5475cc007853555525b057ed4d7ec3e248d9153889	968	evidence/consumer-v3/source/m3/migration/intake-20261005/portable/mre2/recipe/chain/04-runtime.json
e3b0c44298fc1c149afbf4c8996fb92427ae41e4649b934ca495991b7852b855	0	evidence/consumer-v3/source/m3/migration/intake-20261005/portable/mre2/recipe/chain/04-runtime.stderr.log
d43002c701cb63bd64a0674dd7af4f6932611cebff6e8ac5661c9b0b8e676057	472	evidence/consumer-v3/source/m3/migration/intake-20261005/portable/mre2/recipe/chain/04-runtime.stdout.log
07fc19416ec88332987022cc125c29e70b6abc8d75331a1cae8034a74e3f7197	15621	evidence/consumer-v3/source/m3/migration/intake-20261005/portable/mre2/recipe/commands.json
e62024c184db13c86ff236c2cae2cc7034eee511c9fc28a8609b1115b227d29a	409577	evidence/consumer-v3/source/m3/migration/intake-20261005/portable/mre2/recipe/inputs.json
5b3dd12286345c6d8b1699d08a22985729b4ba8368e546fa1b4b75e966aaeab3	445	evidence/consumer-v3/source/m3/migration/intake-20261005/portable/mre2/recipe/junit-report.json
993166937996a1d8c013baa9c590a720f4a5df10a4fcbc33a4e49bca96dac6e2	1938	evidence/consumer-v3/source/m3/migration/intake-20261005/portable/mre2/recipe/materialization/OUTPUT.json
56ba623b4bf60cfb283405c9813e4a03ea48cc7411b57da2f1fc32ebe0c49265	19751	evidence/consumer-v3/source/m3/migration/intake-20261005/portable/mre2/recipe/materialization/candidate.patch
b5c8fc4f434c6d99d3825ff237566e2565bda17458f42ba7081f3a17f50dfe8e	707	evidence/consumer-v3/source/m3/migration/intake-20261005/portable/mre2/recipe/materialization/manifest.tsv
68d44178009dedca1efcd3570c0759d8da187034d19506f541d884bb2ec57939	10102	evidence/consumer-v3/source/m3/migration/intake-20261005/portable/mre2/recipe/runtime-1.json
e3b0c44298fc1c149afbf4c8996fb92427ae41e4649b934ca495991b7852b855	0	evidence/consumer-v3/source/m3/migration/intake-20261005/portable/mre2/recipe/runtime-1.stderr.log
04a102a002ec485fc6df488e7cb8002550e0a95c2fd862eeaeb8635694025719	297	evidence/consumer-v3/source/m3/migration/intake-20261005/portable/mre2/recipe/runtime-1.stdout.log
444064a6854a24d92765f669ffa2486d41f0ecab979ff395dc50cef94e748d6b	10279	evidence/consumer-v3/source/m3/migration/intake-20261005/portable/mre2/recipe/runtime-report.json
9599e5f2b89c571a8b3e3b1eee3787e114a747b4e995f2a3de944bc77732d335	6627	evidence/consumer-v3/source/m3/migration/intake-20261005/portable/mre2/recipe/staging.json
6ea73be9e2e36de48937093b270fe63501fdf4a67cf8a2c3cc5f850543d75da9	16592	evidence/consumer-v3/source/m3/migration/intake-20261005/portable/mre2/recipe/target/surefire-reports/TEST-com.synexia.rewrite.Mre2Test.xml
6b1a00aa209b9f5dc9bd2e274df109624a4977c86c6e5fc4469839f451e5e88b	941	evidence/consumer-v3/source/m3/migration/intake-20261005/portable/mre2/recipe/tooling.json
67850514173184e0ef86f31c7e4f1b1fa20f19d64afd61c50494ec3ea298d2c2	745	evidence/consumer-v3/source/m3/migration/intake-20261005/portable/mrp/consumer-0/PATCH.json
9ac3f2db501508383bc80aa2c8e0e983aa2e814d10a6bc3de241613b756ff5dc	2748	evidence/consumer-v3/source/m3/migration/intake-20261005/portable/mrp/consumer-0/RESULT.json
db2ec4560898d27399fd80944bdb87038695e222a50aeb2b2c514e59b9e499d7	84194	evidence/consumer-v3/source/m3/migration/intake-20261005/portable/mrp/consumer-0/build-artifacts.json
4e036668b97be96243ca80c5196f24587e3e4889cb4c4ea049ae8b827edd28ae	911	evidence/consumer-v3/source/m3/migration/intake-20261005/portable/mrp/consumer-0/chain/01-lint.json
e3b0c44298fc1c149afbf4c8996fb92427ae41e4649b934ca495991b7852b855	0	evidence/consumer-v3/source/m3/migration/intake-20261005/portable/mrp/consumer-0/chain/01-lint.stderr.log
5a05902987213afc6ba9251310eac97ecd6afd7d56c4c1d81c1b0ad11b89aa8b	202	evidence/consumer-v3/source/m3/migration/intake-20261005/portable/mrp/consumer-0/chain/01-lint.stdout.log
1ca395a0dd86de19c72ac658b17e0cd41a561b17e4ff0fccc0c06507c9b27da1	939	evidence/consumer-v3/source/m3/migration/intake-20261005/portable/mrp/consumer-0/chain/02-compile.json
e3b0c44298fc1c149afbf4c8996fb92427ae41e4649b934ca495991b7852b855	0	evidence/consumer-v3/source/m3/migration/intake-20261005/portable/mrp/consumer-0/chain/02-compile.stderr.log
ee1330abf815172c6bf18ddd0f840672e8d134f369f0f6211f308a1babccf1d6	1992	evidence/consumer-v3/source/m3/migration/intake-20261005/portable/mrp/consumer-0/chain/02-compile.stdout.log
fce390121838d9586533b1194d063ebc0f98ee0fe738ffd81c9114c40ee1fbb0	956	evidence/consumer-v3/source/m3/migration/intake-20261005/portable/mrp/consumer-0/chain/03-test.json
e3b0c44298fc1c149afbf4c8996fb92427ae41e4649b934ca495991b7852b855	0	evidence/consumer-v3/source/m3/migration/intake-20261005/portable/mrp/consumer-0/chain/03-test.stderr.log
308ad6e5f0dc446e7848b91c96966a2a949f9fd771587482a76bc3fe685d8b30	20604	evidence/consumer-v3/source/m3/migration/intake-20261005/portable/mrp/consumer-0/chain/03-test.stdout.log
fafdef585514ff0ccbfc112fda40f702a5df4ef1940db4cd84d79051376feba2	982	evidence/consumer-v3/source/m3/migration/intake-20261005/portable/mrp/consumer-0/chain/04-runtime.json
e3b0c44298fc1c149afbf4c8996fb92427ae41e4649b934ca495991b7852b855	0	evidence/consumer-v3/source/m3/migration/intake-20261005/portable/mrp/consumer-0/chain/04-runtime.stderr.log
e90ec66a5512982dd7e56c75fccd6d941cfb28f97eb9a58a11d4254a19090aa5	1982	evidence/consumer-v3/source/m3/migration/intake-20261005/portable/mrp/consumer-0/chain/04-runtime.stdout.log
ddeccbf94fcf62d93390e1a70a746f5f882d045f17cf24c75c194207bcc96194	148511	evidence/consumer-v3/source/m3/migration/intake-20261005/portable/mrp/consumer-0/commands.json
db7c75e2b559f254b9c10adb6d5da1b6e3781155c49fb6efc4b1bae3b1330268	637800	evidence/consumer-v3/source/m3/migration/intake-20261005/portable/mrp/consumer-0/inputs.json
cc7586509b6cb3f455aa0b748456adf3585747ffed202f5274ad038b76b8c632	13151	evidence/consumer-v3/source/m3/migration/intake-20261005/portable/mrp/consumer-0/junit-report.json
33d5484589fd25abc7cf3ec7a3d49558d0c6e19f69a9b7e6d4c4abb49b32a532	10015	evidence/consumer-v3/source/m3/migration/intake-20261005/portable/mrp/consumer-0/runtime-1.json
e3b0c44298fc1c149afbf4c8996fb92427ae41e4649b934ca495991b7852b855	0	evidence/consumer-v3/source/m3/migration/intake-20261005/portable/mrp/consumer-0/runtime-1.stderr.log
a544406e23539412af9df6ca16f53c47508f74c7511b076685c8b917e8d3b45b	128	evidence/consumer-v3/source/m3/migration/intake-20261005/portable/mrp/consumer-0/runtime-1.stdout.log
4751a83dfac9b75b4e90cf1bda9df8a883da257be544755f2a44e9399175fb27	10013	evidence/consumer-v3/source/m3/migration/intake-20261005/portable/mrp/consumer-0/runtime-2.json
e3b0c44298fc1c149afbf4c8996fb92427ae41e4649b934ca495991b7852b855	0	evidence/consumer-v3/source/m3/migration/intake-20261005/portable/mrp/consumer-0/runtime-2.stderr.log
a72a3e35c41aa9851d251d9cacb0cb0f9606050df45c01ea9cb45ffd03e9e8d0	96	evidence/consumer-v3/source/m3/migration/intake-20261005/portable/mrp/consumer-0/runtime-2.stdout.log
451b5c0d261c2cad18018623fb8ea7d32d73921020976f63ba6877655a063a0a	9994	evidence/consumer-v3/source/m3/migration/intake-20261005/portable/mrp/consumer-0/runtime-3.json
e3b0c44298fc1c149afbf4c8996fb92427ae41e4649b934ca495991b7852b855	0	evidence/consumer-v3/source/m3/migration/intake-20261005/portable/mrp/consumer-0/runtime-3.stderr.log
eb1182587ff197433a10f2143be45a4e63d429ff53eb9ebba1c5685dfd8cc61a	20	evidence/consumer-v3/source/m3/migration/intake-20261005/portable/mrp/consumer-0/runtime-3.stdout.log
58701ad6b0ce9069e9c0b00744af9fc7dca6d3dffc16166a048a97624b7b59cd	10018	evidence/consumer-v3/source/m3/migration/intake-20261005/portable/mrp/consumer-0/runtime-4.json
e3b0c44298fc1c149afbf4c8996fb92427ae41e4649b934ca495991b7852b855	0	evidence/consumer-v3/source/m3/migration/intake-20261005/portable/mrp/consumer-0/runtime-4.stderr.log
90f9c6c84ea7670025068ee88716f84259220b7fe8665a42f8b7bd00c15c9b37	120	evidence/consumer-v3/source/m3/migration/intake-20261005/portable/mrp/consumer-0/runtime-4.stdout.log
7cba6bdebb630995a94b2d7bc64da627069daf99107da84e24702163e8f33c0e	10015	evidence/consumer-v3/source/m3/migration/intake-20261005/portable/mrp/consumer-0/runtime-5.json
e3b0c44298fc1c149afbf4c8996fb92427ae41e4649b934ca495991b7852b855	0	evidence/consumer-v3/source/m3/migration/intake-20261005/portable/mrp/consumer-0/runtime-5.stderr.log
8d1f96dc9e0e4189db563fc46b83c06d081a1399604c449e66c86c3f3a701f60	32	evidence/consumer-v3/source/m3/migration/intake-20261005/portable/mrp/consumer-0/runtime-5.stdout.log
3e31c6769ad60570623c5367ee6254fcd6779a5d8b484384f3db433a65b58b39	10024	evidence/consumer-v3/source/m3/migration/intake-20261005/portable/mrp/consumer-0/runtime-6.json
e3b0c44298fc1c149afbf4c8996fb92427ae41e4649b934ca495991b7852b855	0	evidence/consumer-v3/source/m3/migration/intake-20261005/portable/mrp/consumer-0/runtime-6.stderr.log
7a1176273c85da0f4c83f8b20eaf51442a1ddb7710524d08ab01a0a194edafe9	22	evidence/consumer-v3/source/m3/migration/intake-20261005/portable/mrp/consumer-0/runtime-6.stdout.log
ca330ff7e7632cf52091a899750b7f51465de5ad7df051b9ca108f8da3e385be	10000	evidence/consumer-v3/source/m3/migration/intake-20261005/portable/mrp/consumer-0/runtime-7.json
e3b0c44298fc1c149afbf4c8996fb92427ae41e4649b934ca495991b7852b855	0	evidence/consumer-v3/source/m3/migration/intake-20261005/portable/mrp/consumer-0/runtime-7.stderr.log
9f12a7cab28a322978805312ca92e7bf18b5a55dfffe4b39000ae0931b6bd844	37	evidence/consumer-v3/source/m3/migration/intake-20261005/portable/mrp/consumer-0/runtime-7.stdout.log
0bed32ec1851d2f59177ad79100005f4434f4ce30372ec98f6294c7a40149e3c	9999	evidence/consumer-v3/source/m3/migration/intake-20261005/portable/mrp/consumer-0/runtime-8.json
e3b0c44298fc1c149afbf4c8996fb92427ae41e4649b934ca495991b7852b855	0	evidence/consumer-v3/source/m3/migration/intake-20261005/portable/mrp/consumer-0/runtime-8.stderr.log
5ced5f8c0f83bfccd44d5d05231373bfc1fc4efc01a18c04ae6a933f4b728ec1	127	evidence/consumer-v3/source/m3/migration/intake-20261005/portable/mrp/consumer-0/runtime-8.stdout.log
80926900fbef24090adf6dbfeeb9dacd8e32cb12b20f3fc706a836617e3f6e79	80734	evidence/consumer-v3/source/m3/migration/intake-20261005/portable/mrp/consumer-0/runtime-report.json
32f371df5045a5b03f3a00f98df701312bda43d0c72727a99dd41c946759a8a5	125921	evidence/consumer-v3/source/m3/migration/intake-20261005/portable/mrp/consumer-0/staging.json
07e0a4d7af92b5f27f79ff4c350534d334d34ec4de72f72478ab0f661b27d1f7	8434	evidence/consumer-v3/source/m3/migration/intake-20261005/portable/mrp/consumer-0/target/surefire-reports/TEST-com.synexia.primitives.AdvancedAlgorithmShapesTest.xml
f1040d672acc646c44b6f058e26d75d2ca0c947c5bcac0e1b4c313df343799f3	8693	evidence/consumer-v3/source/m3/migration/intake-20261005/portable/mrp/consumer-0/target/surefire-reports/TEST-com.synexia.primitives.BoundedProviderRowsFailureAdmissionTest.xml
00ff33ba6e57ec5ad4c42a2d64f76b45494af1518808167e7d5de220e0b74d7c	8654	evidence/consumer-v3/source/m3/migration/intake-20261005/portable/mrp/consumer-0/target/surefire-reports/TEST-com.synexia.primitives.BulkPrimitiveRowProviderTest.xml
e30b7e69714e8cf11da797d691133e0c72a351f704c1d0e7c35b5c337c3d74f1	8513	evidence/consumer-v3/source/m3/migration/intake-20261005/portable/mrp/consumer-0/target/surefire-reports/TEST-com.synexia.primitives.CollectionContractsTest.xml
e1189f86eb318a8f8b51375f74ffb62c30c9aef35712f01d277ad976da7e7b23	8008	evidence/consumer-v3/source/m3/migration/intake-20261005/portable/mrp/consumer-0/target/surefire-reports/TEST-com.synexia.primitives.CollectionSupersetCountsTest.xml
6b694af2c8c7f73b36383c9f841837ab4e674e94a0564271ea70edb6f374ddad	7874	evidence/consumer-v3/source/m3/migration/intake-20261005/portable/mrp/consumer-0/target/surefire-reports/TEST-com.synexia.primitives.DenseCollectionsTest.xml
fa54f899764b8d05de1e3cbb5617fcb9f4a27321a11279fdec3db3e34d05dfb9	7897	evidence/consumer-v3/source/m3/migration/intake-20261005/portable/mrp/consumer-0/target/surefire-reports/TEST-com.synexia.primitives.ExactWidthCollectionsTest.xml
92d2c6b8b80095b38072e69dc75ebe85ef8fc47383dc10822c41225ba8ed1390	7916	evidence/consumer-v3/source/m3/migration/intake-20261005/portable/mrp/consumer-0/target/surefire-reports/TEST-com.synexia.primitives.ExtendedPrimitiveCollectionsTest.xml
6860839610eacfcf1c61e73fa371408558cd8e7feda89cb0ba645b6d2e15fafe	7896	evidence/consumer-v3/source/m3/migration/intake-20261005/portable/mrp/consumer-0/target/surefire-reports/TEST-com.synexia.primitives.FossCollectionDonorTest.xml
2179f5ff73ea67e2e36c66a90d6835a72503afed46bfa5cebdccec9344a44f28	7899	evidence/consumer-v3/source/m3/migration/intake-20261005/portable/mrp/consumer-0/target/surefire-reports/TEST-com.synexia.primitives.FossSemanticClosureTest.xml
fef7815fa49acf9aa23bcbffe46f6bd94632283de78408aae49fa737b755c907	8814	evidence/consumer-v3/source/m3/migration/intake-20261005/portable/mrp/consumer-0/target/surefire-reports/TEST-com.synexia.primitives.FuzzyAlgorithmFactoryTest.xml
22b94124ad094f6de8ecac97bb28f92f93cc65a344d76637f10ed4b1cf311fbf	8915	evidence/consumer-v3/source/m3/migration/intake-20261005/portable/mrp/consumer-0/target/surefire-reports/TEST-com.synexia.primitives.FuzzyAlgorithmFactoryWave2Test.xml
ee63ee6034baa816749bedbba548070b0e47d40bb55b99a776c0930617e1514c	9178	evidence/consumer-v3/source/m3/migration/intake-20261005/portable/mrp/consumer-0/target/surefire-reports/TEST-com.synexia.primitives.FuzzyStructureFactoryTest.xml
4eaa8b0cdf60f5bb28a431445bce70fb9ecb9b13ef51492aca73950a82a8cdeb	8707	evidence/consumer-v3/source/m3/migration/intake-20261005/portable/mrp/consumer-0/target/surefire-reports/TEST-com.synexia.primitives.LazySegmentedStorageTest.xml
1d3a127d4735440dd7f2f8b6b83d096a35178d8dc3de46d18b66002990a432ed	8428	evidence/consumer-v3/source/m3/migration/intake-20261005/portable/mrp/consumer-0/target/surefire-reports/TEST-com.synexia.primitives.LeanCollectionFactoryTest.xml
d39c14f1079b409ed8d5d555996c8357b9ab0911d72a5c8d606e88693e44b680	7908	evidence/consumer-v3/source/m3/migration/intake-20261005/portable/mrp/consumer-0/target/surefire-reports/TEST-com.synexia.primitives.MarkerPatternCollectionsTest.xml
1e6c0712c3a1a8f41daf097f534e2e8944f5167b3e9add933591aa6dc6c960f3	7756	evidence/consumer-v3/source/m3/migration/intake-20261005/portable/mrp/consumer-0/target/surefire-reports/TEST-com.synexia.primitives.MrpFactoryTest.xml
dec59d03d3e623296bb58fc2e86401197e8c9fb534cf7d55c61378292e6c2f78	8206	evidence/consumer-v3/source/m3/migration/intake-20261005/portable/mrp/consumer-0/target/surefire-reports/TEST-com.synexia.primitives.MrpIntentTest.xml
3a192397e3d2283e72c5256f86187505efb345d7f2d2763b6813cdb6785afef0	8699	evidence/consumer-v3/source/m3/migration/intake-20261005/portable/mrp/consumer-0/target/surefire-reports/TEST-com.synexia.primitives.ObjectCounterZeroMetadataRepairTest.xml
a4f6ff561875aef121d150d1790f51cd8d58473c89af894654545d10c0b18d57	10692	evidence/consumer-v3/source/m3/migration/intake-20261005/portable/mrp/consumer-0/target/surefire-reports/TEST-com.synexia.primitives.PcsTest.xml
d63931cb91ffba4673d9e498b26e61249c7eb183ebab40be1a2f0e703b7daecb	7914	evidence/consumer-v3/source/m3/migration/intake-20261005/portable/mrp/consumer-0/target/surefire-reports/TEST-com.synexia.primitives.PrimitiveCollectionSupersetTest.xml
78fab6131bf4a46806b20e4939843e9fc0e7e2931daf8023fffdb5cb9b71a576	7906	evidence/consumer-v3/source/m3/migration/intake-20261005/portable/mrp/consumer-0/target/surefire-reports/TEST-com.synexia.primitives.PrimitiveMpmcConcurrencyTest.xml
8268e9679af7864afd4b87068ce289802f164f6eda1b718937fad0de0e577779	8141	evidence/consumer-v3/source/m3/migration/intake-20261005/portable/mrp/consumer-0/target/surefire-reports/TEST-com.synexia.primitives.PrimitiveTouchObserverTest.xml
b14c42b91b1b7e812d6fca011859d9cf593a8ae4ffc08ee8353d4231ddc7c0e5	8280	evidence/consumer-v3/source/m3/migration/intake-20261005/portable/mrp/consumer-0/target/surefire-reports/TEST-com.synexia.primitives.ProviderBackedPrimitiveListTest.xml
f9e878b812f26301f91324a7fcfdeca73e33e3d704f831b37f4457b46d839b5e	8325	evidence/consumer-v3/source/m3/migration/intake-20261005/portable/mrp/consumer-0/target/surefire-reports/TEST-com.synexia.primitives.ProviderBackedPrimitiveLongTreeTest.xml
904775ea28dcf9a4c3e5c561dd8c5036e4e814458f21f93d3596acb11f22f5f1	8417	evidence/consumer-v3/source/m3/migration/intake-20261005/portable/mrp/consumer-0/target/surefire-reports/TEST-com.synexia.primitives.ProviderBackedPrimitiveRowsTest.xml
efc9493ec80f51df51e8cc2c2cbe80e81df53ce851c5d9684fccb8e953b75a1e	8976	evidence/consumer-v3/source/m3/migration/intake-20261005/portable/mrp/consumer-0/target/surefire-reports/TEST-com.synexia.primitives.ProviderBackedPrimitiveTreeSupersetTest.xml
fcecd8d810f9c6767604ea0e74e55491e108636376fe770a5e4c71a7c4c89ba0	8583	evidence/consumer-v3/source/m3/migration/intake-20261005/portable/mrp/consumer-0/target/surefire-reports/TEST-com.synexia.primitives.ProviderBackedPrimitiveTreeTest.xml
7f3567ab8ea65e5369682de1a524fb069f56255a665d89e3049865fd9c78a3c6	10500	evidence/consumer-v3/source/m3/migration/intake-20261005/portable/mrp/consumer-0/target/surefire-reports/TEST-com.synexia.primitives.ProviderCallbackSafetyTest.xml
50a27934222696b1a96ed79502837c215957bbbf74d3898063d64ee2e1fd7c15	8159	evidence/consumer-v3/source/m3/migration/intake-20261005/portable/mrp/consumer-0/target/surefire-reports/TEST-com.synexia.primitives.ProviderCallbackSupersetTest.xml
0fb6acc548dbc7778a340bc416066909cf465a89f4c8dd12ee5fced41fccde9c	8904	evidence/consumer-v3/source/m3/migration/intake-20261005/portable/mrp/consumer-0/target/surefire-reports/TEST-com.synexia.primitives.ProviderResidencySupersetTest.xml
970a14337597c864b0a50528fec487670817840aee73510afc0bbf0e3cee9aa3	8618	evidence/consumer-v3/source/m3/migration/intake-20261005/portable/mrp/consumer-0/target/surefire-reports/TEST-com.synexia.primitives.ProviderResidencyVersionedTreeTest.xml
689e1029b52d65d0d7f3cfe3ebd59734313240072bacf4d7e38b801bd317c672	7983	evidence/consumer-v3/source/m3/migration/intake-20261005/portable/mrp/consumer-0/target/surefire-reports/TEST-com.synexia.primitives.ProviderSerializationCompatibilityTest.xml
8aa409e27aad083416245adf875c9b7fef5f46c090ea853ddb99a3386116c118	7884	evidence/consumer-v3/source/m3/migration/intake-20261005/portable/mrp/consumer-0/target/surefire-reports/TEST-com.synexia.primitives.PurposeCollectionsTest.xml
d01ed7fac24e7de61105cdc3f23a1af00f48ab29d181afc157c3f28af0d0c311	9011	evidence/consumer-v3/source/m3/migration/intake-20261005/portable/mrp/consumer-0/target/surefire-reports/TEST-com.synexia.primitives.RecoveredSeriousAlgorithmShapesTest.xml
1328987e8e176be8977c76e814e004ac218c65435eda9a8a8483534540cb9851	8003	evidence/consumer-v3/source/m3/migration/intake-20261005/portable/mrp/consumer-0/target/surefire-reports/TEST-com.synexia.primitives.TouchAwarePrimitiveRowProviderTest.xml
0920e7ff2e63816f0552091b8177e666f9a5886e1f406653906347c22475fb6e	8196	evidence/consumer-v3/source/m3/migration/intake-20261005/portable/mrp/consumer-0/target/surefire-reports/TEST-com.synexia.primitives.VersionedProviderLookupCounterTest.xml
0847ae086a0efedda785da8abac3cb93faa1c6b19a73ef3608052b016bd7d12d	8822	evidence/consumer-v3/source/m3/migration/intake-20261005/portable/mrp/consumer-0/target/surefire-reports/TEST-com.synexia.primitives.ZeroMetadataHashTest.xml
f17508a5818dd59ae7c4482136f05860510180d38529caf6d1ca781f7ad279ef	948	evidence/consumer-v3/source/m3/migration/intake-20261005/portable/mrp/consumer-0/tooling.json
6bfe1aaaf01492abf6e2bccafa939bf093538ba0c6a6d064a3cf8ab1c594cbe8	2436	evidence/consumer-v3/source/m3/migration/intake-20261005/portable/mrp/outputs.json
7b13870db69e4fb85822e069abd68a9f541e6494f6a925c803058e00c0ab8580	20419	evidence/consumer-v3/source/m3/migration/intake-20261005/portable/mrp/outputs/synexia-primitives/src/main/java/com/synexia/primitives/DenseCollections.java
6ed7a073965d2b8552447e33b046d19f2a01db931b2cd345699b1722c365f040	28261	evidence/consumer-v3/source/m3/migration/intake-20261005/portable/mrp/outputs/synexia-primitives/src/main/java/com/synexia/primitives/FuzzyStructureFactory.java
8cdda3b1f66d8c8b17b87566634717a85d2a00d54543b43cfa863a21fb044aa4	8406	evidence/consumer-v3/source/m3/migration/intake-20261005/portable/mrp/outputs/synexia-primitives/src/test/java/com/synexia/primitives/AdvancedAlgorithmShapesTest.java
09b2b504982bf30a6ddd4ea502ffa6d9d0096658df7ca30c8e728136452943d8	10643	evidence/consumer-v3/source/m3/migration/intake-20261005/portable/mrp/outputs/synexia-primitives/src/test/java/com/synexia/primitives/ProviderBackedPrimitiveTreeSupersetTest.java
e8673fead650f8e640434234c3581e8a3030a1246f31f05c2705237e33ec7735	752	evidence/consumer-v3/source/m3/migration/intake-20261005/portable/mrp/recipe/PATCH.json
605bd51ded9733cc2bdffaec01fff584997d1a4b0551cb80f1f5cb70142263e5	2739	evidence/consumer-v3/source/m3/migration/intake-20261005/portable/mrp/recipe/RESULT.json
91bf36deb0cf556fdc324d0dc9bd178c8b2b42c10530b45074beb603a06e63fa	7858	evidence/consumer-v3/source/m3/migration/intake-20261005/portable/mrp/recipe/build-artifacts.json
a824d9753c7d2294ee6b72515d216d7aa06fd47d31c8d9d3faeb69d3b4ec45c8	897	evidence/consumer-v3/source/m3/migration/intake-20261005/portable/mrp/recipe/chain/01-lint.json
e3b0c44298fc1c149afbf4c8996fb92427ae41e4649b934ca495991b7852b855	0	evidence/consumer-v3/source/m3/migration/intake-20261005/portable/mrp/recipe/chain/01-lint.stderr.log
5a05902987213afc6ba9251310eac97ecd6afd7d56c4c1d81c1b0ad11b89aa8b	202	evidence/consumer-v3/source/m3/migration/intake-20261005/portable/mrp/recipe/chain/01-lint.stdout.log
9fcafc3c09db88ae768857015b8518788010f066cb728c1e535f9d087998813a	925	evidence/consumer-v3/source/m3/migration/intake-20261005/portable/mrp/recipe/chain/02-compile.json
e3b0c44298fc1c149afbf4c8996fb92427ae41e4649b934ca495991b7852b855	0	evidence/consumer-v3/source/m3/migration/intake-20261005/portable/mrp/recipe/chain/02-compile.stderr.log
ed7aad05480bedd15244860c18f0ffe87c9f6b5194885f5c81d65df16ff36f74	2099	evidence/consumer-v3/source/m3/migration/intake-20261005/portable/mrp/recipe/chain/02-compile.stdout.log
835036528a37b8939a33a7a4f7c4c2609fdd85593b84643f2be618503bdaf696	942	evidence/consumer-v3/source/m3/migration/intake-20261005/portable/mrp/recipe/chain/03-test.json
e3b0c44298fc1c149afbf4c8996fb92427ae41e4649b934ca495991b7852b855	0	evidence/consumer-v3/source/m3/migration/intake-20261005/portable/mrp/recipe/chain/03-test.stderr.log
fc60aa50b60befeae5e23f9775596627ee2d19efabdace71514d038afa546512	2115	evidence/consumer-v3/source/m3/migration/intake-20261005/portable/mrp/recipe/chain/03-test.stdout.log
799bbb0b968af8a0eb64e2a077269f13e9f720208955d9fd3386911d8667ffef	968	evidence/consumer-v3/source/m3/migration/intake-20261005/portable/mrp/recipe/chain/04-runtime.json
e3b0c44298fc1c149afbf4c8996fb92427ae41e4649b934ca495991b7852b855	0	evidence/consumer-v3/source/m3/migration/intake-20261005/portable/mrp/recipe/chain/04-runtime.stderr.log
d37a7a3a89306ca6ab9beb6d6dac800be68950c7651ee06af66d81d2bed345bb	878	evidence/consumer-v3/source/m3/migration/intake-20261005/portable/mrp/recipe/chain/04-runtime.stdout.log
a35c20f12c6c8f699f2a93ab901614b887b2a7c34e331d859b8c981e47530a41	25913	evidence/consumer-v3/source/m3/migration/intake-20261005/portable/mrp/recipe/commands.json
7863fde471468628b153174b82f7fabfeeddbb01dc8d01026aa6fd5394a1ff67	425141	evidence/consumer-v3/source/m3/migration/intake-20261005/portable/mrp/recipe/inputs.json
6b21a28b33fa78f67abfc0010c878cc46030faabfefa023c59c56fb41cf949f1	740	evidence/consumer-v3/source/m3/migration/intake-20261005/portable/mrp/recipe/junit-report.json
e20501e6fa400e4ebadfc52146e03aaeeb64839a99c47970f85d2fb9f0c3f639	2425	evidence/consumer-v3/source/m3/migration/intake-20261005/portable/mrp/recipe/materialization/OUTPUT.json
c66bf321695a7eb2db93693492e2732e8039e7982f5be7b138002368407ac5dd	8613	evidence/consumer-v3/source/m3/migration/intake-20261005/portable/mrp/recipe/materialization/candidate.patch
876d3655e26360dee60286298e4815f75f261ae78ab2577d581531e54df6c8f1	1115	evidence/consumer-v3/source/m3/migration/intake-20261005/portable/mrp/recipe/materialization/manifest.tsv
34283dd4cf2f5f6e6ab02ea2b888fd1a22571a1be9ff0a8fba3a7a65b3e312ad	10098	evidence/consumer-v3/source/m3/migration/intake-20261005/portable/mrp/recipe/runtime-1.json
e3b0c44298fc1c149afbf4c8996fb92427ae41e4649b934ca495991b7852b855	0	evidence/consumer-v3/source/m3/migration/intake-20261005/portable/mrp/recipe/runtime-1.stderr.log
39a66178febb6b3be41fd6e474366d56e29253b6976cddbffec3530e7b2afd67	263	evidence/consumer-v3/source/m3/migration/intake-20261005/portable/mrp/recipe/runtime-1.stdout.log
270f1358a9f48cd9f3e01e5649c44a22859e44b31f9a9d4cc9998dcb22e6e18d	10102	evidence/consumer-v3/source/m3/migration/intake-20261005/portable/mrp/recipe/runtime-2.json
e3b0c44298fc1c149afbf4c8996fb92427ae41e4649b934ca495991b7852b855	0	evidence/consumer-v3/source/m3/migration/intake-20261005/portable/mrp/recipe/runtime-2.stderr.log
88ea80133c056eb47224a4bef75bc5232ced791b4c261c5af5c68640c45f92b8	265	evidence/consumer-v3/source/m3/migration/intake-20261005/portable/mrp/recipe/runtime-2.stdout.log
fc8f294d3079afd082cd53b741d5952d348820baa09ffa9b52d8f2873cb5efc8	20450	evidence/consumer-v3/source/m3/migration/intake-20261005/portable/mrp/recipe/runtime-report.json
872acbed479de4fb7741b453f351d0ab0895a41b3cb076ef2e438a84a4a2c4a2	12744	evidence/consumer-v3/source/m3/migration/intake-20261005/portable/mrp/recipe/staging.json
1019af4dddc1f44f9a28339efc824459c0211071200ae773aa7085f25604f6b0	16593	evidence/consumer-v3/source/m3/migration/intake-20261005/portable/mrp/recipe/target/surefire-reports/TEST-com.synexia.rewrite.Mrp2Test.xml
4589abc9f18aa40fb58e7a105057cd7d85917e18cb117d6778625df61be500d9	16589	evidence/consumer-v3/source/m3/migration/intake-20261005/portable/mrp/recipe/target/surefire-reports/TEST-com.synexia.rewrite.MrpTest.xml
1524b99609654774333ab92e07c67e0117c7662492638f00b8ce360375423c58	941	evidence/consumer-v3/source/m3/migration/intake-20261005/portable/mrp/recipe/tooling.json
109173cb43fd91e084415284083d0d0ff92a1039a0b21216b7336c0a2c3dcf2e	91316	evidence/consumer-v3/source/m3/migration/intake-20261005/portable/packet.json
9934f8c5cdc0190c27928d492131b729b986efadfb6409030ceb315e2dc8ac79	738	evidence/consumer-v3/source/m3/migration/intake-20261005/portable/pcr/consumer-0/PATCH.json
f66c2e921d399f4d64957a868f692943bec9410fa311afcc70df278896e3265a	2743	evidence/consumer-v3/source/m3/migration/intake-20261005/portable/pcr/consumer-0/RESULT.json
4043b7838faf6c079c6bb76f9f74036c7ff8b03c8f33c7f84785325d04ece3a2	8536	evidence/consumer-v3/source/m3/migration/intake-20261005/portable/pcr/consumer-0/build-artifacts.json
50d0179eea4de7eb3acde66fc20f7aea6f48d5dcdaaae45b2c2156461db0183a	903	evidence/consumer-v3/source/m3/migration/intake-20261005/portable/pcr/consumer-0/chain/01-lint.json
e3b0c44298fc1c149afbf4c8996fb92427ae41e4649b934ca495991b7852b855	0	evidence/consumer-v3/source/m3/migration/intake-20261005/portable/pcr/consumer-0/chain/01-lint.stderr.log
5a05902987213afc6ba9251310eac97ecd6afd7d56c4c1d81c1b0ad11b89aa8b	202	evidence/consumer-v3/source/m3/migration/intake-20261005/portable/pcr/consumer-0/chain/01-lint.stdout.log
4150634028ef2df3bbfe78c1cc7acf616fc909a9525262332ded199a7898545d	931	evidence/consumer-v3/source/m3/migration/intake-20261005/portable/pcr/consumer-0/chain/02-compile.json
e3b0c44298fc1c149afbf4c8996fb92427ae41e4649b934ca495991b7852b855	0	evidence/consumer-v3/source/m3/migration/intake-20261005/portable/pcr/consumer-0/chain/02-compile.stderr.log
582397d4acf83a2088a4ef301f3f652f207c9ebfec53524aa796df8eeb573ddf	1953	evidence/consumer-v3/source/m3/migration/intake-20261005/portable/pcr/consumer-0/chain/02-compile.stdout.log
32272090c319b49d844bc37417969cb6d168bfb6252b1791a38d5988b6dd5190	948	evidence/consumer-v3/source/m3/migration/intake-20261005/portable/pcr/consumer-0/chain/03-test.json
e3b0c44298fc1c149afbf4c8996fb92427ae41e4649b934ca495991b7852b855	0	evidence/consumer-v3/source/m3/migration/intake-20261005/portable/pcr/consumer-0/chain/03-test.stderr.log
3019e10ebfe82d113d2b791472a96a834ab4aff2a1e27a401e44549b23fd2072	2552	evidence/consumer-v3/source/m3/migration/intake-20261005/portable/pcr/consumer-0/chain/03-test.stdout.log
69a30ee3446101605e276236798b15a43eaa38637e2fc471fff0e55c154cc784	974	evidence/consumer-v3/source/m3/migration/intake-20261005/portable/pcr/consumer-0/chain/04-runtime.json
e3b0c44298fc1c149afbf4c8996fb92427ae41e4649b934ca495991b7852b855	0	evidence/consumer-v3/source/m3/migration/intake-20261005/portable/pcr/consumer-0/chain/04-runtime.stderr.log
95dd5c3b2002df5babf1fddcb2a70447dbbb8c7392241b64fde1f48f8c66c1b4	576	evidence/consumer-v3/source/m3/migration/intake-20261005/portable/pcr/consumer-0/chain/04-runtime.stdout.log
059324a8d84811367affc17f27b954d0ed7b98e22c59b1dfc2d8cca47d29446b	31015	evidence/consumer-v3/source/m3/migration/intake-20261005/portable/pcr/consumer-0/commands.json
db6df0c40cddf31a7f3fe72ce1d6b238d2b0f4368ce217a88d4dc99376fc0098	526518	evidence/consumer-v3/source/m3/migration/intake-20261005/portable/pcr/consumer-0/inputs.json
c64ea2406708f47d7490f7ca0a59664207593439eece2f80b7c1aafbb124c3cc	870	evidence/consumer-v3/source/m3/migration/intake-20261005/portable/pcr/consumer-0/junit-report.json
44bcf6ed9239f7425751ca4fa66b340fab7424d6f183fe455fe7f2fcab401b80	10015	evidence/consumer-v3/source/m3/migration/intake-20261005/portable/pcr/consumer-0/runtime-1.json
e3b0c44298fc1c149afbf4c8996fb92427ae41e4649b934ca495991b7852b855	0	evidence/consumer-v3/source/m3/migration/intake-20261005/portable/pcr/consumer-0/runtime-1.stderr.log
051fcb55eb335e25b6d568382101580694fc02502f536ed6e4906ceaabb3e158	192	evidence/consumer-v3/source/m3/migration/intake-20261005/portable/pcr/consumer-0/runtime-1.stdout.log
f5f103d1e653d407250c1b2798003277a92e925fac7cbff9dbdaea188d808be7	10018	evidence/consumer-v3/source/m3/migration/intake-20261005/portable/pcr/consumer-0/runtime-2.json
e3b0c44298fc1c149afbf4c8996fb92427ae41e4649b934ca495991b7852b855	0	evidence/consumer-v3/source/m3/migration/intake-20261005/portable/pcr/consumer-0/runtime-2.stderr.log
0c23a5897701ea6d0a3aab58d8a927684a746e1f461ad5c61e2690206fcdeabf	34	evidence/consumer-v3/source/m3/migration/intake-20261005/portable/pcr/consumer-0/runtime-2.stdout.log
d3aab3804014a004b86ca25bd31bd85e2bb9d63b67db29e44608c70189b6f10f	20275	evidence/consumer-v3/source/m3/migration/intake-20261005/portable/pcr/consumer-0/runtime-report.json
6389fce6b9ad386342519aecebb201cb0adc4bcb5b355feb2bad9e3950b00989	14079	evidence/consumer-v3/source/m3/migration/intake-20261005/portable/pcr/consumer-0/staging.json
71dbefe03a8d4ea81b46c26978a651e45609b91a2d3204817da3daea4de92a8d	9733	evidence/consumer-v3/source/m3/migration/intake-20261005/portable/pcr/consumer-0/target/surefire-reports/TEST-com.synexia.common.collections.jdk.PackedLazyCallbackSafetyTest.xml
af7a29dc2917b23f682454ec63fc0b37bcf85dee2e2e7dac2b0196e070a1d441	7981	evidence/consumer-v3/source/m3/migration/intake-20261005/portable/pcr/consumer-0/target/surefire-reports/TEST-com.synexia.common.collections.jdk.PackedLazyTreeMapTest.xml
0069b0e58de5e4c30162d16a9a53cfd0b290162c5129840397f1dc20ba671795	944	evidence/consumer-v3/source/m3/migration/intake-20261005/portable/pcr/consumer-0/tooling.json
67850514173184e0ef86f31c7e4f1b1fa20f19d64afd61c50494ec3ea298d2c2	745	evidence/consumer-v3/source/m3/migration/intake-20261005/portable/pcr/consumer-1/PATCH.json
9ac3f2db501508383bc80aa2c8e0e983aa2e814d10a6bc3de241613b756ff5dc	2748	evidence/consumer-v3/source/m3/migration/intake-20261005/portable/pcr/consumer-1/RESULT.json
db2ec4560898d27399fd80944bdb87038695e222a50aeb2b2c514e59b9e499d7	84194	evidence/consumer-v3/source/m3/migration/intake-20261005/portable/pcr/consumer-1/build-artifacts.json
4e036668b97be96243ca80c5196f24587e3e4889cb4c4ea049ae8b827edd28ae	911	evidence/consumer-v3/source/m3/migration/intake-20261005/portable/pcr/consumer-1/chain/01-lint.json
e3b0c44298fc1c149afbf4c8996fb92427ae41e4649b934ca495991b7852b855	0	evidence/consumer-v3/source/m3/migration/intake-20261005/portable/pcr/consumer-1/chain/01-lint.stderr.log
5a05902987213afc6ba9251310eac97ecd6afd7d56c4c1d81c1b0ad11b89aa8b	202	evidence/consumer-v3/source/m3/migration/intake-20261005/portable/pcr/consumer-1/chain/01-lint.stdout.log
1ca395a0dd86de19c72ac658b17e0cd41a561b17e4ff0fccc0c06507c9b27da1	939	evidence/consumer-v3/source/m3/migration/intake-20261005/portable/pcr/consumer-1/chain/02-compile.json
e3b0c44298fc1c149afbf4c8996fb92427ae41e4649b934ca495991b7852b855	0	evidence/consumer-v3/source/m3/migration/intake-20261005/portable/pcr/consumer-1/chain/02-compile.stderr.log
ee1330abf815172c6bf18ddd0f840672e8d134f369f0f6211f308a1babccf1d6	1992	evidence/consumer-v3/source/m3/migration/intake-20261005/portable/pcr/consumer-1/chain/02-compile.stdout.log
fce390121838d9586533b1194d063ebc0f98ee0fe738ffd81c9114c40ee1fbb0	956	evidence/consumer-v3/source/m3/migration/intake-20261005/portable/pcr/consumer-1/chain/03-test.json
e3b0c44298fc1c149afbf4c8996fb92427ae41e4649b934ca495991b7852b855	0	evidence/consumer-v3/source/m3/migration/intake-20261005/portable/pcr/consumer-1/chain/03-test.stderr.log
308ad6e5f0dc446e7848b91c96966a2a949f9fd771587482a76bc3fe685d8b30	20604	evidence/consumer-v3/source/m3/migration/intake-20261005/portable/pcr/consumer-1/chain/03-test.stdout.log
fafdef585514ff0ccbfc112fda40f702a5df4ef1940db4cd84d79051376feba2	982	evidence/consumer-v3/source/m3/migration/intake-20261005/portable/pcr/consumer-1/chain/04-runtime.json
e3b0c44298fc1c149afbf4c8996fb92427ae41e4649b934ca495991b7852b855	0	evidence/consumer-v3/source/m3/migration/intake-20261005/portable/pcr/consumer-1/chain/04-runtime.stderr.log
e90ec66a5512982dd7e56c75fccd6d941cfb28f97eb9a58a11d4254a19090aa5	1982	evidence/consumer-v3/source/m3/migration/intake-20261005/portable/pcr/consumer-1/chain/04-runtime.stdout.log
ddeccbf94fcf62d93390e1a70a746f5f882d045f17cf24c75c194207bcc96194	148511	evidence/consumer-v3/source/m3/migration/intake-20261005/portable/pcr/consumer-1/commands.json
db7c75e2b559f254b9c10adb6d5da1b6e3781155c49fb6efc4b1bae3b1330268	637800	evidence/consumer-v3/source/m3/migration/intake-20261005/portable/pcr/consumer-1/inputs.json
cc7586509b6cb3f455aa0b748456adf3585747ffed202f5274ad038b76b8c632	13151	evidence/consumer-v3/source/m3/migration/intake-20261005/portable/pcr/consumer-1/junit-report.json
33d5484589fd25abc7cf3ec7a3d49558d0c6e19f69a9b7e6d4c4abb49b32a532	10015	evidence/consumer-v3/source/m3/migration/intake-20261005/portable/pcr/consumer-1/runtime-1.json
e3b0c44298fc1c149afbf4c8996fb92427ae41e4649b934ca495991b7852b855	0	evidence/consumer-v3/source/m3/migration/intake-20261005/portable/pcr/consumer-1/runtime-1.stderr.log
a544406e23539412af9df6ca16f53c47508f74c7511b076685c8b917e8d3b45b	128	evidence/consumer-v3/source/m3/migration/intake-20261005/portable/pcr/consumer-1/runtime-1.stdout.log
4751a83dfac9b75b4e90cf1bda9df8a883da257be544755f2a44e9399175fb27	10013	evidence/consumer-v3/source/m3/migration/intake-20261005/portable/pcr/consumer-1/runtime-2.json
e3b0c44298fc1c149afbf4c8996fb92427ae41e4649b934ca495991b7852b855	0	evidence/consumer-v3/source/m3/migration/intake-20261005/portable/pcr/consumer-1/runtime-2.stderr.log
a72a3e35c41aa9851d251d9cacb0cb0f9606050df45c01ea9cb45ffd03e9e8d0	96	evidence/consumer-v3/source/m3/migration/intake-20261005/portable/pcr/consumer-1/runtime-2.stdout.log
451b5c0d261c2cad18018623fb8ea7d32d73921020976f63ba6877655a063a0a	9994	evidence/consumer-v3/source/m3/migration/intake-20261005/portable/pcr/consumer-1/runtime-3.json
e3b0c44298fc1c149afbf4c8996fb92427ae41e4649b934ca495991b7852b855	0	evidence/consumer-v3/source/m3/migration/intake-20261005/portable/pcr/consumer-1/runtime-3.stderr.log
eb1182587ff197433a10f2143be45a4e63d429ff53eb9ebba1c5685dfd8cc61a	20	evidence/consumer-v3/source/m3/migration/intake-20261005/portable/pcr/consumer-1/runtime-3.stdout.log
58701ad6b0ce9069e9c0b00744af9fc7dca6d3dffc16166a048a97624b7b59cd	10018	evidence/consumer-v3/source/m3/migration/intake-20261005/portable/pcr/consumer-1/runtime-4.json
e3b0c44298fc1c149afbf4c8996fb92427ae41e4649b934ca495991b7852b855	0	evidence/consumer-v3/source/m3/migration/intake-20261005/portable/pcr/consumer-1/runtime-4.stderr.log
90f9c6c84ea7670025068ee88716f84259220b7fe8665a42f8b7bd00c15c9b37	120	evidence/consumer-v3/source/m3/migration/intake-20261005/portable/pcr/consumer-1/runtime-4.stdout.log
7cba6bdebb630995a94b2d7bc64da627069daf99107da84e24702163e8f33c0e	10015	evidence/consumer-v3/source/m3/migration/intake-20261005/portable/pcr/consumer-1/runtime-5.json
e3b0c44298fc1c149afbf4c8996fb92427ae41e4649b934ca495991b7852b855	0	evidence/consumer-v3/source/m3/migration/intake-20261005/portable/pcr/consumer-1/runtime-5.stderr.log
8d1f96dc9e0e4189db563fc46b83c06d081a1399604c449e66c86c3f3a701f60	32	evidence/consumer-v3/source/m3/migration/intake-20261005/portable/pcr/consumer-1/runtime-5.stdout.log
3e31c6769ad60570623c5367ee6254fcd6779a5d8b484384f3db433a65b58b39	10024	evidence/consumer-v3/source/m3/migration/intake-20261005/portable/pcr/consumer-1/runtime-6.json
e3b0c44298fc1c149afbf4c8996fb92427ae41e4649b934ca495991b7852b855	0	evidence/consumer-v3/source/m3/migration/intake-20261005/portable/pcr/consumer-1/runtime-6.stderr.log
7a1176273c85da0f4c83f8b20eaf51442a1ddb7710524d08ab01a0a194edafe9	22	evidence/consumer-v3/source/m3/migration/intake-20261005/portable/pcr/consumer-1/runtime-6.stdout.log
ca330ff7e7632cf52091a899750b7f51465de5ad7df051b9ca108f8da3e385be	10000	evidence/consumer-v3/source/m3/migration/intake-20261005/portable/pcr/consumer-1/runtime-7.json
e3b0c44298fc1c149afbf4c8996fb92427ae41e4649b934ca495991b7852b855	0	evidence/consumer-v3/source/m3/migration/intake-20261005/portable/pcr/consumer-1/runtime-7.stderr.log
9f12a7cab28a322978805312ca92e7bf18b5a55dfffe4b39000ae0931b6bd844	37	evidence/consumer-v3/source/m3/migration/intake-20261005/portable/pcr/consumer-1/runtime-7.stdout.log
0bed32ec1851d2f59177ad79100005f4434f4ce30372ec98f6294c7a40149e3c	9999	evidence/consumer-v3/source/m3/migration/intake-20261005/portable/pcr/consumer-1/runtime-8.json
e3b0c44298fc1c149afbf4c8996fb92427ae41e4649b934ca495991b7852b855	0	evidence/consumer-v3/source/m3/migration/intake-20261005/portable/pcr/consumer-1/runtime-8.stderr.log
5ced5f8c0f83bfccd44d5d05231373bfc1fc4efc01a18c04ae6a933f4b728ec1	127	evidence/consumer-v3/source/m3/migration/intake-20261005/portable/pcr/consumer-1/runtime-8.stdout.log
80926900fbef24090adf6dbfeeb9dacd8e32cb12b20f3fc706a836617e3f6e79	80734	evidence/consumer-v3/source/m3/migration/intake-20261005/portable/pcr/consumer-1/runtime-report.json
32f371df5045a5b03f3a00f98df701312bda43d0c72727a99dd41c946759a8a5	125921	evidence/consumer-v3/source/m3/migration/intake-20261005/portable/pcr/consumer-1/staging.json
07e0a4d7af92b5f27f79ff4c350534d334d34ec4de72f72478ab0f661b27d1f7	8434	evidence/consumer-v3/source/m3/migration/intake-20261005/portable/pcr/consumer-1/target/surefire-reports/TEST-com.synexia.primitives.AdvancedAlgorithmShapesTest.xml
f1040d672acc646c44b6f058e26d75d2ca0c947c5bcac0e1b4c313df343799f3	8693	evidence/consumer-v3/source/m3/migration/intake-20261005/portable/pcr/consumer-1/target/surefire-reports/TEST-com.synexia.primitives.BoundedProviderRowsFailureAdmissionTest.xml
00ff33ba6e57ec5ad4c42a2d64f76b45494af1518808167e7d5de220e0b74d7c	8654	evidence/consumer-v3/source/m3/migration/intake-20261005/portable/pcr/consumer-1/target/surefire-reports/TEST-com.synexia.primitives.BulkPrimitiveRowProviderTest.xml
e30b7e69714e8cf11da797d691133e0c72a351f704c1d0e7c35b5c337c3d74f1	8513	evidence/consumer-v3/source/m3/migration/intake-20261005/portable/pcr/consumer-1/target/surefire-reports/TEST-com.synexia.primitives.CollectionContractsTest.xml
e1189f86eb318a8f8b51375f74ffb62c30c9aef35712f01d277ad976da7e7b23	8008	evidence/consumer-v3/source/m3/migration/intake-20261005/portable/pcr/consumer-1/target/surefire-reports/TEST-com.synexia.primitives.CollectionSupersetCountsTest.xml
6b694af2c8c7f73b36383c9f841837ab4e674e94a0564271ea70edb6f374ddad	7874	evidence/consumer-v3/source/m3/migration/intake-20261005/portable/pcr/consumer-1/target/surefire-reports/TEST-com.synexia.primitives.DenseCollectionsTest.xml
fa54f899764b8d05de1e3cbb5617fcb9f4a27321a11279fdec3db3e34d05dfb9	7897	evidence/consumer-v3/source/m3/migration/intake-20261005/portable/pcr/consumer-1/target/surefire-reports/TEST-com.synexia.primitives.ExactWidthCollectionsTest.xml
92d2c6b8b80095b38072e69dc75ebe85ef8fc47383dc10822c41225ba8ed1390	7916	evidence/consumer-v3/source/m3/migration/intake-20261005/portable/pcr/consumer-1/target/surefire-reports/TEST-com.synexia.primitives.ExtendedPrimitiveCollectionsTest.xml
6860839610eacfcf1c61e73fa371408558cd8e7feda89cb0ba645b6d2e15fafe	7896	evidence/consumer-v3/source/m3/migration/intake-20261005/portable/pcr/consumer-1/target/surefire-reports/TEST-com.synexia.primitives.FossCollectionDonorTest.xml
2179f5ff73ea67e2e36c66a90d6835a72503afed46bfa5cebdccec9344a44f28	7899	evidence/consumer-v3/source/m3/migration/intake-20261005/portable/pcr/consumer-1/target/surefire-reports/TEST-com.synexia.primitives.FossSemanticClosureTest.xml
fef7815fa49acf9aa23bcbffe46f6bd94632283de78408aae49fa737b755c907	8814	evidence/consumer-v3/source/m3/migration/intake-20261005/portable/pcr/consumer-1/target/surefire-reports/TEST-com.synexia.primitives.FuzzyAlgorithmFactoryTest.xml
22b94124ad094f6de8ecac97bb28f92f93cc65a344d76637f10ed4b1cf311fbf	8915	evidence/consumer-v3/source/m3/migration/intake-20261005/portable/pcr/consumer-1/target/surefire-reports/TEST-com.synexia.primitives.FuzzyAlgorithmFactoryWave2Test.xml
ee63ee6034baa816749bedbba548070b0e47d40bb55b99a776c0930617e1514c	9178	evidence/consumer-v3/source/m3/migration/intake-20261005/portable/pcr/consumer-1/target/surefire-reports/TEST-com.synexia.primitives.FuzzyStructureFactoryTest.xml
4eaa8b0cdf60f5bb28a431445bce70fb9ecb9b13ef51492aca73950a82a8cdeb	8707	evidence/consumer-v3/source/m3/migration/intake-20261005/portable/pcr/consumer-1/target/surefire-reports/TEST-com.synexia.primitives.LazySegmentedStorageTest.xml
1d3a127d4735440dd7f2f8b6b83d096a35178d8dc3de46d18b66002990a432ed	8428	evidence/consumer-v3/source/m3/migration/intake-20261005/portable/pcr/consumer-1/target/surefire-reports/TEST-com.synexia.primitives.LeanCollectionFactoryTest.xml
d39c14f1079b409ed8d5d555996c8357b9ab0911d72a5c8d606e88693e44b680	7908	evidence/consumer-v3/source/m3/migration/intake-20261005/portable/pcr/consumer-1/target/surefire-reports/TEST-com.synexia.primitives.MarkerPatternCollectionsTest.xml
1e6c0712c3a1a8f41daf097f534e2e8944f5167b3e9add933591aa6dc6c960f3	7756	evidence/consumer-v3/source/m3/migration/intake-20261005/portable/pcr/consumer-1/target/surefire-reports/TEST-com.synexia.primitives.MrpFactoryTest.xml
dec59d03d3e623296bb58fc2e86401197e8c9fb534cf7d55c61378292e6c2f78	8206	evidence/consumer-v3/source/m3/migration/intake-20261005/portable/pcr/consumer-1/target/surefire-reports/TEST-com.synexia.primitives.MrpIntentTest.xml
3a192397e3d2283e72c5256f86187505efb345d7f2d2763b6813cdb6785afef0	8699	evidence/consumer-v3/source/m3/migration/intake-20261005/portable/pcr/consumer-1/target/surefire-reports/TEST-com.synexia.primitives.ObjectCounterZeroMetadataRepairTest.xml
a4f6ff561875aef121d150d1790f51cd8d58473c89af894654545d10c0b18d57	10692	evidence/consumer-v3/source/m3/migration/intake-20261005/portable/pcr/consumer-1/target/surefire-reports/TEST-com.synexia.primitives.PcsTest.xml
d63931cb91ffba4673d9e498b26e61249c7eb183ebab40be1a2f0e703b7daecb	7914	evidence/consumer-v3/source/m3/migration/intake-20261005/portable/pcr/consumer-1/target/surefire-reports/TEST-com.synexia.primitives.PrimitiveCollectionSupersetTest.xml
78fab6131bf4a46806b20e4939843e9fc0e7e2931daf8023fffdb5cb9b71a576	7906	evidence/consumer-v3/source/m3/migration/intake-20261005/portable/pcr/consumer-1/target/surefire-reports/TEST-com.synexia.primitives.PrimitiveMpmcConcurrencyTest.xml
8268e9679af7864afd4b87068ce289802f164f6eda1b718937fad0de0e577779	8141	evidence/consumer-v3/source/m3/migration/intake-20261005/portable/pcr/consumer-1/target/surefire-reports/TEST-com.synexia.primitives.PrimitiveTouchObserverTest.xml
b14c42b91b1b7e812d6fca011859d9cf593a8ae4ffc08ee8353d4231ddc7c0e5	8280	evidence/consumer-v3/source/m3/migration/intake-20261005/portable/pcr/consumer-1/target/surefire-reports/TEST-com.synexia.primitives.ProviderBackedPrimitiveListTest.xml
f9e878b812f26301f91324a7fcfdeca73e33e3d704f831b37f4457b46d839b5e	8325	evidence/consumer-v3/source/m3/migration/intake-20261005/portable/pcr/consumer-1/target/surefire-reports/TEST-com.synexia.primitives.ProviderBackedPrimitiveLongTreeTest.xml
904775ea28dcf9a4c3e5c561dd8c5036e4e814458f21f93d3596acb11f22f5f1	8417	evidence/consumer-v3/source/m3/migration/intake-20261005/portable/pcr/consumer-1/target/surefire-reports/TEST-com.synexia.primitives.ProviderBackedPrimitiveRowsTest.xml
efc9493ec80f51df51e8cc2c2cbe80e81df53ce851c5d9684fccb8e953b75a1e	8976	evidence/consumer-v3/source/m3/migration/intake-20261005/portable/pcr/consumer-1/target/surefire-reports/TEST-com.synexia.primitives.ProviderBackedPrimitiveTreeSupersetTest.xml
fcecd8d810f9c6767604ea0e74e55491e108636376fe770a5e4c71a7c4c89ba0	8583	evidence/consumer-v3/source/m3/migration/intake-20261005/portable/pcr/consumer-1/target/surefire-reports/TEST-com.synexia.primitives.ProviderBackedPrimitiveTreeTest.xml
7f3567ab8ea65e5369682de1a524fb069f56255a665d89e3049865fd9c78a3c6	10500	evidence/consumer-v3/source/m3/migration/intake-20261005/portable/pcr/consumer-1/target/surefire-reports/TEST-com.synexia.primitives.ProviderCallbackSafetyTest.xml
50a27934222696b1a96ed79502837c215957bbbf74d3898063d64ee2e1fd7c15	8159	evidence/consumer-v3/source/m3/migration/intake-20261005/portable/pcr/consumer-1/target/surefire-reports/TEST-com.synexia.primitives.ProviderCallbackSupersetTest.xml
0fb6acc548dbc7778a340bc416066909cf465a89f4c8dd12ee5fced41fccde9c	8904	evidence/consumer-v3/source/m3/migration/intake-20261005/portable/pcr/consumer-1/target/surefire-reports/TEST-com.synexia.primitives.ProviderResidencySupersetTest.xml
970a14337597c864b0a50528fec487670817840aee73510afc0bbf0e3cee9aa3	8618	evidence/consumer-v3/source/m3/migration/intake-20261005/portable/pcr/consumer-1/target/surefire-reports/TEST-com.synexia.primitives.ProviderResidencyVersionedTreeTest.xml
689e1029b52d65d0d7f3cfe3ebd59734313240072bacf4d7e38b801bd317c672	7983	evidence/consumer-v3/source/m3/migration/intake-20261005/portable/pcr/consumer-1/target/surefire-reports/TEST-com.synexia.primitives.ProviderSerializationCompatibilityTest.xml
8aa409e27aad083416245adf875c9b7fef5f46c090ea853ddb99a3386116c118	7884	evidence/consumer-v3/source/m3/migration/intake-20261005/portable/pcr/consumer-1/target/surefire-reports/TEST-com.synexia.primitives.PurposeCollectionsTest.xml
d01ed7fac24e7de61105cdc3f23a1af00f48ab29d181afc157c3f28af0d0c311	9011	evidence/consumer-v3/source/m3/migration/intake-20261005/portable/pcr/consumer-1/target/surefire-reports/TEST-com.synexia.primitives.RecoveredSeriousAlgorithmShapesTest.xml
1328987e8e176be8977c76e814e004ac218c65435eda9a8a8483534540cb9851	8003	evidence/consumer-v3/source/m3/migration/intake-20261005/portable/pcr/consumer-1/target/surefire-reports/TEST-com.synexia.primitives.TouchAwarePrimitiveRowProviderTest.xml
0920e7ff2e63816f0552091b8177e666f9a5886e1f406653906347c22475fb6e	8196	evidence/consumer-v3/source/m3/migration/intake-20261005/portable/pcr/consumer-1/target/surefire-reports/TEST-com.synexia.primitives.VersionedProviderLookupCounterTest.xml
0847ae086a0efedda785da8abac3cb93faa1c6b19a73ef3608052b016bd7d12d	8822	evidence/consumer-v3/source/m3/migration/intake-20261005/portable/pcr/consumer-1/target/surefire-reports/TEST-com.synexia.primitives.ZeroMetadataHashTest.xml
f17508a5818dd59ae7c4482136f05860510180d38529caf6d1ca781f7ad279ef	948	evidence/consumer-v3/source/m3/migration/intake-20261005/portable/pcr/consumer-1/tooling.json
5a6211430e935fb53f9a2e8a593a4feb42468f9dcfc55024c312adf3dd03b9d3	8968	evidence/consumer-v3/source/m3/migration/intake-20261005/portable/pcr/outputs.json
bce1d43153ff314030eaf27f93108105a3f876e7364d71fe3a4c4f2883db99d0	10611	evidence/consumer-v3/source/m3/migration/intake-20261005/portable/pcr/outputs/synexia-common/src/main/java/com/synexia/common/collections/jdk/PackedLazyValueState.java
34ae724febc38948d095222f403e5b4a351ab08cc3ea0e129c56bb012744255c	29216	evidence/consumer-v3/source/m3/migration/intake-20261005/portable/pcr/outputs/synexia-common/src/test/java/com/synexia/common/collections/jdk/PackedLazyCallbackSafetyTest.java
7e239cc9f87b05b39db1e0cddd81dc842ab07f8df5d49e20a585867becce0979	18419	evidence/consumer-v3/source/m3/migration/intake-20261005/portable/pcr/outputs/synexia-common/src/test/java/com/synexia/common/collections/jdk/PackedLazyTreeMapSelfTest.java
137e7c9b741ef312c419a15f905d1f22cd40b30f6a13d65592883aa884c7170d	9557	evidence/consumer-v3/source/m3/migration/intake-20261005/portable/pcr/outputs/synexia-primitives/src/main/java/com/synexia/primitives/BoundedProviderBackedPrimitiveLongTree.java
c790a117f18812c6ab4106b867fc2d2962255763a29d1d3bcf2cd209962a1d37	11605	evidence/consumer-v3/source/m3/migration/intake-20261005/portable/pcr/outputs/synexia-primitives/src/main/java/com/synexia/primitives/BoundedProviderBackedPrimitiveRows.java
66929697ffc39003a1fa1d015975a6a03fbba20531bbc17b5f535bc8f08cf2f4	12996	evidence/consumer-v3/source/m3/migration/intake-20261005/portable/pcr/outputs/synexia-primitives/src/main/java/com/synexia/primitives/BoundedProviderBackedPrimitiveTree.java
aaa96b03ad1ac7115ec4f012526939d5e12d1bcb4cc5f4fa4c3f25d02f5656d2	10480	evidence/consumer-v3/source/m3/migration/intake-20261005/portable/pcr/outputs/synexia-primitives/src/main/java/com/synexia/primitives/BoundedVersionedProviderBackedPrimitiveLongTree.java
21fa5ac34877acf45336e1a7efa82966e097fd4ab1f62ae9f54b4ee3ad4f56e0	3410	evidence/consumer-v3/source/m3/migration/intake-20261005/portable/pcr/outputs/synexia-primitives/src/main/java/com/synexia/primitives/ObjectCounterMap.java
8d5e8c505158bc60e41dcda5a16d468c293aa11948d0e3c93d6500634c0e345d	20592	evidence/consumer-v3/source/m3/migration/intake-20261005/portable/pcr/outputs/synexia-primitives/src/main/java/com/synexia/primitives/ProviderBackedPrimitiveRows.java
2ca650f68fd0450a2886ae303b0b91eafdffe326464abf8ae5a1d669a78a5adb	8252	evidence/consumer-v3/source/m3/migration/intake-20261005/portable/pcr/outputs/synexia-primitives/src/main/java/com/synexia/primitives/VersionedProviderBackedPrimitiveLongTree.java
d96abf1b94b58467a158cf6985012fa9e3b4c5dbedfe724f85881af6b3ab6b3f	15329	evidence/consumer-v3/source/m3/migration/intake-20261005/portable/pcr/outputs/synexia-primitives/src/test/java/com/synexia/primitives/BoundedProviderRowsFailureAdmissionTest.java
13499edabbaa9f69e28da6bd1e0f985ce502a7de91abd4f1845b26af0b491a26	14617	evidence/consumer-v3/source/m3/migration/intake-20261005/portable/pcr/outputs/synexia-primitives/src/test/java/com/synexia/primitives/BulkPrimitiveRowProviderTest.java
64f95e0c5cc521ffe0f4dbf5f591ef8affa5233a1d88c8df5446b9a449cbf8fe	12305	evidence/consumer-v3/source/m3/migration/intake-20261005/portable/pcr/outputs/synexia-primitives/src/test/java/com/synexia/primitives/ExactWidthCollectionsSelfTest.java
f7272d4ca18106de32c03bf52ae7894f6e08a0f8dca12e0883830596d5048401	7342	evidence/consumer-v3/source/m3/migration/intake-20261005/portable/pcr/outputs/synexia-primitives/src/test/java/com/synexia/primitives/ObjectCounterZeroMetadataRepairTest.java
4fa7b2ca8086982bfc6e47d7ab2af8bac8537a2f245f70bc2bf06f3bb2c62940	68319	evidence/consumer-v3/source/m3/migration/intake-20261005/portable/pcr/outputs/synexia-primitives/src/test/java/com/synexia/primitives/PcsProbe.java
012ce8ac2d50bcfedaaff2ac9604b589b58b5b9e8b018ae524906bba965aaa9c	3748	evidence/consumer-v3/source/m3/migration/intake-20261005/portable/pcr/outputs/synexia-primitives/src/test/java/com/synexia/primitives/PcsTest.java
08bdfe2a0cedf372b4b765765297358dcc4fddb88282a8bb391024bc881d3a57	6342	evidence/consumer-v3/source/m3/migration/intake-20261005/portable/pcr/outputs/synexia-primitives/src/test/java/com/synexia/primitives/ProviderCallbackSupersetProbe.java
035b67874278adae7381d61c12eb368312573928d3ded5a35dfa40b2915ef79f	10205	evidence/consumer-v3/source/m3/migration/intake-20261005/portable/pcr/outputs/synexia-primitives/src/test/java/com/synexia/primitives/ProviderCallbackSupersetTest.java
f10da50534f059a422106021392cdb21e86172a9bbc025431024fe86e68d5b84	12353	evidence/consumer-v3/source/m3/migration/intake-20261005/portable/pcr/outputs/synexia-primitives/src/test/java/com/synexia/primitives/ProviderResidencySupersetTest.java
78b23ce5fbc6d941b829577498b017f19dfa7c65a5767cdfdad55d0e34cf8edf	6138	evidence/consumer-v3/source/m3/migration/intake-20261005/portable/pcr/outputs/synexia-primitives/src/test/java/com/synexia/primitives/VersionedProviderLookupCounterTest.java
32031319fd7a59e7ecd282525981e1e3bf2874a7c6d086ca63ac5002dbbf8a86	735	evidence/consumer-v3/source/m3/migration/intake-20261005/portable/pcr/recipe/PATCH.json
adce0fb4251ed4efa2dff2ec0818a0c7d9be585893241d8b7c2fda0a6c919a20	2740	evidence/consumer-v3/source/m3/migration/intake-20261005/portable/pcr/recipe/RESULT.json
b85115ed7ffa8ce93bcc58fa5216212040294d33a93b9e322ff448304e0360a4	25339	evidence/consumer-v3/source/m3/migration/intake-20261005/portable/pcr/recipe/build-artifacts.json
437aec6e49b1888fbeb9c0df20e4c8559c8bd6370050f8504caab993681f629e	897	evidence/consumer-v3/source/m3/migration/intake-20261005/portable/pcr/recipe/chain/01-lint.json
e3b0c44298fc1c149afbf4c8996fb92427ae41e4649b934ca495991b7852b855	0	evidence/consumer-v3/source/m3/migration/intake-20261005/portable/pcr/recipe/chain/01-lint.stderr.log
5a05902987213afc6ba9251310eac97ecd6afd7d56c4c1d81c1b0ad11b89aa8b	202	evidence/consumer-v3/source/m3/migration/intake-20261005/portable/pcr/recipe/chain/01-lint.stdout.log
4dcfbce6f5beee84f374681944a9f31292f1e5de54454a4f4c5514d56ba9590a	925	evidence/consumer-v3/source/m3/migration/intake-20261005/portable/pcr/recipe/chain/02-compile.json
e3b0c44298fc1c149afbf4c8996fb92427ae41e4649b934ca495991b7852b855	0	evidence/consumer-v3/source/m3/migration/intake-20261005/portable/pcr/recipe/chain/02-compile.stderr.log
bb41640c661c37cf593b3945c17780c4a5e1d95a1873f0287ebe5d8abdff4701	1821	evidence/consumer-v3/source/m3/migration/intake-20261005/portable/pcr/recipe/chain/02-compile.stdout.log
61ac4803a2443552b09dc1586b17275a96353ddbfcbe35fa51a09b40b76c7b5b	942	evidence/consumer-v3/source/m3/migration/intake-20261005/portable/pcr/recipe/chain/03-test.json
56fcd7c40a33c7d85107cbe67c4ef8dde09b80d73c6f9f767dacbe12fb379b77	55624	evidence/consumer-v3/source/m3/migration/intake-20261005/portable/pcr/recipe/chain/03-test.stderr.log
079aab86d52f19c8e66e0ca3f349f486508adaba1fe42bd085991a7c31ba5d19	3574	evidence/consumer-v3/source/m3/migration/intake-20261005/portable/pcr/recipe/chain/03-test.stdout.log
cc1e3e987a1779c4b74642e7919271eac9569af15b6fe741f4bef370ac879651	968	evidence/consumer-v3/source/m3/migration/intake-20261005/portable/pcr/recipe/chain/04-runtime.json
cc6a2fa3cf7eab0c26df639b7cabf672e18924eed987269aa186516d2ab3b44c	7974	evidence/consumer-v3/source/m3/migration/intake-20261005/portable/pcr/recipe/chain/04-runtime.stderr.log
4159d17b22feaf3bfa945de8ac38bad8cefc785b8fd8a7abfcebad097abb1532	655	evidence/consumer-v3/source/m3/migration/intake-20261005/portable/pcr/recipe/chain/04-runtime.stdout.log
5d3116fe295ef6038b4091425852b049c6520c1b6f6b56736910d6a3fc945625	27666	evidence/consumer-v3/source/m3/migration/intake-20261005/portable/pcr/recipe/commands.json
3b906207157d2fca3bede9bb51cc5310cb31c1f7b104d7b51a06b6be714d6041	464197	evidence/consumer-v3/source/m3/migration/intake-20261005/portable/pcr/recipe/inputs.json
3ca48604dcde53c1f88bf3429b4574fe2eee177fb2d4a8309c57d38f5cebafea	1456	evidence/consumer-v3/source/m3/migration/intake-20261005/portable/pcr/recipe/junit-report.json
be42c1c429c4a40fbce3499fa8d47ab380606fb6605843435751eaef80f3bcaa	4750	evidence/consumer-v3/source/m3/migration/intake-20261005/portable/pcr/recipe/materialization/manifest.tsv
9cf4228a2ecbfd8695ab03a9870ce4903be570537317d09a3f933bd96f0d73b3	10098	evidence/consumer-v3/source/m3/migration/intake-20261005/portable/pcr/recipe/runtime-1.json
e40f2940459bbc269300f8837730ef0727727b34b033feca76b08e5cefd5ec9c	3976	evidence/consumer-v3/source/m3/migration/intake-20261005/portable/pcr/recipe/runtime-1.stderr.log
30fa3c33f3cfee61fb188922371d0303ef1f43f4fda7ad9e734c7fa150d2ed85	142	evidence/consumer-v3/source/m3/migration/intake-20261005/portable/pcr/recipe/runtime-1.stdout.log
aaa07c9c157f27e6cca61cda2e5a9827caf26d50efbfdf2d982ee31813880853	10101	evidence/consumer-v3/source/m3/migration/intake-20261005/portable/pcr/recipe/runtime-2.json
648820c4fc7941c9aae4fb4af8683c4a1ba40abacda34a1d71bd3e6b6dfd9639	3998	evidence/consumer-v3/source/m3/migration/intake-20261005/portable/pcr/recipe/runtime-2.stderr.log
f53be2e5312754197381ee5314f4dffb76a5ef4b8715f12777b523ca7d4e0b92	163	evidence/consumer-v3/source/m3/migration/intake-20261005/portable/pcr/recipe/runtime-2.stdout.log
b31e20b9ca8f103d88d9c7f029a599190515df7ad238022d8e7ca2f49658086c	20449	evidence/consumer-v3/source/m3/migration/intake-20261005/portable/pcr/recipe/runtime-report.json
fecadfe457dbeaea52398829830d061b0ea3be0192bfa3e39a4480eb307ff791	55219	evidence/consumer-v3/source/m3/migration/intake-20261005/portable/pcr/recipe/staging.json
aafb48dba65272856b7eb9c9036b581ec77561b49182f60bb8efab3f31f78c32	17004	evidence/consumer-v3/source/m3/migration/intake-20261005/portable/pcr/recipe/target/surefire-reports/TEST-com.synexia.rewrite.M3ProviderCallbackSupersetRecipeTest.xml
7dfc2c5ad3695af4ebcaddbed4ce7e1195cf9735e9691ace7335f16cd1dafcf9	36983	evidence/consumer-v3/source/m3/migration/intake-20261005/portable/pcr/recipe/target/surefire-reports/TEST-com.synexia.rewrite.M3VersionedProviderSyntaxRepairRecipeTest.xml
2bdaf31f09c23d676a6e1ac288730a83b78a09902d7e4f07c4f917c1afb0955f	35728	evidence/consumer-v3/source/m3/migration/intake-20261005/portable/pcr/recipe/target/surefire-reports/TEST-com.synexia.rewrite.PcrTest.xml
13f386d2d11d29a1e7875df4808ab18c3e9c3f8aa0102656f97e914566336366	35584	evidence/consumer-v3/source/m3/migration/intake-20261005/portable/pcr/recipe/target/surefire-reports/TEST-com.synexia.rewrite.PcsTest.xml
ddbb325790edab61a3ea52a7622fde812d5dd353bc588f66f6f6fc0fd29b8587	941	evidence/consumer-v3/source/m3/migration/intake-20261005/portable/pcr/recipe/tooling.json
ad1aa88119d8dbf5ab5a3fc64a43bd67bc67df8aadcde9139c663b15a042f1c2	6437	evidence/consumer-v3/source/m3/migration/intake-20261005/portable/review-receipt.json
ed6713a8c3f3aa6ae1ea5ee1ac256b4670bb183fa2d4fd234f502468fc864a42	3212	evidence/consumer-v3/source/m3/migration/intake-20261005/portable/upstream-bindings.json
af2c0ea782643d6860d10a3d9c35706781072a361fb74a8cf6ed4caa6236e5d6	11078	evidence/consumer-v3/source/m3/migration/intake-20261005/prepare.py
71d0acf5ccd6ddcfe99733c4b46ca075e21423519b775eb5544bf6691505ea23	7346	evidence/consumer-v3/source/m3/migration/intake-20261005/reconcile-8131/INDEPENDENT-UNION-REVIEW.json
3140360e8fd4e29aae73d59ddc3de902c5527e69428ca6200d6983f20831ee85	4763	evidence/consumer-v3/source/m3/migration/intake-20261005/reconcile-8131/README.md
245fcd73135ef418a30ee350049719574f86222e08c63219d883119b3dc8321f	363157	evidence/consumer-v3/source/m3/migration/intake-20261005/reconcile-8131/crate/after/0.txt
1662cd99e60e03692e95bfdeb51dbf46c5c990dac7d5cadbd5e1ddb5fcad52fe	12660	evidence/consumer-v3/source/m3/migration/intake-20261005/reconcile-8131/crate/after/1.txt
8034d77f1124584888dce10760bd2f5dae55eeb93497f7a0db1d09a3a197ec5f	2873	evidence/consumer-v3/source/m3/migration/intake-20261005/reconcile-8131/crate/after/2.txt
54114c84b923790cea717f85bdb78574aa3c14e00e1419e68c5cef7d8d87b1b4	13206	evidence/consumer-v3/source/m3/migration/intake-20261005/reconcile-8131/crate/after/3.txt
8e229715d6783906b1ee249bb2707cdb5e412146219be6037154927abac893ea	340001	evidence/consumer-v3/source/m3/migration/intake-20261005/reconcile-8131/crate/before/0.txt
3cfe511098ff3b6caafb1f1e04f94b448e02e25f160fe98427531fc8c77a1555	11255	evidence/consumer-v3/source/m3/migration/intake-20261005/reconcile-8131/crate/before/1.txt
67f1f39883358ce6a1c80b014782ebcb232d2bc25a2526355f1e2b2ff51157c1	2742	evidence/consumer-v3/source/m3/migration/intake-20261005/reconcile-8131/crate/plan.json
152991c42a08db1901dd4dc6c3966cc5bf35674cc116c7447e2961dc9cbf164a	1996	evidence/consumer-v3/source/m3/migration/intake-20261005/reconcile-8131/derivation.json
8f6ca7c15f40440752848bf38669b0034f94fe81dc30d60d2d3d736eae6d12e0	7226	evidence/consumer-v3/source/m3/migration/intake-20261005/reconcile-8131/derive.py
66f13e01ad1e0550b5d60eb1c285cd9b9674a825fb5f228b50c3ac70ba92b575	11030	evidence/consumer-v3/source/m3/migration/intake-20261005/reconcile-8131/evidence/RESULT.json
1fd9ad903228e487af581c23bafc0abcd8448ca1fe9a04ab4d2c11b670e5c76d	17759	evidence/consumer-v3/source/m3/migration/intake-20261005/reconcile-8131/evidence/manifest.json
ae4758723f215fda7db7568df5441d83a773eabc7791f86505ca9dfc7c1416db	6437	evidence/consumer-v3/source/m3/migration/intake-20261005/reconcile-8131/evidence/review-receipt.json
67d40925b97a38c3c1a85f337806524ac590a540bd39647b3e4b0988f2ae3fbb	196161	evidence/consumer-v3/source/m3/migration/intake-20261005/reconcile-8131/inputs/base.json
8e229715d6783906b1ee249bb2707cdb5e412146219be6037154927abac893ea	340001	evidence/consumer-v3/source/m3/migration/intake-20261005/reconcile-8131/inputs/head.json
536af76dd7b7b7217707662c2f1437af4adaa53af898627b0884e0b4f4603ace	220539	evidence/consumer-v3/source/m3/migration/intake-20261005/reconcile-8131/inputs/master.json
109173cb43fd91e084415284083d0d0ff92a1039a0b21216b7336c0a2c3dcf2e	91316	evidence/consumer-v3/source/m3/migration/intake-20261005/reconcile-8131/inputs/packet.json
3b556b885af4b5afeb0b9f22a4bcceea93b6c836125019bde1534652d77c7639	91316	evidence/consumer-v3/source/m3/migration/intake-20261005/reconcile-8131/packet.json
f7cf73e317b702284cf0d2d995949609b8007d2c283b3cb749ff14c7f656bea2	2092	evidence/consumer-v3/source/m3/migration/intake-20261005/reconcile-8131/pom.xml
1ccb0686629b097fba379c8e172660a32dc5a5b1a85169d113f7b0eb1daf3ead	8146	evidence/consumer-v3/source/m3/migration/intake-20261005/reconcile-8131/test/test_union.py
1cfe107b886e495046ec77f74a2739705b403251ae4fafe640f0fe46ed656ed8	93931	evidence/consumer-v3/source/m3/migration/intake-20261005/source-root.json
c258794d343159993d4731fc28b7577686525f3af5f5b817a114ac17a5d2e470	5911	evidence/consumer-v3/source/m3/migration/inventory.py
2b16e0729476a28ff827562875404ddb6aa24b03fea7457de977a3a47809959a	1957	evidence/consumer-v3/source/m3/migration/jdk-consolidation-v1.yaml
9b54d2b90a7ee8ce8f575213d54dfc15a0f1d3b1569a1c3d57b087b68b64609a	9504	evidence/consumer-v3/source/m3/migration/lineage.py
ab728f887e0bd418bd02445f72a63d6eaa675892fbe28ba1619692f00aadadeb	1548	evidence/consumer-v3/source/m3/migration/mapping.schema.json
4114b546749888ec5e6065ea6087d39ea63bafb6ce5881e2239eafaade3b7787	56771	evidence/consumer-v3/source/m3/migration/migration.py
90f3d5de0cee771553bc2b57b5164d280d04d9e5d1f2b8e4617388b124e45923	6492	evidence/consumer-v3/source/m3/migration/observed-baselines.json
579e16ad7591bf27deaf35c2178dde7b050ebfc4c631302d0d07b85d6805cfba	1748	evidence/consumer-v3/source/m3/migration/pinned-dependencies.json
d412621253194c7512be90e730c8dbf74eb552f7eb4717e02aa776c8c263d7d7	1598	evidence/consumer-v3/source/m3/migration/pom.xml
453d976a5f29526432be138b357d3f52f868fcc40a4ee697d969cc0836359628	9860	evidence/consumer-v3/source/m3/migration/recipe.py
a28301f443314e6ece0e918d7d3af655fe127578380f15c9860a0db2702a5601	1272	evidence/consumer-v3/source/m3/migration/recipes/baselines/name-mapping.v1.json
93dbde74109df4498be0351978f0b861db9fd0f3f9d4d833140308850366399a	5081	evidence/consumer-v3/source/m3/migration/recipes/postimages/M3PrefixZ.java.txt
54251ed210b9ed280919968a6ea13f0b6ed6e590fbf92090d13b4495f05f4217	1028	evidence/consumer-v3/source/m3/migration/recipes/prefix-z-v1.tsv
bdba948e9222f540dff178ccceebf97e496e1c360257c6434b8eac8cabf154a5	73	evidence/consumer-v3/source/m3/migration/requirements.txt
98dceb71a2a83e431d2417a613a23f825967718ae4a540585ab860e8ee2f33a9	5265	evidence/consumer-v3/source/m3/migration/run-tests.py
2ebbdcf2de012a0f91aff0df5acbff0eb91439ead515aa06df6ff8424508f854	6978	evidence/consumer-v3/source/m3/migration/run_local.py
9b846f35e1473f62d2cf0914751cc75ddbee986b4bf11af0039307cf1adcdff1	1642	evidence/consumer-v3/source/m3/migration/source-files.json
964f0fc3611f259562adca7f7a9ec581d149f16b4dfcc9a3c775a2a8ca53f864	7282	evidence/consumer-v3/source/m3/migration/source-recipe/MIndexJoinedChars.after.java.txt
712c1c795ff1e0d6dea099eaec8fa6e64803adfc12bad6f31970b722c659d396	5188	evidence/consumer-v3/source/m3/migration/source-recipe/MIndexJoinedChars.before.java.txt
4011d6907a39b65d4b15022c2b4382f4072a9e1e0f440d1a0f055ccf279778aa	1649	evidence/consumer-v3/source/m3/migration/source-recipe/source-plan.json
5baee59ad560a2ee2134ac0f0ad8b64914a31099f0b57f0b06d901dc96347d90	15906	evidence/consumer-v3/source/m3/migration/src/com/m3/migration/ExactFileRecipe.java
bc6d57072811b232b774a835615c8ede038b5cbbb19a4f8d48badae25214ceea	10089	evidence/consumer-v3/source/m3/migration/test/RecipeContractTest.java
765f001aa41f95c1dfd9994ba64101526ce0324ede896228803133ec9313b9e9	77751	evidence/consumer-v3/source/m3/migration/test/test_intake.py
cfe8e8930916ef96c7d23dd9d0942f082c5eb1d6cf4b2a2f6e9f3d69d8fa3e41	3341	evidence/consumer-v3/source/m3/migration/test/test_intake_recipe.py
54114c84b923790cea717f85bdb78574aa3c14e00e1419e68c5cef7d8d87b1b4	13206	evidence/consumer-v3/source/m3/migration/test/test_jcc_handoff_context_profiles.py
1662cd99e60e03692e95bfdeb51dbf46c5c990dac7d5cadbd5e1ddb5fcad52fe	12660	evidence/consumer-v3/source/m3/migration/test/test_jcc_handoff_packet.py
01fa8c629c0002974a86c0ee363817f383ae4c88c61a399cc619d61c86c24413	13490	evidence/consumer-v3/source/m3/migration/test/test_migration.py
afc1cfb022fba96d3bd91c54bf513b39d72a00ec1cba42acbbab538c9bf62675	2403	evidence/consumer-v3/source/m3/migration/test_inventory.py
f199c2fee47083db7aff923364ab69fdaeb3fbd31e8dcf02e6487dbbf429ba59	6818	evidence/consumer-v3/source/m3/migration/test_lineage.py
8b0785cc9d50384d8613ea4deb34a530fdd1f1fe0b75f98e3a64425ab6c39d77	9408	evidence/consumer-v3/source/m3/migration/test_recipe.py
1b2715cd550d269a0fbcb18b7d04279ed7b8d82edba6aa53a326d0ca20f095a1	1994	evidence/consumer-v3/source/m3/migration/test_run_local.py
14b999b366195420e5b1bee9a4f994983e24695f3f4383b3826d12ef177968f4	2013	evidence/consumer-v3/source/m3/migration/vi-census.json
342fd106c99861d7a484950ae9e0b2b28a65fd0d78a1e143974683346fc608ad	353613	evidence/consumer-v3/source/m3/migration/vi-census.tsv
8124b37765f457df8d8aa6b9b89f54efba8845e4fdec399f4d41e809c3956a36	1622	evidence/consumer-v3/source/m3/pom.xml
