sha256	bytes	path
374c135a72e85bdcad84be5e9bbd696c763f06f33816e56e28f4a4d620e1aee9	1726	evidence/consumer-v3/work/m3/tooling/backport-dag/src/main/resources/com/m3/tooling/dag/adapters/airflow/m3_backport_dag.py
b81e897b0c34961102aeb98920a1f5fcfa95b6f3b41fdf9c4f8208e78e8796d8	793	evidence/consumer-v3/work/m3/tooling/backport-dag/src/main/resources/com/m3/tooling/dag/adapters/camel/m3-backport-route.yaml
922700cc7f1acf943e3f07b7c29d44f07c1b9bfab7e876f4e02d2ea408abb393	1575	evidence/consumer-v3/work/m3/tooling/backport-dag/src/main/resources/com/m3/tooling/dag/adapters/drools/m3-backport-admission.drl
ed805f7f48b99cc161f394389eb16988bf443c4c49b1ffd7682f843a9aa02614	1471	evidence/consumer-v3/work/m3/tooling/backport-dag/src/main/resources/com/m3/tooling/dag/m3-backport-dag.tsv
c30f378ea94287851aa836001f16f9a84e73e68c553d656d4198216efb09cb18	916	evidence/consumer-v3/work/m3/tooling/backport-dag/src/main/resources/com/m3/tooling/dag/m3-second-pass-review-binding.tsv
76c3eafb6c52fe5918023a19dadf1ac98076d0f50332688c56303154871ce423	968	evidence/consumer-v3/work/m3/tooling/backport-dag/src/test/java/com/m3/tooling/dag/M3BackportDagLoaderTest.java
18b0fdf2576533e67d14f6534f231de16a3cb6a90b728c320d7bbf3ac3871084	10048	evidence/consumer-v3/work/m3/tooling/backport-dag/src/test/java/com/m3/tooling/dag/M3BackportPacketEvidenceTest.java
4376e53965f3bfe28b34f9abefd4f0308613843473e37f472434267047b49b90	5623	evidence/consumer-v3/work/m3/tooling/backport-dag/src/test/java/com/m3/tooling/dag/M3BackportPacketTest.java
3c8dad31b3b1ac533ff3d4123cd9a5b122ef16d7bb977ebb7f12c5dacf95fbb6	10200	evidence/consumer-v3/work/m3/tooling/backport-dag/src/test/java/com/m3/tooling/dag/M3DagProjectorTest.java
989e83ac0f4f4273602ab508882aeb0599025737df6128445bf1f4428846af62	3170	evidence/consumer-v3/work/m3/tooling/backport-dag/src/test/java/com/m3/tooling/dag/M3FrameworkProjectionTest.java
77373178c8e71265223702a49cbcb0d7db0a6dfb1a0ebacd7e6b887ed89e88aa	4016	evidence/consumer-v3/work/m3/tooling/backport-dag/src/test/java/com/m3/tooling/dag/M3OrchestrationProjectionMainTest.java
451b4cde41c505a19641dc17649ca0b22b2e82d13685d042e4f29f9af9a8e094	9046	evidence/consumer-v3/work/m3/tooling/backport-dag/src/test/java/com/m3/tooling/dag/M3PacketDagComposerTest.java
8fe0d897419c2e91dc3fcc7958e0c55c5bdea7b4ee4f48efc57a759b8e34960f	8603	evidence/consumer-v3/work/m3/tooling/backport-dag/src/test/java/com/m3/tooling/dag/M3RecipeDagTest.java
facd72f10e2e6bf45221dddc54674291d13b307354347aa541005d4735af15db	6310	evidence/consumer-v3/work/m3/tooling/backport-dag/src/test/java/com/m3/tooling/dag/M3SecondPassReviewBindingTest.java
47a728b77ee6c98343b79f261eb105377eeccae2e80d769ece7890efa92c9ee5	17	evidence/consumer-v3/work/m3/tooling/backport-dag/src/test/resources/com/m3/tooling/dag/bad-header.tsv
610f533073a5744eb32fdde30add83e1646750a4aa34ea76f0270ad9652b5827	98	evidence/consumer-v3/work/m3/tooling/backport-dag/src/test/resources/com/m3/tooling/dag/bad-row.tsv
2da6ee4e41190e19223b93611c712a5c12f022bc0055c66e4d5883602cc47bc7	3422	evidence/consumer-v3/work/m3/tooling/baseline/compare_jdk21.py
802b2732acfcafbf85a51c2f843649a0399b579096cb18620832c37cda79fbe5	2646	evidence/consumer-v3/work/m3/tooling/baseline/test_compare_jdk21.py
1141064ed2630abfb4a4b52385d7e6c5676a9a51c3c01a4884a7cdaf05609a74	21	evidence/consumer-v3/work/m3/tooling/cb/.gitignore
0be39e2c2c999c1ba55b364c61e243c7ae5a9fb58778ad054282f5530c976dd1	8848	evidence/consumer-v3/work/m3/tooling/cb/README.md
5bf0a64c6c9d43b613cd556f599dd97367cb8a1ac5bddc781561329e17ec4c89	16104	evidence/consumer-v3/work/m3/tooling/cb/SHA256SUMS
880731315e4c50076a1c240dfecb8bc9aa5551b40cc4a83f0f68e837accad79f	2933	evidence/consumer-v3/work/m3/tooling/cb/close/MIndexStringBacking.java.after
944f12c8b77d19fdb6fc6c7eee1baac0cc91322511c52abca1957fd4120219f5	2821	evidence/consumer-v3/work/m3/tooling/cb/close/MIndexStringBacking.java.before
2216efbaff3abda53a7051d2a431f4a03ad7db5223fa8ed811a2767d1ba9882a	915	evidence/consumer-v3/work/m3/tooling/cb/close/plan.json
1eb85fc97224598dad1852b5d6483bbcf0aa8608790dcc657a5a2a761ae9c8c6	11558	evidence/consumer-v3/work/m3/tooling/cb/donor/LICENSE
993c38054e42c14efe27b52fa0b1e4d322aa17a2f8bdf7e8a460d4adbabe9e35	11782	evidence/consumer-v3/work/m3/tooling/cb/donor/MIndexAlgorithm.java.txt
bd4e1312397b2d0b836f69aa32be6f7846cce69d30abc814936d0a88af06ea7c	17396	evidence/consumer-v3/work/m3/tooling/cb/donor/MIndexClass.java.txt
ea78f4d9e5870f6951dba8a124019aa96396261aac041c8ad8c247a6ddc35c3a	4181	evidence/consumer-v3/work/m3/tooling/cb/donor/MIndexClassBoundary.java.txt
bc3fcc4bc3f582e6565c1c8509038217e7a7360dbb0e290c66b03090c0f6961e	1610	evidence/consumer-v3/work/m3/tooling/cb/donor/MIndexClassFlags.java.txt
047eb00e579a0bed899419373e19514f0e06876efec39b9cfa2bca2d391196aa	58167	evidence/consumer-v3/work/m3/tooling/cb/donor/MIndexClassIndex.java.txt
3b2b432ebb29f5f08e30b8f9194a2675f052a238f5f16432ac9e3d26e9d489c2	2463	evidence/consumer-v3/work/m3/tooling/cb/donor/MIndexConstructor.java.txt
ae3d0439814c26aa0a012984aa6d4debef70bd31590b403f9643634c231cd8b4	2169	evidence/consumer-v3/work/m3/tooling/cb/donor/MIndexField.java.txt
0e0ddfc53acaeb28137319fd20ee5005f9d7231949ebd3106193c287f13be9b8	2391	evidence/consumer-v3/work/m3/tooling/cb/donor/MIndexJvmDescriptor.java.txt
4230b2df028a54d833284d373c044b58c4ffde0da1f15b394372d9cbff6e97da	2635	evidence/consumer-v3/work/m3/tooling/cb/donor/MIndexMember.java.txt
febb6a32912e4149ca5521b149c86554f37d978382242589603aa9265139dfb9	1740	evidence/consumer-v3/work/m3/tooling/cb/donor/MIndexMemberFlags.java.txt
76c8a68d9f1bafa36df848da02c1b00c4d738e7ff09c63d6761d6c8f892e20cb	744	evidence/consumer-v3/work/m3/tooling/cb/donor/MIndexMemberKind.java.txt
b11190cdc801a2ce46078fa04d364d9362402c3aef4ff16aebac05a56898aaaa	2620	evidence/consumer-v3/work/m3/tooling/cb/donor/MIndexMethod.java.txt
b63a7f5a59d3badd7340e00021f2eaa410645d0f4a5d25a5a570797897969457	2036	evidence/consumer-v3/work/m3/tooling/cb/donor/MIndexRecordComponent.java.txt
406f451222b1f6e950c28439316fdbcd6e9cfb9463658e1deec85cfe41197f1a	1913	evidence/consumer-v3/work/m3/tooling/cb/donor/MIndexVmPrecomputeKey.java.txt
bdeb857abaa302a40c4f542c23c4629eb0091f04d56d60545d6ca51325ff92a4	7413	evidence/consumer-v3/work/m3/tooling/cb/donor/MIndexVmSession.java.txt
31cec4f2c4936b0e7a71a77847a3c20b0959e119a02ef5cf537f4f707fff9427	14991	evidence/consumer-v3/work/m3/tooling/cb/donor/NOTICE
8c4fb6520d50aa72de2222a9dd49afc3a16462d7b86eb822070613e674537380	17781	evidence/consumer-v3/work/m3/tooling/cb/evidence/CBProbe.jtr
0e7d540ceafe12958d9f004f7b104700c1cd7543952c6431a6205d8937358c4a	13588	evidence/consumer-v3/work/m3/tooling/cb/evidence/JNINull.jtr
99a75356fcf20f71e89fe9a6370183a60b251c8513650847b980a4029115d597	8695	evidence/consumer-v3/work/m3/tooling/cb/evidence/MIndexMappedStringBackingTest.jtr
3a78b73004d785732553495a951500696f24ec80338b50cbbd90d682f6131128	33	evidence/consumer-v3/work/m3/tooling/cb/evidence/Xint.log
3a78b73004d785732553495a951500696f24ec80338b50cbbd90d682f6131128	33	evidence/consumer-v3/work/m3/tooling/cb/evidence/Xmixed.log
b8095b9dfae177b3cefd49a7091a30ac883dd2b56410e4bc23a9ff0a2a351b0e	120138	evidence/consumer-v3/work/m3/tooling/cb/evidence/c1.log
733ac11fcf8ff10011f9417c069287e343ef3ca75786d07f2bca90aaab90ef52	131554	evidence/consumer-v3/work/m3/tooling/cb/evidence/c2.log
ce23447f046a694953def9ea636334e0838ee8766b650e49ade101272a4d852a	288	evidence/consumer-v3/work/m3/tooling/cb/evidence/close-tests.txt
e3b0c44298fc1c149afbf4c8996fb92427ae41e4649b934ca495991b7852b855	0	evidence/consumer-v3/work/m3/tooling/cb/evidence/compile-bootstrap.log
e3b0c44298fc1c149afbf4c8996fb92427ae41e4649b934ca495991b7852b855	0	evidence/consumer-v3/work/m3/tooling/cb/evidence/compile-close.log
e3b0c44298fc1c149afbf4c8996fb92427ae41e4649b934ca495991b7852b855	0	evidence/consumer-v3/work/m3/tooling/cb/evidence/compile-probe.log
e3b0c44298fc1c149afbf4c8996fb92427ae41e4649b934ca495991b7852b855	0	evidence/consumer-v3/work/m3/tooling/cb/evidence/compile-product.log
eef6bf1e2d451f6f9ec9288dc1d9a54d321fd446f812636563609699a0fa7053	19346	evidence/consumer-v3/work/m3/tooling/cb/evidence/configure.log
07b1487a6474830db1de38b5d30a7cc88e07fb50664a25f61b264412d7213e9b	4318	evidence/consumer-v3/work/m3/tooling/cb/evidence/images.log
22d5f6d6dd5ea52852cd0c247b1c76c38d9aa582db127aeb9de3d5f1f2a49ef6	103	evidence/consumer-v3/work/m3/tooling/cb/evidence/install-tests.txt
340c89d6b34a8001f98fe9905e786ee8b711c0804a62e3b74efea017754cd6a3	19	evidence/consumer-v3/work/m3/tooling/cb/evidence/jdeps.log
86cc09329b49a10aa2503b537cf0e184c20574bbe24f151376954d79061aee17	96	evidence/consumer-v3/work/m3/tooling/cb/evidence/jni-default.log
86cc09329b49a10aa2503b537cf0e184c20574bbe24f151376954d79061aee17	96	evidence/consumer-v3/work/m3/tooling/cb/evidence/jni-enabled.log
32535921e60b633ad970fd15bd3d9a2fa3ad83efff8a24b8e159ee3e267bc4d0	462	evidence/consumer-v3/work/m3/tooling/cb/evidence/jtreg.log
ba2eb17ff21ac30abd70b855dc8a2490371a51c062c50cff36b4226b4234c8e4	87	evidence/consumer-v3/work/m3/tooling/cb/evidence/jtreg.sha256
d4578b77ded4c87f33240fad4588e418b3157992288cbf4a1a4e38be14ece15b	47	evidence/consumer-v3/work/m3/tooling/cb/evidence/mapping.txt
2cb4eb966de40f965c2936a44fa7bf140eb6355b42c5b868ea11a90954afbf8b	290	evidence/consumer-v3/work/m3/tooling/cb/evidence/native-tests.txt
bc6ef0854d4e6e191259ea35187d7f47c9d3c8b2802eb10fefbdd9371da8c044	40895	evidence/consumer-v3/work/m3/tooling/cb/evidence/receipt.json
54474d9b23903950d6abf7a6cc5f3274cad4b4e96bb7fc5dfd410a78da0e7c72	282	evidence/consumer-v3/work/m3/tooling/cb/evidence/recipe-tests.txt
c2a48c6e0b10eb6ea0ce3f0a14563d897bb1298752a0f8074f26576da403ad9f	215	evidence/consumer-v3/work/m3/tooling/cb/evidence/version.log
24d84810ded39819f12f29946c9d72d1c431f1aa4957b2d7e9f702d12d0177b4	20	evidence/consumer-v3/work/m3/tooling/cb/evidence/vi-int.log
24d84810ded39819f12f29946c9d72d1c431f1aa4957b2d7e9f702d12d0177b4	20	evidence/consumer-v3/work/m3/tooling/cb/evidence/vi-mixed.log
c89a34d2e793f5a797ded51c32bf2f7ddad19ad1b932f003dfbde46b37f58d8a	4114	evidence/consumer-v3/work/m3/tooling/cb/install/M3Boundary.java.txt
af93f3bebd9a54f592742b0b6d9e1215770446fd13b8679fa259f7c0d5effa36	7771	evidence/consumer-v3/work/m3/tooling/cb/install/M3CB.java.txt
9a8fa33a3edf5edaaf6b22eeeb203cd08ff386bdd4b7307cdd47e849bc3b98b1	61135	evidence/consumer-v3/work/m3/tooling/cb/install/M3CI.java.txt
542fab6ba509299d937c26fe68c9eab96cda3b8dd2b30c41df6992038b0d4472	16841	evidence/consumer-v3/work/m3/tooling/cb/install/M3Class.java.txt
cb7dc87b4fb4849bd145520014bcd8cd55168134cf8b482dba495219b8a2344b	1592	evidence/consumer-v3/work/m3/tooling/cb/install/M3ClassFlags.java.txt
f6a8cd76d1bd8bd5f2641d6d81dcb4e74b8aa613442c23fed32f3e99945be923	2329	evidence/consumer-v3/work/m3/tooling/cb/install/M3Constructor.java.txt
df17c48e54de060060e4393e5c2f3e8e2f068bad38a69576a82709cc6d4cbdb9	2367	evidence/consumer-v3/work/m3/tooling/cb/install/M3Descriptor.java.txt
a197eb18922617e1b0992d474f2acdb3c8753eb1c0b16a014a93a5460fe66481	2041	evidence/consumer-v3/work/m3/tooling/cb/install/M3Field.java.txt
c0cc0b38eb167ea313a67db584184ee94269b2f2b808a6a16cfafbb80fa541f1	2493	evidence/consumer-v3/work/m3/tooling/cb/install/M3Member.java.txt
f436e0fdfbe44074c3855944e005707e833ce96fa34b24cb300c3957c1cc24be	1722	evidence/consumer-v3/work/m3/tooling/cb/install/M3MemberFlags.java.txt
0c24a919386302c498d94e3a4d0bfffbe96084f7c93b62e23799646b4502496b	718	evidence/consumer-v3/work/m3/tooling/cb/install/M3MemberKind.java.txt
f7651b04fa197f47904f5258ba2150242a9801bbcbef6e19fa90ed296fef8f58	2478	evidence/consumer-v3/work/m3/tooling/cb/install/M3Method.java.txt
e38403e001ea950c5e789c854f4f4e8004253a4a7545aa6e044a52112b592898	1686	evidence/consumer-v3/work/m3/tooling/cb/install/M3PC.java.txt
0be405cfa1d7fac2fbf1bdf5ae42e9798033eda53c6545b47154a16fa57134bd	1916	evidence/consumer-v3/work/m3/tooling/cb/install/M3RecordComponent.java.txt
c51e4d790399b023cc6da07daf036b580bd572b2360c7146240c44a6bf810456	4902	evidence/consumer-v3/work/m3/tooling/cb/install/plan.json
c4ce29e9ec2295aadccd9fbac2141cf37b2a874edbd8054d44fbd9c8a72a159e	19684	evidence/consumer-v3/work/m3/tooling/cb/integration/CBProbe.java.after
f4ed7d3143b74e07cadff1fa9207e65f2e41caa8ee1475bd5207677abc8ffaf7	681	evidence/consumer-v3/work/m3/tooling/cb/integration/NOTICE.after
1f55398216ed23efc858988f68bb9fecafa10efba4dd19c5ec5a0e64bacee5fc	649	evidence/consumer-v3/work/m3/tooling/cb/integration/NOTICE.before
9815efc8ec24804c0ed35c7f5bdf2b10d98ebdb65b8298ef66074aa94d5f020c	251	evidence/consumer-v3/work/m3/tooling/cb/integration/VmFixture.java.after
8a9df82b06f61ec680d47bbf512201f8120e661831b4d92b067aa58e7c84451c	8827	evidence/consumer-v3/work/m3/tooling/cb/integration/counterpart-naming.md.after
9e0e840fe26530bffbe67cd4f6310517d3429c0eefd17e1e3a70f9cde7227cc1	7904	evidence/consumer-v3/work/m3/tooling/cb/integration/counterpart-naming.md.before
67d40925b97a38c3c1a85f337806524ac590a540bd39647b3e4b0988f2ae3fbb	196161	evidence/consumer-v3/work/m3/tooling/cb/integration/name-mapping.json.after
186cd1559e221919ce558fda7192c13a2472ff512a4ac6dc0707338767532662	105323	evidence/consumer-v3/work/m3/tooling/cb/integration/name-mapping.json.before
7e46c7ff4597957b35451aee0c21a70077a63d550df476147368295cd670389b	5765	evidence/consumer-v3/work/m3/tooling/cb/integration/plan.json
1d615647231198fcfe563d63655165b4265fb9220626c24b88877fb3c76bf264	13066	evidence/consumer-v3/work/m3/tooling/cb/integration/synexia.md.after
83555e6e0a9ac65409ea500bdb70c3ce6799a8a9498b767742335a48e5a6efa8	12256	evidence/consumer-v3/work/m3/tooling/cb/integration/synexia.md.before
440e56c06fce9c7bfd37025fa3684afe715b4d9d2cfbca33c4bb9d7b084d1281	716	evidence/consumer-v3/work/m3/tooling/cb/jni/JNINull.java.after
95adc8ea2a9035e65b613a7fb4131f8629bc90f81b70008895a77c1e396b05f9	161405	evidence/consumer-v3/work/m3/tooling/cb/jni/jni.cpp.after
95f131c664bf993f457d3ea53bdfe0850f842d82c5a42644a979d724580522f4	161430	evidence/consumer-v3/work/m3/tooling/cb/jni/jni.cpp.before
471076651477273d831ea7cbfe25120aa7a8af6397c9611b0247e5c7c6b9702e	228	evidence/consumer-v3/work/m3/tooling/cb/jni/libM3JNINull.c.after
671ba78d80309c7d7b2e40964fbfded4a2f473dc67f3a4a6b8d914d4aaa97181	1365	evidence/consumer-v3/work/m3/tooling/cb/jni/plan.json
ec2f840d471d26265859c5d29adff1d425ab4d564b2856606f95043617c26543	7245	evidence/consumer-v3/work/m3/tooling/cb/pins.json
5acfeeef9d5853198668de8022733459f842a7ae60b02a028b09192f16fb9c42	2498	evidence/consumer-v3/work/m3/tooling/cb/pom.xml
2249dcbcc6c74ffcddaeb3e7962b8ca3532f5a22b8db3fdb33e99bf45c3d5aac	903	evidence/consumer-v3/work/m3/tooling/cb/recipe-pin.tsv
ef4d139b861bf8aa3deda5ca9da8396a8b50c18b77924c458f2af3dd8639d5ce	2986	evidence/consumer-v3/work/m3/tooling/cb/run-image.sh
95adc8ea2a9035e65b613a7fb4131f8629bc90f81b70008895a77c1e396b05f9	161405	evidence/consumer-v3/work/m3/tooling/cb/src/main/resources/com/m3/rewrite/backport/jdk21-hash-pinned-text/m3-jni/jni.cpp.txt
471076651477273d831ea7cbfe25120aa7a8af6397c9611b0247e5c7c6b9702e	228	evidence/consumer-v3/work/m3/tooling/cb/src/main/resources/com/m3/rewrite/backport/jdk21-hash-pinned-text/m3-jni/libM3JNINull.c.txt
4205a9adaf793e3340a2b0e581687646eb0428ad957680f5736267f104def1ac	341	evidence/consumer-v3/work/m3/tooling/cb/src/main/resources/com/m3/rewrite/backport/jdk21-hash-pinned-text/m3-jni/manifest.tsv
c4ce29e9ec2295aadccd9fbac2141cf37b2a874edbd8054d44fbd9c8a72a159e	19684	evidence/consumer-v3/work/m3/tooling/cb/src/main/resources/com/synexia/rewrite/hash-pinned-java/m3-cb/CBProbe.java.txt
c89a34d2e793f5a797ded51c32bf2f7ddad19ad1b932f003dfbde46b37f58d8a	4114	evidence/consumer-v3/work/m3/tooling/cb/src/main/resources/com/synexia/rewrite/hash-pinned-java/m3-cb/M3Boundary.java.txt
af93f3bebd9a54f592742b0b6d9e1215770446fd13b8679fa259f7c0d5effa36	7771	evidence/consumer-v3/work/m3/tooling/cb/src/main/resources/com/synexia/rewrite/hash-pinned-java/m3-cb/M3CB.java.txt
9a8fa33a3edf5edaaf6b22eeeb203cd08ff386bdd4b7307cdd47e849bc3b98b1	61135	evidence/consumer-v3/work/m3/tooling/cb/src/main/resources/com/synexia/rewrite/hash-pinned-java/m3-cb/M3CI.java.txt
542fab6ba509299d937c26fe68c9eab96cda3b8dd2b30c41df6992038b0d4472	16841	evidence/consumer-v3/work/m3/tooling/cb/src/main/resources/com/synexia/rewrite/hash-pinned-java/m3-cb/M3Class.java.txt
cb7dc87b4fb4849bd145520014bcd8cd55168134cf8b482dba495219b8a2344b	1592	evidence/consumer-v3/work/m3/tooling/cb/src/main/resources/com/synexia/rewrite/hash-pinned-java/m3-cb/M3ClassFlags.java.txt
f6a8cd76d1bd8bd5f2641d6d81dcb4e74b8aa613442c23fed32f3e99945be923	2329	evidence/consumer-v3/work/m3/tooling/cb/src/main/resources/com/synexia/rewrite/hash-pinned-java/m3-cb/M3Constructor.java.txt
df17c48e54de060060e4393e5c2f3e8e2f068bad38a69576a82709cc6d4cbdb9	2367	evidence/consumer-v3/work/m3/tooling/cb/src/main/resources/com/synexia/rewrite/hash-pinned-java/m3-cb/M3Descriptor.java.txt
a197eb18922617e1b0992d474f2acdb3c8753eb1c0b16a014a93a5460fe66481	2041	evidence/consumer-v3/work/m3/tooling/cb/src/main/resources/com/synexia/rewrite/hash-pinned-java/m3-cb/M3Field.java.txt
c0cc0b38eb167ea313a67db584184ee94269b2f2b808a6a16cfafbb80fa541f1	2493	evidence/consumer-v3/work/m3/tooling/cb/src/main/resources/com/synexia/rewrite/hash-pinned-java/m3-cb/M3Member.java.txt
f436e0fdfbe44074c3855944e005707e833ce96fa34b24cb300c3957c1cc24be	1722	evidence/consumer-v3/work/m3/tooling/cb/src/main/resources/com/synexia/rewrite/hash-pinned-java/m3-cb/M3MemberFlags.java.txt
0c24a919386302c498d94e3a4d0bfffbe96084f7c93b62e23799646b4502496b	718	evidence/consumer-v3/work/m3/tooling/cb/src/main/resources/com/synexia/rewrite/hash-pinned-java/m3-cb/M3MemberKind.java.txt
f7651b04fa197f47904f5258ba2150242a9801bbcbef6e19fa90ed296fef8f58	2478	evidence/consumer-v3/work/m3/tooling/cb/src/main/resources/com/synexia/rewrite/hash-pinned-java/m3-cb/M3Method.java.txt
e38403e001ea950c5e789c854f4f4e8004253a4a7545aa6e044a52112b592898	1686	evidence/consumer-v3/work/m3/tooling/cb/src/main/resources/com/synexia/rewrite/hash-pinned-java/m3-cb/M3PC.java.txt
0be405cfa1d7fac2fbf1bdf5ae42e9798033eda53c6545b47154a16fa57134bd	1916	evidence/consumer-v3/work/m3/tooling/cb/src/main/resources/com/synexia/rewrite/hash-pinned-java/m3-cb/M3RecordComponent.java.txt
9815efc8ec24804c0ed35c7f5bdf2b10d98ebdb65b8298ef66074aa94d5f020c	251	evidence/consumer-v3/work/m3/tooling/cb/src/main/resources/com/synexia/rewrite/hash-pinned-java/m3-cb/VmFixture.java.txt
df2d1847fc9ad2679e574c92232bf1cf7da0ad2c61bda65c0ce124822c595ab3	2451	evidence/consumer-v3/work/m3/tooling/cb/src/main/resources/com/synexia/rewrite/hash-pinned-java/m3-cb/manifest.tsv
880731315e4c50076a1c240dfecb8bc9aa5551b40cc4a83f0f68e837accad79f	2933	evidence/consumer-v3/work/m3/tooling/cb/src/main/resources/com/synexia/rewrite/hash-pinned-java/m3-close/MIndexStringBacking.java.txt
7bed7ae31c48003f4de722a750a79c80061bf68e391e8294f2a2ee98c3d9563c	261	evidence/consumer-v3/work/m3/tooling/cb/src/main/resources/com/synexia/rewrite/hash-pinned-java/m3-close/manifest.tsv
440e56c06fce9c7bfd37025fa3684afe715b4d9d2cfbca33c4bb9d7b084d1281	716	evidence/consumer-v3/work/m3/tooling/cb/src/main/resources/com/synexia/rewrite/hash-pinned-java/m3-jni-null/JNINull.java.txt
a312cd8fe607d2fc15afda0be68a659bae6548860dbea2b037a0e4e6ff8b4ae2	155	evidence/consumer-v3/work/m3/tooling/cb/src/main/resources/com/synexia/rewrite/hash-pinned-java/m3-jni-null/manifest.tsv
955ed82fa57acfdb8392e1323624dcbcfb5877bfc5bbfe75c5dc14053d6c007d	11906	evidence/consumer-v3/work/m3/tooling/cb/src/test/java/com/m3/cb/CBTest.java
2120a9a217e22be242f7cf7a3408ce17f24038683d045cc082fbbe00078e75f0	3395	evidence/consumer-v3/work/m3/tooling/cb/src/test/java/com/m3/cb/CloseTest.java
e530bb688468261395b4fbcfd4fba686c71e82e0bd779be0942e9e6e29df3e4d	3492	evidence/consumer-v3/work/m3/tooling/cb/src/test/java/com/m3/cb/NativeTest.java
6c2b30cf3ed08ad2fea60631e6c6b37b8ccf6c6ab6f8e6a31a317a237876546b	4430	evidence/consumer-v3/work/m3/tooling/cb/test_install.py
b4906e3ce7ed0033f48ffe16763850e61be5269731d8f84892dd8e48663dee81	8538	evidence/consumer-v3/work/m3/tooling/emit-java21-convergence-proof.py
a53bdeee8afe28b90cb0e348e718b70610a9487edb1b75b46e09bfb76e0f3dc9	3522	evidence/consumer-v3/work/m3/tooling/migration-recipes/pom.xml
07dd89a974ca2ebd2d7abc82f8235024eb65d235762f1ed0d141fe4a1c4c68f0	5384	evidence/consumer-v3/work/m3/tooling/migration-recipes/src/main/java/com/m3/rewrite/InstallIndexStringCompatibility.java
2e7514ddf7332311bb31f758dbfb27aa8242cf086cabc6cbb7f27b9f4cb7f2d3	1156	evidence/consumer-v3/work/m3/tooling/migration-recipes/src/main/java/com/m3/rewrite/M3Java21ConvergenceCatalog.java
15e44e92ba509b405ed2e12ddc4c6bf2a427f59cdca95d7e8e960357732266e9	2254	evidence/consumer-v3/work/m3/tooling/migration-recipes/src/main/java/com/m3/rewrite/M3Java21ConvergenceRecipe.java
521a7f07e59f507e0ce3193a3d0c7540c232a37c74128d954b52670677498241	2338	evidence/consumer-v3/work/m3/tooling/migration-recipes/src/main/java/com/m3/rewrite/a3/M3A3AlgorithmCatalogueManifest.java
4620bec8fa489b8dcfb8960d8979bfb75517d7893b5f26546d1abaf9f629800e	10998	evidence/consumer-v3/work/m3/tooling/migration-recipes/src/main/java/com/m3/rewrite/a3/M3A3AlgorithmCatalogueRecipe.java
3f39c37a6c88b36547c010b915f6f14bc9566a3be1dba1ee1648e31f044bca2c	2598	evidence/consumer-v3/work/m3/tooling/migration-recipes/src/main/java/com/m3/rewrite/a3/M3A3SerialFileWorkManifest.java
dc06d948d19e5abb8f3ab423b5a790e499275f4c33eae0e1501a5cac915782c3	10698	evidence/consumer-v3/work/m3/tooling/migration-recipes/src/main/java/com/m3/rewrite/a3/M3A3SerialFileWorkRecipe.java
4f6c17a035e64106f172b488fded9b565d1af48d6a8ecbd4700b3ff0cc2cd1e1	4448	evidence/consumer-v3/work/m3/tooling/migration-recipes/src/main/java/com/m3/rewrite/atom/M3AtomizePureIntReturnRecipe.java
233cbae58e7bf8ffb67aeb56ee5418996aceca624bde4e35fcf0f54b52afb79b	3779	evidence/consumer-v3/work/m3/tooling/migration-recipes/src/main/java/com/m3/rewrite/atom/M3DocumentPureIntAtomRecipe.java
2765872917a05ca2e71f977484a872bbac626cdf55ca24c71c8c9bc6dff10f24	2523	evidence/consumer-v3/work/m3/tooling/migration-recipes/src/main/java/com/m3/rewrite/atom/M3FileAtomCandidateTable.java
3ca3fb634bd742821a317c47dde7ecb5f5176a1df8e3c2e8248a7873821a832b	2753	evidence/consumer-v3/work/m3/tooling/migration-recipes/src/main/java/com/m3/rewrite/atom/M3InventoryPureIntAtomCandidates.java
b831177cbaaeca359a0b397eb4c74c0caf86c27666db702ef4492a42c210cd9f	2706	evidence/consumer-v3/work/m3/tooling/migration-recipes/src/main/java/com/m3/rewrite/atom/M3PatternizePureIntAtomRecipe.java
ea31026be2f699923e4dfcc6fa906cee77eb5a46bdb9a32948948bfdfe19cebb	7151	evidence/consumer-v3/work/m3/tooling/migration-recipes/src/main/java/com/m3/rewrite/atom/M3PureIntAtomEligibility.java
ba078715aa83969fc6c04fcd0d9d226ff0d0ad7f46f38ebede6f5b312504e534	1341	evidence/consumer-v3/work/m3/tooling/migration-recipes/src/main/java/com/m3/rewrite/atom/M3PureIntConvergenceRecipe.java
0e65b26f674f68fea30151ea63a17faef2f88ca0f0679723bb3dc230fda22b72	13233	evidence/consumer-v3/work/m3/tooling/migration-recipes/src/main/java/com/m3/rewrite/backport/M3Jdk21HashPinnedSnapshotRecipe.java
8015207ce502d22955f7f77697177e5939fa1e25be7cd74be89c639335ae48e6	12032	evidence/consumer-v3/work/m3/tooling/migration-recipes/src/main/java/com/m3/rewrite/backport/M3Jdk21HashPinnedTextSnapshotRecipe.java
f4e3ed9f8fa1acddfb11a897f917cf4cefb3478af9c159180e487d367372ae4e	2016	evidence/consumer-v3/work/m3/tooling/migration-recipes/src/main/java/com/m3/rewrite/backport/M3Jdk8347112BackportRecipe.java
f9b9578d2658100cda86aa494de2343fc0d8419c9a05bb4ff9ee03c3df2ed36c	1976	evidence/consumer-v3/work/m3/tooling/migration-recipes/src/main/java/com/m3/rewrite/backport/M3Jdk8364182BackportRecipe.java
e1933da3ca4a71e7cfcfb297cef2b055ddc54fdf4b0bef4d72c32689bb0969f2	2546	evidence/consumer-v3/work/m3/tooling/migration-recipes/src/main/java/com/m3/rewrite/backport/M3Jdk8367584JfrOptionsHelpBackportRecipe.java
8824461e44855a3c854195b548e48e6fa345f87d63dab3fa0d535077206aaf31	1948	evidence/consumer-v3/work/m3/tooling/migration-recipes/src/main/java/com/m3/rewrite/backport/M3Jdk8368692PasswordSystemInBackportRecipe.java
3fb61651317f6398931564733e0bd6bc37ded746727d94a0ccb98e5637cf598e	1706	evidence/consumer-v3/work/m3/tooling/migration-recipes/src/main/java/com/m3/rewrite/backport/M3Jdk8374808BackportRecipe.java
2c78616caa49fbb122eacd61b48eb23ce6fb881170609cedebbfa7191a9e4231	2001	evidence/consumer-v3/work/m3/tooling/migration-recipes/src/main/java/com/m3/rewrite/backport/M3Jep458BackportRecipe.java
3af361baeb3c04b81808750c1a0d1d8f5c5621a87a2065deec460c540c2cc2b9	6362	evidence/consumer-v3/work/m3/tooling/migration-recipes/src/main/java/com/m3/rewrite/backport/M3VerbatimJavaPairRecipe.java
5c8c9ff94cec6d5ec7be9e5ca4984035c892c7bc03c079ec96e019ff7d3053fc	383	evidence/consumer-v3/work/m3/tooling/migration-recipes/src/main/java/com/m3/rewrite/scope/M3ContractMode.java
258dc928a4e350694446cbe4ea6348adaa722deada05d6fe0af2f95e6969d140	1432	evidence/consumer-v3/work/m3/tooling/migration-recipes/src/main/java/com/m3/rewrite/scope/M3EditScope.java
332cf42918ef35d9ad6ba7c241f1a9222490f618908af3acb346fc837581b5d5	1230	evidence/consumer-v3/work/m3/tooling/migration-recipes/src/main/java/com/m3/rewrite/scope/M3RecipeScopePolicy.java
9ba3245512f18e3d921b6a8d013cea05a70b5a84c473b34dbd574ba55a1978d4	4112	evidence/consumer-v3/work/m3/tooling/migration-recipes/src/main/java/com/m3/rewrite/scope/M3RecipeScopeRegistry.java
eca941688f9449f54c16386c581ce162df608858526d4660473e250ed3d0f267	6292	evidence/consumer-v3/work/m3/tooling/migration-recipes/src/main/java/com/m3/rewrite/scope/M3ScopeInference.java
6403fd76be787566536309165ef29ba333e1e0533091d28bb365c1bbabbfcf83	2867	evidence/consumer-v3/work/m3/tooling/migration-recipes/src/main/java/com/m3/rewrite/semantic/M3SemanticHashRecipe.java
213a6a82426e48a3e219b53f7e892e1d750ca4f56aa801571e3a62bfca470721	2683	evidence/consumer-v3/work/m3/tooling/migration-recipes/src/main/java/com/m3/rewrite/semantic/M3SemanticHashTable.java
0b00aef7bd43af89f7d475282bc8c99425db6568389f6c80cb89662d3507891b	6064	evidence/consumer-v3/work/m3/tooling/migration-recipes/src/main/java/com/m3/rewrite/semantic/M3SemanticHasher.java
3fc6e77a1394e292747d689a4a42a328b496000865aa390afe05d5571febd599	13805	evidence/consumer-v3/work/m3/tooling/migration-recipes/src/main/java/com/synexia/rewrite/M3HashPinnedJavaSnapshotRecipe.java
834fbe2272bfa8ea660c65f2d8744e164d0b2e94d925d81350be76508bdfc979	6439	evidence/consumer-v3/work/m3/tooling/migration-recipes/src/main/java/com/synexia/rewrite/M3MIndexJoinedCharsViewRecipe.java
42073eafcc0bb1e88a866d07dbb8e96e1c824afd2b8c87d8aebbfa7e2e6d21c4	3625	evidence/consumer-v3/work/m3/tooling/migration-recipes/src/main/java/com/synexia/rewrite/M3SegmentedLaneNativeRecipe.java
5665f6a5eef0dd355db6347213c524ae87f2f0bd4f56e2e1c9c60adf5fe30f8c	371	evidence/consumer-v3/work/m3/tooling/migration-recipes/src/main/resources/META-INF/rewrite/a3-kit.yml
42fc98a398b159b1de31374264c154be34150c46c36e7f35d17f8e49e0ebf7ba	390	evidence/consumer-v3/work/m3/tooling/migration-recipes/src/main/resources/META-INF/rewrite/db-atom.yml
fdb038c62cdea65b1a7e2d96689b587820f2d544ed361ec44d659df8037bf083	384	evidence/consumer-v3/work/m3/tooling/migration-recipes/src/main/resources/META-INF/rewrite/db-build.yml
76cb9c26065855015e0cf14ceaec3ad55d34d85c794ad2e673452d7f391b8123	376	evidence/consumer-v3/work/m3/tooling/migration-recipes/src/main/resources/META-INF/rewrite/db-mark.yml
97f9eb7f3f45ede7acfc00bddfef22ffa2306aef1e4cc751cd1ddc3bb9b0d5d5	1448	evidence/consumer-v3/work/m3/tooling/migration-recipes/src/main/resources/META-INF/rewrite/db.yml
149c9dbbe75eba8f61b7be0d2a76acd8443d9b0e90c7c255e65977a2aafd5c44	779	evidence/consumer-v3/work/m3/tooling/migration-recipes/src/main/resources/META-INF/rewrite/gate.yml
9f3158dc6008fa35728c319edb6867c933cfc90eb44dff532169e473c1571831	407	evidence/consumer-v3/work/m3/tooling/migration-recipes/src/main/resources/META-INF/rewrite/jdk-focus.yml
5729698ca0d9fdc6c909f2bb8f17ffb57b597b3b541a5202e86be01ce331dde0	368	evidence/consumer-v3/work/m3/tooling/migration-recipes/src/main/resources/META-INF/rewrite/m3-a3-algorithm-catalogue.yml
5a62513292d4e617a3eda45fc0de8c9c0028d8d04def9782952d63f3a780d87b	991	evidence/consumer-v3/work/m3/tooling/migration-recipes/src/main/resources/META-INF/rewrite/m3-a3-declarative-delivery.yml
bc2be3e8415c529ff41013859ea8bfd8720c2c7faaad8e364e3ac77575089be4	471	evidence/consumer-v3/work/m3/tooling/migration-recipes/src/main/resources/META-INF/rewrite/m3-a3-lab.yml
531732a2428f3eeb99b1c816eb7e30a0522f0a74d9bf6f57f60b43dd6ae88bf9	518	evidence/consumer-v3/work/m3/tooling/migration-recipes/src/main/resources/META-INF/rewrite/m3-a3-levenshtein-evidence-closure.yml
1c202dbd3938510930e9c8364d0578b1b146bd0120f3e35a59727a043aa5aeb9	473	evidence/consumer-v3/work/m3/tooling/migration-recipes/src/main/resources/META-INF/rewrite/m3-a3-mastery-workflow.yml
5e77791c467cfa8ac434a168a7316d231bf7e79ab1671d39b0fee6493c3f63e9	418	evidence/consumer-v3/work/m3/tooling/migration-recipes/src/main/resources/META-INF/rewrite/m3-a3-native-jni.yml
cfd636693e49d352892bec390a63075c3ff84034ef6a428af61d93e911d9520a	494	evidence/consumer-v3/work/m3/tooling/migration-recipes/src/main/resources/META-INF/rewrite/m3-a3-regex-memory-lab.yml
bd064c712c1be69c0fe2572d3d64256255b49d3d5fe770f1f2f0f1bfe8d9997d	497	evidence/consumer-v3/work/m3/tooling/migration-recipes/src/main/resources/META-INF/rewrite/m3-a3-regex-memory-workflow.yml
9b93ae701393227cc13a6e183dbc2c4bea12558d084a2df98b2201a9441682cc	327	evidence/consumer-v3/work/m3/tooling/migration-recipes/src/main/resources/META-INF/rewrite/m3-a3-serial-file-work.yml
c0b9878ecdd5a947162d95531162c0d632876e8ba8af9bea16a647ac701384ca	364	evidence/consumer-v3/work/m3/tooling/migration-recipes/src/main/resources/META-INF/rewrite/m3-atom-pattern.yml
2d180f5f3c6deff186ee9873f5b19638a94ac922306ffae8483ceb0723d4c818	448	evidence/consumer-v3/work/m3/tooling/migration-recipes/src/main/resources/META-INF/rewrite/m3-class-ver.yml
bb22b7c73de0a50881d8f0ff5e80617a5d10e6744e911232391fdd4092da3327	640	evidence/consumer-v3/work/m3/tooling/migration-recipes/src/main/resources/META-INF/rewrite/m3-collection-lanes.yml
303b689bdfcc87057da8c77c13101ffdeec9b2eb3c83b6505c038c0d54663520	509	evidence/consumer-v3/work/m3/tooling/migration-recipes/src/main/resources/META-INF/rewrite/m3-descriptor.yml
bc1777bf7da670aba66089a8d753a8b9dba047673dfc9fc2b72e4ffd3eb2e2b9	375	evidence/consumer-v3/work/m3/tooling/migration-recipes/src/main/resources/META-INF/rewrite/m3-file-inventory.yml
f9ec35b4af6d74de7dadfc6bd420612703fc08952b77dfa20c94b16132f7ecbc	709	evidence/consumer-v3/work/m3/tooling/migration-recipes/src/main/resources/META-INF/rewrite/m3-java21-convergence.yml
b2485fff5df053cb8b337e47117643325b0660e59cf91bd93ae393a71965fdac	612	evidence/consumer-v3/work/m3/tooling/migration-recipes/src/main/resources/META-INF/rewrite/m3-jcc-source-handoff.yml
429f07bfcd910341b1c1c5e8e7d97b906683ba72b01a2054f47c57f9bb18d572	678	evidence/consumer-v3/work/m3/tooling/migration-recipes/src/main/resources/META-INF/rewrite/m3-jdk-execution-followthrough.yml
b9aad946f09e41c032e533e1546b76c795d3895b9db5ab6ab4d9b28432a71866	550	evidence/consumer-v3/work/m3/tooling/migration-recipes/src/main/resources/META-INF/rewrite/m3-jni-newstring-admission.yml
9500078c41802f47ae7853b352a4cb26a1725a1ec00b4e325cd593bbdda9fcc2	411	evidence/consumer-v3/work/m3/tooling/migration-recipes/src/main/resources/META-INF/rewrite/m3-jni-packet.yml
35c8fb79b0ebfe1260658098fd04a9d4e0f6f2ce22f21aba18d7098ecf34526f	376	evidence/consumer-v3/work/m3/tooling/migration-recipes/src/main/resources/META-INF/rewrite/m3-kit.yml
a105b584e8268a4625f8c8ca972ceefdb3da2ac8730c8d307bd71fada0f7cc4c	328	evidence/consumer-v3/work/m3/tooling/migration-recipes/src/main/resources/META-INF/rewrite/m3-migration.yml
ba3a596cb52c648416d72b3f617c62e5cec07d76eb2116338ecc29d700fd9e25	388	evidence/consumer-v3/work/m3/tooling/migration-recipes/src/main/resources/META-INF/rewrite/m3-recipe-closure.yml
b769e8bbe8e6d2c21b1c22f374858cd0224999dbcdefd1a083b537bc31723e0d	586	evidence/consumer-v3/work/m3/tooling/migration-recipes/src/main/resources/META-INF/rewrite/m3-string-char-boundary.yml
06ff96afb190eab2d374969967d746cbee9ba7983891c4eaae5e94a1aad4a5ad	444	evidence/consumer-v3/work/m3/tooling/migration-recipes/src/main/resources/META-INF/rewrite/m3-version.yml
2eb2866b06db5a0dd9556d2852364d3b3c4b8e18ae286a117eb51fbd58b9c619	804	evidence/consumer-v3/work/m3/tooling/migration-recipes/src/main/resources/META-INF/rewrite/map-facts.yml
3066b89cdca97ca8e521affcffdea5f50fba2d64b0ce0fbd254c6fcbbe5a3c26	829	evidence/consumer-v3/work/m3/tooling/migration-recipes/src/main/resources/META-INF/rewrite/map-guard.yml
4692b563f098e2eeff3c9c9ecda70760d974fa3381d1263d1e00c2b1d7983323	766	evidence/consumer-v3/work/m3/tooling/migration-recipes/src/main/resources/META-INF/rewrite/map-utf.yml
cc1419f7e89a08dba92b3baf231e6afb48e9ab89e32ac1051b32ba5c94b8e4b3	4959	evidence/consumer-v3/work/m3/tooling/migration-recipes/src/main/resources/com/m3/rewrite/a3-algorithm-catalogue/after/A3.java
0de471de5a54e1c87153e4b1c23c4013a800f07595cfc05eec7bd4e68f1345d6	10008	evidence/consumer-v3/work/m3/tooling/migration-recipes/src/main/resources/com/m3/rewrite/a3-algorithm-catalogue/after/A3Alg.java
594ae68ab3994526b03d31db36aab0c11235a10c078c740ffaea7d597884efbe	6270	evidence/consumer-v3/work/m3/tooling/migration-recipes/src/main/resources/com/m3/rewrite/a3-algorithm-catalogue/after/A3AlgTest.java
e973e37826a09fc2571d4df5514cad4fafec37008d65b6a63cb6bf89a96f4800	7885	evidence/consumer-v3/work/m3/tooling/migration-recipes/src/main/resources/com/m3/rewrite/a3-algorithm-catalogue/after/A3Plan.java
8922e21e4f814dc99282cf1828786a0347552454003e23ac2fa91aa8710851b1	4466	evidence/consumer-v3/work/m3/tooling/migration-recipes/src/main/resources/com/m3/rewrite/a3-algorithm-catalogue/after/A3PlanTest.java
8f0f0ebe45593a799e4846ad5f0e468747eae41240af76399e051987e32ee749	4780	evidence/consumer-v3/work/m3/tooling/migration-recipes/src/main/resources/com/m3/rewrite/a3-algorithm-catalogue/before/A3.java
3bbf94aaf28e5f9f7aa8f83405c06845be4afe7da343e7359c7c860ec1494a43	7199	evidence/consumer-v3/work/m3/tooling/migration-recipes/src/main/resources/com/m3/rewrite/a3-algorithm-catalogue/before/A3Plan.java
c089b969939dfed9c00d152f3cb8e0e1798e01750d1496b5d0acd4cbc09cbf56	3402	evidence/consumer-v3/work/m3/tooling/migration-recipes/src/main/resources/com/m3/rewrite/a3-algorithm-catalogue/before/A3PlanTest.java
8f0f0ebe45593a799e4846ad5f0e468747eae41240af76399e051987e32ee749	4780	evidence/consumer-v3/work/m3/tooling/migration-recipes/src/main/resources/com/m3/rewrite/a3-serial-file-work/after/A3.java
f1b87dfdbfc773aa4e3439d2a50ea30cac6f30721a1cf08e39906d5ff0cf4979	5380	evidence/consumer-v3/work/m3/tooling/migration-recipes/src/main/resources/com/m3/rewrite/a3-serial-file-work/after/A3Inv.java
dd56b27fc0f7c7c688dc2520815e627d31b5ea5e4aac53ec747adf3a35874a36	7698	evidence/consumer-v3/work/m3/tooling/migration-recipes/src/main/resources/com/m3/rewrite/a3-serial-file-work/after/A3Work.java
775326b4cadbc416b3c90c368987d92327300cbb97ce5d3d20b9dbc37e56bfe8	9635	evidence/consumer-v3/work/m3/tooling/migration-recipes/src/main/resources/com/m3/rewrite/a3-serial-file-work/after/A3WorkTest.java
de06c459f50727de7e7c16055bbe0aaef23918efd879ae5fc0ef7956672ff833	7759	evidence/consumer-v3/work/m3/tooling/migration-recipes/src/main/resources/com/m3/rewrite/a3-serial-file-work/after/A3WorkTsv.java
9cda5597f77bc3ba837887efde026356277dbb23cbc6a0011612cbc4dde594d0	4215	evidence/consumer-v3/work/m3/tooling/migration-recipes/src/main/resources/com/m3/rewrite/a3-serial-file-work/after/A3WorkValues.java
f8f2598f8b02b060919afe65a0cd593d8a7aecfa1a4de64a4fe9594bbffd0c19	3855	evidence/consumer-v3/work/m3/tooling/migration-recipes/src/main/resources/com/m3/rewrite/a3-serial-file-work/before/A3.java
fb594688d694c3998389f823d76f0c99cb74e40834727d2617b21c0aff11fec1	5310	evidence/consumer-v3/work/m3/tooling/migration-recipes/src/main/resources/com/m3/rewrite/a3-serial-file-work/before/A3Inv.java
f9ec35b4af6d74de7dadfc6bd420612703fc08952b77dfa20c94b16132f7ecbc	709	evidence/consumer-v3/work/m3/tooling/migration-recipes/src/main/resources/com/m3/rewrite/backport/jdk21-hash-pinned-text/a3-declarative-yaml/00-m3-java21-convergence.yml.txt
1d9b1a9e9613a4c85949187dbea7c90eed853c8a17d07c55b921ca21b7920c21	167	evidence/consumer-v3/work/m3/tooling/migration-recipes/src/main/resources/com/m3/rewrite/backport/jdk21-hash-pinned-text/a3-declarative-yaml/manifest.tsv
ca787f4f208199b8516be71da485df9676ef8b23f7b1972fe9b7d8a9b974e424	4302	evidence/consumer-v3/work/m3/tooling/migration-recipes/src/main/resources/com/m3/rewrite/backport/jdk21-hash-pinned-text/a3-levenshtein-evidence-closure/a3-alg.md.txt
1aad547fe2f419cf2f265a8f1d7c492779c1bbc86ef685bfafd47516a98a276e	2752	evidence/consumer-v3/work/m3/tooling/migration-recipes/src/main/resources/com/m3/rewrite/backport/jdk21-hash-pinned-text/a3-levenshtein-evidence-closure/algorithm-catalogue.tsv.txt
71354b8d11941dd594385eff498af6551771b78e54a60278cdbb42b3b841f77c	357	evidence/consumer-v3/work/m3/tooling/migration-recipes/src/main/resources/com/m3/rewrite/backport/jdk21-hash-pinned-text/a3-levenshtein-evidence-closure/manifest.tsv
6ee9e1939eef716a7c24d34967f8c3b634c822c5c05b5c728080920e697869b1	3591	evidence/consumer-v3/work/m3/tooling/migration-recipes/src/main/resources/com/m3/rewrite/backport/jdk21-hash-pinned-text/a3-mastery-workflow/a3-lab.md.txt
d02cc3c3b459df10e9693869852ae6947b1e9a05d01d8fdc6d1036a66d436004	3372	evidence/consumer-v3/work/m3/tooling/migration-recipes/src/main/resources/com/m3/rewrite/backport/jdk21-hash-pinned-text/a3-mastery-workflow/a3-mastery.md.txt
652890e8db13e090c5036f649ce61540f7d3d479660c921fd7b7a0ef5b3e1054	449	evidence/consumer-v3/work/m3/tooling/migration-recipes/src/main/resources/com/m3/rewrite/backport/jdk21-hash-pinned-text/a3-mastery-workflow/manifest.tsv
3e8bbec81071171ddc771d675741bb09a43bbb90db6d40241d85873b896001d0	10858	evidence/consumer-v3/work/m3/tooling/migration-recipes/src/main/resources/com/m3/rewrite/backport/jdk21-hash-pinned-text/a3-mastery-workflow/workflow.yml.txt
1cf843a380106c292bd74dbc78872e812b049f8e89da22bca1e58012ed6e522a	7477	evidence/consumer-v3/work/m3/tooling/migration-recipes/src/main/resources/com/m3/rewrite/backport/jdk21-hash-pinned-text/a3-native-jni-lane/0001.txt
2f075d95ce7c2fdbb2742b92a1c1098864f06d073c56046dc02f02adc5687dec	14827	evidence/consumer-v3/work/m3/tooling/migration-recipes/src/main/resources/com/m3/rewrite/backport/jdk21-hash-pinned-text/a3-native-jni-lane/0002.txt
ab459b28d371c4573477c5c25a4f1605297ed2735965ee6a706b6d32401fc958	5723	evidence/consumer-v3/work/m3/tooling/migration-recipes/src/main/resources/com/m3/rewrite/backport/jdk21-hash-pinned-text/a3-native-jni-lane/0003.txt
ab6433b0a1d50c358d65d0aad9ed2b7bbc7b8be1ca10b0302e53fefac0d7a5d8	17732	evidence/consumer-v3/work/m3/tooling/migration-recipes/src/main/resources/com/m3/rewrite/backport/jdk21-hash-pinned-text/a3-native-jni-lane/0004.txt
0696920895992399dd8272b100a07a38f0474437d9121e1e0d1e0445fef7c942	3766	evidence/consumer-v3/work/m3/tooling/migration-recipes/src/main/resources/com/m3/rewrite/backport/jdk21-hash-pinned-text/a3-native-jni-lane/0005.txt
ba67ff2e3ff5a1eb80cfe6d9957c4f6fe378f9ffa300d4a3c8f59f4fbb2f39a5	15440	evidence/consumer-v3/work/m3/tooling/migration-recipes/src/main/resources/com/m3/rewrite/backport/jdk21-hash-pinned-text/a3-native-jni-lane/0006.txt
f1485bab548eee4e0352d97cfa42677bd5ddc7ba3546c220cdbdcbfc5ec5cab0	6187	evidence/consumer-v3/work/m3/tooling/migration-recipes/src/main/resources/com/m3/rewrite/backport/jdk21-hash-pinned-text/a3-native-jni-lane/0007.txt
d315fd7c7c9df68eacf3a1c5d816e504b1d20d8bf1d2cd86b18af9da9d2bcf1e	1139	evidence/consumer-v3/work/m3/tooling/migration-recipes/src/main/resources/com/m3/rewrite/backport/jdk21-hash-pinned-text/a3-native-jni-lane/manifest.tsv
475677c6a28969cf68f4ad807ac6b778f24b87bb87284e9cf8f88a032cb7b96c	4761	evidence/consumer-v3/work/m3/tooling/migration-recipes/src/main/resources/com/m3/rewrite/backport/jdk21-hash-pinned-text/a3-proof-kit/before-workflow.yml.txt
26dfba89f2b4de3d33f3ad55c60d1b1e6f55a9720fe9d6ab1d778eb300383b9a	182	evidence/consumer-v3/work/m3/tooling/migration-recipes/src/main/resources/com/m3/rewrite/backport/jdk21-hash-pinned-text/a3-proof-kit/manifest.tsv
22421943e3c62a53fe40d59b9f03bcd9fb0f14511d4714c8b857f3a7b36ee71d	4830	evidence/consumer-v3/work/m3/tooling/migration-recipes/src/main/resources/com/m3/rewrite/backport/jdk21-hash-pinned-text/a3-proof-kit/workflow.yml.txt
d9d39747f40bb5eff6ba8639e1e5d0554f0223cc94c09443fe1b2054aac9c3d6	5171	evidence/consumer-v3/work/m3/tooling/migration-recipes/src/main/resources/com/m3/rewrite/backport/jdk21-hash-pinned-text/a3-regex-memory-workflow/a3-lab.md.txt
01a428a662ffbdbd22dcd39d1fea7b69084ce34cada0bb5582b8c3686615750d	3974	evidence/consumer-v3/work/m3/tooling/migration-recipes/src/main/resources/com/m3/rewrite/backport/jdk21-hash-pinned-text/a3-regex-memory-workflow/a3-mastery.md.txt
39ff7949565412e2b8587fb428545d722c70fb360c8ee66962b08754642c6d17	507	evidence/consumer-v3/work/m3/tooling/migration-recipes/src/main/resources/com/m3/rewrite/backport/jdk21-hash-pinned-text/a3-regex-memory-workflow/manifest.tsv
b408f0b8d0e4d6e197230e3cb1469d14e0d52aecd33ac55c71f11d513d6e23ec	10881	evidence/consumer-v3/work/m3/tooling/migration-recipes/src/main/resources/com/m3/rewrite/backport/jdk21-hash-pinned-text/a3-regex-memory-workflow/workflow.yml.txt
c3975aa00fc1196d9d9e1c2e08e02a3accf2175302f1bdd352419e8e0b9a3ce1	3414	evidence/consumer-v3/work/m3/tooling/migration-recipes/src/main/resources/com/m3/rewrite/backport/jdk21-hash-pinned-text/db-meta/00-m3-db-parse.yml.txt
bdda9c5bac33e3bbaca8a888571e4489d72fa238195f26e0b0debef960da3d76	2701	evidence/consumer-v3/work/m3/tooling/migration-recipes/src/main/resources/com/m3/rewrite/backport/jdk21-hash-pinned-text/db-meta/01-pom.xml.txt
4482cb3bce9d13de6384773964ef63b4712106c3199a843b09b8b07f12cdcca3	3192	evidence/consumer-v3/work/m3/tooling/migration-recipes/src/main/resources/com/m3/rewrite/backport/jdk21-hash-pinned-text/db-meta/02-DESIGN.md.txt
c4536c1ebb91922be915a5713f7c2fe5931b542798d023b43d9db6e952dc6b08	1816	evidence/consumer-v3/work/m3/tooling/migration-recipes/src/main/resources/com/m3/rewrite/backport/jdk21-hash-pinned-text/db-meta/03-TASK_PACKET.json.txt
d58a931e2b61ab8ef0e78aa29f91179d85f35dc41e16bc8f69cffa98389832be	1590	evidence/consumer-v3/work/m3/tooling/migration-recipes/src/main/resources/com/m3/rewrite/backport/jdk21-hash-pinned-text/db-meta/04-pom.xml.txt
ecad880e103962bcd9a5f136ab18fd8c6e11a43b82dd91b1e4ce1454c21dc029	1561	evidence/consumer-v3/work/m3/tooling/migration-recipes/src/main/resources/com/m3/rewrite/backport/jdk21-hash-pinned-text/db-meta/before-pom.xml.txt
9b3dd65526e174b2d65f307582a6969b7423101600170319e2ea90518bcf0470	675	evidence/consumer-v3/work/m3/tooling/migration-recipes/src/main/resources/com/m3/rewrite/backport/jdk21-hash-pinned-text/db-meta/manifest.tsv
7fd7f4b25571bf13fc3e2048b87d730e8346e29102fd4a4159c0144699df55a8	13978	evidence/consumer-v3/work/m3/tooling/migration-recipes/src/main/resources/com/m3/rewrite/backport/jdk21-hash-pinned-text/gate-meta/00-04-module-info.java.txt.txt
9840f7df906c76374303e06ae1cff0e8e64f9b7c26ccd8bb72cd78d52ab8b764	1071	evidence/consumer-v3/work/m3/tooling/migration-recipes/src/main/resources/com/m3/rewrite/backport/jdk21-hash-pinned-text/gate-meta/01-manifest.tsv.txt
366ba913bfd9bb6fba5821f490df81cead34268e54818f7eb4c26962fada8ba1	3869	evidence/consumer-v3/work/m3/tooling/migration-recipes/src/main/resources/com/m3/rewrite/backport/jdk21-hash-pinned-text/gate-meta/02-manifest.tsv.txt
2a5c781c50f48e19f3f9ec0ba99cb6f894e76779b088dc7d04d3ddda73251245	239	evidence/consumer-v3/work/m3/tooling/migration-recipes/src/main/resources/com/m3/rewrite/backport/jdk21-hash-pinned-text/gate-meta/03-manifest.tsv.txt
4e51fd1acaf8a22036d2dc5d0b405509f3f469d6e4054c8a0a4133cfe230d7a4	251	evidence/consumer-v3/work/m3/tooling/migration-recipes/src/main/resources/com/m3/rewrite/backport/jdk21-hash-pinned-text/gate-meta/04-manifest.tsv.txt
c9cccc1d35d80c36a802ffae1adb8466f550a6d1fcf721465c592443d031f651	872	evidence/consumer-v3/work/m3/tooling/migration-recipes/src/main/resources/com/m3/rewrite/backport/jdk21-hash-pinned-text/gate-meta/before-01-manifest.tsv.txt
e2f7b8d722b6db9c20e70299d8e944841ee85afebf2ee2e48d9fce1e7c88dcfd	4068	evidence/consumer-v3/work/m3/tooling/migration-recipes/src/main/resources/com/m3/rewrite/backport/jdk21-hash-pinned-text/gate-meta/before-02-manifest.tsv.txt
353eead634c63074aa14e2e66154e087e7f431c2d6ea61a7e7f9a525276fe344	245	evidence/consumer-v3/work/m3/tooling/migration-recipes/src/main/resources/com/m3/rewrite/backport/jdk21-hash-pinned-text/gate-meta/before-03-manifest.tsv.txt
de0c447eb5172f9ea516c2d2ccde0ca099508e8e843c4d3c2c6e5a271ecec40e	257	evidence/consumer-v3/work/m3/tooling/migration-recipes/src/main/resources/com/m3/rewrite/backport/jdk21-hash-pinned-text/gate-meta/before-04-manifest.tsv.txt
08eafb7dfce6f0b9403338277fbd3c04c521a39921d8b27148da1072b7687be8	1377	evidence/consumer-v3/work/m3/tooling/migration-recipes/src/main/resources/com/m3/rewrite/backport/jdk21-hash-pinned-text/gate-meta/manifest.tsv
fff2e02f72c07f89c6f8bcabab3839878ff8628f0b31b04bb3632eb62be10337	17031	evidence/consumer-v3/work/m3/tooling/migration-recipes/src/main/resources/com/m3/rewrite/backport/jdk21-hash-pinned-text/jcc-handoff-20261005/01-jcc-source-handoff.md.txt
cdb5d7f4a0746fe561f51fa9a13cbd9fa319f8196bfd3075ca2288be7f3d1126	24139	evidence/consumer-v3/work/m3/tooling/migration-recipes/src/main/resources/com/m3/rewrite/backport/jdk21-hash-pinned-text/jcc-handoff-20261005/02-source-destination-bindings.json.txt
cba3b3315df643f328c4acb2fd08b5194262dc7ad7b40557107a8c614355f55b	107504	evidence/consumer-v3/work/m3/tooling/migration-recipes/src/main/resources/com/m3/rewrite/backport/jdk21-hash-pinned-text/jcc-handoff-20261005/03-root-coverage-obligations.tsv.txt
536af76dd7b7b7217707662c2f1437af4adaa53af898627b0884e0b4f4603ace	220539	evidence/consumer-v3/work/m3/tooling/migration-recipes/src/main/resources/com/m3/rewrite/backport/jdk21-hash-pinned-text/jcc-handoff-20261005/after00-name-mapping.json.txt
67d40925b97a38c3c1a85f337806524ac590a540bd39647b3e4b0988f2ae3fbb	196161	evidence/consumer-v3/work/m3/tooling/migration-recipes/src/main/resources/com/m3/rewrite/backport/jdk21-hash-pinned-text/jcc-handoff-20261005/before00-name-mapping.json.txt
258b5ab6f6cb7099685ee4548d5430fcb952561fefdf565a6dff149cf50c5f06	687	evidence/consumer-v3/work/m3/tooling/migration-recipes/src/main/resources/com/m3/rewrite/backport/jdk21-hash-pinned-text/jcc-handoff-20261005/manifest.tsv
8034d77f1124584888dce10760bd2f5dae55eeb93497f7a0db1d09a3a197ec5f	2873	evidence/consumer-v3/work/m3/tooling/migration-recipes/src/main/resources/com/m3/rewrite/backport/jdk21-hash-pinned-text/jcc-handoff-20261005/plan-intake-8131.json
648f80ae4073400f1ea1210f8cdc26942019d53eb4452d839961c466f395d05a	2861	evidence/consumer-v3/work/m3/tooling/migration-recipes/src/main/resources/com/m3/rewrite/backport/jdk21-hash-pinned-text/jcc-handoff-20261005/plan.json
8546f36bedda510ee12be8b810b9b9a2ea6a6921a4627cffe19bbfb3395c3e57	3876	evidence/consumer-v3/work/m3/tooling/migration-recipes/src/main/resources/com/m3/rewrite/backport/jdk21-hash-pinned-text/jdk21-developer-image-proof-20261004/00-DEVELOPER_PROFILE.md.txt
836e45bea57b2dfe42d41d6ff82e97c65ccbe240841de5dcb0033135e6560193	9212	evidence/consumer-v3/work/m3/tooling/migration-recipes/src/main/resources/com/m3/rewrite/backport/jdk21-hash-pinned-text/jdk21-developer-image-proof-20261004/01-build_pack.py.txt
fe1ea49f5b84775ef568e353a64738ab1d99dd656597dc086bc08542c6128d0d	7333	evidence/consumer-v3/work/m3/tooling/migration-recipes/src/main/resources/com/m3/rewrite/backport/jdk21-hash-pinned-text/jdk21-developer-image-proof-20261004/02-developer_tools.py.txt
42cf48177320ad9aa6494c37862f8090343ae57a9c96b954e9a516c4344da0a1	7040	evidence/consumer-v3/work/m3/tooling/migration-recipes/src/main/resources/com/m3/rewrite/backport/jdk21-hash-pinned-text/jdk21-developer-image-proof-20261004/03-test_developer.py.txt
3f14a05c25ce177329d13ce5e104185685d3e0bee0a36b72b4fa69909e35f2c1	4476	evidence/consumer-v3/work/m3/tooling/migration-recipes/src/main/resources/com/m3/rewrite/backport/jdk21-hash-pinned-text/jdk21-developer-image-proof-20261004/04-pom.xml.txt
fc85449b4736b728b5820f9e47a14d64bfebadd40267d7a44c765d0b0ea1dd3b	5464	evidence/consumer-v3/work/m3/tooling/migration-recipes/src/main/resources/com/m3/rewrite/backport/jdk21-hash-pinned-text/jdk21-developer-image-proof-20261004/05-verify_backport.py.txt
db892f845bf41bd0129473c1ef0a43f4ac96679fdc47a6a6355c2e44ccfaee24	8427	evidence/consumer-v3/work/m3/tooling/migration-recipes/src/main/resources/com/m3/rewrite/backport/jdk21-hash-pinned-text/jdk21-developer-image-proof-20261004/before-01-build_pack.py.txt
3fd45ee524d2d5df0ed34da5b0caf66a284e060776df05c28140b6ed2f0654ce	901	evidence/consumer-v3/work/m3/tooling/migration-recipes/src/main/resources/com/m3/rewrite/backport/jdk21-hash-pinned-text/jdk21-developer-image-proof-20261004/manifest.tsv
31872b750aa23c7aa4f67aac6a8d3f9de3679a9d2453174ca4b02a7b6ccd413e	6928	evidence/consumer-v3/work/m3/tooling/migration-recipes/src/main/resources/com/m3/rewrite/backport/jdk21-hash-pinned-text/jdk22-jep458-multifile-text/00-CompileInterimLangtools.gmk.txt
0c730b868000918deb0063883430541af00df3185a86bcbd8b5f6cd994714334	14656	evidence/consumer-v3/work/m3/tooling/migration-recipes/src/main/resources/com/m3/rewrite/backport/jdk21-hash-pinned-text/jdk22-jep458-multifile-text/01-java-base-launcher.properties.txt
6fbadcab56bd85135aff4d3005102d121ac2f55f295e09a92542554d7d3c3ea0	77800	evidence/consumer-v3/work/m3/tooling/migration-recipes/src/main/resources/com/m3/rewrite/backport/jdk21-hash-pinned-text/jdk22-jep458-multifile-text/02-java.c.txt
d7da4ec3900f9cc21d082ffffe41f2d16caf7100a7fe8acd38d96938fbfc8eaf	5528	evidence/consumer-v3/work/m3/tooling/migration-recipes/src/main/resources/com/m3/rewrite/backport/jdk21-hash-pinned-text/jdk22-jep458-multifile-text/03-jdk-compiler-launcher.properties.txt
7fd7f4b25571bf13fc3e2048b87d730e8346e29102fd4a4159c0144699df55a8	13978	evidence/consumer-v3/work/m3/tooling/migration-recipes/src/main/resources/com/m3/rewrite/backport/jdk21-hash-pinned-text/jdk22-jep458-multifile-text/04-module-info.java.txt
9840f7df906c76374303e06ae1cff0e8e64f9b7c26ccd8bb72cd78d52ab8b764	1071	evidence/consumer-v3/work/m3/tooling/migration-recipes/src/main/resources/com/m3/rewrite/backport/jdk21-hash-pinned-text/jdk22-jep458-multifile-text/manifest.tsv
b25548a5a7564b6e6d5948dfa6d746a34e0d23ef30712d5868929cf7fef592ab	30125	evidence/consumer-v3/work/m3/tooling/migration-recipes/src/main/resources/com/m3/rewrite/backport/jdk21-hash-pinned-text/jdk27-javadoc-8347112-text/01-standard.properties.txt
78a6b569484fc2e026e5b4e3c98d2822cc3d54f80bf8477ee19dc4f40dcff9d6	57262	evidence/consumer-v3/work/m3/tooling/migration-recipes/src/main/resources/com/m3/rewrite/backport/jdk21-hash-pinned-text/jdk27-javadoc-8347112-text/02-javadoc.1.txt
31b5f1947703c25fe9ad6ec433f239fa741436d049dbb59be2a191edf45c55e5	442	evidence/consumer-v3/work/m3/tooling/migration-recipes/src/main/resources/com/m3/rewrite/backport/jdk21-hash-pinned-text/jdk27-javadoc-8347112-text/manifest.tsv
7c53cc101c3f381fbba4df743e659cdc049c588fd0061dbd7de6fd72373f2ea5	25449	evidence/consumer-v3/work/m3/tooling/migration-recipes/src/main/resources/com/m3/rewrite/backport/jdk21-hash-pinned-text/jdk27-jfr-options-help-8367584-dcmd-cpp/00-jfrDcmds.cpp.txt
4e7a6f467d408eff5810d60406fdef0d2fd47d5885e9ac049a41a269dd9f4e1b	190	evidence/consumer-v3/work/m3/tooling/migration-recipes/src/main/resources/com/m3/rewrite/backport/jdk21-hash-pinned-text/jdk27-jfr-options-help-8367584-dcmd-cpp/manifest.tsv
f218adaf8f4b808c27c08f3646999165bfd6e6e549954e8648a31d6725e349c1	7274	evidence/consumer-v3/work/m3/tooling/migration-recipes/src/main/resources/com/m3/rewrite/backport/jdk21-hash-pinned-text/jdk27-jfr-options-help-8367584-dcmd-hpp/00-jfrDcmds.hpp.txt
ed63b31e69831051e2ef854f78d006d9d063d4b6568b4e511bbf1a7cb8b99fec	190	evidence/consumer-v3/work/m3/tooling/migration-recipes/src/main/resources/com/m3/rewrite/backport/jdk21-hash-pinned-text/jdk27-jfr-options-help-8367584-dcmd-hpp/manifest.tsv
798f1b1b8c829ba5a5bd2197bdb2e69be0c29c5d51541ee224c4af0ab779c0a2	29359	evidence/consumer-v3/work/m3/tooling/migration-recipes/src/main/resources/com/m3/rewrite/backport/jdk21-hash-pinned-text/jdk27-jfr-options-help-8367584-option-set/00-jfrOptionSet.cpp.txt
6e28b8e278ca8e8e2184a7b885be433cf4c0fc1082125b229fb3ecb4734b0726	210	evidence/consumer-v3/work/m3/tooling/migration-recipes/src/main/resources/com/m3/rewrite/backport/jdk21-hash-pinned-text/jdk27-jfr-options-help-8367584-option-set/manifest.tsv
a10aa2b1c0e78309438d00d218979152aa90a5b0c9a219cee79a6fb584e37630	65380	evidence/consumer-v3/work/m3/tooling/migration-recipes/src/main/resources/com/m3/rewrite/backport/jdk21-hash-pinned-text/jdk27-password-systemin-8368692-text/00-java.security.txt
6f72ba5990199b3f5353081d71db86a8d6ed64412faee408d891de0959ec6f74	199	evidence/consumer-v3/work/m3/tooling/migration-recipes/src/main/resources/com/m3/rewrite/backport/jdk21-hash-pinned-text/jdk27-password-systemin-8368692-text/manifest.tsv
eeffc686c1eef000be5e3be5eb02e13257c744a63ea926762e9d4749fadecc67	84967	evidence/consumer-v3/work/m3/tooling/migration-recipes/src/main/resources/com/m3/rewrite/backport/jdk21-hash-pinned-text/jdk27-security-properties-8364182-text/00-vmSymbols.hpp.txt
4673fdbcfde7930471ba9bc50dc69334570db017479a9531bf58776a705d400f	44209	evidence/consumer-v3/work/m3/tooling/migration-recipes/src/main/resources/com/m3/rewrite/backport/jdk21-hash-pinned-text/jdk27-security-properties-8364182-text/01-diagnosticCommand.cpp.txt
3a16220bc3b5cd463ff8442aa6f2f87815d37bd4872d056d54be1d7e82fe64f7	29578	evidence/consumer-v3/work/m3/tooling/migration-recipes/src/main/resources/com/m3/rewrite/backport/jdk21-hash-pinned-text/jdk27-security-properties-8364182-text/02-diagnosticCommand.hpp.txt
ecde84303e4c4df6ced406a4d2aaeff3cf518f3f3d0034fe009959666dddd842	609	evidence/consumer-v3/work/m3/tooling/migration-recipes/src/main/resources/com/m3/rewrite/backport/jdk21-hash-pinned-text/jdk27-security-properties-8364182-text/manifest.tsv
0b84d414691f94450d23bf8380cf3a6369cd2b17cef94d80ab8332dfe2caed81	6176	evidence/consumer-v3/work/m3/tooling/migration-recipes/src/main/resources/com/m3/rewrite/backport/jdk21-hash-pinned-text/jni-packet/00-m3-jni-fix.yml.txt
1fb24fcd455de4985c816811d800c4984bf03a00dd74a887e6f03d26e58fe7ab	1295	evidence/consumer-v3/work/m3/tooling/migration-recipes/src/main/resources/com/m3/rewrite/backport/jdk21-hash-pinned-text/jni-packet/01-Fix.py.txt
556b7d86c0fba1b31174d436584badb5f8debba6d7ca9717958d623c26b94753	3238	evidence/consumer-v3/work/m3/tooling/migration-recipes/src/main/resources/com/m3/rewrite/backport/jdk21-hash-pinned-text/jni-packet/02-README.md.txt
d1112f107da7e1996efc35296fd605d0df0a0002e3515ab02bebca7ea4b3c1c1	723	evidence/consumer-v3/work/m3/tooling/migration-recipes/src/main/resources/com/m3/rewrite/backport/jdk21-hash-pinned-text/jni-packet/03-manifest.json.txt
01eda14f95670a22c8f3a87b427b501381c817311d72943308aff44df4a8c84b	2077	evidence/consumer-v3/work/m3/tooling/migration-recipes/src/main/resources/com/m3/rewrite/backport/jdk21-hash-pinned-text/jni-packet/04-pom.xml.txt
6c9d1e5aa647dfe00d4d6cf049c00d6bda41c4de99f809eae6ab1301889473b8	1533	evidence/consumer-v3/work/m3/tooling/migration-recipes/src/main/resources/com/m3/rewrite/backport/jdk21-hash-pinned-text/jni-packet/05-runtime.patch.txt
485f56f0fbae9baa5bd70850fb900c47b9a58a35cb1d20e77efa333802846f32	4386	evidence/consumer-v3/work/m3/tooling/migration-recipes/src/main/resources/com/m3/rewrite/backport/jdk21-hash-pinned-text/jni-packet/06-test_fix.py.txt
e9eb8fdd193d1136f9d54a034c54e7294f0f2438b6e02617979746f036e35fc0	6774	evidence/consumer-v3/work/m3/tooling/migration-recipes/src/main/resources/com/m3/rewrite/backport/jdk21-hash-pinned-text/jni-packet/07-manifest.json.txt
aaf30a9b7195855444574f66bd00fd75ec8c183ff38aedf6f0dcf4f9f5f362c3	6698	evidence/consumer-v3/work/m3/tooling/migration-recipes/src/main/resources/com/m3/rewrite/backport/jdk21-hash-pinned-text/jni-packet/before-07-manifest.json.txt
8661c270eadb65f06cc9fc36f3261db6f7a5c3abd53caa95ab3ff14537832d46	1088	evidence/consumer-v3/work/m3/tooling/migration-recipes/src/main/resources/com/m3/rewrite/backport/jdk21-hash-pinned-text/jni-packet/manifest.tsv
474a16d0daad280133bc51418ab6fe3c40fa5fb0d52e929adc0903b86c4bd129	1074	evidence/consumer-v3/work/m3/tooling/migration-recipes/src/main/resources/com/m3/rewrite/backport/jdk21-hash-pinned-text/map-facts/before-workflow.yml.txt
a11ac37e9a84ab7472cdc5001eeb70e00adf7f25e9a7e87ab45e788e4f310603	191	evidence/consumer-v3/work/m3/tooling/migration-recipes/src/main/resources/com/m3/rewrite/backport/jdk21-hash-pinned-text/map-facts/manifest.tsv
05aac4ad4b59e722bab8cd2e9af6ba1b5917debd6b240790573073964d919d4f	1266	evidence/consumer-v3/work/m3/tooling/migration-recipes/src/main/resources/com/m3/rewrite/backport/jdk21-hash-pinned-text/map-facts/workflow.yml.txt
ed41a4a628adf1f7767ae00578e1f75944ea54a72434b2beef04df0031be92b2	974	evidence/consumer-v3/work/m3/tooling/migration-recipes/src/main/resources/com/m3/rewrite/backport/jdk21-hash-pinned-text/map-guard/before-workflow.yml.txt
7c327e6b56d0ca544adf36071e97bbc63bc11ec49d684efa20237d3a1a33197a	191	evidence/consumer-v3/work/m3/tooling/migration-recipes/src/main/resources/com/m3/rewrite/backport/jdk21-hash-pinned-text/map-guard/manifest.tsv
05aac4ad4b59e722bab8cd2e9af6ba1b5917debd6b240790573073964d919d4f	1266	evidence/consumer-v3/work/m3/tooling/migration-recipes/src/main/resources/com/m3/rewrite/backport/jdk21-hash-pinned-text/map-guard/workflow.yml.txt
474a16d0daad280133bc51418ab6fe3c40fa5fb0d52e929adc0903b86c4bd129	1074	evidence/consumer-v3/work/m3/tooling/migration-recipes/src/main/resources/com/m3/rewrite/backport/jdk21-hash-pinned-text/map-utf/before-workflow.yml.txt
a11ac37e9a84ab7472cdc5001eeb70e00adf7f25e9a7e87ab45e788e4f310603	191	evidence/consumer-v3/work/m3/tooling/migration-recipes/src/main/resources/com/m3/rewrite/backport/jdk21-hash-pinned-text/map-utf/manifest.tsv
05aac4ad4b59e722bab8cd2e9af6ba1b5917debd6b240790573073964d919d4f	1266	evidence/consumer-v3/work/m3/tooling/migration-recipes/src/main/resources/com/m3/rewrite/backport/jdk21-hash-pinned-text/map-utf/workflow.yml.txt
36d8b7d6f79643c290d13b64575fcaada7cf3e519bca303987cbdc152b5a3186	124	evidence/consumer-v3/work/m3/tooling/migration-recipes/src/main/resources/com/m3/rewrite/backport/jdk21-hash-pinned-text/proof-kit/manifest.tsv
ad4fa143d9ffa9fa769d9651772bbf48eaa6bc77bd4b4d0ffdcdf40215a6228b	4481	evidence/consumer-v3/work/m3/tooling/migration-recipes/src/main/resources/com/m3/rewrite/backport/jdk21-hash-pinned-text/proof-kit/workflow.yml.txt
12c1e5cebc488f9d4669d668caf004854c436812122ec63bf1173d3ae3a57d3c	6987	evidence/consumer-v3/work/m3/tooling/migration-recipes/src/main/resources/com/m3/rewrite/backport/jdk21-hash-pinned/jdk22-class-ver/00-inspector.java.txt
daeab2f471d0df3135f3797c4df5734c4005636923c7b8eae1aaf0059d790912	9189	evidence/consumer-v3/work/m3/tooling/migration-recipes/src/main/resources/com/m3/rewrite/backport/jdk21-hash-pinned/jdk22-class-ver/01-checks.java.txt
7e0195b4aa23d926c2cb45508768dfd4eeff4d6565acbb9a89893a6bb4fc9794	558	evidence/consumer-v3/work/m3/tooling/migration-recipes/src/main/resources/com/m3/rewrite/backport/jdk21-hash-pinned/jdk22-class-ver/02-test.java.txt
6e3599202a1afc6f1971c6a88b8c8e5d31f410c9295e87e85d5e46c779c5905e	6693	evidence/consumer-v3/work/m3/tooling/migration-recipes/src/main/resources/com/m3/rewrite/backport/jdk21-hash-pinned/jdk22-class-ver/before-00-inspector.java.txt
d927952d199afa2da9f115494dbb68066acb3c9a90b33213a0a4127de1cb3b57	531	evidence/consumer-v3/work/m3/tooling/migration-recipes/src/main/resources/com/m3/rewrite/backport/jdk21-hash-pinned/jdk22-class-ver/manifest.tsv
1333a9cf8b96b8c919d1c098899648d0a82cdce7e775167fe3ff2e571c54ec67	1815	evidence/consumer-v3/work/m3/tooling/migration-recipes/src/main/resources/com/m3/rewrite/backport/jdk21-hash-pinned/jdk22-descriptor/00-Descriptor.java.txt
4c7fc3b36ac32873e6f4f6e7aecc71b0e1bfe82a85b61a3114cf7e88a057b578	9136	evidence/consumer-v3/work/m3/tooling/migration-recipes/src/main/resources/com/m3/rewrite/backport/jdk21-hash-pinned/jdk22-descriptor/01-DescriptorTest.java.txt
df17c48e54de060060e4393e5c2f3e8e2f068bad38a69576a82709cc6d4cbdb9	2367	evidence/consumer-v3/work/m3/tooling/migration-recipes/src/main/resources/com/m3/rewrite/backport/jdk21-hash-pinned/jdk22-descriptor/before-00-Descriptor.java.txt
6c42ad2af4f9c5d24501a94eebd145c5cf77ed505ce1a1bb62d5b06b6c341cd1	396	evidence/consumer-v3/work/m3/tooling/migration-recipes/src/main/resources/com/m3/rewrite/backport/jdk21-hash-pinned/jdk22-descriptor/manifest.tsv
7fd7f4b25571bf13fc3e2048b87d730e8346e29102fd4a4159c0144699df55a8	13978	evidence/consumer-v3/work/m3/tooling/migration-recipes/src/main/resources/com/m3/rewrite/backport/jdk21-hash-pinned/jdk22-jep458-multifile-java/00-module-info.java.txt
a8125e7682911aebee88b79df90902661c08b6938dc8584d2a4d9ca786f714ee	11575	evidence/consumer-v3/work/m3/tooling/migration-recipes/src/main/resources/com/m3/rewrite/backport/jdk21-hash-pinned/jdk22-jep458-multifile-java/01-Preview.java.txt
ea6dea5bdc8342d246a65e6520bb0bd8f5c1bc2a4050e4b21fb4a750b7395d01	2848	evidence/consumer-v3/work/m3/tooling/migration-recipes/src/main/resources/com/m3/rewrite/backport/jdk21-hash-pinned/jdk22-jep458-multifile-java/02-Fault.java.txt
28fca3222f297b7ebc25598cfff30423f721313845733dbeacdff62b491aeb9e	11491	evidence/consumer-v3/work/m3/tooling/migration-recipes/src/main/resources/com/m3/rewrite/backport/jdk21-hash-pinned/jdk22-jep458-multifile-java/03-MemoryClassLoader.java.txt
b931e3f2fa7615a67be8c34bf41074f50e475c0f676db96a85485ecce072abc0	12181	evidence/consumer-v3/work/m3/tooling/migration-recipes/src/main/resources/com/m3/rewrite/backport/jdk21-hash-pinned/jdk22-jep458-multifile-java/04-MemoryContext.java.txt
26a5b3cb994d4b582e9538a6bbd7778a94abcaf047014fb8f984b4fe2c298fc9	3672	evidence/consumer-v3/work/m3/tooling/migration-recipes/src/main/resources/com/m3/rewrite/backport/jdk21-hash-pinned/jdk22-jep458-multifile-java/05-MemoryFileManager.java.txt
784837a563756ec6f9fa71aed53849db06e1f30d835a9838a401d00efd3ae19c	6132	evidence/consumer-v3/work/m3/tooling/migration-recipes/src/main/resources/com/m3/rewrite/backport/jdk21-hash-pinned/jdk22-jep458-multifile-java/06-MemoryModuleFinder.java.txt
c1342044fa7095949315397710e282444086d2e465a8988af2a9c6b88d1dd061	5209	evidence/consumer-v3/work/m3/tooling/migration-recipes/src/main/resources/com/m3/rewrite/backport/jdk21-hash-pinned/jdk22-jep458-multifile-java/07-ProgramDescriptor.java.txt
7b98756c484d250da48988c4f63f4556863f8d40544856f7ed2e537d9b0c9fa4	5101	evidence/consumer-v3/work/m3/tooling/migration-recipes/src/main/resources/com/m3/rewrite/backport/jdk21-hash-pinned/jdk22-jep458-multifile-java/08-ProgramFileObject.java.txt
590abf6d39fd3c83a764e362b527074b53113a7fac37001a31cd0d1dd948388b	6813	evidence/consumer-v3/work/m3/tooling/migration-recipes/src/main/resources/com/m3/rewrite/backport/jdk21-hash-pinned/jdk22-jep458-multifile-java/09-RelevantJavacOptions.java.txt
00a67e27dfbd9cbe5090b02eb8a77ccbb51960d471df60c35c19ccb8800fc2ed	1770	evidence/consumer-v3/work/m3/tooling/migration-recipes/src/main/resources/com/m3/rewrite/backport/jdk21-hash-pinned/jdk22-jep458-multifile-java/10-Result.java.txt
e88840c52b8d1d57a6202e1edc77584e1419d996e5f89c41e053bc6b0f7112c5	11728	evidence/consumer-v3/work/m3/tooling/migration-recipes/src/main/resources/com/m3/rewrite/backport/jdk21-hash-pinned/jdk22-jep458-multifile-java/11-SourceLauncher.java.txt
604714c53846bf45cf5a60bad3906ec94a0741e599e6fb60fe6e19c0e115b722	56358	evidence/consumer-v3/work/m3/tooling/migration-recipes/src/main/resources/com/m3/rewrite/backport/jdk21-hash-pinned/jdk22-jep458-multifile-java/12-Option.java.txt
20ac6094200b19304a3df66dd9abdcbb296bf30a04e643d4fa8ffebca0443ada	4569	evidence/consumer-v3/work/m3/tooling/migration-recipes/src/main/resources/com/m3/rewrite/backport/jdk21-hash-pinned/jdk22-jep458-multifile-java/13-BasicSourceLauncherTests.java.txt
e96691270eb4a1b9dc1d24ec4534a6928c0da3c41ad682a1192dedb5a2a6fc1e	2258	evidence/consumer-v3/work/m3/tooling/migration-recipes/src/main/resources/com/m3/rewrite/backport/jdk21-hash-pinned/jdk22-jep458-multifile-java/14-GetResourceTest.java.txt
041ffa57b35e893897a0868ec9e0843faf3fa8fa2cb849d20178a2ffbc595c3e	8634	evidence/consumer-v3/work/m3/tooling/migration-recipes/src/main/resources/com/m3/rewrite/backport/jdk21-hash-pinned/jdk22-jep458-multifile-java/15-ModuleSourceLauncherTests.java.txt
6720ed7ca21d113ae3b9a35c8aa202da26826d75ad4afcee03a1db470f6e048b	11925	evidence/consumer-v3/work/m3/tooling/migration-recipes/src/main/resources/com/m3/rewrite/backport/jdk21-hash-pinned/jdk22-jep458-multifile-java/16-MultiFileSourceLauncherTests.java.txt
6eb2adca875262a479c4557818b26cf0d5111556173624d90d78264c81e6a9e7	3411	evidence/consumer-v3/work/m3/tooling/migration-recipes/src/main/resources/com/m3/rewrite/backport/jdk21-hash-pinned/jdk22-jep458-multifile-java/17-ProgramDescriptorTests.java.txt
e47beaaaf542064dc1e9ccf3256b6ef0981824d6766c47106d809928576d659c	2645	evidence/consumer-v3/work/m3/tooling/migration-recipes/src/main/resources/com/m3/rewrite/backport/jdk21-hash-pinned/jdk22-jep458-multifile-java/18-Run.java.txt
4b6453855a78988ccf4c7a7c2596190011f47dcccd494a49c2fc7834279886cf	35361	evidence/consumer-v3/work/m3/tooling/migration-recipes/src/main/resources/com/m3/rewrite/backport/jdk21-hash-pinned/jdk22-jep458-multifile-java/19-SourceLauncherTest.java.txt
a53a4ad6a6e38c069b02ec8091665f7f3facb5167563b323ac1d24780cb26d27	5777	evidence/consumer-v3/work/m3/tooling/migration-recipes/src/main/resources/com/m3/rewrite/backport/jdk21-hash-pinned/jdk22-jep458-multifile-java/20-CLTest.java.txt
a9b0b684f78b4e6daa77886ef4f62fcfffa78519ee71a8a1d79ee237cae6aa6c	12388	evidence/consumer-v3/work/m3/tooling/migration-recipes/src/main/resources/com/m3/rewrite/backport/jdk21-hash-pinned/jdk22-jep458-multifile-java/21-ListModuleDeps.java.txt
366ba913bfd9bb6fba5821f490df81cead34268e54818f7eb4c26962fada8ba1	3869	evidence/consumer-v3/work/m3/tooling/migration-recipes/src/main/resources/com/m3/rewrite/backport/jdk21-hash-pinned/jdk22-jep458-multifile-java/manifest.tsv
323bca7d4452e3e58f5c5941b586c33825becc2593b853b51df86db9d820e25b	31653	evidence/consumer-v3/work/m3/tooling/migration-recipes/src/main/resources/com/m3/rewrite/backport/jdk21-hash-pinned/jdk22-map-facts/00-Backing.java.txt
c5d856acc3fa5b7b636894d1dd18b087c1d8e1a450fcbef0821e87b969d185c2	13034	evidence/consumer-v3/work/m3/tooling/migration-recipes/src/main/resources/com/m3/rewrite/backport/jdk21-hash-pinned/jdk22-map-facts/01-MapFactsTest.java.txt
b038fff642ab35aa2cf749d3ac81c3559ff8f6fc59a723fd2a5212654f4ba651	27305	evidence/consumer-v3/work/m3/tooling/migration-recipes/src/main/resources/com/m3/rewrite/backport/jdk21-hash-pinned/jdk22-map-facts/before-00-Backing.java.txt
79eb64cf105af766b0814815e63665e3e1218d7eade2ad6578d9a7b3058ecc68	370	evidence/consumer-v3/work/m3/tooling/migration-recipes/src/main/resources/com/m3/rewrite/backport/jdk21-hash-pinned/jdk22-map-facts/manifest.tsv
323bca7d4452e3e58f5c5941b586c33825becc2593b853b51df86db9d820e25b	31653	evidence/consumer-v3/work/m3/tooling/migration-recipes/src/main/resources/com/m3/rewrite/backport/jdk21-hash-pinned/jdk22-map-guard/00-Backing.java.txt
620e1ccd61d9f8675a18ce74eb307b5a02f75fad6c535e17e42661ef3409185a	14571	evidence/consumer-v3/work/m3/tooling/migration-recipes/src/main/resources/com/m3/rewrite/backport/jdk21-hash-pinned/jdk22-map-guard/01-MapGuardTest.java.txt
5e870466f7a4005b7f8798fa918b0318a2a42889af8efbac7ff3f4436e6db33e	25961	evidence/consumer-v3/work/m3/tooling/migration-recipes/src/main/resources/com/m3/rewrite/backport/jdk21-hash-pinned/jdk22-map-guard/before-00-Backing.java.txt
880731315e4c50076a1c240dfecb8bc9aa5551b40cc4a83f0f68e837accad79f	2933	evidence/consumer-v3/work/m3/tooling/migration-recipes/src/main/resources/com/m3/rewrite/backport/jdk21-hash-pinned/jdk22-map-guard/context-Backing.java.txt
95916a7687bf3dcf2bb39a7d0859a023d0796b58a3ac25318e6a813595f531b0	13241	evidence/consumer-v3/work/m3/tooling/migration-recipes/src/main/resources/com/m3/rewrite/backport/jdk21-hash-pinned/jdk22-map-guard/context-Test.java.txt
347f7f0081625963a40530ce285167198916fa85850fdec5c4c845a271c1bb74	370	evidence/consumer-v3/work/m3/tooling/migration-recipes/src/main/resources/com/m3/rewrite/backport/jdk21-hash-pinned/jdk22-map-guard/manifest.tsv
323bca7d4452e3e58f5c5941b586c33825becc2593b853b51df86db9d820e25b	31653	evidence/consumer-v3/work/m3/tooling/migration-recipes/src/main/resources/com/m3/rewrite/backport/jdk21-hash-pinned/jdk22-map-utf/00-Backing.java.txt
56df66547663793a8eeec761480fbd9c7cffa441a3db70b3ae9aa700cb28e051	9597	evidence/consumer-v3/work/m3/tooling/migration-recipes/src/main/resources/com/m3/rewrite/backport/jdk21-hash-pinned/jdk22-map-utf/01-MapUtfTest.java.txt
c5d856acc3fa5b7b636894d1dd18b087c1d8e1a450fcbef0821e87b969d185c2	13034	evidence/consumer-v3/work/m3/tooling/migration-recipes/src/main/resources/com/m3/rewrite/backport/jdk21-hash-pinned/jdk22-map-utf/02-MapFactsTest.java.txt
b038fff642ab35aa2cf749d3ac81c3559ff8f6fc59a723fd2a5212654f4ba651	27305	evidence/consumer-v3/work/m3/tooling/migration-recipes/src/main/resources/com/m3/rewrite/backport/jdk21-hash-pinned/jdk22-map-utf/before-00-Backing.java.txt
0fc943f7b7c181dde4f9160321b9597cef69ca2cc070a19cd2a0162eeea53def	507	evidence/consumer-v3/work/m3/tooling/migration-recipes/src/main/resources/com/m3/rewrite/backport/jdk21-hash-pinned/jdk22-map-utf/manifest.tsv
4620bec8fa489b8dcfb8960d8979bfb75517d7893b5f26546d1abaf9f629800e	10998	evidence/consumer-v3/work/m3/tooling/migration-recipes/src/main/resources/com/m3/rewrite/backport/jdk21-hash-pinned/jdk22-recipe-closure/00-M3A3AlgorithmCatalogueRecipe.java.txt
ea31026be2f699923e4dfcc6fa906cee77eb5a46bdb9a32948948bfdfe19cebb	7151	evidence/consumer-v3/work/m3/tooling/migration-recipes/src/main/resources/com/m3/rewrite/backport/jdk21-hash-pinned/jdk22-recipe-closure/01-M3PureIntAtomEligibility.java.txt
9ba3245512f18e3d921b6a8d013cea05a70b5a84c473b34dbd574ba55a1978d4	4112	evidence/consumer-v3/work/m3/tooling/migration-recipes/src/main/resources/com/m3/rewrite/backport/jdk21-hash-pinned/jdk22-recipe-closure/02-M3RecipeScopeRegistry.java.txt
cf1c56ebf8fc2df3778cd56e34240da7c3ba722cb2949e8957b81157abf8b9ba	8378	evidence/consumer-v3/work/m3/tooling/migration-recipes/src/main/resources/com/m3/rewrite/backport/jdk21-hash-pinned/jdk22-recipe-closure/03-M3RecipeScopeDeclarationTest.java.txt
f69f06564a88fcdc851d267e07f1def2586963d4f14bc552986529d7db8ec8e0	10557	evidence/consumer-v3/work/m3/tooling/migration-recipes/src/main/resources/com/m3/rewrite/backport/jdk21-hash-pinned/jdk22-recipe-closure/before-00-M3A3AlgorithmCatalogueRecipe.java.txt
2c7f2634165eaa4ae2ba668e38b4aeb44dad646d5f7b2dc55865e17d670771bf	6876	evidence/consumer-v3/work/m3/tooling/migration-recipes/src/main/resources/com/m3/rewrite/backport/jdk21-hash-pinned/jdk22-recipe-closure/before-01-M3PureIntAtomEligibility.java.txt
232fae809f232e1201347be243a379d7c0b7cf13dba587219e64ed07c32b05fd	3979	evidence/consumer-v3/work/m3/tooling/migration-recipes/src/main/resources/com/m3/rewrite/backport/jdk21-hash-pinned/jdk22-recipe-closure/before-02-M3RecipeScopeRegistry.java.txt
a79bd712e4ffc0d1ba0d4a7fba9c064f94420fbde8c63e7b2a91496d443e4b7c	8280	evidence/consumer-v3/work/m3/tooling/migration-recipes/src/main/resources/com/m3/rewrite/backport/jdk21-hash-pinned/jdk22-recipe-closure/before-03-M3RecipeScopeDeclarationTest.java.txt
d80a5af11629b89cb2e69d3a119becb7606fb029e8e121d47d684ca755435182	934	evidence/consumer-v3/work/m3/tooling/migration-recipes/src/main/resources/com/m3/rewrite/backport/jdk21-hash-pinned/jdk22-recipe-closure/manifest.tsv
200e5d42d6ee7957c41071a775fb5a83d6224c869bea65c9bc863e4dd9adde6a	31673	evidence/consumer-v3/work/m3/tooling/migration-recipes/src/main/resources/com/m3/rewrite/backport/jdk21-hash-pinned/jdk24-jep485-stream-gatherers/00-AbstractPipeline.java.txt
808d8dec8da41e93dbe938081c36750a6d36c96a4b2dcd90d2558a7b5d0ebd47	24085	evidence/consumer-v3/work/m3/tooling/migration-recipes/src/main/resources/com/m3/rewrite/backport/jdk21-hash-pinned/jdk24-jep485-stream-gatherers/01-Gatherer.java.txt
ca4f6e9e38494147885e554033d58e1549397b8c7fc627d5f6f3da93717579ad	29495	evidence/consumer-v3/work/m3/tooling/migration-recipes/src/main/resources/com/m3/rewrite/backport/jdk21-hash-pinned/jdk24-jep485-stream-gatherers/02-GathererOp.java.txt
6115dd7015fe6680ef597a7cc3ec5b0c06eccc7259aa5bd4899454b5af624f1d	31455	evidence/consumer-v3/work/m3/tooling/migration-recipes/src/main/resources/com/m3/rewrite/backport/jdk21-hash-pinned/jdk24-jep485-stream-gatherers/03-Gatherers.java.txt
ee090d081a5cfd580a9bf75eeca2eddb3d1a996f8d77394cd45756adc071bba8	32687	evidence/consumer-v3/work/m3/tooling/migration-recipes/src/main/resources/com/m3/rewrite/backport/jdk21-hash-pinned/jdk24-jep485-stream-gatherers/04-ReferencePipeline.java.txt
688ef137efe90856360c35f86a000b0ec49d12c66294f7bd0f6cceb2022bab0f	82970	evidence/consumer-v3/work/m3/tooling/migration-recipes/src/main/resources/com/m3/rewrite/backport/jdk21-hash-pinned/jdk24-jep485-stream-gatherers/05-Stream.java.txt
36eddaa3aefde19ac9b7a9c716b13842103bade2e3d40202be8b79440a8c8577	41596	evidence/consumer-v3/work/m3/tooling/migration-recipes/src/main/resources/com/m3/rewrite/backport/jdk21-hash-pinned/jdk24-jep485-stream-gatherers/06-package-info.java.txt
dda26f47fda79ed3fef1518f4bf3ae6f36843f257709568ddef98837398fe061	9923	evidence/consumer-v3/work/m3/tooling/migration-recipes/src/main/resources/com/m3/rewrite/backport/jdk21-hash-pinned/jdk24-jep485-stream-gatherers/07-GathererAPITest.java.txt
9e58fdeb31975f23a2e3bcd8aa70be539b72a09aaca1b56a4d933534dc134b89	2497	evidence/consumer-v3/work/m3/tooling/migration-recipes/src/main/resources/com/m3/rewrite/backport/jdk21-hash-pinned/jdk24-jep485-stream-gatherers/08-GathererShortCircuitTest.java.txt
95183909bdf24d7942566d0da086e6a0b7e7c86041c39b41eb9b31f660ff88a1	17744	evidence/consumer-v3/work/m3/tooling/migration-recipes/src/main/resources/com/m3/rewrite/backport/jdk21-hash-pinned/jdk24-jep485-stream-gatherers/09-GathererTest.java.txt
1ac1891ee9004df5de9328709bea955f4da41e88908c9aa8c83fafb5ac8bb27c	3164	evidence/consumer-v3/work/m3/tooling/migration-recipes/src/main/resources/com/m3/rewrite/backport/jdk21-hash-pinned/jdk24-jep485-stream-gatherers/10-GatherersFoldTest.java.txt
eb1bd5ac55a99540b1516656041310ecf56c1a8dd20a8eb1fd599318b5647cf2	14652	evidence/consumer-v3/work/m3/tooling/migration-recipes/src/main/resources/com/m3/rewrite/backport/jdk21-hash-pinned/jdk24-jep485-stream-gatherers/11-GatherersMapConcurrentTest.java.txt
2cd7315a80e9036d0f04c8a325fd75f700bab8468abf6c0fa0a67ac1235ba2a7	3539	evidence/consumer-v3/work/m3/tooling/migration-recipes/src/main/resources/com/m3/rewrite/backport/jdk21-hash-pinned/jdk24-jep485-stream-gatherers/12-GatherersScanTest.java.txt
a13a9d288d6435165d381aa5af0dd2073f67b79d409a2ff476a5933cd5bef50e	4882	evidence/consumer-v3/work/m3/tooling/migration-recipes/src/main/resources/com/m3/rewrite/backport/jdk21-hash-pinned/jdk24-jep485-stream-gatherers/13-GatherersWindowFixedTest.java.txt
f5b69e1677020ce3dc8c132881868514d61876e952aaed2bae3a33d2cc519393	5115	evidence/consumer-v3/work/m3/tooling/migration-recipes/src/main/resources/com/m3/rewrite/backport/jdk21-hash-pinned/jdk24-jep485-stream-gatherers/14-GatherersWindowSlidingTest.java.txt
3172ca1814ce01a40091d05f691ee044dfa72c1b4f24b10514fe491fc6d6e66c	2598	evidence/consumer-v3/work/m3/tooling/migration-recipes/src/main/resources/com/m3/rewrite/backport/jdk21-hash-pinned/jdk24-jep485-stream-gatherers/manifest.tsv
374269a8f8913fd88954c89cb55efbf14cc93ac1ecda8c290092cddb4036ebe7	12700	evidence/consumer-v3/work/m3/tooling/migration-recipes/src/main/resources/com/m3/rewrite/backport/jdk21-hash-pinned/jdk27-javadoc-8347112-java/01-DocFilesHandlerImpl.java.txt
a2ccc9e2ac20464f8a1e90385271bef92a10a252279cd039ff29f4a4f1916e81	30681	evidence/consumer-v3/work/m3/tooling/migration-recipes/src/main/resources/com/m3/rewrite/backport/jdk21-hash-pinned/jdk27-javadoc-8347112-java/02-BaseConfiguration.java.txt
da0ee9d6a1874a402571a34e19d5d11521d51b2eda30ff33cf04056936cff568	11280	evidence/consumer-v3/work/m3/tooling/migration-recipes/src/main/resources/com/m3/rewrite/backport/jdk21-hash-pinned/jdk27-javadoc-8347112-java/03-TestCopyFiles.java.txt
7b25f62e952a632b6b2fae30e31c0d41f1d648fcb2b3c18e5e5ce520ba202cf8	732	evidence/consumer-v3/work/m3/tooling/migration-recipes/src/main/resources/com/m3/rewrite/backport/jdk21-hash-pinned/jdk27-javadoc-8347112-java/manifest.tsv
fafd235f12cfb937c383e5a0ba4b0a65561da6cf2b644b8be2476eeab7ed8b6a	1839	evidence/consumer-v3/work/m3/tooling/migration-recipes/src/main/resources/com/m3/rewrite/backport/jdk21-hash-pinned/jdk27-jfr-options-help-8367584-java/00-TestOptionsHelp.java.txt
c26014d4684ea246a8d5540149cb86f6a40fd8743aa4ac8dda70e44fe0cfc56e	150	evidence/consumer-v3/work/m3/tooling/migration-recipes/src/main/resources/com/m3/rewrite/backport/jdk21-hash-pinned/jdk27-jfr-options-help-8367584-java/manifest.tsv
ecc6fef6147ba3dbfdf3db57e0d361a48a36cda8cbf6718beeecc7899bb572a4	91276	evidence/consumer-v3/work/m3/tooling/migration-recipes/src/main/resources/com/m3/rewrite/backport/jdk21-hash-pinned/jdk27-keystore-creation-instant-8374808/00-KeyStore.java.txt
0abe2b4077befe28e2b3b9edcd03fbbed77319660ff408794bdb8f6b3d24d031	28057	evidence/consumer-v3/work/m3/tooling/migration-recipes/src/main/resources/com/m3/rewrite/backport/jdk21-hash-pinned/jdk27-keystore-creation-instant-8374808/01-KeyStoreSpi.java.txt
d9266a7bb859c3a1a8c5d309df2c1ae95d4d7e9bcc5191193cd6c93717dd7f04	6152	evidence/consumer-v3/work/m3/tooling/migration-recipes/src/main/resources/com/m3/rewrite/backport/jdk21-hash-pinned/jdk27-keystore-creation-instant-8374808/02-CreationInstant.java.txt
2d805902f415e7acbdf8955da127474ce5fb901d6392b8a5c733f1faf5a204db	573	evidence/consumer-v3/work/m3/tooling/migration-recipes/src/main/resources/com/m3/rewrite/backport/jdk21-hash-pinned/jdk27-keystore-creation-instant-8374808/manifest.tsv
f56ba88b1e8986b849fead075c654b4b9961dcb49b168c733cb6e59d6113f2a8	4873	evidence/consumer-v3/work/m3/tooling/migration-recipes/src/main/resources/com/m3/rewrite/backport/jdk21-hash-pinned/jdk27-password-policy-proof-20261004/00-M3PasswordPolicyCases.java.txt
4affb89e8d6ebc558672e0e786d147fdc684b85a04ac6a91fcf91e79509b9ad7	169	evidence/consumer-v3/work/m3/tooling/migration-recipes/src/main/resources/com/m3/rewrite/backport/jdk21-hash-pinned/jdk27-password-policy-proof-20261004/manifest.tsv
5840ee0eac7e23c3a3834dddde70f059f512331a653a3d9ea80faa8d05f0abc4	6883	evidence/consumer-v3/work/m3/tooling/migration-recipes/src/main/resources/com/m3/rewrite/backport/jdk21-hash-pinned/jdk27-password-systemin-8368692-java/00-Password.java.txt
1b570f0d4bf5764e3d89000b9afc914073d8862be79cd9c0b1487ac2d81a7148	2806	evidence/consumer-v3/work/m3/tooling/migration-recipes/src/main/resources/com/m3/rewrite/backport/jdk21-hash-pinned/jdk27-password-systemin-8368692-java/01-AllowSystemIn.java.txt
360e70e3d733b04f426fffebeedb59c76a158b405c01ccfc61a35593334f8e35	364	evidence/consumer-v3/work/m3/tooling/migration-recipes/src/main/resources/com/m3/rewrite/backport/jdk21-hash-pinned/jdk27-password-systemin-8368692-java/manifest.tsv
0bc30e8aee9bb87d051c5670efc2093f5b2d373b1ead4fb09d02fbdb3e149962	40627	evidence/consumer-v3/work/m3/tooling/migration-recipes/src/main/resources/com/m3/rewrite/backport/jdk21-hash-pinned/jdk27-security-properties-8364182-java/00-Security.java.txt
73470efbd9d61c0a78223b626c3c622ded47e432e740548c16da29c1091f502e	1396	evidence/consumer-v3/work/m3/tooling/migration-recipes/src/main/resources/com/m3/rewrite/backport/jdk21-hash-pinned/jdk27-security-properties-8364182-java/01-JavaSecurityPropertiesAccess.java.txt
48f0c0b3d2dfafae99ea663a28c2a16e54ee1f8379e05b0a9b27641b363cb440	25702	evidence/consumer-v3/work/m3/tooling/migration-recipes/src/main/resources/com/m3/rewrite/backport/jdk21-hash-pinned/jdk27-security-properties-8364182-java/02-VMSupport.java.txt
07907e5f65c24f06c9f5bc0bf34e98a44085bf276068e0ecc4d8fc9b36c9e778	2230	evidence/consumer-v3/work/m3/tooling/migration-recipes/src/main/resources/com/m3/rewrite/backport/jdk21-hash-pinned/jdk27-security-properties-8364182-java/03-SecurityPropertiesTest.java.txt
365fa8c05d774109ac66c411d4a4b4945f0fa76386d352983e0894d53074e6eb	848	evidence/consumer-v3/work/m3/tooling/migration-recipes/src/main/resources/com/m3/rewrite/backport/jdk21-hash-pinned/jdk27-security-properties-8364182-java/manifest.tsv
cb50139594817d5cb2477c4d67148d4aed2174299f05cff9a3b24416139bc6b4	4037	evidence/consumer-v3/work/m3/tooling/migration-recipes/src/main/resources/com/m3/rewrite/port/FrozenBytes.java.txt
0c03ca0ed8b42212fa92e4d5f9325ba864f8d11928cd6a0b030b861f668f0657	3868	evidence/consumer-v3/work/m3/tooling/migration-recipes/src/main/resources/com/m3/rewrite/port/FrozenChars.java.txt
2f1c52feaa5c81462a469c84d847448840cfa75db5a0f1d40c72241718417653	12063	evidence/consumer-v3/work/m3/tooling/migration-recipes/src/main/resources/com/m3/rewrite/port/M3Text.java.txt
206cd1ecb96bec037c59b531c13dd7029e4ce79f1b50bfdfccc64dfd6279e74b	3259	evidence/consumer-v3/work/m3/tooling/migration-recipes/src/main/resources/com/m3/rewrite/port/MIndexJoinedBytes.java.txt
964f0fc3611f259562adca7f7a9ec581d149f16b4dfcc9a3c775a2a8ca53f864	7282	evidence/consumer-v3/work/m3/tooling/migration-recipes/src/main/resources/com/m3/rewrite/port/MIndexJoinedChars.java.txt
f42c548a4fd47d3dac43283082125232e04d5f13f28b63521832493394176337	10303	evidence/consumer-v3/work/m3/tooling/migration-recipes/src/main/resources/com/m3/rewrite/port/MIndexJoinedStorageIntern.java.txt
a4f0e0cd7b3e8701aba21b8b14b068cc2d3822e17dc066daa442cbc580404a80	5955	evidence/consumer-v3/work/m3/tooling/migration-recipes/src/main/resources/com/m3/rewrite/port/MIndexJoinedStreams.java.txt
122d60c6df640b25c2665e68819cae4571cb9ffbe54c710edbdc7f73419e9f93	1504	evidence/consumer-v3/work/m3/tooling/migration-recipes/src/main/resources/com/m3/rewrite/port/pom.xml.txt
430fb58f5bef30e3777214885cbff3dd8aa423d68c80f0a6b12147749db02e1f	841	evidence/consumer-v3/work/m3/tooling/migration-recipes/src/main/resources/com/m3/rewrite/port/port.properties
5f925aeb078bd859b485fcb46c3157d95df1b2f3b691246a4182a3850b681492	8561	evidence/consumer-v3/work/m3/tooling/migration-recipes/src/main/resources/com/synexia/rewrite/hash-pinned-java/a3-declarative-activation/00-A3Apply.java.txt
2897abfccb331829bd94a349e1b1da90b87b56c7a7d26e23073c90f9a891ea85	4406	evidence/consumer-v3/work/m3/tooling/migration-recipes/src/main/resources/com/synexia/rewrite/hash-pinned-java/a3-declarative-activation/01-A3ApplyTest.java.txt
e45dcc553df5cd0ad940f3dc656ebd9ea264f8353da3f7c27b5a2333f4997094	8537	evidence/consumer-v3/work/m3/tooling/migration-recipes/src/main/resources/com/synexia/rewrite/hash-pinned-java/a3-declarative-activation/before-00-A3Apply.java.txt
77390f350eeeb4b25a1c4db9279b3966884d9918f0b9dd0af1f1b4c3acc7b7ee	4328	evidence/consumer-v3/work/m3/tooling/migration-recipes/src/main/resources/com/synexia/rewrite/hash-pinned-java/a3-declarative-activation/before-01-A3ApplyTest.java.txt
944b68ad6939351c313439fa0ed53af948a1182cd0630c988b5252d86fc11cc0	382	evidence/consumer-v3/work/m3/tooling/migration-recipes/src/main/resources/com/synexia/rewrite/hash-pinned-java/a3-declarative-activation/manifest.tsv
2e7514ddf7332311bb31f758dbfb27aa8242cf086cabc6cbb7f27b9f4cb7f2d3	1156	evidence/consumer-v3/work/m3/tooling/migration-recipes/src/main/resources/com/synexia/rewrite/hash-pinned-java/a3-declarative-convergence/00-M3Java21ConvergenceCatalog.java.txt
bf0cd3c9ca89e2b75d83e717d79b9a17e197646f40d108b05b4dc2ecd2cc1f70	6058	evidence/consumer-v3/work/m3/tooling/migration-recipes/src/main/resources/com/synexia/rewrite/hash-pinned-java/a3-declarative-convergence/01-M3A3DeclarativeDeliveryRecipeTest.java.txt
a2ab300d9fc8a821fa5d996cd0d18e6736f757863572067d72d0639ea31d0386	4052	evidence/consumer-v3/work/m3/tooling/migration-recipes/src/main/resources/com/synexia/rewrite/hash-pinned-java/a3-declarative-convergence/02-M3Java21DeclarativeConvergenceTest.java.txt
e3461850eb6a306eeba22c2189aefbcdc520762dafa3520fa40282576aff2b61	546	evidence/consumer-v3/work/m3/tooling/migration-recipes/src/main/resources/com/synexia/rewrite/hash-pinned-java/a3-declarative-convergence/manifest.tsv
6d9ec887c87898167748ca5f77598f95a6784cfaf14882f4983733c006374b77	5127	evidence/consumer-v3/work/m3/tooling/migration-recipes/src/main/resources/com/synexia/rewrite/hash-pinned-java/a3-mastery-lab/A3.java.after
677324e1566d482eb5b4470ec1a63d3493bb2a75fc77ea0edb61ba364906c298	7782	evidence/consumer-v3/work/m3/tooling/migration-recipes/src/main/resources/com/synexia/rewrite/hash-pinned-java/a3-mastery-lab/A3Cases.java.after
f68fb01640e7bee16e67af34ff986006a8ebebca3c13e9088296540f844b2200	17623	evidence/consumer-v3/work/m3/tooling/migration-recipes/src/main/resources/com/synexia/rewrite/hash-pinned-java/a3-mastery-lab/A3Lab.java.after
225efc2885ba8c002d036ecf70b4dd8a13b646debc74afeb031b0fce624d3f18	3860	evidence/consumer-v3/work/m3/tooling/migration-recipes/src/main/resources/com/synexia/rewrite/hash-pinned-java/a3-mastery-lab/A3LabTest.java.after
b901f0b1aae122711792a66dc9750b9ba4608d59613641e74f378218757cbb4d	734	evidence/consumer-v3/work/m3/tooling/migration-recipes/src/main/resources/com/synexia/rewrite/hash-pinned-java/a3-mastery-lab/manifest.tsv
c212736f000836cb782a5ff81fd2de48e67d36ea4b3bd53cf7743c4aadbfdaf6	16196	evidence/consumer-v3/work/m3/tooling/migration-recipes/src/main/resources/com/synexia/rewrite/hash-pinned-java/a3-regex-memory-lab/A3Lab.java.after
351eeac06154189e79f3d139336437d5911da5721c9a95a779ebd5d511997d9c	6117	evidence/consumer-v3/work/m3/tooling/migration-recipes/src/main/resources/com/synexia/rewrite/hash-pinned-java/a3-regex-memory-lab/A3LabTest.java.after
acc1f301aef53281ccbb26c78921537de99f98bc3f401906f5be658c761f62ef	6447	evidence/consumer-v3/work/m3/tooling/migration-recipes/src/main/resources/com/synexia/rewrite/hash-pinned-java/a3-regex-memory-lab/A3MemoryCompiler.java.after
19f7e3fb8c5f4332ab721d1962ab9cac261c524a10d9d91272346636fbe86ada	7516	evidence/consumer-v3/work/m3/tooling/migration-recipes/src/main/resources/com/synexia/rewrite/hash-pinned-java/a3-regex-memory-lab/A3RegexMatrix.java.after
e7a96b1290ead86d3861f0388423504078cc8f66f10303f73e0a7d44a6e5776b	658	evidence/consumer-v3/work/m3/tooling/migration-recipes/src/main/resources/com/synexia/rewrite/hash-pinned-java/a3-regex-memory-lab/manifest.tsv
cec34964f679c67e38cf946c2b1f7b6fb0dddc1f4ecadd963e7dd998e7ff68ba	4242	evidence/consumer-v3/work/m3/tooling/migration-recipes/src/main/resources/com/synexia/rewrite/hash-pinned-java/atom-comment-custody/after.java.txt
8384244946df1f840406aaf71438b4f0dba311dfd7eba7b421a064d63c31bf3b	3058	evidence/consumer-v3/work/m3/tooling/migration-recipes/src/main/resources/com/synexia/rewrite/hash-pinned-java/atom-comment-custody/before.java.txt
51d6ff438165fd05e6702364c8f131820efd9742e687a88a949d5fa182f46322	213	evidence/consumer-v3/work/m3/tooling/migration-recipes/src/main/resources/com/synexia/rewrite/hash-pinned-java/atom-comment-custody/manifest.tsv
4f6c17a035e64106f172b488fded9b565d1af48d6a8ecbd4700b3ff0cc2cd1e1	4448	evidence/consumer-v3/work/m3/tooling/migration-recipes/src/main/resources/com/synexia/rewrite/hash-pinned-java/atom-pattern-spectrum/after-atom.java.txt
b831177cbaaeca359a0b397eb4c74c0caf86c27666db702ef4492a42c210cd9f	2706	evidence/consumer-v3/work/m3/tooling/migration-recipes/src/main/resources/com/synexia/rewrite/hash-pinned-java/atom-pattern-spectrum/after-pattern.java.txt
8384244946df1f840406aaf71438b4f0dba311dfd7eba7b421a064d63c31bf3b	3058	evidence/consumer-v3/work/m3/tooling/migration-recipes/src/main/resources/com/synexia/rewrite/hash-pinned-java/atom-pattern-spectrum/before-atom.java.txt
2d100ed5d5810232b90b46f55f99c907f54a195b679b58f295dd065c8f03db69	2700	evidence/consumer-v3/work/m3/tooling/migration-recipes/src/main/resources/com/synexia/rewrite/hash-pinned-java/atom-pattern-spectrum/before-pattern.java.txt
1fc319641c44bfcf7428c09c10015f0e9619d09b56a8bcfbed9da310f74f0a49	440	evidence/consumer-v3/work/m3/tooling/migration-recipes/src/main/resources/com/synexia/rewrite/hash-pinned-java/atom-pattern-spectrum/manifest.tsv
c0396dc221ab4fe764441ec1694dc2063ce667a256289cdba6ba7bf285a83d86	8756	evidence/consumer-v3/work/m3/tooling/migration-recipes/src/main/resources/com/synexia/rewrite/hash-pinned-java/db-atom/00-M3IndexDB.java.txt
90c999027092ac250b3f1a19556268bde96879761735eb4f142260b17bece72a	12753	evidence/consumer-v3/work/m3/tooling/migration-recipes/src/main/resources/com/synexia/rewrite/hash-pinned-java/db-atom/01-M3IndexDbSemanticCodec.java.txt
71a86e54aaedc33ed50b7a0e0e1d63bcd3c045df02bb7c7b45d029a867e676d6	10020	evidence/consumer-v3/work/m3/tooling/migration-recipes/src/main/resources/com/synexia/rewrite/hash-pinned-java/db-atom/02-DbAtomTest.java.txt
a7cb1678539f74acc00cc4f15dbc2fdcd65286e4152784191e6d635539f6dc18	1352	evidence/consumer-v3/work/m3/tooling/migration-recipes/src/main/resources/com/synexia/rewrite/hash-pinned-java/db-atom/03-DbDigest.java.txt
27851933a442f798b56b7dba227b4fe1189851af11bb3333d5d0be2106d84956	8357	evidence/consumer-v3/work/m3/tooling/migration-recipes/src/main/resources/com/synexia/rewrite/hash-pinned-java/db-atom/before-00-M3IndexDB.java.txt
2cf21c4bc7b276a2ef741cee4db491c4a9e6c7cf44d53b543904b5acb8a95605	12400	evidence/consumer-v3/work/m3/tooling/migration-recipes/src/main/resources/com/synexia/rewrite/hash-pinned-java/db-atom/before-01-M3IndexDbSemanticCodec.java.txt
6bd41049e8393139f34fd3ae778b570432a49f7784c6a228f7c3e06ee3c6f7e6	694	evidence/consumer-v3/work/m3/tooling/migration-recipes/src/main/resources/com/synexia/rewrite/hash-pinned-java/db-atom/manifest.tsv
0e65b26f674f68fea30151ea63a17faef2f88ca0f0679723bb3dc230fda22b72	13233	evidence/consumer-v3/work/m3/tooling/migration-recipes/src/main/resources/com/synexia/rewrite/hash-pinned-java/db-build/00-Recipe.java.txt
847e23f5ea4f8f4bc889c61bda6dfc638442ae105e6b3ef70081ddb102d3c001	17603	evidence/consumer-v3/work/m3/tooling/migration-recipes/src/main/resources/com/synexia/rewrite/hash-pinned-java/db-build/01-Test.java.txt
629d17076fa5c5e399da6e1d0138f2f6cc2d99755977c194d082ee72d4665efc	13143	evidence/consumer-v3/work/m3/tooling/migration-recipes/src/main/resources/com/synexia/rewrite/hash-pinned-java/db-build/before-Recipe.java.txt
fdc94313843105bc6badbeb97488b01dcb5de41eda5b735c7f75eb65c2f64ae1	8398	evidence/consumer-v3/work/m3/tooling/migration-recipes/src/main/resources/com/synexia/rewrite/hash-pinned-java/db-build/before-Test.java.txt
d33a2add601309d3554c8ba047b9fe8f4b24adc4eef75d4f1219f8d958546f71	427	evidence/consumer-v3/work/m3/tooling/migration-recipes/src/main/resources/com/synexia/rewrite/hash-pinned-java/db-build/manifest.tsv
71104dfdc69bd0176698a1686de4c1e635c2f99826d9c9bda9270d40d4d80c63	28214	evidence/consumer-v3/work/m3/tooling/migration-recipes/src/main/resources/com/synexia/rewrite/hash-pinned-java/db-check/00-Test.java.txt
74fbd8ccc2ba3905844eb7a88b633209d53be09c758ffb700d1f99915ed6a0b6	27540	evidence/consumer-v3/work/m3/tooling/migration-recipes/src/main/resources/com/synexia/rewrite/hash-pinned-java/db-check/before-Test.java.txt
6ae483638d7a0deae763cdeca4c7634d0b6b45f6653ea692a38ce8d0e7049baf	213	evidence/consumer-v3/work/m3/tooling/migration-recipes/src/main/resources/com/synexia/rewrite/hash-pinned-java/db-check/manifest.tsv
c0396dc221ab4fe764441ec1694dc2063ce667a256289cdba6ba7bf285a83d86	8756	evidence/consumer-v3/work/m3/tooling/migration-recipes/src/main/resources/com/synexia/rewrite/hash-pinned-java/db-java/00-M3IndexDB.java.txt
be4cb521cd9b0154b8b30bd0719304ae349e7d50c54c2e1d1ca8817e7df4a545	2413	evidence/consumer-v3/work/m3/tooling/migration-recipes/src/main/resources/com/synexia/rewrite/hash-pinned-java/db-java/01-M3IndexDbArtifact.java.txt
90c999027092ac250b3f1a19556268bde96879761735eb4f142260b17bece72a	12753	evidence/consumer-v3/work/m3/tooling/migration-recipes/src/main/resources/com/synexia/rewrite/hash-pinned-java/db-java/02-M3IndexDbSemanticCodec.java.txt
2758d9473d46142383af31cfa351ba2ccc41b4fdda8082f0e5d3da596687b883	1151	evidence/consumer-v3/work/m3/tooling/migration-recipes/src/main/resources/com/synexia/rewrite/hash-pinned-java/db-java/03-M3IndexDbSemanticEdge.java.txt
8898ef38a373744d2fcc6edf0fe6671720733be7d78a215fa401e86660247bde	9363	evidence/consumer-v3/work/m3/tooling/migration-recipes/src/main/resources/com/synexia/rewrite/hash-pinned-java/db-java/04-M3IndexDbSemanticFingerprint.java.txt
114f08e4892dd68532d6e2e587b96d306f6e2d300c38c82a4f81c9acaac7e912	18084	evidence/consumer-v3/work/m3/tooling/migration-recipes/src/main/resources/com/synexia/rewrite/hash-pinned-java/db-java/05-M3IndexDbSemanticIndex.java.txt
8ae73fe031ac1c383860b516427cc2b659a50d5a77c5d6114bf561b2197a4ea5	330	evidence/consumer-v3/work/m3/tooling/migration-recipes/src/main/resources/com/synexia/rewrite/hash-pinned-java/db-java/06-M3IndexDbSemanticKind.java.txt
06a06aadef324e81c35fa8ac365477e7982f99b9bf7f9ea9b9a18eaface1ca2c	2419	evidence/consumer-v3/work/m3/tooling/migration-recipes/src/main/resources/com/synexia/rewrite/hash-pinned-java/db-java/07-M3IndexDbSemanticNode.java.txt
bf3b6377174b869ef85dc2e513363dc47c6d516baab276884e6e56f96b690f24	7633	evidence/consumer-v3/work/m3/tooling/migration-recipes/src/main/resources/com/synexia/rewrite/hash-pinned-java/db-java/08-DbParseTest.java.txt
c513c0740432cc23798875a2af3db33be3e0c0550b471cc079dd544d6c39f5ec	3086	evidence/consumer-v3/work/m3/tooling/migration-recipes/src/main/resources/com/synexia/rewrite/hash-pinned-java/db-java/09-DbProbe.java.txt
4d211a40ab1e00b4bf8d078a80da6d6eabe4f0606ac4894a6e368b7533d86291	9791	evidence/consumer-v3/work/m3/tooling/migration-recipes/src/main/resources/com/synexia/rewrite/hash-pinned-java/db-java/10-M3IndexDBIntegrityTest.java.txt
2c41cedc561c54cd8259cd64f1dca50937d183f9baf56d9c9df75c04a5205bf1	2005	evidence/consumer-v3/work/m3/tooling/migration-recipes/src/main/resources/com/synexia/rewrite/hash-pinned-java/db-java/11-M3IndexDBTest.java.txt
de888eb129200648df390bfd4694c7a326a092a50aecdfd31902625c35e4f159	2193	evidence/consumer-v3/work/m3/tooling/migration-recipes/src/main/resources/com/synexia/rewrite/hash-pinned-java/db-java/12-M3IndexDbArtifactTest.java.txt
9c05e694334a9f355ec82d4f1b9dc786c1d78157ba4900abe1a141f18a302b6e	4998	evidence/consumer-v3/work/m3/tooling/migration-recipes/src/main/resources/com/synexia/rewrite/hash-pinned-java/db-java/13-M3IndexDbCodecBoundaryTest.java.txt
257bc4fd93eb4b0b888684300c8f8204f5d5619ce3f6ffb03196ccaf8278feca	6749	evidence/consumer-v3/work/m3/tooling/migration-recipes/src/main/resources/com/synexia/rewrite/hash-pinned-java/db-java/14-M3IndexDbSemanticBoundaryTest.java.txt
71104dfdc69bd0176698a1686de4c1e635c2f99826d9c9bda9270d40d4d80c63	28214	evidence/consumer-v3/work/m3/tooling/migration-recipes/src/main/resources/com/synexia/rewrite/hash-pinned-java/db-java/15-M3IndexDbSemanticFailClosedTest.java.txt
a54c81ff8081ca970822ad4b948578e25e184758f2b99fa9bede6fdb68458032	27462	evidence/consumer-v3/work/m3/tooling/migration-recipes/src/main/resources/com/synexia/rewrite/hash-pinned-java/db-java/16-M3IndexDbSemanticIndexTest.java.txt
7008d20aa5923fdf747dbcfd3f27451be8ffc5ac09987ddeb8260077a107829f	7365	evidence/consumer-v3/work/m3/tooling/migration-recipes/src/main/resources/com/synexia/rewrite/hash-pinned-java/db-java/17-M3IndexDbStoreBoundaryTest.java.txt
44369e8fd1e69e3c0b5270bd39841fc862bb4ee0cc26fcc7b952f806dd7edcc3	2906	evidence/consumer-v3/work/m3/tooling/migration-recipes/src/main/resources/com/synexia/rewrite/hash-pinned-java/db-java/manifest.tsv
847e23f5ea4f8f4bc889c61bda6dfc638442ae105e6b3ef70081ddb102d3c001	17603	evidence/consumer-v3/work/m3/tooling/migration-recipes/src/main/resources/com/synexia/rewrite/hash-pinned-java/db-mark/00-Test.java.txt
48d1159aa0900c54e9e8e5910a0ca5dda759e2e3d1868ed6ded93647f598b384	15314	evidence/consumer-v3/work/m3/tooling/migration-recipes/src/main/resources/com/synexia/rewrite/hash-pinned-java/db-mark/before-Test.java.txt
526ee42aca43af5d10f6d2daf561f7cbb2a533feca8320f4b438e4f502edd8a6	203	evidence/consumer-v3/work/m3/tooling/migration-recipes/src/main/resources/com/synexia/rewrite/hash-pinned-java/db-mark/manifest.tsv
90c999027092ac250b3f1a19556268bde96879761735eb4f142260b17bece72a	12753	evidence/consumer-v3/work/m3/tooling/migration-recipes/src/main/resources/com/synexia/rewrite/hash-pinned-java/db-parse/00-Codec.java.txt
bf3b6377174b869ef85dc2e513363dc47c6d516baab276884e6e56f96b690f24	7633	evidence/consumer-v3/work/m3/tooling/migration-recipes/src/main/resources/com/synexia/rewrite/hash-pinned-java/db-parse/01-DbParseTest.java.txt
c513c0740432cc23798875a2af3db33be3e0c0550b471cc079dd544d6c39f5ec	3086	evidence/consumer-v3/work/m3/tooling/migration-recipes/src/main/resources/com/synexia/rewrite/hash-pinned-java/db-parse/02-DbProbe.java.txt
f54c493da12252965a6697c5bf71b96881068d168cd03666dfce4ccda7d66f0a	10912	evidence/consumer-v3/work/m3/tooling/migration-recipes/src/main/resources/com/synexia/rewrite/hash-pinned-java/db-parse/before-00-Codec.java.txt
8d4e2a3afdab73eff23bcd6cc436f409ba68eb2516a2ba583fc69c4435e42323	481	evidence/consumer-v3/work/m3/tooling/migration-recipes/src/main/resources/com/synexia/rewrite/hash-pinned-java/db-parse/manifest.tsv
233cbae58e7bf8ffb67aeb56ee5418996aceca624bde4e35fcf0f54b52afb79b	3779	evidence/consumer-v3/work/m3/tooling/migration-recipes/src/main/resources/com/synexia/rewrite/hash-pinned-java/document-javadoc-contract/after.java.txt
496624f1f8612f3c39ea20c6f77fa0dc0594fa13c378b2f2a3a06143c739df1c	3073	evidence/consumer-v3/work/m3/tooling/migration-recipes/src/main/resources/com/synexia/rewrite/hash-pinned-java/document-javadoc-contract/before.java.txt
1b01ee07dec3427ff43837f00297a8e81aee5eabfa9a2d643b4752ac3f3e1991	241	evidence/consumer-v3/work/m3/tooling/migration-recipes/src/main/resources/com/synexia/rewrite/hash-pinned-java/document-javadoc-contract/manifest.tsv
7200f7a0dd89cc6019f5e0dc51738064a28d36b3bfda023f189447a3dc43e27f	7103	evidence/consumer-v3/work/m3/tooling/migration-recipes/src/main/resources/com/synexia/rewrite/hash-pinned-java/gate-java/00-GateTest.java.txt
7e5564f2e11aaed7c75409a6de4ddd95cde69c262d2072b86b73cb16cebf08d5	12472	evidence/consumer-v3/work/m3/tooling/migration-recipes/src/main/resources/com/synexia/rewrite/hash-pinned-java/gate-java/01-M3Jep458BackportRecipeTest.java.txt
e6d4c6b265bd15999e6aa27f960b96092961e966da9fc72bc93c61ef820ba215	5438	evidence/consumer-v3/work/m3/tooling/migration-recipes/src/main/resources/com/synexia/rewrite/hash-pinned-java/gate-java/02-M3VerbatimJavaPairRecipeTest.java.txt
a79bd712e4ffc0d1ba0d4a7fba9c064f94420fbde8c63e7b2a91496d443e4b7c	8280	evidence/consumer-v3/work/m3/tooling/migration-recipes/src/main/resources/com/synexia/rewrite/hash-pinned-java/gate-java/03-M3RecipeScopeDeclarationTest.java.txt
46d8f894d23d2a5609126580f950549b1c1a6dedb7c8867b783d992cf9a911e0	3254	evidence/consumer-v3/work/m3/tooling/migration-recipes/src/main/resources/com/synexia/rewrite/hash-pinned-java/gate-java/04-M3MIndexJniNewStringAdmissionRecipeTest.java.txt
0453146bf4e6ac3759572a026f711089e026146a04465eeabfafc74451cfead9	3209	evidence/consumer-v3/work/m3/tooling/migration-recipes/src/main/resources/com/synexia/rewrite/hash-pinned-java/gate-java/05-M3MIndexJoinedCharsViewRecipeTest.java.txt
5eaf5a99083e11272778bc3dcc4f04b40ea3f16d99d8e5b9885ab4c8206e011d	3305	evidence/consumer-v3/work/m3/tooling/migration-recipes/src/main/resources/com/synexia/rewrite/hash-pinned-java/gate-java/06-M3MIndexStringBulkCharBoundaryRecipeTest.java.txt
174254a5e08a8a255813df22b31bd716ebc865000ec9dac059e71d801166b5d8	9706	evidence/consumer-v3/work/m3/tooling/migration-recipes/src/main/resources/com/synexia/rewrite/hash-pinned-java/gate-java/before-01-M3Jep458BackportRecipeTest.java.txt
5110ce38a46fa9f89afecda54f4c2557c0a9108d2631565375dbcb068a47970b	5097	evidence/consumer-v3/work/m3/tooling/migration-recipes/src/main/resources/com/synexia/rewrite/hash-pinned-java/gate-java/before-02-M3VerbatimJavaPairRecipeTest.java.txt
ef784295416de5e91d1821b67655fecd0ec02a0e44201d73b977c84389076f24	7821	evidence/consumer-v3/work/m3/tooling/migration-recipes/src/main/resources/com/synexia/rewrite/hash-pinned-java/gate-java/before-03-M3RecipeScopeDeclarationTest.java.txt
a5b11ae3aecb6cd2fb5a66e99f02d59055f3605fddb4dcd4c5b864f0483d7f7e	2117	evidence/consumer-v3/work/m3/tooling/migration-recipes/src/main/resources/com/synexia/rewrite/hash-pinned-java/gate-java/before-04-M3MIndexJniNewStringAdmissionRecipeTest.java.txt
17b6da8f1a87eca11ababf2011bede51aa69b43e2823f8eff3c9569b6307b661	2980	evidence/consumer-v3/work/m3/tooling/migration-recipes/src/main/resources/com/synexia/rewrite/hash-pinned-java/gate-java/before-05-M3MIndexJoinedCharsViewRecipeTest.java.txt
8604ab86f7224a176195a09b7fe38b9c84d3ea1cd0bae7da6154248615688260	2166	evidence/consumer-v3/work/m3/tooling/migration-recipes/src/main/resources/com/synexia/rewrite/hash-pinned-java/gate-java/before-06-M3MIndexStringBulkCharBoundaryRecipeTest.java.txt
70e886e7201a8b5f507b6ade08ba338bdac5410d761d4b35b9013852db3888bd	1640	evidence/consumer-v3/work/m3/tooling/migration-recipes/src/main/resources/com/synexia/rewrite/hash-pinned-java/gate-java/manifest.tsv
4620bec8fa489b8dcfb8960d8979bfb75517d7893b5f26546d1abaf9f629800e	10998	evidence/consumer-v3/work/m3/tooling/migration-recipes/src/main/resources/com/synexia/rewrite/hash-pinned-java/jdk-focus-a3/after.java.txt
f69f06564a88fcdc851d267e07f1def2586963d4f14bc552986529d7db8ec8e0	10557	evidence/consumer-v3/work/m3/tooling/migration-recipes/src/main/resources/com/synexia/rewrite/hash-pinned-java/jdk-focus-a3/before.java.txt
897cd98a7a41ced925f792af67642e82eb5f3026ca3bc69064edb868745184b3	211	evidence/consumer-v3/work/m3/tooling/migration-recipes/src/main/resources/com/synexia/rewrite/hash-pinned-java/jdk-focus-a3/manifest.tsv
5fa8a82e3655a675aa0d1e21ba456a7dae272776c605eeba4af22a9dbc7eaa56	2595	evidence/consumer-v3/work/m3/tooling/migration-recipes/src/main/resources/com/synexia/rewrite/hash-pinned-java/m3-collection-lanes/M3Address28.java.txt
1964daa513d98b295ad13ad820519a56af6f29916063860c4c8ec8bf7d3baaa2	7589	evidence/consumer-v3/work/m3/tooling/migration-recipes/src/main/resources/com/synexia/rewrite/hash-pinned-java/m3-collection-lanes/M3BitLane28.java.txt
529fd9055caa62cc1b4d3d008fef2765572836cc297565d11b1aea1a279a7179	1559	evidence/consumer-v3/work/m3/tooling/migration-recipes/src/main/resources/com/synexia/rewrite/hash-pinned-java/m3-collection-lanes/M3Collections.java.txt
bb1486f22518957d1fa1f951ef78b312364de5a736aff17ae5a543fe1765a4c5	6285	evidence/consumer-v3/work/m3/tooling/migration-recipes/src/main/resources/com/synexia/rewrite/hash-pinned-java/m3-collection-lanes/M3ConcurrentBitSet.java.txt
baaa8de6567da94efba77b1363b5629755e5394a6fe951976dc552622ddd0573	7533	evidence/consumer-v3/work/m3/tooling/migration-recipes/src/main/resources/com/synexia/rewrite/hash-pinned-java/m3-collection-lanes/M3ConcurrentIntLane28.java.txt
4a72dcca1648cbd3cf9f2d9bbec526de13fb50464d6b2ed19b101182541f7e5a	7340	evidence/consumer-v3/work/m3/tooling/migration-recipes/src/main/resources/com/synexia/rewrite/hash-pinned-java/m3-collection-lanes/M3ConcurrentLaneContractTest.java.txt
727666e9ad92ab6ab1a41e625307baa70ef08c1397954c2aa362282a137c46ea	7583	evidence/consumer-v3/work/m3/tooling/migration-recipes/src/main/resources/com/synexia/rewrite/hash-pinned-java/m3-collection-lanes/M3ConcurrentLongLane28.java.txt
00b8882f22b664552ae9dae4c37ab243b7fc1fb8159b80b5b74e180b4dfd7698	6637	evidence/consumer-v3/work/m3/tooling/migration-recipes/src/main/resources/com/synexia/rewrite/hash-pinned-java/m3-collection-lanes/M3ConcurrentLongMap.java.txt
7a7e71695a1106f6cefc43e2ba0883eec78abf44f4bf72ead6d094991d6366d6	3876	evidence/consumer-v3/work/m3/tooling/migration-recipes/src/main/resources/com/synexia/rewrite/hash-pinned-java/m3-collection-lanes/M3ConcurrentLongSet.java.txt
771b1450d137874e7c3e08d4e9bee405a6cf88aa6695a9fd4c3616be4ae34d18	6912	evidence/consumer-v3/work/m3/tooling/migration-recipes/src/main/resources/com/synexia/rewrite/hash-pinned-java/m3-collection-lanes/M3IntLane28.java.txt
f797998ca57b353f7c44ae48f3d65eeaddec6182066cec0f56c8526d71355e60	2316	evidence/consumer-v3/work/m3/tooling/migration-recipes/src/main/resources/com/synexia/rewrite/hash-pinned-java/m3-collection-lanes/M3LongArena28.java.txt
ea0c1aa0957f7bafd5cf2892cbe483c98d5772192f81cc3c467d53ab5c1c7531	2310	evidence/consumer-v3/work/m3/tooling/migration-recipes/src/main/resources/com/synexia/rewrite/hash-pinned-java/m3-collection-lanes/M3LongCollection.java.txt
9d10e476f5d1664a1028fe52406ab05421758961c6d3d5cf163241e058a3f201	554	evidence/consumer-v3/work/m3/tooling/migration-recipes/src/main/resources/com/synexia/rewrite/hash-pinned-java/m3-collection-lanes/M3LongIterator.java.txt
5e35c6c646389c582585b684a4e6224bb968cf2f7b669598eb88920ab1538960	7204	evidence/consumer-v3/work/m3/tooling/migration-recipes/src/main/resources/com/synexia/rewrite/hash-pinned-java/m3-collection-lanes/M3LongLane28.java.txt
e12261ea8149c9b6cedcfb08915699ec344a57eaed15f68060a9927717eb44a1	4470	evidence/consumer-v3/work/m3/tooling/migration-recipes/src/main/resources/com/synexia/rewrite/hash-pinned-java/m3-collection-lanes/M3LongLaneStore28.java.txt
2db7c6ba3342a58fdce49c3e988ded51ece2de336575d225edb6cca75cd483c2	5940	evidence/consumer-v3/work/m3/tooling/migration-recipes/src/main/resources/com/synexia/rewrite/hash-pinned-java/m3-collection-lanes/M3LongLinkedList28.java.txt
a9be525afc8c71fa191625dc69c60f76273299832744392435a5739006c8d15c	326	evidence/consumer-v3/work/m3/tooling/migration-recipes/src/main/resources/com/synexia/rewrite/hash-pinned-java/m3-collection-lanes/M3LongLongConsumer.java.txt
9a7487453e0bd2369b56e7e17dedb79e2eba8919944772ec0407c95833458ae7	4760	evidence/consumer-v3/work/m3/tooling/migration-recipes/src/main/resources/com/synexia/rewrite/hash-pinned-java/m3-collection-lanes/M3SlotAllocator28.java.txt
f2ea51cf92b35489ca0bc3c6555850ff9ceee45a1459eb0af06f19feaff810ce	7117	evidence/consumer-v3/work/m3/tooling/migration-recipes/src/main/resources/com/synexia/rewrite/hash-pinned-java/m3-collection-lanes/SegmentedLaneBulkContractTest.java.txt
b202adb68518e47c49ceddc4f21e52c7bb48c387b3f1ee08baceaf8a930eb44c	6641	evidence/consumer-v3/work/m3/tooling/migration-recipes/src/main/resources/com/synexia/rewrite/hash-pinned-java/m3-collection-lanes/SegmentedPrimitiveStorageTest.java.txt
cfd99d1d4cfd40371718188e695221d6aee88eb9579a815f0f0e3b05643f2054	3285	evidence/consumer-v3/work/m3/tooling/migration-recipes/src/main/resources/com/synexia/rewrite/hash-pinned-java/m3-collection-lanes/manifest.tsv
e531b318ea4cbc6ca09bb3e52cb1a70ee4539ccf78d8b61b0f73bcf3027db557	165	evidence/consumer-v3/work/m3/tooling/migration-recipes/src/main/resources/com/synexia/rewrite/hash-pinned-java/m3-collection-lanes/module-info.java.txt
068cc68a4968c1f8aed45d7ff73a9bfca8dc19723015cd739728cbd56d90150d	205038	evidence/consumer-v3/work/m3/tooling/migration-recipes/src/main/resources/com/synexia/rewrite/hash-pinned-java/mindex-jni-newstring-admission/String.java.before.txt
5f1c19dd6d46c12f5b3baf72422ae7e68975e41df4303451a1db2299c8581601	205581	evidence/consumer-v3/work/m3/tooling/migration-recipes/src/main/resources/com/synexia/rewrite/hash-pinned-java/mindex-jni-newstring-admission/String.java.txt
2a5c781c50f48e19f3f9ec0ba99cb6f894e76779b088dc7d04d3ddda73251245	239	evidence/consumer-v3/work/m3/tooling/migration-recipes/src/main/resources/com/synexia/rewrite/hash-pinned-java/mindex-jni-newstring-admission/manifest.tsv
88f4d3b3b04e41c34f171a38f30a320af91561ba72fa89a35750e1da7b9854c1	25258	evidence/consumer-v3/work/m3/tooling/migration-recipes/src/main/resources/com/synexia/rewrite/hash-pinned-java/mindex-string-bulk-char-boundary/MIndexString.java.before.txt
1399b110a329f39ee1c40df2d9bb9af216d0e512a343b5fcf641fb67b39a3c87	26303	evidence/consumer-v3/work/m3/tooling/migration-recipes/src/main/resources/com/synexia/rewrite/hash-pinned-java/mindex-string-bulk-char-boundary/MIndexString.java.txt
4e51fd1acaf8a22036d2dc5d0b405509f3f469d6e4054c8a0a4133cfe230d7a4	251	evidence/consumer-v3/work/m3/tooling/migration-recipes/src/main/resources/com/synexia/rewrite/hash-pinned-java/mindex-string-bulk-char-boundary/manifest.tsv
12c1e5cebc488f9d4669d668caf004854c436812122ec63bf1173d3ae3a57d3c	6987	evidence/consumer-v3/work/m3/tooling/migration-recipes/src/main/resources/com/synexia/rewrite/hash-pinned-java/pack-version/00-M3ModuleInspector.java.txt
e4d7aebde2db036fc5eaa9ced964b9e6ca3ccf05a88c54ad7c83a8f59be568c2	9133	evidence/consumer-v3/work/m3/tooling/migration-recipes/src/main/resources/com/synexia/rewrite/hash-pinned-java/pack-version/01-VersionProbe.java.txt
b82d64a1417831a61386ce439a4b00c4904893e20de613c7e5adacaab4a52f29	531	evidence/consumer-v3/work/m3/tooling/migration-recipes/src/main/resources/com/synexia/rewrite/hash-pinned-java/pack-version/02-VersionTest.java.txt
6e3599202a1afc6f1971c6a88b8c8e5d31f410c9295e87e85d5e46c779c5905e	6693	evidence/consumer-v3/work/m3/tooling/migration-recipes/src/main/resources/com/synexia/rewrite/hash-pinned-java/pack-version/before-00-M3ModuleInspector.java.txt
d0166513af5e163700a832139bdf40f467f382f4e7b3d48a7dfa0ae7b94a0fc1	525	evidence/consumer-v3/work/m3/tooling/migration-recipes/src/main/resources/com/synexia/rewrite/hash-pinned-java/pack-version/manifest.tsv
d8560c0d8f10043c2da6b15a4ede378791a286d4b919c5dd3999b10300981e36	6355	evidence/consumer-v3/work/m3/tooling/migration-recipes/src/main/resources/com/synexia/rewrite/hash-pinned-java/scope-backslash-literal/after.java.txt
fd34ae842ba65bb843c2bba8df30926a8b2ba71df7cda76b4db8ed3a0be2da92	6354	evidence/consumer-v3/work/m3/tooling/migration-recipes/src/main/resources/com/synexia/rewrite/hash-pinned-java/scope-backslash-literal/before.java.txt
0b68d3c7541f21b7f45cf548a098079aae36934c3da31183f1e28567558ffe15	231	evidence/consumer-v3/work/m3/tooling/migration-recipes/src/main/resources/com/synexia/rewrite/hash-pinned-java/scope-backslash-literal/manifest.tsv
cb50139594817d5cb2477c4d67148d4aed2174299f05cff9a3b24416139bc6b4	4037	evidence/consumer-v3/work/m3/tooling/migration-recipes/src/main/resources/com/synexia/rewrite/m3port/FrozenBytes.java.before.txt
0c03ca0ed8b42212fa92e4d5f9325ba864f8d11928cd6a0b030b861f668f0657	3868	evidence/consumer-v3/work/m3/tooling/migration-recipes/src/main/resources/com/synexia/rewrite/m3port/FrozenChars.java.before.txt
206cd1ecb96bec037c59b531c13dd7029e4ce79f1b50bfdfccc64dfd6279e74b	3259	evidence/consumer-v3/work/m3/tooling/migration-recipes/src/main/resources/com/synexia/rewrite/m3port/MIndexJoinedBytes.java.before.txt
964f0fc3611f259562adca7f7a9ec581d149f16b4dfcc9a3c775a2a8ca53f864	7282	evidence/consumer-v3/work/m3/tooling/migration-recipes/src/main/resources/com/synexia/rewrite/m3port/MIndexJoinedChars.java.after.txt
712c1c795ff1e0d6dea099eaec8fa6e64803adfc12bad6f31970b722c659d396	5188	evidence/consumer-v3/work/m3/tooling/migration-recipes/src/main/resources/com/synexia/rewrite/m3port/MIndexJoinedChars.java.before.txt
f42c548a4fd47d3dac43283082125232e04d5f13f28b63521832493394176337	10303	evidence/consumer-v3/work/m3/tooling/migration-recipes/src/main/resources/com/synexia/rewrite/m3port/MIndexJoinedStorageIntern.java.before.txt
a4f0e0cd7b3e8701aba21b8b14b068cc2d3822e17dc066daa442cbc580404a80	5955	evidence/consumer-v3/work/m3/tooling/migration-recipes/src/main/resources/com/synexia/rewrite/m3port/MIndexJoinedStreams.java.before.txt
5a3e0171a9483794ef27e45a7f04b6218e38cbf302f1715a0e5e06fd8bcb76d9	771	evidence/consumer-v3/work/m3/tooling/migration-recipes/src/main/resources/com/synexia/rewrite/m3port/source.properties
4ff7fb4557c58cc59de7fbb24498f3df2a197083a5cd467670dc24b9441f1210	3458	evidence/consumer-v3/work/m3/tooling/migration-recipes/src/main/resources/com/synexia/rewrite/segmented-lane-native/segmented_bit_lane.c.txt
aa3e367d6a8c3729dcc73bfd07525b3ddd1a0892172307a01d1adb627aa06c47	2585	evidence/consumer-v3/work/m3/tooling/migration-recipes/src/test/java/com/m3/rewrite/InstallIndexStringCompatibilityTest.java
bf0cd3c9ca89e2b75d83e717d79b9a17e197646f40d108b05b4dc2ecd2cc1f70	6058	evidence/consumer-v3/work/m3/tooling/migration-recipes/src/test/java/com/m3/rewrite/M3A3DeclarativeDeliveryRecipeTest.java
4d670e134182d7a8c002fa3ec424ca4db1df9f5668332c8880ea24e72905c2a7	5352	evidence/consumer-v3/work/m3/tooling/migration-recipes/src/test/java/com/m3/rewrite/M3A3LabDeliveryRecipeTest.java
8d7de7e6ec610475dd6dce26d4460d443d2876ef919e3639f0eb2b0a58da009a	5259	evidence/consumer-v3/work/m3/tooling/migration-recipes/src/test/java/com/m3/rewrite/M3A3LevenshteinEvidenceClosureRecipeTest.java
1476249aef345fdb14aa181a4018e7783c4463546c533916ca56e6e98f99bc05	4954	evidence/consumer-v3/work/m3/tooling/migration-recipes/src/test/java/com/m3/rewrite/M3A3MasteryWorkflowRecipeTest.java
f34470a701cf71b4b4abbe1fa9a5091392a930426ec84d700f13e53edd244629	5380	evidence/consumer-v3/work/m3/tooling/migration-recipes/src/test/java/com/m3/rewrite/M3A3RegexMemoryLabDeliveryRecipeTest.java
3f3ab065d9e87e9f6095629a56b052642ec9d0883a466430e90a4a4355edd05b	4975	evidence/consumer-v3/work/m3/tooling/migration-recipes/src/test/java/com/m3/rewrite/M3A3RegexMemoryWorkflowRecipeTest.java
fc982087cdb11eba996aa332049cece3b9b616616e255c000a90215a44454ce2	2820	evidence/consumer-v3/work/m3/tooling/migration-recipes/src/test/java/com/m3/rewrite/M3ImportAdmissionTest.java
6f0ae4b0e408b9ed5e9c6611d481e5710f490b0468c1911b143728685b598894	1916	evidence/consumer-v3/work/m3/tooling/migration-recipes/src/test/java/com/m3/rewrite/M3Java21ConvergenceAdmissionTest.java
5ad57812a2c2bb7ca6ef9583963ca8081eb3a6595d7a6ba0b2ef7b236f183e72	8659	evidence/consumer-v3/work/m3/tooling/migration-recipes/src/test/java/com/m3/rewrite/M3Java21ConvergenceRecipeTest.java
a2ab300d9fc8a821fa5d996cd0d18e6736f757863572067d72d0639ea31d0386	4052	evidence/consumer-v3/work/m3/tooling/migration-recipes/src/test/java/com/m3/rewrite/M3Java21DeclarativeConvergenceTest.java
12024b153d6aa2cd7b311535faf7b9e3f3ea3df5d736c318ea6e7ee1194da3fa	8212	evidence/consumer-v3/work/m3/tooling/migration-recipes/src/test/java/com/m3/rewrite/a3/M3A3AlgorithmCatalogueRecipeTest.java
710fc2530bc795e823bf60c60f1cc6e5047444632cf86edf0a25c0b0855694b5	19256	evidence/consumer-v3/work/m3/tooling/migration-recipes/src/test/java/com/m3/rewrite/a3/M3A3SerialFileWorkRecipeTest.java
b034673ea218515cc12ab0b4173eabf06732f29e8a456be45b5ba0d00489ab39	15860	evidence/consumer-v3/work/m3/tooling/migration-recipes/src/test/java/com/m3/rewrite/atom/JccReceivingFixtureTest.java
120985ef8bec9c99bb1f6103f41aed442c0dfafa13a845ba5007859403bd8b05	5369	evidence/consumer-v3/work/m3/tooling/migration-recipes/src/test/java/com/m3/rewrite/atom/M3AtomCommentRecipeTest.java
b093aac929d9798cfedea92639ea5753f90af5855f611a793179afafd1cbd605	14826	evidence/consumer-v3/work/m3/tooling/migration-recipes/src/test/java/com/m3/rewrite/atom/M3AtomCoverageClosureTest.java
a9f2bb64919a02c41d0363c30d444cf62e4730c7ffef93cdecffac46557f51c4	8746	evidence/consumer-v3/work/m3/tooling/migration-recipes/src/test/java/com/m3/rewrite/atom/M3AtomDefensiveBranchTest.java
bd015deb2c5b0c7ccbd8471757513973e94eda4e506995d12da90b8e67cde9eb	11525	evidence/consumer-v3/work/m3/tooling/migration-recipes/src/test/java/com/m3/rewrite/atom/M3AtomizePureIntReturnRecipeTest.java
a4f3b792ce1be06b3586eeb5a8ed9413f5f89914136baf18c671035a5945cda3	6296	evidence/consumer-v3/work/m3/tooling/migration-recipes/src/test/java/com/m3/rewrite/atom/M3DocumentationContractTest.java
004de5f30e2a3c54d439b36493e8733dc73fdae8a288ba18238423ded5afcbed	18912	evidence/consumer-v3/work/m3/tooling/migration-recipes/src/test/java/com/m3/rewrite/atom/M3IntRecipeProjectTest.java
aae0bf5d920010103954b3b0b3ef0a4f0857ca3d0ffff32423eb91aa2da70b97	12075	evidence/consumer-v3/work/m3/tooling/migration-recipes/src/test/java/com/m3/rewrite/atom/M3IntSpectrumTest.java
ef29c46f009d7a9d980854226366a9066e5c29fe041e01497c2c40cbfffb397d	3884	evidence/consumer-v3/work/m3/tooling/migration-recipes/src/test/java/com/m3/rewrite/atom/M3InventoryPureIntAtomCandidatesTest.java
9b8b7396e0dba4e8d411db8d56e09bbb4ae0fdab4fbb4f4972d3844c8cab23c0	1949	evidence/consumer-v3/work/m3/tooling/migration-recipes/src/test/java/com/m3/rewrite/atom/M3PatternMarkerTest.java
152189b0eeeed97460ea798f042fc9f9df7609c9477dcf7bdb593b06c48486c6	7418	evidence/consumer-v3/work/m3/tooling/migration-recipes/src/test/java/com/m3/rewrite/atom/M3PureIntConvergenceRecipeTest.java
f5748d2c07ce80fb2735c1d775e4d6fe0d8344355d4fafebc57bd86215353d71	14563	evidence/consumer-v3/work/m3/tooling/migration-recipes/src/test/java/com/m3/rewrite/atom/M3RepositoryCorpusTest.java
c2a204144a4ff7fe2f4abfa151a744e7114961b83b7f006e019e595f4569e238	4517	evidence/consumer-v3/work/m3/tooling/migration-recipes/src/test/java/com/m3/rewrite/atom/MemJava.java
52c83c1c18eaee870e6b6703f7476e7fde442f311bfeb6b33e92638546419f61	6881	evidence/consumer-v3/work/m3/tooling/migration-recipes/src/test/java/com/m3/rewrite/atom/SpectrumCases.java
af9fe4c6dde5559d7a427737312c43d69f79820f4954359f044fa5887fd30995	4442	evidence/consumer-v3/work/m3/tooling/migration-recipes/src/test/java/com/m3/rewrite/backport/A3KitTest.java
161cfc246a5ab373f770a34d9336a3fb812a115e127a41e098b252a44c917279	6187	evidence/consumer-v3/work/m3/tooling/migration-recipes/src/test/java/com/m3/rewrite/backport/ClassVerTest.java
e84468c00205a78a6aded32127f39296564751c0a05d67c6bf890cdb7f491f00	5500	evidence/consumer-v3/work/m3/tooling/migration-recipes/src/test/java/com/m3/rewrite/backport/ClosureRecipeTest.java
847e23f5ea4f8f4bc889c61bda6dfc638442ae105e6b3ef70081ddb102d3c001	17603	evidence/consumer-v3/work/m3/tooling/migration-recipes/src/test/java/com/m3/rewrite/backport/DbRecipeTest.java
24e7a0d7dbd645426acd6a3bfcbff5d2d61332f9acf3e60bc225c61ab72e307e	8783	evidence/consumer-v3/work/m3/tooling/migration-recipes/src/test/java/com/m3/rewrite/backport/DescriptorRecipeTest.java
7200f7a0dd89cc6019f5e0dc51738064a28d36b3bfda023f189447a3dc43e27f	7103	evidence/consumer-v3/work/m3/tooling/migration-recipes/src/test/java/com/m3/rewrite/backport/GateTest.java
fe73b48307c045b219cec3a3d123cfb008b92f98fc11ad1907df6c64fd22af61	19825	evidence/consumer-v3/work/m3/tooling/migration-recipes/src/test/java/com/m3/rewrite/backport/JccHandoffTest.java
fec35bd3dc11f88e9c66a9c08c58141eea2769831cde868d56ed964ff54cd640	4741	evidence/consumer-v3/work/m3/tooling/migration-recipes/src/test/java/com/m3/rewrite/backport/JniTest.java
59e0ac3a126881fe46bb89d5ad88381c8df1510d0b7bf1d5f302a483d2b617d7	4239	evidence/consumer-v3/work/m3/tooling/migration-recipes/src/test/java/com/m3/rewrite/backport/KitTest.java
8d1ec1911ea666daec30d8e0fdc0287472406d8bf90cbdc1a18489bcf50bf993	4998	evidence/consumer-v3/work/m3/tooling/migration-recipes/src/test/java/com/m3/rewrite/backport/M3A3NativeJniLaneRecipeTest.java
94a0c919b54bdf90ca736602a3222589a20f354ad3df0f4457db234fd65483d7	3810	evidence/consumer-v3/work/m3/tooling/migration-recipes/src/test/java/com/m3/rewrite/backport/M3Jdk21HashPinnedTextSnapshotRecipeTest.java
38840a59acbafbd4084f2d89ea8bd74ad5befb375c2e3ee3c2bdbfb3ba5589f2	7118	evidence/consumer-v3/work/m3/tooling/migration-recipes/src/test/java/com/m3/rewrite/backport/M3Jdk8347112BackportRecipeTest.java
4a8d732d3fdade09c7f3ee0011f00da48a3b08acb7b0e1043843cb701360259b	8534	evidence/consumer-v3/work/m3/tooling/migration-recipes/src/test/java/com/m3/rewrite/backport/M3Jdk8364182BackportRecipeTest.java
4a7d6dc4d7e9639fe5795981fec6a2eb6e54295e1412d2cfda89bbbb95983a24	7942	evidence/consumer-v3/work/m3/tooling/migration-recipes/src/test/java/com/m3/rewrite/backport/M3Jdk8367584JfrOptionsHelpBackportRecipeTest.java
55b42f911f5a42a1ba0c317490841c86de8d9c1d47e2f0abd949627863500c38	5727	evidence/consumer-v3/work/m3/tooling/migration-recipes/src/test/java/com/m3/rewrite/backport/M3Jdk8368692PasswordSystemInBackportRecipeTest.java
dde7302736ff8d70ccee0a7952eeb93c3aee2f3be70b10ac209c8048c52ba21d	7955	evidence/consumer-v3/work/m3/tooling/migration-recipes/src/test/java/com/m3/rewrite/backport/M3Jdk8374808BackportRecipeTest.java
17f3c72112f160ae1c31415e762c70abf7c0ac83405d94eb336df84ab8133585	7316	evidence/consumer-v3/work/m3/tooling/migration-recipes/src/test/java/com/m3/rewrite/backport/M3JdkExecutionFollowthroughRecipeTest.java
7e5564f2e11aaed7c75409a6de4ddd95cde69c262d2072b86b73cb16cebf08d5	12472	evidence/consumer-v3/work/m3/tooling/migration-recipes/src/test/java/com/m3/rewrite/backport/M3Jep458BackportRecipeTest.java
a35b4dee0294586ee31bb4f61e8005d1e586b5378454b2a553ebf38caf19524f	6867	evidence/consumer-v3/work/m3/tooling/migration-recipes/src/test/java/com/m3/rewrite/backport/M3VerbatimJavaPairRecipeTest.java
6c83dcf46c27e7801ccfdb55105835ee029c2abd5866945ed94bcc9363ddcd94	9805	evidence/consumer-v3/work/m3/tooling/migration-recipes/src/test/java/com/m3/rewrite/backport/MapFactsRecipeTest.java
d953233da83f47819f56b2683c0a8e0035503409510523a0b8214620d4e3deff	8851	evidence/consumer-v3/work/m3/tooling/migration-recipes/src/test/java/com/m3/rewrite/backport/MapGuardRecipeTest.java
10f37fe0911bb9bbbedb3ff42ab6451e12da881664cc9171d28e2e7677a8d431	10382	evidence/consumer-v3/work/m3/tooling/migration-recipes/src/test/java/com/m3/rewrite/backport/MapUtfRecipeTest.java
c61df0b16e96ba3dffb74ac8ab72373bd109f21974c730b4704fe93b8164f89e	5789	evidence/consumer-v3/work/m3/tooling/migration-recipes/src/test/java/com/m3/rewrite/backport/VersionRecipeTest.java
cf1c56ebf8fc2df3778cd56e34240da7c3ba722cb2949e8957b81157abf8b9ba	8378	evidence/consumer-v3/work/m3/tooling/migration-recipes/src/test/java/com/m3/rewrite/scope/M3RecipeScopeDeclarationTest.java
ab2e42fee70837c131c61232750ed926965d137b7a967d22b7ed39dd12303976	4901	evidence/consumer-v3/work/m3/tooling/migration-recipes/src/test/java/com/m3/rewrite/scope/M3ScopeContractTest.java
3a57bda49c218895a2be9f5053671d435840abd4c4079f4a1e5eed89becf0813	11065	evidence/consumer-v3/work/m3/tooling/migration-recipes/src/test/java/com/m3/rewrite/scope/M3ScopeCoverageClosureTest.java
743ca03a542f4ec432289ab9cea22f4c6e0655ed58c477ac86d2269ab2f22499	1324	evidence/consumer-v3/work/m3/tooling/migration-recipes/src/test/java/com/m3/rewrite/scope/M3ScopeDefensiveBranchTest.java
06397543cf3e00cdb89fa63355d6975c06bf2b696fd187206453f35c33710308	4002	evidence/consumer-v3/work/m3/tooling/migration-recipes/src/test/java/com/m3/rewrite/semantic/M3SemanticHashRecipeTest.java
16657897a67c41c0fd982dc66c45c611ad830ea81d440018a415ee59cc0f8036	2193	evidence/consumer-v3/work/m3/tooling/migration-recipes/src/test/java/com/synexia/rewrite/M3DocumentJavadocContractRecipeTest.java
46d8f894d23d2a5609126580f950549b1c1a6dedb7c8867b783d992cf9a911e0	3254	evidence/consumer-v3/work/m3/tooling/migration-recipes/src/test/java/com/synexia/rewrite/M3MIndexJniNewStringAdmissionRecipeTest.java
0453146bf4e6ac3759572a026f711089e026146a04465eeabfafc74451cfead9	3209	evidence/consumer-v3/work/m3/tooling/migration-recipes/src/test/java/com/synexia/rewrite/M3MIndexJoinedCharsViewRecipeTest.java
5eaf5a99083e11272778bc3dcc4f04b40ea3f16d99d8e5b9885ab4c8206e011d	3305	evidence/consumer-v3/work/m3/tooling/migration-recipes/src/test/java/com/synexia/rewrite/M3MIndexStringBulkCharBoundaryRecipeTest.java
bec6d280b89c27aefe4f2330178120f5237a72afefbaaf211e270d439390f37a	2206	evidence/consumer-v3/work/m3/tooling/migration-recipes/src/test/java/com/synexia/rewrite/M3ScopeLiteralRepairRecipeTest.java
e45dcc553df5cd0ad940f3dc656ebd9ea264f8353da3f7c27b5a2333f4997094	8537	evidence/consumer-v3/work/m3/tooling/migration-recipes/src/test/resources/com/m3/rewrite/a3-declarative-proof/before-A3Apply.java.txt
77390f350eeeb4b25a1c4db9279b3966884d9918f0b9dd0af1f1b4c3acc7b7ee	4328	evidence/consumer-v3/work/m3/tooling/migration-recipes/src/test/resources/com/m3/rewrite/a3-declarative-proof/before-A3ApplyTest.java.txt
cc1419f7e89a08dba92b3baf231e6afb48e9ab89e32ac1051b32ba5c94b8e4b3	4959	evidence/consumer-v3/work/m3/tooling/migration-recipes/src/test/resources/com/m3/rewrite/a3-lab/before-A3.java.txt
6d9ec887c87898167748ca5f77598f95a6784cfaf14882f4983733c006374b77	5127	evidence/consumer-v3/work/m3/tooling/migration-recipes/src/test/resources/com/m3/rewrite/a3-lab/v2-before/A3.java
ff8cbb08b28f1c28f486eb610ba1e149f41f587deada48d2cec30107fa1f80cb	5878	evidence/consumer-v3/work/m3/tooling/migration-recipes/src/test/resources/com/m3/rewrite/a3-lab/v2-before/A3Cases.java
441f9aac0bb12db78d6e338285541f4f5d25dd50fe855858887714efc32d7501	17507	evidence/consumer-v3/work/m3/tooling/migration-recipes/src/test/resources/com/m3/rewrite/a3-lab/v2-before/A3Lab.java
db4a5801884a58cda05772928a09c410acd79c04eb904ec26d7ef7b29c669c81	2911	evidence/consumer-v3/work/m3/tooling/migration-recipes/src/test/resources/com/m3/rewrite/a3-lab/v2-before/A3LabTest.java
dbf418a96d4fd41b7a33354d34f811b0b4cf7839782eae56b53d063f750f37a0	3729	evidence/consumer-v3/work/m3/tooling/migration-recipes/src/test/resources/com/m3/rewrite/a3-levenshtein-evidence-closure/before/a3-alg.md
45c1e913ea9778bcac5324e3320c70f4f096b526f9afc1fa32bec9932eb3f388	2704	evidence/consumer-v3/work/m3/tooling/migration-recipes/src/test/resources/com/m3/rewrite/a3-levenshtein-evidence-closure/before/algorithm-catalogue.tsv
82aaba939e717734988a74af50d662e16e04acd73dfd3c418906658a3eb2c4df	2947	evidence/consumer-v3/work/m3/tooling/migration-recipes/src/test/resources/com/m3/rewrite/a3-mastery-workflow/before/a3-lab.md
528d8146e4b600b64add339f2cf46e87c355d015ca094d313b7703470d6aef23	10371	evidence/consumer-v3/work/m3/tooling/migration-recipes/src/test/resources/com/m3/rewrite/a3-mastery-workflow/before/m3-a3.yml
f68fb01640e7bee16e67af34ff986006a8ebebca3c13e9088296540f844b2200	17623	evidence/consumer-v3/work/m3/tooling/migration-recipes/src/test/resources/com/m3/rewrite/a3-regex-memory-lab/before/A3Lab.java
225efc2885ba8c002d036ecf70b4dd8a13b646debc74afeb031b0fce624d3f18	3860	evidence/consumer-v3/work/m3/tooling/migration-recipes/src/test/resources/com/m3/rewrite/a3-regex-memory-lab/before/A3LabTest.java
6ee9e1939eef716a7c24d34967f8c3b634c822c5c05b5c728080920e697869b1	3591	evidence/consumer-v3/work/m3/tooling/migration-recipes/src/test/resources/com/m3/rewrite/a3-regex-memory-workflow/before/a3-lab.md
d02cc3c3b459df10e9693869852ae6947b1e9a05d01d8fdc6d1036a66d436004	3372	evidence/consumer-v3/work/m3/tooling/migration-recipes/src/test/resources/com/m3/rewrite/a3-regex-memory-workflow/before/a3-mastery.md
3e8bbec81071171ddc771d675741bb09a43bbb90db6d40241d85873b896001d0	10858	evidence/consumer-v3/work/m3/tooling/migration-recipes/src/test/resources/com/m3/rewrite/a3-regex-memory-workflow/before/workflow.yml
38ed8c01c6982fa4a52ea155c2e9652dfe45f317d8ae994c17fba01c7309fbda	18328	evidence/consumer-v3/work/m3/tooling/migration-recipes/src/test/resources/com/m3/rewrite/atom/spectrum/CORPUS.tsv
b1f834a645fef766ae058cd0d0f6f347d0dfc9097c0828e608287272fbaaf9b7	14657	evidence/consumer-v3/work/m3/tooling/migration-recipes/src/test/resources/com/m3/rewrite/backport/a3-native-jni-lane/pre/README.md.before.txt
8e31592803fb14558a2cb26e7289001caf0081304c8872e15f647c4cea7de8ba	5799	evidence/consumer-v3/work/m3/tooling/migration-recipes/src/test/resources/com/m3/rewrite/backport/a3-native-jni-lane/pre/a3.md.before.txt
0ae1569568b49d3f275ca0631b56b36dfa4f52d00d5ed50799491cfea86d5f6d	6675	evidence/consumer-v3/work/m3/tooling/migration-recipes/src/test/resources/com/m3/rewrite/backport/a3-native-jni-lane/pre/file_delta_inventory.py.before.txt
5bb93cc292ec26bc70a92c0ac8d4ba073bc5c83ba50ed118f16c84105c0ee3aa	13534	evidence/consumer-v3/work/m3/tooling/migration-recipes/src/test/resources/com/m3/rewrite/backport/a3-native-jni-lane/pre/generate_recipe_crates.py.before.txt
d0f6cb52e986aac8c5b3ffb09d86545170bc904a85546e95434649db52815a3f	4644	evidence/consumer-v3/work/m3/tooling/migration-recipes/src/test/resources/com/m3/rewrite/backport/a3-native-jni-lane/pre/test_file_delta_inventory.py.before.txt
02c910d49821ec3d1b7281852ed9cf1110e05017e89a1e753b5eafd181024428	14485	evidence/consumer-v3/work/m3/tooling/migration-recipes/src/test/resources/com/m3/rewrite/backport/a3-native-jni-lane/pre/test_generate_recipe_crates.py.before.txt
d772d0889900377a8139de7fa2d8f267ce7d85f0aea37bc0126fe2b9235ddba4	317	evidence/consumer-v3/work/m3/tooling/migration-recipes/src/test/resources/com/m3/rewrite/backport/jdk21-hash-pinned-text/test-text-crate/manifest.tsv
091ee53ac938470768355fb7cdc00721d571e817a38f360581ea627de0a6d62e	9	evidence/consumer-v3/work/m3/tooling/migration-recipes/src/test/resources/com/m3/rewrite/backport/jdk21-hash-pinned-text/test-text-crate/new.conf.txt
07082d58c9b44101867a7ce55c9cbd4d1498ebd7505418ccc0ff21de8cfffac5	8	evidence/consumer-v3/work/m3/tooling/migration-recipes/src/test/resources/com/m3/rewrite/backport/jdk21-hash-pinned-text/test-text-crate/test.properties.txt
9aaab7ca45edd8f25e932aa27116554402a27ec7f265cb2cf6ca48a3bd86d96c	51	evidence/consumer-v3/work/m3/tooling/migration-recipes/src/test/resources/com/m3/rewrite/backport/jdk21-hash-pinned/jdk27-db-build/P.java.txt
72ca0a08b5328d421bcdcbf30b61021016165be71af2c9b00f928275ff135e1f	178	evidence/consumer-v3/work/m3/tooling/migration-recipes/src/test/resources/com/m3/rewrite/backport/jdk21-hash-pinned/jdk27-db-build/manifest.tsv
fb2a2d1a2fb9c0c96d4dc5b02e334eddab961f48888327fa7fc0d8913224df6d	6649	evidence/consumer-v3/work/m3/tooling/migration-recipes/src/test/resources/com/m3/rewrite/backport/jdk22-jep458-current/pre/00-CompileInterimLangtools.gmk.before.txt
aec8a9e19b03ad21d50513176571bb89d5a267dd6fe8825e204d884f36163d31	13956	evidence/consumer-v3/work/m3/tooling/migration-recipes/src/test/resources/com/m3/rewrite/backport/jdk22-jep458-current/pre/00-module-info.java.before.txt
44662f618e1c5f8257a5eb2f68e806f6fab48660b1b8911386d7807c61a14010	11526	evidence/consumer-v3/work/m3/tooling/migration-recipes/src/test/resources/com/m3/rewrite/backport/jdk22-jep458-current/pre/01-Preview.java.before.txt
b2916acfd31c7ef573885af5c064cbe8a89a63a66011eaa5a73c3c87938e37e2	14663	evidence/consumer-v3/work/m3/tooling/migration-recipes/src/test/resources/com/m3/rewrite/backport/jdk22-jep458-current/pre/01-java-base-launcher.properties.before.txt
544a8112df52fbd2767363bc4f6203543e8ca6daecf900468768c94185025851	77790	evidence/consumer-v3/work/m3/tooling/migration-recipes/src/test/resources/com/m3/rewrite/backport/jdk22-jep458-current/pre/02-java.c.before.txt
7a40bbf80440f5bdd6c369084e1597ae9d4e5c143ef9b755a48cf209111dfc0f	5275	evidence/consumer-v3/work/m3/tooling/migration-recipes/src/test/resources/com/m3/rewrite/backport/jdk22-jep458-current/pre/03-jdk-compiler-launcher.properties.before.txt
e8c1811a383657bcf844bacd24a339e0974c594362c7a229e3de9cfcd9e927a6	56276	evidence/consumer-v3/work/m3/tooling/migration-recipes/src/test/resources/com/m3/rewrite/backport/jdk22-jep458-current/pre/12-Option.java.before.txt
67b4e9cf748dd758f8720fd494444cd5e0cd630009eac84e0b2c73dcbe868582	2250	evidence/consumer-v3/work/m3/tooling/migration-recipes/src/test/resources/com/m3/rewrite/backport/jdk22-jep458-current/pre/14-GetResourceTest.java.before.txt
770410ae9b62b71069e860f910a46ef7f65ebd33cce0ad8c00a4af8bf7a79a59	35160	evidence/consumer-v3/work/m3/tooling/migration-recipes/src/test/resources/com/m3/rewrite/backport/jdk22-jep458-current/pre/19-SourceLauncherTest.java.before.txt
8ff6f20315f5932819d14d2632a0b678b63b1923087f52478c554e41dba2432f	12323	evidence/consumer-v3/work/m3/tooling/migration-recipes/src/test/resources/com/m3/rewrite/backport/jdk22-jep458-current/pre/21-ListModuleDeps.java.before.txt
de7a521207bb9c78f6772074269199d804b2760cbe1dcee01b7fe8a01d0b69ff	30628	evidence/consumer-v3/work/m3/tooling/migration-recipes/src/test/resources/com/m3/rewrite/backport/jdk27-javadoc-8347112/pre/BaseConfiguration.java.before.txt
c5fa8cc4ef83e41f1ee1715e0600bcba73bf8ad45942bdc3641c2be44c0123ca	12756	evidence/consumer-v3/work/m3/tooling/migration-recipes/src/test/resources/com/m3/rewrite/backport/jdk27-javadoc-8347112/pre/DocFilesHandlerImpl.java.before.txt
9e445fdf493ebe246e10b3d513ccd83a54f91fe4cf6c7e11d1bf8df4e6d98782	10307	evidence/consumer-v3/work/m3/tooling/migration-recipes/src/test/resources/com/m3/rewrite/backport/jdk27-javadoc-8347112/pre/TestCopyFiles.java.before.txt
f0abef4ca1aa23163b6b96f5c6eb7610ac9ac69a2b3815674049c091936c7143	57348	evidence/consumer-v3/work/m3/tooling/migration-recipes/src/test/resources/com/m3/rewrite/backport/jdk27-javadoc-8347112/pre/javadoc.1.before.txt
bb1c116219dfaecb82839797cbad206d2a04e951a7399275d247963dcb2b52ca	30056	evidence/consumer-v3/work/m3/tooling/migration-recipes/src/test/resources/com/m3/rewrite/backport/jdk27-javadoc-8347112/pre/standard.properties.before.txt
fc56665e8938fc5fbe467f59655cb80b5c6f90fa936ef71444d931a508f629bd	24311	evidence/consumer-v3/work/m3/tooling/migration-recipes/src/test/resources/com/m3/rewrite/backport/jdk27-jfr-options-help-8367584/pre/jfrDcmds.cpp.before.txt
c27ea56c3d0b245c84dd5ad4ed965e5fcfebc2d63df965c82433d684b169dd8a	7215	evidence/consumer-v3/work/m3/tooling/migration-recipes/src/test/resources/com/m3/rewrite/backport/jdk27-jfr-options-help-8367584/pre/jfrDcmds.hpp.before.txt
0eff6efdb739e58da2c1266b0fdadf28b000e0aa160a723e8f24619a6c824f35	29227	evidence/consumer-v3/work/m3/tooling/migration-recipes/src/test/resources/com/m3/rewrite/backport/jdk27-jfr-options-help-8367584/pre/jfrOptionSet.cpp.before.txt
7ec4534e23ac067aea473da6e2638d660c2b149113c94023cf033a01bc77a5ca	90557	evidence/consumer-v3/work/m3/tooling/migration-recipes/src/test/resources/com/m3/rewrite/backport/jdk27-keystore-creation-instant-8374808/pre/KeyStore.java.before.txt
25a3cce4aee111e67af0156b4f357aa230fe5fddfee782280a561ae0df6faaa8	27270	evidence/consumer-v3/work/m3/tooling/migration-recipes/src/test/resources/com/m3/rewrite/backport/jdk27-keystore-creation-instant-8374808/pre/KeyStoreSpi.java.before.txt
20da0c770960d04f9c81b5dbeebdff1ddea4dd1b9ea0a9f403bdbdb56f25f5d4	5732	evidence/consumer-v3/work/m3/tooling/migration-recipes/src/test/resources/com/m3/rewrite/backport/jdk27-password-systemin-8368692/pre/Password.java.before.txt
05fe1073e0381059378b8b94d5b8ecabdcbc812ba0c6a251a2d7971a2d951126	64495	evidence/consumer-v3/work/m3/tooling/migration-recipes/src/test/resources/com/m3/rewrite/backport/jdk27-password-systemin-8368692/pre/java.security.before.txt
10d2b1c903beea4a2b37412ee2a149b64bc479e580d00b1b9236311dd21b9f6a	1357	evidence/consumer-v3/work/m3/tooling/migration-recipes/src/test/resources/com/m3/rewrite/backport/jdk27-security-properties-8364182/pre/JavaSecurityPropertiesAccess.java.before.txt
7e8b65dfcad975c736a05b5ef221bda4a088a08ee050bb700001b9c724b9546e	40506	evidence/consumer-v3/work/m3/tooling/migration-recipes/src/test/resources/com/m3/rewrite/backport/jdk27-security-properties-8364182/pre/Security.java.before.txt
6d5e489f69a8ef2853c1ae09961b9dcdf489ffd102f0ebe6eae00793ad4d523c	25450	evidence/consumer-v3/work/m3/tooling/migration-recipes/src/test/resources/com/m3/rewrite/backport/jdk27-security-properties-8364182/pre/VMSupport.java.before.txt
b0e5a34c68f8a8d8160358164eddcb1699d67246831095a28045c54fa94c7e52	44034	evidence/consumer-v3/work/m3/tooling/migration-recipes/src/test/resources/com/m3/rewrite/backport/jdk27-security-properties-8364182/pre/diagnosticCommand.cpp.before.txt
30c5bbd177e31a96bea3c97324061ec503c75aef662e3b9893523d42edc70f36	29175	evidence/consumer-v3/work/m3/tooling/migration-recipes/src/test/resources/com/m3/rewrite/backport/jdk27-security-properties-8364182/pre/diagnosticCommand.hpp.before.txt
e7fb873ad4afa977f39c04285c6fd3080dce55ccda00539cb05e5adb0f53de27	84851	evidence/consumer-v3/work/m3/tooling/migration-recipes/src/test/resources/com/m3/rewrite/backport/jdk27-security-properties-8364182/pre/vmSymbols.hpp.before.txt
5665f6a5eef0dd355db6347213c524ae87f2f0bd4f56e2e1c9c60adf5fe30f8c	371	evidence/consumer-v3/work/m3/tooling/migration-recipes/target/classes/META-INF/rewrite/a3-kit.yml
42fc98a398b159b1de31374264c154be34150c46c36e7f35d17f8e49e0ebf7ba	390	evidence/consumer-v3/work/m3/tooling/migration-recipes/target/classes/META-INF/rewrite/db-atom.yml
fdb038c62cdea65b1a7e2d96689b587820f2d544ed361ec44d659df8037bf083	384	evidence/consumer-v3/work/m3/tooling/migration-recipes/target/classes/META-INF/rewrite/db-build.yml
76cb9c26065855015e0cf14ceaec3ad55d34d85c794ad2e673452d7f391b8123	376	evidence/consumer-v3/work/m3/tooling/migration-recipes/target/classes/META-INF/rewrite/db-mark.yml
97f9eb7f3f45ede7acfc00bddfef22ffa2306aef1e4cc751cd1ddc3bb9b0d5d5	1448	evidence/consumer-v3/work/m3/tooling/migration-recipes/target/classes/META-INF/rewrite/db.yml
149c9dbbe75eba8f61b7be0d2a76acd8443d9b0e90c7c255e65977a2aafd5c44	779	evidence/consumer-v3/work/m3/tooling/migration-recipes/target/classes/META-INF/rewrite/gate.yml
9f3158dc6008fa35728c319edb6867c933cfc90eb44dff532169e473c1571831	407	evidence/consumer-v3/work/m3/tooling/migration-recipes/target/classes/META-INF/rewrite/jdk-focus.yml
5729698ca0d9fdc6c909f2bb8f17ffb57b597b3b541a5202e86be01ce331dde0	368	evidence/consumer-v3/work/m3/tooling/migration-recipes/target/classes/META-INF/rewrite/m3-a3-algorithm-catalogue.yml
5a62513292d4e617a3eda45fc0de8c9c0028d8d04def9782952d63f3a780d87b	991	evidence/consumer-v3/work/m3/tooling/migration-recipes/target/classes/META-INF/rewrite/m3-a3-declarative-delivery.yml
bc2be3e8415c529ff41013859ea8bfd8720c2c7faaad8e364e3ac77575089be4	471	evidence/consumer-v3/work/m3/tooling/migration-recipes/target/classes/META-INF/rewrite/m3-a3-lab.yml
531732a2428f3eeb99b1c816eb7e30a0522f0a74d9bf6f57f60b43dd6ae88bf9	518	evidence/consumer-v3/work/m3/tooling/migration-recipes/target/classes/META-INF/rewrite/m3-a3-levenshtein-evidence-closure.yml
1c202dbd3938510930e9c8364d0578b1b146bd0120f3e35a59727a043aa5aeb9	473	evidence/consumer-v3/work/m3/tooling/migration-recipes/target/classes/META-INF/rewrite/m3-a3-mastery-workflow.yml
5e77791c467cfa8ac434a168a7316d231bf7e79ab1671d39b0fee6493c3f63e9	418	evidence/consumer-v3/work/m3/tooling/migration-recipes/target/classes/META-INF/rewrite/m3-a3-native-jni.yml
cfd636693e49d352892bec390a63075c3ff84034ef6a428af61d93e911d9520a	494	evidence/consumer-v3/work/m3/tooling/migration-recipes/target/classes/META-INF/rewrite/m3-a3-regex-memory-lab.yml
bd064c712c1be69c0fe2572d3d64256255b49d3d5fe770f1f2f0f1bfe8d9997d	497	evidence/consumer-v3/work/m3/tooling/migration-recipes/target/classes/META-INF/rewrite/m3-a3-regex-memory-workflow.yml
9b93ae701393227cc13a6e183dbc2c4bea12558d084a2df98b2201a9441682cc	327	evidence/consumer-v3/work/m3/tooling/migration-recipes/target/classes/META-INF/rewrite/m3-a3-serial-file-work.yml
c0b9878ecdd5a947162d95531162c0d632876e8ba8af9bea16a647ac701384ca	364	evidence/consumer-v3/work/m3/tooling/migration-recipes/target/classes/META-INF/rewrite/m3-atom-pattern.yml
2d180f5f3c6deff186ee9873f5b19638a94ac922306ffae8483ceb0723d4c818	448	evidence/consumer-v3/work/m3/tooling/migration-recipes/target/classes/META-INF/rewrite/m3-class-ver.yml
bb22b7c73de0a50881d8f0ff5e80617a5d10e6744e911232391fdd4092da3327	640	evidence/consumer-v3/work/m3/tooling/migration-recipes/target/classes/META-INF/rewrite/m3-collection-lanes.yml
303b689bdfcc87057da8c77c13101ffdeec9b2eb3c83b6505c038c0d54663520	509	evidence/consumer-v3/work/m3/tooling/migration-recipes/target/classes/META-INF/rewrite/m3-descriptor.yml
bc1777bf7da670aba66089a8d753a8b9dba047673dfc9fc2b72e4ffd3eb2e2b9	375	evidence/consumer-v3/work/m3/tooling/migration-recipes/target/classes/META-INF/rewrite/m3-file-inventory.yml
f9ec35b4af6d74de7dadfc6bd420612703fc08952b77dfa20c94b16132f7ecbc	709	evidence/consumer-v3/work/m3/tooling/migration-recipes/target/classes/META-INF/rewrite/m3-java21-convergence.yml
b2485fff5df053cb8b337e47117643325b0660e59cf91bd93ae393a71965fdac	612	evidence/consumer-v3/work/m3/tooling/migration-recipes/target/classes/META-INF/rewrite/m3-jcc-source-handoff.yml
429f07bfcd910341b1c1c5e8e7d97b906683ba72b01a2054f47c57f9bb18d572	678	evidence/consumer-v3/work/m3/tooling/migration-recipes/target/classes/META-INF/rewrite/m3-jdk-execution-followthrough.yml
b9aad946f09e41c032e533e1546b76c795d3895b9db5ab6ab4d9b28432a71866	550	evidence/consumer-v3/work/m3/tooling/migration-recipes/target/classes/META-INF/rewrite/m3-jni-newstring-admission.yml
9500078c41802f47ae7853b352a4cb26a1725a1ec00b4e325cd593bbdda9fcc2	411	evidence/consumer-v3/work/m3/tooling/migration-recipes/target/classes/META-INF/rewrite/m3-jni-packet.yml
35c8fb79b0ebfe1260658098fd04a9d4e0f6f2ce22f21aba18d7098ecf34526f	376	evidence/consumer-v3/work/m3/tooling/migration-recipes/target/classes/META-INF/rewrite/m3-kit.yml
a105b584e8268a4625f8c8ca972ceefdb3da2ac8730c8d307bd71fada0f7cc4c	328	evidence/consumer-v3/work/m3/tooling/migration-recipes/target/classes/META-INF/rewrite/m3-migration.yml
ba3a596cb52c648416d72b3f617c62e5cec07d76eb2116338ecc29d700fd9e25	388	evidence/consumer-v3/work/m3/tooling/migration-recipes/target/classes/META-INF/rewrite/m3-recipe-closure.yml
b769e8bbe8e6d2c21b1c22f374858cd0224999dbcdefd1a083b537bc31723e0d	586	evidence/consumer-v3/work/m3/tooling/migration-recipes/target/classes/META-INF/rewrite/m3-string-char-boundary.yml
06ff96afb190eab2d374969967d746cbee9ba7983891c4eaae5e94a1aad4a5ad	444	evidence/consumer-v3/work/m3/tooling/migration-recipes/target/classes/META-INF/rewrite/m3-version.yml
2eb2866b06db5a0dd9556d2852364d3b3c4b8e18ae286a117eb51fbd58b9c619	804	evidence/consumer-v3/work/m3/tooling/migration-recipes/target/classes/META-INF/rewrite/map-facts.yml
3066b89cdca97ca8e521affcffdea5f50fba2d64b0ce0fbd254c6fcbbe5a3c26	829	evidence/consumer-v3/work/m3/tooling/migration-recipes/target/classes/META-INF/rewrite/map-guard.yml
4692b563f098e2eeff3c9c9ecda70760d974fa3381d1263d1e00c2b1d7983323	766	evidence/consumer-v3/work/m3/tooling/migration-recipes/target/classes/META-INF/rewrite/map-utf.yml
cc1419f7e89a08dba92b3baf231e6afb48e9ab89e32ac1051b32ba5c94b8e4b3	4959	evidence/consumer-v3/work/m3/tooling/migration-recipes/target/classes/com/m3/rewrite/a3-algorithm-catalogue/after/A3.java
0de471de5a54e1c87153e4b1c23c4013a800f07595cfc05eec7bd4e68f1345d6	10008	evidence/consumer-v3/work/m3/tooling/migration-recipes/target/classes/com/m3/rewrite/a3-algorithm-catalogue/after/A3Alg.java
594ae68ab3994526b03d31db36aab0c11235a10c078c740ffaea7d597884efbe	6270	evidence/consumer-v3/work/m3/tooling/migration-recipes/target/classes/com/m3/rewrite/a3-algorithm-catalogue/after/A3AlgTest.java
e973e37826a09fc2571d4df5514cad4fafec37008d65b6a63cb6bf89a96f4800	7885	evidence/consumer-v3/work/m3/tooling/migration-recipes/target/classes/com/m3/rewrite/a3-algorithm-catalogue/after/A3Plan.java
8922e21e4f814dc99282cf1828786a0347552454003e23ac2fa91aa8710851b1	4466	evidence/consumer-v3/work/m3/tooling/migration-recipes/target/classes/com/m3/rewrite/a3-algorithm-catalogue/after/A3PlanTest.java
8f0f0ebe45593a799e4846ad5f0e468747eae41240af76399e051987e32ee749	4780	evidence/consumer-v3/work/m3/tooling/migration-recipes/target/classes/com/m3/rewrite/a3-algorithm-catalogue/before/A3.java
3bbf94aaf28e5f9f7aa8f83405c06845be4afe7da343e7359c7c860ec1494a43	7199	evidence/consumer-v3/work/m3/tooling/migration-recipes/target/classes/com/m3/rewrite/a3-algorithm-catalogue/before/A3Plan.java
c089b969939dfed9c00d152f3cb8e0e1798e01750d1496b5d0acd4cbc09cbf56	3402	evidence/consumer-v3/work/m3/tooling/migration-recipes/target/classes/com/m3/rewrite/a3-algorithm-catalogue/before/A3PlanTest.java
8f0f0ebe45593a799e4846ad5f0e468747eae41240af76399e051987e32ee749	4780	evidence/consumer-v3/work/m3/tooling/migration-recipes/target/classes/com/m3/rewrite/a3-serial-file-work/after/A3.java
f1b87dfdbfc773aa4e3439d2a50ea30cac6f30721a1cf08e39906d5ff0cf4979	5380	evidence/consumer-v3/work/m3/tooling/migration-recipes/target/classes/com/m3/rewrite/a3-serial-file-work/after/A3Inv.java
dd56b27fc0f7c7c688dc2520815e627d31b5ea5e4aac53ec747adf3a35874a36	7698	evidence/consumer-v3/work/m3/tooling/migration-recipes/target/classes/com/m3/rewrite/a3-serial-file-work/after/A3Work.java
775326b4cadbc416b3c90c368987d92327300cbb97ce5d3d20b9dbc37e56bfe8	9635	evidence/consumer-v3/work/m3/tooling/migration-recipes/target/classes/com/m3/rewrite/a3-serial-file-work/after/A3WorkTest.java
de06c459f50727de7e7c16055bbe0aaef23918efd879ae5fc0ef7956672ff833	7759	evidence/consumer-v3/work/m3/tooling/migration-recipes/target/classes/com/m3/rewrite/a3-serial-file-work/after/A3WorkTsv.java
9cda5597f77bc3ba837887efde026356277dbb23cbc6a0011612cbc4dde594d0	4215	evidence/consumer-v3/work/m3/tooling/migration-recipes/target/classes/com/m3/rewrite/a3-serial-file-work/after/A3WorkValues.java
f8f2598f8b02b060919afe65a0cd593d8a7aecfa1a4de64a4fe9594bbffd0c19	3855	evidence/consumer-v3/work/m3/tooling/migration-recipes/target/classes/com/m3/rewrite/a3-serial-file-work/before/A3.java
fb594688d694c3998389f823d76f0c99cb74e40834727d2617b21c0aff11fec1	5310	evidence/consumer-v3/work/m3/tooling/migration-recipes/target/classes/com/m3/rewrite/a3-serial-file-work/before/A3Inv.java
f9ec35b4af6d74de7dadfc6bd420612703fc08952b77dfa20c94b16132f7ecbc	709	evidence/consumer-v3/work/m3/tooling/migration-recipes/target/classes/com/m3/rewrite/backport/jdk21-hash-pinned-text/a3-declarative-yaml/00-m3-java21-convergence.yml.txt
1d9b1a9e9613a4c85949187dbea7c90eed853c8a17d07c55b921ca21b7920c21	167	evidence/consumer-v3/work/m3/tooling/migration-recipes/target/classes/com/m3/rewrite/backport/jdk21-hash-pinned-text/a3-declarative-yaml/manifest.tsv
ca787f4f208199b8516be71da485df9676ef8b23f7b1972fe9b7d8a9b974e424	4302	evidence/consumer-v3/work/m3/tooling/migration-recipes/target/classes/com/m3/rewrite/backport/jdk21-hash-pinned-text/a3-levenshtein-evidence-closure/a3-alg.md.txt
1aad547fe2f419cf2f265a8f1d7c492779c1bbc86ef685bfafd47516a98a276e	2752	evidence/consumer-v3/work/m3/tooling/migration-recipes/target/classes/com/m3/rewrite/backport/jdk21-hash-pinned-text/a3-levenshtein-evidence-closure/algorithm-catalogue.tsv.txt
71354b8d11941dd594385eff498af6551771b78e54a60278cdbb42b3b841f77c	357	evidence/consumer-v3/work/m3/tooling/migration-recipes/target/classes/com/m3/rewrite/backport/jdk21-hash-pinned-text/a3-levenshtein-evidence-closure/manifest.tsv
6ee9e1939eef716a7c24d34967f8c3b634c822c5c05b5c728080920e697869b1	3591	evidence/consumer-v3/work/m3/tooling/migration-recipes/target/classes/com/m3/rewrite/backport/jdk21-hash-pinned-text/a3-mastery-workflow/a3-lab.md.txt
d02cc3c3b459df10e9693869852ae6947b1e9a05d01d8fdc6d1036a66d436004	3372	evidence/consumer-v3/work/m3/tooling/migration-recipes/target/classes/com/m3/rewrite/backport/jdk21-hash-pinned-text/a3-mastery-workflow/a3-mastery.md.txt
652890e8db13e090c5036f649ce61540f7d3d479660c921fd7b7a0ef5b3e1054	449	evidence/consumer-v3/work/m3/tooling/migration-recipes/target/classes/com/m3/rewrite/backport/jdk21-hash-pinned-text/a3-mastery-workflow/manifest.tsv
3e8bbec81071171ddc771d675741bb09a43bbb90db6d40241d85873b896001d0	10858	evidence/consumer-v3/work/m3/tooling/migration-recipes/target/classes/com/m3/rewrite/backport/jdk21-hash-pinned-text/a3-mastery-workflow/workflow.yml.txt
1cf843a380106c292bd74dbc78872e812b049f8e89da22bca1e58012ed6e522a	7477	evidence/consumer-v3/work/m3/tooling/migration-recipes/target/classes/com/m3/rewrite/backport/jdk21-hash-pinned-text/a3-native-jni-lane/0001.txt
2f075d95ce7c2fdbb2742b92a1c1098864f06d073c56046dc02f02adc5687dec	14827	evidence/consumer-v3/work/m3/tooling/migration-recipes/target/classes/com/m3/rewrite/backport/jdk21-hash-pinned-text/a3-native-jni-lane/0002.txt
ab459b28d371c4573477c5c25a4f1605297ed2735965ee6a706b6d32401fc958	5723	evidence/consumer-v3/work/m3/tooling/migration-recipes/target/classes/com/m3/rewrite/backport/jdk21-hash-pinned-text/a3-native-jni-lane/0003.txt
ab6433b0a1d50c358d65d0aad9ed2b7bbc7b8be1ca10b0302e53fefac0d7a5d8	17732	evidence/consumer-v3/work/m3/tooling/migration-recipes/target/classes/com/m3/rewrite/backport/jdk21-hash-pinned-text/a3-native-jni-lane/0004.txt
0696920895992399dd8272b100a07a38f0474437d9121e1e0d1e0445fef7c942	3766	evidence/consumer-v3/work/m3/tooling/migration-recipes/target/classes/com/m3/rewrite/backport/jdk21-hash-pinned-text/a3-native-jni-lane/0005.txt
ba67ff2e3ff5a1eb80cfe6d9957c4f6fe378f9ffa300d4a3c8f59f4fbb2f39a5	15440	evidence/consumer-v3/work/m3/tooling/migration-recipes/target/classes/com/m3/rewrite/backport/jdk21-hash-pinned-text/a3-native-jni-lane/0006.txt
f1485bab548eee4e0352d97cfa42677bd5ddc7ba3546c220cdbdcbfc5ec5cab0	6187	evidence/consumer-v3/work/m3/tooling/migration-recipes/target/classes/com/m3/rewrite/backport/jdk21-hash-pinned-text/a3-native-jni-lane/0007.txt
d315fd7c7c9df68eacf3a1c5d816e504b1d20d8bf1d2cd86b18af9da9d2bcf1e	1139	evidence/consumer-v3/work/m3/tooling/migration-recipes/target/classes/com/m3/rewrite/backport/jdk21-hash-pinned-text/a3-native-jni-lane/manifest.tsv
475677c6a28969cf68f4ad807ac6b778f24b87bb87284e9cf8f88a032cb7b96c	4761	evidence/consumer-v3/work/m3/tooling/migration-recipes/target/classes/com/m3/rewrite/backport/jdk21-hash-pinned-text/a3-proof-kit/before-workflow.yml.txt
26dfba89f2b4de3d33f3ad55c60d1b1e6f55a9720fe9d6ab1d778eb300383b9a	182	evidence/consumer-v3/work/m3/tooling/migration-recipes/target/classes/com/m3/rewrite/backport/jdk21-hash-pinned-text/a3-proof-kit/manifest.tsv
22421943e3c62a53fe40d59b9f03bcd9fb0f14511d4714c8b857f3a7b36ee71d	4830	evidence/consumer-v3/work/m3/tooling/migration-recipes/target/classes/com/m3/rewrite/backport/jdk21-hash-pinned-text/a3-proof-kit/workflow.yml.txt
d9d39747f40bb5eff6ba8639e1e5d0554f0223cc94c09443fe1b2054aac9c3d6	5171	evidence/consumer-v3/work/m3/tooling/migration-recipes/target/classes/com/m3/rewrite/backport/jdk21-hash-pinned-text/a3-regex-memory-workflow/a3-lab.md.txt
01a428a662ffbdbd22dcd39d1fea7b69084ce34cada0bb5582b8c3686615750d	3974	evidence/consumer-v3/work/m3/tooling/migration-recipes/target/classes/com/m3/rewrite/backport/jdk21-hash-pinned-text/a3-regex-memory-workflow/a3-mastery.md.txt
39ff7949565412e2b8587fb428545d722c70fb360c8ee66962b08754642c6d17	507	evidence/consumer-v3/work/m3/tooling/migration-recipes/target/classes/com/m3/rewrite/backport/jdk21-hash-pinned-text/a3-regex-memory-workflow/manifest.tsv
b408f0b8d0e4d6e197230e3cb1469d14e0d52aecd33ac55c71f11d513d6e23ec	10881	evidence/consumer-v3/work/m3/tooling/migration-recipes/target/classes/com/m3/rewrite/backport/jdk21-hash-pinned-text/a3-regex-memory-workflow/workflow.yml.txt
c3975aa00fc1196d9d9e1c2e08e02a3accf2175302f1bdd352419e8e0b9a3ce1	3414	evidence/consumer-v3/work/m3/tooling/migration-recipes/target/classes/com/m3/rewrite/backport/jdk21-hash-pinned-text/db-meta/00-m3-db-parse.yml.txt
bdda9c5bac33e3bbaca8a888571e4489d72fa238195f26e0b0debef960da3d76	2701	evidence/consumer-v3/work/m3/tooling/migration-recipes/target/classes/com/m3/rewrite/backport/jdk21-hash-pinned-text/db-meta/01-pom.xml.txt
4482cb3bce9d13de6384773964ef63b4712106c3199a843b09b8b07f12cdcca3	3192	evidence/consumer-v3/work/m3/tooling/migration-recipes/target/classes/com/m3/rewrite/backport/jdk21-hash-pinned-text/db-meta/02-DESIGN.md.txt
c4536c1ebb91922be915a5713f7c2fe5931b542798d023b43d9db6e952dc6b08	1816	evidence/consumer-v3/work/m3/tooling/migration-recipes/target/classes/com/m3/rewrite/backport/jdk21-hash-pinned-text/db-meta/03-TASK_PACKET.json.txt
d58a931e2b61ab8ef0e78aa29f91179d85f35dc41e16bc8f69cffa98389832be	1590	evidence/consumer-v3/work/m3/tooling/migration-recipes/target/classes/com/m3/rewrite/backport/jdk21-hash-pinned-text/db-meta/04-pom.xml.txt
ecad880e103962bcd9a5f136ab18fd8c6e11a43b82dd91b1e4ce1454c21dc029	1561	evidence/consumer-v3/work/m3/tooling/migration-recipes/target/classes/com/m3/rewrite/backport/jdk21-hash-pinned-text/db-meta/before-pom.xml.txt
9b3dd65526e174b2d65f307582a6969b7423101600170319e2ea90518bcf0470	675	evidence/consumer-v3/work/m3/tooling/migration-recipes/target/classes/com/m3/rewrite/backport/jdk21-hash-pinned-text/db-meta/manifest.tsv
7fd7f4b25571bf13fc3e2048b87d730e8346e29102fd4a4159c0144699df55a8	13978	evidence/consumer-v3/work/m3/tooling/migration-recipes/target/classes/com/m3/rewrite/backport/jdk21-hash-pinned-text/gate-meta/00-04-module-info.java.txt.txt
9840f7df906c76374303e06ae1cff0e8e64f9b7c26ccd8bb72cd78d52ab8b764	1071	evidence/consumer-v3/work/m3/tooling/migration-recipes/target/classes/com/m3/rewrite/backport/jdk21-hash-pinned-text/gate-meta/01-manifest.tsv.txt
366ba913bfd9bb6fba5821f490df81cead34268e54818f7eb4c26962fada8ba1	3869	evidence/consumer-v3/work/m3/tooling/migration-recipes/target/classes/com/m3/rewrite/backport/jdk21-hash-pinned-text/gate-meta/02-manifest.tsv.txt
2a5c781c50f48e19f3f9ec0ba99cb6f894e76779b088dc7d04d3ddda73251245	239	evidence/consumer-v3/work/m3/tooling/migration-recipes/target/classes/com/m3/rewrite/backport/jdk21-hash-pinned-text/gate-meta/03-manifest.tsv.txt
4e51fd1acaf8a22036d2dc5d0b405509f3f469d6e4054c8a0a4133cfe230d7a4	251	evidence/consumer-v3/work/m3/tooling/migration-recipes/target/classes/com/m3/rewrite/backport/jdk21-hash-pinned-text/gate-meta/04-manifest.tsv.txt
c9cccc1d35d80c36a802ffae1adb8466f550a6d1fcf721465c592443d031f651	872	evidence/consumer-v3/work/m3/tooling/migration-recipes/target/classes/com/m3/rewrite/backport/jdk21-hash-pinned-text/gate-meta/before-01-manifest.tsv.txt
e2f7b8d722b6db9c20e70299d8e944841ee85afebf2ee2e48d9fce1e7c88dcfd	4068	evidence/consumer-v3/work/m3/tooling/migration-recipes/target/classes/com/m3/rewrite/backport/jdk21-hash-pinned-text/gate-meta/before-02-manifest.tsv.txt
353eead634c63074aa14e2e66154e087e7f431c2d6ea61a7e7f9a525276fe344	245	evidence/consumer-v3/work/m3/tooling/migration-recipes/target/classes/com/m3/rewrite/backport/jdk21-hash-pinned-text/gate-meta/before-03-manifest.tsv.txt
de0c447eb5172f9ea516c2d2ccde0ca099508e8e843c4d3c2c6e5a271ecec40e	257	evidence/consumer-v3/work/m3/tooling/migration-recipes/target/classes/com/m3/rewrite/backport/jdk21-hash-pinned-text/gate-meta/before-04-manifest.tsv.txt
08eafb7dfce6f0b9403338277fbd3c04c521a39921d8b27148da1072b7687be8	1377	evidence/consumer-v3/work/m3/tooling/migration-recipes/target/classes/com/m3/rewrite/backport/jdk21-hash-pinned-text/gate-meta/manifest.tsv
fff2e02f72c07f89c6f8bcabab3839878ff8628f0b31b04bb3632eb62be10337	17031	evidence/consumer-v3/work/m3/tooling/migration-recipes/target/classes/com/m3/rewrite/backport/jdk21-hash-pinned-text/jcc-handoff-20261005/01-jcc-source-handoff.md.txt
cdb5d7f4a0746fe561f51fa9a13cbd9fa319f8196bfd3075ca2288be7f3d1126	24139	evidence/consumer-v3/work/m3/tooling/migration-recipes/target/classes/com/m3/rewrite/backport/jdk21-hash-pinned-text/jcc-handoff-20261005/02-source-destination-bindings.json.txt
cba3b3315df643f328c4acb2fd08b5194262dc7ad7b40557107a8c614355f55b	107504	evidence/consumer-v3/work/m3/tooling/migration-recipes/target/classes/com/m3/rewrite/backport/jdk21-hash-pinned-text/jcc-handoff-20261005/03-root-coverage-obligations.tsv.txt
536af76dd7b7b7217707662c2f1437af4adaa53af898627b0884e0b4f4603ace	220539	evidence/consumer-v3/work/m3/tooling/migration-recipes/target/classes/com/m3/rewrite/backport/jdk21-hash-pinned-text/jcc-handoff-20261005/after00-name-mapping.json.txt
67d40925b97a38c3c1a85f337806524ac590a540bd39647b3e4b0988f2ae3fbb	196161	evidence/consumer-v3/work/m3/tooling/migration-recipes/target/classes/com/m3/rewrite/backport/jdk21-hash-pinned-text/jcc-handoff-20261005/before00-name-mapping.json.txt
258b5ab6f6cb7099685ee4548d5430fcb952561fefdf565a6dff149cf50c5f06	687	evidence/consumer-v3/work/m3/tooling/migration-recipes/target/classes/com/m3/rewrite/backport/jdk21-hash-pinned-text/jcc-handoff-20261005/manifest.tsv
8034d77f1124584888dce10760bd2f5dae55eeb93497f7a0db1d09a3a197ec5f	2873	evidence/consumer-v3/work/m3/tooling/migration-recipes/target/classes/com/m3/rewrite/backport/jdk21-hash-pinned-text/jcc-handoff-20261005/plan-intake-8131.json
648f80ae4073400f1ea1210f8cdc26942019d53eb4452d839961c466f395d05a	2861	evidence/consumer-v3/work/m3/tooling/migration-recipes/target/classes/com/m3/rewrite/backport/jdk21-hash-pinned-text/jcc-handoff-20261005/plan.json
8546f36bedda510ee12be8b810b9b9a2ea6a6921a4627cffe19bbfb3395c3e57	3876	evidence/consumer-v3/work/m3/tooling/migration-recipes/target/classes/com/m3/rewrite/backport/jdk21-hash-pinned-text/jdk21-developer-image-proof-20261004/00-DEVELOPER_PROFILE.md.txt
836e45bea57b2dfe42d41d6ff82e97c65ccbe240841de5dcb0033135e6560193	9212	evidence/consumer-v3/work/m3/tooling/migration-recipes/target/classes/com/m3/rewrite/backport/jdk21-hash-pinned-text/jdk21-developer-image-proof-20261004/01-build_pack.py.txt
fe1ea49f5b84775ef568e353a64738ab1d99dd656597dc086bc08542c6128d0d	7333	evidence/consumer-v3/work/m3/tooling/migration-recipes/target/classes/com/m3/rewrite/backport/jdk21-hash-pinned-text/jdk21-developer-image-proof-20261004/02-developer_tools.py.txt
42cf48177320ad9aa6494c37862f8090343ae57a9c96b954e9a516c4344da0a1	7040	evidence/consumer-v3/work/m3/tooling/migration-recipes/target/classes/com/m3/rewrite/backport/jdk21-hash-pinned-text/jdk21-developer-image-proof-20261004/03-test_developer.py.txt
3f14a05c25ce177329d13ce5e104185685d3e0bee0a36b72b4fa69909e35f2c1	4476	evidence/consumer-v3/work/m3/tooling/migration-recipes/target/classes/com/m3/rewrite/backport/jdk21-hash-pinned-text/jdk21-developer-image-proof-20261004/04-pom.xml.txt
fc85449b4736b728b5820f9e47a14d64bfebadd40267d7a44c765d0b0ea1dd3b	5464	evidence/consumer-v3/work/m3/tooling/migration-recipes/target/classes/com/m3/rewrite/backport/jdk21-hash-pinned-text/jdk21-developer-image-proof-20261004/05-verify_backport.py.txt
db892f845bf41bd0129473c1ef0a43f4ac96679fdc47a6a6355c2e44ccfaee24	8427	evidence/consumer-v3/work/m3/tooling/migration-recipes/target/classes/com/m3/rewrite/backport/jdk21-hash-pinned-text/jdk21-developer-image-proof-20261004/before-01-build_pack.py.txt
3fd45ee524d2d5df0ed34da5b0caf66a284e060776df05c28140b6ed2f0654ce	901	evidence/consumer-v3/work/m3/tooling/migration-recipes/target/classes/com/m3/rewrite/backport/jdk21-hash-pinned-text/jdk21-developer-image-proof-20261004/manifest.tsv
31872b750aa23c7aa4f67aac6a8d3f9de3679a9d2453174ca4b02a7b6ccd413e	6928	evidence/consumer-v3/work/m3/tooling/migration-recipes/target/classes/com/m3/rewrite/backport/jdk21-hash-pinned-text/jdk22-jep458-multifile-text/00-CompileInterimLangtools.gmk.txt
0c730b868000918deb0063883430541af00df3185a86bcbd8b5f6cd994714334	14656	evidence/consumer-v3/work/m3/tooling/migration-recipes/target/classes/com/m3/rewrite/backport/jdk21-hash-pinned-text/jdk22-jep458-multifile-text/01-java-base-launcher.properties.txt
6fbadcab56bd85135aff4d3005102d121ac2f55f295e09a92542554d7d3c3ea0	77800	evidence/consumer-v3/work/m3/tooling/migration-recipes/target/classes/com/m3/rewrite/backport/jdk21-hash-pinned-text/jdk22-jep458-multifile-text/02-java.c.txt
d7da4ec3900f9cc21d082ffffe41f2d16caf7100a7fe8acd38d96938fbfc8eaf	5528	evidence/consumer-v3/work/m3/tooling/migration-recipes/target/classes/com/m3/rewrite/backport/jdk21-hash-pinned-text/jdk22-jep458-multifile-text/03-jdk-compiler-launcher.properties.txt
7fd7f4b25571bf13fc3e2048b87d730e8346e29102fd4a4159c0144699df55a8	13978	evidence/consumer-v3/work/m3/tooling/migration-recipes/target/classes/com/m3/rewrite/backport/jdk21-hash-pinned-text/jdk22-jep458-multifile-text/04-module-info.java.txt
9840f7df906c76374303e06ae1cff0e8e64f9b7c26ccd8bb72cd78d52ab8b764	1071	evidence/consumer-v3/work/m3/tooling/migration-recipes/target/classes/com/m3/rewrite/backport/jdk21-hash-pinned-text/jdk22-jep458-multifile-text/manifest.tsv
b25548a5a7564b6e6d5948dfa6d746a34e0d23ef30712d5868929cf7fef592ab	30125	evidence/consumer-v3/work/m3/tooling/migration-recipes/target/classes/com/m3/rewrite/backport/jdk21-hash-pinned-text/jdk27-javadoc-8347112-text/01-standard.properties.txt
78a6b569484fc2e026e5b4e3c98d2822cc3d54f80bf8477ee19dc4f40dcff9d6	57262	evidence/consumer-v3/work/m3/tooling/migration-recipes/target/classes/com/m3/rewrite/backport/jdk21-hash-pinned-text/jdk27-javadoc-8347112-text/02-javadoc.1.txt
31b5f1947703c25fe9ad6ec433f239fa741436d049dbb59be2a191edf45c55e5	442	evidence/consumer-v3/work/m3/tooling/migration-recipes/target/classes/com/m3/rewrite/backport/jdk21-hash-pinned-text/jdk27-javadoc-8347112-text/manifest.tsv
7c53cc101c3f381fbba4df743e659cdc049c588fd0061dbd7de6fd72373f2ea5	25449	evidence/consumer-v3/work/m3/tooling/migration-recipes/target/classes/com/m3/rewrite/backport/jdk21-hash-pinned-text/jdk27-jfr-options-help-8367584-dcmd-cpp/00-jfrDcmds.cpp.txt
4e7a6f467d408eff5810d60406fdef0d2fd47d5885e9ac049a41a269dd9f4e1b	190	evidence/consumer-v3/work/m3/tooling/migration-recipes/target/classes/com/m3/rewrite/backport/jdk21-hash-pinned-text/jdk27-jfr-options-help-8367584-dcmd-cpp/manifest.tsv
f218adaf8f4b808c27c08f3646999165bfd6e6e549954e8648a31d6725e349c1	7274	evidence/consumer-v3/work/m3/tooling/migration-recipes/target/classes/com/m3/rewrite/backport/jdk21-hash-pinned-text/jdk27-jfr-options-help-8367584-dcmd-hpp/00-jfrDcmds.hpp.txt
ed63b31e69831051e2ef854f78d006d9d063d4b6568b4e511bbf1a7cb8b99fec	190	evidence/consumer-v3/work/m3/tooling/migration-recipes/target/classes/com/m3/rewrite/backport/jdk21-hash-pinned-text/jdk27-jfr-options-help-8367584-dcmd-hpp/manifest.tsv
798f1b1b8c829ba5a5bd2197bdb2e69be0c29c5d51541ee224c4af0ab779c0a2	29359	evidence/consumer-v3/work/m3/tooling/migration-recipes/target/classes/com/m3/rewrite/backport/jdk21-hash-pinned-text/jdk27-jfr-options-help-8367584-option-set/00-jfrOptionSet.cpp.txt
6e28b8e278ca8e8e2184a7b885be433cf4c0fc1082125b229fb3ecb4734b0726	210	evidence/consumer-v3/work/m3/tooling/migration-recipes/target/classes/com/m3/rewrite/backport/jdk21-hash-pinned-text/jdk27-jfr-options-help-8367584-option-set/manifest.tsv
a10aa2b1c0e78309438d00d218979152aa90a5b0c9a219cee79a6fb584e37630	65380	evidence/consumer-v3/work/m3/tooling/migration-recipes/target/classes/com/m3/rewrite/backport/jdk21-hash-pinned-text/jdk27-password-systemin-8368692-text/00-java.security.txt
6f72ba5990199b3f5353081d71db86a8d6ed64412faee408d891de0959ec6f74	199	evidence/consumer-v3/work/m3/tooling/migration-recipes/target/classes/com/m3/rewrite/backport/jdk21-hash-pinned-text/jdk27-password-systemin-8368692-text/manifest.tsv
eeffc686c1eef000be5e3be5eb02e13257c744a63ea926762e9d4749fadecc67	84967	evidence/consumer-v3/work/m3/tooling/migration-recipes/target/classes/com/m3/rewrite/backport/jdk21-hash-pinned-text/jdk27-security-properties-8364182-text/00-vmSymbols.hpp.txt
4673fdbcfde7930471ba9bc50dc69334570db017479a9531bf58776a705d400f	44209	evidence/consumer-v3/work/m3/tooling/migration-recipes/target/classes/com/m3/rewrite/backport/jdk21-hash-pinned-text/jdk27-security-properties-8364182-text/01-diagnosticCommand.cpp.txt
3a16220bc3b5cd463ff8442aa6f2f87815d37bd4872d056d54be1d7e82fe64f7	29578	evidence/consumer-v3/work/m3/tooling/migration-recipes/target/classes/com/m3/rewrite/backport/jdk21-hash-pinned-text/jdk27-security-properties-8364182-text/02-diagnosticCommand.hpp.txt
ecde84303e4c4df6ced406a4d2aaeff3cf518f3f3d0034fe009959666dddd842	609	evidence/consumer-v3/work/m3/tooling/migration-recipes/target/classes/com/m3/rewrite/backport/jdk21-hash-pinned-text/jdk27-security-properties-8364182-text/manifest.tsv
0b84d414691f94450d23bf8380cf3a6369cd2b17cef94d80ab8332dfe2caed81	6176	evidence/consumer-v3/work/m3/tooling/migration-recipes/target/classes/com/m3/rewrite/backport/jdk21-hash-pinned-text/jni-packet/00-m3-jni-fix.yml.txt
1fb24fcd455de4985c816811d800c4984bf03a00dd74a887e6f03d26e58fe7ab	1295	evidence/consumer-v3/work/m3/tooling/migration-recipes/target/classes/com/m3/rewrite/backport/jdk21-hash-pinned-text/jni-packet/01-Fix.py.txt
556b7d86c0fba1b31174d436584badb5f8debba6d7ca9717958d623c26b94753	3238	evidence/consumer-v3/work/m3/tooling/migration-recipes/target/classes/com/m3/rewrite/backport/jdk21-hash-pinned-text/jni-packet/02-README.md.txt
d1112f107da7e1996efc35296fd605d0df0a0002e3515ab02bebca7ea4b3c1c1	723	evidence/consumer-v3/work/m3/tooling/migration-recipes/target/classes/com/m3/rewrite/backport/jdk21-hash-pinned-text/jni-packet/03-manifest.json.txt
01eda14f95670a22c8f3a87b427b501381c817311d72943308aff44df4a8c84b	2077	evidence/consumer-v3/work/m3/tooling/migration-recipes/target/classes/com/m3/rewrite/backport/jdk21-hash-pinned-text/jni-packet/04-pom.xml.txt
6c9d1e5aa647dfe00d4d6cf049c00d6bda41c4de99f809eae6ab1301889473b8	1533	evidence/consumer-v3/work/m3/tooling/migration-recipes/target/classes/com/m3/rewrite/backport/jdk21-hash-pinned-text/jni-packet/05-runtime.patch.txt
485f56f0fbae9baa5bd70850fb900c47b9a58a35cb1d20e77efa333802846f32	4386	evidence/consumer-v3/work/m3/tooling/migration-recipes/target/classes/com/m3/rewrite/backport/jdk21-hash-pinned-text/jni-packet/06-test_fix.py.txt
e9eb8fdd193d1136f9d54a034c54e7294f0f2438b6e02617979746f036e35fc0	6774	evidence/consumer-v3/work/m3/tooling/migration-recipes/target/classes/com/m3/rewrite/backport/jdk21-hash-pinned-text/jni-packet/07-manifest.json.txt
aaf30a9b7195855444574f66bd00fd75ec8c183ff38aedf6f0dcf4f9f5f362c3	6698	evidence/consumer-v3/work/m3/tooling/migration-recipes/target/classes/com/m3/rewrite/backport/jdk21-hash-pinned-text/jni-packet/before-07-manifest.json.txt
8661c270eadb65f06cc9fc36f3261db6f7a5c3abd53caa95ab3ff14537832d46	1088	evidence/consumer-v3/work/m3/tooling/migration-recipes/target/classes/com/m3/rewrite/backport/jdk21-hash-pinned-text/jni-packet/manifest.tsv
474a16d0daad280133bc51418ab6fe3c40fa5fb0d52e929adc0903b86c4bd129	1074	evidence/consumer-v3/work/m3/tooling/migration-recipes/target/classes/com/m3/rewrite/backport/jdk21-hash-pinned-text/map-facts/before-workflow.yml.txt
a11ac37e9a84ab7472cdc5001eeb70e00adf7f25e9a7e87ab45e788e4f310603	191	evidence/consumer-v3/work/m3/tooling/migration-recipes/target/classes/com/m3/rewrite/backport/jdk21-hash-pinned-text/map-facts/manifest.tsv
05aac4ad4b59e722bab8cd2e9af6ba1b5917debd6b240790573073964d919d4f	1266	evidence/consumer-v3/work/m3/tooling/migration-recipes/target/classes/com/m3/rewrite/backport/jdk21-hash-pinned-text/map-facts/workflow.yml.txt
ed41a4a628adf1f7767ae00578e1f75944ea54a72434b2beef04df0031be92b2	974	evidence/consumer-v3/work/m3/tooling/migration-recipes/target/classes/com/m3/rewrite/backport/jdk21-hash-pinned-text/map-guard/before-workflow.yml.txt
7c327e6b56d0ca544adf36071e97bbc63bc11ec49d684efa20237d3a1a33197a	191	evidence/consumer-v3/work/m3/tooling/migration-recipes/target/classes/com/m3/rewrite/backport/jdk21-hash-pinned-text/map-guard/manifest.tsv
05aac4ad4b59e722bab8cd2e9af6ba1b5917debd6b240790573073964d919d4f	1266	evidence/consumer-v3/work/m3/tooling/migration-recipes/target/classes/com/m3/rewrite/backport/jdk21-hash-pinned-text/map-guard/workflow.yml.txt
474a16d0daad280133bc51418ab6fe3c40fa5fb0d52e929adc0903b86c4bd129	1074	evidence/consumer-v3/work/m3/tooling/migration-recipes/target/classes/com/m3/rewrite/backport/jdk21-hash-pinned-text/map-utf/before-workflow.yml.txt
a11ac37e9a84ab7472cdc5001eeb70e00adf7f25e9a7e87ab45e788e4f310603	191	evidence/consumer-v3/work/m3/tooling/migration-recipes/target/classes/com/m3/rewrite/backport/jdk21-hash-pinned-text/map-utf/manifest.tsv
05aac4ad4b59e722bab8cd2e9af6ba1b5917debd6b240790573073964d919d4f	1266	evidence/consumer-v3/work/m3/tooling/migration-recipes/target/classes/com/m3/rewrite/backport/jdk21-hash-pinned-text/map-utf/workflow.yml.txt
36d8b7d6f79643c290d13b64575fcaada7cf3e519bca303987cbdc152b5a3186	124	evidence/consumer-v3/work/m3/tooling/migration-recipes/target/classes/com/m3/rewrite/backport/jdk21-hash-pinned-text/proof-kit/manifest.tsv
ad4fa143d9ffa9fa769d9651772bbf48eaa6bc77bd4b4d0ffdcdf40215a6228b	4481	evidence/consumer-v3/work/m3/tooling/migration-recipes/target/classes/com/m3/rewrite/backport/jdk21-hash-pinned-text/proof-kit/workflow.yml.txt
12c1e5cebc488f9d4669d668caf004854c436812122ec63bf1173d3ae3a57d3c	6987	evidence/consumer-v3/work/m3/tooling/migration-recipes/target/classes/com/m3/rewrite/backport/jdk21-hash-pinned/jdk22-class-ver/00-inspector.java.txt
daeab2f471d0df3135f3797c4df5734c4005636923c7b8eae1aaf0059d790912	9189	evidence/consumer-v3/work/m3/tooling/migration-recipes/target/classes/com/m3/rewrite/backport/jdk21-hash-pinned/jdk22-class-ver/01-checks.java.txt
7e0195b4aa23d926c2cb45508768dfd4eeff4d6565acbb9a89893a6bb4fc9794	558	evidence/consumer-v3/work/m3/tooling/migration-recipes/target/classes/com/m3/rewrite/backport/jdk21-hash-pinned/jdk22-class-ver/02-test.java.txt
6e3599202a1afc6f1971c6a88b8c8e5d31f410c9295e87e85d5e46c779c5905e	6693	evidence/consumer-v3/work/m3/tooling/migration-recipes/target/classes/com/m3/rewrite/backport/jdk21-hash-pinned/jdk22-class-ver/before-00-inspector.java.txt
d927952d199afa2da9f115494dbb68066acb3c9a90b33213a0a4127de1cb3b57	531	evidence/consumer-v3/work/m3/tooling/migration-recipes/target/classes/com/m3/rewrite/backport/jdk21-hash-pinned/jdk22-class-ver/manifest.tsv
1333a9cf8b96b8c919d1c098899648d0a82cdce7e775167fe3ff2e571c54ec67	1815	evidence/consumer-v3/work/m3/tooling/migration-recipes/target/classes/com/m3/rewrite/backport/jdk21-hash-pinned/jdk22-descriptor/00-Descriptor.java.txt
4c7fc3b36ac32873e6f4f6e7aecc71b0e1bfe82a85b61a3114cf7e88a057b578	9136	evidence/consumer-v3/work/m3/tooling/migration-recipes/target/classes/com/m3/rewrite/backport/jdk21-hash-pinned/jdk22-descriptor/01-DescriptorTest.java.txt
df17c48e54de060060e4393e5c2f3e8e2f068bad38a69576a82709cc6d4cbdb9	2367	evidence/consumer-v3/work/m3/tooling/migration-recipes/target/classes/com/m3/rewrite/backport/jdk21-hash-pinned/jdk22-descriptor/before-00-Descriptor.java.txt
6c42ad2af4f9c5d24501a94eebd145c5cf77ed505ce1a1bb62d5b06b6c341cd1	396	evidence/consumer-v3/work/m3/tooling/migration-recipes/target/classes/com/m3/rewrite/backport/jdk21-hash-pinned/jdk22-descriptor/manifest.tsv
7fd7f4b25571bf13fc3e2048b87d730e8346e29102fd4a4159c0144699df55a8	13978	evidence/consumer-v3/work/m3/tooling/migration-recipes/target/classes/com/m3/rewrite/backport/jdk21-hash-pinned/jdk22-jep458-multifile-java/00-module-info.java.txt
a8125e7682911aebee88b79df90902661c08b6938dc8584d2a4d9ca786f714ee	11575	evidence/consumer-v3/work/m3/tooling/migration-recipes/target/classes/com/m3/rewrite/backport/jdk21-hash-pinned/jdk22-jep458-multifile-java/01-Preview.java.txt
ea6dea5bdc8342d246a65e6520bb0bd8f5c1bc2a4050e4b21fb4a750b7395d01	2848	evidence/consumer-v3/work/m3/tooling/migration-recipes/target/classes/com/m3/rewrite/backport/jdk21-hash-pinned/jdk22-jep458-multifile-java/02-Fault.java.txt
28fca3222f297b7ebc25598cfff30423f721313845733dbeacdff62b491aeb9e	11491	evidence/consumer-v3/work/m3/tooling/migration-recipes/target/classes/com/m3/rewrite/backport/jdk21-hash-pinned/jdk22-jep458-multifile-java/03-MemoryClassLoader.java.txt
b931e3f2fa7615a67be8c34bf41074f50e475c0f676db96a85485ecce072abc0	12181	evidence/consumer-v3/work/m3/tooling/migration-recipes/target/classes/com/m3/rewrite/backport/jdk21-hash-pinned/jdk22-jep458-multifile-java/04-MemoryContext.java.txt
26a5b3cb994d4b582e9538a6bbd7778a94abcaf047014fb8f984b4fe2c298fc9	3672	evidence/consumer-v3/work/m3/tooling/migration-recipes/target/classes/com/m3/rewrite/backport/jdk21-hash-pinned/jdk22-jep458-multifile-java/05-MemoryFileManager.java.txt
784837a563756ec6f9fa71aed53849db06e1f30d835a9838a401d00efd3ae19c	6132	evidence/consumer-v3/work/m3/tooling/migration-recipes/target/classes/com/m3/rewrite/backport/jdk21-hash-pinned/jdk22-jep458-multifile-java/06-MemoryModuleFinder.java.txt
c1342044fa7095949315397710e282444086d2e465a8988af2a9c6b88d1dd061	5209	evidence/consumer-v3/work/m3/tooling/migration-recipes/target/classes/com/m3/rewrite/backport/jdk21-hash-pinned/jdk22-jep458-multifile-java/07-ProgramDescriptor.java.txt
7b98756c484d250da48988c4f63f4556863f8d40544856f7ed2e537d9b0c9fa4	5101	evidence/consumer-v3/work/m3/tooling/migration-recipes/target/classes/com/m3/rewrite/backport/jdk21-hash-pinned/jdk22-jep458-multifile-java/08-ProgramFileObject.java.txt
590abf6d39fd3c83a764e362b527074b53113a7fac37001a31cd0d1dd948388b	6813	evidence/consumer-v3/work/m3/tooling/migration-recipes/target/classes/com/m3/rewrite/backport/jdk21-hash-pinned/jdk22-jep458-multifile-java/09-RelevantJavacOptions.java.txt
00a67e27dfbd9cbe5090b02eb8a77ccbb51960d471df60c35c19ccb8800fc2ed	1770	evidence/consumer-v3/work/m3/tooling/migration-recipes/target/classes/com/m3/rewrite/backport/jdk21-hash-pinned/jdk22-jep458-multifile-java/10-Result.java.txt
e88840c52b8d1d57a6202e1edc77584e1419d996e5f89c41e053bc6b0f7112c5	11728	evidence/consumer-v3/work/m3/tooling/migration-recipes/target/classes/com/m3/rewrite/backport/jdk21-hash-pinned/jdk22-jep458-multifile-java/11-SourceLauncher.java.txt
604714c53846bf45cf5a60bad3906ec94a0741e599e6fb60fe6e19c0e115b722	56358	evidence/consumer-v3/work/m3/tooling/migration-recipes/target/classes/com/m3/rewrite/backport/jdk21-hash-pinned/jdk22-jep458-multifile-java/12-Option.java.txt
20ac6094200b19304a3df66dd9abdcbb296bf30a04e643d4fa8ffebca0443ada	4569	evidence/consumer-v3/work/m3/tooling/migration-recipes/target/classes/com/m3/rewrite/backport/jdk21-hash-pinned/jdk22-jep458-multifile-java/13-BasicSourceLauncherTests.java.txt
e96691270eb4a1b9dc1d24ec4534a6928c0da3c41ad682a1192dedb5a2a6fc1e	2258	evidence/consumer-v3/work/m3/tooling/migration-recipes/target/classes/com/m3/rewrite/backport/jdk21-hash-pinned/jdk22-jep458-multifile-java/14-GetResourceTest.java.txt
041ffa57b35e893897a0868ec9e0843faf3fa8fa2cb849d20178a2ffbc595c3e	8634	evidence/consumer-v3/work/m3/tooling/migration-recipes/target/classes/com/m3/rewrite/backport/jdk21-hash-pinned/jdk22-jep458-multifile-java/15-ModuleSourceLauncherTests.java.txt
6720ed7ca21d113ae3b9a35c8aa202da26826d75ad4afcee03a1db470f6e048b	11925	evidence/consumer-v3/work/m3/tooling/migration-recipes/target/classes/com/m3/rewrite/backport/jdk21-hash-pinned/jdk22-jep458-multifile-java/16-MultiFileSourceLauncherTests.java.txt
6eb2adca875262a479c4557818b26cf0d5111556173624d90d78264c81e6a9e7	3411	evidence/consumer-v3/work/m3/tooling/migration-recipes/target/classes/com/m3/rewrite/backport/jdk21-hash-pinned/jdk22-jep458-multifile-java/17-ProgramDescriptorTests.java.txt
e47beaaaf542064dc1e9ccf3256b6ef0981824d6766c47106d809928576d659c	2645	evidence/consumer-v3/work/m3/tooling/migration-recipes/target/classes/com/m3/rewrite/backport/jdk21-hash-pinned/jdk22-jep458-multifile-java/18-Run.java.txt
4b6453855a78988ccf4c7a7c2596190011f47dcccd494a49c2fc7834279886cf	35361	evidence/consumer-v3/work/m3/tooling/migration-recipes/target/classes/com/m3/rewrite/backport/jdk21-hash-pinned/jdk22-jep458-multifile-java/19-SourceLauncherTest.java.txt
a53a4ad6a6e38c069b02ec8091665f7f3facb5167563b323ac1d24780cb26d27	5777	evidence/consumer-v3/work/m3/tooling/migration-recipes/target/classes/com/m3/rewrite/backport/jdk21-hash-pinned/jdk22-jep458-multifile-java/20-CLTest.java.txt
a9b0b684f78b4e6daa77886ef4f62fcfffa78519ee71a8a1d79ee237cae6aa6c	12388	evidence/consumer-v3/work/m3/tooling/migration-recipes/target/classes/com/m3/rewrite/backport/jdk21-hash-pinned/jdk22-jep458-multifile-java/21-ListModuleDeps.java.txt
366ba913bfd9bb6fba5821f490df81cead34268e54818f7eb4c26962fada8ba1	3869	evidence/consumer-v3/work/m3/tooling/migration-recipes/target/classes/com/m3/rewrite/backport/jdk21-hash-pinned/jdk22-jep458-multifile-java/manifest.tsv
323bca7d4452e3e58f5c5941b586c33825becc2593b853b51df86db9d820e25b	31653	evidence/consumer-v3/work/m3/tooling/migration-recipes/target/classes/com/m3/rewrite/backport/jdk21-hash-pinned/jdk22-map-facts/00-Backing.java.txt
c5d856acc3fa5b7b636894d1dd18b087c1d8e1a450fcbef0821e87b969d185c2	13034	evidence/consumer-v3/work/m3/tooling/migration-recipes/target/classes/com/m3/rewrite/backport/jdk21-hash-pinned/jdk22-map-facts/01-MapFactsTest.java.txt
b038fff642ab35aa2cf749d3ac81c3559ff8f6fc59a723fd2a5212654f4ba651	27305	evidence/consumer-v3/work/m3/tooling/migration-recipes/target/classes/com/m3/rewrite/backport/jdk21-hash-pinned/jdk22-map-facts/before-00-Backing.java.txt
79eb64cf105af766b0814815e63665e3e1218d7eade2ad6578d9a7b3058ecc68	370	evidence/consumer-v3/work/m3/tooling/migration-recipes/target/classes/com/m3/rewrite/backport/jdk21-hash-pinned/jdk22-map-facts/manifest.tsv
323bca7d4452e3e58f5c5941b586c33825becc2593b853b51df86db9d820e25b	31653	evidence/consumer-v3/work/m3/tooling/migration-recipes/target/classes/com/m3/rewrite/backport/jdk21-hash-pinned/jdk22-map-guard/00-Backing.java.txt
620e1ccd61d9f8675a18ce74eb307b5a02f75fad6c535e17e42661ef3409185a	14571	evidence/consumer-v3/work/m3/tooling/migration-recipes/target/classes/com/m3/rewrite/backport/jdk21-hash-pinned/jdk22-map-guard/01-MapGuardTest.java.txt
5e870466f7a4005b7f8798fa918b0318a2a42889af8efbac7ff3f4436e6db33e	25961	evidence/consumer-v3/work/m3/tooling/migration-recipes/target/classes/com/m3/rewrite/backport/jdk21-hash-pinned/jdk22-map-guard/before-00-Backing.java.txt
880731315e4c50076a1c240dfecb8bc9aa5551b40cc4a83f0f68e837accad79f	2933	evidence/consumer-v3/work/m3/tooling/migration-recipes/target/classes/com/m3/rewrite/backport/jdk21-hash-pinned/jdk22-map-guard/context-Backing.java.txt
95916a7687bf3dcf2bb39a7d0859a023d0796b58a3ac25318e6a813595f531b0	13241	evidence/consumer-v3/work/m3/tooling/migration-recipes/target/classes/com/m3/rewrite/backport/jdk21-hash-pinned/jdk22-map-guard/context-Test.java.txt
347f7f0081625963a40530ce285167198916fa85850fdec5c4c845a271c1bb74	370	evidence/consumer-v3/work/m3/tooling/migration-recipes/target/classes/com/m3/rewrite/backport/jdk21-hash-pinned/jdk22-map-guard/manifest.tsv
323bca7d4452e3e58f5c5941b586c33825becc2593b853b51df86db9d820e25b	31653	evidence/consumer-v3/work/m3/tooling/migration-recipes/target/classes/com/m3/rewrite/backport/jdk21-hash-pinned/jdk22-map-utf/00-Backing.java.txt
56df66547663793a8eeec761480fbd9c7cffa441a3db70b3ae9aa700cb28e051	9597	evidence/consumer-v3/work/m3/tooling/migration-recipes/target/classes/com/m3/rewrite/backport/jdk21-hash-pinned/jdk22-map-utf/01-MapUtfTest.java.txt
c5d856acc3fa5b7b636894d1dd18b087c1d8e1a450fcbef0821e87b969d185c2	13034	evidence/consumer-v3/work/m3/tooling/migration-recipes/target/classes/com/m3/rewrite/backport/jdk21-hash-pinned/jdk22-map-utf/02-MapFactsTest.java.txt
b038fff642ab35aa2cf749d3ac81c3559ff8f6fc59a723fd2a5212654f4ba651	27305	evidence/consumer-v3/work/m3/tooling/migration-recipes/target/classes/com/m3/rewrite/backport/jdk21-hash-pinned/jdk22-map-utf/before-00-Backing.java.txt
0fc943f7b7c181dde4f9160321b9597cef69ca2cc070a19cd2a0162eeea53def	507	evidence/consumer-v3/work/m3/tooling/migration-recipes/target/classes/com/m3/rewrite/backport/jdk21-hash-pinned/jdk22-map-utf/manifest.tsv
4620bec8fa489b8dcfb8960d8979bfb75517d7893b5f26546d1abaf9f629800e	10998	evidence/consumer-v3/work/m3/tooling/migration-recipes/target/classes/com/m3/rewrite/backport/jdk21-hash-pinned/jdk22-recipe-closure/00-M3A3AlgorithmCatalogueRecipe.java.txt
ea31026be2f699923e4dfcc6fa906cee77eb5a46bdb9a32948948bfdfe19cebb	7151	evidence/consumer-v3/work/m3/tooling/migration-recipes/target/classes/com/m3/rewrite/backport/jdk21-hash-pinned/jdk22-recipe-closure/01-M3PureIntAtomEligibility.java.txt
9ba3245512f18e3d921b6a8d013cea05a70b5a84c473b34dbd574ba55a1978d4	4112	evidence/consumer-v3/work/m3/tooling/migration-recipes/target/classes/com/m3/rewrite/backport/jdk21-hash-pinned/jdk22-recipe-closure/02-M3RecipeScopeRegistry.java.txt
cf1c56ebf8fc2df3778cd56e34240da7c3ba722cb2949e8957b81157abf8b9ba	8378	evidence/consumer-v3/work/m3/tooling/migration-recipes/target/classes/com/m3/rewrite/backport/jdk21-hash-pinned/jdk22-recipe-closure/03-M3RecipeScopeDeclarationTest.java.txt
f69f06564a88fcdc851d267e07f1def2586963d4f14bc552986529d7db8ec8e0	10557	evidence/consumer-v3/work/m3/tooling/migration-recipes/target/classes/com/m3/rewrite/backport/jdk21-hash-pinned/jdk22-recipe-closure/before-00-M3A3AlgorithmCatalogueRecipe.java.txt
2c7f2634165eaa4ae2ba668e38b4aeb44dad646d5f7b2dc55865e17d670771bf	6876	evidence/consumer-v3/work/m3/tooling/migration-recipes/target/classes/com/m3/rewrite/backport/jdk21-hash-pinned/jdk22-recipe-closure/before-01-M3PureIntAtomEligibility.java.txt
232fae809f232e1201347be243a379d7c0b7cf13dba587219e64ed07c32b05fd	3979	evidence/consumer-v3/work/m3/tooling/migration-recipes/target/classes/com/m3/rewrite/backport/jdk21-hash-pinned/jdk22-recipe-closure/before-02-M3RecipeScopeRegistry.java.txt
a79bd712e4ffc0d1ba0d4a7fba9c064f94420fbde8c63e7b2a91496d443e4b7c	8280	evidence/consumer-v3/work/m3/tooling/migration-recipes/target/classes/com/m3/rewrite/backport/jdk21-hash-pinned/jdk22-recipe-closure/before-03-M3RecipeScopeDeclarationTest.java.txt
d80a5af11629b89cb2e69d3a119becb7606fb029e8e121d47d684ca755435182	934	evidence/consumer-v3/work/m3/tooling/migration-recipes/target/classes/com/m3/rewrite/backport/jdk21-hash-pinned/jdk22-recipe-closure/manifest.tsv
200e5d42d6ee7957c41071a775fb5a83d6224c869bea65c9bc863e4dd9adde6a	31673	evidence/consumer-v3/work/m3/tooling/migration-recipes/target/classes/com/m3/rewrite/backport/jdk21-hash-pinned/jdk24-jep485-stream-gatherers/00-AbstractPipeline.java.txt
808d8dec8da41e93dbe938081c36750a6d36c96a4b2dcd90d2558a7b5d0ebd47	24085	evidence/consumer-v3/work/m3/tooling/migration-recipes/target/classes/com/m3/rewrite/backport/jdk21-hash-pinned/jdk24-jep485-stream-gatherers/01-Gatherer.java.txt
ca4f6e9e38494147885e554033d58e1549397b8c7fc627d5f6f3da93717579ad	29495	evidence/consumer-v3/work/m3/tooling/migration-recipes/target/classes/com/m3/rewrite/backport/jdk21-hash-pinned/jdk24-jep485-stream-gatherers/02-GathererOp.java.txt
6115dd7015fe6680ef597a7cc3ec5b0c06eccc7259aa5bd4899454b5af624f1d	31455	evidence/consumer-v3/work/m3/tooling/migration-recipes/target/classes/com/m3/rewrite/backport/jdk21-hash-pinned/jdk24-jep485-stream-gatherers/03-Gatherers.java.txt
ee090d081a5cfd580a9bf75eeca2eddb3d1a996f8d77394cd45756adc071bba8	32687	evidence/consumer-v3/work/m3/tooling/migration-recipes/target/classes/com/m3/rewrite/backport/jdk21-hash-pinned/jdk24-jep485-stream-gatherers/04-ReferencePipeline.java.txt
688ef137efe90856360c35f86a000b0ec49d12c66294f7bd0f6cceb2022bab0f	82970	evidence/consumer-v3/work/m3/tooling/migration-recipes/target/classes/com/m3/rewrite/backport/jdk21-hash-pinned/jdk24-jep485-stream-gatherers/05-Stream.java.txt
36eddaa3aefde19ac9b7a9c716b13842103bade2e3d40202be8b79440a8c8577	41596	evidence/consumer-v3/work/m3/tooling/migration-recipes/target/classes/com/m3/rewrite/backport/jdk21-hash-pinned/jdk24-jep485-stream-gatherers/06-package-info.java.txt
dda26f47fda79ed3fef1518f4bf3ae6f36843f257709568ddef98837398fe061	9923	evidence/consumer-v3/work/m3/tooling/migration-recipes/target/classes/com/m3/rewrite/backport/jdk21-hash-pinned/jdk24-jep485-stream-gatherers/07-GathererAPITest.java.txt
9e58fdeb31975f23a2e3bcd8aa70be539b72a09aaca1b56a4d933534dc134b89	2497	evidence/consumer-v3/work/m3/tooling/migration-recipes/target/classes/com/m3/rewrite/backport/jdk21-hash-pinned/jdk24-jep485-stream-gatherers/08-GathererShortCircuitTest.java.txt
95183909bdf24d7942566d0da086e6a0b7e7c86041c39b41eb9b31f660ff88a1	17744	evidence/consumer-v3/work/m3/tooling/migration-recipes/target/classes/com/m3/rewrite/backport/jdk21-hash-pinned/jdk24-jep485-stream-gatherers/09-GathererTest.java.txt
1ac1891ee9004df5de9328709bea955f4da41e88908c9aa8c83fafb5ac8bb27c	3164	evidence/consumer-v3/work/m3/tooling/migration-recipes/target/classes/com/m3/rewrite/backport/jdk21-hash-pinned/jdk24-jep485-stream-gatherers/10-GatherersFoldTest.java.txt
eb1bd5ac55a99540b1516656041310ecf56c1a8dd20a8eb1fd599318b5647cf2	14652	evidence/consumer-v3/work/m3/tooling/migration-recipes/target/classes/com/m3/rewrite/backport/jdk21-hash-pinned/jdk24-jep485-stream-gatherers/11-GatherersMapConcurrentTest.java.txt
2cd7315a80e9036d0f04c8a325fd75f700bab8468abf6c0fa0a67ac1235ba2a7	3539	evidence/consumer-v3/work/m3/tooling/migration-recipes/target/classes/com/m3/rewrite/backport/jdk21-hash-pinned/jdk24-jep485-stream-gatherers/12-GatherersScanTest.java.txt
a13a9d288d6435165d381aa5af0dd2073f67b79d409a2ff476a5933cd5bef50e	4882	evidence/consumer-v3/work/m3/tooling/migration-recipes/target/classes/com/m3/rewrite/backport/jdk21-hash-pinned/jdk24-jep485-stream-gatherers/13-GatherersWindowFixedTest.java.txt
f5b69e1677020ce3dc8c132881868514d61876e952aaed2bae3a33d2cc519393	5115	evidence/consumer-v3/work/m3/tooling/migration-recipes/target/classes/com/m3/rewrite/backport/jdk21-hash-pinned/jdk24-jep485-stream-gatherers/14-GatherersWindowSlidingTest.java.txt
3172ca1814ce01a40091d05f691ee044dfa72c1b4f24b10514fe491fc6d6e66c	2598	evidence/consumer-v3/work/m3/tooling/migration-recipes/target/classes/com/m3/rewrite/backport/jdk21-hash-pinned/jdk24-jep485-stream-gatherers/manifest.tsv
374269a8f8913fd88954c89cb55efbf14cc93ac1ecda8c290092cddb4036ebe7	12700	evidence/consumer-v3/work/m3/tooling/migration-recipes/target/classes/com/m3/rewrite/backport/jdk21-hash-pinned/jdk27-javadoc-8347112-java/01-DocFilesHandlerImpl.java.txt
a2ccc9e2ac20464f8a1e90385271bef92a10a252279cd039ff29f4a4f1916e81	30681	evidence/consumer-v3/work/m3/tooling/migration-recipes/target/classes/com/m3/rewrite/backport/jdk21-hash-pinned/jdk27-javadoc-8347112-java/02-BaseConfiguration.java.txt
da0ee9d6a1874a402571a34e19d5d11521d51b2eda30ff33cf04056936cff568	11280	evidence/consumer-v3/work/m3/tooling/migration-recipes/target/classes/com/m3/rewrite/backport/jdk21-hash-pinned/jdk27-javadoc-8347112-java/03-TestCopyFiles.java.txt
7b25f62e952a632b6b2fae30e31c0d41f1d648fcb2b3c18e5e5ce520ba202cf8	732	evidence/consumer-v3/work/m3/tooling/migration-recipes/target/classes/com/m3/rewrite/backport/jdk21-hash-pinned/jdk27-javadoc-8347112-java/manifest.tsv
fafd235f12cfb937c383e5a0ba4b0a65561da6cf2b644b8be2476eeab7ed8b6a	1839	evidence/consumer-v3/work/m3/tooling/migration-recipes/target/classes/com/m3/rewrite/backport/jdk21-hash-pinned/jdk27-jfr-options-help-8367584-java/00-TestOptionsHelp.java.txt
c26014d4684ea246a8d5540149cb86f6a40fd8743aa4ac8dda70e44fe0cfc56e	150	evidence/consumer-v3/work/m3/tooling/migration-recipes/target/classes/com/m3/rewrite/backport/jdk21-hash-pinned/jdk27-jfr-options-help-8367584-java/manifest.tsv
ecc6fef6147ba3dbfdf3db57e0d361a48a36cda8cbf6718beeecc7899bb572a4	91276	evidence/consumer-v3/work/m3/tooling/migration-recipes/target/classes/com/m3/rewrite/backport/jdk21-hash-pinned/jdk27-keystore-creation-instant-8374808/00-KeyStore.java.txt
0abe2b4077befe28e2b3b9edcd03fbbed77319660ff408794bdb8f6b3d24d031	28057	evidence/consumer-v3/work/m3/tooling/migration-recipes/target/classes/com/m3/rewrite/backport/jdk21-hash-pinned/jdk27-keystore-creation-instant-8374808/01-KeyStoreSpi.java.txt
d9266a7bb859c3a1a8c5d309df2c1ae95d4d7e9bcc5191193cd6c93717dd7f04	6152	evidence/consumer-v3/work/m3/tooling/migration-recipes/target/classes/com/m3/rewrite/backport/jdk21-hash-pinned/jdk27-keystore-creation-instant-8374808/02-CreationInstant.java.txt
2d805902f415e7acbdf8955da127474ce5fb901d6392b8a5c733f1faf5a204db	573	evidence/consumer-v3/work/m3/tooling/migration-recipes/target/classes/com/m3/rewrite/backport/jdk21-hash-pinned/jdk27-keystore-creation-instant-8374808/manifest.tsv
f56ba88b1e8986b849fead075c654b4b9961dcb49b168c733cb6e59d6113f2a8	4873	evidence/consumer-v3/work/m3/tooling/migration-recipes/target/classes/com/m3/rewrite/backport/jdk21-hash-pinned/jdk27-password-policy-proof-20261004/00-M3PasswordPolicyCases.java.txt
4affb89e8d6ebc558672e0e786d147fdc684b85a04ac6a91fcf91e79509b9ad7	169	evidence/consumer-v3/work/m3/tooling/migration-recipes/target/classes/com/m3/rewrite/backport/jdk21-hash-pinned/jdk27-password-policy-proof-20261004/manifest.tsv
5840ee0eac7e23c3a3834dddde70f059f512331a653a3d9ea80faa8d05f0abc4	6883	evidence/consumer-v3/work/m3/tooling/migration-recipes/target/classes/com/m3/rewrite/backport/jdk21-hash-pinned/jdk27-password-systemin-8368692-java/00-Password.java.txt
1b570f0d4bf5764e3d89000b9afc914073d8862be79cd9c0b1487ac2d81a7148	2806	evidence/consumer-v3/work/m3/tooling/migration-recipes/target/classes/com/m3/rewrite/backport/jdk21-hash-pinned/jdk27-password-systemin-8368692-java/01-AllowSystemIn.java.txt
360e70e3d733b04f426fffebeedb59c76a158b405c01ccfc61a35593334f8e35	364	evidence/consumer-v3/work/m3/tooling/migration-recipes/target/classes/com/m3/rewrite/backport/jdk21-hash-pinned/jdk27-password-systemin-8368692-java/manifest.tsv
0bc30e8aee9bb87d051c5670efc2093f5b2d373b1ead4fb09d02fbdb3e149962	40627	evidence/consumer-v3/work/m3/tooling/migration-recipes/target/classes/com/m3/rewrite/backport/jdk21-hash-pinned/jdk27-security-properties-8364182-java/00-Security.java.txt
73470efbd9d61c0a78223b626c3c622ded47e432e740548c16da29c1091f502e	1396	evidence/consumer-v3/work/m3/tooling/migration-recipes/target/classes/com/m3/rewrite/backport/jdk21-hash-pinned/jdk27-security-properties-8364182-java/01-JavaSecurityPropertiesAccess.java.txt
48f0c0b3d2dfafae99ea663a28c2a16e54ee1f8379e05b0a9b27641b363cb440	25702	evidence/consumer-v3/work/m3/tooling/migration-recipes/target/classes/com/m3/rewrite/backport/jdk21-hash-pinned/jdk27-security-properties-8364182-java/02-VMSupport.java.txt
07907e5f65c24f06c9f5bc0bf34e98a44085bf276068e0ecc4d8fc9b36c9e778	2230	evidence/consumer-v3/work/m3/tooling/migration-recipes/target/classes/com/m3/rewrite/backport/jdk21-hash-pinned/jdk27-security-properties-8364182-java/03-SecurityPropertiesTest.java.txt
365fa8c05d774109ac66c411d4a4b4945f0fa76386d352983e0894d53074e6eb	848	evidence/consumer-v3/work/m3/tooling/migration-recipes/target/classes/com/m3/rewrite/backport/jdk21-hash-pinned/jdk27-security-properties-8364182-java/manifest.tsv
cb50139594817d5cb2477c4d67148d4aed2174299f05cff9a3b24416139bc6b4	4037	evidence/consumer-v3/work/m3/tooling/migration-recipes/target/classes/com/m3/rewrite/port/FrozenBytes.java.txt
0c03ca0ed8b42212fa92e4d5f9325ba864f8d11928cd6a0b030b861f668f0657	3868	evidence/consumer-v3/work/m3/tooling/migration-recipes/target/classes/com/m3/rewrite/port/FrozenChars.java.txt
2f1c52feaa5c81462a469c84d847448840cfa75db5a0f1d40c72241718417653	12063	evidence/consumer-v3/work/m3/tooling/migration-recipes/target/classes/com/m3/rewrite/port/M3Text.java.txt
206cd1ecb96bec037c59b531c13dd7029e4ce79f1b50bfdfccc64dfd6279e74b	3259	evidence/consumer-v3/work/m3/tooling/migration-recipes/target/classes/com/m3/rewrite/port/MIndexJoinedBytes.java.txt
964f0fc3611f259562adca7f7a9ec581d149f16b4dfcc9a3c775a2a8ca53f864	7282	evidence/consumer-v3/work/m3/tooling/migration-recipes/target/classes/com/m3/rewrite/port/MIndexJoinedChars.java.txt
f42c548a4fd47d3dac43283082125232e04d5f13f28b63521832493394176337	10303	evidence/consumer-v3/work/m3/tooling/migration-recipes/target/classes/com/m3/rewrite/port/MIndexJoinedStorageIntern.java.txt
a4f0e0cd7b3e8701aba21b8b14b068cc2d3822e17dc066daa442cbc580404a80	5955	evidence/consumer-v3/work/m3/tooling/migration-recipes/target/classes/com/m3/rewrite/port/MIndexJoinedStreams.java.txt
122d60c6df640b25c2665e68819cae4571cb9ffbe54c710edbdc7f73419e9f93	1504	evidence/consumer-v3/work/m3/tooling/migration-recipes/target/classes/com/m3/rewrite/port/pom.xml.txt
430fb58f5bef30e3777214885cbff3dd8aa423d68c80f0a6b12147749db02e1f	841	evidence/consumer-v3/work/m3/tooling/migration-recipes/target/classes/com/m3/rewrite/port/port.properties
5f925aeb078bd859b485fcb46c3157d95df1b2f3b691246a4182a3850b681492	8561	evidence/consumer-v3/work/m3/tooling/migration-recipes/target/classes/com/synexia/rewrite/hash-pinned-java/a3-declarative-activation/00-A3Apply.java.txt
2897abfccb331829bd94a349e1b1da90b87b56c7a7d26e23073c90f9a891ea85	4406	evidence/consumer-v3/work/m3/tooling/migration-recipes/target/classes/com/synexia/rewrite/hash-pinned-java/a3-declarative-activation/01-A3ApplyTest.java.txt
e45dcc553df5cd0ad940f3dc656ebd9ea264f8353da3f7c27b5a2333f4997094	8537	evidence/consumer-v3/work/m3/tooling/migration-recipes/target/classes/com/synexia/rewrite/hash-pinned-java/a3-declarative-activation/before-00-A3Apply.java.txt
77390f350eeeb4b25a1c4db9279b3966884d9918f0b9dd0af1f1b4c3acc7b7ee	4328	evidence/consumer-v3/work/m3/tooling/migration-recipes/target/classes/com/synexia/rewrite/hash-pinned-java/a3-declarative-activation/before-01-A3ApplyTest.java.txt
944b68ad6939351c313439fa0ed53af948a1182cd0630c988b5252d86fc11cc0	382	evidence/consumer-v3/work/m3/tooling/migration-recipes/target/classes/com/synexia/rewrite/hash-pinned-java/a3-declarative-activation/manifest.tsv
2e7514ddf7332311bb31f758dbfb27aa8242cf086cabc6cbb7f27b9f4cb7f2d3	1156	evidence/consumer-v3/work/m3/tooling/migration-recipes/target/classes/com/synexia/rewrite/hash-pinned-java/a3-declarative-convergence/00-M3Java21ConvergenceCatalog.java.txt
bf0cd3c9ca89e2b75d83e717d79b9a17e197646f40d108b05b4dc2ecd2cc1f70	6058	evidence/consumer-v3/work/m3/tooling/migration-recipes/target/classes/com/synexia/rewrite/hash-pinned-java/a3-declarative-convergence/01-M3A3DeclarativeDeliveryRecipeTest.java.txt
a2ab300d9fc8a821fa5d996cd0d18e6736f757863572067d72d0639ea31d0386	4052	evidence/consumer-v3/work/m3/tooling/migration-recipes/target/classes/com/synexia/rewrite/hash-pinned-java/a3-declarative-convergence/02-M3Java21DeclarativeConvergenceTest.java.txt
e3461850eb6a306eeba22c2189aefbcdc520762dafa3520fa40282576aff2b61	546	evidence/consumer-v3/work/m3/tooling/migration-recipes/target/classes/com/synexia/rewrite/hash-pinned-java/a3-declarative-convergence/manifest.tsv
6d9ec887c87898167748ca5f77598f95a6784cfaf14882f4983733c006374b77	5127	evidence/consumer-v3/work/m3/tooling/migration-recipes/target/classes/com/synexia/rewrite/hash-pinned-java/a3-mastery-lab/A3.java.after
677324e1566d482eb5b4470ec1a63d3493bb2a75fc77ea0edb61ba364906c298	7782	evidence/consumer-v3/work/m3/tooling/migration-recipes/target/classes/com/synexia/rewrite/hash-pinned-java/a3-mastery-lab/A3Cases.java.after
f68fb01640e7bee16e67af34ff986006a8ebebca3c13e9088296540f844b2200	17623	evidence/consumer-v3/work/m3/tooling/migration-recipes/target/classes/com/synexia/rewrite/hash-pinned-java/a3-mastery-lab/A3Lab.java.after
225efc2885ba8c002d036ecf70b4dd8a13b646debc74afeb031b0fce624d3f18	3860	evidence/consumer-v3/work/m3/tooling/migration-recipes/target/classes/com/synexia/rewrite/hash-pinned-java/a3-mastery-lab/A3LabTest.java.after
b901f0b1aae122711792a66dc9750b9ba4608d59613641e74f378218757cbb4d	734	evidence/consumer-v3/work/m3/tooling/migration-recipes/target/classes/com/synexia/rewrite/hash-pinned-java/a3-mastery-lab/manifest.tsv
c212736f000836cb782a5ff81fd2de48e67d36ea4b3bd53cf7743c4aadbfdaf6	16196	evidence/consumer-v3/work/m3/tooling/migration-recipes/target/classes/com/synexia/rewrite/hash-pinned-java/a3-regex-memory-lab/A3Lab.java.after
351eeac06154189e79f3d139336437d5911da5721c9a95a779ebd5d511997d9c	6117	evidence/consumer-v3/work/m3/tooling/migration-recipes/target/classes/com/synexia/rewrite/hash-pinned-java/a3-regex-memory-lab/A3LabTest.java.after
acc1f301aef53281ccbb26c78921537de99f98bc3f401906f5be658c761f62ef	6447	evidence/consumer-v3/work/m3/tooling/migration-recipes/target/classes/com/synexia/rewrite/hash-pinned-java/a3-regex-memory-lab/A3MemoryCompiler.java.after
19f7e3fb8c5f4332ab721d1962ab9cac261c524a10d9d91272346636fbe86ada	7516	evidence/consumer-v3/work/m3/tooling/migration-recipes/target/classes/com/synexia/rewrite/hash-pinned-java/a3-regex-memory-lab/A3RegexMatrix.java.after
e7a96b1290ead86d3861f0388423504078cc8f66f10303f73e0a7d44a6e5776b	658	evidence/consumer-v3/work/m3/tooling/migration-recipes/target/classes/com/synexia/rewrite/hash-pinned-java/a3-regex-memory-lab/manifest.tsv
cec34964f679c67e38cf946c2b1f7b6fb0dddc1f4ecadd963e7dd998e7ff68ba	4242	evidence/consumer-v3/work/m3/tooling/migration-recipes/target/classes/com/synexia/rewrite/hash-pinned-java/atom-comment-custody/after.java.txt
8384244946df1f840406aaf71438b4f0dba311dfd7eba7b421a064d63c31bf3b	3058	evidence/consumer-v3/work/m3/tooling/migration-recipes/target/classes/com/synexia/rewrite/hash-pinned-java/atom-comment-custody/before.java.txt
51d6ff438165fd05e6702364c8f131820efd9742e687a88a949d5fa182f46322	213	evidence/consumer-v3/work/m3/tooling/migration-recipes/target/classes/com/synexia/rewrite/hash-pinned-java/atom-comment-custody/manifest.tsv
4f6c17a035e64106f172b488fded9b565d1af48d6a8ecbd4700b3ff0cc2cd1e1	4448	evidence/consumer-v3/work/m3/tooling/migration-recipes/target/classes/com/synexia/rewrite/hash-pinned-java/atom-pattern-spectrum/after-atom.java.txt
b831177cbaaeca359a0b397eb4c74c0caf86c27666db702ef4492a42c210cd9f	2706	evidence/consumer-v3/work/m3/tooling/migration-recipes/target/classes/com/synexia/rewrite/hash-pinned-java/atom-pattern-spectrum/after-pattern.java.txt
8384244946df1f840406aaf71438b4f0dba311dfd7eba7b421a064d63c31bf3b	3058	evidence/consumer-v3/work/m3/tooling/migration-recipes/target/classes/com/synexia/rewrite/hash-pinned-java/atom-pattern-spectrum/before-atom.java.txt
2d100ed5d5810232b90b46f55f99c907f54a195b679b58f295dd065c8f03db69	2700	evidence/consumer-v3/work/m3/tooling/migration-recipes/target/classes/com/synexia/rewrite/hash-pinned-java/atom-pattern-spectrum/before-pattern.java.txt
1fc319641c44bfcf7428c09c10015f0e9619d09b56a8bcfbed9da310f74f0a49	440	evidence/consumer-v3/work/m3/tooling/migration-recipes/target/classes/com/synexia/rewrite/hash-pinned-java/atom-pattern-spectrum/manifest.tsv
c0396dc221ab4fe764441ec1694dc2063ce667a256289cdba6ba7bf285a83d86	8756	evidence/consumer-v3/work/m3/tooling/migration-recipes/target/classes/com/synexia/rewrite/hash-pinned-java/db-atom/00-M3IndexDB.java.txt
90c999027092ac250b3f1a19556268bde96879761735eb4f142260b17bece72a	12753	evidence/consumer-v3/work/m3/tooling/migration-recipes/target/classes/com/synexia/rewrite/hash-pinned-java/db-atom/01-M3IndexDbSemanticCodec.java.txt
71a86e54aaedc33ed50b7a0e0e1d63bcd3c045df02bb7c7b45d029a867e676d6	10020	evidence/consumer-v3/work/m3/tooling/migration-recipes/target/classes/com/synexia/rewrite/hash-pinned-java/db-atom/02-DbAtomTest.java.txt
a7cb1678539f74acc00cc4f15dbc2fdcd65286e4152784191e6d635539f6dc18	1352	evidence/consumer-v3/work/m3/tooling/migration-recipes/target/classes/com/synexia/rewrite/hash-pinned-java/db-atom/03-DbDigest.java.txt
27851933a442f798b56b7dba227b4fe1189851af11bb3333d5d0be2106d84956	8357	evidence/consumer-v3/work/m3/tooling/migration-recipes/target/classes/com/synexia/rewrite/hash-pinned-java/db-atom/before-00-M3IndexDB.java.txt
2cf21c4bc7b276a2ef741cee4db491c4a9e6c7cf44d53b543904b5acb8a95605	12400	evidence/consumer-v3/work/m3/tooling/migration-recipes/target/classes/com/synexia/rewrite/hash-pinned-java/db-atom/before-01-M3IndexDbSemanticCodec.java.txt
6bd41049e8393139f34fd3ae778b570432a49f7784c6a228f7c3e06ee3c6f7e6	694	evidence/consumer-v3/work/m3/tooling/migration-recipes/target/classes/com/synexia/rewrite/hash-pinned-java/db-atom/manifest.tsv
0e65b26f674f68fea30151ea63a17faef2f88ca0f0679723bb3dc230fda22b72	13233	evidence/consumer-v3/work/m3/tooling/migration-recipes/target/classes/com/synexia/rewrite/hash-pinned-java/db-build/00-Recipe.java.txt
847e23f5ea4f8f4bc889c61bda6dfc638442ae105e6b3ef70081ddb102d3c001	17603	evidence/consumer-v3/work/m3/tooling/migration-recipes/target/classes/com/synexia/rewrite/hash-pinned-java/db-build/01-Test.java.txt
629d17076fa5c5e399da6e1d0138f2f6cc2d99755977c194d082ee72d4665efc	13143	evidence/consumer-v3/work/m3/tooling/migration-recipes/target/classes/com/synexia/rewrite/hash-pinned-java/db-build/before-Recipe.java.txt
fdc94313843105bc6badbeb97488b01dcb5de41eda5b735c7f75eb65c2f64ae1	8398	evidence/consumer-v3/work/m3/tooling/migration-recipes/target/classes/com/synexia/rewrite/hash-pinned-java/db-build/before-Test.java.txt
d33a2add601309d3554c8ba047b9fe8f4b24adc4eef75d4f1219f8d958546f71	427	evidence/consumer-v3/work/m3/tooling/migration-recipes/target/classes/com/synexia/rewrite/hash-pinned-java/db-build/manifest.tsv
71104dfdc69bd0176698a1686de4c1e635c2f99826d9c9bda9270d40d4d80c63	28214	evidence/consumer-v3/work/m3/tooling/migration-recipes/target/classes/com/synexia/rewrite/hash-pinned-java/db-check/00-Test.java.txt
74fbd8ccc2ba3905844eb7a88b633209d53be09c758ffb700d1f99915ed6a0b6	27540	evidence/consumer-v3/work/m3/tooling/migration-recipes/target/classes/com/synexia/rewrite/hash-pinned-java/db-check/before-Test.java.txt
6ae483638d7a0deae763cdeca4c7634d0b6b45f6653ea692a38ce8d0e7049baf	213	evidence/consumer-v3/work/m3/tooling/migration-recipes/target/classes/com/synexia/rewrite/hash-pinned-java/db-check/manifest.tsv
c0396dc221ab4fe764441ec1694dc2063ce667a256289cdba6ba7bf285a83d86	8756	evidence/consumer-v3/work/m3/tooling/migration-recipes/target/classes/com/synexia/rewrite/hash-pinned-java/db-java/00-M3IndexDB.java.txt
be4cb521cd9b0154b8b30bd0719304ae349e7d50c54c2e1d1ca8817e7df4a545	2413	evidence/consumer-v3/work/m3/tooling/migration-recipes/target/classes/com/synexia/rewrite/hash-pinned-java/db-java/01-M3IndexDbArtifact.java.txt
90c999027092ac250b3f1a19556268bde96879761735eb4f142260b17bece72a	12753	evidence/consumer-v3/work/m3/tooling/migration-recipes/target/classes/com/synexia/rewrite/hash-pinned-java/db-java/02-M3IndexDbSemanticCodec.java.txt
2758d9473d46142383af31cfa351ba2ccc41b4fdda8082f0e5d3da596687b883	1151	evidence/consumer-v3/work/m3/tooling/migration-recipes/target/classes/com/synexia/rewrite/hash-pinned-java/db-java/03-M3IndexDbSemanticEdge.java.txt
8898ef38a373744d2fcc6edf0fe6671720733be7d78a215fa401e86660247bde	9363	evidence/consumer-v3/work/m3/tooling/migration-recipes/target/classes/com/synexia/rewrite/hash-pinned-java/db-java/04-M3IndexDbSemanticFingerprint.java.txt
114f08e4892dd68532d6e2e587b96d306f6e2d300c38c82a4f81c9acaac7e912	18084	evidence/consumer-v3/work/m3/tooling/migration-recipes/target/classes/com/synexia/rewrite/hash-pinned-java/db-java/05-M3IndexDbSemanticIndex.java.txt
8ae73fe031ac1c383860b516427cc2b659a50d5a77c5d6114bf561b2197a4ea5	330	evidence/consumer-v3/work/m3/tooling/migration-recipes/target/classes/com/synexia/rewrite/hash-pinned-java/db-java/06-M3IndexDbSemanticKind.java.txt
06a06aadef324e81c35fa8ac365477e7982f99b9bf7f9ea9b9a18eaface1ca2c	2419	evidence/consumer-v3/work/m3/tooling/migration-recipes/target/classes/com/synexia/rewrite/hash-pinned-java/db-java/07-M3IndexDbSemanticNode.java.txt
bf3b6377174b869ef85dc2e513363dc47c6d516baab276884e6e56f96b690f24	7633	evidence/consumer-v3/work/m3/tooling/migration-recipes/target/classes/com/synexia/rewrite/hash-pinned-java/db-java/08-DbParseTest.java.txt
c513c0740432cc23798875a2af3db33be3e0c0550b471cc079dd544d6c39f5ec	3086	evidence/consumer-v3/work/m3/tooling/migration-recipes/target/classes/com/synexia/rewrite/hash-pinned-java/db-java/09-DbProbe.java.txt
4d211a40ab1e00b4bf8d078a80da6d6eabe4f0606ac4894a6e368b7533d86291	9791	evidence/consumer-v3/work/m3/tooling/migration-recipes/target/classes/com/synexia/rewrite/hash-pinned-java/db-java/10-M3IndexDBIntegrityTest.java.txt
2c41cedc561c54cd8259cd64f1dca50937d183f9baf56d9c9df75c04a5205bf1	2005	evidence/consumer-v3/work/m3/tooling/migration-recipes/target/classes/com/synexia/rewrite/hash-pinned-java/db-java/11-M3IndexDBTest.java.txt
de888eb129200648df390bfd4694c7a326a092a50aecdfd31902625c35e4f159	2193	evidence/consumer-v3/work/m3/tooling/migration-recipes/target/classes/com/synexia/rewrite/hash-pinned-java/db-java/12-M3IndexDbArtifactTest.java.txt
9c05e694334a9f355ec82d4f1b9dc786c1d78157ba4900abe1a141f18a302b6e	4998	evidence/consumer-v3/work/m3/tooling/migration-recipes/target/classes/com/synexia/rewrite/hash-pinned-java/db-java/13-M3IndexDbCodecBoundaryTest.java.txt
257bc4fd93eb4b0b888684300c8f8204f5d5619ce3f6ffb03196ccaf8278feca	6749	evidence/consumer-v3/work/m3/tooling/migration-recipes/target/classes/com/synexia/rewrite/hash-pinned-java/db-java/14-M3IndexDbSemanticBoundaryTest.java.txt
71104dfdc69bd0176698a1686de4c1e635c2f99826d9c9bda9270d40d4d80c63	28214	evidence/consumer-v3/work/m3/tooling/migration-recipes/target/classes/com/synexia/rewrite/hash-pinned-java/db-java/15-M3IndexDbSemanticFailClosedTest.java.txt
a54c81ff8081ca970822ad4b948578e25e184758f2b99fa9bede6fdb68458032	27462	evidence/consumer-v3/work/m3/tooling/migration-recipes/target/classes/com/synexia/rewrite/hash-pinned-java/db-java/16-M3IndexDbSemanticIndexTest.java.txt
7008d20aa5923fdf747dbcfd3f27451be8ffc5ac09987ddeb8260077a107829f	7365	evidence/consumer-v3/work/m3/tooling/migration-recipes/target/classes/com/synexia/rewrite/hash-pinned-java/db-java/17-M3IndexDbStoreBoundaryTest.java.txt
44369e8fd1e69e3c0b5270bd39841fc862bb4ee0cc26fcc7b952f806dd7edcc3	2906	evidence/consumer-v3/work/m3/tooling/migration-recipes/target/classes/com/synexia/rewrite/hash-pinned-java/db-java/manifest.tsv
847e23f5ea4f8f4bc889c61bda6dfc638442ae105e6b3ef70081ddb102d3c001	17603	evidence/consumer-v3/work/m3/tooling/migration-recipes/target/classes/com/synexia/rewrite/hash-pinned-java/db-mark/00-Test.java.txt
48d1159aa0900c54e9e8e5910a0ca5dda759e2e3d1868ed6ded93647f598b384	15314	evidence/consumer-v3/work/m3/tooling/migration-recipes/target/classes/com/synexia/rewrite/hash-pinned-java/db-mark/before-Test.java.txt
526ee42aca43af5d10f6d2daf561f7cbb2a533feca8320f4b438e4f502edd8a6	203	evidence/consumer-v3/work/m3/tooling/migration-recipes/target/classes/com/synexia/rewrite/hash-pinned-java/db-mark/manifest.tsv
90c999027092ac250b3f1a19556268bde96879761735eb4f142260b17bece72a	12753	evidence/consumer-v3/work/m3/tooling/migration-recipes/target/classes/com/synexia/rewrite/hash-pinned-java/db-parse/00-Codec.java.txt
bf3b6377174b869ef85dc2e513363dc47c6d516baab276884e6e56f96b690f24	7633	evidence/consumer-v3/work/m3/tooling/migration-recipes/target/classes/com/synexia/rewrite/hash-pinned-java/db-parse/01-DbParseTest.java.txt
c513c0740432cc23798875a2af3db33be3e0c0550b471cc079dd544d6c39f5ec	3086	evidence/consumer-v3/work/m3/tooling/migration-recipes/target/classes/com/synexia/rewrite/hash-pinned-java/db-parse/02-DbProbe.java.txt
f54c493da12252965a6697c5bf71b96881068d168cd03666dfce4ccda7d66f0a	10912	evidence/consumer-v3/work/m3/tooling/migration-recipes/target/classes/com/synexia/rewrite/hash-pinned-java/db-parse/before-00-Codec.java.txt
8d4e2a3afdab73eff23bcd6cc436f409ba68eb2516a2ba583fc69c4435e42323	481	evidence/consumer-v3/work/m3/tooling/migration-recipes/target/classes/com/synexia/rewrite/hash-pinned-java/db-parse/manifest.tsv
233cbae58e7bf8ffb67aeb56ee5418996aceca624bde4e35fcf0f54b52afb79b	3779	evidence/consumer-v3/work/m3/tooling/migration-recipes/target/classes/com/synexia/rewrite/hash-pinned-java/document-javadoc-contract/after.java.txt
496624f1f8612f3c39ea20c6f77fa0dc0594fa13c378b2f2a3a06143c739df1c	3073	evidence/consumer-v3/work/m3/tooling/migration-recipes/target/classes/com/synexia/rewrite/hash-pinned-java/document-javadoc-contract/before.java.txt
1b01ee07dec3427ff43837f00297a8e81aee5eabfa9a2d643b4752ac3f3e1991	241	evidence/consumer-v3/work/m3/tooling/migration-recipes/target/classes/com/synexia/rewrite/hash-pinned-java/document-javadoc-contract/manifest.tsv
7200f7a0dd89cc6019f5e0dc51738064a28d36b3bfda023f189447a3dc43e27f	7103	evidence/consumer-v3/work/m3/tooling/migration-recipes/target/classes/com/synexia/rewrite/hash-pinned-java/gate-java/00-GateTest.java.txt
7e5564f2e11aaed7c75409a6de4ddd95cde69c262d2072b86b73cb16cebf08d5	12472	evidence/consumer-v3/work/m3/tooling/migration-recipes/target/classes/com/synexia/rewrite/hash-pinned-java/gate-java/01-M3Jep458BackportRecipeTest.java.txt
e6d4c6b265bd15999e6aa27f960b96092961e966da9fc72bc93c61ef820ba215	5438	evidence/consumer-v3/work/m3/tooling/migration-recipes/target/classes/com/synexia/rewrite/hash-pinned-java/gate-java/02-M3VerbatimJavaPairRecipeTest.java.txt
a79bd712e4ffc0d1ba0d4a7fba9c064f94420fbde8c63e7b2a91496d443e4b7c	8280	evidence/consumer-v3/work/m3/tooling/migration-recipes/target/classes/com/synexia/rewrite/hash-pinned-java/gate-java/03-M3RecipeScopeDeclarationTest.java.txt
46d8f894d23d2a5609126580f950549b1c1a6dedb7c8867b783d992cf9a911e0	3254	evidence/consumer-v3/work/m3/tooling/migration-recipes/target/classes/com/synexia/rewrite/hash-pinned-java/gate-java/04-M3MIndexJniNewStringAdmissionRecipeTest.java.txt
0453146bf4e6ac3759572a026f711089e026146a04465eeabfafc74451cfead9	3209	evidence/consumer-v3/work/m3/tooling/migration-recipes/target/classes/com/synexia/rewrite/hash-pinned-java/gate-java/05-M3MIndexJoinedCharsViewRecipeTest.java.txt
5eaf5a99083e11272778bc3dcc4f04b40ea3f16d99d8e5b9885ab4c8206e011d	3305	evidence/consumer-v3/work/m3/tooling/migration-recipes/target/classes/com/synexia/rewrite/hash-pinned-java/gate-java/06-M3MIndexStringBulkCharBoundaryRecipeTest.java.txt
174254a5e08a8a255813df22b31bd716ebc865000ec9dac059e71d801166b5d8	9706	evidence/consumer-v3/work/m3/tooling/migration-recipes/target/classes/com/synexia/rewrite/hash-pinned-java/gate-java/before-01-M3Jep458BackportRecipeTest.java.txt
5110ce38a46fa9f89afecda54f4c2557c0a9108d2631565375dbcb068a47970b	5097	evidence/consumer-v3/work/m3/tooling/migration-recipes/target/classes/com/synexia/rewrite/hash-pinned-java/gate-java/before-02-M3VerbatimJavaPairRecipeTest.java.txt
ef784295416de5e91d1821b67655fecd0ec02a0e44201d73b977c84389076f24	7821	evidence/consumer-v3/work/m3/tooling/migration-recipes/target/classes/com/synexia/rewrite/hash-pinned-java/gate-java/before-03-M3RecipeScopeDeclarationTest.java.txt
a5b11ae3aecb6cd2fb5a66e99f02d59055f3605fddb4dcd4c5b864f0483d7f7e	2117	evidence/consumer-v3/work/m3/tooling/migration-recipes/target/classes/com/synexia/rewrite/hash-pinned-java/gate-java/before-04-M3MIndexJniNewStringAdmissionRecipeTest.java.txt
17b6da8f1a87eca11ababf2011bede51aa69b43e2823f8eff3c9569b6307b661	2980	evidence/consumer-v3/work/m3/tooling/migration-recipes/target/classes/com/synexia/rewrite/hash-pinned-java/gate-java/before-05-M3MIndexJoinedCharsViewRecipeTest.java.txt
8604ab86f7224a176195a09b7fe38b9c84d3ea1cd0bae7da6154248615688260	2166	evidence/consumer-v3/work/m3/tooling/migration-recipes/target/classes/com/synexia/rewrite/hash-pinned-java/gate-java/before-06-M3MIndexStringBulkCharBoundaryRecipeTest.java.txt
70e886e7201a8b5f507b6ade08ba338bdac5410d761d4b35b9013852db3888bd	1640	evidence/consumer-v3/work/m3/tooling/migration-recipes/target/classes/com/synexia/rewrite/hash-pinned-java/gate-java/manifest.tsv
4620bec8fa489b8dcfb8960d8979bfb75517d7893b5f26546d1abaf9f629800e	10998	evidence/consumer-v3/work/m3/tooling/migration-recipes/target/classes/com/synexia/rewrite/hash-pinned-java/jdk-focus-a3/after.java.txt
f69f06564a88fcdc851d267e07f1def2586963d4f14bc552986529d7db8ec8e0	10557	evidence/consumer-v3/work/m3/tooling/migration-recipes/target/classes/com/synexia/rewrite/hash-pinned-java/jdk-focus-a3/before.java.txt
897cd98a7a41ced925f792af67642e82eb5f3026ca3bc69064edb868745184b3	211	evidence/consumer-v3/work/m3/tooling/migration-recipes/target/classes/com/synexia/rewrite/hash-pinned-java/jdk-focus-a3/manifest.tsv
5fa8a82e3655a675aa0d1e21ba456a7dae272776c605eeba4af22a9dbc7eaa56	2595	evidence/consumer-v3/work/m3/tooling/migration-recipes/target/classes/com/synexia/rewrite/hash-pinned-java/m3-collection-lanes/M3Address28.java.txt
1964daa513d98b295ad13ad820519a56af6f29916063860c4c8ec8bf7d3baaa2	7589	evidence/consumer-v3/work/m3/tooling/migration-recipes/target/classes/com/synexia/rewrite/hash-pinned-java/m3-collection-lanes/M3BitLane28.java.txt
529fd9055caa62cc1b4d3d008fef2765572836cc297565d11b1aea1a279a7179	1559	evidence/consumer-v3/work/m3/tooling/migration-recipes/target/classes/com/synexia/rewrite/hash-pinned-java/m3-collection-lanes/M3Collections.java.txt
bb1486f22518957d1fa1f951ef78b312364de5a736aff17ae5a543fe1765a4c5	6285	evidence/consumer-v3/work/m3/tooling/migration-recipes/target/classes/com/synexia/rewrite/hash-pinned-java/m3-collection-lanes/M3ConcurrentBitSet.java.txt
baaa8de6567da94efba77b1363b5629755e5394a6fe951976dc552622ddd0573	7533	evidence/consumer-v3/work/m3/tooling/migration-recipes/target/classes/com/synexia/rewrite/hash-pinned-java/m3-collection-lanes/M3ConcurrentIntLane28.java.txt
4a72dcca1648cbd3cf9f2d9bbec526de13fb50464d6b2ed19b101182541f7e5a	7340	evidence/consumer-v3/work/m3/tooling/migration-recipes/target/classes/com/synexia/rewrite/hash-pinned-java/m3-collection-lanes/M3ConcurrentLaneContractTest.java.txt
727666e9ad92ab6ab1a41e625307baa70ef08c1397954c2aa362282a137c46ea	7583	evidence/consumer-v3/work/m3/tooling/migration-recipes/target/classes/com/synexia/rewrite/hash-pinned-java/m3-collection-lanes/M3ConcurrentLongLane28.java.txt
00b8882f22b664552ae9dae4c37ab243b7fc1fb8159b80b5b74e180b4dfd7698	6637	evidence/consumer-v3/work/m3/tooling/migration-recipes/target/classes/com/synexia/rewrite/hash-pinned-java/m3-collection-lanes/M3ConcurrentLongMap.java.txt
7a7e71695a1106f6cefc43e2ba0883eec78abf44f4bf72ead6d094991d6366d6	3876	evidence/consumer-v3/work/m3/tooling/migration-recipes/target/classes/com/synexia/rewrite/hash-pinned-java/m3-collection-lanes/M3ConcurrentLongSet.java.txt
771b1450d137874e7c3e08d4e9bee405a6cf88aa6695a9fd4c3616be4ae34d18	6912	evidence/consumer-v3/work/m3/tooling/migration-recipes/target/classes/com/synexia/rewrite/hash-pinned-java/m3-collection-lanes/M3IntLane28.java.txt
f797998ca57b353f7c44ae48f3d65eeaddec6182066cec0f56c8526d71355e60	2316	evidence/consumer-v3/work/m3/tooling/migration-recipes/target/classes/com/synexia/rewrite/hash-pinned-java/m3-collection-lanes/M3LongArena28.java.txt
ea0c1aa0957f7bafd5cf2892cbe483c98d5772192f81cc3c467d53ab5c1c7531	2310	evidence/consumer-v3/work/m3/tooling/migration-recipes/target/classes/com/synexia/rewrite/hash-pinned-java/m3-collection-lanes/M3LongCollection.java.txt
9d10e476f5d1664a1028fe52406ab05421758961c6d3d5cf163241e058a3f201	554	evidence/consumer-v3/work/m3/tooling/migration-recipes/target/classes/com/synexia/rewrite/hash-pinned-java/m3-collection-lanes/M3LongIterator.java.txt
5e35c6c646389c582585b684a4e6224bb968cf2f7b669598eb88920ab1538960	7204	evidence/consumer-v3/work/m3/tooling/migration-recipes/target/classes/com/synexia/rewrite/hash-pinned-java/m3-collection-lanes/M3LongLane28.java.txt
e12261ea8149c9b6cedcfb08915699ec344a57eaed15f68060a9927717eb44a1	4470	evidence/consumer-v3/work/m3/tooling/migration-recipes/target/classes/com/synexia/rewrite/hash-pinned-java/m3-collection-lanes/M3LongLaneStore28.java.txt
2db7c6ba3342a58fdce49c3e988ded51ece2de336575d225edb6cca75cd483c2	5940	evidence/consumer-v3/work/m3/tooling/migration-recipes/target/classes/com/synexia/rewrite/hash-pinned-java/m3-collection-lanes/M3LongLinkedList28.java.txt
a9be525afc8c71fa191625dc69c60f76273299832744392435a5739006c8d15c	326	evidence/consumer-v3/work/m3/tooling/migration-recipes/target/classes/com/synexia/rewrite/hash-pinned-java/m3-collection-lanes/M3LongLongConsumer.java.txt
9a7487453e0bd2369b56e7e17dedb79e2eba8919944772ec0407c95833458ae7	4760	evidence/consumer-v3/work/m3/tooling/migration-recipes/target/classes/com/synexia/rewrite/hash-pinned-java/m3-collection-lanes/M3SlotAllocator28.java.txt
f2ea51cf92b35489ca0bc3c6555850ff9ceee45a1459eb0af06f19feaff810ce	7117	evidence/consumer-v3/work/m3/tooling/migration-recipes/target/classes/com/synexia/rewrite/hash-pinned-java/m3-collection-lanes/SegmentedLaneBulkContractTest.java.txt
b202adb68518e47c49ceddc4f21e52c7bb48c387b3f1ee08baceaf8a930eb44c	6641	evidence/consumer-v3/work/m3/tooling/migration-recipes/target/classes/com/synexia/rewrite/hash-pinned-java/m3-collection-lanes/SegmentedPrimitiveStorageTest.java.txt
cfd99d1d4cfd40371718188e695221d6aee88eb9579a815f0f0e3b05643f2054	3285	evidence/consumer-v3/work/m3/tooling/migration-recipes/target/classes/com/synexia/rewrite/hash-pinned-java/m3-collection-lanes/manifest.tsv
e531b318ea4cbc6ca09bb3e52cb1a70ee4539ccf78d8b61b0f73bcf3027db557	165	evidence/consumer-v3/work/m3/tooling/migration-recipes/target/classes/com/synexia/rewrite/hash-pinned-java/m3-collection-lanes/module-info.java.txt
068cc68a4968c1f8aed45d7ff73a9bfca8dc19723015cd739728cbd56d90150d	205038	evidence/consumer-v3/work/m3/tooling/migration-recipes/target/classes/com/synexia/rewrite/hash-pinned-java/mindex-jni-newstring-admission/String.java.before.txt
5f1c19dd6d46c12f5b3baf72422ae7e68975e41df4303451a1db2299c8581601	205581	evidence/consumer-v3/work/m3/tooling/migration-recipes/target/classes/com/synexia/rewrite/hash-pinned-java/mindex-jni-newstring-admission/String.java.txt
2a5c781c50f48e19f3f9ec0ba99cb6f894e76779b088dc7d04d3ddda73251245	239	evidence/consumer-v3/work/m3/tooling/migration-recipes/target/classes/com/synexia/rewrite/hash-pinned-java/mindex-jni-newstring-admission/manifest.tsv
88f4d3b3b04e41c34f171a38f30a320af91561ba72fa89a35750e1da7b9854c1	25258	evidence/consumer-v3/work/m3/tooling/migration-recipes/target/classes/com/synexia/rewrite/hash-pinned-java/mindex-string-bulk-char-boundary/MIndexString.java.before.txt
1399b110a329f39ee1c40df2d9bb9af216d0e512a343b5fcf641fb67b39a3c87	26303	evidence/consumer-v3/work/m3/tooling/migration-recipes/target/classes/com/synexia/rewrite/hash-pinned-java/mindex-string-bulk-char-boundary/MIndexString.java.txt
4e51fd1acaf8a22036d2dc5d0b405509f3f469d6e4054c8a0a4133cfe230d7a4	251	evidence/consumer-v3/work/m3/tooling/migration-recipes/target/classes/com/synexia/rewrite/hash-pinned-java/mindex-string-bulk-char-boundary/manifest.tsv
12c1e5cebc488f9d4669d668caf004854c436812122ec63bf1173d3ae3a57d3c	6987	evidence/consumer-v3/work/m3/tooling/migration-recipes/target/classes/com/synexia/rewrite/hash-pinned-java/pack-version/00-M3ModuleInspector.java.txt
e4d7aebde2db036fc5eaa9ced964b9e6ca3ccf05a88c54ad7c83a8f59be568c2	9133	evidence/consumer-v3/work/m3/tooling/migration-recipes/target/classes/com/synexia/rewrite/hash-pinned-java/pack-version/01-VersionProbe.java.txt
b82d64a1417831a61386ce439a4b00c4904893e20de613c7e5adacaab4a52f29	531	evidence/consumer-v3/work/m3/tooling/migration-recipes/target/classes/com/synexia/rewrite/hash-pinned-java/pack-version/02-VersionTest.java.txt
6e3599202a1afc6f1971c6a88b8c8e5d31f410c9295e87e85d5e46c779c5905e	6693	evidence/consumer-v3/work/m3/tooling/migration-recipes/target/classes/com/synexia/rewrite/hash-pinned-java/pack-version/before-00-M3ModuleInspector.java.txt
d0166513af5e163700a832139bdf40f467f382f4e7b3d48a7dfa0ae7b94a0fc1	525	evidence/consumer-v3/work/m3/tooling/migration-recipes/target/classes/com/synexia/rewrite/hash-pinned-java/pack-version/manifest.tsv
d8560c0d8f10043c2da6b15a4ede378791a286d4b919c5dd3999b10300981e36	6355	evidence/consumer-v3/work/m3/tooling/migration-recipes/target/classes/com/synexia/rewrite/hash-pinned-java/scope-backslash-literal/after.java.txt
fd34ae842ba65bb843c2bba8df30926a8b2ba71df7cda76b4db8ed3a0be2da92	6354	evidence/consumer-v3/work/m3/tooling/migration-recipes/target/classes/com/synexia/rewrite/hash-pinned-java/scope-backslash-literal/before.java.txt
0b68d3c7541f21b7f45cf548a098079aae36934c3da31183f1e28567558ffe15	231	evidence/consumer-v3/work/m3/tooling/migration-recipes/target/classes/com/synexia/rewrite/hash-pinned-java/scope-backslash-literal/manifest.tsv
cb50139594817d5cb2477c4d67148d4aed2174299f05cff9a3b24416139bc6b4	4037	evidence/consumer-v3/work/m3/tooling/migration-recipes/target/classes/com/synexia/rewrite/m3port/FrozenBytes.java.before.txt
0c03ca0ed8b42212fa92e4d5f9325ba864f8d11928cd6a0b030b861f668f0657	3868	evidence/consumer-v3/work/m3/tooling/migration-recipes/target/classes/com/synexia/rewrite/m3port/FrozenChars.java.before.txt
206cd1ecb96bec037c59b531c13dd7029e4ce79f1b50bfdfccc64dfd6279e74b	3259	evidence/consumer-v3/work/m3/tooling/migration-recipes/target/classes/com/synexia/rewrite/m3port/MIndexJoinedBytes.java.before.txt
964f0fc3611f259562adca7f7a9ec581d149f16b4dfcc9a3c775a2a8ca53f864	7282	evidence/consumer-v3/work/m3/tooling/migration-recipes/target/classes/com/synexia/rewrite/m3port/MIndexJoinedChars.java.after.txt
712c1c795ff1e0d6dea099eaec8fa6e64803adfc12bad6f31970b722c659d396	5188	evidence/consumer-v3/work/m3/tooling/migration-recipes/target/classes/com/synexia/rewrite/m3port/MIndexJoinedChars.java.before.txt
f42c548a4fd47d3dac43283082125232e04d5f13f28b63521832493394176337	10303	evidence/consumer-v3/work/m3/tooling/migration-recipes/target/classes/com/synexia/rewrite/m3port/MIndexJoinedStorageIntern.java.before.txt
a4f0e0cd7b3e8701aba21b8b14b068cc2d3822e17dc066daa442cbc580404a80	5955	evidence/consumer-v3/work/m3/tooling/migration-recipes/target/classes/com/synexia/rewrite/m3port/MIndexJoinedStreams.java.before.txt
5a3e0171a9483794ef27e45a7f04b6218e38cbf302f1715a0e5e06fd8bcb76d9	771	evidence/consumer-v3/work/m3/tooling/migration-recipes/target/classes/com/synexia/rewrite/m3port/source.properties
4ff7fb4557c58cc59de7fbb24498f3df2a197083a5cd467670dc24b9441f1210	3458	evidence/consumer-v3/work/m3/tooling/migration-recipes/target/classes/com/synexia/rewrite/segmented-lane-native/segmented_bit_lane.c.txt
1333a9cf8b96b8c919d1c098899648d0a82cdce7e775167fe3ff2e571c54ec67	1815	evidence/consumer-v3/work/m3/tooling/migration-recipes/target/descriptor-candidate/src/java.base/share/classes/jdk/internal/mindex/M3Descriptor.java
4c7fc3b36ac32873e6f4f6e7aecc71b0e1bfe82a85b61a3114cf7e88a057b578	9136	evidence/consumer-v3/work/m3/tooling/migration-recipes/target/descriptor-candidate/test/jdk/jdk/internal/mindex/descriptor/com/m3/descriptor/DescriptorTest.java
92075b07b6ac20e5fe4282e47009a42e9ca130d92530eaa20c22eca65e62be86	232187	evidence/consumer-v3/work/m3/tooling/migration-recipes/target/jacoco.exec
96e0cee17b237304188c59d3330c74f955f02cabd96f8a15d7b52b8a9214171c	96	evidence/consumer-v3/work/m3/tooling/migration-recipes/target/m3-recipe-lab/COUNTS.tsv
8b45b7018869cba742cee90435df86a1fdaae00658cc68ecb81b40d2b160c0ea	472	evidence/consumer-v3/work/m3/tooling/migration-recipes/target/m3-recipe-lab/PROJECT.tsv
d27cdd590dd909cf36b72627dd60b0106cb15848c76c4a8b2b64ac8645f301af	80146	evidence/consumer-v3/work/m3/tooling/migration-recipes/target/m3-spectrum/CORPUS.tsv
1beb5412f27498ac0d2a6a79141831e7bdc60b959e6403a1d15e78c3165c7f75	66	evidence/consumer-v3/work/m3/tooling/migration-recipes/target/m3-spectrum/CORPUS_COUNTS.tsv
5511fe63c8ff4c8aa58315fabd0642a2e12f4e67d5497a80830938ce2c0cfb02	227	evidence/consumer-v3/work/m3/tooling/migration-recipes/target/m3-spectrum/COUNTS.tsv
d72b758e21facd4c79e96443b6954275a6a78bbff7e54b521764cd3bd038b47b	121	evidence/consumer-v3/work/m3/tooling/migration-recipes/target/m3-spectrum/M3_GROUP.tsv
f458245c5e1bcc8bfff9edbd0a9a13b1a0df3a2bbab9fa1a36ecd02e18bddd8f	7655	evidence/consumer-v3/work/m3/tooling/migration-recipes/target/m3-spectrum/PERMUTATIONS.tsv
4f6c17a035e64106f172b488fded9b565d1af48d6a8ecbd4700b3ff0cc2cd1e1	4448	evidence/consumer-v3/work/m3/tooling/migration-recipes/target/materialized/atom-pattern-spectrum/M3AtomizePureIntReturnRecipe.java
b831177cbaaeca359a0b397eb4c74c0caf86c27666db702ef4492a42c210cd9f	2706	evidence/consumer-v3/work/m3/tooling/migration-recipes/target/materialized/atom-pattern-spectrum/M3PatternizePureIntAtomRecipe.java
a3cfd6f3d971d5785c558327c2220abfde929e7bd15c1b5ae79d258b9cd978a6	429	evidence/consumer-v3/work/m3/tooling/migration-recipes/target/materialized/atom-pattern-spectrum/MATERIALIZATION.tsv
a945ef5234441afa923e9feff9f342f2554e0d78493f7f5b87adb9a6ad0766f4	75	evidence/consumer-v3/work/m3/tooling/migration-recipes/target/maven-archiver/pom.properties
29eccae2fe1cb3535bf8e9f528c5125bcb3743a2c0cb86b14088c8416e61074f	4156	evidence/consumer-v3/work/m3/tooling/migration-recipes/target/maven-status/maven-compiler-plugin/compile/default-compile/createdFiles.lst
fc8dc2d6f60ce419158be83c15eb8b3e3d69c09741f85c7dfd3bbe7de9185f0b	7058	evidence/consumer-v3/work/m3/tooling/migration-recipes/target/maven-status/maven-compiler-plugin/compile/default-compile/inputFiles.lst
47993a01528df3cc20ebf17e131e072e5d5a72f113c42639e127ca288570a490	4024	evidence/consumer-v3/work/m3/tooling/migration-recipes/target/maven-status/maven-compiler-plugin/testCompile/default-testCompile/createdFiles.lst
3a5aaa0811b64d4f61063704f8d566163a045ea3171ba8138ec697fd0e877297	12441	evidence/consumer-v3/work/m3/tooling/migration-recipes/target/maven-status/maven-compiler-plugin/testCompile/default-testCompile/inputFiles.lst
4620bec8fa489b8dcfb8960d8979bfb75517d7893b5f26546d1abaf9f629800e	10998	evidence/consumer-v3/work/m3/tooling/migration-recipes/target/recipe-closure/src/main/java/com/m3/rewrite/a3/M3A3AlgorithmCatalogueRecipe.java
ea31026be2f699923e4dfcc6fa906cee77eb5a46bdb9a32948948bfdfe19cebb	7151	evidence/consumer-v3/work/m3/tooling/migration-recipes/target/recipe-closure/src/main/java/com/m3/rewrite/atom/M3PureIntAtomEligibility.java
9ba3245512f18e3d921b6a8d013cea05a70b5a84c473b34dbd574ba55a1978d4	4112	evidence/consumer-v3/work/m3/tooling/migration-recipes/target/recipe-closure/src/main/java/com/m3/rewrite/scope/M3RecipeScopeRegistry.java
cf1c56ebf8fc2df3778cd56e34240da7c3ba722cb2949e8957b81157abf8b9ba	8378	evidence/consumer-v3/work/m3/tooling/migration-recipes/target/recipe-closure/src/test/java/com/m3/rewrite/scope/M3RecipeScopeDeclarationTest.java
0f356d12d2308f97b1a05b6214db60071d7c74a0d90cb49bb639085b863a4a6b	2905	evidence/consumer-v3/work/m3/tooling/migration-recipes/target/site/jacoco/com.m3.rewrite.a3/M3A3AlgorithmCatalogueManifest$Target.html
e947b86a0eb0f4d28c284b555f2cc48ad8589159e32bcbdf4f73bbb64a2c9a16	2815	evidence/consumer-v3/work/m3/tooling/migration-recipes/target/site/jacoco/com.m3.rewrite.a3/M3A3AlgorithmCatalogueManifest.html
e1f718f2ea72aa3d1214c87130d4ddbfae98546fb9d520453229ad9810b6a086	4136	evidence/consumer-v3/work/m3/tooling/migration-recipes/target/site/jacoco/com.m3.rewrite.a3/M3A3AlgorithmCatalogueManifest.java.html
4153f3a75516ea3f997e061ed5aaf4077a8b58caa0556c3112729cbac11aeae6	3656	evidence/consumer-v3/work/m3/tooling/migration-recipes/target/site/jacoco/com.m3.rewrite.a3/M3A3AlgorithmCatalogueRecipe$1.html
88d6978af4e5fa292f6137b58e86d1d47936ac0502ac70843f1a40b87b39d339	2873	evidence/consumer-v3/work/m3/tooling/migration-recipes/target/site/jacoco/com.m3.rewrite.a3/M3A3AlgorithmCatalogueRecipe$2.html
5d951dca43000557aecfadaa0545c71cb7cc9aaf21f6d6a7f5b0bcbbdde4b2f7	3659	evidence/consumer-v3/work/m3/tooling/migration-recipes/target/site/jacoco/com.m3.rewrite.a3/M3A3AlgorithmCatalogueRecipe$3.html
226750f6d8430ba8733b8cb8998d16c4d96307776b5f0cf6a2b70d1bfbf5319a	2868	evidence/consumer-v3/work/m3/tooling/migration-recipes/target/site/jacoco/com.m3.rewrite.a3/M3A3AlgorithmCatalogueRecipe$Inventory.html
2b3b14f474b55b074af51e4214cb9f224b1cb921df869de7d90926c29cb55648	19422	evidence/consumer-v3/work/m3/tooling/migration-recipes/target/site/jacoco/com.m3.rewrite.a3/M3A3AlgorithmCatalogueRecipe.html
ee082106dbdd4b490749fd3051020b018405669d58d03ff2c7c5b1bf6e3006dc	17936	evidence/consumer-v3/work/m3/tooling/migration-recipes/target/site/jacoco/com.m3.rewrite.a3/M3A3AlgorithmCatalogueRecipe.java.html
1b0ab5895d111e316029882c76ce2fd3b31c79d12be447466f3dc3dd947f3b18	2885	evidence/consumer-v3/work/m3/tooling/migration-recipes/target/site/jacoco/com.m3.rewrite.a3/M3A3SerialFileWorkManifest$Target.html
eb9d49c6ae7eba8dbce6571ff6746dd42613c06819800aaee0e57f57d24e70cf	2799	evidence/consumer-v3/work/m3/tooling/migration-recipes/target/site/jacoco/com.m3.rewrite.a3/M3A3SerialFileWorkManifest.html
56e77fd9b9f557acdb49dbb50f06c3cc0df6e0252006b81efa9c6e5e6c89dddb	4447	evidence/consumer-v3/work/m3/tooling/migration-recipes/target/site/jacoco/com.m3.rewrite.a3/M3A3SerialFileWorkManifest.java.html
528adb53084f3c2c0e08d95acc3c298d934c1d471d7121c79a31d264bff1d0fb	3474	evidence/consumer-v3/work/m3/tooling/migration-recipes/target/site/jacoco/com.m3.rewrite.a3/M3A3SerialFileWorkRecipe$1.html
b59a46ede58aec15bde4dcf50e7dd0e4c82897a36517e504363a8136188e4339	2857	evidence/consumer-v3/work/m3/tooling/migration-recipes/target/site/jacoco/com.m3.rewrite.a3/M3A3SerialFileWorkRecipe$2.html
9327ba71acc3ec1083c58b7b371784c929e1960da91861eb061cd727b1b95a20	3476	evidence/consumer-v3/work/m3/tooling/migration-recipes/target/site/jacoco/com.m3.rewrite.a3/M3A3SerialFileWorkRecipe$3.html
73195d9aa1df0ed597f11999e1d34bce61442774f5d2ffd1cf72b3aba82c110b	2848	evidence/consumer-v3/work/m3/tooling/migration-recipes/target/site/jacoco/com.m3.rewrite.a3/M3A3SerialFileWorkRecipe$Inventory.html
57ef200c984f2e2390cd0017af2a75a36ce276eeb3ccd41d69e3cbee8fecc65b	18140	evidence/consumer-v3/work/m3/tooling/migration-recipes/target/site/jacoco/com.m3.rewrite.a3/M3A3SerialFileWorkRecipe.html
942480dba628727f36bbd63d4710074e6c6b65e4dd7e851081fda597df6f318a	17353	evidence/consumer-v3/work/m3/tooling/migration-recipes/target/site/jacoco/com.m3.rewrite.a3/M3A3SerialFileWorkRecipe.java.html
93b5a0b06d7be948db49810c2f72c23542fa95c11017a717a3fc9d621f267d24	11741	evidence/consumer-v3/work/m3/tooling/migration-recipes/target/site/jacoco/com.m3.rewrite.a3/index.html
e9f97d1b4616f25be6f45469b952dfdfab2c988b6de85b00ab2406155efcba48	5353	evidence/consumer-v3/work/m3/tooling/migration-recipes/target/site/jacoco/com.m3.rewrite.a3/index.source.html
e133e6d981683057fefc788c6b1505673c712344680a2d5061be6b35c61e0298	3538	evidence/consumer-v3/work/m3/tooling/migration-recipes/target/site/jacoco/com.m3.rewrite.atom/M3AtomizePureIntReturnRecipe$1.html
e01fd821435064c90bb78414c52667d5079354f462d54d8d96c728f51fd80e05	4857	evidence/consumer-v3/work/m3/tooling/migration-recipes/target/site/jacoco/com.m3.rewrite.atom/M3AtomizePureIntReturnRecipe.html
fbd4ab0a48e8d531b213000aeb01ca85da962fb6b952f4d0989a1093831c4d66	6933	evidence/consumer-v3/work/m3/tooling/migration-recipes/target/site/jacoco/com.m3.rewrite.atom/M3AtomizePureIntReturnRecipe.java.html
fe98abb06df8356c3178d7a11db6ca671ee068ebb9938569876f60e3b7c12f56	3533	evidence/consumer-v3/work/m3/tooling/migration-recipes/target/site/jacoco/com.m3.rewrite.atom/M3DocumentPureIntAtomRecipe$1.html
83c972900c28a06646ead856a149b317104fcc95b38c392715fd3319405b4560	6612	evidence/consumer-v3/work/m3/tooling/migration-recipes/target/site/jacoco/com.m3.rewrite.atom/M3DocumentPureIntAtomRecipe.html
02f6a9d45b7fef4397c9e35acba3ba14bdecba85d16a75712a509286444e1b33	6889	evidence/consumer-v3/work/m3/tooling/migration-recipes/target/site/jacoco/com.m3.rewrite.atom/M3DocumentPureIntAtomRecipe.java.html
e0d38b254b0607ec5785cfa88744abf58de53eff8bd63545bec7b3b756026c14	5884	evidence/consumer-v3/work/m3/tooling/migration-recipes/target/site/jacoco/com.m3.rewrite.atom/M3FileAtomCandidateTable$Row.html
167bec9df14f0e4e456c35f6a9fc163002e4dd7b8b1866bc3f0453b865879fb9	2813	evidence/consumer-v3/work/m3/tooling/migration-recipes/target/site/jacoco/com.m3.rewrite.atom/M3FileAtomCandidateTable.html
2280fff81765720d2ec4aafb3fa60aaf5759de790236c959a39aaf5e0da08cd2	4467	evidence/consumer-v3/work/m3/tooling/migration-recipes/target/site/jacoco/com.m3.rewrite.atom/M3FileAtomCandidateTable.java.html
6b1b235c7fa5622f902fc0f0a1d4f3046d0686d6ee4852aac93639a0d313cf35	3556	evidence/consumer-v3/work/m3/tooling/migration-recipes/target/site/jacoco/com.m3.rewrite.atom/M3InventoryPureIntAtomCandidates$1.html
53036d20b3ddc214b5e4de882079c25f3915b2a0d316f9a75d3aadc4da4aa660	5410	evidence/consumer-v3/work/m3/tooling/migration-recipes/target/site/jacoco/com.m3.rewrite.atom/M3InventoryPureIntAtomCandidates.html
0cabbab1843283c06dbd4f91705e795128a5db1ee2240283c9c04b5816aa9e2c	4937	evidence/consumer-v3/work/m3/tooling/migration-recipes/target/site/jacoco/com.m3.rewrite.atom/M3InventoryPureIntAtomCandidates.java.html
42731f2f5d6023068af696011421b62033162349e284beced3a66898f6fad7e3	3540	evidence/consumer-v3/work/m3/tooling/migration-recipes/target/site/jacoco/com.m3.rewrite.atom/M3PatternizePureIntAtomRecipe$1.html
9157f40b1a3001bb74917decd1081a49054fb019c5790494217ceaecdc70da1c	5922	evidence/consumer-v3/work/m3/tooling/migration-recipes/target/site/jacoco/com.m3.rewrite.atom/M3PatternizePureIntAtomRecipe.html
d6069f1368582af54f267acba4bc86a8c8fb3572eea4e5bdc8ff88ec7316dd70	4911	evidence/consumer-v3/work/m3/tooling/migration-recipes/target/site/jacoco/com.m3.rewrite.atom/M3PatternizePureIntAtomRecipe.java.html
970544cbaa1c2da92e813916a53296880000f84205b56863ff7e6e81e3d5dd8a	6706	evidence/consumer-v3/work/m3/tooling/migration-recipes/target/site/jacoco/com.m3.rewrite.atom/M3PureIntAtomEligibility.html
f9773ae924fbb0bbe02c13e0a86799b9358eeecdf0a4f84e847cd696711c224b	13275	evidence/consumer-v3/work/m3/tooling/migration-recipes/target/site/jacoco/com.m3.rewrite.atom/M3PureIntAtomEligibility.java.html
46efd5cab64e5685d63134fee9fe59c4f8026e410d6cdcb0dc66c907d1812d6b	4847	evidence/consumer-v3/work/m3/tooling/migration-recipes/target/site/jacoco/com.m3.rewrite.atom/M3PureIntConvergenceRecipe.html
d270acd852f3efb414b9a5aefd87b507bf8fc122f2a03e62e4df03bc59b27f93	2900	evidence/consumer-v3/work/m3/tooling/migration-recipes/target/site/jacoco/com.m3.rewrite.atom/M3PureIntConvergenceRecipe.java.html
090c2cad69f60d4d22c29355ae2b15435f6fdcea27800bfd5f91592f737f8442	10096	evidence/consumer-v3/work/m3/tooling/migration-recipes/target/site/jacoco/com.m3.rewrite.atom/index.html
e5764a3591a2bfdbeca98c1c560e01cb8058071ccccf46d48ba35f396723b3fb	7049	evidence/consumer-v3/work/m3/tooling/migration-recipes/target/site/jacoco/com.m3.rewrite.atom/index.source.html
db69cc1c1009ed0774bd937c487ae1f2ae08a52c07fbdc95733521b52fefbc9b	3683	evidence/consumer-v3/work/m3/tooling/migration-recipes/target/site/jacoco/com.m3.rewrite.backport/M3Jdk21HashPinnedSnapshotRecipe$1.html
6e503011e186570d78d14c17621566842062a933c2c32c3fc4245e2644e9735f	3691	evidence/consumer-v3/work/m3/tooling/migration-recipes/target/site/jacoco/com.m3.rewrite.backport/M3Jdk21HashPinnedSnapshotRecipe$2.html
adfa8952d2916432ba9bb39c71d9583003350d9aed279042136f3250a2aa0ddb	2893	evidence/consumer-v3/work/m3/tooling/migration-recipes/target/site/jacoco/com.m3.rewrite.backport/M3Jdk21HashPinnedSnapshotRecipe$Inventory.html
22f41df56a75f2653e5f61c2932a6b954c68a3d3759ffed985816413d9b696c8	2907	evidence/consumer-v3/work/m3/tooling/migration-recipes/target/site/jacoco/com.m3.rewrite.backport/M3Jdk21HashPinnedSnapshotRecipe$Target.html
373e5a5598bf5f183a78e07d5434df580d640f463d9f443375f6c7df29eba16a	14214	evidence/consumer-v3/work/m3/tooling/migration-recipes/target/site/jacoco/com.m3.rewrite.backport/M3Jdk21HashPinnedSnapshotRecipe.html
765391961360d09232263705bf0541c5be3073ac0b7b071b24c4f42878c4449f	22692	evidence/consumer-v3/work/m3/tooling/migration-recipes/target/site/jacoco/com.m3.rewrite.backport/M3Jdk21HashPinnedSnapshotRecipe.java.html
142216ecb235f0e75a191ee39609ca2d318b9a4962e955339b21f69c5c7a1d5c	3705	evidence/consumer-v3/work/m3/tooling/migration-recipes/target/site/jacoco/com.m3.rewrite.backport/M3Jdk21HashPinnedTextSnapshotRecipe$1.html
1e8451c7c9db11ffeb46279527c5cb061701db5e2ea91433ddeacb8e8062fd61	3708	evidence/consumer-v3/work/m3/tooling/migration-recipes/target/site/jacoco/com.m3.rewrite.backport/M3Jdk21HashPinnedTextSnapshotRecipe$2.html
a4e6b6edb18241c21a422c7c7ad5c0fbc880da9ca34ff81899eb01a5d3476bb8	2913	evidence/consumer-v3/work/m3/tooling/migration-recipes/target/site/jacoco/com.m3.rewrite.backport/M3Jdk21HashPinnedTextSnapshotRecipe$Inventory.html
823a85a86fda1319e7b44b04e42990e656c8bb86d94a4cca25e746b967aeb863	2927	evidence/consumer-v3/work/m3/tooling/migration-recipes/target/site/jacoco/com.m3.rewrite.backport/M3Jdk21HashPinnedTextSnapshotRecipe$Target.html
f0985eaa3f907597a5a5d0cecaef8e105e6b0e31cca1329f2dbf311e6de41a42	13299	evidence/consumer-v3/work/m3/tooling/migration-recipes/target/site/jacoco/com.m3.rewrite.backport/M3Jdk21HashPinnedTextSnapshotRecipe.html
74d37671e88b4f39f0dc9cd147852e0693ee8458c4067a018e8b1ff2d2146800	20789	evidence/consumer-v3/work/m3/tooling/migration-recipes/target/site/jacoco/com.m3.rewrite.backport/M3Jdk21HashPinnedTextSnapshotRecipe.java.html
59f0c05c4699213b4e33166ea9a086112c410fb66d6c560d0ad959f42fbc8ee8	5354	evidence/consumer-v3/work/m3/tooling/migration-recipes/target/site/jacoco/com.m3.rewrite.backport/M3Jdk8347112BackportRecipe.html
7d95cff503e886efec9c079cae1dda34df0dd6d3f525de6efbe9fb050fe26e27	3668	evidence/consumer-v3/work/m3/tooling/migration-recipes/target/site/jacoco/com.m3.rewrite.backport/M3Jdk8347112BackportRecipe.java.html
5b8e718fe283e33a5639c1f8dc361f98896030451719693c99e42e6f0e2bf832	5354	evidence/consumer-v3/work/m3/tooling/migration-recipes/target/site/jacoco/com.m3.rewrite.backport/M3Jdk8364182BackportRecipe.html
e79e690cd0ce8c1509ca7d8448ec07f7407593ba19009004a2cd0672f5a627ed	3628	evidence/consumer-v3/work/m3/tooling/migration-recipes/target/site/jacoco/com.m3.rewrite.backport/M3Jdk8364182BackportRecipe.java.html
22516b3b5b553d766f4e27fc4e7237a4fb0a6f39dd81c5c49a8c70ec983d2dea	5489	evidence/consumer-v3/work/m3/tooling/migration-recipes/target/site/jacoco/com.m3.rewrite.backport/M3Jdk8367584JfrOptionsHelpBackportRecipe.html
cb4ad68ebb2050282973f414624bc3d4903d27ec6de0a179aca4d45902fe0d65	4312	evidence/consumer-v3/work/m3/tooling/migration-recipes/target/site/jacoco/com.m3.rewrite.backport/M3Jdk8367584JfrOptionsHelpBackportRecipe.java.html
0b7bebfd69c17d78830ba103712841ef4c8cb8c7599711123a4fe35976f34c84	5509	evidence/consumer-v3/work/m3/tooling/migration-recipes/target/site/jacoco/com.m3.rewrite.backport/M3Jdk8368692PasswordSystemInBackportRecipe.html
3cae55ca23cbe439901b4df2cf0316d573e5f173d7c836cdb999607db40ea6dc	3668	evidence/consumer-v3/work/m3/tooling/migration-recipes/target/site/jacoco/com.m3.rewrite.backport/M3Jdk8368692PasswordSystemInBackportRecipe.java.html
8be6d1f01b70e51dff9388a07fc1a637e395e21cd6066948cca9233e3ade0084	5351	evidence/consumer-v3/work/m3/tooling/migration-recipes/target/site/jacoco/com.m3.rewrite.backport/M3Jdk8374808BackportRecipe.html
08f8c869eedb58d97342c3b556a0107f467affed9126174cf2e3dcaeab567941	3348	evidence/consumer-v3/work/m3/tooling/migration-recipes/target/site/jacoco/com.m3.rewrite.backport/M3Jdk8374808BackportRecipe.java.html
6714b7900043aa365ee4876f77966164e7e88ad0a999d4bfafe83564d1981295	5314	evidence/consumer-v3/work/m3/tooling/migration-recipes/target/site/jacoco/com.m3.rewrite.backport/M3Jep458BackportRecipe.html
7aaec387878e8884a42d1aa841f43a7fb31b48f69d963c07b40f001e3c8ce57d	3641	evidence/consumer-v3/work/m3/tooling/migration-recipes/target/site/jacoco/com.m3.rewrite.backport/M3Jep458BackportRecipe.java.html
a3599adc9ece59798a642da96888b65043a88b9e244dbb5137da7568b3898eb2	3685	evidence/consumer-v3/work/m3/tooling/migration-recipes/target/site/jacoco/com.m3.rewrite.backport/M3VerbatimJavaPairRecipe$1.html
2072e848eef8d1ea7ca3e1d16cec06dfb4a789cd59f204be9d17d9bcb7202b82	9823	evidence/consumer-v3/work/m3/tooling/migration-recipes/target/site/jacoco/com.m3.rewrite.backport/M3VerbatimJavaPairRecipe.html
b9e95c83b0411e632c86d0cb693a060df5f6e9eac064b82acc2758ace610a4ec	10823	evidence/consumer-v3/work/m3/tooling/migration-recipes/target/site/jacoco/com.m3.rewrite.backport/M3VerbatimJavaPairRecipe.java.html
487d7cc3d7caa70e2705a05faf5522f68e8cafc0b96a78ec0c0d016e4b9598f3	15139	evidence/consumer-v3/work/m3/tooling/migration-recipes/target/site/jacoco/com.m3.rewrite.backport/index.html
5a8aaa0080f7ba8a30b4ccf92d3d91e73fb1ac352b7c797bc729d17752db6187	8617	evidence/consumer-v3/work/m3/tooling/migration-recipes/target/site/jacoco/com.m3.rewrite.backport/index.source.html
bd70edbeeed85502c7e0f69057167170f42fe3f9dbca97888ebc8c9d23f1f570	2756	evidence/consumer-v3/work/m3/tooling/migration-recipes/target/site/jacoco/com.m3.rewrite.scope/M3ContractMode.html
2e1836c02943900597e494f154895645bf5c460ed274f331dff8c1d360e19454	1721	evidence/consumer-v3/work/m3/tooling/migration-recipes/target/site/jacoco/com.m3.rewrite.scope/M3ContractMode.java.html
779934e0a378a5562ab3c65b377c5b22b63671b8902c4da7c76e9a1ab2d6337d	5007	evidence/consumer-v3/work/m3/tooling/migration-recipes/target/site/jacoco/com.m3.rewrite.scope/M3EditScope.html
989510200bbcd201f99153e95757e0712e35752b3f9d188a6076048e1667b81c	3393	evidence/consumer-v3/work/m3/tooling/migration-recipes/target/site/jacoco/com.m3.rewrite.scope/M3EditScope.java.html
c8eccae1c91239a07c1a4de6f41f517a473dd0a3d1137b435b5c8c371d1a442a	4031	evidence/consumer-v3/work/m3/tooling/migration-recipes/target/site/jacoco/com.m3.rewrite.scope/M3RecipeScopePolicy.html
2a3a099eded3c86444f0a5cd61e8d852a8b517fe56aebf089ea8b9eb495e2865	2964	evidence/consumer-v3/work/m3/tooling/migration-recipes/target/site/jacoco/com.m3.rewrite.scope/M3RecipeScopePolicy.java.html
075922a44fee071fabe11054fc55816ab21f7f612e4d73885438af5dc495a85d	6481	evidence/consumer-v3/work/m3/tooling/migration-recipes/target/site/jacoco/com.m3.rewrite.scope/M3RecipeScopeRegistry.html
1c64515515e8883893cc339c6c8e1518544a847c104308e94e37faaa74e5fb40	7072	evidence/consumer-v3/work/m3/tooling/migration-recipes/target/site/jacoco/com.m3.rewrite.scope/M3RecipeScopeRegistry.java.html
ec1c6b8e19932ea63847349eed457e43f0be503a4e5239129e142ee17020e3b3	2830	evidence/consumer-v3/work/m3/tooling/migration-recipes/target/site/jacoco/com.m3.rewrite.scope/M3ScopeInference$Location.html
5f6a7ced13fd506a1582e60cf0e91efc5d6dd1f395647c6970b1379c437bab82	5282	evidence/consumer-v3/work/m3/tooling/migration-recipes/target/site/jacoco/com.m3.rewrite.scope/M3ScopeInference.html
e4dfe026fcdcbbf77aa5fb50d25350e189031797cbe3645e2adbd3472b1a83f2	12659	evidence/consumer-v3/work/m3/tooling/migration-recipes/target/site/jacoco/com.m3.rewrite.scope/M3ScopeInference.java.html
e7ae24b3ec84b23ed624c282e532e0f63be0aff634793049451237e73c56a108	6195	evidence/consumer-v3/work/m3/tooling/migration-recipes/target/site/jacoco/com.m3.rewrite.scope/index.html
129e6535d5da234819aeb542d3935d38790457ae12b00cccd5ccc30639ce0fc2	5668	evidence/consumer-v3/work/m3/tooling/migration-recipes/target/site/jacoco/com.m3.rewrite.scope/index.source.html
e69b850851ef40dfaa49fbfc29ca9a19ad8e105149f9fb8c1017f5a6b410e99c	4206	evidence/consumer-v3/work/m3/tooling/migration-recipes/target/site/jacoco/com.m3.rewrite.semantic/M3SemanticHashRecipe$1.html
619d48cbcc213bd5dfde0fcfe1865c85b82bbd5d93ba17a546f8e012716b0863	5841	evidence/consumer-v3/work/m3/tooling/migration-recipes/target/site/jacoco/com.m3.rewrite.semantic/M3SemanticHashRecipe.html
c4655e41328e623174caa495476ad61a1663fc7ad932c897988f385c78d53d63	5065	evidence/consumer-v3/work/m3/tooling/migration-recipes/target/site/jacoco/com.m3.rewrite.semantic/M3SemanticHashRecipe.java.html
92a57f247e11071ad2eb16881ae8dc7a5660ea3df7f351c24a46599c83378dff	6833	evidence/consumer-v3/work/m3/tooling/migration-recipes/target/site/jacoco/com.m3.rewrite.semantic/M3SemanticHashTable$Row.html
7b9bece4e8d761470819f22f0f73ab874ef3315491fe88309ff55e8483456208	2792	evidence/consumer-v3/work/m3/tooling/migration-recipes/target/site/jacoco/com.m3.rewrite.semantic/M3SemanticHashTable.html
991ae432f8a7cefcef6e7be4125c67fc074fa545d2c4b077b2adc17f6715c24e	4794	evidence/consumer-v3/work/m3/tooling/migration-recipes/target/site/jacoco/com.m3.rewrite.semantic/M3SemanticHashTable.java.html
7da6cada80f33ab129c3655eac28736174770e580926b9511fd5f0944e295efe	2861	evidence/consumer-v3/work/m3/tooling/migration-recipes/target/site/jacoco/com.m3.rewrite.semantic/M3SemanticHasher$Fingerprint.html
8163d6bca17083dc85310ade6ee10b2949bf0b388a617f71e632bafba251c5d6	8058	evidence/consumer-v3/work/m3/tooling/migration-recipes/target/site/jacoco/com.m3.rewrite.semantic/M3SemanticHasher.html
25eac67ca920c92ff87fa27b30ce7fe4704f1faaaf8ace7a5cc82c3b3c86e035	11438	evidence/consumer-v3/work/m3/tooling/migration-recipes/target/site/jacoco/com.m3.rewrite.semantic/M3SemanticHasher.java.html
6188eb5a3bf427a42f593af0327ac32a91a4885f1643caa7eb6e0e32e8f12057	6420	evidence/consumer-v3/work/m3/tooling/migration-recipes/target/site/jacoco/com.m3.rewrite.semantic/index.html
9f59f57ac61ae802dc0952df1b1c00876d85fb070cf14979ebc7aa24e65576aa	4720	evidence/consumer-v3/work/m3/tooling/migration-recipes/target/site/jacoco/com.m3.rewrite.semantic/index.source.html
89d71300f2436b0576652f10890de94e778df946b912a925c7d5e863c1ff4a5f	3584	evidence/consumer-v3/work/m3/tooling/migration-recipes/target/site/jacoco/com.m3.rewrite/InstallIndexStringCompatibility$1.html
80965e031f8db6fd47f1599aee72c786ad1fdce439957ebdd72f488a588dd7c4	2861	evidence/consumer-v3/work/m3/tooling/migration-recipes/target/site/jacoco/com.m3.rewrite/InstallIndexStringCompatibility$State.html
2244b0a185e669b69e98c85309b028c96b3f6b1f1979914bf7971d510fc44f1c	9017	evidence/consumer-v3/work/m3/tooling/migration-recipes/target/site/jacoco/com.m3.rewrite/InstallIndexStringCompatibility.html
97fe136b8cad1335cd28b369ac4bdcdb5832148ba7fa531562de440cc0636bf6	9549	evidence/consumer-v3/work/m3/tooling/migration-recipes/target/site/jacoco/com.m3.rewrite/InstallIndexStringCompatibility.java.html
69f9ead5020a505b0456cda3f7f0b6c79364c5e2860f61865e0b0a6eeacd784d	4073	evidence/consumer-v3/work/m3/tooling/migration-recipes/target/site/jacoco/com.m3.rewrite/M3Java21ConvergenceCatalog.html
cbd5715254f220cbbb992a99eb2708fd3f938965166b92f714e77101c1dbab25	2757	evidence/consumer-v3/work/m3/tooling/migration-recipes/target/site/jacoco/com.m3.rewrite/M3Java21ConvergenceCatalog.java.html
570895fb8a86d9b665556c56b75862302b766842e128ce164242c87bdc5c6255	4829	evidence/consumer-v3/work/m3/tooling/migration-recipes/target/site/jacoco/com.m3.rewrite/M3Java21ConvergenceRecipe.html
5be653814985d9be7ff163b8aabfbf3edc8fbe27671549b1f574470955d2b463	3851	evidence/consumer-v3/work/m3/tooling/migration-recipes/target/site/jacoco/com.m3.rewrite/M3Java21ConvergenceRecipe.java.html
50c3ed6cac2c66d57e637478efed668faffc51bcf5b1767892ce5da7a88ad514	6086	evidence/consumer-v3/work/m3/tooling/migration-recipes/target/site/jacoco/com.m3.rewrite/index.html
08b0f9a9a70c8644f0a07ac36b2db8547081823e124d821b717c21aa7ad27529	4735	evidence/consumer-v3/work/m3/tooling/migration-recipes/target/site/jacoco/com.m3.rewrite/index.source.html
edbeacc1f3214df314f89866b9c0e9cad907a91d18b82669d19a59138dca7df1	3594	evidence/consumer-v3/work/m3/tooling/migration-recipes/target/site/jacoco/com.synexia.rewrite/M3HashPinnedJavaSnapshotRecipe$1.html
ebd6b352f140e6741e7204a401c2ae755f4b7638365f3a1f045bf899a9d6f106	3679	evidence/consumer-v3/work/m3/tooling/migration-recipes/target/site/jacoco/com.synexia.rewrite/M3HashPinnedJavaSnapshotRecipe$2.html
49c242e5775008d6ffef988dca2ebcdbeffdd04daf928d33d3fba9a044d5fcb1	2884	evidence/consumer-v3/work/m3/tooling/migration-recipes/target/site/jacoco/com.synexia.rewrite/M3HashPinnedJavaSnapshotRecipe$Inventory.html
2808daf5cfec9ff3130d993e8edeee9cc007eb434e13f0f502d0bd9c34ca1f08	2898	evidence/consumer-v3/work/m3/tooling/migration-recipes/target/site/jacoco/com.synexia.rewrite/M3HashPinnedJavaSnapshotRecipe$Target.html
