sha256	bytes	path
23a66a37f3ad613f92c2eb7f9afaea8b4f5abddd4aed14ba4e522e23828059c1	9993	evidence/consumer-v5/runtime-work/jcc-after/m3/migration/intake-20261005/portable/mrd/consumer-0/runtime-1.json
8a51ee50e949fd199c335b9f25984c3460f99623cc0e518db1e600ab18f39941	18153	evidence/consumer-v5/runtime-work/jcc-after/m3/migration/intake-20261005/portable/mrd/consumer-0/runtime-1.stderr.log
2d2abe89b69a0cbbd9c84a9ea450ebe4fcaeceb79414596129d94de7111c7d1d	156	evidence/consumer-v5/runtime-work/jcc-after/m3/migration/intake-20261005/portable/mrd/consumer-0/runtime-1.stdout.log
84040daf74ccccb83f15745c25d82328ae33836c319827bee61e3b02b909aa06	10102	evidence/consumer-v5/runtime-work/jcc-after/m3/migration/intake-20261005/portable/mrd/consumer-0/runtime-2.json
e3b0c44298fc1c149afbf4c8996fb92427ae41e4649b934ca495991b7852b855	0	evidence/consumer-v5/runtime-work/jcc-after/m3/migration/intake-20261005/portable/mrd/consumer-0/runtime-2.stderr.log
b542b7fe45167e811ae4d1b91c44e3ded78210697b52d448221cdb6908841805	266	evidence/consumer-v5/runtime-work/jcc-after/m3/migration/intake-20261005/portable/mrd/consumer-0/runtime-2.stdout.log
8fd6c90445a3afbb6e028c4b71b69df6fc23d5e3ae084daa6ebce3d157cfacf2	20341	evidence/consumer-v5/runtime-work/jcc-after/m3/migration/intake-20261005/portable/mrd/consumer-0/runtime-report.json
45c2c290bee9d46b001691f669ac1401dd5e5faec3e00c8a78bba90ff71bbe0a	19129	evidence/consumer-v5/runtime-work/jcc-after/m3/migration/intake-20261005/portable/mrd/consumer-0/staging.json
5426a3364afc66672252ea90754c1dfa82f10369c4260903c4c9bbb36963d6d7	71921	evidence/consumer-v5/runtime-work/jcc-after/m3/migration/intake-20261005/portable/mrd/consumer-0/target/surefire-reports/TEST-com.synexia.rewrite.M3ParserDependenciesTest.xml
c0c03c463a2a09f2eb90541fcd9e93b782a96d1087479a78f2439cf38d481383	16599	evidence/consumer-v5/runtime-work/jcc-after/m3/migration/intake-20261005/portable/mrd/consumer-0/target/surefire-reports/TEST-com.synexia.rewrite.Mrc4Test.xml
0ad391cb4ee38b875fd079ab023b2f783cf2b4e1349381618e31e072dd05e84b	941	evidence/consumer-v5/runtime-work/jcc-after/m3/migration/intake-20261005/portable/mrd/consumer-0/tooling.json
cabb07c15f85501c516c3b67f2c83cf19b2047d7489408cc9f61780214428460	1195	evidence/consumer-v5/runtime-work/jcc-after/m3/migration/intake-20261005/portable/mrd/outputs.json
cd55551642f4e513d650cad0f4b798e22a880c7a13e7170d22eb2a7f23234c07	21558	evidence/consumer-v5/runtime-work/jcc-after/m3/migration/intake-20261005/portable/mrd/outputs/synexia-openrewrite-recipes/src/main/java/com/synexia/rewrite/M3HashPinnedJavaSnapshotRecipe.java
b4e050f83369539983f6b5bf16c7895eed654737d4bb06182793f639140389d8	744	evidence/consumer-v5/runtime-work/jcc-after/m3/migration/intake-20261005/portable/mrd/recipe/PATCH.json
31b7e0ce9fc360555865112e366573bfed3375a542496333cd5e6dcb60e6471d	2739	evidence/consumer-v5/runtime-work/jcc-after/m3/migration/intake-20261005/portable/mrd/recipe/RESULT.json
e277accae2fe8235fca0c9d71ec038dfc31c720fb98578d1b76cbabd2f639ef7	3723	evidence/consumer-v5/runtime-work/jcc-after/m3/migration/intake-20261005/portable/mrd/recipe/build-artifacts.json
c13bd700f0cc41945efb48d1e45c33c35181202ea87aa6d9e03b14ba6ee5a70b	897	evidence/consumer-v5/runtime-work/jcc-after/m3/migration/intake-20261005/portable/mrd/recipe/chain/01-lint.json
e3b0c44298fc1c149afbf4c8996fb92427ae41e4649b934ca495991b7852b855	0	evidence/consumer-v5/runtime-work/jcc-after/m3/migration/intake-20261005/portable/mrd/recipe/chain/01-lint.stderr.log
5a05902987213afc6ba9251310eac97ecd6afd7d56c4c1d81c1b0ad11b89aa8b	202	evidence/consumer-v5/runtime-work/jcc-after/m3/migration/intake-20261005/portable/mrd/recipe/chain/01-lint.stdout.log
dea2dd4f661283b2b75d86e07c1c05e400e8b0fdc8788f658717d79d9a78bd0f	925	evidence/consumer-v5/runtime-work/jcc-after/m3/migration/intake-20261005/portable/mrd/recipe/chain/02-compile.json
e3b0c44298fc1c149afbf4c8996fb92427ae41e4649b934ca495991b7852b855	0	evidence/consumer-v5/runtime-work/jcc-after/m3/migration/intake-20261005/portable/mrd/recipe/chain/02-compile.stderr.log
669bf0fe614bbdc8e471fb6ba19c2ee2425aa3149e55f439bd70f8565ac5a5b0	1870	evidence/consumer-v5/runtime-work/jcc-after/m3/migration/intake-20261005/portable/mrd/recipe/chain/02-compile.stdout.log
65b836bb2e2611d9869e5f6e4ba64c941fcc7c8d76adfdf776f36b4b5c2120da	942	evidence/consumer-v5/runtime-work/jcc-after/m3/migration/intake-20261005/portable/mrd/recipe/chain/03-test.json
e3b0c44298fc1c149afbf4c8996fb92427ae41e4649b934ca495991b7852b855	0	evidence/consumer-v5/runtime-work/jcc-after/m3/migration/intake-20261005/portable/mrd/recipe/chain/03-test.stderr.log
b1f8a51b676933e7fb18a92ae18dbf91e03c3899a31b27f80ac3d4bbeeb75472	1712	evidence/consumer-v5/runtime-work/jcc-after/m3/migration/intake-20261005/portable/mrd/recipe/chain/03-test.stdout.log
6412baa15c3a5b703b1315ebf5dbbc0839373d165a1b1adbcfb04d71ab0679a3	968	evidence/consumer-v5/runtime-work/jcc-after/m3/migration/intake-20261005/portable/mrd/recipe/chain/04-runtime.json
e3b0c44298fc1c149afbf4c8996fb92427ae41e4649b934ca495991b7852b855	0	evidence/consumer-v5/runtime-work/jcc-after/m3/migration/intake-20261005/portable/mrd/recipe/chain/04-runtime.stderr.log
5bd1804e0fa98500ebd06a892e347cd2772174b981a6c7d23216d0744024486a	438	evidence/consumer-v5/runtime-work/jcc-after/m3/migration/intake-20261005/portable/mrd/recipe/chain/04-runtime.stdout.log
3d942867e091983cb0a36b0f1c5e94d8ef10c919f224e846881ca94218f9741b	15371	evidence/consumer-v5/runtime-work/jcc-after/m3/migration/intake-20261005/portable/mrd/recipe/commands.json
0ba6feb74460587ac61002032f2e65da843e5cce14b648841f188ad6191463f1	388567	evidence/consumer-v5/runtime-work/jcc-after/m3/migration/intake-20261005/portable/mrd/recipe/inputs.json
9eaddccbd33966ff468247e6069d8044a671978e222ba2691a0fc30c8908e9cc	443	evidence/consumer-v5/runtime-work/jcc-after/m3/migration/intake-20261005/portable/mrd/recipe/junit-report.json
f5369f767e19cfc21ed889acfa6d632e2e147db317ff61f72572072052d77efc	1149	evidence/consumer-v5/runtime-work/jcc-after/m3/migration/intake-20261005/portable/mrd/recipe/materialization/OUTPUT.json
1135bf4b540baa679e3c280048102c7765d19803fd3809fbf8dd96a292fb03be	10832	evidence/consumer-v5/runtime-work/jcc-after/m3/migration/intake-20261005/portable/mrd/recipe/materialization/candidate.patch
3d67950e579cfc780877860458a258f2dcf0bf5eba3aa7d054b8a284791c7889	354	evidence/consumer-v5/runtime-work/jcc-after/m3/migration/intake-20261005/portable/mrd/recipe/materialization/manifest.tsv
42c5378e28e359e626b9d34d55357cf6b5355fa4f5a7352707e18849d161f8bc	10101	evidence/consumer-v5/runtime-work/jcc-after/m3/migration/intake-20261005/portable/mrd/recipe/runtime-1.json
e3b0c44298fc1c149afbf4c8996fb92427ae41e4649b934ca495991b7852b855	0	evidence/consumer-v5/runtime-work/jcc-after/m3/migration/intake-20261005/portable/mrd/recipe/runtime-1.stderr.log
939d344909a60208d8e89bec316fc8e9954da5408e3ea91423e64e8173ed0da2	263	evidence/consumer-v5/runtime-work/jcc-after/m3/migration/intake-20261005/portable/mrd/recipe/runtime-1.stdout.log
221455dc69da8016667633bde03a8c88e5801e31aad0e54fc30bad53e4d13b5e	10278	evidence/consumer-v5/runtime-work/jcc-after/m3/migration/intake-20261005/portable/mrd/recipe/runtime-report.json
e226da0e459dcf0245fd7917f274b78e94189fdea1e8fe546d14d3e227e3fb8f	5248	evidence/consumer-v5/runtime-work/jcc-after/m3/migration/intake-20261005/portable/mrd/recipe/staging.json
df2fa9f44af871985e5ec1bb19973ef126def8de35e2188d618d689e4563a01c	16586	evidence/consumer-v5/runtime-work/jcc-after/m3/migration/intake-20261005/portable/mrd/recipe/target/surefire-reports/TEST-com.synexia.rewrite.MrdTest.xml
e9310cfa52d2a440c54bfe1530ff1482da16559f8208dd28212cc960637f8efb	941	evidence/consumer-v5/runtime-work/jcc-after/m3/migration/intake-20261005/portable/mrd/recipe/tooling.json
75e169b985f86b85960973c2d10e706e85d4a9bb969c013730d62d87390b0884	746	evidence/consumer-v5/runtime-work/jcc-after/m3/migration/intake-20261005/portable/mre2/consumer-0/PATCH.json
ac3a58759bd8dda7d2e437fd2fd1aa3201c30842c4993447dd0987d625fc268e	2740	evidence/consumer-v5/runtime-work/jcc-after/m3/migration/intake-20261005/portable/mre2/consumer-0/RESULT.json
fde00eb2386d4a356a1bbae3aca4234d4a09169b7a6ad20660f06750039c1e0c	264094	evidence/consumer-v5/runtime-work/jcc-after/m3/migration/intake-20261005/portable/mre2/consumer-0/build-artifacts.json
ff06d4de85f0d13a50fdeb305613ecbd185172af8cdb9dc26ca4cce48d09b221	897	evidence/consumer-v5/runtime-work/jcc-after/m3/migration/intake-20261005/portable/mre2/consumer-0/chain/01-lint.json
e3b0c44298fc1c149afbf4c8996fb92427ae41e4649b934ca495991b7852b855	0	evidence/consumer-v5/runtime-work/jcc-after/m3/migration/intake-20261005/portable/mre2/consumer-0/chain/01-lint.stderr.log
5a05902987213afc6ba9251310eac97ecd6afd7d56c4c1d81c1b0ad11b89aa8b	202	evidence/consumer-v5/runtime-work/jcc-after/m3/migration/intake-20261005/portable/mre2/consumer-0/chain/01-lint.stdout.log
e5200afcc189f59d2c3e42a282c1184b8541e26f15134e1d5ee18e635a74409f	925	evidence/consumer-v5/runtime-work/jcc-after/m3/migration/intake-20261005/portable/mre2/consumer-0/chain/02-compile.json
e3b0c44298fc1c149afbf4c8996fb92427ae41e4649b934ca495991b7852b855	0	evidence/consumer-v5/runtime-work/jcc-after/m3/migration/intake-20261005/portable/mre2/consumer-0/chain/02-compile.stderr.log
63d9e72bd087b60df8e3437133ffc1135f5dcb8e1d7e9349d78de73797a938cf	1997	evidence/consumer-v5/runtime-work/jcc-after/m3/migration/intake-20261005/portable/mre2/consumer-0/chain/02-compile.stdout.log
7b7f35ac107c5c66ee3fd0796e3fe9065c7ebaa2e107cc4de97ec6860918ac81	942	evidence/consumer-v5/runtime-work/jcc-after/m3/migration/intake-20261005/portable/mre2/consumer-0/chain/03-test.json
c7d2a47792d8994dd9e62a5260cd018eb24094a1ed1b3826149951dcd5ae6d1b	48746	evidence/consumer-v5/runtime-work/jcc-after/m3/migration/intake-20261005/portable/mre2/consumer-0/chain/03-test.stderr.log
c1fc311230fa97476c41bedc18b5f332b7b30927f67c53597f6823eb3870d566	3463	evidence/consumer-v5/runtime-work/jcc-after/m3/migration/intake-20261005/portable/mre2/consumer-0/chain/03-test.stdout.log
ebdb7ba35995bbb53c4430bd8d2b38a6f0095f3cff9f548a68b86a1147b1e3dd	968	evidence/consumer-v5/runtime-work/jcc-after/m3/migration/intake-20261005/portable/mre2/consumer-0/chain/04-runtime.json
dde478fa015abc976cf4dc45f45f6a955c05c52cdf313a059505f2de41f3160d	12504	evidence/consumer-v5/runtime-work/jcc-after/m3/migration/intake-20261005/portable/mre2/consumer-0/chain/04-runtime.stderr.log
0a4c6433a7563ade2e30ee4a8e477701f0d27f1035ed74714a0f6852eb68f7da	801	evidence/consumer-v5/runtime-work/jcc-after/m3/migration/intake-20261005/portable/mre2/consumer-0/chain/04-runtime.stdout.log
a7b21b004dd5c794b0c8618c1632914f66b9134d363d37cf4c27fb20cfe7291c	38205	evidence/consumer-v5/runtime-work/jcc-after/m3/migration/intake-20261005/portable/mre2/consumer-0/commands.json
e91c6cccd92f628e1d0321c4c8d09b0a87e2e72a39c7c9989bbeff733da77759	602420	evidence/consumer-v5/runtime-work/jcc-after/m3/migration/intake-20261005/portable/mre2/consumer-0/inputs.json
258927b32355034a96eb3c387512536329ead8bd4ff482ebdffabba5facedfe9	1519	evidence/consumer-v5/runtime-work/jcc-after/m3/migration/intake-20261005/portable/mre2/consumer-0/junit-report.json
0af01b8b44df05818008d1c666f4495849325323f609ac0869510445b8e403ba	9997	evidence/consumer-v5/runtime-work/jcc-after/m3/migration/intake-20261005/portable/mre2/consumer-0/runtime-1.json
e3b0c44298fc1c149afbf4c8996fb92427ae41e4649b934ca495991b7852b855	0	evidence/consumer-v5/runtime-work/jcc-after/m3/migration/intake-20261005/portable/mre2/consumer-0/runtime-1.stderr.log
360752eaa70beadc967fee69f6e3cf874e916851ba1cae1e722dec847bd75bba	111	evidence/consumer-v5/runtime-work/jcc-after/m3/migration/intake-20261005/portable/mre2/consumer-0/runtime-1.stdout.log
f5d234e48fc59d45e0a9cbfb30e9444e34cdf44a29b5ad1c2146667ccd41d1d3	9995	evidence/consumer-v5/runtime-work/jcc-after/m3/migration/intake-20261005/portable/mre2/consumer-0/runtime-2.json
dde478fa015abc976cf4dc45f45f6a955c05c52cdf313a059505f2de41f3160d	12504	evidence/consumer-v5/runtime-work/jcc-after/m3/migration/intake-20261005/portable/mre2/consumer-0/runtime-2.stderr.log
b128999f52d9f31229735f1828eb679177d122ed21ebaba13057290b43739e20	98	evidence/consumer-v5/runtime-work/jcc-after/m3/migration/intake-20261005/portable/mre2/consumer-0/runtime-2.stdout.log
31995f0f3a4823482cfbf7597a988a6b6dd9af3dfbaee09f70fba39c7a1dabef	10000	evidence/consumer-v5/runtime-work/jcc-after/m3/migration/intake-20261005/portable/mre2/consumer-0/runtime-3.json
e3b0c44298fc1c149afbf4c8996fb92427ae41e4649b934ca495991b7852b855	0	evidence/consumer-v5/runtime-work/jcc-after/m3/migration/intake-20261005/portable/mre2/consumer-0/runtime-3.stderr.log
c0830052966c01b8eb27ebc112d2aa8c43ce066f23ed4972a0ddab024a75e276	67	evidence/consumer-v5/runtime-work/jcc-after/m3/migration/intake-20261005/portable/mre2/consumer-0/runtime-3.stdout.log
5dc031315ccd25e1f6bf806ed62985eda459532405c07db771f172d2d165b640	30303	evidence/consumer-v5/runtime-work/jcc-after/m3/migration/intake-20261005/portable/mre2/consumer-0/runtime-report.json
63fbbbc66450f5ecf48880c03559b7292e62a52468f3bc777f4e8590829f8262	217474	evidence/consumer-v5/runtime-work/jcc-after/m3/migration/intake-20261005/portable/mre2/consumer-0/staging.json
f3cc4675fda6a9b6788c1f95df4894a9e61af58e61bbb797f35176f549b17dff	72941	evidence/consumer-v5/runtime-work/jcc-after/m3/migration/intake-20261005/portable/mre2/consumer-0/target/surefire-reports/TEST-com.synexia.rewrite.M3ClosureCompatibilityTest.xml
47510f3681df9f55c486a3e127ecfe9b8eb2236eff9cb894f7996f472a11644f	23248	evidence/consumer-v5/runtime-work/jcc-after/m3/migration/intake-20261005/portable/mre2/consumer-0/target/surefire-reports/TEST-com.synexia.rewrite.M3RecipeConvergenceLabControlFlowTest.xml
4387c678877b5e72faed27a12e728863b0088970ba8ac01f66e23b51b8c6a62c	24635	evidence/consumer-v5/runtime-work/jcc-after/m3/migration/intake-20261005/portable/mre2/consumer-0/target/surefire-reports/TEST-com.synexia.rewrite.M3RecipeMasteryIsolationTest.xml
17d4037ad9d45dff4d6288a8db4e79142462abc594218b123994428dfb6f064d	22628	evidence/consumer-v5/runtime-work/jcc-after/m3/migration/intake-20261005/portable/mre2/consumer-0/target/surefire-reports/TEST-com.synexia.rewrite.M3RecipeMasteryLiveSupersetTest.xml
c7044fc3f9d1759648c118589de2091bfe409602db71a150aec7f594afec2fee	941	evidence/consumer-v5/runtime-work/jcc-after/m3/migration/intake-20261005/portable/mre2/consumer-0/tooling.json
32031319fd7a59e7ecd282525981e1e3bf2874a7c6d086ca63ac5002dbbf8a86	735	evidence/consumer-v5/runtime-work/jcc-after/m3/migration/intake-20261005/portable/mre2/consumer-1/PATCH.json
adce0fb4251ed4efa2dff2ec0818a0c7d9be585893241d8b7c2fda0a6c919a20	2740	evidence/consumer-v5/runtime-work/jcc-after/m3/migration/intake-20261005/portable/mre2/consumer-1/RESULT.json
b85115ed7ffa8ce93bcc58fa5216212040294d33a93b9e322ff448304e0360a4	25339	evidence/consumer-v5/runtime-work/jcc-after/m3/migration/intake-20261005/portable/mre2/consumer-1/build-artifacts.json
437aec6e49b1888fbeb9c0df20e4c8559c8bd6370050f8504caab993681f629e	897	evidence/consumer-v5/runtime-work/jcc-after/m3/migration/intake-20261005/portable/mre2/consumer-1/chain/01-lint.json
e3b0c44298fc1c149afbf4c8996fb92427ae41e4649b934ca495991b7852b855	0	evidence/consumer-v5/runtime-work/jcc-after/m3/migration/intake-20261005/portable/mre2/consumer-1/chain/01-lint.stderr.log
5a05902987213afc6ba9251310eac97ecd6afd7d56c4c1d81c1b0ad11b89aa8b	202	evidence/consumer-v5/runtime-work/jcc-after/m3/migration/intake-20261005/portable/mre2/consumer-1/chain/01-lint.stdout.log
4dcfbce6f5beee84f374681944a9f31292f1e5de54454a4f4c5514d56ba9590a	925	evidence/consumer-v5/runtime-work/jcc-after/m3/migration/intake-20261005/portable/mre2/consumer-1/chain/02-compile.json
e3b0c44298fc1c149afbf4c8996fb92427ae41e4649b934ca495991b7852b855	0	evidence/consumer-v5/runtime-work/jcc-after/m3/migration/intake-20261005/portable/mre2/consumer-1/chain/02-compile.stderr.log
bb41640c661c37cf593b3945c17780c4a5e1d95a1873f0287ebe5d8abdff4701	1821	evidence/consumer-v5/runtime-work/jcc-after/m3/migration/intake-20261005/portable/mre2/consumer-1/chain/02-compile.stdout.log
61ac4803a2443552b09dc1586b17275a96353ddbfcbe35fa51a09b40b76c7b5b	942	evidence/consumer-v5/runtime-work/jcc-after/m3/migration/intake-20261005/portable/mre2/consumer-1/chain/03-test.json
56fcd7c40a33c7d85107cbe67c4ef8dde09b80d73c6f9f767dacbe12fb379b77	55624	evidence/consumer-v5/runtime-work/jcc-after/m3/migration/intake-20261005/portable/mre2/consumer-1/chain/03-test.stderr.log
079aab86d52f19c8e66e0ca3f349f486508adaba1fe42bd085991a7c31ba5d19	3574	evidence/consumer-v5/runtime-work/jcc-after/m3/migration/intake-20261005/portable/mre2/consumer-1/chain/03-test.stdout.log
cc1e3e987a1779c4b74642e7919271eac9569af15b6fe741f4bef370ac879651	968	evidence/consumer-v5/runtime-work/jcc-after/m3/migration/intake-20261005/portable/mre2/consumer-1/chain/04-runtime.json
cc6a2fa3cf7eab0c26df639b7cabf672e18924eed987269aa186516d2ab3b44c	7974	evidence/consumer-v5/runtime-work/jcc-after/m3/migration/intake-20261005/portable/mre2/consumer-1/chain/04-runtime.stderr.log
4159d17b22feaf3bfa945de8ac38bad8cefc785b8fd8a7abfcebad097abb1532	655	evidence/consumer-v5/runtime-work/jcc-after/m3/migration/intake-20261005/portable/mre2/consumer-1/chain/04-runtime.stdout.log
5d3116fe295ef6038b4091425852b049c6520c1b6f6b56736910d6a3fc945625	27666	evidence/consumer-v5/runtime-work/jcc-after/m3/migration/intake-20261005/portable/mre2/consumer-1/commands.json
3b906207157d2fca3bede9bb51cc5310cb31c1f7b104d7b51a06b6be714d6041	464197	evidence/consumer-v5/runtime-work/jcc-after/m3/migration/intake-20261005/portable/mre2/consumer-1/inputs.json
3ca48604dcde53c1f88bf3429b4574fe2eee177fb2d4a8309c57d38f5cebafea	1456	evidence/consumer-v5/runtime-work/jcc-after/m3/migration/intake-20261005/portable/mre2/consumer-1/junit-report.json
9cf4228a2ecbfd8695ab03a9870ce4903be570537317d09a3f933bd96f0d73b3	10098	evidence/consumer-v5/runtime-work/jcc-after/m3/migration/intake-20261005/portable/mre2/consumer-1/runtime-1.json
e40f2940459bbc269300f8837730ef0727727b34b033feca76b08e5cefd5ec9c	3976	evidence/consumer-v5/runtime-work/jcc-after/m3/migration/intake-20261005/portable/mre2/consumer-1/runtime-1.stderr.log
30fa3c33f3cfee61fb188922371d0303ef1f43f4fda7ad9e734c7fa150d2ed85	142	evidence/consumer-v5/runtime-work/jcc-after/m3/migration/intake-20261005/portable/mre2/consumer-1/runtime-1.stdout.log
aaa07c9c157f27e6cca61cda2e5a9827caf26d50efbfdf2d982ee31813880853	10101	evidence/consumer-v5/runtime-work/jcc-after/m3/migration/intake-20261005/portable/mre2/consumer-1/runtime-2.json
648820c4fc7941c9aae4fb4af8683c4a1ba40abacda34a1d71bd3e6b6dfd9639	3998	evidence/consumer-v5/runtime-work/jcc-after/m3/migration/intake-20261005/portable/mre2/consumer-1/runtime-2.stderr.log
f53be2e5312754197381ee5314f4dffb76a5ef4b8715f12777b523ca7d4e0b92	163	evidence/consumer-v5/runtime-work/jcc-after/m3/migration/intake-20261005/portable/mre2/consumer-1/runtime-2.stdout.log
b31e20b9ca8f103d88d9c7f029a599190515df7ad238022d8e7ca2f49658086c	20449	evidence/consumer-v5/runtime-work/jcc-after/m3/migration/intake-20261005/portable/mre2/consumer-1/runtime-report.json
fecadfe457dbeaea52398829830d061b0ea3be0192bfa3e39a4480eb307ff791	55219	evidence/consumer-v5/runtime-work/jcc-after/m3/migration/intake-20261005/portable/mre2/consumer-1/staging.json
aafb48dba65272856b7eb9c9036b581ec77561b49182f60bb8efab3f31f78c32	17004	evidence/consumer-v5/runtime-work/jcc-after/m3/migration/intake-20261005/portable/mre2/consumer-1/target/surefire-reports/TEST-com.synexia.rewrite.M3ProviderCallbackSupersetRecipeTest.xml
7dfc2c5ad3695af4ebcaddbed4ce7e1195cf9735e9691ace7335f16cd1dafcf9	36983	evidence/consumer-v5/runtime-work/jcc-after/m3/migration/intake-20261005/portable/mre2/consumer-1/target/surefire-reports/TEST-com.synexia.rewrite.M3VersionedProviderSyntaxRepairRecipeTest.xml
2bdaf31f09c23d676a6e1ac288730a83b78a09902d7e4f07c4f917c1afb0955f	35728	evidence/consumer-v5/runtime-work/jcc-after/m3/migration/intake-20261005/portable/mre2/consumer-1/target/surefire-reports/TEST-com.synexia.rewrite.PcrTest.xml
13f386d2d11d29a1e7875df4808ab18c3e9c3f8aa0102656f97e914566336366	35584	evidence/consumer-v5/runtime-work/jcc-after/m3/migration/intake-20261005/portable/mre2/consumer-1/target/surefire-reports/TEST-com.synexia.rewrite.PcsTest.xml
ddbb325790edab61a3ea52a7622fde812d5dd353bc588f66f6f6fc0fd29b8587	941	evidence/consumer-v5/runtime-work/jcc-after/m3/migration/intake-20261005/portable/mre2/consumer-1/tooling.json
e519607f15e882db9b03f9015e6193029e44ede98ee36d7c1a48975eae19aef6	1952	evidence/consumer-v5/runtime-work/jcc-after/m3/migration/intake-20261005/portable/mre2/outputs.json
e031938aa72942031cd8506ccf9b93804d3d1f9a03942f7dd3634a65771d08d6	44652	evidence/consumer-v5/runtime-work/jcc-after/m3/migration/intake-20261005/portable/mre2/outputs/synexia-openrewrite-recipes/src/main/java/com/synexia/rewrite/M3RecipeMasteryLab.java
540138b6d3f864920bead17b40a3176dd604fb67ef8b3ab13003804ddadf3fa1	1097	evidence/consumer-v5/runtime-work/jcc-after/m3/migration/intake-20261005/portable/mre2/outputs/synexia-openrewrite-recipes/src/main/java/com/synexia/rewrite/Pcr.java
08eea2a4fcd779912a44cdbaff6251ff08383d103fba65e081162d26defbf417	27811	evidence/consumer-v5/runtime-work/jcc-after/m3/migration/intake-20261005/portable/mre2/outputs/synexia-openrewrite-recipes/src/main/java/com/synexia/rewrite/Pcs.java
8bd3e01e3e072cc4a8a307adf642e69554c6099518b36d773d2d7c982c371f74	739	evidence/consumer-v5/runtime-work/jcc-after/m3/migration/intake-20261005/portable/mre2/recipe/PATCH.json
ca973eb099233eef271db4e64ff4c256466ced9cd4cd473064e7d22f08558f33	2739	evidence/consumer-v5/runtime-work/jcc-after/m3/migration/intake-20261005/portable/mre2/recipe/RESULT.json
3ee340bb11137edaa51c514685164acaeaed224c3961f5667d1046d0cbd8544e	4676	evidence/consumer-v5/runtime-work/jcc-after/m3/migration/intake-20261005/portable/mre2/recipe/build-artifacts.json
89b7355066a6c95120fe22d491bf5abd622f9fdcad0b5d313d71a6ab30f425de	897	evidence/consumer-v5/runtime-work/jcc-after/m3/migration/intake-20261005/portable/mre2/recipe/chain/01-lint.json
e3b0c44298fc1c149afbf4c8996fb92427ae41e4649b934ca495991b7852b855	0	evidence/consumer-v5/runtime-work/jcc-after/m3/migration/intake-20261005/portable/mre2/recipe/chain/01-lint.stderr.log
5a05902987213afc6ba9251310eac97ecd6afd7d56c4c1d81c1b0ad11b89aa8b	202	evidence/consumer-v5/runtime-work/jcc-after/m3/migration/intake-20261005/portable/mre2/recipe/chain/01-lint.stdout.log
9285079750f62da9ef3c0683bbf47d41460d60549113b539e5584f85c724d7b1	925	evidence/consumer-v5/runtime-work/jcc-after/m3/migration/intake-20261005/portable/mre2/recipe/chain/02-compile.json
e3b0c44298fc1c149afbf4c8996fb92427ae41e4649b934ca495991b7852b855	0	evidence/consumer-v5/runtime-work/jcc-after/m3/migration/intake-20261005/portable/mre2/recipe/chain/02-compile.stderr.log
2159a2f0b6885cb3fdc71f582774b721ce4469e5894e48d84c543f2575e4ba88	1859	evidence/consumer-v5/runtime-work/jcc-after/m3/migration/intake-20261005/portable/mre2/recipe/chain/02-compile.stdout.log
0095dba42490fd86c87d400018d0c7bb63285d932fb36c996a8ae21cd5df1782	942	evidence/consumer-v5/runtime-work/jcc-after/m3/migration/intake-20261005/portable/mre2/recipe/chain/03-test.json
e3b0c44298fc1c149afbf4c8996fb92427ae41e4649b934ca495991b7852b855	0	evidence/consumer-v5/runtime-work/jcc-after/m3/migration/intake-20261005/portable/mre2/recipe/chain/03-test.stderr.log
5d048fa166cb1d223cf14efd96bb74a97980c0fdaac5b38c02d50254b093b239	1709	evidence/consumer-v5/runtime-work/jcc-after/m3/migration/intake-20261005/portable/mre2/recipe/chain/03-test.stdout.log
591985254c80ef34343fbb5475cc007853555525b057ed4d7ec3e248d9153889	968	evidence/consumer-v5/runtime-work/jcc-after/m3/migration/intake-20261005/portable/mre2/recipe/chain/04-runtime.json
e3b0c44298fc1c149afbf4c8996fb92427ae41e4649b934ca495991b7852b855	0	evidence/consumer-v5/runtime-work/jcc-after/m3/migration/intake-20261005/portable/mre2/recipe/chain/04-runtime.stderr.log
d43002c701cb63bd64a0674dd7af4f6932611cebff6e8ac5661c9b0b8e676057	472	evidence/consumer-v5/runtime-work/jcc-after/m3/migration/intake-20261005/portable/mre2/recipe/chain/04-runtime.stdout.log
07fc19416ec88332987022cc125c29e70b6abc8d75331a1cae8034a74e3f7197	15621	evidence/consumer-v5/runtime-work/jcc-after/m3/migration/intake-20261005/portable/mre2/recipe/commands.json
e62024c184db13c86ff236c2cae2cc7034eee511c9fc28a8609b1115b227d29a	409577	evidence/consumer-v5/runtime-work/jcc-after/m3/migration/intake-20261005/portable/mre2/recipe/inputs.json
5b3dd12286345c6d8b1699d08a22985729b4ba8368e546fa1b4b75e966aaeab3	445	evidence/consumer-v5/runtime-work/jcc-after/m3/migration/intake-20261005/portable/mre2/recipe/junit-report.json
993166937996a1d8c013baa9c590a720f4a5df10a4fcbc33a4e49bca96dac6e2	1938	evidence/consumer-v5/runtime-work/jcc-after/m3/migration/intake-20261005/portable/mre2/recipe/materialization/OUTPUT.json
56ba623b4bf60cfb283405c9813e4a03ea48cc7411b57da2f1fc32ebe0c49265	19751	evidence/consumer-v5/runtime-work/jcc-after/m3/migration/intake-20261005/portable/mre2/recipe/materialization/candidate.patch
b5c8fc4f434c6d99d3825ff237566e2565bda17458f42ba7081f3a17f50dfe8e	707	evidence/consumer-v5/runtime-work/jcc-after/m3/migration/intake-20261005/portable/mre2/recipe/materialization/manifest.tsv
68d44178009dedca1efcd3570c0759d8da187034d19506f541d884bb2ec57939	10102	evidence/consumer-v5/runtime-work/jcc-after/m3/migration/intake-20261005/portable/mre2/recipe/runtime-1.json
e3b0c44298fc1c149afbf4c8996fb92427ae41e4649b934ca495991b7852b855	0	evidence/consumer-v5/runtime-work/jcc-after/m3/migration/intake-20261005/portable/mre2/recipe/runtime-1.stderr.log
04a102a002ec485fc6df488e7cb8002550e0a95c2fd862eeaeb8635694025719	297	evidence/consumer-v5/runtime-work/jcc-after/m3/migration/intake-20261005/portable/mre2/recipe/runtime-1.stdout.log
444064a6854a24d92765f669ffa2486d41f0ecab979ff395dc50cef94e748d6b	10279	evidence/consumer-v5/runtime-work/jcc-after/m3/migration/intake-20261005/portable/mre2/recipe/runtime-report.json
9599e5f2b89c571a8b3e3b1eee3787e114a747b4e995f2a3de944bc77732d335	6627	evidence/consumer-v5/runtime-work/jcc-after/m3/migration/intake-20261005/portable/mre2/recipe/staging.json
6ea73be9e2e36de48937093b270fe63501fdf4a67cf8a2c3cc5f850543d75da9	16592	evidence/consumer-v5/runtime-work/jcc-after/m3/migration/intake-20261005/portable/mre2/recipe/target/surefire-reports/TEST-com.synexia.rewrite.Mre2Test.xml
6b1a00aa209b9f5dc9bd2e274df109624a4977c86c6e5fc4469839f451e5e88b	941	evidence/consumer-v5/runtime-work/jcc-after/m3/migration/intake-20261005/portable/mre2/recipe/tooling.json
67850514173184e0ef86f31c7e4f1b1fa20f19d64afd61c50494ec3ea298d2c2	745	evidence/consumer-v5/runtime-work/jcc-after/m3/migration/intake-20261005/portable/mrp/consumer-0/PATCH.json
9ac3f2db501508383bc80aa2c8e0e983aa2e814d10a6bc3de241613b756ff5dc	2748	evidence/consumer-v5/runtime-work/jcc-after/m3/migration/intake-20261005/portable/mrp/consumer-0/RESULT.json
db2ec4560898d27399fd80944bdb87038695e222a50aeb2b2c514e59b9e499d7	84194	evidence/consumer-v5/runtime-work/jcc-after/m3/migration/intake-20261005/portable/mrp/consumer-0/build-artifacts.json
4e036668b97be96243ca80c5196f24587e3e4889cb4c4ea049ae8b827edd28ae	911	evidence/consumer-v5/runtime-work/jcc-after/m3/migration/intake-20261005/portable/mrp/consumer-0/chain/01-lint.json
e3b0c44298fc1c149afbf4c8996fb92427ae41e4649b934ca495991b7852b855	0	evidence/consumer-v5/runtime-work/jcc-after/m3/migration/intake-20261005/portable/mrp/consumer-0/chain/01-lint.stderr.log
5a05902987213afc6ba9251310eac97ecd6afd7d56c4c1d81c1b0ad11b89aa8b	202	evidence/consumer-v5/runtime-work/jcc-after/m3/migration/intake-20261005/portable/mrp/consumer-0/chain/01-lint.stdout.log
1ca395a0dd86de19c72ac658b17e0cd41a561b17e4ff0fccc0c06507c9b27da1	939	evidence/consumer-v5/runtime-work/jcc-after/m3/migration/intake-20261005/portable/mrp/consumer-0/chain/02-compile.json
e3b0c44298fc1c149afbf4c8996fb92427ae41e4649b934ca495991b7852b855	0	evidence/consumer-v5/runtime-work/jcc-after/m3/migration/intake-20261005/portable/mrp/consumer-0/chain/02-compile.stderr.log
ee1330abf815172c6bf18ddd0f840672e8d134f369f0f6211f308a1babccf1d6	1992	evidence/consumer-v5/runtime-work/jcc-after/m3/migration/intake-20261005/portable/mrp/consumer-0/chain/02-compile.stdout.log
fce390121838d9586533b1194d063ebc0f98ee0fe738ffd81c9114c40ee1fbb0	956	evidence/consumer-v5/runtime-work/jcc-after/m3/migration/intake-20261005/portable/mrp/consumer-0/chain/03-test.json
e3b0c44298fc1c149afbf4c8996fb92427ae41e4649b934ca495991b7852b855	0	evidence/consumer-v5/runtime-work/jcc-after/m3/migration/intake-20261005/portable/mrp/consumer-0/chain/03-test.stderr.log
308ad6e5f0dc446e7848b91c96966a2a949f9fd771587482a76bc3fe685d8b30	20604	evidence/consumer-v5/runtime-work/jcc-after/m3/migration/intake-20261005/portable/mrp/consumer-0/chain/03-test.stdout.log
fafdef585514ff0ccbfc112fda40f702a5df4ef1940db4cd84d79051376feba2	982	evidence/consumer-v5/runtime-work/jcc-after/m3/migration/intake-20261005/portable/mrp/consumer-0/chain/04-runtime.json
e3b0c44298fc1c149afbf4c8996fb92427ae41e4649b934ca495991b7852b855	0	evidence/consumer-v5/runtime-work/jcc-after/m3/migration/intake-20261005/portable/mrp/consumer-0/chain/04-runtime.stderr.log
e90ec66a5512982dd7e56c75fccd6d941cfb28f97eb9a58a11d4254a19090aa5	1982	evidence/consumer-v5/runtime-work/jcc-after/m3/migration/intake-20261005/portable/mrp/consumer-0/chain/04-runtime.stdout.log
ddeccbf94fcf62d93390e1a70a746f5f882d045f17cf24c75c194207bcc96194	148511	evidence/consumer-v5/runtime-work/jcc-after/m3/migration/intake-20261005/portable/mrp/consumer-0/commands.json
db7c75e2b559f254b9c10adb6d5da1b6e3781155c49fb6efc4b1bae3b1330268	637800	evidence/consumer-v5/runtime-work/jcc-after/m3/migration/intake-20261005/portable/mrp/consumer-0/inputs.json
cc7586509b6cb3f455aa0b748456adf3585747ffed202f5274ad038b76b8c632	13151	evidence/consumer-v5/runtime-work/jcc-after/m3/migration/intake-20261005/portable/mrp/consumer-0/junit-report.json
33d5484589fd25abc7cf3ec7a3d49558d0c6e19f69a9b7e6d4c4abb49b32a532	10015	evidence/consumer-v5/runtime-work/jcc-after/m3/migration/intake-20261005/portable/mrp/consumer-0/runtime-1.json
e3b0c44298fc1c149afbf4c8996fb92427ae41e4649b934ca495991b7852b855	0	evidence/consumer-v5/runtime-work/jcc-after/m3/migration/intake-20261005/portable/mrp/consumer-0/runtime-1.stderr.log
a544406e23539412af9df6ca16f53c47508f74c7511b076685c8b917e8d3b45b	128	evidence/consumer-v5/runtime-work/jcc-after/m3/migration/intake-20261005/portable/mrp/consumer-0/runtime-1.stdout.log
4751a83dfac9b75b4e90cf1bda9df8a883da257be544755f2a44e9399175fb27	10013	evidence/consumer-v5/runtime-work/jcc-after/m3/migration/intake-20261005/portable/mrp/consumer-0/runtime-2.json
e3b0c44298fc1c149afbf4c8996fb92427ae41e4649b934ca495991b7852b855	0	evidence/consumer-v5/runtime-work/jcc-after/m3/migration/intake-20261005/portable/mrp/consumer-0/runtime-2.stderr.log
a72a3e35c41aa9851d251d9cacb0cb0f9606050df45c01ea9cb45ffd03e9e8d0	96	evidence/consumer-v5/runtime-work/jcc-after/m3/migration/intake-20261005/portable/mrp/consumer-0/runtime-2.stdout.log
451b5c0d261c2cad18018623fb8ea7d32d73921020976f63ba6877655a063a0a	9994	evidence/consumer-v5/runtime-work/jcc-after/m3/migration/intake-20261005/portable/mrp/consumer-0/runtime-3.json
e3b0c44298fc1c149afbf4c8996fb92427ae41e4649b934ca495991b7852b855	0	evidence/consumer-v5/runtime-work/jcc-after/m3/migration/intake-20261005/portable/mrp/consumer-0/runtime-3.stderr.log
eb1182587ff197433a10f2143be45a4e63d429ff53eb9ebba1c5685dfd8cc61a	20	evidence/consumer-v5/runtime-work/jcc-after/m3/migration/intake-20261005/portable/mrp/consumer-0/runtime-3.stdout.log
58701ad6b0ce9069e9c0b00744af9fc7dca6d3dffc16166a048a97624b7b59cd	10018	evidence/consumer-v5/runtime-work/jcc-after/m3/migration/intake-20261005/portable/mrp/consumer-0/runtime-4.json
e3b0c44298fc1c149afbf4c8996fb92427ae41e4649b934ca495991b7852b855	0	evidence/consumer-v5/runtime-work/jcc-after/m3/migration/intake-20261005/portable/mrp/consumer-0/runtime-4.stderr.log
90f9c6c84ea7670025068ee88716f84259220b7fe8665a42f8b7bd00c15c9b37	120	evidence/consumer-v5/runtime-work/jcc-after/m3/migration/intake-20261005/portable/mrp/consumer-0/runtime-4.stdout.log
7cba6bdebb630995a94b2d7bc64da627069daf99107da84e24702163e8f33c0e	10015	evidence/consumer-v5/runtime-work/jcc-after/m3/migration/intake-20261005/portable/mrp/consumer-0/runtime-5.json
e3b0c44298fc1c149afbf4c8996fb92427ae41e4649b934ca495991b7852b855	0	evidence/consumer-v5/runtime-work/jcc-after/m3/migration/intake-20261005/portable/mrp/consumer-0/runtime-5.stderr.log
8d1f96dc9e0e4189db563fc46b83c06d081a1399604c449e66c86c3f3a701f60	32	evidence/consumer-v5/runtime-work/jcc-after/m3/migration/intake-20261005/portable/mrp/consumer-0/runtime-5.stdout.log
3e31c6769ad60570623c5367ee6254fcd6779a5d8b484384f3db433a65b58b39	10024	evidence/consumer-v5/runtime-work/jcc-after/m3/migration/intake-20261005/portable/mrp/consumer-0/runtime-6.json
e3b0c44298fc1c149afbf4c8996fb92427ae41e4649b934ca495991b7852b855	0	evidence/consumer-v5/runtime-work/jcc-after/m3/migration/intake-20261005/portable/mrp/consumer-0/runtime-6.stderr.log
7a1176273c85da0f4c83f8b20eaf51442a1ddb7710524d08ab01a0a194edafe9	22	evidence/consumer-v5/runtime-work/jcc-after/m3/migration/intake-20261005/portable/mrp/consumer-0/runtime-6.stdout.log
ca330ff7e7632cf52091a899750b7f51465de5ad7df051b9ca108f8da3e385be	10000	evidence/consumer-v5/runtime-work/jcc-after/m3/migration/intake-20261005/portable/mrp/consumer-0/runtime-7.json
e3b0c44298fc1c149afbf4c8996fb92427ae41e4649b934ca495991b7852b855	0	evidence/consumer-v5/runtime-work/jcc-after/m3/migration/intake-20261005/portable/mrp/consumer-0/runtime-7.stderr.log
9f12a7cab28a322978805312ca92e7bf18b5a55dfffe4b39000ae0931b6bd844	37	evidence/consumer-v5/runtime-work/jcc-after/m3/migration/intake-20261005/portable/mrp/consumer-0/runtime-7.stdout.log
0bed32ec1851d2f59177ad79100005f4434f4ce30372ec98f6294c7a40149e3c	9999	evidence/consumer-v5/runtime-work/jcc-after/m3/migration/intake-20261005/portable/mrp/consumer-0/runtime-8.json
e3b0c44298fc1c149afbf4c8996fb92427ae41e4649b934ca495991b7852b855	0	evidence/consumer-v5/runtime-work/jcc-after/m3/migration/intake-20261005/portable/mrp/consumer-0/runtime-8.stderr.log
5ced5f8c0f83bfccd44d5d05231373bfc1fc4efc01a18c04ae6a933f4b728ec1	127	evidence/consumer-v5/runtime-work/jcc-after/m3/migration/intake-20261005/portable/mrp/consumer-0/runtime-8.stdout.log
80926900fbef24090adf6dbfeeb9dacd8e32cb12b20f3fc706a836617e3f6e79	80734	evidence/consumer-v5/runtime-work/jcc-after/m3/migration/intake-20261005/portable/mrp/consumer-0/runtime-report.json
32f371df5045a5b03f3a00f98df701312bda43d0c72727a99dd41c946759a8a5	125921	evidence/consumer-v5/runtime-work/jcc-after/m3/migration/intake-20261005/portable/mrp/consumer-0/staging.json
07e0a4d7af92b5f27f79ff4c350534d334d34ec4de72f72478ab0f661b27d1f7	8434	evidence/consumer-v5/runtime-work/jcc-after/m3/migration/intake-20261005/portable/mrp/consumer-0/target/surefire-reports/TEST-com.synexia.primitives.AdvancedAlgorithmShapesTest.xml
f1040d672acc646c44b6f058e26d75d2ca0c947c5bcac0e1b4c313df343799f3	8693	evidence/consumer-v5/runtime-work/jcc-after/m3/migration/intake-20261005/portable/mrp/consumer-0/target/surefire-reports/TEST-com.synexia.primitives.BoundedProviderRowsFailureAdmissionTest.xml
00ff33ba6e57ec5ad4c42a2d64f76b45494af1518808167e7d5de220e0b74d7c	8654	evidence/consumer-v5/runtime-work/jcc-after/m3/migration/intake-20261005/portable/mrp/consumer-0/target/surefire-reports/TEST-com.synexia.primitives.BulkPrimitiveRowProviderTest.xml
e30b7e69714e8cf11da797d691133e0c72a351f704c1d0e7c35b5c337c3d74f1	8513	evidence/consumer-v5/runtime-work/jcc-after/m3/migration/intake-20261005/portable/mrp/consumer-0/target/surefire-reports/TEST-com.synexia.primitives.CollectionContractsTest.xml
e1189f86eb318a8f8b51375f74ffb62c30c9aef35712f01d277ad976da7e7b23	8008	evidence/consumer-v5/runtime-work/jcc-after/m3/migration/intake-20261005/portable/mrp/consumer-0/target/surefire-reports/TEST-com.synexia.primitives.CollectionSupersetCountsTest.xml
6b694af2c8c7f73b36383c9f841837ab4e674e94a0564271ea70edb6f374ddad	7874	evidence/consumer-v5/runtime-work/jcc-after/m3/migration/intake-20261005/portable/mrp/consumer-0/target/surefire-reports/TEST-com.synexia.primitives.DenseCollectionsTest.xml
fa54f899764b8d05de1e3cbb5617fcb9f4a27321a11279fdec3db3e34d05dfb9	7897	evidence/consumer-v5/runtime-work/jcc-after/m3/migration/intake-20261005/portable/mrp/consumer-0/target/surefire-reports/TEST-com.synexia.primitives.ExactWidthCollectionsTest.xml
92d2c6b8b80095b38072e69dc75ebe85ef8fc47383dc10822c41225ba8ed1390	7916	evidence/consumer-v5/runtime-work/jcc-after/m3/migration/intake-20261005/portable/mrp/consumer-0/target/surefire-reports/TEST-com.synexia.primitives.ExtendedPrimitiveCollectionsTest.xml
6860839610eacfcf1c61e73fa371408558cd8e7feda89cb0ba645b6d2e15fafe	7896	evidence/consumer-v5/runtime-work/jcc-after/m3/migration/intake-20261005/portable/mrp/consumer-0/target/surefire-reports/TEST-com.synexia.primitives.FossCollectionDonorTest.xml
2179f5ff73ea67e2e36c66a90d6835a72503afed46bfa5cebdccec9344a44f28	7899	evidence/consumer-v5/runtime-work/jcc-after/m3/migration/intake-20261005/portable/mrp/consumer-0/target/surefire-reports/TEST-com.synexia.primitives.FossSemanticClosureTest.xml
fef7815fa49acf9aa23bcbffe46f6bd94632283de78408aae49fa737b755c907	8814	evidence/consumer-v5/runtime-work/jcc-after/m3/migration/intake-20261005/portable/mrp/consumer-0/target/surefire-reports/TEST-com.synexia.primitives.FuzzyAlgorithmFactoryTest.xml
22b94124ad094f6de8ecac97bb28f92f93cc65a344d76637f10ed4b1cf311fbf	8915	evidence/consumer-v5/runtime-work/jcc-after/m3/migration/intake-20261005/portable/mrp/consumer-0/target/surefire-reports/TEST-com.synexia.primitives.FuzzyAlgorithmFactoryWave2Test.xml
ee63ee6034baa816749bedbba548070b0e47d40bb55b99a776c0930617e1514c	9178	evidence/consumer-v5/runtime-work/jcc-after/m3/migration/intake-20261005/portable/mrp/consumer-0/target/surefire-reports/TEST-com.synexia.primitives.FuzzyStructureFactoryTest.xml
4eaa8b0cdf60f5bb28a431445bce70fb9ecb9b13ef51492aca73950a82a8cdeb	8707	evidence/consumer-v5/runtime-work/jcc-after/m3/migration/intake-20261005/portable/mrp/consumer-0/target/surefire-reports/TEST-com.synexia.primitives.LazySegmentedStorageTest.xml
1d3a127d4735440dd7f2f8b6b83d096a35178d8dc3de46d18b66002990a432ed	8428	evidence/consumer-v5/runtime-work/jcc-after/m3/migration/intake-20261005/portable/mrp/consumer-0/target/surefire-reports/TEST-com.synexia.primitives.LeanCollectionFactoryTest.xml
d39c14f1079b409ed8d5d555996c8357b9ab0911d72a5c8d606e88693e44b680	7908	evidence/consumer-v5/runtime-work/jcc-after/m3/migration/intake-20261005/portable/mrp/consumer-0/target/surefire-reports/TEST-com.synexia.primitives.MarkerPatternCollectionsTest.xml
1e6c0712c3a1a8f41daf097f534e2e8944f5167b3e9add933591aa6dc6c960f3	7756	evidence/consumer-v5/runtime-work/jcc-after/m3/migration/intake-20261005/portable/mrp/consumer-0/target/surefire-reports/TEST-com.synexia.primitives.MrpFactoryTest.xml
dec59d03d3e623296bb58fc2e86401197e8c9fb534cf7d55c61378292e6c2f78	8206	evidence/consumer-v5/runtime-work/jcc-after/m3/migration/intake-20261005/portable/mrp/consumer-0/target/surefire-reports/TEST-com.synexia.primitives.MrpIntentTest.xml
3a192397e3d2283e72c5256f86187505efb345d7f2d2763b6813cdb6785afef0	8699	evidence/consumer-v5/runtime-work/jcc-after/m3/migration/intake-20261005/portable/mrp/consumer-0/target/surefire-reports/TEST-com.synexia.primitives.ObjectCounterZeroMetadataRepairTest.xml
a4f6ff561875aef121d150d1790f51cd8d58473c89af894654545d10c0b18d57	10692	evidence/consumer-v5/runtime-work/jcc-after/m3/migration/intake-20261005/portable/mrp/consumer-0/target/surefire-reports/TEST-com.synexia.primitives.PcsTest.xml
d63931cb91ffba4673d9e498b26e61249c7eb183ebab40be1a2f0e703b7daecb	7914	evidence/consumer-v5/runtime-work/jcc-after/m3/migration/intake-20261005/portable/mrp/consumer-0/target/surefire-reports/TEST-com.synexia.primitives.PrimitiveCollectionSupersetTest.xml
78fab6131bf4a46806b20e4939843e9fc0e7e2931daf8023fffdb5cb9b71a576	7906	evidence/consumer-v5/runtime-work/jcc-after/m3/migration/intake-20261005/portable/mrp/consumer-0/target/surefire-reports/TEST-com.synexia.primitives.PrimitiveMpmcConcurrencyTest.xml
8268e9679af7864afd4b87068ce289802f164f6eda1b718937fad0de0e577779	8141	evidence/consumer-v5/runtime-work/jcc-after/m3/migration/intake-20261005/portable/mrp/consumer-0/target/surefire-reports/TEST-com.synexia.primitives.PrimitiveTouchObserverTest.xml
b14c42b91b1b7e812d6fca011859d9cf593a8ae4ffc08ee8353d4231ddc7c0e5	8280	evidence/consumer-v5/runtime-work/jcc-after/m3/migration/intake-20261005/portable/mrp/consumer-0/target/surefire-reports/TEST-com.synexia.primitives.ProviderBackedPrimitiveListTest.xml
f9e878b812f26301f91324a7fcfdeca73e33e3d704f831b37f4457b46d839b5e	8325	evidence/consumer-v5/runtime-work/jcc-after/m3/migration/intake-20261005/portable/mrp/consumer-0/target/surefire-reports/TEST-com.synexia.primitives.ProviderBackedPrimitiveLongTreeTest.xml
904775ea28dcf9a4c3e5c561dd8c5036e4e814458f21f93d3596acb11f22f5f1	8417	evidence/consumer-v5/runtime-work/jcc-after/m3/migration/intake-20261005/portable/mrp/consumer-0/target/surefire-reports/TEST-com.synexia.primitives.ProviderBackedPrimitiveRowsTest.xml
efc9493ec80f51df51e8cc2c2cbe80e81df53ce851c5d9684fccb8e953b75a1e	8976	evidence/consumer-v5/runtime-work/jcc-after/m3/migration/intake-20261005/portable/mrp/consumer-0/target/surefire-reports/TEST-com.synexia.primitives.ProviderBackedPrimitiveTreeSupersetTest.xml
fcecd8d810f9c6767604ea0e74e55491e108636376fe770a5e4c71a7c4c89ba0	8583	evidence/consumer-v5/runtime-work/jcc-after/m3/migration/intake-20261005/portable/mrp/consumer-0/target/surefire-reports/TEST-com.synexia.primitives.ProviderBackedPrimitiveTreeTest.xml
7f3567ab8ea65e5369682de1a524fb069f56255a665d89e3049865fd9c78a3c6	10500	evidence/consumer-v5/runtime-work/jcc-after/m3/migration/intake-20261005/portable/mrp/consumer-0/target/surefire-reports/TEST-com.synexia.primitives.ProviderCallbackSafetyTest.xml
50a27934222696b1a96ed79502837c215957bbbf74d3898063d64ee2e1fd7c15	8159	evidence/consumer-v5/runtime-work/jcc-after/m3/migration/intake-20261005/portable/mrp/consumer-0/target/surefire-reports/TEST-com.synexia.primitives.ProviderCallbackSupersetTest.xml
0fb6acc548dbc7778a340bc416066909cf465a89f4c8dd12ee5fced41fccde9c	8904	evidence/consumer-v5/runtime-work/jcc-after/m3/migration/intake-20261005/portable/mrp/consumer-0/target/surefire-reports/TEST-com.synexia.primitives.ProviderResidencySupersetTest.xml
970a14337597c864b0a50528fec487670817840aee73510afc0bbf0e3cee9aa3	8618	evidence/consumer-v5/runtime-work/jcc-after/m3/migration/intake-20261005/portable/mrp/consumer-0/target/surefire-reports/TEST-com.synexia.primitives.ProviderResidencyVersionedTreeTest.xml
689e1029b52d65d0d7f3cfe3ebd59734313240072bacf4d7e38b801bd317c672	7983	evidence/consumer-v5/runtime-work/jcc-after/m3/migration/intake-20261005/portable/mrp/consumer-0/target/surefire-reports/TEST-com.synexia.primitives.ProviderSerializationCompatibilityTest.xml
8aa409e27aad083416245adf875c9b7fef5f46c090ea853ddb99a3386116c118	7884	evidence/consumer-v5/runtime-work/jcc-after/m3/migration/intake-20261005/portable/mrp/consumer-0/target/surefire-reports/TEST-com.synexia.primitives.PurposeCollectionsTest.xml
d01ed7fac24e7de61105cdc3f23a1af00f48ab29d181afc157c3f28af0d0c311	9011	evidence/consumer-v5/runtime-work/jcc-after/m3/migration/intake-20261005/portable/mrp/consumer-0/target/surefire-reports/TEST-com.synexia.primitives.RecoveredSeriousAlgorithmShapesTest.xml
1328987e8e176be8977c76e814e004ac218c65435eda9a8a8483534540cb9851	8003	evidence/consumer-v5/runtime-work/jcc-after/m3/migration/intake-20261005/portable/mrp/consumer-0/target/surefire-reports/TEST-com.synexia.primitives.TouchAwarePrimitiveRowProviderTest.xml
0920e7ff2e63816f0552091b8177e666f9a5886e1f406653906347c22475fb6e	8196	evidence/consumer-v5/runtime-work/jcc-after/m3/migration/intake-20261005/portable/mrp/consumer-0/target/surefire-reports/TEST-com.synexia.primitives.VersionedProviderLookupCounterTest.xml
0847ae086a0efedda785da8abac3cb93faa1c6b19a73ef3608052b016bd7d12d	8822	evidence/consumer-v5/runtime-work/jcc-after/m3/migration/intake-20261005/portable/mrp/consumer-0/target/surefire-reports/TEST-com.synexia.primitives.ZeroMetadataHashTest.xml
f17508a5818dd59ae7c4482136f05860510180d38529caf6d1ca781f7ad279ef	948	evidence/consumer-v5/runtime-work/jcc-after/m3/migration/intake-20261005/portable/mrp/consumer-0/tooling.json
6bfe1aaaf01492abf6e2bccafa939bf093538ba0c6a6d064a3cf8ab1c594cbe8	2436	evidence/consumer-v5/runtime-work/jcc-after/m3/migration/intake-20261005/portable/mrp/outputs.json
7b13870db69e4fb85822e069abd68a9f541e6494f6a925c803058e00c0ab8580	20419	evidence/consumer-v5/runtime-work/jcc-after/m3/migration/intake-20261005/portable/mrp/outputs/synexia-primitives/src/main/java/com/synexia/primitives/DenseCollections.java
6ed7a073965d2b8552447e33b046d19f2a01db931b2cd345699b1722c365f040	28261	evidence/consumer-v5/runtime-work/jcc-after/m3/migration/intake-20261005/portable/mrp/outputs/synexia-primitives/src/main/java/com/synexia/primitives/FuzzyStructureFactory.java
8cdda3b1f66d8c8b17b87566634717a85d2a00d54543b43cfa863a21fb044aa4	8406	evidence/consumer-v5/runtime-work/jcc-after/m3/migration/intake-20261005/portable/mrp/outputs/synexia-primitives/src/test/java/com/synexia/primitives/AdvancedAlgorithmShapesTest.java
09b2b504982bf30a6ddd4ea502ffa6d9d0096658df7ca30c8e728136452943d8	10643	evidence/consumer-v5/runtime-work/jcc-after/m3/migration/intake-20261005/portable/mrp/outputs/synexia-primitives/src/test/java/com/synexia/primitives/ProviderBackedPrimitiveTreeSupersetTest.java
e8673fead650f8e640434234c3581e8a3030a1246f31f05c2705237e33ec7735	752	evidence/consumer-v5/runtime-work/jcc-after/m3/migration/intake-20261005/portable/mrp/recipe/PATCH.json
605bd51ded9733cc2bdffaec01fff584997d1a4b0551cb80f1f5cb70142263e5	2739	evidence/consumer-v5/runtime-work/jcc-after/m3/migration/intake-20261005/portable/mrp/recipe/RESULT.json
91bf36deb0cf556fdc324d0dc9bd178c8b2b42c10530b45074beb603a06e63fa	7858	evidence/consumer-v5/runtime-work/jcc-after/m3/migration/intake-20261005/portable/mrp/recipe/build-artifacts.json
a824d9753c7d2294ee6b72515d216d7aa06fd47d31c8d9d3faeb69d3b4ec45c8	897	evidence/consumer-v5/runtime-work/jcc-after/m3/migration/intake-20261005/portable/mrp/recipe/chain/01-lint.json
e3b0c44298fc1c149afbf4c8996fb92427ae41e4649b934ca495991b7852b855	0	evidence/consumer-v5/runtime-work/jcc-after/m3/migration/intake-20261005/portable/mrp/recipe/chain/01-lint.stderr.log
5a05902987213afc6ba9251310eac97ecd6afd7d56c4c1d81c1b0ad11b89aa8b	202	evidence/consumer-v5/runtime-work/jcc-after/m3/migration/intake-20261005/portable/mrp/recipe/chain/01-lint.stdout.log
9fcafc3c09db88ae768857015b8518788010f066cb728c1e535f9d087998813a	925	evidence/consumer-v5/runtime-work/jcc-after/m3/migration/intake-20261005/portable/mrp/recipe/chain/02-compile.json
e3b0c44298fc1c149afbf4c8996fb92427ae41e4649b934ca495991b7852b855	0	evidence/consumer-v5/runtime-work/jcc-after/m3/migration/intake-20261005/portable/mrp/recipe/chain/02-compile.stderr.log
ed7aad05480bedd15244860c18f0ffe87c9f6b5194885f5c81d65df16ff36f74	2099	evidence/consumer-v5/runtime-work/jcc-after/m3/migration/intake-20261005/portable/mrp/recipe/chain/02-compile.stdout.log
835036528a37b8939a33a7a4f7c4c2609fdd85593b84643f2be618503bdaf696	942	evidence/consumer-v5/runtime-work/jcc-after/m3/migration/intake-20261005/portable/mrp/recipe/chain/03-test.json
e3b0c44298fc1c149afbf4c8996fb92427ae41e4649b934ca495991b7852b855	0	evidence/consumer-v5/runtime-work/jcc-after/m3/migration/intake-20261005/portable/mrp/recipe/chain/03-test.stderr.log
fc60aa50b60befeae5e23f9775596627ee2d19efabdace71514d038afa546512	2115	evidence/consumer-v5/runtime-work/jcc-after/m3/migration/intake-20261005/portable/mrp/recipe/chain/03-test.stdout.log
799bbb0b968af8a0eb64e2a077269f13e9f720208955d9fd3386911d8667ffef	968	evidence/consumer-v5/runtime-work/jcc-after/m3/migration/intake-20261005/portable/mrp/recipe/chain/04-runtime.json
e3b0c44298fc1c149afbf4c8996fb92427ae41e4649b934ca495991b7852b855	0	evidence/consumer-v5/runtime-work/jcc-after/m3/migration/intake-20261005/portable/mrp/recipe/chain/04-runtime.stderr.log
d37a7a3a89306ca6ab9beb6d6dac800be68950c7651ee06af66d81d2bed345bb	878	evidence/consumer-v5/runtime-work/jcc-after/m3/migration/intake-20261005/portable/mrp/recipe/chain/04-runtime.stdout.log
a35c20f12c6c8f699f2a93ab901614b887b2a7c34e331d859b8c981e47530a41	25913	evidence/consumer-v5/runtime-work/jcc-after/m3/migration/intake-20261005/portable/mrp/recipe/commands.json
7863fde471468628b153174b82f7fabfeeddbb01dc8d01026aa6fd5394a1ff67	425141	evidence/consumer-v5/runtime-work/jcc-after/m3/migration/intake-20261005/portable/mrp/recipe/inputs.json
6b21a28b33fa78f67abfc0010c878cc46030faabfefa023c59c56fb41cf949f1	740	evidence/consumer-v5/runtime-work/jcc-after/m3/migration/intake-20261005/portable/mrp/recipe/junit-report.json
e20501e6fa400e4ebadfc52146e03aaeeb64839a99c47970f85d2fb9f0c3f639	2425	evidence/consumer-v5/runtime-work/jcc-after/m3/migration/intake-20261005/portable/mrp/recipe/materialization/OUTPUT.json
c66bf321695a7eb2db93693492e2732e8039e7982f5be7b138002368407ac5dd	8613	evidence/consumer-v5/runtime-work/jcc-after/m3/migration/intake-20261005/portable/mrp/recipe/materialization/candidate.patch
876d3655e26360dee60286298e4815f75f261ae78ab2577d581531e54df6c8f1	1115	evidence/consumer-v5/runtime-work/jcc-after/m3/migration/intake-20261005/portable/mrp/recipe/materialization/manifest.tsv
34283dd4cf2f5f6e6ab02ea2b888fd1a22571a1be9ff0a8fba3a7a65b3e312ad	10098	evidence/consumer-v5/runtime-work/jcc-after/m3/migration/intake-20261005/portable/mrp/recipe/runtime-1.json
e3b0c44298fc1c149afbf4c8996fb92427ae41e4649b934ca495991b7852b855	0	evidence/consumer-v5/runtime-work/jcc-after/m3/migration/intake-20261005/portable/mrp/recipe/runtime-1.stderr.log
39a66178febb6b3be41fd6e474366d56e29253b6976cddbffec3530e7b2afd67	263	evidence/consumer-v5/runtime-work/jcc-after/m3/migration/intake-20261005/portable/mrp/recipe/runtime-1.stdout.log
270f1358a9f48cd9f3e01e5649c44a22859e44b31f9a9d4cc9998dcb22e6e18d	10102	evidence/consumer-v5/runtime-work/jcc-after/m3/migration/intake-20261005/portable/mrp/recipe/runtime-2.json
e3b0c44298fc1c149afbf4c8996fb92427ae41e4649b934ca495991b7852b855	0	evidence/consumer-v5/runtime-work/jcc-after/m3/migration/intake-20261005/portable/mrp/recipe/runtime-2.stderr.log
88ea80133c056eb47224a4bef75bc5232ced791b4c261c5af5c68640c45f92b8	265	evidence/consumer-v5/runtime-work/jcc-after/m3/migration/intake-20261005/portable/mrp/recipe/runtime-2.stdout.log
fc8f294d3079afd082cd53b741d5952d348820baa09ffa9b52d8f2873cb5efc8	20450	evidence/consumer-v5/runtime-work/jcc-after/m3/migration/intake-20261005/portable/mrp/recipe/runtime-report.json
872acbed479de4fb7741b453f351d0ab0895a41b3cb076ef2e438a84a4a2c4a2	12744	evidence/consumer-v5/runtime-work/jcc-after/m3/migration/intake-20261005/portable/mrp/recipe/staging.json
1019af4dddc1f44f9a28339efc824459c0211071200ae773aa7085f25604f6b0	16593	evidence/consumer-v5/runtime-work/jcc-after/m3/migration/intake-20261005/portable/mrp/recipe/target/surefire-reports/TEST-com.synexia.rewrite.Mrp2Test.xml
4589abc9f18aa40fb58e7a105057cd7d85917e18cb117d6778625df61be500d9	16589	evidence/consumer-v5/runtime-work/jcc-after/m3/migration/intake-20261005/portable/mrp/recipe/target/surefire-reports/TEST-com.synexia.rewrite.MrpTest.xml
1524b99609654774333ab92e07c67e0117c7662492638f00b8ce360375423c58	941	evidence/consumer-v5/runtime-work/jcc-after/m3/migration/intake-20261005/portable/mrp/recipe/tooling.json
109173cb43fd91e084415284083d0d0ff92a1039a0b21216b7336c0a2c3dcf2e	91316	evidence/consumer-v5/runtime-work/jcc-after/m3/migration/intake-20261005/portable/packet.json
9934f8c5cdc0190c27928d492131b729b986efadfb6409030ceb315e2dc8ac79	738	evidence/consumer-v5/runtime-work/jcc-after/m3/migration/intake-20261005/portable/pcr/consumer-0/PATCH.json
f66c2e921d399f4d64957a868f692943bec9410fa311afcc70df278896e3265a	2743	evidence/consumer-v5/runtime-work/jcc-after/m3/migration/intake-20261005/portable/pcr/consumer-0/RESULT.json
4043b7838faf6c079c6bb76f9f74036c7ff8b03c8f33c7f84785325d04ece3a2	8536	evidence/consumer-v5/runtime-work/jcc-after/m3/migration/intake-20261005/portable/pcr/consumer-0/build-artifacts.json
50d0179eea4de7eb3acde66fc20f7aea6f48d5dcdaaae45b2c2156461db0183a	903	evidence/consumer-v5/runtime-work/jcc-after/m3/migration/intake-20261005/portable/pcr/consumer-0/chain/01-lint.json
e3b0c44298fc1c149afbf4c8996fb92427ae41e4649b934ca495991b7852b855	0	evidence/consumer-v5/runtime-work/jcc-after/m3/migration/intake-20261005/portable/pcr/consumer-0/chain/01-lint.stderr.log
5a05902987213afc6ba9251310eac97ecd6afd7d56c4c1d81c1b0ad11b89aa8b	202	evidence/consumer-v5/runtime-work/jcc-after/m3/migration/intake-20261005/portable/pcr/consumer-0/chain/01-lint.stdout.log
4150634028ef2df3bbfe78c1cc7acf616fc909a9525262332ded199a7898545d	931	evidence/consumer-v5/runtime-work/jcc-after/m3/migration/intake-20261005/portable/pcr/consumer-0/chain/02-compile.json
e3b0c44298fc1c149afbf4c8996fb92427ae41e4649b934ca495991b7852b855	0	evidence/consumer-v5/runtime-work/jcc-after/m3/migration/intake-20261005/portable/pcr/consumer-0/chain/02-compile.stderr.log
582397d4acf83a2088a4ef301f3f652f207c9ebfec53524aa796df8eeb573ddf	1953	evidence/consumer-v5/runtime-work/jcc-after/m3/migration/intake-20261005/portable/pcr/consumer-0/chain/02-compile.stdout.log
32272090c319b49d844bc37417969cb6d168bfb6252b1791a38d5988b6dd5190	948	evidence/consumer-v5/runtime-work/jcc-after/m3/migration/intake-20261005/portable/pcr/consumer-0/chain/03-test.json
e3b0c44298fc1c149afbf4c8996fb92427ae41e4649b934ca495991b7852b855	0	evidence/consumer-v5/runtime-work/jcc-after/m3/migration/intake-20261005/portable/pcr/consumer-0/chain/03-test.stderr.log
3019e10ebfe82d113d2b791472a96a834ab4aff2a1e27a401e44549b23fd2072	2552	evidence/consumer-v5/runtime-work/jcc-after/m3/migration/intake-20261005/portable/pcr/consumer-0/chain/03-test.stdout.log
69a30ee3446101605e276236798b15a43eaa38637e2fc471fff0e55c154cc784	974	evidence/consumer-v5/runtime-work/jcc-after/m3/migration/intake-20261005/portable/pcr/consumer-0/chain/04-runtime.json
e3b0c44298fc1c149afbf4c8996fb92427ae41e4649b934ca495991b7852b855	0	evidence/consumer-v5/runtime-work/jcc-after/m3/migration/intake-20261005/portable/pcr/consumer-0/chain/04-runtime.stderr.log
95dd5c3b2002df5babf1fddcb2a70447dbbb8c7392241b64fde1f48f8c66c1b4	576	evidence/consumer-v5/runtime-work/jcc-after/m3/migration/intake-20261005/portable/pcr/consumer-0/chain/04-runtime.stdout.log
059324a8d84811367affc17f27b954d0ed7b98e22c59b1dfc2d8cca47d29446b	31015	evidence/consumer-v5/runtime-work/jcc-after/m3/migration/intake-20261005/portable/pcr/consumer-0/commands.json
db6df0c40cddf31a7f3fe72ce1d6b238d2b0f4368ce217a88d4dc99376fc0098	526518	evidence/consumer-v5/runtime-work/jcc-after/m3/migration/intake-20261005/portable/pcr/consumer-0/inputs.json
c64ea2406708f47d7490f7ca0a59664207593439eece2f80b7c1aafbb124c3cc	870	evidence/consumer-v5/runtime-work/jcc-after/m3/migration/intake-20261005/portable/pcr/consumer-0/junit-report.json
44bcf6ed9239f7425751ca4fa66b340fab7424d6f183fe455fe7f2fcab401b80	10015	evidence/consumer-v5/runtime-work/jcc-after/m3/migration/intake-20261005/portable/pcr/consumer-0/runtime-1.json
e3b0c44298fc1c149afbf4c8996fb92427ae41e4649b934ca495991b7852b855	0	evidence/consumer-v5/runtime-work/jcc-after/m3/migration/intake-20261005/portable/pcr/consumer-0/runtime-1.stderr.log
051fcb55eb335e25b6d568382101580694fc02502f536ed6e4906ceaabb3e158	192	evidence/consumer-v5/runtime-work/jcc-after/m3/migration/intake-20261005/portable/pcr/consumer-0/runtime-1.stdout.log
f5f103d1e653d407250c1b2798003277a92e925fac7cbff9dbdaea188d808be7	10018	evidence/consumer-v5/runtime-work/jcc-after/m3/migration/intake-20261005/portable/pcr/consumer-0/runtime-2.json
e3b0c44298fc1c149afbf4c8996fb92427ae41e4649b934ca495991b7852b855	0	evidence/consumer-v5/runtime-work/jcc-after/m3/migration/intake-20261005/portable/pcr/consumer-0/runtime-2.stderr.log
0c23a5897701ea6d0a3aab58d8a927684a746e1f461ad5c61e2690206fcdeabf	34	evidence/consumer-v5/runtime-work/jcc-after/m3/migration/intake-20261005/portable/pcr/consumer-0/runtime-2.stdout.log
d3aab3804014a004b86ca25bd31bd85e2bb9d63b67db29e44608c70189b6f10f	20275	evidence/consumer-v5/runtime-work/jcc-after/m3/migration/intake-20261005/portable/pcr/consumer-0/runtime-report.json
6389fce6b9ad386342519aecebb201cb0adc4bcb5b355feb2bad9e3950b00989	14079	evidence/consumer-v5/runtime-work/jcc-after/m3/migration/intake-20261005/portable/pcr/consumer-0/staging.json
71dbefe03a8d4ea81b46c26978a651e45609b91a2d3204817da3daea4de92a8d	9733	evidence/consumer-v5/runtime-work/jcc-after/m3/migration/intake-20261005/portable/pcr/consumer-0/target/surefire-reports/TEST-com.synexia.common.collections.jdk.PackedLazyCallbackSafetyTest.xml
af7a29dc2917b23f682454ec63fc0b37bcf85dee2e2e7dac2b0196e070a1d441	7981	evidence/consumer-v5/runtime-work/jcc-after/m3/migration/intake-20261005/portable/pcr/consumer-0/target/surefire-reports/TEST-com.synexia.common.collections.jdk.PackedLazyTreeMapTest.xml
0069b0e58de5e4c30162d16a9a53cfd0b290162c5129840397f1dc20ba671795	944	evidence/consumer-v5/runtime-work/jcc-after/m3/migration/intake-20261005/portable/pcr/consumer-0/tooling.json
67850514173184e0ef86f31c7e4f1b1fa20f19d64afd61c50494ec3ea298d2c2	745	evidence/consumer-v5/runtime-work/jcc-after/m3/migration/intake-20261005/portable/pcr/consumer-1/PATCH.json
9ac3f2db501508383bc80aa2c8e0e983aa2e814d10a6bc3de241613b756ff5dc	2748	evidence/consumer-v5/runtime-work/jcc-after/m3/migration/intake-20261005/portable/pcr/consumer-1/RESULT.json
db2ec4560898d27399fd80944bdb87038695e222a50aeb2b2c514e59b9e499d7	84194	evidence/consumer-v5/runtime-work/jcc-after/m3/migration/intake-20261005/portable/pcr/consumer-1/build-artifacts.json
4e036668b97be96243ca80c5196f24587e3e4889cb4c4ea049ae8b827edd28ae	911	evidence/consumer-v5/runtime-work/jcc-after/m3/migration/intake-20261005/portable/pcr/consumer-1/chain/01-lint.json
e3b0c44298fc1c149afbf4c8996fb92427ae41e4649b934ca495991b7852b855	0	evidence/consumer-v5/runtime-work/jcc-after/m3/migration/intake-20261005/portable/pcr/consumer-1/chain/01-lint.stderr.log
5a05902987213afc6ba9251310eac97ecd6afd7d56c4c1d81c1b0ad11b89aa8b	202	evidence/consumer-v5/runtime-work/jcc-after/m3/migration/intake-20261005/portable/pcr/consumer-1/chain/01-lint.stdout.log
1ca395a0dd86de19c72ac658b17e0cd41a561b17e4ff0fccc0c06507c9b27da1	939	evidence/consumer-v5/runtime-work/jcc-after/m3/migration/intake-20261005/portable/pcr/consumer-1/chain/02-compile.json
e3b0c44298fc1c149afbf4c8996fb92427ae41e4649b934ca495991b7852b855	0	evidence/consumer-v5/runtime-work/jcc-after/m3/migration/intake-20261005/portable/pcr/consumer-1/chain/02-compile.stderr.log
ee1330abf815172c6bf18ddd0f840672e8d134f369f0f6211f308a1babccf1d6	1992	evidence/consumer-v5/runtime-work/jcc-after/m3/migration/intake-20261005/portable/pcr/consumer-1/chain/02-compile.stdout.log
fce390121838d9586533b1194d063ebc0f98ee0fe738ffd81c9114c40ee1fbb0	956	evidence/consumer-v5/runtime-work/jcc-after/m3/migration/intake-20261005/portable/pcr/consumer-1/chain/03-test.json
e3b0c44298fc1c149afbf4c8996fb92427ae41e4649b934ca495991b7852b855	0	evidence/consumer-v5/runtime-work/jcc-after/m3/migration/intake-20261005/portable/pcr/consumer-1/chain/03-test.stderr.log
308ad6e5f0dc446e7848b91c96966a2a949f9fd771587482a76bc3fe685d8b30	20604	evidence/consumer-v5/runtime-work/jcc-after/m3/migration/intake-20261005/portable/pcr/consumer-1/chain/03-test.stdout.log
fafdef585514ff0ccbfc112fda40f702a5df4ef1940db4cd84d79051376feba2	982	evidence/consumer-v5/runtime-work/jcc-after/m3/migration/intake-20261005/portable/pcr/consumer-1/chain/04-runtime.json
e3b0c44298fc1c149afbf4c8996fb92427ae41e4649b934ca495991b7852b855	0	evidence/consumer-v5/runtime-work/jcc-after/m3/migration/intake-20261005/portable/pcr/consumer-1/chain/04-runtime.stderr.log
e90ec66a5512982dd7e56c75fccd6d941cfb28f97eb9a58a11d4254a19090aa5	1982	evidence/consumer-v5/runtime-work/jcc-after/m3/migration/intake-20261005/portable/pcr/consumer-1/chain/04-runtime.stdout.log
ddeccbf94fcf62d93390e1a70a746f5f882d045f17cf24c75c194207bcc96194	148511	evidence/consumer-v5/runtime-work/jcc-after/m3/migration/intake-20261005/portable/pcr/consumer-1/commands.json
db7c75e2b559f254b9c10adb6d5da1b6e3781155c49fb6efc4b1bae3b1330268	637800	evidence/consumer-v5/runtime-work/jcc-after/m3/migration/intake-20261005/portable/pcr/consumer-1/inputs.json
cc7586509b6cb3f455aa0b748456adf3585747ffed202f5274ad038b76b8c632	13151	evidence/consumer-v5/runtime-work/jcc-after/m3/migration/intake-20261005/portable/pcr/consumer-1/junit-report.json
33d5484589fd25abc7cf3ec7a3d49558d0c6e19f69a9b7e6d4c4abb49b32a532	10015	evidence/consumer-v5/runtime-work/jcc-after/m3/migration/intake-20261005/portable/pcr/consumer-1/runtime-1.json
e3b0c44298fc1c149afbf4c8996fb92427ae41e4649b934ca495991b7852b855	0	evidence/consumer-v5/runtime-work/jcc-after/m3/migration/intake-20261005/portable/pcr/consumer-1/runtime-1.stderr.log
a544406e23539412af9df6ca16f53c47508f74c7511b076685c8b917e8d3b45b	128	evidence/consumer-v5/runtime-work/jcc-after/m3/migration/intake-20261005/portable/pcr/consumer-1/runtime-1.stdout.log
4751a83dfac9b75b4e90cf1bda9df8a883da257be544755f2a44e9399175fb27	10013	evidence/consumer-v5/runtime-work/jcc-after/m3/migration/intake-20261005/portable/pcr/consumer-1/runtime-2.json
e3b0c44298fc1c149afbf4c8996fb92427ae41e4649b934ca495991b7852b855	0	evidence/consumer-v5/runtime-work/jcc-after/m3/migration/intake-20261005/portable/pcr/consumer-1/runtime-2.stderr.log
a72a3e35c41aa9851d251d9cacb0cb0f9606050df45c01ea9cb45ffd03e9e8d0	96	evidence/consumer-v5/runtime-work/jcc-after/m3/migration/intake-20261005/portable/pcr/consumer-1/runtime-2.stdout.log
451b5c0d261c2cad18018623fb8ea7d32d73921020976f63ba6877655a063a0a	9994	evidence/consumer-v5/runtime-work/jcc-after/m3/migration/intake-20261005/portable/pcr/consumer-1/runtime-3.json
e3b0c44298fc1c149afbf4c8996fb92427ae41e4649b934ca495991b7852b855	0	evidence/consumer-v5/runtime-work/jcc-after/m3/migration/intake-20261005/portable/pcr/consumer-1/runtime-3.stderr.log
eb1182587ff197433a10f2143be45a4e63d429ff53eb9ebba1c5685dfd8cc61a	20	evidence/consumer-v5/runtime-work/jcc-after/m3/migration/intake-20261005/portable/pcr/consumer-1/runtime-3.stdout.log
58701ad6b0ce9069e9c0b00744af9fc7dca6d3dffc16166a048a97624b7b59cd	10018	evidence/consumer-v5/runtime-work/jcc-after/m3/migration/intake-20261005/portable/pcr/consumer-1/runtime-4.json
e3b0c44298fc1c149afbf4c8996fb92427ae41e4649b934ca495991b7852b855	0	evidence/consumer-v5/runtime-work/jcc-after/m3/migration/intake-20261005/portable/pcr/consumer-1/runtime-4.stderr.log
90f9c6c84ea7670025068ee88716f84259220b7fe8665a42f8b7bd00c15c9b37	120	evidence/consumer-v5/runtime-work/jcc-after/m3/migration/intake-20261005/portable/pcr/consumer-1/runtime-4.stdout.log
7cba6bdebb630995a94b2d7bc64da627069daf99107da84e24702163e8f33c0e	10015	evidence/consumer-v5/runtime-work/jcc-after/m3/migration/intake-20261005/portable/pcr/consumer-1/runtime-5.json
e3b0c44298fc1c149afbf4c8996fb92427ae41e4649b934ca495991b7852b855	0	evidence/consumer-v5/runtime-work/jcc-after/m3/migration/intake-20261005/portable/pcr/consumer-1/runtime-5.stderr.log
8d1f96dc9e0e4189db563fc46b83c06d081a1399604c449e66c86c3f3a701f60	32	evidence/consumer-v5/runtime-work/jcc-after/m3/migration/intake-20261005/portable/pcr/consumer-1/runtime-5.stdout.log
3e31c6769ad60570623c5367ee6254fcd6779a5d8b484384f3db433a65b58b39	10024	evidence/consumer-v5/runtime-work/jcc-after/m3/migration/intake-20261005/portable/pcr/consumer-1/runtime-6.json
e3b0c44298fc1c149afbf4c8996fb92427ae41e4649b934ca495991b7852b855	0	evidence/consumer-v5/runtime-work/jcc-after/m3/migration/intake-20261005/portable/pcr/consumer-1/runtime-6.stderr.log
7a1176273c85da0f4c83f8b20eaf51442a1ddb7710524d08ab01a0a194edafe9	22	evidence/consumer-v5/runtime-work/jcc-after/m3/migration/intake-20261005/portable/pcr/consumer-1/runtime-6.stdout.log
ca330ff7e7632cf52091a899750b7f51465de5ad7df051b9ca108f8da3e385be	10000	evidence/consumer-v5/runtime-work/jcc-after/m3/migration/intake-20261005/portable/pcr/consumer-1/runtime-7.json
e3b0c44298fc1c149afbf4c8996fb92427ae41e4649b934ca495991b7852b855	0	evidence/consumer-v5/runtime-work/jcc-after/m3/migration/intake-20261005/portable/pcr/consumer-1/runtime-7.stderr.log
9f12a7cab28a322978805312ca92e7bf18b5a55dfffe4b39000ae0931b6bd844	37	evidence/consumer-v5/runtime-work/jcc-after/m3/migration/intake-20261005/portable/pcr/consumer-1/runtime-7.stdout.log
0bed32ec1851d2f59177ad79100005f4434f4ce30372ec98f6294c7a40149e3c	9999	evidence/consumer-v5/runtime-work/jcc-after/m3/migration/intake-20261005/portable/pcr/consumer-1/runtime-8.json
e3b0c44298fc1c149afbf4c8996fb92427ae41e4649b934ca495991b7852b855	0	evidence/consumer-v5/runtime-work/jcc-after/m3/migration/intake-20261005/portable/pcr/consumer-1/runtime-8.stderr.log
5ced5f8c0f83bfccd44d5d05231373bfc1fc4efc01a18c04ae6a933f4b728ec1	127	evidence/consumer-v5/runtime-work/jcc-after/m3/migration/intake-20261005/portable/pcr/consumer-1/runtime-8.stdout.log
80926900fbef24090adf6dbfeeb9dacd8e32cb12b20f3fc706a836617e3f6e79	80734	evidence/consumer-v5/runtime-work/jcc-after/m3/migration/intake-20261005/portable/pcr/consumer-1/runtime-report.json
32f371df5045a5b03f3a00f98df701312bda43d0c72727a99dd41c946759a8a5	125921	evidence/consumer-v5/runtime-work/jcc-after/m3/migration/intake-20261005/portable/pcr/consumer-1/staging.json
07e0a4d7af92b5f27f79ff4c350534d334d34ec4de72f72478ab0f661b27d1f7	8434	evidence/consumer-v5/runtime-work/jcc-after/m3/migration/intake-20261005/portable/pcr/consumer-1/target/surefire-reports/TEST-com.synexia.primitives.AdvancedAlgorithmShapesTest.xml
f1040d672acc646c44b6f058e26d75d2ca0c947c5bcac0e1b4c313df343799f3	8693	evidence/consumer-v5/runtime-work/jcc-after/m3/migration/intake-20261005/portable/pcr/consumer-1/target/surefire-reports/TEST-com.synexia.primitives.BoundedProviderRowsFailureAdmissionTest.xml
00ff33ba6e57ec5ad4c42a2d64f76b45494af1518808167e7d5de220e0b74d7c	8654	evidence/consumer-v5/runtime-work/jcc-after/m3/migration/intake-20261005/portable/pcr/consumer-1/target/surefire-reports/TEST-com.synexia.primitives.BulkPrimitiveRowProviderTest.xml
e30b7e69714e8cf11da797d691133e0c72a351f704c1d0e7c35b5c337c3d74f1	8513	evidence/consumer-v5/runtime-work/jcc-after/m3/migration/intake-20261005/portable/pcr/consumer-1/target/surefire-reports/TEST-com.synexia.primitives.CollectionContractsTest.xml
e1189f86eb318a8f8b51375f74ffb62c30c9aef35712f01d277ad976da7e7b23	8008	evidence/consumer-v5/runtime-work/jcc-after/m3/migration/intake-20261005/portable/pcr/consumer-1/target/surefire-reports/TEST-com.synexia.primitives.CollectionSupersetCountsTest.xml
6b694af2c8c7f73b36383c9f841837ab4e674e94a0564271ea70edb6f374ddad	7874	evidence/consumer-v5/runtime-work/jcc-after/m3/migration/intake-20261005/portable/pcr/consumer-1/target/surefire-reports/TEST-com.synexia.primitives.DenseCollectionsTest.xml
fa54f899764b8d05de1e3cbb5617fcb9f4a27321a11279fdec3db3e34d05dfb9	7897	evidence/consumer-v5/runtime-work/jcc-after/m3/migration/intake-20261005/portable/pcr/consumer-1/target/surefire-reports/TEST-com.synexia.primitives.ExactWidthCollectionsTest.xml
92d2c6b8b80095b38072e69dc75ebe85ef8fc47383dc10822c41225ba8ed1390	7916	evidence/consumer-v5/runtime-work/jcc-after/m3/migration/intake-20261005/portable/pcr/consumer-1/target/surefire-reports/TEST-com.synexia.primitives.ExtendedPrimitiveCollectionsTest.xml
6860839610eacfcf1c61e73fa371408558cd8e7feda89cb0ba645b6d2e15fafe	7896	evidence/consumer-v5/runtime-work/jcc-after/m3/migration/intake-20261005/portable/pcr/consumer-1/target/surefire-reports/TEST-com.synexia.primitives.FossCollectionDonorTest.xml
2179f5ff73ea67e2e36c66a90d6835a72503afed46bfa5cebdccec9344a44f28	7899	evidence/consumer-v5/runtime-work/jcc-after/m3/migration/intake-20261005/portable/pcr/consumer-1/target/surefire-reports/TEST-com.synexia.primitives.FossSemanticClosureTest.xml
fef7815fa49acf9aa23bcbffe46f6bd94632283de78408aae49fa737b755c907	8814	evidence/consumer-v5/runtime-work/jcc-after/m3/migration/intake-20261005/portable/pcr/consumer-1/target/surefire-reports/TEST-com.synexia.primitives.FuzzyAlgorithmFactoryTest.xml
22b94124ad094f6de8ecac97bb28f92f93cc65a344d76637f10ed4b1cf311fbf	8915	evidence/consumer-v5/runtime-work/jcc-after/m3/migration/intake-20261005/portable/pcr/consumer-1/target/surefire-reports/TEST-com.synexia.primitives.FuzzyAlgorithmFactoryWave2Test.xml
ee63ee6034baa816749bedbba548070b0e47d40bb55b99a776c0930617e1514c	9178	evidence/consumer-v5/runtime-work/jcc-after/m3/migration/intake-20261005/portable/pcr/consumer-1/target/surefire-reports/TEST-com.synexia.primitives.FuzzyStructureFactoryTest.xml
4eaa8b0cdf60f5bb28a431445bce70fb9ecb9b13ef51492aca73950a82a8cdeb	8707	evidence/consumer-v5/runtime-work/jcc-after/m3/migration/intake-20261005/portable/pcr/consumer-1/target/surefire-reports/TEST-com.synexia.primitives.LazySegmentedStorageTest.xml
1d3a127d4735440dd7f2f8b6b83d096a35178d8dc3de46d18b66002990a432ed	8428	evidence/consumer-v5/runtime-work/jcc-after/m3/migration/intake-20261005/portable/pcr/consumer-1/target/surefire-reports/TEST-com.synexia.primitives.LeanCollectionFactoryTest.xml
d39c14f1079b409ed8d5d555996c8357b9ab0911d72a5c8d606e88693e44b680	7908	evidence/consumer-v5/runtime-work/jcc-after/m3/migration/intake-20261005/portable/pcr/consumer-1/target/surefire-reports/TEST-com.synexia.primitives.MarkerPatternCollectionsTest.xml
1e6c0712c3a1a8f41daf097f534e2e8944f5167b3e9add933591aa6dc6c960f3	7756	evidence/consumer-v5/runtime-work/jcc-after/m3/migration/intake-20261005/portable/pcr/consumer-1/target/surefire-reports/TEST-com.synexia.primitives.MrpFactoryTest.xml
dec59d03d3e623296bb58fc2e86401197e8c9fb534cf7d55c61378292e6c2f78	8206	evidence/consumer-v5/runtime-work/jcc-after/m3/migration/intake-20261005/portable/pcr/consumer-1/target/surefire-reports/TEST-com.synexia.primitives.MrpIntentTest.xml
3a192397e3d2283e72c5256f86187505efb345d7f2d2763b6813cdb6785afef0	8699	evidence/consumer-v5/runtime-work/jcc-after/m3/migration/intake-20261005/portable/pcr/consumer-1/target/surefire-reports/TEST-com.synexia.primitives.ObjectCounterZeroMetadataRepairTest.xml
a4f6ff561875aef121d150d1790f51cd8d58473c89af894654545d10c0b18d57	10692	evidence/consumer-v5/runtime-work/jcc-after/m3/migration/intake-20261005/portable/pcr/consumer-1/target/surefire-reports/TEST-com.synexia.primitives.PcsTest.xml
d63931cb91ffba4673d9e498b26e61249c7eb183ebab40be1a2f0e703b7daecb	7914	evidence/consumer-v5/runtime-work/jcc-after/m3/migration/intake-20261005/portable/pcr/consumer-1/target/surefire-reports/TEST-com.synexia.primitives.PrimitiveCollectionSupersetTest.xml
78fab6131bf4a46806b20e4939843e9fc0e7e2931daf8023fffdb5cb9b71a576	7906	evidence/consumer-v5/runtime-work/jcc-after/m3/migration/intake-20261005/portable/pcr/consumer-1/target/surefire-reports/TEST-com.synexia.primitives.PrimitiveMpmcConcurrencyTest.xml
8268e9679af7864afd4b87068ce289802f164f6eda1b718937fad0de0e577779	8141	evidence/consumer-v5/runtime-work/jcc-after/m3/migration/intake-20261005/portable/pcr/consumer-1/target/surefire-reports/TEST-com.synexia.primitives.PrimitiveTouchObserverTest.xml
b14c42b91b1b7e812d6fca011859d9cf593a8ae4ffc08ee8353d4231ddc7c0e5	8280	evidence/consumer-v5/runtime-work/jcc-after/m3/migration/intake-20261005/portable/pcr/consumer-1/target/surefire-reports/TEST-com.synexia.primitives.ProviderBackedPrimitiveListTest.xml
f9e878b812f26301f91324a7fcfdeca73e33e3d704f831b37f4457b46d839b5e	8325	evidence/consumer-v5/runtime-work/jcc-after/m3/migration/intake-20261005/portable/pcr/consumer-1/target/surefire-reports/TEST-com.synexia.primitives.ProviderBackedPrimitiveLongTreeTest.xml
904775ea28dcf9a4c3e5c561dd8c5036e4e814458f21f93d3596acb11f22f5f1	8417	evidence/consumer-v5/runtime-work/jcc-after/m3/migration/intake-20261005/portable/pcr/consumer-1/target/surefire-reports/TEST-com.synexia.primitives.ProviderBackedPrimitiveRowsTest.xml
efc9493ec80f51df51e8cc2c2cbe80e81df53ce851c5d9684fccb8e953b75a1e	8976	evidence/consumer-v5/runtime-work/jcc-after/m3/migration/intake-20261005/portable/pcr/consumer-1/target/surefire-reports/TEST-com.synexia.primitives.ProviderBackedPrimitiveTreeSupersetTest.xml
fcecd8d810f9c6767604ea0e74e55491e108636376fe770a5e4c71a7c4c89ba0	8583	evidence/consumer-v5/runtime-work/jcc-after/m3/migration/intake-20261005/portable/pcr/consumer-1/target/surefire-reports/TEST-com.synexia.primitives.ProviderBackedPrimitiveTreeTest.xml
7f3567ab8ea65e5369682de1a524fb069f56255a665d89e3049865fd9c78a3c6	10500	evidence/consumer-v5/runtime-work/jcc-after/m3/migration/intake-20261005/portable/pcr/consumer-1/target/surefire-reports/TEST-com.synexia.primitives.ProviderCallbackSafetyTest.xml
50a27934222696b1a96ed79502837c215957bbbf74d3898063d64ee2e1fd7c15	8159	evidence/consumer-v5/runtime-work/jcc-after/m3/migration/intake-20261005/portable/pcr/consumer-1/target/surefire-reports/TEST-com.synexia.primitives.ProviderCallbackSupersetTest.xml
0fb6acc548dbc7778a340bc416066909cf465a89f4c8dd12ee5fced41fccde9c	8904	evidence/consumer-v5/runtime-work/jcc-after/m3/migration/intake-20261005/portable/pcr/consumer-1/target/surefire-reports/TEST-com.synexia.primitives.ProviderResidencySupersetTest.xml
970a14337597c864b0a50528fec487670817840aee73510afc0bbf0e3cee9aa3	8618	evidence/consumer-v5/runtime-work/jcc-after/m3/migration/intake-20261005/portable/pcr/consumer-1/target/surefire-reports/TEST-com.synexia.primitives.ProviderResidencyVersionedTreeTest.xml
689e1029b52d65d0d7f3cfe3ebd59734313240072bacf4d7e38b801bd317c672	7983	evidence/consumer-v5/runtime-work/jcc-after/m3/migration/intake-20261005/portable/pcr/consumer-1/target/surefire-reports/TEST-com.synexia.primitives.ProviderSerializationCompatibilityTest.xml
8aa409e27aad083416245adf875c9b7fef5f46c090ea853ddb99a3386116c118	7884	evidence/consumer-v5/runtime-work/jcc-after/m3/migration/intake-20261005/portable/pcr/consumer-1/target/surefire-reports/TEST-com.synexia.primitives.PurposeCollectionsTest.xml
d01ed7fac24e7de61105cdc3f23a1af00f48ab29d181afc157c3f28af0d0c311	9011	evidence/consumer-v5/runtime-work/jcc-after/m3/migration/intake-20261005/portable/pcr/consumer-1/target/surefire-reports/TEST-com.synexia.primitives.RecoveredSeriousAlgorithmShapesTest.xml
1328987e8e176be8977c76e814e004ac218c65435eda9a8a8483534540cb9851	8003	evidence/consumer-v5/runtime-work/jcc-after/m3/migration/intake-20261005/portable/pcr/consumer-1/target/surefire-reports/TEST-com.synexia.primitives.TouchAwarePrimitiveRowProviderTest.xml
0920e7ff2e63816f0552091b8177e666f9a5886e1f406653906347c22475fb6e	8196	evidence/consumer-v5/runtime-work/jcc-after/m3/migration/intake-20261005/portable/pcr/consumer-1/target/surefire-reports/TEST-com.synexia.primitives.VersionedProviderLookupCounterTest.xml
0847ae086a0efedda785da8abac3cb93faa1c6b19a73ef3608052b016bd7d12d	8822	evidence/consumer-v5/runtime-work/jcc-after/m3/migration/intake-20261005/portable/pcr/consumer-1/target/surefire-reports/TEST-com.synexia.primitives.ZeroMetadataHashTest.xml
f17508a5818dd59ae7c4482136f05860510180d38529caf6d1ca781f7ad279ef	948	evidence/consumer-v5/runtime-work/jcc-after/m3/migration/intake-20261005/portable/pcr/consumer-1/tooling.json
5a6211430e935fb53f9a2e8a593a4feb42468f9dcfc55024c312adf3dd03b9d3	8968	evidence/consumer-v5/runtime-work/jcc-after/m3/migration/intake-20261005/portable/pcr/outputs.json
bce1d43153ff314030eaf27f93108105a3f876e7364d71fe3a4c4f2883db99d0	10611	evidence/consumer-v5/runtime-work/jcc-after/m3/migration/intake-20261005/portable/pcr/outputs/synexia-common/src/main/java/com/synexia/common/collections/jdk/PackedLazyValueState.java
34ae724febc38948d095222f403e5b4a351ab08cc3ea0e129c56bb012744255c	29216	evidence/consumer-v5/runtime-work/jcc-after/m3/migration/intake-20261005/portable/pcr/outputs/synexia-common/src/test/java/com/synexia/common/collections/jdk/PackedLazyCallbackSafetyTest.java
7e239cc9f87b05b39db1e0cddd81dc842ab07f8df5d49e20a585867becce0979	18419	evidence/consumer-v5/runtime-work/jcc-after/m3/migration/intake-20261005/portable/pcr/outputs/synexia-common/src/test/java/com/synexia/common/collections/jdk/PackedLazyTreeMapSelfTest.java
137e7c9b741ef312c419a15f905d1f22cd40b30f6a13d65592883aa884c7170d	9557	evidence/consumer-v5/runtime-work/jcc-after/m3/migration/intake-20261005/portable/pcr/outputs/synexia-primitives/src/main/java/com/synexia/primitives/BoundedProviderBackedPrimitiveLongTree.java
c790a117f18812c6ab4106b867fc2d2962255763a29d1d3bcf2cd209962a1d37	11605	evidence/consumer-v5/runtime-work/jcc-after/m3/migration/intake-20261005/portable/pcr/outputs/synexia-primitives/src/main/java/com/synexia/primitives/BoundedProviderBackedPrimitiveRows.java
66929697ffc39003a1fa1d015975a6a03fbba20531bbc17b5f535bc8f08cf2f4	12996	evidence/consumer-v5/runtime-work/jcc-after/m3/migration/intake-20261005/portable/pcr/outputs/synexia-primitives/src/main/java/com/synexia/primitives/BoundedProviderBackedPrimitiveTree.java
aaa96b03ad1ac7115ec4f012526939d5e12d1bcb4cc5f4fa4c3f25d02f5656d2	10480	evidence/consumer-v5/runtime-work/jcc-after/m3/migration/intake-20261005/portable/pcr/outputs/synexia-primitives/src/main/java/com/synexia/primitives/BoundedVersionedProviderBackedPrimitiveLongTree.java
21fa5ac34877acf45336e1a7efa82966e097fd4ab1f62ae9f54b4ee3ad4f56e0	3410	evidence/consumer-v5/runtime-work/jcc-after/m3/migration/intake-20261005/portable/pcr/outputs/synexia-primitives/src/main/java/com/synexia/primitives/ObjectCounterMap.java
8d5e8c505158bc60e41dcda5a16d468c293aa11948d0e3c93d6500634c0e345d	20592	evidence/consumer-v5/runtime-work/jcc-after/m3/migration/intake-20261005/portable/pcr/outputs/synexia-primitives/src/main/java/com/synexia/primitives/ProviderBackedPrimitiveRows.java
2ca650f68fd0450a2886ae303b0b91eafdffe326464abf8ae5a1d669a78a5adb	8252	evidence/consumer-v5/runtime-work/jcc-after/m3/migration/intake-20261005/portable/pcr/outputs/synexia-primitives/src/main/java/com/synexia/primitives/VersionedProviderBackedPrimitiveLongTree.java
d96abf1b94b58467a158cf6985012fa9e3b4c5dbedfe724f85881af6b3ab6b3f	15329	evidence/consumer-v5/runtime-work/jcc-after/m3/migration/intake-20261005/portable/pcr/outputs/synexia-primitives/src/test/java/com/synexia/primitives/BoundedProviderRowsFailureAdmissionTest.java
13499edabbaa9f69e28da6bd1e0f985ce502a7de91abd4f1845b26af0b491a26	14617	evidence/consumer-v5/runtime-work/jcc-after/m3/migration/intake-20261005/portable/pcr/outputs/synexia-primitives/src/test/java/com/synexia/primitives/BulkPrimitiveRowProviderTest.java
64f95e0c5cc521ffe0f4dbf5f591ef8affa5233a1d88c8df5446b9a449cbf8fe	12305	evidence/consumer-v5/runtime-work/jcc-after/m3/migration/intake-20261005/portable/pcr/outputs/synexia-primitives/src/test/java/com/synexia/primitives/ExactWidthCollectionsSelfTest.java
f7272d4ca18106de32c03bf52ae7894f6e08a0f8dca12e0883830596d5048401	7342	evidence/consumer-v5/runtime-work/jcc-after/m3/migration/intake-20261005/portable/pcr/outputs/synexia-primitives/src/test/java/com/synexia/primitives/ObjectCounterZeroMetadataRepairTest.java
4fa7b2ca8086982bfc6e47d7ab2af8bac8537a2f245f70bc2bf06f3bb2c62940	68319	evidence/consumer-v5/runtime-work/jcc-after/m3/migration/intake-20261005/portable/pcr/outputs/synexia-primitives/src/test/java/com/synexia/primitives/PcsProbe.java
012ce8ac2d50bcfedaaff2ac9604b589b58b5b9e8b018ae524906bba965aaa9c	3748	evidence/consumer-v5/runtime-work/jcc-after/m3/migration/intake-20261005/portable/pcr/outputs/synexia-primitives/src/test/java/com/synexia/primitives/PcsTest.java
08bdfe2a0cedf372b4b765765297358dcc4fddb88282a8bb391024bc881d3a57	6342	evidence/consumer-v5/runtime-work/jcc-after/m3/migration/intake-20261005/portable/pcr/outputs/synexia-primitives/src/test/java/com/synexia/primitives/ProviderCallbackSupersetProbe.java
035b67874278adae7381d61c12eb368312573928d3ded5a35dfa40b2915ef79f	10205	evidence/consumer-v5/runtime-work/jcc-after/m3/migration/intake-20261005/portable/pcr/outputs/synexia-primitives/src/test/java/com/synexia/primitives/ProviderCallbackSupersetTest.java
f10da50534f059a422106021392cdb21e86172a9bbc025431024fe86e68d5b84	12353	evidence/consumer-v5/runtime-work/jcc-after/m3/migration/intake-20261005/portable/pcr/outputs/synexia-primitives/src/test/java/com/synexia/primitives/ProviderResidencySupersetTest.java
78b23ce5fbc6d941b829577498b017f19dfa7c65a5767cdfdad55d0e34cf8edf	6138	evidence/consumer-v5/runtime-work/jcc-after/m3/migration/intake-20261005/portable/pcr/outputs/synexia-primitives/src/test/java/com/synexia/primitives/VersionedProviderLookupCounterTest.java
32031319fd7a59e7ecd282525981e1e3bf2874a7c6d086ca63ac5002dbbf8a86	735	evidence/consumer-v5/runtime-work/jcc-after/m3/migration/intake-20261005/portable/pcr/recipe/PATCH.json
adce0fb4251ed4efa2dff2ec0818a0c7d9be585893241d8b7c2fda0a6c919a20	2740	evidence/consumer-v5/runtime-work/jcc-after/m3/migration/intake-20261005/portable/pcr/recipe/RESULT.json
b85115ed7ffa8ce93bcc58fa5216212040294d33a93b9e322ff448304e0360a4	25339	evidence/consumer-v5/runtime-work/jcc-after/m3/migration/intake-20261005/portable/pcr/recipe/build-artifacts.json
437aec6e49b1888fbeb9c0df20e4c8559c8bd6370050f8504caab993681f629e	897	evidence/consumer-v5/runtime-work/jcc-after/m3/migration/intake-20261005/portable/pcr/recipe/chain/01-lint.json
e3b0c44298fc1c149afbf4c8996fb92427ae41e4649b934ca495991b7852b855	0	evidence/consumer-v5/runtime-work/jcc-after/m3/migration/intake-20261005/portable/pcr/recipe/chain/01-lint.stderr.log
5a05902987213afc6ba9251310eac97ecd6afd7d56c4c1d81c1b0ad11b89aa8b	202	evidence/consumer-v5/runtime-work/jcc-after/m3/migration/intake-20261005/portable/pcr/recipe/chain/01-lint.stdout.log
4dcfbce6f5beee84f374681944a9f31292f1e5de54454a4f4c5514d56ba9590a	925	evidence/consumer-v5/runtime-work/jcc-after/m3/migration/intake-20261005/portable/pcr/recipe/chain/02-compile.json
e3b0c44298fc1c149afbf4c8996fb92427ae41e4649b934ca495991b7852b855	0	evidence/consumer-v5/runtime-work/jcc-after/m3/migration/intake-20261005/portable/pcr/recipe/chain/02-compile.stderr.log
bb41640c661c37cf593b3945c17780c4a5e1d95a1873f0287ebe5d8abdff4701	1821	evidence/consumer-v5/runtime-work/jcc-after/m3/migration/intake-20261005/portable/pcr/recipe/chain/02-compile.stdout.log
61ac4803a2443552b09dc1586b17275a96353ddbfcbe35fa51a09b40b76c7b5b	942	evidence/consumer-v5/runtime-work/jcc-after/m3/migration/intake-20261005/portable/pcr/recipe/chain/03-test.json
56fcd7c40a33c7d85107cbe67c4ef8dde09b80d73c6f9f767dacbe12fb379b77	55624	evidence/consumer-v5/runtime-work/jcc-after/m3/migration/intake-20261005/portable/pcr/recipe/chain/03-test.stderr.log
079aab86d52f19c8e66e0ca3f349f486508adaba1fe42bd085991a7c31ba5d19	3574	evidence/consumer-v5/runtime-work/jcc-after/m3/migration/intake-20261005/portable/pcr/recipe/chain/03-test.stdout.log
cc1e3e987a1779c4b74642e7919271eac9569af15b6fe741f4bef370ac879651	968	evidence/consumer-v5/runtime-work/jcc-after/m3/migration/intake-20261005/portable/pcr/recipe/chain/04-runtime.json
cc6a2fa3cf7eab0c26df639b7cabf672e18924eed987269aa186516d2ab3b44c	7974	evidence/consumer-v5/runtime-work/jcc-after/m3/migration/intake-20261005/portable/pcr/recipe/chain/04-runtime.stderr.log
4159d17b22feaf3bfa945de8ac38bad8cefc785b8fd8a7abfcebad097abb1532	655	evidence/consumer-v5/runtime-work/jcc-after/m3/migration/intake-20261005/portable/pcr/recipe/chain/04-runtime.stdout.log
5d3116fe295ef6038b4091425852b049c6520c1b6f6b56736910d6a3fc945625	27666	evidence/consumer-v5/runtime-work/jcc-after/m3/migration/intake-20261005/portable/pcr/recipe/commands.json
3b906207157d2fca3bede9bb51cc5310cb31c1f7b104d7b51a06b6be714d6041	464197	evidence/consumer-v5/runtime-work/jcc-after/m3/migration/intake-20261005/portable/pcr/recipe/inputs.json
3ca48604dcde53c1f88bf3429b4574fe2eee177fb2d4a8309c57d38f5cebafea	1456	evidence/consumer-v5/runtime-work/jcc-after/m3/migration/intake-20261005/portable/pcr/recipe/junit-report.json
be42c1c429c4a40fbce3499fa8d47ab380606fb6605843435751eaef80f3bcaa	4750	evidence/consumer-v5/runtime-work/jcc-after/m3/migration/intake-20261005/portable/pcr/recipe/materialization/manifest.tsv
9cf4228a2ecbfd8695ab03a9870ce4903be570537317d09a3f933bd96f0d73b3	10098	evidence/consumer-v5/runtime-work/jcc-after/m3/migration/intake-20261005/portable/pcr/recipe/runtime-1.json
e40f2940459bbc269300f8837730ef0727727b34b033feca76b08e5cefd5ec9c	3976	evidence/consumer-v5/runtime-work/jcc-after/m3/migration/intake-20261005/portable/pcr/recipe/runtime-1.stderr.log
30fa3c33f3cfee61fb188922371d0303ef1f43f4fda7ad9e734c7fa150d2ed85	142	evidence/consumer-v5/runtime-work/jcc-after/m3/migration/intake-20261005/portable/pcr/recipe/runtime-1.stdout.log
aaa07c9c157f27e6cca61cda2e5a9827caf26d50efbfdf2d982ee31813880853	10101	evidence/consumer-v5/runtime-work/jcc-after/m3/migration/intake-20261005/portable/pcr/recipe/runtime-2.json
648820c4fc7941c9aae4fb4af8683c4a1ba40abacda34a1d71bd3e6b6dfd9639	3998	evidence/consumer-v5/runtime-work/jcc-after/m3/migration/intake-20261005/portable/pcr/recipe/runtime-2.stderr.log
f53be2e5312754197381ee5314f4dffb76a5ef4b8715f12777b523ca7d4e0b92	163	evidence/consumer-v5/runtime-work/jcc-after/m3/migration/intake-20261005/portable/pcr/recipe/runtime-2.stdout.log
b31e20b9ca8f103d88d9c7f029a599190515df7ad238022d8e7ca2f49658086c	20449	evidence/consumer-v5/runtime-work/jcc-after/m3/migration/intake-20261005/portable/pcr/recipe/runtime-report.json
fecadfe457dbeaea52398829830d061b0ea3be0192bfa3e39a4480eb307ff791	55219	evidence/consumer-v5/runtime-work/jcc-after/m3/migration/intake-20261005/portable/pcr/recipe/staging.json
aafb48dba65272856b7eb9c9036b581ec77561b49182f60bb8efab3f31f78c32	17004	evidence/consumer-v5/runtime-work/jcc-after/m3/migration/intake-20261005/portable/pcr/recipe/target/surefire-reports/TEST-com.synexia.rewrite.M3ProviderCallbackSupersetRecipeTest.xml
7dfc2c5ad3695af4ebcaddbed4ce7e1195cf9735e9691ace7335f16cd1dafcf9	36983	evidence/consumer-v5/runtime-work/jcc-after/m3/migration/intake-20261005/portable/pcr/recipe/target/surefire-reports/TEST-com.synexia.rewrite.M3VersionedProviderSyntaxRepairRecipeTest.xml
2bdaf31f09c23d676a6e1ac288730a83b78a09902d7e4f07c4f917c1afb0955f	35728	evidence/consumer-v5/runtime-work/jcc-after/m3/migration/intake-20261005/portable/pcr/recipe/target/surefire-reports/TEST-com.synexia.rewrite.PcrTest.xml
13f386d2d11d29a1e7875df4808ab18c3e9c3f8aa0102656f97e914566336366	35584	evidence/consumer-v5/runtime-work/jcc-after/m3/migration/intake-20261005/portable/pcr/recipe/target/surefire-reports/TEST-com.synexia.rewrite.PcsTest.xml
ddbb325790edab61a3ea52a7622fde812d5dd353bc588f66f6f6fc0fd29b8587	941	evidence/consumer-v5/runtime-work/jcc-after/m3/migration/intake-20261005/portable/pcr/recipe/tooling.json
ad1aa88119d8dbf5ab5a3fc64a43bd67bc67df8aadcde9139c663b15a042f1c2	6437	evidence/consumer-v5/runtime-work/jcc-after/m3/migration/intake-20261005/portable/review-receipt.json
ed6713a8c3f3aa6ae1ea5ee1ac256b4670bb183fa2d4fd234f502468fc864a42	3212	evidence/consumer-v5/runtime-work/jcc-after/m3/migration/intake-20261005/portable/upstream-bindings.json
af2c0ea782643d6860d10a3d9c35706781072a361fb74a8cf6ed4caa6236e5d6	11078	evidence/consumer-v5/runtime-work/jcc-after/m3/migration/intake-20261005/prepare.py
71d0acf5ccd6ddcfe99733c4b46ca075e21423519b775eb5544bf6691505ea23	7346	evidence/consumer-v5/runtime-work/jcc-after/m3/migration/intake-20261005/reconcile-8131/INDEPENDENT-UNION-REVIEW.json
3140360e8fd4e29aae73d59ddc3de902c5527e69428ca6200d6983f20831ee85	4763	evidence/consumer-v5/runtime-work/jcc-after/m3/migration/intake-20261005/reconcile-8131/README.md
245fcd73135ef418a30ee350049719574f86222e08c63219d883119b3dc8321f	363157	evidence/consumer-v5/runtime-work/jcc-after/m3/migration/intake-20261005/reconcile-8131/crate/after/0.txt
1662cd99e60e03692e95bfdeb51dbf46c5c990dac7d5cadbd5e1ddb5fcad52fe	12660	evidence/consumer-v5/runtime-work/jcc-after/m3/migration/intake-20261005/reconcile-8131/crate/after/1.txt
8034d77f1124584888dce10760bd2f5dae55eeb93497f7a0db1d09a3a197ec5f	2873	evidence/consumer-v5/runtime-work/jcc-after/m3/migration/intake-20261005/reconcile-8131/crate/after/2.txt
54114c84b923790cea717f85bdb78574aa3c14e00e1419e68c5cef7d8d87b1b4	13206	evidence/consumer-v5/runtime-work/jcc-after/m3/migration/intake-20261005/reconcile-8131/crate/after/3.txt
8e229715d6783906b1ee249bb2707cdb5e412146219be6037154927abac893ea	340001	evidence/consumer-v5/runtime-work/jcc-after/m3/migration/intake-20261005/reconcile-8131/crate/before/0.txt
3cfe511098ff3b6caafb1f1e04f94b448e02e25f160fe98427531fc8c77a1555	11255	evidence/consumer-v5/runtime-work/jcc-after/m3/migration/intake-20261005/reconcile-8131/crate/before/1.txt
67f1f39883358ce6a1c80b014782ebcb232d2bc25a2526355f1e2b2ff51157c1	2742	evidence/consumer-v5/runtime-work/jcc-after/m3/migration/intake-20261005/reconcile-8131/crate/plan.json
152991c42a08db1901dd4dc6c3966cc5bf35674cc116c7447e2961dc9cbf164a	1996	evidence/consumer-v5/runtime-work/jcc-after/m3/migration/intake-20261005/reconcile-8131/derivation.json
8f6ca7c15f40440752848bf38669b0034f94fe81dc30d60d2d3d736eae6d12e0	7226	evidence/consumer-v5/runtime-work/jcc-after/m3/migration/intake-20261005/reconcile-8131/derive.py
66f13e01ad1e0550b5d60eb1c285cd9b9674a825fb5f228b50c3ac70ba92b575	11030	evidence/consumer-v5/runtime-work/jcc-after/m3/migration/intake-20261005/reconcile-8131/evidence/RESULT.json
1fd9ad903228e487af581c23bafc0abcd8448ca1fe9a04ab4d2c11b670e5c76d	17759	evidence/consumer-v5/runtime-work/jcc-after/m3/migration/intake-20261005/reconcile-8131/evidence/manifest.json
ae4758723f215fda7db7568df5441d83a773eabc7791f86505ca9dfc7c1416db	6437	evidence/consumer-v5/runtime-work/jcc-after/m3/migration/intake-20261005/reconcile-8131/evidence/review-receipt.json
67d40925b97a38c3c1a85f337806524ac590a540bd39647b3e4b0988f2ae3fbb	196161	evidence/consumer-v5/runtime-work/jcc-after/m3/migration/intake-20261005/reconcile-8131/inputs/base.json
8e229715d6783906b1ee249bb2707cdb5e412146219be6037154927abac893ea	340001	evidence/consumer-v5/runtime-work/jcc-after/m3/migration/intake-20261005/reconcile-8131/inputs/head.json
536af76dd7b7b7217707662c2f1437af4adaa53af898627b0884e0b4f4603ace	220539	evidence/consumer-v5/runtime-work/jcc-after/m3/migration/intake-20261005/reconcile-8131/inputs/master.json
109173cb43fd91e084415284083d0d0ff92a1039a0b21216b7336c0a2c3dcf2e	91316	evidence/consumer-v5/runtime-work/jcc-after/m3/migration/intake-20261005/reconcile-8131/inputs/packet.json
3b556b885af4b5afeb0b9f22a4bcceea93b6c836125019bde1534652d77c7639	91316	evidence/consumer-v5/runtime-work/jcc-after/m3/migration/intake-20261005/reconcile-8131/packet.json
f7cf73e317b702284cf0d2d995949609b8007d2c283b3cb749ff14c7f656bea2	2092	evidence/consumer-v5/runtime-work/jcc-after/m3/migration/intake-20261005/reconcile-8131/pom.xml
1ccb0686629b097fba379c8e172660a32dc5a5b1a85169d113f7b0eb1daf3ead	8146	evidence/consumer-v5/runtime-work/jcc-after/m3/migration/intake-20261005/reconcile-8131/test/test_union.py
1cfe107b886e495046ec77f74a2739705b403251ae4fafe640f0fe46ed656ed8	93931	evidence/consumer-v5/runtime-work/jcc-after/m3/migration/intake-20261005/source-root.json
c258794d343159993d4731fc28b7577686525f3af5f5b817a114ac17a5d2e470	5911	evidence/consumer-v5/runtime-work/jcc-after/m3/migration/inventory.py
2b16e0729476a28ff827562875404ddb6aa24b03fea7457de977a3a47809959a	1957	evidence/consumer-v5/runtime-work/jcc-after/m3/migration/jdk-consolidation-v1.yaml
9b54d2b90a7ee8ce8f575213d54dfc15a0f1d3b1569a1c3d57b087b68b64609a	9504	evidence/consumer-v5/runtime-work/jcc-after/m3/migration/lineage.py
ab728f887e0bd418bd02445f72a63d6eaa675892fbe28ba1619692f00aadadeb	1548	evidence/consumer-v5/runtime-work/jcc-after/m3/migration/mapping.schema.json
4114b546749888ec5e6065ea6087d39ea63bafb6ce5881e2239eafaade3b7787	56771	evidence/consumer-v5/runtime-work/jcc-after/m3/migration/migration.py
90f3d5de0cee771553bc2b57b5164d280d04d9e5d1f2b8e4617388b124e45923	6492	evidence/consumer-v5/runtime-work/jcc-after/m3/migration/observed-baselines.json
579e16ad7591bf27deaf35c2178dde7b050ebfc4c631302d0d07b85d6805cfba	1748	evidence/consumer-v5/runtime-work/jcc-after/m3/migration/pinned-dependencies.json
d412621253194c7512be90e730c8dbf74eb552f7eb4717e02aa776c8c263d7d7	1598	evidence/consumer-v5/runtime-work/jcc-after/m3/migration/pom.xml
453d976a5f29526432be138b357d3f52f868fcc40a4ee697d969cc0836359628	9860	evidence/consumer-v5/runtime-work/jcc-after/m3/migration/recipe.py
a28301f443314e6ece0e918d7d3af655fe127578380f15c9860a0db2702a5601	1272	evidence/consumer-v5/runtime-work/jcc-after/m3/migration/recipes/baselines/name-mapping.v1.json
93dbde74109df4498be0351978f0b861db9fd0f3f9d4d833140308850366399a	5081	evidence/consumer-v5/runtime-work/jcc-after/m3/migration/recipes/postimages/M3PrefixZ.java.txt
54251ed210b9ed280919968a6ea13f0b6ed6e590fbf92090d13b4495f05f4217	1028	evidence/consumer-v5/runtime-work/jcc-after/m3/migration/recipes/prefix-z-v1.tsv
bdba948e9222f540dff178ccceebf97e496e1c360257c6434b8eac8cabf154a5	73	evidence/consumer-v5/runtime-work/jcc-after/m3/migration/requirements.txt
98dceb71a2a83e431d2417a613a23f825967718ae4a540585ab860e8ee2f33a9	5265	evidence/consumer-v5/runtime-work/jcc-after/m3/migration/run-tests.py
2ebbdcf2de012a0f91aff0df5acbff0eb91439ead515aa06df6ff8424508f854	6978	evidence/consumer-v5/runtime-work/jcc-after/m3/migration/run_local.py
9b846f35e1473f62d2cf0914751cc75ddbee986b4bf11af0039307cf1adcdff1	1642	evidence/consumer-v5/runtime-work/jcc-after/m3/migration/source-files.json
964f0fc3611f259562adca7f7a9ec581d149f16b4dfcc9a3c775a2a8ca53f864	7282	evidence/consumer-v5/runtime-work/jcc-after/m3/migration/source-recipe/MIndexJoinedChars.after.java.txt
712c1c795ff1e0d6dea099eaec8fa6e64803adfc12bad6f31970b722c659d396	5188	evidence/consumer-v5/runtime-work/jcc-after/m3/migration/source-recipe/MIndexJoinedChars.before.java.txt
4011d6907a39b65d4b15022c2b4382f4072a9e1e0f440d1a0f055ccf279778aa	1649	evidence/consumer-v5/runtime-work/jcc-after/m3/migration/source-recipe/source-plan.json
5baee59ad560a2ee2134ac0f0ad8b64914a31099f0b57f0b06d901dc96347d90	15906	evidence/consumer-v5/runtime-work/jcc-after/m3/migration/src/com/m3/migration/ExactFileRecipe.java
bc6d57072811b232b774a835615c8ede038b5cbbb19a4f8d48badae25214ceea	10089	evidence/consumer-v5/runtime-work/jcc-after/m3/migration/test/RecipeContractTest.java
765f001aa41f95c1dfd9994ba64101526ce0324ede896228803133ec9313b9e9	77751	evidence/consumer-v5/runtime-work/jcc-after/m3/migration/test/test_intake.py
cfe8e8930916ef96c7d23dd9d0942f082c5eb1d6cf4b2a2f6e9f3d69d8fa3e41	3341	evidence/consumer-v5/runtime-work/jcc-after/m3/migration/test/test_intake_recipe.py
9d79d07bb31ded0e5ec9eebef1095ae25be8f20c55f9e72aee4ba64852790594	16119	evidence/consumer-v5/runtime-work/jcc-after/m3/migration/test/test_jcc_handoff_context_profiles.py
30a838a363fb05f9c1caf48fd36c0a67de0767708e4b198b77af37ee0c41eb63	7629	evidence/consumer-v5/runtime-work/jcc-after/m3/migration/test/test_jcc_handoff_current_context.py
fde72eb9f2b682f50004defbc70e6d886a3f646abb0d89c0aec5de8ab0dbd30d	13634	evidence/consumer-v5/runtime-work/jcc-after/m3/migration/test/test_jcc_handoff_packet.py
01fa8c629c0002974a86c0ee363817f383ae4c88c61a399cc619d61c86c24413	13490	evidence/consumer-v5/runtime-work/jcc-after/m3/migration/test/test_migration.py
afc1cfb022fba96d3bd91c54bf513b39d72a00ec1cba42acbbab538c9bf62675	2403	evidence/consumer-v5/runtime-work/jcc-after/m3/migration/test_inventory.py
f199c2fee47083db7aff923364ab69fdaeb3fbd31e8dcf02e6487dbbf429ba59	6818	evidence/consumer-v5/runtime-work/jcc-after/m3/migration/test_lineage.py
8b0785cc9d50384d8613ea4deb34a530fdd1f1fe0b75f98e3a64425ab6c39d77	9408	evidence/consumer-v5/runtime-work/jcc-after/m3/migration/test_recipe.py
1b2715cd550d269a0fbcb18b7d04279ed7b8d82edba6aa53a326d0ca20f095a1	1994	evidence/consumer-v5/runtime-work/jcc-after/m3/migration/test_run_local.py
14b999b366195420e5b1bee9a4f994983e24695f3f4383b3826d12ef177968f4	2013	evidence/consumer-v5/runtime-work/jcc-after/m3/migration/vi-census.json
342fd106c99861d7a484950ae9e0b2b28a65fd0d78a1e143974683346fc608ad	353613	evidence/consumer-v5/runtime-work/jcc-after/m3/migration/vi-census.tsv
8124b37765f457df8d8aa6b9b89f54efba8845e4fdec399f4d41e809c3956a36	1622	evidence/consumer-v5/runtime-work/jcc-after/m3/pom.xml
7e6c55be2a2947b0036714a389cbf0b3aa6f5a508c8d353d2a1555d7a65342e4	1336	evidence/consumer-v5/runtime-work/jcc-after/m3/ports/indexstring/README.md
0516470110617d5c96d6bf9c35aa21db4bc414365e82f030cc960966c43df42f	2392	evidence/consumer-v5/runtime-work/jcc-after/m3/ports/indexstring/native-test/NativeBoundaryTest.java
d0d80b7bb929d67eb6265c3dbf69b99e7d335fa3f972e677f493ffed62dc27c6	3522	evidence/consumer-v5/runtime-work/jcc-after/m3/ports/indexstring/native-test/boundary.c
122d60c6df640b25c2665e68819cae4571cb9ffbe54c710edbdc7f73419e9f93	1504	evidence/consumer-v5/runtime-work/jcc-after/m3/ports/indexstring/pom.xml
1b1cefc353a1ab814b4e1b352aefa90624d392d5985a3af9cd1fc03221e6768d	2196	evidence/consumer-v5/runtime-work/jcc-after/m3/ports/indexstring/recipe.json
2f1c52feaa5c81462a469c84d847448840cfa75db5a0f1d40c72241718417653	12063	evidence/consumer-v5/runtime-work/jcc-after/m3/ports/indexstring/src/main/java/com/m3/text/compat/M3Text.java
cb50139594817d5cb2477c4d67148d4aed2174299f05cff9a3b24416139bc6b4	4037	evidence/consumer-v5/runtime-work/jcc-after/m3/ports/indexstring/src/main/java/com/synexia/indexstring/FrozenBytes.java
0c03ca0ed8b42212fa92e4d5f9325ba864f8d11928cd6a0b030b861f668f0657	3868	evidence/consumer-v5/runtime-work/jcc-after/m3/ports/indexstring/src/main/java/com/synexia/indexstring/FrozenChars.java
206cd1ecb96bec037c59b531c13dd7029e4ce79f1b50bfdfccc64dfd6279e74b	3259	evidence/consumer-v5/runtime-work/jcc-after/m3/ports/indexstring/src/main/java/com/synexia/indexstring/MIndexJoinedBytes.java
964f0fc3611f259562adca7f7a9ec581d149f16b4dfcc9a3c775a2a8ca53f864	7282	evidence/consumer-v5/runtime-work/jcc-after/m3/ports/indexstring/src/main/java/com/synexia/indexstring/MIndexJoinedChars.java
f42c548a4fd47d3dac43283082125232e04d5f13f28b63521832493394176337	10303	evidence/consumer-v5/runtime-work/jcc-after/m3/ports/indexstring/src/main/java/com/synexia/indexstring/MIndexJoinedStorageIntern.java
a4f0e0cd7b3e8701aba21b8b14b068cc2d3822e17dc066daa442cbc580404a80	5955	evidence/consumer-v5/runtime-work/jcc-after/m3/ports/indexstring/src/main/java/com/synexia/indexstring/MIndexJoinedStreams.java
5d1126d8e65572e28da4218dedcb458843d7c7d6b0f6a51e020188f55ed73869	4426	evidence/consumer-v5/runtime-work/jcc-after/m3/ports/indexstring/src/test/java/ExistingSurfaceTest.java
c47599eebd2a0513fa3d5d15960d37e528debe29487785b5db9b6fa80123c771	2276	evidence/consumer-v5/runtime-work/jcc-after/m3/ports/indexstring/src/test/java/PortMicrobench.java
a5841e1f9c61fc3b41577cba9b9ba373964f136ab5e833d6ce61e10be8b548aa	13813	evidence/consumer-v5/runtime-work/jcc-after/m3/ports/indexstring/src/test/java/RetainedViewTest.java
cb50139594817d5cb2477c4d67148d4aed2174299f05cff9a3b24416139bc6b4	4037	evidence/consumer-v5/runtime-work/jcc-after/m3/ports/indexstring/templates/FrozenBytes.java.txt
0c03ca0ed8b42212fa92e4d5f9325ba864f8d11928cd6a0b030b861f668f0657	3868	evidence/consumer-v5/runtime-work/jcc-after/m3/ports/indexstring/templates/FrozenChars.java.txt
2f1c52feaa5c81462a469c84d847448840cfa75db5a0f1d40c72241718417653	12063	evidence/consumer-v5/runtime-work/jcc-after/m3/ports/indexstring/templates/M3Text.java.txt
206cd1ecb96bec037c59b531c13dd7029e4ce79f1b50bfdfccc64dfd6279e74b	3259	evidence/consumer-v5/runtime-work/jcc-after/m3/ports/indexstring/templates/MIndexJoinedBytes.java.txt
964f0fc3611f259562adca7f7a9ec581d149f16b4dfcc9a3c775a2a8ca53f864	7282	evidence/consumer-v5/runtime-work/jcc-after/m3/ports/indexstring/templates/MIndexJoinedChars.java.txt
f42c548a4fd47d3dac43283082125232e04d5f13f28b63521832493394176337	10303	evidence/consumer-v5/runtime-work/jcc-after/m3/ports/indexstring/templates/MIndexJoinedStorageIntern.java.txt
a4f0e0cd7b3e8701aba21b8b14b068cc2d3822e17dc066daa442cbc580404a80	5955	evidence/consumer-v5/runtime-work/jcc-after/m3/ports/indexstring/templates/MIndexJoinedStreams.java.txt
d685259f97e7e145fc279f8d34ebe9fe2523aa16124b2942ffab1e7a2c40ee27	1978	evidence/consumer-v5/runtime-work/jcc-after/m3/recipes/apply.py
dd0e245fb086c0bc5c0081fcef256dbdf7dc6d6cf4956b87bbd40ab524dee791	4106	evidence/consumer-v5/runtime-work/jcc-after/m3/recipes/manifest.json
9a5c76b244f55fb334f6975d70032aab91aa779915328f4a2a819ead0b7b7d4c	1373	evidence/consumer-v5/runtime-work/jcc-after/m3/recipes/refresh-manifest.py
605409f4863b7e83653c0d29cc7cb27ff0b70bb8f0e751da861faa013b507924	2538	evidence/consumer-v5/runtime-work/jcc-after/m3/recipes/test_recipe.py
32dae3052f331ee34d628ef535709b301259a45df7c7522c4d35dcf49873f00b	13	evidence/consumer-v5/runtime-work/jcc-after/m3/runtime-integration/.gitignore
8e29efa3c2621a4ff2d85fad952e1128984c7f4805bc4aa448642f06bbed5364	4937	evidence/consumer-v5/runtime-work/jcc-after/m3/runtime-integration/FOSS_REUSE_DECISION.tsv
42f51d4f7af1e836784ccc294c1f393df9a6931c3a2db73b74e385ddc578aec4	7785	evidence/consumer-v5/runtime-work/jcc-after/m3/runtime-integration/README.md
1e40c9b5ad1ff4acb19aaea7eab0f0278934369c7d57a7bab68a0a785f6a4e63	1786	evidence/consumer-v5/runtime-work/jcc-after/m3/runtime-integration/build-lexicon.py
6880e796f7efc1b1c980d25433a71d9296d3943178618991bea571333875aa4a	2244	evidence/consumer-v5/runtime-work/jcc-after/m3/runtime-integration/char-array-copy/README.md
189aff7dabea2e5d9e1a55a4fe7777e2297b87a62c49ade72bf0b7581d8f8bfe	9193	evidence/consumer-v5/runtime-work/jcc-after/m3/runtime-integration/char-array-copy/recipe/apply.py
aa38a0ae482f8d99007f93cdd8a9f907547d6beeefb947b817b179e39b20148e	769	evidence/consumer-v5/runtime-work/jcc-after/m3/runtime-integration/char-array-copy/recipe/manifest.json
64c74091c19c14c048bd1ed46468fbe2c035f21ddc12641e5af8b9b32a4bc799	3877	evidence/consumer-v5/runtime-work/jcc-after/m3/runtime-integration/char-array-copy/recipe/test_recipe.py
de57d71f424b1b2891ada391f780eb59694c9f60506723bfce25878fd49fc37e	249	evidence/consumer-v5/runtime-work/jcc-after/m3/runtime-integration/evidence/20261002-candidate-696/.gitignore
1eca6f54a030ed6b5ef19ddde0cc19496a1660598b48719e7b7f9ab0d61721a7	2923	evidence/consumer-v5/runtime-work/jcc-after/m3/runtime-integration/evidence/20261002-candidate-696/README.md
5ed5f2d7d07b220ef00b3a1a306b7ac8e8c199d7a7691b449a8dc9cfeb5af142	17452	evidence/consumer-v5/runtime-work/jcc-after/m3/runtime-integration/evidence/20261002-candidate-696/acceptance.json
ba3adef321a0c74e7ead40e4b56f8194c2ad6e576abf3c61d1cfcf6f5f7ba31e	2674	evidence/consumer-v5/runtime-work/jcc-after/m3/runtime-integration/evidence/20261002-candidate-696/allocation-summary.json
9a271f2a916b0b6ee6cecb2426f0b3206ef074578be55d9bc94f6f3fe3ab86aa	2	evidence/consumer-v5/runtime-work/jcc-after/m3/runtime-integration/evidence/20261002-candidate-696/allocation.exit
d39ac9e8a57cd9907b7f3fd2908d3ca715971dceba2f8bb4b48879365bffe480	1149	evidence/consumer-v5/runtime-work/jcc-after/m3/runtime-integration/evidence/20261002-candidate-696/allocation.log
9a271f2a916b0b6ee6cecb2426f0b3206ef074578be55d9bc94f6f3fe3ab86aa	2	evidence/consumer-v5/runtime-work/jcc-after/m3/runtime-integration/evidence/20261002-candidate-696/api.exit
24eb6276ad75fe4c3e1b167d6bcbc13e251733627efdd128c84cc7acb2543ccb	526	evidence/consumer-v5/runtime-work/jcc-after/m3/runtime-integration/evidence/20261002-candidate-696/api.log
93e4d34d3ec26653f3301794a08432b3e36174028d7b8d247139bbba4427e076	1498	evidence/consumer-v5/runtime-work/jcc-after/m3/runtime-integration/evidence/20261002-candidate-696/build-driver.log
9a271f2a916b0b6ee6cecb2426f0b3206ef074578be55d9bc94f6f3fe3ab86aa	2	evidence/consumer-v5/runtime-work/jcc-after/m3/runtime-integration/evidence/20261002-candidate-696/build-exit.txt
9bf9a58b9de87599c88d6417504ea7f6f4747e00cf039a2b7edbbc02d612b24e	276	evidence/consumer-v5/runtime-work/jcc-after/m3/runtime-integration/evidence/20261002-candidate-696/build.log
8006f82e59147fdf72b9329e3254b3175c2f99b564eeb541a8c45c4035e8e0d4	763	evidence/consumer-v5/runtime-work/jcc-after/m3/runtime-integration/evidence/20261002-candidate-696/focused.log
9a271f2a916b0b6ee6cecb2426f0b3206ef074578be55d9bc94f6f3fe3ab86aa	2	evidence/consumer-v5/runtime-work/jcc-after/m3/runtime-integration/evidence/20261002-candidate-696/gc-UseG1GC.exit
9c93766feaf5d85529d60f99d285dc60ae753de3c724667a0ce41c3000b163a3	89	evidence/consumer-v5/runtime-work/jcc-after/m3/runtime-integration/evidence/20261002-candidate-696/gc-UseG1GC.log
9a271f2a916b0b6ee6cecb2426f0b3206ef074578be55d9bc94f6f3fe3ab86aa	2	evidence/consumer-v5/runtime-work/jcc-after/m3/runtime-integration/evidence/20261002-candidate-696/gc-UseSerialGC.exit
9c93766feaf5d85529d60f99d285dc60ae753de3c724667a0ce41c3000b163a3	89	evidence/consumer-v5/runtime-work/jcc-after/m3/runtime-integration/evidence/20261002-candidate-696/gc-UseSerialGC.log
9a271f2a916b0b6ee6cecb2426f0b3206ef074578be55d9bc94f6f3fe3ab86aa	2	evidence/consumer-v5/runtime-work/jcc-after/m3/runtime-integration/evidence/20261002-candidate-696/gc-UseShenandoahGC.exit
9c93766feaf5d85529d60f99d285dc60ae753de3c724667a0ce41c3000b163a3	89	evidence/consumer-v5/runtime-work/jcc-after/m3/runtime-integration/evidence/20261002-candidate-696/gc-UseShenandoahGC.log
9a271f2a916b0b6ee6cecb2426f0b3206ef074578be55d9bc94f6f3fe3ab86aa	2	evidence/consumer-v5/runtime-work/jcc-after/m3/runtime-integration/evidence/20261002-candidate-696/gc-UseZGC.exit
9c93766feaf5d85529d60f99d285dc60ae753de3c724667a0ce41c3000b163a3	89	evidence/consumer-v5/runtime-work/jcc-after/m3/runtime-integration/evidence/20261002-candidate-696/gc-UseZGC.log
a031f272ca9454c5d8e152fd02a313f329c97cd4450275c0916045747cce6949	895	evidence/consumer-v5/runtime-work/jcc-after/m3/runtime-integration/evidence/20261002-candidate-696/image.sha256
e3b0c44298fc1c149afbf4c8996fb92427ae41e4649b934ca495991b7852b855	0	evidence/consumer-v5/runtime-work/jcc-after/m3/runtime-integration/evidence/20261002-candidate-696/jtreg-command.log
9a271f2a916b0b6ee6cecb2426f0b3206ef074578be55d9bc94f6f3fe3ab86aa	2	evidence/consumer-v5/runtime-work/jcc-after/m3/runtime-integration/evidence/20261002-candidate-696/jtreg-default-resume.exit
143625ff704933e2482063f8eb2ae7a588d9b8e949474ded3c56c9bc129dcda5	418	evidence/consumer-v5/runtime-work/jcc-after/m3/runtime-integration/evidence/20261002-candidate-696/jtreg-default-resume.log
be118e349659c432de2db9d3aebd3babb8f9c82c6633f5fa66a086de54af09f2	8144	evidence/consumer-v5/runtime-work/jcc-after/m3/runtime-integration/evidence/20261002-candidate-696/jtreg-dependencies.log
edb35c214d331882543388aee35370e2bd4a90155c775e165406d4c8282cab47	1519	evidence/consumer-v5/runtime-work/jcc-after/m3/runtime-integration/evidence/20261002-candidate-696/jtreg-dependencies.sha256
1d58567688d9976935502097c005666549b4af603e1b37c39bcdabfa21fbd51e	821	evidence/consumer-v5/runtime-work/jcc-after/m3/runtime-integration/evidence/20261002-candidate-696/jtreg-driver.log
9a271f2a916b0b6ee6cecb2426f0b3206ef074578be55d9bc94f6f3fe3ab86aa	2	evidence/consumer-v5/runtime-work/jcc-after/m3/runtime-integration/evidence/20261002-candidate-696/jtreg-enabled-short-resume.exit
f99f19ca59f34240cce72da143d5ce8b150f28d7611f788a900ca42aab7da991	406	evidence/consumer-v5/runtime-work/jcc-after/m3/runtime-integration/evidence/20261002-candidate-696/jtreg-enabled-short-resume.log
9d9b18720961e9b4689fd763b85e7b6f36160ccd3a8a1c9ddc5103bb0f66c396	4	evidence/consumer-v5/runtime-work/jcc-after/m3/runtime-integration/evidence/20261002-candidate-696/jtreg-enabled.exit
c8dc4b9b80c9ecd260b1a85a3bc3ad9f24022f2957d7cd84b4b2cc8f91a46c90	498	evidence/consumer-v5/runtime-work/jcc-after/m3/runtime-integration/evidence/20261002-candidate-696/jtreg-enabled.log
4299f2260e8fc464e6f1b43b5314c695a348f15b04a9f3c0d1d7107544e7cdb5	17438	evidence/consumer-v5/runtime-work/jcc-after/m3/runtime-integration/evidence/20261002-candidate-696/jtreg-interrupted.json
e940fef211c9334fefd36cea23917e90dc7d841bdad42b002d187ffe0e886e6d	859	evidence/consumer-v5/runtime-work/jcc-after/m3/runtime-integration/evidence/20261002-candidate-696/jtreg-native-build.log
aa267087bb0ce04c900d56bd87b64892f846187e8687f293b31ad06caba02f9f	24363	evidence/consumer-v5/runtime-work/jcc-after/m3/runtime-integration/evidence/20261002-candidate-696/jtreg-results.json
0eed255cd982df18c089e926548e2f5347a1b1148c9ece57834c3e270f9ead68	1819	evidence/consumer-v5/runtime-work/jcc-after/m3/runtime-integration/evidence/20261002-candidate-696/jtreg-resume-driver.log
c22a5b6350f35a3da9d49b92dfaab840041059eae3c36cb4a0d381c2acb18382	1192	evidence/consumer-v5/runtime-work/jcc-after/m3/runtime-integration/evidence/20261002-candidate-696/jtreg-short-resume-driver.log
9a271f2a916b0b6ee6cecb2426f0b3206ef074578be55d9bc94f6f3fe3ab86aa	2	evidence/consumer-v5/runtime-work/jcc-after/m3/runtime-integration/evidence/20261002-candidate-696/mapped-native.exit
e7bf7f7db0542e43cb4bfed34b39051049f1490defa8424b27eba3bd5a78c7e0	102	evidence/consumer-v5/runtime-work/jcc-after/m3/runtime-integration/evidence/20261002-candidate-696/mapped-native.log
9a271f2a916b0b6ee6cecb2426f0b3206ef074578be55d9bc94f6f3fe3ab86aa	2	evidence/consumer-v5/runtime-work/jcc-after/m3/runtime-integration/evidence/20261002-candidate-696/protocol.exit
9906ee72dd491151f81d811bd705d965583ca471da0031cfee6f4529c12d0f84	29	evidence/consumer-v5/runtime-work/jcc-after/m3/runtime-integration/evidence/20261002-candidate-696/protocol.log
2f9dd1bd6f3144d8b8f25c77d555ecf6622c1d1be9b27c2575473e29d47973be	16403	evidence/consumer-v5/runtime-work/jcc-after/m3/runtime-integration/evidence/20261002-candidate-696/publication-manifest.json
244bf4297fffbe5eeffc2768d371735aed01b3efd19e24a062805e3e7658ab9b	1133	evidence/consumer-v5/runtime-work/jcc-after/m3/runtime-integration/evidence/20261002-candidate-696/review-status.json
84123235e55584572c9042064ea13528b8fe621aea9e3e6c2bb662f5fa84c0aa	41	evidence/consumer-v5/runtime-work/jcc-after/m3/runtime-integration/evidence/20261002-candidate-696/source-commit.txt
ef86095401b6f660eb31ab716e05a89bd9e37f59fc249d340641126ccad68c58	56350	evidence/consumer-v5/runtime-work/jcc-after/m3/runtime-integration/evidence/20261002-candidate-696/source-equivalence-mergeability.json
8cc2e8bd2945e4d4d7e3bbf7b52a26df9b38547a155eaf0c312aca253783f3a6	41	evidence/consumer-v5/runtime-work/jcc-after/m3/runtime-integration/evidence/20261002-candidate-696/source-tree.txt
9a271f2a916b0b6ee6cecb2426f0b3206ef074578be55d9bc94f6f3fe3ab86aa	2	evidence/consumer-v5/runtime-work/jcc-after/m3/runtime-integration/evidence/20261002-candidate-696/startup-dynamic-gates.exit
fd48660dc2a236d37f301b946aebec7a89bbe1424734a2d3f90cb31c35f17462	46	evidence/consumer-v5/runtime-work/jcc-after/m3/runtime-integration/evidence/20261002-candidate-696/startup-dynamic-gates.log
d537c0e11c9125e0cc225367dcb5523ae1cf072976dea56af5dbaa03a3107f6d	179	evidence/consumer-v5/runtime-work/jcc-after/m3/runtime-integration/evidence/20261002-candidate-696/test-driver.log
59e71d058330a479398cfdb6cd193240e98991de40fa3d228d431de9c0988d5a	7429	evidence/consumer-v5/runtime-work/jcc-after/m3/runtime-integration/evidence/20261002-candidate-696/test-resume-driver.log
53ad91ed0c4a282c7946bb68f5492130f3d0031111705b03ff353a75d122a04a	142	evidence/consumer-v5/runtime-work/jcc-after/m3/runtime-integration/evidence/20261002-candidate-696/tests/api-c2.log
53ad91ed0c4a282c7946bb68f5492130f3d0031111705b03ff353a75d122a04a	142	evidence/consumer-v5/runtime-work/jcc-after/m3/runtime-integration/evidence/20261002-candidate-696/tests/api-default.log
53ad91ed0c4a282c7946bb68f5492130f3d0031111705b03ff353a75d122a04a	142	evidence/consumer-v5/runtime-work/jcc-after/m3/runtime-integration/evidence/20261002-candidate-696/tests/api-enabled-nocompact.log
53ad91ed0c4a282c7946bb68f5492130f3d0031111705b03ff353a75d122a04a	142	evidence/consumer-v5/runtime-work/jcc-after/m3/runtime-integration/evidence/20261002-candidate-696/tests/api-enabled.log
53ad91ed0c4a282c7946bb68f5492130f3d0031111705b03ff353a75d122a04a	142	evidence/consumer-v5/runtime-work/jcc-after/m3/runtime-integration/evidence/20261002-candidate-696/tests/api-int.log
61fa90e6f63975239e34749dde66ee33c48ca7d952267d2a366c854a7afb1bad	114	evidence/consumer-v5/runtime-work/jcc-after/m3/runtime-integration/evidence/20261002-candidate-696/tests/gate-dynamic-cds.log
1959cdd86cbd97413c80d061afc2f491a5a5c52cdcb21c53213329fcdb2d1a6c	144847	evidence/consumer-v5/runtime-work/jcc-after/m3/runtime-integration/evidence/20261002-candidate-696/tests/gate-leading-xcomp.log
47c3e6fcec383030a03e29e674036337a673c7a53d764e576008153acf3de5a6	213	evidence/consumer-v5/runtime-work/jcc-after/m3/runtime-integration/evidence/20261002-candidate-696/tests/gate-reject-archive-exit.log
47c3e6fcec383030a03e29e674036337a673c7a53d764e576008153acf3de5a6	213	evidence/consumer-v5/runtime-work/jcc-after/m3/runtime-integration/evidence/20261002-candidate-696/tests/gate-reject-auto-archive.log
1e807ee2018a6f9e3c3fe17706c0ec92c371a116ab1d4da07552f50e3512f7d3	213	evidence/consumer-v5/runtime-work/jcc-after/m3/runtime-integration/evidence/20261002-candidate-696/tests/gate-reject-dedup.log
0ad6a135d0b5a21015e7b68364af4c63d1aa086ecd76d34b35bd6550a648f73f	206	evidence/consumer-v5/runtime-work/jcc-after/m3/runtime-integration/evidence/20261002-candidate-696/tests/gate-reject-jfr-options.log
0ad6a135d0b5a21015e7b68364af4c63d1aa086ecd76d34b35bd6550a648f73f	206	evidence/consumer-v5/runtime-work/jcc-after/m3/runtime-integration/evidence/20261002-candidate-696/tests/gate-reject-jfr.log
4d219acfb856620f19c87f1fd4a31a448a262c493b44653ddf6c88a862b02dc4	196	evidence/consumer-v5/runtime-work/jcc-after/m3/runtime-integration/evidence/20261002-candidate-696/tests/gate-reject-jvmci.log
47c3e6fcec383030a03e29e674036337a673c7a53d764e576008153acf3de5a6	213	evidence/consumer-v5/runtime-work/jcc-after/m3/runtime-integration/evidence/20261002-candidate-696/tests/gate-reject-record-dump.log
47c3e6fcec383030a03e29e674036337a673c7a53d764e576008153acf3de5a6	213	evidence/consumer-v5/runtime-work/jcc-after/m3/runtime-integration/evidence/20261002-candidate-696/tests/gate-reject-share-dump.log
47c3e6fcec383030a03e29e674036337a673c7a53d764e576008153acf3de5a6	213	evidence/consumer-v5/runtime-work/jcc-after/m3/runtime-integration/evidence/20261002-candidate-696/tests/gate-reject-share-on.log
eedec6a0f77307f61e56b8e97f76745c0408aeb7d7d3aa87fff91210cc9abe2a	934	evidence/consumer-v5/runtime-work/jcc-after/m3/runtime-integration/evidence/20261002-candidate-696/tests/gate-results.json
8597e46f5d7199eec21c2dfc9eb48054ceebde97ef184da1b349c8506c61b46c	144852	evidence/consumer-v5/runtime-work/jcc-after/m3/runtime-integration/evidence/20261002-candidate-696/tests/gate-trailing-compiler.log
d767352ea5b9efcbb969249c023b60241472e7eda9547a78e0eb67dcf5da62f0	144847	evidence/consumer-v5/runtime-work/jcc-after/m3/runtime-integration/evidence/20261002-candidate-696/tests/gate-trailing-xcomp.log
e3b0c44298fc1c149afbf4c8996fb92427ae41e4649b934ca495991b7852b855	0	evidence/consumer-v5/runtime-work/jcc-after/m3/runtime-integration/evidence/20261002-candidate-696/tests/gc-UseG1GC.log
c8b4ba4c32068e870494ae65d1bcc0284a34f648f366bd46a853de1ae2988104	51	evidence/consumer-v5/runtime-work/jcc-after/m3/runtime-integration/evidence/20261002-candidate-696/tests/integration-local-+.log
c8b4ba4c32068e870494ae65d1bcc0284a34f648f366bd46a853de1ae2988104	51	evidence/consumer-v5/runtime-work/jcc-after/m3/runtime-integration/evidence/20261002-candidate-696/tests/integration-local--.log
a4ca2808dede66c0160500a354a0745fb1764a139439f7879ab00f3c3b6bc473	50	evidence/consumer-v5/runtime-work/jcc-after/m3/runtime-integration/evidence/20261002-candidate-696/tests/integration-mapped-+.log
a4ca2808dede66c0160500a354a0745fb1764a139439f7879ab00f3c3b6bc473	50	evidence/consumer-v5/runtime-work/jcc-after/m3/runtime-integration/evidence/20261002-candidate-696/tests/integration-mapped--.log
6b7928d5f26d63733ab77638472d7eb9918900ec3d35cd5f2a4bc0076969f628	50	evidence/consumer-v5/runtime-work/jcc-after/m3/runtime-integration/evidence/20261002-candidate-696/tests/integration-shared-+.log
6b7928d5f26d63733ab77638472d7eb9918900ec3d35cd5f2a4bc0076969f628	50	evidence/consumer-v5/runtime-work/jcc-after/m3/runtime-integration/evidence/20261002-candidate-696/tests/integration-shared--.log
01ac25e1464e8c7ecd6668274c181a0cb983f3776c2db46d784c40368f869818	95	evidence/consumer-v5/runtime-work/jcc-after/m3/runtime-integration/evidence/20261002-candidate-696/tests/invariant-local.log
72b8bf34b1b7e240a676e83dec8382df0bbebd3f3fceaadf7627505daf5990f4	94	evidence/consumer-v5/runtime-work/jcc-after/m3/runtime-integration/evidence/20261002-candidate-696/tests/invariant-mapped.log
c8f8270d332197d11a9cdfe842f9ca9d9a6ba6c39ef8759be86d8cc53641568f	32	evidence/consumer-v5/runtime-work/jcc-after/m3/runtime-integration/evidence/20261002-candidate-696/tests/jni-+.log
c8f8270d332197d11a9cdfe842f9ca9d9a6ba6c39ef8759be86d8cc53641568f	32	evidence/consumer-v5/runtime-work/jcc-after/m3/runtime-integration/evidence/20261002-candidate-696/tests/jni--.log
b7cbffee1ded5c7168fa4ab0dc68938d2061f2f3ed2597b866a397bd78e28fc5	33	evidence/consumer-v5/runtime-work/jcc-after/m3/runtime-integration/evidence/20261002-candidate-696/tests/jvmti.log
191e5cd197eb2d007415a44106c7b7dc51097d961de5dfe69686fc00ed785d09	88	evidence/consumer-v5/runtime-work/jcc-after/m3/runtime-integration/evidence/20261002-candidate-696/tests/owner-fixture.log
31ec07286bd4605f35afb7ebdcfb3582df01a1b153024f6d25edaef9f405e589	141	evidence/consumer-v5/runtime-work/jcc-after/m3/runtime-integration/evidence/20261002-candidate-696/tests/protocol-bad-sha.log
31ec07286bd4605f35afb7ebdcfb3582df01a1b153024f6d25edaef9f405e589	141	evidence/consumer-v5/runtime-work/jcc-after/m3/runtime-integration/evidence/20261002-candidate-696/tests/protocol-owner-bad-crc.log
31ec07286bd4605f35afb7ebdcfb3582df01a1b153024f6d25edaef9f405e589	141	evidence/consumer-v5/runtime-work/jcc-after/m3/runtime-integration/evidence/20261002-candidate-696/tests/protocol-owner-incomplete.log
c6b555179bc155e90e784294347988f7cb00d9ca0b28d80b8552ae8b6565c5bf	352	evidence/consumer-v5/runtime-work/jcc-after/m3/runtime-integration/evidence/20261002-candidate-696/tests/protocol-results.json
31ec07286bd4605f35afb7ebdcfb3582df01a1b153024f6d25edaef9f405e589	141	evidence/consumer-v5/runtime-work/jcc-after/m3/runtime-integration/evidence/20261002-candidate-696/tests/protocol-sealed-duplicate.log
31ec07286bd4605f35afb7ebdcfb3582df01a1b153024f6d25edaef9f405e589	141	evidence/consumer-v5/runtime-work/jcc-after/m3/runtime-integration/evidence/20261002-candidate-696/tests/protocol-sealed-wrong-java-hash.log
69fabaa8fc259bc3b6ff3944df597c13b7d12918e4e53d044cbde6330946c725	409	evidence/consumer-v5/runtime-work/jcc-after/m3/runtime-integration/evidence/20261002-candidate-696/tests/two-process-0.log
af48dda5420e6848af2fa173b33424753d18661b88f3a16ee181dd88ab8d6e84	409	evidence/consumer-v5/runtime-work/jcc-after/m3/runtime-integration/evidence/20261002-candidate-696/tests/two-process-1.log
460c3a2e0025c1ff65ab0251f7c8e11fe5f358d7aa17008754c09b3eb8712477	845	evidence/consumer-v5/runtime-work/jcc-after/m3/runtime-integration/evidence/20261002-candidate-696/tests/two-process.json
9a271f2a916b0b6ee6cecb2426f0b3206ef074578be55d9bc94f6f3fe3ab86aa	2	evidence/consumer-v5/runtime-work/jcc-after/m3/runtime-integration/evidence/20261002-candidate-696/two-process.exit
b68717a739dd12526def6ebd8334c2c96ec2440f05ae3802ba2651aa97fb205d	110	evidence/consumer-v5/runtime-work/jcc-after/m3/runtime-integration/evidence/20261002-candidate-696/two-process.log
9a271f2a916b0b6ee6cecb2426f0b3206ef074578be55d9bc94f6f3fe3ab86aa	2	evidence/consumer-v5/runtime-work/jcc-after/m3/runtime-integration/evidence/20261002-candidate-696/weak-admission.exit
0739e06946eb27d4d6d3d2a5014e997e716201e8219bfe8a4cfc1ec8b85919b2	86	evidence/consumer-v5/runtime-work/jcc-after/m3/runtime-integration/evidence/20261002-candidate-696/weak-admission.log
c117abb68d5b957da44bc54a9e15ddacfbc479a40315b45608d67160fd73f13d	113	evidence/consumer-v5/runtime-work/jcc-after/m3/runtime-integration/evidence/20261002-rerun/.gitignore
22c7406e7deaca1118b71e1bfda2047f5ad2e36499c992a4cc748038f3302a20	705	evidence/consumer-v5/runtime-work/jcc-after/m3/runtime-integration/evidence/20261002-rerun/README.md
1a3b9ee2433ac140274ccc1eb54660b24699a512cf294818e7f676a7cfd0e303	14137	evidence/consumer-v5/runtime-work/jcc-after/m3/runtime-integration/evidence/20261002-rerun/build.log
6f8c1891f95693b6aa8db0ac1c6f3f00564ef334a01b1069b5df0b4c141571a3	20098	evidence/consumer-v5/runtime-work/jcc-after/m3/runtime-integration/evidence/20261002-rerun/configure-linux-private-deps.log
51a8252c47da4a5bf700c5356c5799795f00902c55ea0e075ee946d02dacd299	4939	evidence/consumer-v5/runtime-work/jcc-after/m3/runtime-integration/evidence/20261002-rerun/configure-private-deps.log
66e19ba1e865e99bba7e53ba92aa6479bf3799b59ddb6daa4d7511f843a71539	4463	evidence/consumer-v5/runtime-work/jcc-after/m3/runtime-integration/evidence/20261002-rerun/dependencies.log
c228636f00449745764d10e833d9d238d66efe8f785baa37902615043e3e1c62	4220	evidence/consumer-v5/runtime-work/jcc-after/m3/runtime-integration/evidence/20261002-rerun/dependencies.sha256
f380bc6bd1dedb9ea717a6781475d04e27ceb2a7a1e15af279ce73d5dd7544df	895	evidence/consumer-v5/runtime-work/jcc-after/m3/runtime-integration/evidence/20261002-rerun/image.sha256
f4d54847ed9c26a7a83de55f6aaaf7aaa77ce9e587b7ad8f225d8f0998bb39cd	9452	evidence/consumer-v5/runtime-work/jcc-after/m3/runtime-integration/evidence/20261002-rerun/master-replay-preflight.json
fd9041d5c3c6b79dfb2bce5d65f73a682ec9b4c0be24755372b770d072f432ac	11780	evidence/consumer-v5/runtime-work/jcc-after/m3/runtime-integration/evidence/20261002-rerun/native-linux-vartmp.log
a7c363f27abda87e75cdce6bd9c9fcaa9a0956fb3d02bc58c4b293e8647c2f3c	6923	evidence/consumer-v5/runtime-work/jcc-after/m3/runtime-integration/evidence/20261002-rerun/native-linux.log
9b85b7de42c18dedbca2fa086a2719e96b0df765e9b6a3d17097b96ced1c0899	1064	evidence/consumer-v5/runtime-work/jcc-after/m3/runtime-integration/evidence/20261002-rerun/native-session.log
6ae43a01763711b47a3ff3835edbf6fc8915412da4998abbd1e333d66ff8a4b9	2252	evidence/consumer-v5/runtime-work/jcc-after/m3/runtime-integration/evidence/20261002-rerun/recipe-check.log
d13e044c1c320df6f1fcf87b23718987e41a2fb3eacb1239a7792428741a45b7	19709	evidence/consumer-v5/runtime-work/jcc-after/m3/runtime-integration/evidence/StringJoinerOomUtf16Test.jtr
4dd4411334216b09f01d8cada6f843863eedc096b55e5059d271f5da6d656d5d	15805	evidence/consumer-v5/runtime-work/jcc-after/m3/runtime-integration/evidence/StringJoinerTest.jtr
8cadfb23e8e6fe0e66b829b481139f90b478f7a264af59acc0dba152af83d4f4	144	evidence/consumer-v5/runtime-work/jcc-after/m3/runtime-integration/evidence/allocation-false-1.json
21ce97d74d327b99c9a7a415591c1a59bb25035ee10e00d045fce7dd2fec7ff7	144	evidence/consumer-v5/runtime-work/jcc-after/m3/runtime-integration/evidence/allocation-false-2.json
71f394118243b5c2bf3295866ba605d7152b8435643aa84ffd18edfbf430e3f1	144	evidence/consumer-v5/runtime-work/jcc-after/m3/runtime-integration/evidence/allocation-false-3.json
371f317b695d636c09cccc757ee688d17e3d56679b0304be3cfab4052c48c4e7	831	evidence/consumer-v5/runtime-work/jcc-after/m3/runtime-integration/evidence/allocation-summary.log
04de473ed7b8de0e3b1b4bfe37e029e7dcb77dd00b8562b8b316ac1e188d3add	133	evidence/consumer-v5/runtime-work/jcc-after/m3/runtime-integration/evidence/allocation-true-1.json
b5d50d50f4607c43aa56863d7779f8ee2c9f9c8ac660815a165fdb475f101a53	133	evidence/consumer-v5/runtime-work/jcc-after/m3/runtime-integration/evidence/allocation-true-2.json
356e7f7ae0aa7fab0e2647e1d2c3b3ad9aed27a4fb39a2a54c38f57e01293904	133	evidence/consumer-v5/runtime-work/jcc-after/m3/runtime-integration/evidence/allocation-true-3.json
63a4a3bd7fd2b5493fc1c09669fdf971bae8fc3973077a628151d83c9aa980f2	480	evidence/consumer-v5/runtime-work/jcc-after/m3/runtime-integration/evidence/api-summary.log
fd1b766100e5e069d830e6adcb3235395af2155fcde533221da14c924716e5dd	737	evidence/consumer-v5/runtime-work/jcc-after/m3/runtime-integration/evidence/build-summary.txt
45ea2e7398f04a62d2ec711aac40405f854be870403e9db26dc636c532005884	89	evidence/consumer-v5/runtime-work/jcc-after/m3/runtime-integration/evidence/compatibility-updated-pin.log
23bda703c3dfe1bfa27664afb2346cf4db1410c79bafc8ee272c1a886efa8fa6	213	evidence/consumer-v5/runtime-work/jcc-after/m3/runtime-integration/evidence/first-invariant.log
e910bc4bff7462f4749b752f73e8235fae468dbdb44fae841e902198c70c4d91	763	evidence/consumer-v5/runtime-work/jcc-after/m3/runtime-integration/evidence/focused-summary.log
fd48660dc2a236d37f301b946aebec7a89bbe1424734a2d3f90cb31c35f17462	46	evidence/consumer-v5/runtime-work/jcc-after/m3/runtime-integration/evidence/gate-summary.log
b50856246f3dc861163234893b88c1428cef347ff3f7e25a2c01aeee2ef1f835	1553	evidence/consumer-v5/runtime-work/jcc-after/m3/runtime-integration/evidence/initial-threadlocal-bootstrap-failure.log
c8b4ba4c32068e870494ae65d1bcc0284a34f648f366bd46a853de1ae2988104	51	evidence/consumer-v5/runtime-work/jcc-after/m3/runtime-integration/evidence/integration-local-+.log
c8b4ba4c32068e870494ae65d1bcc0284a34f648f366bd46a853de1ae2988104	51	evidence/consumer-v5/runtime-work/jcc-after/m3/runtime-integration/evidence/integration-local--.log
a4ca2808dede66c0160500a354a0745fb1764a139439f7879ab00f3c3b6bc473	50	evidence/consumer-v5/runtime-work/jcc-after/m3/runtime-integration/evidence/integration-mapped-+.log
a4ca2808dede66c0160500a354a0745fb1764a139439f7879ab00f3c3b6bc473	50	evidence/consumer-v5/runtime-work/jcc-after/m3/runtime-integration/evidence/integration-mapped--.log
6b7928d5f26d63733ab77638472d7eb9918900ec3d35cd5f2a4bc0076969f628	50	evidence/consumer-v5/runtime-work/jcc-after/m3/runtime-integration/evidence/integration-shared-+.log
6b7928d5f26d63733ab77638472d7eb9918900ec3d35cd5f2a4bc0076969f628	50	evidence/consumer-v5/runtime-work/jcc-after/m3/runtime-integration/evidence/integration-shared--.log
01ac25e1464e8c7ecd6668274c181a0cb983f3776c2db46d784c40368f869818	95	evidence/consumer-v5/runtime-work/jcc-after/m3/runtime-integration/evidence/invariant-local.log
72b8bf34b1b7e240a676e83dec8382df0bbebd3f3fceaadf7627505daf5990f4	94	evidence/consumer-v5/runtime-work/jcc-after/m3/runtime-integration/evidence/invariant-mapped.log
27da80a01e8de812c084c8889fcaaf824daf8e89b06ddc9f0e43204dfcd98c15	439	evidence/consumer-v5/runtime-work/jcc-after/m3/runtime-integration/evidence/jtreg-enabled.log
6733752d0ee492f73160aff5980107e2cea1feddbf5d7c727345c9d5bfb3c772	399	evidence/consumer-v5/runtime-work/jcc-after/m3/runtime-integration/evidence/jtreg-final-default.log
08565cbcc986512244a1154d0e3012fb2daaa838c9ab9e0cc2e18e6299d337e5	56	evidence/consumer-v5/runtime-work/jcc-after/m3/runtime-integration/evidence/mapped-native.log
7dc5f4688ad6e985ca6486fdfe8751b107ddaf212bc5199d11602dd8b7b2e43c	7435	evidence/consumer-v5/runtime-work/jcc-after/m3/runtime-integration/evidence/pr5-hosted-recipe-failure.log
c6b555179bc155e90e784294347988f7cb00d9ca0b28d80b8552ae8b6565c5bf	352	evidence/consumer-v5/runtime-work/jcc-after/m3/runtime-integration/evidence/protocol-results.json
9906ee72dd491151f81d811bd705d965583ca471da0031cfee6f4529c12d0f84	29	evidence/consumer-v5/runtime-work/jcc-after/m3/runtime-integration/evidence/protocol-summary.log
2b51665eeeb5199ae0c7592d1ca54ee1bf82ca77cae47e4b847f1ac55c025f22	492	evidence/consumer-v5/runtime-work/jcc-after/m3/runtime-integration/evidence/recipe-final.log
13b0e68477bbae18f6c117c7a6a471f44a116d2ec2a04c0a8b975f25d45fda7a	11646	evidence/consumer-v5/runtime-work/jcc-after/m3/runtime-integration/evidence/results.json
5355fa76e5417810c08b2e48ac2666533324871dfebdea20084353cea34c7ae6	100	evidence/consumer-v5/runtime-work/jcc-after/m3/runtime-integration/evidence/two-process-summary.log
bc2daa2c72b7c3eb94153d1b8d03fb2a896b7962f157709f76f164789a7b225d	657	evidence/consumer-v5/runtime-work/jcc-after/m3/runtime-integration/evidence/two-process.json
0e597f2d2676491c6eb2ef6cb0e85b167952491e29a7a008f3d666a5c90d104c	40	evidence/consumer-v5/runtime-work/jcc-after/m3/runtime-integration/evidence/weak-admission.log
1fb24fcd455de4985c816811d800c4984bf03a00dd74a887e6f03d26e58fe7ab	1295	evidence/consumer-v5/runtime-work/jcc-after/m3/runtime-integration/fix/Fix.py
556b7d86c0fba1b31174d436584badb5f8debba6d7ca9717958d623c26b94753	3238	evidence/consumer-v5/runtime-work/jcc-after/m3/runtime-integration/fix/README.md
d1112f107da7e1996efc35296fd605d0df0a0002e3515ab02bebca7ea4b3c1c1	723	evidence/consumer-v5/runtime-work/jcc-after/m3/runtime-integration/fix/manifest.json
01eda14f95670a22c8f3a87b427b501381c817311d72943308aff44df4a8c84b	2077	evidence/consumer-v5/runtime-work/jcc-after/m3/runtime-integration/fix/pom.xml
6c9d1e5aa647dfe00d4d6cf049c00d6bda41c4de99f809eae6ab1301889473b8	1533	evidence/consumer-v5/runtime-work/jcc-after/m3/runtime-integration/fix/runtime.patch
485f56f0fbae9baa5bd70850fb900c47b9a58a35cb1d20e77efa333802846f32	4386	evidence/consumer-v5/runtime-work/jcc-after/m3/runtime-integration/fix/test_fix.py
d57804526dbe0ce1851356a01fe4ea39bc71029f16a7e1f7048bd57460132014	1396	evidence/consumer-v5/runtime-work/jcc-after/m3/runtime-integration/owner-pins.json
783b62c96c9711f32a051b81869e2fa47674df080725afbf5c7fb7ee0c89e49e	1070	evidence/consumer-v5/runtime-work/jcc-after/m3/runtime-integration/prepare-owner.py
ee0b84633fe0e09f0d53b24fb5674710952c61d5da555b49f193f6024f58ecfc	1579	evidence/consumer-v5/runtime-work/jcc-after/m3/runtime-integration/protocol-tests.py
822fe02da3958b649fee577f0052f2192a926cdf2abcc976f0de1d17181c829c	1536	evidence/consumer-v5/runtime-work/jcc-after/m3/runtime-integration/recipe/JNI_SUPERSESSION.md
e2941c8efb9f65a886d2e6d70ef0a60efb3b74440a253c8b60da71e02b622eb0	2475	evidence/consumer-v5/runtime-work/jcc-after/m3/runtime-integration/recipe/apply.py
abc23b9e2c9fcf2bd859bd3d82577abfe220296d153764caf1e3b6d01df09638	6850	evidence/consumer-v5/runtime-work/jcc-after/m3/runtime-integration/recipe/manifest.json
0fd2e3a53d240d88360eb0906bd7a5f8ed383ab35e8a6306d757247f8ad62124	155379	evidence/consumer-v5/runtime-work/jcc-after/m3/runtime-integration/recipe/runtime.patch
32ae3b1028ee98e0575a65055e3002b128fcf52f6b2b605b3e4d157f63f1208d	3396	evidence/consumer-v5/runtime-work/jcc-after/m3/runtime-integration/recipe/test_recipe.py
e7866e32fbf952a06e0013a0467615694bfc57c5b24e939515ebd5d000211bf5	964	evidence/consumer-v5/runtime-work/jcc-after/m3/runtime-integration/run-allocation.sh
3441b67bae13f7becdc8d17cd6042aaf294978814e5a3894a1c9d20613bbff0d	1358	evidence/consumer-v5/runtime-work/jcc-after/m3/runtime-integration/run-api.sh
19d15c721b18188b5e8844a2eaf28ad4a060a8f729334419daa4fce9b33f0ad1	3558	evidence/consumer-v5/runtime-work/jcc-after/m3/runtime-integration/run-focused.sh
deeee70493ef9f4937244cf426da94ed8a4f571878829c1ab48f3cccb0f1f4d6	1669	evidence/consumer-v5/runtime-work/jcc-after/m3/runtime-integration/run-jtreg.sh
186163609fe064bfdac5ae4739157073244e824f2acd209a05cd5d704b8cec75	2192	evidence/consumer-v5/runtime-work/jcc-after/m3/runtime-integration/tasks/jni-build/PLAN.md
fe32c588387066c7dbf4d90636dee5db050af0a1a21f59df257e946676426316	853	evidence/consumer-v5/runtime-work/jcc-after/m3/runtime-integration/tasks/jni-build/RUN1.md
d28ce8c600728b0248894864f544dd290ae2c770eb22b828a91ab822b96c1faa	3296	evidence/consumer-v5/runtime-work/jcc-after/m3/runtime-integration/test-gates.py
d8247a7f6ea83d9fc9a37f75e986c1521bddc8e2347837cbbffe4f69fc7fea34	6531	evidence/consumer-v5/runtime-work/jcc-after/m3/runtime-integration/tests/MIndexIntegration.java
c349d991c8bf457fc20d02ae248bf084438ce6dcf36f1c9127dd65a4d1beed16	11615	evidence/consumer-v5/runtime-work/jcc-after/m3/runtime-integration/tests/MIndexStringInvariant.java
82385d16b1eb10654385626c80f452048d72881cf886b185efd6bc7b39603eb5	1146	evidence/consumer-v5/runtime-work/jcc-after/m3/runtime-integration/tests/MappedNativeProbe.java
262b42f90e24f431982ad4b35951751ed2d4fbfad35571873d46bc30f66c223e	2717	evidence/consumer-v5/runtime-work/jcc-after/m3/runtime-integration/tests/SegmentedAllocation.java
f13cab75e2768e7169999a840b081636d2057f03f38cc014c5c1dbca58e5b85f	1696	evidence/consumer-v5/runtime-work/jcc-after/m3/runtime-integration/tests/SegmentedConcurrent.java
f61bec28eaf1a65b13a3f110e5eb94b3f6587a04c6b2f618d12a67e9e275af2c	843	evidence/consumer-v5/runtime-work/jcc-after/m3/runtime-integration/tests/SegmentedGates.java
1af68dc3318a9d3acec1fe28589c93078f4a093f1d7883852f63b48c1f1f6c00	1532	evidence/consumer-v5/runtime-work/jcc-after/m3/runtime-integration/tests/SegmentedJniProbe.java
6e671afd75a7742ae458d9d127271993f94cefc843df747f8f50d84d0cd39b92	1193	evidence/consumer-v5/runtime-work/jcc-after/m3/runtime-integration/tests/SegmentedJvmti.java
8d7288a2b88eef98b2998342844da69be6c1b0bdc8c253f00553d29d7f615290	1031	evidence/consumer-v5/runtime-work/jcc-after/m3/runtime-integration/tests/SharedOwnerFixture.java
3cc0dabd026bdb3f85512cb59cbd50a06c2e75f4d382eab9e458268d8897cc56	6807	evidence/consumer-v5/runtime-work/jcc-after/m3/runtime-integration/tests/StringApiProbe.java
579d72070ff04c3012ad72b8648ec824fbe724e08a9ab38c00641d1024889a5f	769	evidence/consumer-v5/runtime-work/jcc-after/m3/runtime-integration/tests/WeakAdmissionProbe.java
a53760f343c412c582cda4d4aecc8f800b5abdd1aa42d648d767f175fd1870c4	1749	evidence/consumer-v5/runtime-work/jcc-after/m3/runtime-integration/tests/string_api_probe.c
29e3c6d47eb4012786660aef5fad6519d387ac1a6491fda0286908e1b844e809	2356	evidence/consumer-v5/runtime-work/jcc-after/m3/runtime-integration/two-process.py
a2e76c9aca9c37434111b905c50ff16081682499b96f25e77f1244579d139681	6805	evidence/consumer-v5/runtime-work/jcc-after/m3/runtime-segments/README.md
33f78e7c905d369a21c80abb1ffcb1b3564bf6ce0fecfa266eec5cf9ca5376f9	1575	evidence/consumer-v5/runtime-work/jcc-after/m3/runtime-segments/evidence/allocation.json
63a4a3bd7fd2b5493fc1c09669fdf971bae8fc3973077a628151d83c9aa980f2	480	evidence/consumer-v5/runtime-work/jcc-after/m3/runtime-segments/evidence/api-summary.log
b29619f83c1cab726595f7ab407e27ad37548a5c039cd74e28a451022a699ec9	281	evidence/consumer-v5/runtime-work/jcc-after/m3/runtime-segments/evidence/ast-field-read-audit.txt
72b56edb6935eed5a6206b63374d515c0dce594e4f17892f39c89cf4cba111c5	215	evidence/consumer-v5/runtime-work/jcc-after/m3/runtime-segments/evidence/default-version.log
0de724298bf884bf57a1597da6649373866be9d1f7bfb64ab7e0c73ad05ba93e	212	evidence/consumer-v5/runtime-work/jcc-after/m3/runtime-segments/evidence/enabled-version.log
e8284a9214857a120252b9543c8af67cf238490075322079e9cab37b0c6127ea	466	evidence/consumer-v5/runtime-work/jcc-after/m3/runtime-segments/evidence/focused-summary.log
eedec6a0f77307f61e56b8e97f76745c0408aeb7d7d3aa87fff91210cc9abe2a	934	evidence/consumer-v5/runtime-work/jcc-after/m3/runtime-segments/evidence/gate-results.json
fd48660dc2a236d37f301b946aebec7a89bbe1424734a2d3f90cb31c35f17462	46	evidence/consumer-v5/runtime-work/jcc-after/m3/runtime-segments/evidence/gate-summary.log
17e7f90b3857022e4530ad48a39a519e0064055b9e37e6b3959d94442b5aeefd	1392	evidence/consumer-v5/runtime-work/jcc-after/m3/runtime-segments/evidence/jtreg-dependencies.sha256
869d6f4c673e0b925e7fdf0558bbb689f894553cc47ac90bf3b4253dd89bdae6	347	evidence/consumer-v5/runtime-work/jcc-after/m3/runtime-segments/evidence/jtreg-enabled.log
471e790fcfcfdb3cf2115a7de348ba499e21bf663f5810f3b05695f770714404	371	evidence/consumer-v5/runtime-work/jcc-after/m3/runtime-segments/evidence/jtreg-final-default.log
b701cb31da94ca2110e0835dd28bc6d6f3ccddab0509da17c513464e0a271565	374	evidence/consumer-v5/runtime-work/jcc-after/m3/runtime-segments/evidence/jtreg-representation.log
b7cbffee1ded5c7168fa4ab0dc68938d2061f2f3ed2597b866a397bd78e28fc5	33	evidence/consumer-v5/runtime-work/jcc-after/m3/runtime-segments/evidence/jvmti.log
db66abf381f481e990f88b889e76d9ce1d22ec253eb9b40dc574eb9aa4f22f96	1092	evidence/consumer-v5/runtime-work/jcc-after/m3/runtime-segments/evidence/native-build-summary.txt
905cf00aa6983138438487a6288495f8cbbc0f440a7367aa94e7dccd4f473e06	7601	evidence/consumer-v5/runtime-work/jcc-after/m3/runtime-segments/evidence/results.json
2f33397efc136deee3dc8f4f58f6f1debdf96f822a8ac3bbb9b58c03c06bd673	454	evidence/consumer-v5/runtime-work/jcc-after/m3/runtime-segments/evidence/segments-jfr-fix-build.log
59f1bc9b3125b0e3cbd6b92ab57de9e49d7c2b6b8a792ada1de671b9008e0daa	805	evidence/consumer-v5/runtime-work/jcc-after/m3/runtime-segments/evidence/segments-platform-fix-build.log
65a3e485e9ef874bde51f7bfebd08e06362062c3c0609229df25fffda5568f92	2062	evidence/consumer-v5/runtime-work/jcc-after/m3/runtime-segments/evidence/synexia-develop-pin.json
64a0ff4660de85baec1969665d77eed573903d425d71c9c40c1f80e1e35e69f0	1744	evidence/consumer-v5/runtime-work/jcc-after/m3/runtime-segments/recipe/M3StringReads.java
483d21bde66c59a42dfbfbedd6216baab8a4dc15d9d5c31e11ecdf1f302a3ea0	2146	evidence/consumer-v5/runtime-work/jcc-after/m3/runtime-segments/recipe/apply.py
7749349759aa9bfa9835e8406e3854435c0240f9d7ab3488f78819c42ee92380	4130	evidence/consumer-v5/runtime-work/jcc-after/m3/runtime-segments/recipe/manifest.json
c2ed53fbcb0ecf5b21774e9ed58954b1c3216c652325c9549c623ce087871203	67015	evidence/consumer-v5/runtime-work/jcc-after/m3/runtime-segments/recipe/runtime.patch
662708f9a0aa03e182ad585441d5452753941eb90f7573adf1891b5fd8c0b4d4	3437	evidence/consumer-v5/runtime-work/jcc-after/m3/runtime-segments/recipe/test_recipe.py
2f554d011e7b6c161fd261293156b998ba5c5a719294fde43c39de03a6eacd1d	961	evidence/consumer-v5/runtime-work/jcc-after/m3/runtime-segments/run-allocation.sh
5f7b91efffa202578df9d45eba075f0b4316852f692e0be2322f0e15510e6c7b	1355	evidence/consumer-v5/runtime-work/jcc-after/m3/runtime-segments/run-api.sh
cce8e72baa0e00dbde7e4aeed2edd4386f4207380c73814acd854c99b9281887	1765	evidence/consumer-v5/runtime-work/jcc-after/m3/runtime-segments/run-focused.sh
3f7a013ff3373a820cf54f3c11dab0f260ac1e5db76477cf201da41f7e49a994	1979	evidence/consumer-v5/runtime-work/jcc-after/m3/runtime-segments/run-jtreg.sh
b09c3bfba8c5d4aeaffa24b448185cb64dc018f3f278a0936f28f22cf9e40967	1048	evidence/consumer-v5/runtime-work/jcc-after/m3/runtime-segments/run-jvmti.sh
77aabb8363dd341a76e7f5f1f9499c7d762e931db137006a47d5ee86aae7ad00	4749	evidence/consumer-v5/runtime-work/jcc-after/m3/runtime-segments/synexia-reconciliation.md
b552964ced0f0f0857eace7a843998cf7152f6ed1d6740e330c4b2541b4ce984	3302	evidence/consumer-v5/runtime-work/jcc-after/m3/runtime-segments/test-gates.py
a5d38df2a1055cdc00b8ba1fcf3c22c60cf3189281fd83fd70d7218a880697aa	2423	evidence/consumer-v5/runtime-work/jcc-after/m3/runtime-segments/tests/SegmentedAllocation.java
f13cab75e2768e7169999a840b081636d2057f03f38cc014c5c1dbca58e5b85f	1696	evidence/consumer-v5/runtime-work/jcc-after/m3/runtime-segments/tests/SegmentedConcurrent.java
cbbd54bea6b0ff05c17d226b1f7d0395b3db37abfc87f4378a7ad232ed2727f1	4502	evidence/consumer-v5/runtime-work/jcc-after/m3/runtime-segments/tests/SegmentedFallbackProbe.java
f61bec28eaf1a65b13a3f110e5eb94b3f6587a04c6b2f618d12a67e9e275af2c	843	evidence/consumer-v5/runtime-work/jcc-after/m3/runtime-segments/tests/SegmentedGates.java
3b8c1b10c098dfe27a95778a0d8e7d1d6fbb5d2fc74381d46818d3b56444f228	1423	evidence/consumer-v5/runtime-work/jcc-after/m3/runtime-segments/tests/SegmentedJniProbe.java
ec9c432f3a0ca93ab9a289ad247418de7b2dae3ce7822af9bb50095970d1d1d7	1084	evidence/consumer-v5/runtime-work/jcc-after/m3/runtime-segments/tests/SegmentedJvmti.java
fc5f2f48f06e633d3cc030bde3033b54063ca0f3920802aaf85198ad3daa3eb7	4349	evidence/consumer-v5/runtime-work/jcc-after/m3/runtime-segments/tests/SegmentedStringProbe.java
ac4a42bd75bb7caa65039f8fb09c29b90257fb90d6323a1a39b371bb25ea4dd8	5186	evidence/consumer-v5/runtime-work/jcc-after/m3/runtime-segments/tests/StringApiProbe.java
c5baf06c13a224df2b58612c0e3b07f57d50c08c7856a8c8db84af1deb0aee40	12	evidence/consumer-v5/runtime-work/jcc-after/m3/runtime-segments/tests/TEST.ROOT
2959525d7c9cd52cbd8045153365c11e3bf3e7c8823c314c42582978733c2dde	1979	evidence/consumer-v5/runtime-work/jcc-after/m3/runtime-segments/tests/segmented_jvmti.c
c79a6178e7c993e0594d28ece7e7fb99e2839fbafe903aab7cbe892f5da94f4b	667	evidence/consumer-v5/runtime-work/jcc-after/m3/runtime-segments/tests/string_api_probe.c
b779c9858d71bcc72f4d1ae748f91ca79a16ea02b63d7b4815f2cc5b3a1599fa	5242	evidence/consumer-v5/runtime-work/jcc-after/m3/runtime-stage1/README.md
bc76e6ad7232860b3915d64e01c20c4a74b991b1bc8ad412ab32f871a0be3787	1003	evidence/consumer-v5/runtime-work/jcc-after/m3/runtime-stage1/String.patch
8ad8b9f09d3477ce72b110cda8cb5e2d3d2c50824b922e23c6036f978e1a7ba8	2472	evidence/consumer-v5/runtime-work/jcc-after/m3/runtime-stage1/apply.py
0c576f5f355f56ab7fd737e0d4a3ccb08b724c97d42387e940eb96014b1d4de6	14235	evidence/consumer-v5/runtime-work/jcc-after/m3/runtime-stage1/evidence/allocation-results.json
6f06c297086fbe56ad2cacb6fed12fbb0a6e720cde303e55d486f5132bec417c	791	evidence/consumer-v5/runtime-work/jcc-after/m3/runtime-stage1/evidence/build-native-test.log
ee8db5de9884639dab417deb8e612f9cdf8b4e28bd13e1c9d876a06cd45dc468	1360	evidence/consumer-v5/runtime-work/jcc-after/m3/runtime-stage1/evidence/focused-summary.log
91af689ea76de026bebc10ffdf55f208eb75c8e2d2d8e835839f6d3183f755e5	170	evidence/consumer-v5/runtime-work/jcc-after/m3/runtime-stage1/evidence/jtreg-base-native-repair.log
bf14adb3489aa23574dd065871bf1d15f8f5f77cf7d4a4dfa0d3032fa7b0b65b	390	evidence/consumer-v5/runtime-work/jcc-after/m3/runtime-stage1/evidence/jtreg-base.log
17e7f90b3857022e4530ad48a39a519e0064055b9e37e6b3959d94442b5aeefd	1392	evidence/consumer-v5/runtime-work/jcc-after/m3/runtime-stage1/evidence/jtreg-dependencies.sha256
cc365c47378759146dcf964c71377f11b718446d318a17a49ae156f51ccfcd56	176	evidence/consumer-v5/runtime-work/jcc-after/m3/runtime-stage1/evidence/jtreg-focused.log
f1cf8cb49b4444f2ba712dc823cd9325521db3d5e04ac0694651e981f16f8975	398	evidence/consumer-v5/runtime-work/jcc-after/m3/runtime-stage1/evidence/jtreg-hotspot-base.log
bbd675f3e6ce18683fcf2aab77f452839c05e75ad2836c9632e846dd72c8ed51	378	evidence/consumer-v5/runtime-work/jcc-after/m3/runtime-stage1/evidence/jtreg-hotspot.log
9b8ae09942cfbf3b031b827c93a06cd82fe1834ce395da690e89f5ca2f7717eb	176	evidence/consumer-v5/runtime-work/jcc-after/m3/runtime-stage1/evidence/jtreg-patched-native-repair.log
1648d12550a38448b7e20413b6ce8ed380f45b1ad1998c4a9ce24f8b778b7ca9	402	evidence/consumer-v5/runtime-work/jcc-after/m3/runtime-stage1/evidence/jtreg-patched.log
4ad8f5c17477a581bd3cb5a2256b7cc9f6fa1907a5ef1682b00479d73f293a33	468	evidence/consumer-v5/runtime-work/jcc-after/m3/runtime-stage1/evidence/native-build.log
4b1b69e5fe51b28e00ae5ad9c165afa149b734f91979177c4beab9593d186174	1226	evidence/consumer-v5/runtime-work/jcc-after/m3/runtime-stage1/evidence/semantics-summary.log
742699e4578b240b0bc5e87d19596b4a989d97a1de7d0f21282d20c24dc68030	13770	evidence/consumer-v5/runtime-work/jcc-after/m3/runtime-stage1/evidence/test-results.json
635054262cae8270cf7df45fe53b8a2d3050aef5c168175c521f3b19bbd9af11	338	evidence/consumer-v5/runtime-work/jcc-after/m3/runtime-stage1/insertion.txt
bf6f08ddb73e9f1fd114333c4b9d0942e3495e203f09050f86201906746ff1ef	2785	evidence/consumer-v5/runtime-work/jcc-after/m3/runtime-stage1/manifest.json
c450466adc358012700eb1ee0df3f1cd9c90f28f5a9f54ace6abc0d6283022c6	1008	evidence/consumer-v5/runtime-work/jcc-after/m3/runtime-stage1/run-allocation.sh
6525cf0a1ca4ed88df0a8dadddf6d8c5140f94fb358339b214359271ea84a6d4	2018	evidence/consumer-v5/runtime-work/jcc-after/m3/runtime-stage1/run-focused.sh
9a9833ea9f6929e7cb1ff4bdd8146d7e030ef7ac0ccdfa8dc2b9401999b2c5cf	1563	evidence/consumer-v5/runtime-work/jcc-after/m3/runtime-stage1/run-jtreg.sh
8e15a2b268302e107ff918038392a61aa0575745084e01e5ed7693be37300a19	5593	evidence/consumer-v5/runtime-work/jcc-after/m3/runtime-stage1/runtime-contracts.md
72a73f37ce829a98cb3332c91e6f6ce8c3082bdfab0ddec043bc781e5fb753b9	1005	evidence/consumer-v5/runtime-work/jcc-after/m3/runtime-stage1/synexia-pin.json
a0a73ccfcd8f3437003eeed7ed43f99e5c85a158c6592c892a65af5a687d961c	3381	evidence/consumer-v5/runtime-work/jcc-after/m3/runtime-stage1/test_recipe.py
f1c7de235fedb9b25e8aa0c81be6a58d6daf07f74b69dfedffb31d6eca571d3c	2554	evidence/consumer-v5/runtime-work/jcc-after/m3/runtime-stage1/tests/JoinAllocation.java
6b3f1eed16cb17ac58da544d36c28e832f8dc4517aff0a884c7b10f602a9243d	1242	evidence/consumer-v5/runtime-work/jcc-after/m3/runtime-stage1/tests/JoinJni.java
f802b92e9333c04e8fedb9c2ae74613bd5363223facf65a06ac988f612337d4f	6276	evidence/consumer-v5/runtime-work/jcc-after/m3/runtime-stage1/tests/SingletonJoin.java
c5baf06c13a224df2b58612c0e3b07f57d50c08c7856a8c8db84af1deb0aee40	12	evidence/consumer-v5/runtime-work/jcc-after/m3/runtime-stage1/tests/TEST.ROOT
e4bfe3589284515f6e6e2569da65c84a43f12acd5d1e4a5db1ad6acfab58379d	2290	evidence/consumer-v5/runtime-work/jcc-after/m3/runtime-stage1/tests/join_jni.c
61017d8118309e051f64a9cb77092fdb7d3bb51381019811053a6d76fd8fcbdf	1167	evidence/consumer-v5/runtime-work/jcc-after/m3/tooling/a3/README.md
27308b049acc122f62f9cb9a9a679a94640952c423b04495c0ef5b9a2c824ec1	3633	evidence/consumer-v5/runtime-work/jcc-after/m3/tooling/a3/pom.xml
6d9ec887c87898167748ca5f77598f95a6784cfaf14882f4983733c006374b77	5127	evidence/consumer-v5/runtime-work/jcc-after/m3/tooling/a3/src/main/java/com/m3/a3/A3.java
0de471de5a54e1c87153e4b1c23c4013a800f07595cfc05eec7bd4e68f1345d6	10008	evidence/consumer-v5/runtime-work/jcc-after/m3/tooling/a3/src/main/java/com/m3/a3/A3Alg.java
5f925aeb078bd859b485fcb46c3157d95df1b2f3b691246a4182a3850b681492	8561	evidence/consumer-v5/runtime-work/jcc-after/m3/tooling/a3/src/main/java/com/m3/a3/A3Apply.java
c0ff0c45cf310f233a18e163682d0c12876694a93b1f39a332ecf9e125c82c55	7750	evidence/consumer-v5/runtime-work/jcc-after/m3/tooling/a3/src/main/java/com/m3/a3/A3Cases.java
ebddb148600afd7ee7df1175175df7da86b3a2cb048ca9b4e723d4eec5c2fe8c	3137	evidence/consumer-v5/runtime-work/jcc-after/m3/tooling/a3/src/main/java/com/m3/a3/A3Fs.java
f1b87dfdbfc773aa4e3439d2a50ea30cac6f30721a1cf08e39906d5ff0cf4979	5380	evidence/consumer-v5/runtime-work/jcc-after/m3/tooling/a3/src/main/java/com/m3/a3/A3Inv.java
c212736f000836cb782a5ff81fd2de48e67d36ea4b3bd53cf7743c4aadbfdaf6	16196	evidence/consumer-v5/runtime-work/jcc-after/m3/tooling/a3/src/main/java/com/m3/a3/A3Lab.java
acc1f301aef53281ccbb26c78921537de99f98bc3f401906f5be658c761f62ef	6447	evidence/consumer-v5/runtime-work/jcc-after/m3/tooling/a3/src/main/java/com/m3/a3/A3MemoryCompiler.java
e973e37826a09fc2571d4df5514cad4fafec37008d65b6a63cb6bf89a96f4800	7885	evidence/consumer-v5/runtime-work/jcc-after/m3/tooling/a3/src/main/java/com/m3/a3/A3Plan.java
19f7e3fb8c5f4332ab721d1962ab9cac261c524a10d9d91272346636fbe86ada	7516	evidence/consumer-v5/runtime-work/jcc-after/m3/tooling/a3/src/main/java/com/m3/a3/A3RegexMatrix.java
dd56b27fc0f7c7c688dc2520815e627d31b5ea5e4aac53ec747adf3a35874a36	7698	evidence/consumer-v5/runtime-work/jcc-after/m3/tooling/a3/src/main/java/com/m3/a3/A3Work.java
de06c459f50727de7e7c16055bbe0aaef23918efd879ae5fc0ef7956672ff833	7759	evidence/consumer-v5/runtime-work/jcc-after/m3/tooling/a3/src/main/java/com/m3/a3/A3WorkTsv.java
9cda5597f77bc3ba837887efde026356277dbb23cbc6a0011612cbc4dde594d0	4215	evidence/consumer-v5/runtime-work/jcc-after/m3/tooling/a3/src/main/java/com/m3/a3/A3WorkValues.java
594ae68ab3994526b03d31db36aab0c11235a10c078c740ffaea7d597884efbe	6270	evidence/consumer-v5/runtime-work/jcc-after/m3/tooling/a3/src/test/java/com/m3/a3/A3AlgTest.java
2897abfccb331829bd94a349e1b1da90b87b56c7a7d26e23073c90f9a891ea85	4406	evidence/consumer-v5/runtime-work/jcc-after/m3/tooling/a3/src/test/java/com/m3/a3/A3ApplyTest.java
c77fd0a434c0afeca561d1cbf87f37388d68b64560d80b60cb8ec5a85ae71daa	3232	evidence/consumer-v5/runtime-work/jcc-after/m3/tooling/a3/src/test/java/com/m3/a3/A3InvTest.java
351eeac06154189e79f3d139336437d5911da5721c9a95a779ebd5d511997d9c	6117	evidence/consumer-v5/runtime-work/jcc-after/m3/tooling/a3/src/test/java/com/m3/a3/A3LabTest.java
8922e21e4f814dc99282cf1828786a0347552454003e23ac2fa91aa8710851b1	4466	evidence/consumer-v5/runtime-work/jcc-after/m3/tooling/a3/src/test/java/com/m3/a3/A3PlanTest.java
775326b4cadbc416b3c90c368987d92327300cbb97ce5d3d20b9dbc37e56bfe8	9635	evidence/consumer-v5/runtime-work/jcc-after/m3/tooling/a3/src/test/java/com/m3/a3/A3WorkTest.java
b14020cf189bd586199343baacf702f0329d52f96a3ca311eb35348b2bfb3ab2	3092	evidence/consumer-v5/runtime-work/jcc-after/m3/tooling/backport-dag/README.md
8137cb26beea5aaf1b8a9229edc0031b5a3eb77d655a627b78f40d2966910acb	501	evidence/consumer-v5/runtime-work/jcc-after/m3/tooling/backport-dag/examples/jdk-example/atom-evidence.tsv
c264c4db40bcd130962e5f81cac0e51c30950ed3cac34490d8fb775506cd3efa	318	evidence/consumer-v5/runtime-work/jcc-after/m3/tooling/backport-dag/examples/jdk-example/packet.tsv
9490dd9263e9793c6601bba2429860283865ff2c72092e1b55fff95136c01737	4026	evidence/consumer-v5/runtime-work/jcc-after/m3/tooling/backport-dag/pom.xml
b98e8c0ca82a5e072d388023a7f96981f6cc200ec9b2c9489c75a8b01cbc0c11	1050	evidence/consumer-v5/runtime-work/jcc-after/m3/tooling/backport-dag/src/main/java/com/m3/tooling/dag/M3AdmissionFact.java
dfce4331c22f853a322793fba33ff566e41b1c1680eb43f26a7cfb5c977e3c68	2181	evidence/consumer-v5/runtime-work/jcc-after/m3/tooling/backport-dag/src/main/java/com/m3/tooling/dag/M3AtomEvidenceRoot.java
cd12450652cdcf8de71f7b88f73ec32065a147f4f58b92dd31aac5ba60e3b0bf	2953	evidence/consumer-v5/runtime-work/jcc-after/m3/tooling/backport-dag/src/main/java/com/m3/tooling/dag/M3BackportDagLoader.java
16c6402f76e92ec4c7c228e20efc64849e4a808709f44d313b6275941e5b8f46	765	evidence/consumer-v5/runtime-work/jcc-after/m3/tooling/backport-dag/src/main/java/com/m3/tooling/dag/M3BackportDagMain.java
b119f37acab478beca5c1f7cc4f79f7cab3925142463fd530fe07736f8c58c62	2650	evidence/consumer-v5/runtime-work/jcc-after/m3/tooling/backport-dag/src/main/java/com/m3/tooling/dag/M3BackportPacket.java
91a3d30982a5384c1c3f1bb59ccaf2d1ce2350f21e9403911a773240b307899d	2811	evidence/consumer-v5/runtime-work/jcc-after/m3/tooling/backport-dag/src/main/java/com/m3/tooling/dag/M3BackportPacketEvidence.java
9e3c12c07a0118fd2ed456fe125515ed28fb8a1066bc3319ab4ee03952f7a35c	2337	evidence/consumer-v5/runtime-work/jcc-after/m3/tooling/backport-dag/src/main/java/com/m3/tooling/dag/M3BackportPacketEvidenceLoader.java
2bedbf0da3eea04a7458b00e8025d5da4c20236246da2e72ef18bc193d04e060	2562	evidence/consumer-v5/runtime-work/jcc-after/m3/tooling/backport-dag/src/main/java/com/m3/tooling/dag/M3BackportPacketLoader.java
a24b1263bc13015353310cc570bc4edde47e3b33ff4db01ddae2ddb927fc1b89	2465	evidence/consumer-v5/runtime-work/jcc-after/m3/tooling/backport-dag/src/main/java/com/m3/tooling/dag/M3BackportPacketMain.java
9a98e85245f22960352c5bba756c7e5ad279cb1c7057163463b4804d537dc4ea	232	evidence/consumer-v5/runtime-work/jcc-after/m3/tooling/backport-dag/src/main/java/com/m3/tooling/dag/M3DagKind.java
53ce083d2501bf1e4f2db1421ea31241bb5a584bb40df7a8581fc14ca1864be1	1669	evidence/consumer-v5/runtime-work/jcc-after/m3/tooling/backport-dag/src/main/java/com/m3/tooling/dag/M3DagNode.java
82663b75186e3aef706f309f4e6a5c3a5520ef148f46e2d8ae46de411e2f952a	844	evidence/consumer-v5/runtime-work/jcc-after/m3/tooling/backport-dag/src/main/java/com/m3/tooling/dag/M3DagProjection.java
81397c9dafcb733c3a7af57d2bfaa6504bceb99925fbb5e5e01a97fad7b20907	500	evidence/consumer-v5/runtime-work/jcc-after/m3/tooling/backport-dag/src/main/java/com/m3/tooling/dag/M3DagProjectionFormat.java
add121bc0dafa4f35f2b54300de0f42f6ccde2e9da0b28d7d09cfddd97f48b62	12919	evidence/consumer-v5/runtime-work/jcc-after/m3/tooling/backport-dag/src/main/java/com/m3/tooling/dag/M3DagProjector.java
405bfe3070398ba9fa38d07265477000e1b99d6c50fc40bd302d96dcfec40189	2029	evidence/consumer-v5/runtime-work/jcc-after/m3/tooling/backport-dag/src/main/java/com/m3/tooling/dag/M3DagSemanticRoot.java
11243f476f56c52b973ccf6c682e4f241737ef0ea880b4ea95b49e7f07341009	3236	evidence/consumer-v5/runtime-work/jcc-after/m3/tooling/backport-dag/src/main/java/com/m3/tooling/dag/M3OrchestrationProjectionMain.java
f475463faf184a0a310ab9295b6604be5795076295e46d4b6a78784613dce55e	4312	evidence/consumer-v5/runtime-work/jcc-after/m3/tooling/backport-dag/src/main/java/com/m3/tooling/dag/M3PacketDagComposer.java
40e43fd6f889f54c11245be2bd4856d6c1efe1a33c63f25bf247055b642da45e	1724	evidence/consumer-v5/runtime-work/jcc-after/m3/tooling/backport-dag/src/main/java/com/m3/tooling/dag/M3RecipeAtom.java
5836867c11818b8afd5364be4a37d0af9f6fd935eaaefc3f6f1436e314af8760	1911	evidence/consumer-v5/runtime-work/jcc-after/m3/tooling/backport-dag/src/main/java/com/m3/tooling/dag/M3RecipeAtomEvidence.java
def017e6b6bd2395f64b39bb4ea3258efd53526455cc0d9485d5a15356be2a2e	6285	evidence/consumer-v5/runtime-work/jcc-after/m3/tooling/backport-dag/src/main/java/com/m3/tooling/dag/M3RecipeDag.java
c32675f4e3c472af4f9824ecbbddd5bbb5d2d038d00ddfe4832dd8d701431ec6	3617	evidence/consumer-v5/runtime-work/jcc-after/m3/tooling/backport-dag/src/main/java/com/m3/tooling/dag/M3SecondPassReviewBinding.java
374c135a72e85bdcad84be5e9bbd696c763f06f33816e56e28f4a4d620e1aee9	1726	evidence/consumer-v5/runtime-work/jcc-after/m3/tooling/backport-dag/src/main/resources/com/m3/tooling/dag/adapters/airflow/m3_backport_dag.py
b81e897b0c34961102aeb98920a1f5fcfa95b6f3b41fdf9c4f8208e78e8796d8	793	evidence/consumer-v5/runtime-work/jcc-after/m3/tooling/backport-dag/src/main/resources/com/m3/tooling/dag/adapters/camel/m3-backport-route.yaml
922700cc7f1acf943e3f07b7c29d44f07c1b9bfab7e876f4e02d2ea408abb393	1575	evidence/consumer-v5/runtime-work/jcc-after/m3/tooling/backport-dag/src/main/resources/com/m3/tooling/dag/adapters/drools/m3-backport-admission.drl
ed805f7f48b99cc161f394389eb16988bf443c4c49b1ffd7682f843a9aa02614	1471	evidence/consumer-v5/runtime-work/jcc-after/m3/tooling/backport-dag/src/main/resources/com/m3/tooling/dag/m3-backport-dag.tsv
c30f378ea94287851aa836001f16f9a84e73e68c553d656d4198216efb09cb18	916	evidence/consumer-v5/runtime-work/jcc-after/m3/tooling/backport-dag/src/main/resources/com/m3/tooling/dag/m3-second-pass-review-binding.tsv
76c3eafb6c52fe5918023a19dadf1ac98076d0f50332688c56303154871ce423	968	evidence/consumer-v5/runtime-work/jcc-after/m3/tooling/backport-dag/src/test/java/com/m3/tooling/dag/M3BackportDagLoaderTest.java
18b0fdf2576533e67d14f6534f231de16a3cb6a90b728c320d7bbf3ac3871084	10048	evidence/consumer-v5/runtime-work/jcc-after/m3/tooling/backport-dag/src/test/java/com/m3/tooling/dag/M3BackportPacketEvidenceTest.java
4376e53965f3bfe28b34f9abefd4f0308613843473e37f472434267047b49b90	5623	evidence/consumer-v5/runtime-work/jcc-after/m3/tooling/backport-dag/src/test/java/com/m3/tooling/dag/M3BackportPacketTest.java
3c8dad31b3b1ac533ff3d4123cd9a5b122ef16d7bb977ebb7f12c5dacf95fbb6	10200	evidence/consumer-v5/runtime-work/jcc-after/m3/tooling/backport-dag/src/test/java/com/m3/tooling/dag/M3DagProjectorTest.java
989e83ac0f4f4273602ab508882aeb0599025737df6128445bf1f4428846af62	3170	evidence/consumer-v5/runtime-work/jcc-after/m3/tooling/backport-dag/src/test/java/com/m3/tooling/dag/M3FrameworkProjectionTest.java
77373178c8e71265223702a49cbcb0d7db0a6dfb1a0ebacd7e6b887ed89e88aa	4016	evidence/consumer-v5/runtime-work/jcc-after/m3/tooling/backport-dag/src/test/java/com/m3/tooling/dag/M3OrchestrationProjectionMainTest.java
451b4cde41c505a19641dc17649ca0b22b2e82d13685d042e4f29f9af9a8e094	9046	evidence/consumer-v5/runtime-work/jcc-after/m3/tooling/backport-dag/src/test/java/com/m3/tooling/dag/M3PacketDagComposerTest.java
8fe0d897419c2e91dc3fcc7958e0c55c5bdea7b4ee4f48efc57a759b8e34960f	8603	evidence/consumer-v5/runtime-work/jcc-after/m3/tooling/backport-dag/src/test/java/com/m3/tooling/dag/M3RecipeDagTest.java
facd72f10e2e6bf45221dddc54674291d13b307354347aa541005d4735af15db	6310	evidence/consumer-v5/runtime-work/jcc-after/m3/tooling/backport-dag/src/test/java/com/m3/tooling/dag/M3SecondPassReviewBindingTest.java
47a728b77ee6c98343b79f261eb105377eeccae2e80d769ece7890efa92c9ee5	17	evidence/consumer-v5/runtime-work/jcc-after/m3/tooling/backport-dag/src/test/resources/com/m3/tooling/dag/bad-header.tsv
610f533073a5744eb32fdde30add83e1646750a4aa34ea76f0270ad9652b5827	98	evidence/consumer-v5/runtime-work/jcc-after/m3/tooling/backport-dag/src/test/resources/com/m3/tooling/dag/bad-row.tsv
2da6ee4e41190e19223b93611c712a5c12f022bc0055c66e4d5883602cc47bc7	3422	evidence/consumer-v5/runtime-work/jcc-after/m3/tooling/baseline/compare_jdk21.py
802b2732acfcafbf85a51c2f843649a0399b579096cb18620832c37cda79fbe5	2646	evidence/consumer-v5/runtime-work/jcc-after/m3/tooling/baseline/test_compare_jdk21.py
1141064ed2630abfb4a4b52385d7e6c5676a9a51c3c01a4884a7cdaf05609a74	21	evidence/consumer-v5/runtime-work/jcc-after/m3/tooling/cb/.gitignore
0be39e2c2c999c1ba55b364c61e243c7ae5a9fb58778ad054282f5530c976dd1	8848	evidence/consumer-v5/runtime-work/jcc-after/m3/tooling/cb/README.md
5bf0a64c6c9d43b613cd556f599dd97367cb8a1ac5bddc781561329e17ec4c89	16104	evidence/consumer-v5/runtime-work/jcc-after/m3/tooling/cb/SHA256SUMS
880731315e4c50076a1c240dfecb8bc9aa5551b40cc4a83f0f68e837accad79f	2933	evidence/consumer-v5/runtime-work/jcc-after/m3/tooling/cb/close/MIndexStringBacking.java.after
944f12c8b77d19fdb6fc6c7eee1baac0cc91322511c52abca1957fd4120219f5	2821	evidence/consumer-v5/runtime-work/jcc-after/m3/tooling/cb/close/MIndexStringBacking.java.before
2216efbaff3abda53a7051d2a431f4a03ad7db5223fa8ed811a2767d1ba9882a	915	evidence/consumer-v5/runtime-work/jcc-after/m3/tooling/cb/close/plan.json
1eb85fc97224598dad1852b5d6483bbcf0aa8608790dcc657a5a2a761ae9c8c6	11558	evidence/consumer-v5/runtime-work/jcc-after/m3/tooling/cb/donor/LICENSE
993c38054e42c14efe27b52fa0b1e4d322aa17a2f8bdf7e8a460d4adbabe9e35	11782	evidence/consumer-v5/runtime-work/jcc-after/m3/tooling/cb/donor/MIndexAlgorithm.java.txt
bd4e1312397b2d0b836f69aa32be6f7846cce69d30abc814936d0a88af06ea7c	17396	evidence/consumer-v5/runtime-work/jcc-after/m3/tooling/cb/donor/MIndexClass.java.txt
ea78f4d9e5870f6951dba8a124019aa96396261aac041c8ad8c247a6ddc35c3a	4181	evidence/consumer-v5/runtime-work/jcc-after/m3/tooling/cb/donor/MIndexClassBoundary.java.txt
bc3fcc4bc3f582e6565c1c8509038217e7a7360dbb0e290c66b03090c0f6961e	1610	evidence/consumer-v5/runtime-work/jcc-after/m3/tooling/cb/donor/MIndexClassFlags.java.txt
047eb00e579a0bed899419373e19514f0e06876efec39b9cfa2bca2d391196aa	58167	evidence/consumer-v5/runtime-work/jcc-after/m3/tooling/cb/donor/MIndexClassIndex.java.txt
3b2b432ebb29f5f08e30b8f9194a2675f052a238f5f16432ac9e3d26e9d489c2	2463	evidence/consumer-v5/runtime-work/jcc-after/m3/tooling/cb/donor/MIndexConstructor.java.txt
ae3d0439814c26aa0a012984aa6d4debef70bd31590b403f9643634c231cd8b4	2169	evidence/consumer-v5/runtime-work/jcc-after/m3/tooling/cb/donor/MIndexField.java.txt
0e0ddfc53acaeb28137319fd20ee5005f9d7231949ebd3106193c287f13be9b8	2391	evidence/consumer-v5/runtime-work/jcc-after/m3/tooling/cb/donor/MIndexJvmDescriptor.java.txt
4230b2df028a54d833284d373c044b58c4ffde0da1f15b394372d9cbff6e97da	2635	evidence/consumer-v5/runtime-work/jcc-after/m3/tooling/cb/donor/MIndexMember.java.txt
febb6a32912e4149ca5521b149c86554f37d978382242589603aa9265139dfb9	1740	evidence/consumer-v5/runtime-work/jcc-after/m3/tooling/cb/donor/MIndexMemberFlags.java.txt
76c8a68d9f1bafa36df848da02c1b00c4d738e7ff09c63d6761d6c8f892e20cb	744	evidence/consumer-v5/runtime-work/jcc-after/m3/tooling/cb/donor/MIndexMemberKind.java.txt
b11190cdc801a2ce46078fa04d364d9362402c3aef4ff16aebac05a56898aaaa	2620	evidence/consumer-v5/runtime-work/jcc-after/m3/tooling/cb/donor/MIndexMethod.java.txt
b63a7f5a59d3badd7340e00021f2eaa410645d0f4a5d25a5a570797897969457	2036	evidence/consumer-v5/runtime-work/jcc-after/m3/tooling/cb/donor/MIndexRecordComponent.java.txt
406f451222b1f6e950c28439316fdbcd6e9cfb9463658e1deec85cfe41197f1a	1913	evidence/consumer-v5/runtime-work/jcc-after/m3/tooling/cb/donor/MIndexVmPrecomputeKey.java.txt
bdeb857abaa302a40c4f542c23c4629eb0091f04d56d60545d6ca51325ff92a4	7413	evidence/consumer-v5/runtime-work/jcc-after/m3/tooling/cb/donor/MIndexVmSession.java.txt
31cec4f2c4936b0e7a71a77847a3c20b0959e119a02ef5cf537f4f707fff9427	14991	evidence/consumer-v5/runtime-work/jcc-after/m3/tooling/cb/donor/NOTICE
8c4fb6520d50aa72de2222a9dd49afc3a16462d7b86eb822070613e674537380	17781	evidence/consumer-v5/runtime-work/jcc-after/m3/tooling/cb/evidence/CBProbe.jtr
0e7d540ceafe12958d9f004f7b104700c1cd7543952c6431a6205d8937358c4a	13588	evidence/consumer-v5/runtime-work/jcc-after/m3/tooling/cb/evidence/JNINull.jtr
99a75356fcf20f71e89fe9a6370183a60b251c8513650847b980a4029115d597	8695	evidence/consumer-v5/runtime-work/jcc-after/m3/tooling/cb/evidence/MIndexMappedStringBackingTest.jtr
3a78b73004d785732553495a951500696f24ec80338b50cbbd90d682f6131128	33	evidence/consumer-v5/runtime-work/jcc-after/m3/tooling/cb/evidence/Xint.log
3a78b73004d785732553495a951500696f24ec80338b50cbbd90d682f6131128	33	evidence/consumer-v5/runtime-work/jcc-after/m3/tooling/cb/evidence/Xmixed.log
b8095b9dfae177b3cefd49a7091a30ac883dd2b56410e4bc23a9ff0a2a351b0e	120138	evidence/consumer-v5/runtime-work/jcc-after/m3/tooling/cb/evidence/c1.log
733ac11fcf8ff10011f9417c069287e343ef3ca75786d07f2bca90aaab90ef52	131554	evidence/consumer-v5/runtime-work/jcc-after/m3/tooling/cb/evidence/c2.log
ce23447f046a694953def9ea636334e0838ee8766b650e49ade101272a4d852a	288	evidence/consumer-v5/runtime-work/jcc-after/m3/tooling/cb/evidence/close-tests.txt
e3b0c44298fc1c149afbf4c8996fb92427ae41e4649b934ca495991b7852b855	0	evidence/consumer-v5/runtime-work/jcc-after/m3/tooling/cb/evidence/compile-bootstrap.log
e3b0c44298fc1c149afbf4c8996fb92427ae41e4649b934ca495991b7852b855	0	evidence/consumer-v5/runtime-work/jcc-after/m3/tooling/cb/evidence/compile-close.log
e3b0c44298fc1c149afbf4c8996fb92427ae41e4649b934ca495991b7852b855	0	evidence/consumer-v5/runtime-work/jcc-after/m3/tooling/cb/evidence/compile-probe.log
e3b0c44298fc1c149afbf4c8996fb92427ae41e4649b934ca495991b7852b855	0	evidence/consumer-v5/runtime-work/jcc-after/m3/tooling/cb/evidence/compile-product.log
eef6bf1e2d451f6f9ec9288dc1d9a54d321fd446f812636563609699a0fa7053	19346	evidence/consumer-v5/runtime-work/jcc-after/m3/tooling/cb/evidence/configure.log
07b1487a6474830db1de38b5d30a7cc88e07fb50664a25f61b264412d7213e9b	4318	evidence/consumer-v5/runtime-work/jcc-after/m3/tooling/cb/evidence/images.log
22d5f6d6dd5ea52852cd0c247b1c76c38d9aa582db127aeb9de3d5f1f2a49ef6	103	evidence/consumer-v5/runtime-work/jcc-after/m3/tooling/cb/evidence/install-tests.txt
340c89d6b34a8001f98fe9905e786ee8b711c0804a62e3b74efea017754cd6a3	19	evidence/consumer-v5/runtime-work/jcc-after/m3/tooling/cb/evidence/jdeps.log
86cc09329b49a10aa2503b537cf0e184c20574bbe24f151376954d79061aee17	96	evidence/consumer-v5/runtime-work/jcc-after/m3/tooling/cb/evidence/jni-default.log
86cc09329b49a10aa2503b537cf0e184c20574bbe24f151376954d79061aee17	96	evidence/consumer-v5/runtime-work/jcc-after/m3/tooling/cb/evidence/jni-enabled.log
32535921e60b633ad970fd15bd3d9a2fa3ad83efff8a24b8e159ee3e267bc4d0	462	evidence/consumer-v5/runtime-work/jcc-after/m3/tooling/cb/evidence/jtreg.log
ba2eb17ff21ac30abd70b855dc8a2490371a51c062c50cff36b4226b4234c8e4	87	evidence/consumer-v5/runtime-work/jcc-after/m3/tooling/cb/evidence/jtreg.sha256
d4578b77ded4c87f33240fad4588e418b3157992288cbf4a1a4e38be14ece15b	47	evidence/consumer-v5/runtime-work/jcc-after/m3/tooling/cb/evidence/mapping.txt
2cb4eb966de40f965c2936a44fa7bf140eb6355b42c5b868ea11a90954afbf8b	290	evidence/consumer-v5/runtime-work/jcc-after/m3/tooling/cb/evidence/native-tests.txt
bc6ef0854d4e6e191259ea35187d7f47c9d3c8b2802eb10fefbdd9371da8c044	40895	evidence/consumer-v5/runtime-work/jcc-after/m3/tooling/cb/evidence/receipt.json
54474d9b23903950d6abf7a6cc5f3274cad4b4e96bb7fc5dfd410a78da0e7c72	282	evidence/consumer-v5/runtime-work/jcc-after/m3/tooling/cb/evidence/recipe-tests.txt
c2a48c6e0b10eb6ea0ce3f0a14563d897bb1298752a0f8074f26576da403ad9f	215	evidence/consumer-v5/runtime-work/jcc-after/m3/tooling/cb/evidence/version.log
24d84810ded39819f12f29946c9d72d1c431f1aa4957b2d7e9f702d12d0177b4	20	evidence/consumer-v5/runtime-work/jcc-after/m3/tooling/cb/evidence/vi-int.log
24d84810ded39819f12f29946c9d72d1c431f1aa4957b2d7e9f702d12d0177b4	20	evidence/consumer-v5/runtime-work/jcc-after/m3/tooling/cb/evidence/vi-mixed.log
c89a34d2e793f5a797ded51c32bf2f7ddad19ad1b932f003dfbde46b37f58d8a	4114	evidence/consumer-v5/runtime-work/jcc-after/m3/tooling/cb/install/M3Boundary.java.txt
af93f3bebd9a54f592742b0b6d9e1215770446fd13b8679fa259f7c0d5effa36	7771	evidence/consumer-v5/runtime-work/jcc-after/m3/tooling/cb/install/M3CB.java.txt
9a8fa33a3edf5edaaf6b22eeeb203cd08ff386bdd4b7307cdd47e849bc3b98b1	61135	evidence/consumer-v5/runtime-work/jcc-after/m3/tooling/cb/install/M3CI.java.txt
542fab6ba509299d937c26fe68c9eab96cda3b8dd2b30c41df6992038b0d4472	16841	evidence/consumer-v5/runtime-work/jcc-after/m3/tooling/cb/install/M3Class.java.txt
cb7dc87b4fb4849bd145520014bcd8cd55168134cf8b482dba495219b8a2344b	1592	evidence/consumer-v5/runtime-work/jcc-after/m3/tooling/cb/install/M3ClassFlags.java.txt
f6a8cd76d1bd8bd5f2641d6d81dcb4e74b8aa613442c23fed32f3e99945be923	2329	evidence/consumer-v5/runtime-work/jcc-after/m3/tooling/cb/install/M3Constructor.java.txt
df17c48e54de060060e4393e5c2f3e8e2f068bad38a69576a82709cc6d4cbdb9	2367	evidence/consumer-v5/runtime-work/jcc-after/m3/tooling/cb/install/M3Descriptor.java.txt
a197eb18922617e1b0992d474f2acdb3c8753eb1c0b16a014a93a5460fe66481	2041	evidence/consumer-v5/runtime-work/jcc-after/m3/tooling/cb/install/M3Field.java.txt
c0cc0b38eb167ea313a67db584184ee94269b2f2b808a6a16cfafbb80fa541f1	2493	evidence/consumer-v5/runtime-work/jcc-after/m3/tooling/cb/install/M3Member.java.txt
f436e0fdfbe44074c3855944e005707e833ce96fa34b24cb300c3957c1cc24be	1722	evidence/consumer-v5/runtime-work/jcc-after/m3/tooling/cb/install/M3MemberFlags.java.txt
0c24a919386302c498d94e3a4d0bfffbe96084f7c93b62e23799646b4502496b	718	evidence/consumer-v5/runtime-work/jcc-after/m3/tooling/cb/install/M3MemberKind.java.txt
f7651b04fa197f47904f5258ba2150242a9801bbcbef6e19fa90ed296fef8f58	2478	evidence/consumer-v5/runtime-work/jcc-after/m3/tooling/cb/install/M3Method.java.txt
e38403e001ea950c5e789c854f4f4e8004253a4a7545aa6e044a52112b592898	1686	evidence/consumer-v5/runtime-work/jcc-after/m3/tooling/cb/install/M3PC.java.txt
0be405cfa1d7fac2fbf1bdf5ae42e9798033eda53c6545b47154a16fa57134bd	1916	evidence/consumer-v5/runtime-work/jcc-after/m3/tooling/cb/install/M3RecordComponent.java.txt
c51e4d790399b023cc6da07daf036b580bd572b2360c7146240c44a6bf810456	4902	evidence/consumer-v5/runtime-work/jcc-after/m3/tooling/cb/install/plan.json
c4ce29e9ec2295aadccd9fbac2141cf37b2a874edbd8054d44fbd9c8a72a159e	19684	evidence/consumer-v5/runtime-work/jcc-after/m3/tooling/cb/integration/CBProbe.java.after
f4ed7d3143b74e07cadff1fa9207e65f2e41caa8ee1475bd5207677abc8ffaf7	681	evidence/consumer-v5/runtime-work/jcc-after/m3/tooling/cb/integration/NOTICE.after
1f55398216ed23efc858988f68bb9fecafa10efba4dd19c5ec5a0e64bacee5fc	649	evidence/consumer-v5/runtime-work/jcc-after/m3/tooling/cb/integration/NOTICE.before
9815efc8ec24804c0ed35c7f5bdf2b10d98ebdb65b8298ef66074aa94d5f020c	251	evidence/consumer-v5/runtime-work/jcc-after/m3/tooling/cb/integration/VmFixture.java.after
8a9df82b06f61ec680d47bbf512201f8120e661831b4d92b067aa58e7c84451c	8827	evidence/consumer-v5/runtime-work/jcc-after/m3/tooling/cb/integration/counterpart-naming.md.after
9e0e840fe26530bffbe67cd4f6310517d3429c0eefd17e1e3a70f9cde7227cc1	7904	evidence/consumer-v5/runtime-work/jcc-after/m3/tooling/cb/integration/counterpart-naming.md.before
67d40925b97a38c3c1a85f337806524ac590a540bd39647b3e4b0988f2ae3fbb	196161	evidence/consumer-v5/runtime-work/jcc-after/m3/tooling/cb/integration/name-mapping.json.after
186cd1559e221919ce558fda7192c13a2472ff512a4ac6dc0707338767532662	105323	evidence/consumer-v5/runtime-work/jcc-after/m3/tooling/cb/integration/name-mapping.json.before
7e46c7ff4597957b35451aee0c21a70077a63d550df476147368295cd670389b	5765	evidence/consumer-v5/runtime-work/jcc-after/m3/tooling/cb/integration/plan.json
1d615647231198fcfe563d63655165b4265fb9220626c24b88877fb3c76bf264	13066	evidence/consumer-v5/runtime-work/jcc-after/m3/tooling/cb/integration/synexia.md.after
83555e6e0a9ac65409ea500bdb70c3ce6799a8a9498b767742335a48e5a6efa8	12256	evidence/consumer-v5/runtime-work/jcc-after/m3/tooling/cb/integration/synexia.md.before
440e56c06fce9c7bfd37025fa3684afe715b4d9d2cfbca33c4bb9d7b084d1281	716	evidence/consumer-v5/runtime-work/jcc-after/m3/tooling/cb/jni/JNINull.java.after
95adc8ea2a9035e65b613a7fb4131f8629bc90f81b70008895a77c1e396b05f9	161405	evidence/consumer-v5/runtime-work/jcc-after/m3/tooling/cb/jni/jni.cpp.after
95f131c664bf993f457d3ea53bdfe0850f842d82c5a42644a979d724580522f4	161430	evidence/consumer-v5/runtime-work/jcc-after/m3/tooling/cb/jni/jni.cpp.before
471076651477273d831ea7cbfe25120aa7a8af6397c9611b0247e5c7c6b9702e	228	evidence/consumer-v5/runtime-work/jcc-after/m3/tooling/cb/jni/libM3JNINull.c.after
671ba78d80309c7d7b2e40964fbfded4a2f473dc67f3a4a6b8d914d4aaa97181	1365	evidence/consumer-v5/runtime-work/jcc-after/m3/tooling/cb/jni/plan.json
ec2f840d471d26265859c5d29adff1d425ab4d564b2856606f95043617c26543	7245	evidence/consumer-v5/runtime-work/jcc-after/m3/tooling/cb/pins.json
5acfeeef9d5853198668de8022733459f842a7ae60b02a028b09192f16fb9c42	2498	evidence/consumer-v5/runtime-work/jcc-after/m3/tooling/cb/pom.xml
2249dcbcc6c74ffcddaeb3e7962b8ca3532f5a22b8db3fdb33e99bf45c3d5aac	903	evidence/consumer-v5/runtime-work/jcc-after/m3/tooling/cb/recipe-pin.tsv
ef4d139b861bf8aa3deda5ca9da8396a8b50c18b77924c458f2af3dd8639d5ce	2986	evidence/consumer-v5/runtime-work/jcc-after/m3/tooling/cb/run-image.sh
95adc8ea2a9035e65b613a7fb4131f8629bc90f81b70008895a77c1e396b05f9	161405	evidence/consumer-v5/runtime-work/jcc-after/m3/tooling/cb/src/main/resources/com/m3/rewrite/backport/jdk21-hash-pinned-text/m3-jni/jni.cpp.txt
471076651477273d831ea7cbfe25120aa7a8af6397c9611b0247e5c7c6b9702e	228	evidence/consumer-v5/runtime-work/jcc-after/m3/tooling/cb/src/main/resources/com/m3/rewrite/backport/jdk21-hash-pinned-text/m3-jni/libM3JNINull.c.txt
4205a9adaf793e3340a2b0e581687646eb0428ad957680f5736267f104def1ac	341	evidence/consumer-v5/runtime-work/jcc-after/m3/tooling/cb/src/main/resources/com/m3/rewrite/backport/jdk21-hash-pinned-text/m3-jni/manifest.tsv
c4ce29e9ec2295aadccd9fbac2141cf37b2a874edbd8054d44fbd9c8a72a159e	19684	evidence/consumer-v5/runtime-work/jcc-after/m3/tooling/cb/src/main/resources/com/synexia/rewrite/hash-pinned-java/m3-cb/CBProbe.java.txt
c89a34d2e793f5a797ded51c32bf2f7ddad19ad1b932f003dfbde46b37f58d8a	4114	evidence/consumer-v5/runtime-work/jcc-after/m3/tooling/cb/src/main/resources/com/synexia/rewrite/hash-pinned-java/m3-cb/M3Boundary.java.txt
af93f3bebd9a54f592742b0b6d9e1215770446fd13b8679fa259f7c0d5effa36	7771	evidence/consumer-v5/runtime-work/jcc-after/m3/tooling/cb/src/main/resources/com/synexia/rewrite/hash-pinned-java/m3-cb/M3CB.java.txt
9a8fa33a3edf5edaaf6b22eeeb203cd08ff386bdd4b7307cdd47e849bc3b98b1	61135	evidence/consumer-v5/runtime-work/jcc-after/m3/tooling/cb/src/main/resources/com/synexia/rewrite/hash-pinned-java/m3-cb/M3CI.java.txt
542fab6ba509299d937c26fe68c9eab96cda3b8dd2b30c41df6992038b0d4472	16841	evidence/consumer-v5/runtime-work/jcc-after/m3/tooling/cb/src/main/resources/com/synexia/rewrite/hash-pinned-java/m3-cb/M3Class.java.txt
cb7dc87b4fb4849bd145520014bcd8cd55168134cf8b482dba495219b8a2344b	1592	evidence/consumer-v5/runtime-work/jcc-after/m3/tooling/cb/src/main/resources/com/synexia/rewrite/hash-pinned-java/m3-cb/M3ClassFlags.java.txt
f6a8cd76d1bd8bd5f2641d6d81dcb4e74b8aa613442c23fed32f3e99945be923	2329	evidence/consumer-v5/runtime-work/jcc-after/m3/tooling/cb/src/main/resources/com/synexia/rewrite/hash-pinned-java/m3-cb/M3Constructor.java.txt
df17c48e54de060060e4393e5c2f3e8e2f068bad38a69576a82709cc6d4cbdb9	2367	evidence/consumer-v5/runtime-work/jcc-after/m3/tooling/cb/src/main/resources/com/synexia/rewrite/hash-pinned-java/m3-cb/M3Descriptor.java.txt
a197eb18922617e1b0992d474f2acdb3c8753eb1c0b16a014a93a5460fe66481	2041	evidence/consumer-v5/runtime-work/jcc-after/m3/tooling/cb/src/main/resources/com/synexia/rewrite/hash-pinned-java/m3-cb/M3Field.java.txt
c0cc0b38eb167ea313a67db584184ee94269b2f2b808a6a16cfafbb80fa541f1	2493	evidence/consumer-v5/runtime-work/jcc-after/m3/tooling/cb/src/main/resources/com/synexia/rewrite/hash-pinned-java/m3-cb/M3Member.java.txt
f436e0fdfbe44074c3855944e005707e833ce96fa34b24cb300c3957c1cc24be	1722	evidence/consumer-v5/runtime-work/jcc-after/m3/tooling/cb/src/main/resources/com/synexia/rewrite/hash-pinned-java/m3-cb/M3MemberFlags.java.txt
0c24a919386302c498d94e3a4d0bfffbe96084f7c93b62e23799646b4502496b	718	evidence/consumer-v5/runtime-work/jcc-after/m3/tooling/cb/src/main/resources/com/synexia/rewrite/hash-pinned-java/m3-cb/M3MemberKind.java.txt
f7651b04fa197f47904f5258ba2150242a9801bbcbef6e19fa90ed296fef8f58	2478	evidence/consumer-v5/runtime-work/jcc-after/m3/tooling/cb/src/main/resources/com/synexia/rewrite/hash-pinned-java/m3-cb/M3Method.java.txt
e38403e001ea950c5e789c854f4f4e8004253a4a7545aa6e044a52112b592898	1686	evidence/consumer-v5/runtime-work/jcc-after/m3/tooling/cb/src/main/resources/com/synexia/rewrite/hash-pinned-java/m3-cb/M3PC.java.txt
0be405cfa1d7fac2fbf1bdf5ae42e9798033eda53c6545b47154a16fa57134bd	1916	evidence/consumer-v5/runtime-work/jcc-after/m3/tooling/cb/src/main/resources/com/synexia/rewrite/hash-pinned-java/m3-cb/M3RecordComponent.java.txt
9815efc8ec24804c0ed35c7f5bdf2b10d98ebdb65b8298ef66074aa94d5f020c	251	evidence/consumer-v5/runtime-work/jcc-after/m3/tooling/cb/src/main/resources/com/synexia/rewrite/hash-pinned-java/m3-cb/VmFixture.java.txt
df2d1847fc9ad2679e574c92232bf1cf7da0ad2c61bda65c0ce124822c595ab3	2451	evidence/consumer-v5/runtime-work/jcc-after/m3/tooling/cb/src/main/resources/com/synexia/rewrite/hash-pinned-java/m3-cb/manifest.tsv
880731315e4c50076a1c240dfecb8bc9aa5551b40cc4a83f0f68e837accad79f	2933	evidence/consumer-v5/runtime-work/jcc-after/m3/tooling/cb/src/main/resources/com/synexia/rewrite/hash-pinned-java/m3-close/MIndexStringBacking.java.txt
7bed7ae31c48003f4de722a750a79c80061bf68e391e8294f2a2ee98c3d9563c	261	evidence/consumer-v5/runtime-work/jcc-after/m3/tooling/cb/src/main/resources/com/synexia/rewrite/hash-pinned-java/m3-close/manifest.tsv
440e56c06fce9c7bfd37025fa3684afe715b4d9d2cfbca33c4bb9d7b084d1281	716	evidence/consumer-v5/runtime-work/jcc-after/m3/tooling/cb/src/main/resources/com/synexia/rewrite/hash-pinned-java/m3-jni-null/JNINull.java.txt
a312cd8fe607d2fc15afda0be68a659bae6548860dbea2b037a0e4e6ff8b4ae2	155	evidence/consumer-v5/runtime-work/jcc-after/m3/tooling/cb/src/main/resources/com/synexia/rewrite/hash-pinned-java/m3-jni-null/manifest.tsv
955ed82fa57acfdb8392e1323624dcbcfb5877bfc5bbfe75c5dc14053d6c007d	11906	evidence/consumer-v5/runtime-work/jcc-after/m3/tooling/cb/src/test/java/com/m3/cb/CBTest.java
2120a9a217e22be242f7cf7a3408ce17f24038683d045cc082fbbe00078e75f0	3395	evidence/consumer-v5/runtime-work/jcc-after/m3/tooling/cb/src/test/java/com/m3/cb/CloseTest.java
e530bb688468261395b4fbcfd4fba686c71e82e0bd779be0942e9e6e29df3e4d	3492	evidence/consumer-v5/runtime-work/jcc-after/m3/tooling/cb/src/test/java/com/m3/cb/NativeTest.java
6c2b30cf3ed08ad2fea60631e6c6b37b8ccf6c6ab6f8e6a31a317a237876546b	4430	evidence/consumer-v5/runtime-work/jcc-after/m3/tooling/cb/test_install.py
b4906e3ce7ed0033f48ffe16763850e61be5269731d8f84892dd8e48663dee81	8538	evidence/consumer-v5/runtime-work/jcc-after/m3/tooling/emit-java21-convergence-proof.py
8544be570c2656c5fa641ae34fc01eaea420bbb420f6d80ce5f95253504e9888	3383	evidence/consumer-v5/runtime-work/jcc-after/m3/tooling/migration-recipes/pom.xml
07dd89a974ca2ebd2d7abc82f8235024eb65d235762f1ed0d141fe4a1c4c68f0	5384	evidence/consumer-v5/runtime-work/jcc-after/m3/tooling/migration-recipes/src/main/java/com/m3/rewrite/InstallIndexStringCompatibility.java
2e7514ddf7332311bb31f758dbfb27aa8242cf086cabc6cbb7f27b9f4cb7f2d3	1156	evidence/consumer-v5/runtime-work/jcc-after/m3/tooling/migration-recipes/src/main/java/com/m3/rewrite/M3Java21ConvergenceCatalog.java
15e44e92ba509b405ed2e12ddc4c6bf2a427f59cdca95d7e8e960357732266e9	2254	evidence/consumer-v5/runtime-work/jcc-after/m3/tooling/migration-recipes/src/main/java/com/m3/rewrite/M3Java21ConvergenceRecipe.java
521a7f07e59f507e0ce3193a3d0c7540c232a37c74128d954b52670677498241	2338	evidence/consumer-v5/runtime-work/jcc-after/m3/tooling/migration-recipes/src/main/java/com/m3/rewrite/a3/M3A3AlgorithmCatalogueManifest.java
4620bec8fa489b8dcfb8960d8979bfb75517d7893b5f26546d1abaf9f629800e	10998	evidence/consumer-v5/runtime-work/jcc-after/m3/tooling/migration-recipes/src/main/java/com/m3/rewrite/a3/M3A3AlgorithmCatalogueRecipe.java
3f39c37a6c88b36547c010b915f6f14bc9566a3be1dba1ee1648e31f044bca2c	2598	evidence/consumer-v5/runtime-work/jcc-after/m3/tooling/migration-recipes/src/main/java/com/m3/rewrite/a3/M3A3SerialFileWorkManifest.java
dc06d948d19e5abb8f3ab423b5a790e499275f4c33eae0e1501a5cac915782c3	10698	evidence/consumer-v5/runtime-work/jcc-after/m3/tooling/migration-recipes/src/main/java/com/m3/rewrite/a3/M3A3SerialFileWorkRecipe.java
4f6c17a035e64106f172b488fded9b565d1af48d6a8ecbd4700b3ff0cc2cd1e1	4448	evidence/consumer-v5/runtime-work/jcc-after/m3/tooling/migration-recipes/src/main/java/com/m3/rewrite/atom/M3AtomizePureIntReturnRecipe.java
233cbae58e7bf8ffb67aeb56ee5418996aceca624bde4e35fcf0f54b52afb79b	3779	evidence/consumer-v5/runtime-work/jcc-after/m3/tooling/migration-recipes/src/main/java/com/m3/rewrite/atom/M3DocumentPureIntAtomRecipe.java
2765872917a05ca2e71f977484a872bbac626cdf55ca24c71c8c9bc6dff10f24	2523	evidence/consumer-v5/runtime-work/jcc-after/m3/tooling/migration-recipes/src/main/java/com/m3/rewrite/atom/M3FileAtomCandidateTable.java
3ca3fb634bd742821a317c47dde7ecb5f5176a1df8e3c2e8248a7873821a832b	2753	evidence/consumer-v5/runtime-work/jcc-after/m3/tooling/migration-recipes/src/main/java/com/m3/rewrite/atom/M3InventoryPureIntAtomCandidates.java
b831177cbaaeca359a0b397eb4c74c0caf86c27666db702ef4492a42c210cd9f	2706	evidence/consumer-v5/runtime-work/jcc-after/m3/tooling/migration-recipes/src/main/java/com/m3/rewrite/atom/M3PatternizePureIntAtomRecipe.java
ea31026be2f699923e4dfcc6fa906cee77eb5a46bdb9a32948948bfdfe19cebb	7151	evidence/consumer-v5/runtime-work/jcc-after/m3/tooling/migration-recipes/src/main/java/com/m3/rewrite/atom/M3PureIntAtomEligibility.java
ba078715aa83969fc6c04fcd0d9d226ff0d0ad7f46f38ebede6f5b312504e534	1341	evidence/consumer-v5/runtime-work/jcc-after/m3/tooling/migration-recipes/src/main/java/com/m3/rewrite/atom/M3PureIntConvergenceRecipe.java
0e65b26f674f68fea30151ea63a17faef2f88ca0f0679723bb3dc230fda22b72	13233	evidence/consumer-v5/runtime-work/jcc-after/m3/tooling/migration-recipes/src/main/java/com/m3/rewrite/backport/M3Jdk21HashPinnedSnapshotRecipe.java
8015207ce502d22955f7f77697177e5939fa1e25be7cd74be89c639335ae48e6	12032	evidence/consumer-v5/runtime-work/jcc-after/m3/tooling/migration-recipes/src/main/java/com/m3/rewrite/backport/M3Jdk21HashPinnedTextSnapshotRecipe.java
f4e3ed9f8fa1acddfb11a897f917cf4cefb3478af9c159180e487d367372ae4e	2016	evidence/consumer-v5/runtime-work/jcc-after/m3/tooling/migration-recipes/src/main/java/com/m3/rewrite/backport/M3Jdk8347112BackportRecipe.java
f9b9578d2658100cda86aa494de2343fc0d8419c9a05bb4ff9ee03c3df2ed36c	1976	evidence/consumer-v5/runtime-work/jcc-after/m3/tooling/migration-recipes/src/main/java/com/m3/rewrite/backport/M3Jdk8364182BackportRecipe.java
e1933da3ca4a71e7cfcfb297cef2b055ddc54fdf4b0bef4d72c32689bb0969f2	2546	evidence/consumer-v5/runtime-work/jcc-after/m3/tooling/migration-recipes/src/main/java/com/m3/rewrite/backport/M3Jdk8367584JfrOptionsHelpBackportRecipe.java
8824461e44855a3c854195b548e48e6fa345f87d63dab3fa0d535077206aaf31	1948	evidence/consumer-v5/runtime-work/jcc-after/m3/tooling/migration-recipes/src/main/java/com/m3/rewrite/backport/M3Jdk8368692PasswordSystemInBackportRecipe.java
3fb61651317f6398931564733e0bd6bc37ded746727d94a0ccb98e5637cf598e	1706	evidence/consumer-v5/runtime-work/jcc-after/m3/tooling/migration-recipes/src/main/java/com/m3/rewrite/backport/M3Jdk8374808BackportRecipe.java
2c78616caa49fbb122eacd61b48eb23ce6fb881170609cedebbfa7191a9e4231	2001	evidence/consumer-v5/runtime-work/jcc-after/m3/tooling/migration-recipes/src/main/java/com/m3/rewrite/backport/M3Jep458BackportRecipe.java
3af361baeb3c04b81808750c1a0d1d8f5c5621a87a2065deec460c540c2cc2b9	6362	evidence/consumer-v5/runtime-work/jcc-after/m3/tooling/migration-recipes/src/main/java/com/m3/rewrite/backport/M3VerbatimJavaPairRecipe.java
5c8c9ff94cec6d5ec7be9e5ca4984035c892c7bc03c079ec96e019ff7d3053fc	383	evidence/consumer-v5/runtime-work/jcc-after/m3/tooling/migration-recipes/src/main/java/com/m3/rewrite/scope/M3ContractMode.java
258dc928a4e350694446cbe4ea6348adaa722deada05d6fe0af2f95e6969d140	1432	evidence/consumer-v5/runtime-work/jcc-after/m3/tooling/migration-recipes/src/main/java/com/m3/rewrite/scope/M3EditScope.java
332cf42918ef35d9ad6ba7c241f1a9222490f618908af3acb346fc837581b5d5	1230	evidence/consumer-v5/runtime-work/jcc-after/m3/tooling/migration-recipes/src/main/java/com/m3/rewrite/scope/M3RecipeScopePolicy.java
9ba3245512f18e3d921b6a8d013cea05a70b5a84c473b34dbd574ba55a1978d4	4112	evidence/consumer-v5/runtime-work/jcc-after/m3/tooling/migration-recipes/src/main/java/com/m3/rewrite/scope/M3RecipeScopeRegistry.java
eca941688f9449f54c16386c581ce162df608858526d4660473e250ed3d0f267	6292	evidence/consumer-v5/runtime-work/jcc-after/m3/tooling/migration-recipes/src/main/java/com/m3/rewrite/scope/M3ScopeInference.java
6403fd76be787566536309165ef29ba333e1e0533091d28bb365c1bbabbfcf83	2867	evidence/consumer-v5/runtime-work/jcc-after/m3/tooling/migration-recipes/src/main/java/com/m3/rewrite/semantic/M3SemanticHashRecipe.java
213a6a82426e48a3e219b53f7e892e1d750ca4f56aa801571e3a62bfca470721	2683	evidence/consumer-v5/runtime-work/jcc-after/m3/tooling/migration-recipes/src/main/java/com/m3/rewrite/semantic/M3SemanticHashTable.java
0b00aef7bd43af89f7d475282bc8c99425db6568389f6c80cb89662d3507891b	6064	evidence/consumer-v5/runtime-work/jcc-after/m3/tooling/migration-recipes/src/main/java/com/m3/rewrite/semantic/M3SemanticHasher.java
3fc6e77a1394e292747d689a4a42a328b496000865aa390afe05d5571febd599	13805	evidence/consumer-v5/runtime-work/jcc-after/m3/tooling/migration-recipes/src/main/java/com/synexia/rewrite/M3HashPinnedJavaSnapshotRecipe.java
834fbe2272bfa8ea660c65f2d8744e164d0b2e94d925d81350be76508bdfc979	6439	evidence/consumer-v5/runtime-work/jcc-after/m3/tooling/migration-recipes/src/main/java/com/synexia/rewrite/M3MIndexJoinedCharsViewRecipe.java
42073eafcc0bb1e88a866d07dbb8e96e1c824afd2b8c87d8aebbfa7e2e6d21c4	3625	evidence/consumer-v5/runtime-work/jcc-after/m3/tooling/migration-recipes/src/main/java/com/synexia/rewrite/M3SegmentedLaneNativeRecipe.java
5665f6a5eef0dd355db6347213c524ae87f2f0bd4f56e2e1c9c60adf5fe30f8c	371	evidence/consumer-v5/runtime-work/jcc-after/m3/tooling/migration-recipes/src/main/resources/META-INF/rewrite/a3-kit.yml
42fc98a398b159b1de31374264c154be34150c46c36e7f35d17f8e49e0ebf7ba	390	evidence/consumer-v5/runtime-work/jcc-after/m3/tooling/migration-recipes/src/main/resources/META-INF/rewrite/db-atom.yml
fdb038c62cdea65b1a7e2d96689b587820f2d544ed361ec44d659df8037bf083	384	evidence/consumer-v5/runtime-work/jcc-after/m3/tooling/migration-recipes/src/main/resources/META-INF/rewrite/db-build.yml
76cb9c26065855015e0cf14ceaec3ad55d34d85c794ad2e673452d7f391b8123	376	evidence/consumer-v5/runtime-work/jcc-after/m3/tooling/migration-recipes/src/main/resources/META-INF/rewrite/db-mark.yml
97f9eb7f3f45ede7acfc00bddfef22ffa2306aef1e4cc751cd1ddc3bb9b0d5d5	1448	evidence/consumer-v5/runtime-work/jcc-after/m3/tooling/migration-recipes/src/main/resources/META-INF/rewrite/db.yml
149c9dbbe75eba8f61b7be0d2a76acd8443d9b0e90c7c255e65977a2aafd5c44	779	evidence/consumer-v5/runtime-work/jcc-after/m3/tooling/migration-recipes/src/main/resources/META-INF/rewrite/gate.yml
9f3158dc6008fa35728c319edb6867c933cfc90eb44dff532169e473c1571831	407	evidence/consumer-v5/runtime-work/jcc-after/m3/tooling/migration-recipes/src/main/resources/META-INF/rewrite/jdk-focus.yml
5729698ca0d9fdc6c909f2bb8f17ffb57b597b3b541a5202e86be01ce331dde0	368	evidence/consumer-v5/runtime-work/jcc-after/m3/tooling/migration-recipes/src/main/resources/META-INF/rewrite/m3-a3-algorithm-catalogue.yml
5a62513292d4e617a3eda45fc0de8c9c0028d8d04def9782952d63f3a780d87b	991	evidence/consumer-v5/runtime-work/jcc-after/m3/tooling/migration-recipes/src/main/resources/META-INF/rewrite/m3-a3-declarative-delivery.yml
bc2be3e8415c529ff41013859ea8bfd8720c2c7faaad8e364e3ac77575089be4	471	evidence/consumer-v5/runtime-work/jcc-after/m3/tooling/migration-recipes/src/main/resources/META-INF/rewrite/m3-a3-lab.yml
531732a2428f3eeb99b1c816eb7e30a0522f0a74d9bf6f57f60b43dd6ae88bf9	518	evidence/consumer-v5/runtime-work/jcc-after/m3/tooling/migration-recipes/src/main/resources/META-INF/rewrite/m3-a3-levenshtein-evidence-closure.yml
1c202dbd3938510930e9c8364d0578b1b146bd0120f3e35a59727a043aa5aeb9	473	evidence/consumer-v5/runtime-work/jcc-after/m3/tooling/migration-recipes/src/main/resources/META-INF/rewrite/m3-a3-mastery-workflow.yml
5e77791c467cfa8ac434a168a7316d231bf7e79ab1671d39b0fee6493c3f63e9	418	evidence/consumer-v5/runtime-work/jcc-after/m3/tooling/migration-recipes/src/main/resources/META-INF/rewrite/m3-a3-native-jni.yml
cfd636693e49d352892bec390a63075c3ff84034ef6a428af61d93e911d9520a	494	evidence/consumer-v5/runtime-work/jcc-after/m3/tooling/migration-recipes/src/main/resources/META-INF/rewrite/m3-a3-regex-memory-lab.yml
bd064c712c1be69c0fe2572d3d64256255b49d3d5fe770f1f2f0f1bfe8d9997d	497	evidence/consumer-v5/runtime-work/jcc-after/m3/tooling/migration-recipes/src/main/resources/META-INF/rewrite/m3-a3-regex-memory-workflow.yml
9b93ae701393227cc13a6e183dbc2c4bea12558d084a2df98b2201a9441682cc	327	evidence/consumer-v5/runtime-work/jcc-after/m3/tooling/migration-recipes/src/main/resources/META-INF/rewrite/m3-a3-serial-file-work.yml
c0b9878ecdd5a947162d95531162c0d632876e8ba8af9bea16a647ac701384ca	364	evidence/consumer-v5/runtime-work/jcc-after/m3/tooling/migration-recipes/src/main/resources/META-INF/rewrite/m3-atom-pattern.yml
2d180f5f3c6deff186ee9873f5b19638a94ac922306ffae8483ceb0723d4c818	448	evidence/consumer-v5/runtime-work/jcc-after/m3/tooling/migration-recipes/src/main/resources/META-INF/rewrite/m3-class-ver.yml
bb22b7c73de0a50881d8f0ff5e80617a5d10e6744e911232391fdd4092da3327	640	evidence/consumer-v5/runtime-work/jcc-after/m3/tooling/migration-recipes/src/main/resources/META-INF/rewrite/m3-collection-lanes.yml
303b689bdfcc87057da8c77c13101ffdeec9b2eb3c83b6505c038c0d54663520	509	evidence/consumer-v5/runtime-work/jcc-after/m3/tooling/migration-recipes/src/main/resources/META-INF/rewrite/m3-descriptor.yml
bc1777bf7da670aba66089a8d753a8b9dba047673dfc9fc2b72e4ffd3eb2e2b9	375	evidence/consumer-v5/runtime-work/jcc-after/m3/tooling/migration-recipes/src/main/resources/META-INF/rewrite/m3-file-inventory.yml
f9ec35b4af6d74de7dadfc6bd420612703fc08952b77dfa20c94b16132f7ecbc	709	evidence/consumer-v5/runtime-work/jcc-after/m3/tooling/migration-recipes/src/main/resources/META-INF/rewrite/m3-java21-convergence.yml
b2485fff5df053cb8b337e47117643325b0660e59cf91bd93ae393a71965fdac	612	evidence/consumer-v5/runtime-work/jcc-after/m3/tooling/migration-recipes/src/main/resources/META-INF/rewrite/m3-jcc-source-handoff.yml
429f07bfcd910341b1c1c5e8e7d97b906683ba72b01a2054f47c57f9bb18d572	678	evidence/consumer-v5/runtime-work/jcc-after/m3/tooling/migration-recipes/src/main/resources/META-INF/rewrite/m3-jdk-execution-followthrough.yml
b9aad946f09e41c032e533e1546b76c795d3895b9db5ab6ab4d9b28432a71866	550	evidence/consumer-v5/runtime-work/jcc-after/m3/tooling/migration-recipes/src/main/resources/META-INF/rewrite/m3-jni-newstring-admission.yml
9500078c41802f47ae7853b352a4cb26a1725a1ec00b4e325cd593bbdda9fcc2	411	evidence/consumer-v5/runtime-work/jcc-after/m3/tooling/migration-recipes/src/main/resources/META-INF/rewrite/m3-jni-packet.yml
35c8fb79b0ebfe1260658098fd04a9d4e0f6f2ce22f21aba18d7098ecf34526f	376	evidence/consumer-v5/runtime-work/jcc-after/m3/tooling/migration-recipes/src/main/resources/META-INF/rewrite/m3-kit.yml
a105b584e8268a4625f8c8ca972ceefdb3da2ac8730c8d307bd71fada0f7cc4c	328	evidence/consumer-v5/runtime-work/jcc-after/m3/tooling/migration-recipes/src/main/resources/META-INF/rewrite/m3-migration.yml
ba3a596cb52c648416d72b3f617c62e5cec07d76eb2116338ecc29d700fd9e25	388	evidence/consumer-v5/runtime-work/jcc-after/m3/tooling/migration-recipes/src/main/resources/META-INF/rewrite/m3-recipe-closure.yml
b769e8bbe8e6d2c21b1c22f374858cd0224999dbcdefd1a083b537bc31723e0d	586	evidence/consumer-v5/runtime-work/jcc-after/m3/tooling/migration-recipes/src/main/resources/META-INF/rewrite/m3-string-char-boundary.yml
06ff96afb190eab2d374969967d746cbee9ba7983891c4eaae5e94a1aad4a5ad	444	evidence/consumer-v5/runtime-work/jcc-after/m3/tooling/migration-recipes/src/main/resources/META-INF/rewrite/m3-version.yml
2eb2866b06db5a0dd9556d2852364d3b3c4b8e18ae286a117eb51fbd58b9c619	804	evidence/consumer-v5/runtime-work/jcc-after/m3/tooling/migration-recipes/src/main/resources/META-INF/rewrite/map-facts.yml
3066b89cdca97ca8e521affcffdea5f50fba2d64b0ce0fbd254c6fcbbe5a3c26	829	evidence/consumer-v5/runtime-work/jcc-after/m3/tooling/migration-recipes/src/main/resources/META-INF/rewrite/map-guard.yml
4692b563f098e2eeff3c9c9ecda70760d974fa3381d1263d1e00c2b1d7983323	766	evidence/consumer-v5/runtime-work/jcc-after/m3/tooling/migration-recipes/src/main/resources/META-INF/rewrite/map-utf.yml
cc1419f7e89a08dba92b3baf231e6afb48e9ab89e32ac1051b32ba5c94b8e4b3	4959	evidence/consumer-v5/runtime-work/jcc-after/m3/tooling/migration-recipes/src/main/resources/com/m3/rewrite/a3-algorithm-catalogue/after/A3.java
0de471de5a54e1c87153e4b1c23c4013a800f07595cfc05eec7bd4e68f1345d6	10008	evidence/consumer-v5/runtime-work/jcc-after/m3/tooling/migration-recipes/src/main/resources/com/m3/rewrite/a3-algorithm-catalogue/after/A3Alg.java
594ae68ab3994526b03d31db36aab0c11235a10c078c740ffaea7d597884efbe	6270	evidence/consumer-v5/runtime-work/jcc-after/m3/tooling/migration-recipes/src/main/resources/com/m3/rewrite/a3-algorithm-catalogue/after/A3AlgTest.java
e973e37826a09fc2571d4df5514cad4fafec37008d65b6a63cb6bf89a96f4800	7885	evidence/consumer-v5/runtime-work/jcc-after/m3/tooling/migration-recipes/src/main/resources/com/m3/rewrite/a3-algorithm-catalogue/after/A3Plan.java
8922e21e4f814dc99282cf1828786a0347552454003e23ac2fa91aa8710851b1	4466	evidence/consumer-v5/runtime-work/jcc-after/m3/tooling/migration-recipes/src/main/resources/com/m3/rewrite/a3-algorithm-catalogue/after/A3PlanTest.java
8f0f0ebe45593a799e4846ad5f0e468747eae41240af76399e051987e32ee749	4780	evidence/consumer-v5/runtime-work/jcc-after/m3/tooling/migration-recipes/src/main/resources/com/m3/rewrite/a3-algorithm-catalogue/before/A3.java
3bbf94aaf28e5f9f7aa8f83405c06845be4afe7da343e7359c7c860ec1494a43	7199	evidence/consumer-v5/runtime-work/jcc-after/m3/tooling/migration-recipes/src/main/resources/com/m3/rewrite/a3-algorithm-catalogue/before/A3Plan.java
c089b969939dfed9c00d152f3cb8e0e1798e01750d1496b5d0acd4cbc09cbf56	3402	evidence/consumer-v5/runtime-work/jcc-after/m3/tooling/migration-recipes/src/main/resources/com/m3/rewrite/a3-algorithm-catalogue/before/A3PlanTest.java
8f0f0ebe45593a799e4846ad5f0e468747eae41240af76399e051987e32ee749	4780	evidence/consumer-v5/runtime-work/jcc-after/m3/tooling/migration-recipes/src/main/resources/com/m3/rewrite/a3-serial-file-work/after/A3.java
f1b87dfdbfc773aa4e3439d2a50ea30cac6f30721a1cf08e39906d5ff0cf4979	5380	evidence/consumer-v5/runtime-work/jcc-after/m3/tooling/migration-recipes/src/main/resources/com/m3/rewrite/a3-serial-file-work/after/A3Inv.java
dd56b27fc0f7c7c688dc2520815e627d31b5ea5e4aac53ec747adf3a35874a36	7698	evidence/consumer-v5/runtime-work/jcc-after/m3/tooling/migration-recipes/src/main/resources/com/m3/rewrite/a3-serial-file-work/after/A3Work.java
775326b4cadbc416b3c90c368987d92327300cbb97ce5d3d20b9dbc37e56bfe8	9635	evidence/consumer-v5/runtime-work/jcc-after/m3/tooling/migration-recipes/src/main/resources/com/m3/rewrite/a3-serial-file-work/after/A3WorkTest.java
de06c459f50727de7e7c16055bbe0aaef23918efd879ae5fc0ef7956672ff833	7759	evidence/consumer-v5/runtime-work/jcc-after/m3/tooling/migration-recipes/src/main/resources/com/m3/rewrite/a3-serial-file-work/after/A3WorkTsv.java
9cda5597f77bc3ba837887efde026356277dbb23cbc6a0011612cbc4dde594d0	4215	evidence/consumer-v5/runtime-work/jcc-after/m3/tooling/migration-recipes/src/main/resources/com/m3/rewrite/a3-serial-file-work/after/A3WorkValues.java
f8f2598f8b02b060919afe65a0cd593d8a7aecfa1a4de64a4fe9594bbffd0c19	3855	evidence/consumer-v5/runtime-work/jcc-after/m3/tooling/migration-recipes/src/main/resources/com/m3/rewrite/a3-serial-file-work/before/A3.java
fb594688d694c3998389f823d76f0c99cb74e40834727d2617b21c0aff11fec1	5310	evidence/consumer-v5/runtime-work/jcc-after/m3/tooling/migration-recipes/src/main/resources/com/m3/rewrite/a3-serial-file-work/before/A3Inv.java
f9ec35b4af6d74de7dadfc6bd420612703fc08952b77dfa20c94b16132f7ecbc	709	evidence/consumer-v5/runtime-work/jcc-after/m3/tooling/migration-recipes/src/main/resources/com/m3/rewrite/backport/jdk21-hash-pinned-text/a3-declarative-yaml/00-m3-java21-convergence.yml.txt
1d9b1a9e9613a4c85949187dbea7c90eed853c8a17d07c55b921ca21b7920c21	167	evidence/consumer-v5/runtime-work/jcc-after/m3/tooling/migration-recipes/src/main/resources/com/m3/rewrite/backport/jdk21-hash-pinned-text/a3-declarative-yaml/manifest.tsv
ca787f4f208199b8516be71da485df9676ef8b23f7b1972fe9b7d8a9b974e424	4302	evidence/consumer-v5/runtime-work/jcc-after/m3/tooling/migration-recipes/src/main/resources/com/m3/rewrite/backport/jdk21-hash-pinned-text/a3-levenshtein-evidence-closure/a3-alg.md.txt
1aad547fe2f419cf2f265a8f1d7c492779c1bbc86ef685bfafd47516a98a276e	2752	evidence/consumer-v5/runtime-work/jcc-after/m3/tooling/migration-recipes/src/main/resources/com/m3/rewrite/backport/jdk21-hash-pinned-text/a3-levenshtein-evidence-closure/algorithm-catalogue.tsv.txt
71354b8d11941dd594385eff498af6551771b78e54a60278cdbb42b3b841f77c	357	evidence/consumer-v5/runtime-work/jcc-after/m3/tooling/migration-recipes/src/main/resources/com/m3/rewrite/backport/jdk21-hash-pinned-text/a3-levenshtein-evidence-closure/manifest.tsv
6ee9e1939eef716a7c24d34967f8c3b634c822c5c05b5c728080920e697869b1	3591	evidence/consumer-v5/runtime-work/jcc-after/m3/tooling/migration-recipes/src/main/resources/com/m3/rewrite/backport/jdk21-hash-pinned-text/a3-mastery-workflow/a3-lab.md.txt
d02cc3c3b459df10e9693869852ae6947b1e9a05d01d8fdc6d1036a66d436004	3372	evidence/consumer-v5/runtime-work/jcc-after/m3/tooling/migration-recipes/src/main/resources/com/m3/rewrite/backport/jdk21-hash-pinned-text/a3-mastery-workflow/a3-mastery.md.txt
652890e8db13e090c5036f649ce61540f7d3d479660c921fd7b7a0ef5b3e1054	449	evidence/consumer-v5/runtime-work/jcc-after/m3/tooling/migration-recipes/src/main/resources/com/m3/rewrite/backport/jdk21-hash-pinned-text/a3-mastery-workflow/manifest.tsv
3e8bbec81071171ddc771d675741bb09a43bbb90db6d40241d85873b896001d0	10858	evidence/consumer-v5/runtime-work/jcc-after/m3/tooling/migration-recipes/src/main/resources/com/m3/rewrite/backport/jdk21-hash-pinned-text/a3-mastery-workflow/workflow.yml.txt
1cf843a380106c292bd74dbc78872e812b049f8e89da22bca1e58012ed6e522a	7477	evidence/consumer-v5/runtime-work/jcc-after/m3/tooling/migration-recipes/src/main/resources/com/m3/rewrite/backport/jdk21-hash-pinned-text/a3-native-jni-lane/0001.txt
2f075d95ce7c2fdbb2742b92a1c1098864f06d073c56046dc02f02adc5687dec	14827	evidence/consumer-v5/runtime-work/jcc-after/m3/tooling/migration-recipes/src/main/resources/com/m3/rewrite/backport/jdk21-hash-pinned-text/a3-native-jni-lane/0002.txt
ab459b28d371c4573477c5c25a4f1605297ed2735965ee6a706b6d32401fc958	5723	evidence/consumer-v5/runtime-work/jcc-after/m3/tooling/migration-recipes/src/main/resources/com/m3/rewrite/backport/jdk21-hash-pinned-text/a3-native-jni-lane/0003.txt
ab6433b0a1d50c358d65d0aad9ed2b7bbc7b8be1ca10b0302e53fefac0d7a5d8	17732	evidence/consumer-v5/runtime-work/jcc-after/m3/tooling/migration-recipes/src/main/resources/com/m3/rewrite/backport/jdk21-hash-pinned-text/a3-native-jni-lane/0004.txt
0696920895992399dd8272b100a07a38f0474437d9121e1e0d1e0445fef7c942	3766	evidence/consumer-v5/runtime-work/jcc-after/m3/tooling/migration-recipes/src/main/resources/com/m3/rewrite/backport/jdk21-hash-pinned-text/a3-native-jni-lane/0005.txt
ba67ff2e3ff5a1eb80cfe6d9957c4f6fe378f9ffa300d4a3c8f59f4fbb2f39a5	15440	evidence/consumer-v5/runtime-work/jcc-after/m3/tooling/migration-recipes/src/main/resources/com/m3/rewrite/backport/jdk21-hash-pinned-text/a3-native-jni-lane/0006.txt
f1485bab548eee4e0352d97cfa42677bd5ddc7ba3546c220cdbdcbfc5ec5cab0	6187	evidence/consumer-v5/runtime-work/jcc-after/m3/tooling/migration-recipes/src/main/resources/com/m3/rewrite/backport/jdk21-hash-pinned-text/a3-native-jni-lane/0007.txt
d315fd7c7c9df68eacf3a1c5d816e504b1d20d8bf1d2cd86b18af9da9d2bcf1e	1139	evidence/consumer-v5/runtime-work/jcc-after/m3/tooling/migration-recipes/src/main/resources/com/m3/rewrite/backport/jdk21-hash-pinned-text/a3-native-jni-lane/manifest.tsv
475677c6a28969cf68f4ad807ac6b778f24b87bb87284e9cf8f88a032cb7b96c	4761	evidence/consumer-v5/runtime-work/jcc-after/m3/tooling/migration-recipes/src/main/resources/com/m3/rewrite/backport/jdk21-hash-pinned-text/a3-proof-kit/before-workflow.yml.txt
26dfba89f2b4de3d33f3ad55c60d1b1e6f55a9720fe9d6ab1d778eb300383b9a	182	evidence/consumer-v5/runtime-work/jcc-after/m3/tooling/migration-recipes/src/main/resources/com/m3/rewrite/backport/jdk21-hash-pinned-text/a3-proof-kit/manifest.tsv
22421943e3c62a53fe40d59b9f03bcd9fb0f14511d4714c8b857f3a7b36ee71d	4830	evidence/consumer-v5/runtime-work/jcc-after/m3/tooling/migration-recipes/src/main/resources/com/m3/rewrite/backport/jdk21-hash-pinned-text/a3-proof-kit/workflow.yml.txt
d9d39747f40bb5eff6ba8639e1e5d0554f0223cc94c09443fe1b2054aac9c3d6	5171	evidence/consumer-v5/runtime-work/jcc-after/m3/tooling/migration-recipes/src/main/resources/com/m3/rewrite/backport/jdk21-hash-pinned-text/a3-regex-memory-workflow/a3-lab.md.txt
01a428a662ffbdbd22dcd39d1fea7b69084ce34cada0bb5582b8c3686615750d	3974	evidence/consumer-v5/runtime-work/jcc-after/m3/tooling/migration-recipes/src/main/resources/com/m3/rewrite/backport/jdk21-hash-pinned-text/a3-regex-memory-workflow/a3-mastery.md.txt
39ff7949565412e2b8587fb428545d722c70fb360c8ee66962b08754642c6d17	507	evidence/consumer-v5/runtime-work/jcc-after/m3/tooling/migration-recipes/src/main/resources/com/m3/rewrite/backport/jdk21-hash-pinned-text/a3-regex-memory-workflow/manifest.tsv
b408f0b8d0e4d6e197230e3cb1469d14e0d52aecd33ac55c71f11d513d6e23ec	10881	evidence/consumer-v5/runtime-work/jcc-after/m3/tooling/migration-recipes/src/main/resources/com/m3/rewrite/backport/jdk21-hash-pinned-text/a3-regex-memory-workflow/workflow.yml.txt
c3975aa00fc1196d9d9e1c2e08e02a3accf2175302f1bdd352419e8e0b9a3ce1	3414	evidence/consumer-v5/runtime-work/jcc-after/m3/tooling/migration-recipes/src/main/resources/com/m3/rewrite/backport/jdk21-hash-pinned-text/db-meta/00-m3-db-parse.yml.txt
bdda9c5bac33e3bbaca8a888571e4489d72fa238195f26e0b0debef960da3d76	2701	evidence/consumer-v5/runtime-work/jcc-after/m3/tooling/migration-recipes/src/main/resources/com/m3/rewrite/backport/jdk21-hash-pinned-text/db-meta/01-pom.xml.txt
4482cb3bce9d13de6384773964ef63b4712106c3199a843b09b8b07f12cdcca3	3192	evidence/consumer-v5/runtime-work/jcc-after/m3/tooling/migration-recipes/src/main/resources/com/m3/rewrite/backport/jdk21-hash-pinned-text/db-meta/02-DESIGN.md.txt
c4536c1ebb91922be915a5713f7c2fe5931b542798d023b43d9db6e952dc6b08	1816	evidence/consumer-v5/runtime-work/jcc-after/m3/tooling/migration-recipes/src/main/resources/com/m3/rewrite/backport/jdk21-hash-pinned-text/db-meta/03-TASK_PACKET.json.txt
d58a931e2b61ab8ef0e78aa29f91179d85f35dc41e16bc8f69cffa98389832be	1590	evidence/consumer-v5/runtime-work/jcc-after/m3/tooling/migration-recipes/src/main/resources/com/m3/rewrite/backport/jdk21-hash-pinned-text/db-meta/04-pom.xml.txt
ecad880e103962bcd9a5f136ab18fd8c6e11a43b82dd91b1e4ce1454c21dc029	1561	evidence/consumer-v5/runtime-work/jcc-after/m3/tooling/migration-recipes/src/main/resources/com/m3/rewrite/backport/jdk21-hash-pinned-text/db-meta/before-pom.xml.txt
9b3dd65526e174b2d65f307582a6969b7423101600170319e2ea90518bcf0470	675	evidence/consumer-v5/runtime-work/jcc-after/m3/tooling/migration-recipes/src/main/resources/com/m3/rewrite/backport/jdk21-hash-pinned-text/db-meta/manifest.tsv
7fd7f4b25571bf13fc3e2048b87d730e8346e29102fd4a4159c0144699df55a8	13978	evidence/consumer-v5/runtime-work/jcc-after/m3/tooling/migration-recipes/src/main/resources/com/m3/rewrite/backport/jdk21-hash-pinned-text/gate-meta/00-04-module-info.java.txt.txt
9840f7df906c76374303e06ae1cff0e8e64f9b7c26ccd8bb72cd78d52ab8b764	1071	evidence/consumer-v5/runtime-work/jcc-after/m3/tooling/migration-recipes/src/main/resources/com/m3/rewrite/backport/jdk21-hash-pinned-text/gate-meta/01-manifest.tsv.txt
366ba913bfd9bb6fba5821f490df81cead34268e54818f7eb4c26962fada8ba1	3869	evidence/consumer-v5/runtime-work/jcc-after/m3/tooling/migration-recipes/src/main/resources/com/m3/rewrite/backport/jdk21-hash-pinned-text/gate-meta/02-manifest.tsv.txt
2a5c781c50f48e19f3f9ec0ba99cb6f894e76779b088dc7d04d3ddda73251245	239	evidence/consumer-v5/runtime-work/jcc-after/m3/tooling/migration-recipes/src/main/resources/com/m3/rewrite/backport/jdk21-hash-pinned-text/gate-meta/03-manifest.tsv.txt
4e51fd1acaf8a22036d2dc5d0b405509f3f469d6e4054c8a0a4133cfe230d7a4	251	evidence/consumer-v5/runtime-work/jcc-after/m3/tooling/migration-recipes/src/main/resources/com/m3/rewrite/backport/jdk21-hash-pinned-text/gate-meta/04-manifest.tsv.txt
c9cccc1d35d80c36a802ffae1adb8466f550a6d1fcf721465c592443d031f651	872	evidence/consumer-v5/runtime-work/jcc-after/m3/tooling/migration-recipes/src/main/resources/com/m3/rewrite/backport/jdk21-hash-pinned-text/gate-meta/before-01-manifest.tsv.txt
e2f7b8d722b6db9c20e70299d8e944841ee85afebf2ee2e48d9fce1e7c88dcfd	4068	evidence/consumer-v5/runtime-work/jcc-after/m3/tooling/migration-recipes/src/main/resources/com/m3/rewrite/backport/jdk21-hash-pinned-text/gate-meta/before-02-manifest.tsv.txt
353eead634c63074aa14e2e66154e087e7f431c2d6ea61a7e7f9a525276fe344	245	evidence/consumer-v5/runtime-work/jcc-after/m3/tooling/migration-recipes/src/main/resources/com/m3/rewrite/backport/jdk21-hash-pinned-text/gate-meta/before-03-manifest.tsv.txt
de0c447eb5172f9ea516c2d2ccde0ca099508e8e843c4d3c2c6e5a271ecec40e	257	evidence/consumer-v5/runtime-work/jcc-after/m3/tooling/migration-recipes/src/main/resources/com/m3/rewrite/backport/jdk21-hash-pinned-text/gate-meta/before-04-manifest.tsv.txt
08eafb7dfce6f0b9403338277fbd3c04c521a39921d8b27148da1072b7687be8	1377	evidence/consumer-v5/runtime-work/jcc-after/m3/tooling/migration-recipes/src/main/resources/com/m3/rewrite/backport/jdk21-hash-pinned-text/gate-meta/manifest.tsv
fff2e02f72c07f89c6f8bcabab3839878ff8628f0b31b04bb3632eb62be10337	17031	evidence/consumer-v5/runtime-work/jcc-after/m3/tooling/migration-recipes/src/main/resources/com/m3/rewrite/backport/jdk21-hash-pinned-text/jcc-handoff-20261005/01-jcc-source-handoff.md.txt
cdb5d7f4a0746fe561f51fa9a13cbd9fa319f8196bfd3075ca2288be7f3d1126	24139	evidence/consumer-v5/runtime-work/jcc-after/m3/tooling/migration-recipes/src/main/resources/com/m3/rewrite/backport/jdk21-hash-pinned-text/jcc-handoff-20261005/02-source-destination-bindings.json.txt
cba3b3315df643f328c4acb2fd08b5194262dc7ad7b40557107a8c614355f55b	107504	evidence/consumer-v5/runtime-work/jcc-after/m3/tooling/migration-recipes/src/main/resources/com/m3/rewrite/backport/jdk21-hash-pinned-text/jcc-handoff-20261005/03-root-coverage-obligations.tsv.txt
536af76dd7b7b7217707662c2f1437af4adaa53af898627b0884e0b4f4603ace	220539	evidence/consumer-v5/runtime-work/jcc-after/m3/tooling/migration-recipes/src/main/resources/com/m3/rewrite/backport/jdk21-hash-pinned-text/jcc-handoff-20261005/after00-name-mapping.json.txt
67d40925b97a38c3c1a85f337806524ac590a540bd39647b3e4b0988f2ae3fbb	196161	evidence/consumer-v5/runtime-work/jcc-after/m3/tooling/migration-recipes/src/main/resources/com/m3/rewrite/backport/jdk21-hash-pinned-text/jcc-handoff-20261005/before00-name-mapping.json.txt
258b5ab6f6cb7099685ee4548d5430fcb952561fefdf565a6dff149cf50c5f06	687	evidence/consumer-v5/runtime-work/jcc-after/m3/tooling/migration-recipes/src/main/resources/com/m3/rewrite/backport/jdk21-hash-pinned-text/jcc-handoff-20261005/manifest.tsv
e4ea964db1a6f9527122ff0dad1c969a43dc50a0f80c771c86b70bcd6da6dcaf	2875	evidence/consumer-v5/runtime-work/jcc-after/m3/tooling/migration-recipes/src/main/resources/com/m3/rewrite/backport/jdk21-hash-pinned-text/jcc-handoff-20261005/plan-intake-752-ci.json
8034d77f1124584888dce10760bd2f5dae55eeb93497f7a0db1d09a3a197ec5f	2873	evidence/consumer-v5/runtime-work/jcc-after/m3/tooling/migration-recipes/src/main/resources/com/m3/rewrite/backport/jdk21-hash-pinned-text/jcc-handoff-20261005/plan-intake-8131.json
648f80ae4073400f1ea1210f8cdc26942019d53eb4452d839961c466f395d05a	2861	evidence/consumer-v5/runtime-work/jcc-after/m3/tooling/migration-recipes/src/main/resources/com/m3/rewrite/backport/jdk21-hash-pinned-text/jcc-handoff-20261005/plan.json
8544be570c2656c5fa641ae34fc01eaea420bbb420f6d80ce5f95253504e9888	3383	evidence/consumer-v5/runtime-work/jcc-after/m3/tooling/migration-recipes/src/main/resources/com/m3/rewrite/backport/jdk21-hash-pinned-text/jcc-handoff-20261005/pom-before-752.xml
8546f36bedda510ee12be8b810b9b9a2ea6a6921a4627cffe19bbfb3395c3e57	3876	evidence/consumer-v5/runtime-work/jcc-after/m3/tooling/migration-recipes/src/main/resources/com/m3/rewrite/backport/jdk21-hash-pinned-text/jdk21-developer-image-proof-20261004/00-DEVELOPER_PROFILE.md.txt
836e45bea57b2dfe42d41d6ff82e97c65ccbe240841de5dcb0033135e6560193	9212	evidence/consumer-v5/runtime-work/jcc-after/m3/tooling/migration-recipes/src/main/resources/com/m3/rewrite/backport/jdk21-hash-pinned-text/jdk21-developer-image-proof-20261004/01-build_pack.py.txt
fe1ea49f5b84775ef568e353a64738ab1d99dd656597dc086bc08542c6128d0d	7333	evidence/consumer-v5/runtime-work/jcc-after/m3/tooling/migration-recipes/src/main/resources/com/m3/rewrite/backport/jdk21-hash-pinned-text/jdk21-developer-image-proof-20261004/02-developer_tools.py.txt
42cf48177320ad9aa6494c37862f8090343ae57a9c96b954e9a516c4344da0a1	7040	evidence/consumer-v5/runtime-work/jcc-after/m3/tooling/migration-recipes/src/main/resources/com/m3/rewrite/backport/jdk21-hash-pinned-text/jdk21-developer-image-proof-20261004/03-test_developer.py.txt
3f14a05c25ce177329d13ce5e104185685d3e0bee0a36b72b4fa69909e35f2c1	4476	evidence/consumer-v5/runtime-work/jcc-after/m3/tooling/migration-recipes/src/main/resources/com/m3/rewrite/backport/jdk21-hash-pinned-text/jdk21-developer-image-proof-20261004/04-pom.xml.txt
fc85449b4736b728b5820f9e47a14d64bfebadd40267d7a44c765d0b0ea1dd3b	5464	evidence/consumer-v5/runtime-work/jcc-after/m3/tooling/migration-recipes/src/main/resources/com/m3/rewrite/backport/jdk21-hash-pinned-text/jdk21-developer-image-proof-20261004/05-verify_backport.py.txt
db892f845bf41bd0129473c1ef0a43f4ac96679fdc47a6a6355c2e44ccfaee24	8427	evidence/consumer-v5/runtime-work/jcc-after/m3/tooling/migration-recipes/src/main/resources/com/m3/rewrite/backport/jdk21-hash-pinned-text/jdk21-developer-image-proof-20261004/before-01-build_pack.py.txt
3fd45ee524d2d5df0ed34da5b0caf66a284e060776df05c28140b6ed2f0654ce	901	evidence/consumer-v5/runtime-work/jcc-after/m3/tooling/migration-recipes/src/main/resources/com/m3/rewrite/backport/jdk21-hash-pinned-text/jdk21-developer-image-proof-20261004/manifest.tsv
31872b750aa23c7aa4f67aac6a8d3f9de3679a9d2453174ca4b02a7b6ccd413e	6928	evidence/consumer-v5/runtime-work/jcc-after/m3/tooling/migration-recipes/src/main/resources/com/m3/rewrite/backport/jdk21-hash-pinned-text/jdk22-jep458-multifile-text/00-CompileInterimLangtools.gmk.txt
0c730b868000918deb0063883430541af00df3185a86bcbd8b5f6cd994714334	14656	evidence/consumer-v5/runtime-work/jcc-after/m3/tooling/migration-recipes/src/main/resources/com/m3/rewrite/backport/jdk21-hash-pinned-text/jdk22-jep458-multifile-text/01-java-base-launcher.properties.txt
6fbadcab56bd85135aff4d3005102d121ac2f55f295e09a92542554d7d3c3ea0	77800	evidence/consumer-v5/runtime-work/jcc-after/m3/tooling/migration-recipes/src/main/resources/com/m3/rewrite/backport/jdk21-hash-pinned-text/jdk22-jep458-multifile-text/02-java.c.txt
d7da4ec3900f9cc21d082ffffe41f2d16caf7100a7fe8acd38d96938fbfc8eaf	5528	evidence/consumer-v5/runtime-work/jcc-after/m3/tooling/migration-recipes/src/main/resources/com/m3/rewrite/backport/jdk21-hash-pinned-text/jdk22-jep458-multifile-text/03-jdk-compiler-launcher.properties.txt
7fd7f4b25571bf13fc3e2048b87d730e8346e29102fd4a4159c0144699df55a8	13978	evidence/consumer-v5/runtime-work/jcc-after/m3/tooling/migration-recipes/src/main/resources/com/m3/rewrite/backport/jdk21-hash-pinned-text/jdk22-jep458-multifile-text/04-module-info.java.txt
9840f7df906c76374303e06ae1cff0e8e64f9b7c26ccd8bb72cd78d52ab8b764	1071	evidence/consumer-v5/runtime-work/jcc-after/m3/tooling/migration-recipes/src/main/resources/com/m3/rewrite/backport/jdk21-hash-pinned-text/jdk22-jep458-multifile-text/manifest.tsv
b25548a5a7564b6e6d5948dfa6d746a34e0d23ef30712d5868929cf7fef592ab	30125	evidence/consumer-v5/runtime-work/jcc-after/m3/tooling/migration-recipes/src/main/resources/com/m3/rewrite/backport/jdk21-hash-pinned-text/jdk27-javadoc-8347112-text/01-standard.properties.txt
78a6b569484fc2e026e5b4e3c98d2822cc3d54f80bf8477ee19dc4f40dcff9d6	57262	evidence/consumer-v5/runtime-work/jcc-after/m3/tooling/migration-recipes/src/main/resources/com/m3/rewrite/backport/jdk21-hash-pinned-text/jdk27-javadoc-8347112-text/02-javadoc.1.txt
31b5f1947703c25fe9ad6ec433f239fa741436d049dbb59be2a191edf45c55e5	442	evidence/consumer-v5/runtime-work/jcc-after/m3/tooling/migration-recipes/src/main/resources/com/m3/rewrite/backport/jdk21-hash-pinned-text/jdk27-javadoc-8347112-text/manifest.tsv
7c53cc101c3f381fbba4df743e659cdc049c588fd0061dbd7de6fd72373f2ea5	25449	evidence/consumer-v5/runtime-work/jcc-after/m3/tooling/migration-recipes/src/main/resources/com/m3/rewrite/backport/jdk21-hash-pinned-text/jdk27-jfr-options-help-8367584-dcmd-cpp/00-jfrDcmds.cpp.txt
4e7a6f467d408eff5810d60406fdef0d2fd47d5885e9ac049a41a269dd9f4e1b	190	evidence/consumer-v5/runtime-work/jcc-after/m3/tooling/migration-recipes/src/main/resources/com/m3/rewrite/backport/jdk21-hash-pinned-text/jdk27-jfr-options-help-8367584-dcmd-cpp/manifest.tsv
f218adaf8f4b808c27c08f3646999165bfd6e6e549954e8648a31d6725e349c1	7274	evidence/consumer-v5/runtime-work/jcc-after/m3/tooling/migration-recipes/src/main/resources/com/m3/rewrite/backport/jdk21-hash-pinned-text/jdk27-jfr-options-help-8367584-dcmd-hpp/00-jfrDcmds.hpp.txt
ed63b31e69831051e2ef854f78d006d9d063d4b6568b4e511bbf1a7cb8b99fec	190	evidence/consumer-v5/runtime-work/jcc-after/m3/tooling/migration-recipes/src/main/resources/com/m3/rewrite/backport/jdk21-hash-pinned-text/jdk27-jfr-options-help-8367584-dcmd-hpp/manifest.tsv
798f1b1b8c829ba5a5bd2197bdb2e69be0c29c5d51541ee224c4af0ab779c0a2	29359	evidence/consumer-v5/runtime-work/jcc-after/m3/tooling/migration-recipes/src/main/resources/com/m3/rewrite/backport/jdk21-hash-pinned-text/jdk27-jfr-options-help-8367584-option-set/00-jfrOptionSet.cpp.txt
6e28b8e278ca8e8e2184a7b885be433cf4c0fc1082125b229fb3ecb4734b0726	210	evidence/consumer-v5/runtime-work/jcc-after/m3/tooling/migration-recipes/src/main/resources/com/m3/rewrite/backport/jdk21-hash-pinned-text/jdk27-jfr-options-help-8367584-option-set/manifest.tsv
a10aa2b1c0e78309438d00d218979152aa90a5b0c9a219cee79a6fb584e37630	65380	evidence/consumer-v5/runtime-work/jcc-after/m3/tooling/migration-recipes/src/main/resources/com/m3/rewrite/backport/jdk21-hash-pinned-text/jdk27-password-systemin-8368692-text/00-java.security.txt
6f72ba5990199b3f5353081d71db86a8d6ed64412faee408d891de0959ec6f74	199	evidence/consumer-v5/runtime-work/jcc-after/m3/tooling/migration-recipes/src/main/resources/com/m3/rewrite/backport/jdk21-hash-pinned-text/jdk27-password-systemin-8368692-text/manifest.tsv
eeffc686c1eef000be5e3be5eb02e13257c744a63ea926762e9d4749fadecc67	84967	evidence/consumer-v5/runtime-work/jcc-after/m3/tooling/migration-recipes/src/main/resources/com/m3/rewrite/backport/jdk21-hash-pinned-text/jdk27-security-properties-8364182-text/00-vmSymbols.hpp.txt
4673fdbcfde7930471ba9bc50dc69334570db017479a9531bf58776a705d400f	44209	evidence/consumer-v5/runtime-work/jcc-after/m3/tooling/migration-recipes/src/main/resources/com/m3/rewrite/backport/jdk21-hash-pinned-text/jdk27-security-properties-8364182-text/01-diagnosticCommand.cpp.txt
3a16220bc3b5cd463ff8442aa6f2f87815d37bd4872d056d54be1d7e82fe64f7	29578	evidence/consumer-v5/runtime-work/jcc-after/m3/tooling/migration-recipes/src/main/resources/com/m3/rewrite/backport/jdk21-hash-pinned-text/jdk27-security-properties-8364182-text/02-diagnosticCommand.hpp.txt
ecde84303e4c4df6ced406a4d2aaeff3cf518f3f3d0034fe009959666dddd842	609	evidence/consumer-v5/runtime-work/jcc-after/m3/tooling/migration-recipes/src/main/resources/com/m3/rewrite/backport/jdk21-hash-pinned-text/jdk27-security-properties-8364182-text/manifest.tsv
0b84d414691f94450d23bf8380cf3a6369cd2b17cef94d80ab8332dfe2caed81	6176	evidence/consumer-v5/runtime-work/jcc-after/m3/tooling/migration-recipes/src/main/resources/com/m3/rewrite/backport/jdk21-hash-pinned-text/jni-packet/00-m3-jni-fix.yml.txt
1fb24fcd455de4985c816811d800c4984bf03a00dd74a887e6f03d26e58fe7ab	1295	evidence/consumer-v5/runtime-work/jcc-after/m3/tooling/migration-recipes/src/main/resources/com/m3/rewrite/backport/jdk21-hash-pinned-text/jni-packet/01-Fix.py.txt
556b7d86c0fba1b31174d436584badb5f8debba6d7ca9717958d623c26b94753	3238	evidence/consumer-v5/runtime-work/jcc-after/m3/tooling/migration-recipes/src/main/resources/com/m3/rewrite/backport/jdk21-hash-pinned-text/jni-packet/02-README.md.txt
d1112f107da7e1996efc35296fd605d0df0a0002e3515ab02bebca7ea4b3c1c1	723	evidence/consumer-v5/runtime-work/jcc-after/m3/tooling/migration-recipes/src/main/resources/com/m3/rewrite/backport/jdk21-hash-pinned-text/jni-packet/03-manifest.json.txt
01eda14f95670a22c8f3a87b427b501381c817311d72943308aff44df4a8c84b	2077	evidence/consumer-v5/runtime-work/jcc-after/m3/tooling/migration-recipes/src/main/resources/com/m3/rewrite/backport/jdk21-hash-pinned-text/jni-packet/04-pom.xml.txt
6c9d1e5aa647dfe00d4d6cf049c00d6bda41c4de99f809eae6ab1301889473b8	1533	evidence/consumer-v5/runtime-work/jcc-after/m3/tooling/migration-recipes/src/main/resources/com/m3/rewrite/backport/jdk21-hash-pinned-text/jni-packet/05-runtime.patch.txt
485f56f0fbae9baa5bd70850fb900c47b9a58a35cb1d20e77efa333802846f32	4386	evidence/consumer-v5/runtime-work/jcc-after/m3/tooling/migration-recipes/src/main/resources/com/m3/rewrite/backport/jdk21-hash-pinned-text/jni-packet/06-test_fix.py.txt
e9eb8fdd193d1136f9d54a034c54e7294f0f2438b6e02617979746f036e35fc0	6774	evidence/consumer-v5/runtime-work/jcc-after/m3/tooling/migration-recipes/src/main/resources/com/m3/rewrite/backport/jdk21-hash-pinned-text/jni-packet/07-manifest.json.txt
aaf30a9b7195855444574f66bd00fd75ec8c183ff38aedf6f0dcf4f9f5f362c3	6698	evidence/consumer-v5/runtime-work/jcc-after/m3/tooling/migration-recipes/src/main/resources/com/m3/rewrite/backport/jdk21-hash-pinned-text/jni-packet/before-07-manifest.json.txt
8661c270eadb65f06cc9fc36f3261db6f7a5c3abd53caa95ab3ff14537832d46	1088	evidence/consumer-v5/runtime-work/jcc-after/m3/tooling/migration-recipes/src/main/resources/com/m3/rewrite/backport/jdk21-hash-pinned-text/jni-packet/manifest.tsv
474a16d0daad280133bc51418ab6fe3c40fa5fb0d52e929adc0903b86c4bd129	1074	evidence/consumer-v5/runtime-work/jcc-after/m3/tooling/migration-recipes/src/main/resources/com/m3/rewrite/backport/jdk21-hash-pinned-text/map-facts/before-workflow.yml.txt
a11ac37e9a84ab7472cdc5001eeb70e00adf7f25e9a7e87ab45e788e4f310603	191	evidence/consumer-v5/runtime-work/jcc-after/m3/tooling/migration-recipes/src/main/resources/com/m3/rewrite/backport/jdk21-hash-pinned-text/map-facts/manifest.tsv
05aac4ad4b59e722bab8cd2e9af6ba1b5917debd6b240790573073964d919d4f	1266	evidence/consumer-v5/runtime-work/jcc-after/m3/tooling/migration-recipes/src/main/resources/com/m3/rewrite/backport/jdk21-hash-pinned-text/map-facts/workflow.yml.txt
ed41a4a628adf1f7767ae00578e1f75944ea54a72434b2beef04df0031be92b2	974	evidence/consumer-v5/runtime-work/jcc-after/m3/tooling/migration-recipes/src/main/resources/com/m3/rewrite/backport/jdk21-hash-pinned-text/map-guard/before-workflow.yml.txt
7c327e6b56d0ca544adf36071e97bbc63bc11ec49d684efa20237d3a1a33197a	191	evidence/consumer-v5/runtime-work/jcc-after/m3/tooling/migration-recipes/src/main/resources/com/m3/rewrite/backport/jdk21-hash-pinned-text/map-guard/manifest.tsv
05aac4ad4b59e722bab8cd2e9af6ba1b5917debd6b240790573073964d919d4f	1266	evidence/consumer-v5/runtime-work/jcc-after/m3/tooling/migration-recipes/src/main/resources/com/m3/rewrite/backport/jdk21-hash-pinned-text/map-guard/workflow.yml.txt
474a16d0daad280133bc51418ab6fe3c40fa5fb0d52e929adc0903b86c4bd129	1074	evidence/consumer-v5/runtime-work/jcc-after/m3/tooling/migration-recipes/src/main/resources/com/m3/rewrite/backport/jdk21-hash-pinned-text/map-utf/before-workflow.yml.txt
a11ac37e9a84ab7472cdc5001eeb70e00adf7f25e9a7e87ab45e788e4f310603	191	evidence/consumer-v5/runtime-work/jcc-after/m3/tooling/migration-recipes/src/main/resources/com/m3/rewrite/backport/jdk21-hash-pinned-text/map-utf/manifest.tsv
05aac4ad4b59e722bab8cd2e9af6ba1b5917debd6b240790573073964d919d4f	1266	evidence/consumer-v5/runtime-work/jcc-after/m3/tooling/migration-recipes/src/main/resources/com/m3/rewrite/backport/jdk21-hash-pinned-text/map-utf/workflow.yml.txt
36d8b7d6f79643c290d13b64575fcaada7cf3e519bca303987cbdc152b5a3186	124	evidence/consumer-v5/runtime-work/jcc-after/m3/tooling/migration-recipes/src/main/resources/com/m3/rewrite/backport/jdk21-hash-pinned-text/proof-kit/manifest.tsv
ad4fa143d9ffa9fa769d9651772bbf48eaa6bc77bd4b4d0ffdcdf40215a6228b	4481	evidence/consumer-v5/runtime-work/jcc-after/m3/tooling/migration-recipes/src/main/resources/com/m3/rewrite/backport/jdk21-hash-pinned-text/proof-kit/workflow.yml.txt
12c1e5cebc488f9d4669d668caf004854c436812122ec63bf1173d3ae3a57d3c	6987	evidence/consumer-v5/runtime-work/jcc-after/m3/tooling/migration-recipes/src/main/resources/com/m3/rewrite/backport/jdk21-hash-pinned/jdk22-class-ver/00-inspector.java.txt
daeab2f471d0df3135f3797c4df5734c4005636923c7b8eae1aaf0059d790912	9189	evidence/consumer-v5/runtime-work/jcc-after/m3/tooling/migration-recipes/src/main/resources/com/m3/rewrite/backport/jdk21-hash-pinned/jdk22-class-ver/01-checks.java.txt
7e0195b4aa23d926c2cb45508768dfd4eeff4d6565acbb9a89893a6bb4fc9794	558	evidence/consumer-v5/runtime-work/jcc-after/m3/tooling/migration-recipes/src/main/resources/com/m3/rewrite/backport/jdk21-hash-pinned/jdk22-class-ver/02-test.java.txt
6e3599202a1afc6f1971c6a88b8c8e5d31f410c9295e87e85d5e46c779c5905e	6693	evidence/consumer-v5/runtime-work/jcc-after/m3/tooling/migration-recipes/src/main/resources/com/m3/rewrite/backport/jdk21-hash-pinned/jdk22-class-ver/before-00-inspector.java.txt
d927952d199afa2da9f115494dbb68066acb3c9a90b33213a0a4127de1cb3b57	531	evidence/consumer-v5/runtime-work/jcc-after/m3/tooling/migration-recipes/src/main/resources/com/m3/rewrite/backport/jdk21-hash-pinned/jdk22-class-ver/manifest.tsv
1333a9cf8b96b8c919d1c098899648d0a82cdce7e775167fe3ff2e571c54ec67	1815	evidence/consumer-v5/runtime-work/jcc-after/m3/tooling/migration-recipes/src/main/resources/com/m3/rewrite/backport/jdk21-hash-pinned/jdk22-descriptor/00-Descriptor.java.txt
4c7fc3b36ac32873e6f4f6e7aecc71b0e1bfe82a85b61a3114cf7e88a057b578	9136	evidence/consumer-v5/runtime-work/jcc-after/m3/tooling/migration-recipes/src/main/resources/com/m3/rewrite/backport/jdk21-hash-pinned/jdk22-descriptor/01-DescriptorTest.java.txt
df17c48e54de060060e4393e5c2f3e8e2f068bad38a69576a82709cc6d4cbdb9	2367	evidence/consumer-v5/runtime-work/jcc-after/m3/tooling/migration-recipes/src/main/resources/com/m3/rewrite/backport/jdk21-hash-pinned/jdk22-descriptor/before-00-Descriptor.java.txt
6c42ad2af4f9c5d24501a94eebd145c5cf77ed505ce1a1bb62d5b06b6c341cd1	396	evidence/consumer-v5/runtime-work/jcc-after/m3/tooling/migration-recipes/src/main/resources/com/m3/rewrite/backport/jdk21-hash-pinned/jdk22-descriptor/manifest.tsv
7fd7f4b25571bf13fc3e2048b87d730e8346e29102fd4a4159c0144699df55a8	13978	evidence/consumer-v5/runtime-work/jcc-after/m3/tooling/migration-recipes/src/main/resources/com/m3/rewrite/backport/jdk21-hash-pinned/jdk22-jep458-multifile-java/00-module-info.java.txt
a8125e7682911aebee88b79df90902661c08b6938dc8584d2a4d9ca786f714ee	11575	evidence/consumer-v5/runtime-work/jcc-after/m3/tooling/migration-recipes/src/main/resources/com/m3/rewrite/backport/jdk21-hash-pinned/jdk22-jep458-multifile-java/01-Preview.java.txt
ea6dea5bdc8342d246a65e6520bb0bd8f5c1bc2a4050e4b21fb4a750b7395d01	2848	evidence/consumer-v5/runtime-work/jcc-after/m3/tooling/migration-recipes/src/main/resources/com/m3/rewrite/backport/jdk21-hash-pinned/jdk22-jep458-multifile-java/02-Fault.java.txt
28fca3222f297b7ebc25598cfff30423f721313845733dbeacdff62b491aeb9e	11491	evidence/consumer-v5/runtime-work/jcc-after/m3/tooling/migration-recipes/src/main/resources/com/m3/rewrite/backport/jdk21-hash-pinned/jdk22-jep458-multifile-java/03-MemoryClassLoader.java.txt
b931e3f2fa7615a67be8c34bf41074f50e475c0f676db96a85485ecce072abc0	12181	evidence/consumer-v5/runtime-work/jcc-after/m3/tooling/migration-recipes/src/main/resources/com/m3/rewrite/backport/jdk21-hash-pinned/jdk22-jep458-multifile-java/04-MemoryContext.java.txt
26a5b3cb994d4b582e9538a6bbd7778a94abcaf047014fb8f984b4fe2c298fc9	3672	evidence/consumer-v5/runtime-work/jcc-after/m3/tooling/migration-recipes/src/main/resources/com/m3/rewrite/backport/jdk21-hash-pinned/jdk22-jep458-multifile-java/05-MemoryFileManager.java.txt
784837a563756ec6f9fa71aed53849db06e1f30d835a9838a401d00efd3ae19c	6132	evidence/consumer-v5/runtime-work/jcc-after/m3/tooling/migration-recipes/src/main/resources/com/m3/rewrite/backport/jdk21-hash-pinned/jdk22-jep458-multifile-java/06-MemoryModuleFinder.java.txt
c1342044fa7095949315397710e282444086d2e465a8988af2a9c6b88d1dd061	5209	evidence/consumer-v5/runtime-work/jcc-after/m3/tooling/migration-recipes/src/main/resources/com/m3/rewrite/backport/jdk21-hash-pinned/jdk22-jep458-multifile-java/07-ProgramDescriptor.java.txt
7b98756c484d250da48988c4f63f4556863f8d40544856f7ed2e537d9b0c9fa4	5101	evidence/consumer-v5/runtime-work/jcc-after/m3/tooling/migration-recipes/src/main/resources/com/m3/rewrite/backport/jdk21-hash-pinned/jdk22-jep458-multifile-java/08-ProgramFileObject.java.txt
590abf6d39fd3c83a764e362b527074b53113a7fac37001a31cd0d1dd948388b	6813	evidence/consumer-v5/runtime-work/jcc-after/m3/tooling/migration-recipes/src/main/resources/com/m3/rewrite/backport/jdk21-hash-pinned/jdk22-jep458-multifile-java/09-RelevantJavacOptions.java.txt
00a67e27dfbd9cbe5090b02eb8a77ccbb51960d471df60c35c19ccb8800fc2ed	1770	evidence/consumer-v5/runtime-work/jcc-after/m3/tooling/migration-recipes/src/main/resources/com/m3/rewrite/backport/jdk21-hash-pinned/jdk22-jep458-multifile-java/10-Result.java.txt
e88840c52b8d1d57a6202e1edc77584e1419d996e5f89c41e053bc6b0f7112c5	11728	evidence/consumer-v5/runtime-work/jcc-after/m3/tooling/migration-recipes/src/main/resources/com/m3/rewrite/backport/jdk21-hash-pinned/jdk22-jep458-multifile-java/11-SourceLauncher.java.txt
604714c53846bf45cf5a60bad3906ec94a0741e599e6fb60fe6e19c0e115b722	56358	evidence/consumer-v5/runtime-work/jcc-after/m3/tooling/migration-recipes/src/main/resources/com/m3/rewrite/backport/jdk21-hash-pinned/jdk22-jep458-multifile-java/12-Option.java.txt
20ac6094200b19304a3df66dd9abdcbb296bf30a04e643d4fa8ffebca0443ada	4569	evidence/consumer-v5/runtime-work/jcc-after/m3/tooling/migration-recipes/src/main/resources/com/m3/rewrite/backport/jdk21-hash-pinned/jdk22-jep458-multifile-java/13-BasicSourceLauncherTests.java.txt
e96691270eb4a1b9dc1d24ec4534a6928c0da3c41ad682a1192dedb5a2a6fc1e	2258	evidence/consumer-v5/runtime-work/jcc-after/m3/tooling/migration-recipes/src/main/resources/com/m3/rewrite/backport/jdk21-hash-pinned/jdk22-jep458-multifile-java/14-GetResourceTest.java.txt
041ffa57b35e893897a0868ec9e0843faf3fa8fa2cb849d20178a2ffbc595c3e	8634	evidence/consumer-v5/runtime-work/jcc-after/m3/tooling/migration-recipes/src/main/resources/com/m3/rewrite/backport/jdk21-hash-pinned/jdk22-jep458-multifile-java/15-ModuleSourceLauncherTests.java.txt
6720ed7ca21d113ae3b9a35c8aa202da26826d75ad4afcee03a1db470f6e048b	11925	evidence/consumer-v5/runtime-work/jcc-after/m3/tooling/migration-recipes/src/main/resources/com/m3/rewrite/backport/jdk21-hash-pinned/jdk22-jep458-multifile-java/16-MultiFileSourceLauncherTests.java.txt
6eb2adca875262a479c4557818b26cf0d5111556173624d90d78264c81e6a9e7	3411	evidence/consumer-v5/runtime-work/jcc-after/m3/tooling/migration-recipes/src/main/resources/com/m3/rewrite/backport/jdk21-hash-pinned/jdk22-jep458-multifile-java/17-ProgramDescriptorTests.java.txt
e47beaaaf542064dc1e9ccf3256b6ef0981824d6766c47106d809928576d659c	2645	evidence/consumer-v5/runtime-work/jcc-after/m3/tooling/migration-recipes/src/main/resources/com/m3/rewrite/backport/jdk21-hash-pinned/jdk22-jep458-multifile-java/18-Run.java.txt
4b6453855a78988ccf4c7a7c2596190011f47dcccd494a49c2fc7834279886cf	35361	evidence/consumer-v5/runtime-work/jcc-after/m3/tooling/migration-recipes/src/main/resources/com/m3/rewrite/backport/jdk21-hash-pinned/jdk22-jep458-multifile-java/19-SourceLauncherTest.java.txt
a53a4ad6a6e38c069b02ec8091665f7f3facb5167563b323ac1d24780cb26d27	5777	evidence/consumer-v5/runtime-work/jcc-after/m3/tooling/migration-recipes/src/main/resources/com/m3/rewrite/backport/jdk21-hash-pinned/jdk22-jep458-multifile-java/20-CLTest.java.txt
a9b0b684f78b4e6daa77886ef4f62fcfffa78519ee71a8a1d79ee237cae6aa6c	12388	evidence/consumer-v5/runtime-work/jcc-after/m3/tooling/migration-recipes/src/main/resources/com/m3/rewrite/backport/jdk21-hash-pinned/jdk22-jep458-multifile-java/21-ListModuleDeps.java.txt
366ba913bfd9bb6fba5821f490df81cead34268e54818f7eb4c26962fada8ba1	3869	evidence/consumer-v5/runtime-work/jcc-after/m3/tooling/migration-recipes/src/main/resources/com/m3/rewrite/backport/jdk21-hash-pinned/jdk22-jep458-multifile-java/manifest.tsv
323bca7d4452e3e58f5c5941b586c33825becc2593b853b51df86db9d820e25b	31653	evidence/consumer-v5/runtime-work/jcc-after/m3/tooling/migration-recipes/src/main/resources/com/m3/rewrite/backport/jdk21-hash-pinned/jdk22-map-facts/00-Backing.java.txt
c5d856acc3fa5b7b636894d1dd18b087c1d8e1a450fcbef0821e87b969d185c2	13034	evidence/consumer-v5/runtime-work/jcc-after/m3/tooling/migration-recipes/src/main/resources/com/m3/rewrite/backport/jdk21-hash-pinned/jdk22-map-facts/01-MapFactsTest.java.txt
b038fff642ab35aa2cf749d3ac81c3559ff8f6fc59a723fd2a5212654f4ba651	27305	evidence/consumer-v5/runtime-work/jcc-after/m3/tooling/migration-recipes/src/main/resources/com/m3/rewrite/backport/jdk21-hash-pinned/jdk22-map-facts/before-00-Backing.java.txt
79eb64cf105af766b0814815e63665e3e1218d7eade2ad6578d9a7b3058ecc68	370	evidence/consumer-v5/runtime-work/jcc-after/m3/tooling/migration-recipes/src/main/resources/com/m3/rewrite/backport/jdk21-hash-pinned/jdk22-map-facts/manifest.tsv
323bca7d4452e3e58f5c5941b586c33825becc2593b853b51df86db9d820e25b	31653	evidence/consumer-v5/runtime-work/jcc-after/m3/tooling/migration-recipes/src/main/resources/com/m3/rewrite/backport/jdk21-hash-pinned/jdk22-map-guard/00-Backing.java.txt
620e1ccd61d9f8675a18ce74eb307b5a02f75fad6c535e17e42661ef3409185a	14571	evidence/consumer-v5/runtime-work/jcc-after/m3/tooling/migration-recipes/src/main/resources/com/m3/rewrite/backport/jdk21-hash-pinned/jdk22-map-guard/01-MapGuardTest.java.txt
5e870466f7a4005b7f8798fa918b0318a2a42889af8efbac7ff3f4436e6db33e	25961	evidence/consumer-v5/runtime-work/jcc-after/m3/tooling/migration-recipes/src/main/resources/com/m3/rewrite/backport/jdk21-hash-pinned/jdk22-map-guard/before-00-Backing.java.txt
880731315e4c50076a1c240dfecb8bc9aa5551b40cc4a83f0f68e837accad79f	2933	evidence/consumer-v5/runtime-work/jcc-after/m3/tooling/migration-recipes/src/main/resources/com/m3/rewrite/backport/jdk21-hash-pinned/jdk22-map-guard/context-Backing.java.txt
95916a7687bf3dcf2bb39a7d0859a023d0796b58a3ac25318e6a813595f531b0	13241	evidence/consumer-v5/runtime-work/jcc-after/m3/tooling/migration-recipes/src/main/resources/com/m3/rewrite/backport/jdk21-hash-pinned/jdk22-map-guard/context-Test.java.txt
347f7f0081625963a40530ce285167198916fa85850fdec5c4c845a271c1bb74	370	evidence/consumer-v5/runtime-work/jcc-after/m3/tooling/migration-recipes/src/main/resources/com/m3/rewrite/backport/jdk21-hash-pinned/jdk22-map-guard/manifest.tsv
323bca7d4452e3e58f5c5941b586c33825becc2593b853b51df86db9d820e25b	31653	evidence/consumer-v5/runtime-work/jcc-after/m3/tooling/migration-recipes/src/main/resources/com/m3/rewrite/backport/jdk21-hash-pinned/jdk22-map-utf/00-Backing.java.txt
56df66547663793a8eeec761480fbd9c7cffa441a3db70b3ae9aa700cb28e051	9597	evidence/consumer-v5/runtime-work/jcc-after/m3/tooling/migration-recipes/src/main/resources/com/m3/rewrite/backport/jdk21-hash-pinned/jdk22-map-utf/01-MapUtfTest.java.txt
c5d856acc3fa5b7b636894d1dd18b087c1d8e1a450fcbef0821e87b969d185c2	13034	evidence/consumer-v5/runtime-work/jcc-after/m3/tooling/migration-recipes/src/main/resources/com/m3/rewrite/backport/jdk21-hash-pinned/jdk22-map-utf/02-MapFactsTest.java.txt
b038fff642ab35aa2cf749d3ac81c3559ff8f6fc59a723fd2a5212654f4ba651	27305	evidence/consumer-v5/runtime-work/jcc-after/m3/tooling/migration-recipes/src/main/resources/com/m3/rewrite/backport/jdk21-hash-pinned/jdk22-map-utf/before-00-Backing.java.txt
0fc943f7b7c181dde4f9160321b9597cef69ca2cc070a19cd2a0162eeea53def	507	evidence/consumer-v5/runtime-work/jcc-after/m3/tooling/migration-recipes/src/main/resources/com/m3/rewrite/backport/jdk21-hash-pinned/jdk22-map-utf/manifest.tsv
4620bec8fa489b8dcfb8960d8979bfb75517d7893b5f26546d1abaf9f629800e	10998	evidence/consumer-v5/runtime-work/jcc-after/m3/tooling/migration-recipes/src/main/resources/com/m3/rewrite/backport/jdk21-hash-pinned/jdk22-recipe-closure/00-M3A3AlgorithmCatalogueRecipe.java.txt
ea31026be2f699923e4dfcc6fa906cee77eb5a46bdb9a32948948bfdfe19cebb	7151	evidence/consumer-v5/runtime-work/jcc-after/m3/tooling/migration-recipes/src/main/resources/com/m3/rewrite/backport/jdk21-hash-pinned/jdk22-recipe-closure/01-M3PureIntAtomEligibility.java.txt
9ba3245512f18e3d921b6a8d013cea05a70b5a84c473b34dbd574ba55a1978d4	4112	evidence/consumer-v5/runtime-work/jcc-after/m3/tooling/migration-recipes/src/main/resources/com/m3/rewrite/backport/jdk21-hash-pinned/jdk22-recipe-closure/02-M3RecipeScopeRegistry.java.txt
cf1c56ebf8fc2df3778cd56e34240da7c3ba722cb2949e8957b81157abf8b9ba	8378	evidence/consumer-v5/runtime-work/jcc-after/m3/tooling/migration-recipes/src/main/resources/com/m3/rewrite/backport/jdk21-hash-pinned/jdk22-recipe-closure/03-M3RecipeScopeDeclarationTest.java.txt
f69f06564a88fcdc851d267e07f1def2586963d4f14bc552986529d7db8ec8e0	10557	evidence/consumer-v5/runtime-work/jcc-after/m3/tooling/migration-recipes/src/main/resources/com/m3/rewrite/backport/jdk21-hash-pinned/jdk22-recipe-closure/before-00-M3A3AlgorithmCatalogueRecipe.java.txt
2c7f2634165eaa4ae2ba668e38b4aeb44dad646d5f7b2dc55865e17d670771bf	6876	evidence/consumer-v5/runtime-work/jcc-after/m3/tooling/migration-recipes/src/main/resources/com/m3/rewrite/backport/jdk21-hash-pinned/jdk22-recipe-closure/before-01-M3PureIntAtomEligibility.java.txt
232fae809f232e1201347be243a379d7c0b7cf13dba587219e64ed07c32b05fd	3979	evidence/consumer-v5/runtime-work/jcc-after/m3/tooling/migration-recipes/src/main/resources/com/m3/rewrite/backport/jdk21-hash-pinned/jdk22-recipe-closure/before-02-M3RecipeScopeRegistry.java.txt
a79bd712e4ffc0d1ba0d4a7fba9c064f94420fbde8c63e7b2a91496d443e4b7c	8280	evidence/consumer-v5/runtime-work/jcc-after/m3/tooling/migration-recipes/src/main/resources/com/m3/rewrite/backport/jdk21-hash-pinned/jdk22-recipe-closure/before-03-M3RecipeScopeDeclarationTest.java.txt
d80a5af11629b89cb2e69d3a119becb7606fb029e8e121d47d684ca755435182	934	evidence/consumer-v5/runtime-work/jcc-after/m3/tooling/migration-recipes/src/main/resources/com/m3/rewrite/backport/jdk21-hash-pinned/jdk22-recipe-closure/manifest.tsv
200e5d42d6ee7957c41071a775fb5a83d6224c869bea65c9bc863e4dd9adde6a	31673	evidence/consumer-v5/runtime-work/jcc-after/m3/tooling/migration-recipes/src/main/resources/com/m3/rewrite/backport/jdk21-hash-pinned/jdk24-jep485-stream-gatherers/00-AbstractPipeline.java.txt
808d8dec8da41e93dbe938081c36750a6d36c96a4b2dcd90d2558a7b5d0ebd47	24085	evidence/consumer-v5/runtime-work/jcc-after/m3/tooling/migration-recipes/src/main/resources/com/m3/rewrite/backport/jdk21-hash-pinned/jdk24-jep485-stream-gatherers/01-Gatherer.java.txt
ca4f6e9e38494147885e554033d58e1549397b8c7fc627d5f6f3da93717579ad	29495	evidence/consumer-v5/runtime-work/jcc-after/m3/tooling/migration-recipes/src/main/resources/com/m3/rewrite/backport/jdk21-hash-pinned/jdk24-jep485-stream-gatherers/02-GathererOp.java.txt
6115dd7015fe6680ef597a7cc3ec5b0c06eccc7259aa5bd4899454b5af624f1d	31455	evidence/consumer-v5/runtime-work/jcc-after/m3/tooling/migration-recipes/src/main/resources/com/m3/rewrite/backport/jdk21-hash-pinned/jdk24-jep485-stream-gatherers/03-Gatherers.java.txt
ee090d081a5cfd580a9bf75eeca2eddb3d1a996f8d77394cd45756adc071bba8	32687	evidence/consumer-v5/runtime-work/jcc-after/m3/tooling/migration-recipes/src/main/resources/com/m3/rewrite/backport/jdk21-hash-pinned/jdk24-jep485-stream-gatherers/04-ReferencePipeline.java.txt
688ef137efe90856360c35f86a000b0ec49d12c66294f7bd0f6cceb2022bab0f	82970	evidence/consumer-v5/runtime-work/jcc-after/m3/tooling/migration-recipes/src/main/resources/com/m3/rewrite/backport/jdk21-hash-pinned/jdk24-jep485-stream-gatherers/05-Stream.java.txt
36eddaa3aefde19ac9b7a9c716b13842103bade2e3d40202be8b79440a8c8577	41596	evidence/consumer-v5/runtime-work/jcc-after/m3/tooling/migration-recipes/src/main/resources/com/m3/rewrite/backport/jdk21-hash-pinned/jdk24-jep485-stream-gatherers/06-package-info.java.txt
dda26f47fda79ed3fef1518f4bf3ae6f36843f257709568ddef98837398fe061	9923	evidence/consumer-v5/runtime-work/jcc-after/m3/tooling/migration-recipes/src/main/resources/com/m3/rewrite/backport/jdk21-hash-pinned/jdk24-jep485-stream-gatherers/07-GathererAPITest.java.txt
9e58fdeb31975f23a2e3bcd8aa70be539b72a09aaca1b56a4d933534dc134b89	2497	evidence/consumer-v5/runtime-work/jcc-after/m3/tooling/migration-recipes/src/main/resources/com/m3/rewrite/backport/jdk21-hash-pinned/jdk24-jep485-stream-gatherers/08-GathererShortCircuitTest.java.txt
95183909bdf24d7942566d0da086e6a0b7e7c86041c39b41eb9b31f660ff88a1	17744	evidence/consumer-v5/runtime-work/jcc-after/m3/tooling/migration-recipes/src/main/resources/com/m3/rewrite/backport/jdk21-hash-pinned/jdk24-jep485-stream-gatherers/09-GathererTest.java.txt
1ac1891ee9004df5de9328709bea955f4da41e88908c9aa8c83fafb5ac8bb27c	3164	evidence/consumer-v5/runtime-work/jcc-after/m3/tooling/migration-recipes/src/main/resources/com/m3/rewrite/backport/jdk21-hash-pinned/jdk24-jep485-stream-gatherers/10-GatherersFoldTest.java.txt
eb1bd5ac55a99540b1516656041310ecf56c1a8dd20a8eb1fd599318b5647cf2	14652	evidence/consumer-v5/runtime-work/jcc-after/m3/tooling/migration-recipes/src/main/resources/com/m3/rewrite/backport/jdk21-hash-pinned/jdk24-jep485-stream-gatherers/11-GatherersMapConcurrentTest.java.txt
2cd7315a80e9036d0f04c8a325fd75f700bab8468abf6c0fa0a67ac1235ba2a7	3539	evidence/consumer-v5/runtime-work/jcc-after/m3/tooling/migration-recipes/src/main/resources/com/m3/rewrite/backport/jdk21-hash-pinned/jdk24-jep485-stream-gatherers/12-GatherersScanTest.java.txt
a13a9d288d6435165d381aa5af0dd2073f67b79d409a2ff476a5933cd5bef50e	4882	evidence/consumer-v5/runtime-work/jcc-after/m3/tooling/migration-recipes/src/main/resources/com/m3/rewrite/backport/jdk21-hash-pinned/jdk24-jep485-stream-gatherers/13-GatherersWindowFixedTest.java.txt
f5b69e1677020ce3dc8c132881868514d61876e952aaed2bae3a33d2cc519393	5115	evidence/consumer-v5/runtime-work/jcc-after/m3/tooling/migration-recipes/src/main/resources/com/m3/rewrite/backport/jdk21-hash-pinned/jdk24-jep485-stream-gatherers/14-GatherersWindowSlidingTest.java.txt
3172ca1814ce01a40091d05f691ee044dfa72c1b4f24b10514fe491fc6d6e66c	2598	evidence/consumer-v5/runtime-work/jcc-after/m3/tooling/migration-recipes/src/main/resources/com/m3/rewrite/backport/jdk21-hash-pinned/jdk24-jep485-stream-gatherers/manifest.tsv
374269a8f8913fd88954c89cb55efbf14cc93ac1ecda8c290092cddb4036ebe7	12700	evidence/consumer-v5/runtime-work/jcc-after/m3/tooling/migration-recipes/src/main/resources/com/m3/rewrite/backport/jdk21-hash-pinned/jdk27-javadoc-8347112-java/01-DocFilesHandlerImpl.java.txt
a2ccc9e2ac20464f8a1e90385271bef92a10a252279cd039ff29f4a4f1916e81	30681	evidence/consumer-v5/runtime-work/jcc-after/m3/tooling/migration-recipes/src/main/resources/com/m3/rewrite/backport/jdk21-hash-pinned/jdk27-javadoc-8347112-java/02-BaseConfiguration.java.txt
da0ee9d6a1874a402571a34e19d5d11521d51b2eda30ff33cf04056936cff568	11280	evidence/consumer-v5/runtime-work/jcc-after/m3/tooling/migration-recipes/src/main/resources/com/m3/rewrite/backport/jdk21-hash-pinned/jdk27-javadoc-8347112-java/03-TestCopyFiles.java.txt
7b25f62e952a632b6b2fae30e31c0d41f1d648fcb2b3c18e5e5ce520ba202cf8	732	evidence/consumer-v5/runtime-work/jcc-after/m3/tooling/migration-recipes/src/main/resources/com/m3/rewrite/backport/jdk21-hash-pinned/jdk27-javadoc-8347112-java/manifest.tsv
fafd235f12cfb937c383e5a0ba4b0a65561da6cf2b644b8be2476eeab7ed8b6a	1839	evidence/consumer-v5/runtime-work/jcc-after/m3/tooling/migration-recipes/src/main/resources/com/m3/rewrite/backport/jdk21-hash-pinned/jdk27-jfr-options-help-8367584-java/00-TestOptionsHelp.java.txt
c26014d4684ea246a8d5540149cb86f6a40fd8743aa4ac8dda70e44fe0cfc56e	150	evidence/consumer-v5/runtime-work/jcc-after/m3/tooling/migration-recipes/src/main/resources/com/m3/rewrite/backport/jdk21-hash-pinned/jdk27-jfr-options-help-8367584-java/manifest.tsv
ecc6fef6147ba3dbfdf3db57e0d361a48a36cda8cbf6718beeecc7899bb572a4	91276	evidence/consumer-v5/runtime-work/jcc-after/m3/tooling/migration-recipes/src/main/resources/com/m3/rewrite/backport/jdk21-hash-pinned/jdk27-keystore-creation-instant-8374808/00-KeyStore.java.txt
0abe2b4077befe28e2b3b9edcd03fbbed77319660ff408794bdb8f6b3d24d031	28057	evidence/consumer-v5/runtime-work/jcc-after/m3/tooling/migration-recipes/src/main/resources/com/m3/rewrite/backport/jdk21-hash-pinned/jdk27-keystore-creation-instant-8374808/01-KeyStoreSpi.java.txt
d9266a7bb859c3a1a8c5d309df2c1ae95d4d7e9bcc5191193cd6c93717dd7f04	6152	evidence/consumer-v5/runtime-work/jcc-after/m3/tooling/migration-recipes/src/main/resources/com/m3/rewrite/backport/jdk21-hash-pinned/jdk27-keystore-creation-instant-8374808/02-CreationInstant.java.txt
2d805902f415e7acbdf8955da127474ce5fb901d6392b8a5c733f1faf5a204db	573	evidence/consumer-v5/runtime-work/jcc-after/m3/tooling/migration-recipes/src/main/resources/com/m3/rewrite/backport/jdk21-hash-pinned/jdk27-keystore-creation-instant-8374808/manifest.tsv
f56ba88b1e8986b849fead075c654b4b9961dcb49b168c733cb6e59d6113f2a8	4873	evidence/consumer-v5/runtime-work/jcc-after/m3/tooling/migration-recipes/src/main/resources/com/m3/rewrite/backport/jdk21-hash-pinned/jdk27-password-policy-proof-20261004/00-M3PasswordPolicyCases.java.txt
4affb89e8d6ebc558672e0e786d147fdc684b85a04ac6a91fcf91e79509b9ad7	169	evidence/consumer-v5/runtime-work/jcc-after/m3/tooling/migration-recipes/src/main/resources/com/m3/rewrite/backport/jdk21-hash-pinned/jdk27-password-policy-proof-20261004/manifest.tsv
5840ee0eac7e23c3a3834dddde70f059f512331a653a3d9ea80faa8d05f0abc4	6883	evidence/consumer-v5/runtime-work/jcc-after/m3/tooling/migration-recipes/src/main/resources/com/m3/rewrite/backport/jdk21-hash-pinned/jdk27-password-systemin-8368692-java/00-Password.java.txt
1b570f0d4bf5764e3d89000b9afc914073d8862be79cd9c0b1487ac2d81a7148	2806	evidence/consumer-v5/runtime-work/jcc-after/m3/tooling/migration-recipes/src/main/resources/com/m3/rewrite/backport/jdk21-hash-pinned/jdk27-password-systemin-8368692-java/01-AllowSystemIn.java.txt
360e70e3d733b04f426fffebeedb59c76a158b405c01ccfc61a35593334f8e35	364	evidence/consumer-v5/runtime-work/jcc-after/m3/tooling/migration-recipes/src/main/resources/com/m3/rewrite/backport/jdk21-hash-pinned/jdk27-password-systemin-8368692-java/manifest.tsv
0bc30e8aee9bb87d051c5670efc2093f5b2d373b1ead4fb09d02fbdb3e149962	40627	evidence/consumer-v5/runtime-work/jcc-after/m3/tooling/migration-recipes/src/main/resources/com/m3/rewrite/backport/jdk21-hash-pinned/jdk27-security-properties-8364182-java/00-Security.java.txt
73470efbd9d61c0a78223b626c3c622ded47e432e740548c16da29c1091f502e	1396	evidence/consumer-v5/runtime-work/jcc-after/m3/tooling/migration-recipes/src/main/resources/com/m3/rewrite/backport/jdk21-hash-pinned/jdk27-security-properties-8364182-java/01-JavaSecurityPropertiesAccess.java.txt
48f0c0b3d2dfafae99ea663a28c2a16e54ee1f8379e05b0a9b27641b363cb440	25702	evidence/consumer-v5/runtime-work/jcc-after/m3/tooling/migration-recipes/src/main/resources/com/m3/rewrite/backport/jdk21-hash-pinned/jdk27-security-properties-8364182-java/02-VMSupport.java.txt
07907e5f65c24f06c9f5bc0bf34e98a44085bf276068e0ecc4d8fc9b36c9e778	2230	evidence/consumer-v5/runtime-work/jcc-after/m3/tooling/migration-recipes/src/main/resources/com/m3/rewrite/backport/jdk21-hash-pinned/jdk27-security-properties-8364182-java/03-SecurityPropertiesTest.java.txt
365fa8c05d774109ac66c411d4a4b4945f0fa76386d352983e0894d53074e6eb	848	evidence/consumer-v5/runtime-work/jcc-after/m3/tooling/migration-recipes/src/main/resources/com/m3/rewrite/backport/jdk21-hash-pinned/jdk27-security-properties-8364182-java/manifest.tsv
cb50139594817d5cb2477c4d67148d4aed2174299f05cff9a3b24416139bc6b4	4037	evidence/consumer-v5/runtime-work/jcc-after/m3/tooling/migration-recipes/src/main/resources/com/m3/rewrite/port/FrozenBytes.java.txt
0c03ca0ed8b42212fa92e4d5f9325ba864f8d11928cd6a0b030b861f668f0657	3868	evidence/consumer-v5/runtime-work/jcc-after/m3/tooling/migration-recipes/src/main/resources/com/m3/rewrite/port/FrozenChars.java.txt
2f1c52feaa5c81462a469c84d847448840cfa75db5a0f1d40c72241718417653	12063	evidence/consumer-v5/runtime-work/jcc-after/m3/tooling/migration-recipes/src/main/resources/com/m3/rewrite/port/M3Text.java.txt
206cd1ecb96bec037c59b531c13dd7029e4ce79f1b50bfdfccc64dfd6279e74b	3259	evidence/consumer-v5/runtime-work/jcc-after/m3/tooling/migration-recipes/src/main/resources/com/m3/rewrite/port/MIndexJoinedBytes.java.txt
964f0fc3611f259562adca7f7a9ec581d149f16b4dfcc9a3c775a2a8ca53f864	7282	evidence/consumer-v5/runtime-work/jcc-after/m3/tooling/migration-recipes/src/main/resources/com/m3/rewrite/port/MIndexJoinedChars.java.txt
f42c548a4fd47d3dac43283082125232e04d5f13f28b63521832493394176337	10303	evidence/consumer-v5/runtime-work/jcc-after/m3/tooling/migration-recipes/src/main/resources/com/m3/rewrite/port/MIndexJoinedStorageIntern.java.txt
a4f0e0cd7b3e8701aba21b8b14b068cc2d3822e17dc066daa442cbc580404a80	5955	evidence/consumer-v5/runtime-work/jcc-after/m3/tooling/migration-recipes/src/main/resources/com/m3/rewrite/port/MIndexJoinedStreams.java.txt
122d60c6df640b25c2665e68819cae4571cb9ffbe54c710edbdc7f73419e9f93	1504	evidence/consumer-v5/runtime-work/jcc-after/m3/tooling/migration-recipes/src/main/resources/com/m3/rewrite/port/pom.xml.txt
430fb58f5bef30e3777214885cbff3dd8aa423d68c80f0a6b12147749db02e1f	841	evidence/consumer-v5/runtime-work/jcc-after/m3/tooling/migration-recipes/src/main/resources/com/m3/rewrite/port/port.properties
5f925aeb078bd859b485fcb46c3157d95df1b2f3b691246a4182a3850b681492	8561	evidence/consumer-v5/runtime-work/jcc-after/m3/tooling/migration-recipes/src/main/resources/com/synexia/rewrite/hash-pinned-java/a3-declarative-activation/00-A3Apply.java.txt
2897abfccb331829bd94a349e1b1da90b87b56c7a7d26e23073c90f9a891ea85	4406	evidence/consumer-v5/runtime-work/jcc-after/m3/tooling/migration-recipes/src/main/resources/com/synexia/rewrite/hash-pinned-java/a3-declarative-activation/01-A3ApplyTest.java.txt
e45dcc553df5cd0ad940f3dc656ebd9ea264f8353da3f7c27b5a2333f4997094	8537	evidence/consumer-v5/runtime-work/jcc-after/m3/tooling/migration-recipes/src/main/resources/com/synexia/rewrite/hash-pinned-java/a3-declarative-activation/before-00-A3Apply.java.txt
77390f350eeeb4b25a1c4db9279b3966884d9918f0b9dd0af1f1b4c3acc7b7ee	4328	evidence/consumer-v5/runtime-work/jcc-after/m3/tooling/migration-recipes/src/main/resources/com/synexia/rewrite/hash-pinned-java/a3-declarative-activation/before-01-A3ApplyTest.java.txt
944b68ad6939351c313439fa0ed53af948a1182cd0630c988b5252d86fc11cc0	382	evidence/consumer-v5/runtime-work/jcc-after/m3/tooling/migration-recipes/src/main/resources/com/synexia/rewrite/hash-pinned-java/a3-declarative-activation/manifest.tsv
2e7514ddf7332311bb31f758dbfb27aa8242cf086cabc6cbb7f27b9f4cb7f2d3	1156	evidence/consumer-v5/runtime-work/jcc-after/m3/tooling/migration-recipes/src/main/resources/com/synexia/rewrite/hash-pinned-java/a3-declarative-convergence/00-M3Java21ConvergenceCatalog.java.txt
bf0cd3c9ca89e2b75d83e717d79b9a17e197646f40d108b05b4dc2ecd2cc1f70	6058	evidence/consumer-v5/runtime-work/jcc-after/m3/tooling/migration-recipes/src/main/resources/com/synexia/rewrite/hash-pinned-java/a3-declarative-convergence/01-M3A3DeclarativeDeliveryRecipeTest.java.txt
a2ab300d9fc8a821fa5d996cd0d18e6736f757863572067d72d0639ea31d0386	4052	evidence/consumer-v5/runtime-work/jcc-after/m3/tooling/migration-recipes/src/main/resources/com/synexia/rewrite/hash-pinned-java/a3-declarative-convergence/02-M3Java21DeclarativeConvergenceTest.java.txt
e3461850eb6a306eeba22c2189aefbcdc520762dafa3520fa40282576aff2b61	546	evidence/consumer-v5/runtime-work/jcc-after/m3/tooling/migration-recipes/src/main/resources/com/synexia/rewrite/hash-pinned-java/a3-declarative-convergence/manifest.tsv
