sha256	bytes	path
0f46c618636ff40d4f0b415de7bb78abc72140686ef92f2eddd77b6ab7304648	1389	evidence/receiving-python-v1/source/m3/tooling/src/main/java/com/synexia/rewrite/sealed/CodeIdentity.java
eebf9375be1135b81108bd7d240c665774f8e31c8ebb7256ff10caf3bfa441d8	6369	evidence/receiving-python-v1/source/m3/tooling/src/main/java/com/synexia/rewrite/sealed/ExtractPrivateIntHelper.java
f784f002de7381dabaf9d1d913f366809c772a0364e6c2255518c9469e1bf5fa	2849	evidence/receiving-python-v1/source/m3/tooling/src/main/java/com/synexia/rewrite/sealed/JavaContractSurface.java
5d6c86bdcda6f6adecdfa0fddc4b956b52b456bd1d4f4a61792fdf807c8fb9a6	3107	evidence/receiving-python-v1/source/m3/tooling/src/main/java/com/synexia/rewrite/sealed/JavaSourceUnit.java
4774779dfce9c4325e1a38a0efee9484c48747d116ca47462b998510e8c9c7e3	4567	evidence/receiving-python-v1/source/m3/tooling/src/main/java/com/synexia/rewrite/sealed/M3ExactSourceAtom.java
17910b8b92573d6673be22b1d79d3db81c2c65fdff02251b0d4b8defd5b7373a	1859	evidence/receiving-python-v1/source/m3/tooling/src/main/java/com/synexia/rewrite/sealed/SealHash.java
8aa4e44f74f599ebf9110df885fff5b63615576038ab6f7195d889789b44ca4f	2089	evidence/receiving-python-v1/source/m3/tooling/src/main/java/com/synexia/rewrite/sealed/SealedContract.java
72789272f512ee90e6dee1e9021363eb99ff45d7b2fb538527eab39d421b2272	1678	evidence/receiving-python-v1/source/m3/tooling/src/main/java/com/synexia/rewrite/sealed/SealedRecipe.java
3e88322e32c7f500a9d42f39e47b3853256fdd3c6a7d8954074884f5e1e80751	3370	evidence/receiving-python-v1/source/m3/tooling/src/main/java/com/synexia/rewrite/sealed/SealedSources.java
6a945e8916c048ae01fdb9e60ef4558a64adf5267cc33e57e8d3cd14fab5abc5	3363	evidence/receiving-python-v1/source/m3/tooling/vi/README.md
95cc54b05119a086b16cbae04f9343bcea967de7ed3f9bb1f015de02089d866b	4207	evidence/receiving-python-v1/source/m3/tooling/vi/SHA256SUMS
1eb85fc97224598dad1852b5d6483bbcf0aa8608790dcc657a5a2a761ae9c8c6	11558	evidence/receiving-python-v1/source/m3/tooling/vi/donor/LICENSE
fb34b0ca5dd91bcc45df89521e934af07139a3630c09b012b19876a0e54be422	1556	evidence/receiving-python-v1/source/m3/tooling/vi/donor/MIndexLibraryRelease.java.txt
a6cf406b99ce4064e23de1d9eddeb583b6b0f31f6ae74a06c8f98f8f8b330542	5632	evidence/receiving-python-v1/source/m3/tooling/vi/donor/MIndexVersionTable.java.txt
31cec4f2c4936b0e7a71a77847a3c20b0959e119a02ef5cf537f4f707fff9427	14991	evidence/receiving-python-v1/source/m3/tooling/vi/donor/NOTICE
24d84810ded39819f12f29946c9d72d1c431f1aa4957b2d7e9f702d12d0177b4	20	evidence/receiving-python-v1/source/m3/tooling/vi/evidence/Xint.log
24d84810ded39819f12f29946c9d72d1c431f1aa4957b2d7e9f702d12d0177b4	20	evidence/receiving-python-v1/source/m3/tooling/vi/evidence/Xmixed.log
e3b0c44298fc1c149afbf4c8996fb92427ae41e4649b934ca495991b7852b855	0	evidence/receiving-python-v1/source/m3/tooling/vi/evidence/compile-probe.log
e3b0c44298fc1c149afbf4c8996fb92427ae41e4649b934ca495991b7852b855	0	evidence/receiving-python-v1/source/m3/tooling/vi/evidence/compile-product.log
79f67ba8a97920a34cec119dace8230172188faa3db2533e13a06374aeb2ef49	102	evidence/receiving-python-v1/source/m3/tooling/vi/evidence/install-tests.txt
340c89d6b34a8001f98fe9905e786ee8b711c0804a62e3b74efea017754cd6a3	19	evidence/receiving-python-v1/source/m3/tooling/vi/evidence/jdeps.log
a354014de98d5528f3ed0a405fed660f5acb63ceb18b6cc2d98d8cb75ec6d600	101	evidence/receiving-python-v1/source/m3/tooling/vi/evidence/mapping-tests.txt
70670e61fa731a3d1bb9dc3d324bd9f837072bdb3077337e59bff784dc0addb0	1577	evidence/receiving-python-v1/source/m3/tooling/vi/evidence/receipt.json
38a50d7833ad64f5b88e9d6fa4c1089889f4086683c3533af5165e67f6983e43	282	evidence/receiving-python-v1/source/m3/tooling/vi/evidence/recipe-tests.txt
901341910171b464c110d43ef4dd4da11a3606da5504d53691f24c5561132aeb	1593	evidence/receiving-python-v1/source/m3/tooling/vi/install/M3Release.java.txt
0c42cccb41251828efec2db858a9ed09aef3a2c489a75d11fd10e14c468cd67a	6165	evidence/receiving-python-v1/source/m3/tooling/vi/install/M3VI.java.txt
1f55398216ed23efc858988f68bb9fecafa10efba4dd19c5ec5a0e64bacee5fc	649	evidence/receiving-python-v1/source/m3/tooling/vi/install/NOTICE.after.txt
162b80bb88273e07e715cf66d7d80174548515a9ee4c1a1af4d446383d6a551a	510	evidence/receiving-python-v1/source/m3/tooling/vi/install/NOTICE.before.txt
186cd1559e221919ce558fda7192c13a2472ff512a4ac6dc0707338767532662	105323	evidence/receiving-python-v1/source/m3/tooling/vi/install/name-mapping.after.json
4520738b949198601dc7c2ecf2bef7612bf11b024473bda06ffd75dbfa6253a7	63876	evidence/receiving-python-v1/source/m3/tooling/vi/install/name-mapping.before.json
0003c3ddb45e476feb57e8592d8a49edf1da524a8273cd69ceb81f17657145ee	2014	evidence/receiving-python-v1/source/m3/tooling/vi/install/plan.json
83555e6e0a9ac65409ea500bdb70c3ce6799a8a9498b767742335a48e5a6efa8	12256	evidence/receiving-python-v1/source/m3/tooling/vi/install/synexia.md
620e06cce7e178f116b572e42f96372c3cf2eec0f915e46d35ac6cf1cc385aba	1878	evidence/receiving-python-v1/source/m3/tooling/vi/pins.json
e14d832c04fd0fe6bc76dbbde32f0537290f061ecd9836922322bd12aa3d035f	2405	evidence/receiving-python-v1/source/m3/tooling/vi/pom.xml
41866f945937971af29515f4ca487649418e167d5b6219248278dd13e1580822	479	evidence/receiving-python-v1/source/m3/tooling/vi/recipe-pin.tsv
901341910171b464c110d43ef4dd4da11a3606da5504d53691f24c5561132aeb	1593	evidence/receiving-python-v1/source/m3/tooling/vi/src/main/resources/com/synexia/rewrite/hash-pinned-java/m3-vi/M3Release.java.txt
0c42cccb41251828efec2db858a9ed09aef3a2c489a75d11fd10e14c468cd67a	6165	evidence/receiving-python-v1/source/m3/tooling/vi/src/main/resources/com/synexia/rewrite/hash-pinned-java/m3-vi/M3VI.java.txt
a44ca0c914e67b86430ee81a253eda6d14f3ad038d9b35de95c7c8cd270b5b12	7588	evidence/receiving-python-v1/source/m3/tooling/vi/src/main/resources/com/synexia/rewrite/hash-pinned-java/m3-vi/VIProbe.java.txt
c47151b5df79d6d2711e6de748bff3fb08e2c01af5e9c6ac0b4b3b91ac97425c	453	evidence/receiving-python-v1/source/m3/tooling/vi/src/main/resources/com/synexia/rewrite/hash-pinned-java/m3-vi/manifest.tsv
aa93ddaeb8935469c27b98e345f1fbc6c22b8dd2ebda8bc5cf94b7c6bf0b3db2	10962	evidence/receiving-python-v1/source/m3/tooling/vi/src/test/java/com/m3/vi/VITest.java
31c1fa2520d67f3938713ab87bcafac16ed051a07323b510eea264f69523bd2d	3512	evidence/receiving-python-v1/source/m3/tooling/vi/test_install.py
1448362d02a5c60ddf2eaeb916d2e71e204ebd6ebe9fde63ab76a54df6b82332	1842	evidence/receiving-python-v1/source/m3/verify-shared-mapping.py
1bbb24c3149246ccddf02cdb983a2a9661b66593f11a3b289d7b1d2b2392c301	1745	evidence/receiving-python-v1/source/make/modules/jdk.jcmd/Copy.gmk
eeffc686c1eef000be5e3be5eb02e13257c744a63ea926762e9d4749fadecc67	84967	evidence/receiving-python-v1/source/src/hotspot/share/classfile/vmSymbols.hpp
4673fdbcfde7930471ba9bc50dc69334570db017479a9531bf58776a705d400f	44209	evidence/receiving-python-v1/source/src/hotspot/share/services/diagnosticCommand.cpp
3a16220bc3b5cd463ff8442aa6f2f87815d37bd4872d056d54be1d7e82fe64f7	29578	evidence/receiving-python-v1/source/src/hotspot/share/services/diagnosticCommand.hpp
1b4642d529e53311be3647199714f857c660822e0643d9fe3f4e64eb8d98429d	13472	evidence/receiving-python-v1/source/src/java.base/share/classes/java/lang/Boolean.java
dce1d2e577ebb838c6eb67b4190e468803c7d19d07f4270337bab9976430ff83	21942	evidence/receiving-python-v1/source/src/java.base/share/classes/java/lang/Byte.java
92a6457c0a88e90a2c6589f6be556639d7a1c32b24bc41f0c6e49ae70f79d6ea	81874	evidence/receiving-python-v1/source/src/java.base/share/classes/java/lang/Integer.java
1264b299cbffe5611764dc9a626f9beb2a02728a1651f3f3fee1e0b767924151	136655	evidence/receiving-python-v1/source/src/java.base/share/classes/java/lang/Math.java
5f1c19dd6d46c12f5b3baf72422ae7e68975e41df4303451a1db2299c8581601	205581	evidence/receiving-python-v1/source/src/java.base/share/classes/java/lang/String.java
ecc6fef6147ba3dbfdf3db57e0d361a48a36cda8cbf6718beeecc7899bb572a4	91276	evidence/receiving-python-v1/source/src/java.base/share/classes/java/security/KeyStore.java
0abe2b4077befe28e2b3b9edcd03fbbed77319660ff408794bdb8f6b3d24d031	28057	evidence/receiving-python-v1/source/src/java.base/share/classes/java/security/KeyStoreSpi.java
0bc30e8aee9bb87d051c5670efc2093f5b2d373b1ead4fb09d02fbdb3e149962	40627	evidence/receiving-python-v1/source/src/java.base/share/classes/java/security/Security.java
e8d5368cf8ee1a5667a411ae33d92ddf64aa06027f8e093a23c0d5cbd5c1b4d6	16483	evidence/receiving-python-v1/source/src/java.base/share/classes/java/util/AbstractCollection.java
7a4b157239ed75833370e47fe4bbe5a5c0c62d7adccd7a4bf5cb2839c4096170	34037	evidence/receiving-python-v1/source/src/java.base/share/classes/java/util/AbstractList.java
9574f633c3dd2002ca2cc29740eae7ffc8c9aede9b9f1ab88578abfe2251140e	43461	evidence/receiving-python-v1/source/src/java.base/share/classes/java/util/ArrayDeque.java
c7db659273f9130e08b0d4508c34ff655e157b9ed48cdc7f5f5a2146ebb1c137	65533	evidence/receiving-python-v1/source/src/java.base/share/classes/java/util/ArrayList.java
fb63f716ddcf750357d2c5747896336b45ad343eb4d3c2de329f3212c6bf49ec	394754	evidence/receiving-python-v1/source/src/java.base/share/classes/java/util/Arrays.java
c5640ef08deab2582948e4cdbd0c1deb7cd83a3e404645ba91835bced5287cfc	48380	evidence/receiving-python-v1/source/src/java.base/share/classes/java/util/BitSet.java
de833f449dd331f125692ae3dd0ff06d7ab62d9be47d7edb56907ce2dd7988e4	38921	evidence/receiving-python-v1/source/src/java.base/share/classes/java/util/Collection.java
6c55587e80c395ec4697f3125a631a9b6af43790a22ce35958799d45725323e2	240664	evidence/receiving-python-v1/source/src/java.base/share/classes/java/util/Collections.java
0f05524a130ff2117faf75b173d3562750d08b87b1ecdcbbb58c7682063c658b	23431	evidence/receiving-python-v1/source/src/java.base/share/classes/java/util/Comparator.java
bec9ede3f85bd462a6649914fe7bfd9a5aafedc0526f50af04cd9beba21e0ed1	26711	evidence/receiving-python-v1/source/src/java.base/share/classes/java/util/Deque.java
653268c51cdc0178d373bf3aabc9adedd102b2104afd7e0d69056513de4c33d8	26695	evidence/receiving-python-v1/source/src/java.base/share/classes/java/util/EnumMap.java
534ce16243bf168fd20741752de6bdb5e9fd5ed31977de1c8885af2a5163d1ed	20206	evidence/receiving-python-v1/source/src/java.base/share/classes/java/util/EnumSet.java
71c8d82247c2736e9fbe3769f366e9bd250bc73ecf390749998e830201aaabf2	98875	evidence/receiving-python-v1/source/src/java.base/share/classes/java/util/HashMap.java
b3fe31cbf8b68eeb1ed15bff4403a75b8014e716ca7c79fc30e1bceaed592956	15736	evidence/receiving-python-v1/source/src/java.base/share/classes/java/util/HashSet.java
e877ef70202fac6014d28dbb6b4f45a4eb0a4725a1e39782a5e52d777e9f0c18	63375	evidence/receiving-python-v1/source/src/java.base/share/classes/java/util/IdentityHashMap.java
28f0ab0de8727ee357bd00792b6e490103219d177331e262f257ff0098994a7c	5213	evidence/receiving-python-v1/source/src/java.base/share/classes/java/util/Iterator.java
93b36f97d195663c236ed00733a7ca09d0f491bf6ebcd818dbd7bac288805577	48205	evidence/receiving-python-v1/source/src/java.base/share/classes/java/util/LinkedHashMap.java
b77ee44b6711856d53943a6b34abd92269aadf3ee7b7267079c9a56cb51212c6	13631	evidence/receiving-python-v1/source/src/java.base/share/classes/java/util/LinkedHashSet.java
9f6aced35412c469ed49f59e4f201ef9c0eccd06b62bf45fafe87881aef24e20	46931	evidence/receiving-python-v1/source/src/java.base/share/classes/java/util/LinkedList.java
bc5d882564a59adcadbe39615ba8213f4c33ad88222b8a3c4e7cdf50c62316b6	50786	evidence/receiving-python-v1/source/src/java.base/share/classes/java/util/List.java
c2cb6eebb59d81a35a82827d7ad09b633317e5aa9c640b47c3fd5ebd9204c0a6	80837	evidence/receiving-python-v1/source/src/java.base/share/classes/java/util/Map.java
e23039ed9dce3bd70565b94657a4e316eb72ff79345c13a4ed58bc0931d34ce5	20366	evidence/receiving-python-v1/source/src/java.base/share/classes/java/util/Objects.java
dda29b667edee246dc24c3448d59c09f244848a40be8ce40265ba699cf38788d	17154	evidence/receiving-python-v1/source/src/java.base/share/classes/java/util/Optional.java
02ba4be245ced47049a679e6cf50229abce50fada7fd8b56874acc2fe29a72ff	11467	evidence/receiving-python-v1/source/src/java.base/share/classes/java/util/PrimitiveIterator.java
92f97c6625f4cd1994765acbd718e8a6f7c7697e5e65974a1d78d5e37e284ca8	35911	evidence/receiving-python-v1/source/src/java.base/share/classes/java/util/PriorityQueue.java
2f43b05575ead6fc08ed1109814992c6ec79485b6cd60bb137e467599d610e2a	9066	evidence/receiving-python-v1/source/src/java.base/share/classes/java/util/Queue.java
59fde85e92d7c167fe6573a25043c3fbe29eabaefdf84891d32101932f0a0f90	31701	evidence/receiving-python-v1/source/src/java.base/share/classes/java/util/Set.java
70d75491a8ca51fe30a1a6935467763b5bdc3753b8624bec055edd4967383596	38788	evidence/receiving-python-v1/source/src/java.base/share/classes/java/util/Spliterator.java
7363a624984c81e6a8c0a7ac72e43e360c86f6c92f3ccc9a55c87d43ca987066	94343	evidence/receiving-python-v1/source/src/java.base/share/classes/java/util/Spliterators.java
d5ab07e7f2438eae6d0a6a969790a7d4d9d07a20265e797a4a20a1e3bcda913c	122369	evidence/receiving-python-v1/source/src/java.base/share/classes/java/util/TreeMap.java
e40f028679f474ed2399425474b5c68cbef96db851d1e8c0c8865108f3f5af75	22027	evidence/receiving-python-v1/source/src/java.base/share/classes/java/util/TreeSet.java
de689f0134336b0fa5471227f35abdfb34084ffdb6a6913436b91bad27354914	267460	evidence/receiving-python-v1/source/src/java.base/share/classes/java/util/concurrent/ConcurrentHashMap.java
6037136acf6bd94c15cffb81e49d89e0918d0609a5de6713616e26ce8aaf6bbc	40662	evidence/receiving-python-v1/source/src/java.base/share/classes/java/util/concurrent/ConcurrentLinkedQueue.java
8bdcba4d3436c967f796b058edfd7aa0671d75f1e87022253ddd177122706357	69991	evidence/receiving-python-v1/source/src/java.base/share/classes/java/util/concurrent/CopyOnWriteArrayList.java
57057abb37ed8124e3ef331540f407a486e79c51723c1eee21e090fa19afd4b4	11700	evidence/receiving-python-v1/source/src/java.base/share/classes/java/util/concurrent/CountDownLatch.java
98a0651c0a1ffa166c8095cc82b14817e94d7e41bda0e12610a3c313af240137	169251	evidence/receiving-python-v1/source/src/java.base/share/classes/java/util/concurrent/ForkJoinPool.java
7b540d3f744593f4c12e3194ee7e8441648e5fb85b6fb4cd0d8e438e46edb9f1	30152	evidence/receiving-python-v1/source/src/java.base/share/classes/java/util/concurrent/Semaphore.java
a30a588665b7679d244c8c2f17284003bef30d931623186db46befea94253b2d	9725	evidence/receiving-python-v1/source/src/java.base/share/classes/java/util/regex/ASCII.java
cabc1d208e7ed8a6b7361a64551db406a07a7d5ab77735db5c5b641ba65999a0	20634	evidence/receiving-python-v1/source/src/java.base/share/classes/java/util/regex/CharPredicates.java
4412ea6f9be9d9e01e9b2bcec4536ac9948dd4366433ce9a42da516dcf9683ac	3133	evidence/receiving-python-v1/source/src/java.base/share/classes/java/util/regex/IntHashSet.java
7dccd54e2860bc2b80ae62c46e1f5b48b34f442cef4057252791f5a17453792e	13312	evidence/receiving-python-v1/source/src/java.base/share/classes/java/util/regex/MatchResult.java
7ae5ae6dc7f763c152c8f872af98551f74abf67cc2a53e331056287226e949ca	71480	evidence/receiving-python-v1/source/src/java.base/share/classes/java/util/regex/Matcher.java
feccfd9bbb4208790fc4b3f2b21e9f12fce7040b22d0fff39086b5f73bd1813f	234454	evidence/receiving-python-v1/source/src/java.base/share/classes/java/util/regex/Pattern.java
e0e479859b71270330af86ba0d378ecc35c3d780b47a45bc5e33cc0b68f1ce57	3621	evidence/receiving-python-v1/source/src/java.base/share/classes/java/util/regex/PatternSyntaxException.java
f44904cd8bf634f4c28ba05ceef6b15c8fec4c3eabba955b7b9b68bcb7d660e4	8598	evidence/receiving-python-v1/source/src/java.base/share/classes/java/util/regex/PrintPattern.java
73470efbd9d61c0a78223b626c3c622ded47e432e740548c16da29c1091f502e	1396	evidence/receiving-python-v1/source/src/java.base/share/classes/jdk/internal/access/JavaSecurityPropertiesAccess.java
c89a34d2e793f5a797ded51c32bf2f7ddad19ad1b932f003dfbde46b37f58d8a	4114	evidence/receiving-python-v1/source/src/java.base/share/classes/jdk/internal/mindex/M3Boundary.java
af93f3bebd9a54f592742b0b6d9e1215770446fd13b8679fa259f7c0d5effa36	7771	evidence/receiving-python-v1/source/src/java.base/share/classes/jdk/internal/mindex/M3CB.java
9a8fa33a3edf5edaaf6b22eeeb203cd08ff386bdd4b7307cdd47e849bc3b98b1	61135	evidence/receiving-python-v1/source/src/java.base/share/classes/jdk/internal/mindex/M3CI.java
542fab6ba509299d937c26fe68c9eab96cda3b8dd2b30c41df6992038b0d4472	16841	evidence/receiving-python-v1/source/src/java.base/share/classes/jdk/internal/mindex/M3Class.java
cb7dc87b4fb4849bd145520014bcd8cd55168134cf8b482dba495219b8a2344b	1592	evidence/receiving-python-v1/source/src/java.base/share/classes/jdk/internal/mindex/M3ClassFlags.java
f6a8cd76d1bd8bd5f2641d6d81dcb4e74b8aa613442c23fed32f3e99945be923	2329	evidence/receiving-python-v1/source/src/java.base/share/classes/jdk/internal/mindex/M3Constructor.java
1333a9cf8b96b8c919d1c098899648d0a82cdce7e775167fe3ff2e571c54ec67	1815	evidence/receiving-python-v1/source/src/java.base/share/classes/jdk/internal/mindex/M3Descriptor.java
a197eb18922617e1b0992d474f2acdb3c8753eb1c0b16a014a93a5460fe66481	2041	evidence/receiving-python-v1/source/src/java.base/share/classes/jdk/internal/mindex/M3Field.java
c0cc0b38eb167ea313a67db584184ee94269b2f2b808a6a16cfafbb80fa541f1	2493	evidence/receiving-python-v1/source/src/java.base/share/classes/jdk/internal/mindex/M3Member.java
f436e0fdfbe44074c3855944e005707e833ce96fa34b24cb300c3957c1cc24be	1722	evidence/receiving-python-v1/source/src/java.base/share/classes/jdk/internal/mindex/M3MemberFlags.java
0c24a919386302c498d94e3a4d0bfffbe96084f7c93b62e23799646b4502496b	718	evidence/receiving-python-v1/source/src/java.base/share/classes/jdk/internal/mindex/M3MemberKind.java
f7651b04fa197f47904f5258ba2150242a9801bbcbef6e19fa90ed296fef8f58	2478	evidence/receiving-python-v1/source/src/java.base/share/classes/jdk/internal/mindex/M3Method.java
e38403e001ea950c5e789c854f4f4e8004253a4a7545aa6e044a52112b592898	1686	evidence/receiving-python-v1/source/src/java.base/share/classes/jdk/internal/mindex/M3PC.java
0be405cfa1d7fac2fbf1bdf5ae42e9798033eda53c6545b47154a16fa57134bd	1916	evidence/receiving-python-v1/source/src/java.base/share/classes/jdk/internal/mindex/M3RecordComponent.java
901341910171b464c110d43ef4dd4da11a3606da5504d53691f24c5561132aeb	1593	evidence/receiving-python-v1/source/src/java.base/share/classes/jdk/internal/mindex/M3Release.java
0c42cccb41251828efec2db858a9ed09aef3a2c489a75d11fd10e14c468cd67a	6165	evidence/receiving-python-v1/source/src/java.base/share/classes/jdk/internal/mindex/M3VI.java
323bca7d4452e3e58f5c5941b586c33825becc2593b853b51df86db9d820e25b	31653	evidence/receiving-python-v1/source/src/java.base/share/classes/jdk/internal/mindex/MIndexMappedStringBacking.java
880731315e4c50076a1c240dfecb8bc9aa5551b40cc4a83f0f68e837accad79f	2933	evidence/receiving-python-v1/source/src/java.base/share/classes/jdk/internal/mindex/MIndexStringBacking.java
48f0c0b3d2dfafae99ea663a28c2a16e54ee1f8379e05b0a9b27641b363cb440	25702	evidence/receiving-python-v1/source/src/java.base/share/classes/jdk/internal/vm/VMSupport.java
6371819aa8b2b4afe99fdeeb4e6aef62e59008fc1401e9c4a5b18edc5610e6d8	60968	evidence/receiving-python-v1/source/src/jdk.compiler/share/classes/com/sun/tools/javac/parser/DocCommentParser.java
7de5c1904db4f63ee9c7e6da7a9a132fc13cd9137275c9d08d3e9a0d3dc6fc64	50961	evidence/receiving-python-v1/source/src/jdk.compiler/share/classes/com/sun/tools/javac/parser/JavaTokenizer.java
395538c1e66f158c9857e0b5d1069325ce4c7e1e9963c35c75270895b0e7fc5e	213372	evidence/receiving-python-v1/source/src/jdk.compiler/share/classes/com/sun/tools/javac/parser/JavacParser.java
7fba9c5cb31babe8a2730c1ae4b16feda57c2e6582c0b5b552683d37542c364f	2766	evidence/receiving-python-v1/source/src/jdk.compiler/share/classes/com/sun/tools/javac/parser/Lexer.java
c702ee118d04e89d294f5d35371e90e152150095e2c4d8c8c2e1d4ac8f544b22	2221	evidence/receiving-python-v1/source/src/jdk.compiler/share/classes/com/sun/tools/javac/parser/Parser.java
4d6c9e0dc94f8df58765350768e26707c3b1a9f8c46711d44e8d8ece51529e91	4002	evidence/receiving-python-v1/source/src/jdk.compiler/share/classes/com/sun/tools/javac/parser/TextBlockSupport.java
f6b9530c913c950b36b397408bb88f2a9da481bb4a237717d69949f60bab96aa	21709	evidence/receiving-python-v1/source/src/jdk.compiler/share/classes/com/sun/tools/javac/parser/UnicodeReader.java
505f5eb754ca663a259ceac874e4431181c50a4522eb94065868e66ce0c2baef	120395	evidence/receiving-python-v1/source/src/jdk.compiler/share/classes/com/sun/tools/javac/tree/JCTree.java
fd55b309ee9e0d55ae8d1a42c81dfdfedea661b6137a08894a48ccad7b47fdb3	24198	evidence/receiving-python-v1/source/src/jdk.compiler/share/classes/com/sun/tools/javac/tree/TreeCopier.java
a387c245e0141f77ffe0191f5f2536d49d570b9f82f19c5a052b203732478cb5	41605	evidence/receiving-python-v1/source/src/jdk.compiler/share/classes/com/sun/tools/javac/tree/TreeMaker.java
96a53c39bfecdf6a91c61e2de321e8a72c829838e8d44653feb338189eee1a0e	10553	evidence/receiving-python-v1/source/src/jdk.compiler/share/classes/com/sun/tools/javac/tree/TreeScanner.java
2a53f9460e14285bbd02883e37d13c5aec012be51a0cd3acab7b0f99470efc63	15208	evidence/receiving-python-v1/source/src/jdk.compiler/share/classes/com/sun/tools/javac/tree/TreeTranslator.java
3233afd4e7fa8e94e7b45514c43eca1535ae2234a67d72747e4c867c2e84b08b	5690	evidence/receiving-python-v1/source/src/jdk.compiler/share/classes/com/sun/tools/javac/util/ArrayUtils.java
4a027339384d189d17cfa2f3ce38d58c28a480162ece5ba3fceebb87fc2141b5	4577	evidence/receiving-python-v1/source/src/jdk.compiler/share/classes/com/sun/tools/javac/util/Assert.java
444abcc40c042bea2ada3aae2a08f39cae302c1eabad9a7f4e8284d8ee8d607b	10979	evidence/receiving-python-v1/source/src/jdk.compiler/share/classes/com/sun/tools/javac/util/Bits.java
cf89bbb9d29c9a5be69d2a05831697ff75bd8db46bcc802dd6fb811f3271c29f	7307	evidence/receiving-python-v1/source/src/jdk.compiler/share/classes/com/sun/tools/javac/util/Context.java
49067583ccce880021d1cedd4a92f5d34a8f614f0fb71bf19ccec4447d32fb45	18211	evidence/receiving-python-v1/source/src/jdk.compiler/share/classes/com/sun/tools/javac/util/Convert.java
4f48e33fa7a4266a8b0a39045a8e8e1512acc1e07352a9371ecf235c3ec4f745	9047	evidence/receiving-python-v1/source/src/jdk.compiler/share/classes/com/sun/tools/javac/util/GraphUtils.java
d24b270ad0ded942640cc2b35b678f719e51cfe48152bf9977636370645084fe	6452	evidence/receiving-python-v1/source/src/jdk.compiler/share/classes/com/sun/tools/javac/util/IntHashTable.java
52fe3dbacb97367e64eabbc79cd6abe8887b3d689daebeda70e529fdcb655bc4	16097	evidence/receiving-python-v1/source/src/jdk.compiler/share/classes/com/sun/tools/javac/util/List.java
e402d2274e805fbc7c572baafc485670cedbfa0ba31bd787a6140fc23dcabda0	6902	evidence/receiving-python-v1/source/src/jdk.compiler/share/classes/com/sun/tools/javac/util/ListBuffer.java
44432294168b72d6c7ade7787430978aac7d8980bc5ed346cd149b8aa1f3eaa0	9964	evidence/receiving-python-v1/source/src/jdk.compiler/share/classes/com/sun/tools/javac/util/Name.java
00035af528a5084ce7a530a19feb429752b0d3845428337eb5210206632fa843	16500	evidence/receiving-python-v1/source/src/jdk.compiler/share/classes/com/sun/tools/javac/util/Names.java
d667d4339041e5da4ea7923ba707d8d275e0c67264704ac8dcac49f81db32b53	2282	evidence/receiving-python-v1/source/src/jdk.compiler/share/classes/com/sun/tools/javac/util/Pair.java
98e205dfaa726f581f888da60b28496acf3c8041514fe88b979c5fd4439405f8	2948	evidence/receiving-python-v1/source/src/jdk.compiler/share/classes/com/sun/tools/javac/util/StringUtils.java
374269a8f8913fd88954c89cb55efbf14cc93ac1ecda8c290092cddb4036ebe7	12700	evidence/receiving-python-v1/source/src/jdk.javadoc/share/classes/jdk/javadoc/internal/doclets/formats/html/DocFilesHandlerImpl.java
b25548a5a7564b6e6d5948dfa6d746a34e0d23ef30712d5868929cf7fef592ab	30125	evidence/receiving-python-v1/source/src/jdk.javadoc/share/classes/jdk/javadoc/internal/doclets/formats/html/resources/standard.properties
a2ccc9e2ac20464f8a1e90385271bef92a10a252279cd039ff29f4a4f1916e81	30681	evidence/receiving-python-v1/source/src/jdk.javadoc/share/classes/jdk/javadoc/internal/doclets/toolkit/BaseConfiguration.java
9eea5bfecb7a7fcd6181e78aa86a390da762356a8b75dac49d78a76141055aba	41366	evidence/receiving-python-v1/source/src/jdk.javadoc/share/classes/jdk/javadoc/internal/doclets/toolkit/BaseOptions.java
78a6b569484fc2e026e5b4e3c98d2822cc3d54f80bf8477ee19dc4f40dcff9d6	57262	evidence/receiving-python-v1/source/src/jdk.javadoc/share/man/javadoc.1
53d3f723c159589c72d53dd2c9c4540af527a6d8a8a130ada5c12fe39bf3e644	4793	evidence/receiving-python-v1/source/src/jdk.jcmd/share/conf/bash-completion/jcmd
07907e5f65c24f06c9f5bc0bf34e98a44085bf276068e0ecc4d8fc9b36c9e778	2230	evidence/receiving-python-v1/source/test/hotspot/jtreg/serviceability/dcmd/vm/SecurityPropertiesTest.java
d9266a7bb859c3a1a8c5d309df2c1ae95d4d7e9bcc5191193cd6c93717dd7f04	6152	evidence/receiving-python-v1/source/test/jdk/java/security/KeyStore/CreationInstant.java
4c7fc3b36ac32873e6f4f6e7aecc71b0e1bfe82a85b61a3114cf7e88a057b578	9136	evidence/receiving-python-v1/source/test/jdk/jdk/internal/mindex/descriptor/com/m3/descriptor/DescriptorTest.java
da0ee9d6a1874a402571a34e19d5d11521d51b2eda30ff33cf04056936cff568	11280	evidence/receiving-python-v1/source/test/langtools/jdk/javadoc/doclet/testCopyFiles/TestCopyFiles.java
6bb152f90631f3cefeff9c671307566cf73394ca176cc9d538e8ce09d58bb3c2	14099	evidence/receiving-python-v1/test-report.json
7273cc9439ca62bc2b63ba440449fbd5b484ae2830092b98289a021fe9151af2	3518	evidence/receiving-python-v1/work/.github/workflows/m3-a3-openrewrite-declarative.yml
b408f0b8d0e4d6e197230e3cb1469d14e0d52aecd33ac55c71f11d513d6e23ec	10881	evidence/receiving-python-v1/work/.github/workflows/m3-a3.yml
f6f569ef91e6b17be68a48801d1f97639d288d436c277a6401628bd82e210d3e	2413	evidence/receiving-python-v1/work/.github/workflows/m3-foundation.yml
22421943e3c62a53fe40d59b9f03bcd9fb0f14511d4714c8b857f3a7b36ee71d	4830	evidence/receiving-python-v1/work/.github/workflows/m3-jdk-proof.yml
252165fedc2e2962143cbd71d0ca68d553800ba7cf9c85df164edeb4713566a1	3051	evidence/receiving-python-v1/work/.github/workflows/m3-tooling-recipes.yml
dfb196cff22c5ad164df03e3c862d12b003d42b7c7ac2fd4e852ff20ade53c3c	3326	evidence/receiving-python-v1/work/SYNEXIA_CONVERGENCE_MODEL.md
84fc43d5a4c0a60c5752c9719c8049d310699d222749abc31579aabe35d8aa14	27	evidence/receiving-python-v1/work/m3/.gitignore
cfc7749b96f63bd31c3c42b5c471bf756814053e847c10f3eb003417bc523d30	11358	evidence/receiving-python-v1/work/m3/LICENSE
f4ed7d3143b74e07cadff1fa9207e65f2e41caa8ee1475bd5207677abc8ffaf7	681	evidence/receiving-python-v1/work/m3/NOTICE
a432b24240c217ae4e61ecabaa0c726f3c15d7a04a48dd0e383eb845db9256d1	6531	evidence/receiving-python-v1/work/m3/README.md
93dbde74109df4498be0351978f0b861db9fd0f3f9d4d833140308850366399a	5081	evidence/receiving-python-v1/work/m3/algorithms/src/com/m3/algorithm/M3PrefixZ.java
caf6ae362eca1a056a9024658a68d6e3eaf289ff2b952080fe519c86f4cc8448	7818	evidence/receiving-python-v1/work/m3/algorithms/test/PrefixZContractTest.java
9e72a70b33cbb9c8b9123893ff98054671c5694657b36bc4d965c14a047b19f7	3808	evidence/receiving-python-v1/work/m3/algorithms/test/ViewInteropContractTest.java
1aad547fe2f419cf2f265a8f1d7c492779c1bbc86ef685bfafd47516a98a276e	2752	evidence/receiving-python-v1/work/m3/backports/ALGORITHM_CATALOGUE.tsv
1f239275443257103db555dde934d4684f378f980ed96d52cdb01eea5033abfc	2598	evidence/receiving-python-v1/work/m3/backports/COMMUNITY_CAPABILITY_CANDIDATES.tsv
8f280c7b894008a2e4a14ea733f33ff186df46217aa58f7fb19f9f0fde0a2f5d	2618	evidence/receiving-python-v1/work/m3/backports/COMMUNITY_FORKS.tsv
7588f2fec999f5d85a3f4ead7c37cf8204a6b1b4e83ee4d081072306217882d9	2202	evidence/receiving-python-v1/work/m3/backports/COMMUNITY_FORK_CAPABILITIES.tsv
919c2d4aa8602dbea333736bf86a7113bd61b584e4d946d9da93e90803521e3f	6363	evidence/receiving-python-v1/work/m3/backports/COMMUNITY_FORK_INTAKE.md
161d92f9d7c46f40f9ab5651d14b52643d06fd7a3c8241f448a72e7b20e1788e	5074	evidence/receiving-python-v1/work/m3/backports/COMPATIBILITY_ADMISSION.md
8023fe4e557f092f59428a3bac70b9e5e167d136f603d19d7cbf19f45004d608	11308	evidence/receiving-python-v1/work/m3/backports/JEP_CATALOGUE.tsv
d31e7739e01b287e839f00fc4dcd524c9c8acfee04bd75807f065bfec788c899	5679	evidence/receiving-python-v1/work/m3/backports/POST21_PRIORITY_COMPATIBILITY.tsv
ccfeba57e234499492ddb632f0faf9e6af0cb0457d501fa9c3d9b95ae7f8e963	3458	evidence/receiving-python-v1/work/m3/backports/PROGRAM_STATUS_2026-10-03.md
111c274c92ecca5d31a1a13941565ec37f04c5bb8dfa346517dd9a3521980e7d	1536	evidence/receiving-python-v1/work/m3/backports/PROOF_HARNESS_REPAIR_20261005.md
63ca9bbfbeadbbb687a266b10903b3c2e480a0ce765c7b6fcf9ff414a4ce6f9a	17013	evidence/receiving-python-v1/work/m3/backports/README.md
8401859f3854cbf0e9c6afbfa7cfd5a53d11ddb252b66c8e2846d687b72e93c6	3133	evidence/receiving-python-v1/work/m3/backports/UPSTREAM_CHANGE_SEEDS.tsv
f0ddb287cb1344ccf74fda43c31530d2dc5abf4011b83369ce64e65de508f6a1	6310	evidence/receiving-python-v1/work/m3/backports/community_fork_capabilities.py
e36fe124944a4894949e5d430dff8a844cb1f86132ca139c313e4cffcca3759b	16649	evidence/receiving-python-v1/work/m3/backports/community_fork_inventory.py
d51301d3ea225e89b000a2256855ab7806a1faf20c5fa493eb5666de1e7880c2	4695	evidence/receiving-python-v1/work/m3/backports/compatibility_policy.py
f10f30b6e578d40261c6209b567e38bb186cd30c7160f2e32556d4aa0991568f	9526	evidence/receiving-python-v1/work/m3/backports/compatibility_queue.py
cd0bfb743196bb927581c05def4b4c09264690a1f0550a621c0bc4666a287ab7	7538	evidence/receiving-python-v1/work/m3/backports/file_delta_inventory.py
2f075d95ce7c2fdbb2742b92a1c1098864f06d073c56046dc02f02adc5687dec	14827	evidence/receiving-python-v1/work/m3/backports/generate_recipe_crates.py
577af90c00892c9b0646c61e48f2e5ac7600938d670d7f83ad73344952c835b3	9799	evidence/receiving-python-v1/work/m3/backports/inventory.py
ba4dbc17bbfc3eaa1759d0b162eac562ff762847722006860c2e9f8ce65df9e2	3148	evidence/receiving-python-v1/work/m3/backports/pom.xml
dab9f74b221bc2273639ac6cdf2e94ab09178f9f0b39bf759167a55f3891790c	4389	evidence/receiving-python-v1/work/m3/backports/program_status.py
eb034625167dbb18dadbc14e9fc0d332cc46be63f9e421a23bc7af6f2b8dc78c	2073	evidence/receiving-python-v1/work/m3/backports/recipes/jdk-8347112/README.md
a4559953d3e67acab1ce2c61a8c48e9b02b7a723f707eea91bacdf3343c67f29	2454	evidence/receiving-python-v1/work/m3/backports/recipes/jdk-8347112/adaptation.tsv
f6abc312d4377e2c2f6b3cdb017729fbce0683db108c43e0c665875af962497e	339	evidence/receiving-python-v1/work/m3/backports/recipes/jdk-8357439/manifest.tsv
5d7abd6186c0199a5a08031fd570057ee2ee4c6af912b5743b3cba9bdaa0c1ab	2100	evidence/receiving-python-v1/work/m3/backports/recipes/jdk-8364182/README.md
3b8bcddcde179ed7d21c44af324621a25ed07f9e7406ca471b0c3b5663835e68	2933	evidence/receiving-python-v1/work/m3/backports/recipes/jdk-8364182/adaptation.tsv
8eb86d1975f8856c5c0c93350a98e5ee679511906f82d9bd26ae85a8848bb10b	2827	evidence/receiving-python-v1/work/m3/backports/recipes/jdk-8367584/README.md
bbd5a5ab037bd9f8efb866daf76ee5bd17f032edfc980214a9825660ca084f0f	1409	evidence/receiving-python-v1/work/m3/backports/recipes/jdk-8367584/adaptation.tsv
75d5d49c31af7759a50fa83c58bc0ca609c04902fc21e8c25f01eaf5d7029c6b	679	evidence/receiving-python-v1/work/m3/backports/recipes/jdk-8367584/packet.tsv
7199e7e9a114c4b0b877f54bb72790af18b605c6d8aae6548ea6afa813047a08	2545	evidence/receiving-python-v1/work/m3/backports/recipes/jdk-8367584/verify_recovery.py
f5cfcb64974e7ba53e5ddcbe07499c496dddc43c3841dbf92fae7331cc90204c	2309	evidence/receiving-python-v1/work/m3/backports/recipes/jdk-8368692/README.md
425a8aa1a1b788b7e8992d529b6f092bdf3e5bcec561a9457bf5072ee343869b	1184	evidence/receiving-python-v1/work/m3/backports/recipes/jdk-8368692/adaptation.tsv
91cab111949fa18ac811882b428f809dd965ec20f487fef8bd4852e33bd6967b	2342	evidence/receiving-python-v1/work/m3/backports/recipes/jdk-8368692/verify_recovery.py
e4a84fcf71e582c286999f54bc8336e5343a87612f43484d3053d6859880811d	2787	evidence/receiving-python-v1/work/m3/backports/recipes/jdk-8374808/README.md
667a1efb9cb490aa24bfaca5a88b49720c8a664c2a7153df09296e7c2977129b	1469	evidence/receiving-python-v1/work/m3/backports/recipes/jdk-8374808/adaptation.tsv
ed6dce39fa3e14c78647b5430bee44d7f2a1c3a4796bce2c4d9e81496444d167	1121	evidence/receiving-python-v1/work/m3/backports/recipes/jep-458-current/COMPATIBILITY_SPLIT.tsv
7f0346ac5edcaca734647aeba6fa4979601a26ac75fd368c2ea134a5724e504b	592	evidence/receiving-python-v1/work/m3/backports/recipes/jep-458-current/CURRENT_TREE_RECEIPT.tsv
08be6d6f52862553d31fccd18388eba720bd67887027792ee47b2c8c1c0348dd	2904	evidence/receiving-python-v1/work/m3/backports/recipes/jep-458-current/README.md
e0a6f326c99007c5cc9b00e822f619375380c4bf095d0e70f07ebae7f8e52cf1	4207	evidence/receiving-python-v1/work/m3/backports/recipes/jep-458-current/UPSTREAM_FILES.tsv
5de8e78eb4925612a584be9cefd2ba13e8ea7abb868a257ac9b5e513b314c0e9	716	evidence/receiving-python-v1/work/m3/backports/recipes/jep-458-current/atom-evidence.tsv
2463eb78e60ebb67e298dc218771c9169ec9040e6da540ce3fbb33a86d4dc833	470	evidence/receiving-python-v1/work/m3/backports/recipes/jep-458-current/packet.tsv
3a2b3bda7a248b54c21ae1adfae612629f6bdeb71d1509d102a426ba0a60e973	903	evidence/receiving-python-v1/work/m3/backports/recipes/jep-467-markdown/COMPOSITION_PLAN.tsv
c09c84fff5c7838a328c4b79e331a1d06f21bc609cad6cf68240f71efdd54ecb	474	evidence/receiving-python-v1/work/m3/backports/recipes/jep-467-markdown/CURRENT_TREE_RECEIPT.tsv
99dc6927d9ace1d7cdd8972a2f529f5f7b4fb303f7110300efd87e7378b34023	1106	evidence/receiving-python-v1/work/m3/backports/recipes/jep-467-markdown/DEPENDENCY_AUDIT.tsv
30737453459b4d4240906b65fc33426faa0d543e79e518eccb4f595a1fc1d87f	1309	evidence/receiving-python-v1/work/m3/backports/recipes/jep-467-markdown/PACKET_PLAN.tsv
8fb3e050eba335b609170716bba1effe8e118b33e91e2e0bcd85bb4417213838	21185	evidence/receiving-python-v1/work/m3/backports/recipes/jep-467-markdown/PATHS.txt
79265b23be07c1390424bb64086fda76ed9d069ac6eac61e8f5e72974a311075	2516	evidence/receiving-python-v1/work/m3/backports/recipes/jep-467-markdown/README.md
a7f19c0203a4e97a4a0d72a2fa7688ccfffac4e03c14040c12823e8ad71a6c35	227	evidence/receiving-python-v1/work/m3/backports/recipes/jep-467-markdown/UPSTREAM_COMMIT.tsv
29122a82d635a1097e644d6376f3f311fd4fe72b591141cb08d29d6bfe15e12d	81721	evidence/receiving-python-v1/work/m3/backports/recipes/jep-467-markdown/atom-evidence.tsv
70de361f4b89c90e105db184c1902a96cf32286ec8491c8c6ea1f7bd32773a8c	78899	evidence/receiving-python-v1/work/m3/backports/recipes/jep-467-markdown/packet.tsv
12966f05717f290f6c55d370ebd8d84e93162c5126eabd272e7802e28d1dd9ab	682	evidence/receiving-python-v1/work/m3/backports/recipes/jep-493-runtime-image/COMPOSITION_PLAN.tsv
b9fc45e369617004aa6bd329b5b32b00de3cda342dc8046756b7cce1a560710a	515	evidence/receiving-python-v1/work/m3/backports/recipes/jep-493-runtime-image/CURRENT_TREE_RECEIPT.tsv
aca3e61a92264818526e194f61323ea14da3bfc9fbadcdd77c7770b4663a0ad7	1126	evidence/receiving-python-v1/work/m3/backports/recipes/jep-493-runtime-image/DEPENDENCY_AUDIT.tsv
bd7cd9c1e18ebffaaffec57e9445879f290a1a63fa853457efa407376c095694	979	evidence/receiving-python-v1/work/m3/backports/recipes/jep-493-runtime-image/PACKET_PLAN.tsv
89c4c4065f61b77160bb8c9e6b328d004de1989359636e1497c1d36b8cfb9cf7	2727	evidence/receiving-python-v1/work/m3/backports/recipes/jep-493-runtime-image/PATHS.txt
9ae80ad2e94552d552ab8eb125ea9b0d435e749f5ef6e0f140130a76cf6a4fe9	2472	evidence/receiving-python-v1/work/m3/backports/recipes/jep-493-runtime-image/README.md
766aaa56b0ad9afdcce94a72dc9bdc12b62e4bfa71bccdd1a79e761132e49191	155	evidence/receiving-python-v1/work/m3/backports/recipes/jep-493-runtime-image/UPSTREAM_COMMIT.tsv
76028811ae1982c342b5b650b6144f2bcb2c394af15467fa90d12bf0e1964a69	14156	evidence/receiving-python-v1/work/m3/backports/recipes/jep-493-runtime-image/atom-evidence.tsv
f6b9659e66ed49e6f17df1ef5d3fc0507874b2594149866b892b5cb0c23c8487	11910	evidence/receiving-python-v1/work/m3/backports/recipes/jep-493-runtime-image/packet.tsv
578c704e5fb76c81eb59326fdd962c902147bbe688c575a510d3924a4607243d	1207	evidence/receiving-python-v1/work/m3/backports/target/program-status.json
76b09de95cf5a5bb87fac865d7e8284247c9df39b428c2950d7d6da5ea5e1792	416	evidence/receiving-python-v1/work/m3/backports/target/program-status.tsv
c39eb810300096449ea93975500190ad0ca678a6dde75e885aff415209084f20	4163	evidence/receiving-python-v1/work/m3/backports/test_community_fork_capabilities.py
5cd3f0d5cd62c56abe1d315faf3df145ee1a195ab0681204eae7b6f6e89d24c9	9041	evidence/receiving-python-v1/work/m3/backports/test_community_fork_inventory.py
dbd50a08d902a4009c66e22b8e6f499a66bbe4316c2d96d1e47c60194b572937	7177	evidence/receiving-python-v1/work/m3/backports/test_compatibility_policy.py
4eb37e4d1dd90c61ef54707ddd80ac1f91a243553105fb4a15de6a0f3b66818e	8123	evidence/receiving-python-v1/work/m3/backports/test_compatibility_queue.py
d569ab13aa971a68415d931c24a95be51f8cf29cc72120f73001b4c8a7b631c9	7152	evidence/receiving-python-v1/work/m3/backports/test_file_delta_inventory.py
ab6433b0a1d50c358d65d0aad9ed2b7bbc7b8be1ca10b0302e53fefac0d7a5d8	17732	evidence/receiving-python-v1/work/m3/backports/test_generate_recipe_crates.py
92208a06a9881d5fe88b8714e47edec67678475a99bd1692e5d6c2112f4694e2	3381	evidence/receiving-python-v1/work/m3/backports/test_inventory.py
f104e5adc82d8a50a1a129338dd1aec7f34c8fccb96afbb52c5a2cc435fae598	2281	evidence/receiving-python-v1/work/m3/backports/test_program_status.py
4fb278d52f3cd4d07db73a9a21fb1b7ad739b57ab66858b26906b283ae66930c	16231	evidence/receiving-python-v1/work/m3/backports/verify.py
f46a09e0039dd2fcf6b1cbf4a16d31d6d77a42cde926c4c5273b04b4b3eac236	970	evidence/receiving-python-v1/work/m3/build-openjdk.sh
9a59939aac3cc78d8efc77c26041184563b233aefa1e5bfcd6c710363f316dd3	1630	evidence/receiving-python-v1/work/m3/build.sh
1141064ed2630abfb4a4b52385d7e6c5676a9a51c3c01a4884a7cdaf05609a74	21	evidence/receiving-python-v1/work/m3/collections/.gitignore
cfc7749b96f63bd31c3c42b5c471bf756814053e847c10f3eb003417bc523d30	11358	evidence/receiving-python-v1/work/m3/collections/LICENSE
81138f9994f4afa899c22904debf7cf8277803cf21b53536108ac7e254b0a5bb	423	evidence/receiving-python-v1/work/m3/collections/NOTICE
2ccc1183f498d89005922b7e9ec233f3fe878390e6c66c33e66df04c824528a9	5555	evidence/receiving-python-v1/work/m3/collections/README.md
5d12daa4a00820d5e1af070fea1ffe3dd8ff2a1d513560900391e3739dc08b0d	2266	evidence/receiving-python-v1/work/m3/collections/evidence/02-recipe-repaired.log
c8d156fdf6897f8d2b8dc1516bfd1f0b48a36871cebb3c8896c7378402c8f20f	2111	evidence/receiving-python-v1/work/m3/collections/evidence/STATUS.md
327730aa363fa9912d451407d17dd9a4e1dc87623f74a4efc094c0607cb4174c	95	evidence/receiving-python-v1/work/m3/collections/evidence/artifact-contents.log
24765fdf54d25d31d6657f68b89361b15944421aef6d9e5fb30405f126871322	4418	evidence/receiving-python-v1/work/m3/collections/evidence/compile.log
b1882e9ead3648e72f85f35a5cb76cb7a518298d1b7b3e456699bf340aa25608	88	evidence/receiving-python-v1/work/m3/collections/evidence/final/02-static.log
8dbe7d19e76440e383c9849c9bbce5a0fa17d3e22fcc9c1f88619708086f4e4d	1881	evidence/receiving-python-v1/work/m3/collections/evidence/final/03-recipe-compile.log
c47fec1deb1e547a839abdca0a71068206aed84e025ceee3a6faa61d23a4bf98	2324	evidence/receiving-python-v1/work/m3/collections/evidence/final/04-recipe-tests.log
5c36d262940c1bffa2deb72ea3af7d71728d231330447c340c62220f2bd0bbcb	3016	evidence/receiving-python-v1/work/m3/collections/evidence/final/05-java-compile.log
432331f1ef675c7c83e43a344bef17ecf19ed12835a05e2611c3d9737a39baf2	1210	evidence/receiving-python-v1/work/m3/collections/evidence/final/06-test-compile.log
f814ea4fafbf553f542d0c249c8d60038997342d46263e3df3a6f2bb8a7cae91	580	evidence/receiving-python-v1/work/m3/collections/evidence/final/07-module-package.log
21e4923931c4c9c4a8f218b748697ea1fe607f15a6b94ae0b1771fa31783c555	438	evidence/receiving-python-v1/work/m3/collections/evidence/final/08-module-descriptor.log
1cee1bf5ec6c732e294801ac2d240e043f146d64ad9f1443d49c68d8b9f9033c	2626	evidence/receiving-python-v1/work/m3/collections/evidence/final/09-contract-tests.log
dc92bbf1f4542947d4f37b991a3a45612caf5456219af7cf0af0a1df5d1e72a3	477	evidence/receiving-python-v1/work/m3/collections/evidence/final/10-native-static.log
d85183da4118ba2d82b9eda774e120e829d52a568dc15093c6860af6a8751538	590	evidence/receiving-python-v1/work/m3/collections/evidence/final/11-native-compile.log
01dcc88961957f820af9634253fa179327fe6adbac3c33c345889412f1ba6c61	518	evidence/receiving-python-v1/work/m3/collections/evidence/final/12-jni-parity.log
342df54828c38ef05ac96f0ac06f582f962e5720b6b8f1d2badc85a0df5ba7c2	544	evidence/receiving-python-v1/work/m3/collections/evidence/final/13-prepared-allocation.log
84700b694345f90c3f07c87d331c4a61e3b748e8b4414a8d7310f5611425ea35	2807	evidence/receiving-python-v1/work/m3/collections/evidence/maven-library.log
d1393ac8dc4b4a45b58f1847e7959c170e4ffaf7893f3efb38c8d3864e84695e	2540	evidence/receiving-python-v1/work/m3/collections/evidence/recipe.log
8454798f26ef95c16193a3d22d70f5a4810bbf890736f004b5fe11550a0562f2	2059	evidence/receiving-python-v1/work/m3/collections/pom.xml
98b270cbd821874e35df371fe239877619f83910005651239148e98f3711ecba	13396	evidence/receiving-python-v1/work/m3/collections/provenance.json
09a89132bcfe908ba0cefafed53c0df7857234795b8edc1bdefb3535061415df	2641	evidence/receiving-python-v1/work/m3/collections/recipe/pom.xml
d171066f8916d0db6145b50b1979ec879e7b5423f4e4f7a5c327f99320817c84	5273	evidence/receiving-python-v1/work/m3/collections/recipe/src/test/java/com/synexia/rewrite/SegmentedLaneRecipeTest.java
5fa8a82e3655a675aa0d1e21ba456a7dae272776c605eeba4af22a9dbc7eaa56	2595	evidence/receiving-python-v1/work/m3/collections/src/main/java/com/m3/collections/M3Address28.java
1964daa513d98b295ad13ad820519a56af6f29916063860c4c8ec8bf7d3baaa2	7589	evidence/receiving-python-v1/work/m3/collections/src/main/java/com/m3/collections/M3BitLane28.java
529fd9055caa62cc1b4d3d008fef2765572836cc297565d11b1aea1a279a7179	1559	evidence/receiving-python-v1/work/m3/collections/src/main/java/com/m3/collections/M3Collections.java
bb1486f22518957d1fa1f951ef78b312364de5a736aff17ae5a543fe1765a4c5	6285	evidence/receiving-python-v1/work/m3/collections/src/main/java/com/m3/collections/M3ConcurrentBitSet.java
baaa8de6567da94efba77b1363b5629755e5394a6fe951976dc552622ddd0573	7533	evidence/receiving-python-v1/work/m3/collections/src/main/java/com/m3/collections/M3ConcurrentIntLane28.java
727666e9ad92ab6ab1a41e625307baa70ef08c1397954c2aa362282a137c46ea	7583	evidence/receiving-python-v1/work/m3/collections/src/main/java/com/m3/collections/M3ConcurrentLongLane28.java
00b8882f22b664552ae9dae4c37ab243b7fc1fb8159b80b5b74e180b4dfd7698	6637	evidence/receiving-python-v1/work/m3/collections/src/main/java/com/m3/collections/M3ConcurrentLongMap.java
7a7e71695a1106f6cefc43e2ba0883eec78abf44f4bf72ead6d094991d6366d6	3876	evidence/receiving-python-v1/work/m3/collections/src/main/java/com/m3/collections/M3ConcurrentLongSet.java
771b1450d137874e7c3e08d4e9bee405a6cf88aa6695a9fd4c3616be4ae34d18	6912	evidence/receiving-python-v1/work/m3/collections/src/main/java/com/m3/collections/M3IntLane28.java
f797998ca57b353f7c44ae48f3d65eeaddec6182066cec0f56c8526d71355e60	2316	evidence/receiving-python-v1/work/m3/collections/src/main/java/com/m3/collections/M3LongArena28.java
ea0c1aa0957f7bafd5cf2892cbe483c98d5772192f81cc3c467d53ab5c1c7531	2310	evidence/receiving-python-v1/work/m3/collections/src/main/java/com/m3/collections/M3LongCollection.java
9d10e476f5d1664a1028fe52406ab05421758961c6d3d5cf163241e058a3f201	554	evidence/receiving-python-v1/work/m3/collections/src/main/java/com/m3/collections/M3LongIterator.java
5e35c6c646389c582585b684a4e6224bb968cf2f7b669598eb88920ab1538960	7204	evidence/receiving-python-v1/work/m3/collections/src/main/java/com/m3/collections/M3LongLane28.java
e12261ea8149c9b6cedcfb08915699ec344a57eaed15f68060a9927717eb44a1	4470	evidence/receiving-python-v1/work/m3/collections/src/main/java/com/m3/collections/M3LongLaneStore28.java
2db7c6ba3342a58fdce49c3e988ded51ece2de336575d225edb6cca75cd483c2	5940	evidence/receiving-python-v1/work/m3/collections/src/main/java/com/m3/collections/M3LongLinkedList28.java
a9be525afc8c71fa191625dc69c60f76273299832744392435a5739006c8d15c	326	evidence/receiving-python-v1/work/m3/collections/src/main/java/com/m3/collections/M3LongLongConsumer.java
9a7487453e0bd2369b56e7e17dedb79e2eba8919944772ec0407c95833458ae7	4760	evidence/receiving-python-v1/work/m3/collections/src/main/java/com/m3/collections/M3SlotAllocator28.java
e531b318ea4cbc6ca09bb3e52cb1a70ee4539ccf78d8b61b0f73bcf3027db557	165	evidence/receiving-python-v1/work/m3/collections/src/main/java/module-info.java
4ff7fb4557c58cc59de7fbb24498f3df2a197083a5cd467670dc24b9441f1210	3458	evidence/receiving-python-v1/work/m3/collections/src/main/native/collections/segmented_bit_lane.c
4a72dcca1648cbd3cf9f2d9bbec526de13fb50464d6b2ed19b101182541f7e5a	7340	evidence/receiving-python-v1/work/m3/collections/src/test/java/com/m3/collections/M3ConcurrentLaneContractTest.java
f2ea51cf92b35489ca0bc3c6555850ff9ceee45a1459eb0af06f19feaff810ce	7117	evidence/receiving-python-v1/work/m3/collections/src/test/java/com/m3/collections/SegmentedLaneBulkContractTest.java
b202adb68518e47c49ceddc4f21e52c7bb48c387b3f1ee08baceaf8a930eb44c	6641	evidence/receiving-python-v1/work/m3/collections/src/test/java/com/m3/collections/SegmentedPrimitiveStorageTest.java
11bb2728a65f58d91ca9dc1e5da9ebb015297b5c6cacd88f25dd3db2938ec290	2241	evidence/receiving-python-v1/work/m3/collections/verification/PreparedLaneAllocationProbe.java
1bfff970dfcad8bb19c9e9ab6885aafef657e0f52a2ab7fbea970963694ed065	1804	evidence/receiving-python-v1/work/m3/collections/verification/SegmentedLaneNativeProbe.java
f67a54ef68ec6b4140031a173d3d0b328303f6d0ab4957644dd363d3cedd7c4a	10230	evidence/receiving-python-v1/work/m3/collections/verify.py
6c96a7b72da88a7fb43a05dbb9ab99a6ca8861468731d885a3f7177b1b1b6589	1340	evidence/receiving-python-v1/work/m3/compatibility/SynexiaContractTest.java
049b2315457668cc754dcbf505d4f0019d43c3a5a5146ad1ccfc336b5b59c92f	1895	evidence/receiving-python-v1/work/m3/compatibility/check-synexia.py
694ee6a9fa06803244fd56d7a846da16f1560d242a0660ae2f4a927c43fc3dcb	2634	evidence/receiving-python-v1/work/m3/core/src/com/m3/text/JoinedM3StringPiece.java
8f86470619da33cf79ce3f8c6b99e7b6a4815f1c0053c7a07985a6ea4010563a	1093	evidence/receiving-python-v1/work/m3/core/src/com/m3/text/LexiconTool.java
99e6adce8be83bf6ebbe2128409e4f34cff88e0d06602c95e21f64a27898b73d	1975	evidence/receiving-python-v1/work/m3/core/src/com/m3/text/LocalM3Arena.java
06370c193953ead287f6fd6c423e12bd7761da8bf1c825dacd7445afe1876b51	2115	evidence/receiving-python-v1/work/m3/core/src/com/m3/text/LocalM3StringPiece.java
d43e66b414d96ba4b16b8cc94f64fa5a01c2dcb350ad58050105b04996486479	767	evidence/receiving-python-v1/work/m3/core/src/com/m3/text/M3StringPiece.java
d0c1f57d9d7d2808309a1531b00f006fe28cf1e0cbe0b4804b69676590acf9df	7089	evidence/receiving-python-v1/work/m3/core/src/com/m3/text/SharedLexiconImage.java
b1e4fcbd385adc7c01c56d0f6a6af63d42ef0e6fa75b46d66d8d75c64c7a6417	494	evidence/receiving-python-v1/work/m3/core/src/com/m3/text/StorageIdentity.java
2b6c29db60f536419e3755cdf1a83d21388a2e2bd602838d8cebe516f940964c	227	evidence/receiving-python-v1/work/m3/core/src/module-info.java
07bb7e0af2c713ab30aa9c2b429032ab2857465316f2ae9a8b7d3656a7cdfbf5	6242	evidence/receiving-python-v1/work/m3/core/test/FoundationTest.java
ca787f4f208199b8516be71da485df9676ef8b23f7b1972fe9b7d8a9b974e424	4302	evidence/receiving-python-v1/work/m3/docs/a3-alg.md
d9d39747f40bb5eff6ba8639e1e5d0554f0223cc94c09443fe1b2054aac9c3d6	5171	evidence/receiving-python-v1/work/m3/docs/a3-lab.md
01a428a662ffbdbd22dcd39d1fea7b69084ce34cada0bb5582b8c3686615750d	3974	evidence/receiving-python-v1/work/m3/docs/a3-mastery.md
0696920895992399dd8272b100a07a38f0474437d9121e1e0d1e0445fef7c942	3766	evidence/receiving-python-v1/work/m3/docs/a3-native-jni.md
06fbadacd16730fceec5ad7eda3cbb10bd9456f2cb55c7b66ffa29cfe2c35fe9	4863	evidence/receiving-python-v1/work/m3/docs/a3-serial-file-work.md
9c5177ee233ee5335131c9106b7a6faa0041b1cd09e9385e36909d8c6365cf87	8267	evidence/receiving-python-v1/work/m3/docs/a3.md
8742c19ea1d7fe1f5a8029c917ba79a3f02aa1adfc31456e16b63f1eb3eb9134	7878	evidence/receiving-python-v1/work/m3/docs/atom-pattern-admission-and-tooling-boundary.md
ba1ce8a7d2ddb934509b384bf6a00fdb5c3d8e2e0e3ad639a489b9606903c909	17131	evidence/receiving-python-v1/work/m3/docs/collections-replacement-spec.md
690cfd91e543659960d360792c93b5273822b0bcc18197ef5cd09b8dcea74a01	12122	evidence/receiving-python-v1/work/m3/docs/community-capability-admission.md
8a9df82b06f61ec680d47bbf512201f8120e661831b4d92b067aa58e7c84451c	8827	evidence/receiving-python-v1/work/m3/docs/counterpart-naming.md
d6fb682156dfcf7da23aeb0f7f8c40c54089196bf0bab4575807ee6386c71fd6	2241	evidence/receiving-python-v1/work/m3/docs/java21-multipass-openrewrite-convergence.md
ccc71389f5d7006852f1b79c99e1283af357a2f63d514a52f5280e92fda6277e	8838	evidence/receiving-python-v1/work/m3/docs/jcc-source-handoff-plan.md
fff2e02f72c07f89c6f8bcabab3839878ff8628f0b31b04bb3632eb62be10337	17031	evidence/receiving-python-v1/work/m3/docs/jcc-source-handoff.md
52142f1c02f6e22eb0904c685f3087c0accbc84f964b2f100255a73d74166664	16768	evidence/receiving-python-v1/work/m3/docs/jdk-subsystem-migration-matrix.md
bb8f87c04581da4f65e712da5775194192a5feca313c61cd9e2426523f90659a	1052	evidence/receiving-python-v1/work/m3/docs/jdk21-verbatim-baseline.md
bcff4800329317efa1ff7eb881347247272dc44f1da13bc54d883cb77712b3b8	12058	evidence/receiving-python-v1/work/m3/docs/migration-acceptance-matrix.md
773f1939ba24e80cf7d67f85ed570de695c4e4e2f9f0547ce28c7b942c268e2c	14365	evidence/receiving-python-v1/work/m3/docs/migration-mapping-lifecycle.md
d6ea60c83251fd59ffd054238b9b214151f19c3913ba4fd36e2eea78a2c0f56c	1815	evidence/receiving-python-v1/work/m3/docs/migration-mapping.example.json
e7204587148f6c829aa56b2aa3eb523699b05dfdcfd162f1effdfb074653bb63	7605	evidence/receiving-python-v1/work/m3/docs/migration-mapping.schema.json
04562ea1bd9c9e30da5dd08b1191772e6594d2391a51c1639ab8447bab222bca	332283	evidence/receiving-python-v1/work/m3/docs/migration-source-census.tsv
4490d9ed5edbc5d74ce51e607958a1dda7f642b34471025d558d8f3801ea2b9a	22034	evidence/receiving-python-v1/work/m3/docs/migration-worked-port-decisions.md
2e3bbe5dd6d3da9eea39e5ebf6a6388bf5415b82ba31fdbcbd69a7839c036b03	16667	evidence/receiving-python-v1/work/m3/docs/migration-worked-text-trace.md
b71ebf71eabf01bf2c65dc76f1ee9e2e486c50094a03df8b01252b0404a3e1e5	3803	evidence/receiving-python-v1/work/m3/docs/mindex-jni-string-ingress.md
86f547034d22748c45b9ded08328634a92ae2c600a7da89216bd344224f64f4d	28403	evidence/receiving-python-v1/work/m3/docs/mindex-migration-handoff.md
d3c0462ccf17841b8e252026f8927d47db05d677d5afe13810d7c5eac25cf609	3584	evidence/receiving-python-v1/work/m3/docs/mindex-string-char-materialization-donors.md
245fcd73135ef418a30ee350049719574f86222e08c63219d883119b3dc8321f	363157	evidence/receiving-python-v1/work/m3/docs/name-mapping.json
c29f34e5b5d858b60cddd43b2e7f273d9c01ad553cb0e3a5dcc568698646f70b	16827	evidence/receiving-python-v1/work/m3/docs/name-mapping.schema.json
b4a9c96e12f1ab1a5204ca67a6a8f1a579db84e86fea329f05f4fb9325fe6523	2146	evidence/receiving-python-v1/work/m3/docs/native-build.md
095edf308bddbb745da527f77e51e136b2b32ad5971a0696e85f8e94dd32dc5f	3941	evidence/receiving-python-v1/work/m3/docs/recipe-atom-evidence-and-dag.md
92d4cd09719860e79222eff2ba2335e022f77bd4a3c7d325236ccc811fa66861	5477	evidence/receiving-python-v1/work/m3/docs/runtime-restoration-20261002.md
823a000fb8189383d45ecdfacdf9d39bb92a416b9b9bacfeefd03a8f3312564d	17373	evidence/receiving-python-v1/work/m3/docs/shared-atom-concatenation.md
da59f88e8848640f95a59a48728252d185f5b361a2026b06f6251538a2be26a1	4845	evidence/receiving-python-v1/work/m3/docs/stages.md
146b5c6b7b22ee2eaeb6201974ac01cf1d2ec58e57a6e71b4aec4c1ecc19568b	23149	evidence/receiving-python-v1/work/m3/docs/string-text-replacement-spec.md
fe7df1477c461ddfcedccd3ff2ca078d44dab5b7c5b46412a5873de611cb13c3	11773	evidence/receiving-python-v1/work/m3/docs/synexia-intake-20261005.md
ee6c34692a22b17ec323dc286f70e9290a80f746d5cf509af7ed40a4529763a7	3665	evidence/receiving-python-v1/work/m3/docs/synexia-reconciliation.md
3652019dae147dc8284bd859a23af72d15d754c36d07149ba979559217394946	27491	evidence/receiving-python-v1/work/m3/docs/whole-jdk-architecture.md
c109757a267bdecea6b853e40a9656ba527859b03e162ab96389c8f201c88d2c	29502	evidence/receiving-python-v1/work/m3/docs/whole-jdk-collections.md
a9631f4916a283d0d6745a610f814f79bde6b7d753241303530b49f2b3f9d387	32590	evidence/receiving-python-v1/work/m3/docs/whole-jdk-execution.md
87bd589acaf6ed6e419ae588d2b64c8b8d328735a08445e0772908270f7eafc0	21256	evidence/receiving-python-v1/work/m3/docs/whole-jdk-inventory.md
4f78a6e05610a2c9d74d9685e85a77beff36d55f4e61ffab319e00c5b1847010	18270	evidence/receiving-python-v1/work/m3/docs/whole-jdk-m3-architecture.md
9aff5a02c3641ce852b71ced5f90bcf027ebf373274b26d1eb311e8e8a2f2904	15520	evidence/receiving-python-v1/work/m3/docs/whole-jdk-text-operations.md
2a70a60eca5b602a835b4d6c36f037e6d6706d2b0537cb4c5f322b0ab3feea24	22745	evidence/receiving-python-v1/work/m3/docs/whole-jdk-work-packets-and-resume.md
04fb80838525854f7e4b5d886d3003399bc8421bae438daa332b9e8a9c66b7ea	1091	evidence/receiving-python-v1/work/m3/evidence/build-result.json
359c73e35a635cac9a8e31acfcb861ab4bc0387a6dbd36630736b9da6806b6e7	1388	evidence/receiving-python-v1/work/m3/evidence/community-capabilities-20261003/FINAL_REPORT.md
7f1d119c4cdaeb6750315296f585ac898b958df9c8e8653578b270cc5f0931ce	694	evidence/receiving-python-v1/work/m3/evidence/community-capabilities-20261003/OUTPUT_CONTRACT.tsv
f73ed76c8b1375a6610827db41e13c4c91391ddee70dcc3c28c5988e775577a8	980	evidence/receiving-python-v1/work/m3/evidence/community-capabilities-20261003/PROVENANCE.tsv
d8b44fe96edcb7bc95be225f0942fc8ba4ff04616ef9df60f33397cb9a135169	375	evidence/receiving-python-v1/work/m3/evidence/community-capabilities-20261003/RUN_CONTEXT.tsv
675adabb01afcbbad6156d44de73232262cfa0b0968f79540c4bdb04769536fe	585	evidence/receiving-python-v1/work/m3/evidence/community-capabilities-20261003/STATUS.tsv
0020d46a935cf0eb6dd6229c9767a6449b3126c64377759eef1280a2e55e4cee	644	evidence/receiving-python-v1/work/m3/evidence/community-capabilities-20261003/VERIFY_CONTRACT.tsv
7f19db4b572e7e9169e53d491065c7bff463dd7d525b1281164e0561270b4ee4	978	evidence/receiving-python-v1/work/m3/evidence/community-module-packs-20261003/ACTION_QUEUE.tsv
8c3addb7150a4428bc6c1f516c3ab087a6e63b6fe34f7e8a77fdd84802e57a77	407	evidence/receiving-python-v1/work/m3/evidence/community-module-packs-20261003/ARTIFACT_SHA256.tsv
719f98f8865d0e7c543d45040254a3ff41bddfde68a895691b064cc4460e7411	377	evidence/receiving-python-v1/work/m3/evidence/community-module-packs-20261003/CLUSTERS_EXACT.tsv
cde12fc37c8cf3ef19b9558c231ea673832f2360ffd23ae001f92ff9877f2c2f	374	evidence/receiving-python-v1/work/m3/evidence/community-module-packs-20261003/CLUSTERS_NORMALIZED.tsv
d8210761646a367aaca7564977a17d7d0b1a4a31c3e47008e245c2494016f26b	3611	evidence/receiving-python-v1/work/m3/evidence/community-module-packs-20261003/FINAL_REPORT.md
6395bb0ed94ad59705dbb7c6c6d75b414c6250f77ef639ea9edb5cc0466f6b17	353	evidence/receiving-python-v1/work/m3/evidence/community-module-packs-20261003/IMAGE_RECEIPT.json
c353cf1961ab7b870809276d704dcd22402506c08cd3b0e7a638fa01a25e0cf9	9065	evidence/receiving-python-v1/work/m3/evidence/community-module-packs-20261003/IMAGE_SHA256.tsv
400bc932c04a9f1d94a61f61ae5a912e10f7851299d72b2793e644b6af535bc1	7344	evidence/receiving-python-v1/work/m3/evidence/community-module-packs-20261003/INVENTORY.tsv
aafe9b90f727821be100832681e0f96259d2ebd9ce84eb3b7ea826a71cd09356	1209	evidence/receiving-python-v1/work/m3/evidence/community-module-packs-20261003/JDK_RELEASE.txt
56533dc0911741e948463c480e38cf451d8b6a7916f7848d340fc62d7563508a	1070	evidence/receiving-python-v1/work/m3/evidence/community-module-packs-20261003/KERNEL_RECEIPT.json
1df35daf9bc338ccc8a5400f73cc9ecc57580fbdb50481696b49d834163778cf	5718	evidence/receiving-python-v1/work/m3/evidence/community-module-packs-20261003/MODULES.tsv
41a8c0dad6e78f1a705c39842fd4eec49e419f5b7d9f707d7aed3694e9f2a4b5	1108	evidence/receiving-python-v1/work/m3/evidence/community-module-packs-20261003/OUTPUT_CONTRACT.tsv
28fd18e6b66e39c2446ecf465a277ac1fc9b02ef3117e16f1d1ad64058ddda64	1670	evidence/receiving-python-v1/work/m3/evidence/community-module-packs-20261003/PROVENANCE.tsv
c52786a6b478ca790f65a012dac9c231fd88b75d093e43fe3b1396d679920c2e	675	evidence/receiving-python-v1/work/m3/evidence/community-module-packs-20261003/RUN_CONTEXT.tsv
96f9a28b4aa0c2efd59f58d2660df3e5150cd9fbd4aa3b2b69f35d98e03107a0	5271	evidence/receiving-python-v1/work/m3/evidence/community-module-packs-20261003/SOURCE_SHA256.tsv
317e033d3c534efdadf2ec67fe4846c6fbc6bb843a389a77147c44d6319caae4	1050	evidence/receiving-python-v1/work/m3/evidence/community-module-packs-20261003/STATUS.tsv
9c172b2e6c9b363fc213c37017ee193aef017da60ec86139be24e3088f2d067e	276	evidence/receiving-python-v1/work/m3/evidence/community-module-packs-20261003/SUMMARY.tsv
ab002b73d68e9019c3aa297c8dc0d94565626a48cfedee65979517acd80daaf0	1057	evidence/receiving-python-v1/work/m3/evidence/community-module-packs-20261003/VERIFY_CONTRACT.tsv
7078699a021630f22d1cf163a74621f58eb5531d670471aa4f7eca4ed06bf04b	127	evidence/receiving-python-v1/work/m3/evidence/community-module-packs-20261003/logs/com.m3pack.diagnostics.describe.log
ea06cd419cae8927158176dae469fbf0783b3924d0892daa18f3d6d16b7c803c	86	evidence/receiving-python-v1/work/m3/evidence/community-module-packs-20261003/logs/com.m3tooling.modulepack.describe.log
e3b0c44298fc1c149afbf4c8996fb92427ae41e4649b934ca495991b7852b855	0	evidence/receiving-python-v1/work/m3/evidence/community-module-packs-20261003/logs/diagnostics-compile.log
e3b0c44298fc1c149afbf4c8996fb92427ae41e4649b934ca495991b7852b855	0	evidence/receiving-python-v1/work/m3/evidence/community-module-packs-20261003/logs/diagnostics-jmod.log
7bc8ef4d180ab6f194143ff43381d364380f7122275033d1a515974dd032e579	125	evidence/receiving-python-v1/work/m3/evidence/community-module-packs-20261003/logs/diagnostics-run.log
5ae0f56c833797238a6d432106ff7b9f8ea6747e0ab3cab280d850ee137fa22d	393	evidence/receiving-python-v1/work/m3/evidence/community-module-packs-20261003/logs/external-gate-blockers.log
46a4feb904dd225852dbbe9678981a1fa135949a37aff02baeb3d6d8c8e4306a	275	evidence/receiving-python-v1/work/m3/evidence/community-module-packs-20261003/logs/image-modules.log
1df35daf9bc338ccc8a5400f73cc9ecc57580fbdb50481696b49d834163778cf	5718	evidence/receiving-python-v1/work/m3/evidence/community-module-packs-20261003/logs/inventory-replay.tsv
e3b0c44298fc1c149afbf4c8996fb92427ae41e4649b934ca495991b7852b855	0	evidence/receiving-python-v1/work/m3/evidence/community-module-packs-20261003/logs/jar.log
d3952e2ac89f8eed3bb9ba305acae16d9399d90ae38c53c74bbf79ad8d65bd02	32	evidence/receiving-python-v1/work/m3/evidence/community-module-packs-20261003/logs/java-contract-checks.log
6a34c4fab7bce1da5d38f4c7fd403e416603724c0f3a28674c3fd75b122dc428	353	evidence/receiving-python-v1/work/m3/evidence/community-module-packs-20261003/logs/javafx-acquisition.log
e3b0c44298fc1c149afbf4c8996fb92427ae41e4649b934ca495991b7852b855	0	evidence/receiving-python-v1/work/m3/evidence/community-module-packs-20261003/logs/jlink.log
e3b0c44298fc1c149afbf4c8996fb92427ae41e4649b934ca495991b7852b855	0	evidence/receiving-python-v1/work/m3/evidence/community-module-packs-20261003/logs/kernel-compile.log
53ec6bfd32b426a23950e2fbbff5aba6e95df6d3ed7324d3edb40dd8151e63f8	110	evidence/receiving-python-v1/work/m3/evidence/community-module-packs-20261003/logs/python-tests.log
e3b0c44298fc1c149afbf4c8996fb92427ae41e4649b934ca495991b7852b855	0	evidence/receiving-python-v1/work/m3/evidence/community-module-packs-20261003/logs/test-compile.log
e3b0c44298fc1c149afbf4c8996fb92427ae41e4649b934ca495991b7852b855	0	evidence/receiving-python-v1/work/m3/evidence/community-module-packs-20261003/logs/tool-compile.log
e3b0c44298fc1c149afbf4c8996fb92427ae41e4649b934ca495991b7852b855	0	evidence/receiving-python-v1/work/m3/evidence/community-module-packs-20261003/logs/tool-jmod.log
846e01833a61b7b421b6e0a9104c6fce644685c0a0fbaf4f861b5a1892f6bd6c	2391	evidence/receiving-python-v1/work/m3/evidence/constructor-pool-retirement.md
66b439efcb8b2e06e658e2b0533482a2e614a078c629f1eff819ff5a04e6e48b	848	evidence/receiving-python-v1/work/m3/evidence/jdk-execution-followthrough-20261004/ACTION_QUEUE.tsv
1e407005d146fbec66b2027f4af9648e116a9e703fa6ad0bfef8350a88c728dc	544	evidence/receiving-python-v1/work/m3/evidence/jdk-execution-followthrough-20261004/ATOMS.tsv
da07feff798dfc1865212db3898a28d6d1f427deb148a9b7054ccc1965e982ea	2071	evidence/receiving-python-v1/work/m3/evidence/jdk-execution-followthrough-20261004/FINAL_REPORT.md
c31330485fa6e81c9375443d65aedbd9fc31166881655836b1ebd8f02293bfb8	448	evidence/receiving-python-v1/work/m3/evidence/jdk-execution-followthrough-20261004/OUTPUT_CONTRACT.tsv
446e777e8a017b817fa522540ad012a98a7e39b7f762bf9692f45ad178778549	735	evidence/receiving-python-v1/work/m3/evidence/jdk-execution-followthrough-20261004/PROVENANCE.tsv
f317ace71695f1f9da6152ccc6c518d034a5bae67bd5f5c3ad2a9076c523cd88	1426	evidence/receiving-python-v1/work/m3/evidence/jdk-execution-followthrough-20261004/RAW_RESULTS.log
6989a9542f757317ff563c6726a75599a9243cc402f5c4aef4f1f50b8fafb2e3	4479	evidence/receiving-python-v1/work/m3/evidence/jdk-execution-followthrough-20261004/RECEIPTS.json
68fa0a937bd436467da73c81b0ee77ff0753f8c4bfdb53964be5764c8e13ba49	283	evidence/receiving-python-v1/work/m3/evidence/jdk-execution-followthrough-20261004/RUN_CONTEXT.tsv
bd416845216e6c5e77817497914b67271543e9e229924d1d890e24b4704f82fb	4117	evidence/receiving-python-v1/work/m3/evidence/jdk-execution-followthrough-20261004/SOURCE_SHA256.tsv
1295bdc7b83f7bf7df9582891f2120f3bc359947d69c0907c2667b73005aad5d	759	evidence/receiving-python-v1/work/m3/evidence/jdk-execution-followthrough-20261004/STATUS.tsv
77361ce257f4c0f1aa2daec41c43377d660488a938a56bd00efef26a47841859	956	evidence/receiving-python-v1/work/m3/evidence/jdk-execution-followthrough-20261004/TASK_PACKET.json
7c405b4f4766d2c3cdd5f60dc1c77d8ab16a4137d186942d807c19e32f31d6c5	372	evidence/receiving-python-v1/work/m3/evidence/jdk-execution-followthrough-20261004/VERIFY_CONTRACT.tsv
859292575640a922f44ca635b586650b1f6294ee77825a6bb05b9a5a95293034	1737	evidence/receiving-python-v1/work/m3/evidence/openrewrite-convergence-20261002/FINAL_REPORT.md
e9f4aae7f64a4a913fddd3434a1de6cc754d4a3f7a10687abe6a1bd635443e43	139	evidence/receiving-python-v1/work/m3/evidence/openrewrite-convergence-20261002/OUTPUT_CONTRACT.tsv
481e50b1429b86225b2ab2f6fa2485a1cce07066dcc3867756c1261f08f69af9	392	evidence/receiving-python-v1/work/m3/evidence/openrewrite-convergence-20261002/PROVENANCE.tsv
129938588bfba579ad47615912a30c173f08d16d88a869478879b6d315d5dc73	342	evidence/receiving-python-v1/work/m3/evidence/openrewrite-convergence-20261002/RUN_CONTEXT.tsv
a6e199afd56e7cbe3b469f4c7bc13981a22c06bbc99dd8679218db620ee6630c	614	evidence/receiving-python-v1/work/m3/evidence/openrewrite-convergence-20261002/STATUS.tsv
5b05bde7da5941099db8cc7607dceef51787844c95285e3e5b1061c6d9d17365	347	evidence/receiving-python-v1/work/m3/evidence/openrewrite-convergence-20261002/VERIFY_CONTRACT.tsv
37d32ebacd7bf2d86084221107f891ef47952eaaefe4420054698047d27aef3d	2999	evidence/receiving-python-v1/work/m3/history/ATOM_PLAN.tsv
ef145204809b2ab1b3fa79b75ce740dfddb1d536f98f65b14ba50eea057fc4fc	9171	evidence/receiving-python-v1/work/m3/history/README.md
f25f982c294aa0ec17911a54e4245072923f7b1f73f2422997b567c67e7f20e5	319	evidence/receiving-python-v1/work/m3/history/RETAINED_CAPABILITIES.tsv
e1b9d89c877c255c165d53e5cd0d862e55a9e2145cc42e6268d50b99f9548b6b	2015	evidence/receiving-python-v1/work/m3/history/TASK_PACKET.json
804f6ea92bbb0b1c881d0a4d0409fa1c82a559ad75194b77766705855f8b3953	14508	evidence/receiving-python-v1/work/m3/history/audit.py
c22635d38e91d9c0f85b9d6aafec1c12c044f26c2fd0258f66e79cb416dd7bd4	3335	evidence/receiving-python-v1/work/m3/history/collect_prs.py
bdf678a4c4c5173d988e2e01bf795cbcca6754566d3d109d18a2bd9565e849b3	722	evidence/receiving-python-v1/work/m3/history/evidence/20261002-inspection/ACTION_QUEUE.tsv
82bd57227c66a7c76ce312e0da172f3e0ae4b36ee7c273d5f7caa56a46f2b3d7	117	evidence/receiving-python-v1/work/m3/history/evidence/20261002-inspection/CLUSTERS_EXACT.tsv
a0a4ca41d7188df4d94c3eed011af346c5bff45e5654715de05041a82e19a9df	77	evidence/receiving-python-v1/work/m3/history/evidence/20261002-inspection/CLUSTERS_NORMALIZED.tsv
0643f0fd091e8dc714391b58ee0a474c6e46c771a59849779e834a34d36eccdf	7427	evidence/receiving-python-v1/work/m3/history/evidence/20261002-inspection/FINAL_REPORT.md
b05fa5aaf4f493dbc6778c735e6d7713c39eb68a9651cb3272c25e5a1a939f7b	350	evidence/receiving-python-v1/work/m3/history/evidence/20261002-inspection/HOSTED_ATTEMPT.json
71475d6e736fbccd91aae636cc1b17da6faaf3cf6d76df8b4807d7e2145bf2c1	1749	evidence/receiving-python-v1/work/m3/history/evidence/20261002-inspection/INVENTORY.tsv
acf1540cbfc790b73ab66294994599b1ec69399da1b163aa7233954d342d4c77	2824	evidence/receiving-python-v1/work/m3/history/evidence/20261002-inspection/OUTPUT_CONTRACT.tsv
92b340d8d86bf986f23d436358dbcd940b77994085aec01f39e60d05a38e0b68	858	evidence/receiving-python-v1/work/m3/history/evidence/20261002-inspection/PROVENANCE.tsv
87683165b81493b725e5951a769a2457ef5a28dc533b38066a81e0c5b78b1459	684	evidence/receiving-python-v1/work/m3/history/evidence/20261002-inspection/RUN_CONTEXT.tsv
4ee2b665bc8871b797cf8e0c050af9a59a50b0cc7861e62e5097be9d5b18fa92	899	evidence/receiving-python-v1/work/m3/history/evidence/20261002-inspection/STATUS.tsv
692f86f162c43e7640f57d3fd53dff8ee71f8e489b2243016761fbdbb60e7a1d	447	evidence/receiving-python-v1/work/m3/history/evidence/20261002-inspection/SUMMARY.tsv
ceb52013ad39834012b35782cdf21a277dd2286dac5d5fd89a406a8f77067747	654	evidence/receiving-python-v1/work/m3/history/evidence/20261002-inspection/VERIFY_CONTRACT.tsv
e3b0c44298fc1c149afbf4c8996fb92427ae41e4649b934ca495991b7852b855	0	evidence/receiving-python-v1/work/m3/history/evidence/20261002-inspection/compile.log
e3b0c44298fc1c149afbf4c8996fb92427ae41e4649b934ca495991b7852b855	0	evidence/receiving-python-v1/work/m3/history/evidence/20261002-inspection/diff.log
9268b2ca32e600bb85a5347266f890a30c39e01b753aa17b4e1c94e0d2f3b661	3568	evidence/receiving-python-v1/work/m3/history/evidence/20261002-inspection/fixture-tests.log
e3b0c44298fc1c149afbf4c8996fb92427ae41e4649b934ca495991b7852b855	0	evidence/receiving-python-v1/work/m3/history/evidence/20261002-inspection/lint.log
842d5f66297bfb0081a053dabf24ff9d6ca5f6a7823d0639a19cda1a23bc4881	7478	evidence/receiving-python-v1/work/m3/history/git_graph.py
2d6d1d17ae39dfbb7ecd75ddf8d064e21af2571742aa13cba96296fdcb5c1b0d	2068	evidence/receiving-python-v1/work/m3/history/pom.xml
14c29126da786a7456a55ce400f5a800dfe53693e6c329e7342bf2fabb087e11	2726	evidence/receiving-python-v1/work/m3/history/retention-pom.xml
06c713d051ce0411b9c8a4faeafeaa3245b75ff4350e8f9afd94f15dd86451e4	7189	evidence/receiving-python-v1/work/m3/history/retention.py
ec53f648cd7d1e44218923961b66a653a94142d524b198e98da7f2ef5a3c459a	3174	evidence/receiving-python-v1/work/m3/history/snapshot-forward-0323.json
2388682bd58ad2680defc0670cec55fdd1c29661411a7a044561d7de1be03beb	3013	evidence/receiving-python-v1/work/m3/history/snapshot.json
196e67c529beff1d3c5096300362936daf62fc020fc613fd33d1b2c2da75912f	16756	evidence/receiving-python-v1/work/m3/history/test_audit.py
68ae3ae0be2f45f9746c9573bf949698221a99696715065a14a293729c022a0c	5468	evidence/receiving-python-v1/work/m3/history/test_retention.py
bdda9c5bac33e3bbaca8a888571e4489d72fa238195f26e0b0debef960da3d76	2701	evidence/receiving-python-v1/work/m3/indexdb/pom.xml
c0396dc221ab4fe764441ec1694dc2063ce667a256289cdba6ba7bf285a83d86	8756	evidence/receiving-python-v1/work/m3/indexdb/src/main/java/com/m3/indexdb/M3IndexDB.java
be4cb521cd9b0154b8b30bd0719304ae349e7d50c54c2e1d1ca8817e7df4a545	2413	evidence/receiving-python-v1/work/m3/indexdb/src/main/java/com/m3/indexdb/M3IndexDbArtifact.java
90c999027092ac250b3f1a19556268bde96879761735eb4f142260b17bece72a	12753	evidence/receiving-python-v1/work/m3/indexdb/src/main/java/com/m3/indexdb/M3IndexDbSemanticCodec.java
2758d9473d46142383af31cfa351ba2ccc41b4fdda8082f0e5d3da596687b883	1151	evidence/receiving-python-v1/work/m3/indexdb/src/main/java/com/m3/indexdb/M3IndexDbSemanticEdge.java
8898ef38a373744d2fcc6edf0fe6671720733be7d78a215fa401e86660247bde	9363	evidence/receiving-python-v1/work/m3/indexdb/src/main/java/com/m3/indexdb/M3IndexDbSemanticFingerprint.java
114f08e4892dd68532d6e2e587b96d306f6e2d300c38c82a4f81c9acaac7e912	18084	evidence/receiving-python-v1/work/m3/indexdb/src/main/java/com/m3/indexdb/M3IndexDbSemanticIndex.java
8ae73fe031ac1c383860b516427cc2b659a50d5a77c5d6114bf561b2197a4ea5	330	evidence/receiving-python-v1/work/m3/indexdb/src/main/java/com/m3/indexdb/M3IndexDbSemanticKind.java
06a06aadef324e81c35fa8ac365477e7982f99b9bf7f9ea9b9a18eaface1ca2c	2419	evidence/receiving-python-v1/work/m3/indexdb/src/main/java/com/m3/indexdb/M3IndexDbSemanticNode.java
71a86e54aaedc33ed50b7a0e0e1d63bcd3c045df02bb7c7b45d029a867e676d6	10020	evidence/receiving-python-v1/work/m3/indexdb/src/test/java/com/m3/indexdb/DbAtomTest.java
a7cb1678539f74acc00cc4f15dbc2fdcd65286e4152784191e6d635539f6dc18	1352	evidence/receiving-python-v1/work/m3/indexdb/src/test/java/com/m3/indexdb/DbDigest.java
bf3b6377174b869ef85dc2e513363dc47c6d516baab276884e6e56f96b690f24	7633	evidence/receiving-python-v1/work/m3/indexdb/src/test/java/com/m3/indexdb/DbParseTest.java
c513c0740432cc23798875a2af3db33be3e0c0550b471cc079dd544d6c39f5ec	3086	evidence/receiving-python-v1/work/m3/indexdb/src/test/java/com/m3/indexdb/DbProbe.java
4d211a40ab1e00b4bf8d078a80da6d6eabe4f0606ac4894a6e368b7533d86291	9791	evidence/receiving-python-v1/work/m3/indexdb/src/test/java/com/m3/indexdb/M3IndexDBIntegrityTest.java
2c41cedc561c54cd8259cd64f1dca50937d183f9baf56d9c9df75c04a5205bf1	2005	evidence/receiving-python-v1/work/m3/indexdb/src/test/java/com/m3/indexdb/M3IndexDBTest.java
de888eb129200648df390bfd4694c7a326a092a50aecdfd31902625c35e4f159	2193	evidence/receiving-python-v1/work/m3/indexdb/src/test/java/com/m3/indexdb/M3IndexDbArtifactTest.java
9c05e694334a9f355ec82d4f1b9dc786c1d78157ba4900abe1a141f18a302b6e	4998	evidence/receiving-python-v1/work/m3/indexdb/src/test/java/com/m3/indexdb/M3IndexDbCodecBoundaryTest.java
257bc4fd93eb4b0b888684300c8f8204f5d5619ce3f6ffb03196ccaf8278feca	6749	evidence/receiving-python-v1/work/m3/indexdb/src/test/java/com/m3/indexdb/M3IndexDbSemanticBoundaryTest.java
71104dfdc69bd0176698a1686de4c1e635c2f99826d9c9bda9270d40d4d80c63	28214	evidence/receiving-python-v1/work/m3/indexdb/src/test/java/com/m3/indexdb/M3IndexDbSemanticFailClosedTest.java
a54c81ff8081ca970822ad4b948578e25e184758f2b99fa9bede6fdb68458032	27462	evidence/receiving-python-v1/work/m3/indexdb/src/test/java/com/m3/indexdb/M3IndexDbSemanticIndexTest.java
7008d20aa5923fdf747dbcfd3f27451be8ffc5ac09987ddeb8260077a107829f	7365	evidence/receiving-python-v1/work/m3/indexdb/src/test/java/com/m3/indexdb/M3IndexDbStoreBoundaryTest.java
cbc142987ea1a572dfe07e72b5b602a0cbea8a0426f62cb67b68867d6f3605bc	3192	evidence/receiving-python-v1/work/m3/indexdb/tasks/atoms/DESIGN.md
6123a6b7a0a48a50fe21acf0b9c460e5d658840887f6b3034a31621bb30e2a45	2899	evidence/receiving-python-v1/work/m3/indexdb/tasks/atoms/FINAL_REPORT.md
a17aa18abcd0d0eb0c27082a7106d3d709a8c18232354efd7068071cac88e7c8	1394	evidence/receiving-python-v1/work/m3/indexdb/tasks/atoms/HOSTED_RECEIPT.json
e39d7d4a72bcd56e9b8775777d92d5c8a63669e322f6ee40ad5a3d94d376c158	387	evidence/receiving-python-v1/work/m3/indexdb/tasks/atoms/OUTPUT_CONTRACT.tsv
03e12b7cd926c4e27d05396c33f14e0b37a15bce969d8f82349bbfdb90408a32	620	evidence/receiving-python-v1/work/m3/indexdb/tasks/atoms/PROVENANCE.tsv
03759c168eb669f925ce40f2e8a09a1cc4a075319c98856616e5dcced1334719	351	evidence/receiving-python-v1/work/m3/indexdb/tasks/atoms/RUN_CONTEXT.tsv
56e61b5c352f3e4d23e9cc915374486c704a70ab52a3467ff04cdbb1629e0cae	1377	evidence/receiving-python-v1/work/m3/indexdb/tasks/atoms/STATUS.tsv
e3d7437d68a84a3aae76a7b49a65ea5699d4b18724a17e7f01ab4d63282915b8	1450	evidence/receiving-python-v1/work/m3/indexdb/tasks/atoms/TASK_PACKET.json
e608b773815df2bb2b85762324967488097ce243965bcad5f06c67437b388cf3	705	evidence/receiving-python-v1/work/m3/indexdb/tasks/atoms/VERIFY_CONTRACT.tsv
4482cb3bce9d13de6384773964ef63b4712106c3199a843b09b8b07f12cdcca3	3192	evidence/receiving-python-v1/work/m3/indexdb/tasks/boundary-contracts/DESIGN.md
c4536c1ebb91922be915a5713f7c2fe5931b542798d023b43d9db6e952dc6b08	1816	evidence/receiving-python-v1/work/m3/indexdb/tasks/boundary-contracts/TASK_PACKET.json
ec5ef12e4d0585d222b4ac34c54fdb5a2d9be89955feb55dfc76013557c18977	725	evidence/receiving-python-v1/work/m3/indexdb/tasks/parse/ACTION_QUEUE.tsv
e3db4340c726c389052b8bbfeaadf9c2d5958014cb45434a644bd2a47fe819a2	3998	evidence/receiving-python-v1/work/m3/indexdb/tasks/parse/DESIGN.md
3c118735215166cf53cae24465f75b3a49a2c81dd7dfa9ac098ed22fb7b78ae5	1243	evidence/receiving-python-v1/work/m3/indexdb/tasks/parse/EVIDENCE.tsv
3f642feea710fe4faffb396418902af963f490899ddc25a242be913d2dbbbb89	5143	evidence/receiving-python-v1/work/m3/indexdb/tasks/parse/FINAL_REPORT.md
57828ff7768a38f9c7916a7f8e60a97cbd923390531e102a6fbaf68ff5ccd829	595	evidence/receiving-python-v1/work/m3/indexdb/tasks/parse/OUTPUT_CONTRACT.tsv
1caaadcfcebf37b14eeb12247754c651083a3f96582b7b96421e5ed36c0e7156	930	evidence/receiving-python-v1/work/m3/indexdb/tasks/parse/PROVENANCE.tsv
1a6ef292f38ec211cc27232d044fe4f122465682bcb3e852bb423a6149e44350	459	evidence/receiving-python-v1/work/m3/indexdb/tasks/parse/RUN_CONTEXT.tsv
aeb16748dabc5aa297aeda444326d1fbda0754bcd2df6307578489606ca0a64f	1409	evidence/receiving-python-v1/work/m3/indexdb/tasks/parse/STATUS.tsv
5976e3fd90f6c5f153864829e92db83a37465fb9cf1b48d9e138f91bd6e59a69	1914	evidence/receiving-python-v1/work/m3/indexdb/tasks/parse/TASK_PACKET.json
27c2c0b79a305af18161215e1dd1f5a404a8ca0ca2318eba2d1b53bbcb4a3a98	1289	evidence/receiving-python-v1/work/m3/indexdb/tasks/parse/VERIFY_CONTRACT.tsv
675fc9570dafa8e1cec54d6aa894a3780a292fc203302ad6c251ef08f9aab9c1	78	evidence/receiving-python-v1/work/m3/lexicon/english-demo.txt
1af57d48063ea6c4c2787f5d6dbc463fc363ed02b7067041bc56f045252b65fc	35	evidence/receiving-python-v1/work/m3/migration/.gitignore
8a8c0460543815acd7fef7df98372ae96256e830d422086a9fd780569ae86e5c	3786	evidence/receiving-python-v1/work/m3/migration/RESUME.md
f3011f77c194aaa7ce56c1eb9d9f57bcba4fd66068c5d10cfa166ab3d10cc779	1536	evidence/receiving-python-v1/work/m3/migration/SurfaceInventory.java
410e9a5a2f5068cf3a738a3d92926ada68aa34dff5260371f2ae50e691c770cb	5492	evidence/receiving-python-v1/work/m3/migration/docs/ACCEPTANCE.md
42f055c4faf362164ec474ed42681886661741ea2818cbac23f275f5713d7d1f	6551	evidence/receiving-python-v1/work/m3/migration/docs/ARCHITECTURE.md
e01aaf19509cf74123f5e982fe5e9e4f0273053ae1af3d4106d3727470120e08	12234	evidence/receiving-python-v1/work/m3/migration/docs/COVERAGE.md
5f0b75c7daed50c90dbd1be245d9d85deffd2b3c30551d5bd15c84e026310d40	2006	evidence/receiving-python-v1/work/m3/migration/docs/DONORS.md
483ac2998c3bb3ca6f7bf313a4ca12a3ce75e691bf261c6ad5c0ecea8ee87f8f	2841	evidence/receiving-python-v1/work/m3/migration/docs/IMPLEMENTATION_PLAN.md
d8ed513e54fe703fcd17a5550f158077bee6c9520fb55290ac2ef3e682c81391	1724	evidence/receiving-python-v1/work/m3/migration/docs/JDK_CONSOLIDATION.md
ddf21fe53d2928f6cf344fd3dd545d0cda928ae87349ebfb7626b0d3bc8c1bf9	9722	evidence/receiving-python-v1/work/m3/migration/docs/RESUME.md
cba3b3315df643f328c4acb2fd08b5194262dc7ad7b40557107a8c614355f55b	107504	evidence/receiving-python-v1/work/m3/migration/evidence/jcc-handoff-20261005/root-coverage-obligations.tsv
cdb5d7f4a0746fe561f51fa9a13cbd9fa319f8196bfd3075ca2288be7f3d1126	24139	evidence/receiving-python-v1/work/m3/migration/evidence/jcc-handoff-20261005/source-destination-bindings.json
03768da3eb30d806aec3fbbfd7e7d02f19678cc6a9ddf408e23c104f03deea6f	28	evidence/receiving-python-v1/work/m3/migration/evidence/local-20261002-final/exact-recipe-contract.log
e3b0c44298fc1c149afbf4c8996fb92427ae41e4649b934ca495991b7852b855	0	evidence/receiving-python-v1/work/m3/migration/evidence/local-20261002-final/javac21.log
b2fb0fd773357eb654847bfd77abe86eb8e13a942beade0561ef941a313f2506	3181	evidence/receiving-python-v1/work/m3/migration/evidence/local-20261002-final/migration-validator.log
67eee524a18f5dcbb9793a54c338504293fbc8a8f01baba714029966c02ae780	57	evidence/receiving-python-v1/work/m3/migration/evidence/local-20261002-final/prefix-z-interpreter.log
67eee524a18f5dcbb9793a54c338504293fbc8a8f01baba714029966c02ae780	57	evidence/receiving-python-v1/work/m3/migration/evidence/local-20261002-final/prefix-z-normal.log
2a639e4937a414f98fd6f859562f8c392e54e94a39f02427daa7df6e336f82f6	15056	evidence/receiving-python-v1/work/m3/migration/evidence/local-20261002-final/receipt.json
f445224da51272448a0bb476fa03be6660f4bcce88c656580330cc3d1abd1f12	9874	evidence/receiving-python-v1/work/m3/migration/evidence/local-20261002-final/stock-string-surface.log
1cf2a7fc2a2b063391e8ec65dc1b36e0b2516162e53bb656607d9c4d1c70dc5e	82	evidence/receiving-python-v1/work/m3/migration/evidence/local-20261002-final/view-interop-interpreter.log
1cf2a7fc2a2b063391e8ec65dc1b36e0b2516162e53bb656607d9c4d1c70dc5e	82	evidence/receiving-python-v1/work/m3/migration/evidence/local-20261002-final/view-interop-normal.log
7eec0ca97e5140177d62887b35113e008273842920f5759c31d95f7d86fe8fec	7972	evidence/receiving-python-v1/work/m3/migration/evidence/replay-final.json
8e229715d6783906b1ee249bb2707cdb5e412146219be6037154927abac893ea	340001	evidence/receiving-python-v1/work/m3/migration/intake-20261005/crate/after/0.txt
fe7df1477c461ddfcedccd3ff2ca078d44dab5b7c5b46412a5873de611cb13c3	11773	evidence/receiving-python-v1/work/m3/migration/intake-20261005/crate/after/1.txt
4d7496a37677aee3ba1aee206129625a5ed870d0f922eccde32ca670f09a11d8	21178	evidence/receiving-python-v1/work/m3/migration/intake-20261005/crate/after/2.txt
4072d0cef765767e44e9ff93a11f2d7112b32f94ab6b3d07a03ed191307e2daf	68888	evidence/receiving-python-v1/work/m3/migration/intake-20261005/crate/after/3.txt
8ccd586902d1b292310d6ded995cab15d14f56c43de3bdfa8c20bc4362eab517	1437	evidence/receiving-python-v1/work/m3/migration/intake-20261005/crate/after/4.txt
af2c0ea782643d6860d10a3d9c35706781072a361fb74a8cf6ed4caa6236e5d6	11078	evidence/receiving-python-v1/work/m3/migration/intake-20261005/crate/after/5.txt
1cfe107b886e495046ec77f74a2739705b403251ae4fafe640f0fe46ed656ed8	93931	evidence/receiving-python-v1/work/m3/migration/intake-20261005/crate/after/6.txt
4114b546749888ec5e6065ea6087d39ea63bafb6ce5881e2239eafaade3b7787	56771	evidence/receiving-python-v1/work/m3/migration/intake-20261005/crate/after/7.txt
765f001aa41f95c1dfd9994ba64101526ce0324ede896228803133ec9313b9e9	77751	evidence/receiving-python-v1/work/m3/migration/intake-20261005/crate/after/8.txt
cfe8e8930916ef96c7d23dd9d0942f082c5eb1d6cf4b2a2f6e9f3d69d8fa3e41	3341	evidence/receiving-python-v1/work/m3/migration/intake-20261005/crate/after/9.txt
67d40925b97a38c3c1a85f337806524ac590a540bd39647b3e4b0988f2ae3fbb	196161	evidence/receiving-python-v1/work/m3/migration/intake-20261005/crate/before/0.txt
fd54e5fade1fc3050816265f2317967dd4176e7bb5e0bc55e6f620878026e88e	23333	evidence/receiving-python-v1/work/m3/migration/intake-20261005/crate/before/7.txt
47aa763f4678124df42f3181e68e2ff0a74636add9403c1e36e40224094e0cdc	3288	evidence/receiving-python-v1/work/m3/migration/intake-20261005/crate/plan.json
5c97db7bfa15b8d2a88868026155d18582f91c1fc8e3d7108f9f7ab00bfb2957	4067	evidence/receiving-python-v1/work/m3/migration/intake-20261005/current-752-ci/PATH_MAPPING.json
27a00b3b00da2683e7886b37910695b0f7db1815b593e7108fa192c6834dbe27	1336	evidence/receiving-python-v1/work/m3/migration/intake-20261005/current-752-ci/README.md
f6f569ef91e6b17be68a48801d1f97639d288d436c277a6401628bd82e210d3e	2413	evidence/receiving-python-v1/work/m3/migration/intake-20261005/current-752-ci/crate/after/0.txt
d51301d3ea225e89b000a2256855ab7806a1faf20c5fa493eb5666de1e7880c2	4695	evidence/receiving-python-v1/work/m3/migration/intake-20261005/current-752-ci/crate/after/1.txt
dbd50a08d902a4009c66e22b8e6f499a66bbe4316c2d96d1e47c60194b572937	7177	evidence/receiving-python-v1/work/m3/migration/intake-20261005/current-752-ci/crate/after/2.txt
f34470a701cf71b4b4abbe1fa9a5091392a930426ec84d700f13e53edd244629	5380	evidence/receiving-python-v1/work/m3/migration/intake-20261005/current-752-ci/crate/after/3.txt
3f3ab065d9e87e9f6095629a56b052642ec9d0883a466430e90a4a4355edd05b	4975	evidence/receiving-python-v1/work/m3/migration/intake-20261005/current-752-ci/crate/after/4.txt
2a81b9ebfa5d477977dba4632a0e7c89f2ebb89606eb46491197536335d63fee	2205	evidence/receiving-python-v1/work/m3/migration/intake-20261005/current-752-ci/crate/before/0.txt
3fbe65ee5d3130858d114b0637207585e0cb20c2b5008def8c3dc6607f042d41	4692	evidence/receiving-python-v1/work/m3/migration/intake-20261005/current-752-ci/crate/before/1.txt
10d8d11da8b4dd6772875cb3ba5c1f2c0732e307cdd5c983a96811b9c9f5180d	6038	evidence/receiving-python-v1/work/m3/migration/intake-20261005/current-752-ci/crate/before/2.txt
58d01008f3dc6e79d988e855d76ba90eb0a13d39a76e7eb4027d75442389ec94	5379	evidence/receiving-python-v1/work/m3/migration/intake-20261005/current-752-ci/crate/before/3.txt
69882638771a411cf0866f789a7b3ef7e7e7040cde38a1c40ef4a743d37168e2	4974	evidence/receiving-python-v1/work/m3/migration/intake-20261005/current-752-ci/crate/before/4.txt
47dc22b1c9a8399723bcc6a0d97c15d3535b83c79e9bc3efc6ea37444e8f6a55	3817	evidence/receiving-python-v1/work/m3/migration/intake-20261005/current-752-ci/crate/plan.json
5c646be616f481b835bcf65607408f1573bd589716d1ea98cbf56f4616298e33	1972	evidence/receiving-python-v1/work/m3/migration/intake-20261005/current-752-ci/native-current-v1/FINAL-AUDIT.json
3b1a9bd70bdcddcea04d27f63e99c3bb051a623e5cdabff3ccd081fc7515cb62	5351	evidence/receiving-python-v1/work/m3/migration/intake-20261005/current-752-ci/native-current-v1/FINAL_REPORT.md
70038d936c62c8dfed73a60059b08104c5326f460ddc36e63d9e4249dc24bbda	3167	evidence/receiving-python-v1/work/m3/migration/intake-20261005/current-752-ci/native-current-v1/INDEPENDENT-READBACK.json
0ea2600bfc6703aa2449f8fbc3fe7c650eba1c5d2969cc0074d6ba83d43e331a	1719	evidence/receiving-python-v1/work/m3/migration/intake-20261005/current-752-ci/native-current-v1/OUTPUT_CONTRACT.tsv
1d23b6f673f7ee717af18a9e9284808505d6e2956a610f8a30e30101c462a841	5773	evidence/receiving-python-v1/work/m3/migration/intake-20261005/current-752-ci/native-current-v1/PREPARED.json
8eae2d464bc16b566957aff8cc0fb62f02dcada2250a8b51a493de0514966bfb	2238	evidence/receiving-python-v1/work/m3/migration/intake-20261005/current-752-ci/native-current-v1/PROVENANCE.tsv
f59fe0e255ea492379e8a2b1e4cb1b731dcf5bdc46e889da6bc0706b9aa23f51	1499	evidence/receiving-python-v1/work/m3/migration/intake-20261005/current-752-ci/native-current-v1/README.md
1e82bec642c8ea8ece15e8caeeed283416c1b612e22c357b20178524b6ab1605	3750	evidence/receiving-python-v1/work/m3/migration/intake-20261005/current-752-ci/native-current-v1/RESULT.json
06c850533eb5b9efc5da380835e47b4f6d797bb73a3b5cc5552f09c3b6bd87c2	1718	evidence/receiving-python-v1/work/m3/migration/intake-20261005/current-752-ci/native-current-v1/RUN_CONTEXT.tsv
24d8a3a37645fe63c13aad8177c1333abcbd80dd176f69eea4a6d383e021da56	1532	evidence/receiving-python-v1/work/m3/migration/intake-20261005/current-752-ci/native-current-v1/STATUS.tsv
8a94b7c0d1829129bc5a35853fea4844ad99f2ca5c9b391c13ef14b4e69585f7	1295	evidence/receiving-python-v1/work/m3/migration/intake-20261005/current-752-ci/native-current-v1/VERIFY_CONTRACT.tsv
d3a09e407eeb5e352e00ff7167ddb73737a2c488c16e4d382491defa4d706b42	6919	evidence/receiving-python-v1/work/m3/migration/intake-20261005/current-752-ci/native-current-v1/evidence-bundle/BUNDLE.json
87661dd6b9c47695e67b34a8f806ae2705e3972b8d5a63272bd092cd54ea4ade	4652	evidence/receiving-python-v1/work/m3/migration/intake-20261005/current-752-ci/native-current-v1/evidence-bundle/LANES.json
c1c777a4facbbf4c5b842a3cd62326993ca7859d1ef67c6861bf5ae06e80f6c7	1432	evidence/receiving-python-v1/work/m3/migration/intake-20261005/current-752-ci/native-current-v1/evidence-bundle/PACKAGE.json
59d32402560ecb152e0fbc87475a6ce59784b25833cc33f881268e081118761a	35870	evidence/receiving-python-v1/work/m3/migration/intake-20261005/current-752-ci/native-current-v1/evidence-bundle/PATHS-0001.tsv
2bc32d89eeff69ac9200abed775bdcd5bd346fe818f12f845dc97a845a214853	2425	evidence/receiving-python-v1/work/m3/migration/intake-20261005/current-752-ci/native-current-v1/evidence-bundle/README.md
fa34bfb0420e30c36b262a20474bf17805ef589dc687a689976f2de7fbe6600e	1595	evidence/receiving-python-v1/work/m3/migration/intake-20261005/current-752-ci/native-current-v1/evidence-bundle/VERIFY-COMMAND.json
14e7d9bbf54ae124f9f96e459244431ab3092036e48e282451cfb02e6f62f585	770	evidence/receiving-python-v1/work/m3/migration/intake-20261005/current-752-ci/native-current-v1/evidence-bundle/VERIFY.json
9bde181c72dd0372a55104ee9dfabc7173351c8734f8b9b778060589e2a5a3e6	753	evidence/receiving-python-v1/work/m3/migration/intake-20261005/current-752-ci/native-current-v1/evidence-tools/native_bundle.py
89d43693f508c723e431296cc06f611c8de4f94df8eaddea95a2c7742feb0574	33814	evidence/receiving-python-v1/work/m3/migration/intake-20261005/current-752-ci/native-current-v1/evidence-tools/package_evidence.py
52e46492bd3ebadff1aea7981ae55b21c82d0c1523e4e067a2d8fc97618bd1e3	14925	evidence/receiving-python-v1/work/m3/migration/intake-20261005/current-752-ci/native-current-v1/evidence-tools/readback_native.py
9bc72208f52d917857223bccd8f9b9ef5c3cce931515331d7c3d0b48b4cba68a	1137	evidence/receiving-python-v1/work/m3/migration/intake-20261005/current-752-ci/native-current-v1/package-plan.json
c00533ae7488fa1d8b5c423116dd39845a980780f9c5394f46408ec4f0c4a743	10191	evidence/receiving-python-v1/work/m3/migration/intake-20261005/current-752-ci/native-delivery-mapping.json
633b27c05776d03397eef4950ca7ae56f8f1b4f793666887aa72ab3e4c00cfc2	14070	evidence/receiving-python-v1/work/m3/migration/intake-20261005/current-752-ci/native-publication-manifest.json
ca51c4290bf8d1ee69aa37caa5724e3a6e4fb6f8e757049b6c3e226490f227b9	1204	evidence/receiving-python-v1/work/m3/migration/intake-20261005/current-752-ci/pom.xml
0347e932f876d72db7d5247c54375fdc40f15f1138392ddffab03c0bb63834c5	1369	evidence/receiving-python-v1/work/m3/migration/intake-20261005/current-752-ci/producer/OUTPUT.json
e68b1a68c92078a9d700459d112987c8fcd5dc6bd7a06692859e530838ab33ce	941	evidence/receiving-python-v1/work/m3/migration/intake-20261005/current-752-ci/producer/PATCH.json
d6d265a959e378fce47d68b5aa4a3a3bbee14bebf21355a54bd8077cb51e8630	4857	evidence/receiving-python-v1/work/m3/migration/intake-20261005/current-752-ci/producer/RESULT.json
2e45c5e56f5b39f35848e2bc6b38eeec3d50e95076916a7579ffbd94bfb6ec60	7752	evidence/receiving-python-v1/work/m3/migration/intake-20261005/current-752-ci/producer/build-artifacts.json
a9a56f1803d5d33e42efb63fa0f047a1b49027beb827ca427adc25f8b126440e	4475	evidence/receiving-python-v1/work/m3/migration/intake-20261005/current-752-ci/producer/candidate.patch
5b4d6e2aa110d31aafa1f5692501212b3f67a306ab2e52a5887ba73ea683086e	1785	evidence/receiving-python-v1/work/m3/migration/intake-20261005/current-752-ci/producer/chain/01-static.json
e3b0c44298fc1c149afbf4c8996fb92427ae41e4649b934ca495991b7852b855	0	evidence/receiving-python-v1/work/m3/migration/intake-20261005/current-752-ci/producer/chain/01-static.stderr.log
b353a1846900229f7a14500156c73cccd935ffe4e19dc41fe432b32c480dabff	342	evidence/receiving-python-v1/work/m3/migration/intake-20261005/current-752-ci/producer/chain/01-static.stdout.log
795301485d90a29f6617b7dcbccb287c0a08e677f62cde010d9d79711a1ddb0a	2370	evidence/receiving-python-v1/work/m3/migration/intake-20261005/current-752-ci/producer/chain/02-compile.json
e3b0c44298fc1c149afbf4c8996fb92427ae41e4649b934ca495991b7852b855	0	evidence/receiving-python-v1/work/m3/migration/intake-20261005/current-752-ci/producer/chain/02-compile.stderr.log
9a86b7e489bea2f312f63b57c4e824a1406a010cabcbd2cf31d2aaa34f7434a3	1381	evidence/receiving-python-v1/work/m3/migration/intake-20261005/current-752-ci/producer/chain/02-compile.stdout.log
8ec24288ce52cc24d9897e292f6b650e0226c92b0114598daa0a1ea5758d9dfc	2680	evidence/receiving-python-v1/work/m3/migration/intake-20261005/current-752-ci/producer/chain/03-tests.json
e3b0c44298fc1c149afbf4c8996fb92427ae41e4649b934ca495991b7852b855	0	evidence/receiving-python-v1/work/m3/migration/intake-20261005/current-752-ci/producer/chain/03-tests.stderr.log
a7150ea622722e8d5e1a31869c206c45ca2b8a188d2da699d6c6232a02c4ad7a	1200	evidence/receiving-python-v1/work/m3/migration/intake-20261005/current-752-ci/producer/chain/03-tests.stdout.log
10a4866ea21ce851861e85ff3db5093063d1105d6565904c363ca93edc9b4f86	12032	evidence/receiving-python-v1/work/m3/migration/intake-20261005/current-752-ci/producer/chain/04-runtime.json
e3b0c44298fc1c149afbf4c8996fb92427ae41e4649b934ca495991b7852b855	0	evidence/receiving-python-v1/work/m3/migration/intake-20261005/current-752-ci/producer/chain/04-runtime.stderr.log
bf7eaeb076702978ec5eaade4fa252b83f975a6f19df07877effe33875b47aaf	217	evidence/receiving-python-v1/work/m3/migration/intake-20261005/current-752-ci/producer/chain/04-runtime.stdout.log
9bbed73d5bbe02c40cdc067f679bd3f5c4bae1a3fdf0fe37811421e19ca4a7cc	13227	evidence/receiving-python-v1/work/m3/migration/intake-20261005/current-752-ci/producer/commands.json
8e4c1786eca162ca2c09f0206a9849b54f4c3b38b0c2e18c0af29090224ea163	344162	evidence/receiving-python-v1/work/m3/migration/intake-20261005/current-752-ci/producer/inputs.json
58b83e04fd88254f1a285719b8b1780751518dd53142923020136316c7862e7b	735	evidence/receiving-python-v1/work/m3/migration/intake-20261005/current-752-ci/producer/junit.json
58454796bd7e50ffceb0efb802bc74442e8f1b660e4066e9ab6daff2d3d12aee	1992	evidence/receiving-python-v1/work/m3/migration/intake-20261005/current-752-ci/producer/runtime.json
1d4f61a01faacdd32026739d9c8ec62c94a825a4f385cf92408a82ed6815ea9b	14546	evidence/receiving-python-v1/work/m3/migration/intake-20261005/current-752-ci/producer/spec.json
9398e994685e1af07e10bfdec9ac7883dac856c055394daa4ce93e159f017b56	1128	evidence/receiving-python-v1/work/m3/migration/intake-20261005/current-752-ci/source-task-packet/FINAL_REPORT.md
e10a3e8c6cac4ff480bf98ba33593d7591ef3b47c85e793714f1164759bf24d4	644	evidence/receiving-python-v1/work/m3/migration/intake-20261005/current-752-ci/source-task-packet/OUTPUT_CONTRACT.tsv
4e5523e7fb5c37df8be0f327ed63a4b7b51b371117ba53cccbed8e4ac05d70e3	708	evidence/receiving-python-v1/work/m3/migration/intake-20261005/current-752-ci/source-task-packet/PROVENANCE.tsv
6c980e16d0d4e4f8a58723522cb6e716fd5a44f30b0e3a27e75f848b726bdfc8	583	evidence/receiving-python-v1/work/m3/migration/intake-20261005/current-752-ci/source-task-packet/RUN_CONTEXT.tsv
eab61f7203ce00769b1d67824e206c6552d9821c092f8d18621bee0761fc1c1d	479	evidence/receiving-python-v1/work/m3/migration/intake-20261005/current-752-ci/source-task-packet/STATUS.tsv
574537187fbbbbdc3800e64c31f19f4d9a4a63f49d6bc43935609ecd35bfe4af	3562	evidence/receiving-python-v1/work/m3/migration/intake-20261005/current-752-ci/source-task-packet/TASK_PACKET.json
4e44f8931c93e3f4c58e3eb8359447acb6d8d2d5476a3d37b32fd505fe1bdcd5	990	evidence/receiving-python-v1/work/m3/migration/intake-20261005/current-752-ci/source-task-packet/VERIFY_CONTRACT.tsv
1df417ece1f2082fc3fa66758a11cdd7cb25422fe3eccad05ec4bc79d33b4ed5	12263	evidence/receiving-python-v1/work/m3/migration/intake-20261005/current-752-ci/verify-runtime.py
3de7a992d45cb14eb68959587d55d60bc4c070b30f01b72c5d493c3626e79739	28874	evidence/receiving-python-v1/work/m3/migration/intake-20261005/host-proof/INDEX.json
524395f5e4f0b18fc74cbcc88f3b13c0f5052a022a184de270c54ea868d024cb	1737	evidence/receiving-python-v1/work/m3/migration/intake-20261005/host-proof/README.md
4d7496a37677aee3ba1aee206129625a5ed870d0f922eccde32ca670f09a11d8	21178	evidence/receiving-python-v1/work/m3/migration/intake-20261005/output-plan.json
4072d0cef765767e44e9ff93a11f2d7112b32f94ab6b3d07a03ed191307e2daf	68888	evidence/receiving-python-v1/work/m3/migration/intake-20261005/owners.json
8ccd586902d1b292310d6ded995cab15d14f56c43de3bdfa8c20bc4362eab517	1437	evidence/receiving-python-v1/work/m3/migration/intake-20261005/pom.xml
75e169b985f86b85960973c2d10e706e85d4a9bb969c013730d62d87390b0884	746	evidence/receiving-python-v1/work/m3/migration/intake-20261005/portable/mrc2/consumer-0/PATCH.json
ac3a58759bd8dda7d2e437fd2fd1aa3201c30842c4993447dd0987d625fc268e	2740	evidence/receiving-python-v1/work/m3/migration/intake-20261005/portable/mrc2/consumer-0/RESULT.json
fde00eb2386d4a356a1bbae3aca4234d4a09169b7a6ad20660f06750039c1e0c	264094	evidence/receiving-python-v1/work/m3/migration/intake-20261005/portable/mrc2/consumer-0/build-artifacts.json
ff06d4de85f0d13a50fdeb305613ecbd185172af8cdb9dc26ca4cce48d09b221	897	evidence/receiving-python-v1/work/m3/migration/intake-20261005/portable/mrc2/consumer-0/chain/01-lint.json
e3b0c44298fc1c149afbf4c8996fb92427ae41e4649b934ca495991b7852b855	0	evidence/receiving-python-v1/work/m3/migration/intake-20261005/portable/mrc2/consumer-0/chain/01-lint.stderr.log
5a05902987213afc6ba9251310eac97ecd6afd7d56c4c1d81c1b0ad11b89aa8b	202	evidence/receiving-python-v1/work/m3/migration/intake-20261005/portable/mrc2/consumer-0/chain/01-lint.stdout.log
e5200afcc189f59d2c3e42a282c1184b8541e26f15134e1d5ee18e635a74409f	925	evidence/receiving-python-v1/work/m3/migration/intake-20261005/portable/mrc2/consumer-0/chain/02-compile.json
e3b0c44298fc1c149afbf4c8996fb92427ae41e4649b934ca495991b7852b855	0	evidence/receiving-python-v1/work/m3/migration/intake-20261005/portable/mrc2/consumer-0/chain/02-compile.stderr.log
63d9e72bd087b60df8e3437133ffc1135f5dcb8e1d7e9349d78de73797a938cf	1997	evidence/receiving-python-v1/work/m3/migration/intake-20261005/portable/mrc2/consumer-0/chain/02-compile.stdout.log
7b7f35ac107c5c66ee3fd0796e3fe9065c7ebaa2e107cc4de97ec6860918ac81	942	evidence/receiving-python-v1/work/m3/migration/intake-20261005/portable/mrc2/consumer-0/chain/03-test.json
c7d2a47792d8994dd9e62a5260cd018eb24094a1ed1b3826149951dcd5ae6d1b	48746	evidence/receiving-python-v1/work/m3/migration/intake-20261005/portable/mrc2/consumer-0/chain/03-test.stderr.log
c1fc311230fa97476c41bedc18b5f332b7b30927f67c53597f6823eb3870d566	3463	evidence/receiving-python-v1/work/m3/migration/intake-20261005/portable/mrc2/consumer-0/chain/03-test.stdout.log
ebdb7ba35995bbb53c4430bd8d2b38a6f0095f3cff9f548a68b86a1147b1e3dd	968	evidence/receiving-python-v1/work/m3/migration/intake-20261005/portable/mrc2/consumer-0/chain/04-runtime.json
dde478fa015abc976cf4dc45f45f6a955c05c52cdf313a059505f2de41f3160d	12504	evidence/receiving-python-v1/work/m3/migration/intake-20261005/portable/mrc2/consumer-0/chain/04-runtime.stderr.log
0a4c6433a7563ade2e30ee4a8e477701f0d27f1035ed74714a0f6852eb68f7da	801	evidence/receiving-python-v1/work/m3/migration/intake-20261005/portable/mrc2/consumer-0/chain/04-runtime.stdout.log
a7b21b004dd5c794b0c8618c1632914f66b9134d363d37cf4c27fb20cfe7291c	38205	evidence/receiving-python-v1/work/m3/migration/intake-20261005/portable/mrc2/consumer-0/commands.json
e91c6cccd92f628e1d0321c4c8d09b0a87e2e72a39c7c9989bbeff733da77759	602420	evidence/receiving-python-v1/work/m3/migration/intake-20261005/portable/mrc2/consumer-0/inputs.json
258927b32355034a96eb3c387512536329ead8bd4ff482ebdffabba5facedfe9	1519	evidence/receiving-python-v1/work/m3/migration/intake-20261005/portable/mrc2/consumer-0/junit-report.json
0af01b8b44df05818008d1c666f4495849325323f609ac0869510445b8e403ba	9997	evidence/receiving-python-v1/work/m3/migration/intake-20261005/portable/mrc2/consumer-0/runtime-1.json
e3b0c44298fc1c149afbf4c8996fb92427ae41e4649b934ca495991b7852b855	0	evidence/receiving-python-v1/work/m3/migration/intake-20261005/portable/mrc2/consumer-0/runtime-1.stderr.log
360752eaa70beadc967fee69f6e3cf874e916851ba1cae1e722dec847bd75bba	111	evidence/receiving-python-v1/work/m3/migration/intake-20261005/portable/mrc2/consumer-0/runtime-1.stdout.log
f5d234e48fc59d45e0a9cbfb30e9444e34cdf44a29b5ad1c2146667ccd41d1d3	9995	evidence/receiving-python-v1/work/m3/migration/intake-20261005/portable/mrc2/consumer-0/runtime-2.json
dde478fa015abc976cf4dc45f45f6a955c05c52cdf313a059505f2de41f3160d	12504	evidence/receiving-python-v1/work/m3/migration/intake-20261005/portable/mrc2/consumer-0/runtime-2.stderr.log
b128999f52d9f31229735f1828eb679177d122ed21ebaba13057290b43739e20	98	evidence/receiving-python-v1/work/m3/migration/intake-20261005/portable/mrc2/consumer-0/runtime-2.stdout.log
31995f0f3a4823482cfbf7597a988a6b6dd9af3dfbaee09f70fba39c7a1dabef	10000	evidence/receiving-python-v1/work/m3/migration/intake-20261005/portable/mrc2/consumer-0/runtime-3.json
e3b0c44298fc1c149afbf4c8996fb92427ae41e4649b934ca495991b7852b855	0	evidence/receiving-python-v1/work/m3/migration/intake-20261005/portable/mrc2/consumer-0/runtime-3.stderr.log
c0830052966c01b8eb27ebc112d2aa8c43ce066f23ed4972a0ddab024a75e276	67	evidence/receiving-python-v1/work/m3/migration/intake-20261005/portable/mrc2/consumer-0/runtime-3.stdout.log
5dc031315ccd25e1f6bf806ed62985eda459532405c07db771f172d2d165b640	30303	evidence/receiving-python-v1/work/m3/migration/intake-20261005/portable/mrc2/consumer-0/runtime-report.json
63fbbbc66450f5ecf48880c03559b7292e62a52468f3bc777f4e8590829f8262	217474	evidence/receiving-python-v1/work/m3/migration/intake-20261005/portable/mrc2/consumer-0/staging.json
f3cc4675fda6a9b6788c1f95df4894a9e61af58e61bbb797f35176f549b17dff	72941	evidence/receiving-python-v1/work/m3/migration/intake-20261005/portable/mrc2/consumer-0/target/surefire-reports/TEST-com.synexia.rewrite.M3ClosureCompatibilityTest.xml
47510f3681df9f55c486a3e127ecfe9b8eb2236eff9cb894f7996f472a11644f	23248	evidence/receiving-python-v1/work/m3/migration/intake-20261005/portable/mrc2/consumer-0/target/surefire-reports/TEST-com.synexia.rewrite.M3RecipeConvergenceLabControlFlowTest.xml
4387c678877b5e72faed27a12e728863b0088970ba8ac01f66e23b51b8c6a62c	24635	evidence/receiving-python-v1/work/m3/migration/intake-20261005/portable/mrc2/consumer-0/target/surefire-reports/TEST-com.synexia.rewrite.M3RecipeMasteryIsolationTest.xml
17d4037ad9d45dff4d6288a8db4e79142462abc594218b123994428dfb6f064d	22628	evidence/receiving-python-v1/work/m3/migration/intake-20261005/portable/mrc2/consumer-0/target/surefire-reports/TEST-com.synexia.rewrite.M3RecipeMasteryLiveSupersetTest.xml
c7044fc3f9d1759648c118589de2091bfe409602db71a150aec7f594afec2fee	941	evidence/receiving-python-v1/work/m3/migration/intake-20261005/portable/mrc2/consumer-0/tooling.json
d5122dbb448b0ced7162c5e28f881f6ef1611fbac72b31eecc6162508affe3f8	3786	evidence/receiving-python-v1/work/m3/migration/intake-20261005/portable/mrc2/outputs.json
35d503be04c1206f3e0ebae79e2e117cf25e66d54ee314e82ec3a4e41539547e	48403	evidence/receiving-python-v1/work/m3/migration/intake-20261005/portable/mrc2/outputs/m3-fast-search/src/main/java/com/synexia/m3/search/CompetitiveProblemReview.java
460ac381ab86ad926d1253b012032a1ea2b0b53a02ea3169436958ec35c45ade	33102	evidence/receiving-python-v1/work/m3/migration/intake-20261005/portable/mrc2/outputs/synexia-algo/src/main/java/com/synexia/algorithms/corpus/ChallengeDonorPassLedger.java
59742f333ab2a04c3cd5b12061bff182e9a2114549117ce323928d391c10fafa	17440	evidence/receiving-python-v1/work/m3/migration/intake-20261005/portable/mrc2/outputs/synexia-algo/src/main/java/com/synexia/algorithms/corpus/CompetitiveCapabilityPlanIndex.java
32ad3ecb53a611de29ce8bdcf4079d77576b3b6d5a56a847b67c9cbd5c91b326	20208	evidence/receiving-python-v1/work/m3/migration/intake-20261005/portable/mrc2/outputs/synexia-donor-inventory/src/main/java/com/synexia/donor/DonorMechanicalShapeCatalog.java
dfaeb0026c90f2563d52e599a478f54f130b25ef89c150f39e58b0ff9049e304	6242	evidence/receiving-python-v1/work/m3/migration/intake-20261005/portable/mrc2/outputs/synexia-openrewrite-recipes/src/main/java/com/synexia/rewrite/M3OpenRewriteRuntimeRecipeInventoryRecipe.java
b11640b4d97f95e3c12299f85cf0dbba081ae70b7b6c2c4ff8b2135446be1337	24064	evidence/receiving-python-v1/work/m3/migration/intake-20261005/portable/mrc2/outputs/synexia-openrewrite-recipes/src/main/java/com/synexia/rewrite/M3RecipeCrateSerialAtomReview.java
3a475b5a1ea098b0ce07368e4ef1080f8c888d7166ceefe85716a12d735b21cc	36683	evidence/receiving-python-v1/work/m3/migration/intake-20261005/portable/mrc2/outputs/synexia-openrewrite-recipes/src/main/java/com/synexia/rewrite/M3SemanticCodeInventoryRecipe.java
59e18f56b50f2af2de357d02e225f99fb394bf2290073607980692a75113f9fc	741	evidence/receiving-python-v1/work/m3/migration/intake-20261005/portable/mrc2/recipe/PATCH.json
4cd704a31cba101e36721476876720a8d3bc2c141d8128ac14db2230d69b8770	2740	evidence/receiving-python-v1/work/m3/migration/intake-20261005/portable/mrc2/recipe/RESULT.json
60f46bd863f6531f6c873bdcc27bfd3de79e1d6bd01b0fa732157a84d04040fc	10211	evidence/receiving-python-v1/work/m3/migration/intake-20261005/portable/mrc2/recipe/build-artifacts.json
9e417b280280d0094d77bd0c42b60add0a7813b0d77501a01ab487bac628da6f	897	evidence/receiving-python-v1/work/m3/migration/intake-20261005/portable/mrc2/recipe/chain/01-lint.json
e3b0c44298fc1c149afbf4c8996fb92427ae41e4649b934ca495991b7852b855	0	evidence/receiving-python-v1/work/m3/migration/intake-20261005/portable/mrc2/recipe/chain/01-lint.stderr.log
5a05902987213afc6ba9251310eac97ecd6afd7d56c4c1d81c1b0ad11b89aa8b	202	evidence/receiving-python-v1/work/m3/migration/intake-20261005/portable/mrc2/recipe/chain/01-lint.stdout.log
25e427aa4da274e1e15141264cdadf813b9b7a15fcffc3d15145813457f28fa4	925	evidence/receiving-python-v1/work/m3/migration/intake-20261005/portable/mrc2/recipe/chain/02-compile.json
e3b0c44298fc1c149afbf4c8996fb92427ae41e4649b934ca495991b7852b855	0	evidence/receiving-python-v1/work/m3/migration/intake-20261005/portable/mrc2/recipe/chain/02-compile.stderr.log
9a1f08dad80747f0019142a9447665a1c653714acc3c076e873a708571b0bf97	1869	evidence/receiving-python-v1/work/m3/migration/intake-20261005/portable/mrc2/recipe/chain/02-compile.stdout.log
9819ee775df2d3cfe6b943c59e187bfeac99ed13893678fea0cf157f7ff01444	942	evidence/receiving-python-v1/work/m3/migration/intake-20261005/portable/mrc2/recipe/chain/03-test.json
5ebba0b1ec24a9715e85442501561ba25e74ea5da2921c8a8135a4124f2f5501	54413	evidence/receiving-python-v1/work/m3/migration/intake-20261005/portable/mrc2/recipe/chain/03-test.stderr.log
7eb3e8cd06995e297af8d74429012079d07684e34a8ca9336e9687982013855a	2215	evidence/receiving-python-v1/work/m3/migration/intake-20261005/portable/mrc2/recipe/chain/03-test.stdout.log
7a75b585021996143e4c0f00230f6525100406a7945d1b90d5df7040271ba638	968	evidence/receiving-python-v1/work/m3/migration/intake-20261005/portable/mrc2/recipe/chain/04-runtime.json
8a51ee50e949fd199c335b9f25984c3460f99623cc0e518db1e600ab18f39941	18153	evidence/receiving-python-v1/work/m3/migration/intake-20261005/portable/mrc2/recipe/chain/04-runtime.stderr.log
ee859ef54bc87aef957acd4a2a1ea3b3ffc8f37e2eac0cd15b118bc77e95b06c	772	evidence/receiving-python-v1/work/m3/migration/intake-20261005/portable/mrc2/recipe/chain/04-runtime.stdout.log
f2b9006065fcd269cdd00ad83968c2421242523487ea640941efbd1844c994f1	27015	evidence/receiving-python-v1/work/m3/migration/intake-20261005/portable/mrc2/recipe/commands.json
cd037268a3887eaea165d62b4d4e5884c22346f3d8e7d601152faa30f27e66a3	417926	evidence/receiving-python-v1/work/m3/migration/intake-20261005/portable/mrc2/recipe/inputs.json
f2eff32d4c60a2c7db588473d04eb841c4d540774f556244cf6fd49c3afb524e	775	evidence/receiving-python-v1/work/m3/migration/intake-20261005/portable/mrc2/recipe/junit-report.json
e01e85111926df3a2960b25a95ba7d385eaaaf820108ebe78090b7c39996ebc2	3753	evidence/receiving-python-v1/work/m3/migration/intake-20261005/portable/mrc2/recipe/materialization/OUTPUT.json
a394e730e97d9d40efff4872fe668cf8cb7db7ad565a3dbd81c137ebef536c26	10973	evidence/receiving-python-v1/work/m3/migration/intake-20261005/portable/mrc2/recipe/materialization/candidate.patch
29cd35b127528efe79af2bfb8d8e81a7d4e80c174c6af11df5249aa3a5229f7f	1936	evidence/receiving-python-v1/work/m3/migration/intake-20261005/portable/mrc2/recipe/materialization/manifest.tsv
23a66a37f3ad613f92c2eb7f9afaea8b4f5abddd4aed14ba4e522e23828059c1	9993	evidence/receiving-python-v1/work/m3/migration/intake-20261005/portable/mrc2/recipe/runtime-1.json
8a51ee50e949fd199c335b9f25984c3460f99623cc0e518db1e600ab18f39941	18153	evidence/receiving-python-v1/work/m3/migration/intake-20261005/portable/mrc2/recipe/runtime-1.stderr.log
2d2abe89b69a0cbbd9c84a9ea450ebe4fcaeceb79414596129d94de7111c7d1d	156	evidence/receiving-python-v1/work/m3/migration/intake-20261005/portable/mrc2/recipe/runtime-1.stdout.log
84040daf74ccccb83f15745c25d82328ae33836c319827bee61e3b02b909aa06	10102	evidence/receiving-python-v1/work/m3/migration/intake-20261005/portable/mrc2/recipe/runtime-2.json
e3b0c44298fc1c149afbf4c8996fb92427ae41e4649b934ca495991b7852b855	0	evidence/receiving-python-v1/work/m3/migration/intake-20261005/portable/mrc2/recipe/runtime-2.stderr.log
b542b7fe45167e811ae4d1b91c44e3ded78210697b52d448221cdb6908841805	266	evidence/receiving-python-v1/work/m3/migration/intake-20261005/portable/mrc2/recipe/runtime-2.stdout.log
8fd6c90445a3afbb6e028c4b71b69df6fc23d5e3ae084daa6ebce3d157cfacf2	20341	evidence/receiving-python-v1/work/m3/migration/intake-20261005/portable/mrc2/recipe/runtime-report.json
45c2c290bee9d46b001691f669ac1401dd5e5faec3e00c8a78bba90ff71bbe0a	19129	evidence/receiving-python-v1/work/m3/migration/intake-20261005/portable/mrc2/recipe/staging.json
5426a3364afc66672252ea90754c1dfa82f10369c4260903c4c9bbb36963d6d7	71921	evidence/receiving-python-v1/work/m3/migration/intake-20261005/portable/mrc2/recipe/target/surefire-reports/TEST-com.synexia.rewrite.M3ParserDependenciesTest.xml
c0c03c463a2a09f2eb90541fcd9e93b782a96d1087479a78f2439cf38d481383	16599	evidence/receiving-python-v1/work/m3/migration/intake-20261005/portable/mrc2/recipe/target/surefire-reports/TEST-com.synexia.rewrite.Mrc4Test.xml
0ad391cb4ee38b875fd079ab023b2f783cf2b4e1349381618e31e072dd05e84b	941	evidence/receiving-python-v1/work/m3/migration/intake-20261005/portable/mrc2/recipe/tooling.json
59e18f56b50f2af2de357d02e225f99fb394bf2290073607980692a75113f9fc	741	evidence/receiving-python-v1/work/m3/migration/intake-20261005/portable/mrd/consumer-0/PATCH.json
4cd704a31cba101e36721476876720a8d3bc2c141d8128ac14db2230d69b8770	2740	evidence/receiving-python-v1/work/m3/migration/intake-20261005/portable/mrd/consumer-0/RESULT.json
60f46bd863f6531f6c873bdcc27bfd3de79e1d6bd01b0fa732157a84d04040fc	10211	evidence/receiving-python-v1/work/m3/migration/intake-20261005/portable/mrd/consumer-0/build-artifacts.json
9e417b280280d0094d77bd0c42b60add0a7813b0d77501a01ab487bac628da6f	897	evidence/receiving-python-v1/work/m3/migration/intake-20261005/portable/mrd/consumer-0/chain/01-lint.json
e3b0c44298fc1c149afbf4c8996fb92427ae41e4649b934ca495991b7852b855	0	evidence/receiving-python-v1/work/m3/migration/intake-20261005/portable/mrd/consumer-0/chain/01-lint.stderr.log
5a05902987213afc6ba9251310eac97ecd6afd7d56c4c1d81c1b0ad11b89aa8b	202	evidence/receiving-python-v1/work/m3/migration/intake-20261005/portable/mrd/consumer-0/chain/01-lint.stdout.log
25e427aa4da274e1e15141264cdadf813b9b7a15fcffc3d15145813457f28fa4	925	evidence/receiving-python-v1/work/m3/migration/intake-20261005/portable/mrd/consumer-0/chain/02-compile.json
e3b0c44298fc1c149afbf4c8996fb92427ae41e4649b934ca495991b7852b855	0	evidence/receiving-python-v1/work/m3/migration/intake-20261005/portable/mrd/consumer-0/chain/02-compile.stderr.log
9a1f08dad80747f0019142a9447665a1c653714acc3c076e873a708571b0bf97	1869	evidence/receiving-python-v1/work/m3/migration/intake-20261005/portable/mrd/consumer-0/chain/02-compile.stdout.log
9819ee775df2d3cfe6b943c59e187bfeac99ed13893678fea0cf157f7ff01444	942	evidence/receiving-python-v1/work/m3/migration/intake-20261005/portable/mrd/consumer-0/chain/03-test.json
5ebba0b1ec24a9715e85442501561ba25e74ea5da2921c8a8135a4124f2f5501	54413	evidence/receiving-python-v1/work/m3/migration/intake-20261005/portable/mrd/consumer-0/chain/03-test.stderr.log
7eb3e8cd06995e297af8d74429012079d07684e34a8ca9336e9687982013855a	2215	evidence/receiving-python-v1/work/m3/migration/intake-20261005/portable/mrd/consumer-0/chain/03-test.stdout.log
7a75b585021996143e4c0f00230f6525100406a7945d1b90d5df7040271ba638	968	evidence/receiving-python-v1/work/m3/migration/intake-20261005/portable/mrd/consumer-0/chain/04-runtime.json
8a51ee50e949fd199c335b9f25984c3460f99623cc0e518db1e600ab18f39941	18153	evidence/receiving-python-v1/work/m3/migration/intake-20261005/portable/mrd/consumer-0/chain/04-runtime.stderr.log
ee859ef54bc87aef957acd4a2a1ea3b3ffc8f37e2eac0cd15b118bc77e95b06c	772	evidence/receiving-python-v1/work/m3/migration/intake-20261005/portable/mrd/consumer-0/chain/04-runtime.stdout.log
f2b9006065fcd269cdd00ad83968c2421242523487ea640941efbd1844c994f1	27015	evidence/receiving-python-v1/work/m3/migration/intake-20261005/portable/mrd/consumer-0/commands.json
cd037268a3887eaea165d62b4d4e5884c22346f3d8e7d601152faa30f27e66a3	417926	evidence/receiving-python-v1/work/m3/migration/intake-20261005/portable/mrd/consumer-0/inputs.json
f2eff32d4c60a2c7db588473d04eb841c4d540774f556244cf6fd49c3afb524e	775	evidence/receiving-python-v1/work/m3/migration/intake-20261005/portable/mrd/consumer-0/junit-report.json
23a66a37f3ad613f92c2eb7f9afaea8b4f5abddd4aed14ba4e522e23828059c1	9993	evidence/receiving-python-v1/work/m3/migration/intake-20261005/portable/mrd/consumer-0/runtime-1.json
8a51ee50e949fd199c335b9f25984c3460f99623cc0e518db1e600ab18f39941	18153	evidence/receiving-python-v1/work/m3/migration/intake-20261005/portable/mrd/consumer-0/runtime-1.stderr.log
2d2abe89b69a0cbbd9c84a9ea450ebe4fcaeceb79414596129d94de7111c7d1d	156	evidence/receiving-python-v1/work/m3/migration/intake-20261005/portable/mrd/consumer-0/runtime-1.stdout.log
84040daf74ccccb83f15745c25d82328ae33836c319827bee61e3b02b909aa06	10102	evidence/receiving-python-v1/work/m3/migration/intake-20261005/portable/mrd/consumer-0/runtime-2.json
e3b0c44298fc1c149afbf4c8996fb92427ae41e4649b934ca495991b7852b855	0	evidence/receiving-python-v1/work/m3/migration/intake-20261005/portable/mrd/consumer-0/runtime-2.stderr.log
b542b7fe45167e811ae4d1b91c44e3ded78210697b52d448221cdb6908841805	266	evidence/receiving-python-v1/work/m3/migration/intake-20261005/portable/mrd/consumer-0/runtime-2.stdout.log
8fd6c90445a3afbb6e028c4b71b69df6fc23d5e3ae084daa6ebce3d157cfacf2	20341	evidence/receiving-python-v1/work/m3/migration/intake-20261005/portable/mrd/consumer-0/runtime-report.json
45c2c290bee9d46b001691f669ac1401dd5e5faec3e00c8a78bba90ff71bbe0a	19129	evidence/receiving-python-v1/work/m3/migration/intake-20261005/portable/mrd/consumer-0/staging.json
5426a3364afc66672252ea90754c1dfa82f10369c4260903c4c9bbb36963d6d7	71921	evidence/receiving-python-v1/work/m3/migration/intake-20261005/portable/mrd/consumer-0/target/surefire-reports/TEST-com.synexia.rewrite.M3ParserDependenciesTest.xml
c0c03c463a2a09f2eb90541fcd9e93b782a96d1087479a78f2439cf38d481383	16599	evidence/receiving-python-v1/work/m3/migration/intake-20261005/portable/mrd/consumer-0/target/surefire-reports/TEST-com.synexia.rewrite.Mrc4Test.xml
0ad391cb4ee38b875fd079ab023b2f783cf2b4e1349381618e31e072dd05e84b	941	evidence/receiving-python-v1/work/m3/migration/intake-20261005/portable/mrd/consumer-0/tooling.json
cabb07c15f85501c516c3b67f2c83cf19b2047d7489408cc9f61780214428460	1195	evidence/receiving-python-v1/work/m3/migration/intake-20261005/portable/mrd/outputs.json
cd55551642f4e513d650cad0f4b798e22a880c7a13e7170d22eb2a7f23234c07	21558	evidence/receiving-python-v1/work/m3/migration/intake-20261005/portable/mrd/outputs/synexia-openrewrite-recipes/src/main/java/com/synexia/rewrite/M3HashPinnedJavaSnapshotRecipe.java
b4e050f83369539983f6b5bf16c7895eed654737d4bb06182793f639140389d8	744	evidence/receiving-python-v1/work/m3/migration/intake-20261005/portable/mrd/recipe/PATCH.json
31b7e0ce9fc360555865112e366573bfed3375a542496333cd5e6dcb60e6471d	2739	evidence/receiving-python-v1/work/m3/migration/intake-20261005/portable/mrd/recipe/RESULT.json
e277accae2fe8235fca0c9d71ec038dfc31c720fb98578d1b76cbabd2f639ef7	3723	evidence/receiving-python-v1/work/m3/migration/intake-20261005/portable/mrd/recipe/build-artifacts.json
c13bd700f0cc41945efb48d1e45c33c35181202ea87aa6d9e03b14ba6ee5a70b	897	evidence/receiving-python-v1/work/m3/migration/intake-20261005/portable/mrd/recipe/chain/01-lint.json
e3b0c44298fc1c149afbf4c8996fb92427ae41e4649b934ca495991b7852b855	0	evidence/receiving-python-v1/work/m3/migration/intake-20261005/portable/mrd/recipe/chain/01-lint.stderr.log
5a05902987213afc6ba9251310eac97ecd6afd7d56c4c1d81c1b0ad11b89aa8b	202	evidence/receiving-python-v1/work/m3/migration/intake-20261005/portable/mrd/recipe/chain/01-lint.stdout.log
dea2dd4f661283b2b75d86e07c1c05e400e8b0fdc8788f658717d79d9a78bd0f	925	evidence/receiving-python-v1/work/m3/migration/intake-20261005/portable/mrd/recipe/chain/02-compile.json
e3b0c44298fc1c149afbf4c8996fb92427ae41e4649b934ca495991b7852b855	0	evidence/receiving-python-v1/work/m3/migration/intake-20261005/portable/mrd/recipe/chain/02-compile.stderr.log
669bf0fe614bbdc8e471fb6ba19c2ee2425aa3149e55f439bd70f8565ac5a5b0	1870	evidence/receiving-python-v1/work/m3/migration/intake-20261005/portable/mrd/recipe/chain/02-compile.stdout.log
65b836bb2e2611d9869e5f6e4ba64c941fcc7c8d76adfdf776f36b4b5c2120da	942	evidence/receiving-python-v1/work/m3/migration/intake-20261005/portable/mrd/recipe/chain/03-test.json
e3b0c44298fc1c149afbf4c8996fb92427ae41e4649b934ca495991b7852b855	0	evidence/receiving-python-v1/work/m3/migration/intake-20261005/portable/mrd/recipe/chain/03-test.stderr.log
b1f8a51b676933e7fb18a92ae18dbf91e03c3899a31b27f80ac3d4bbeeb75472	1712	evidence/receiving-python-v1/work/m3/migration/intake-20261005/portable/mrd/recipe/chain/03-test.stdout.log
6412baa15c3a5b703b1315ebf5dbbc0839373d165a1b1adbcfb04d71ab0679a3	968	evidence/receiving-python-v1/work/m3/migration/intake-20261005/portable/mrd/recipe/chain/04-runtime.json
e3b0c44298fc1c149afbf4c8996fb92427ae41e4649b934ca495991b7852b855	0	evidence/receiving-python-v1/work/m3/migration/intake-20261005/portable/mrd/recipe/chain/04-runtime.stderr.log
5bd1804e0fa98500ebd06a892e347cd2772174b981a6c7d23216d0744024486a	438	evidence/receiving-python-v1/work/m3/migration/intake-20261005/portable/mrd/recipe/chain/04-runtime.stdout.log
3d942867e091983cb0a36b0f1c5e94d8ef10c919f224e846881ca94218f9741b	15371	evidence/receiving-python-v1/work/m3/migration/intake-20261005/portable/mrd/recipe/commands.json
0ba6feb74460587ac61002032f2e65da843e5cce14b648841f188ad6191463f1	388567	evidence/receiving-python-v1/work/m3/migration/intake-20261005/portable/mrd/recipe/inputs.json
9eaddccbd33966ff468247e6069d8044a671978e222ba2691a0fc30c8908e9cc	443	evidence/receiving-python-v1/work/m3/migration/intake-20261005/portable/mrd/recipe/junit-report.json
f5369f767e19cfc21ed889acfa6d632e2e147db317ff61f72572072052d77efc	1149	evidence/receiving-python-v1/work/m3/migration/intake-20261005/portable/mrd/recipe/materialization/OUTPUT.json
1135bf4b540baa679e3c280048102c7765d19803fd3809fbf8dd96a292fb03be	10832	evidence/receiving-python-v1/work/m3/migration/intake-20261005/portable/mrd/recipe/materialization/candidate.patch
3d67950e579cfc780877860458a258f2dcf0bf5eba3aa7d054b8a284791c7889	354	evidence/receiving-python-v1/work/m3/migration/intake-20261005/portable/mrd/recipe/materialization/manifest.tsv
42c5378e28e359e626b9d34d55357cf6b5355fa4f5a7352707e18849d161f8bc	10101	evidence/receiving-python-v1/work/m3/migration/intake-20261005/portable/mrd/recipe/runtime-1.json
e3b0c44298fc1c149afbf4c8996fb92427ae41e4649b934ca495991b7852b855	0	evidence/receiving-python-v1/work/m3/migration/intake-20261005/portable/mrd/recipe/runtime-1.stderr.log
939d344909a60208d8e89bec316fc8e9954da5408e3ea91423e64e8173ed0da2	263	evidence/receiving-python-v1/work/m3/migration/intake-20261005/portable/mrd/recipe/runtime-1.stdout.log
221455dc69da8016667633bde03a8c88e5801e31aad0e54fc30bad53e4d13b5e	10278	evidence/receiving-python-v1/work/m3/migration/intake-20261005/portable/mrd/recipe/runtime-report.json
e226da0e459dcf0245fd7917f274b78e94189fdea1e8fe546d14d3e227e3fb8f	5248	evidence/receiving-python-v1/work/m3/migration/intake-20261005/portable/mrd/recipe/staging.json
df2fa9f44af871985e5ec1bb19973ef126def8de35e2188d618d689e4563a01c	16586	evidence/receiving-python-v1/work/m3/migration/intake-20261005/portable/mrd/recipe/target/surefire-reports/TEST-com.synexia.rewrite.MrdTest.xml
e9310cfa52d2a440c54bfe1530ff1482da16559f8208dd28212cc960637f8efb	941	evidence/receiving-python-v1/work/m3/migration/intake-20261005/portable/mrd/recipe/tooling.json
75e169b985f86b85960973c2d10e706e85d4a9bb969c013730d62d87390b0884	746	evidence/receiving-python-v1/work/m3/migration/intake-20261005/portable/mre2/consumer-0/PATCH.json
ac3a58759bd8dda7d2e437fd2fd1aa3201c30842c4993447dd0987d625fc268e	2740	evidence/receiving-python-v1/work/m3/migration/intake-20261005/portable/mre2/consumer-0/RESULT.json
fde00eb2386d4a356a1bbae3aca4234d4a09169b7a6ad20660f06750039c1e0c	264094	evidence/receiving-python-v1/work/m3/migration/intake-20261005/portable/mre2/consumer-0/build-artifacts.json
ff06d4de85f0d13a50fdeb305613ecbd185172af8cdb9dc26ca4cce48d09b221	897	evidence/receiving-python-v1/work/m3/migration/intake-20261005/portable/mre2/consumer-0/chain/01-lint.json
e3b0c44298fc1c149afbf4c8996fb92427ae41e4649b934ca495991b7852b855	0	evidence/receiving-python-v1/work/m3/migration/intake-20261005/portable/mre2/consumer-0/chain/01-lint.stderr.log
5a05902987213afc6ba9251310eac97ecd6afd7d56c4c1d81c1b0ad11b89aa8b	202	evidence/receiving-python-v1/work/m3/migration/intake-20261005/portable/mre2/consumer-0/chain/01-lint.stdout.log
e5200afcc189f59d2c3e42a282c1184b8541e26f15134e1d5ee18e635a74409f	925	evidence/receiving-python-v1/work/m3/migration/intake-20261005/portable/mre2/consumer-0/chain/02-compile.json
e3b0c44298fc1c149afbf4c8996fb92427ae41e4649b934ca495991b7852b855	0	evidence/receiving-python-v1/work/m3/migration/intake-20261005/portable/mre2/consumer-0/chain/02-compile.stderr.log
63d9e72bd087b60df8e3437133ffc1135f5dcb8e1d7e9349d78de73797a938cf	1997	evidence/receiving-python-v1/work/m3/migration/intake-20261005/portable/mre2/consumer-0/chain/02-compile.stdout.log
7b7f35ac107c5c66ee3fd0796e3fe9065c7ebaa2e107cc4de97ec6860918ac81	942	evidence/receiving-python-v1/work/m3/migration/intake-20261005/portable/mre2/consumer-0/chain/03-test.json
c7d2a47792d8994dd9e62a5260cd018eb24094a1ed1b3826149951dcd5ae6d1b	48746	evidence/receiving-python-v1/work/m3/migration/intake-20261005/portable/mre2/consumer-0/chain/03-test.stderr.log
c1fc311230fa97476c41bedc18b5f332b7b30927f67c53597f6823eb3870d566	3463	evidence/receiving-python-v1/work/m3/migration/intake-20261005/portable/mre2/consumer-0/chain/03-test.stdout.log
ebdb7ba35995bbb53c4430bd8d2b38a6f0095f3cff9f548a68b86a1147b1e3dd	968	evidence/receiving-python-v1/work/m3/migration/intake-20261005/portable/mre2/consumer-0/chain/04-runtime.json
dde478fa015abc976cf4dc45f45f6a955c05c52cdf313a059505f2de41f3160d	12504	evidence/receiving-python-v1/work/m3/migration/intake-20261005/portable/mre2/consumer-0/chain/04-runtime.stderr.log
0a4c6433a7563ade2e30ee4a8e477701f0d27f1035ed74714a0f6852eb68f7da	801	evidence/receiving-python-v1/work/m3/migration/intake-20261005/portable/mre2/consumer-0/chain/04-runtime.stdout.log
a7b21b004dd5c794b0c8618c1632914f66b9134d363d37cf4c27fb20cfe7291c	38205	evidence/receiving-python-v1/work/m3/migration/intake-20261005/portable/mre2/consumer-0/commands.json
e91c6cccd92f628e1d0321c4c8d09b0a87e2e72a39c7c9989bbeff733da77759	602420	evidence/receiving-python-v1/work/m3/migration/intake-20261005/portable/mre2/consumer-0/inputs.json
258927b32355034a96eb3c387512536329ead8bd4ff482ebdffabba5facedfe9	1519	evidence/receiving-python-v1/work/m3/migration/intake-20261005/portable/mre2/consumer-0/junit-report.json
0af01b8b44df05818008d1c666f4495849325323f609ac0869510445b8e403ba	9997	evidence/receiving-python-v1/work/m3/migration/intake-20261005/portable/mre2/consumer-0/runtime-1.json
e3b0c44298fc1c149afbf4c8996fb92427ae41e4649b934ca495991b7852b855	0	evidence/receiving-python-v1/work/m3/migration/intake-20261005/portable/mre2/consumer-0/runtime-1.stderr.log
360752eaa70beadc967fee69f6e3cf874e916851ba1cae1e722dec847bd75bba	111	evidence/receiving-python-v1/work/m3/migration/intake-20261005/portable/mre2/consumer-0/runtime-1.stdout.log
f5d234e48fc59d45e0a9cbfb30e9444e34cdf44a29b5ad1c2146667ccd41d1d3	9995	evidence/receiving-python-v1/work/m3/migration/intake-20261005/portable/mre2/consumer-0/runtime-2.json
dde478fa015abc976cf4dc45f45f6a955c05c52cdf313a059505f2de41f3160d	12504	evidence/receiving-python-v1/work/m3/migration/intake-20261005/portable/mre2/consumer-0/runtime-2.stderr.log
b128999f52d9f31229735f1828eb679177d122ed21ebaba13057290b43739e20	98	evidence/receiving-python-v1/work/m3/migration/intake-20261005/portable/mre2/consumer-0/runtime-2.stdout.log
31995f0f3a4823482cfbf7597a988a6b6dd9af3dfbaee09f70fba39c7a1dabef	10000	evidence/receiving-python-v1/work/m3/migration/intake-20261005/portable/mre2/consumer-0/runtime-3.json
e3b0c44298fc1c149afbf4c8996fb92427ae41e4649b934ca495991b7852b855	0	evidence/receiving-python-v1/work/m3/migration/intake-20261005/portable/mre2/consumer-0/runtime-3.stderr.log
c0830052966c01b8eb27ebc112d2aa8c43ce066f23ed4972a0ddab024a75e276	67	evidence/receiving-python-v1/work/m3/migration/intake-20261005/portable/mre2/consumer-0/runtime-3.stdout.log
5dc031315ccd25e1f6bf806ed62985eda459532405c07db771f172d2d165b640	30303	evidence/receiving-python-v1/work/m3/migration/intake-20261005/portable/mre2/consumer-0/runtime-report.json
63fbbbc66450f5ecf48880c03559b7292e62a52468f3bc777f4e8590829f8262	217474	evidence/receiving-python-v1/work/m3/migration/intake-20261005/portable/mre2/consumer-0/staging.json
f3cc4675fda6a9b6788c1f95df4894a9e61af58e61bbb797f35176f549b17dff	72941	evidence/receiving-python-v1/work/m3/migration/intake-20261005/portable/mre2/consumer-0/target/surefire-reports/TEST-com.synexia.rewrite.M3ClosureCompatibilityTest.xml
47510f3681df9f55c486a3e127ecfe9b8eb2236eff9cb894f7996f472a11644f	23248	evidence/receiving-python-v1/work/m3/migration/intake-20261005/portable/mre2/consumer-0/target/surefire-reports/TEST-com.synexia.rewrite.M3RecipeConvergenceLabControlFlowTest.xml
4387c678877b5e72faed27a12e728863b0088970ba8ac01f66e23b51b8c6a62c	24635	evidence/receiving-python-v1/work/m3/migration/intake-20261005/portable/mre2/consumer-0/target/surefire-reports/TEST-com.synexia.rewrite.M3RecipeMasteryIsolationTest.xml
17d4037ad9d45dff4d6288a8db4e79142462abc594218b123994428dfb6f064d	22628	evidence/receiving-python-v1/work/m3/migration/intake-20261005/portable/mre2/consumer-0/target/surefire-reports/TEST-com.synexia.rewrite.M3RecipeMasteryLiveSupersetTest.xml
c7044fc3f9d1759648c118589de2091bfe409602db71a150aec7f594afec2fee	941	evidence/receiving-python-v1/work/m3/migration/intake-20261005/portable/mre2/consumer-0/tooling.json
32031319fd7a59e7ecd282525981e1e3bf2874a7c6d086ca63ac5002dbbf8a86	735	evidence/receiving-python-v1/work/m3/migration/intake-20261005/portable/mre2/consumer-1/PATCH.json
adce0fb4251ed4efa2dff2ec0818a0c7d9be585893241d8b7c2fda0a6c919a20	2740	evidence/receiving-python-v1/work/m3/migration/intake-20261005/portable/mre2/consumer-1/RESULT.json
b85115ed7ffa8ce93bcc58fa5216212040294d33a93b9e322ff448304e0360a4	25339	evidence/receiving-python-v1/work/m3/migration/intake-20261005/portable/mre2/consumer-1/build-artifacts.json
437aec6e49b1888fbeb9c0df20e4c8559c8bd6370050f8504caab993681f629e	897	evidence/receiving-python-v1/work/m3/migration/intake-20261005/portable/mre2/consumer-1/chain/01-lint.json
e3b0c44298fc1c149afbf4c8996fb92427ae41e4649b934ca495991b7852b855	0	evidence/receiving-python-v1/work/m3/migration/intake-20261005/portable/mre2/consumer-1/chain/01-lint.stderr.log
5a05902987213afc6ba9251310eac97ecd6afd7d56c4c1d81c1b0ad11b89aa8b	202	evidence/receiving-python-v1/work/m3/migration/intake-20261005/portable/mre2/consumer-1/chain/01-lint.stdout.log
4dcfbce6f5beee84f374681944a9f31292f1e5de54454a4f4c5514d56ba9590a	925	evidence/receiving-python-v1/work/m3/migration/intake-20261005/portable/mre2/consumer-1/chain/02-compile.json
e3b0c44298fc1c149afbf4c8996fb92427ae41e4649b934ca495991b7852b855	0	evidence/receiving-python-v1/work/m3/migration/intake-20261005/portable/mre2/consumer-1/chain/02-compile.stderr.log
bb41640c661c37cf593b3945c17780c4a5e1d95a1873f0287ebe5d8abdff4701	1821	evidence/receiving-python-v1/work/m3/migration/intake-20261005/portable/mre2/consumer-1/chain/02-compile.stdout.log
61ac4803a2443552b09dc1586b17275a96353ddbfcbe35fa51a09b40b76c7b5b	942	evidence/receiving-python-v1/work/m3/migration/intake-20261005/portable/mre2/consumer-1/chain/03-test.json
56fcd7c40a33c7d85107cbe67c4ef8dde09b80d73c6f9f767dacbe12fb379b77	55624	evidence/receiving-python-v1/work/m3/migration/intake-20261005/portable/mre2/consumer-1/chain/03-test.stderr.log
079aab86d52f19c8e66e0ca3f349f486508adaba1fe42bd085991a7c31ba5d19	3574	evidence/receiving-python-v1/work/m3/migration/intake-20261005/portable/mre2/consumer-1/chain/03-test.stdout.log
cc1e3e987a1779c4b74642e7919271eac9569af15b6fe741f4bef370ac879651	968	evidence/receiving-python-v1/work/m3/migration/intake-20261005/portable/mre2/consumer-1/chain/04-runtime.json
cc6a2fa3cf7eab0c26df639b7cabf672e18924eed987269aa186516d2ab3b44c	7974	evidence/receiving-python-v1/work/m3/migration/intake-20261005/portable/mre2/consumer-1/chain/04-runtime.stderr.log
4159d17b22feaf3bfa945de8ac38bad8cefc785b8fd8a7abfcebad097abb1532	655	evidence/receiving-python-v1/work/m3/migration/intake-20261005/portable/mre2/consumer-1/chain/04-runtime.stdout.log
5d3116fe295ef6038b4091425852b049c6520c1b6f6b56736910d6a3fc945625	27666	evidence/receiving-python-v1/work/m3/migration/intake-20261005/portable/mre2/consumer-1/commands.json
3b906207157d2fca3bede9bb51cc5310cb31c1f7b104d7b51a06b6be714d6041	464197	evidence/receiving-python-v1/work/m3/migration/intake-20261005/portable/mre2/consumer-1/inputs.json
3ca48604dcde53c1f88bf3429b4574fe2eee177fb2d4a8309c57d38f5cebafea	1456	evidence/receiving-python-v1/work/m3/migration/intake-20261005/portable/mre2/consumer-1/junit-report.json
9cf4228a2ecbfd8695ab03a9870ce4903be570537317d09a3f933bd96f0d73b3	10098	evidence/receiving-python-v1/work/m3/migration/intake-20261005/portable/mre2/consumer-1/runtime-1.json
e40f2940459bbc269300f8837730ef0727727b34b033feca76b08e5cefd5ec9c	3976	evidence/receiving-python-v1/work/m3/migration/intake-20261005/portable/mre2/consumer-1/runtime-1.stderr.log
30fa3c33f3cfee61fb188922371d0303ef1f43f4fda7ad9e734c7fa150d2ed85	142	evidence/receiving-python-v1/work/m3/migration/intake-20261005/portable/mre2/consumer-1/runtime-1.stdout.log
aaa07c9c157f27e6cca61cda2e5a9827caf26d50efbfdf2d982ee31813880853	10101	evidence/receiving-python-v1/work/m3/migration/intake-20261005/portable/mre2/consumer-1/runtime-2.json
648820c4fc7941c9aae4fb4af8683c4a1ba40abacda34a1d71bd3e6b6dfd9639	3998	evidence/receiving-python-v1/work/m3/migration/intake-20261005/portable/mre2/consumer-1/runtime-2.stderr.log
f53be2e5312754197381ee5314f4dffb76a5ef4b8715f12777b523ca7d4e0b92	163	evidence/receiving-python-v1/work/m3/migration/intake-20261005/portable/mre2/consumer-1/runtime-2.stdout.log
b31e20b9ca8f103d88d9c7f029a599190515df7ad238022d8e7ca2f49658086c	20449	evidence/receiving-python-v1/work/m3/migration/intake-20261005/portable/mre2/consumer-1/runtime-report.json
fecadfe457dbeaea52398829830d061b0ea3be0192bfa3e39a4480eb307ff791	55219	evidence/receiving-python-v1/work/m3/migration/intake-20261005/portable/mre2/consumer-1/staging.json
aafb48dba65272856b7eb9c9036b581ec77561b49182f60bb8efab3f31f78c32	17004	evidence/receiving-python-v1/work/m3/migration/intake-20261005/portable/mre2/consumer-1/target/surefire-reports/TEST-com.synexia.rewrite.M3ProviderCallbackSupersetRecipeTest.xml
7dfc2c5ad3695af4ebcaddbed4ce7e1195cf9735e9691ace7335f16cd1dafcf9	36983	evidence/receiving-python-v1/work/m3/migration/intake-20261005/portable/mre2/consumer-1/target/surefire-reports/TEST-com.synexia.rewrite.M3VersionedProviderSyntaxRepairRecipeTest.xml
2bdaf31f09c23d676a6e1ac288730a83b78a09902d7e4f07c4f917c1afb0955f	35728	evidence/receiving-python-v1/work/m3/migration/intake-20261005/portable/mre2/consumer-1/target/surefire-reports/TEST-com.synexia.rewrite.PcrTest.xml
13f386d2d11d29a1e7875df4808ab18c3e9c3f8aa0102656f97e914566336366	35584	evidence/receiving-python-v1/work/m3/migration/intake-20261005/portable/mre2/consumer-1/target/surefire-reports/TEST-com.synexia.rewrite.PcsTest.xml
ddbb325790edab61a3ea52a7622fde812d5dd353bc588f66f6f6fc0fd29b8587	941	evidence/receiving-python-v1/work/m3/migration/intake-20261005/portable/mre2/consumer-1/tooling.json
e519607f15e882db9b03f9015e6193029e44ede98ee36d7c1a48975eae19aef6	1952	evidence/receiving-python-v1/work/m3/migration/intake-20261005/portable/mre2/outputs.json
e031938aa72942031cd8506ccf9b93804d3d1f9a03942f7dd3634a65771d08d6	44652	evidence/receiving-python-v1/work/m3/migration/intake-20261005/portable/mre2/outputs/synexia-openrewrite-recipes/src/main/java/com/synexia/rewrite/M3RecipeMasteryLab.java
540138b6d3f864920bead17b40a3176dd604fb67ef8b3ab13003804ddadf3fa1	1097	evidence/receiving-python-v1/work/m3/migration/intake-20261005/portable/mre2/outputs/synexia-openrewrite-recipes/src/main/java/com/synexia/rewrite/Pcr.java
08eea2a4fcd779912a44cdbaff6251ff08383d103fba65e081162d26defbf417	27811	evidence/receiving-python-v1/work/m3/migration/intake-20261005/portable/mre2/outputs/synexia-openrewrite-recipes/src/main/java/com/synexia/rewrite/Pcs.java
8bd3e01e3e072cc4a8a307adf642e69554c6099518b36d773d2d7c982c371f74	739	evidence/receiving-python-v1/work/m3/migration/intake-20261005/portable/mre2/recipe/PATCH.json
ca973eb099233eef271db4e64ff4c256466ced9cd4cd473064e7d22f08558f33	2739	evidence/receiving-python-v1/work/m3/migration/intake-20261005/portable/mre2/recipe/RESULT.json
3ee340bb11137edaa51c514685164acaeaed224c3961f5667d1046d0cbd8544e	4676	evidence/receiving-python-v1/work/m3/migration/intake-20261005/portable/mre2/recipe/build-artifacts.json
89b7355066a6c95120fe22d491bf5abd622f9fdcad0b5d313d71a6ab30f425de	897	evidence/receiving-python-v1/work/m3/migration/intake-20261005/portable/mre2/recipe/chain/01-lint.json
e3b0c44298fc1c149afbf4c8996fb92427ae41e4649b934ca495991b7852b855	0	evidence/receiving-python-v1/work/m3/migration/intake-20261005/portable/mre2/recipe/chain/01-lint.stderr.log
5a05902987213afc6ba9251310eac97ecd6afd7d56c4c1d81c1b0ad11b89aa8b	202	evidence/receiving-python-v1/work/m3/migration/intake-20261005/portable/mre2/recipe/chain/01-lint.stdout.log
9285079750f62da9ef3c0683bbf47d41460d60549113b539e5584f85c724d7b1	925	evidence/receiving-python-v1/work/m3/migration/intake-20261005/portable/mre2/recipe/chain/02-compile.json
e3b0c44298fc1c149afbf4c8996fb92427ae41e4649b934ca495991b7852b855	0	evidence/receiving-python-v1/work/m3/migration/intake-20261005/portable/mre2/recipe/chain/02-compile.stderr.log
2159a2f0b6885cb3fdc71f582774b721ce4469e5894e48d84c543f2575e4ba88	1859	evidence/receiving-python-v1/work/m3/migration/intake-20261005/portable/mre2/recipe/chain/02-compile.stdout.log
0095dba42490fd86c87d400018d0c7bb63285d932fb36c996a8ae21cd5df1782	942	evidence/receiving-python-v1/work/m3/migration/intake-20261005/portable/mre2/recipe/chain/03-test.json
e3b0c44298fc1c149afbf4c8996fb92427ae41e4649b934ca495991b7852b855	0	evidence/receiving-python-v1/work/m3/migration/intake-20261005/portable/mre2/recipe/chain/03-test.stderr.log
5d048fa166cb1d223cf14efd96bb74a97980c0fdaac5b38c02d50254b093b239	1709	evidence/receiving-python-v1/work/m3/migration/intake-20261005/portable/mre2/recipe/chain/03-test.stdout.log
591985254c80ef34343fbb5475cc007853555525b057ed4d7ec3e248d9153889	968	evidence/receiving-python-v1/work/m3/migration/intake-20261005/portable/mre2/recipe/chain/04-runtime.json
e3b0c44298fc1c149afbf4c8996fb92427ae41e4649b934ca495991b7852b855	0	evidence/receiving-python-v1/work/m3/migration/intake-20261005/portable/mre2/recipe/chain/04-runtime.stderr.log
d43002c701cb63bd64a0674dd7af4f6932611cebff6e8ac5661c9b0b8e676057	472	evidence/receiving-python-v1/work/m3/migration/intake-20261005/portable/mre2/recipe/chain/04-runtime.stdout.log
07fc19416ec88332987022cc125c29e70b6abc8d75331a1cae8034a74e3f7197	15621	evidence/receiving-python-v1/work/m3/migration/intake-20261005/portable/mre2/recipe/commands.json
e62024c184db13c86ff236c2cae2cc7034eee511c9fc28a8609b1115b227d29a	409577	evidence/receiving-python-v1/work/m3/migration/intake-20261005/portable/mre2/recipe/inputs.json
5b3dd12286345c6d8b1699d08a22985729b4ba8368e546fa1b4b75e966aaeab3	445	evidence/receiving-python-v1/work/m3/migration/intake-20261005/portable/mre2/recipe/junit-report.json
993166937996a1d8c013baa9c590a720f4a5df10a4fcbc33a4e49bca96dac6e2	1938	evidence/receiving-python-v1/work/m3/migration/intake-20261005/portable/mre2/recipe/materialization/OUTPUT.json
56ba623b4bf60cfb283405c9813e4a03ea48cc7411b57da2f1fc32ebe0c49265	19751	evidence/receiving-python-v1/work/m3/migration/intake-20261005/portable/mre2/recipe/materialization/candidate.patch
b5c8fc4f434c6d99d3825ff237566e2565bda17458f42ba7081f3a17f50dfe8e	707	evidence/receiving-python-v1/work/m3/migration/intake-20261005/portable/mre2/recipe/materialization/manifest.tsv
68d44178009dedca1efcd3570c0759d8da187034d19506f541d884bb2ec57939	10102	evidence/receiving-python-v1/work/m3/migration/intake-20261005/portable/mre2/recipe/runtime-1.json
e3b0c44298fc1c149afbf4c8996fb92427ae41e4649b934ca495991b7852b855	0	evidence/receiving-python-v1/work/m3/migration/intake-20261005/portable/mre2/recipe/runtime-1.stderr.log
04a102a002ec485fc6df488e7cb8002550e0a95c2fd862eeaeb8635694025719	297	evidence/receiving-python-v1/work/m3/migration/intake-20261005/portable/mre2/recipe/runtime-1.stdout.log
444064a6854a24d92765f669ffa2486d41f0ecab979ff395dc50cef94e748d6b	10279	evidence/receiving-python-v1/work/m3/migration/intake-20261005/portable/mre2/recipe/runtime-report.json
9599e5f2b89c571a8b3e3b1eee3787e114a747b4e995f2a3de944bc77732d335	6627	evidence/receiving-python-v1/work/m3/migration/intake-20261005/portable/mre2/recipe/staging.json
6ea73be9e2e36de48937093b270fe63501fdf4a67cf8a2c3cc5f850543d75da9	16592	evidence/receiving-python-v1/work/m3/migration/intake-20261005/portable/mre2/recipe/target/surefire-reports/TEST-com.synexia.rewrite.Mre2Test.xml
6b1a00aa209b9f5dc9bd2e274df109624a4977c86c6e5fc4469839f451e5e88b	941	evidence/receiving-python-v1/work/m3/migration/intake-20261005/portable/mre2/recipe/tooling.json
67850514173184e0ef86f31c7e4f1b1fa20f19d64afd61c50494ec3ea298d2c2	745	evidence/receiving-python-v1/work/m3/migration/intake-20261005/portable/mrp/consumer-0/PATCH.json
9ac3f2db501508383bc80aa2c8e0e983aa2e814d10a6bc3de241613b756ff5dc	2748	evidence/receiving-python-v1/work/m3/migration/intake-20261005/portable/mrp/consumer-0/RESULT.json
db2ec4560898d27399fd80944bdb87038695e222a50aeb2b2c514e59b9e499d7	84194	evidence/receiving-python-v1/work/m3/migration/intake-20261005/portable/mrp/consumer-0/build-artifacts.json
4e036668b97be96243ca80c5196f24587e3e4889cb4c4ea049ae8b827edd28ae	911	evidence/receiving-python-v1/work/m3/migration/intake-20261005/portable/mrp/consumer-0/chain/01-lint.json
e3b0c44298fc1c149afbf4c8996fb92427ae41e4649b934ca495991b7852b855	0	evidence/receiving-python-v1/work/m3/migration/intake-20261005/portable/mrp/consumer-0/chain/01-lint.stderr.log
5a05902987213afc6ba9251310eac97ecd6afd7d56c4c1d81c1b0ad11b89aa8b	202	evidence/receiving-python-v1/work/m3/migration/intake-20261005/portable/mrp/consumer-0/chain/01-lint.stdout.log
1ca395a0dd86de19c72ac658b17e0cd41a561b17e4ff0fccc0c06507c9b27da1	939	evidence/receiving-python-v1/work/m3/migration/intake-20261005/portable/mrp/consumer-0/chain/02-compile.json
e3b0c44298fc1c149afbf4c8996fb92427ae41e4649b934ca495991b7852b855	0	evidence/receiving-python-v1/work/m3/migration/intake-20261005/portable/mrp/consumer-0/chain/02-compile.stderr.log
ee1330abf815172c6bf18ddd0f840672e8d134f369f0f6211f308a1babccf1d6	1992	evidence/receiving-python-v1/work/m3/migration/intake-20261005/portable/mrp/consumer-0/chain/02-compile.stdout.log
fce390121838d9586533b1194d063ebc0f98ee0fe738ffd81c9114c40ee1fbb0	956	evidence/receiving-python-v1/work/m3/migration/intake-20261005/portable/mrp/consumer-0/chain/03-test.json
e3b0c44298fc1c149afbf4c8996fb92427ae41e4649b934ca495991b7852b855	0	evidence/receiving-python-v1/work/m3/migration/intake-20261005/portable/mrp/consumer-0/chain/03-test.stderr.log
308ad6e5f0dc446e7848b91c96966a2a949f9fd771587482a76bc3fe685d8b30	20604	evidence/receiving-python-v1/work/m3/migration/intake-20261005/portable/mrp/consumer-0/chain/03-test.stdout.log
fafdef585514ff0ccbfc112fda40f702a5df4ef1940db4cd84d79051376feba2	982	evidence/receiving-python-v1/work/m3/migration/intake-20261005/portable/mrp/consumer-0/chain/04-runtime.json
e3b0c44298fc1c149afbf4c8996fb92427ae41e4649b934ca495991b7852b855	0	evidence/receiving-python-v1/work/m3/migration/intake-20261005/portable/mrp/consumer-0/chain/04-runtime.stderr.log
e90ec66a5512982dd7e56c75fccd6d941cfb28f97eb9a58a11d4254a19090aa5	1982	evidence/receiving-python-v1/work/m3/migration/intake-20261005/portable/mrp/consumer-0/chain/04-runtime.stdout.log
ddeccbf94fcf62d93390e1a70a746f5f882d045f17cf24c75c194207bcc96194	148511	evidence/receiving-python-v1/work/m3/migration/intake-20261005/portable/mrp/consumer-0/commands.json
db7c75e2b559f254b9c10adb6d5da1b6e3781155c49fb6efc4b1bae3b1330268	637800	evidence/receiving-python-v1/work/m3/migration/intake-20261005/portable/mrp/consumer-0/inputs.json
cc7586509b6cb3f455aa0b748456adf3585747ffed202f5274ad038b76b8c632	13151	evidence/receiving-python-v1/work/m3/migration/intake-20261005/portable/mrp/consumer-0/junit-report.json
33d5484589fd25abc7cf3ec7a3d49558d0c6e19f69a9b7e6d4c4abb49b32a532	10015	evidence/receiving-python-v1/work/m3/migration/intake-20261005/portable/mrp/consumer-0/runtime-1.json
e3b0c44298fc1c149afbf4c8996fb92427ae41e4649b934ca495991b7852b855	0	evidence/receiving-python-v1/work/m3/migration/intake-20261005/portable/mrp/consumer-0/runtime-1.stderr.log
a544406e23539412af9df6ca16f53c47508f74c7511b076685c8b917e8d3b45b	128	evidence/receiving-python-v1/work/m3/migration/intake-20261005/portable/mrp/consumer-0/runtime-1.stdout.log
4751a83dfac9b75b4e90cf1bda9df8a883da257be544755f2a44e9399175fb27	10013	evidence/receiving-python-v1/work/m3/migration/intake-20261005/portable/mrp/consumer-0/runtime-2.json
e3b0c44298fc1c149afbf4c8996fb92427ae41e4649b934ca495991b7852b855	0	evidence/receiving-python-v1/work/m3/migration/intake-20261005/portable/mrp/consumer-0/runtime-2.stderr.log
a72a3e35c41aa9851d251d9cacb0cb0f9606050df45c01ea9cb45ffd03e9e8d0	96	evidence/receiving-python-v1/work/m3/migration/intake-20261005/portable/mrp/consumer-0/runtime-2.stdout.log
451b5c0d261c2cad18018623fb8ea7d32d73921020976f63ba6877655a063a0a	9994	evidence/receiving-python-v1/work/m3/migration/intake-20261005/portable/mrp/consumer-0/runtime-3.json
e3b0c44298fc1c149afbf4c8996fb92427ae41e4649b934ca495991b7852b855	0	evidence/receiving-python-v1/work/m3/migration/intake-20261005/portable/mrp/consumer-0/runtime-3.stderr.log
eb1182587ff197433a10f2143be45a4e63d429ff53eb9ebba1c5685dfd8cc61a	20	evidence/receiving-python-v1/work/m3/migration/intake-20261005/portable/mrp/consumer-0/runtime-3.stdout.log
58701ad6b0ce9069e9c0b00744af9fc7dca6d3dffc16166a048a97624b7b59cd	10018	evidence/receiving-python-v1/work/m3/migration/intake-20261005/portable/mrp/consumer-0/runtime-4.json
e3b0c44298fc1c149afbf4c8996fb92427ae41e4649b934ca495991b7852b855	0	evidence/receiving-python-v1/work/m3/migration/intake-20261005/portable/mrp/consumer-0/runtime-4.stderr.log
90f9c6c84ea7670025068ee88716f84259220b7fe8665a42f8b7bd00c15c9b37	120	evidence/receiving-python-v1/work/m3/migration/intake-20261005/portable/mrp/consumer-0/runtime-4.stdout.log
7cba6bdebb630995a94b2d7bc64da627069daf99107da84e24702163e8f33c0e	10015	evidence/receiving-python-v1/work/m3/migration/intake-20261005/portable/mrp/consumer-0/runtime-5.json
e3b0c44298fc1c149afbf4c8996fb92427ae41e4649b934ca495991b7852b855	0	evidence/receiving-python-v1/work/m3/migration/intake-20261005/portable/mrp/consumer-0/runtime-5.stderr.log
8d1f96dc9e0e4189db563fc46b83c06d081a1399604c449e66c86c3f3a701f60	32	evidence/receiving-python-v1/work/m3/migration/intake-20261005/portable/mrp/consumer-0/runtime-5.stdout.log
3e31c6769ad60570623c5367ee6254fcd6779a5d8b484384f3db433a65b58b39	10024	evidence/receiving-python-v1/work/m3/migration/intake-20261005/portable/mrp/consumer-0/runtime-6.json
e3b0c44298fc1c149afbf4c8996fb92427ae41e4649b934ca495991b7852b855	0	evidence/receiving-python-v1/work/m3/migration/intake-20261005/portable/mrp/consumer-0/runtime-6.stderr.log
7a1176273c85da0f4c83f8b20eaf51442a1ddb7710524d08ab01a0a194edafe9	22	evidence/receiving-python-v1/work/m3/migration/intake-20261005/portable/mrp/consumer-0/runtime-6.stdout.log
ca330ff7e7632cf52091a899750b7f51465de5ad7df051b9ca108f8da3e385be	10000	evidence/receiving-python-v1/work/m3/migration/intake-20261005/portable/mrp/consumer-0/runtime-7.json
e3b0c44298fc1c149afbf4c8996fb92427ae41e4649b934ca495991b7852b855	0	evidence/receiving-python-v1/work/m3/migration/intake-20261005/portable/mrp/consumer-0/runtime-7.stderr.log
9f12a7cab28a322978805312ca92e7bf18b5a55dfffe4b39000ae0931b6bd844	37	evidence/receiving-python-v1/work/m3/migration/intake-20261005/portable/mrp/consumer-0/runtime-7.stdout.log
0bed32ec1851d2f59177ad79100005f4434f4ce30372ec98f6294c7a40149e3c	9999	evidence/receiving-python-v1/work/m3/migration/intake-20261005/portable/mrp/consumer-0/runtime-8.json
e3b0c44298fc1c149afbf4c8996fb92427ae41e4649b934ca495991b7852b855	0	evidence/receiving-python-v1/work/m3/migration/intake-20261005/portable/mrp/consumer-0/runtime-8.stderr.log
5ced5f8c0f83bfccd44d5d05231373bfc1fc4efc01a18c04ae6a933f4b728ec1	127	evidence/receiving-python-v1/work/m3/migration/intake-20261005/portable/mrp/consumer-0/runtime-8.stdout.log
80926900fbef24090adf6dbfeeb9dacd8e32cb12b20f3fc706a836617e3f6e79	80734	evidence/receiving-python-v1/work/m3/migration/intake-20261005/portable/mrp/consumer-0/runtime-report.json
32f371df5045a5b03f3a00f98df701312bda43d0c72727a99dd41c946759a8a5	125921	evidence/receiving-python-v1/work/m3/migration/intake-20261005/portable/mrp/consumer-0/staging.json
07e0a4d7af92b5f27f79ff4c350534d334d34ec4de72f72478ab0f661b27d1f7	8434	evidence/receiving-python-v1/work/m3/migration/intake-20261005/portable/mrp/consumer-0/target/surefire-reports/TEST-com.synexia.primitives.AdvancedAlgorithmShapesTest.xml
f1040d672acc646c44b6f058e26d75d2ca0c947c5bcac0e1b4c313df343799f3	8693	evidence/receiving-python-v1/work/m3/migration/intake-20261005/portable/mrp/consumer-0/target/surefire-reports/TEST-com.synexia.primitives.BoundedProviderRowsFailureAdmissionTest.xml
00ff33ba6e57ec5ad4c42a2d64f76b45494af1518808167e7d5de220e0b74d7c	8654	evidence/receiving-python-v1/work/m3/migration/intake-20261005/portable/mrp/consumer-0/target/surefire-reports/TEST-com.synexia.primitives.BulkPrimitiveRowProviderTest.xml
e30b7e69714e8cf11da797d691133e0c72a351f704c1d0e7c35b5c337c3d74f1	8513	evidence/receiving-python-v1/work/m3/migration/intake-20261005/portable/mrp/consumer-0/target/surefire-reports/TEST-com.synexia.primitives.CollectionContractsTest.xml
e1189f86eb318a8f8b51375f74ffb62c30c9aef35712f01d277ad976da7e7b23	8008	evidence/receiving-python-v1/work/m3/migration/intake-20261005/portable/mrp/consumer-0/target/surefire-reports/TEST-com.synexia.primitives.CollectionSupersetCountsTest.xml
6b694af2c8c7f73b36383c9f841837ab4e674e94a0564271ea70edb6f374ddad	7874	evidence/receiving-python-v1/work/m3/migration/intake-20261005/portable/mrp/consumer-0/target/surefire-reports/TEST-com.synexia.primitives.DenseCollectionsTest.xml
fa54f899764b8d05de1e3cbb5617fcb9f4a27321a11279fdec3db3e34d05dfb9	7897	evidence/receiving-python-v1/work/m3/migration/intake-20261005/portable/mrp/consumer-0/target/surefire-reports/TEST-com.synexia.primitives.ExactWidthCollectionsTest.xml
92d2c6b8b80095b38072e69dc75ebe85ef8fc47383dc10822c41225ba8ed1390	7916	evidence/receiving-python-v1/work/m3/migration/intake-20261005/portable/mrp/consumer-0/target/surefire-reports/TEST-com.synexia.primitives.ExtendedPrimitiveCollectionsTest.xml
6860839610eacfcf1c61e73fa371408558cd8e7feda89cb0ba645b6d2e15fafe	7896	evidence/receiving-python-v1/work/m3/migration/intake-20261005/portable/mrp/consumer-0/target/surefire-reports/TEST-com.synexia.primitives.FossCollectionDonorTest.xml
2179f5ff73ea67e2e36c66a90d6835a72503afed46bfa5cebdccec9344a44f28	7899	evidence/receiving-python-v1/work/m3/migration/intake-20261005/portable/mrp/consumer-0/target/surefire-reports/TEST-com.synexia.primitives.FossSemanticClosureTest.xml
fef7815fa49acf9aa23bcbffe46f6bd94632283de78408aae49fa737b755c907	8814	evidence/receiving-python-v1/work/m3/migration/intake-20261005/portable/mrp/consumer-0/target/surefire-reports/TEST-com.synexia.primitives.FuzzyAlgorithmFactoryTest.xml
22b94124ad094f6de8ecac97bb28f92f93cc65a344d76637f10ed4b1cf311fbf	8915	evidence/receiving-python-v1/work/m3/migration/intake-20261005/portable/mrp/consumer-0/target/surefire-reports/TEST-com.synexia.primitives.FuzzyAlgorithmFactoryWave2Test.xml
ee63ee6034baa816749bedbba548070b0e47d40bb55b99a776c0930617e1514c	9178	evidence/receiving-python-v1/work/m3/migration/intake-20261005/portable/mrp/consumer-0/target/surefire-reports/TEST-com.synexia.primitives.FuzzyStructureFactoryTest.xml
4eaa8b0cdf60f5bb28a431445bce70fb9ecb9b13ef51492aca73950a82a8cdeb	8707	evidence/receiving-python-v1/work/m3/migration/intake-20261005/portable/mrp/consumer-0/target/surefire-reports/TEST-com.synexia.primitives.LazySegmentedStorageTest.xml
1d3a127d4735440dd7f2f8b6b83d096a35178d8dc3de46d18b66002990a432ed	8428	evidence/receiving-python-v1/work/m3/migration/intake-20261005/portable/mrp/consumer-0/target/surefire-reports/TEST-com.synexia.primitives.LeanCollectionFactoryTest.xml
d39c14f1079b409ed8d5d555996c8357b9ab0911d72a5c8d606e88693e44b680	7908	evidence/receiving-python-v1/work/m3/migration/intake-20261005/portable/mrp/consumer-0/target/surefire-reports/TEST-com.synexia.primitives.MarkerPatternCollectionsTest.xml
1e6c0712c3a1a8f41daf097f534e2e8944f5167b3e9add933591aa6dc6c960f3	7756	evidence/receiving-python-v1/work/m3/migration/intake-20261005/portable/mrp/consumer-0/target/surefire-reports/TEST-com.synexia.primitives.MrpFactoryTest.xml
dec59d03d3e623296bb58fc2e86401197e8c9fb534cf7d55c61378292e6c2f78	8206	evidence/receiving-python-v1/work/m3/migration/intake-20261005/portable/mrp/consumer-0/target/surefire-reports/TEST-com.synexia.primitives.MrpIntentTest.xml
3a192397e3d2283e72c5256f86187505efb345d7f2d2763b6813cdb6785afef0	8699	evidence/receiving-python-v1/work/m3/migration/intake-20261005/portable/mrp/consumer-0/target/surefire-reports/TEST-com.synexia.primitives.ObjectCounterZeroMetadataRepairTest.xml
a4f6ff561875aef121d150d1790f51cd8d58473c89af894654545d10c0b18d57	10692	evidence/receiving-python-v1/work/m3/migration/intake-20261005/portable/mrp/consumer-0/target/surefire-reports/TEST-com.synexia.primitives.PcsTest.xml
d63931cb91ffba4673d9e498b26e61249c7eb183ebab40be1a2f0e703b7daecb	7914	evidence/receiving-python-v1/work/m3/migration/intake-20261005/portable/mrp/consumer-0/target/surefire-reports/TEST-com.synexia.primitives.PrimitiveCollectionSupersetTest.xml
78fab6131bf4a46806b20e4939843e9fc0e7e2931daf8023fffdb5cb9b71a576	7906	evidence/receiving-python-v1/work/m3/migration/intake-20261005/portable/mrp/consumer-0/target/surefire-reports/TEST-com.synexia.primitives.PrimitiveMpmcConcurrencyTest.xml
8268e9679af7864afd4b87068ce289802f164f6eda1b718937fad0de0e577779	8141	evidence/receiving-python-v1/work/m3/migration/intake-20261005/portable/mrp/consumer-0/target/surefire-reports/TEST-com.synexia.primitives.PrimitiveTouchObserverTest.xml
b14c42b91b1b7e812d6fca011859d9cf593a8ae4ffc08ee8353d4231ddc7c0e5	8280	evidence/receiving-python-v1/work/m3/migration/intake-20261005/portable/mrp/consumer-0/target/surefire-reports/TEST-com.synexia.primitives.ProviderBackedPrimitiveListTest.xml
f9e878b812f26301f91324a7fcfdeca73e33e3d704f831b37f4457b46d839b5e	8325	evidence/receiving-python-v1/work/m3/migration/intake-20261005/portable/mrp/consumer-0/target/surefire-reports/TEST-com.synexia.primitives.ProviderBackedPrimitiveLongTreeTest.xml
904775ea28dcf9a4c3e5c561dd8c5036e4e814458f21f93d3596acb11f22f5f1	8417	evidence/receiving-python-v1/work/m3/migration/intake-20261005/portable/mrp/consumer-0/target/surefire-reports/TEST-com.synexia.primitives.ProviderBackedPrimitiveRowsTest.xml
efc9493ec80f51df51e8cc2c2cbe80e81df53ce851c5d9684fccb8e953b75a1e	8976	evidence/receiving-python-v1/work/m3/migration/intake-20261005/portable/mrp/consumer-0/target/surefire-reports/TEST-com.synexia.primitives.ProviderBackedPrimitiveTreeSupersetTest.xml
fcecd8d810f9c6767604ea0e74e55491e108636376fe770a5e4c71a7c4c89ba0	8583	evidence/receiving-python-v1/work/m3/migration/intake-20261005/portable/mrp/consumer-0/target/surefire-reports/TEST-com.synexia.primitives.ProviderBackedPrimitiveTreeTest.xml
7f3567ab8ea65e5369682de1a524fb069f56255a665d89e3049865fd9c78a3c6	10500	evidence/receiving-python-v1/work/m3/migration/intake-20261005/portable/mrp/consumer-0/target/surefire-reports/TEST-com.synexia.primitives.ProviderCallbackSafetyTest.xml
50a27934222696b1a96ed79502837c215957bbbf74d3898063d64ee2e1fd7c15	8159	evidence/receiving-python-v1/work/m3/migration/intake-20261005/portable/mrp/consumer-0/target/surefire-reports/TEST-com.synexia.primitives.ProviderCallbackSupersetTest.xml
0fb6acc548dbc7778a340bc416066909cf465a89f4c8dd12ee5fced41fccde9c	8904	evidence/receiving-python-v1/work/m3/migration/intake-20261005/portable/mrp/consumer-0/target/surefire-reports/TEST-com.synexia.primitives.ProviderResidencySupersetTest.xml
970a14337597c864b0a50528fec487670817840aee73510afc0bbf0e3cee9aa3	8618	evidence/receiving-python-v1/work/m3/migration/intake-20261005/portable/mrp/consumer-0/target/surefire-reports/TEST-com.synexia.primitives.ProviderResidencyVersionedTreeTest.xml
689e1029b52d65d0d7f3cfe3ebd59734313240072bacf4d7e38b801bd317c672	7983	evidence/receiving-python-v1/work/m3/migration/intake-20261005/portable/mrp/consumer-0/target/surefire-reports/TEST-com.synexia.primitives.ProviderSerializationCompatibilityTest.xml
8aa409e27aad083416245adf875c9b7fef5f46c090ea853ddb99a3386116c118	7884	evidence/receiving-python-v1/work/m3/migration/intake-20261005/portable/mrp/consumer-0/target/surefire-reports/TEST-com.synexia.primitives.PurposeCollectionsTest.xml
d01ed7fac24e7de61105cdc3f23a1af00f48ab29d181afc157c3f28af0d0c311	9011	evidence/receiving-python-v1/work/m3/migration/intake-20261005/portable/mrp/consumer-0/target/surefire-reports/TEST-com.synexia.primitives.RecoveredSeriousAlgorithmShapesTest.xml
1328987e8e176be8977c76e814e004ac218c65435eda9a8a8483534540cb9851	8003	evidence/receiving-python-v1/work/m3/migration/intake-20261005/portable/mrp/consumer-0/target/surefire-reports/TEST-com.synexia.primitives.TouchAwarePrimitiveRowProviderTest.xml
0920e7ff2e63816f0552091b8177e666f9a5886e1f406653906347c22475fb6e	8196	evidence/receiving-python-v1/work/m3/migration/intake-20261005/portable/mrp/consumer-0/target/surefire-reports/TEST-com.synexia.primitives.VersionedProviderLookupCounterTest.xml
0847ae086a0efedda785da8abac3cb93faa1c6b19a73ef3608052b016bd7d12d	8822	evidence/receiving-python-v1/work/m3/migration/intake-20261005/portable/mrp/consumer-0/target/surefire-reports/TEST-com.synexia.primitives.ZeroMetadataHashTest.xml
f17508a5818dd59ae7c4482136f05860510180d38529caf6d1ca781f7ad279ef	948	evidence/receiving-python-v1/work/m3/migration/intake-20261005/portable/mrp/consumer-0/tooling.json
6bfe1aaaf01492abf6e2bccafa939bf093538ba0c6a6d064a3cf8ab1c594cbe8	2436	evidence/receiving-python-v1/work/m3/migration/intake-20261005/portable/mrp/outputs.json
7b13870db69e4fb85822e069abd68a9f541e6494f6a925c803058e00c0ab8580	20419	evidence/receiving-python-v1/work/m3/migration/intake-20261005/portable/mrp/outputs/synexia-primitives/src/main/java/com/synexia/primitives/DenseCollections.java
6ed7a073965d2b8552447e33b046d19f2a01db931b2cd345699b1722c365f040	28261	evidence/receiving-python-v1/work/m3/migration/intake-20261005/portable/mrp/outputs/synexia-primitives/src/main/java/com/synexia/primitives/FuzzyStructureFactory.java
8cdda3b1f66d8c8b17b87566634717a85d2a00d54543b43cfa863a21fb044aa4	8406	evidence/receiving-python-v1/work/m3/migration/intake-20261005/portable/mrp/outputs/synexia-primitives/src/test/java/com/synexia/primitives/AdvancedAlgorithmShapesTest.java
09b2b504982bf30a6ddd4ea502ffa6d9d0096658df7ca30c8e728136452943d8	10643	evidence/receiving-python-v1/work/m3/migration/intake-20261005/portable/mrp/outputs/synexia-primitives/src/test/java/com/synexia/primitives/ProviderBackedPrimitiveTreeSupersetTest.java
e8673fead650f8e640434234c3581e8a3030a1246f31f05c2705237e33ec7735	752	evidence/receiving-python-v1/work/m3/migration/intake-20261005/portable/mrp/recipe/PATCH.json
605bd51ded9733cc2bdffaec01fff584997d1a4b0551cb80f1f5cb70142263e5	2739	evidence/receiving-python-v1/work/m3/migration/intake-20261005/portable/mrp/recipe/RESULT.json
91bf36deb0cf556fdc324d0dc9bd178c8b2b42c10530b45074beb603a06e63fa	7858	evidence/receiving-python-v1/work/m3/migration/intake-20261005/portable/mrp/recipe/build-artifacts.json
a824d9753c7d2294ee6b72515d216d7aa06fd47d31c8d9d3faeb69d3b4ec45c8	897	evidence/receiving-python-v1/work/m3/migration/intake-20261005/portable/mrp/recipe/chain/01-lint.json
e3b0c44298fc1c149afbf4c8996fb92427ae41e4649b934ca495991b7852b855	0	evidence/receiving-python-v1/work/m3/migration/intake-20261005/portable/mrp/recipe/chain/01-lint.stderr.log
5a05902987213afc6ba9251310eac97ecd6afd7d56c4c1d81c1b0ad11b89aa8b	202	evidence/receiving-python-v1/work/m3/migration/intake-20261005/portable/mrp/recipe/chain/01-lint.stdout.log
9fcafc3c09db88ae768857015b8518788010f066cb728c1e535f9d087998813a	925	evidence/receiving-python-v1/work/m3/migration/intake-20261005/portable/mrp/recipe/chain/02-compile.json
e3b0c44298fc1c149afbf4c8996fb92427ae41e4649b934ca495991b7852b855	0	evidence/receiving-python-v1/work/m3/migration/intake-20261005/portable/mrp/recipe/chain/02-compile.stderr.log
ed7aad05480bedd15244860c18f0ffe87c9f6b5194885f5c81d65df16ff36f74	2099	evidence/receiving-python-v1/work/m3/migration/intake-20261005/portable/mrp/recipe/chain/02-compile.stdout.log
835036528a37b8939a33a7a4f7c4c2609fdd85593b84643f2be618503bdaf696	942	evidence/receiving-python-v1/work/m3/migration/intake-20261005/portable/mrp/recipe/chain/03-test.json
e3b0c44298fc1c149afbf4c8996fb92427ae41e4649b934ca495991b7852b855	0	evidence/receiving-python-v1/work/m3/migration/intake-20261005/portable/mrp/recipe/chain/03-test.stderr.log
fc60aa50b60befeae5e23f9775596627ee2d19efabdace71514d038afa546512	2115	evidence/receiving-python-v1/work/m3/migration/intake-20261005/portable/mrp/recipe/chain/03-test.stdout.log
799bbb0b968af8a0eb64e2a077269f13e9f720208955d9fd3386911d8667ffef	968	evidence/receiving-python-v1/work/m3/migration/intake-20261005/portable/mrp/recipe/chain/04-runtime.json
e3b0c44298fc1c149afbf4c8996fb92427ae41e4649b934ca495991b7852b855	0	evidence/receiving-python-v1/work/m3/migration/intake-20261005/portable/mrp/recipe/chain/04-runtime.stderr.log
d37a7a3a89306ca6ab9beb6d6dac800be68950c7651ee06af66d81d2bed345bb	878	evidence/receiving-python-v1/work/m3/migration/intake-20261005/portable/mrp/recipe/chain/04-runtime.stdout.log
a35c20f12c6c8f699f2a93ab901614b887b2a7c34e331d859b8c981e47530a41	25913	evidence/receiving-python-v1/work/m3/migration/intake-20261005/portable/mrp/recipe/commands.json
7863fde471468628b153174b82f7fabfeeddbb01dc8d01026aa6fd5394a1ff67	425141	evidence/receiving-python-v1/work/m3/migration/intake-20261005/portable/mrp/recipe/inputs.json
6b21a28b33fa78f67abfc0010c878cc46030faabfefa023c59c56fb41cf949f1	740	evidence/receiving-python-v1/work/m3/migration/intake-20261005/portable/mrp/recipe/junit-report.json
e20501e6fa400e4ebadfc52146e03aaeeb64839a99c47970f85d2fb9f0c3f639	2425	evidence/receiving-python-v1/work/m3/migration/intake-20261005/portable/mrp/recipe/materialization/OUTPUT.json
c66bf321695a7eb2db93693492e2732e8039e7982f5be7b138002368407ac5dd	8613	evidence/receiving-python-v1/work/m3/migration/intake-20261005/portable/mrp/recipe/materialization/candidate.patch
876d3655e26360dee60286298e4815f75f261ae78ab2577d581531e54df6c8f1	1115	evidence/receiving-python-v1/work/m3/migration/intake-20261005/portable/mrp/recipe/materialization/manifest.tsv
34283dd4cf2f5f6e6ab02ea2b888fd1a22571a1be9ff0a8fba3a7a65b3e312ad	10098	evidence/receiving-python-v1/work/m3/migration/intake-20261005/portable/mrp/recipe/runtime-1.json
e3b0c44298fc1c149afbf4c8996fb92427ae41e4649b934ca495991b7852b855	0	evidence/receiving-python-v1/work/m3/migration/intake-20261005/portable/mrp/recipe/runtime-1.stderr.log
39a66178febb6b3be41fd6e474366d56e29253b6976cddbffec3530e7b2afd67	263	evidence/receiving-python-v1/work/m3/migration/intake-20261005/portable/mrp/recipe/runtime-1.stdout.log
270f1358a9f48cd9f3e01e5649c44a22859e44b31f9a9d4cc9998dcb22e6e18d	10102	evidence/receiving-python-v1/work/m3/migration/intake-20261005/portable/mrp/recipe/runtime-2.json
e3b0c44298fc1c149afbf4c8996fb92427ae41e4649b934ca495991b7852b855	0	evidence/receiving-python-v1/work/m3/migration/intake-20261005/portable/mrp/recipe/runtime-2.stderr.log
88ea80133c056eb47224a4bef75bc5232ced791b4c261c5af5c68640c45f92b8	265	evidence/receiving-python-v1/work/m3/migration/intake-20261005/portable/mrp/recipe/runtime-2.stdout.log
fc8f294d3079afd082cd53b741d5952d348820baa09ffa9b52d8f2873cb5efc8	20450	evidence/receiving-python-v1/work/m3/migration/intake-20261005/portable/mrp/recipe/runtime-report.json
872acbed479de4fb7741b453f351d0ab0895a41b3cb076ef2e438a84a4a2c4a2	12744	evidence/receiving-python-v1/work/m3/migration/intake-20261005/portable/mrp/recipe/staging.json
1019af4dddc1f44f9a28339efc824459c0211071200ae773aa7085f25604f6b0	16593	evidence/receiving-python-v1/work/m3/migration/intake-20261005/portable/mrp/recipe/target/surefire-reports/TEST-com.synexia.rewrite.Mrp2Test.xml
4589abc9f18aa40fb58e7a105057cd7d85917e18cb117d6778625df61be500d9	16589	evidence/receiving-python-v1/work/m3/migration/intake-20261005/portable/mrp/recipe/target/surefire-reports/TEST-com.synexia.rewrite.MrpTest.xml
1524b99609654774333ab92e07c67e0117c7662492638f00b8ce360375423c58	941	evidence/receiving-python-v1/work/m3/migration/intake-20261005/portable/mrp/recipe/tooling.json
109173cb43fd91e084415284083d0d0ff92a1039a0b21216b7336c0a2c3dcf2e	91316	evidence/receiving-python-v1/work/m3/migration/intake-20261005/portable/packet.json
9934f8c5cdc0190c27928d492131b729b986efadfb6409030ceb315e2dc8ac79	738	evidence/receiving-python-v1/work/m3/migration/intake-20261005/portable/pcr/consumer-0/PATCH.json
f66c2e921d399f4d64957a868f692943bec9410fa311afcc70df278896e3265a	2743	evidence/receiving-python-v1/work/m3/migration/intake-20261005/portable/pcr/consumer-0/RESULT.json
4043b7838faf6c079c6bb76f9f74036c7ff8b03c8f33c7f84785325d04ece3a2	8536	evidence/receiving-python-v1/work/m3/migration/intake-20261005/portable/pcr/consumer-0/build-artifacts.json
50d0179eea4de7eb3acde66fc20f7aea6f48d5dcdaaae45b2c2156461db0183a	903	evidence/receiving-python-v1/work/m3/migration/intake-20261005/portable/pcr/consumer-0/chain/01-lint.json
e3b0c44298fc1c149afbf4c8996fb92427ae41e4649b934ca495991b7852b855	0	evidence/receiving-python-v1/work/m3/migration/intake-20261005/portable/pcr/consumer-0/chain/01-lint.stderr.log
5a05902987213afc6ba9251310eac97ecd6afd7d56c4c1d81c1b0ad11b89aa8b	202	evidence/receiving-python-v1/work/m3/migration/intake-20261005/portable/pcr/consumer-0/chain/01-lint.stdout.log
4150634028ef2df3bbfe78c1cc7acf616fc909a9525262332ded199a7898545d	931	evidence/receiving-python-v1/work/m3/migration/intake-20261005/portable/pcr/consumer-0/chain/02-compile.json
e3b0c44298fc1c149afbf4c8996fb92427ae41e4649b934ca495991b7852b855	0	evidence/receiving-python-v1/work/m3/migration/intake-20261005/portable/pcr/consumer-0/chain/02-compile.stderr.log
582397d4acf83a2088a4ef301f3f652f207c9ebfec53524aa796df8eeb573ddf	1953	evidence/receiving-python-v1/work/m3/migration/intake-20261005/portable/pcr/consumer-0/chain/02-compile.stdout.log
32272090c319b49d844bc37417969cb6d168bfb6252b1791a38d5988b6dd5190	948	evidence/receiving-python-v1/work/m3/migration/intake-20261005/portable/pcr/consumer-0/chain/03-test.json
e3b0c44298fc1c149afbf4c8996fb92427ae41e4649b934ca495991b7852b855	0	evidence/receiving-python-v1/work/m3/migration/intake-20261005/portable/pcr/consumer-0/chain/03-test.stderr.log
3019e10ebfe82d113d2b791472a96a834ab4aff2a1e27a401e44549b23fd2072	2552	evidence/receiving-python-v1/work/m3/migration/intake-20261005/portable/pcr/consumer-0/chain/03-test.stdout.log
69a30ee3446101605e276236798b15a43eaa38637e2fc471fff0e55c154cc784	974	evidence/receiving-python-v1/work/m3/migration/intake-20261005/portable/pcr/consumer-0/chain/04-runtime.json
e3b0c44298fc1c149afbf4c8996fb92427ae41e4649b934ca495991b7852b855	0	evidence/receiving-python-v1/work/m3/migration/intake-20261005/portable/pcr/consumer-0/chain/04-runtime.stderr.log
95dd5c3b2002df5babf1fddcb2a70447dbbb8c7392241b64fde1f48f8c66c1b4	576	evidence/receiving-python-v1/work/m3/migration/intake-20261005/portable/pcr/consumer-0/chain/04-runtime.stdout.log
059324a8d84811367affc17f27b954d0ed7b98e22c59b1dfc2d8cca47d29446b	31015	evidence/receiving-python-v1/work/m3/migration/intake-20261005/portable/pcr/consumer-0/commands.json
db6df0c40cddf31a7f3fe72ce1d6b238d2b0f4368ce217a88d4dc99376fc0098	526518	evidence/receiving-python-v1/work/m3/migration/intake-20261005/portable/pcr/consumer-0/inputs.json
c64ea2406708f47d7490f7ca0a59664207593439eece2f80b7c1aafbb124c3cc	870	evidence/receiving-python-v1/work/m3/migration/intake-20261005/portable/pcr/consumer-0/junit-report.json
44bcf6ed9239f7425751ca4fa66b340fab7424d6f183fe455fe7f2fcab401b80	10015	evidence/receiving-python-v1/work/m3/migration/intake-20261005/portable/pcr/consumer-0/runtime-1.json
e3b0c44298fc1c149afbf4c8996fb92427ae41e4649b934ca495991b7852b855	0	evidence/receiving-python-v1/work/m3/migration/intake-20261005/portable/pcr/consumer-0/runtime-1.stderr.log
051fcb55eb335e25b6d568382101580694fc02502f536ed6e4906ceaabb3e158	192	evidence/receiving-python-v1/work/m3/migration/intake-20261005/portable/pcr/consumer-0/runtime-1.stdout.log
f5f103d1e653d407250c1b2798003277a92e925fac7cbff9dbdaea188d808be7	10018	evidence/receiving-python-v1/work/m3/migration/intake-20261005/portable/pcr/consumer-0/runtime-2.json
e3b0c44298fc1c149afbf4c8996fb92427ae41e4649b934ca495991b7852b855	0	evidence/receiving-python-v1/work/m3/migration/intake-20261005/portable/pcr/consumer-0/runtime-2.stderr.log
0c23a5897701ea6d0a3aab58d8a927684a746e1f461ad5c61e2690206fcdeabf	34	evidence/receiving-python-v1/work/m3/migration/intake-20261005/portable/pcr/consumer-0/runtime-2.stdout.log
d3aab3804014a004b86ca25bd31bd85e2bb9d63b67db29e44608c70189b6f10f	20275	evidence/receiving-python-v1/work/m3/migration/intake-20261005/portable/pcr/consumer-0/runtime-report.json
6389fce6b9ad386342519aecebb201cb0adc4bcb5b355feb2bad9e3950b00989	14079	evidence/receiving-python-v1/work/m3/migration/intake-20261005/portable/pcr/consumer-0/staging.json
71dbefe03a8d4ea81b46c26978a651e45609b91a2d3204817da3daea4de92a8d	9733	evidence/receiving-python-v1/work/m3/migration/intake-20261005/portable/pcr/consumer-0/target/surefire-reports/TEST-com.synexia.common.collections.jdk.PackedLazyCallbackSafetyTest.xml
af7a29dc2917b23f682454ec63fc0b37bcf85dee2e2e7dac2b0196e070a1d441	7981	evidence/receiving-python-v1/work/m3/migration/intake-20261005/portable/pcr/consumer-0/target/surefire-reports/TEST-com.synexia.common.collections.jdk.PackedLazyTreeMapTest.xml
0069b0e58de5e4c30162d16a9a53cfd0b290162c5129840397f1dc20ba671795	944	evidence/receiving-python-v1/work/m3/migration/intake-20261005/portable/pcr/consumer-0/tooling.json
67850514173184e0ef86f31c7e4f1b1fa20f19d64afd61c50494ec3ea298d2c2	745	evidence/receiving-python-v1/work/m3/migration/intake-20261005/portable/pcr/consumer-1/PATCH.json
9ac3f2db501508383bc80aa2c8e0e983aa2e814d10a6bc3de241613b756ff5dc	2748	evidence/receiving-python-v1/work/m3/migration/intake-20261005/portable/pcr/consumer-1/RESULT.json
db2ec4560898d27399fd80944bdb87038695e222a50aeb2b2c514e59b9e499d7	84194	evidence/receiving-python-v1/work/m3/migration/intake-20261005/portable/pcr/consumer-1/build-artifacts.json
4e036668b97be96243ca80c5196f24587e3e4889cb4c4ea049ae8b827edd28ae	911	evidence/receiving-python-v1/work/m3/migration/intake-20261005/portable/pcr/consumer-1/chain/01-lint.json
e3b0c44298fc1c149afbf4c8996fb92427ae41e4649b934ca495991b7852b855	0	evidence/receiving-python-v1/work/m3/migration/intake-20261005/portable/pcr/consumer-1/chain/01-lint.stderr.log
5a05902987213afc6ba9251310eac97ecd6afd7d56c4c1d81c1b0ad11b89aa8b	202	evidence/receiving-python-v1/work/m3/migration/intake-20261005/portable/pcr/consumer-1/chain/01-lint.stdout.log
1ca395a0dd86de19c72ac658b17e0cd41a561b17e4ff0fccc0c06507c9b27da1	939	evidence/receiving-python-v1/work/m3/migration/intake-20261005/portable/pcr/consumer-1/chain/02-compile.json
e3b0c44298fc1c149afbf4c8996fb92427ae41e4649b934ca495991b7852b855	0	evidence/receiving-python-v1/work/m3/migration/intake-20261005/portable/pcr/consumer-1/chain/02-compile.stderr.log
ee1330abf815172c6bf18ddd0f840672e8d134f369f0f6211f308a1babccf1d6	1992	evidence/receiving-python-v1/work/m3/migration/intake-20261005/portable/pcr/consumer-1/chain/02-compile.stdout.log
fce390121838d9586533b1194d063ebc0f98ee0fe738ffd81c9114c40ee1fbb0	956	evidence/receiving-python-v1/work/m3/migration/intake-20261005/portable/pcr/consumer-1/chain/03-test.json
e3b0c44298fc1c149afbf4c8996fb92427ae41e4649b934ca495991b7852b855	0	evidence/receiving-python-v1/work/m3/migration/intake-20261005/portable/pcr/consumer-1/chain/03-test.stderr.log
308ad6e5f0dc446e7848b91c96966a2a949f9fd771587482a76bc3fe685d8b30	20604	evidence/receiving-python-v1/work/m3/migration/intake-20261005/portable/pcr/consumer-1/chain/03-test.stdout.log
fafdef585514ff0ccbfc112fda40f702a5df4ef1940db4cd84d79051376feba2	982	evidence/receiving-python-v1/work/m3/migration/intake-20261005/portable/pcr/consumer-1/chain/04-runtime.json
e3b0c44298fc1c149afbf4c8996fb92427ae41e4649b934ca495991b7852b855	0	evidence/receiving-python-v1/work/m3/migration/intake-20261005/portable/pcr/consumer-1/chain/04-runtime.stderr.log
e90ec66a5512982dd7e56c75fccd6d941cfb28f97eb9a58a11d4254a19090aa5	1982	evidence/receiving-python-v1/work/m3/migration/intake-20261005/portable/pcr/consumer-1/chain/04-runtime.stdout.log
ddeccbf94fcf62d93390e1a70a746f5f882d045f17cf24c75c194207bcc96194	148511	evidence/receiving-python-v1/work/m3/migration/intake-20261005/portable/pcr/consumer-1/commands.json
db7c75e2b559f254b9c10adb6d5da1b6e3781155c49fb6efc4b1bae3b1330268	637800	evidence/receiving-python-v1/work/m3/migration/intake-20261005/portable/pcr/consumer-1/inputs.json
cc7586509b6cb3f455aa0b748456adf3585747ffed202f5274ad038b76b8c632	13151	evidence/receiving-python-v1/work/m3/migration/intake-20261005/portable/pcr/consumer-1/junit-report.json
33d5484589fd25abc7cf3ec7a3d49558d0c6e19f69a9b7e6d4c4abb49b32a532	10015	evidence/receiving-python-v1/work/m3/migration/intake-20261005/portable/pcr/consumer-1/runtime-1.json
e3b0c44298fc1c149afbf4c8996fb92427ae41e4649b934ca495991b7852b855	0	evidence/receiving-python-v1/work/m3/migration/intake-20261005/portable/pcr/consumer-1/runtime-1.stderr.log
a544406e23539412af9df6ca16f53c47508f74c7511b076685c8b917e8d3b45b	128	evidence/receiving-python-v1/work/m3/migration/intake-20261005/portable/pcr/consumer-1/runtime-1.stdout.log
4751a83dfac9b75b4e90cf1bda9df8a883da257be544755f2a44e9399175fb27	10013	evidence/receiving-python-v1/work/m3/migration/intake-20261005/portable/pcr/consumer-1/runtime-2.json
e3b0c44298fc1c149afbf4c8996fb92427ae41e4649b934ca495991b7852b855	0	evidence/receiving-python-v1/work/m3/migration/intake-20261005/portable/pcr/consumer-1/runtime-2.stderr.log
a72a3e35c41aa9851d251d9cacb0cb0f9606050df45c01ea9cb45ffd03e9e8d0	96	evidence/receiving-python-v1/work/m3/migration/intake-20261005/portable/pcr/consumer-1/runtime-2.stdout.log
451b5c0d261c2cad18018623fb8ea7d32d73921020976f63ba6877655a063a0a	9994	evidence/receiving-python-v1/work/m3/migration/intake-20261005/portable/pcr/consumer-1/runtime-3.json
e3b0c44298fc1c149afbf4c8996fb92427ae41e4649b934ca495991b7852b855	0	evidence/receiving-python-v1/work/m3/migration/intake-20261005/portable/pcr/consumer-1/runtime-3.stderr.log
eb1182587ff197433a10f2143be45a4e63d429ff53eb9ebba1c5685dfd8cc61a	20	evidence/receiving-python-v1/work/m3/migration/intake-20261005/portable/pcr/consumer-1/runtime-3.stdout.log
58701ad6b0ce9069e9c0b00744af9fc7dca6d3dffc16166a048a97624b7b59cd	10018	evidence/receiving-python-v1/work/m3/migration/intake-20261005/portable/pcr/consumer-1/runtime-4.json
e3b0c44298fc1c149afbf4c8996fb92427ae41e4649b934ca495991b7852b855	0	evidence/receiving-python-v1/work/m3/migration/intake-20261005/portable/pcr/consumer-1/runtime-4.stderr.log
90f9c6c84ea7670025068ee88716f84259220b7fe8665a42f8b7bd00c15c9b37	120	evidence/receiving-python-v1/work/m3/migration/intake-20261005/portable/pcr/consumer-1/runtime-4.stdout.log
7cba6bdebb630995a94b2d7bc64da627069daf99107da84e24702163e8f33c0e	10015	evidence/receiving-python-v1/work/m3/migration/intake-20261005/portable/pcr/consumer-1/runtime-5.json
e3b0c44298fc1c149afbf4c8996fb92427ae41e4649b934ca495991b7852b855	0	evidence/receiving-python-v1/work/m3/migration/intake-20261005/portable/pcr/consumer-1/runtime-5.stderr.log
8d1f96dc9e0e4189db563fc46b83c06d081a1399604c449e66c86c3f3a701f60	32	evidence/receiving-python-v1/work/m3/migration/intake-20261005/portable/pcr/consumer-1/runtime-5.stdout.log
3e31c6769ad60570623c5367ee6254fcd6779a5d8b484384f3db433a65b58b39	10024	evidence/receiving-python-v1/work/m3/migration/intake-20261005/portable/pcr/consumer-1/runtime-6.json
e3b0c44298fc1c149afbf4c8996fb92427ae41e4649b934ca495991b7852b855	0	evidence/receiving-python-v1/work/m3/migration/intake-20261005/portable/pcr/consumer-1/runtime-6.stderr.log
7a1176273c85da0f4c83f8b20eaf51442a1ddb7710524d08ab01a0a194edafe9	22	evidence/receiving-python-v1/work/m3/migration/intake-20261005/portable/pcr/consumer-1/runtime-6.stdout.log
ca330ff7e7632cf52091a899750b7f51465de5ad7df051b9ca108f8da3e385be	10000	evidence/receiving-python-v1/work/m3/migration/intake-20261005/portable/pcr/consumer-1/runtime-7.json
e3b0c44298fc1c149afbf4c8996fb92427ae41e4649b934ca495991b7852b855	0	evidence/receiving-python-v1/work/m3/migration/intake-20261005/portable/pcr/consumer-1/runtime-7.stderr.log
9f12a7cab28a322978805312ca92e7bf18b5a55dfffe4b39000ae0931b6bd844	37	evidence/receiving-python-v1/work/m3/migration/intake-20261005/portable/pcr/consumer-1/runtime-7.stdout.log
0bed32ec1851d2f59177ad79100005f4434f4ce30372ec98f6294c7a40149e3c	9999	evidence/receiving-python-v1/work/m3/migration/intake-20261005/portable/pcr/consumer-1/runtime-8.json
e3b0c44298fc1c149afbf4c8996fb92427ae41e4649b934ca495991b7852b855	0	evidence/receiving-python-v1/work/m3/migration/intake-20261005/portable/pcr/consumer-1/runtime-8.stderr.log
5ced5f8c0f83bfccd44d5d05231373bfc1fc4efc01a18c04ae6a933f4b728ec1	127	evidence/receiving-python-v1/work/m3/migration/intake-20261005/portable/pcr/consumer-1/runtime-8.stdout.log
80926900fbef24090adf6dbfeeb9dacd8e32cb12b20f3fc706a836617e3f6e79	80734	evidence/receiving-python-v1/work/m3/migration/intake-20261005/portable/pcr/consumer-1/runtime-report.json
32f371df5045a5b03f3a00f98df701312bda43d0c72727a99dd41c946759a8a5	125921	evidence/receiving-python-v1/work/m3/migration/intake-20261005/portable/pcr/consumer-1/staging.json
07e0a4d7af92b5f27f79ff4c350534d334d34ec4de72f72478ab0f661b27d1f7	8434	evidence/receiving-python-v1/work/m3/migration/intake-20261005/portable/pcr/consumer-1/target/surefire-reports/TEST-com.synexia.primitives.AdvancedAlgorithmShapesTest.xml
f1040d672acc646c44b6f058e26d75d2ca0c947c5bcac0e1b4c313df343799f3	8693	evidence/receiving-python-v1/work/m3/migration/intake-20261005/portable/pcr/consumer-1/target/surefire-reports/TEST-com.synexia.primitives.BoundedProviderRowsFailureAdmissionTest.xml
00ff33ba6e57ec5ad4c42a2d64f76b45494af1518808167e7d5de220e0b74d7c	8654	evidence/receiving-python-v1/work/m3/migration/intake-20261005/portable/pcr/consumer-1/target/surefire-reports/TEST-com.synexia.primitives.BulkPrimitiveRowProviderTest.xml
e30b7e69714e8cf11da797d691133e0c72a351f704c1d0e7c35b5c337c3d74f1	8513	evidence/receiving-python-v1/work/m3/migration/intake-20261005/portable/pcr/consumer-1/target/surefire-reports/TEST-com.synexia.primitives.CollectionContractsTest.xml
e1189f86eb318a8f8b51375f74ffb62c30c9aef35712f01d277ad976da7e7b23	8008	evidence/receiving-python-v1/work/m3/migration/intake-20261005/portable/pcr/consumer-1/target/surefire-reports/TEST-com.synexia.primitives.CollectionSupersetCountsTest.xml
6b694af2c8c7f73b36383c9f841837ab4e674e94a0564271ea70edb6f374ddad	7874	evidence/receiving-python-v1/work/m3/migration/intake-20261005/portable/pcr/consumer-1/target/surefire-reports/TEST-com.synexia.primitives.DenseCollectionsTest.xml
fa54f899764b8d05de1e3cbb5617fcb9f4a27321a11279fdec3db3e34d05dfb9	7897	evidence/receiving-python-v1/work/m3/migration/intake-20261005/portable/pcr/consumer-1/target/surefire-reports/TEST-com.synexia.primitives.ExactWidthCollectionsTest.xml
92d2c6b8b80095b38072e69dc75ebe85ef8fc47383dc10822c41225ba8ed1390	7916	evidence/receiving-python-v1/work/m3/migration/intake-20261005/portable/pcr/consumer-1/target/surefire-reports/TEST-com.synexia.primitives.ExtendedPrimitiveCollectionsTest.xml
6860839610eacfcf1c61e73fa371408558cd8e7feda89cb0ba645b6d2e15fafe	7896	evidence/receiving-python-v1/work/m3/migration/intake-20261005/portable/pcr/consumer-1/target/surefire-reports/TEST-com.synexia.primitives.FossCollectionDonorTest.xml
2179f5ff73ea67e2e36c66a90d6835a72503afed46bfa5cebdccec9344a44f28	7899	evidence/receiving-python-v1/work/m3/migration/intake-20261005/portable/pcr/consumer-1/target/surefire-reports/TEST-com.synexia.primitives.FossSemanticClosureTest.xml
fef7815fa49acf9aa23bcbffe46f6bd94632283de78408aae49fa737b755c907	8814	evidence/receiving-python-v1/work/m3/migration/intake-20261005/portable/pcr/consumer-1/target/surefire-reports/TEST-com.synexia.primitives.FuzzyAlgorithmFactoryTest.xml
22b94124ad094f6de8ecac97bb28f92f93cc65a344d76637f10ed4b1cf311fbf	8915	evidence/receiving-python-v1/work/m3/migration/intake-20261005/portable/pcr/consumer-1/target/surefire-reports/TEST-com.synexia.primitives.FuzzyAlgorithmFactoryWave2Test.xml
ee63ee6034baa816749bedbba548070b0e47d40bb55b99a776c0930617e1514c	9178	evidence/receiving-python-v1/work/m3/migration/intake-20261005/portable/pcr/consumer-1/target/surefire-reports/TEST-com.synexia.primitives.FuzzyStructureFactoryTest.xml
4eaa8b0cdf60f5bb28a431445bce70fb9ecb9b13ef51492aca73950a82a8cdeb	8707	evidence/receiving-python-v1/work/m3/migration/intake-20261005/portable/pcr/consumer-1/target/surefire-reports/TEST-com.synexia.primitives.LazySegmentedStorageTest.xml
1d3a127d4735440dd7f2f8b6b83d096a35178d8dc3de46d18b66002990a432ed	8428	evidence/receiving-python-v1/work/m3/migration/intake-20261005/portable/pcr/consumer-1/target/surefire-reports/TEST-com.synexia.primitives.LeanCollectionFactoryTest.xml
d39c14f1079b409ed8d5d555996c8357b9ab0911d72a5c8d606e88693e44b680	7908	evidence/receiving-python-v1/work/m3/migration/intake-20261005/portable/pcr/consumer-1/target/surefire-reports/TEST-com.synexia.primitives.MarkerPatternCollectionsTest.xml
1e6c0712c3a1a8f41daf097f534e2e8944f5167b3e9add933591aa6dc6c960f3	7756	evidence/receiving-python-v1/work/m3/migration/intake-20261005/portable/pcr/consumer-1/target/surefire-reports/TEST-com.synexia.primitives.MrpFactoryTest.xml
dec59d03d3e623296bb58fc2e86401197e8c9fb534cf7d55c61378292e6c2f78	8206	evidence/receiving-python-v1/work/m3/migration/intake-20261005/portable/pcr/consumer-1/target/surefire-reports/TEST-com.synexia.primitives.MrpIntentTest.xml
3a192397e3d2283e72c5256f86187505efb345d7f2d2763b6813cdb6785afef0	8699	evidence/receiving-python-v1/work/m3/migration/intake-20261005/portable/pcr/consumer-1/target/surefire-reports/TEST-com.synexia.primitives.ObjectCounterZeroMetadataRepairTest.xml
a4f6ff561875aef121d150d1790f51cd8d58473c89af894654545d10c0b18d57	10692	evidence/receiving-python-v1/work/m3/migration/intake-20261005/portable/pcr/consumer-1/target/surefire-reports/TEST-com.synexia.primitives.PcsTest.xml
d63931cb91ffba4673d9e498b26e61249c7eb183ebab40be1a2f0e703b7daecb	7914	evidence/receiving-python-v1/work/m3/migration/intake-20261005/portable/pcr/consumer-1/target/surefire-reports/TEST-com.synexia.primitives.PrimitiveCollectionSupersetTest.xml
78fab6131bf4a46806b20e4939843e9fc0e7e2931daf8023fffdb5cb9b71a576	7906	evidence/receiving-python-v1/work/m3/migration/intake-20261005/portable/pcr/consumer-1/target/surefire-reports/TEST-com.synexia.primitives.PrimitiveMpmcConcurrencyTest.xml
8268e9679af7864afd4b87068ce289802f164f6eda1b718937fad0de0e577779	8141	evidence/receiving-python-v1/work/m3/migration/intake-20261005/portable/pcr/consumer-1/target/surefire-reports/TEST-com.synexia.primitives.PrimitiveTouchObserverTest.xml
b14c42b91b1b7e812d6fca011859d9cf593a8ae4ffc08ee8353d4231ddc7c0e5	8280	evidence/receiving-python-v1/work/m3/migration/intake-20261005/portable/pcr/consumer-1/target/surefire-reports/TEST-com.synexia.primitives.ProviderBackedPrimitiveListTest.xml
f9e878b812f26301f91324a7fcfdeca73e33e3d704f831b37f4457b46d839b5e	8325	evidence/receiving-python-v1/work/m3/migration/intake-20261005/portable/pcr/consumer-1/target/surefire-reports/TEST-com.synexia.primitives.ProviderBackedPrimitiveLongTreeTest.xml
904775ea28dcf9a4c3e5c561dd8c5036e4e814458f21f93d3596acb11f22f5f1	8417	evidence/receiving-python-v1/work/m3/migration/intake-20261005/portable/pcr/consumer-1/target/surefire-reports/TEST-com.synexia.primitives.ProviderBackedPrimitiveRowsTest.xml
efc9493ec80f51df51e8cc2c2cbe80e81df53ce851c5d9684fccb8e953b75a1e	8976	evidence/receiving-python-v1/work/m3/migration/intake-20261005/portable/pcr/consumer-1/target/surefire-reports/TEST-com.synexia.primitives.ProviderBackedPrimitiveTreeSupersetTest.xml
fcecd8d810f9c6767604ea0e74e55491e108636376fe770a5e4c71a7c4c89ba0	8583	evidence/receiving-python-v1/work/m3/migration/intake-20261005/portable/pcr/consumer-1/target/surefire-reports/TEST-com.synexia.primitives.ProviderBackedPrimitiveTreeTest.xml
7f3567ab8ea65e5369682de1a524fb069f56255a665d89e3049865fd9c78a3c6	10500	evidence/receiving-python-v1/work/m3/migration/intake-20261005/portable/pcr/consumer-1/target/surefire-reports/TEST-com.synexia.primitives.ProviderCallbackSafetyTest.xml
50a27934222696b1a96ed79502837c215957bbbf74d3898063d64ee2e1fd7c15	8159	evidence/receiving-python-v1/work/m3/migration/intake-20261005/portable/pcr/consumer-1/target/surefire-reports/TEST-com.synexia.primitives.ProviderCallbackSupersetTest.xml
0fb6acc548dbc7778a340bc416066909cf465a89f4c8dd12ee5fced41fccde9c	8904	evidence/receiving-python-v1/work/m3/migration/intake-20261005/portable/pcr/consumer-1/target/surefire-reports/TEST-com.synexia.primitives.ProviderResidencySupersetTest.xml
970a14337597c864b0a50528fec487670817840aee73510afc0bbf0e3cee9aa3	8618	evidence/receiving-python-v1/work/m3/migration/intake-20261005/portable/pcr/consumer-1/target/surefire-reports/TEST-com.synexia.primitives.ProviderResidencyVersionedTreeTest.xml
689e1029b52d65d0d7f3cfe3ebd59734313240072bacf4d7e38b801bd317c672	7983	evidence/receiving-python-v1/work/m3/migration/intake-20261005/portable/pcr/consumer-1/target/surefire-reports/TEST-com.synexia.primitives.ProviderSerializationCompatibilityTest.xml
8aa409e27aad083416245adf875c9b7fef5f46c090ea853ddb99a3386116c118	7884	evidence/receiving-python-v1/work/m3/migration/intake-20261005/portable/pcr/consumer-1/target/surefire-reports/TEST-com.synexia.primitives.PurposeCollectionsTest.xml
d01ed7fac24e7de61105cdc3f23a1af00f48ab29d181afc157c3f28af0d0c311	9011	evidence/receiving-python-v1/work/m3/migration/intake-20261005/portable/pcr/consumer-1/target/surefire-reports/TEST-com.synexia.primitives.RecoveredSeriousAlgorithmShapesTest.xml
1328987e8e176be8977c76e814e004ac218c65435eda9a8a8483534540cb9851	8003	evidence/receiving-python-v1/work/m3/migration/intake-20261005/portable/pcr/consumer-1/target/surefire-reports/TEST-com.synexia.primitives.TouchAwarePrimitiveRowProviderTest.xml
0920e7ff2e63816f0552091b8177e666f9a5886e1f406653906347c22475fb6e	8196	evidence/receiving-python-v1/work/m3/migration/intake-20261005/portable/pcr/consumer-1/target/surefire-reports/TEST-com.synexia.primitives.VersionedProviderLookupCounterTest.xml
0847ae086a0efedda785da8abac3cb93faa1c6b19a73ef3608052b016bd7d12d	8822	evidence/receiving-python-v1/work/m3/migration/intake-20261005/portable/pcr/consumer-1/target/surefire-reports/TEST-com.synexia.primitives.ZeroMetadataHashTest.xml
f17508a5818dd59ae7c4482136f05860510180d38529caf6d1ca781f7ad279ef	948	evidence/receiving-python-v1/work/m3/migration/intake-20261005/portable/pcr/consumer-1/tooling.json
5a6211430e935fb53f9a2e8a593a4feb42468f9dcfc55024c312adf3dd03b9d3	8968	evidence/receiving-python-v1/work/m3/migration/intake-20261005/portable/pcr/outputs.json
bce1d43153ff314030eaf27f93108105a3f876e7364d71fe3a4c4f2883db99d0	10611	evidence/receiving-python-v1/work/m3/migration/intake-20261005/portable/pcr/outputs/synexia-common/src/main/java/com/synexia/common/collections/jdk/PackedLazyValueState.java
34ae724febc38948d095222f403e5b4a351ab08cc3ea0e129c56bb012744255c	29216	evidence/receiving-python-v1/work/m3/migration/intake-20261005/portable/pcr/outputs/synexia-common/src/test/java/com/synexia/common/collections/jdk/PackedLazyCallbackSafetyTest.java
7e239cc9f87b05b39db1e0cddd81dc842ab07f8df5d49e20a585867becce0979	18419	evidence/receiving-python-v1/work/m3/migration/intake-20261005/portable/pcr/outputs/synexia-common/src/test/java/com/synexia/common/collections/jdk/PackedLazyTreeMapSelfTest.java
137e7c9b741ef312c419a15f905d1f22cd40b30f6a13d65592883aa884c7170d	9557	evidence/receiving-python-v1/work/m3/migration/intake-20261005/portable/pcr/outputs/synexia-primitives/src/main/java/com/synexia/primitives/BoundedProviderBackedPrimitiveLongTree.java
c790a117f18812c6ab4106b867fc2d2962255763a29d1d3bcf2cd209962a1d37	11605	evidence/receiving-python-v1/work/m3/migration/intake-20261005/portable/pcr/outputs/synexia-primitives/src/main/java/com/synexia/primitives/BoundedProviderBackedPrimitiveRows.java
66929697ffc39003a1fa1d015975a6a03fbba20531bbc17b5f535bc8f08cf2f4	12996	evidence/receiving-python-v1/work/m3/migration/intake-20261005/portable/pcr/outputs/synexia-primitives/src/main/java/com/synexia/primitives/BoundedProviderBackedPrimitiveTree.java
aaa96b03ad1ac7115ec4f012526939d5e12d1bcb4cc5f4fa4c3f25d02f5656d2	10480	evidence/receiving-python-v1/work/m3/migration/intake-20261005/portable/pcr/outputs/synexia-primitives/src/main/java/com/synexia/primitives/BoundedVersionedProviderBackedPrimitiveLongTree.java
21fa5ac34877acf45336e1a7efa82966e097fd4ab1f62ae9f54b4ee3ad4f56e0	3410	evidence/receiving-python-v1/work/m3/migration/intake-20261005/portable/pcr/outputs/synexia-primitives/src/main/java/com/synexia/primitives/ObjectCounterMap.java
8d5e8c505158bc60e41dcda5a16d468c293aa11948d0e3c93d6500634c0e345d	20592	evidence/receiving-python-v1/work/m3/migration/intake-20261005/portable/pcr/outputs/synexia-primitives/src/main/java/com/synexia/primitives/ProviderBackedPrimitiveRows.java
2ca650f68fd0450a2886ae303b0b91eafdffe326464abf8ae5a1d669a78a5adb	8252	evidence/receiving-python-v1/work/m3/migration/intake-20261005/portable/pcr/outputs/synexia-primitives/src/main/java/com/synexia/primitives/VersionedProviderBackedPrimitiveLongTree.java
d96abf1b94b58467a158cf6985012fa9e3b4c5dbedfe724f85881af6b3ab6b3f	15329	evidence/receiving-python-v1/work/m3/migration/intake-20261005/portable/pcr/outputs/synexia-primitives/src/test/java/com/synexia/primitives/BoundedProviderRowsFailureAdmissionTest.java
13499edabbaa9f69e28da6bd1e0f985ce502a7de91abd4f1845b26af0b491a26	14617	evidence/receiving-python-v1/work/m3/migration/intake-20261005/portable/pcr/outputs/synexia-primitives/src/test/java/com/synexia/primitives/BulkPrimitiveRowProviderTest.java
64f95e0c5cc521ffe0f4dbf5f591ef8affa5233a1d88c8df5446b9a449cbf8fe	12305	evidence/receiving-python-v1/work/m3/migration/intake-20261005/portable/pcr/outputs/synexia-primitives/src/test/java/com/synexia/primitives/ExactWidthCollectionsSelfTest.java
f7272d4ca18106de32c03bf52ae7894f6e08a0f8dca12e0883830596d5048401	7342	evidence/receiving-python-v1/work/m3/migration/intake-20261005/portable/pcr/outputs/synexia-primitives/src/test/java/com/synexia/primitives/ObjectCounterZeroMetadataRepairTest.java
4fa7b2ca8086982bfc6e47d7ab2af8bac8537a2f245f70bc2bf06f3bb2c62940	68319	evidence/receiving-python-v1/work/m3/migration/intake-20261005/portable/pcr/outputs/synexia-primitives/src/test/java/com/synexia/primitives/PcsProbe.java
012ce8ac2d50bcfedaaff2ac9604b589b58b5b9e8b018ae524906bba965aaa9c	3748	evidence/receiving-python-v1/work/m3/migration/intake-20261005/portable/pcr/outputs/synexia-primitives/src/test/java/com/synexia/primitives/PcsTest.java
08bdfe2a0cedf372b4b765765297358dcc4fddb88282a8bb391024bc881d3a57	6342	evidence/receiving-python-v1/work/m3/migration/intake-20261005/portable/pcr/outputs/synexia-primitives/src/test/java/com/synexia/primitives/ProviderCallbackSupersetProbe.java
035b67874278adae7381d61c12eb368312573928d3ded5a35dfa40b2915ef79f	10205	evidence/receiving-python-v1/work/m3/migration/intake-20261005/portable/pcr/outputs/synexia-primitives/src/test/java/com/synexia/primitives/ProviderCallbackSupersetTest.java
f10da50534f059a422106021392cdb21e86172a9bbc025431024fe86e68d5b84	12353	evidence/receiving-python-v1/work/m3/migration/intake-20261005/portable/pcr/outputs/synexia-primitives/src/test/java/com/synexia/primitives/ProviderResidencySupersetTest.java
78b23ce5fbc6d941b829577498b017f19dfa7c65a5767cdfdad55d0e34cf8edf	6138	evidence/receiving-python-v1/work/m3/migration/intake-20261005/portable/pcr/outputs/synexia-primitives/src/test/java/com/synexia/primitives/VersionedProviderLookupCounterTest.java
32031319fd7a59e7ecd282525981e1e3bf2874a7c6d086ca63ac5002dbbf8a86	735	evidence/receiving-python-v1/work/m3/migration/intake-20261005/portable/pcr/recipe/PATCH.json
adce0fb4251ed4efa2dff2ec0818a0c7d9be585893241d8b7c2fda0a6c919a20	2740	evidence/receiving-python-v1/work/m3/migration/intake-20261005/portable/pcr/recipe/RESULT.json
b85115ed7ffa8ce93bcc58fa5216212040294d33a93b9e322ff448304e0360a4	25339	evidence/receiving-python-v1/work/m3/migration/intake-20261005/portable/pcr/recipe/build-artifacts.json
437aec6e49b1888fbeb9c0df20e4c8559c8bd6370050f8504caab993681f629e	897	evidence/receiving-python-v1/work/m3/migration/intake-20261005/portable/pcr/recipe/chain/01-lint.json
e3b0c44298fc1c149afbf4c8996fb92427ae41e4649b934ca495991b7852b855	0	evidence/receiving-python-v1/work/m3/migration/intake-20261005/portable/pcr/recipe/chain/01-lint.stderr.log
5a05902987213afc6ba9251310eac97ecd6afd7d56c4c1d81c1b0ad11b89aa8b	202	evidence/receiving-python-v1/work/m3/migration/intake-20261005/portable/pcr/recipe/chain/01-lint.stdout.log
4dcfbce6f5beee84f374681944a9f31292f1e5de54454a4f4c5514d56ba9590a	925	evidence/receiving-python-v1/work/m3/migration/intake-20261005/portable/pcr/recipe/chain/02-compile.json
e3b0c44298fc1c149afbf4c8996fb92427ae41e4649b934ca495991b7852b855	0	evidence/receiving-python-v1/work/m3/migration/intake-20261005/portable/pcr/recipe/chain/02-compile.stderr.log
bb41640c661c37cf593b3945c17780c4a5e1d95a1873f0287ebe5d8abdff4701	1821	evidence/receiving-python-v1/work/m3/migration/intake-20261005/portable/pcr/recipe/chain/02-compile.stdout.log
61ac4803a2443552b09dc1586b17275a96353ddbfcbe35fa51a09b40b76c7b5b	942	evidence/receiving-python-v1/work/m3/migration/intake-20261005/portable/pcr/recipe/chain/03-test.json
56fcd7c40a33c7d85107cbe67c4ef8dde09b80d73c6f9f767dacbe12fb379b77	55624	evidence/receiving-python-v1/work/m3/migration/intake-20261005/portable/pcr/recipe/chain/03-test.stderr.log
079aab86d52f19c8e66e0ca3f349f486508adaba1fe42bd085991a7c31ba5d19	3574	evidence/receiving-python-v1/work/m3/migration/intake-20261005/portable/pcr/recipe/chain/03-test.stdout.log
cc1e3e987a1779c4b74642e7919271eac9569af15b6fe741f4bef370ac879651	968	evidence/receiving-python-v1/work/m3/migration/intake-20261005/portable/pcr/recipe/chain/04-runtime.json
cc6a2fa3cf7eab0c26df639b7cabf672e18924eed987269aa186516d2ab3b44c	7974	evidence/receiving-python-v1/work/m3/migration/intake-20261005/portable/pcr/recipe/chain/04-runtime.stderr.log
4159d17b22feaf3bfa945de8ac38bad8cefc785b8fd8a7abfcebad097abb1532	655	evidence/receiving-python-v1/work/m3/migration/intake-20261005/portable/pcr/recipe/chain/04-runtime.stdout.log
5d3116fe295ef6038b4091425852b049c6520c1b6f6b56736910d6a3fc945625	27666	evidence/receiving-python-v1/work/m3/migration/intake-20261005/portable/pcr/recipe/commands.json
3b906207157d2fca3bede9bb51cc5310cb31c1f7b104d7b51a06b6be714d6041	464197	evidence/receiving-python-v1/work/m3/migration/intake-20261005/portable/pcr/recipe/inputs.json
3ca48604dcde53c1f88bf3429b4574fe2eee177fb2d4a8309c57d38f5cebafea	1456	evidence/receiving-python-v1/work/m3/migration/intake-20261005/portable/pcr/recipe/junit-report.json
be42c1c429c4a40fbce3499fa8d47ab380606fb6605843435751eaef80f3bcaa	4750	evidence/receiving-python-v1/work/m3/migration/intake-20261005/portable/pcr/recipe/materialization/manifest.tsv
9cf4228a2ecbfd8695ab03a9870ce4903be570537317d09a3f933bd96f0d73b3	10098	evidence/receiving-python-v1/work/m3/migration/intake-20261005/portable/pcr/recipe/runtime-1.json
e40f2940459bbc269300f8837730ef0727727b34b033feca76b08e5cefd5ec9c	3976	evidence/receiving-python-v1/work/m3/migration/intake-20261005/portable/pcr/recipe/runtime-1.stderr.log
30fa3c33f3cfee61fb188922371d0303ef1f43f4fda7ad9e734c7fa150d2ed85	142	evidence/receiving-python-v1/work/m3/migration/intake-20261005/portable/pcr/recipe/runtime-1.stdout.log
aaa07c9c157f27e6cca61cda2e5a9827caf26d50efbfdf2d982ee31813880853	10101	evidence/receiving-python-v1/work/m3/migration/intake-20261005/portable/pcr/recipe/runtime-2.json
648820c4fc7941c9aae4fb4af8683c4a1ba40abacda34a1d71bd3e6b6dfd9639	3998	evidence/receiving-python-v1/work/m3/migration/intake-20261005/portable/pcr/recipe/runtime-2.stderr.log
f53be2e5312754197381ee5314f4dffb76a5ef4b8715f12777b523ca7d4e0b92	163	evidence/receiving-python-v1/work/m3/migration/intake-20261005/portable/pcr/recipe/runtime-2.stdout.log
b31e20b9ca8f103d88d9c7f029a599190515df7ad238022d8e7ca2f49658086c	20449	evidence/receiving-python-v1/work/m3/migration/intake-20261005/portable/pcr/recipe/runtime-report.json
fecadfe457dbeaea52398829830d061b0ea3be0192bfa3e39a4480eb307ff791	55219	evidence/receiving-python-v1/work/m3/migration/intake-20261005/portable/pcr/recipe/staging.json
aafb48dba65272856b7eb9c9036b581ec77561b49182f60bb8efab3f31f78c32	17004	evidence/receiving-python-v1/work/m3/migration/intake-20261005/portable/pcr/recipe/target/surefire-reports/TEST-com.synexia.rewrite.M3ProviderCallbackSupersetRecipeTest.xml
7dfc2c5ad3695af4ebcaddbed4ce7e1195cf9735e9691ace7335f16cd1dafcf9	36983	evidence/receiving-python-v1/work/m3/migration/intake-20261005/portable/pcr/recipe/target/surefire-reports/TEST-com.synexia.rewrite.M3VersionedProviderSyntaxRepairRecipeTest.xml
2bdaf31f09c23d676a6e1ac288730a83b78a09902d7e4f07c4f917c1afb0955f	35728	evidence/receiving-python-v1/work/m3/migration/intake-20261005/portable/pcr/recipe/target/surefire-reports/TEST-com.synexia.rewrite.PcrTest.xml
13f386d2d11d29a1e7875df4808ab18c3e9c3f8aa0102656f97e914566336366	35584	evidence/receiving-python-v1/work/m3/migration/intake-20261005/portable/pcr/recipe/target/surefire-reports/TEST-com.synexia.rewrite.PcsTest.xml
ddbb325790edab61a3ea52a7622fde812d5dd353bc588f66f6f6fc0fd29b8587	941	evidence/receiving-python-v1/work/m3/migration/intake-20261005/portable/pcr/recipe/tooling.json
ad1aa88119d8dbf5ab5a3fc64a43bd67bc67df8aadcde9139c663b15a042f1c2	6437	evidence/receiving-python-v1/work/m3/migration/intake-20261005/portable/review-receipt.json
ed6713a8c3f3aa6ae1ea5ee1ac256b4670bb183fa2d4fd234f502468fc864a42	3212	evidence/receiving-python-v1/work/m3/migration/intake-20261005/portable/upstream-bindings.json
af2c0ea782643d6860d10a3d9c35706781072a361fb74a8cf6ed4caa6236e5d6	11078	evidence/receiving-python-v1/work/m3/migration/intake-20261005/prepare.py
71d0acf5ccd6ddcfe99733c4b46ca075e21423519b775eb5544bf6691505ea23	7346	evidence/receiving-python-v1/work/m3/migration/intake-20261005/reconcile-8131/INDEPENDENT-UNION-REVIEW.json
3140360e8fd4e29aae73d59ddc3de902c5527e69428ca6200d6983f20831ee85	4763	evidence/receiving-python-v1/work/m3/migration/intake-20261005/reconcile-8131/README.md
245fcd73135ef418a30ee350049719574f86222e08c63219d883119b3dc8321f	363157	evidence/receiving-python-v1/work/m3/migration/intake-20261005/reconcile-8131/crate/after/0.txt
1662cd99e60e03692e95bfdeb51dbf46c5c990dac7d5cadbd5e1ddb5fcad52fe	12660	evidence/receiving-python-v1/work/m3/migration/intake-20261005/reconcile-8131/crate/after/1.txt
8034d77f1124584888dce10760bd2f5dae55eeb93497f7a0db1d09a3a197ec5f	2873	evidence/receiving-python-v1/work/m3/migration/intake-20261005/reconcile-8131/crate/after/2.txt
54114c84b923790cea717f85bdb78574aa3c14e00e1419e68c5cef7d8d87b1b4	13206	evidence/receiving-python-v1/work/m3/migration/intake-20261005/reconcile-8131/crate/after/3.txt
8e229715d6783906b1ee249bb2707cdb5e412146219be6037154927abac893ea	340001	evidence/receiving-python-v1/work/m3/migration/intake-20261005/reconcile-8131/crate/before/0.txt
3cfe511098ff3b6caafb1f1e04f94b448e02e25f160fe98427531fc8c77a1555	11255	evidence/receiving-python-v1/work/m3/migration/intake-20261005/reconcile-8131/crate/before/1.txt
67f1f39883358ce6a1c80b014782ebcb232d2bc25a2526355f1e2b2ff51157c1	2742	evidence/receiving-python-v1/work/m3/migration/intake-20261005/reconcile-8131/crate/plan.json
152991c42a08db1901dd4dc6c3966cc5bf35674cc116c7447e2961dc9cbf164a	1996	evidence/receiving-python-v1/work/m3/migration/intake-20261005/reconcile-8131/derivation.json
8f6ca7c15f40440752848bf38669b0034f94fe81dc30d60d2d3d736eae6d12e0	7226	evidence/receiving-python-v1/work/m3/migration/intake-20261005/reconcile-8131/derive.py
66f13e01ad1e0550b5d60eb1c285cd9b9674a825fb5f228b50c3ac70ba92b575	11030	evidence/receiving-python-v1/work/m3/migration/intake-20261005/reconcile-8131/evidence/RESULT.json
1fd9ad903228e487af581c23bafc0abcd8448ca1fe9a04ab4d2c11b670e5c76d	17759	evidence/receiving-python-v1/work/m3/migration/intake-20261005/reconcile-8131/evidence/manifest.json
ae4758723f215fda7db7568df5441d83a773eabc7791f86505ca9dfc7c1416db	6437	evidence/receiving-python-v1/work/m3/migration/intake-20261005/reconcile-8131/evidence/review-receipt.json
67d40925b97a38c3c1a85f337806524ac590a540bd39647b3e4b0988f2ae3fbb	196161	evidence/receiving-python-v1/work/m3/migration/intake-20261005/reconcile-8131/inputs/base.json
8e229715d6783906b1ee249bb2707cdb5e412146219be6037154927abac893ea	340001	evidence/receiving-python-v1/work/m3/migration/intake-20261005/reconcile-8131/inputs/head.json
536af76dd7b7b7217707662c2f1437af4adaa53af898627b0884e0b4f4603ace	220539	evidence/receiving-python-v1/work/m3/migration/intake-20261005/reconcile-8131/inputs/master.json
109173cb43fd91e084415284083d0d0ff92a1039a0b21216b7336c0a2c3dcf2e	91316	evidence/receiving-python-v1/work/m3/migration/intake-20261005/reconcile-8131/inputs/packet.json
3b556b885af4b5afeb0b9f22a4bcceea93b6c836125019bde1534652d77c7639	91316	evidence/receiving-python-v1/work/m3/migration/intake-20261005/reconcile-8131/packet.json
f7cf73e317b702284cf0d2d995949609b8007d2c283b3cb749ff14c7f656bea2	2092	evidence/receiving-python-v1/work/m3/migration/intake-20261005/reconcile-8131/pom.xml
1ccb0686629b097fba379c8e172660a32dc5a5b1a85169d113f7b0eb1daf3ead	8146	evidence/receiving-python-v1/work/m3/migration/intake-20261005/reconcile-8131/test/test_union.py
1cfe107b886e495046ec77f74a2739705b403251ae4fafe640f0fe46ed656ed8	93931	evidence/receiving-python-v1/work/m3/migration/intake-20261005/source-root.json
c258794d343159993d4731fc28b7577686525f3af5f5b817a114ac17a5d2e470	5911	evidence/receiving-python-v1/work/m3/migration/inventory.py
2b16e0729476a28ff827562875404ddb6aa24b03fea7457de977a3a47809959a	1957	evidence/receiving-python-v1/work/m3/migration/jdk-consolidation-v1.yaml
9b54d2b90a7ee8ce8f575213d54dfc15a0f1d3b1569a1c3d57b087b68b64609a	9504	evidence/receiving-python-v1/work/m3/migration/lineage.py
ab728f887e0bd418bd02445f72a63d6eaa675892fbe28ba1619692f00aadadeb	1548	evidence/receiving-python-v1/work/m3/migration/mapping.schema.json
4114b546749888ec5e6065ea6087d39ea63bafb6ce5881e2239eafaade3b7787	56771	evidence/receiving-python-v1/work/m3/migration/migration.py
90f3d5de0cee771553bc2b57b5164d280d04d9e5d1f2b8e4617388b124e45923	6492	evidence/receiving-python-v1/work/m3/migration/observed-baselines.json
579e16ad7591bf27deaf35c2178dde7b050ebfc4c631302d0d07b85d6805cfba	1748	evidence/receiving-python-v1/work/m3/migration/pinned-dependencies.json
d412621253194c7512be90e730c8dbf74eb552f7eb4717e02aa776c8c263d7d7	1598	evidence/receiving-python-v1/work/m3/migration/pom.xml
453d976a5f29526432be138b357d3f52f868fcc40a4ee697d969cc0836359628	9860	evidence/receiving-python-v1/work/m3/migration/recipe.py
a28301f443314e6ece0e918d7d3af655fe127578380f15c9860a0db2702a5601	1272	evidence/receiving-python-v1/work/m3/migration/recipes/baselines/name-mapping.v1.json
93dbde74109df4498be0351978f0b861db9fd0f3f9d4d833140308850366399a	5081	evidence/receiving-python-v1/work/m3/migration/recipes/postimages/M3PrefixZ.java.txt
54251ed210b9ed280919968a6ea13f0b6ed6e590fbf92090d13b4495f05f4217	1028	evidence/receiving-python-v1/work/m3/migration/recipes/prefix-z-v1.tsv
bdba948e9222f540dff178ccceebf97e496e1c360257c6434b8eac8cabf154a5	73	evidence/receiving-python-v1/work/m3/migration/requirements.txt
98dceb71a2a83e431d2417a613a23f825967718ae4a540585ab860e8ee2f33a9	5265	evidence/receiving-python-v1/work/m3/migration/run-tests.py
2ebbdcf2de012a0f91aff0df5acbff0eb91439ead515aa06df6ff8424508f854	6978	evidence/receiving-python-v1/work/m3/migration/run_local.py
9b846f35e1473f62d2cf0914751cc75ddbee986b4bf11af0039307cf1adcdff1	1642	evidence/receiving-python-v1/work/m3/migration/source-files.json
964f0fc3611f259562adca7f7a9ec581d149f16b4dfcc9a3c775a2a8ca53f864	7282	evidence/receiving-python-v1/work/m3/migration/source-recipe/MIndexJoinedChars.after.java.txt
712c1c795ff1e0d6dea099eaec8fa6e64803adfc12bad6f31970b722c659d396	5188	evidence/receiving-python-v1/work/m3/migration/source-recipe/MIndexJoinedChars.before.java.txt
4011d6907a39b65d4b15022c2b4382f4072a9e1e0f440d1a0f055ccf279778aa	1649	evidence/receiving-python-v1/work/m3/migration/source-recipe/source-plan.json
5baee59ad560a2ee2134ac0f0ad8b64914a31099f0b57f0b06d901dc96347d90	15906	evidence/receiving-python-v1/work/m3/migration/src/com/m3/migration/ExactFileRecipe.java
bc6d57072811b232b774a835615c8ede038b5cbbb19a4f8d48badae25214ceea	10089	evidence/receiving-python-v1/work/m3/migration/test/RecipeContractTest.java
765f001aa41f95c1dfd9994ba64101526ce0324ede896228803133ec9313b9e9	77751	evidence/receiving-python-v1/work/m3/migration/test/test_intake.py
cfe8e8930916ef96c7d23dd9d0942f082c5eb1d6cf4b2a2f6e9f3d69d8fa3e41	3341	evidence/receiving-python-v1/work/m3/migration/test/test_intake_recipe.py
54114c84b923790cea717f85bdb78574aa3c14e00e1419e68c5cef7d8d87b1b4	13206	evidence/receiving-python-v1/work/m3/migration/test/test_jcc_handoff_context_profiles.py
1662cd99e60e03692e95bfdeb51dbf46c5c990dac7d5cadbd5e1ddb5fcad52fe	12660	evidence/receiving-python-v1/work/m3/migration/test/test_jcc_handoff_packet.py
01fa8c629c0002974a86c0ee363817f383ae4c88c61a399cc619d61c86c24413	13490	evidence/receiving-python-v1/work/m3/migration/test/test_migration.py
afc1cfb022fba96d3bd91c54bf513b39d72a00ec1cba42acbbab538c9bf62675	2403	evidence/receiving-python-v1/work/m3/migration/test_inventory.py
f199c2fee47083db7aff923364ab69fdaeb3fbd31e8dcf02e6487dbbf429ba59	6818	evidence/receiving-python-v1/work/m3/migration/test_lineage.py
8b0785cc9d50384d8613ea4deb34a530fdd1f1fe0b75f98e3a64425ab6c39d77	9408	evidence/receiving-python-v1/work/m3/migration/test_recipe.py
1b2715cd550d269a0fbcb18b7d04279ed7b8d82edba6aa53a326d0ca20f095a1	1994	evidence/receiving-python-v1/work/m3/migration/test_run_local.py
14b999b366195420e5b1bee9a4f994983e24695f3f4383b3826d12ef177968f4	2013	evidence/receiving-python-v1/work/m3/migration/vi-census.json
342fd106c99861d7a484950ae9e0b2b28a65fd0d78a1e143974683346fc608ad	353613	evidence/receiving-python-v1/work/m3/migration/vi-census.tsv
8124b37765f457df8d8aa6b9b89f54efba8845e4fdec399f4d41e809c3956a36	1622	evidence/receiving-python-v1/work/m3/pom.xml
7e6c55be2a2947b0036714a389cbf0b3aa6f5a508c8d353d2a1555d7a65342e4	1336	evidence/receiving-python-v1/work/m3/ports/indexstring/README.md
0516470110617d5c96d6bf9c35aa21db4bc414365e82f030cc960966c43df42f	2392	evidence/receiving-python-v1/work/m3/ports/indexstring/native-test/NativeBoundaryTest.java
d0d80b7bb929d67eb6265c3dbf69b99e7d335fa3f972e677f493ffed62dc27c6	3522	evidence/receiving-python-v1/work/m3/ports/indexstring/native-test/boundary.c
122d60c6df640b25c2665e68819cae4571cb9ffbe54c710edbdc7f73419e9f93	1504	evidence/receiving-python-v1/work/m3/ports/indexstring/pom.xml
1b1cefc353a1ab814b4e1b352aefa90624d392d5985a3af9cd1fc03221e6768d	2196	evidence/receiving-python-v1/work/m3/ports/indexstring/recipe.json
2f1c52feaa5c81462a469c84d847448840cfa75db5a0f1d40c72241718417653	12063	evidence/receiving-python-v1/work/m3/ports/indexstring/src/main/java/com/m3/text/compat/M3Text.java
cb50139594817d5cb2477c4d67148d4aed2174299f05cff9a3b24416139bc6b4	4037	evidence/receiving-python-v1/work/m3/ports/indexstring/src/main/java/com/synexia/indexstring/FrozenBytes.java
0c03ca0ed8b42212fa92e4d5f9325ba864f8d11928cd6a0b030b861f668f0657	3868	evidence/receiving-python-v1/work/m3/ports/indexstring/src/main/java/com/synexia/indexstring/FrozenChars.java
206cd1ecb96bec037c59b531c13dd7029e4ce79f1b50bfdfccc64dfd6279e74b	3259	evidence/receiving-python-v1/work/m3/ports/indexstring/src/main/java/com/synexia/indexstring/MIndexJoinedBytes.java
964f0fc3611f259562adca7f7a9ec581d149f16b4dfcc9a3c775a2a8ca53f864	7282	evidence/receiving-python-v1/work/m3/ports/indexstring/src/main/java/com/synexia/indexstring/MIndexJoinedChars.java
f42c548a4fd47d3dac43283082125232e04d5f13f28b63521832493394176337	10303	evidence/receiving-python-v1/work/m3/ports/indexstring/src/main/java/com/synexia/indexstring/MIndexJoinedStorageIntern.java
a4f0e0cd7b3e8701aba21b8b14b068cc2d3822e17dc066daa442cbc580404a80	5955	evidence/receiving-python-v1/work/m3/ports/indexstring/src/main/java/com/synexia/indexstring/MIndexJoinedStreams.java
5d1126d8e65572e28da4218dedcb458843d7c7d6b0f6a51e020188f55ed73869	4426	evidence/receiving-python-v1/work/m3/ports/indexstring/src/test/java/ExistingSurfaceTest.java
c47599eebd2a0513fa3d5d15960d37e528debe29487785b5db9b6fa80123c771	2276	evidence/receiving-python-v1/work/m3/ports/indexstring/src/test/java/PortMicrobench.java
a5841e1f9c61fc3b41577cba9b9ba373964f136ab5e833d6ce61e10be8b548aa	13813	evidence/receiving-python-v1/work/m3/ports/indexstring/src/test/java/RetainedViewTest.java
cb50139594817d5cb2477c4d67148d4aed2174299f05cff9a3b24416139bc6b4	4037	evidence/receiving-python-v1/work/m3/ports/indexstring/templates/FrozenBytes.java.txt
0c03ca0ed8b42212fa92e4d5f9325ba864f8d11928cd6a0b030b861f668f0657	3868	evidence/receiving-python-v1/work/m3/ports/indexstring/templates/FrozenChars.java.txt
2f1c52feaa5c81462a469c84d847448840cfa75db5a0f1d40c72241718417653	12063	evidence/receiving-python-v1/work/m3/ports/indexstring/templates/M3Text.java.txt
206cd1ecb96bec037c59b531c13dd7029e4ce79f1b50bfdfccc64dfd6279e74b	3259	evidence/receiving-python-v1/work/m3/ports/indexstring/templates/MIndexJoinedBytes.java.txt
964f0fc3611f259562adca7f7a9ec581d149f16b4dfcc9a3c775a2a8ca53f864	7282	evidence/receiving-python-v1/work/m3/ports/indexstring/templates/MIndexJoinedChars.java.txt
f42c548a4fd47d3dac43283082125232e04d5f13f28b63521832493394176337	10303	evidence/receiving-python-v1/work/m3/ports/indexstring/templates/MIndexJoinedStorageIntern.java.txt
a4f0e0cd7b3e8701aba21b8b14b068cc2d3822e17dc066daa442cbc580404a80	5955	evidence/receiving-python-v1/work/m3/ports/indexstring/templates/MIndexJoinedStreams.java.txt
d685259f97e7e145fc279f8d34ebe9fe2523aa16124b2942ffab1e7a2c40ee27	1978	evidence/receiving-python-v1/work/m3/recipes/apply.py
dd0e245fb086c0bc5c0081fcef256dbdf7dc6d6cf4956b87bbd40ab524dee791	4106	evidence/receiving-python-v1/work/m3/recipes/manifest.json
9a5c76b244f55fb334f6975d70032aab91aa779915328f4a2a819ead0b7b7d4c	1373	evidence/receiving-python-v1/work/m3/recipes/refresh-manifest.py
605409f4863b7e83653c0d29cc7cb27ff0b70bb8f0e751da861faa013b507924	2538	evidence/receiving-python-v1/work/m3/recipes/test_recipe.py
32dae3052f331ee34d628ef535709b301259a45df7c7522c4d35dcf49873f00b	13	evidence/receiving-python-v1/work/m3/runtime-integration/.gitignore
8e29efa3c2621a4ff2d85fad952e1128984c7f4805bc4aa448642f06bbed5364	4937	evidence/receiving-python-v1/work/m3/runtime-integration/FOSS_REUSE_DECISION.tsv
42f51d4f7af1e836784ccc294c1f393df9a6931c3a2db73b74e385ddc578aec4	7785	evidence/receiving-python-v1/work/m3/runtime-integration/README.md
1e40c9b5ad1ff4acb19aaea7eab0f0278934369c7d57a7bab68a0a785f6a4e63	1786	evidence/receiving-python-v1/work/m3/runtime-integration/build-lexicon.py
6880e796f7efc1b1c980d25433a71d9296d3943178618991bea571333875aa4a	2244	evidence/receiving-python-v1/work/m3/runtime-integration/char-array-copy/README.md
189aff7dabea2e5d9e1a55a4fe7777e2297b87a62c49ade72bf0b7581d8f8bfe	9193	evidence/receiving-python-v1/work/m3/runtime-integration/char-array-copy/recipe/apply.py
aa38a0ae482f8d99007f93cdd8a9f907547d6beeefb947b817b179e39b20148e	769	evidence/receiving-python-v1/work/m3/runtime-integration/char-array-copy/recipe/manifest.json
64c74091c19c14c048bd1ed46468fbe2c035f21ddc12641e5af8b9b32a4bc799	3877	evidence/receiving-python-v1/work/m3/runtime-integration/char-array-copy/recipe/test_recipe.py
de57d71f424b1b2891ada391f780eb59694c9f60506723bfce25878fd49fc37e	249	evidence/receiving-python-v1/work/m3/runtime-integration/evidence/20261002-candidate-696/.gitignore
1eca6f54a030ed6b5ef19ddde0cc19496a1660598b48719e7b7f9ab0d61721a7	2923	evidence/receiving-python-v1/work/m3/runtime-integration/evidence/20261002-candidate-696/README.md
5ed5f2d7d07b220ef00b3a1a306b7ac8e8c199d7a7691b449a8dc9cfeb5af142	17452	evidence/receiving-python-v1/work/m3/runtime-integration/evidence/20261002-candidate-696/acceptance.json
ba3adef321a0c74e7ead40e4b56f8194c2ad6e576abf3c61d1cfcf6f5f7ba31e	2674	evidence/receiving-python-v1/work/m3/runtime-integration/evidence/20261002-candidate-696/allocation-summary.json
9a271f2a916b0b6ee6cecb2426f0b3206ef074578be55d9bc94f6f3fe3ab86aa	2	evidence/receiving-python-v1/work/m3/runtime-integration/evidence/20261002-candidate-696/allocation.exit
d39ac9e8a57cd9907b7f3fd2908d3ca715971dceba2f8bb4b48879365bffe480	1149	evidence/receiving-python-v1/work/m3/runtime-integration/evidence/20261002-candidate-696/allocation.log
9a271f2a916b0b6ee6cecb2426f0b3206ef074578be55d9bc94f6f3fe3ab86aa	2	evidence/receiving-python-v1/work/m3/runtime-integration/evidence/20261002-candidate-696/api.exit
24eb6276ad75fe4c3e1b167d6bcbc13e251733627efdd128c84cc7acb2543ccb	526	evidence/receiving-python-v1/work/m3/runtime-integration/evidence/20261002-candidate-696/api.log
93e4d34d3ec26653f3301794a08432b3e36174028d7b8d247139bbba4427e076	1498	evidence/receiving-python-v1/work/m3/runtime-integration/evidence/20261002-candidate-696/build-driver.log
9a271f2a916b0b6ee6cecb2426f0b3206ef074578be55d9bc94f6f3fe3ab86aa	2	evidence/receiving-python-v1/work/m3/runtime-integration/evidence/20261002-candidate-696/build-exit.txt
9bf9a58b9de87599c88d6417504ea7f6f4747e00cf039a2b7edbbc02d612b24e	276	evidence/receiving-python-v1/work/m3/runtime-integration/evidence/20261002-candidate-696/build.log
8006f82e59147fdf72b9329e3254b3175c2f99b564eeb541a8c45c4035e8e0d4	763	evidence/receiving-python-v1/work/m3/runtime-integration/evidence/20261002-candidate-696/focused.log
9a271f2a916b0b6ee6cecb2426f0b3206ef074578be55d9bc94f6f3fe3ab86aa	2	evidence/receiving-python-v1/work/m3/runtime-integration/evidence/20261002-candidate-696/gc-UseG1GC.exit
9c93766feaf5d85529d60f99d285dc60ae753de3c724667a0ce41c3000b163a3	89	evidence/receiving-python-v1/work/m3/runtime-integration/evidence/20261002-candidate-696/gc-UseG1GC.log
9a271f2a916b0b6ee6cecb2426f0b3206ef074578be55d9bc94f6f3fe3ab86aa	2	evidence/receiving-python-v1/work/m3/runtime-integration/evidence/20261002-candidate-696/gc-UseSerialGC.exit
9c93766feaf5d85529d60f99d285dc60ae753de3c724667a0ce41c3000b163a3	89	evidence/receiving-python-v1/work/m3/runtime-integration/evidence/20261002-candidate-696/gc-UseSerialGC.log
9a271f2a916b0b6ee6cecb2426f0b3206ef074578be55d9bc94f6f3fe3ab86aa	2	evidence/receiving-python-v1/work/m3/runtime-integration/evidence/20261002-candidate-696/gc-UseShenandoahGC.exit
9c93766feaf5d85529d60f99d285dc60ae753de3c724667a0ce41c3000b163a3	89	evidence/receiving-python-v1/work/m3/runtime-integration/evidence/20261002-candidate-696/gc-UseShenandoahGC.log
9a271f2a916b0b6ee6cecb2426f0b3206ef074578be55d9bc94f6f3fe3ab86aa	2	evidence/receiving-python-v1/work/m3/runtime-integration/evidence/20261002-candidate-696/gc-UseZGC.exit
9c93766feaf5d85529d60f99d285dc60ae753de3c724667a0ce41c3000b163a3	89	evidence/receiving-python-v1/work/m3/runtime-integration/evidence/20261002-candidate-696/gc-UseZGC.log
a031f272ca9454c5d8e152fd02a313f329c97cd4450275c0916045747cce6949	895	evidence/receiving-python-v1/work/m3/runtime-integration/evidence/20261002-candidate-696/image.sha256
e3b0c44298fc1c149afbf4c8996fb92427ae41e4649b934ca495991b7852b855	0	evidence/receiving-python-v1/work/m3/runtime-integration/evidence/20261002-candidate-696/jtreg-command.log
9a271f2a916b0b6ee6cecb2426f0b3206ef074578be55d9bc94f6f3fe3ab86aa	2	evidence/receiving-python-v1/work/m3/runtime-integration/evidence/20261002-candidate-696/jtreg-default-resume.exit
143625ff704933e2482063f8eb2ae7a588d9b8e949474ded3c56c9bc129dcda5	418	evidence/receiving-python-v1/work/m3/runtime-integration/evidence/20261002-candidate-696/jtreg-default-resume.log
be118e349659c432de2db9d3aebd3babb8f9c82c6633f5fa66a086de54af09f2	8144	evidence/receiving-python-v1/work/m3/runtime-integration/evidence/20261002-candidate-696/jtreg-dependencies.log
edb35c214d331882543388aee35370e2bd4a90155c775e165406d4c8282cab47	1519	evidence/receiving-python-v1/work/m3/runtime-integration/evidence/20261002-candidate-696/jtreg-dependencies.sha256
1d58567688d9976935502097c005666549b4af603e1b37c39bcdabfa21fbd51e	821	evidence/receiving-python-v1/work/m3/runtime-integration/evidence/20261002-candidate-696/jtreg-driver.log
9a271f2a916b0b6ee6cecb2426f0b3206ef074578be55d9bc94f6f3fe3ab86aa	2	evidence/receiving-python-v1/work/m3/runtime-integration/evidence/20261002-candidate-696/jtreg-enabled-short-resume.exit
f99f19ca59f34240cce72da143d5ce8b150f28d7611f788a900ca42aab7da991	406	evidence/receiving-python-v1/work/m3/runtime-integration/evidence/20261002-candidate-696/jtreg-enabled-short-resume.log
9d9b18720961e9b4689fd763b85e7b6f36160ccd3a8a1c9ddc5103bb0f66c396	4	evidence/receiving-python-v1/work/m3/runtime-integration/evidence/20261002-candidate-696/jtreg-enabled.exit
c8dc4b9b80c9ecd260b1a85a3bc3ad9f24022f2957d7cd84b4b2cc8f91a46c90	498	evidence/receiving-python-v1/work/m3/runtime-integration/evidence/20261002-candidate-696/jtreg-enabled.log
4299f2260e8fc464e6f1b43b5314c695a348f15b04a9f3c0d1d7107544e7cdb5	17438	evidence/receiving-python-v1/work/m3/runtime-integration/evidence/20261002-candidate-696/jtreg-interrupted.json
e940fef211c9334fefd36cea23917e90dc7d841bdad42b002d187ffe0e886e6d	859	evidence/receiving-python-v1/work/m3/runtime-integration/evidence/20261002-candidate-696/jtreg-native-build.log
aa267087bb0ce04c900d56bd87b64892f846187e8687f293b31ad06caba02f9f	24363	evidence/receiving-python-v1/work/m3/runtime-integration/evidence/20261002-candidate-696/jtreg-results.json
0eed255cd982df18c089e926548e2f5347a1b1148c9ece57834c3e270f9ead68	1819	evidence/receiving-python-v1/work/m3/runtime-integration/evidence/20261002-candidate-696/jtreg-resume-driver.log
c22a5b6350f35a3da9d49b92dfaab840041059eae3c36cb4a0d381c2acb18382	1192	evidence/receiving-python-v1/work/m3/runtime-integration/evidence/20261002-candidate-696/jtreg-short-resume-driver.log
9a271f2a916b0b6ee6cecb2426f0b3206ef074578be55d9bc94f6f3fe3ab86aa	2	evidence/receiving-python-v1/work/m3/runtime-integration/evidence/20261002-candidate-696/mapped-native.exit
e7bf7f7db0542e43cb4bfed34b39051049f1490defa8424b27eba3bd5a78c7e0	102	evidence/receiving-python-v1/work/m3/runtime-integration/evidence/20261002-candidate-696/mapped-native.log
9a271f2a916b0b6ee6cecb2426f0b3206ef074578be55d9bc94f6f3fe3ab86aa	2	evidence/receiving-python-v1/work/m3/runtime-integration/evidence/20261002-candidate-696/protocol.exit
9906ee72dd491151f81d811bd705d965583ca471da0031cfee6f4529c12d0f84	29	evidence/receiving-python-v1/work/m3/runtime-integration/evidence/20261002-candidate-696/protocol.log
2f9dd1bd6f3144d8b8f25c77d555ecf6622c1d1be9b27c2575473e29d47973be	16403	evidence/receiving-python-v1/work/m3/runtime-integration/evidence/20261002-candidate-696/publication-manifest.json
244bf4297fffbe5eeffc2768d371735aed01b3efd19e24a062805e3e7658ab9b	1133	evidence/receiving-python-v1/work/m3/runtime-integration/evidence/20261002-candidate-696/review-status.json
84123235e55584572c9042064ea13528b8fe621aea9e3e6c2bb662f5fa84c0aa	41	evidence/receiving-python-v1/work/m3/runtime-integration/evidence/20261002-candidate-696/source-commit.txt
ef86095401b6f660eb31ab716e05a89bd9e37f59fc249d340641126ccad68c58	56350	evidence/receiving-python-v1/work/m3/runtime-integration/evidence/20261002-candidate-696/source-equivalence-mergeability.json
8cc2e8bd2945e4d4d7e3bbf7b52a26df9b38547a155eaf0c312aca253783f3a6	41	evidence/receiving-python-v1/work/m3/runtime-integration/evidence/20261002-candidate-696/source-tree.txt
9a271f2a916b0b6ee6cecb2426f0b3206ef074578be55d9bc94f6f3fe3ab86aa	2	evidence/receiving-python-v1/work/m3/runtime-integration/evidence/20261002-candidate-696/startup-dynamic-gates.exit
fd48660dc2a236d37f301b946aebec7a89bbe1424734a2d3f90cb31c35f17462	46	evidence/receiving-python-v1/work/m3/runtime-integration/evidence/20261002-candidate-696/startup-dynamic-gates.log
d537c0e11c9125e0cc225367dcb5523ae1cf072976dea56af5dbaa03a3107f6d	179	evidence/receiving-python-v1/work/m3/runtime-integration/evidence/20261002-candidate-696/test-driver.log
59e71d058330a479398cfdb6cd193240e98991de40fa3d228d431de9c0988d5a	7429	evidence/receiving-python-v1/work/m3/runtime-integration/evidence/20261002-candidate-696/test-resume-driver.log
53ad91ed0c4a282c7946bb68f5492130f3d0031111705b03ff353a75d122a04a	142	evidence/receiving-python-v1/work/m3/runtime-integration/evidence/20261002-candidate-696/tests/api-c2.log
53ad91ed0c4a282c7946bb68f5492130f3d0031111705b03ff353a75d122a04a	142	evidence/receiving-python-v1/work/m3/runtime-integration/evidence/20261002-candidate-696/tests/api-default.log
53ad91ed0c4a282c7946bb68f5492130f3d0031111705b03ff353a75d122a04a	142	evidence/receiving-python-v1/work/m3/runtime-integration/evidence/20261002-candidate-696/tests/api-enabled-nocompact.log
53ad91ed0c4a282c7946bb68f5492130f3d0031111705b03ff353a75d122a04a	142	evidence/receiving-python-v1/work/m3/runtime-integration/evidence/20261002-candidate-696/tests/api-enabled.log
53ad91ed0c4a282c7946bb68f5492130f3d0031111705b03ff353a75d122a04a	142	evidence/receiving-python-v1/work/m3/runtime-integration/evidence/20261002-candidate-696/tests/api-int.log
61fa90e6f63975239e34749dde66ee33c48ca7d952267d2a366c854a7afb1bad	114	evidence/receiving-python-v1/work/m3/runtime-integration/evidence/20261002-candidate-696/tests/gate-dynamic-cds.log
1959cdd86cbd97413c80d061afc2f491a5a5c52cdcb21c53213329fcdb2d1a6c	144847	evidence/receiving-python-v1/work/m3/runtime-integration/evidence/20261002-candidate-696/tests/gate-leading-xcomp.log
47c3e6fcec383030a03e29e674036337a673c7a53d764e576008153acf3de5a6	213	evidence/receiving-python-v1/work/m3/runtime-integration/evidence/20261002-candidate-696/tests/gate-reject-archive-exit.log
47c3e6fcec383030a03e29e674036337a673c7a53d764e576008153acf3de5a6	213	evidence/receiving-python-v1/work/m3/runtime-integration/evidence/20261002-candidate-696/tests/gate-reject-auto-archive.log
1e807ee2018a6f9e3c3fe17706c0ec92c371a116ab1d4da07552f50e3512f7d3	213	evidence/receiving-python-v1/work/m3/runtime-integration/evidence/20261002-candidate-696/tests/gate-reject-dedup.log
0ad6a135d0b5a21015e7b68364af4c63d1aa086ecd76d34b35bd6550a648f73f	206	evidence/receiving-python-v1/work/m3/runtime-integration/evidence/20261002-candidate-696/tests/gate-reject-jfr-options.log
0ad6a135d0b5a21015e7b68364af4c63d1aa086ecd76d34b35bd6550a648f73f	206	evidence/receiving-python-v1/work/m3/runtime-integration/evidence/20261002-candidate-696/tests/gate-reject-jfr.log
4d219acfb856620f19c87f1fd4a31a448a262c493b44653ddf6c88a862b02dc4	196	evidence/receiving-python-v1/work/m3/runtime-integration/evidence/20261002-candidate-696/tests/gate-reject-jvmci.log
47c3e6fcec383030a03e29e674036337a673c7a53d764e576008153acf3de5a6	213	evidence/receiving-python-v1/work/m3/runtime-integration/evidence/20261002-candidate-696/tests/gate-reject-record-dump.log
47c3e6fcec383030a03e29e674036337a673c7a53d764e576008153acf3de5a6	213	evidence/receiving-python-v1/work/m3/runtime-integration/evidence/20261002-candidate-696/tests/gate-reject-share-dump.log
47c3e6fcec383030a03e29e674036337a673c7a53d764e576008153acf3de5a6	213	evidence/receiving-python-v1/work/m3/runtime-integration/evidence/20261002-candidate-696/tests/gate-reject-share-on.log
eedec6a0f77307f61e56b8e97f76745c0408aeb7d7d3aa87fff91210cc9abe2a	934	evidence/receiving-python-v1/work/m3/runtime-integration/evidence/20261002-candidate-696/tests/gate-results.json
8597e46f5d7199eec21c2dfc9eb48054ceebde97ef184da1b349c8506c61b46c	144852	evidence/receiving-python-v1/work/m3/runtime-integration/evidence/20261002-candidate-696/tests/gate-trailing-compiler.log
d767352ea5b9efcbb969249c023b60241472e7eda9547a78e0eb67dcf5da62f0	144847	evidence/receiving-python-v1/work/m3/runtime-integration/evidence/20261002-candidate-696/tests/gate-trailing-xcomp.log
e3b0c44298fc1c149afbf4c8996fb92427ae41e4649b934ca495991b7852b855	0	evidence/receiving-python-v1/work/m3/runtime-integration/evidence/20261002-candidate-696/tests/gc-UseG1GC.log
c8b4ba4c32068e870494ae65d1bcc0284a34f648f366bd46a853de1ae2988104	51	evidence/receiving-python-v1/work/m3/runtime-integration/evidence/20261002-candidate-696/tests/integration-local-+.log
c8b4ba4c32068e870494ae65d1bcc0284a34f648f366bd46a853de1ae2988104	51	evidence/receiving-python-v1/work/m3/runtime-integration/evidence/20261002-candidate-696/tests/integration-local--.log
a4ca2808dede66c0160500a354a0745fb1764a139439f7879ab00f3c3b6bc473	50	evidence/receiving-python-v1/work/m3/runtime-integration/evidence/20261002-candidate-696/tests/integration-mapped-+.log
a4ca2808dede66c0160500a354a0745fb1764a139439f7879ab00f3c3b6bc473	50	evidence/receiving-python-v1/work/m3/runtime-integration/evidence/20261002-candidate-696/tests/integration-mapped--.log
6b7928d5f26d63733ab77638472d7eb9918900ec3d35cd5f2a4bc0076969f628	50	evidence/receiving-python-v1/work/m3/runtime-integration/evidence/20261002-candidate-696/tests/integration-shared-+.log
6b7928d5f26d63733ab77638472d7eb9918900ec3d35cd5f2a4bc0076969f628	50	evidence/receiving-python-v1/work/m3/runtime-integration/evidence/20261002-candidate-696/tests/integration-shared--.log
01ac25e1464e8c7ecd6668274c181a0cb983f3776c2db46d784c40368f869818	95	evidence/receiving-python-v1/work/m3/runtime-integration/evidence/20261002-candidate-696/tests/invariant-local.log
72b8bf34b1b7e240a676e83dec8382df0bbebd3f3fceaadf7627505daf5990f4	94	evidence/receiving-python-v1/work/m3/runtime-integration/evidence/20261002-candidate-696/tests/invariant-mapped.log
c8f8270d332197d11a9cdfe842f9ca9d9a6ba6c39ef8759be86d8cc53641568f	32	evidence/receiving-python-v1/work/m3/runtime-integration/evidence/20261002-candidate-696/tests/jni-+.log
c8f8270d332197d11a9cdfe842f9ca9d9a6ba6c39ef8759be86d8cc53641568f	32	evidence/receiving-python-v1/work/m3/runtime-integration/evidence/20261002-candidate-696/tests/jni--.log
b7cbffee1ded5c7168fa4ab0dc68938d2061f2f3ed2597b866a397bd78e28fc5	33	evidence/receiving-python-v1/work/m3/runtime-integration/evidence/20261002-candidate-696/tests/jvmti.log
191e5cd197eb2d007415a44106c7b7dc51097d961de5dfe69686fc00ed785d09	88	evidence/receiving-python-v1/work/m3/runtime-integration/evidence/20261002-candidate-696/tests/owner-fixture.log
31ec07286bd4605f35afb7ebdcfb3582df01a1b153024f6d25edaef9f405e589	141	evidence/receiving-python-v1/work/m3/runtime-integration/evidence/20261002-candidate-696/tests/protocol-bad-sha.log
31ec07286bd4605f35afb7ebdcfb3582df01a1b153024f6d25edaef9f405e589	141	evidence/receiving-python-v1/work/m3/runtime-integration/evidence/20261002-candidate-696/tests/protocol-owner-bad-crc.log
31ec07286bd4605f35afb7ebdcfb3582df01a1b153024f6d25edaef9f405e589	141	evidence/receiving-python-v1/work/m3/runtime-integration/evidence/20261002-candidate-696/tests/protocol-owner-incomplete.log
c6b555179bc155e90e784294347988f7cb00d9ca0b28d80b8552ae8b6565c5bf	352	evidence/receiving-python-v1/work/m3/runtime-integration/evidence/20261002-candidate-696/tests/protocol-results.json
31ec07286bd4605f35afb7ebdcfb3582df01a1b153024f6d25edaef9f405e589	141	evidence/receiving-python-v1/work/m3/runtime-integration/evidence/20261002-candidate-696/tests/protocol-sealed-duplicate.log
31ec07286bd4605f35afb7ebdcfb3582df01a1b153024f6d25edaef9f405e589	141	evidence/receiving-python-v1/work/m3/runtime-integration/evidence/20261002-candidate-696/tests/protocol-sealed-wrong-java-hash.log
69fabaa8fc259bc3b6ff3944df597c13b7d12918e4e53d044cbde6330946c725	409	evidence/receiving-python-v1/work/m3/runtime-integration/evidence/20261002-candidate-696/tests/two-process-0.log
af48dda5420e6848af2fa173b33424753d18661b88f3a16ee181dd88ab8d6e84	409	evidence/receiving-python-v1/work/m3/runtime-integration/evidence/20261002-candidate-696/tests/two-process-1.log
460c3a2e0025c1ff65ab0251f7c8e11fe5f358d7aa17008754c09b3eb8712477	845	evidence/receiving-python-v1/work/m3/runtime-integration/evidence/20261002-candidate-696/tests/two-process.json
9a271f2a916b0b6ee6cecb2426f0b3206ef074578be55d9bc94f6f3fe3ab86aa	2	evidence/receiving-python-v1/work/m3/runtime-integration/evidence/20261002-candidate-696/two-process.exit
b68717a739dd12526def6ebd8334c2c96ec2440f05ae3802ba2651aa97fb205d	110	evidence/receiving-python-v1/work/m3/runtime-integration/evidence/20261002-candidate-696/two-process.log
9a271f2a916b0b6ee6cecb2426f0b3206ef074578be55d9bc94f6f3fe3ab86aa	2	evidence/receiving-python-v1/work/m3/runtime-integration/evidence/20261002-candidate-696/weak-admission.exit
0739e06946eb27d4d6d3d2a5014e997e716201e8219bfe8a4cfc1ec8b85919b2	86	evidence/receiving-python-v1/work/m3/runtime-integration/evidence/20261002-candidate-696/weak-admission.log
c117abb68d5b957da44bc54a9e15ddacfbc479a40315b45608d67160fd73f13d	113	evidence/receiving-python-v1/work/m3/runtime-integration/evidence/20261002-rerun/.gitignore
22c7406e7deaca1118b71e1bfda2047f5ad2e36499c992a4cc748038f3302a20	705	evidence/receiving-python-v1/work/m3/runtime-integration/evidence/20261002-rerun/README.md
1a3b9ee2433ac140274ccc1eb54660b24699a512cf294818e7f676a7cfd0e303	14137	evidence/receiving-python-v1/work/m3/runtime-integration/evidence/20261002-rerun/build.log
6f8c1891f95693b6aa8db0ac1c6f3f00564ef334a01b1069b5df0b4c141571a3	20098	evidence/receiving-python-v1/work/m3/runtime-integration/evidence/20261002-rerun/configure-linux-private-deps.log
51a8252c47da4a5bf700c5356c5799795f00902c55ea0e075ee946d02dacd299	4939	evidence/receiving-python-v1/work/m3/runtime-integration/evidence/20261002-rerun/configure-private-deps.log
66e19ba1e865e99bba7e53ba92aa6479bf3799b59ddb6daa4d7511f843a71539	4463	evidence/receiving-python-v1/work/m3/runtime-integration/evidence/20261002-rerun/dependencies.log
c228636f00449745764d10e833d9d238d66efe8f785baa37902615043e3e1c62	4220	evidence/receiving-python-v1/work/m3/runtime-integration/evidence/20261002-rerun/dependencies.sha256
f380bc6bd1dedb9ea717a6781475d04e27ceb2a7a1e15af279ce73d5dd7544df	895	evidence/receiving-python-v1/work/m3/runtime-integration/evidence/20261002-rerun/image.sha256
f4d54847ed9c26a7a83de55f6aaaf7aaa77ce9e587b7ad8f225d8f0998bb39cd	9452	evidence/receiving-python-v1/work/m3/runtime-integration/evidence/20261002-rerun/master-replay-preflight.json
fd9041d5c3c6b79dfb2bce5d65f73a682ec9b4c0be24755372b770d072f432ac	11780	evidence/receiving-python-v1/work/m3/runtime-integration/evidence/20261002-rerun/native-linux-vartmp.log
a7c363f27abda87e75cdce6bd9c9fcaa9a0956fb3d02bc58c4b293e8647c2f3c	6923	evidence/receiving-python-v1/work/m3/runtime-integration/evidence/20261002-rerun/native-linux.log
9b85b7de42c18dedbca2fa086a2719e96b0df765e9b6a3d17097b96ced1c0899	1064	evidence/receiving-python-v1/work/m3/runtime-integration/evidence/20261002-rerun/native-session.log
6ae43a01763711b47a3ff3835edbf6fc8915412da4998abbd1e333d66ff8a4b9	2252	evidence/receiving-python-v1/work/m3/runtime-integration/evidence/20261002-rerun/recipe-check.log
d13e044c1c320df6f1fcf87b23718987e41a2fb3eacb1239a7792428741a45b7	19709	evidence/receiving-python-v1/work/m3/runtime-integration/evidence/StringJoinerOomUtf16Test.jtr
4dd4411334216b09f01d8cada6f843863eedc096b55e5059d271f5da6d656d5d	15805	evidence/receiving-python-v1/work/m3/runtime-integration/evidence/StringJoinerTest.jtr
8cadfb23e8e6fe0e66b829b481139f90b478f7a264af59acc0dba152af83d4f4	144	evidence/receiving-python-v1/work/m3/runtime-integration/evidence/allocation-false-1.json
21ce97d74d327b99c9a7a415591c1a59bb25035ee10e00d045fce7dd2fec7ff7	144	evidence/receiving-python-v1/work/m3/runtime-integration/evidence/allocation-false-2.json
71f394118243b5c2bf3295866ba605d7152b8435643aa84ffd18edfbf430e3f1	144	evidence/receiving-python-v1/work/m3/runtime-integration/evidence/allocation-false-3.json
371f317b695d636c09cccc757ee688d17e3d56679b0304be3cfab4052c48c4e7	831	evidence/receiving-python-v1/work/m3/runtime-integration/evidence/allocation-summary.log
04de473ed7b8de0e3b1b4bfe37e029e7dcb77dd00b8562b8b316ac1e188d3add	133	evidence/receiving-python-v1/work/m3/runtime-integration/evidence/allocation-true-1.json
b5d50d50f4607c43aa56863d7779f8ee2c9f9c8ac660815a165fdb475f101a53	133	evidence/receiving-python-v1/work/m3/runtime-integration/evidence/allocation-true-2.json
356e7f7ae0aa7fab0e2647e1d2c3b3ad9aed27a4fb39a2a54c38f57e01293904	133	evidence/receiving-python-v1/work/m3/runtime-integration/evidence/allocation-true-3.json
63a4a3bd7fd2b5493fc1c09669fdf971bae8fc3973077a628151d83c9aa980f2	480	evidence/receiving-python-v1/work/m3/runtime-integration/evidence/api-summary.log
fd1b766100e5e069d830e6adcb3235395af2155fcde533221da14c924716e5dd	737	evidence/receiving-python-v1/work/m3/runtime-integration/evidence/build-summary.txt
45ea2e7398f04a62d2ec711aac40405f854be870403e9db26dc636c532005884	89	evidence/receiving-python-v1/work/m3/runtime-integration/evidence/compatibility-updated-pin.log
23bda703c3dfe1bfa27664afb2346cf4db1410c79bafc8ee272c1a886efa8fa6	213	evidence/receiving-python-v1/work/m3/runtime-integration/evidence/first-invariant.log
e910bc4bff7462f4749b752f73e8235fae468dbdb44fae841e902198c70c4d91	763	evidence/receiving-python-v1/work/m3/runtime-integration/evidence/focused-summary.log
fd48660dc2a236d37f301b946aebec7a89bbe1424734a2d3f90cb31c35f17462	46	evidence/receiving-python-v1/work/m3/runtime-integration/evidence/gate-summary.log
b50856246f3dc861163234893b88c1428cef347ff3f7e25a2c01aeee2ef1f835	1553	evidence/receiving-python-v1/work/m3/runtime-integration/evidence/initial-threadlocal-bootstrap-failure.log
c8b4ba4c32068e870494ae65d1bcc0284a34f648f366bd46a853de1ae2988104	51	evidence/receiving-python-v1/work/m3/runtime-integration/evidence/integration-local-+.log
c8b4ba4c32068e870494ae65d1bcc0284a34f648f366bd46a853de1ae2988104	51	evidence/receiving-python-v1/work/m3/runtime-integration/evidence/integration-local--.log
a4ca2808dede66c0160500a354a0745fb1764a139439f7879ab00f3c3b6bc473	50	evidence/receiving-python-v1/work/m3/runtime-integration/evidence/integration-mapped-+.log
a4ca2808dede66c0160500a354a0745fb1764a139439f7879ab00f3c3b6bc473	50	evidence/receiving-python-v1/work/m3/runtime-integration/evidence/integration-mapped--.log
6b7928d5f26d63733ab77638472d7eb9918900ec3d35cd5f2a4bc0076969f628	50	evidence/receiving-python-v1/work/m3/runtime-integration/evidence/integration-shared-+.log
6b7928d5f26d63733ab77638472d7eb9918900ec3d35cd5f2a4bc0076969f628	50	evidence/receiving-python-v1/work/m3/runtime-integration/evidence/integration-shared--.log
01ac25e1464e8c7ecd6668274c181a0cb983f3776c2db46d784c40368f869818	95	evidence/receiving-python-v1/work/m3/runtime-integration/evidence/invariant-local.log
72b8bf34b1b7e240a676e83dec8382df0bbebd3f3fceaadf7627505daf5990f4	94	evidence/receiving-python-v1/work/m3/runtime-integration/evidence/invariant-mapped.log
27da80a01e8de812c084c8889fcaaf824daf8e89b06ddc9f0e43204dfcd98c15	439	evidence/receiving-python-v1/work/m3/runtime-integration/evidence/jtreg-enabled.log
6733752d0ee492f73160aff5980107e2cea1feddbf5d7c727345c9d5bfb3c772	399	evidence/receiving-python-v1/work/m3/runtime-integration/evidence/jtreg-final-default.log
08565cbcc986512244a1154d0e3012fb2daaa838c9ab9e0cc2e18e6299d337e5	56	evidence/receiving-python-v1/work/m3/runtime-integration/evidence/mapped-native.log
7dc5f4688ad6e985ca6486fdfe8751b107ddaf212bc5199d11602dd8b7b2e43c	7435	evidence/receiving-python-v1/work/m3/runtime-integration/evidence/pr5-hosted-recipe-failure.log
c6b555179bc155e90e784294347988f7cb00d9ca0b28d80b8552ae8b6565c5bf	352	evidence/receiving-python-v1/work/m3/runtime-integration/evidence/protocol-results.json
9906ee72dd491151f81d811bd705d965583ca471da0031cfee6f4529c12d0f84	29	evidence/receiving-python-v1/work/m3/runtime-integration/evidence/protocol-summary.log
2b51665eeeb5199ae0c7592d1ca54ee1bf82ca77cae47e4b847f1ac55c025f22	492	evidence/receiving-python-v1/work/m3/runtime-integration/evidence/recipe-final.log
13b0e68477bbae18f6c117c7a6a471f44a116d2ec2a04c0a8b975f25d45fda7a	11646	evidence/receiving-python-v1/work/m3/runtime-integration/evidence/results.json
5355fa76e5417810c08b2e48ac2666533324871dfebdea20084353cea34c7ae6	100	evidence/receiving-python-v1/work/m3/runtime-integration/evidence/two-process-summary.log
bc2daa2c72b7c3eb94153d1b8d03fb2a896b7962f157709f76f164789a7b225d	657	evidence/receiving-python-v1/work/m3/runtime-integration/evidence/two-process.json
0e597f2d2676491c6eb2ef6cb0e85b167952491e29a7a008f3d666a5c90d104c	40	evidence/receiving-python-v1/work/m3/runtime-integration/evidence/weak-admission.log
1fb24fcd455de4985c816811d800c4984bf03a00dd74a887e6f03d26e58fe7ab	1295	evidence/receiving-python-v1/work/m3/runtime-integration/fix/Fix.py
556b7d86c0fba1b31174d436584badb5f8debba6d7ca9717958d623c26b94753	3238	evidence/receiving-python-v1/work/m3/runtime-integration/fix/README.md
d1112f107da7e1996efc35296fd605d0df0a0002e3515ab02bebca7ea4b3c1c1	723	evidence/receiving-python-v1/work/m3/runtime-integration/fix/manifest.json
01eda14f95670a22c8f3a87b427b501381c817311d72943308aff44df4a8c84b	2077	evidence/receiving-python-v1/work/m3/runtime-integration/fix/pom.xml
6c9d1e5aa647dfe00d4d6cf049c00d6bda41c4de99f809eae6ab1301889473b8	1533	evidence/receiving-python-v1/work/m3/runtime-integration/fix/runtime.patch
485f56f0fbae9baa5bd70850fb900c47b9a58a35cb1d20e77efa333802846f32	4386	evidence/receiving-python-v1/work/m3/runtime-integration/fix/test_fix.py
d57804526dbe0ce1851356a01fe4ea39bc71029f16a7e1f7048bd57460132014	1396	evidence/receiving-python-v1/work/m3/runtime-integration/owner-pins.json
783b62c96c9711f32a051b81869e2fa47674df080725afbf5c7fb7ee0c89e49e	1070	evidence/receiving-python-v1/work/m3/runtime-integration/prepare-owner.py
ee0b84633fe0e09f0d53b24fb5674710952c61d5da555b49f193f6024f58ecfc	1579	evidence/receiving-python-v1/work/m3/runtime-integration/protocol-tests.py
822fe02da3958b649fee577f0052f2192a926cdf2abcc976f0de1d17181c829c	1536	evidence/receiving-python-v1/work/m3/runtime-integration/recipe/JNI_SUPERSESSION.md
e2941c8efb9f65a886d2e6d70ef0a60efb3b74440a253c8b60da71e02b622eb0	2475	evidence/receiving-python-v1/work/m3/runtime-integration/recipe/apply.py
abc23b9e2c9fcf2bd859bd3d82577abfe220296d153764caf1e3b6d01df09638	6850	evidence/receiving-python-v1/work/m3/runtime-integration/recipe/manifest.json
0fd2e3a53d240d88360eb0906bd7a5f8ed383ab35e8a6306d757247f8ad62124	155379	evidence/receiving-python-v1/work/m3/runtime-integration/recipe/runtime.patch
32ae3b1028ee98e0575a65055e3002b128fcf52f6b2b605b3e4d157f63f1208d	3396	evidence/receiving-python-v1/work/m3/runtime-integration/recipe/test_recipe.py
e7866e32fbf952a06e0013a0467615694bfc57c5b24e939515ebd5d000211bf5	964	evidence/receiving-python-v1/work/m3/runtime-integration/run-allocation.sh
3441b67bae13f7becdc8d17cd6042aaf294978814e5a3894a1c9d20613bbff0d	1358	evidence/receiving-python-v1/work/m3/runtime-integration/run-api.sh
19d15c721b18188b5e8844a2eaf28ad4a060a8f729334419daa4fce9b33f0ad1	3558	evidence/receiving-python-v1/work/m3/runtime-integration/run-focused.sh
deeee70493ef9f4937244cf426da94ed8a4f571878829c1ab48f3cccb0f1f4d6	1669	evidence/receiving-python-v1/work/m3/runtime-integration/run-jtreg.sh
186163609fe064bfdac5ae4739157073244e824f2acd209a05cd5d704b8cec75	2192	evidence/receiving-python-v1/work/m3/runtime-integration/tasks/jni-build/PLAN.md
fe32c588387066c7dbf4d90636dee5db050af0a1a21f59df257e946676426316	853	evidence/receiving-python-v1/work/m3/runtime-integration/tasks/jni-build/RUN1.md
d28ce8c600728b0248894864f544dd290ae2c770eb22b828a91ab822b96c1faa	3296	evidence/receiving-python-v1/work/m3/runtime-integration/test-gates.py
d8247a7f6ea83d9fc9a37f75e986c1521bddc8e2347837cbbffe4f69fc7fea34	6531	evidence/receiving-python-v1/work/m3/runtime-integration/tests/MIndexIntegration.java
c349d991c8bf457fc20d02ae248bf084438ce6dcf36f1c9127dd65a4d1beed16	11615	evidence/receiving-python-v1/work/m3/runtime-integration/tests/MIndexStringInvariant.java
82385d16b1eb10654385626c80f452048d72881cf886b185efd6bc7b39603eb5	1146	evidence/receiving-python-v1/work/m3/runtime-integration/tests/MappedNativeProbe.java
262b42f90e24f431982ad4b35951751ed2d4fbfad35571873d46bc30f66c223e	2717	evidence/receiving-python-v1/work/m3/runtime-integration/tests/SegmentedAllocation.java
f13cab75e2768e7169999a840b081636d2057f03f38cc014c5c1dbca58e5b85f	1696	evidence/receiving-python-v1/work/m3/runtime-integration/tests/SegmentedConcurrent.java
f61bec28eaf1a65b13a3f110e5eb94b3f6587a04c6b2f618d12a67e9e275af2c	843	evidence/receiving-python-v1/work/m3/runtime-integration/tests/SegmentedGates.java
1af68dc3318a9d3acec1fe28589c93078f4a093f1d7883852f63b48c1f1f6c00	1532	evidence/receiving-python-v1/work/m3/runtime-integration/tests/SegmentedJniProbe.java
6e671afd75a7742ae458d9d127271993f94cefc843df747f8f50d84d0cd39b92	1193	evidence/receiving-python-v1/work/m3/runtime-integration/tests/SegmentedJvmti.java
8d7288a2b88eef98b2998342844da69be6c1b0bdc8c253f00553d29d7f615290	1031	evidence/receiving-python-v1/work/m3/runtime-integration/tests/SharedOwnerFixture.java
3cc0dabd026bdb3f85512cb59cbd50a06c2e75f4d382eab9e458268d8897cc56	6807	evidence/receiving-python-v1/work/m3/runtime-integration/tests/StringApiProbe.java
579d72070ff04c3012ad72b8648ec824fbe724e08a9ab38c00641d1024889a5f	769	evidence/receiving-python-v1/work/m3/runtime-integration/tests/WeakAdmissionProbe.java
a53760f343c412c582cda4d4aecc8f800b5abdd1aa42d648d767f175fd1870c4	1749	evidence/receiving-python-v1/work/m3/runtime-integration/tests/string_api_probe.c
29e3c6d47eb4012786660aef5fad6519d387ac1a6491fda0286908e1b844e809	2356	evidence/receiving-python-v1/work/m3/runtime-integration/two-process.py
a2e76c9aca9c37434111b905c50ff16081682499b96f25e77f1244579d139681	6805	evidence/receiving-python-v1/work/m3/runtime-segments/README.md
33f78e7c905d369a21c80abb1ffcb1b3564bf6ce0fecfa266eec5cf9ca5376f9	1575	evidence/receiving-python-v1/work/m3/runtime-segments/evidence/allocation.json
63a4a3bd7fd2b5493fc1c09669fdf971bae8fc3973077a628151d83c9aa980f2	480	evidence/receiving-python-v1/work/m3/runtime-segments/evidence/api-summary.log
b29619f83c1cab726595f7ab407e27ad37548a5c039cd74e28a451022a699ec9	281	evidence/receiving-python-v1/work/m3/runtime-segments/evidence/ast-field-read-audit.txt
72b56edb6935eed5a6206b63374d515c0dce594e4f17892f39c89cf4cba111c5	215	evidence/receiving-python-v1/work/m3/runtime-segments/evidence/default-version.log
0de724298bf884bf57a1597da6649373866be9d1f7bfb64ab7e0c73ad05ba93e	212	evidence/receiving-python-v1/work/m3/runtime-segments/evidence/enabled-version.log
e8284a9214857a120252b9543c8af67cf238490075322079e9cab37b0c6127ea	466	evidence/receiving-python-v1/work/m3/runtime-segments/evidence/focused-summary.log
eedec6a0f77307f61e56b8e97f76745c0408aeb7d7d3aa87fff91210cc9abe2a	934	evidence/receiving-python-v1/work/m3/runtime-segments/evidence/gate-results.json
fd48660dc2a236d37f301b946aebec7a89bbe1424734a2d3f90cb31c35f17462	46	evidence/receiving-python-v1/work/m3/runtime-segments/evidence/gate-summary.log
17e7f90b3857022e4530ad48a39a519e0064055b9e37e6b3959d94442b5aeefd	1392	evidence/receiving-python-v1/work/m3/runtime-segments/evidence/jtreg-dependencies.sha256
869d6f4c673e0b925e7fdf0558bbb689f894553cc47ac90bf3b4253dd89bdae6	347	evidence/receiving-python-v1/work/m3/runtime-segments/evidence/jtreg-enabled.log
471e790fcfcfdb3cf2115a7de348ba499e21bf663f5810f3b05695f770714404	371	evidence/receiving-python-v1/work/m3/runtime-segments/evidence/jtreg-final-default.log
b701cb31da94ca2110e0835dd28bc6d6f3ccddab0509da17c513464e0a271565	374	evidence/receiving-python-v1/work/m3/runtime-segments/evidence/jtreg-representation.log
b7cbffee1ded5c7168fa4ab0dc68938d2061f2f3ed2597b866a397bd78e28fc5	33	evidence/receiving-python-v1/work/m3/runtime-segments/evidence/jvmti.log
db66abf381f481e990f88b889e76d9ce1d22ec253eb9b40dc574eb9aa4f22f96	1092	evidence/receiving-python-v1/work/m3/runtime-segments/evidence/native-build-summary.txt
905cf00aa6983138438487a6288495f8cbbc0f440a7367aa94e7dccd4f473e06	7601	evidence/receiving-python-v1/work/m3/runtime-segments/evidence/results.json
2f33397efc136deee3dc8f4f58f6f1debdf96f822a8ac3bbb9b58c03c06bd673	454	evidence/receiving-python-v1/work/m3/runtime-segments/evidence/segments-jfr-fix-build.log
59f1bc9b3125b0e3cbd6b92ab57de9e49d7c2b6b8a792ada1de671b9008e0daa	805	evidence/receiving-python-v1/work/m3/runtime-segments/evidence/segments-platform-fix-build.log
65a3e485e9ef874bde51f7bfebd08e06362062c3c0609229df25fffda5568f92	2062	evidence/receiving-python-v1/work/m3/runtime-segments/evidence/synexia-develop-pin.json
64a0ff4660de85baec1969665d77eed573903d425d71c9c40c1f80e1e35e69f0	1744	evidence/receiving-python-v1/work/m3/runtime-segments/recipe/M3StringReads.java
483d21bde66c59a42dfbfbedd6216baab8a4dc15d9d5c31e11ecdf1f302a3ea0	2146	evidence/receiving-python-v1/work/m3/runtime-segments/recipe/apply.py
7749349759aa9bfa9835e8406e3854435c0240f9d7ab3488f78819c42ee92380	4130	evidence/receiving-python-v1/work/m3/runtime-segments/recipe/manifest.json
c2ed53fbcb0ecf5b21774e9ed58954b1c3216c652325c9549c623ce087871203	67015	evidence/receiving-python-v1/work/m3/runtime-segments/recipe/runtime.patch
662708f9a0aa03e182ad585441d5452753941eb90f7573adf1891b5fd8c0b4d4	3437	evidence/receiving-python-v1/work/m3/runtime-segments/recipe/test_recipe.py
2f554d011e7b6c161fd261293156b998ba5c5a719294fde43c39de03a6eacd1d	961	evidence/receiving-python-v1/work/m3/runtime-segments/run-allocation.sh
5f7b91efffa202578df9d45eba075f0b4316852f692e0be2322f0e15510e6c7b	1355	evidence/receiving-python-v1/work/m3/runtime-segments/run-api.sh
cce8e72baa0e00dbde7e4aeed2edd4386f4207380c73814acd854c99b9281887	1765	evidence/receiving-python-v1/work/m3/runtime-segments/run-focused.sh
3f7a013ff3373a820cf54f3c11dab0f260ac1e5db76477cf201da41f7e49a994	1979	evidence/receiving-python-v1/work/m3/runtime-segments/run-jtreg.sh
b09c3bfba8c5d4aeaffa24b448185cb64dc018f3f278a0936f28f22cf9e40967	1048	evidence/receiving-python-v1/work/m3/runtime-segments/run-jvmti.sh
77aabb8363dd341a76e7f5f1f9499c7d762e931db137006a47d5ee86aae7ad00	4749	evidence/receiving-python-v1/work/m3/runtime-segments/synexia-reconciliation.md
b552964ced0f0f0857eace7a843998cf7152f6ed1d6740e330c4b2541b4ce984	3302	evidence/receiving-python-v1/work/m3/runtime-segments/test-gates.py
a5d38df2a1055cdc00b8ba1fcf3c22c60cf3189281fd83fd70d7218a880697aa	2423	evidence/receiving-python-v1/work/m3/runtime-segments/tests/SegmentedAllocation.java
f13cab75e2768e7169999a840b081636d2057f03f38cc014c5c1dbca58e5b85f	1696	evidence/receiving-python-v1/work/m3/runtime-segments/tests/SegmentedConcurrent.java
cbbd54bea6b0ff05c17d226b1f7d0395b3db37abfc87f4378a7ad232ed2727f1	4502	evidence/receiving-python-v1/work/m3/runtime-segments/tests/SegmentedFallbackProbe.java
f61bec28eaf1a65b13a3f110e5eb94b3f6587a04c6b2f618d12a67e9e275af2c	843	evidence/receiving-python-v1/work/m3/runtime-segments/tests/SegmentedGates.java
3b8c1b10c098dfe27a95778a0d8e7d1d6fbb5d2fc74381d46818d3b56444f228	1423	evidence/receiving-python-v1/work/m3/runtime-segments/tests/SegmentedJniProbe.java
ec9c432f3a0ca93ab9a289ad247418de7b2dae3ce7822af9bb50095970d1d1d7	1084	evidence/receiving-python-v1/work/m3/runtime-segments/tests/SegmentedJvmti.java
fc5f2f48f06e633d3cc030bde3033b54063ca0f3920802aaf85198ad3daa3eb7	4349	evidence/receiving-python-v1/work/m3/runtime-segments/tests/SegmentedStringProbe.java
ac4a42bd75bb7caa65039f8fb09c29b90257fb90d6323a1a39b371bb25ea4dd8	5186	evidence/receiving-python-v1/work/m3/runtime-segments/tests/StringApiProbe.java
c5baf06c13a224df2b58612c0e3b07f57d50c08c7856a8c8db84af1deb0aee40	12	evidence/receiving-python-v1/work/m3/runtime-segments/tests/TEST.ROOT
2959525d7c9cd52cbd8045153365c11e3bf3e7c8823c314c42582978733c2dde	1979	evidence/receiving-python-v1/work/m3/runtime-segments/tests/segmented_jvmti.c
c79a6178e7c993e0594d28ece7e7fb99e2839fbafe903aab7cbe892f5da94f4b	667	evidence/receiving-python-v1/work/m3/runtime-segments/tests/string_api_probe.c
b779c9858d71bcc72f4d1ae748f91ca79a16ea02b63d7b4815f2cc5b3a1599fa	5242	evidence/receiving-python-v1/work/m3/runtime-stage1/README.md
bc76e6ad7232860b3915d64e01c20c4a74b991b1bc8ad412ab32f871a0be3787	1003	evidence/receiving-python-v1/work/m3/runtime-stage1/String.patch
8ad8b9f09d3477ce72b110cda8cb5e2d3d2c50824b922e23c6036f978e1a7ba8	2472	evidence/receiving-python-v1/work/m3/runtime-stage1/apply.py
0c576f5f355f56ab7fd737e0d4a3ccb08b724c97d42387e940eb96014b1d4de6	14235	evidence/receiving-python-v1/work/m3/runtime-stage1/evidence/allocation-results.json
6f06c297086fbe56ad2cacb6fed12fbb0a6e720cde303e55d486f5132bec417c	791	evidence/receiving-python-v1/work/m3/runtime-stage1/evidence/build-native-test.log
ee8db5de9884639dab417deb8e612f9cdf8b4e28bd13e1c9d876a06cd45dc468	1360	evidence/receiving-python-v1/work/m3/runtime-stage1/evidence/focused-summary.log
91af689ea76de026bebc10ffdf55f208eb75c8e2d2d8e835839f6d3183f755e5	170	evidence/receiving-python-v1/work/m3/runtime-stage1/evidence/jtreg-base-native-repair.log
bf14adb3489aa23574dd065871bf1d15f8f5f77cf7d4a4dfa0d3032fa7b0b65b	390	evidence/receiving-python-v1/work/m3/runtime-stage1/evidence/jtreg-base.log
17e7f90b3857022e4530ad48a39a519e0064055b9e37e6b3959d94442b5aeefd	1392	evidence/receiving-python-v1/work/m3/runtime-stage1/evidence/jtreg-dependencies.sha256
cc365c47378759146dcf964c71377f11b718446d318a17a49ae156f51ccfcd56	176	evidence/receiving-python-v1/work/m3/runtime-stage1/evidence/jtreg-focused.log
f1cf8cb49b4444f2ba712dc823cd9325521db3d5e04ac0694651e981f16f8975	398	evidence/receiving-python-v1/work/m3/runtime-stage1/evidence/jtreg-hotspot-base.log
bbd675f3e6ce18683fcf2aab77f452839c05e75ad2836c9632e846dd72c8ed51	378	evidence/receiving-python-v1/work/m3/runtime-stage1/evidence/jtreg-hotspot.log
9b8ae09942cfbf3b031b827c93a06cd82fe1834ce395da690e89f5ca2f7717eb	176	evidence/receiving-python-v1/work/m3/runtime-stage1/evidence/jtreg-patched-native-repair.log
1648d12550a38448b7e20413b6ce8ed380f45b1ad1998c4a9ce24f8b778b7ca9	402	evidence/receiving-python-v1/work/m3/runtime-stage1/evidence/jtreg-patched.log
4ad8f5c17477a581bd3cb5a2256b7cc9f6fa1907a5ef1682b00479d73f293a33	468	evidence/receiving-python-v1/work/m3/runtime-stage1/evidence/native-build.log
4b1b69e5fe51b28e00ae5ad9c165afa149b734f91979177c4beab9593d186174	1226	evidence/receiving-python-v1/work/m3/runtime-stage1/evidence/semantics-summary.log
742699e4578b240b0bc5e87d19596b4a989d97a1de7d0f21282d20c24dc68030	13770	evidence/receiving-python-v1/work/m3/runtime-stage1/evidence/test-results.json
635054262cae8270cf7df45fe53b8a2d3050aef5c168175c521f3b19bbd9af11	338	evidence/receiving-python-v1/work/m3/runtime-stage1/insertion.txt
bf6f08ddb73e9f1fd114333c4b9d0942e3495e203f09050f86201906746ff1ef	2785	evidence/receiving-python-v1/work/m3/runtime-stage1/manifest.json
c450466adc358012700eb1ee0df3f1cd9c90f28f5a9f54ace6abc0d6283022c6	1008	evidence/receiving-python-v1/work/m3/runtime-stage1/run-allocation.sh
6525cf0a1ca4ed88df0a8dadddf6d8c5140f94fb358339b214359271ea84a6d4	2018	evidence/receiving-python-v1/work/m3/runtime-stage1/run-focused.sh
