sha256	bytes	path
629d17076fa5c5e399da6e1d0138f2f6cc2d99755977c194d082ee72d4665efc	13143	evidence/consumer-v4/work/m3/tooling/migration-recipes/src/main/resources/com/synexia/rewrite/hash-pinned-java/db-build/before-Recipe.java.txt
fdc94313843105bc6badbeb97488b01dcb5de41eda5b735c7f75eb65c2f64ae1	8398	evidence/consumer-v4/work/m3/tooling/migration-recipes/src/main/resources/com/synexia/rewrite/hash-pinned-java/db-build/before-Test.java.txt
d33a2add601309d3554c8ba047b9fe8f4b24adc4eef75d4f1219f8d958546f71	427	evidence/consumer-v4/work/m3/tooling/migration-recipes/src/main/resources/com/synexia/rewrite/hash-pinned-java/db-build/manifest.tsv
71104dfdc69bd0176698a1686de4c1e635c2f99826d9c9bda9270d40d4d80c63	28214	evidence/consumer-v4/work/m3/tooling/migration-recipes/src/main/resources/com/synexia/rewrite/hash-pinned-java/db-check/00-Test.java.txt
74fbd8ccc2ba3905844eb7a88b633209d53be09c758ffb700d1f99915ed6a0b6	27540	evidence/consumer-v4/work/m3/tooling/migration-recipes/src/main/resources/com/synexia/rewrite/hash-pinned-java/db-check/before-Test.java.txt
6ae483638d7a0deae763cdeca4c7634d0b6b45f6653ea692a38ce8d0e7049baf	213	evidence/consumer-v4/work/m3/tooling/migration-recipes/src/main/resources/com/synexia/rewrite/hash-pinned-java/db-check/manifest.tsv
c0396dc221ab4fe764441ec1694dc2063ce667a256289cdba6ba7bf285a83d86	8756	evidence/consumer-v4/work/m3/tooling/migration-recipes/src/main/resources/com/synexia/rewrite/hash-pinned-java/db-java/00-M3IndexDB.java.txt
be4cb521cd9b0154b8b30bd0719304ae349e7d50c54c2e1d1ca8817e7df4a545	2413	evidence/consumer-v4/work/m3/tooling/migration-recipes/src/main/resources/com/synexia/rewrite/hash-pinned-java/db-java/01-M3IndexDbArtifact.java.txt
90c999027092ac250b3f1a19556268bde96879761735eb4f142260b17bece72a	12753	evidence/consumer-v4/work/m3/tooling/migration-recipes/src/main/resources/com/synexia/rewrite/hash-pinned-java/db-java/02-M3IndexDbSemanticCodec.java.txt
2758d9473d46142383af31cfa351ba2ccc41b4fdda8082f0e5d3da596687b883	1151	evidence/consumer-v4/work/m3/tooling/migration-recipes/src/main/resources/com/synexia/rewrite/hash-pinned-java/db-java/03-M3IndexDbSemanticEdge.java.txt
8898ef38a373744d2fcc6edf0fe6671720733be7d78a215fa401e86660247bde	9363	evidence/consumer-v4/work/m3/tooling/migration-recipes/src/main/resources/com/synexia/rewrite/hash-pinned-java/db-java/04-M3IndexDbSemanticFingerprint.java.txt
114f08e4892dd68532d6e2e587b96d306f6e2d300c38c82a4f81c9acaac7e912	18084	evidence/consumer-v4/work/m3/tooling/migration-recipes/src/main/resources/com/synexia/rewrite/hash-pinned-java/db-java/05-M3IndexDbSemanticIndex.java.txt
8ae73fe031ac1c383860b516427cc2b659a50d5a77c5d6114bf561b2197a4ea5	330	evidence/consumer-v4/work/m3/tooling/migration-recipes/src/main/resources/com/synexia/rewrite/hash-pinned-java/db-java/06-M3IndexDbSemanticKind.java.txt
06a06aadef324e81c35fa8ac365477e7982f99b9bf7f9ea9b9a18eaface1ca2c	2419	evidence/consumer-v4/work/m3/tooling/migration-recipes/src/main/resources/com/synexia/rewrite/hash-pinned-java/db-java/07-M3IndexDbSemanticNode.java.txt
bf3b6377174b869ef85dc2e513363dc47c6d516baab276884e6e56f96b690f24	7633	evidence/consumer-v4/work/m3/tooling/migration-recipes/src/main/resources/com/synexia/rewrite/hash-pinned-java/db-java/08-DbParseTest.java.txt
c513c0740432cc23798875a2af3db33be3e0c0550b471cc079dd544d6c39f5ec	3086	evidence/consumer-v4/work/m3/tooling/migration-recipes/src/main/resources/com/synexia/rewrite/hash-pinned-java/db-java/09-DbProbe.java.txt
4d211a40ab1e00b4bf8d078a80da6d6eabe4f0606ac4894a6e368b7533d86291	9791	evidence/consumer-v4/work/m3/tooling/migration-recipes/src/main/resources/com/synexia/rewrite/hash-pinned-java/db-java/10-M3IndexDBIntegrityTest.java.txt
2c41cedc561c54cd8259cd64f1dca50937d183f9baf56d9c9df75c04a5205bf1	2005	evidence/consumer-v4/work/m3/tooling/migration-recipes/src/main/resources/com/synexia/rewrite/hash-pinned-java/db-java/11-M3IndexDBTest.java.txt
de888eb129200648df390bfd4694c7a326a092a50aecdfd31902625c35e4f159	2193	evidence/consumer-v4/work/m3/tooling/migration-recipes/src/main/resources/com/synexia/rewrite/hash-pinned-java/db-java/12-M3IndexDbArtifactTest.java.txt
9c05e694334a9f355ec82d4f1b9dc786c1d78157ba4900abe1a141f18a302b6e	4998	evidence/consumer-v4/work/m3/tooling/migration-recipes/src/main/resources/com/synexia/rewrite/hash-pinned-java/db-java/13-M3IndexDbCodecBoundaryTest.java.txt
257bc4fd93eb4b0b888684300c8f8204f5d5619ce3f6ffb03196ccaf8278feca	6749	evidence/consumer-v4/work/m3/tooling/migration-recipes/src/main/resources/com/synexia/rewrite/hash-pinned-java/db-java/14-M3IndexDbSemanticBoundaryTest.java.txt
71104dfdc69bd0176698a1686de4c1e635c2f99826d9c9bda9270d40d4d80c63	28214	evidence/consumer-v4/work/m3/tooling/migration-recipes/src/main/resources/com/synexia/rewrite/hash-pinned-java/db-java/15-M3IndexDbSemanticFailClosedTest.java.txt
a54c81ff8081ca970822ad4b948578e25e184758f2b99fa9bede6fdb68458032	27462	evidence/consumer-v4/work/m3/tooling/migration-recipes/src/main/resources/com/synexia/rewrite/hash-pinned-java/db-java/16-M3IndexDbSemanticIndexTest.java.txt
7008d20aa5923fdf747dbcfd3f27451be8ffc5ac09987ddeb8260077a107829f	7365	evidence/consumer-v4/work/m3/tooling/migration-recipes/src/main/resources/com/synexia/rewrite/hash-pinned-java/db-java/17-M3IndexDbStoreBoundaryTest.java.txt
44369e8fd1e69e3c0b5270bd39841fc862bb4ee0cc26fcc7b952f806dd7edcc3	2906	evidence/consumer-v4/work/m3/tooling/migration-recipes/src/main/resources/com/synexia/rewrite/hash-pinned-java/db-java/manifest.tsv
847e23f5ea4f8f4bc889c61bda6dfc638442ae105e6b3ef70081ddb102d3c001	17603	evidence/consumer-v4/work/m3/tooling/migration-recipes/src/main/resources/com/synexia/rewrite/hash-pinned-java/db-mark/00-Test.java.txt
48d1159aa0900c54e9e8e5910a0ca5dda759e2e3d1868ed6ded93647f598b384	15314	evidence/consumer-v4/work/m3/tooling/migration-recipes/src/main/resources/com/synexia/rewrite/hash-pinned-java/db-mark/before-Test.java.txt
526ee42aca43af5d10f6d2daf561f7cbb2a533feca8320f4b438e4f502edd8a6	203	evidence/consumer-v4/work/m3/tooling/migration-recipes/src/main/resources/com/synexia/rewrite/hash-pinned-java/db-mark/manifest.tsv
90c999027092ac250b3f1a19556268bde96879761735eb4f142260b17bece72a	12753	evidence/consumer-v4/work/m3/tooling/migration-recipes/src/main/resources/com/synexia/rewrite/hash-pinned-java/db-parse/00-Codec.java.txt
bf3b6377174b869ef85dc2e513363dc47c6d516baab276884e6e56f96b690f24	7633	evidence/consumer-v4/work/m3/tooling/migration-recipes/src/main/resources/com/synexia/rewrite/hash-pinned-java/db-parse/01-DbParseTest.java.txt
c513c0740432cc23798875a2af3db33be3e0c0550b471cc079dd544d6c39f5ec	3086	evidence/consumer-v4/work/m3/tooling/migration-recipes/src/main/resources/com/synexia/rewrite/hash-pinned-java/db-parse/02-DbProbe.java.txt
f54c493da12252965a6697c5bf71b96881068d168cd03666dfce4ccda7d66f0a	10912	evidence/consumer-v4/work/m3/tooling/migration-recipes/src/main/resources/com/synexia/rewrite/hash-pinned-java/db-parse/before-00-Codec.java.txt
8d4e2a3afdab73eff23bcd6cc436f409ba68eb2516a2ba583fc69c4435e42323	481	evidence/consumer-v4/work/m3/tooling/migration-recipes/src/main/resources/com/synexia/rewrite/hash-pinned-java/db-parse/manifest.tsv
233cbae58e7bf8ffb67aeb56ee5418996aceca624bde4e35fcf0f54b52afb79b	3779	evidence/consumer-v4/work/m3/tooling/migration-recipes/src/main/resources/com/synexia/rewrite/hash-pinned-java/document-javadoc-contract/after.java.txt
496624f1f8612f3c39ea20c6f77fa0dc0594fa13c378b2f2a3a06143c739df1c	3073	evidence/consumer-v4/work/m3/tooling/migration-recipes/src/main/resources/com/synexia/rewrite/hash-pinned-java/document-javadoc-contract/before.java.txt
1b01ee07dec3427ff43837f00297a8e81aee5eabfa9a2d643b4752ac3f3e1991	241	evidence/consumer-v4/work/m3/tooling/migration-recipes/src/main/resources/com/synexia/rewrite/hash-pinned-java/document-javadoc-contract/manifest.tsv
7200f7a0dd89cc6019f5e0dc51738064a28d36b3bfda023f189447a3dc43e27f	7103	evidence/consumer-v4/work/m3/tooling/migration-recipes/src/main/resources/com/synexia/rewrite/hash-pinned-java/gate-java/00-GateTest.java.txt
7e5564f2e11aaed7c75409a6de4ddd95cde69c262d2072b86b73cb16cebf08d5	12472	evidence/consumer-v4/work/m3/tooling/migration-recipes/src/main/resources/com/synexia/rewrite/hash-pinned-java/gate-java/01-M3Jep458BackportRecipeTest.java.txt
e6d4c6b265bd15999e6aa27f960b96092961e966da9fc72bc93c61ef820ba215	5438	evidence/consumer-v4/work/m3/tooling/migration-recipes/src/main/resources/com/synexia/rewrite/hash-pinned-java/gate-java/02-M3VerbatimJavaPairRecipeTest.java.txt
a79bd712e4ffc0d1ba0d4a7fba9c064f94420fbde8c63e7b2a91496d443e4b7c	8280	evidence/consumer-v4/work/m3/tooling/migration-recipes/src/main/resources/com/synexia/rewrite/hash-pinned-java/gate-java/03-M3RecipeScopeDeclarationTest.java.txt
46d8f894d23d2a5609126580f950549b1c1a6dedb7c8867b783d992cf9a911e0	3254	evidence/consumer-v4/work/m3/tooling/migration-recipes/src/main/resources/com/synexia/rewrite/hash-pinned-java/gate-java/04-M3MIndexJniNewStringAdmissionRecipeTest.java.txt
0453146bf4e6ac3759572a026f711089e026146a04465eeabfafc74451cfead9	3209	evidence/consumer-v4/work/m3/tooling/migration-recipes/src/main/resources/com/synexia/rewrite/hash-pinned-java/gate-java/05-M3MIndexJoinedCharsViewRecipeTest.java.txt
5eaf5a99083e11272778bc3dcc4f04b40ea3f16d99d8e5b9885ab4c8206e011d	3305	evidence/consumer-v4/work/m3/tooling/migration-recipes/src/main/resources/com/synexia/rewrite/hash-pinned-java/gate-java/06-M3MIndexStringBulkCharBoundaryRecipeTest.java.txt
174254a5e08a8a255813df22b31bd716ebc865000ec9dac059e71d801166b5d8	9706	evidence/consumer-v4/work/m3/tooling/migration-recipes/src/main/resources/com/synexia/rewrite/hash-pinned-java/gate-java/before-01-M3Jep458BackportRecipeTest.java.txt
5110ce38a46fa9f89afecda54f4c2557c0a9108d2631565375dbcb068a47970b	5097	evidence/consumer-v4/work/m3/tooling/migration-recipes/src/main/resources/com/synexia/rewrite/hash-pinned-java/gate-java/before-02-M3VerbatimJavaPairRecipeTest.java.txt
ef784295416de5e91d1821b67655fecd0ec02a0e44201d73b977c84389076f24	7821	evidence/consumer-v4/work/m3/tooling/migration-recipes/src/main/resources/com/synexia/rewrite/hash-pinned-java/gate-java/before-03-M3RecipeScopeDeclarationTest.java.txt
a5b11ae3aecb6cd2fb5a66e99f02d59055f3605fddb4dcd4c5b864f0483d7f7e	2117	evidence/consumer-v4/work/m3/tooling/migration-recipes/src/main/resources/com/synexia/rewrite/hash-pinned-java/gate-java/before-04-M3MIndexJniNewStringAdmissionRecipeTest.java.txt
17b6da8f1a87eca11ababf2011bede51aa69b43e2823f8eff3c9569b6307b661	2980	evidence/consumer-v4/work/m3/tooling/migration-recipes/src/main/resources/com/synexia/rewrite/hash-pinned-java/gate-java/before-05-M3MIndexJoinedCharsViewRecipeTest.java.txt
8604ab86f7224a176195a09b7fe38b9c84d3ea1cd0bae7da6154248615688260	2166	evidence/consumer-v4/work/m3/tooling/migration-recipes/src/main/resources/com/synexia/rewrite/hash-pinned-java/gate-java/before-06-M3MIndexStringBulkCharBoundaryRecipeTest.java.txt
70e886e7201a8b5f507b6ade08ba338bdac5410d761d4b35b9013852db3888bd	1640	evidence/consumer-v4/work/m3/tooling/migration-recipes/src/main/resources/com/synexia/rewrite/hash-pinned-java/gate-java/manifest.tsv
4620bec8fa489b8dcfb8960d8979bfb75517d7893b5f26546d1abaf9f629800e	10998	evidence/consumer-v4/work/m3/tooling/migration-recipes/src/main/resources/com/synexia/rewrite/hash-pinned-java/jdk-focus-a3/after.java.txt
f69f06564a88fcdc851d267e07f1def2586963d4f14bc552986529d7db8ec8e0	10557	evidence/consumer-v4/work/m3/tooling/migration-recipes/src/main/resources/com/synexia/rewrite/hash-pinned-java/jdk-focus-a3/before.java.txt
897cd98a7a41ced925f792af67642e82eb5f3026ca3bc69064edb868745184b3	211	evidence/consumer-v4/work/m3/tooling/migration-recipes/src/main/resources/com/synexia/rewrite/hash-pinned-java/jdk-focus-a3/manifest.tsv
5fa8a82e3655a675aa0d1e21ba456a7dae272776c605eeba4af22a9dbc7eaa56	2595	evidence/consumer-v4/work/m3/tooling/migration-recipes/src/main/resources/com/synexia/rewrite/hash-pinned-java/m3-collection-lanes/M3Address28.java.txt
1964daa513d98b295ad13ad820519a56af6f29916063860c4c8ec8bf7d3baaa2	7589	evidence/consumer-v4/work/m3/tooling/migration-recipes/src/main/resources/com/synexia/rewrite/hash-pinned-java/m3-collection-lanes/M3BitLane28.java.txt
529fd9055caa62cc1b4d3d008fef2765572836cc297565d11b1aea1a279a7179	1559	evidence/consumer-v4/work/m3/tooling/migration-recipes/src/main/resources/com/synexia/rewrite/hash-pinned-java/m3-collection-lanes/M3Collections.java.txt
bb1486f22518957d1fa1f951ef78b312364de5a736aff17ae5a543fe1765a4c5	6285	evidence/consumer-v4/work/m3/tooling/migration-recipes/src/main/resources/com/synexia/rewrite/hash-pinned-java/m3-collection-lanes/M3ConcurrentBitSet.java.txt
baaa8de6567da94efba77b1363b5629755e5394a6fe951976dc552622ddd0573	7533	evidence/consumer-v4/work/m3/tooling/migration-recipes/src/main/resources/com/synexia/rewrite/hash-pinned-java/m3-collection-lanes/M3ConcurrentIntLane28.java.txt
4a72dcca1648cbd3cf9f2d9bbec526de13fb50464d6b2ed19b101182541f7e5a	7340	evidence/consumer-v4/work/m3/tooling/migration-recipes/src/main/resources/com/synexia/rewrite/hash-pinned-java/m3-collection-lanes/M3ConcurrentLaneContractTest.java.txt
727666e9ad92ab6ab1a41e625307baa70ef08c1397954c2aa362282a137c46ea	7583	evidence/consumer-v4/work/m3/tooling/migration-recipes/src/main/resources/com/synexia/rewrite/hash-pinned-java/m3-collection-lanes/M3ConcurrentLongLane28.java.txt
00b8882f22b664552ae9dae4c37ab243b7fc1fb8159b80b5b74e180b4dfd7698	6637	evidence/consumer-v4/work/m3/tooling/migration-recipes/src/main/resources/com/synexia/rewrite/hash-pinned-java/m3-collection-lanes/M3ConcurrentLongMap.java.txt
7a7e71695a1106f6cefc43e2ba0883eec78abf44f4bf72ead6d094991d6366d6	3876	evidence/consumer-v4/work/m3/tooling/migration-recipes/src/main/resources/com/synexia/rewrite/hash-pinned-java/m3-collection-lanes/M3ConcurrentLongSet.java.txt
771b1450d137874e7c3e08d4e9bee405a6cf88aa6695a9fd4c3616be4ae34d18	6912	evidence/consumer-v4/work/m3/tooling/migration-recipes/src/main/resources/com/synexia/rewrite/hash-pinned-java/m3-collection-lanes/M3IntLane28.java.txt
f797998ca57b353f7c44ae48f3d65eeaddec6182066cec0f56c8526d71355e60	2316	evidence/consumer-v4/work/m3/tooling/migration-recipes/src/main/resources/com/synexia/rewrite/hash-pinned-java/m3-collection-lanes/M3LongArena28.java.txt
ea0c1aa0957f7bafd5cf2892cbe483c98d5772192f81cc3c467d53ab5c1c7531	2310	evidence/consumer-v4/work/m3/tooling/migration-recipes/src/main/resources/com/synexia/rewrite/hash-pinned-java/m3-collection-lanes/M3LongCollection.java.txt
9d10e476f5d1664a1028fe52406ab05421758961c6d3d5cf163241e058a3f201	554	evidence/consumer-v4/work/m3/tooling/migration-recipes/src/main/resources/com/synexia/rewrite/hash-pinned-java/m3-collection-lanes/M3LongIterator.java.txt
5e35c6c646389c582585b684a4e6224bb968cf2f7b669598eb88920ab1538960	7204	evidence/consumer-v4/work/m3/tooling/migration-recipes/src/main/resources/com/synexia/rewrite/hash-pinned-java/m3-collection-lanes/M3LongLane28.java.txt
e12261ea8149c9b6cedcfb08915699ec344a57eaed15f68060a9927717eb44a1	4470	evidence/consumer-v4/work/m3/tooling/migration-recipes/src/main/resources/com/synexia/rewrite/hash-pinned-java/m3-collection-lanes/M3LongLaneStore28.java.txt
2db7c6ba3342a58fdce49c3e988ded51ece2de336575d225edb6cca75cd483c2	5940	evidence/consumer-v4/work/m3/tooling/migration-recipes/src/main/resources/com/synexia/rewrite/hash-pinned-java/m3-collection-lanes/M3LongLinkedList28.java.txt
a9be525afc8c71fa191625dc69c60f76273299832744392435a5739006c8d15c	326	evidence/consumer-v4/work/m3/tooling/migration-recipes/src/main/resources/com/synexia/rewrite/hash-pinned-java/m3-collection-lanes/M3LongLongConsumer.java.txt
9a7487453e0bd2369b56e7e17dedb79e2eba8919944772ec0407c95833458ae7	4760	evidence/consumer-v4/work/m3/tooling/migration-recipes/src/main/resources/com/synexia/rewrite/hash-pinned-java/m3-collection-lanes/M3SlotAllocator28.java.txt
f2ea51cf92b35489ca0bc3c6555850ff9ceee45a1459eb0af06f19feaff810ce	7117	evidence/consumer-v4/work/m3/tooling/migration-recipes/src/main/resources/com/synexia/rewrite/hash-pinned-java/m3-collection-lanes/SegmentedLaneBulkContractTest.java.txt
b202adb68518e47c49ceddc4f21e52c7bb48c387b3f1ee08baceaf8a930eb44c	6641	evidence/consumer-v4/work/m3/tooling/migration-recipes/src/main/resources/com/synexia/rewrite/hash-pinned-java/m3-collection-lanes/SegmentedPrimitiveStorageTest.java.txt
cfd99d1d4cfd40371718188e695221d6aee88eb9579a815f0f0e3b05643f2054	3285	evidence/consumer-v4/work/m3/tooling/migration-recipes/src/main/resources/com/synexia/rewrite/hash-pinned-java/m3-collection-lanes/manifest.tsv
e531b318ea4cbc6ca09bb3e52cb1a70ee4539ccf78d8b61b0f73bcf3027db557	165	evidence/consumer-v4/work/m3/tooling/migration-recipes/src/main/resources/com/synexia/rewrite/hash-pinned-java/m3-collection-lanes/module-info.java.txt
068cc68a4968c1f8aed45d7ff73a9bfca8dc19723015cd739728cbd56d90150d	205038	evidence/consumer-v4/work/m3/tooling/migration-recipes/src/main/resources/com/synexia/rewrite/hash-pinned-java/mindex-jni-newstring-admission/String.java.before.txt
5f1c19dd6d46c12f5b3baf72422ae7e68975e41df4303451a1db2299c8581601	205581	evidence/consumer-v4/work/m3/tooling/migration-recipes/src/main/resources/com/synexia/rewrite/hash-pinned-java/mindex-jni-newstring-admission/String.java.txt
2a5c781c50f48e19f3f9ec0ba99cb6f894e76779b088dc7d04d3ddda73251245	239	evidence/consumer-v4/work/m3/tooling/migration-recipes/src/main/resources/com/synexia/rewrite/hash-pinned-java/mindex-jni-newstring-admission/manifest.tsv
88f4d3b3b04e41c34f171a38f30a320af91561ba72fa89a35750e1da7b9854c1	25258	evidence/consumer-v4/work/m3/tooling/migration-recipes/src/main/resources/com/synexia/rewrite/hash-pinned-java/mindex-string-bulk-char-boundary/MIndexString.java.before.txt
1399b110a329f39ee1c40df2d9bb9af216d0e512a343b5fcf641fb67b39a3c87	26303	evidence/consumer-v4/work/m3/tooling/migration-recipes/src/main/resources/com/synexia/rewrite/hash-pinned-java/mindex-string-bulk-char-boundary/MIndexString.java.txt
4e51fd1acaf8a22036d2dc5d0b405509f3f469d6e4054c8a0a4133cfe230d7a4	251	evidence/consumer-v4/work/m3/tooling/migration-recipes/src/main/resources/com/synexia/rewrite/hash-pinned-java/mindex-string-bulk-char-boundary/manifest.tsv
12c1e5cebc488f9d4669d668caf004854c436812122ec63bf1173d3ae3a57d3c	6987	evidence/consumer-v4/work/m3/tooling/migration-recipes/src/main/resources/com/synexia/rewrite/hash-pinned-java/pack-version/00-M3ModuleInspector.java.txt
e4d7aebde2db036fc5eaa9ced964b9e6ca3ccf05a88c54ad7c83a8f59be568c2	9133	evidence/consumer-v4/work/m3/tooling/migration-recipes/src/main/resources/com/synexia/rewrite/hash-pinned-java/pack-version/01-VersionProbe.java.txt
b82d64a1417831a61386ce439a4b00c4904893e20de613c7e5adacaab4a52f29	531	evidence/consumer-v4/work/m3/tooling/migration-recipes/src/main/resources/com/synexia/rewrite/hash-pinned-java/pack-version/02-VersionTest.java.txt
6e3599202a1afc6f1971c6a88b8c8e5d31f410c9295e87e85d5e46c779c5905e	6693	evidence/consumer-v4/work/m3/tooling/migration-recipes/src/main/resources/com/synexia/rewrite/hash-pinned-java/pack-version/before-00-M3ModuleInspector.java.txt
d0166513af5e163700a832139bdf40f467f382f4e7b3d48a7dfa0ae7b94a0fc1	525	evidence/consumer-v4/work/m3/tooling/migration-recipes/src/main/resources/com/synexia/rewrite/hash-pinned-java/pack-version/manifest.tsv
d8560c0d8f10043c2da6b15a4ede378791a286d4b919c5dd3999b10300981e36	6355	evidence/consumer-v4/work/m3/tooling/migration-recipes/src/main/resources/com/synexia/rewrite/hash-pinned-java/scope-backslash-literal/after.java.txt
fd34ae842ba65bb843c2bba8df30926a8b2ba71df7cda76b4db8ed3a0be2da92	6354	evidence/consumer-v4/work/m3/tooling/migration-recipes/src/main/resources/com/synexia/rewrite/hash-pinned-java/scope-backslash-literal/before.java.txt
0b68d3c7541f21b7f45cf548a098079aae36934c3da31183f1e28567558ffe15	231	evidence/consumer-v4/work/m3/tooling/migration-recipes/src/main/resources/com/synexia/rewrite/hash-pinned-java/scope-backslash-literal/manifest.tsv
cb50139594817d5cb2477c4d67148d4aed2174299f05cff9a3b24416139bc6b4	4037	evidence/consumer-v4/work/m3/tooling/migration-recipes/src/main/resources/com/synexia/rewrite/m3port/FrozenBytes.java.before.txt
0c03ca0ed8b42212fa92e4d5f9325ba864f8d11928cd6a0b030b861f668f0657	3868	evidence/consumer-v4/work/m3/tooling/migration-recipes/src/main/resources/com/synexia/rewrite/m3port/FrozenChars.java.before.txt
206cd1ecb96bec037c59b531c13dd7029e4ce79f1b50bfdfccc64dfd6279e74b	3259	evidence/consumer-v4/work/m3/tooling/migration-recipes/src/main/resources/com/synexia/rewrite/m3port/MIndexJoinedBytes.java.before.txt
964f0fc3611f259562adca7f7a9ec581d149f16b4dfcc9a3c775a2a8ca53f864	7282	evidence/consumer-v4/work/m3/tooling/migration-recipes/src/main/resources/com/synexia/rewrite/m3port/MIndexJoinedChars.java.after.txt
712c1c795ff1e0d6dea099eaec8fa6e64803adfc12bad6f31970b722c659d396	5188	evidence/consumer-v4/work/m3/tooling/migration-recipes/src/main/resources/com/synexia/rewrite/m3port/MIndexJoinedChars.java.before.txt
f42c548a4fd47d3dac43283082125232e04d5f13f28b63521832493394176337	10303	evidence/consumer-v4/work/m3/tooling/migration-recipes/src/main/resources/com/synexia/rewrite/m3port/MIndexJoinedStorageIntern.java.before.txt
a4f0e0cd7b3e8701aba21b8b14b068cc2d3822e17dc066daa442cbc580404a80	5955	evidence/consumer-v4/work/m3/tooling/migration-recipes/src/main/resources/com/synexia/rewrite/m3port/MIndexJoinedStreams.java.before.txt
5a3e0171a9483794ef27e45a7f04b6218e38cbf302f1715a0e5e06fd8bcb76d9	771	evidence/consumer-v4/work/m3/tooling/migration-recipes/src/main/resources/com/synexia/rewrite/m3port/source.properties
4ff7fb4557c58cc59de7fbb24498f3df2a197083a5cd467670dc24b9441f1210	3458	evidence/consumer-v4/work/m3/tooling/migration-recipes/src/main/resources/com/synexia/rewrite/segmented-lane-native/segmented_bit_lane.c.txt
aa3e367d6a8c3729dcc73bfd07525b3ddd1a0892172307a01d1adb627aa06c47	2585	evidence/consumer-v4/work/m3/tooling/migration-recipes/src/test/java/com/m3/rewrite/InstallIndexStringCompatibilityTest.java
bf0cd3c9ca89e2b75d83e717d79b9a17e197646f40d108b05b4dc2ecd2cc1f70	6058	evidence/consumer-v4/work/m3/tooling/migration-recipes/src/test/java/com/m3/rewrite/M3A3DeclarativeDeliveryRecipeTest.java
4d670e134182d7a8c002fa3ec424ca4db1df9f5668332c8880ea24e72905c2a7	5352	evidence/consumer-v4/work/m3/tooling/migration-recipes/src/test/java/com/m3/rewrite/M3A3LabDeliveryRecipeTest.java
8d7de7e6ec610475dd6dce26d4460d443d2876ef919e3639f0eb2b0a58da009a	5259	evidence/consumer-v4/work/m3/tooling/migration-recipes/src/test/java/com/m3/rewrite/M3A3LevenshteinEvidenceClosureRecipeTest.java
1476249aef345fdb14aa181a4018e7783c4463546c533916ca56e6e98f99bc05	4954	evidence/consumer-v4/work/m3/tooling/migration-recipes/src/test/java/com/m3/rewrite/M3A3MasteryWorkflowRecipeTest.java
f34470a701cf71b4b4abbe1fa9a5091392a930426ec84d700f13e53edd244629	5380	evidence/consumer-v4/work/m3/tooling/migration-recipes/src/test/java/com/m3/rewrite/M3A3RegexMemoryLabDeliveryRecipeTest.java
3f3ab065d9e87e9f6095629a56b052642ec9d0883a466430e90a4a4355edd05b	4975	evidence/consumer-v4/work/m3/tooling/migration-recipes/src/test/java/com/m3/rewrite/M3A3RegexMemoryWorkflowRecipeTest.java
fc982087cdb11eba996aa332049cece3b9b616616e255c000a90215a44454ce2	2820	evidence/consumer-v4/work/m3/tooling/migration-recipes/src/test/java/com/m3/rewrite/M3ImportAdmissionTest.java
6f0ae4b0e408b9ed5e9c6611d481e5710f490b0468c1911b143728685b598894	1916	evidence/consumer-v4/work/m3/tooling/migration-recipes/src/test/java/com/m3/rewrite/M3Java21ConvergenceAdmissionTest.java
5ad57812a2c2bb7ca6ef9583963ca8081eb3a6595d7a6ba0b2ef7b236f183e72	8659	evidence/consumer-v4/work/m3/tooling/migration-recipes/src/test/java/com/m3/rewrite/M3Java21ConvergenceRecipeTest.java
a2ab300d9fc8a821fa5d996cd0d18e6736f757863572067d72d0639ea31d0386	4052	evidence/consumer-v4/work/m3/tooling/migration-recipes/src/test/java/com/m3/rewrite/M3Java21DeclarativeConvergenceTest.java
12024b153d6aa2cd7b311535faf7b9e3f3ea3df5d736c318ea6e7ee1194da3fa	8212	evidence/consumer-v4/work/m3/tooling/migration-recipes/src/test/java/com/m3/rewrite/a3/M3A3AlgorithmCatalogueRecipeTest.java
710fc2530bc795e823bf60c60f1cc6e5047444632cf86edf0a25c0b0855694b5	19256	evidence/consumer-v4/work/m3/tooling/migration-recipes/src/test/java/com/m3/rewrite/a3/M3A3SerialFileWorkRecipeTest.java
b034673ea218515cc12ab0b4173eabf06732f29e8a456be45b5ba0d00489ab39	15860	evidence/consumer-v4/work/m3/tooling/migration-recipes/src/test/java/com/m3/rewrite/atom/JccReceivingFixtureTest.java
120985ef8bec9c99bb1f6103f41aed442c0dfafa13a845ba5007859403bd8b05	5369	evidence/consumer-v4/work/m3/tooling/migration-recipes/src/test/java/com/m3/rewrite/atom/M3AtomCommentRecipeTest.java
b093aac929d9798cfedea92639ea5753f90af5855f611a793179afafd1cbd605	14826	evidence/consumer-v4/work/m3/tooling/migration-recipes/src/test/java/com/m3/rewrite/atom/M3AtomCoverageClosureTest.java
a9f2bb64919a02c41d0363c30d444cf62e4730c7ffef93cdecffac46557f51c4	8746	evidence/consumer-v4/work/m3/tooling/migration-recipes/src/test/java/com/m3/rewrite/atom/M3AtomDefensiveBranchTest.java
bd015deb2c5b0c7ccbd8471757513973e94eda4e506995d12da90b8e67cde9eb	11525	evidence/consumer-v4/work/m3/tooling/migration-recipes/src/test/java/com/m3/rewrite/atom/M3AtomizePureIntReturnRecipeTest.java
a4f3b792ce1be06b3586eeb5a8ed9413f5f89914136baf18c671035a5945cda3	6296	evidence/consumer-v4/work/m3/tooling/migration-recipes/src/test/java/com/m3/rewrite/atom/M3DocumentationContractTest.java
004de5f30e2a3c54d439b36493e8733dc73fdae8a288ba18238423ded5afcbed	18912	evidence/consumer-v4/work/m3/tooling/migration-recipes/src/test/java/com/m3/rewrite/atom/M3IntRecipeProjectTest.java
aae0bf5d920010103954b3b0b3ef0a4f0857ca3d0ffff32423eb91aa2da70b97	12075	evidence/consumer-v4/work/m3/tooling/migration-recipes/src/test/java/com/m3/rewrite/atom/M3IntSpectrumTest.java
ef29c46f009d7a9d980854226366a9066e5c29fe041e01497c2c40cbfffb397d	3884	evidence/consumer-v4/work/m3/tooling/migration-recipes/src/test/java/com/m3/rewrite/atom/M3InventoryPureIntAtomCandidatesTest.java
9b8b7396e0dba4e8d411db8d56e09bbb4ae0fdab4fbb4f4972d3844c8cab23c0	1949	evidence/consumer-v4/work/m3/tooling/migration-recipes/src/test/java/com/m3/rewrite/atom/M3PatternMarkerTest.java
152189b0eeeed97460ea798f042fc9f9df7609c9477dcf7bdb593b06c48486c6	7418	evidence/consumer-v4/work/m3/tooling/migration-recipes/src/test/java/com/m3/rewrite/atom/M3PureIntConvergenceRecipeTest.java
f5748d2c07ce80fb2735c1d775e4d6fe0d8344355d4fafebc57bd86215353d71	14563	evidence/consumer-v4/work/m3/tooling/migration-recipes/src/test/java/com/m3/rewrite/atom/M3RepositoryCorpusTest.java
c2a204144a4ff7fe2f4abfa151a744e7114961b83b7f006e019e595f4569e238	4517	evidence/consumer-v4/work/m3/tooling/migration-recipes/src/test/java/com/m3/rewrite/atom/MemJava.java
52c83c1c18eaee870e6b6703f7476e7fde442f311bfeb6b33e92638546419f61	6881	evidence/consumer-v4/work/m3/tooling/migration-recipes/src/test/java/com/m3/rewrite/atom/SpectrumCases.java
af9fe4c6dde5559d7a427737312c43d69f79820f4954359f044fa5887fd30995	4442	evidence/consumer-v4/work/m3/tooling/migration-recipes/src/test/java/com/m3/rewrite/backport/A3KitTest.java
161cfc246a5ab373f770a34d9336a3fb812a115e127a41e098b252a44c917279	6187	evidence/consumer-v4/work/m3/tooling/migration-recipes/src/test/java/com/m3/rewrite/backport/ClassVerTest.java
e84468c00205a78a6aded32127f39296564751c0a05d67c6bf890cdb7f491f00	5500	evidence/consumer-v4/work/m3/tooling/migration-recipes/src/test/java/com/m3/rewrite/backport/ClosureRecipeTest.java
847e23f5ea4f8f4bc889c61bda6dfc638442ae105e6b3ef70081ddb102d3c001	17603	evidence/consumer-v4/work/m3/tooling/migration-recipes/src/test/java/com/m3/rewrite/backport/DbRecipeTest.java
24e7a0d7dbd645426acd6a3bfcbff5d2d61332f9acf3e60bc225c61ab72e307e	8783	evidence/consumer-v4/work/m3/tooling/migration-recipes/src/test/java/com/m3/rewrite/backport/DescriptorRecipeTest.java
7200f7a0dd89cc6019f5e0dc51738064a28d36b3bfda023f189447a3dc43e27f	7103	evidence/consumer-v4/work/m3/tooling/migration-recipes/src/test/java/com/m3/rewrite/backport/GateTest.java
fe73b48307c045b219cec3a3d123cfb008b92f98fc11ad1907df6c64fd22af61	19825	evidence/consumer-v4/work/m3/tooling/migration-recipes/src/test/java/com/m3/rewrite/backport/JccHandoffTest.java
fec35bd3dc11f88e9c66a9c08c58141eea2769831cde868d56ed964ff54cd640	4741	evidence/consumer-v4/work/m3/tooling/migration-recipes/src/test/java/com/m3/rewrite/backport/JniTest.java
59e0ac3a126881fe46bb89d5ad88381c8df1510d0b7bf1d5f302a483d2b617d7	4239	evidence/consumer-v4/work/m3/tooling/migration-recipes/src/test/java/com/m3/rewrite/backport/KitTest.java
8d1ec1911ea666daec30d8e0fdc0287472406d8bf90cbdc1a18489bcf50bf993	4998	evidence/consumer-v4/work/m3/tooling/migration-recipes/src/test/java/com/m3/rewrite/backport/M3A3NativeJniLaneRecipeTest.java
94a0c919b54bdf90ca736602a3222589a20f354ad3df0f4457db234fd65483d7	3810	evidence/consumer-v4/work/m3/tooling/migration-recipes/src/test/java/com/m3/rewrite/backport/M3Jdk21HashPinnedTextSnapshotRecipeTest.java
38840a59acbafbd4084f2d89ea8bd74ad5befb375c2e3ee3c2bdbfb3ba5589f2	7118	evidence/consumer-v4/work/m3/tooling/migration-recipes/src/test/java/com/m3/rewrite/backport/M3Jdk8347112BackportRecipeTest.java
4a8d732d3fdade09c7f3ee0011f00da48a3b08acb7b0e1043843cb701360259b	8534	evidence/consumer-v4/work/m3/tooling/migration-recipes/src/test/java/com/m3/rewrite/backport/M3Jdk8364182BackportRecipeTest.java
4a7d6dc4d7e9639fe5795981fec6a2eb6e54295e1412d2cfda89bbbb95983a24	7942	evidence/consumer-v4/work/m3/tooling/migration-recipes/src/test/java/com/m3/rewrite/backport/M3Jdk8367584JfrOptionsHelpBackportRecipeTest.java
55b42f911f5a42a1ba0c317490841c86de8d9c1d47e2f0abd949627863500c38	5727	evidence/consumer-v4/work/m3/tooling/migration-recipes/src/test/java/com/m3/rewrite/backport/M3Jdk8368692PasswordSystemInBackportRecipeTest.java
dde7302736ff8d70ccee0a7952eeb93c3aee2f3be70b10ac209c8048c52ba21d	7955	evidence/consumer-v4/work/m3/tooling/migration-recipes/src/test/java/com/m3/rewrite/backport/M3Jdk8374808BackportRecipeTest.java
17f3c72112f160ae1c31415e762c70abf7c0ac83405d94eb336df84ab8133585	7316	evidence/consumer-v4/work/m3/tooling/migration-recipes/src/test/java/com/m3/rewrite/backport/M3JdkExecutionFollowthroughRecipeTest.java
7e5564f2e11aaed7c75409a6de4ddd95cde69c262d2072b86b73cb16cebf08d5	12472	evidence/consumer-v4/work/m3/tooling/migration-recipes/src/test/java/com/m3/rewrite/backport/M3Jep458BackportRecipeTest.java
a35b4dee0294586ee31bb4f61e8005d1e586b5378454b2a553ebf38caf19524f	6867	evidence/consumer-v4/work/m3/tooling/migration-recipes/src/test/java/com/m3/rewrite/backport/M3VerbatimJavaPairRecipeTest.java
6c83dcf46c27e7801ccfdb55105835ee029c2abd5866945ed94bcc9363ddcd94	9805	evidence/consumer-v4/work/m3/tooling/migration-recipes/src/test/java/com/m3/rewrite/backport/MapFactsRecipeTest.java
d953233da83f47819f56b2683c0a8e0035503409510523a0b8214620d4e3deff	8851	evidence/consumer-v4/work/m3/tooling/migration-recipes/src/test/java/com/m3/rewrite/backport/MapGuardRecipeTest.java
10f37fe0911bb9bbbedb3ff42ab6451e12da881664cc9171d28e2e7677a8d431	10382	evidence/consumer-v4/work/m3/tooling/migration-recipes/src/test/java/com/m3/rewrite/backport/MapUtfRecipeTest.java
c61df0b16e96ba3dffb74ac8ab72373bd109f21974c730b4704fe93b8164f89e	5789	evidence/consumer-v4/work/m3/tooling/migration-recipes/src/test/java/com/m3/rewrite/backport/VersionRecipeTest.java
cf1c56ebf8fc2df3778cd56e34240da7c3ba722cb2949e8957b81157abf8b9ba	8378	evidence/consumer-v4/work/m3/tooling/migration-recipes/src/test/java/com/m3/rewrite/scope/M3RecipeScopeDeclarationTest.java
ab2e42fee70837c131c61232750ed926965d137b7a967d22b7ed39dd12303976	4901	evidence/consumer-v4/work/m3/tooling/migration-recipes/src/test/java/com/m3/rewrite/scope/M3ScopeContractTest.java
3a57bda49c218895a2be9f5053671d435840abd4c4079f4a1e5eed89becf0813	11065	evidence/consumer-v4/work/m3/tooling/migration-recipes/src/test/java/com/m3/rewrite/scope/M3ScopeCoverageClosureTest.java
743ca03a542f4ec432289ab9cea22f4c6e0655ed58c477ac86d2269ab2f22499	1324	evidence/consumer-v4/work/m3/tooling/migration-recipes/src/test/java/com/m3/rewrite/scope/M3ScopeDefensiveBranchTest.java
06397543cf3e00cdb89fa63355d6975c06bf2b696fd187206453f35c33710308	4002	evidence/consumer-v4/work/m3/tooling/migration-recipes/src/test/java/com/m3/rewrite/semantic/M3SemanticHashRecipeTest.java
16657897a67c41c0fd982dc66c45c611ad830ea81d440018a415ee59cc0f8036	2193	evidence/consumer-v4/work/m3/tooling/migration-recipes/src/test/java/com/synexia/rewrite/M3DocumentJavadocContractRecipeTest.java
46d8f894d23d2a5609126580f950549b1c1a6dedb7c8867b783d992cf9a911e0	3254	evidence/consumer-v4/work/m3/tooling/migration-recipes/src/test/java/com/synexia/rewrite/M3MIndexJniNewStringAdmissionRecipeTest.java
0453146bf4e6ac3759572a026f711089e026146a04465eeabfafc74451cfead9	3209	evidence/consumer-v4/work/m3/tooling/migration-recipes/src/test/java/com/synexia/rewrite/M3MIndexJoinedCharsViewRecipeTest.java
5eaf5a99083e11272778bc3dcc4f04b40ea3f16d99d8e5b9885ab4c8206e011d	3305	evidence/consumer-v4/work/m3/tooling/migration-recipes/src/test/java/com/synexia/rewrite/M3MIndexStringBulkCharBoundaryRecipeTest.java
bec6d280b89c27aefe4f2330178120f5237a72afefbaaf211e270d439390f37a	2206	evidence/consumer-v4/work/m3/tooling/migration-recipes/src/test/java/com/synexia/rewrite/M3ScopeLiteralRepairRecipeTest.java
e45dcc553df5cd0ad940f3dc656ebd9ea264f8353da3f7c27b5a2333f4997094	8537	evidence/consumer-v4/work/m3/tooling/migration-recipes/src/test/resources/com/m3/rewrite/a3-declarative-proof/before-A3Apply.java.txt
77390f350eeeb4b25a1c4db9279b3966884d9918f0b9dd0af1f1b4c3acc7b7ee	4328	evidence/consumer-v4/work/m3/tooling/migration-recipes/src/test/resources/com/m3/rewrite/a3-declarative-proof/before-A3ApplyTest.java.txt
cc1419f7e89a08dba92b3baf231e6afb48e9ab89e32ac1051b32ba5c94b8e4b3	4959	evidence/consumer-v4/work/m3/tooling/migration-recipes/src/test/resources/com/m3/rewrite/a3-lab/before-A3.java.txt
6d9ec887c87898167748ca5f77598f95a6784cfaf14882f4983733c006374b77	5127	evidence/consumer-v4/work/m3/tooling/migration-recipes/src/test/resources/com/m3/rewrite/a3-lab/v2-before/A3.java
ff8cbb08b28f1c28f486eb610ba1e149f41f587deada48d2cec30107fa1f80cb	5878	evidence/consumer-v4/work/m3/tooling/migration-recipes/src/test/resources/com/m3/rewrite/a3-lab/v2-before/A3Cases.java
441f9aac0bb12db78d6e338285541f4f5d25dd50fe855858887714efc32d7501	17507	evidence/consumer-v4/work/m3/tooling/migration-recipes/src/test/resources/com/m3/rewrite/a3-lab/v2-before/A3Lab.java
db4a5801884a58cda05772928a09c410acd79c04eb904ec26d7ef7b29c669c81	2911	evidence/consumer-v4/work/m3/tooling/migration-recipes/src/test/resources/com/m3/rewrite/a3-lab/v2-before/A3LabTest.java
dbf418a96d4fd41b7a33354d34f811b0b4cf7839782eae56b53d063f750f37a0	3729	evidence/consumer-v4/work/m3/tooling/migration-recipes/src/test/resources/com/m3/rewrite/a3-levenshtein-evidence-closure/before/a3-alg.md
45c1e913ea9778bcac5324e3320c70f4f096b526f9afc1fa32bec9932eb3f388	2704	evidence/consumer-v4/work/m3/tooling/migration-recipes/src/test/resources/com/m3/rewrite/a3-levenshtein-evidence-closure/before/algorithm-catalogue.tsv
82aaba939e717734988a74af50d662e16e04acd73dfd3c418906658a3eb2c4df	2947	evidence/consumer-v4/work/m3/tooling/migration-recipes/src/test/resources/com/m3/rewrite/a3-mastery-workflow/before/a3-lab.md
528d8146e4b600b64add339f2cf46e87c355d015ca094d313b7703470d6aef23	10371	evidence/consumer-v4/work/m3/tooling/migration-recipes/src/test/resources/com/m3/rewrite/a3-mastery-workflow/before/m3-a3.yml
f68fb01640e7bee16e67af34ff986006a8ebebca3c13e9088296540f844b2200	17623	evidence/consumer-v4/work/m3/tooling/migration-recipes/src/test/resources/com/m3/rewrite/a3-regex-memory-lab/before/A3Lab.java
225efc2885ba8c002d036ecf70b4dd8a13b646debc74afeb031b0fce624d3f18	3860	evidence/consumer-v4/work/m3/tooling/migration-recipes/src/test/resources/com/m3/rewrite/a3-regex-memory-lab/before/A3LabTest.java
6ee9e1939eef716a7c24d34967f8c3b634c822c5c05b5c728080920e697869b1	3591	evidence/consumer-v4/work/m3/tooling/migration-recipes/src/test/resources/com/m3/rewrite/a3-regex-memory-workflow/before/a3-lab.md
d02cc3c3b459df10e9693869852ae6947b1e9a05d01d8fdc6d1036a66d436004	3372	evidence/consumer-v4/work/m3/tooling/migration-recipes/src/test/resources/com/m3/rewrite/a3-regex-memory-workflow/before/a3-mastery.md
3e8bbec81071171ddc771d675741bb09a43bbb90db6d40241d85873b896001d0	10858	evidence/consumer-v4/work/m3/tooling/migration-recipes/src/test/resources/com/m3/rewrite/a3-regex-memory-workflow/before/workflow.yml
38ed8c01c6982fa4a52ea155c2e9652dfe45f317d8ae994c17fba01c7309fbda	18328	evidence/consumer-v4/work/m3/tooling/migration-recipes/src/test/resources/com/m3/rewrite/atom/spectrum/CORPUS.tsv
b1f834a645fef766ae058cd0d0f6f347d0dfc9097c0828e608287272fbaaf9b7	14657	evidence/consumer-v4/work/m3/tooling/migration-recipes/src/test/resources/com/m3/rewrite/backport/a3-native-jni-lane/pre/README.md.before.txt
8e31592803fb14558a2cb26e7289001caf0081304c8872e15f647c4cea7de8ba	5799	evidence/consumer-v4/work/m3/tooling/migration-recipes/src/test/resources/com/m3/rewrite/backport/a3-native-jni-lane/pre/a3.md.before.txt
0ae1569568b49d3f275ca0631b56b36dfa4f52d00d5ed50799491cfea86d5f6d	6675	evidence/consumer-v4/work/m3/tooling/migration-recipes/src/test/resources/com/m3/rewrite/backport/a3-native-jni-lane/pre/file_delta_inventory.py.before.txt
5bb93cc292ec26bc70a92c0ac8d4ba073bc5c83ba50ed118f16c84105c0ee3aa	13534	evidence/consumer-v4/work/m3/tooling/migration-recipes/src/test/resources/com/m3/rewrite/backport/a3-native-jni-lane/pre/generate_recipe_crates.py.before.txt
d0f6cb52e986aac8c5b3ffb09d86545170bc904a85546e95434649db52815a3f	4644	evidence/consumer-v4/work/m3/tooling/migration-recipes/src/test/resources/com/m3/rewrite/backport/a3-native-jni-lane/pre/test_file_delta_inventory.py.before.txt
02c910d49821ec3d1b7281852ed9cf1110e05017e89a1e753b5eafd181024428	14485	evidence/consumer-v4/work/m3/tooling/migration-recipes/src/test/resources/com/m3/rewrite/backport/a3-native-jni-lane/pre/test_generate_recipe_crates.py.before.txt
d772d0889900377a8139de7fa2d8f267ce7d85f0aea37bc0126fe2b9235ddba4	317	evidence/consumer-v4/work/m3/tooling/migration-recipes/src/test/resources/com/m3/rewrite/backport/jdk21-hash-pinned-text/test-text-crate/manifest.tsv
091ee53ac938470768355fb7cdc00721d571e817a38f360581ea627de0a6d62e	9	evidence/consumer-v4/work/m3/tooling/migration-recipes/src/test/resources/com/m3/rewrite/backport/jdk21-hash-pinned-text/test-text-crate/new.conf.txt
07082d58c9b44101867a7ce55c9cbd4d1498ebd7505418ccc0ff21de8cfffac5	8	evidence/consumer-v4/work/m3/tooling/migration-recipes/src/test/resources/com/m3/rewrite/backport/jdk21-hash-pinned-text/test-text-crate/test.properties.txt
9aaab7ca45edd8f25e932aa27116554402a27ec7f265cb2cf6ca48a3bd86d96c	51	evidence/consumer-v4/work/m3/tooling/migration-recipes/src/test/resources/com/m3/rewrite/backport/jdk21-hash-pinned/jdk27-db-build/P.java.txt
72ca0a08b5328d421bcdcbf30b61021016165be71af2c9b00f928275ff135e1f	178	evidence/consumer-v4/work/m3/tooling/migration-recipes/src/test/resources/com/m3/rewrite/backport/jdk21-hash-pinned/jdk27-db-build/manifest.tsv
fb2a2d1a2fb9c0c96d4dc5b02e334eddab961f48888327fa7fc0d8913224df6d	6649	evidence/consumer-v4/work/m3/tooling/migration-recipes/src/test/resources/com/m3/rewrite/backport/jdk22-jep458-current/pre/00-CompileInterimLangtools.gmk.before.txt
aec8a9e19b03ad21d50513176571bb89d5a267dd6fe8825e204d884f36163d31	13956	evidence/consumer-v4/work/m3/tooling/migration-recipes/src/test/resources/com/m3/rewrite/backport/jdk22-jep458-current/pre/00-module-info.java.before.txt
44662f618e1c5f8257a5eb2f68e806f6fab48660b1b8911386d7807c61a14010	11526	evidence/consumer-v4/work/m3/tooling/migration-recipes/src/test/resources/com/m3/rewrite/backport/jdk22-jep458-current/pre/01-Preview.java.before.txt
b2916acfd31c7ef573885af5c064cbe8a89a63a66011eaa5a73c3c87938e37e2	14663	evidence/consumer-v4/work/m3/tooling/migration-recipes/src/test/resources/com/m3/rewrite/backport/jdk22-jep458-current/pre/01-java-base-launcher.properties.before.txt
544a8112df52fbd2767363bc4f6203543e8ca6daecf900468768c94185025851	77790	evidence/consumer-v4/work/m3/tooling/migration-recipes/src/test/resources/com/m3/rewrite/backport/jdk22-jep458-current/pre/02-java.c.before.txt
7a40bbf80440f5bdd6c369084e1597ae9d4e5c143ef9b755a48cf209111dfc0f	5275	evidence/consumer-v4/work/m3/tooling/migration-recipes/src/test/resources/com/m3/rewrite/backport/jdk22-jep458-current/pre/03-jdk-compiler-launcher.properties.before.txt
e8c1811a383657bcf844bacd24a339e0974c594362c7a229e3de9cfcd9e927a6	56276	evidence/consumer-v4/work/m3/tooling/migration-recipes/src/test/resources/com/m3/rewrite/backport/jdk22-jep458-current/pre/12-Option.java.before.txt
67b4e9cf748dd758f8720fd494444cd5e0cd630009eac84e0b2c73dcbe868582	2250	evidence/consumer-v4/work/m3/tooling/migration-recipes/src/test/resources/com/m3/rewrite/backport/jdk22-jep458-current/pre/14-GetResourceTest.java.before.txt
770410ae9b62b71069e860f910a46ef7f65ebd33cce0ad8c00a4af8bf7a79a59	35160	evidence/consumer-v4/work/m3/tooling/migration-recipes/src/test/resources/com/m3/rewrite/backport/jdk22-jep458-current/pre/19-SourceLauncherTest.java.before.txt
8ff6f20315f5932819d14d2632a0b678b63b1923087f52478c554e41dba2432f	12323	evidence/consumer-v4/work/m3/tooling/migration-recipes/src/test/resources/com/m3/rewrite/backport/jdk22-jep458-current/pre/21-ListModuleDeps.java.before.txt
de7a521207bb9c78f6772074269199d804b2760cbe1dcee01b7fe8a01d0b69ff	30628	evidence/consumer-v4/work/m3/tooling/migration-recipes/src/test/resources/com/m3/rewrite/backport/jdk27-javadoc-8347112/pre/BaseConfiguration.java.before.txt
c5fa8cc4ef83e41f1ee1715e0600bcba73bf8ad45942bdc3641c2be44c0123ca	12756	evidence/consumer-v4/work/m3/tooling/migration-recipes/src/test/resources/com/m3/rewrite/backport/jdk27-javadoc-8347112/pre/DocFilesHandlerImpl.java.before.txt
9e445fdf493ebe246e10b3d513ccd83a54f91fe4cf6c7e11d1bf8df4e6d98782	10307	evidence/consumer-v4/work/m3/tooling/migration-recipes/src/test/resources/com/m3/rewrite/backport/jdk27-javadoc-8347112/pre/TestCopyFiles.java.before.txt
f0abef4ca1aa23163b6b96f5c6eb7610ac9ac69a2b3815674049c091936c7143	57348	evidence/consumer-v4/work/m3/tooling/migration-recipes/src/test/resources/com/m3/rewrite/backport/jdk27-javadoc-8347112/pre/javadoc.1.before.txt
bb1c116219dfaecb82839797cbad206d2a04e951a7399275d247963dcb2b52ca	30056	evidence/consumer-v4/work/m3/tooling/migration-recipes/src/test/resources/com/m3/rewrite/backport/jdk27-javadoc-8347112/pre/standard.properties.before.txt
fc56665e8938fc5fbe467f59655cb80b5c6f90fa936ef71444d931a508f629bd	24311	evidence/consumer-v4/work/m3/tooling/migration-recipes/src/test/resources/com/m3/rewrite/backport/jdk27-jfr-options-help-8367584/pre/jfrDcmds.cpp.before.txt
c27ea56c3d0b245c84dd5ad4ed965e5fcfebc2d63df965c82433d684b169dd8a	7215	evidence/consumer-v4/work/m3/tooling/migration-recipes/src/test/resources/com/m3/rewrite/backport/jdk27-jfr-options-help-8367584/pre/jfrDcmds.hpp.before.txt
0eff6efdb739e58da2c1266b0fdadf28b000e0aa160a723e8f24619a6c824f35	29227	evidence/consumer-v4/work/m3/tooling/migration-recipes/src/test/resources/com/m3/rewrite/backport/jdk27-jfr-options-help-8367584/pre/jfrOptionSet.cpp.before.txt
7ec4534e23ac067aea473da6e2638d660c2b149113c94023cf033a01bc77a5ca	90557	evidence/consumer-v4/work/m3/tooling/migration-recipes/src/test/resources/com/m3/rewrite/backport/jdk27-keystore-creation-instant-8374808/pre/KeyStore.java.before.txt
25a3cce4aee111e67af0156b4f357aa230fe5fddfee782280a561ae0df6faaa8	27270	evidence/consumer-v4/work/m3/tooling/migration-recipes/src/test/resources/com/m3/rewrite/backport/jdk27-keystore-creation-instant-8374808/pre/KeyStoreSpi.java.before.txt
20da0c770960d04f9c81b5dbeebdff1ddea4dd1b9ea0a9f403bdbdb56f25f5d4	5732	evidence/consumer-v4/work/m3/tooling/migration-recipes/src/test/resources/com/m3/rewrite/backport/jdk27-password-systemin-8368692/pre/Password.java.before.txt
05fe1073e0381059378b8b94d5b8ecabdcbc812ba0c6a251a2d7971a2d951126	64495	evidence/consumer-v4/work/m3/tooling/migration-recipes/src/test/resources/com/m3/rewrite/backport/jdk27-password-systemin-8368692/pre/java.security.before.txt
10d2b1c903beea4a2b37412ee2a149b64bc479e580d00b1b9236311dd21b9f6a	1357	evidence/consumer-v4/work/m3/tooling/migration-recipes/src/test/resources/com/m3/rewrite/backport/jdk27-security-properties-8364182/pre/JavaSecurityPropertiesAccess.java.before.txt
7e8b65dfcad975c736a05b5ef221bda4a088a08ee050bb700001b9c724b9546e	40506	evidence/consumer-v4/work/m3/tooling/migration-recipes/src/test/resources/com/m3/rewrite/backport/jdk27-security-properties-8364182/pre/Security.java.before.txt
6d5e489f69a8ef2853c1ae09961b9dcdf489ffd102f0ebe6eae00793ad4d523c	25450	evidence/consumer-v4/work/m3/tooling/migration-recipes/src/test/resources/com/m3/rewrite/backport/jdk27-security-properties-8364182/pre/VMSupport.java.before.txt
b0e5a34c68f8a8d8160358164eddcb1699d67246831095a28045c54fa94c7e52	44034	evidence/consumer-v4/work/m3/tooling/migration-recipes/src/test/resources/com/m3/rewrite/backport/jdk27-security-properties-8364182/pre/diagnosticCommand.cpp.before.txt
30c5bbd177e31a96bea3c97324061ec503c75aef662e3b9893523d42edc70f36	29175	evidence/consumer-v4/work/m3/tooling/migration-recipes/src/test/resources/com/m3/rewrite/backport/jdk27-security-properties-8364182/pre/diagnosticCommand.hpp.before.txt
e7fb873ad4afa977f39c04285c6fd3080dce55ccda00539cb05e5adb0f53de27	84851	evidence/consumer-v4/work/m3/tooling/migration-recipes/src/test/resources/com/m3/rewrite/backport/jdk27-security-properties-8364182/pre/vmSymbols.hpp.before.txt
5665f6a5eef0dd355db6347213c524ae87f2f0bd4f56e2e1c9c60adf5fe30f8c	371	evidence/consumer-v4/work/m3/tooling/migration-recipes/target/classes/META-INF/rewrite/a3-kit.yml
42fc98a398b159b1de31374264c154be34150c46c36e7f35d17f8e49e0ebf7ba	390	evidence/consumer-v4/work/m3/tooling/migration-recipes/target/classes/META-INF/rewrite/db-atom.yml
fdb038c62cdea65b1a7e2d96689b587820f2d544ed361ec44d659df8037bf083	384	evidence/consumer-v4/work/m3/tooling/migration-recipes/target/classes/META-INF/rewrite/db-build.yml
76cb9c26065855015e0cf14ceaec3ad55d34d85c794ad2e673452d7f391b8123	376	evidence/consumer-v4/work/m3/tooling/migration-recipes/target/classes/META-INF/rewrite/db-mark.yml
97f9eb7f3f45ede7acfc00bddfef22ffa2306aef1e4cc751cd1ddc3bb9b0d5d5	1448	evidence/consumer-v4/work/m3/tooling/migration-recipes/target/classes/META-INF/rewrite/db.yml
149c9dbbe75eba8f61b7be0d2a76acd8443d9b0e90c7c255e65977a2aafd5c44	779	evidence/consumer-v4/work/m3/tooling/migration-recipes/target/classes/META-INF/rewrite/gate.yml
9f3158dc6008fa35728c319edb6867c933cfc90eb44dff532169e473c1571831	407	evidence/consumer-v4/work/m3/tooling/migration-recipes/target/classes/META-INF/rewrite/jdk-focus.yml
5729698ca0d9fdc6c909f2bb8f17ffb57b597b3b541a5202e86be01ce331dde0	368	evidence/consumer-v4/work/m3/tooling/migration-recipes/target/classes/META-INF/rewrite/m3-a3-algorithm-catalogue.yml
5a62513292d4e617a3eda45fc0de8c9c0028d8d04def9782952d63f3a780d87b	991	evidence/consumer-v4/work/m3/tooling/migration-recipes/target/classes/META-INF/rewrite/m3-a3-declarative-delivery.yml
bc2be3e8415c529ff41013859ea8bfd8720c2c7faaad8e364e3ac77575089be4	471	evidence/consumer-v4/work/m3/tooling/migration-recipes/target/classes/META-INF/rewrite/m3-a3-lab.yml
531732a2428f3eeb99b1c816eb7e30a0522f0a74d9bf6f57f60b43dd6ae88bf9	518	evidence/consumer-v4/work/m3/tooling/migration-recipes/target/classes/META-INF/rewrite/m3-a3-levenshtein-evidence-closure.yml
1c202dbd3938510930e9c8364d0578b1b146bd0120f3e35a59727a043aa5aeb9	473	evidence/consumer-v4/work/m3/tooling/migration-recipes/target/classes/META-INF/rewrite/m3-a3-mastery-workflow.yml
5e77791c467cfa8ac434a168a7316d231bf7e79ab1671d39b0fee6493c3f63e9	418	evidence/consumer-v4/work/m3/tooling/migration-recipes/target/classes/META-INF/rewrite/m3-a3-native-jni.yml
cfd636693e49d352892bec390a63075c3ff84034ef6a428af61d93e911d9520a	494	evidence/consumer-v4/work/m3/tooling/migration-recipes/target/classes/META-INF/rewrite/m3-a3-regex-memory-lab.yml
bd064c712c1be69c0fe2572d3d64256255b49d3d5fe770f1f2f0f1bfe8d9997d	497	evidence/consumer-v4/work/m3/tooling/migration-recipes/target/classes/META-INF/rewrite/m3-a3-regex-memory-workflow.yml
9b93ae701393227cc13a6e183dbc2c4bea12558d084a2df98b2201a9441682cc	327	evidence/consumer-v4/work/m3/tooling/migration-recipes/target/classes/META-INF/rewrite/m3-a3-serial-file-work.yml
c0b9878ecdd5a947162d95531162c0d632876e8ba8af9bea16a647ac701384ca	364	evidence/consumer-v4/work/m3/tooling/migration-recipes/target/classes/META-INF/rewrite/m3-atom-pattern.yml
2d180f5f3c6deff186ee9873f5b19638a94ac922306ffae8483ceb0723d4c818	448	evidence/consumer-v4/work/m3/tooling/migration-recipes/target/classes/META-INF/rewrite/m3-class-ver.yml
bb22b7c73de0a50881d8f0ff5e80617a5d10e6744e911232391fdd4092da3327	640	evidence/consumer-v4/work/m3/tooling/migration-recipes/target/classes/META-INF/rewrite/m3-collection-lanes.yml
303b689bdfcc87057da8c77c13101ffdeec9b2eb3c83b6505c038c0d54663520	509	evidence/consumer-v4/work/m3/tooling/migration-recipes/target/classes/META-INF/rewrite/m3-descriptor.yml
bc1777bf7da670aba66089a8d753a8b9dba047673dfc9fc2b72e4ffd3eb2e2b9	375	evidence/consumer-v4/work/m3/tooling/migration-recipes/target/classes/META-INF/rewrite/m3-file-inventory.yml
f9ec35b4af6d74de7dadfc6bd420612703fc08952b77dfa20c94b16132f7ecbc	709	evidence/consumer-v4/work/m3/tooling/migration-recipes/target/classes/META-INF/rewrite/m3-java21-convergence.yml
b2485fff5df053cb8b337e47117643325b0660e59cf91bd93ae393a71965fdac	612	evidence/consumer-v4/work/m3/tooling/migration-recipes/target/classes/META-INF/rewrite/m3-jcc-source-handoff.yml
429f07bfcd910341b1c1c5e8e7d97b906683ba72b01a2054f47c57f9bb18d572	678	evidence/consumer-v4/work/m3/tooling/migration-recipes/target/classes/META-INF/rewrite/m3-jdk-execution-followthrough.yml
b9aad946f09e41c032e533e1546b76c795d3895b9db5ab6ab4d9b28432a71866	550	evidence/consumer-v4/work/m3/tooling/migration-recipes/target/classes/META-INF/rewrite/m3-jni-newstring-admission.yml
9500078c41802f47ae7853b352a4cb26a1725a1ec00b4e325cd593bbdda9fcc2	411	evidence/consumer-v4/work/m3/tooling/migration-recipes/target/classes/META-INF/rewrite/m3-jni-packet.yml
35c8fb79b0ebfe1260658098fd04a9d4e0f6f2ce22f21aba18d7098ecf34526f	376	evidence/consumer-v4/work/m3/tooling/migration-recipes/target/classes/META-INF/rewrite/m3-kit.yml
a105b584e8268a4625f8c8ca972ceefdb3da2ac8730c8d307bd71fada0f7cc4c	328	evidence/consumer-v4/work/m3/tooling/migration-recipes/target/classes/META-INF/rewrite/m3-migration.yml
ba3a596cb52c648416d72b3f617c62e5cec07d76eb2116338ecc29d700fd9e25	388	evidence/consumer-v4/work/m3/tooling/migration-recipes/target/classes/META-INF/rewrite/m3-recipe-closure.yml
b769e8bbe8e6d2c21b1c22f374858cd0224999dbcdefd1a083b537bc31723e0d	586	evidence/consumer-v4/work/m3/tooling/migration-recipes/target/classes/META-INF/rewrite/m3-string-char-boundary.yml
06ff96afb190eab2d374969967d746cbee9ba7983891c4eaae5e94a1aad4a5ad	444	evidence/consumer-v4/work/m3/tooling/migration-recipes/target/classes/META-INF/rewrite/m3-version.yml
2eb2866b06db5a0dd9556d2852364d3b3c4b8e18ae286a117eb51fbd58b9c619	804	evidence/consumer-v4/work/m3/tooling/migration-recipes/target/classes/META-INF/rewrite/map-facts.yml
3066b89cdca97ca8e521affcffdea5f50fba2d64b0ce0fbd254c6fcbbe5a3c26	829	evidence/consumer-v4/work/m3/tooling/migration-recipes/target/classes/META-INF/rewrite/map-guard.yml
4692b563f098e2eeff3c9c9ecda70760d974fa3381d1263d1e00c2b1d7983323	766	evidence/consumer-v4/work/m3/tooling/migration-recipes/target/classes/META-INF/rewrite/map-utf.yml
cc1419f7e89a08dba92b3baf231e6afb48e9ab89e32ac1051b32ba5c94b8e4b3	4959	evidence/consumer-v4/work/m3/tooling/migration-recipes/target/classes/com/m3/rewrite/a3-algorithm-catalogue/after/A3.java
0de471de5a54e1c87153e4b1c23c4013a800f07595cfc05eec7bd4e68f1345d6	10008	evidence/consumer-v4/work/m3/tooling/migration-recipes/target/classes/com/m3/rewrite/a3-algorithm-catalogue/after/A3Alg.java
594ae68ab3994526b03d31db36aab0c11235a10c078c740ffaea7d597884efbe	6270	evidence/consumer-v4/work/m3/tooling/migration-recipes/target/classes/com/m3/rewrite/a3-algorithm-catalogue/after/A3AlgTest.java
e973e37826a09fc2571d4df5514cad4fafec37008d65b6a63cb6bf89a96f4800	7885	evidence/consumer-v4/work/m3/tooling/migration-recipes/target/classes/com/m3/rewrite/a3-algorithm-catalogue/after/A3Plan.java
8922e21e4f814dc99282cf1828786a0347552454003e23ac2fa91aa8710851b1	4466	evidence/consumer-v4/work/m3/tooling/migration-recipes/target/classes/com/m3/rewrite/a3-algorithm-catalogue/after/A3PlanTest.java
8f0f0ebe45593a799e4846ad5f0e468747eae41240af76399e051987e32ee749	4780	evidence/consumer-v4/work/m3/tooling/migration-recipes/target/classes/com/m3/rewrite/a3-algorithm-catalogue/before/A3.java
3bbf94aaf28e5f9f7aa8f83405c06845be4afe7da343e7359c7c860ec1494a43	7199	evidence/consumer-v4/work/m3/tooling/migration-recipes/target/classes/com/m3/rewrite/a3-algorithm-catalogue/before/A3Plan.java
c089b969939dfed9c00d152f3cb8e0e1798e01750d1496b5d0acd4cbc09cbf56	3402	evidence/consumer-v4/work/m3/tooling/migration-recipes/target/classes/com/m3/rewrite/a3-algorithm-catalogue/before/A3PlanTest.java
8f0f0ebe45593a799e4846ad5f0e468747eae41240af76399e051987e32ee749	4780	evidence/consumer-v4/work/m3/tooling/migration-recipes/target/classes/com/m3/rewrite/a3-serial-file-work/after/A3.java
f1b87dfdbfc773aa4e3439d2a50ea30cac6f30721a1cf08e39906d5ff0cf4979	5380	evidence/consumer-v4/work/m3/tooling/migration-recipes/target/classes/com/m3/rewrite/a3-serial-file-work/after/A3Inv.java
dd56b27fc0f7c7c688dc2520815e627d31b5ea5e4aac53ec747adf3a35874a36	7698	evidence/consumer-v4/work/m3/tooling/migration-recipes/target/classes/com/m3/rewrite/a3-serial-file-work/after/A3Work.java
775326b4cadbc416b3c90c368987d92327300cbb97ce5d3d20b9dbc37e56bfe8	9635	evidence/consumer-v4/work/m3/tooling/migration-recipes/target/classes/com/m3/rewrite/a3-serial-file-work/after/A3WorkTest.java
de06c459f50727de7e7c16055bbe0aaef23918efd879ae5fc0ef7956672ff833	7759	evidence/consumer-v4/work/m3/tooling/migration-recipes/target/classes/com/m3/rewrite/a3-serial-file-work/after/A3WorkTsv.java
9cda5597f77bc3ba837887efde026356277dbb23cbc6a0011612cbc4dde594d0	4215	evidence/consumer-v4/work/m3/tooling/migration-recipes/target/classes/com/m3/rewrite/a3-serial-file-work/after/A3WorkValues.java
f8f2598f8b02b060919afe65a0cd593d8a7aecfa1a4de64a4fe9594bbffd0c19	3855	evidence/consumer-v4/work/m3/tooling/migration-recipes/target/classes/com/m3/rewrite/a3-serial-file-work/before/A3.java
fb594688d694c3998389f823d76f0c99cb74e40834727d2617b21c0aff11fec1	5310	evidence/consumer-v4/work/m3/tooling/migration-recipes/target/classes/com/m3/rewrite/a3-serial-file-work/before/A3Inv.java
f9ec35b4af6d74de7dadfc6bd420612703fc08952b77dfa20c94b16132f7ecbc	709	evidence/consumer-v4/work/m3/tooling/migration-recipes/target/classes/com/m3/rewrite/backport/jdk21-hash-pinned-text/a3-declarative-yaml/00-m3-java21-convergence.yml.txt
1d9b1a9e9613a4c85949187dbea7c90eed853c8a17d07c55b921ca21b7920c21	167	evidence/consumer-v4/work/m3/tooling/migration-recipes/target/classes/com/m3/rewrite/backport/jdk21-hash-pinned-text/a3-declarative-yaml/manifest.tsv
ca787f4f208199b8516be71da485df9676ef8b23f7b1972fe9b7d8a9b974e424	4302	evidence/consumer-v4/work/m3/tooling/migration-recipes/target/classes/com/m3/rewrite/backport/jdk21-hash-pinned-text/a3-levenshtein-evidence-closure/a3-alg.md.txt
1aad547fe2f419cf2f265a8f1d7c492779c1bbc86ef685bfafd47516a98a276e	2752	evidence/consumer-v4/work/m3/tooling/migration-recipes/target/classes/com/m3/rewrite/backport/jdk21-hash-pinned-text/a3-levenshtein-evidence-closure/algorithm-catalogue.tsv.txt
71354b8d11941dd594385eff498af6551771b78e54a60278cdbb42b3b841f77c	357	evidence/consumer-v4/work/m3/tooling/migration-recipes/target/classes/com/m3/rewrite/backport/jdk21-hash-pinned-text/a3-levenshtein-evidence-closure/manifest.tsv
6ee9e1939eef716a7c24d34967f8c3b634c822c5c05b5c728080920e697869b1	3591	evidence/consumer-v4/work/m3/tooling/migration-recipes/target/classes/com/m3/rewrite/backport/jdk21-hash-pinned-text/a3-mastery-workflow/a3-lab.md.txt
d02cc3c3b459df10e9693869852ae6947b1e9a05d01d8fdc6d1036a66d436004	3372	evidence/consumer-v4/work/m3/tooling/migration-recipes/target/classes/com/m3/rewrite/backport/jdk21-hash-pinned-text/a3-mastery-workflow/a3-mastery.md.txt
652890e8db13e090c5036f649ce61540f7d3d479660c921fd7b7a0ef5b3e1054	449	evidence/consumer-v4/work/m3/tooling/migration-recipes/target/classes/com/m3/rewrite/backport/jdk21-hash-pinned-text/a3-mastery-workflow/manifest.tsv
3e8bbec81071171ddc771d675741bb09a43bbb90db6d40241d85873b896001d0	10858	evidence/consumer-v4/work/m3/tooling/migration-recipes/target/classes/com/m3/rewrite/backport/jdk21-hash-pinned-text/a3-mastery-workflow/workflow.yml.txt
1cf843a380106c292bd74dbc78872e812b049f8e89da22bca1e58012ed6e522a	7477	evidence/consumer-v4/work/m3/tooling/migration-recipes/target/classes/com/m3/rewrite/backport/jdk21-hash-pinned-text/a3-native-jni-lane/0001.txt
2f075d95ce7c2fdbb2742b92a1c1098864f06d073c56046dc02f02adc5687dec	14827	evidence/consumer-v4/work/m3/tooling/migration-recipes/target/classes/com/m3/rewrite/backport/jdk21-hash-pinned-text/a3-native-jni-lane/0002.txt
ab459b28d371c4573477c5c25a4f1605297ed2735965ee6a706b6d32401fc958	5723	evidence/consumer-v4/work/m3/tooling/migration-recipes/target/classes/com/m3/rewrite/backport/jdk21-hash-pinned-text/a3-native-jni-lane/0003.txt
ab6433b0a1d50c358d65d0aad9ed2b7bbc7b8be1ca10b0302e53fefac0d7a5d8	17732	evidence/consumer-v4/work/m3/tooling/migration-recipes/target/classes/com/m3/rewrite/backport/jdk21-hash-pinned-text/a3-native-jni-lane/0004.txt
0696920895992399dd8272b100a07a38f0474437d9121e1e0d1e0445fef7c942	3766	evidence/consumer-v4/work/m3/tooling/migration-recipes/target/classes/com/m3/rewrite/backport/jdk21-hash-pinned-text/a3-native-jni-lane/0005.txt
ba67ff2e3ff5a1eb80cfe6d9957c4f6fe378f9ffa300d4a3c8f59f4fbb2f39a5	15440	evidence/consumer-v4/work/m3/tooling/migration-recipes/target/classes/com/m3/rewrite/backport/jdk21-hash-pinned-text/a3-native-jni-lane/0006.txt
f1485bab548eee4e0352d97cfa42677bd5ddc7ba3546c220cdbdcbfc5ec5cab0	6187	evidence/consumer-v4/work/m3/tooling/migration-recipes/target/classes/com/m3/rewrite/backport/jdk21-hash-pinned-text/a3-native-jni-lane/0007.txt
d315fd7c7c9df68eacf3a1c5d816e504b1d20d8bf1d2cd86b18af9da9d2bcf1e	1139	evidence/consumer-v4/work/m3/tooling/migration-recipes/target/classes/com/m3/rewrite/backport/jdk21-hash-pinned-text/a3-native-jni-lane/manifest.tsv
475677c6a28969cf68f4ad807ac6b778f24b87bb87284e9cf8f88a032cb7b96c	4761	evidence/consumer-v4/work/m3/tooling/migration-recipes/target/classes/com/m3/rewrite/backport/jdk21-hash-pinned-text/a3-proof-kit/before-workflow.yml.txt
26dfba89f2b4de3d33f3ad55c60d1b1e6f55a9720fe9d6ab1d778eb300383b9a	182	evidence/consumer-v4/work/m3/tooling/migration-recipes/target/classes/com/m3/rewrite/backport/jdk21-hash-pinned-text/a3-proof-kit/manifest.tsv
22421943e3c62a53fe40d59b9f03bcd9fb0f14511d4714c8b857f3a7b36ee71d	4830	evidence/consumer-v4/work/m3/tooling/migration-recipes/target/classes/com/m3/rewrite/backport/jdk21-hash-pinned-text/a3-proof-kit/workflow.yml.txt
d9d39747f40bb5eff6ba8639e1e5d0554f0223cc94c09443fe1b2054aac9c3d6	5171	evidence/consumer-v4/work/m3/tooling/migration-recipes/target/classes/com/m3/rewrite/backport/jdk21-hash-pinned-text/a3-regex-memory-workflow/a3-lab.md.txt
01a428a662ffbdbd22dcd39d1fea7b69084ce34cada0bb5582b8c3686615750d	3974	evidence/consumer-v4/work/m3/tooling/migration-recipes/target/classes/com/m3/rewrite/backport/jdk21-hash-pinned-text/a3-regex-memory-workflow/a3-mastery.md.txt
39ff7949565412e2b8587fb428545d722c70fb360c8ee66962b08754642c6d17	507	evidence/consumer-v4/work/m3/tooling/migration-recipes/target/classes/com/m3/rewrite/backport/jdk21-hash-pinned-text/a3-regex-memory-workflow/manifest.tsv
b408f0b8d0e4d6e197230e3cb1469d14e0d52aecd33ac55c71f11d513d6e23ec	10881	evidence/consumer-v4/work/m3/tooling/migration-recipes/target/classes/com/m3/rewrite/backport/jdk21-hash-pinned-text/a3-regex-memory-workflow/workflow.yml.txt
c3975aa00fc1196d9d9e1c2e08e02a3accf2175302f1bdd352419e8e0b9a3ce1	3414	evidence/consumer-v4/work/m3/tooling/migration-recipes/target/classes/com/m3/rewrite/backport/jdk21-hash-pinned-text/db-meta/00-m3-db-parse.yml.txt
bdda9c5bac33e3bbaca8a888571e4489d72fa238195f26e0b0debef960da3d76	2701	evidence/consumer-v4/work/m3/tooling/migration-recipes/target/classes/com/m3/rewrite/backport/jdk21-hash-pinned-text/db-meta/01-pom.xml.txt
4482cb3bce9d13de6384773964ef63b4712106c3199a843b09b8b07f12cdcca3	3192	evidence/consumer-v4/work/m3/tooling/migration-recipes/target/classes/com/m3/rewrite/backport/jdk21-hash-pinned-text/db-meta/02-DESIGN.md.txt
c4536c1ebb91922be915a5713f7c2fe5931b542798d023b43d9db6e952dc6b08	1816	evidence/consumer-v4/work/m3/tooling/migration-recipes/target/classes/com/m3/rewrite/backport/jdk21-hash-pinned-text/db-meta/03-TASK_PACKET.json.txt
d58a931e2b61ab8ef0e78aa29f91179d85f35dc41e16bc8f69cffa98389832be	1590	evidence/consumer-v4/work/m3/tooling/migration-recipes/target/classes/com/m3/rewrite/backport/jdk21-hash-pinned-text/db-meta/04-pom.xml.txt
ecad880e103962bcd9a5f136ab18fd8c6e11a43b82dd91b1e4ce1454c21dc029	1561	evidence/consumer-v4/work/m3/tooling/migration-recipes/target/classes/com/m3/rewrite/backport/jdk21-hash-pinned-text/db-meta/before-pom.xml.txt
9b3dd65526e174b2d65f307582a6969b7423101600170319e2ea90518bcf0470	675	evidence/consumer-v4/work/m3/tooling/migration-recipes/target/classes/com/m3/rewrite/backport/jdk21-hash-pinned-text/db-meta/manifest.tsv
7fd7f4b25571bf13fc3e2048b87d730e8346e29102fd4a4159c0144699df55a8	13978	evidence/consumer-v4/work/m3/tooling/migration-recipes/target/classes/com/m3/rewrite/backport/jdk21-hash-pinned-text/gate-meta/00-04-module-info.java.txt.txt
9840f7df906c76374303e06ae1cff0e8e64f9b7c26ccd8bb72cd78d52ab8b764	1071	evidence/consumer-v4/work/m3/tooling/migration-recipes/target/classes/com/m3/rewrite/backport/jdk21-hash-pinned-text/gate-meta/01-manifest.tsv.txt
366ba913bfd9bb6fba5821f490df81cead34268e54818f7eb4c26962fada8ba1	3869	evidence/consumer-v4/work/m3/tooling/migration-recipes/target/classes/com/m3/rewrite/backport/jdk21-hash-pinned-text/gate-meta/02-manifest.tsv.txt
2a5c781c50f48e19f3f9ec0ba99cb6f894e76779b088dc7d04d3ddda73251245	239	evidence/consumer-v4/work/m3/tooling/migration-recipes/target/classes/com/m3/rewrite/backport/jdk21-hash-pinned-text/gate-meta/03-manifest.tsv.txt
4e51fd1acaf8a22036d2dc5d0b405509f3f469d6e4054c8a0a4133cfe230d7a4	251	evidence/consumer-v4/work/m3/tooling/migration-recipes/target/classes/com/m3/rewrite/backport/jdk21-hash-pinned-text/gate-meta/04-manifest.tsv.txt
c9cccc1d35d80c36a802ffae1adb8466f550a6d1fcf721465c592443d031f651	872	evidence/consumer-v4/work/m3/tooling/migration-recipes/target/classes/com/m3/rewrite/backport/jdk21-hash-pinned-text/gate-meta/before-01-manifest.tsv.txt
e2f7b8d722b6db9c20e70299d8e944841ee85afebf2ee2e48d9fce1e7c88dcfd	4068	evidence/consumer-v4/work/m3/tooling/migration-recipes/target/classes/com/m3/rewrite/backport/jdk21-hash-pinned-text/gate-meta/before-02-manifest.tsv.txt
353eead634c63074aa14e2e66154e087e7f431c2d6ea61a7e7f9a525276fe344	245	evidence/consumer-v4/work/m3/tooling/migration-recipes/target/classes/com/m3/rewrite/backport/jdk21-hash-pinned-text/gate-meta/before-03-manifest.tsv.txt
de0c447eb5172f9ea516c2d2ccde0ca099508e8e843c4d3c2c6e5a271ecec40e	257	evidence/consumer-v4/work/m3/tooling/migration-recipes/target/classes/com/m3/rewrite/backport/jdk21-hash-pinned-text/gate-meta/before-04-manifest.tsv.txt
08eafb7dfce6f0b9403338277fbd3c04c521a39921d8b27148da1072b7687be8	1377	evidence/consumer-v4/work/m3/tooling/migration-recipes/target/classes/com/m3/rewrite/backport/jdk21-hash-pinned-text/gate-meta/manifest.tsv
fff2e02f72c07f89c6f8bcabab3839878ff8628f0b31b04bb3632eb62be10337	17031	evidence/consumer-v4/work/m3/tooling/migration-recipes/target/classes/com/m3/rewrite/backport/jdk21-hash-pinned-text/jcc-handoff-20261005/01-jcc-source-handoff.md.txt
cdb5d7f4a0746fe561f51fa9a13cbd9fa319f8196bfd3075ca2288be7f3d1126	24139	evidence/consumer-v4/work/m3/tooling/migration-recipes/target/classes/com/m3/rewrite/backport/jdk21-hash-pinned-text/jcc-handoff-20261005/02-source-destination-bindings.json.txt
cba3b3315df643f328c4acb2fd08b5194262dc7ad7b40557107a8c614355f55b	107504	evidence/consumer-v4/work/m3/tooling/migration-recipes/target/classes/com/m3/rewrite/backport/jdk21-hash-pinned-text/jcc-handoff-20261005/03-root-coverage-obligations.tsv.txt
536af76dd7b7b7217707662c2f1437af4adaa53af898627b0884e0b4f4603ace	220539	evidence/consumer-v4/work/m3/tooling/migration-recipes/target/classes/com/m3/rewrite/backport/jdk21-hash-pinned-text/jcc-handoff-20261005/after00-name-mapping.json.txt
67d40925b97a38c3c1a85f337806524ac590a540bd39647b3e4b0988f2ae3fbb	196161	evidence/consumer-v4/work/m3/tooling/migration-recipes/target/classes/com/m3/rewrite/backport/jdk21-hash-pinned-text/jcc-handoff-20261005/before00-name-mapping.json.txt
258b5ab6f6cb7099685ee4548d5430fcb952561fefdf565a6dff149cf50c5f06	687	evidence/consumer-v4/work/m3/tooling/migration-recipes/target/classes/com/m3/rewrite/backport/jdk21-hash-pinned-text/jcc-handoff-20261005/manifest.tsv
8034d77f1124584888dce10760bd2f5dae55eeb93497f7a0db1d09a3a197ec5f	2873	evidence/consumer-v4/work/m3/tooling/migration-recipes/target/classes/com/m3/rewrite/backport/jdk21-hash-pinned-text/jcc-handoff-20261005/plan-intake-8131.json
648f80ae4073400f1ea1210f8cdc26942019d53eb4452d839961c466f395d05a	2861	evidence/consumer-v4/work/m3/tooling/migration-recipes/target/classes/com/m3/rewrite/backport/jdk21-hash-pinned-text/jcc-handoff-20261005/plan.json
8546f36bedda510ee12be8b810b9b9a2ea6a6921a4627cffe19bbfb3395c3e57	3876	evidence/consumer-v4/work/m3/tooling/migration-recipes/target/classes/com/m3/rewrite/backport/jdk21-hash-pinned-text/jdk21-developer-image-proof-20261004/00-DEVELOPER_PROFILE.md.txt
836e45bea57b2dfe42d41d6ff82e97c65ccbe240841de5dcb0033135e6560193	9212	evidence/consumer-v4/work/m3/tooling/migration-recipes/target/classes/com/m3/rewrite/backport/jdk21-hash-pinned-text/jdk21-developer-image-proof-20261004/01-build_pack.py.txt
fe1ea49f5b84775ef568e353a64738ab1d99dd656597dc086bc08542c6128d0d	7333	evidence/consumer-v4/work/m3/tooling/migration-recipes/target/classes/com/m3/rewrite/backport/jdk21-hash-pinned-text/jdk21-developer-image-proof-20261004/02-developer_tools.py.txt
42cf48177320ad9aa6494c37862f8090343ae57a9c96b954e9a516c4344da0a1	7040	evidence/consumer-v4/work/m3/tooling/migration-recipes/target/classes/com/m3/rewrite/backport/jdk21-hash-pinned-text/jdk21-developer-image-proof-20261004/03-test_developer.py.txt
3f14a05c25ce177329d13ce5e104185685d3e0bee0a36b72b4fa69909e35f2c1	4476	evidence/consumer-v4/work/m3/tooling/migration-recipes/target/classes/com/m3/rewrite/backport/jdk21-hash-pinned-text/jdk21-developer-image-proof-20261004/04-pom.xml.txt
fc85449b4736b728b5820f9e47a14d64bfebadd40267d7a44c765d0b0ea1dd3b	5464	evidence/consumer-v4/work/m3/tooling/migration-recipes/target/classes/com/m3/rewrite/backport/jdk21-hash-pinned-text/jdk21-developer-image-proof-20261004/05-verify_backport.py.txt
db892f845bf41bd0129473c1ef0a43f4ac96679fdc47a6a6355c2e44ccfaee24	8427	evidence/consumer-v4/work/m3/tooling/migration-recipes/target/classes/com/m3/rewrite/backport/jdk21-hash-pinned-text/jdk21-developer-image-proof-20261004/before-01-build_pack.py.txt
3fd45ee524d2d5df0ed34da5b0caf66a284e060776df05c28140b6ed2f0654ce	901	evidence/consumer-v4/work/m3/tooling/migration-recipes/target/classes/com/m3/rewrite/backport/jdk21-hash-pinned-text/jdk21-developer-image-proof-20261004/manifest.tsv
31872b750aa23c7aa4f67aac6a8d3f9de3679a9d2453174ca4b02a7b6ccd413e	6928	evidence/consumer-v4/work/m3/tooling/migration-recipes/target/classes/com/m3/rewrite/backport/jdk21-hash-pinned-text/jdk22-jep458-multifile-text/00-CompileInterimLangtools.gmk.txt
0c730b868000918deb0063883430541af00df3185a86bcbd8b5f6cd994714334	14656	evidence/consumer-v4/work/m3/tooling/migration-recipes/target/classes/com/m3/rewrite/backport/jdk21-hash-pinned-text/jdk22-jep458-multifile-text/01-java-base-launcher.properties.txt
6fbadcab56bd85135aff4d3005102d121ac2f55f295e09a92542554d7d3c3ea0	77800	evidence/consumer-v4/work/m3/tooling/migration-recipes/target/classes/com/m3/rewrite/backport/jdk21-hash-pinned-text/jdk22-jep458-multifile-text/02-java.c.txt
d7da4ec3900f9cc21d082ffffe41f2d16caf7100a7fe8acd38d96938fbfc8eaf	5528	evidence/consumer-v4/work/m3/tooling/migration-recipes/target/classes/com/m3/rewrite/backport/jdk21-hash-pinned-text/jdk22-jep458-multifile-text/03-jdk-compiler-launcher.properties.txt
7fd7f4b25571bf13fc3e2048b87d730e8346e29102fd4a4159c0144699df55a8	13978	evidence/consumer-v4/work/m3/tooling/migration-recipes/target/classes/com/m3/rewrite/backport/jdk21-hash-pinned-text/jdk22-jep458-multifile-text/04-module-info.java.txt
9840f7df906c76374303e06ae1cff0e8e64f9b7c26ccd8bb72cd78d52ab8b764	1071	evidence/consumer-v4/work/m3/tooling/migration-recipes/target/classes/com/m3/rewrite/backport/jdk21-hash-pinned-text/jdk22-jep458-multifile-text/manifest.tsv
b25548a5a7564b6e6d5948dfa6d746a34e0d23ef30712d5868929cf7fef592ab	30125	evidence/consumer-v4/work/m3/tooling/migration-recipes/target/classes/com/m3/rewrite/backport/jdk21-hash-pinned-text/jdk27-javadoc-8347112-text/01-standard.properties.txt
78a6b569484fc2e026e5b4e3c98d2822cc3d54f80bf8477ee19dc4f40dcff9d6	57262	evidence/consumer-v4/work/m3/tooling/migration-recipes/target/classes/com/m3/rewrite/backport/jdk21-hash-pinned-text/jdk27-javadoc-8347112-text/02-javadoc.1.txt
31b5f1947703c25fe9ad6ec433f239fa741436d049dbb59be2a191edf45c55e5	442	evidence/consumer-v4/work/m3/tooling/migration-recipes/target/classes/com/m3/rewrite/backport/jdk21-hash-pinned-text/jdk27-javadoc-8347112-text/manifest.tsv
7c53cc101c3f381fbba4df743e659cdc049c588fd0061dbd7de6fd72373f2ea5	25449	evidence/consumer-v4/work/m3/tooling/migration-recipes/target/classes/com/m3/rewrite/backport/jdk21-hash-pinned-text/jdk27-jfr-options-help-8367584-dcmd-cpp/00-jfrDcmds.cpp.txt
4e7a6f467d408eff5810d60406fdef0d2fd47d5885e9ac049a41a269dd9f4e1b	190	evidence/consumer-v4/work/m3/tooling/migration-recipes/target/classes/com/m3/rewrite/backport/jdk21-hash-pinned-text/jdk27-jfr-options-help-8367584-dcmd-cpp/manifest.tsv
f218adaf8f4b808c27c08f3646999165bfd6e6e549954e8648a31d6725e349c1	7274	evidence/consumer-v4/work/m3/tooling/migration-recipes/target/classes/com/m3/rewrite/backport/jdk21-hash-pinned-text/jdk27-jfr-options-help-8367584-dcmd-hpp/00-jfrDcmds.hpp.txt
ed63b31e69831051e2ef854f78d006d9d063d4b6568b4e511bbf1a7cb8b99fec	190	evidence/consumer-v4/work/m3/tooling/migration-recipes/target/classes/com/m3/rewrite/backport/jdk21-hash-pinned-text/jdk27-jfr-options-help-8367584-dcmd-hpp/manifest.tsv
798f1b1b8c829ba5a5bd2197bdb2e69be0c29c5d51541ee224c4af0ab779c0a2	29359	evidence/consumer-v4/work/m3/tooling/migration-recipes/target/classes/com/m3/rewrite/backport/jdk21-hash-pinned-text/jdk27-jfr-options-help-8367584-option-set/00-jfrOptionSet.cpp.txt
6e28b8e278ca8e8e2184a7b885be433cf4c0fc1082125b229fb3ecb4734b0726	210	evidence/consumer-v4/work/m3/tooling/migration-recipes/target/classes/com/m3/rewrite/backport/jdk21-hash-pinned-text/jdk27-jfr-options-help-8367584-option-set/manifest.tsv
a10aa2b1c0e78309438d00d218979152aa90a5b0c9a219cee79a6fb584e37630	65380	evidence/consumer-v4/work/m3/tooling/migration-recipes/target/classes/com/m3/rewrite/backport/jdk21-hash-pinned-text/jdk27-password-systemin-8368692-text/00-java.security.txt
6f72ba5990199b3f5353081d71db86a8d6ed64412faee408d891de0959ec6f74	199	evidence/consumer-v4/work/m3/tooling/migration-recipes/target/classes/com/m3/rewrite/backport/jdk21-hash-pinned-text/jdk27-password-systemin-8368692-text/manifest.tsv
eeffc686c1eef000be5e3be5eb02e13257c744a63ea926762e9d4749fadecc67	84967	evidence/consumer-v4/work/m3/tooling/migration-recipes/target/classes/com/m3/rewrite/backport/jdk21-hash-pinned-text/jdk27-security-properties-8364182-text/00-vmSymbols.hpp.txt
4673fdbcfde7930471ba9bc50dc69334570db017479a9531bf58776a705d400f	44209	evidence/consumer-v4/work/m3/tooling/migration-recipes/target/classes/com/m3/rewrite/backport/jdk21-hash-pinned-text/jdk27-security-properties-8364182-text/01-diagnosticCommand.cpp.txt
3a16220bc3b5cd463ff8442aa6f2f87815d37bd4872d056d54be1d7e82fe64f7	29578	evidence/consumer-v4/work/m3/tooling/migration-recipes/target/classes/com/m3/rewrite/backport/jdk21-hash-pinned-text/jdk27-security-properties-8364182-text/02-diagnosticCommand.hpp.txt
ecde84303e4c4df6ced406a4d2aaeff3cf518f3f3d0034fe009959666dddd842	609	evidence/consumer-v4/work/m3/tooling/migration-recipes/target/classes/com/m3/rewrite/backport/jdk21-hash-pinned-text/jdk27-security-properties-8364182-text/manifest.tsv
0b84d414691f94450d23bf8380cf3a6369cd2b17cef94d80ab8332dfe2caed81	6176	evidence/consumer-v4/work/m3/tooling/migration-recipes/target/classes/com/m3/rewrite/backport/jdk21-hash-pinned-text/jni-packet/00-m3-jni-fix.yml.txt
1fb24fcd455de4985c816811d800c4984bf03a00dd74a887e6f03d26e58fe7ab	1295	evidence/consumer-v4/work/m3/tooling/migration-recipes/target/classes/com/m3/rewrite/backport/jdk21-hash-pinned-text/jni-packet/01-Fix.py.txt
556b7d86c0fba1b31174d436584badb5f8debba6d7ca9717958d623c26b94753	3238	evidence/consumer-v4/work/m3/tooling/migration-recipes/target/classes/com/m3/rewrite/backport/jdk21-hash-pinned-text/jni-packet/02-README.md.txt
d1112f107da7e1996efc35296fd605d0df0a0002e3515ab02bebca7ea4b3c1c1	723	evidence/consumer-v4/work/m3/tooling/migration-recipes/target/classes/com/m3/rewrite/backport/jdk21-hash-pinned-text/jni-packet/03-manifest.json.txt
01eda14f95670a22c8f3a87b427b501381c817311d72943308aff44df4a8c84b	2077	evidence/consumer-v4/work/m3/tooling/migration-recipes/target/classes/com/m3/rewrite/backport/jdk21-hash-pinned-text/jni-packet/04-pom.xml.txt
6c9d1e5aa647dfe00d4d6cf049c00d6bda41c4de99f809eae6ab1301889473b8	1533	evidence/consumer-v4/work/m3/tooling/migration-recipes/target/classes/com/m3/rewrite/backport/jdk21-hash-pinned-text/jni-packet/05-runtime.patch.txt
485f56f0fbae9baa5bd70850fb900c47b9a58a35cb1d20e77efa333802846f32	4386	evidence/consumer-v4/work/m3/tooling/migration-recipes/target/classes/com/m3/rewrite/backport/jdk21-hash-pinned-text/jni-packet/06-test_fix.py.txt
e9eb8fdd193d1136f9d54a034c54e7294f0f2438b6e02617979746f036e35fc0	6774	evidence/consumer-v4/work/m3/tooling/migration-recipes/target/classes/com/m3/rewrite/backport/jdk21-hash-pinned-text/jni-packet/07-manifest.json.txt
aaf30a9b7195855444574f66bd00fd75ec8c183ff38aedf6f0dcf4f9f5f362c3	6698	evidence/consumer-v4/work/m3/tooling/migration-recipes/target/classes/com/m3/rewrite/backport/jdk21-hash-pinned-text/jni-packet/before-07-manifest.json.txt
8661c270eadb65f06cc9fc36f3261db6f7a5c3abd53caa95ab3ff14537832d46	1088	evidence/consumer-v4/work/m3/tooling/migration-recipes/target/classes/com/m3/rewrite/backport/jdk21-hash-pinned-text/jni-packet/manifest.tsv
474a16d0daad280133bc51418ab6fe3c40fa5fb0d52e929adc0903b86c4bd129	1074	evidence/consumer-v4/work/m3/tooling/migration-recipes/target/classes/com/m3/rewrite/backport/jdk21-hash-pinned-text/map-facts/before-workflow.yml.txt
a11ac37e9a84ab7472cdc5001eeb70e00adf7f25e9a7e87ab45e788e4f310603	191	evidence/consumer-v4/work/m3/tooling/migration-recipes/target/classes/com/m3/rewrite/backport/jdk21-hash-pinned-text/map-facts/manifest.tsv
05aac4ad4b59e722bab8cd2e9af6ba1b5917debd6b240790573073964d919d4f	1266	evidence/consumer-v4/work/m3/tooling/migration-recipes/target/classes/com/m3/rewrite/backport/jdk21-hash-pinned-text/map-facts/workflow.yml.txt
ed41a4a628adf1f7767ae00578e1f75944ea54a72434b2beef04df0031be92b2	974	evidence/consumer-v4/work/m3/tooling/migration-recipes/target/classes/com/m3/rewrite/backport/jdk21-hash-pinned-text/map-guard/before-workflow.yml.txt
7c327e6b56d0ca544adf36071e97bbc63bc11ec49d684efa20237d3a1a33197a	191	evidence/consumer-v4/work/m3/tooling/migration-recipes/target/classes/com/m3/rewrite/backport/jdk21-hash-pinned-text/map-guard/manifest.tsv
05aac4ad4b59e722bab8cd2e9af6ba1b5917debd6b240790573073964d919d4f	1266	evidence/consumer-v4/work/m3/tooling/migration-recipes/target/classes/com/m3/rewrite/backport/jdk21-hash-pinned-text/map-guard/workflow.yml.txt
474a16d0daad280133bc51418ab6fe3c40fa5fb0d52e929adc0903b86c4bd129	1074	evidence/consumer-v4/work/m3/tooling/migration-recipes/target/classes/com/m3/rewrite/backport/jdk21-hash-pinned-text/map-utf/before-workflow.yml.txt
a11ac37e9a84ab7472cdc5001eeb70e00adf7f25e9a7e87ab45e788e4f310603	191	evidence/consumer-v4/work/m3/tooling/migration-recipes/target/classes/com/m3/rewrite/backport/jdk21-hash-pinned-text/map-utf/manifest.tsv
05aac4ad4b59e722bab8cd2e9af6ba1b5917debd6b240790573073964d919d4f	1266	evidence/consumer-v4/work/m3/tooling/migration-recipes/target/classes/com/m3/rewrite/backport/jdk21-hash-pinned-text/map-utf/workflow.yml.txt
36d8b7d6f79643c290d13b64575fcaada7cf3e519bca303987cbdc152b5a3186	124	evidence/consumer-v4/work/m3/tooling/migration-recipes/target/classes/com/m3/rewrite/backport/jdk21-hash-pinned-text/proof-kit/manifest.tsv
ad4fa143d9ffa9fa769d9651772bbf48eaa6bc77bd4b4d0ffdcdf40215a6228b	4481	evidence/consumer-v4/work/m3/tooling/migration-recipes/target/classes/com/m3/rewrite/backport/jdk21-hash-pinned-text/proof-kit/workflow.yml.txt
12c1e5cebc488f9d4669d668caf004854c436812122ec63bf1173d3ae3a57d3c	6987	evidence/consumer-v4/work/m3/tooling/migration-recipes/target/classes/com/m3/rewrite/backport/jdk21-hash-pinned/jdk22-class-ver/00-inspector.java.txt
daeab2f471d0df3135f3797c4df5734c4005636923c7b8eae1aaf0059d790912	9189	evidence/consumer-v4/work/m3/tooling/migration-recipes/target/classes/com/m3/rewrite/backport/jdk21-hash-pinned/jdk22-class-ver/01-checks.java.txt
7e0195b4aa23d926c2cb45508768dfd4eeff4d6565acbb9a89893a6bb4fc9794	558	evidence/consumer-v4/work/m3/tooling/migration-recipes/target/classes/com/m3/rewrite/backport/jdk21-hash-pinned/jdk22-class-ver/02-test.java.txt
6e3599202a1afc6f1971c6a88b8c8e5d31f410c9295e87e85d5e46c779c5905e	6693	evidence/consumer-v4/work/m3/tooling/migration-recipes/target/classes/com/m3/rewrite/backport/jdk21-hash-pinned/jdk22-class-ver/before-00-inspector.java.txt
d927952d199afa2da9f115494dbb68066acb3c9a90b33213a0a4127de1cb3b57	531	evidence/consumer-v4/work/m3/tooling/migration-recipes/target/classes/com/m3/rewrite/backport/jdk21-hash-pinned/jdk22-class-ver/manifest.tsv
1333a9cf8b96b8c919d1c098899648d0a82cdce7e775167fe3ff2e571c54ec67	1815	evidence/consumer-v4/work/m3/tooling/migration-recipes/target/classes/com/m3/rewrite/backport/jdk21-hash-pinned/jdk22-descriptor/00-Descriptor.java.txt
4c7fc3b36ac32873e6f4f6e7aecc71b0e1bfe82a85b61a3114cf7e88a057b578	9136	evidence/consumer-v4/work/m3/tooling/migration-recipes/target/classes/com/m3/rewrite/backport/jdk21-hash-pinned/jdk22-descriptor/01-DescriptorTest.java.txt
df17c48e54de060060e4393e5c2f3e8e2f068bad38a69576a82709cc6d4cbdb9	2367	evidence/consumer-v4/work/m3/tooling/migration-recipes/target/classes/com/m3/rewrite/backport/jdk21-hash-pinned/jdk22-descriptor/before-00-Descriptor.java.txt
6c42ad2af4f9c5d24501a94eebd145c5cf77ed505ce1a1bb62d5b06b6c341cd1	396	evidence/consumer-v4/work/m3/tooling/migration-recipes/target/classes/com/m3/rewrite/backport/jdk21-hash-pinned/jdk22-descriptor/manifest.tsv
7fd7f4b25571bf13fc3e2048b87d730e8346e29102fd4a4159c0144699df55a8	13978	evidence/consumer-v4/work/m3/tooling/migration-recipes/target/classes/com/m3/rewrite/backport/jdk21-hash-pinned/jdk22-jep458-multifile-java/00-module-info.java.txt
a8125e7682911aebee88b79df90902661c08b6938dc8584d2a4d9ca786f714ee	11575	evidence/consumer-v4/work/m3/tooling/migration-recipes/target/classes/com/m3/rewrite/backport/jdk21-hash-pinned/jdk22-jep458-multifile-java/01-Preview.java.txt
ea6dea5bdc8342d246a65e6520bb0bd8f5c1bc2a4050e4b21fb4a750b7395d01	2848	evidence/consumer-v4/work/m3/tooling/migration-recipes/target/classes/com/m3/rewrite/backport/jdk21-hash-pinned/jdk22-jep458-multifile-java/02-Fault.java.txt
28fca3222f297b7ebc25598cfff30423f721313845733dbeacdff62b491aeb9e	11491	evidence/consumer-v4/work/m3/tooling/migration-recipes/target/classes/com/m3/rewrite/backport/jdk21-hash-pinned/jdk22-jep458-multifile-java/03-MemoryClassLoader.java.txt
b931e3f2fa7615a67be8c34bf41074f50e475c0f676db96a85485ecce072abc0	12181	evidence/consumer-v4/work/m3/tooling/migration-recipes/target/classes/com/m3/rewrite/backport/jdk21-hash-pinned/jdk22-jep458-multifile-java/04-MemoryContext.java.txt
26a5b3cb994d4b582e9538a6bbd7778a94abcaf047014fb8f984b4fe2c298fc9	3672	evidence/consumer-v4/work/m3/tooling/migration-recipes/target/classes/com/m3/rewrite/backport/jdk21-hash-pinned/jdk22-jep458-multifile-java/05-MemoryFileManager.java.txt
784837a563756ec6f9fa71aed53849db06e1f30d835a9838a401d00efd3ae19c	6132	evidence/consumer-v4/work/m3/tooling/migration-recipes/target/classes/com/m3/rewrite/backport/jdk21-hash-pinned/jdk22-jep458-multifile-java/06-MemoryModuleFinder.java.txt
c1342044fa7095949315397710e282444086d2e465a8988af2a9c6b88d1dd061	5209	evidence/consumer-v4/work/m3/tooling/migration-recipes/target/classes/com/m3/rewrite/backport/jdk21-hash-pinned/jdk22-jep458-multifile-java/07-ProgramDescriptor.java.txt
7b98756c484d250da48988c4f63f4556863f8d40544856f7ed2e537d9b0c9fa4	5101	evidence/consumer-v4/work/m3/tooling/migration-recipes/target/classes/com/m3/rewrite/backport/jdk21-hash-pinned/jdk22-jep458-multifile-java/08-ProgramFileObject.java.txt
590abf6d39fd3c83a764e362b527074b53113a7fac37001a31cd0d1dd948388b	6813	evidence/consumer-v4/work/m3/tooling/migration-recipes/target/classes/com/m3/rewrite/backport/jdk21-hash-pinned/jdk22-jep458-multifile-java/09-RelevantJavacOptions.java.txt
00a67e27dfbd9cbe5090b02eb8a77ccbb51960d471df60c35c19ccb8800fc2ed	1770	evidence/consumer-v4/work/m3/tooling/migration-recipes/target/classes/com/m3/rewrite/backport/jdk21-hash-pinned/jdk22-jep458-multifile-java/10-Result.java.txt
e88840c52b8d1d57a6202e1edc77584e1419d996e5f89c41e053bc6b0f7112c5	11728	evidence/consumer-v4/work/m3/tooling/migration-recipes/target/classes/com/m3/rewrite/backport/jdk21-hash-pinned/jdk22-jep458-multifile-java/11-SourceLauncher.java.txt
604714c53846bf45cf5a60bad3906ec94a0741e599e6fb60fe6e19c0e115b722	56358	evidence/consumer-v4/work/m3/tooling/migration-recipes/target/classes/com/m3/rewrite/backport/jdk21-hash-pinned/jdk22-jep458-multifile-java/12-Option.java.txt
20ac6094200b19304a3df66dd9abdcbb296bf30a04e643d4fa8ffebca0443ada	4569	evidence/consumer-v4/work/m3/tooling/migration-recipes/target/classes/com/m3/rewrite/backport/jdk21-hash-pinned/jdk22-jep458-multifile-java/13-BasicSourceLauncherTests.java.txt
e96691270eb4a1b9dc1d24ec4534a6928c0da3c41ad682a1192dedb5a2a6fc1e	2258	evidence/consumer-v4/work/m3/tooling/migration-recipes/target/classes/com/m3/rewrite/backport/jdk21-hash-pinned/jdk22-jep458-multifile-java/14-GetResourceTest.java.txt
041ffa57b35e893897a0868ec9e0843faf3fa8fa2cb849d20178a2ffbc595c3e	8634	evidence/consumer-v4/work/m3/tooling/migration-recipes/target/classes/com/m3/rewrite/backport/jdk21-hash-pinned/jdk22-jep458-multifile-java/15-ModuleSourceLauncherTests.java.txt
6720ed7ca21d113ae3b9a35c8aa202da26826d75ad4afcee03a1db470f6e048b	11925	evidence/consumer-v4/work/m3/tooling/migration-recipes/target/classes/com/m3/rewrite/backport/jdk21-hash-pinned/jdk22-jep458-multifile-java/16-MultiFileSourceLauncherTests.java.txt
6eb2adca875262a479c4557818b26cf0d5111556173624d90d78264c81e6a9e7	3411	evidence/consumer-v4/work/m3/tooling/migration-recipes/target/classes/com/m3/rewrite/backport/jdk21-hash-pinned/jdk22-jep458-multifile-java/17-ProgramDescriptorTests.java.txt
e47beaaaf542064dc1e9ccf3256b6ef0981824d6766c47106d809928576d659c	2645	evidence/consumer-v4/work/m3/tooling/migration-recipes/target/classes/com/m3/rewrite/backport/jdk21-hash-pinned/jdk22-jep458-multifile-java/18-Run.java.txt
4b6453855a78988ccf4c7a7c2596190011f47dcccd494a49c2fc7834279886cf	35361	evidence/consumer-v4/work/m3/tooling/migration-recipes/target/classes/com/m3/rewrite/backport/jdk21-hash-pinned/jdk22-jep458-multifile-java/19-SourceLauncherTest.java.txt
a53a4ad6a6e38c069b02ec8091665f7f3facb5167563b323ac1d24780cb26d27	5777	evidence/consumer-v4/work/m3/tooling/migration-recipes/target/classes/com/m3/rewrite/backport/jdk21-hash-pinned/jdk22-jep458-multifile-java/20-CLTest.java.txt
a9b0b684f78b4e6daa77886ef4f62fcfffa78519ee71a8a1d79ee237cae6aa6c	12388	evidence/consumer-v4/work/m3/tooling/migration-recipes/target/classes/com/m3/rewrite/backport/jdk21-hash-pinned/jdk22-jep458-multifile-java/21-ListModuleDeps.java.txt
366ba913bfd9bb6fba5821f490df81cead34268e54818f7eb4c26962fada8ba1	3869	evidence/consumer-v4/work/m3/tooling/migration-recipes/target/classes/com/m3/rewrite/backport/jdk21-hash-pinned/jdk22-jep458-multifile-java/manifest.tsv
323bca7d4452e3e58f5c5941b586c33825becc2593b853b51df86db9d820e25b	31653	evidence/consumer-v4/work/m3/tooling/migration-recipes/target/classes/com/m3/rewrite/backport/jdk21-hash-pinned/jdk22-map-facts/00-Backing.java.txt
c5d856acc3fa5b7b636894d1dd18b087c1d8e1a450fcbef0821e87b969d185c2	13034	evidence/consumer-v4/work/m3/tooling/migration-recipes/target/classes/com/m3/rewrite/backport/jdk21-hash-pinned/jdk22-map-facts/01-MapFactsTest.java.txt
b038fff642ab35aa2cf749d3ac81c3559ff8f6fc59a723fd2a5212654f4ba651	27305	evidence/consumer-v4/work/m3/tooling/migration-recipes/target/classes/com/m3/rewrite/backport/jdk21-hash-pinned/jdk22-map-facts/before-00-Backing.java.txt
79eb64cf105af766b0814815e63665e3e1218d7eade2ad6578d9a7b3058ecc68	370	evidence/consumer-v4/work/m3/tooling/migration-recipes/target/classes/com/m3/rewrite/backport/jdk21-hash-pinned/jdk22-map-facts/manifest.tsv
323bca7d4452e3e58f5c5941b586c33825becc2593b853b51df86db9d820e25b	31653	evidence/consumer-v4/work/m3/tooling/migration-recipes/target/classes/com/m3/rewrite/backport/jdk21-hash-pinned/jdk22-map-guard/00-Backing.java.txt
620e1ccd61d9f8675a18ce74eb307b5a02f75fad6c535e17e42661ef3409185a	14571	evidence/consumer-v4/work/m3/tooling/migration-recipes/target/classes/com/m3/rewrite/backport/jdk21-hash-pinned/jdk22-map-guard/01-MapGuardTest.java.txt
5e870466f7a4005b7f8798fa918b0318a2a42889af8efbac7ff3f4436e6db33e	25961	evidence/consumer-v4/work/m3/tooling/migration-recipes/target/classes/com/m3/rewrite/backport/jdk21-hash-pinned/jdk22-map-guard/before-00-Backing.java.txt
880731315e4c50076a1c240dfecb8bc9aa5551b40cc4a83f0f68e837accad79f	2933	evidence/consumer-v4/work/m3/tooling/migration-recipes/target/classes/com/m3/rewrite/backport/jdk21-hash-pinned/jdk22-map-guard/context-Backing.java.txt
95916a7687bf3dcf2bb39a7d0859a023d0796b58a3ac25318e6a813595f531b0	13241	evidence/consumer-v4/work/m3/tooling/migration-recipes/target/classes/com/m3/rewrite/backport/jdk21-hash-pinned/jdk22-map-guard/context-Test.java.txt
347f7f0081625963a40530ce285167198916fa85850fdec5c4c845a271c1bb74	370	evidence/consumer-v4/work/m3/tooling/migration-recipes/target/classes/com/m3/rewrite/backport/jdk21-hash-pinned/jdk22-map-guard/manifest.tsv
323bca7d4452e3e58f5c5941b586c33825becc2593b853b51df86db9d820e25b	31653	evidence/consumer-v4/work/m3/tooling/migration-recipes/target/classes/com/m3/rewrite/backport/jdk21-hash-pinned/jdk22-map-utf/00-Backing.java.txt
56df66547663793a8eeec761480fbd9c7cffa441a3db70b3ae9aa700cb28e051	9597	evidence/consumer-v4/work/m3/tooling/migration-recipes/target/classes/com/m3/rewrite/backport/jdk21-hash-pinned/jdk22-map-utf/01-MapUtfTest.java.txt
c5d856acc3fa5b7b636894d1dd18b087c1d8e1a450fcbef0821e87b969d185c2	13034	evidence/consumer-v4/work/m3/tooling/migration-recipes/target/classes/com/m3/rewrite/backport/jdk21-hash-pinned/jdk22-map-utf/02-MapFactsTest.java.txt
b038fff642ab35aa2cf749d3ac81c3559ff8f6fc59a723fd2a5212654f4ba651	27305	evidence/consumer-v4/work/m3/tooling/migration-recipes/target/classes/com/m3/rewrite/backport/jdk21-hash-pinned/jdk22-map-utf/before-00-Backing.java.txt
0fc943f7b7c181dde4f9160321b9597cef69ca2cc070a19cd2a0162eeea53def	507	evidence/consumer-v4/work/m3/tooling/migration-recipes/target/classes/com/m3/rewrite/backport/jdk21-hash-pinned/jdk22-map-utf/manifest.tsv
4620bec8fa489b8dcfb8960d8979bfb75517d7893b5f26546d1abaf9f629800e	10998	evidence/consumer-v4/work/m3/tooling/migration-recipes/target/classes/com/m3/rewrite/backport/jdk21-hash-pinned/jdk22-recipe-closure/00-M3A3AlgorithmCatalogueRecipe.java.txt
ea31026be2f699923e4dfcc6fa906cee77eb5a46bdb9a32948948bfdfe19cebb	7151	evidence/consumer-v4/work/m3/tooling/migration-recipes/target/classes/com/m3/rewrite/backport/jdk21-hash-pinned/jdk22-recipe-closure/01-M3PureIntAtomEligibility.java.txt
9ba3245512f18e3d921b6a8d013cea05a70b5a84c473b34dbd574ba55a1978d4	4112	evidence/consumer-v4/work/m3/tooling/migration-recipes/target/classes/com/m3/rewrite/backport/jdk21-hash-pinned/jdk22-recipe-closure/02-M3RecipeScopeRegistry.java.txt
cf1c56ebf8fc2df3778cd56e34240da7c3ba722cb2949e8957b81157abf8b9ba	8378	evidence/consumer-v4/work/m3/tooling/migration-recipes/target/classes/com/m3/rewrite/backport/jdk21-hash-pinned/jdk22-recipe-closure/03-M3RecipeScopeDeclarationTest.java.txt
f69f06564a88fcdc851d267e07f1def2586963d4f14bc552986529d7db8ec8e0	10557	evidence/consumer-v4/work/m3/tooling/migration-recipes/target/classes/com/m3/rewrite/backport/jdk21-hash-pinned/jdk22-recipe-closure/before-00-M3A3AlgorithmCatalogueRecipe.java.txt
2c7f2634165eaa4ae2ba668e38b4aeb44dad646d5f7b2dc55865e17d670771bf	6876	evidence/consumer-v4/work/m3/tooling/migration-recipes/target/classes/com/m3/rewrite/backport/jdk21-hash-pinned/jdk22-recipe-closure/before-01-M3PureIntAtomEligibility.java.txt
232fae809f232e1201347be243a379d7c0b7cf13dba587219e64ed07c32b05fd	3979	evidence/consumer-v4/work/m3/tooling/migration-recipes/target/classes/com/m3/rewrite/backport/jdk21-hash-pinned/jdk22-recipe-closure/before-02-M3RecipeScopeRegistry.java.txt
a79bd712e4ffc0d1ba0d4a7fba9c064f94420fbde8c63e7b2a91496d443e4b7c	8280	evidence/consumer-v4/work/m3/tooling/migration-recipes/target/classes/com/m3/rewrite/backport/jdk21-hash-pinned/jdk22-recipe-closure/before-03-M3RecipeScopeDeclarationTest.java.txt
d80a5af11629b89cb2e69d3a119becb7606fb029e8e121d47d684ca755435182	934	evidence/consumer-v4/work/m3/tooling/migration-recipes/target/classes/com/m3/rewrite/backport/jdk21-hash-pinned/jdk22-recipe-closure/manifest.tsv
200e5d42d6ee7957c41071a775fb5a83d6224c869bea65c9bc863e4dd9adde6a	31673	evidence/consumer-v4/work/m3/tooling/migration-recipes/target/classes/com/m3/rewrite/backport/jdk21-hash-pinned/jdk24-jep485-stream-gatherers/00-AbstractPipeline.java.txt
808d8dec8da41e93dbe938081c36750a6d36c96a4b2dcd90d2558a7b5d0ebd47	24085	evidence/consumer-v4/work/m3/tooling/migration-recipes/target/classes/com/m3/rewrite/backport/jdk21-hash-pinned/jdk24-jep485-stream-gatherers/01-Gatherer.java.txt
ca4f6e9e38494147885e554033d58e1549397b8c7fc627d5f6f3da93717579ad	29495	evidence/consumer-v4/work/m3/tooling/migration-recipes/target/classes/com/m3/rewrite/backport/jdk21-hash-pinned/jdk24-jep485-stream-gatherers/02-GathererOp.java.txt
6115dd7015fe6680ef597a7cc3ec5b0c06eccc7259aa5bd4899454b5af624f1d	31455	evidence/consumer-v4/work/m3/tooling/migration-recipes/target/classes/com/m3/rewrite/backport/jdk21-hash-pinned/jdk24-jep485-stream-gatherers/03-Gatherers.java.txt
ee090d081a5cfd580a9bf75eeca2eddb3d1a996f8d77394cd45756adc071bba8	32687	evidence/consumer-v4/work/m3/tooling/migration-recipes/target/classes/com/m3/rewrite/backport/jdk21-hash-pinned/jdk24-jep485-stream-gatherers/04-ReferencePipeline.java.txt
688ef137efe90856360c35f86a000b0ec49d12c66294f7bd0f6cceb2022bab0f	82970	evidence/consumer-v4/work/m3/tooling/migration-recipes/target/classes/com/m3/rewrite/backport/jdk21-hash-pinned/jdk24-jep485-stream-gatherers/05-Stream.java.txt
36eddaa3aefde19ac9b7a9c716b13842103bade2e3d40202be8b79440a8c8577	41596	evidence/consumer-v4/work/m3/tooling/migration-recipes/target/classes/com/m3/rewrite/backport/jdk21-hash-pinned/jdk24-jep485-stream-gatherers/06-package-info.java.txt
dda26f47fda79ed3fef1518f4bf3ae6f36843f257709568ddef98837398fe061	9923	evidence/consumer-v4/work/m3/tooling/migration-recipes/target/classes/com/m3/rewrite/backport/jdk21-hash-pinned/jdk24-jep485-stream-gatherers/07-GathererAPITest.java.txt
9e58fdeb31975f23a2e3bcd8aa70be539b72a09aaca1b56a4d933534dc134b89	2497	evidence/consumer-v4/work/m3/tooling/migration-recipes/target/classes/com/m3/rewrite/backport/jdk21-hash-pinned/jdk24-jep485-stream-gatherers/08-GathererShortCircuitTest.java.txt
95183909bdf24d7942566d0da086e6a0b7e7c86041c39b41eb9b31f660ff88a1	17744	evidence/consumer-v4/work/m3/tooling/migration-recipes/target/classes/com/m3/rewrite/backport/jdk21-hash-pinned/jdk24-jep485-stream-gatherers/09-GathererTest.java.txt
1ac1891ee9004df5de9328709bea955f4da41e88908c9aa8c83fafb5ac8bb27c	3164	evidence/consumer-v4/work/m3/tooling/migration-recipes/target/classes/com/m3/rewrite/backport/jdk21-hash-pinned/jdk24-jep485-stream-gatherers/10-GatherersFoldTest.java.txt
eb1bd5ac55a99540b1516656041310ecf56c1a8dd20a8eb1fd599318b5647cf2	14652	evidence/consumer-v4/work/m3/tooling/migration-recipes/target/classes/com/m3/rewrite/backport/jdk21-hash-pinned/jdk24-jep485-stream-gatherers/11-GatherersMapConcurrentTest.java.txt
2cd7315a80e9036d0f04c8a325fd75f700bab8468abf6c0fa0a67ac1235ba2a7	3539	evidence/consumer-v4/work/m3/tooling/migration-recipes/target/classes/com/m3/rewrite/backport/jdk21-hash-pinned/jdk24-jep485-stream-gatherers/12-GatherersScanTest.java.txt
a13a9d288d6435165d381aa5af0dd2073f67b79d409a2ff476a5933cd5bef50e	4882	evidence/consumer-v4/work/m3/tooling/migration-recipes/target/classes/com/m3/rewrite/backport/jdk21-hash-pinned/jdk24-jep485-stream-gatherers/13-GatherersWindowFixedTest.java.txt
f5b69e1677020ce3dc8c132881868514d61876e952aaed2bae3a33d2cc519393	5115	evidence/consumer-v4/work/m3/tooling/migration-recipes/target/classes/com/m3/rewrite/backport/jdk21-hash-pinned/jdk24-jep485-stream-gatherers/14-GatherersWindowSlidingTest.java.txt
3172ca1814ce01a40091d05f691ee044dfa72c1b4f24b10514fe491fc6d6e66c	2598	evidence/consumer-v4/work/m3/tooling/migration-recipes/target/classes/com/m3/rewrite/backport/jdk21-hash-pinned/jdk24-jep485-stream-gatherers/manifest.tsv
374269a8f8913fd88954c89cb55efbf14cc93ac1ecda8c290092cddb4036ebe7	12700	evidence/consumer-v4/work/m3/tooling/migration-recipes/target/classes/com/m3/rewrite/backport/jdk21-hash-pinned/jdk27-javadoc-8347112-java/01-DocFilesHandlerImpl.java.txt
a2ccc9e2ac20464f8a1e90385271bef92a10a252279cd039ff29f4a4f1916e81	30681	evidence/consumer-v4/work/m3/tooling/migration-recipes/target/classes/com/m3/rewrite/backport/jdk21-hash-pinned/jdk27-javadoc-8347112-java/02-BaseConfiguration.java.txt
da0ee9d6a1874a402571a34e19d5d11521d51b2eda30ff33cf04056936cff568	11280	evidence/consumer-v4/work/m3/tooling/migration-recipes/target/classes/com/m3/rewrite/backport/jdk21-hash-pinned/jdk27-javadoc-8347112-java/03-TestCopyFiles.java.txt
7b25f62e952a632b6b2fae30e31c0d41f1d648fcb2b3c18e5e5ce520ba202cf8	732	evidence/consumer-v4/work/m3/tooling/migration-recipes/target/classes/com/m3/rewrite/backport/jdk21-hash-pinned/jdk27-javadoc-8347112-java/manifest.tsv
fafd235f12cfb937c383e5a0ba4b0a65561da6cf2b644b8be2476eeab7ed8b6a	1839	evidence/consumer-v4/work/m3/tooling/migration-recipes/target/classes/com/m3/rewrite/backport/jdk21-hash-pinned/jdk27-jfr-options-help-8367584-java/00-TestOptionsHelp.java.txt
c26014d4684ea246a8d5540149cb86f6a40fd8743aa4ac8dda70e44fe0cfc56e	150	evidence/consumer-v4/work/m3/tooling/migration-recipes/target/classes/com/m3/rewrite/backport/jdk21-hash-pinned/jdk27-jfr-options-help-8367584-java/manifest.tsv
ecc6fef6147ba3dbfdf3db57e0d361a48a36cda8cbf6718beeecc7899bb572a4	91276	evidence/consumer-v4/work/m3/tooling/migration-recipes/target/classes/com/m3/rewrite/backport/jdk21-hash-pinned/jdk27-keystore-creation-instant-8374808/00-KeyStore.java.txt
0abe2b4077befe28e2b3b9edcd03fbbed77319660ff408794bdb8f6b3d24d031	28057	evidence/consumer-v4/work/m3/tooling/migration-recipes/target/classes/com/m3/rewrite/backport/jdk21-hash-pinned/jdk27-keystore-creation-instant-8374808/01-KeyStoreSpi.java.txt
d9266a7bb859c3a1a8c5d309df2c1ae95d4d7e9bcc5191193cd6c93717dd7f04	6152	evidence/consumer-v4/work/m3/tooling/migration-recipes/target/classes/com/m3/rewrite/backport/jdk21-hash-pinned/jdk27-keystore-creation-instant-8374808/02-CreationInstant.java.txt
2d805902f415e7acbdf8955da127474ce5fb901d6392b8a5c733f1faf5a204db	573	evidence/consumer-v4/work/m3/tooling/migration-recipes/target/classes/com/m3/rewrite/backport/jdk21-hash-pinned/jdk27-keystore-creation-instant-8374808/manifest.tsv
f56ba88b1e8986b849fead075c654b4b9961dcb49b168c733cb6e59d6113f2a8	4873	evidence/consumer-v4/work/m3/tooling/migration-recipes/target/classes/com/m3/rewrite/backport/jdk21-hash-pinned/jdk27-password-policy-proof-20261004/00-M3PasswordPolicyCases.java.txt
4affb89e8d6ebc558672e0e786d147fdc684b85a04ac6a91fcf91e79509b9ad7	169	evidence/consumer-v4/work/m3/tooling/migration-recipes/target/classes/com/m3/rewrite/backport/jdk21-hash-pinned/jdk27-password-policy-proof-20261004/manifest.tsv
5840ee0eac7e23c3a3834dddde70f059f512331a653a3d9ea80faa8d05f0abc4	6883	evidence/consumer-v4/work/m3/tooling/migration-recipes/target/classes/com/m3/rewrite/backport/jdk21-hash-pinned/jdk27-password-systemin-8368692-java/00-Password.java.txt
1b570f0d4bf5764e3d89000b9afc914073d8862be79cd9c0b1487ac2d81a7148	2806	evidence/consumer-v4/work/m3/tooling/migration-recipes/target/classes/com/m3/rewrite/backport/jdk21-hash-pinned/jdk27-password-systemin-8368692-java/01-AllowSystemIn.java.txt
360e70e3d733b04f426fffebeedb59c76a158b405c01ccfc61a35593334f8e35	364	evidence/consumer-v4/work/m3/tooling/migration-recipes/target/classes/com/m3/rewrite/backport/jdk21-hash-pinned/jdk27-password-systemin-8368692-java/manifest.tsv
0bc30e8aee9bb87d051c5670efc2093f5b2d373b1ead4fb09d02fbdb3e149962	40627	evidence/consumer-v4/work/m3/tooling/migration-recipes/target/classes/com/m3/rewrite/backport/jdk21-hash-pinned/jdk27-security-properties-8364182-java/00-Security.java.txt
73470efbd9d61c0a78223b626c3c622ded47e432e740548c16da29c1091f502e	1396	evidence/consumer-v4/work/m3/tooling/migration-recipes/target/classes/com/m3/rewrite/backport/jdk21-hash-pinned/jdk27-security-properties-8364182-java/01-JavaSecurityPropertiesAccess.java.txt
48f0c0b3d2dfafae99ea663a28c2a16e54ee1f8379e05b0a9b27641b363cb440	25702	evidence/consumer-v4/work/m3/tooling/migration-recipes/target/classes/com/m3/rewrite/backport/jdk21-hash-pinned/jdk27-security-properties-8364182-java/02-VMSupport.java.txt
07907e5f65c24f06c9f5bc0bf34e98a44085bf276068e0ecc4d8fc9b36c9e778	2230	evidence/consumer-v4/work/m3/tooling/migration-recipes/target/classes/com/m3/rewrite/backport/jdk21-hash-pinned/jdk27-security-properties-8364182-java/03-SecurityPropertiesTest.java.txt
365fa8c05d774109ac66c411d4a4b4945f0fa76386d352983e0894d53074e6eb	848	evidence/consumer-v4/work/m3/tooling/migration-recipes/target/classes/com/m3/rewrite/backport/jdk21-hash-pinned/jdk27-security-properties-8364182-java/manifest.tsv
cb50139594817d5cb2477c4d67148d4aed2174299f05cff9a3b24416139bc6b4	4037	evidence/consumer-v4/work/m3/tooling/migration-recipes/target/classes/com/m3/rewrite/port/FrozenBytes.java.txt
0c03ca0ed8b42212fa92e4d5f9325ba864f8d11928cd6a0b030b861f668f0657	3868	evidence/consumer-v4/work/m3/tooling/migration-recipes/target/classes/com/m3/rewrite/port/FrozenChars.java.txt
2f1c52feaa5c81462a469c84d847448840cfa75db5a0f1d40c72241718417653	12063	evidence/consumer-v4/work/m3/tooling/migration-recipes/target/classes/com/m3/rewrite/port/M3Text.java.txt
206cd1ecb96bec037c59b531c13dd7029e4ce79f1b50bfdfccc64dfd6279e74b	3259	evidence/consumer-v4/work/m3/tooling/migration-recipes/target/classes/com/m3/rewrite/port/MIndexJoinedBytes.java.txt
964f0fc3611f259562adca7f7a9ec581d149f16b4dfcc9a3c775a2a8ca53f864	7282	evidence/consumer-v4/work/m3/tooling/migration-recipes/target/classes/com/m3/rewrite/port/MIndexJoinedChars.java.txt
f42c548a4fd47d3dac43283082125232e04d5f13f28b63521832493394176337	10303	evidence/consumer-v4/work/m3/tooling/migration-recipes/target/classes/com/m3/rewrite/port/MIndexJoinedStorageIntern.java.txt
a4f0e0cd7b3e8701aba21b8b14b068cc2d3822e17dc066daa442cbc580404a80	5955	evidence/consumer-v4/work/m3/tooling/migration-recipes/target/classes/com/m3/rewrite/port/MIndexJoinedStreams.java.txt
122d60c6df640b25c2665e68819cae4571cb9ffbe54c710edbdc7f73419e9f93	1504	evidence/consumer-v4/work/m3/tooling/migration-recipes/target/classes/com/m3/rewrite/port/pom.xml.txt
430fb58f5bef30e3777214885cbff3dd8aa423d68c80f0a6b12147749db02e1f	841	evidence/consumer-v4/work/m3/tooling/migration-recipes/target/classes/com/m3/rewrite/port/port.properties
5f925aeb078bd859b485fcb46c3157d95df1b2f3b691246a4182a3850b681492	8561	evidence/consumer-v4/work/m3/tooling/migration-recipes/target/classes/com/synexia/rewrite/hash-pinned-java/a3-declarative-activation/00-A3Apply.java.txt
2897abfccb331829bd94a349e1b1da90b87b56c7a7d26e23073c90f9a891ea85	4406	evidence/consumer-v4/work/m3/tooling/migration-recipes/target/classes/com/synexia/rewrite/hash-pinned-java/a3-declarative-activation/01-A3ApplyTest.java.txt
e45dcc553df5cd0ad940f3dc656ebd9ea264f8353da3f7c27b5a2333f4997094	8537	evidence/consumer-v4/work/m3/tooling/migration-recipes/target/classes/com/synexia/rewrite/hash-pinned-java/a3-declarative-activation/before-00-A3Apply.java.txt
77390f350eeeb4b25a1c4db9279b3966884d9918f0b9dd0af1f1b4c3acc7b7ee	4328	evidence/consumer-v4/work/m3/tooling/migration-recipes/target/classes/com/synexia/rewrite/hash-pinned-java/a3-declarative-activation/before-01-A3ApplyTest.java.txt
944b68ad6939351c313439fa0ed53af948a1182cd0630c988b5252d86fc11cc0	382	evidence/consumer-v4/work/m3/tooling/migration-recipes/target/classes/com/synexia/rewrite/hash-pinned-java/a3-declarative-activation/manifest.tsv
2e7514ddf7332311bb31f758dbfb27aa8242cf086cabc6cbb7f27b9f4cb7f2d3	1156	evidence/consumer-v4/work/m3/tooling/migration-recipes/target/classes/com/synexia/rewrite/hash-pinned-java/a3-declarative-convergence/00-M3Java21ConvergenceCatalog.java.txt
bf0cd3c9ca89e2b75d83e717d79b9a17e197646f40d108b05b4dc2ecd2cc1f70	6058	evidence/consumer-v4/work/m3/tooling/migration-recipes/target/classes/com/synexia/rewrite/hash-pinned-java/a3-declarative-convergence/01-M3A3DeclarativeDeliveryRecipeTest.java.txt
a2ab300d9fc8a821fa5d996cd0d18e6736f757863572067d72d0639ea31d0386	4052	evidence/consumer-v4/work/m3/tooling/migration-recipes/target/classes/com/synexia/rewrite/hash-pinned-java/a3-declarative-convergence/02-M3Java21DeclarativeConvergenceTest.java.txt
e3461850eb6a306eeba22c2189aefbcdc520762dafa3520fa40282576aff2b61	546	evidence/consumer-v4/work/m3/tooling/migration-recipes/target/classes/com/synexia/rewrite/hash-pinned-java/a3-declarative-convergence/manifest.tsv
6d9ec887c87898167748ca5f77598f95a6784cfaf14882f4983733c006374b77	5127	evidence/consumer-v4/work/m3/tooling/migration-recipes/target/classes/com/synexia/rewrite/hash-pinned-java/a3-mastery-lab/A3.java.after
c0ff0c45cf310f233a18e163682d0c12876694a93b1f39a332ecf9e125c82c55	7750	evidence/consumer-v4/work/m3/tooling/migration-recipes/target/classes/com/synexia/rewrite/hash-pinned-java/a3-mastery-lab/A3Cases.java.after
f68fb01640e7bee16e67af34ff986006a8ebebca3c13e9088296540f844b2200	17623	evidence/consumer-v4/work/m3/tooling/migration-recipes/target/classes/com/synexia/rewrite/hash-pinned-java/a3-mastery-lab/A3Lab.java.after
225efc2885ba8c002d036ecf70b4dd8a13b646debc74afeb031b0fce624d3f18	3860	evidence/consumer-v4/work/m3/tooling/migration-recipes/target/classes/com/synexia/rewrite/hash-pinned-java/a3-mastery-lab/A3LabTest.java.after
0bff4ddf1d6a002510903127bc56c7a2921bfa5851ac8217007eb3699b9febac	734	evidence/consumer-v4/work/m3/tooling/migration-recipes/target/classes/com/synexia/rewrite/hash-pinned-java/a3-mastery-lab/manifest.tsv
c212736f000836cb782a5ff81fd2de48e67d36ea4b3bd53cf7743c4aadbfdaf6	16196	evidence/consumer-v4/work/m3/tooling/migration-recipes/target/classes/com/synexia/rewrite/hash-pinned-java/a3-regex-memory-lab/A3Lab.java.after
351eeac06154189e79f3d139336437d5911da5721c9a95a779ebd5d511997d9c	6117	evidence/consumer-v4/work/m3/tooling/migration-recipes/target/classes/com/synexia/rewrite/hash-pinned-java/a3-regex-memory-lab/A3LabTest.java.after
acc1f301aef53281ccbb26c78921537de99f98bc3f401906f5be658c761f62ef	6447	evidence/consumer-v4/work/m3/tooling/migration-recipes/target/classes/com/synexia/rewrite/hash-pinned-java/a3-regex-memory-lab/A3MemoryCompiler.java.after
19f7e3fb8c5f4332ab721d1962ab9cac261c524a10d9d91272346636fbe86ada	7516	evidence/consumer-v4/work/m3/tooling/migration-recipes/target/classes/com/synexia/rewrite/hash-pinned-java/a3-regex-memory-lab/A3RegexMatrix.java.after
e7a96b1290ead86d3861f0388423504078cc8f66f10303f73e0a7d44a6e5776b	658	evidence/consumer-v4/work/m3/tooling/migration-recipes/target/classes/com/synexia/rewrite/hash-pinned-java/a3-regex-memory-lab/manifest.tsv
cec34964f679c67e38cf946c2b1f7b6fb0dddc1f4ecadd963e7dd998e7ff68ba	4242	evidence/consumer-v4/work/m3/tooling/migration-recipes/target/classes/com/synexia/rewrite/hash-pinned-java/atom-comment-custody/after.java.txt
8384244946df1f840406aaf71438b4f0dba311dfd7eba7b421a064d63c31bf3b	3058	evidence/consumer-v4/work/m3/tooling/migration-recipes/target/classes/com/synexia/rewrite/hash-pinned-java/atom-comment-custody/before.java.txt
51d6ff438165fd05e6702364c8f131820efd9742e687a88a949d5fa182f46322	213	evidence/consumer-v4/work/m3/tooling/migration-recipes/target/classes/com/synexia/rewrite/hash-pinned-java/atom-comment-custody/manifest.tsv
4f6c17a035e64106f172b488fded9b565d1af48d6a8ecbd4700b3ff0cc2cd1e1	4448	evidence/consumer-v4/work/m3/tooling/migration-recipes/target/classes/com/synexia/rewrite/hash-pinned-java/atom-pattern-spectrum/after-atom.java.txt
b831177cbaaeca359a0b397eb4c74c0caf86c27666db702ef4492a42c210cd9f	2706	evidence/consumer-v4/work/m3/tooling/migration-recipes/target/classes/com/synexia/rewrite/hash-pinned-java/atom-pattern-spectrum/after-pattern.java.txt
8384244946df1f840406aaf71438b4f0dba311dfd7eba7b421a064d63c31bf3b	3058	evidence/consumer-v4/work/m3/tooling/migration-recipes/target/classes/com/synexia/rewrite/hash-pinned-java/atom-pattern-spectrum/before-atom.java.txt
2d100ed5d5810232b90b46f55f99c907f54a195b679b58f295dd065c8f03db69	2700	evidence/consumer-v4/work/m3/tooling/migration-recipes/target/classes/com/synexia/rewrite/hash-pinned-java/atom-pattern-spectrum/before-pattern.java.txt
1fc319641c44bfcf7428c09c10015f0e9619d09b56a8bcfbed9da310f74f0a49	440	evidence/consumer-v4/work/m3/tooling/migration-recipes/target/classes/com/synexia/rewrite/hash-pinned-java/atom-pattern-spectrum/manifest.tsv
c0396dc221ab4fe764441ec1694dc2063ce667a256289cdba6ba7bf285a83d86	8756	evidence/consumer-v4/work/m3/tooling/migration-recipes/target/classes/com/synexia/rewrite/hash-pinned-java/db-atom/00-M3IndexDB.java.txt
90c999027092ac250b3f1a19556268bde96879761735eb4f142260b17bece72a	12753	evidence/consumer-v4/work/m3/tooling/migration-recipes/target/classes/com/synexia/rewrite/hash-pinned-java/db-atom/01-M3IndexDbSemanticCodec.java.txt
71a86e54aaedc33ed50b7a0e0e1d63bcd3c045df02bb7c7b45d029a867e676d6	10020	evidence/consumer-v4/work/m3/tooling/migration-recipes/target/classes/com/synexia/rewrite/hash-pinned-java/db-atom/02-DbAtomTest.java.txt
a7cb1678539f74acc00cc4f15dbc2fdcd65286e4152784191e6d635539f6dc18	1352	evidence/consumer-v4/work/m3/tooling/migration-recipes/target/classes/com/synexia/rewrite/hash-pinned-java/db-atom/03-DbDigest.java.txt
27851933a442f798b56b7dba227b4fe1189851af11bb3333d5d0be2106d84956	8357	evidence/consumer-v4/work/m3/tooling/migration-recipes/target/classes/com/synexia/rewrite/hash-pinned-java/db-atom/before-00-M3IndexDB.java.txt
2cf21c4bc7b276a2ef741cee4db491c4a9e6c7cf44d53b543904b5acb8a95605	12400	evidence/consumer-v4/work/m3/tooling/migration-recipes/target/classes/com/synexia/rewrite/hash-pinned-java/db-atom/before-01-M3IndexDbSemanticCodec.java.txt
6bd41049e8393139f34fd3ae778b570432a49f7784c6a228f7c3e06ee3c6f7e6	694	evidence/consumer-v4/work/m3/tooling/migration-recipes/target/classes/com/synexia/rewrite/hash-pinned-java/db-atom/manifest.tsv
0e65b26f674f68fea30151ea63a17faef2f88ca0f0679723bb3dc230fda22b72	13233	evidence/consumer-v4/work/m3/tooling/migration-recipes/target/classes/com/synexia/rewrite/hash-pinned-java/db-build/00-Recipe.java.txt
847e23f5ea4f8f4bc889c61bda6dfc638442ae105e6b3ef70081ddb102d3c001	17603	evidence/consumer-v4/work/m3/tooling/migration-recipes/target/classes/com/synexia/rewrite/hash-pinned-java/db-build/01-Test.java.txt
629d17076fa5c5e399da6e1d0138f2f6cc2d99755977c194d082ee72d4665efc	13143	evidence/consumer-v4/work/m3/tooling/migration-recipes/target/classes/com/synexia/rewrite/hash-pinned-java/db-build/before-Recipe.java.txt
fdc94313843105bc6badbeb97488b01dcb5de41eda5b735c7f75eb65c2f64ae1	8398	evidence/consumer-v4/work/m3/tooling/migration-recipes/target/classes/com/synexia/rewrite/hash-pinned-java/db-build/before-Test.java.txt
d33a2add601309d3554c8ba047b9fe8f4b24adc4eef75d4f1219f8d958546f71	427	evidence/consumer-v4/work/m3/tooling/migration-recipes/target/classes/com/synexia/rewrite/hash-pinned-java/db-build/manifest.tsv
71104dfdc69bd0176698a1686de4c1e635c2f99826d9c9bda9270d40d4d80c63	28214	evidence/consumer-v4/work/m3/tooling/migration-recipes/target/classes/com/synexia/rewrite/hash-pinned-java/db-check/00-Test.java.txt
74fbd8ccc2ba3905844eb7a88b633209d53be09c758ffb700d1f99915ed6a0b6	27540	evidence/consumer-v4/work/m3/tooling/migration-recipes/target/classes/com/synexia/rewrite/hash-pinned-java/db-check/before-Test.java.txt
6ae483638d7a0deae763cdeca4c7634d0b6b45f6653ea692a38ce8d0e7049baf	213	evidence/consumer-v4/work/m3/tooling/migration-recipes/target/classes/com/synexia/rewrite/hash-pinned-java/db-check/manifest.tsv
c0396dc221ab4fe764441ec1694dc2063ce667a256289cdba6ba7bf285a83d86	8756	evidence/consumer-v4/work/m3/tooling/migration-recipes/target/classes/com/synexia/rewrite/hash-pinned-java/db-java/00-M3IndexDB.java.txt
be4cb521cd9b0154b8b30bd0719304ae349e7d50c54c2e1d1ca8817e7df4a545	2413	evidence/consumer-v4/work/m3/tooling/migration-recipes/target/classes/com/synexia/rewrite/hash-pinned-java/db-java/01-M3IndexDbArtifact.java.txt
90c999027092ac250b3f1a19556268bde96879761735eb4f142260b17bece72a	12753	evidence/consumer-v4/work/m3/tooling/migration-recipes/target/classes/com/synexia/rewrite/hash-pinned-java/db-java/02-M3IndexDbSemanticCodec.java.txt
2758d9473d46142383af31cfa351ba2ccc41b4fdda8082f0e5d3da596687b883	1151	evidence/consumer-v4/work/m3/tooling/migration-recipes/target/classes/com/synexia/rewrite/hash-pinned-java/db-java/03-M3IndexDbSemanticEdge.java.txt
8898ef38a373744d2fcc6edf0fe6671720733be7d78a215fa401e86660247bde	9363	evidence/consumer-v4/work/m3/tooling/migration-recipes/target/classes/com/synexia/rewrite/hash-pinned-java/db-java/04-M3IndexDbSemanticFingerprint.java.txt
114f08e4892dd68532d6e2e587b96d306f6e2d300c38c82a4f81c9acaac7e912	18084	evidence/consumer-v4/work/m3/tooling/migration-recipes/target/classes/com/synexia/rewrite/hash-pinned-java/db-java/05-M3IndexDbSemanticIndex.java.txt
8ae73fe031ac1c383860b516427cc2b659a50d5a77c5d6114bf561b2197a4ea5	330	evidence/consumer-v4/work/m3/tooling/migration-recipes/target/classes/com/synexia/rewrite/hash-pinned-java/db-java/06-M3IndexDbSemanticKind.java.txt
06a06aadef324e81c35fa8ac365477e7982f99b9bf7f9ea9b9a18eaface1ca2c	2419	evidence/consumer-v4/work/m3/tooling/migration-recipes/target/classes/com/synexia/rewrite/hash-pinned-java/db-java/07-M3IndexDbSemanticNode.java.txt
bf3b6377174b869ef85dc2e513363dc47c6d516baab276884e6e56f96b690f24	7633	evidence/consumer-v4/work/m3/tooling/migration-recipes/target/classes/com/synexia/rewrite/hash-pinned-java/db-java/08-DbParseTest.java.txt
c513c0740432cc23798875a2af3db33be3e0c0550b471cc079dd544d6c39f5ec	3086	evidence/consumer-v4/work/m3/tooling/migration-recipes/target/classes/com/synexia/rewrite/hash-pinned-java/db-java/09-DbProbe.java.txt
4d211a40ab1e00b4bf8d078a80da6d6eabe4f0606ac4894a6e368b7533d86291	9791	evidence/consumer-v4/work/m3/tooling/migration-recipes/target/classes/com/synexia/rewrite/hash-pinned-java/db-java/10-M3IndexDBIntegrityTest.java.txt
2c41cedc561c54cd8259cd64f1dca50937d183f9baf56d9c9df75c04a5205bf1	2005	evidence/consumer-v4/work/m3/tooling/migration-recipes/target/classes/com/synexia/rewrite/hash-pinned-java/db-java/11-M3IndexDBTest.java.txt
de888eb129200648df390bfd4694c7a326a092a50aecdfd31902625c35e4f159	2193	evidence/consumer-v4/work/m3/tooling/migration-recipes/target/classes/com/synexia/rewrite/hash-pinned-java/db-java/12-M3IndexDbArtifactTest.java.txt
9c05e694334a9f355ec82d4f1b9dc786c1d78157ba4900abe1a141f18a302b6e	4998	evidence/consumer-v4/work/m3/tooling/migration-recipes/target/classes/com/synexia/rewrite/hash-pinned-java/db-java/13-M3IndexDbCodecBoundaryTest.java.txt
257bc4fd93eb4b0b888684300c8f8204f5d5619ce3f6ffb03196ccaf8278feca	6749	evidence/consumer-v4/work/m3/tooling/migration-recipes/target/classes/com/synexia/rewrite/hash-pinned-java/db-java/14-M3IndexDbSemanticBoundaryTest.java.txt
71104dfdc69bd0176698a1686de4c1e635c2f99826d9c9bda9270d40d4d80c63	28214	evidence/consumer-v4/work/m3/tooling/migration-recipes/target/classes/com/synexia/rewrite/hash-pinned-java/db-java/15-M3IndexDbSemanticFailClosedTest.java.txt
a54c81ff8081ca970822ad4b948578e25e184758f2b99fa9bede6fdb68458032	27462	evidence/consumer-v4/work/m3/tooling/migration-recipes/target/classes/com/synexia/rewrite/hash-pinned-java/db-java/16-M3IndexDbSemanticIndexTest.java.txt
7008d20aa5923fdf747dbcfd3f27451be8ffc5ac09987ddeb8260077a107829f	7365	evidence/consumer-v4/work/m3/tooling/migration-recipes/target/classes/com/synexia/rewrite/hash-pinned-java/db-java/17-M3IndexDbStoreBoundaryTest.java.txt
44369e8fd1e69e3c0b5270bd39841fc862bb4ee0cc26fcc7b952f806dd7edcc3	2906	evidence/consumer-v4/work/m3/tooling/migration-recipes/target/classes/com/synexia/rewrite/hash-pinned-java/db-java/manifest.tsv
847e23f5ea4f8f4bc889c61bda6dfc638442ae105e6b3ef70081ddb102d3c001	17603	evidence/consumer-v4/work/m3/tooling/migration-recipes/target/classes/com/synexia/rewrite/hash-pinned-java/db-mark/00-Test.java.txt
48d1159aa0900c54e9e8e5910a0ca5dda759e2e3d1868ed6ded93647f598b384	15314	evidence/consumer-v4/work/m3/tooling/migration-recipes/target/classes/com/synexia/rewrite/hash-pinned-java/db-mark/before-Test.java.txt
526ee42aca43af5d10f6d2daf561f7cbb2a533feca8320f4b438e4f502edd8a6	203	evidence/consumer-v4/work/m3/tooling/migration-recipes/target/classes/com/synexia/rewrite/hash-pinned-java/db-mark/manifest.tsv
90c999027092ac250b3f1a19556268bde96879761735eb4f142260b17bece72a	12753	evidence/consumer-v4/work/m3/tooling/migration-recipes/target/classes/com/synexia/rewrite/hash-pinned-java/db-parse/00-Codec.java.txt
bf3b6377174b869ef85dc2e513363dc47c6d516baab276884e6e56f96b690f24	7633	evidence/consumer-v4/work/m3/tooling/migration-recipes/target/classes/com/synexia/rewrite/hash-pinned-java/db-parse/01-DbParseTest.java.txt
c513c0740432cc23798875a2af3db33be3e0c0550b471cc079dd544d6c39f5ec	3086	evidence/consumer-v4/work/m3/tooling/migration-recipes/target/classes/com/synexia/rewrite/hash-pinned-java/db-parse/02-DbProbe.java.txt
f54c493da12252965a6697c5bf71b96881068d168cd03666dfce4ccda7d66f0a	10912	evidence/consumer-v4/work/m3/tooling/migration-recipes/target/classes/com/synexia/rewrite/hash-pinned-java/db-parse/before-00-Codec.java.txt
8d4e2a3afdab73eff23bcd6cc436f409ba68eb2516a2ba583fc69c4435e42323	481	evidence/consumer-v4/work/m3/tooling/migration-recipes/target/classes/com/synexia/rewrite/hash-pinned-java/db-parse/manifest.tsv
233cbae58e7bf8ffb67aeb56ee5418996aceca624bde4e35fcf0f54b52afb79b	3779	evidence/consumer-v4/work/m3/tooling/migration-recipes/target/classes/com/synexia/rewrite/hash-pinned-java/document-javadoc-contract/after.java.txt
496624f1f8612f3c39ea20c6f77fa0dc0594fa13c378b2f2a3a06143c739df1c	3073	evidence/consumer-v4/work/m3/tooling/migration-recipes/target/classes/com/synexia/rewrite/hash-pinned-java/document-javadoc-contract/before.java.txt
1b01ee07dec3427ff43837f00297a8e81aee5eabfa9a2d643b4752ac3f3e1991	241	evidence/consumer-v4/work/m3/tooling/migration-recipes/target/classes/com/synexia/rewrite/hash-pinned-java/document-javadoc-contract/manifest.tsv
7200f7a0dd89cc6019f5e0dc51738064a28d36b3bfda023f189447a3dc43e27f	7103	evidence/consumer-v4/work/m3/tooling/migration-recipes/target/classes/com/synexia/rewrite/hash-pinned-java/gate-java/00-GateTest.java.txt
7e5564f2e11aaed7c75409a6de4ddd95cde69c262d2072b86b73cb16cebf08d5	12472	evidence/consumer-v4/work/m3/tooling/migration-recipes/target/classes/com/synexia/rewrite/hash-pinned-java/gate-java/01-M3Jep458BackportRecipeTest.java.txt
e6d4c6b265bd15999e6aa27f960b96092961e966da9fc72bc93c61ef820ba215	5438	evidence/consumer-v4/work/m3/tooling/migration-recipes/target/classes/com/synexia/rewrite/hash-pinned-java/gate-java/02-M3VerbatimJavaPairRecipeTest.java.txt
a79bd712e4ffc0d1ba0d4a7fba9c064f94420fbde8c63e7b2a91496d443e4b7c	8280	evidence/consumer-v4/work/m3/tooling/migration-recipes/target/classes/com/synexia/rewrite/hash-pinned-java/gate-java/03-M3RecipeScopeDeclarationTest.java.txt
46d8f894d23d2a5609126580f950549b1c1a6dedb7c8867b783d992cf9a911e0	3254	evidence/consumer-v4/work/m3/tooling/migration-recipes/target/classes/com/synexia/rewrite/hash-pinned-java/gate-java/04-M3MIndexJniNewStringAdmissionRecipeTest.java.txt
0453146bf4e6ac3759572a026f711089e026146a04465eeabfafc74451cfead9	3209	evidence/consumer-v4/work/m3/tooling/migration-recipes/target/classes/com/synexia/rewrite/hash-pinned-java/gate-java/05-M3MIndexJoinedCharsViewRecipeTest.java.txt
5eaf5a99083e11272778bc3dcc4f04b40ea3f16d99d8e5b9885ab4c8206e011d	3305	evidence/consumer-v4/work/m3/tooling/migration-recipes/target/classes/com/synexia/rewrite/hash-pinned-java/gate-java/06-M3MIndexStringBulkCharBoundaryRecipeTest.java.txt
174254a5e08a8a255813df22b31bd716ebc865000ec9dac059e71d801166b5d8	9706	evidence/consumer-v4/work/m3/tooling/migration-recipes/target/classes/com/synexia/rewrite/hash-pinned-java/gate-java/before-01-M3Jep458BackportRecipeTest.java.txt
5110ce38a46fa9f89afecda54f4c2557c0a9108d2631565375dbcb068a47970b	5097	evidence/consumer-v4/work/m3/tooling/migration-recipes/target/classes/com/synexia/rewrite/hash-pinned-java/gate-java/before-02-M3VerbatimJavaPairRecipeTest.java.txt
ef784295416de5e91d1821b67655fecd0ec02a0e44201d73b977c84389076f24	7821	evidence/consumer-v4/work/m3/tooling/migration-recipes/target/classes/com/synexia/rewrite/hash-pinned-java/gate-java/before-03-M3RecipeScopeDeclarationTest.java.txt
a5b11ae3aecb6cd2fb5a66e99f02d59055f3605fddb4dcd4c5b864f0483d7f7e	2117	evidence/consumer-v4/work/m3/tooling/migration-recipes/target/classes/com/synexia/rewrite/hash-pinned-java/gate-java/before-04-M3MIndexJniNewStringAdmissionRecipeTest.java.txt
17b6da8f1a87eca11ababf2011bede51aa69b43e2823f8eff3c9569b6307b661	2980	evidence/consumer-v4/work/m3/tooling/migration-recipes/target/classes/com/synexia/rewrite/hash-pinned-java/gate-java/before-05-M3MIndexJoinedCharsViewRecipeTest.java.txt
8604ab86f7224a176195a09b7fe38b9c84d3ea1cd0bae7da6154248615688260	2166	evidence/consumer-v4/work/m3/tooling/migration-recipes/target/classes/com/synexia/rewrite/hash-pinned-java/gate-java/before-06-M3MIndexStringBulkCharBoundaryRecipeTest.java.txt
70e886e7201a8b5f507b6ade08ba338bdac5410d761d4b35b9013852db3888bd	1640	evidence/consumer-v4/work/m3/tooling/migration-recipes/target/classes/com/synexia/rewrite/hash-pinned-java/gate-java/manifest.tsv
4620bec8fa489b8dcfb8960d8979bfb75517d7893b5f26546d1abaf9f629800e	10998	evidence/consumer-v4/work/m3/tooling/migration-recipes/target/classes/com/synexia/rewrite/hash-pinned-java/jdk-focus-a3/after.java.txt
f69f06564a88fcdc851d267e07f1def2586963d4f14bc552986529d7db8ec8e0	10557	evidence/consumer-v4/work/m3/tooling/migration-recipes/target/classes/com/synexia/rewrite/hash-pinned-java/jdk-focus-a3/before.java.txt
897cd98a7a41ced925f792af67642e82eb5f3026ca3bc69064edb868745184b3	211	evidence/consumer-v4/work/m3/tooling/migration-recipes/target/classes/com/synexia/rewrite/hash-pinned-java/jdk-focus-a3/manifest.tsv
5fa8a82e3655a675aa0d1e21ba456a7dae272776c605eeba4af22a9dbc7eaa56	2595	evidence/consumer-v4/work/m3/tooling/migration-recipes/target/classes/com/synexia/rewrite/hash-pinned-java/m3-collection-lanes/M3Address28.java.txt
1964daa513d98b295ad13ad820519a56af6f29916063860c4c8ec8bf7d3baaa2	7589	evidence/consumer-v4/work/m3/tooling/migration-recipes/target/classes/com/synexia/rewrite/hash-pinned-java/m3-collection-lanes/M3BitLane28.java.txt
529fd9055caa62cc1b4d3d008fef2765572836cc297565d11b1aea1a279a7179	1559	evidence/consumer-v4/work/m3/tooling/migration-recipes/target/classes/com/synexia/rewrite/hash-pinned-java/m3-collection-lanes/M3Collections.java.txt
bb1486f22518957d1fa1f951ef78b312364de5a736aff17ae5a543fe1765a4c5	6285	evidence/consumer-v4/work/m3/tooling/migration-recipes/target/classes/com/synexia/rewrite/hash-pinned-java/m3-collection-lanes/M3ConcurrentBitSet.java.txt
baaa8de6567da94efba77b1363b5629755e5394a6fe951976dc552622ddd0573	7533	evidence/consumer-v4/work/m3/tooling/migration-recipes/target/classes/com/synexia/rewrite/hash-pinned-java/m3-collection-lanes/M3ConcurrentIntLane28.java.txt
4a72dcca1648cbd3cf9f2d9bbec526de13fb50464d6b2ed19b101182541f7e5a	7340	evidence/consumer-v4/work/m3/tooling/migration-recipes/target/classes/com/synexia/rewrite/hash-pinned-java/m3-collection-lanes/M3ConcurrentLaneContractTest.java.txt
727666e9ad92ab6ab1a41e625307baa70ef08c1397954c2aa362282a137c46ea	7583	evidence/consumer-v4/work/m3/tooling/migration-recipes/target/classes/com/synexia/rewrite/hash-pinned-java/m3-collection-lanes/M3ConcurrentLongLane28.java.txt
00b8882f22b664552ae9dae4c37ab243b7fc1fb8159b80b5b74e180b4dfd7698	6637	evidence/consumer-v4/work/m3/tooling/migration-recipes/target/classes/com/synexia/rewrite/hash-pinned-java/m3-collection-lanes/M3ConcurrentLongMap.java.txt
7a7e71695a1106f6cefc43e2ba0883eec78abf44f4bf72ead6d094991d6366d6	3876	evidence/consumer-v4/work/m3/tooling/migration-recipes/target/classes/com/synexia/rewrite/hash-pinned-java/m3-collection-lanes/M3ConcurrentLongSet.java.txt
771b1450d137874e7c3e08d4e9bee405a6cf88aa6695a9fd4c3616be4ae34d18	6912	evidence/consumer-v4/work/m3/tooling/migration-recipes/target/classes/com/synexia/rewrite/hash-pinned-java/m3-collection-lanes/M3IntLane28.java.txt
f797998ca57b353f7c44ae48f3d65eeaddec6182066cec0f56c8526d71355e60	2316	evidence/consumer-v4/work/m3/tooling/migration-recipes/target/classes/com/synexia/rewrite/hash-pinned-java/m3-collection-lanes/M3LongArena28.java.txt
ea0c1aa0957f7bafd5cf2892cbe483c98d5772192f81cc3c467d53ab5c1c7531	2310	evidence/consumer-v4/work/m3/tooling/migration-recipes/target/classes/com/synexia/rewrite/hash-pinned-java/m3-collection-lanes/M3LongCollection.java.txt
9d10e476f5d1664a1028fe52406ab05421758961c6d3d5cf163241e058a3f201	554	evidence/consumer-v4/work/m3/tooling/migration-recipes/target/classes/com/synexia/rewrite/hash-pinned-java/m3-collection-lanes/M3LongIterator.java.txt
5e35c6c646389c582585b684a4e6224bb968cf2f7b669598eb88920ab1538960	7204	evidence/consumer-v4/work/m3/tooling/migration-recipes/target/classes/com/synexia/rewrite/hash-pinned-java/m3-collection-lanes/M3LongLane28.java.txt
e12261ea8149c9b6cedcfb08915699ec344a57eaed15f68060a9927717eb44a1	4470	evidence/consumer-v4/work/m3/tooling/migration-recipes/target/classes/com/synexia/rewrite/hash-pinned-java/m3-collection-lanes/M3LongLaneStore28.java.txt
2db7c6ba3342a58fdce49c3e988ded51ece2de336575d225edb6cca75cd483c2	5940	evidence/consumer-v4/work/m3/tooling/migration-recipes/target/classes/com/synexia/rewrite/hash-pinned-java/m3-collection-lanes/M3LongLinkedList28.java.txt
a9be525afc8c71fa191625dc69c60f76273299832744392435a5739006c8d15c	326	evidence/consumer-v4/work/m3/tooling/migration-recipes/target/classes/com/synexia/rewrite/hash-pinned-java/m3-collection-lanes/M3LongLongConsumer.java.txt
9a7487453e0bd2369b56e7e17dedb79e2eba8919944772ec0407c95833458ae7	4760	evidence/consumer-v4/work/m3/tooling/migration-recipes/target/classes/com/synexia/rewrite/hash-pinned-java/m3-collection-lanes/M3SlotAllocator28.java.txt
f2ea51cf92b35489ca0bc3c6555850ff9ceee45a1459eb0af06f19feaff810ce	7117	evidence/consumer-v4/work/m3/tooling/migration-recipes/target/classes/com/synexia/rewrite/hash-pinned-java/m3-collection-lanes/SegmentedLaneBulkContractTest.java.txt
b202adb68518e47c49ceddc4f21e52c7bb48c387b3f1ee08baceaf8a930eb44c	6641	evidence/consumer-v4/work/m3/tooling/migration-recipes/target/classes/com/synexia/rewrite/hash-pinned-java/m3-collection-lanes/SegmentedPrimitiveStorageTest.java.txt
cfd99d1d4cfd40371718188e695221d6aee88eb9579a815f0f0e3b05643f2054	3285	evidence/consumer-v4/work/m3/tooling/migration-recipes/target/classes/com/synexia/rewrite/hash-pinned-java/m3-collection-lanes/manifest.tsv
e531b318ea4cbc6ca09bb3e52cb1a70ee4539ccf78d8b61b0f73bcf3027db557	165	evidence/consumer-v4/work/m3/tooling/migration-recipes/target/classes/com/synexia/rewrite/hash-pinned-java/m3-collection-lanes/module-info.java.txt
068cc68a4968c1f8aed45d7ff73a9bfca8dc19723015cd739728cbd56d90150d	205038	evidence/consumer-v4/work/m3/tooling/migration-recipes/target/classes/com/synexia/rewrite/hash-pinned-java/mindex-jni-newstring-admission/String.java.before.txt
5f1c19dd6d46c12f5b3baf72422ae7e68975e41df4303451a1db2299c8581601	205581	evidence/consumer-v4/work/m3/tooling/migration-recipes/target/classes/com/synexia/rewrite/hash-pinned-java/mindex-jni-newstring-admission/String.java.txt
2a5c781c50f48e19f3f9ec0ba99cb6f894e76779b088dc7d04d3ddda73251245	239	evidence/consumer-v4/work/m3/tooling/migration-recipes/target/classes/com/synexia/rewrite/hash-pinned-java/mindex-jni-newstring-admission/manifest.tsv
88f4d3b3b04e41c34f171a38f30a320af91561ba72fa89a35750e1da7b9854c1	25258	evidence/consumer-v4/work/m3/tooling/migration-recipes/target/classes/com/synexia/rewrite/hash-pinned-java/mindex-string-bulk-char-boundary/MIndexString.java.before.txt
1399b110a329f39ee1c40df2d9bb9af216d0e512a343b5fcf641fb67b39a3c87	26303	evidence/consumer-v4/work/m3/tooling/migration-recipes/target/classes/com/synexia/rewrite/hash-pinned-java/mindex-string-bulk-char-boundary/MIndexString.java.txt
4e51fd1acaf8a22036d2dc5d0b405509f3f469d6e4054c8a0a4133cfe230d7a4	251	evidence/consumer-v4/work/m3/tooling/migration-recipes/target/classes/com/synexia/rewrite/hash-pinned-java/mindex-string-bulk-char-boundary/manifest.tsv
12c1e5cebc488f9d4669d668caf004854c436812122ec63bf1173d3ae3a57d3c	6987	evidence/consumer-v4/work/m3/tooling/migration-recipes/target/classes/com/synexia/rewrite/hash-pinned-java/pack-version/00-M3ModuleInspector.java.txt
e4d7aebde2db036fc5eaa9ced964b9e6ca3ccf05a88c54ad7c83a8f59be568c2	9133	evidence/consumer-v4/work/m3/tooling/migration-recipes/target/classes/com/synexia/rewrite/hash-pinned-java/pack-version/01-VersionProbe.java.txt
b82d64a1417831a61386ce439a4b00c4904893e20de613c7e5adacaab4a52f29	531	evidence/consumer-v4/work/m3/tooling/migration-recipes/target/classes/com/synexia/rewrite/hash-pinned-java/pack-version/02-VersionTest.java.txt
6e3599202a1afc6f1971c6a88b8c8e5d31f410c9295e87e85d5e46c779c5905e	6693	evidence/consumer-v4/work/m3/tooling/migration-recipes/target/classes/com/synexia/rewrite/hash-pinned-java/pack-version/before-00-M3ModuleInspector.java.txt
d0166513af5e163700a832139bdf40f467f382f4e7b3d48a7dfa0ae7b94a0fc1	525	evidence/consumer-v4/work/m3/tooling/migration-recipes/target/classes/com/synexia/rewrite/hash-pinned-java/pack-version/manifest.tsv
d8560c0d8f10043c2da6b15a4ede378791a286d4b919c5dd3999b10300981e36	6355	evidence/consumer-v4/work/m3/tooling/migration-recipes/target/classes/com/synexia/rewrite/hash-pinned-java/scope-backslash-literal/after.java.txt
fd34ae842ba65bb843c2bba8df30926a8b2ba71df7cda76b4db8ed3a0be2da92	6354	evidence/consumer-v4/work/m3/tooling/migration-recipes/target/classes/com/synexia/rewrite/hash-pinned-java/scope-backslash-literal/before.java.txt
0b68d3c7541f21b7f45cf548a098079aae36934c3da31183f1e28567558ffe15	231	evidence/consumer-v4/work/m3/tooling/migration-recipes/target/classes/com/synexia/rewrite/hash-pinned-java/scope-backslash-literal/manifest.tsv
cb50139594817d5cb2477c4d67148d4aed2174299f05cff9a3b24416139bc6b4	4037	evidence/consumer-v4/work/m3/tooling/migration-recipes/target/classes/com/synexia/rewrite/m3port/FrozenBytes.java.before.txt
0c03ca0ed8b42212fa92e4d5f9325ba864f8d11928cd6a0b030b861f668f0657	3868	evidence/consumer-v4/work/m3/tooling/migration-recipes/target/classes/com/synexia/rewrite/m3port/FrozenChars.java.before.txt
206cd1ecb96bec037c59b531c13dd7029e4ce79f1b50bfdfccc64dfd6279e74b	3259	evidence/consumer-v4/work/m3/tooling/migration-recipes/target/classes/com/synexia/rewrite/m3port/MIndexJoinedBytes.java.before.txt
964f0fc3611f259562adca7f7a9ec581d149f16b4dfcc9a3c775a2a8ca53f864	7282	evidence/consumer-v4/work/m3/tooling/migration-recipes/target/classes/com/synexia/rewrite/m3port/MIndexJoinedChars.java.after.txt
712c1c795ff1e0d6dea099eaec8fa6e64803adfc12bad6f31970b722c659d396	5188	evidence/consumer-v4/work/m3/tooling/migration-recipes/target/classes/com/synexia/rewrite/m3port/MIndexJoinedChars.java.before.txt
f42c548a4fd47d3dac43283082125232e04d5f13f28b63521832493394176337	10303	evidence/consumer-v4/work/m3/tooling/migration-recipes/target/classes/com/synexia/rewrite/m3port/MIndexJoinedStorageIntern.java.before.txt
a4f0e0cd7b3e8701aba21b8b14b068cc2d3822e17dc066daa442cbc580404a80	5955	evidence/consumer-v4/work/m3/tooling/migration-recipes/target/classes/com/synexia/rewrite/m3port/MIndexJoinedStreams.java.before.txt
5a3e0171a9483794ef27e45a7f04b6218e38cbf302f1715a0e5e06fd8bcb76d9	771	evidence/consumer-v4/work/m3/tooling/migration-recipes/target/classes/com/synexia/rewrite/m3port/source.properties
4ff7fb4557c58cc59de7fbb24498f3df2a197083a5cd467670dc24b9441f1210	3458	evidence/consumer-v4/work/m3/tooling/migration-recipes/target/classes/com/synexia/rewrite/segmented-lane-native/segmented_bit_lane.c.txt
1333a9cf8b96b8c919d1c098899648d0a82cdce7e775167fe3ff2e571c54ec67	1815	evidence/consumer-v4/work/m3/tooling/migration-recipes/target/descriptor-candidate/src/java.base/share/classes/jdk/internal/mindex/M3Descriptor.java
4c7fc3b36ac32873e6f4f6e7aecc71b0e1bfe82a85b61a3114cf7e88a057b578	9136	evidence/consumer-v4/work/m3/tooling/migration-recipes/target/descriptor-candidate/test/jdk/jdk/internal/mindex/descriptor/com/m3/descriptor/DescriptorTest.java
ec176cec299a8966d5fbe1e4375bcb9d209c615ba26098d46ec9d86020c004ee	232187	evidence/consumer-v4/work/m3/tooling/migration-recipes/target/jacoco.exec
96e0cee17b237304188c59d3330c74f955f02cabd96f8a15d7b52b8a9214171c	96	evidence/consumer-v4/work/m3/tooling/migration-recipes/target/m3-recipe-lab/COUNTS.tsv
8b45b7018869cba742cee90435df86a1fdaae00658cc68ecb81b40d2b160c0ea	472	evidence/consumer-v4/work/m3/tooling/migration-recipes/target/m3-recipe-lab/PROJECT.tsv
d27cdd590dd909cf36b72627dd60b0106cb15848c76c4a8b2b64ac8645f301af	80146	evidence/consumer-v4/work/m3/tooling/migration-recipes/target/m3-spectrum/CORPUS.tsv
1beb5412f27498ac0d2a6a79141831e7bdc60b959e6403a1d15e78c3165c7f75	66	evidence/consumer-v4/work/m3/tooling/migration-recipes/target/m3-spectrum/CORPUS_COUNTS.tsv
5511fe63c8ff4c8aa58315fabd0642a2e12f4e67d5497a80830938ce2c0cfb02	227	evidence/consumer-v4/work/m3/tooling/migration-recipes/target/m3-spectrum/COUNTS.tsv
d72b758e21facd4c79e96443b6954275a6a78bbff7e54b521764cd3bd038b47b	121	evidence/consumer-v4/work/m3/tooling/migration-recipes/target/m3-spectrum/M3_GROUP.tsv
f458245c5e1bcc8bfff9edbd0a9a13b1a0df3a2bbab9fa1a36ecd02e18bddd8f	7655	evidence/consumer-v4/work/m3/tooling/migration-recipes/target/m3-spectrum/PERMUTATIONS.tsv
4f6c17a035e64106f172b488fded9b565d1af48d6a8ecbd4700b3ff0cc2cd1e1	4448	evidence/consumer-v4/work/m3/tooling/migration-recipes/target/materialized/atom-pattern-spectrum/M3AtomizePureIntReturnRecipe.java
b831177cbaaeca359a0b397eb4c74c0caf86c27666db702ef4492a42c210cd9f	2706	evidence/consumer-v4/work/m3/tooling/migration-recipes/target/materialized/atom-pattern-spectrum/M3PatternizePureIntAtomRecipe.java
a3cfd6f3d971d5785c558327c2220abfde929e7bd15c1b5ae79d258b9cd978a6	429	evidence/consumer-v4/work/m3/tooling/migration-recipes/target/materialized/atom-pattern-spectrum/MATERIALIZATION.tsv
a945ef5234441afa923e9feff9f342f2554e0d78493f7f5b87adb9a6ad0766f4	75	evidence/consumer-v4/work/m3/tooling/migration-recipes/target/maven-archiver/pom.properties
29eccae2fe1cb3535bf8e9f528c5125bcb3743a2c0cb86b14088c8416e61074f	4156	evidence/consumer-v4/work/m3/tooling/migration-recipes/target/maven-status/maven-compiler-plugin/compile/default-compile/createdFiles.lst
8a6c5bf23367f831871d1464067a815a596106b6347207a74416882c3009b589	7058	evidence/consumer-v4/work/m3/tooling/migration-recipes/target/maven-status/maven-compiler-plugin/compile/default-compile/inputFiles.lst
47993a01528df3cc20ebf17e131e072e5d5a72f113c42639e127ca288570a490	4024	evidence/consumer-v4/work/m3/tooling/migration-recipes/target/maven-status/maven-compiler-plugin/testCompile/default-testCompile/createdFiles.lst
91465887d6aec27607333e642ff184404bf1c4806bcb685debf32e0a4a56b863	12441	evidence/consumer-v4/work/m3/tooling/migration-recipes/target/maven-status/maven-compiler-plugin/testCompile/default-testCompile/inputFiles.lst
4620bec8fa489b8dcfb8960d8979bfb75517d7893b5f26546d1abaf9f629800e	10998	evidence/consumer-v4/work/m3/tooling/migration-recipes/target/recipe-closure/src/main/java/com/m3/rewrite/a3/M3A3AlgorithmCatalogueRecipe.java
ea31026be2f699923e4dfcc6fa906cee77eb5a46bdb9a32948948bfdfe19cebb	7151	evidence/consumer-v4/work/m3/tooling/migration-recipes/target/recipe-closure/src/main/java/com/m3/rewrite/atom/M3PureIntAtomEligibility.java
9ba3245512f18e3d921b6a8d013cea05a70b5a84c473b34dbd574ba55a1978d4	4112	evidence/consumer-v4/work/m3/tooling/migration-recipes/target/recipe-closure/src/main/java/com/m3/rewrite/scope/M3RecipeScopeRegistry.java
cf1c56ebf8fc2df3778cd56e34240da7c3ba722cb2949e8957b81157abf8b9ba	8378	evidence/consumer-v4/work/m3/tooling/migration-recipes/target/recipe-closure/src/test/java/com/m3/rewrite/scope/M3RecipeScopeDeclarationTest.java
0f356d12d2308f97b1a05b6214db60071d7c74a0d90cb49bb639085b863a4a6b	2905	evidence/consumer-v4/work/m3/tooling/migration-recipes/target/site/jacoco/com.m3.rewrite.a3/M3A3AlgorithmCatalogueManifest$Target.html
e947b86a0eb0f4d28c284b555f2cc48ad8589159e32bcbdf4f73bbb64a2c9a16	2815	evidence/consumer-v4/work/m3/tooling/migration-recipes/target/site/jacoco/com.m3.rewrite.a3/M3A3AlgorithmCatalogueManifest.html
e1f718f2ea72aa3d1214c87130d4ddbfae98546fb9d520453229ad9810b6a086	4136	evidence/consumer-v4/work/m3/tooling/migration-recipes/target/site/jacoco/com.m3.rewrite.a3/M3A3AlgorithmCatalogueManifest.java.html
4153f3a75516ea3f997e061ed5aaf4077a8b58caa0556c3112729cbac11aeae6	3656	evidence/consumer-v4/work/m3/tooling/migration-recipes/target/site/jacoco/com.m3.rewrite.a3/M3A3AlgorithmCatalogueRecipe$1.html
88d6978af4e5fa292f6137b58e86d1d47936ac0502ac70843f1a40b87b39d339	2873	evidence/consumer-v4/work/m3/tooling/migration-recipes/target/site/jacoco/com.m3.rewrite.a3/M3A3AlgorithmCatalogueRecipe$2.html
5d951dca43000557aecfadaa0545c71cb7cc9aaf21f6d6a7f5b0bcbbdde4b2f7	3659	evidence/consumer-v4/work/m3/tooling/migration-recipes/target/site/jacoco/com.m3.rewrite.a3/M3A3AlgorithmCatalogueRecipe$3.html
226750f6d8430ba8733b8cb8998d16c4d96307776b5f0cf6a2b70d1bfbf5319a	2868	evidence/consumer-v4/work/m3/tooling/migration-recipes/target/site/jacoco/com.m3.rewrite.a3/M3A3AlgorithmCatalogueRecipe$Inventory.html
2b3b14f474b55b074af51e4214cb9f224b1cb921df869de7d90926c29cb55648	19422	evidence/consumer-v4/work/m3/tooling/migration-recipes/target/site/jacoco/com.m3.rewrite.a3/M3A3AlgorithmCatalogueRecipe.html
ee082106dbdd4b490749fd3051020b018405669d58d03ff2c7c5b1bf6e3006dc	17936	evidence/consumer-v4/work/m3/tooling/migration-recipes/target/site/jacoco/com.m3.rewrite.a3/M3A3AlgorithmCatalogueRecipe.java.html
1b0ab5895d111e316029882c76ce2fd3b31c79d12be447466f3dc3dd947f3b18	2885	evidence/consumer-v4/work/m3/tooling/migration-recipes/target/site/jacoco/com.m3.rewrite.a3/M3A3SerialFileWorkManifest$Target.html
eb9d49c6ae7eba8dbce6571ff6746dd42613c06819800aaee0e57f57d24e70cf	2799	evidence/consumer-v4/work/m3/tooling/migration-recipes/target/site/jacoco/com.m3.rewrite.a3/M3A3SerialFileWorkManifest.html
56e77fd9b9f557acdb49dbb50f06c3cc0df6e0252006b81efa9c6e5e6c89dddb	4447	evidence/consumer-v4/work/m3/tooling/migration-recipes/target/site/jacoco/com.m3.rewrite.a3/M3A3SerialFileWorkManifest.java.html
528adb53084f3c2c0e08d95acc3c298d934c1d471d7121c79a31d264bff1d0fb	3474	evidence/consumer-v4/work/m3/tooling/migration-recipes/target/site/jacoco/com.m3.rewrite.a3/M3A3SerialFileWorkRecipe$1.html
b59a46ede58aec15bde4dcf50e7dd0e4c82897a36517e504363a8136188e4339	2857	evidence/consumer-v4/work/m3/tooling/migration-recipes/target/site/jacoco/com.m3.rewrite.a3/M3A3SerialFileWorkRecipe$2.html
9327ba71acc3ec1083c58b7b371784c929e1960da91861eb061cd727b1b95a20	3476	evidence/consumer-v4/work/m3/tooling/migration-recipes/target/site/jacoco/com.m3.rewrite.a3/M3A3SerialFileWorkRecipe$3.html
73195d9aa1df0ed597f11999e1d34bce61442774f5d2ffd1cf72b3aba82c110b	2848	evidence/consumer-v4/work/m3/tooling/migration-recipes/target/site/jacoco/com.m3.rewrite.a3/M3A3SerialFileWorkRecipe$Inventory.html
57ef200c984f2e2390cd0017af2a75a36ce276eeb3ccd41d69e3cbee8fecc65b	18140	evidence/consumer-v4/work/m3/tooling/migration-recipes/target/site/jacoco/com.m3.rewrite.a3/M3A3SerialFileWorkRecipe.html
942480dba628727f36bbd63d4710074e6c6b65e4dd7e851081fda597df6f318a	17353	evidence/consumer-v4/work/m3/tooling/migration-recipes/target/site/jacoco/com.m3.rewrite.a3/M3A3SerialFileWorkRecipe.java.html
93b5a0b06d7be948db49810c2f72c23542fa95c11017a717a3fc9d621f267d24	11741	evidence/consumer-v4/work/m3/tooling/migration-recipes/target/site/jacoco/com.m3.rewrite.a3/index.html
e9f97d1b4616f25be6f45469b952dfdfab2c988b6de85b00ab2406155efcba48	5353	evidence/consumer-v4/work/m3/tooling/migration-recipes/target/site/jacoco/com.m3.rewrite.a3/index.source.html
e133e6d981683057fefc788c6b1505673c712344680a2d5061be6b35c61e0298	3538	evidence/consumer-v4/work/m3/tooling/migration-recipes/target/site/jacoco/com.m3.rewrite.atom/M3AtomizePureIntReturnRecipe$1.html
e01fd821435064c90bb78414c52667d5079354f462d54d8d96c728f51fd80e05	4857	evidence/consumer-v4/work/m3/tooling/migration-recipes/target/site/jacoco/com.m3.rewrite.atom/M3AtomizePureIntReturnRecipe.html
fbd4ab0a48e8d531b213000aeb01ca85da962fb6b952f4d0989a1093831c4d66	6933	evidence/consumer-v4/work/m3/tooling/migration-recipes/target/site/jacoco/com.m3.rewrite.atom/M3AtomizePureIntReturnRecipe.java.html
fe98abb06df8356c3178d7a11db6ca671ee068ebb9938569876f60e3b7c12f56	3533	evidence/consumer-v4/work/m3/tooling/migration-recipes/target/site/jacoco/com.m3.rewrite.atom/M3DocumentPureIntAtomRecipe$1.html
83c972900c28a06646ead856a149b317104fcc95b38c392715fd3319405b4560	6612	evidence/consumer-v4/work/m3/tooling/migration-recipes/target/site/jacoco/com.m3.rewrite.atom/M3DocumentPureIntAtomRecipe.html
02f6a9d45b7fef4397c9e35acba3ba14bdecba85d16a75712a509286444e1b33	6889	evidence/consumer-v4/work/m3/tooling/migration-recipes/target/site/jacoco/com.m3.rewrite.atom/M3DocumentPureIntAtomRecipe.java.html
e0d38b254b0607ec5785cfa88744abf58de53eff8bd63545bec7b3b756026c14	5884	evidence/consumer-v4/work/m3/tooling/migration-recipes/target/site/jacoco/com.m3.rewrite.atom/M3FileAtomCandidateTable$Row.html
167bec9df14f0e4e456c35f6a9fc163002e4dd7b8b1866bc3f0453b865879fb9	2813	evidence/consumer-v4/work/m3/tooling/migration-recipes/target/site/jacoco/com.m3.rewrite.atom/M3FileAtomCandidateTable.html
2280fff81765720d2ec4aafb3fa60aaf5759de790236c959a39aaf5e0da08cd2	4467	evidence/consumer-v4/work/m3/tooling/migration-recipes/target/site/jacoco/com.m3.rewrite.atom/M3FileAtomCandidateTable.java.html
6b1b235c7fa5622f902fc0f0a1d4f3046d0686d6ee4852aac93639a0d313cf35	3556	evidence/consumer-v4/work/m3/tooling/migration-recipes/target/site/jacoco/com.m3.rewrite.atom/M3InventoryPureIntAtomCandidates$1.html
53036d20b3ddc214b5e4de882079c25f3915b2a0d316f9a75d3aadc4da4aa660	5410	evidence/consumer-v4/work/m3/tooling/migration-recipes/target/site/jacoco/com.m3.rewrite.atom/M3InventoryPureIntAtomCandidates.html
0cabbab1843283c06dbd4f91705e795128a5db1ee2240283c9c04b5816aa9e2c	4937	evidence/consumer-v4/work/m3/tooling/migration-recipes/target/site/jacoco/com.m3.rewrite.atom/M3InventoryPureIntAtomCandidates.java.html
42731f2f5d6023068af696011421b62033162349e284beced3a66898f6fad7e3	3540	evidence/consumer-v4/work/m3/tooling/migration-recipes/target/site/jacoco/com.m3.rewrite.atom/M3PatternizePureIntAtomRecipe$1.html
9157f40b1a3001bb74917decd1081a49054fb019c5790494217ceaecdc70da1c	5922	evidence/consumer-v4/work/m3/tooling/migration-recipes/target/site/jacoco/com.m3.rewrite.atom/M3PatternizePureIntAtomRecipe.html
d6069f1368582af54f267acba4bc86a8c8fb3572eea4e5bdc8ff88ec7316dd70	4911	evidence/consumer-v4/work/m3/tooling/migration-recipes/target/site/jacoco/com.m3.rewrite.atom/M3PatternizePureIntAtomRecipe.java.html
970544cbaa1c2da92e813916a53296880000f84205b56863ff7e6e81e3d5dd8a	6706	evidence/consumer-v4/work/m3/tooling/migration-recipes/target/site/jacoco/com.m3.rewrite.atom/M3PureIntAtomEligibility.html
f9773ae924fbb0bbe02c13e0a86799b9358eeecdf0a4f84e847cd696711c224b	13275	evidence/consumer-v4/work/m3/tooling/migration-recipes/target/site/jacoco/com.m3.rewrite.atom/M3PureIntAtomEligibility.java.html
46efd5cab64e5685d63134fee9fe59c4f8026e410d6cdcb0dc66c907d1812d6b	4847	evidence/consumer-v4/work/m3/tooling/migration-recipes/target/site/jacoco/com.m3.rewrite.atom/M3PureIntConvergenceRecipe.html
d270acd852f3efb414b9a5aefd87b507bf8fc122f2a03e62e4df03bc59b27f93	2900	evidence/consumer-v4/work/m3/tooling/migration-recipes/target/site/jacoco/com.m3.rewrite.atom/M3PureIntConvergenceRecipe.java.html
090c2cad69f60d4d22c29355ae2b15435f6fdcea27800bfd5f91592f737f8442	10096	evidence/consumer-v4/work/m3/tooling/migration-recipes/target/site/jacoco/com.m3.rewrite.atom/index.html
e5764a3591a2bfdbeca98c1c560e01cb8058071ccccf46d48ba35f396723b3fb	7049	evidence/consumer-v4/work/m3/tooling/migration-recipes/target/site/jacoco/com.m3.rewrite.atom/index.source.html
db69cc1c1009ed0774bd937c487ae1f2ae08a52c07fbdc95733521b52fefbc9b	3683	evidence/consumer-v4/work/m3/tooling/migration-recipes/target/site/jacoco/com.m3.rewrite.backport/M3Jdk21HashPinnedSnapshotRecipe$1.html
6e503011e186570d78d14c17621566842062a933c2c32c3fc4245e2644e9735f	3691	evidence/consumer-v4/work/m3/tooling/migration-recipes/target/site/jacoco/com.m3.rewrite.backport/M3Jdk21HashPinnedSnapshotRecipe$2.html
adfa8952d2916432ba9bb39c71d9583003350d9aed279042136f3250a2aa0ddb	2893	evidence/consumer-v4/work/m3/tooling/migration-recipes/target/site/jacoco/com.m3.rewrite.backport/M3Jdk21HashPinnedSnapshotRecipe$Inventory.html
22f41df56a75f2653e5f61c2932a6b954c68a3d3759ffed985816413d9b696c8	2907	evidence/consumer-v4/work/m3/tooling/migration-recipes/target/site/jacoco/com.m3.rewrite.backport/M3Jdk21HashPinnedSnapshotRecipe$Target.html
373e5a5598bf5f183a78e07d5434df580d640f463d9f443375f6c7df29eba16a	14214	evidence/consumer-v4/work/m3/tooling/migration-recipes/target/site/jacoco/com.m3.rewrite.backport/M3Jdk21HashPinnedSnapshotRecipe.html
765391961360d09232263705bf0541c5be3073ac0b7b071b24c4f42878c4449f	22692	evidence/consumer-v4/work/m3/tooling/migration-recipes/target/site/jacoco/com.m3.rewrite.backport/M3Jdk21HashPinnedSnapshotRecipe.java.html
142216ecb235f0e75a191ee39609ca2d318b9a4962e955339b21f69c5c7a1d5c	3705	evidence/consumer-v4/work/m3/tooling/migration-recipes/target/site/jacoco/com.m3.rewrite.backport/M3Jdk21HashPinnedTextSnapshotRecipe$1.html
1e8451c7c9db11ffeb46279527c5cb061701db5e2ea91433ddeacb8e8062fd61	3708	evidence/consumer-v4/work/m3/tooling/migration-recipes/target/site/jacoco/com.m3.rewrite.backport/M3Jdk21HashPinnedTextSnapshotRecipe$2.html
a4e6b6edb18241c21a422c7c7ad5c0fbc880da9ca34ff81899eb01a5d3476bb8	2913	evidence/consumer-v4/work/m3/tooling/migration-recipes/target/site/jacoco/com.m3.rewrite.backport/M3Jdk21HashPinnedTextSnapshotRecipe$Inventory.html
823a85a86fda1319e7b44b04e42990e656c8bb86d94a4cca25e746b967aeb863	2927	evidence/consumer-v4/work/m3/tooling/migration-recipes/target/site/jacoco/com.m3.rewrite.backport/M3Jdk21HashPinnedTextSnapshotRecipe$Target.html
f0985eaa3f907597a5a5d0cecaef8e105e6b0e31cca1329f2dbf311e6de41a42	13299	evidence/consumer-v4/work/m3/tooling/migration-recipes/target/site/jacoco/com.m3.rewrite.backport/M3Jdk21HashPinnedTextSnapshotRecipe.html
74d37671e88b4f39f0dc9cd147852e0693ee8458c4067a018e8b1ff2d2146800	20789	evidence/consumer-v4/work/m3/tooling/migration-recipes/target/site/jacoco/com.m3.rewrite.backport/M3Jdk21HashPinnedTextSnapshotRecipe.java.html
59f0c05c4699213b4e33166ea9a086112c410fb66d6c560d0ad959f42fbc8ee8	5354	evidence/consumer-v4/work/m3/tooling/migration-recipes/target/site/jacoco/com.m3.rewrite.backport/M3Jdk8347112BackportRecipe.html
7d95cff503e886efec9c079cae1dda34df0dd6d3f525de6efbe9fb050fe26e27	3668	evidence/consumer-v4/work/m3/tooling/migration-recipes/target/site/jacoco/com.m3.rewrite.backport/M3Jdk8347112BackportRecipe.java.html
5b8e718fe283e33a5639c1f8dc361f98896030451719693c99e42e6f0e2bf832	5354	evidence/consumer-v4/work/m3/tooling/migration-recipes/target/site/jacoco/com.m3.rewrite.backport/M3Jdk8364182BackportRecipe.html
e79e690cd0ce8c1509ca7d8448ec07f7407593ba19009004a2cd0672f5a627ed	3628	evidence/consumer-v4/work/m3/tooling/migration-recipes/target/site/jacoco/com.m3.rewrite.backport/M3Jdk8364182BackportRecipe.java.html
22516b3b5b553d766f4e27fc4e7237a4fb0a6f39dd81c5c49a8c70ec983d2dea	5489	evidence/consumer-v4/work/m3/tooling/migration-recipes/target/site/jacoco/com.m3.rewrite.backport/M3Jdk8367584JfrOptionsHelpBackportRecipe.html
cb4ad68ebb2050282973f414624bc3d4903d27ec6de0a179aca4d45902fe0d65	4312	evidence/consumer-v4/work/m3/tooling/migration-recipes/target/site/jacoco/com.m3.rewrite.backport/M3Jdk8367584JfrOptionsHelpBackportRecipe.java.html
0b7bebfd69c17d78830ba103712841ef4c8cb8c7599711123a4fe35976f34c84	5509	evidence/consumer-v4/work/m3/tooling/migration-recipes/target/site/jacoco/com.m3.rewrite.backport/M3Jdk8368692PasswordSystemInBackportRecipe.html
3cae55ca23cbe439901b4df2cf0316d573e5f173d7c836cdb999607db40ea6dc	3668	evidence/consumer-v4/work/m3/tooling/migration-recipes/target/site/jacoco/com.m3.rewrite.backport/M3Jdk8368692PasswordSystemInBackportRecipe.java.html
8be6d1f01b70e51dff9388a07fc1a637e395e21cd6066948cca9233e3ade0084	5351	evidence/consumer-v4/work/m3/tooling/migration-recipes/target/site/jacoco/com.m3.rewrite.backport/M3Jdk8374808BackportRecipe.html
08f8c869eedb58d97342c3b556a0107f467affed9126174cf2e3dcaeab567941	3348	evidence/consumer-v4/work/m3/tooling/migration-recipes/target/site/jacoco/com.m3.rewrite.backport/M3Jdk8374808BackportRecipe.java.html
6714b7900043aa365ee4876f77966164e7e88ad0a999d4bfafe83564d1981295	5314	evidence/consumer-v4/work/m3/tooling/migration-recipes/target/site/jacoco/com.m3.rewrite.backport/M3Jep458BackportRecipe.html
7aaec387878e8884a42d1aa841f43a7fb31b48f69d963c07b40f001e3c8ce57d	3641	evidence/consumer-v4/work/m3/tooling/migration-recipes/target/site/jacoco/com.m3.rewrite.backport/M3Jep458BackportRecipe.java.html
a3599adc9ece59798a642da96888b65043a88b9e244dbb5137da7568b3898eb2	3685	evidence/consumer-v4/work/m3/tooling/migration-recipes/target/site/jacoco/com.m3.rewrite.backport/M3VerbatimJavaPairRecipe$1.html
2072e848eef8d1ea7ca3e1d16cec06dfb4a789cd59f204be9d17d9bcb7202b82	9823	evidence/consumer-v4/work/m3/tooling/migration-recipes/target/site/jacoco/com.m3.rewrite.backport/M3VerbatimJavaPairRecipe.html
b9e95c83b0411e632c86d0cb693a060df5f6e9eac064b82acc2758ace610a4ec	10823	evidence/consumer-v4/work/m3/tooling/migration-recipes/target/site/jacoco/com.m3.rewrite.backport/M3VerbatimJavaPairRecipe.java.html
487d7cc3d7caa70e2705a05faf5522f68e8cafc0b96a78ec0c0d016e4b9598f3	15139	evidence/consumer-v4/work/m3/tooling/migration-recipes/target/site/jacoco/com.m3.rewrite.backport/index.html
5a8aaa0080f7ba8a30b4ccf92d3d91e73fb1ac352b7c797bc729d17752db6187	8617	evidence/consumer-v4/work/m3/tooling/migration-recipes/target/site/jacoco/com.m3.rewrite.backport/index.source.html
bd70edbeeed85502c7e0f69057167170f42fe3f9dbca97888ebc8c9d23f1f570	2756	evidence/consumer-v4/work/m3/tooling/migration-recipes/target/site/jacoco/com.m3.rewrite.scope/M3ContractMode.html
2e1836c02943900597e494f154895645bf5c460ed274f331dff8c1d360e19454	1721	evidence/consumer-v4/work/m3/tooling/migration-recipes/target/site/jacoco/com.m3.rewrite.scope/M3ContractMode.java.html
779934e0a378a5562ab3c65b377c5b22b63671b8902c4da7c76e9a1ab2d6337d	5007	evidence/consumer-v4/work/m3/tooling/migration-recipes/target/site/jacoco/com.m3.rewrite.scope/M3EditScope.html
989510200bbcd201f99153e95757e0712e35752b3f9d188a6076048e1667b81c	3393	evidence/consumer-v4/work/m3/tooling/migration-recipes/target/site/jacoco/com.m3.rewrite.scope/M3EditScope.java.html
c8eccae1c91239a07c1a4de6f41f517a473dd0a3d1137b435b5c8c371d1a442a	4031	evidence/consumer-v4/work/m3/tooling/migration-recipes/target/site/jacoco/com.m3.rewrite.scope/M3RecipeScopePolicy.html
2a3a099eded3c86444f0a5cd61e8d852a8b517fe56aebf089ea8b9eb495e2865	2964	evidence/consumer-v4/work/m3/tooling/migration-recipes/target/site/jacoco/com.m3.rewrite.scope/M3RecipeScopePolicy.java.html
075922a44fee071fabe11054fc55816ab21f7f612e4d73885438af5dc495a85d	6481	evidence/consumer-v4/work/m3/tooling/migration-recipes/target/site/jacoco/com.m3.rewrite.scope/M3RecipeScopeRegistry.html
1c64515515e8883893cc339c6c8e1518544a847c104308e94e37faaa74e5fb40	7072	evidence/consumer-v4/work/m3/tooling/migration-recipes/target/site/jacoco/com.m3.rewrite.scope/M3RecipeScopeRegistry.java.html
ec1c6b8e19932ea63847349eed457e43f0be503a4e5239129e142ee17020e3b3	2830	evidence/consumer-v4/work/m3/tooling/migration-recipes/target/site/jacoco/com.m3.rewrite.scope/M3ScopeInference$Location.html
5f6a7ced13fd506a1582e60cf0e91efc5d6dd1f395647c6970b1379c437bab82	5282	evidence/consumer-v4/work/m3/tooling/migration-recipes/target/site/jacoco/com.m3.rewrite.scope/M3ScopeInference.html
e4dfe026fcdcbbf77aa5fb50d25350e189031797cbe3645e2adbd3472b1a83f2	12659	evidence/consumer-v4/work/m3/tooling/migration-recipes/target/site/jacoco/com.m3.rewrite.scope/M3ScopeInference.java.html
e7ae24b3ec84b23ed624c282e532e0f63be0aff634793049451237e73c56a108	6195	evidence/consumer-v4/work/m3/tooling/migration-recipes/target/site/jacoco/com.m3.rewrite.scope/index.html
129e6535d5da234819aeb542d3935d38790457ae12b00cccd5ccc30639ce0fc2	5668	evidence/consumer-v4/work/m3/tooling/migration-recipes/target/site/jacoco/com.m3.rewrite.scope/index.source.html
e69b850851ef40dfaa49fbfc29ca9a19ad8e105149f9fb8c1017f5a6b410e99c	4206	evidence/consumer-v4/work/m3/tooling/migration-recipes/target/site/jacoco/com.m3.rewrite.semantic/M3SemanticHashRecipe$1.html
619d48cbcc213bd5dfde0fcfe1865c85b82bbd5d93ba17a546f8e012716b0863	5841	evidence/consumer-v4/work/m3/tooling/migration-recipes/target/site/jacoco/com.m3.rewrite.semantic/M3SemanticHashRecipe.html
c4655e41328e623174caa495476ad61a1663fc7ad932c897988f385c78d53d63	5065	evidence/consumer-v4/work/m3/tooling/migration-recipes/target/site/jacoco/com.m3.rewrite.semantic/M3SemanticHashRecipe.java.html
92a57f247e11071ad2eb16881ae8dc7a5660ea3df7f351c24a46599c83378dff	6833	evidence/consumer-v4/work/m3/tooling/migration-recipes/target/site/jacoco/com.m3.rewrite.semantic/M3SemanticHashTable$Row.html
7b9bece4e8d761470819f22f0f73ab874ef3315491fe88309ff55e8483456208	2792	evidence/consumer-v4/work/m3/tooling/migration-recipes/target/site/jacoco/com.m3.rewrite.semantic/M3SemanticHashTable.html
991ae432f8a7cefcef6e7be4125c67fc074fa545d2c4b077b2adc17f6715c24e	4794	evidence/consumer-v4/work/m3/tooling/migration-recipes/target/site/jacoco/com.m3.rewrite.semantic/M3SemanticHashTable.java.html
7da6cada80f33ab129c3655eac28736174770e580926b9511fd5f0944e295efe	2861	evidence/consumer-v4/work/m3/tooling/migration-recipes/target/site/jacoco/com.m3.rewrite.semantic/M3SemanticHasher$Fingerprint.html
8163d6bca17083dc85310ade6ee10b2949bf0b388a617f71e632bafba251c5d6	8058	evidence/consumer-v4/work/m3/tooling/migration-recipes/target/site/jacoco/com.m3.rewrite.semantic/M3SemanticHasher.html
25eac67ca920c92ff87fa27b30ce7fe4704f1faaaf8ace7a5cc82c3b3c86e035	11438	evidence/consumer-v4/work/m3/tooling/migration-recipes/target/site/jacoco/com.m3.rewrite.semantic/M3SemanticHasher.java.html
6188eb5a3bf427a42f593af0327ac32a91a4885f1643caa7eb6e0e32e8f12057	6420	evidence/consumer-v4/work/m3/tooling/migration-recipes/target/site/jacoco/com.m3.rewrite.semantic/index.html
9f59f57ac61ae802dc0952df1b1c00876d85fb070cf14979ebc7aa24e65576aa	4720	evidence/consumer-v4/work/m3/tooling/migration-recipes/target/site/jacoco/com.m3.rewrite.semantic/index.source.html
89d71300f2436b0576652f10890de94e778df946b912a925c7d5e863c1ff4a5f	3584	evidence/consumer-v4/work/m3/tooling/migration-recipes/target/site/jacoco/com.m3.rewrite/InstallIndexStringCompatibility$1.html
80965e031f8db6fd47f1599aee72c786ad1fdce439957ebdd72f488a588dd7c4	2861	evidence/consumer-v4/work/m3/tooling/migration-recipes/target/site/jacoco/com.m3.rewrite/InstallIndexStringCompatibility$State.html
2244b0a185e669b69e98c85309b028c96b3f6b1f1979914bf7971d510fc44f1c	9017	evidence/consumer-v4/work/m3/tooling/migration-recipes/target/site/jacoco/com.m3.rewrite/InstallIndexStringCompatibility.html
97fe136b8cad1335cd28b369ac4bdcdb5832148ba7fa531562de440cc0636bf6	9549	evidence/consumer-v4/work/m3/tooling/migration-recipes/target/site/jacoco/com.m3.rewrite/InstallIndexStringCompatibility.java.html
69f9ead5020a505b0456cda3f7f0b6c79364c5e2860f61865e0b0a6eeacd784d	4073	evidence/consumer-v4/work/m3/tooling/migration-recipes/target/site/jacoco/com.m3.rewrite/M3Java21ConvergenceCatalog.html
cbd5715254f220cbbb992a99eb2708fd3f938965166b92f714e77101c1dbab25	2757	evidence/consumer-v4/work/m3/tooling/migration-recipes/target/site/jacoco/com.m3.rewrite/M3Java21ConvergenceCatalog.java.html
570895fb8a86d9b665556c56b75862302b766842e128ce164242c87bdc5c6255	4829	evidence/consumer-v4/work/m3/tooling/migration-recipes/target/site/jacoco/com.m3.rewrite/M3Java21ConvergenceRecipe.html
5be653814985d9be7ff163b8aabfbf3edc8fbe27671549b1f574470955d2b463	3851	evidence/consumer-v4/work/m3/tooling/migration-recipes/target/site/jacoco/com.m3.rewrite/M3Java21ConvergenceRecipe.java.html
50c3ed6cac2c66d57e637478efed668faffc51bcf5b1767892ce5da7a88ad514	6086	evidence/consumer-v4/work/m3/tooling/migration-recipes/target/site/jacoco/com.m3.rewrite/index.html
08b0f9a9a70c8644f0a07ac36b2db8547081823e124d821b717c21aa7ad27529	4735	evidence/consumer-v4/work/m3/tooling/migration-recipes/target/site/jacoco/com.m3.rewrite/index.source.html
edbeacc1f3214df314f89866b9c0e9cad907a91d18b82669d19a59138dca7df1	3594	evidence/consumer-v4/work/m3/tooling/migration-recipes/target/site/jacoco/com.synexia.rewrite/M3HashPinnedJavaSnapshotRecipe$1.html
ebd6b352f140e6741e7204a401c2ae755f4b7638365f3a1f045bf899a9d6f106	3679	evidence/consumer-v4/work/m3/tooling/migration-recipes/target/site/jacoco/com.synexia.rewrite/M3HashPinnedJavaSnapshotRecipe$2.html
49c242e5775008d6ffef988dca2ebcdbeffdd04daf928d33d3fba9a044d5fcb1	2884	evidence/consumer-v4/work/m3/tooling/migration-recipes/target/site/jacoco/com.synexia.rewrite/M3HashPinnedJavaSnapshotRecipe$Inventory.html
2808daf5cfec9ff3130d993e8edeee9cc007eb434e13f0f502d0bd9c34ca1f08	2898	evidence/consumer-v4/work/m3/tooling/migration-recipes/target/site/jacoco/com.synexia.rewrite/M3HashPinnedJavaSnapshotRecipe$Target.html
adff75c91e02251424a258e154079a6062d2b2f016c86e5952fbfabdb47f25bc	15614	evidence/consumer-v4/work/m3/tooling/migration-recipes/target/site/jacoco/com.synexia.rewrite/M3HashPinnedJavaSnapshotRecipe.html
67cdf1d6039e776574e1c3af045455bf38c86c8623e7dae7e2d3ec7ec13ad6b8	22772	evidence/consumer-v4/work/m3/tooling/migration-recipes/target/site/jacoco/com.synexia.rewrite/M3HashPinnedJavaSnapshotRecipe.java.html
c99ca1bf607637e6e5d48743bfc91036a7facc2b343a39584e6d72024d14de99	3666	evidence/consumer-v4/work/m3/tooling/migration-recipes/target/site/jacoco/com.synexia.rewrite/M3MIndexJoinedCharsViewRecipe$1.html
6eca070d966bbb6f386f582734d85c204d4ed90b1a5b70f32cf44d0067c30ad1	3710	evidence/consumer-v4/work/m3/tooling/migration-recipes/target/site/jacoco/com.synexia.rewrite/M3MIndexJoinedCharsViewRecipe$2.html
f8a94f4af3fcbb12c3af7c4e3c8d820dfc595c150ce219e9dcfabd7d7e3379fb	2859	evidence/consumer-v4/work/m3/tooling/migration-recipes/target/site/jacoco/com.synexia.rewrite/M3MIndexJoinedCharsViewRecipe$State.html
181dbf6064646de4555972b79cc81f3bdc3e64b22cd09f5144c1ca96174dd27f	9557	evidence/consumer-v4/work/m3/tooling/migration-recipes/target/site/jacoco/com.synexia.rewrite/M3MIndexJoinedCharsViewRecipe.html
5d3dfe83445df7854caddaf34b0729fe0309f0a10008387ea524d1234f2c0009	11034	evidence/consumer-v4/work/m3/tooling/migration-recipes/target/site/jacoco/com.synexia.rewrite/M3MIndexJoinedCharsViewRecipe.java.html
ffe5d917d4ad0c87472d640bcc8e62d4f49b51a8cdfa7aea11251fb078623fd5	3476	evidence/consumer-v4/work/m3/tooling/migration-recipes/target/site/jacoco/com.synexia.rewrite/M3SegmentedLaneNativeRecipe$1.html
ab0b8e3508d8bd5e2df154565fb634f6fd56f7ec3d251de371c6a4b7aadec28a	2846	evidence/consumer-v4/work/m3/tooling/migration-recipes/target/site/jacoco/com.synexia.rewrite/M3SegmentedLaneNativeRecipe$State.html
3023316ad37dcb95946156bbdc7d6d0b558fe864199ca0db95c6aec86f275c5a	6631	evidence/consumer-v4/work/m3/tooling/migration-recipes/target/site/jacoco/com.synexia.rewrite/M3SegmentedLaneNativeRecipe.html
7f38405e83ae974e03d3748f1149e7c33a28f7c5e5145ce6f276fa8acebe0fd7	6166	evidence/consumer-v4/work/m3/tooling/migration-recipes/target/site/jacoco/com.synexia.rewrite/M3SegmentedLaneNativeRecipe.java.html
c85cbeab2c7df878168d5ebe7ea14172d974fbb96b9935878918c42cecbde1a8	11384	evidence/consumer-v4/work/m3/tooling/migration-recipes/target/site/jacoco/com.synexia.rewrite/index.html
4cf665871e6992e2da1f3048f45dddf49e7f0a0b3da5c7e290bf754b5911caea	4875	evidence/consumer-v4/work/m3/tooling/migration-recipes/target/site/jacoco/com.synexia.rewrite/index.source.html
5af7d6052e0b9122d613885662761d4934d40c976476614f014b70411a0b80a2	7828	evidence/consumer-v4/work/m3/tooling/migration-recipes/target/site/jacoco/index.html
a90e2acee1486fcc06a9dc77dc3a2c7d1103f9f65a9c833834c22079ca446d76	91	evidence/consumer-v4/work/m3/tooling/migration-recipes/target/site/jacoco/jacoco-resources/branchfc.gif
cfd1d5ad1e939c895fc6c3a4b621f5b4bec61a4b71f8386d3520f0920930ba1f	91	evidence/consumer-v4/work/m3/tooling/migration-recipes/target/site/jacoco/jacoco-resources/branchnc.gif
a419dc4732e7c225b409bfd5457263de4f20b6aa9737f4636f6dfad36b194b1d	91	evidence/consumer-v4/work/m3/tooling/migration-recipes/target/site/jacoco/jacoco-resources/branchpc.gif
22656fa2e683f8e5f7adae31f091ce045fc91f042a8fed82ee7a05fc4029e0c2	709	evidence/consumer-v4/work/m3/tooling/migration-recipes/target/site/jacoco/jacoco-resources/bundle.gif
7ad9ac2c3f87d220f46d077e1b03d743ba45084cbbbccc2577e18c167f0fb2b1	586	evidence/consumer-v4/work/m3/tooling/migration-recipes/target/site/jacoco/jacoco-resources/class.gif
69233accdde9fbbeef01a6bb5c117a4af85f24f7312054bccbeb0f64b7bb437c	67	evidence/consumer-v4/work/m3/tooling/migration-recipes/target/site/jacoco/jacoco-resources/down.gif
a29475aae8c0a107bc41459eb2ca079bc34fc5092f107a78a287c4864b325791	91	evidence/consumer-v4/work/m3/tooling/migration-recipes/target/site/jacoco/jacoco-resources/greenbar.gif
eb39f2e57cabfd740ab8d0c5fb4b26fc5ca71b334e2cfc8d6481c34842b4c360	351	evidence/consumer-v4/work/m3/tooling/migration-recipes/target/site/jacoco/jacoco-resources/group.gif
6308ea5fba7f5e989f67e3e9bb3366f0cb4c90ab72e838af7ff813aca5aac487	193	evidence/consumer-v4/work/m3/tooling/migration-recipes/target/site/jacoco/jacoco-resources/method.gif
82577b6b416bbf65cc99bc1c249e6462ae4ac708687fe2e1428b610c049300c2	227	evidence/consumer-v4/work/m3/tooling/migration-recipes/target/site/jacoco/jacoco-resources/package.gif
2247d0cf27cb7fd9cd850eb33444c059f261eb63a718c26b8f357a938401c5f9	323	evidence/consumer-v4/work/m3/tooling/migration-recipes/target/site/jacoco/jacoco-resources/prettify.css
743c6c4cab9499cd0bfe18a5a62281eccce843f47ec75eedb32eeb29c755aa68	59057	evidence/consumer-v4/work/m3/tooling/migration-recipes/target/site/jacoco/jacoco-resources/prettify.js
906ce7fcec0fbac1a26c16521e375f020a513f0cf87888766b69c4bf63f4d9bd	91	evidence/consumer-v4/work/m3/tooling/migration-recipes/target/site/jacoco/jacoco-resources/redbar.gif
0c464ff9ce9154fdf1a041b0efed7bc31da4a4c9744249d8ffa6b80f1c36ed9e	4046	evidence/consumer-v4/work/m3/tooling/migration-recipes/target/site/jacoco/jacoco-resources/report.css
c765cafa65ec9a3c221b46062c6ef691f2dd5ff25628ee2c65cc9fe0b74aeea6	363	evidence/consumer-v4/work/m3/tooling/migration-recipes/target/site/jacoco/jacoco-resources/report.gif
1ec062e347bc7db837b9471b6c6128e1d0a5ae8d4c6a2eaa8fee4d5cb6441dab	213	evidence/consumer-v4/work/m3/tooling/migration-recipes/target/site/jacoco/jacoco-resources/session.gif
1875d39ff1be841991aa768486f1bcfc0ca02969323e2d2ec52ec156bb5cf240	58	evidence/consumer-v4/work/m3/tooling/migration-recipes/target/site/jacoco/jacoco-resources/sort.gif
15c9a3f8a4dac379c8521491fd7949f0b705cad53be33512eb8b0741fd1202df	3956	evidence/consumer-v4/work/m3/tooling/migration-recipes/target/site/jacoco/jacoco-resources/sort.js
50257f70adf3ebe4d18bb2432a61370dac06dad7a45f235c8e5f376081251ac3	354	evidence/consumer-v4/work/m3/tooling/migration-recipes/target/site/jacoco/jacoco-resources/source.gif
e1ce2c1d5128b701f2dc5bb5f63c5c402d5d8125ad9c3ffc31c6abc7767899a0	67	evidence/consumer-v4/work/m3/tooling/migration-recipes/target/site/jacoco/jacoco-resources/up.gif
0539e4e1ce81f803cfc75c5477177a87ee4d3fdf10188f7ae81ab77919911ba3	466323	evidence/consumer-v4/work/m3/tooling/migration-recipes/target/site/jacoco/jacoco-sessions.html
e502e6c083213681453f24f4251bafb26006103e44e88247fc25cfe2cfd1ea63	7367	evidence/consumer-v4/work/m3/tooling/migration-recipes/target/site/jacoco/jacoco.csv
9c949a130cd7b93592770a3dd06ea2b7376e8573233b4df760a3568d04bb4fc0	218741	evidence/consumer-v4/work/m3/tooling/migration-recipes/target/site/jacoco/jacoco.xml
c0cbf5e33567f56ea42b3d1f41ffa3151aa1aef3b9e967c44808b8d6c5df9c8b	22244	evidence/consumer-v4/work/m3/tooling/migration-recipes/target/surefire-reports/TEST-com.m3.rewrite.InstallIndexStringCompatibilityTest.xml
9cfa81d1905b467dc41556f7af0b9875ee483f0ef505d06100415b210f012918	22318	evidence/consumer-v4/work/m3/tooling/migration-recipes/target/surefire-reports/TEST-com.m3.rewrite.M3A3DeclarativeDeliveryRecipeTest.xml
825d86f313f89b3c0e5d22b186200da423792d7a9a3ad131cbfa9d30ba424100	22156	evidence/consumer-v4/work/m3/tooling/migration-recipes/target/surefire-reports/TEST-com.m3.rewrite.M3A3LabDeliveryRecipeTest.xml
444430b6cceaafc6685eb3717cca40055ad25306bd170c77c500cbcf96fe3373	22181	evidence/consumer-v4/work/m3/tooling/migration-recipes/target/surefire-reports/TEST-com.m3.rewrite.M3A3LevenshteinEvidenceClosureRecipeTest.xml
36ae01eef5f6bd17f7551bbfb18899aede4c44b6bb677b5812c362e7511e0c72	22149	evidence/consumer-v4/work/m3/tooling/migration-recipes/target/surefire-reports/TEST-com.m3.rewrite.M3A3MasteryWorkflowRecipeTest.xml
0d8d5a8e4551c9d1dda1b0514a73af517977da6da27d703d3b448f83aa28cfe0	22180	evidence/consumer-v4/work/m3/tooling/migration-recipes/target/surefire-reports/TEST-com.m3.rewrite.M3A3RegexMemoryLabDeliveryRecipeTest.xml
7d2120954d7e67fad9666886d9bba9fbe39cc5e53c341609c6ae33e263835351	22169	evidence/consumer-v4/work/m3/tooling/migration-recipes/target/surefire-reports/TEST-com.m3.rewrite.M3A3RegexMemoryWorkflowRecipeTest.xml
41b3e9042843fcefb3ceeef4af6b963dd186dbc42f1cdfb3e53c060b4e014085	22119	evidence/consumer-v4/work/m3/tooling/migration-recipes/target/surefire-reports/TEST-com.m3.rewrite.M3ImportAdmissionTest.xml
53e83ad1404f40a938d4348ff2dd37bf6d0da5b03b6bcd51fb1a9ed7f446c1cb	22395	evidence/consumer-v4/work/m3/tooling/migration-recipes/target/surefire-reports/TEST-com.m3.rewrite.M3Java21ConvergenceAdmissionTest.xml
3c283e0cb4baa058216113866a0f420886e392adde5bed341067a8035e71e915	22968	evidence/consumer-v4/work/m3/tooling/migration-recipes/target/surefire-reports/TEST-com.m3.rewrite.M3Java21ConvergenceRecipeTest.xml
0ba028676423dc5a1b86acb7583eb83dbbcb99e28e1b2f0b89c3e0d9c3de536e	22186	evidence/consumer-v4/work/m3/tooling/migration-recipes/target/surefire-reports/TEST-com.m3.rewrite.M3Java21DeclarativeConvergenceTest.xml
69f9c2fb35d0681d3d85afa1496d68f6e84a4640faec7d742f0a5754be1878eb	22306	evidence/consumer-v4/work/m3/tooling/migration-recipes/target/surefire-reports/TEST-com.m3.rewrite.a3.M3A3AlgorithmCatalogueRecipeTest.xml
9bee367e862e09156cda7fe69dc5082411b40f1f640a456a65d2666462b69990	23042	evidence/consumer-v4/work/m3/tooling/migration-recipes/target/surefire-reports/TEST-com.m3.rewrite.a3.M3A3SerialFileWorkRecipeTest.xml
e7e53ecf523c5bdbd3cb4a706f0a826bd956824dd449ab97d30a58bd7bb9bbf0	22470	evidence/consumer-v4/work/m3/tooling/migration-recipes/target/surefire-reports/TEST-com.m3.rewrite.atom.JccReceivingFixtureTest.xml
bd1e9d561c07ed7eec8f49d0958543cb02954b298c69c100125b5f4f4889f166	22140	evidence/consumer-v4/work/m3/tooling/migration-recipes/target/surefire-reports/TEST-com.m3.rewrite.atom.M3AtomCommentRecipeTest.xml
eceb30b62464e0e8dfd349689f332afe8ec0a517ade667adbe849324e24c180c	22918	evidence/consumer-v4/work/m3/tooling/migration-recipes/target/surefire-reports/TEST-com.m3.rewrite.atom.M3AtomCoverageClosureTest.xml
78c53913bd8d0edfc0318bcb107fd0a934f0705da700ed604ab4bf0bf066244d	22651	evidence/consumer-v4/work/m3/tooling/migration-recipes/target/surefire-reports/TEST-com.m3.rewrite.atom.M3AtomDefensiveBranchTest.xml
c025d63600521dbb7da49f90b6038a16548f451feaf15bd48ff73828c0411e91	22464	evidence/consumer-v4/work/m3/tooling/migration-recipes/target/surefire-reports/TEST-com.m3.rewrite.atom.M3AtomizePureIntReturnRecipeTest.xml
7353f8b358003eaeea6b3a53b4863fef2a076ef635d3ef6e9f52d45cfa59a734	22170	evidence/consumer-v4/work/m3/tooling/migration-recipes/target/surefire-reports/TEST-com.m3.rewrite.atom.M3DocumentationContractTest.xml
fae4638159b7e84c4a00c1871ff18586f692aceea6d8fea60e73b2d6eaa1b7e7	22765	evidence/consumer-v4/work/m3/tooling/migration-recipes/target/surefire-reports/TEST-com.m3.rewrite.atom.M3IntRecipeProjectTest.xml
36815c3d530ec21eca8278beb56c2d349383ab8822021202499a9ff4a43e0e36	22388	evidence/consumer-v4/work/m3/tooling/migration-recipes/target/surefire-reports/TEST-com.m3.rewrite.atom.M3IntSpectrumTest.xml
1a9ea5a201feae9682b934e7d539f1c2121ab0d5cc2e0420bb21f7bbb6056750	22353	evidence/consumer-v4/work/m3/tooling/migration-recipes/target/surefire-reports/TEST-com.m3.rewrite.atom.M3InventoryPureIntAtomCandidatesTest.xml
3acc3818fd6f8d09b57c710fadf08c219c89b3928267613cd10b1ac9c6042797	22156	evidence/consumer-v4/work/m3/tooling/migration-recipes/target/surefire-reports/TEST-com.m3.rewrite.atom.M3PatternMarkerTest.xml
0b24c7dfb5aabeac556742fc107d03673ca265689b4ba331730c6079ea28957d	22457	evidence/consumer-v4/work/m3/tooling/migration-recipes/target/surefire-reports/TEST-com.m3.rewrite.atom.M3PureIntConvergenceRecipeTest.xml
2b8e314647a40fbcd3b8ffd8c247fc5e7d4faa35ce81fa23ab1df5edaf5ec10d	22305	evidence/consumer-v4/work/m3/tooling/migration-recipes/target/surefire-reports/TEST-com.m3.rewrite.atom.M3RepositoryCorpusTest.xml
8efe705c8ddf47e31b1bc674b4b8fa7508447529608576bc18687f86fe9d6b59	22226	evidence/consumer-v4/work/m3/tooling/migration-recipes/target/surefire-reports/TEST-com.m3.rewrite.backport.A3KitTest.xml
62b24b5fd7abdb610bb1568fb46281d0f9f65e939e4678d304b9d3ac6ec6fbfd	22256	evidence/consumer-v4/work/m3/tooling/migration-recipes/target/surefire-reports/TEST-com.m3.rewrite.backport.ClassVerTest.xml
67aecacd51ca1fac70d526bee147a276f4876de478837eea182942c5f74b621c	22291	evidence/consumer-v4/work/m3/tooling/migration-recipes/target/surefire-reports/TEST-com.m3.rewrite.backport.ClosureRecipeTest.xml
b6e8fa5890e54e2903fa17e11004f1d0d020243801b0a8dd4743979b3c2b0e5a	23351	evidence/consumer-v4/work/m3/tooling/migration-recipes/target/surefire-reports/TEST-com.m3.rewrite.backport.DbRecipeTest.xml
acab498af49cb8fc380ca3d998d934285d22326dd81ec0190068971b26f88eae	23005	evidence/consumer-v4/work/m3/tooling/migration-recipes/target/surefire-reports/TEST-com.m3.rewrite.backport.DescriptorRecipeTest.xml
48d55f9886f5c2ce1c1cdc9ca9764525a8998f683bcae03c2c52b13cfceac05a	22390	evidence/consumer-v4/work/m3/tooling/migration-recipes/target/surefire-reports/TEST-com.m3.rewrite.backport.GateTest.xml
63beb0f27b6af02e8c1ff4b682f9484ee2de10568c4c74802751a1e2bed46b53	22952	evidence/consumer-v4/work/m3/tooling/migration-recipes/target/surefire-reports/TEST-com.m3.rewrite.backport.JccHandoffTest.xml
373f85e906483b7209518def62e68c4f3817e4b0ebb1bed87c4a13d8a5ae5c68	22105	evidence/consumer-v4/work/m3/tooling/migration-recipes/target/surefire-reports/TEST-com.m3.rewrite.backport.JniTest.xml
f646a98075abf6fee9829f164f4cbc302da7ab195388c3d76e182f24a2ff53b9	22214	evidence/consumer-v4/work/m3/tooling/migration-recipes/target/surefire-reports/TEST-com.m3.rewrite.backport.KitTest.xml
f34056114532510398c13be7e8f23d1ef00729c597062a4807729eaeed55d699	22023	evidence/consumer-v4/work/m3/tooling/migration-recipes/target/surefire-reports/TEST-com.m3.rewrite.backport.M3A3NativeJniLaneRecipeTest.xml
dc6947ab676ca4641b4bfca7691e385aec0feed82e3e3ca1dec0121c34ae15fc	22338	evidence/consumer-v4/work/m3/tooling/migration-recipes/target/surefire-reports/TEST-com.m3.rewrite.backport.M3Jdk21HashPinnedTextSnapshotRecipeTest.xml
1eb018d8d036bc5d19b4f24401889d8f218608383bd7dab9545aa71d44cdf052	22326	evidence/consumer-v4/work/m3/tooling/migration-recipes/target/surefire-reports/TEST-com.m3.rewrite.backport.M3Jdk8347112BackportRecipeTest.xml
02ad81a720b84e11fa2d620f3618fbfc6f7a16ba9468981091cab694b31f592d	22327	evidence/consumer-v4/work/m3/tooling/migration-recipes/target/surefire-reports/TEST-com.m3.rewrite.backport.M3Jdk8364182BackportRecipeTest.xml
038d61bc160c61bfeff5a57694828af424ae91d68ca243f3c46b26bc47f8f712	22370	evidence/consumer-v4/work/m3/tooling/migration-recipes/target/surefire-reports/TEST-com.m3.rewrite.backport.M3Jdk8367584JfrOptionsHelpBackportRecipeTest.xml
e893bac36d01332c02f7b04203d25fc0064230753ef67247095fdbe5416ed2a2	22375	evidence/consumer-v4/work/m3/tooling/migration-recipes/target/surefire-reports/TEST-com.m3.rewrite.backport.M3Jdk8368692PasswordSystemInBackportRecipeTest.xml
f96b7885489d66c50219fc01fb16dc6c92f56fd6e3288f99158d6f455cbe4339	22460	evidence/consumer-v4/work/m3/tooling/migration-recipes/target/surefire-reports/TEST-com.m3.rewrite.backport.M3Jdk8374808BackportRecipeTest.xml
f56bc6aed5d58b5ba753a073dca0b556bb318b653ce99ac5011c259561ee4175	22534	evidence/consumer-v4/work/m3/tooling/migration-recipes/target/surefire-reports/TEST-com.m3.rewrite.backport.M3JdkExecutionFollowthroughRecipeTest.xml
58a74b2e517ff2e6a88125bb3b47432e2ff7e4292db7e826f72d47ae7beaa671	22768	evidence/consumer-v4/work/m3/tooling/migration-recipes/target/surefire-reports/TEST-com.m3.rewrite.backport.M3Jep458BackportRecipeTest.xml
55e782043c143db9c78c3da931a6573bb5edff0612d8be252723f1b61c0b2091	22602	evidence/consumer-v4/work/m3/tooling/migration-recipes/target/surefire-reports/TEST-com.m3.rewrite.backport.M3VerbatimJavaPairRecipeTest.xml
be6c533a3021d5b5ca3c73215add5834a6349566a3812c1e0d29d8b41828c980	22744	evidence/consumer-v4/work/m3/tooling/migration-recipes/target/surefire-reports/TEST-com.m3.rewrite.backport.MapFactsRecipeTest.xml
cacbc26825f29497e5a4aa30fdc9405ccae39dbb09bbdb56d3f428c288d93204	22593	evidence/consumer-v4/work/m3/tooling/migration-recipes/target/surefire-reports/TEST-com.m3.rewrite.backport.MapGuardRecipeTest.xml
43082fcc3fc643a6a06b5f5facffb6b9af754d40b2830c22cca9dd9ad48b832f	22869	evidence/consumer-v4/work/m3/tooling/migration-recipes/target/surefire-reports/TEST-com.m3.rewrite.backport.MapUtfRecipeTest.xml
ab82fb2613b5b55386c0c9f517a65503fe408d56b5eaa9dc6261fff509ecf4cb	22279	evidence/consumer-v4/work/m3/tooling/migration-recipes/target/surefire-reports/TEST-com.m3.rewrite.backport.VersionRecipeTest.xml
175a7487a96e26122a0c9153d280a16232a384d0bb146e552db1ddb9d1a72624	22305	evidence/consumer-v4/work/m3/tooling/migration-recipes/target/surefire-reports/TEST-com.m3.rewrite.scope.M3RecipeScopeDeclarationTest.xml
903c55954709a71a9e3ebf3df9481794edfdca41619e5f9bdd87dc89749eb6f5	22391	evidence/consumer-v4/work/m3/tooling/migration-recipes/target/surefire-reports/TEST-com.m3.rewrite.scope.M3ScopeContractTest.xml
378270237b5d7acd1ee918fef1543d31553ee2b2779644c7f6e5c76c56fbfcc8	22590	evidence/consumer-v4/work/m3/tooling/migration-recipes/target/surefire-reports/TEST-com.m3.rewrite.scope.M3ScopeCoverageClosureTest.xml
8c0455465b511ab0583b7cc673c6283ffbca8c967d01f4202959d6a36b70e2bc	22032	evidence/consumer-v4/work/m3/tooling/migration-recipes/target/surefire-reports/TEST-com.m3.rewrite.scope.M3ScopeDefensiveBranchTest.xml
72e4e9540139f5f840fba0457d4c6b4b8cbcca8ae1ee71ca8b7ad9bff1fb8385	22468	evidence/consumer-v4/work/m3/tooling/migration-recipes/target/surefire-reports/TEST-com.m3.rewrite.semantic.M3SemanticHashRecipeTest.xml
d4c94e211b488622293cc8e9dc27794973e75362db454aa8183950d7a7dec055	22177	evidence/consumer-v4/work/m3/tooling/migration-recipes/target/surefire-reports/TEST-com.synexia.rewrite.M3DocumentJavadocContractRecipeTest.xml
cd83ae444ceb0d56161f356955214a2ab83fb999c7fd04d743fd2b334e03f8ef	22341	evidence/consumer-v4/work/m3/tooling/migration-recipes/target/surefire-reports/TEST-com.synexia.rewrite.M3MIndexJniNewStringAdmissionRecipeTest.xml
a1c053041a55ec25250ec8bd6282c15d071cce2a6517909682b65d2dd5d34a0c	22396	evidence/consumer-v4/work/m3/tooling/migration-recipes/target/surefire-reports/TEST-com.synexia.rewrite.M3MIndexJoinedCharsViewRecipeTest.xml
8090de6a41e62a50dc263a3872681facbb426de1641718f4befe38c072cde3a5	22342	evidence/consumer-v4/work/m3/tooling/migration-recipes/target/surefire-reports/TEST-com.synexia.rewrite.M3MIndexStringBulkCharBoundaryRecipeTest.xml
74f3625a6206cbc2c6c37005b117ff488a8dfd56460e39f6dbb0e4461556b4ad	22155	evidence/consumer-v4/work/m3/tooling/migration-recipes/target/surefire-reports/TEST-com.synexia.rewrite.M3ScopeLiteralRepairRecipeTest.xml
39960d337e79d964d03e1c73bfd96beabe4c54bb0f85ba0392861233083979a0	350	evidence/consumer-v4/work/m3/tooling/migration-recipes/target/surefire-reports/com.m3.rewrite.InstallIndexStringCompatibilityTest.txt
648ef608ad79c5294e2f0be576d4d2c573e93925ca29f438310354707cf28626	346	evidence/consumer-v4/work/m3/tooling/migration-recipes/target/surefire-reports/com.m3.rewrite.M3A3DeclarativeDeliveryRecipeTest.txt
3f6976631b1ddfdcac9ebedc62b6af23824920f7b23c4ef0bcd8edcfa81556c5	330	evidence/consumer-v4/work/m3/tooling/migration-recipes/target/surefire-reports/com.m3.rewrite.M3A3LabDeliveryRecipeTest.txt
dcd98350c13cdcc0e0583f85df085dbb7128cd967b5ea7c72f316b735c5c1348	360	evidence/consumer-v4/work/m3/tooling/migration-recipes/target/surefire-reports/com.m3.rewrite.M3A3LevenshteinEvidenceClosureRecipeTest.txt
d40fd4e6b6e5a8cfbf33c49fa304f023c6fae93a3f6a89507cf22f9d1d8c47db	338	evidence/consumer-v4/work/m3/tooling/migration-recipes/target/surefire-reports/com.m3.rewrite.M3A3MasteryWorkflowRecipeTest.txt
000626d9e74e34ef40eb24379e1d78c250878aeed8f9ae317e05652c304f707a	352	evidence/consumer-v4/work/m3/tooling/migration-recipes/target/surefire-reports/com.m3.rewrite.M3A3RegexMemoryLabDeliveryRecipeTest.txt
0e51bafb263e49f11d88b27b0bff5128f6fc3e6901d36b3564294fc86b8f2993	346	evidence/consumer-v4/work/m3/tooling/migration-recipes/target/surefire-reports/com.m3.rewrite.M3A3RegexMemoryWorkflowRecipeTest.txt
411aa5ae8fdcd6dfef88366c6a12f09e161a468fb45a3d764d6915e7dbc4cb11	322	evidence/consumer-v4/work/m3/tooling/migration-recipes/target/surefire-reports/com.m3.rewrite.M3ImportAdmissionTest.txt
61f8de37d2ad7416668dac41e48df4828d87554cc492318fa3e7991c3a9fa74d	344	evidence/consumer-v4/work/m3/tooling/migration-recipes/target/surefire-reports/com.m3.rewrite.M3Java21ConvergenceAdmissionTest.txt
e136e4e9fa8edac085779f3c8b37a2a19fe2a71e7ba498db3ad0b7af13c5997c	338	evidence/consumer-v4/work/m3/tooling/migration-recipes/target/surefire-reports/com.m3.rewrite.M3Java21ConvergenceRecipeTest.txt
0f3668c6b2ac176c0152bd816908e6683c1b8cf80ffb5cd09fd50cf85c5ff633	348	evidence/consumer-v4/work/m3/tooling/migration-recipes/target/surefire-reports/com.m3.rewrite.M3Java21DeclarativeConvergenceTest.txt
c4da01baf1539e32da8c4ce013b6711e93049c4212e749e4a9c945232bb71217	350	evidence/consumer-v4/work/m3/tooling/migration-recipes/target/surefire-reports/com.m3.rewrite.a3.M3A3AlgorithmCatalogueRecipeTest.txt
e5307e9c021f59868fb88067eb8be3ed817e83c21d399c7da210f4d5832a5bbc	342	evidence/consumer-v4/work/m3/tooling/migration-recipes/target/surefire-reports/com.m3.rewrite.a3.M3A3SerialFileWorkRecipeTest.txt
51681f7b798e35377b4c3d66e0585f2854685e8b5e8f2a7bcf242ee04ab6d6d6	336	evidence/consumer-v4/work/m3/tooling/migration-recipes/target/surefire-reports/com.m3.rewrite.atom.JccReceivingFixtureTest.txt
1e40fff5e3be4824cbdf617c409abf230eb6ed2b2c918a16c86ff246e1c04e00	336	evidence/consumer-v4/work/m3/tooling/migration-recipes/target/surefire-reports/com.m3.rewrite.atom.M3AtomCommentRecipeTest.txt
568414907cd58ae1dc28055b870250973204e59f774f8d595634fb2741f0d628	340	evidence/consumer-v4/work/m3/tooling/migration-recipes/target/surefire-reports/com.m3.rewrite.atom.M3AtomCoverageClosureTest.txt
97cc67bcc4c2774640b1ba096374933bef03c735592d1209567f292ae9d3d936	340	evidence/consumer-v4/work/m3/tooling/migration-recipes/target/surefire-reports/com.m3.rewrite.atom.M3AtomDefensiveBranchTest.txt
c39e9ffb21899ef5f479144a116bc0d52680e90606b53f56af476d7cf2794089	354	evidence/consumer-v4/work/m3/tooling/migration-recipes/target/surefire-reports/com.m3.rewrite.atom.M3AtomizePureIntReturnRecipeTest.txt
18c40a403cb99b349c0d439ab86f677a1d247a97cb4ef17c171df2b09c8b20cc	344	evidence/consumer-v4/work/m3/tooling/migration-recipes/target/surefire-reports/com.m3.rewrite.atom.M3DocumentationContractTest.txt
e9605c6c3233d13e21abdd887f6cdec35cf3375e24ebc65065055035c47517e7	334	evidence/consumer-v4/work/m3/tooling/migration-recipes/target/surefire-reports/com.m3.rewrite.atom.M3IntRecipeProjectTest.txt
3729844e5a6399c616abe6afd4579d483704b0b30244004c49824653d66c5025	324	evidence/consumer-v4/work/m3/tooling/migration-recipes/target/surefire-reports/com.m3.rewrite.atom.M3IntSpectrumTest.txt
aecac0be204acdc723907e59e5a68d51f876b248d67efb528fcb692b5072c8e9	362	evidence/consumer-v4/work/m3/tooling/migration-recipes/target/surefire-reports/com.m3.rewrite.atom.M3InventoryPureIntAtomCandidatesTest.txt
bc40677822ede96e12f7234998a69816fa14643c8837808a29e4c50d9e2565c0	328	evidence/consumer-v4/work/m3/tooling/migration-recipes/target/surefire-reports/com.m3.rewrite.atom.M3PatternMarkerTest.txt
3db3ddf0ed5286f6270c5e84103c689483dc0fcd82790be4843f74378761e677	350	evidence/consumer-v4/work/m3/tooling/migration-recipes/target/surefire-reports/com.m3.rewrite.atom.M3PureIntConvergenceRecipeTest.txt
b786e9e288fae7a708a925e8823ac6abde63527defd0587485ce187e19e0abd9	334	evidence/consumer-v4/work/m3/tooling/migration-recipes/target/surefire-reports/com.m3.rewrite.atom.M3RepositoryCorpusTest.txt
d46f4df8e85420fd7d439657a6a943a496ef7a20f214ca49c01d334a093ce917	316	evidence/consumer-v4/work/m3/tooling/migration-recipes/target/surefire-reports/com.m3.rewrite.backport.A3KitTest.txt
a9e493aece78e2a0731f927c1c3c91e31568144a37a24a5f44f29a7986f00a71	322	evidence/consumer-v4/work/m3/tooling/migration-recipes/target/surefire-reports/com.m3.rewrite.backport.ClassVerTest.txt
b9e8a8b27264f2f291b5bf4ce0b2ff380a2350f1763dff680f4bc7854feebd08	332	evidence/consumer-v4/work/m3/tooling/migration-recipes/target/surefire-reports/com.m3.rewrite.backport.ClosureRecipeTest.txt
ca29377dd257342b8a14313820f00033a47c6e7dc04f2c8563b500a0cadf5d11	323	evidence/consumer-v4/work/m3/tooling/migration-recipes/target/surefire-reports/com.m3.rewrite.backport.DbRecipeTest.txt
fdeedb6c3626ccf414d25851274507aabb3057dce6b611b8f021eaf06d0948d3	338	evidence/consumer-v4/work/m3/tooling/migration-recipes/target/surefire-reports/com.m3.rewrite.backport.DescriptorRecipeTest.txt
e4c05490c860e47b12807bbc87c02233171f52f642268fa1e3a2980f52622e0c	314	evidence/consumer-v4/work/m3/tooling/migration-recipes/target/surefire-reports/com.m3.rewrite.backport.GateTest.txt
4e8cd7d6cad3e8401c7de8fc0b5b8cbcee81a68f5453c5dcd07cf8ea66f55258	326	evidence/consumer-v4/work/m3/tooling/migration-recipes/target/surefire-reports/com.m3.rewrite.backport.JccHandoffTest.txt
e9e8cdc733d3fc7f592f741c2b140b2473ed8e43c9e4e9f2c2974f7ec3b96df3	312	evidence/consumer-v4/work/m3/tooling/migration-recipes/target/surefire-reports/com.m3.rewrite.backport.JniTest.txt
2c33784e2265f08207f794a377745b43b58eb1e720d35c5f4163acdbb68d6b4a	312	evidence/consumer-v4/work/m3/tooling/migration-recipes/target/surefire-reports/com.m3.rewrite.backport.KitTest.txt
84c83fc349403d25b21602e73a85280c41785c89dc88e5f5301b8100997e9afb	352	evidence/consumer-v4/work/m3/tooling/migration-recipes/target/surefire-reports/com.m3.rewrite.backport.M3A3NativeJniLaneRecipeTest.txt
cac0446f4d1549b693be91dc183429951dbc7132f9ee73a832ab3b23777fea9b	376	evidence/consumer-v4/work/m3/tooling/migration-recipes/target/surefire-reports/com.m3.rewrite.backport.M3Jdk21HashPinnedTextSnapshotRecipeTest.txt
59450de919fde2c6a1152f5853854d4d7d533239c0f935bc4e8689366ac9ef28	358	evidence/consumer-v4/work/m3/tooling/migration-recipes/target/surefire-reports/com.m3.rewrite.backport.M3Jdk8347112BackportRecipeTest.txt
d23cb93777837474764bb434e4f94017ae27977f9760c070819307bb600bfff5	358	evidence/consumer-v4/work/m3/tooling/migration-recipes/target/surefire-reports/com.m3.rewrite.backport.M3Jdk8364182BackportRecipeTest.txt
5e99f2618df85d3ac2b957a57b71b9b333811978a798d45ccc4eccb2005fb060	386	evidence/consumer-v4/work/m3/tooling/migration-recipes/target/surefire-reports/com.m3.rewrite.backport.M3Jdk8367584JfrOptionsHelpBackportRecipeTest.txt
aeb7c38438bbce36396514b463603285c982fa519811bc6eff6e0c0402b483f9	390	evidence/consumer-v4/work/m3/tooling/migration-recipes/target/surefire-reports/com.m3.rewrite.backport.M3Jdk8368692PasswordSystemInBackportRecipeTest.txt
0c0815800e616e931ff285c48d602ae29b921b394be8ce3ef959ca748e8a3142	358	evidence/consumer-v4/work/m3/tooling/migration-recipes/target/surefire-reports/com.m3.rewrite.backport.M3Jdk8374808BackportRecipeTest.txt
946191fbade511e58844c844dd64c8cba989b32288e8d3f6a9627acd317a951d	372	evidence/consumer-v4/work/m3/tooling/migration-recipes/target/surefire-reports/com.m3.rewrite.backport.M3JdkExecutionFollowthroughRecipeTest.txt
d57a73429de95d43fb5bad96926ba554458a6a1f268fcc57c9e8bb5663f25828	350	evidence/consumer-v4/work/m3/tooling/migration-recipes/target/surefire-reports/com.m3.rewrite.backport.M3Jep458BackportRecipeTest.txt
c21dfa76c98c2c582682cfe92dec3b5b811eb29ac1a9fa0b6aa3292a0dfb91bc	354	evidence/consumer-v4/work/m3/tooling/migration-recipes/target/surefire-reports/com.m3.rewrite.backport.M3VerbatimJavaPairRecipeTest.txt
c075cd4a0b8a5069ee25339acba52533117d74bfdb260dd2e1c5f8db238228fd	334	evidence/consumer-v4/work/m3/tooling/migration-recipes/target/surefire-reports/com.m3.rewrite.backport.MapFactsRecipeTest.txt
571755d8bdaa630a73c335af6c955d79bdc9c6e1bbf49d905cf000d9a83547eb	334	evidence/consumer-v4/work/m3/tooling/migration-recipes/target/surefire-reports/com.m3.rewrite.backport.MapGuardRecipeTest.txt
602bc3a11e478c4cc660aabf2c8e2d30bda55f2f5e7dfc32542993d8a44c3210	330	evidence/consumer-v4/work/m3/tooling/migration-recipes/target/surefire-reports/com.m3.rewrite.backport.MapUtfRecipeTest.txt
25111d4d0bb7d018d5ecada93348aad5a871e4555fc03d4a16f0257c64f8a51d	332	evidence/consumer-v4/work/m3/tooling/migration-recipes/target/surefire-reports/com.m3.rewrite.backport.VersionRecipeTest.txt
13d2dc5679dc3f122b606f1558594f690ecc089f1455b2bf35ea2fb8d1e483c1	348	evidence/consumer-v4/work/m3/tooling/migration-recipes/target/surefire-reports/com.m3.rewrite.scope.M3RecipeScopeDeclarationTest.txt
b5712fb4922a8decb0bcda8985339a906804920f553ecf0edf236c27cb0e51c6	330	evidence/consumer-v4/work/m3/tooling/migration-recipes/target/surefire-reports/com.m3.rewrite.scope.M3ScopeContractTest.txt
d973a8c552e212d49cc899ab8f27696e38e64f492c25484a6b65bf535fee190a	344	evidence/consumer-v4/work/m3/tooling/migration-recipes/target/surefire-reports/com.m3.rewrite.scope.M3ScopeCoverageClosureTest.txt
aa095b0ba864ef6b8e71cbb3e7cee112fcd99234a1fb4d41aba80a2a59fc0f04	344	evidence/consumer-v4/work/m3/tooling/migration-recipes/target/surefire-reports/com.m3.rewrite.scope.M3ScopeDefensiveBranchTest.txt
6236fc0ffa664aa057b6c8ddef5b88701a798296f07dae16b21673e05cfd28f4	346	evidence/consumer-v4/work/m3/tooling/migration-recipes/target/surefire-reports/com.m3.rewrite.semantic.M3SemanticHashRecipeTest.txt
d8b5312a6ef2ccedcd01d09c497fcfc1473ac2d4c633c2050fe8b7fd96eabe42	360	evidence/consumer-v4/work/m3/tooling/migration-recipes/target/surefire-reports/com.synexia.rewrite.M3DocumentJavadocContractRecipeTest.txt
6ace6bc2ad94a8b27dd7abc0e600294211bbf49b906a1d860fa9577c5764bb89	368	evidence/consumer-v4/work/m3/tooling/migration-recipes/target/surefire-reports/com.synexia.rewrite.M3MIndexJniNewStringAdmissionRecipeTest.txt
014e6d5cbd12e655d30c133f2725a1cbfe4c33ec90036474237d9da2b2ae70e6	356	evidence/consumer-v4/work/m3/tooling/migration-recipes/target/surefire-reports/com.synexia.rewrite.M3MIndexJoinedCharsViewRecipeTest.txt
fb364f80f9d2c2073fa9be08637e0f1acac9922468d31abbf6dd6dcfa0f09f68	370	evidence/consumer-v4/work/m3/tooling/migration-recipes/target/surefire-reports/com.synexia.rewrite.M3MIndexStringBulkCharBoundaryRecipeTest.txt
d961b0ca4fc7dd8cb0c3acf91be81cedc959acadf6a5dd97d428fa3e28720a2c	350	evidence/consumer-v4/work/m3/tooling/migration-recipes/target/surefire-reports/com.synexia.rewrite.M3ScopeLiteralRepairRecipeTest.txt
e45dcc553df5cd0ad940f3dc656ebd9ea264f8353da3f7c27b5a2333f4997094	8537	evidence/consumer-v4/work/m3/tooling/migration-recipes/target/test-classes/com/m3/rewrite/a3-declarative-proof/before-A3Apply.java.txt
77390f350eeeb4b25a1c4db9279b3966884d9918f0b9dd0af1f1b4c3acc7b7ee	4328	evidence/consumer-v4/work/m3/tooling/migration-recipes/target/test-classes/com/m3/rewrite/a3-declarative-proof/before-A3ApplyTest.java.txt
cc1419f7e89a08dba92b3baf231e6afb48e9ab89e32ac1051b32ba5c94b8e4b3	4959	evidence/consumer-v4/work/m3/tooling/migration-recipes/target/test-classes/com/m3/rewrite/a3-lab/before-A3.java.txt
6d9ec887c87898167748ca5f77598f95a6784cfaf14882f4983733c006374b77	5127	evidence/consumer-v4/work/m3/tooling/migration-recipes/target/test-classes/com/m3/rewrite/a3-lab/v2-before/A3.java
ff8cbb08b28f1c28f486eb610ba1e149f41f587deada48d2cec30107fa1f80cb	5878	evidence/consumer-v4/work/m3/tooling/migration-recipes/target/test-classes/com/m3/rewrite/a3-lab/v2-before/A3Cases.java
441f9aac0bb12db78d6e338285541f4f5d25dd50fe855858887714efc32d7501	17507	evidence/consumer-v4/work/m3/tooling/migration-recipes/target/test-classes/com/m3/rewrite/a3-lab/v2-before/A3Lab.java
db4a5801884a58cda05772928a09c410acd79c04eb904ec26d7ef7b29c669c81	2911	evidence/consumer-v4/work/m3/tooling/migration-recipes/target/test-classes/com/m3/rewrite/a3-lab/v2-before/A3LabTest.java
dbf418a96d4fd41b7a33354d34f811b0b4cf7839782eae56b53d063f750f37a0	3729	evidence/consumer-v4/work/m3/tooling/migration-recipes/target/test-classes/com/m3/rewrite/a3-levenshtein-evidence-closure/before/a3-alg.md
45c1e913ea9778bcac5324e3320c70f4f096b526f9afc1fa32bec9932eb3f388	2704	evidence/consumer-v4/work/m3/tooling/migration-recipes/target/test-classes/com/m3/rewrite/a3-levenshtein-evidence-closure/before/algorithm-catalogue.tsv
82aaba939e717734988a74af50d662e16e04acd73dfd3c418906658a3eb2c4df	2947	evidence/consumer-v4/work/m3/tooling/migration-recipes/target/test-classes/com/m3/rewrite/a3-mastery-workflow/before/a3-lab.md
528d8146e4b600b64add339f2cf46e87c355d015ca094d313b7703470d6aef23	10371	evidence/consumer-v4/work/m3/tooling/migration-recipes/target/test-classes/com/m3/rewrite/a3-mastery-workflow/before/m3-a3.yml
f68fb01640e7bee16e67af34ff986006a8ebebca3c13e9088296540f844b2200	17623	evidence/consumer-v4/work/m3/tooling/migration-recipes/target/test-classes/com/m3/rewrite/a3-regex-memory-lab/before/A3Lab.java
225efc2885ba8c002d036ecf70b4dd8a13b646debc74afeb031b0fce624d3f18	3860	evidence/consumer-v4/work/m3/tooling/migration-recipes/target/test-classes/com/m3/rewrite/a3-regex-memory-lab/before/A3LabTest.java
6ee9e1939eef716a7c24d34967f8c3b634c822c5c05b5c728080920e697869b1	3591	evidence/consumer-v4/work/m3/tooling/migration-recipes/target/test-classes/com/m3/rewrite/a3-regex-memory-workflow/before/a3-lab.md
d02cc3c3b459df10e9693869852ae6947b1e9a05d01d8fdc6d1036a66d436004	3372	evidence/consumer-v4/work/m3/tooling/migration-recipes/target/test-classes/com/m3/rewrite/a3-regex-memory-workflow/before/a3-mastery.md
3e8bbec81071171ddc771d675741bb09a43bbb90db6d40241d85873b896001d0	10858	evidence/consumer-v4/work/m3/tooling/migration-recipes/target/test-classes/com/m3/rewrite/a3-regex-memory-workflow/before/workflow.yml
38ed8c01c6982fa4a52ea155c2e9652dfe45f317d8ae994c17fba01c7309fbda	18328	evidence/consumer-v4/work/m3/tooling/migration-recipes/target/test-classes/com/m3/rewrite/atom/spectrum/CORPUS.tsv
b1f834a645fef766ae058cd0d0f6f347d0dfc9097c0828e608287272fbaaf9b7	14657	evidence/consumer-v4/work/m3/tooling/migration-recipes/target/test-classes/com/m3/rewrite/backport/a3-native-jni-lane/pre/README.md.before.txt
8e31592803fb14558a2cb26e7289001caf0081304c8872e15f647c4cea7de8ba	5799	evidence/consumer-v4/work/m3/tooling/migration-recipes/target/test-classes/com/m3/rewrite/backport/a3-native-jni-lane/pre/a3.md.before.txt
0ae1569568b49d3f275ca0631b56b36dfa4f52d00d5ed50799491cfea86d5f6d	6675	evidence/consumer-v4/work/m3/tooling/migration-recipes/target/test-classes/com/m3/rewrite/backport/a3-native-jni-lane/pre/file_delta_inventory.py.before.txt
5bb93cc292ec26bc70a92c0ac8d4ba073bc5c83ba50ed118f16c84105c0ee3aa	13534	evidence/consumer-v4/work/m3/tooling/migration-recipes/target/test-classes/com/m3/rewrite/backport/a3-native-jni-lane/pre/generate_recipe_crates.py.before.txt
d0f6cb52e986aac8c5b3ffb09d86545170bc904a85546e95434649db52815a3f	4644	evidence/consumer-v4/work/m3/tooling/migration-recipes/target/test-classes/com/m3/rewrite/backport/a3-native-jni-lane/pre/test_file_delta_inventory.py.before.txt
02c910d49821ec3d1b7281852ed9cf1110e05017e89a1e753b5eafd181024428	14485	evidence/consumer-v4/work/m3/tooling/migration-recipes/target/test-classes/com/m3/rewrite/backport/a3-native-jni-lane/pre/test_generate_recipe_crates.py.before.txt
d772d0889900377a8139de7fa2d8f267ce7d85f0aea37bc0126fe2b9235ddba4	317	evidence/consumer-v4/work/m3/tooling/migration-recipes/target/test-classes/com/m3/rewrite/backport/jdk21-hash-pinned-text/test-text-crate/manifest.tsv
091ee53ac938470768355fb7cdc00721d571e817a38f360581ea627de0a6d62e	9	evidence/consumer-v4/work/m3/tooling/migration-recipes/target/test-classes/com/m3/rewrite/backport/jdk21-hash-pinned-text/test-text-crate/new.conf.txt
07082d58c9b44101867a7ce55c9cbd4d1498ebd7505418ccc0ff21de8cfffac5	8	evidence/consumer-v4/work/m3/tooling/migration-recipes/target/test-classes/com/m3/rewrite/backport/jdk21-hash-pinned-text/test-text-crate/test.properties.txt
9aaab7ca45edd8f25e932aa27116554402a27ec7f265cb2cf6ca48a3bd86d96c	51	evidence/consumer-v4/work/m3/tooling/migration-recipes/target/test-classes/com/m3/rewrite/backport/jdk21-hash-pinned/jdk27-db-build/P.java.txt
72ca0a08b5328d421bcdcbf30b61021016165be71af2c9b00f928275ff135e1f	178	evidence/consumer-v4/work/m3/tooling/migration-recipes/target/test-classes/com/m3/rewrite/backport/jdk21-hash-pinned/jdk27-db-build/manifest.tsv
fb2a2d1a2fb9c0c96d4dc5b02e334eddab961f48888327fa7fc0d8913224df6d	6649	evidence/consumer-v4/work/m3/tooling/migration-recipes/target/test-classes/com/m3/rewrite/backport/jdk22-jep458-current/pre/00-CompileInterimLangtools.gmk.before.txt
aec8a9e19b03ad21d50513176571bb89d5a267dd6fe8825e204d884f36163d31	13956	evidence/consumer-v4/work/m3/tooling/migration-recipes/target/test-classes/com/m3/rewrite/backport/jdk22-jep458-current/pre/00-module-info.java.before.txt
44662f618e1c5f8257a5eb2f68e806f6fab48660b1b8911386d7807c61a14010	11526	evidence/consumer-v4/work/m3/tooling/migration-recipes/target/test-classes/com/m3/rewrite/backport/jdk22-jep458-current/pre/01-Preview.java.before.txt
b2916acfd31c7ef573885af5c064cbe8a89a63a66011eaa5a73c3c87938e37e2	14663	evidence/consumer-v4/work/m3/tooling/migration-recipes/target/test-classes/com/m3/rewrite/backport/jdk22-jep458-current/pre/01-java-base-launcher.properties.before.txt
544a8112df52fbd2767363bc4f6203543e8ca6daecf900468768c94185025851	77790	evidence/consumer-v4/work/m3/tooling/migration-recipes/target/test-classes/com/m3/rewrite/backport/jdk22-jep458-current/pre/02-java.c.before.txt
7a40bbf80440f5bdd6c369084e1597ae9d4e5c143ef9b755a48cf209111dfc0f	5275	evidence/consumer-v4/work/m3/tooling/migration-recipes/target/test-classes/com/m3/rewrite/backport/jdk22-jep458-current/pre/03-jdk-compiler-launcher.properties.before.txt
e8c1811a383657bcf844bacd24a339e0974c594362c7a229e3de9cfcd9e927a6	56276	evidence/consumer-v4/work/m3/tooling/migration-recipes/target/test-classes/com/m3/rewrite/backport/jdk22-jep458-current/pre/12-Option.java.before.txt
67b4e9cf748dd758f8720fd494444cd5e0cd630009eac84e0b2c73dcbe868582	2250	evidence/consumer-v4/work/m3/tooling/migration-recipes/target/test-classes/com/m3/rewrite/backport/jdk22-jep458-current/pre/14-GetResourceTest.java.before.txt
770410ae9b62b71069e860f910a46ef7f65ebd33cce0ad8c00a4af8bf7a79a59	35160	evidence/consumer-v4/work/m3/tooling/migration-recipes/target/test-classes/com/m3/rewrite/backport/jdk22-jep458-current/pre/19-SourceLauncherTest.java.before.txt
8ff6f20315f5932819d14d2632a0b678b63b1923087f52478c554e41dba2432f	12323	evidence/consumer-v4/work/m3/tooling/migration-recipes/target/test-classes/com/m3/rewrite/backport/jdk22-jep458-current/pre/21-ListModuleDeps.java.before.txt
de7a521207bb9c78f6772074269199d804b2760cbe1dcee01b7fe8a01d0b69ff	30628	evidence/consumer-v4/work/m3/tooling/migration-recipes/target/test-classes/com/m3/rewrite/backport/jdk27-javadoc-8347112/pre/BaseConfiguration.java.before.txt
c5fa8cc4ef83e41f1ee1715e0600bcba73bf8ad45942bdc3641c2be44c0123ca	12756	evidence/consumer-v4/work/m3/tooling/migration-recipes/target/test-classes/com/m3/rewrite/backport/jdk27-javadoc-8347112/pre/DocFilesHandlerImpl.java.before.txt
9e445fdf493ebe246e10b3d513ccd83a54f91fe4cf6c7e11d1bf8df4e6d98782	10307	evidence/consumer-v4/work/m3/tooling/migration-recipes/target/test-classes/com/m3/rewrite/backport/jdk27-javadoc-8347112/pre/TestCopyFiles.java.before.txt
f0abef4ca1aa23163b6b96f5c6eb7610ac9ac69a2b3815674049c091936c7143	57348	evidence/consumer-v4/work/m3/tooling/migration-recipes/target/test-classes/com/m3/rewrite/backport/jdk27-javadoc-8347112/pre/javadoc.1.before.txt
bb1c116219dfaecb82839797cbad206d2a04e951a7399275d247963dcb2b52ca	30056	evidence/consumer-v4/work/m3/tooling/migration-recipes/target/test-classes/com/m3/rewrite/backport/jdk27-javadoc-8347112/pre/standard.properties.before.txt
fc56665e8938fc5fbe467f59655cb80b5c6f90fa936ef71444d931a508f629bd	24311	evidence/consumer-v4/work/m3/tooling/migration-recipes/target/test-classes/com/m3/rewrite/backport/jdk27-jfr-options-help-8367584/pre/jfrDcmds.cpp.before.txt
c27ea56c3d0b245c84dd5ad4ed965e5fcfebc2d63df965c82433d684b169dd8a	7215	evidence/consumer-v4/work/m3/tooling/migration-recipes/target/test-classes/com/m3/rewrite/backport/jdk27-jfr-options-help-8367584/pre/jfrDcmds.hpp.before.txt
0eff6efdb739e58da2c1266b0fdadf28b000e0aa160a723e8f24619a6c824f35	29227	evidence/consumer-v4/work/m3/tooling/migration-recipes/target/test-classes/com/m3/rewrite/backport/jdk27-jfr-options-help-8367584/pre/jfrOptionSet.cpp.before.txt
7ec4534e23ac067aea473da6e2638d660c2b149113c94023cf033a01bc77a5ca	90557	evidence/consumer-v4/work/m3/tooling/migration-recipes/target/test-classes/com/m3/rewrite/backport/jdk27-keystore-creation-instant-8374808/pre/KeyStore.java.before.txt
25a3cce4aee111e67af0156b4f357aa230fe5fddfee782280a561ae0df6faaa8	27270	evidence/consumer-v4/work/m3/tooling/migration-recipes/target/test-classes/com/m3/rewrite/backport/jdk27-keystore-creation-instant-8374808/pre/KeyStoreSpi.java.before.txt
20da0c770960d04f9c81b5dbeebdff1ddea4dd1b9ea0a9f403bdbdb56f25f5d4	5732	evidence/consumer-v4/work/m3/tooling/migration-recipes/target/test-classes/com/m3/rewrite/backport/jdk27-password-systemin-8368692/pre/Password.java.before.txt
05fe1073e0381059378b8b94d5b8ecabdcbc812ba0c6a251a2d7971a2d951126	64495	evidence/consumer-v4/work/m3/tooling/migration-recipes/target/test-classes/com/m3/rewrite/backport/jdk27-password-systemin-8368692/pre/java.security.before.txt
10d2b1c903beea4a2b37412ee2a149b64bc479e580d00b1b9236311dd21b9f6a	1357	evidence/consumer-v4/work/m3/tooling/migration-recipes/target/test-classes/com/m3/rewrite/backport/jdk27-security-properties-8364182/pre/JavaSecurityPropertiesAccess.java.before.txt
7e8b65dfcad975c736a05b5ef221bda4a088a08ee050bb700001b9c724b9546e	40506	evidence/consumer-v4/work/m3/tooling/migration-recipes/target/test-classes/com/m3/rewrite/backport/jdk27-security-properties-8364182/pre/Security.java.before.txt
6d5e489f69a8ef2853c1ae09961b9dcdf489ffd102f0ebe6eae00793ad4d523c	25450	evidence/consumer-v4/work/m3/tooling/migration-recipes/target/test-classes/com/m3/rewrite/backport/jdk27-security-properties-8364182/pre/VMSupport.java.before.txt
b0e5a34c68f8a8d8160358164eddcb1699d67246831095a28045c54fa94c7e52	44034	evidence/consumer-v4/work/m3/tooling/migration-recipes/target/test-classes/com/m3/rewrite/backport/jdk27-security-properties-8364182/pre/diagnosticCommand.cpp.before.txt
30c5bbd177e31a96bea3c97324061ec503c75aef662e3b9893523d42edc70f36	29175	evidence/consumer-v4/work/m3/tooling/migration-recipes/target/test-classes/com/m3/rewrite/backport/jdk27-security-properties-8364182/pre/diagnosticCommand.hpp.before.txt
e7fb873ad4afa977f39c04285c6fd3080dce55ccda00539cb05e5adb0f53de27	84851	evidence/consumer-v4/work/m3/tooling/migration-recipes/target/test-classes/com/m3/rewrite/backport/jdk27-security-properties-8364182/pre/vmSymbols.hpp.before.txt
4bb1586894945543a1206427b2b71b0f47cc916bb223b3a9ab8ac3a859aafdc1	780	evidence/consumer-v4/work/m3/tooling/migration-recipes/tasks/a3-replay/ACTION_QUEUE.tsv
2b4fd1e888890971391741a8132d804ba92e4c38503092a84984c8090a408777	2537	evidence/consumer-v4/work/m3/tooling/migration-recipes/tasks/a3-replay/DESIGN.md
557d6440681ec8893fff1c9ca66bac3ab4007203ac0de5de34b559dc711c30f5	2288	evidence/consumer-v4/work/m3/tooling/migration-recipes/tasks/a3-replay/FINAL_REPORT.md
2a3c1ac0345ca129e6942465f3f4e9a97afce86c774e8d79db9afa36367b212e	464	evidence/consumer-v4/work/m3/tooling/migration-recipes/tasks/a3-replay/OUTPUT_CONTRACT.tsv
da797b7dbcb5eecc9e5e301478d0548090898c32acb2b2e352fd6e41e6e35eed	529	evidence/consumer-v4/work/m3/tooling/migration-recipes/tasks/a3-replay/PROVENANCE.tsv
889f6ab78012ddcbde0cad981882977be97047fe8109ab0c6f0ac21438d39b1e	1121	evidence/consumer-v4/work/m3/tooling/migration-recipes/tasks/a3-replay/RESULTS.tsv
1f01379d421645275ba1179b2fc833ccc2d05ca5024c08852913cfee1b483713	435	evidence/consumer-v4/work/m3/tooling/migration-recipes/tasks/a3-replay/RUN_CONTEXT.tsv
e3f268412fb1f5a3c14831444056586fca838fb1ef52d4f8fb49684e2c2e54d0	865	evidence/consumer-v4/work/m3/tooling/migration-recipes/tasks/a3-replay/STATUS.tsv
f3ccd2f908cf44f255551fe78326fb730c3b7d4bc0b4ba7f709cda8ae31a013c	1230	evidence/consumer-v4/work/m3/tooling/migration-recipes/tasks/a3-replay/TASK_PACKET.json
716a739ab7e82336ec99feb91aa80a10b564f17afb53d9cf3d3902a709584c22	382	evidence/consumer-v4/work/m3/tooling/migration-recipes/tasks/a3-replay/VERIFY_CONTRACT.tsv
57dabd9496d48b36ad747b22ed46c097dabb3b412d12adb1f9a1dd92fe7289ac	1795	evidence/consumer-v4/work/m3/tooling/migration-recipes/tasks/a3-source-type/DESIGN.md
ee1c7777707c515321eb50c84fad750cf4a06659985b15f07eb18ecaa8a8f20c	1696	evidence/consumer-v4/work/m3/tooling/migration-recipes/tasks/a3-source-type/FINAL_REPORT.md
0c7fee2f4144e9a8c3e3e880d2210c96f1a4cfdb70c1642f7bbe7a6c5e1abb0a	204	evidence/consumer-v4/work/m3/tooling/migration-recipes/tasks/a3-source-type/OUTPUT_CONTRACT.tsv
9ce5f8204f398ddef9c283e0b09569154fd82feba0ec72ac3e193235b68d6f03	497	evidence/consumer-v4/work/m3/tooling/migration-recipes/tasks/a3-source-type/PROVENANCE.tsv
9edef28446bb2f81af096249aba094ba67588fe88bc727ef8baa5be963bb5072	238	evidence/consumer-v4/work/m3/tooling/migration-recipes/tasks/a3-source-type/RUN_CONTEXT.tsv
37a376b95891d61baf6dc6cc0eaaa22c8a26385f7b51daf1e11d7e5f363db103	333	evidence/consumer-v4/work/m3/tooling/migration-recipes/tasks/a3-source-type/STATUS.tsv
a16e9f52e79c8032f7aea5e3a949b7aae095b3f27610793e7ed04da610fa158c	1328	evidence/consumer-v4/work/m3/tooling/migration-recipes/tasks/a3-source-type/TASK_PACKET.json
89429f1e575067bbebfe13ddc90c89ece0e2b656e29901a684320918e7e6db55	209	evidence/consumer-v4/work/m3/tooling/migration-recipes/tasks/a3-source-type/VERIFY_CONTRACT.tsv
176634a2094f752b6347d68ff0660a7edbe7b546a23b355169e303063fb69ae1	11859	evidence/consumer-v4/work/m3/tooling/migration-recipes/tasks/atom-spectrum-20261005/DESIGN.md
7a2144c1d8ea7018a1977892e771241156a80aa4aa973a06696f43c10a09104e	14735	evidence/consumer-v4/work/m3/tooling/migration-recipes/tasks/atom-spectrum-20261005/FINAL_REPORT.md
9319127abb149e76d152253ff31a29254cfb2871639c80059cb00f9da8b1d64c	7066	evidence/consumer-v4/work/m3/tooling/migration-recipes/tasks/atom-spectrum-20261005/README.md
93bbb83b9ac9f0ae952e39ad95649367a452c2449fec20a8c051926420a3d58e	3414	evidence/consumer-v4/work/m3/tooling/migration-recipes/tasks/atom-spectrum-20261005/SOURCE_PINS.tsv
e8838f6b765b92ada1e24636c0ed003c2eb4869bd57e796e6368d472ad601f16	644	evidence/consumer-v4/work/m3/tooling/migration-recipes/tasks/atom-spectrum-20261005/checkstyle.xml
137fcaeab42e1667051792a0a28dcb73b406b3777a3ec776c8e318b4b7bcb89d	2459	evidence/consumer-v4/work/m3/tooling/migration-recipes/tasks/atom-spectrum-20261005/evidence/BASELINE.json
d27cdd590dd909cf36b72627dd60b0106cb15848c76c4a8b2b64ac8645f301af	80146	evidence/consumer-v4/work/m3/tooling/migration-recipes/tasks/atom-spectrum-20261005/evidence/CORPUS_ADMISSION.tsv
1beb5412f27498ac0d2a6a79141831e7bdc60b959e6403a1d15e78c3165c7f75	66	evidence/consumer-v4/work/m3/tooling/migration-recipes/tasks/atom-spectrum-20261005/evidence/CORPUS_COUNTS.tsv
5511fe63c8ff4c8aa58315fabd0642a2e12f4e67d5497a80830938ce2c0cfb02	227	evidence/consumer-v4/work/m3/tooling/migration-recipes/tasks/atom-spectrum-20261005/evidence/COUNTS.tsv
a19fa92179bfa6f4d2a7d3974c2a3b21e0ae3d2dccaff01cf45e92ed8caacb04	18053	evidence/consumer-v4/work/m3/tooling/migration-recipes/tasks/atom-spectrum-20261005/evidence/EVENTS.jsonl
7eb20d33a4e58767eaf506f275c50d3d2b8e2181d7af851b77fa525d224fad29	4094	evidence/consumer-v4/work/m3/tooling/migration-recipes/tasks/atom-spectrum-20261005/evidence/FINAL_COMMANDS.json
23a21821389dc85422f38e3ca57a50fa75ee95bdf4ca7ca05c9e521fa13cffb8	2372	evidence/consumer-v4/work/m3/tooling/migration-recipes/tasks/atom-spectrum-20261005/evidence/FINAL_CONTROL_SHA256.tsv
5920ac61c49c7595e557088c1f3cb6bfa39473713a4be99f79a25c4968beaac2	3019	evidence/consumer-v4/work/m3/tooling/migration-recipes/tasks/atom-spectrum-20261005/evidence/FINAL_SOURCE_SHA256.tsv
a0dd20a487f2acc3eba9651cb99d2d63507a38e3a41a5db492042a9f151ada25	2192	evidence/consumer-v4/work/m3/tooling/migration-recipes/tasks/atom-spectrum-20261005/evidence/GATES.tsv
791d9bca7e557f50326c3f9928a94e84c7a621bf41e1b7848e0416f6b73d5887	646	evidence/consumer-v4/work/m3/tooling/migration-recipes/tasks/atom-spectrum-20261005/evidence/JUNIT.tsv
d72b758e21facd4c79e96443b6954275a6a78bbff7e54b521764cd3bd038b47b	121	evidence/consumer-v4/work/m3/tooling/migration-recipes/tasks/atom-spectrum-20261005/evidence/M3_GROUP.tsv
a3cfd6f3d971d5785c558327c2220abfde929e7bd15c1b5ae79d258b9cd978a6	429	evidence/consumer-v4/work/m3/tooling/migration-recipes/tasks/atom-spectrum-20261005/evidence/MATERIALIZATION.tsv
f458245c5e1bcc8bfff9edbd0a9a13b1a0df3a2bbab9fa1a36ecd02e18bddd8f	7655	evidence/consumer-v4/work/m3/tooling/migration-recipes/tasks/atom-spectrum-20261005/evidence/PERMUTATIONS.tsv
ad448d3a86f8144c088bd3e235d42f73ede8b71e3e0e880f64da1183b2c2482d	13266	evidence/consumer-v4/work/m3/tooling/migration-recipes/tasks/atom-spectrum-20261005/evidence/PR129_BASE_AUDIT.json
9fccaadc3ef6fc4e3a0c3654710fecb6761e4e15bea4028519f3ef2e60ff4f9e	3247	evidence/consumer-v4/work/m3/tooling/migration-recipes/tasks/atom-spectrum-20261005/evidence/PR129_CURRENT_MASTER_AUDIT.json
fc781fabe1c86c62dc38e7ab191bb6282acba8aa2ec724dbd55a35d1113ceeed	519042	evidence/consumer-v4/work/m3/tooling/migration-recipes/tasks/atom-spectrum-20261005/evidence/RAW_GATES.log
30cd91325e70824608bce89c046d3856c240d6731b5d7eb5d1212b5acc1628fa	14561	evidence/consumer-v4/work/m3/tooling/migration-recipes/tasks/atom-spectrum-20261005/evidence/RAW_GATES_INDEX.tsv
07e3b5a46e6c295803f749eca655dfd121e3f45e32c7efc2f50b510d2dbbbff3	888	evidence/consumer-v4/work/m3/tooling/migration-recipes/tasks/atom-spectrum-20261005/evidence/RUNTIME_AUDIT.json
2c74118271736d55096f2e613753d269a3a5b41dc4d7332ba9a15593b95edbe6	3221	evidence/consumer-v4/work/m3/tooling/migration-recipes/tasks/atom-spectrum-20261005/pom.xml
c9232197ec05646f050c62ab25c8a1f0c6f131e9150643e4239d43b0ade3c42b	8011	evidence/consumer-v4/work/m3/tooling/migration-recipes/tasks/atom-spectrum-20261005/verify-runtime.py
1f2d36d60ca7b780d8c68b21adfba679e8c9153c94d425fbcbe378f02b32c4da	4083	evidence/consumer-v4/work/m3/tooling/migration-recipes/tasks/atom-spectrum-20261005/verify-static.py
28aa8667550a4eb0d864b34fffbfe55588acd602db32a271a97aaa9c0ac90773	3238	evidence/consumer-v4/work/m3/tooling/migration-recipes/tasks/catalog-imports/README.md
6b39fa23f4b05374c6c1eefc88dddb015acedea4711dd390dc3b65cb7590a2a5	1279	evidence/consumer-v4/work/m3/tooling/migration-recipes/tasks/catalog-imports/TASK_PACKET.json
4d39d4a656cb292436738c8e8a3cbc3b7be30c895b8aaf7772c8abec5de7491d	604	evidence/consumer-v4/work/m3/tooling/migration-recipes/tasks/catalog-imports/evidence/ACTION_QUEUE.tsv
6cc57fbbe765ba59db21ae22a121817f9aed4527195eada596f8caba99cedeed	2139	evidence/consumer-v4/work/m3/tooling/migration-recipes/tasks/catalog-imports/evidence/FINAL_REPORT.md
e22851af6930cd7cb912921abaa2adb32fdc6a33b417c2d2614a1c64979eb00c	661	evidence/consumer-v4/work/m3/tooling/migration-recipes/tasks/catalog-imports/evidence/INVENTORY.tsv
d7b69fb4ad30a7fc61c5001bde071b622488539c0ddecb67638b60a8e293bfe5	404	evidence/consumer-v4/work/m3/tooling/migration-recipes/tasks/catalog-imports/evidence/OUTPUT_CONTRACT.tsv
4018f7bcf4b550de8b79d4e2328f2af3734a5e1ac251d4b8068cdfd293a6ef61	613	evidence/consumer-v4/work/m3/tooling/migration-recipes/tasks/catalog-imports/evidence/PROVENANCE.tsv
b576efed575b751ce2972ac5e537793728345786182107e286f95a30f3531d3a	521	evidence/consumer-v4/work/m3/tooling/migration-recipes/tasks/catalog-imports/evidence/RAW_RESULTS.log
62cf402d3273ab6f8d5d2da9824fd80aee3f38d8faf7db2579decc598a8910d9	366	evidence/consumer-v4/work/m3/tooling/migration-recipes/tasks/catalog-imports/evidence/RUN_CONTEXT.tsv
ce2a7819bd1f1520bea59b5621a90d0065805aa93e7273ffa40889b3c9ed0fbb	769	evidence/consumer-v4/work/m3/tooling/migration-recipes/tasks/catalog-imports/evidence/STATUS.tsv
c98ecd92e59cce60b781032b519d06a98bd8660fba6abc637ce9052419ac2a87	380	evidence/consumer-v4/work/m3/tooling/migration-recipes/tasks/catalog-imports/evidence/VERIFY_CONTRACT.tsv
c48379775cd5cde5ea6e56b1984842f6a6a0e9dcf86fb819b99a7645c659c0dc	2782	evidence/consumer-v4/work/m3/tooling/migration-recipes/tasks/class-ver/README.md
4b40ceadcb35bfbc8130bb38c6ac75dbcc829e44fbb5a752ee92bbef9e6a7164	1096	evidence/consumer-v4/work/m3/tooling/migration-recipes/tasks/class-ver/TASK_PACKET.json
efef14fe87a279951a892a9bba60e508e4b9d01fdeccde1aa331602f884dbdf1	1392	evidence/consumer-v4/work/m3/tooling/migration-recipes/tasks/class-ver/evidence/ACTION_QUEUE.tsv
19306f8fea2bf1836e77ee26c4109b6e63c97628f0caf68e9761d0e6cf5aec49	1916	evidence/consumer-v4/work/m3/tooling/migration-recipes/tasks/class-ver/evidence/FINAL_REPORT.md
02206a4303d72089b4bed98240f253be71d11b009d2f180666439bc2fd538fde	385	evidence/consumer-v4/work/m3/tooling/migration-recipes/tasks/class-ver/evidence/OUTPUT_CONTRACT.tsv
77989880927654627ca04b06e838300274c674c95eae0afe378feaf734d91718	818	evidence/consumer-v4/work/m3/tooling/migration-recipes/tasks/class-ver/evidence/PROVENANCE.tsv
6d9e3f90fc453cdf21697f8d7383d65b96249c6427c4c8c122f9613a9a902b4a	687	evidence/consumer-v4/work/m3/tooling/migration-recipes/tasks/class-ver/evidence/RAW_RESULTS.log
3b632fdbe5f1dedf059446def7c04b1068bc93bbddcc2b155fd979b4a52c672b	267	evidence/consumer-v4/work/m3/tooling/migration-recipes/tasks/class-ver/evidence/RUN_CONTEXT.tsv
80f960cc9d534a0968e234439881b81a02be9ea3b1905614b071e10dabca7033	971	evidence/consumer-v4/work/m3/tooling/migration-recipes/tasks/class-ver/evidence/STATUS.tsv
d0686eb556d2389cd69d1a01b1f1173c53ed72c11669358ad1a49794d8e524b7	368	evidence/consumer-v4/work/m3/tooling/migration-recipes/tasks/class-ver/evidence/VERIFY_CONTRACT.tsv
616d5a896560e1207983d027589a80998736e4e2c7cb2f80bfcf76dae691f526	2095	evidence/consumer-v4/work/m3/tooling/migration-recipes/tasks/db-build/DESIGN.md
3da7a73f67b1bb84c9df656e42e179e7d480ce7096fcf797df59f9cc483334ba	1454	evidence/consumer-v4/work/m3/tooling/migration-recipes/tasks/db-build/FINAL_REPORT.md
e767060672a2849eb2d1195a85833924be53554188ca9e2ce4b2cdd8148529e4	427	evidence/consumer-v4/work/m3/tooling/migration-recipes/tasks/db-build/OUTPUT_CONTRACT.tsv
7476b92757f463d86c93545b4218d2ba4757372484601588974d80189f7fb281	616	evidence/consumer-v4/work/m3/tooling/migration-recipes/tasks/db-build/PROVENANCE.tsv
4188f8a84d994d5e5bb5ddd439c3fb1d65cf53e24d746b84d778fb6ac60304ad	356	evidence/consumer-v4/work/m3/tooling/migration-recipes/tasks/db-build/RUN_CONTEXT.tsv
7994eb259d066241ac0d8afa39083d561ed3c260a65c995176a792693418fc46	660	evidence/consumer-v4/work/m3/tooling/migration-recipes/tasks/db-build/STATUS.tsv
e18fdffa02fcf1120904ef7c5ecae060b793f41ef97e66b0785391dcaa3f9530	1840	evidence/consumer-v4/work/m3/tooling/migration-recipes/tasks/db-build/TASK_PACKET.json
a97e579b018f578a634d13b6c6491522dbeab3f4d51e1102223046edafbfdeb6	539	evidence/consumer-v4/work/m3/tooling/migration-recipes/tasks/db-build/VERIFY_CONTRACT.tsv
80fdc17d7f1c6d5c23b66c6ba7cb47d3e165b7079bd7dcc94cc98ba83cc63101	767	evidence/consumer-v4/work/m3/tooling/migration-recipes/tasks/db-mark/ACTION_QUEUE.tsv
fa1c87d2b10c9aa65a7db773e609180fe0fb9a0689ba537a1b7ddf3f2f19c39b	2143	evidence/consumer-v4/work/m3/tooling/migration-recipes/tasks/db-mark/DESIGN.md
c0a637a7c1ec714817af1cf28820d1db228e33be0028df8ac56a35a379c8aaac	1403	evidence/consumer-v4/work/m3/tooling/migration-recipes/tasks/db-mark/FINAL_REPORT.md
c498f5b7c47fc126f92eea1f2453f7611fea6cd64ffe930d21cd7cddfe7565af	2134	evidence/consumer-v4/work/m3/tooling/migration-recipes/tasks/db-mark/HOSTED_RECEIPT.json
90962c866064e420f75aefa59acde724cc757b4b538376bbf6705a2bacded81e	445	evidence/consumer-v4/work/m3/tooling/migration-recipes/tasks/db-mark/OUTPUT_CONTRACT.tsv
d4eca5474f8cc0aa5154576151963648e84d5a59695a8a68a8d94178b3667dbc	533	evidence/consumer-v4/work/m3/tooling/migration-recipes/tasks/db-mark/PROVENANCE.tsv
409c3fcc24cebf104bba0420d50b252596cbdf310d29ad82b039380364cc01cf	290	evidence/consumer-v4/work/m3/tooling/migration-recipes/tasks/db-mark/RUN_CONTEXT.tsv
5c0bdc6b3d9fa89522a5ce405fa9dbf461fc678901505ca15e7a54282cd275c4	643	evidence/consumer-v4/work/m3/tooling/migration-recipes/tasks/db-mark/STATUS.tsv
6d8aba72cd62c3a89c55412244a9b20a3b164611b130dbce51011f3d72c9f6fe	1665	evidence/consumer-v4/work/m3/tooling/migration-recipes/tasks/db-mark/TASK_PACKET.json
70bb0f88e6e6d12bd9a2db980128d1bce9e734fecc336e1023c96af7493e5a94	464	evidence/consumer-v4/work/m3/tooling/migration-recipes/tasks/db-mark/VERIFY_CONTRACT.tsv
e27f2d8a88d821b973711b3da9aa367d652ce8dcf9873bceca43c68d2327c24b	1193	evidence/consumer-v4/work/m3/tooling/migration-recipes/tasks/gate/ACTION_QUEUE.tsv
c3cdfc748f788c6ba236268a186c8c0f00d59f8ffac6b0c62b4dc2b0dccc5aeb	3506	evidence/consumer-v4/work/m3/tooling/migration-recipes/tasks/gate/DESIGN.md
f649d325ac5669c7dac16e027961643a64c6e69773008c688d75f97397ad1ff8	1906	evidence/consumer-v4/work/m3/tooling/migration-recipes/tasks/gate/FINAL_REPORT.md
9d57e696f1919e797aae190d2a6645fbcfbb4d5d4c66a0998546ea53fb936f35	557	evidence/consumer-v4/work/m3/tooling/migration-recipes/tasks/gate/OUTPUT_CONTRACT.tsv
5f5876c9ff8c18b1cc2329cda66a8ba6c5a1b66b784d9a4290fd43cad6046514	1098	evidence/consumer-v4/work/m3/tooling/migration-recipes/tasks/gate/PROVENANCE.tsv
32e9aa23e064ff829be9a91c2eb31888a200c51e3ea1bc12b98ddb95e3276b87	408	evidence/consumer-v4/work/m3/tooling/migration-recipes/tasks/gate/RUN_CONTEXT.tsv
3d4976dfb07b48c4dfea8d57c58be8904bf1b19430e929c7b1238a2a01629375	802	evidence/consumer-v4/work/m3/tooling/migration-recipes/tasks/gate/STATUS.tsv
9b2c03c21f7b0ae7ef086e676c1c0a63676edabd8b83f2d4eac3a2fdd7a68d95	1735	evidence/consumer-v4/work/m3/tooling/migration-recipes/tasks/gate/TASK_PACKET.json
d59a647afb5d3f8739a530f240a4a0178868e38019e04b263da314aa18632063	695	evidence/consumer-v4/work/m3/tooling/migration-recipes/tasks/gate/VERIFY_CONTRACT.tsv
bc462c824e3db99b725905969e40604e0469ce88d388bf1bcdce787c44a3c28c	716	evidence/consumer-v4/work/m3/tooling/migration-recipes/tasks/jcc-handoff-20261005/INDEPENDENT_REVIEW.json
74d674892efc470864c1c066ac14ea3d072d1087719f91e1910826a0f60157e8	10613	evidence/consumer-v4/work/m3/tooling/migration-recipes/tasks/jcc-handoff-20261005/REVIEW.md
0259d530fe4b13568e1a996f3a80dbf442be3bc882ea09be071abd6cea1af400	755	evidence/consumer-v4/work/m3/tooling/migration-recipes/tasks/jcc-handoff-20261005/descriptor-review/COMPARISONS.json
e3b0c44298fc1c149afbf4c8996fb92427ae41e4649b934ca495991b7852b855	0	evidence/consumer-v4/work/m3/tooling/migration-recipes/tasks/jcc-handoff-20261005/descriptor-review/source-unchanged.diff
2b9c738dae6afa8fd12fee0eece745607cc2cfc0c11d7d24e8d9d3b12ee065c4	1314	evidence/consumer-v4/work/m3/tooling/migration-recipes/tasks/jcc-handoff-20261005/descriptor-review/target-correction.diff
e3b0c44298fc1c149afbf4c8996fb92427ae41e4649b934ca495991b7852b855	0	evidence/consumer-v4/work/m3/tooling/migration-recipes/tasks/jcc-handoff-20261005/ledger-e02/01-existing-epoch-check.stderr.log
b6e16d54f082777b0d652f9b1a0e88124b9de7c88e2a9503b4c0d767266358d1	163	evidence/consumer-v4/work/m3/tooling/migration-recipes/tasks/jcc-handoff-20261005/ledger-e02/01-existing-epoch-check.stdout.log
e3b0c44298fc1c149afbf4c8996fb92427ae41e4649b934ca495991b7852b855	0	evidence/consumer-v4/work/m3/tooling/migration-recipes/tasks/jcc-handoff-20261005/ledger-e02/02-existing-epoch-rollback.stderr.log
1d1f8020fcf7aec621564db4157adc403fd8f7283d307bb662819b302e5c4990	164	evidence/consumer-v4/work/m3/tooling/migration-recipes/tasks/jcc-handoff-20261005/ledger-e02/02-existing-epoch-rollback.stdout.log
e3b0c44298fc1c149afbf4c8996fb92427ae41e4649b934ca495991b7852b855	0	evidence/consumer-v4/work/m3/tooling/migration-recipes/tasks/jcc-handoff-20261005/ledger-e02/03-existing-epoch-before.stderr.log
f8c617a45e689099c0bcc19778db01ccad76022f07865a252cc62225c2afb3d6	164	evidence/consumer-v4/work/m3/tooling/migration-recipes/tasks/jcc-handoff-20261005/ledger-e02/03-existing-epoch-before.stdout.log
e3b0c44298fc1c149afbf4c8996fb92427ae41e4649b934ca495991b7852b855	0	evidence/consumer-v4/work/m3/tooling/migration-recipes/tasks/jcc-handoff-20261005/ledger-e02/04-successor-check-before.stderr.log
8defef8120a28a98d746807ebc419b4947df5e49e41e719fc033d18496a395fd	164	evidence/consumer-v4/work/m3/tooling/migration-recipes/tasks/jcc-handoff-20261005/ledger-e02/04-successor-check-before.stdout.log
e3b0c44298fc1c149afbf4c8996fb92427ae41e4649b934ca495991b7852b855	0	evidence/consumer-v4/work/m3/tooling/migration-recipes/tasks/jcc-handoff-20261005/ledger-e02/05-successor-apply.stderr.log
01999359c5f12448e66b8ab271c650deabeef0ce10f9485b732959590f6e99db	163	evidence/consumer-v4/work/m3/tooling/migration-recipes/tasks/jcc-handoff-20261005/ledger-e02/05-successor-apply.stdout.log
e3b0c44298fc1c149afbf4c8996fb92427ae41e4649b934ca495991b7852b855	0	evidence/consumer-v4/work/m3/tooling/migration-recipes/tasks/jcc-handoff-20261005/ledger-e02/06-successor-apply-noop.stderr.log
5fdba8c4c4e39e31e4f0a31a47a8cd142cf84c23f1741e2e927eaedb69fe76dd	163	evidence/consumer-v4/work/m3/tooling/migration-recipes/tasks/jcc-handoff-20261005/ledger-e02/06-successor-apply-noop.stdout.log
e3b0c44298fc1c149afbf4c8996fb92427ae41e4649b934ca495991b7852b855	0	evidence/consumer-v4/work/m3/tooling/migration-recipes/tasks/jcc-handoff-20261005/ledger-e02/07-whole-map-validate.stderr.log
d4578b77ded4c87f33240fad4588e418b3157992288cbf4a1a4e38be14ece15b	47	evidence/consumer-v4/work/m3/tooling/migration-recipes/tasks/jcc-handoff-20261005/ledger-e02/07-whole-map-validate.stdout.log
c4a5d6a265b1a39ec6254fe71bc9e58cd55a7658d9ea6d18ccff4cba24687b25	6109	evidence/consumer-v4/work/m3/tooling/migration-recipes/tasks/jcc-handoff-20261005/ledger-e02/08-completion-remains-blocked.stderr.log
d4578b77ded4c87f33240fad4588e418b3157992288cbf4a1a4e38be14ece15b	47	evidence/consumer-v4/work/m3/tooling/migration-recipes/tasks/jcc-handoff-20261005/ledger-e02/08-completion-remains-blocked.stdout.log
d5a618f2b592b0ae983a8652b2a383fbf0fa10944b8a8bfaf9683209c7be4aea	1116	evidence/consumer-v4/work/m3/tooling/migration-recipes/tasks/jcc-handoff-20261005/ledger-e02/09-actual-packet-contract.stderr.log
e3b0c44298fc1c149afbf4c8996fb92427ae41e4649b934ca495991b7852b855	0	evidence/consumer-v4/work/m3/tooling/migration-recipes/tasks/jcc-handoff-20261005/ledger-e02/09-actual-packet-contract.stdout.log
51250125710096ae370597945d8069bcd3ae00777f76612f401270787e66a364	4275	evidence/consumer-v4/work/m3/tooling/migration-recipes/tasks/jcc-handoff-20261005/ledger-e02/inputs.json
b325de4aeeaf3f9afb06400ba6e306361f5401fbfd3e8fc9e025bd0109dbbb8c	10396	evidence/consumer-v4/work/m3/tooling/migration-recipes/tasks/jcc-handoff-20261005/ledger-e02/receipt.json
28c4c097e4f339efab91cf61dff80a53e8b8c1ba8a7fae1f18bc2e9e6ad117a4	3025	evidence/consumer-v4/work/m3/tooling/migration-recipes/tasks/jcc-handoff-20261005/owner-regressions/07-existing-migration-tests.stderr.log
e3b0c44298fc1c149afbf4c8996fb92427ae41e4649b934ca495991b7852b855	0	evidence/consumer-v4/work/m3/tooling/migration-recipes/tasks/jcc-handoff-20261005/owner-regressions/07-existing-migration-tests.stdout.log
73272c1db4e2c8b00311e761fad98bf53e4334a594a967ab9b726d8aa93ae655	2361	evidence/consumer-v4/work/m3/tooling/migration-recipes/tasks/jcc-handoff-20261005/owner-regressions/08-existing-replay-tests.stderr.log
e3b0c44298fc1c149afbf4c8996fb92427ae41e4649b934ca495991b7852b855	0	evidence/consumer-v4/work/m3/tooling/migration-recipes/tasks/jcc-handoff-20261005/owner-regressions/08-existing-replay-tests.stdout.log
4f7fe8c7dee5a77d2a3843c80df27319f0a2eeab89b33e1a1e9fc213221639de	2643	evidence/consumer-v4/work/m3/tooling/migration-recipes/tasks/jcc-handoff-20261005/owner-regressions/receipt.json
ec0984ec8e9aba80170b396540026a61442e14840da3000ba0e3cb744b356b2e	120404	evidence/consumer-v4/work/m3/tooling/migration-recipes/tasks/jcc-handoff-20261005/owning-module-frontier/FRONTIER.tsv
0b02d235e80404a23fc2567788449fe8882d0d5ea14480b12aa2356ec21fcd07	4807	evidence/consumer-v4/work/m3/tooling/migration-recipes/tasks/jcc-handoff-20261005/owning-module-frontier/REVIEW.json
40cec6db1b58dd19a0eaaaaf51396202db496188b755233883ec871f909d1a84	6920	evidence/consumer-v4/work/m3/tooling/migration-recipes/tasks/jcc-handoff-20261005/receiving-e02/CORPUS_CONTRACT.md
98164bd35fccdb340016502bb6e3caa0fa9a3a6f9760d00054c1c817b7bff279	18766	evidence/consumer-v4/work/m3/tooling/migration-recipes/tasks/jcc-handoff-20261005/receiving-e02/JccReceivingFixtureTest.xml
19ca333464debc4e70547660374b554308fae7ade7c0e7639e6397f59b801f86	6235	evidence/consumer-v4/work/m3/tooling/migration-recipes/tasks/jcc-handoff-20261005/receiving-e02/STAGING_RECEIPT.json
18fcb5f370c4df28e8f70fdfaf64afb09bbc128f1ae6c8562762f862e67fcb77	1974	evidence/consumer-v4/work/m3/tooling/migration-recipes/tasks/jcc-handoff-20261005/receiving-e02/VERIFICATION_RECEIPT.json
673e9e8687b9bccbea5ed768a9ed97954fc208edd2a781338d80d574ad517cfc	3020	evidence/consumer-v4/work/m3/tooling/migration-recipes/tasks/jcc-handoff-20261005/receiving-e02/maven-verify.log
2f35d7e9ef58679375485ba1c7c966ba6e4cf7bfe710e870a2fdc6844d8d1140	1870	evidence/consumer-v4/work/m3/tooling/migration-recipes/tasks/jcc-handoff-20261005/receiving-e02/revision.diff
715d036afa0ec9a29dd7d31bbf9189e587b3dd81b55860ab35d4b4734340e5c5	15274	evidence/consumer-v4/work/m3/tooling/migration-recipes/tasks/jcc-handoff-20261005/text-maven-e02/JccHandoffTest.xml
beb03b4d9b2fda498ff4f845972c75b1a5417c94513e5e6d4477d8cb467c6b82	3353	evidence/consumer-v4/work/m3/tooling/migration-recipes/tasks/jcc-handoff-20261005/text-maven-e02/inputs.json
35b7d611e9e72a8060910bb2c0b209260166a8892bf81579a4bd539c33d46585	1632	evidence/consumer-v4/work/m3/tooling/migration-recipes/tasks/jcc-handoff-20261005/text-maven-e02/receipt.json
9ddf3781b5e43a87b1d67caac2bc4b251f9ce8d77c509c8369129f4b0359fd55	210	evidence/consumer-v4/work/m3/tooling/migration-recipes/tasks/jcc-handoff-20261005/text-maven-e02/stderr.log
c3b617c8f251ed7f131c7dac7411339f45d647335b2b21671f8b35dfeae1ae3f	2609	evidence/consumer-v4/work/m3/tooling/migration-recipes/tasks/jcc-handoff-20261005/text-maven-e02/stdout.log
ca32957ccf87f5dfdedec59452b80b126675183b0d6aba50d8c5c89f2cdd2ee5	3953	evidence/consumer-v4/work/m3/tooling/migration-recipes/tasks/jdk-focus/DESIGN.md
c53f419b0fef762fde2064e8b6a4052ac483ee19b6fb35fd86ae5c376714882c	2112	evidence/consumer-v4/work/m3/tooling/migration-recipes/tasks/jdk-focus/pom.xml
ef88df125b756adedcbdfae4ff1b55ec59e9fbbe74d1b7383742dfd4711ae271	3804	evidence/consumer-v4/work/m3/tooling/migration-recipes/tasks/jdk-focus/src/test/java/com/m3/rewrite/FocusTest.java
da785c7f8ee7da67797e3c591d70e388564d460a933fd47fa93d17959255e957	4658	evidence/consumer-v4/work/m3/tooling/migration-recipes/tasks/map-facts/inputs.sha256
8170d024277ab990e709bec1be2e404c1c71d1bd071adccad510335d6b0a1b55	1705	evidence/consumer-v4/work/m3/tooling/migration-recipes/tasks/map-facts/verify.sh
387e30f2030c2c824ebdb506e36aa3e2e2c11f3f424e385e60a27003ebbe1b2b	4182	evidence/consumer-v4/work/m3/tooling/migration-recipes/tasks/map-guard/DESIGN.md
e2634bfc0a54b27059bb8431a174b6b0da56462aeb2e2fef0878dc0e12eca0d5	2072	evidence/consumer-v4/work/m3/tooling/migration-recipes/tasks/map-guard/TASK_PACKET.json
614406aa6d07df719aaa4795f763d358b79979cb8d9b3ddf0ad892f995113cb9	1454	evidence/consumer-v4/work/m3/tooling/migration-recipes/tasks/map-guard/evidence/ACTION_QUEUE.tsv
7e7743ccfdd50af8ce7203bd56e1c55c5860373d3ee540d2150998908f273a89	1152	evidence/consumer-v4/work/m3/tooling/migration-recipes/tasks/map-guard/evidence/CLUSTERS_EXACT.tsv
de57aa72315103f35941919be04f19250b112143b9aa977512a709ef4ed7da9d	91	evidence/consumer-v4/work/m3/tooling/migration-recipes/tasks/map-guard/evidence/CLUSTERS_NORMALIZED.tsv
bd86dd2e185821ae4ad6b47f32ca2608cf902e540cb551d52caa5f2baf97ecc6	2084	evidence/consumer-v4/work/m3/tooling/migration-recipes/tasks/map-guard/evidence/EXECUTION.json
e7aaca30a79068b9a9a82d63c8539e04e91f11831bd62bc81175d25f8ce079cf	4244	evidence/consumer-v4/work/m3/tooling/migration-recipes/tasks/map-guard/evidence/FINAL_REPORT.md
ae830e445d801a7495c46fce73689f8765a797cf31e3a58a8629d544e2fe05a8	5196	evidence/consumer-v4/work/m3/tooling/migration-recipes/tasks/map-guard/evidence/INVENTORY.tsv
1e1581eefc28bc5e193164e85a622d7670d916fa047c426c3be6b6083683d80d	601	evidence/consumer-v4/work/m3/tooling/migration-recipes/tasks/map-guard/evidence/OUTPUT_CONTRACT.tsv
00a08844081c3f6eb5026b70097c71252b67c3f1479d8a768c7aa346beb0d798	1109	evidence/consumer-v4/work/m3/tooling/migration-recipes/tasks/map-guard/evidence/PROVENANCE.tsv
061e5dfbd52b000e0ca162ae9c0e623fed9247d3ff527fec4ef5c1a14ba46bd3	525	evidence/consumer-v4/work/m3/tooling/migration-recipes/tasks/map-guard/evidence/RUN_CONTEXT.tsv
eef183c258a42621edd4db87ac004284fc7b3563872f9b2c9b70398899d7019f	1081	evidence/consumer-v4/work/m3/tooling/migration-recipes/tasks/map-guard/evidence/STATUS.tsv
2c61921ba2bf1e9b57d7d17a89afbb61c1be9a36c54d61bcf4b7e9bf54dbc32a	273	evidence/consumer-v4/work/m3/tooling/migration-recipes/tasks/map-guard/evidence/SUMMARY.tsv
ffaa4e77f817d48f158744797185b3264c305afa6c2e136413a7297047490e6c	1373	evidence/consumer-v4/work/m3/tooling/migration-recipes/tasks/map-guard/evidence/VERIFY_CONTRACT.tsv
739e318314e55483ff901cb9222bda059925a2e6cc5967b0117a533d59647632	3635	evidence/consumer-v4/work/m3/tooling/migration-recipes/tasks/map-guard/evidence/after-api.txt
e3b0c44298fc1c149afbf4c8996fb92427ae41e4649b934ca495991b7852b855	0	evidence/consumer-v4/work/m3/tooling/migration-recipes/tasks/map-guard/evidence/after-compile.log
c8388b8f3d5cbc8e34eb8abb5c072622867d44cc2912a66bb36748f3ffa122bf	152	evidence/consumer-v4/work/m3/tooling/migration-recipes/tasks/map-guard/evidence/after-interpreter.log
c8388b8f3d5cbc8e34eb8abb5c072622867d44cc2912a66bb36748f3ffa122bf	152	evidence/consumer-v4/work/m3/tooling/migration-recipes/tasks/map-guard/evidence/after-test.log
ee9a8b3fafa86091bf4f7040b6049024ace03108e9ca7dabdded418cb13c2b80	19	evidence/consumer-v4/work/m3/tooling/migration-recipes/tasks/map-guard/evidence/baseline-exits.tsv
739e318314e55483ff901cb9222bda059925a2e6cc5967b0117a533d59647632	3635	evidence/consumer-v4/work/m3/tooling/migration-recipes/tasks/map-guard/evidence/before-api.txt
81cfe207833ea800adb2635df4b475c6b50ec4d38a446d9408eab56f30dfdd7c	549	evidence/consumer-v4/work/m3/tooling/migration-recipes/tasks/map-guard/evidence/before-byte.log
e3b0c44298fc1c149afbf4c8996fb92427ae41e4649b934ca495991b7852b855	0	evidence/consumer-v4/work/m3/tooling/migration-recipes/tasks/map-guard/evidence/before-compile.log
cb6ea633af859d18f64c613dbbc9a24581d01cb713fa8877344e8109061d896d	72	evidence/consumer-v4/work/m3/tooling/migration-recipes/tasks/map-guard/evidence/before-existing-test.log
2764a9f5a3d9610144c06ace255f32de78a378ac10113dd8ce1ddfc6116a0a24	235	evidence/consumer-v4/work/m3/tooling/migration-recipes/tasks/map-guard/evidence/before-fd.log
697b20ac3472682215a328ccc22197086584e6b48a3b10dea180babd324a9d2f	436	evidence/consumer-v4/work/m3/tooling/migration-recipes/tasks/map-guard/evidence/before-text.log
bc89cdb1c6cad8b4ee6fe40297a3c1c5b401df501591fef929dcb9fef31b5c08	109	evidence/consumer-v4/work/m3/tooling/migration-recipes/tasks/map-guard/evidence/before-valid-final.log
39fd0a847df0a0e51e4b16d04b4bc26a8d39ae86167238efb8429900936f812b	300	evidence/consumer-v4/work/m3/tooling/migration-recipes/tasks/map-guard/evidence/maven-connectivity.log
58b5b006dce625f8468d31673b2dac89382ad488415c57473da2c566bbc76e68	47	evidence/consumer-v4/work/m3/tooling/migration-recipes/tasks/map-guard/evidence/recipe-syntax.log
7d377a8ada5b6069d96dce35b8118b856f283b0ea0c13e5b83d553bc7f317a58	790	evidence/consumer-v4/work/m3/tooling/migration-recipes/tasks/map-guard/evidence/reproduction.log
e3b0c44298fc1c149afbf4c8996fb92427ae41e4649b934ca495991b7852b855	0	evidence/consumer-v4/work/m3/tooling/migration-recipes/tasks/map-guard/evidence/test-compile.log
16366c6fdcb99398d3e380b5e483b0cd64ac840fd2534f28bff090c85127d9a9	236	evidence/consumer-v4/work/m3/tooling/migration-recipes/tasks/map-guard/evidence/toolchain.log
1e7edb5b44096e7e62d5d73f0d28e30e9f573c02cbebd46117af6bc65c199407	2084	evidence/consumer-v4/work/m3/tooling/migration-recipes/tasks/map-guard/verify.sh
d894c3a8043fe4d5dbd2a5c936d19375cfdf07b9e5ae2a9e94c766a0b0171767	3027	evidence/consumer-v4/work/m3/tooling/migration-recipes/tasks/map-utf/DESIGN.md
6c73bfb4ca5b10ab685d63ebaca6ef4c76775cd19fbce96cd43f3346d7c13fcf	5649	evidence/consumer-v4/work/m3/tooling/migration-recipes/tasks/map-utf/FINAL_REPORT.md
0a4709e45bac40629f270ecdae2592b9762013324ccfed06703be1476e962070	1997	evidence/consumer-v4/work/m3/tooling/migration-recipes/tasks/map-utf/INVENTORY.tsv
693bd160e10e252d7c4f5b65f35a9fd268c4393c9c242231d837f538b8e16df7	335	evidence/consumer-v4/work/m3/tooling/migration-recipes/tasks/map-utf/OUTPUT_CONTRACT.tsv
016ed4eff1a9a40bbfd20793c9c8b69b410c6f38065976b51f75fce4a37952e3	616	evidence/consumer-v4/work/m3/tooling/migration-recipes/tasks/map-utf/PROVENANCE.tsv
cffd560c47c2a724406b23a2c5d7a8d44af9fdd80871a158a45d87f7631baf0f	255	evidence/consumer-v4/work/m3/tooling/migration-recipes/tasks/map-utf/RUN_CONTEXT.tsv
1df1473de02f2036cc18a4b9173694907e23e0bda2fc787f66c6619b6aff6f8c	599	evidence/consumer-v4/work/m3/tooling/migration-recipes/tasks/map-utf/STATUS.tsv
ae40d5112ebdb5d324444b5621a9fa380c55af1ed8c30d6b14725f84f0e92133	2682	evidence/consumer-v4/work/m3/tooling/migration-recipes/tasks/map-utf/TASK_PACKET.json
51574356cd8fe453458ffc1d0048eaad5b8876392d0ffc37ff7bbd1b5dbaea6b	3791	evidence/consumer-v4/work/m3/tooling/migration-recipes/tasks/map-utf/TODO.tsv
3ef819475eef896d4029c1946c63e16c7d48f636f65760fae321a6a7df78de18	283	evidence/consumer-v4/work/m3/tooling/migration-recipes/tasks/map-utf/VERIFY_CONTRACT.tsv
9852cab49322eda3772c69a1e07024a2e88165baef0a0d15b0e5790a7b3daa65	6793	evidence/consumer-v4/work/m3/tooling/migration-recipes/tasks/map-utf/evidence/EXECUTION.log
509ebc8f7b9df491b90216587fb66d815df02f9906fc01093ea166a44658d585	1241	evidence/consumer-v4/work/m3/tooling/migration-recipes/tasks/map-utf/evidence/SOURCE_IDENTITIES.tsv
20f8441fd5346a63bf304217701e20bd7857c229b399e5361abca0f4f4e04194	1225	evidence/consumer-v4/work/m3/tooling/migration-recipes/tasks/map-utf/inputs.sha256
293c1662b7f59f9b80d9a3d5d811b53edc8a372e09ea1e64d17eec9e5c30ca07	1613	evidence/consumer-v4/work/m3/tooling/migration-recipes/tasks/map-utf/verify.sh
8dc8c2523d794566363cb4922d2d522a41005e7b633c4e4350c79b47415d8494	715	evidence/consumer-v4/work/m3/tooling/migration-recipes/tasks/recipe-closure/CLOSURE_MATERIALIZATION.TSV
deda38dffca4d17ba8ea83c7ffa7ed51c5daa566aa256b8f79ccd9410b227083	538	evidence/consumer-v4/work/m3/tooling/migration-recipes/tasks/recipe-closure/COVERAGE.tsv
fb0091c84db7a8b9f2ae97f08c678344bb501af371b01d0bfd2ee84b1a23f9cf	1908	evidence/consumer-v4/work/m3/tooling/migration-recipes/tasks/recipe-closure/COVERAGE_CLOSURE.md
38181627790d35b3fdbef4a937bb6a2cfba719770fcbd3f2160f12396b92a72d	1422	evidence/consumer-v4/work/m3/tooling/migration-recipes/tasks/recipe-closure/DESCRIPTOR.md
008f58648f3daa27ca453411fd9a72d435af170381184e83563f1604d0dbf296	437	evidence/consumer-v4/work/m3/tooling/migration-recipes/tasks/recipe-closure/DESCRIPTOR_MATERIALIZATION.TSV
8abb79206f130f79422cc5304787ff2f9c06f2992cd2a0bff08d736fbcd14ac4	1536	evidence/consumer-v4/work/m3/tooling/migration-recipes/tasks/recipe-closure/DOC_CONTRACT.md
fa53cbc68fcbe0cb23e635baf7caa357232832593d693f33ec50307c34c39714	2569	evidence/consumer-v4/work/m3/tooling/migration-recipes/tasks/recipe-closure/EVIDENCE_SHA256.tsv
b477153dc6ae2d2a92997303d6c9abbe52aa4689abab33eeb7e4b344d4b78752	739	evidence/consumer-v4/work/m3/tooling/migration-recipes/tasks/recipe-closure/FAILURES.tsv
5196ab94075f427ad07f13551f308eb7b5c5f0a61386d36ed60461d1c49ce3b3	6699	evidence/consumer-v4/work/m3/tooling/migration-recipes/tasks/recipe-closure/FINAL_REPORT.md
19ccb2be56b0b6bef3874751b9d80a0f6dfdb827662a74837deb759047a24a44	4282	evidence/consumer-v4/work/m3/tooling/migration-recipes/tasks/recipe-closure/JUNIT.tsv
4fde9a4c13238b02fbb3ef610527fd50f9a5278c7a0f2de04ed0ed238bc580c5	2907	evidence/consumer-v4/work/m3/tooling/migration-recipes/tasks/recipe-closure/LAB.md
96e0cee17b237304188c59d3330c74f955f02cabd96f8a15d7b52b8a9214171c	96	evidence/consumer-v4/work/m3/tooling/migration-recipes/tasks/recipe-closure/LAB_COUNTS.tsv
2e4483808ad72f8fb2b727a8a0d496856bbf6ebdf2bdb7e160c17bd3ef4b0a6b	472	evidence/consumer-v4/work/m3/tooling/migration-recipes/tasks/recipe-closure/LAB_PROJECT.tsv
4210c7c80e5fad1f2ac8e9fc2d8d7701f7cc8fb19520aaf6eb75d303761704d6	893	evidence/consumer-v4/work/m3/tooling/migration-recipes/tasks/recipe-closure/OUTPUT_CONTRACT.tsv
13a3380d86899226a9c60f87a36f852e1f0afa7da09951afcec7118456cc8b83	2416	evidence/consumer-v4/work/m3/tooling/migration-recipes/tasks/recipe-closure/PARSER_CUSTODY.md
7f3f64a9d07e00c0f7d09cc376dcc7090abe183f9b69a364957a2e35557ac3cf	1365	evidence/consumer-v4/work/m3/tooling/migration-recipes/tasks/recipe-closure/PROVENANCE.tsv
3a4d5ec03351f958109cd3907f78c62566f02b6109adfc4462c66232b39c27df	951	evidence/consumer-v4/work/m3/tooling/migration-recipes/tasks/recipe-closure/RUN_CONTEXT.tsv
451dcae9a40ef74b7eff9efd15fed96866f5f342f410d2630e3b497b2f14ce78	5947	evidence/consumer-v4/work/m3/tooling/migration-recipes/tasks/recipe-closure/SOURCE_SEALS.tsv
7783201aae40f9e2fe158faf60b0ad04bbebf5c6374f67a381c16772f8f7d712	2125	evidence/consumer-v4/work/m3/tooling/migration-recipes/tasks/recipe-closure/STATUS.tsv
7e225aa697008a888d029c53af2c9a29fa9b55ffa0a3c37c0eb7fa1e3311e63e	2933	evidence/consumer-v4/work/m3/tooling/migration-recipes/tasks/recipe-closure/TASK_PACKET.md
1039e7b2c5b24e389c5567c8aa99045743a690e7bb0b1973195288179f1f17a5	4623	evidence/consumer-v4/work/m3/tooling/migration-recipes/tasks/recipe-closure/TODO.tsv
c5ad36acb56231e5f8de171d1e9e4a575b705fc4095f05a996e8fa68e63bfe94	1275	evidence/consumer-v4/work/m3/tooling/migration-recipes/tasks/recipe-closure/VERIFY_CONTRACT.tsv
3ab3739daeeeb88b874668efb6863556314ef8d2d5c464b9f1fc445d31512712	4587	evidence/consumer-v4/work/m3/tooling/migration-recipes/tasks/recipe-closure/verify-descriptor.sh
cad3b2643ce4fcb50051d7b554e44fad84e33bc44bd801294cf08e5e5c04b6d6	449	evidence/consumer-v4/work/m3/tooling/migration-recipes/tasks/replay-guards/ACTION_QUEUE.tsv
a451b68443e0f63a1d8f544f9a1e488ae6bf948f3d02ce0d090ce0efd8b61c52	2227	evidence/consumer-v4/work/m3/tooling/migration-recipes/tasks/replay-guards/DESIGN.md
22abac7386901952a5f6fbf3c79e43de1ff65e3ad6ba09e008217f1d34e4cd03	1435	evidence/consumer-v4/work/m3/tooling/migration-recipes/tasks/replay-guards/FINAL_REPORT.md
05533eea902a2d31880eee386138e34de6e08cbedc9c05bcc9d16738c6854293	341	evidence/consumer-v4/work/m3/tooling/migration-recipes/tasks/replay-guards/OUTPUT_CONTRACT.tsv
baaa1bc695298298bface870c571663aa8a3fc0ffeb9023ad8ac64f174ed8533	374	evidence/consumer-v4/work/m3/tooling/migration-recipes/tasks/replay-guards/PROVENANCE.tsv
0f129ef7fe0ac116918af61e6f7b499a65250ae778f3aa756398ba35509b5396	266	evidence/consumer-v4/work/m3/tooling/migration-recipes/tasks/replay-guards/RESULTS.tsv
c4b6f11ee33a7aaa277cf94f9725d34b6472dac8be6fd92d356bf60dc8b13b0c	202	evidence/consumer-v4/work/m3/tooling/migration-recipes/tasks/replay-guards/RUN_CONTEXT.tsv
bd25d03993e396718fc627e0a16678ce434298fb3311a6c2837cd74bc008d7a9	617	evidence/consumer-v4/work/m3/tooling/migration-recipes/tasks/replay-guards/STATUS.tsv
12edb5d7cbdfc21f7da920f9a1873e657ff0f6a01e280db5b18669a95808a850	1335	evidence/consumer-v4/work/m3/tooling/migration-recipes/tasks/replay-guards/TASK_PACKET.json
7264a67976e9d3ef0cbb8c9cbe7a1b66a8db21e56e6ae2d8085eafa81ea2c2a1	274	evidence/consumer-v4/work/m3/tooling/migration-recipes/tasks/replay-guards/VERIFY_CONTRACT.tsv
a2e5c6983b92479359b889915c888826038322452e5b36901eb3544fc331cc16	2626	evidence/consumer-v4/work/m3/tooling/migration-recipes/verification/jcc-handoff/pom.xml
fda1ac1823bf912f10d975659dc1bfe7f89573d1581af3a7bfa7e45d99a70ba2	3152	evidence/consumer-v4/work/m3/tooling/migration-recipes/verification/jcc-receiving/pom.xml
990c05eb337cf68271fb708415a45ad4567dc4c9d53d503f48067e8e2271f129	2740	evidence/consumer-v4/work/m3/tooling/migration-recipes/verification/jni/pom.xml
f3a02ca3f967a2d55a4201d12874c462420b5fde6de9f10778bb77ae1d361c83	30	evidence/consumer-v4/work/m3/tooling/module-packs/.gitignore
8546f36bedda510ee12be8b810b9b9a2ea6a6921a4627cffe19bbfb3395c3e57	3876	evidence/consumer-v4/work/m3/tooling/module-packs/DEVELOPER_PROFILE.md
feae2815da2254d3177259e880656f41d6fa496743c1e6b25955fe2a0434de64	4089	evidence/consumer-v4/work/m3/tooling/module-packs/README.md
b476c68a57ba2a7b17ec0769e752235014d320b028d2b6050c2c487855992704	1719	evidence/consumer-v4/work/m3/tooling/module-packs/TASK_PACKET.json
836e45bea57b2dfe42d41d6ff82e97c65ccbe240841de5dcb0033135e6560193	9212	evidence/consumer-v4/work/m3/tooling/module-packs/build_pack.py
fe1ea49f5b84775ef568e353a64738ab1d99dd656597dc086bc08542c6128d0d	7333	evidence/consumer-v4/work/m3/tooling/module-packs/developer_tools.py
3a0a8098232d490573b9bd52e4c2f7cbe5a3615c9adff091614c23e2eca0ecdf	1880	evidence/consumer-v4/work/m3/tooling/module-packs/fixtures/diagnostics/com/m3/pack/diagnostics/M3DiagnosticsSmoke.java
a5a68658735ea8301537c0accbba38d2dd2f83bd91fc24a699865bb604627e37	192	evidence/consumer-v4/work/m3/tooling/module-packs/fixtures/diagnostics/module-info.java
898636c56a3b31cff2d5b91636d7b19b54b4eed77bc22dc7271ae29bab8f36ba	1109	evidence/consumer-v4/work/m3/tooling/module-packs/fixtures/javafx/com/m3/pack/fx/M3FxSmoke.java
a3c9534cc5139f59339ace192cb7193c2d10eb5c0517d4068216c2e4c0a1441b	210	evidence/consumer-v4/work/m3/tooling/module-packs/fixtures/javafx/module-info.java
e6c0019bd8a187fc6e7596ab3cd9882058c8975f3e0abfbdca117db8efe60769	916	evidence/consumer-v4/work/m3/tooling/module-packs/javafx-lock.example.json
5b8b734dc7869685288b5687783abfe2505440c14179442998c6010a06979e83	666	evidence/consumer-v4/work/m3/tooling/module-packs/kernel/pom.xml
c6b9e87d245a4ac5e9d4cbc74a16a541d5cd04b7ecd3da8b5ad91498d6708a59	1219	evidence/consumer-v4/work/m3/tooling/module-packs/kernel/src/main/java/com/m3/tools/modulepack/M3ModuleArtifact.java
dde14d28ad4fd93ff21efddd458cd475c96e5f7fc867d68023d0069fc340fbe4	3981	evidence/consumer-v4/work/m3/tooling/module-packs/kernel/src/main/java/com/m3/tools/modulepack/M3ModuleGraph.java
12c1e5cebc488f9d4669d668caf004854c436812122ec63bf1173d3ae3a57d3c	6987	evidence/consumer-v4/work/m3/tooling/module-packs/kernel/src/main/java/com/m3/tools/modulepack/M3ModuleInspector.java
d998787f47cf52effe3e8d7764984413fa5300e8c75a24a927fc5c529421ee36	2653	evidence/consumer-v4/work/m3/tooling/module-packs/kernel/src/main/java/com/m3/tools/modulepack/M3ModuleInventory.java
d28ab95812ea2b2024d18e037b42eaabd06ee041a74b86ce760c238d3155399d	177	evidence/consumer-v4/work/m3/tooling/module-packs/kernel/src/main/java/module-info.java
397dae1212bd173cc28cfe5309da790f78ac98f0c4909d4a4def994a027d4642	8824	evidence/consumer-v4/work/m3/tooling/module-packs/kernel/src/test/java/com/m3/tools/modulepack/ArchiveBoundaryTest.java
d23846cbda23776a76e2bebd0a7091a193c268fd2d3e9015c7eaaadbc9bd55d3	12688	evidence/consumer-v4/work/m3/tooling/module-packs/kernel/src/test/java/com/m3/tools/modulepack/M3ModuleChecks.java
daeab2f471d0df3135f3797c4df5734c4005636923c7b8eae1aaf0059d790912	9189	evidence/consumer-v4/work/m3/tooling/module-packs/kernel/src/test/java/com/m3/tools/modulepack/M3ModuleClassVersionChecks.java
7e0195b4aa23d926c2cb45508768dfd4eeff4d6565acbb9a89893a6bb4fc9794	558	evidence/consumer-v4/work/m3/tooling/module-packs/kernel/src/test/java/com/m3/tools/modulepack/M3ModuleClassVersionTest.java
06884fd670e9aea12a55fb6bb691b7b3f809f1cd2270f646b4c4a60b69d2c521	519	evidence/consumer-v4/work/m3/tooling/module-packs/kernel/src/test/java/com/m3/tools/modulepack/M3ModulePackTest.java
e4d7aebde2db036fc5eaa9ced964b9e6ca3ccf05a88c54ad7c83a8f59be568c2	9133	evidence/consumer-v4/work/m3/tooling/module-packs/kernel/src/test/java/com/m3/tools/modulepack/VersionProbe.java
b82d64a1417831a61386ce439a4b00c4904893e20de613c7e5adacaab4a52f29	531	evidence/consumer-v4/work/m3/tooling/module-packs/kernel/src/test/java/com/m3/tools/modulepack/VersionTest.java
cfc7749b96f63bd31c3c42b5c471bf756814053e847c10f3eb003417bc523d30	11358	evidence/consumer-v4/work/m3/tooling/module-packs/legal/LICENSE
d8d8eec20dc28bca34a534dd88ce2ddf57d048cee1cf6f1d3a5a01bb4020739d	281	evidence/consumer-v4/work/m3/tooling/module-packs/legal/NOTICE
e395233d7a6e158788d775028a2122a39fbc4ddfb17cd9ebe79cd401aa548146	3193	evidence/consumer-v4/work/m3/tooling/module-packs/pom.xml
cafd84e7f201830aa55e3b7dda42cb7058885b631473838e27d55f4737fb6630	1417	evidence/consumer-v4/work/m3/tooling/module-packs/recipes/pom.xml
27e80efd8b4e8fb0fd52347e0e748f60f3b9976263e32f1a0ab00bb0c402ed7e	4358	evidence/consumer-v4/work/m3/tooling/module-packs/recipes/src/main/java/com/m3/rewrite/packs/M3InventoryModulePackRecipe.java
e4f4c10b506751e3ec744f48700ddbeef44ed50d046c13d346e1d6ac45e72b36	2532	evidence/consumer-v4/work/m3/tooling/module-packs/recipes/src/main/java/com/m3/rewrite/packs/M3RegisterModulePacksRecipe.java
114a4c90c9307246fe98a34d89bba13c8867a039b3cac71935acfe5ca4b5212b	346	evidence/consumer-v4/work/m3/tooling/module-packs/recipes/src/main/resources/META-INF/rewrite/m3-module-packs.yml
ecad880e103962bcd9a5f136ab18fd8c6e11a43b82dd91b1e4ce1454c21dc029	1561	evidence/consumer-v4/work/m3/tooling/module-packs/recipes/src/main/resources/com/m3/rewrite/packs/reactor-after.xml
bf286389485f2ca51592af90a71fca3c23051deaf6e375be3b167a316141e9d8	1519	evidence/consumer-v4/work/m3/tooling/module-packs/recipes/src/main/resources/com/m3/rewrite/packs/reactor-before.xml
7e7bd417dabb4def97ef675735f0907f72221a654995016905091a2051353439	7007	evidence/consumer-v4/work/m3/tooling/module-packs/recipes/src/test/java/com/m3/rewrite/packs/M3ModulePackRecipesTest.java
68b1bca5ef3faa8e156ceed1970d19a8405e6ddee1bbcce82f0120be5edf8ba8	3568	evidence/consumer-v4/work/m3/tooling/module-packs/tasks/closure-20261005/DESIGN.md
6b31d0c079a560c482ff61f14087865f2b8e8715be8af63c71ba5f7b2439965a	636	evidence/consumer-v4/work/m3/tooling/module-packs/tasks/version/ACTION_QUEUE.tsv
49ff42fec08ca5e9a0bd46f88f09308c33b6c836985fd8f644173f3c281a45ad	1520	evidence/consumer-v4/work/m3/tooling/module-packs/tasks/version/DESIGN.md
7430ccfa89ebb7c838950c1f84224e30b02e9531abc302120c8e9c8baed77d9d	1900	evidence/consumer-v4/work/m3/tooling/module-packs/tasks/version/FINAL_REPORT.md
1baeb290bb67d257188ba156a0fc443b1d641e06c508eadfac4996a46c4f2ed4	287	evidence/consumer-v4/work/m3/tooling/module-packs/tasks/version/OUTPUT_CONTRACT.tsv
4b319babf379f14f36d1daf3004376f45710ed4aef67ff131399fbf4d5f5d819	353	evidence/consumer-v4/work/m3/tooling/module-packs/tasks/version/PROVENANCE.tsv
5f800433f90f8e7ad644484837add601b943944eabee95256900873d01f6263e	1533	evidence/consumer-v4/work/m3/tooling/module-packs/tasks/version/RAW_RESULTS.log
2c17f22cbdc42b87650999619752c9dcd26d4c2bda6431bbe7965bceda05c322	211	evidence/consumer-v4/work/m3/tooling/module-packs/tasks/version/RUN_CONTEXT.tsv
18778c04fa4bd2c3918926bb5f80c0850aaf3747e7512b5283c4d69e79e19086	606	evidence/consumer-v4/work/m3/tooling/module-packs/tasks/version/STATUS.tsv
4e8f207db8c1ad4d320ad5f1735b5ee28eddc0ac7f2d803f11b2f88fbbf52f18	261	evidence/consumer-v4/work/m3/tooling/module-packs/tasks/version/VERIFY_CONTRACT.tsv
42cf48177320ad9aa6494c37862f8090343ae57a9c96b954e9a516c4344da0a1	7040	evidence/consumer-v4/work/m3/tooling/module-packs/test_developer.py
037efdaf50e7dcf8ca12857230fdb3f4a1d18c8eae25ea6cf85645619f3211ee	3638	evidence/consumer-v4/work/m3/tooling/module-packs/test_pack.py
904c3b1400e2ae93d83e7f26aa96d8698fa5acc21fd850f9a5014c761f5a0199	2318	evidence/consumer-v4/work/m3/tooling/module-packs/verification/jdk-execution/PROOF.md
3f14a05c25ce177329d13ce5e104185685d3e0bee0a36b72b4fa69909e35f2c1	4476	evidence/consumer-v4/work/m3/tooling/module-packs/verification/jdk-execution/pom.xml
576dba6acd884fd5d0edc816e4c78d3447ef8d332a6bb6425aee3e065f183c95	2711	evidence/consumer-v4/work/m3/tooling/module-packs/verify.py
fc85449b4736b728b5820f9e47a14d64bfebadd40267d7a44c765d0b0ea1dd3b	5464	evidence/consumer-v4/work/m3/tooling/module-packs/verify_backport.py
751010aacd0234de0e685e8296ff4c5c3d7d13e44cf16af35a8c542486074b38	2089	evidence/consumer-v4/work/m3/tooling/recipe-catalogue.tsv
0f46c618636ff40d4f0b415de7bb78abc72140686ef92f2eddd77b6ab7304648	1389	evidence/consumer-v4/work/m3/tooling/src/main/java/com/synexia/rewrite/sealed/CodeIdentity.java
eebf9375be1135b81108bd7d240c665774f8e31c8ebb7256ff10caf3bfa441d8	6369	evidence/consumer-v4/work/m3/tooling/src/main/java/com/synexia/rewrite/sealed/ExtractPrivateIntHelper.java
f784f002de7381dabaf9d1d913f366809c772a0364e6c2255518c9469e1bf5fa	2849	evidence/consumer-v4/work/m3/tooling/src/main/java/com/synexia/rewrite/sealed/JavaContractSurface.java
5d6c86bdcda6f6adecdfa0fddc4b956b52b456bd1d4f4a61792fdf807c8fb9a6	3107	evidence/consumer-v4/work/m3/tooling/src/main/java/com/synexia/rewrite/sealed/JavaSourceUnit.java
4774779dfce9c4325e1a38a0efee9484c48747d116ca47462b998510e8c9c7e3	4567	evidence/consumer-v4/work/m3/tooling/src/main/java/com/synexia/rewrite/sealed/M3ExactSourceAtom.java
17910b8b92573d6673be22b1d79d3db81c2c65fdff02251b0d4b8defd5b7373a	1859	evidence/consumer-v4/work/m3/tooling/src/main/java/com/synexia/rewrite/sealed/SealHash.java
8aa4e44f74f599ebf9110df885fff5b63615576038ab6f7195d889789b44ca4f	2089	evidence/consumer-v4/work/m3/tooling/src/main/java/com/synexia/rewrite/sealed/SealedContract.java
72789272f512ee90e6dee1e9021363eb99ff45d7b2fb538527eab39d421b2272	1678	evidence/consumer-v4/work/m3/tooling/src/main/java/com/synexia/rewrite/sealed/SealedRecipe.java
3e88322e32c7f500a9d42f39e47b3853256fdd3c6a7d8954074884f5e1e80751	3370	evidence/consumer-v4/work/m3/tooling/src/main/java/com/synexia/rewrite/sealed/SealedSources.java
6a945e8916c048ae01fdb9e60ef4558a64adf5267cc33e57e8d3cd14fab5abc5	3363	evidence/consumer-v4/work/m3/tooling/vi/README.md
95cc54b05119a086b16cbae04f9343bcea967de7ed3f9bb1f015de02089d866b	4207	evidence/consumer-v4/work/m3/tooling/vi/SHA256SUMS
1eb85fc97224598dad1852b5d6483bbcf0aa8608790dcc657a5a2a761ae9c8c6	11558	evidence/consumer-v4/work/m3/tooling/vi/donor/LICENSE
fb34b0ca5dd91bcc45df89521e934af07139a3630c09b012b19876a0e54be422	1556	evidence/consumer-v4/work/m3/tooling/vi/donor/MIndexLibraryRelease.java.txt
a6cf406b99ce4064e23de1d9eddeb583b6b0f31f6ae74a06c8f98f8f8b330542	5632	evidence/consumer-v4/work/m3/tooling/vi/donor/MIndexVersionTable.java.txt
31cec4f2c4936b0e7a71a77847a3c20b0959e119a02ef5cf537f4f707fff9427	14991	evidence/consumer-v4/work/m3/tooling/vi/donor/NOTICE
24d84810ded39819f12f29946c9d72d1c431f1aa4957b2d7e9f702d12d0177b4	20	evidence/consumer-v4/work/m3/tooling/vi/evidence/Xint.log
24d84810ded39819f12f29946c9d72d1c431f1aa4957b2d7e9f702d12d0177b4	20	evidence/consumer-v4/work/m3/tooling/vi/evidence/Xmixed.log
e3b0c44298fc1c149afbf4c8996fb92427ae41e4649b934ca495991b7852b855	0	evidence/consumer-v4/work/m3/tooling/vi/evidence/compile-probe.log
