path	role	type	expected_git_object	availability	observed_sha256
m3/tooling/migration-recipes/pom.xml	module-pom	blob	86f223907bbb053f4792e6bf771c3c0882e1751b	EXACT_BODY_ACQUIRED	8544be570c2656c5fa641ae34fc01eaea420bbb420f6d80ce5f95253504e9888
m3/tooling/migration-recipes/src/main/java/com/m3/rewrite/InstallIndexStringCompatibility.java	default-main-java	blob	a5a1745d543de4b043580e39891f7fec31b541b1	BODY_NOT_ACQUIRED	
m3/tooling/migration-recipes/src/main/java/com/m3/rewrite/M3Java21ConvergenceCatalog.java	default-main-java	blob	041f9be54da827cd88cbcb764b5ba5f8bd0a81f4	EXACT_BODY_ACQUIRED	2e7514ddf7332311bb31f758dbfb27aa8242cf086cabc6cbb7f27b9f4cb7f2d3
m3/tooling/migration-recipes/src/main/java/com/m3/rewrite/M3Java21ConvergenceRecipe.java	default-main-java	blob	2f59c7f0756e5618343a88161040201ccb1af39d	EXACT_BODY_ACQUIRED	15e44e92ba509b405ed2e12ddc4c6bf2a427f59cdca95d7e8e960357732266e9
m3/tooling/migration-recipes/src/main/java/com/m3/rewrite/a3/M3A3AlgorithmCatalogueManifest.java	default-main-java	blob	33bf78099a89d11bcaef53542dd40b255e89292b	BODY_NOT_ACQUIRED	
m3/tooling/migration-recipes/src/main/java/com/m3/rewrite/a3/M3A3AlgorithmCatalogueRecipe.java	default-main-java	blob	3518924871cf5914432c2bc78b9d304655010cc0	BODY_NOT_ACQUIRED	
m3/tooling/migration-recipes/src/main/java/com/m3/rewrite/a3/M3A3SerialFileWorkManifest.java	default-main-java	blob	55233b476162b014311fc2dec0f300e4a2a9769a	BODY_NOT_ACQUIRED	
m3/tooling/migration-recipes/src/main/java/com/m3/rewrite/a3/M3A3SerialFileWorkRecipe.java	default-main-java	blob	3e509543acde0006680a57cd826f99113dd27b7b	BODY_NOT_ACQUIRED	
m3/tooling/migration-recipes/src/main/java/com/m3/rewrite/atom/M3AtomizePureIntReturnRecipe.java	default-main-java	blob	94ff41d9a298b671749a69bd8bc7b32005ebf877	EXACT_BODY_ACQUIRED	8384244946df1f840406aaf71438b4f0dba311dfd7eba7b421a064d63c31bf3b
m3/tooling/migration-recipes/src/main/java/com/m3/rewrite/atom/M3DocumentPureIntAtomRecipe.java	default-main-java	blob	4954825bdb4b5193c59f24ec66f95d2bd3fc8658	EXACT_BODY_ACQUIRED	496624f1f8612f3c39ea20c6f77fa0dc0594fa13c378b2f2a3a06143c739df1c
m3/tooling/migration-recipes/src/main/java/com/m3/rewrite/atom/M3FileAtomCandidateTable.java	default-main-java	blob	61e2dc2366f9a5cf0eaf93a06fe6e0f8ab061847	EXACT_BODY_ACQUIRED	2765872917a05ca2e71f977484a872bbac626cdf55ca24c71c8c9bc6dff10f24
m3/tooling/migration-recipes/src/main/java/com/m3/rewrite/atom/M3InventoryPureIntAtomCandidates.java	default-main-java	blob	518598697c896c6d43c43b0f95bdd4db2c4caa93	EXACT_BODY_ACQUIRED	3ca3fb634bd742821a317c47dde7ecb5f5176a1df8e3c2e8248a7873821a832b
m3/tooling/migration-recipes/src/main/java/com/m3/rewrite/atom/M3PatternizePureIntAtomRecipe.java	default-main-java	blob	6b3b8a126cca230526c66adba36f53f5f9f49f5b	EXACT_BODY_ACQUIRED	2d100ed5d5810232b90b46f55f99c907f54a195b679b58f295dd065c8f03db69
m3/tooling/migration-recipes/src/main/java/com/m3/rewrite/atom/M3PureIntAtomEligibility.java	default-main-java	blob	0041adab5913304874f5063fc2b982ff3cc1e065	EXACT_BODY_ACQUIRED	ea31026be2f699923e4dfcc6fa906cee77eb5a46bdb9a32948948bfdfe19cebb
m3/tooling/migration-recipes/src/main/java/com/m3/rewrite/atom/M3PureIntConvergenceRecipe.java	default-main-java	blob	a1a745a4ea8617937d8ecbb61eb17973dac0948f	EXACT_BODY_ACQUIRED	ba078715aa83969fc6c04fcd0d9d226ff0d0ad7f46f38ebede6f5b312504e534
m3/tooling/migration-recipes/src/main/java/com/m3/rewrite/backport/M3Jdk21HashPinnedSnapshotRecipe.java	default-main-java	blob	33783749e46474f2bdc68103e189fe2907a61fa9	EXACT_BODY_ACQUIRED	0e65b26f674f68fea30151ea63a17faef2f88ca0f0679723bb3dc230fda22b72
m3/tooling/migration-recipes/src/main/java/com/m3/rewrite/backport/M3Jdk21HashPinnedTextSnapshotRecipe.java	default-main-java	blob	a2e8c916208b563517e51b738744a05357e633aa	EXACT_BODY_ACQUIRED	8015207ce502d22955f7f77697177e5939fa1e25be7cd74be89c639335ae48e6
m3/tooling/migration-recipes/src/main/java/com/m3/rewrite/backport/M3Jdk8347112BackportRecipe.java	default-main-java	blob	a90ad05d1dcace0ac7ae77e5fb12f825908467d4	BODY_NOT_ACQUIRED	
m3/tooling/migration-recipes/src/main/java/com/m3/rewrite/backport/M3Jdk8364182BackportRecipe.java	default-main-java	blob	d76973f2d3c18f65d2bb709d2f94d0256e70b0b4	BODY_NOT_ACQUIRED	
m3/tooling/migration-recipes/src/main/java/com/m3/rewrite/backport/M3Jdk8367584JfrOptionsHelpBackportRecipe.java	default-main-java	blob	dee7b223c753856bd8417372239581878188076d	BODY_NOT_ACQUIRED	
m3/tooling/migration-recipes/src/main/java/com/m3/rewrite/backport/M3Jdk8368692PasswordSystemInBackportRecipe.java	default-main-java	blob	d43e93b8a28a497acadedc0d4e9e53ed43179e54	BODY_NOT_ACQUIRED	
m3/tooling/migration-recipes/src/main/java/com/m3/rewrite/backport/M3Jdk8374808BackportRecipe.java	default-main-java	blob	610dea9d6ac62d720bd32e407b572197e3e0e6e3	BODY_NOT_ACQUIRED	
m3/tooling/migration-recipes/src/main/java/com/m3/rewrite/backport/M3Jep458BackportRecipe.java	default-main-java	blob	a88b8dbaf65776f767197aa42be34a10ef5e4501	BODY_NOT_ACQUIRED	
m3/tooling/migration-recipes/src/main/java/com/m3/rewrite/backport/M3VerbatimJavaPairRecipe.java	default-main-java	blob	0223f3d9f527c7b8e15603e2d0e83027123c5cee	BODY_NOT_ACQUIRED	
m3/tooling/migration-recipes/src/main/java/com/m3/rewrite/scope/M3ContractMode.java	default-main-java	blob	e6a50a9fe75cd064399ed4b3909039f65403f8c5	EXACT_BODY_ACQUIRED	5c8c9ff94cec6d5ec7be9e5ca4984035c892c7bc03c079ec96e019ff7d3053fc
m3/tooling/migration-recipes/src/main/java/com/m3/rewrite/scope/M3EditScope.java	default-main-java	blob	5df378aa0ce4c7fce8dd4055912d5516b0141c56	EXACT_BODY_ACQUIRED	258dc928a4e350694446cbe4ea6348adaa722deada05d6fe0af2f95e6969d140
m3/tooling/migration-recipes/src/main/java/com/m3/rewrite/scope/M3RecipeScopePolicy.java	default-main-java	blob	e835666e5adc321e9f7ef8db47d8f2e652f89721	EXACT_BODY_ACQUIRED	332cf42918ef35d9ad6ba7c241f1a9222490f618908af3acb346fc837581b5d5
m3/tooling/migration-recipes/src/main/java/com/m3/rewrite/scope/M3RecipeScopeRegistry.java	default-main-java	blob	0e90d25af6bf46529cf260bca8a2e8872dcf328c	EXACT_BODY_ACQUIRED	9ba3245512f18e3d921b6a8d013cea05a70b5a84c473b34dbd574ba55a1978d4
m3/tooling/migration-recipes/src/main/java/com/m3/rewrite/scope/M3ScopeInference.java	default-main-java	blob	13a5ed9cd0b0923f1f81f799b7bcbe3758dd2ee8	EXACT_BODY_ACQUIRED	fd34ae842ba65bb843c2bba8df30926a8b2ba71df7cda76b4db8ed3a0be2da92
m3/tooling/migration-recipes/src/main/java/com/m3/rewrite/semantic/M3SemanticHashRecipe.java	default-main-java	blob	5bf7317f93642a096fad0e893d65ada1aae5df15	BODY_NOT_ACQUIRED	
m3/tooling/migration-recipes/src/main/java/com/m3/rewrite/semantic/M3SemanticHashTable.java	default-main-java	blob	934b43f5bdf20208234135f7d9253f5c31d83648	BODY_NOT_ACQUIRED	
m3/tooling/migration-recipes/src/main/java/com/m3/rewrite/semantic/M3SemanticHasher.java	default-main-java	blob	0d03ca010de5b43d8094cf16af2422f33abfff59	BODY_NOT_ACQUIRED	
m3/tooling/migration-recipes/src/main/java/com/synexia/rewrite/M3HashPinnedJavaSnapshotRecipe.java	default-main-java	blob	717c3e01f8f0407ce96439e3ecc96190b10c1eed	EXACT_BODY_ACQUIRED	9cf77c6e68a534e84b88230ca517fa6c5a76fb3e101ea3a1f68aa5222c3ec4d9
m3/tooling/migration-recipes/src/main/java/com/synexia/rewrite/M3MIndexJoinedCharsViewRecipe.java	default-main-java	blob	3ba6857dec13ca5af871b73238495124b0d1602f	BODY_NOT_ACQUIRED	
m3/tooling/migration-recipes/src/main/java/com/synexia/rewrite/M3SegmentedLaneNativeRecipe.java	default-main-java	blob	ee9bfaca540542faf7ffe91620e49877256a23d8	BODY_NOT_ACQUIRED	
m3/tooling/migration-recipes/src/main/resources/META-INF/rewrite/a3-kit.yml	default-main-resource	blob	6febbfa78d24d7463ef31b1762c22dc9dbe99d48	BODY_NOT_ACQUIRED	
m3/tooling/migration-recipes/src/main/resources/META-INF/rewrite/db-atom.yml	default-main-resource	blob	c52ca35fcbda105a78b7506a2ddfa7c8ba4c2396	BODY_NOT_ACQUIRED	
m3/tooling/migration-recipes/src/main/resources/META-INF/rewrite/db-build.yml	default-main-resource	blob	23802a04b5240038aa273907ac0ea4263f831f80	BODY_NOT_ACQUIRED	
m3/tooling/migration-recipes/src/main/resources/META-INF/rewrite/db-mark.yml	default-main-resource	blob	ee26ec2a6b05a96455c1a7fcb234529131a914ae	BODY_NOT_ACQUIRED	
m3/tooling/migration-recipes/src/main/resources/META-INF/rewrite/db.yml	default-main-resource	blob	f2da8e34e6d844d562c8abc122295f33dfdde37e	BODY_NOT_ACQUIRED	
m3/tooling/migration-recipes/src/main/resources/META-INF/rewrite/gate.yml	default-main-resource	blob	ea6fbb17c3f489f71815a9849c5c872ff2d2c565	BODY_NOT_ACQUIRED	
m3/tooling/migration-recipes/src/main/resources/META-INF/rewrite/jdk-focus.yml	default-main-resource	blob	46bb45dfaa835c3da26c34bd09291972255a3de0	BODY_NOT_ACQUIRED	
m3/tooling/migration-recipes/src/main/resources/META-INF/rewrite/m3-a3-algorithm-catalogue.yml	default-main-resource	blob	e1ec997069f2e2ff9e62517165002160105a0e01	BODY_NOT_ACQUIRED	
m3/tooling/migration-recipes/src/main/resources/META-INF/rewrite/m3-a3-declarative-delivery.yml	default-main-resource	blob	cdd752aac5f7c33362fa85290c17f00a621918e3	BODY_NOT_ACQUIRED	
m3/tooling/migration-recipes/src/main/resources/META-INF/rewrite/m3-a3-native-jni.yml	default-main-resource	blob	c26a76deab297e403065b8887a8ec3997e941eaf	BODY_NOT_ACQUIRED	
m3/tooling/migration-recipes/src/main/resources/META-INF/rewrite/m3-a3-serial-file-work.yml	default-main-resource	blob	2fbbb2f36f778a31073955fce049ba18518f3a4a	BODY_NOT_ACQUIRED	
m3/tooling/migration-recipes/src/main/resources/META-INF/rewrite/m3-atom-pattern.yml	default-main-resource	blob	5d94ae50a152c2ab000f3004bf4b99d5882b70cc	BODY_NOT_ACQUIRED	
m3/tooling/migration-recipes/src/main/resources/META-INF/rewrite/m3-class-ver.yml	default-main-resource	blob	1280e701ffe5f3f6cdf97c364f017fce105db314	BODY_NOT_ACQUIRED	
m3/tooling/migration-recipes/src/main/resources/META-INF/rewrite/m3-collection-lanes.yml	default-main-resource	blob	eed2fc571d7885116092aabd970d20ce120ec7f4	BODY_NOT_ACQUIRED	
m3/tooling/migration-recipes/src/main/resources/META-INF/rewrite/m3-descriptor.yml	default-main-resource	blob	f8bb2eec3634d766fcd0e4be4fb47f247b56d0e7	EXACT_BODY_ACQUIRED	303b689bdfcc87057da8c77c13101ffdeec9b2eb3c83b6505c038c0d54663520
m3/tooling/migration-recipes/src/main/resources/META-INF/rewrite/m3-file-inventory.yml	default-main-resource	blob	4c996a3b6c69a7f97459a7939fdfe5f425d354fc	BODY_NOT_ACQUIRED	
m3/tooling/migration-recipes/src/main/resources/META-INF/rewrite/m3-java21-convergence.yml	default-main-resource	blob	0a8a968867340edc960ef8caf000a19437966462	EXACT_BODY_ACQUIRED	f9ec35b4af6d74de7dadfc6bd420612703fc08952b77dfa20c94b16132f7ecbc
m3/tooling/migration-recipes/src/main/resources/META-INF/rewrite/m3-jdk-execution-followthrough.yml	default-main-resource	blob	967699322b19dbbc286cd37ca645fba879c06d09	BODY_NOT_ACQUIRED	
m3/tooling/migration-recipes/src/main/resources/META-INF/rewrite/m3-jni-newstring-admission.yml	default-main-resource	blob	8857dbd496f82d16c639b8a04316572798c1555a	BODY_NOT_ACQUIRED	
m3/tooling/migration-recipes/src/main/resources/META-INF/rewrite/m3-jni-packet.yml	default-main-resource	blob	13fb0ba6d3ac9309f3ba908e7601be0550d82e13	BODY_NOT_ACQUIRED	
m3/tooling/migration-recipes/src/main/resources/META-INF/rewrite/m3-kit.yml	default-main-resource	blob	82fdf12c04bba322eea3befc5029b053e71cee06	BODY_NOT_ACQUIRED	
m3/tooling/migration-recipes/src/main/resources/META-INF/rewrite/m3-migration.yml	default-main-resource	blob	afb16ca23ec0080935d2d9c97bbd17f3f19d4e5d	BODY_NOT_ACQUIRED	
m3/tooling/migration-recipes/src/main/resources/META-INF/rewrite/m3-recipe-closure.yml	default-main-resource	blob	ada92ec01cc97b03f9d7fdbf12da5b467fe19d11	BODY_NOT_ACQUIRED	
m3/tooling/migration-recipes/src/main/resources/META-INF/rewrite/m3-string-char-boundary.yml	default-main-resource	blob	1aee53693c4dfff621b53913133f1d9a34e0cbf6	BODY_NOT_ACQUIRED	
m3/tooling/migration-recipes/src/main/resources/META-INF/rewrite/m3-version.yml	default-main-resource	blob	96303907e2d5b1434203c883d9855fcfa1cdd245	BODY_NOT_ACQUIRED	
m3/tooling/migration-recipes/src/main/resources/META-INF/rewrite/map-facts.yml	default-main-resource	blob	9d0b0449debc35091ad1c45ea6b6eb4abc237073	BODY_NOT_ACQUIRED	
m3/tooling/migration-recipes/src/main/resources/META-INF/rewrite/map-guard.yml	default-main-resource	blob	9521df03b2546e9b2cc2e70e209e1c00783729c6	BODY_NOT_ACQUIRED	
m3/tooling/migration-recipes/src/main/resources/META-INF/rewrite/map-utf.yml	default-main-resource	blob	28cc2a825d051aa10ed957441a8756c2a01a2d3c	BODY_NOT_ACQUIRED	
m3/tooling/migration-recipes/src/main/resources/com/m3/rewrite/a3-algorithm-catalogue/after/A3.java	default-main-resource	blob	39ea70adc237392244d02eb3b9d1bf05b368bcf0	BODY_NOT_ACQUIRED	
m3/tooling/migration-recipes/src/main/resources/com/m3/rewrite/a3-algorithm-catalogue/after/A3Alg.java	default-main-resource	blob	bd0a88ba3c240510e57c51fb37c689205e02c9ec	BODY_NOT_ACQUIRED	
m3/tooling/migration-recipes/src/main/resources/com/m3/rewrite/a3-algorithm-catalogue/after/A3AlgTest.java	default-main-resource	blob	c59fda9b5d97c98c5682de6aeff50aa508182ef7	BODY_NOT_ACQUIRED	
m3/tooling/migration-recipes/src/main/resources/com/m3/rewrite/a3-algorithm-catalogue/after/A3Plan.java	default-main-resource	blob	624bdceb4a3b1dc3e8aa32c43da42152b6f54042	BODY_NOT_ACQUIRED	
m3/tooling/migration-recipes/src/main/resources/com/m3/rewrite/a3-algorithm-catalogue/after/A3PlanTest.java	default-main-resource	blob	1570299bc0a09012b2752143d7d2861521801104	BODY_NOT_ACQUIRED	
m3/tooling/migration-recipes/src/main/resources/com/m3/rewrite/a3-algorithm-catalogue/before/A3.java	default-main-resource	blob	4fa702edb44c9a064c640c16610a3749f35f54ca	BODY_NOT_ACQUIRED	
m3/tooling/migration-recipes/src/main/resources/com/m3/rewrite/a3-algorithm-catalogue/before/A3Plan.java	default-main-resource	blob	19b90c3f9064d55d28a1d2dbb9395ac0aefac966	BODY_NOT_ACQUIRED	
m3/tooling/migration-recipes/src/main/resources/com/m3/rewrite/a3-algorithm-catalogue/before/A3PlanTest.java	default-main-resource	blob	3e186021ae1b8997f5bb01ddb08f9b32bf5ae7a9	BODY_NOT_ACQUIRED	
m3/tooling/migration-recipes/src/main/resources/com/m3/rewrite/a3-serial-file-work/after/A3.java	default-main-resource	blob	4fa702edb44c9a064c640c16610a3749f35f54ca	BODY_NOT_ACQUIRED	
m3/tooling/migration-recipes/src/main/resources/com/m3/rewrite/a3-serial-file-work/after/A3Inv.java	default-main-resource	blob	d04ab86f0ada309c68f8ac7f0d14411932a3f2f9	BODY_NOT_ACQUIRED	
m3/tooling/migration-recipes/src/main/resources/com/m3/rewrite/a3-serial-file-work/after/A3Work.java	default-main-resource	blob	cd48192a3b3529e1e835748b73b14dd706a0b175	BODY_NOT_ACQUIRED	
m3/tooling/migration-recipes/src/main/resources/com/m3/rewrite/a3-serial-file-work/after/A3WorkTest.java	default-main-resource	blob	eb8c919bfa4690829b1162e8c03251f4f17b813b	BODY_NOT_ACQUIRED	
m3/tooling/migration-recipes/src/main/resources/com/m3/rewrite/a3-serial-file-work/after/A3WorkTsv.java	default-main-resource	blob	7aea6d61a634ab6902de9aa394c103ef70a3f0b1	BODY_NOT_ACQUIRED	
m3/tooling/migration-recipes/src/main/resources/com/m3/rewrite/a3-serial-file-work/after/A3WorkValues.java	default-main-resource	blob	ad604457bd85a9019c7ee1e6634fd79c3fb3aafe	BODY_NOT_ACQUIRED	
m3/tooling/migration-recipes/src/main/resources/com/m3/rewrite/a3-serial-file-work/before/A3.java	default-main-resource	blob	cc8473795b7023cce15a604b3c7164531f0e49fc	BODY_NOT_ACQUIRED	
m3/tooling/migration-recipes/src/main/resources/com/m3/rewrite/a3-serial-file-work/before/A3Inv.java	default-main-resource	blob	e76f590d4c8de784a3281fa37abec0c46a3ef020	BODY_NOT_ACQUIRED	
m3/tooling/migration-recipes/src/main/resources/com/m3/rewrite/backport/jdk21-hash-pinned-text/a3-declarative-yaml/00-m3-java21-convergence.yml.txt	default-main-resource	blob	0a8a968867340edc960ef8caf000a19437966462	BODY_NOT_ACQUIRED	
m3/tooling/migration-recipes/src/main/resources/com/m3/rewrite/backport/jdk21-hash-pinned-text/a3-declarative-yaml/manifest.tsv	default-main-resource	blob	08de6b1002e5e3321b47347a0ea448565136d712	BODY_NOT_ACQUIRED	
m3/tooling/migration-recipes/src/main/resources/com/m3/rewrite/backport/jdk21-hash-pinned-text/a3-native-jni-lane/0001.txt	default-main-resource	blob	69ec104f50757799ecb49a85ea682bf2ab7750f6	BODY_NOT_ACQUIRED	
m3/tooling/migration-recipes/src/main/resources/com/m3/rewrite/backport/jdk21-hash-pinned-text/a3-native-jni-lane/0002.txt	default-main-resource	blob	5f77e0a1d4797da90216532901b128623ffe91fb	BODY_NOT_ACQUIRED	
m3/tooling/migration-recipes/src/main/resources/com/m3/rewrite/backport/jdk21-hash-pinned-text/a3-native-jni-lane/0003.txt	default-main-resource	blob	6420a95cbe42a7cfcfe2c5110665966d4c7134f5	BODY_NOT_ACQUIRED	
m3/tooling/migration-recipes/src/main/resources/com/m3/rewrite/backport/jdk21-hash-pinned-text/a3-native-jni-lane/0004.txt	default-main-resource	blob	942b71c9b52c0bab900e8f3a31b2c3c2d390ccec	BODY_NOT_ACQUIRED	
m3/tooling/migration-recipes/src/main/resources/com/m3/rewrite/backport/jdk21-hash-pinned-text/a3-native-jni-lane/0005.txt	default-main-resource	blob	a34e16aa78231687ed9c3ce6e46e27b306a8668a	BODY_NOT_ACQUIRED	
m3/tooling/migration-recipes/src/main/resources/com/m3/rewrite/backport/jdk21-hash-pinned-text/a3-native-jni-lane/0006.txt	default-main-resource	blob	74175877e61e4d96c74266df709e488da03faba2	BODY_NOT_ACQUIRED	
m3/tooling/migration-recipes/src/main/resources/com/m3/rewrite/backport/jdk21-hash-pinned-text/a3-native-jni-lane/0007.txt	default-main-resource	blob	a671f5c83593f2aa8dcb6bf513245a836588d349	BODY_NOT_ACQUIRED	
m3/tooling/migration-recipes/src/main/resources/com/m3/rewrite/backport/jdk21-hash-pinned-text/a3-native-jni-lane/manifest.tsv	default-main-resource	blob	b8da118fe664573ae1ae26fc0026228532d9bf84	BODY_NOT_ACQUIRED	
m3/tooling/migration-recipes/src/main/resources/com/m3/rewrite/backport/jdk21-hash-pinned-text/a3-proof-kit/before-workflow.yml.txt	default-main-resource	blob	fee68af9af7a36b12d64cbee380335ea040fb61e	BODY_NOT_ACQUIRED	
m3/tooling/migration-recipes/src/main/resources/com/m3/rewrite/backport/jdk21-hash-pinned-text/a3-proof-kit/manifest.tsv	default-main-resource	blob	8dcd430a0a30f14dd18d4522b7598e84de87917b	BODY_NOT_ACQUIRED	
m3/tooling/migration-recipes/src/main/resources/com/m3/rewrite/backport/jdk21-hash-pinned-text/a3-proof-kit/workflow.yml.txt	default-main-resource	blob	5d21cbb0eeb283e019072f6972dafa813897558c	BODY_NOT_ACQUIRED	
m3/tooling/migration-recipes/src/main/resources/com/m3/rewrite/backport/jdk21-hash-pinned-text/db-meta/00-m3-db-parse.yml.txt	default-main-resource	blob	f7d4cdb82148d5bd906332189e875d2fa455c674	BODY_NOT_ACQUIRED	
m3/tooling/migration-recipes/src/main/resources/com/m3/rewrite/backport/jdk21-hash-pinned-text/db-meta/01-pom.xml.txt	default-main-resource	blob	081122749cfc2f8a18d179fc9efc0a668b2d4a2c	BODY_NOT_ACQUIRED	
m3/tooling/migration-recipes/src/main/resources/com/m3/rewrite/backport/jdk21-hash-pinned-text/db-meta/02-DESIGN.md.txt	default-main-resource	blob	dd5fd64a0f1df35dbb4af9d3416f290c4ca85817	BODY_NOT_ACQUIRED	
m3/tooling/migration-recipes/src/main/resources/com/m3/rewrite/backport/jdk21-hash-pinned-text/db-meta/03-TASK_PACKET.json.txt	default-main-resource	blob	91d4c60d615c1f9448aaee18405b680f6da276c6	BODY_NOT_ACQUIRED	
m3/tooling/migration-recipes/src/main/resources/com/m3/rewrite/backport/jdk21-hash-pinned-text/db-meta/04-pom.xml.txt	default-main-resource	blob	3367c68433d548437a310b9f7f3e06700d82efe0	BODY_NOT_ACQUIRED	
m3/tooling/migration-recipes/src/main/resources/com/m3/rewrite/backport/jdk21-hash-pinned-text/db-meta/before-pom.xml.txt	default-main-resource	blob	717a39a97adc08c5b122252e2071fd7fa45ac4f6	BODY_NOT_ACQUIRED	
m3/tooling/migration-recipes/src/main/resources/com/m3/rewrite/backport/jdk21-hash-pinned-text/db-meta/manifest.tsv	default-main-resource	blob	ce665061763c1e4b2250d20b6cfc95f0300ed243	BODY_NOT_ACQUIRED	
m3/tooling/migration-recipes/src/main/resources/com/m3/rewrite/backport/jdk21-hash-pinned-text/gate-meta/00-04-module-info.java.txt.txt	default-main-resource	blob	5488cfd8ba37d96ffef7be0b313b4e91a0cb063d	BODY_NOT_ACQUIRED	
m3/tooling/migration-recipes/src/main/resources/com/m3/rewrite/backport/jdk21-hash-pinned-text/gate-meta/01-manifest.tsv.txt	default-main-resource	blob	67d3ab4c5cd27c98765ed50f157a9583e6061c3a	BODY_NOT_ACQUIRED	
m3/tooling/migration-recipes/src/main/resources/com/m3/rewrite/backport/jdk21-hash-pinned-text/gate-meta/02-manifest.tsv.txt	default-main-resource	blob	b8f888ded1482b3a72a9e628604cb837649a6864	BODY_NOT_ACQUIRED	
m3/tooling/migration-recipes/src/main/resources/com/m3/rewrite/backport/jdk21-hash-pinned-text/gate-meta/03-manifest.tsv.txt	default-main-resource	blob	4cc1d1e5747a1fef81e179069684b8e17ca1c4ab	BODY_NOT_ACQUIRED	
m3/tooling/migration-recipes/src/main/resources/com/m3/rewrite/backport/jdk21-hash-pinned-text/gate-meta/04-manifest.tsv.txt	default-main-resource	blob	3ad3ccad81cb8da26dbbd6baf4ad9660391ae3dd	BODY_NOT_ACQUIRED	
m3/tooling/migration-recipes/src/main/resources/com/m3/rewrite/backport/jdk21-hash-pinned-text/gate-meta/before-01-manifest.tsv.txt	default-main-resource	blob	760effe6a841f6cf6bfee4beb66fa086841e5656	BODY_NOT_ACQUIRED	
m3/tooling/migration-recipes/src/main/resources/com/m3/rewrite/backport/jdk21-hash-pinned-text/gate-meta/before-02-manifest.tsv.txt	default-main-resource	blob	1edd9e312d3894dd38dbc0335cbe8e4c79398629	BODY_NOT_ACQUIRED	
m3/tooling/migration-recipes/src/main/resources/com/m3/rewrite/backport/jdk21-hash-pinned-text/gate-meta/before-03-manifest.tsv.txt	default-main-resource	blob	4553d02de4c97aab5f3ccbb8d4dbac725c9dc541	BODY_NOT_ACQUIRED	
m3/tooling/migration-recipes/src/main/resources/com/m3/rewrite/backport/jdk21-hash-pinned-text/gate-meta/before-04-manifest.tsv.txt	default-main-resource	blob	92f509d7eb9afcf122ee2ba1a6d938703d00d72f	BODY_NOT_ACQUIRED	
m3/tooling/migration-recipes/src/main/resources/com/m3/rewrite/backport/jdk21-hash-pinned-text/gate-meta/manifest.tsv	default-main-resource	blob	ac204a09d875c89853c173cc5a39bdefda7c57c0	BODY_NOT_ACQUIRED	
m3/tooling/migration-recipes/src/main/resources/com/m3/rewrite/backport/jdk21-hash-pinned-text/jdk21-developer-image-proof-20261004/00-DEVELOPER_PROFILE.md.txt	default-main-resource	blob	5c4e06c26c3a3cb7286cf5df440fa00f62b731b7	BODY_NOT_ACQUIRED	
m3/tooling/migration-recipes/src/main/resources/com/m3/rewrite/backport/jdk21-hash-pinned-text/jdk21-developer-image-proof-20261004/01-build_pack.py.txt	default-main-resource	blob	7e90032177993b367a07fa68572db72f6915b097	BODY_NOT_ACQUIRED	
m3/tooling/migration-recipes/src/main/resources/com/m3/rewrite/backport/jdk21-hash-pinned-text/jdk21-developer-image-proof-20261004/02-developer_tools.py.txt	default-main-resource	blob	6fbc3e8675ea1d90898c6d65db7ec06bb2e89b93	BODY_NOT_ACQUIRED	
m3/tooling/migration-recipes/src/main/resources/com/m3/rewrite/backport/jdk21-hash-pinned-text/jdk21-developer-image-proof-20261004/03-test_developer.py.txt	default-main-resource	blob	f09898160960caf907369273cab3b87b4f64458a	BODY_NOT_ACQUIRED	
m3/tooling/migration-recipes/src/main/resources/com/m3/rewrite/backport/jdk21-hash-pinned-text/jdk21-developer-image-proof-20261004/04-pom.xml.txt	default-main-resource	blob	1ae52726aef829994b98a35a37a582242814bfe6	BODY_NOT_ACQUIRED	
m3/tooling/migration-recipes/src/main/resources/com/m3/rewrite/backport/jdk21-hash-pinned-text/jdk21-developer-image-proof-20261004/05-verify_backport.py.txt	default-main-resource	blob	0aff08d64f76dbb0d540fb74f5eea2483a61b59f	BODY_NOT_ACQUIRED	
m3/tooling/migration-recipes/src/main/resources/com/m3/rewrite/backport/jdk21-hash-pinned-text/jdk21-developer-image-proof-20261004/before-01-build_pack.py.txt	default-main-resource	blob	52bc88d103d86296cc84b898d2f2dcb15cccc724	BODY_NOT_ACQUIRED	
m3/tooling/migration-recipes/src/main/resources/com/m3/rewrite/backport/jdk21-hash-pinned-text/jdk21-developer-image-proof-20261004/manifest.tsv	default-main-resource	blob	9ef3ef07f20070382faf16b09c19ce50fe9337f3	BODY_NOT_ACQUIRED	
m3/tooling/migration-recipes/src/main/resources/com/m3/rewrite/backport/jdk21-hash-pinned-text/jdk22-jep458-multifile-text/00-CompileInterimLangtools.gmk.txt	default-main-resource	blob	855b88ca0a2d68233a325e718dc0302eb046018b	BODY_NOT_ACQUIRED	
m3/tooling/migration-recipes/src/main/resources/com/m3/rewrite/backport/jdk21-hash-pinned-text/jdk22-jep458-multifile-text/01-java-base-launcher.properties.txt	default-main-resource	blob	222dd9b7cd54ba43bc9a0c21a815864c61fdb830	BODY_NOT_ACQUIRED	
m3/tooling/migration-recipes/src/main/resources/com/m3/rewrite/backport/jdk21-hash-pinned-text/jdk22-jep458-multifile-text/02-java.c.txt	default-main-resource	blob	0afc7b83a8a3e4e55cf45902dd570ea60a3e2f40	BODY_NOT_ACQUIRED	
m3/tooling/migration-recipes/src/main/resources/com/m3/rewrite/backport/jdk21-hash-pinned-text/jdk22-jep458-multifile-text/03-jdk-compiler-launcher.properties.txt	default-main-resource	blob	76f78b7982924f7f23ad2509722365ebfa6fe6c2	BODY_NOT_ACQUIRED	
m3/tooling/migration-recipes/src/main/resources/com/m3/rewrite/backport/jdk21-hash-pinned-text/jdk22-jep458-multifile-text/04-module-info.java.txt	default-main-resource	blob	5488cfd8ba37d96ffef7be0b313b4e91a0cb063d	BODY_NOT_ACQUIRED	
m3/tooling/migration-recipes/src/main/resources/com/m3/rewrite/backport/jdk21-hash-pinned-text/jdk22-jep458-multifile-text/manifest.tsv	default-main-resource	blob	67d3ab4c5cd27c98765ed50f157a9583e6061c3a	BODY_NOT_ACQUIRED	
m3/tooling/migration-recipes/src/main/resources/com/m3/rewrite/backport/jdk21-hash-pinned-text/jdk27-javadoc-8347112-text/01-standard.properties.txt	default-main-resource	blob	9bb99ffee89f64fa3cfcb74398fd373021f85568	BODY_NOT_ACQUIRED	
m3/tooling/migration-recipes/src/main/resources/com/m3/rewrite/backport/jdk21-hash-pinned-text/jdk27-javadoc-8347112-text/02-javadoc.1.txt	default-main-resource	blob	0dd94376c1975f8799430fe1b44cbf3c83ae77b5	BODY_NOT_ACQUIRED	
m3/tooling/migration-recipes/src/main/resources/com/m3/rewrite/backport/jdk21-hash-pinned-text/jdk27-javadoc-8347112-text/manifest.tsv	default-main-resource	blob	e07ea92b582d10e17add54eaa00121f81694df43	BODY_NOT_ACQUIRED	
m3/tooling/migration-recipes/src/main/resources/com/m3/rewrite/backport/jdk21-hash-pinned-text/jdk27-jfr-options-help-8367584-dcmd-cpp/00-jfrDcmds.cpp.txt	default-main-resource	blob	144576695fc85491a7c59324e52a55754a9d560e	BODY_NOT_ACQUIRED	
m3/tooling/migration-recipes/src/main/resources/com/m3/rewrite/backport/jdk21-hash-pinned-text/jdk27-jfr-options-help-8367584-dcmd-cpp/manifest.tsv	default-main-resource	blob	3dae8b135c79661582aade6e13d4b6fbcdc88556	BODY_NOT_ACQUIRED	
m3/tooling/migration-recipes/src/main/resources/com/m3/rewrite/backport/jdk21-hash-pinned-text/jdk27-jfr-options-help-8367584-dcmd-hpp/00-jfrDcmds.hpp.txt	default-main-resource	blob	7671e0438411b04aee0b48a1cd2560fd485e4082	BODY_NOT_ACQUIRED	
m3/tooling/migration-recipes/src/main/resources/com/m3/rewrite/backport/jdk21-hash-pinned-text/jdk27-jfr-options-help-8367584-dcmd-hpp/manifest.tsv	default-main-resource	blob	13cb877e1b652e141a94c9cac7bcae566492cb11	BODY_NOT_ACQUIRED	
m3/tooling/migration-recipes/src/main/resources/com/m3/rewrite/backport/jdk21-hash-pinned-text/jdk27-jfr-options-help-8367584-option-set/00-jfrOptionSet.cpp.txt	default-main-resource	blob	6c5995699e990af4c6cd30eb60390af55d1c39b4	BODY_NOT_ACQUIRED	
m3/tooling/migration-recipes/src/main/resources/com/m3/rewrite/backport/jdk21-hash-pinned-text/jdk27-jfr-options-help-8367584-option-set/manifest.tsv	default-main-resource	blob	9a260fadf8409610be932abcd58883c211910c6e	BODY_NOT_ACQUIRED	
m3/tooling/migration-recipes/src/main/resources/com/m3/rewrite/backport/jdk21-hash-pinned-text/jdk27-password-systemin-8368692-text/00-java.security.txt	default-main-resource	blob	9c238e100cbb45cf14522cf44d3d85fc31d545d8	BODY_NOT_ACQUIRED	
m3/tooling/migration-recipes/src/main/resources/com/m3/rewrite/backport/jdk21-hash-pinned-text/jdk27-password-systemin-8368692-text/manifest.tsv	default-main-resource	blob	363cc7bdc97540bb91d81eb7ec0f72aecc5dd17f	BODY_NOT_ACQUIRED	
m3/tooling/migration-recipes/src/main/resources/com/m3/rewrite/backport/jdk21-hash-pinned-text/jdk27-security-properties-8364182-text/00-vmSymbols.hpp.txt	default-main-resource	blob	0167dd0929ff30fad9d1e0ffe4303818c0b78c25	BODY_NOT_ACQUIRED	
m3/tooling/migration-recipes/src/main/resources/com/m3/rewrite/backport/jdk21-hash-pinned-text/jdk27-security-properties-8364182-text/01-diagnosticCommand.cpp.txt	default-main-resource	blob	540eac7ab615c42d9ac1cdb8057ad244c3401ddc	BODY_NOT_ACQUIRED	
m3/tooling/migration-recipes/src/main/resources/com/m3/rewrite/backport/jdk21-hash-pinned-text/jdk27-security-properties-8364182-text/02-diagnosticCommand.hpp.txt	default-main-resource	blob	876359a727dcadfb42ca7bb2f1eac5d31c942b96	BODY_NOT_ACQUIRED	
m3/tooling/migration-recipes/src/main/resources/com/m3/rewrite/backport/jdk21-hash-pinned-text/jdk27-security-properties-8364182-text/manifest.tsv	default-main-resource	blob	474528353a20dd44986197b5dd35f1d67c01b75c	BODY_NOT_ACQUIRED	
m3/tooling/migration-recipes/src/main/resources/com/m3/rewrite/backport/jdk21-hash-pinned-text/jni-packet/00-m3-jni-fix.yml.txt	default-main-resource	blob	be41312e60408d61b3dae6644c7a7e37d23557a2	BODY_NOT_ACQUIRED	
m3/tooling/migration-recipes/src/main/resources/com/m3/rewrite/backport/jdk21-hash-pinned-text/jni-packet/01-Fix.py.txt	default-main-resource	blob	3b7253e18ed0ee2262af0457799d9903faaf0a3e	BODY_NOT_ACQUIRED	
m3/tooling/migration-recipes/src/main/resources/com/m3/rewrite/backport/jdk21-hash-pinned-text/jni-packet/02-README.md.txt	default-main-resource	blob	0522f8e3e5bc7ef698a6bcffbde85362c08f582c	BODY_NOT_ACQUIRED	
m3/tooling/migration-recipes/src/main/resources/com/m3/rewrite/backport/jdk21-hash-pinned-text/jni-packet/03-manifest.json.txt	default-main-resource	blob	6f5f6ebcc9593888fd372b01dfbe2ed5edf6aa0c	BODY_NOT_ACQUIRED	
m3/tooling/migration-recipes/src/main/resources/com/m3/rewrite/backport/jdk21-hash-pinned-text/jni-packet/04-pom.xml.txt	default-main-resource	blob	387a50c720d50dcd22af51660663fb79d90b09b1	BODY_NOT_ACQUIRED	
m3/tooling/migration-recipes/src/main/resources/com/m3/rewrite/backport/jdk21-hash-pinned-text/jni-packet/05-runtime.patch.txt	default-main-resource	blob	4820b57bccf8c67e881e4f7f41ff74a6c3ead1c1	BODY_NOT_ACQUIRED	
m3/tooling/migration-recipes/src/main/resources/com/m3/rewrite/backport/jdk21-hash-pinned-text/jni-packet/06-test_fix.py.txt	default-main-resource	blob	c77e3195ac8773a8fa5b2fd251e8d21495e4693f	BODY_NOT_ACQUIRED	
m3/tooling/migration-recipes/src/main/resources/com/m3/rewrite/backport/jdk21-hash-pinned-text/jni-packet/07-manifest.json.txt	default-main-resource	blob	44ad48ac2ac457f8b8d7b87d7c20a596d6e358d9	BODY_NOT_ACQUIRED	
m3/tooling/migration-recipes/src/main/resources/com/m3/rewrite/backport/jdk21-hash-pinned-text/jni-packet/before-07-manifest.json.txt	default-main-resource	blob	d73d191fa98c0e1bb3f58bcd556de6fda1a3902d	BODY_NOT_ACQUIRED	
m3/tooling/migration-recipes/src/main/resources/com/m3/rewrite/backport/jdk21-hash-pinned-text/jni-packet/manifest.tsv	default-main-resource	blob	4ce112ef032375cbb9f3ad5a935c14c7a24f1407	BODY_NOT_ACQUIRED	
m3/tooling/migration-recipes/src/main/resources/com/m3/rewrite/backport/jdk21-hash-pinned-text/map-facts/before-workflow.yml.txt	default-main-resource	blob	4a448860e04af3d67737de30c1ac92e2d79c384c	BODY_NOT_ACQUIRED	
m3/tooling/migration-recipes/src/main/resources/com/m3/rewrite/backport/jdk21-hash-pinned-text/map-facts/manifest.tsv	default-main-resource	blob	cddc19696fc5e6a4c36cf94f5734012b94b60b66	BODY_NOT_ACQUIRED	
m3/tooling/migration-recipes/src/main/resources/com/m3/rewrite/backport/jdk21-hash-pinned-text/map-facts/workflow.yml.txt	default-main-resource	blob	de18f4659188dd587263911fa7154858f0febe9f	BODY_NOT_ACQUIRED	
m3/tooling/migration-recipes/src/main/resources/com/m3/rewrite/backport/jdk21-hash-pinned-text/map-guard/before-workflow.yml.txt	default-main-resource	blob	2e48ef733d17532caa6ed38629d9b23d4fb89562	BODY_NOT_ACQUIRED	
m3/tooling/migration-recipes/src/main/resources/com/m3/rewrite/backport/jdk21-hash-pinned-text/map-guard/manifest.tsv	default-main-resource	blob	8a5b66c6c8954b4ea9323b59b34c674ee991a2b8	BODY_NOT_ACQUIRED	
m3/tooling/migration-recipes/src/main/resources/com/m3/rewrite/backport/jdk21-hash-pinned-text/map-guard/workflow.yml.txt	default-main-resource	blob	de18f4659188dd587263911fa7154858f0febe9f	BODY_NOT_ACQUIRED	
m3/tooling/migration-recipes/src/main/resources/com/m3/rewrite/backport/jdk21-hash-pinned-text/map-utf/before-workflow.yml.txt	default-main-resource	blob	4a448860e04af3d67737de30c1ac92e2d79c384c	BODY_NOT_ACQUIRED	
m3/tooling/migration-recipes/src/main/resources/com/m3/rewrite/backport/jdk21-hash-pinned-text/map-utf/manifest.tsv	default-main-resource	blob	cddc19696fc5e6a4c36cf94f5734012b94b60b66	BODY_NOT_ACQUIRED	
m3/tooling/migration-recipes/src/main/resources/com/m3/rewrite/backport/jdk21-hash-pinned-text/map-utf/workflow.yml.txt	default-main-resource	blob	de18f4659188dd587263911fa7154858f0febe9f	BODY_NOT_ACQUIRED	
m3/tooling/migration-recipes/src/main/resources/com/m3/rewrite/backport/jdk21-hash-pinned-text/proof-kit/manifest.tsv	default-main-resource	blob	6c880d8e614d93510e319044688ad1c0f195d263	BODY_NOT_ACQUIRED	
m3/tooling/migration-recipes/src/main/resources/com/m3/rewrite/backport/jdk21-hash-pinned-text/proof-kit/workflow.yml.txt	default-main-resource	blob	d6bc30ed452c0ac4e5dbe579db22e3c3a50ee99a	BODY_NOT_ACQUIRED	
m3/tooling/migration-recipes/src/main/resources/com/m3/rewrite/backport/jdk21-hash-pinned/jdk22-class-ver/00-inspector.java.txt	default-main-resource	blob	86bd011250ca271cc4f5fb45a91bdcdf9708746f	BODY_NOT_ACQUIRED	
m3/tooling/migration-recipes/src/main/resources/com/m3/rewrite/backport/jdk21-hash-pinned/jdk22-class-ver/01-checks.java.txt	default-main-resource	blob	82099843310ba6c32cce3f0c98d2fe8e45a95032	BODY_NOT_ACQUIRED	
m3/tooling/migration-recipes/src/main/resources/com/m3/rewrite/backport/jdk21-hash-pinned/jdk22-class-ver/02-test.java.txt	default-main-resource	blob	a84f5ad18df10c69144ca652f2b9a9bd22db49ea	BODY_NOT_ACQUIRED	
m3/tooling/migration-recipes/src/main/resources/com/m3/rewrite/backport/jdk21-hash-pinned/jdk22-class-ver/before-00-inspector.java.txt	default-main-resource	blob	b6b5535ccfe865dbcbaeee3b776d481a88f8da1e	BODY_NOT_ACQUIRED	
m3/tooling/migration-recipes/src/main/resources/com/m3/rewrite/backport/jdk21-hash-pinned/jdk22-class-ver/manifest.tsv	default-main-resource	blob	4983044bcd9d56c87486a0cd226292b213d6f088	BODY_NOT_ACQUIRED	
m3/tooling/migration-recipes/src/main/resources/com/m3/rewrite/backport/jdk21-hash-pinned/jdk22-descriptor/00-Descriptor.java.txt	default-main-resource	blob	92f4d7da32a3b8265675a413311fd304c6dc2dd2	BODY_NOT_ACQUIRED	
m3/tooling/migration-recipes/src/main/resources/com/m3/rewrite/backport/jdk21-hash-pinned/jdk22-descriptor/01-DescriptorTest.java.txt	default-main-resource	blob	2521a35c4de252593d9558310a25a1016724b13c	BODY_NOT_ACQUIRED	
m3/tooling/migration-recipes/src/main/resources/com/m3/rewrite/backport/jdk21-hash-pinned/jdk22-descriptor/before-00-Descriptor.java.txt	default-main-resource	blob	f4b4144f104eb4816cb80a44c136fa90b8114dc4	BODY_NOT_ACQUIRED	
m3/tooling/migration-recipes/src/main/resources/com/m3/rewrite/backport/jdk21-hash-pinned/jdk22-descriptor/manifest.tsv	default-main-resource	blob	2a62a7a35e9e59cf403336c197f60d7e5915b064	EXACT_BODY_ACQUIRED	6c42ad2af4f9c5d24501a94eebd145c5cf77ed505ce1a1bb62d5b06b6c341cd1
m3/tooling/migration-recipes/src/main/resources/com/m3/rewrite/backport/jdk21-hash-pinned/jdk22-jep458-multifile-java/00-module-info.java.txt	default-main-resource	blob	5488cfd8ba37d96ffef7be0b313b4e91a0cb063d	BODY_NOT_ACQUIRED	
m3/tooling/migration-recipes/src/main/resources/com/m3/rewrite/backport/jdk21-hash-pinned/jdk22-jep458-multifile-java/01-Preview.java.txt	default-main-resource	blob	b481618f4be7b0cee9a9baab498b93e3a1881772	BODY_NOT_ACQUIRED	
m3/tooling/migration-recipes/src/main/resources/com/m3/rewrite/backport/jdk21-hash-pinned/jdk22-jep458-multifile-java/02-Fault.java.txt	default-main-resource	blob	a5916dbafd92e94a64b9857c6ed179b12dfc0e21	BODY_NOT_ACQUIRED	
m3/tooling/migration-recipes/src/main/resources/com/m3/rewrite/backport/jdk21-hash-pinned/jdk22-jep458-multifile-java/03-MemoryClassLoader.java.txt	default-main-resource	blob	c6fa5d11778b2384bbf2e3a6bcc0b9b28235d7a0	BODY_NOT_ACQUIRED	
m3/tooling/migration-recipes/src/main/resources/com/m3/rewrite/backport/jdk21-hash-pinned/jdk22-jep458-multifile-java/04-MemoryContext.java.txt	default-main-resource	blob	f8257648f42ddd2078d28136d8108c659e58fb0c	BODY_NOT_ACQUIRED	
m3/tooling/migration-recipes/src/main/resources/com/m3/rewrite/backport/jdk21-hash-pinned/jdk22-jep458-multifile-java/05-MemoryFileManager.java.txt	default-main-resource	blob	15a2be87cdbc650236741e7bee3157aecf25fb5b	BODY_NOT_ACQUIRED	
m3/tooling/migration-recipes/src/main/resources/com/m3/rewrite/backport/jdk21-hash-pinned/jdk22-jep458-multifile-java/06-MemoryModuleFinder.java.txt	default-main-resource	blob	d82580c993f809382d25369dc45d442ce5191c0e	BODY_NOT_ACQUIRED	
m3/tooling/migration-recipes/src/main/resources/com/m3/rewrite/backport/jdk21-hash-pinned/jdk22-jep458-multifile-java/07-ProgramDescriptor.java.txt	default-main-resource	blob	9c9831ecedfb7ffdba7753cc8692034d6c7c5ffd	BODY_NOT_ACQUIRED	
m3/tooling/migration-recipes/src/main/resources/com/m3/rewrite/backport/jdk21-hash-pinned/jdk22-jep458-multifile-java/08-ProgramFileObject.java.txt	default-main-resource	blob	f697ebf199efd219e213378137a194b4d671ea47	BODY_NOT_ACQUIRED	
m3/tooling/migration-recipes/src/main/resources/com/m3/rewrite/backport/jdk21-hash-pinned/jdk22-jep458-multifile-java/09-RelevantJavacOptions.java.txt	default-main-resource	blob	88d1c875bc518cc2e0241db35cca1c6b615e04ef	BODY_NOT_ACQUIRED	
m3/tooling/migration-recipes/src/main/resources/com/m3/rewrite/backport/jdk21-hash-pinned/jdk22-jep458-multifile-java/10-Result.java.txt	default-main-resource	blob	a95c0fa5c7d8b3d52aa6a19f0f76b3a49c8904d0	BODY_NOT_ACQUIRED	
m3/tooling/migration-recipes/src/main/resources/com/m3/rewrite/backport/jdk21-hash-pinned/jdk22-jep458-multifile-java/11-SourceLauncher.java.txt	default-main-resource	blob	32f792b0989b3004711dc75c6ace3db44fb0fbe3	BODY_NOT_ACQUIRED	
m3/tooling/migration-recipes/src/main/resources/com/m3/rewrite/backport/jdk21-hash-pinned/jdk22-jep458-multifile-java/12-Option.java.txt	default-main-resource	blob	204e04cd661072e249e445fa2d91d86eaeb313f2	BODY_NOT_ACQUIRED	
m3/tooling/migration-recipes/src/main/resources/com/m3/rewrite/backport/jdk21-hash-pinned/jdk22-jep458-multifile-java/13-BasicSourceLauncherTests.java.txt	default-main-resource	blob	1a686a8a38f6df85614f1e5f4f23d225b903dc53	BODY_NOT_ACQUIRED	
m3/tooling/migration-recipes/src/main/resources/com/m3/rewrite/backport/jdk21-hash-pinned/jdk22-jep458-multifile-java/14-GetResourceTest.java.txt	default-main-resource	blob	57c73c44d092553289a3407a683d46a4c2174c40	BODY_NOT_ACQUIRED	
m3/tooling/migration-recipes/src/main/resources/com/m3/rewrite/backport/jdk21-hash-pinned/jdk22-jep458-multifile-java/15-ModuleSourceLauncherTests.java.txt	default-main-resource	blob	d5103525f571a6383d6921b18683fed9b3068383	BODY_NOT_ACQUIRED	
m3/tooling/migration-recipes/src/main/resources/com/m3/rewrite/backport/jdk21-hash-pinned/jdk22-jep458-multifile-java/16-MultiFileSourceLauncherTests.java.txt	default-main-resource	blob	12a5bf09dfefb77e88a01c274e906737f98daa8e	BODY_NOT_ACQUIRED	
m3/tooling/migration-recipes/src/main/resources/com/m3/rewrite/backport/jdk21-hash-pinned/jdk22-jep458-multifile-java/17-ProgramDescriptorTests.java.txt	default-main-resource	blob	8e0f1cdba90cf1165be6fcb708df1497fcda5f1d	BODY_NOT_ACQUIRED	
m3/tooling/migration-recipes/src/main/resources/com/m3/rewrite/backport/jdk21-hash-pinned/jdk22-jep458-multifile-java/18-Run.java.txt	default-main-resource	blob	4d40d9d6a4cd59e9c80e62f13ee7b711327508e2	BODY_NOT_ACQUIRED	
m3/tooling/migration-recipes/src/main/resources/com/m3/rewrite/backport/jdk21-hash-pinned/jdk22-jep458-multifile-java/19-SourceLauncherTest.java.txt	default-main-resource	blob	569f210279f4de32022f624ad36ee75dc57c2a63	BODY_NOT_ACQUIRED	
m3/tooling/migration-recipes/src/main/resources/com/m3/rewrite/backport/jdk21-hash-pinned/jdk22-jep458-multifile-java/20-CLTest.java.txt	default-main-resource	blob	e4517e78fc449eb0e954a23c6cbeca2a5a32cb96	BODY_NOT_ACQUIRED	
m3/tooling/migration-recipes/src/main/resources/com/m3/rewrite/backport/jdk21-hash-pinned/jdk22-jep458-multifile-java/21-ListModuleDeps.java.txt	default-main-resource	blob	63814220c039c921ba55939def498a6fac933b70	BODY_NOT_ACQUIRED	
m3/tooling/migration-recipes/src/main/resources/com/m3/rewrite/backport/jdk21-hash-pinned/jdk22-jep458-multifile-java/manifest.tsv	default-main-resource	blob	b8f888ded1482b3a72a9e628604cb837649a6864	BODY_NOT_ACQUIRED	
m3/tooling/migration-recipes/src/main/resources/com/m3/rewrite/backport/jdk21-hash-pinned/jdk22-map-facts/00-Backing.java.txt	default-main-resource	blob	070ab09ff689f63f15f91f57e9dd63e2cf839031	BODY_NOT_ACQUIRED	
m3/tooling/migration-recipes/src/main/resources/com/m3/rewrite/backport/jdk21-hash-pinned/jdk22-map-facts/01-MapFactsTest.java.txt	default-main-resource	blob	69703b272a5f153eaf8d43d169a5151cb725e15d	BODY_NOT_ACQUIRED	
m3/tooling/migration-recipes/src/main/resources/com/m3/rewrite/backport/jdk21-hash-pinned/jdk22-map-facts/before-00-Backing.java.txt	default-main-resource	blob	0968beed3e2b330eaa34a57b8b30afb894f31fa9	BODY_NOT_ACQUIRED	
m3/tooling/migration-recipes/src/main/resources/com/m3/rewrite/backport/jdk21-hash-pinned/jdk22-map-facts/manifest.tsv	default-main-resource	blob	9629f6dbb034ed77470d0995154b8fa615f5d85d	BODY_NOT_ACQUIRED	
m3/tooling/migration-recipes/src/main/resources/com/m3/rewrite/backport/jdk21-hash-pinned/jdk22-map-guard/00-Backing.java.txt	default-main-resource	blob	070ab09ff689f63f15f91f57e9dd63e2cf839031	BODY_NOT_ACQUIRED	
m3/tooling/migration-recipes/src/main/resources/com/m3/rewrite/backport/jdk21-hash-pinned/jdk22-map-guard/01-MapGuardTest.java.txt	default-main-resource	blob	673dcad04506e3d79b4b4a7e1edfa8df261fe234	BODY_NOT_ACQUIRED	
m3/tooling/migration-recipes/src/main/resources/com/m3/rewrite/backport/jdk21-hash-pinned/jdk22-map-guard/before-00-Backing.java.txt	default-main-resource	blob	0f8c86dd676ce7f36b8cff4394992ed8fec0e3e4	BODY_NOT_ACQUIRED	
m3/tooling/migration-recipes/src/main/resources/com/m3/rewrite/backport/jdk21-hash-pinned/jdk22-map-guard/context-Backing.java.txt	default-main-resource	blob	1258454eed20e5ec07c51a07efd554eb2d68ab45	BODY_NOT_ACQUIRED	
m3/tooling/migration-recipes/src/main/resources/com/m3/rewrite/backport/jdk21-hash-pinned/jdk22-map-guard/context-Test.java.txt	default-main-resource	blob	dab7de1fa7c090974f6ff810e8e728d3ba53ea16	BODY_NOT_ACQUIRED	
m3/tooling/migration-recipes/src/main/resources/com/m3/rewrite/backport/jdk21-hash-pinned/jdk22-map-guard/manifest.tsv	default-main-resource	blob	1677c62b61f3b2991c21f2b154d33c38d63fb6ec	BODY_NOT_ACQUIRED	
m3/tooling/migration-recipes/src/main/resources/com/m3/rewrite/backport/jdk21-hash-pinned/jdk22-map-utf/00-Backing.java.txt	default-main-resource	blob	070ab09ff689f63f15f91f57e9dd63e2cf839031	BODY_NOT_ACQUIRED	
m3/tooling/migration-recipes/src/main/resources/com/m3/rewrite/backport/jdk21-hash-pinned/jdk22-map-utf/01-MapUtfTest.java.txt	default-main-resource	blob	1ea1951d053bfdde1413e7060cffaa9e7d215b6a	BODY_NOT_ACQUIRED	
m3/tooling/migration-recipes/src/main/resources/com/m3/rewrite/backport/jdk21-hash-pinned/jdk22-map-utf/02-MapFactsTest.java.txt	default-main-resource	blob	69703b272a5f153eaf8d43d169a5151cb725e15d	BODY_NOT_ACQUIRED	
m3/tooling/migration-recipes/src/main/resources/com/m3/rewrite/backport/jdk21-hash-pinned/jdk22-map-utf/before-00-Backing.java.txt	default-main-resource	blob	0968beed3e2b330eaa34a57b8b30afb894f31fa9	BODY_NOT_ACQUIRED	
m3/tooling/migration-recipes/src/main/resources/com/m3/rewrite/backport/jdk21-hash-pinned/jdk22-map-utf/manifest.tsv	default-main-resource	blob	83f053281f167765f1dec611de1f41ad97cf80d8	BODY_NOT_ACQUIRED	
m3/tooling/migration-recipes/src/main/resources/com/m3/rewrite/backport/jdk21-hash-pinned/jdk22-recipe-closure/00-M3A3AlgorithmCatalogueRecipe.java.txt	default-main-resource	blob	3518924871cf5914432c2bc78b9d304655010cc0	BODY_NOT_ACQUIRED	
m3/tooling/migration-recipes/src/main/resources/com/m3/rewrite/backport/jdk21-hash-pinned/jdk22-recipe-closure/01-M3PureIntAtomEligibility.java.txt	default-main-resource	blob	0041adab5913304874f5063fc2b982ff3cc1e065	BODY_NOT_ACQUIRED	
m3/tooling/migration-recipes/src/main/resources/com/m3/rewrite/backport/jdk21-hash-pinned/jdk22-recipe-closure/02-M3RecipeScopeRegistry.java.txt	default-main-resource	blob	0e90d25af6bf46529cf260bca8a2e8872dcf328c	BODY_NOT_ACQUIRED	
m3/tooling/migration-recipes/src/main/resources/com/m3/rewrite/backport/jdk21-hash-pinned/jdk22-recipe-closure/03-M3RecipeScopeDeclarationTest.java.txt	default-main-resource	blob	256ecbce8950c4c5e7c00516bf0a0c0d93f101a0	BODY_NOT_ACQUIRED	
m3/tooling/migration-recipes/src/main/resources/com/m3/rewrite/backport/jdk21-hash-pinned/jdk22-recipe-closure/before-00-M3A3AlgorithmCatalogueRecipe.java.txt	default-main-resource	blob	03366657d3b5c53dc3c148df8db3e308f8462391	BODY_NOT_ACQUIRED	
m3/tooling/migration-recipes/src/main/resources/com/m3/rewrite/backport/jdk21-hash-pinned/jdk22-recipe-closure/before-01-M3PureIntAtomEligibility.java.txt	default-main-resource	blob	43230d156c9c71ef4d6a51ee5175c857fdf0cbe1	BODY_NOT_ACQUIRED	
m3/tooling/migration-recipes/src/main/resources/com/m3/rewrite/backport/jdk21-hash-pinned/jdk22-recipe-closure/before-02-M3RecipeScopeRegistry.java.txt	default-main-resource	blob	8bacc2c87652c0626761409a8ed36d978b7cb5a2	BODY_NOT_ACQUIRED	
m3/tooling/migration-recipes/src/main/resources/com/m3/rewrite/backport/jdk21-hash-pinned/jdk22-recipe-closure/before-03-M3RecipeScopeDeclarationTest.java.txt	default-main-resource	blob	ede9633c17c11b95201733fcf53bee601cee64be	BODY_NOT_ACQUIRED	
m3/tooling/migration-recipes/src/main/resources/com/m3/rewrite/backport/jdk21-hash-pinned/jdk22-recipe-closure/manifest.tsv	default-main-resource	blob	06cb1cfb82e63c7eccb6af892ac2552a98d8257b	BODY_NOT_ACQUIRED	
m3/tooling/migration-recipes/src/main/resources/com/m3/rewrite/backport/jdk21-hash-pinned/jdk24-jep485-stream-gatherers/00-AbstractPipeline.java.txt	default-main-resource	blob	ac9a7243d60295f80b18b0169fb03ddc5f6f7040	BODY_NOT_ACQUIRED	
m3/tooling/migration-recipes/src/main/resources/com/m3/rewrite/backport/jdk21-hash-pinned/jdk24-jep485-stream-gatherers/01-Gatherer.java.txt	default-main-resource	blob	267ec62b931d1b7e3c30cf0dd0e5877cec019887	BODY_NOT_ACQUIRED	
m3/tooling/migration-recipes/src/main/resources/com/m3/rewrite/backport/jdk21-hash-pinned/jdk24-jep485-stream-gatherers/02-GathererOp.java.txt	default-main-resource	blob	3d3f356276e2716d75970561ff0f951582d1edda	BODY_NOT_ACQUIRED	
m3/tooling/migration-recipes/src/main/resources/com/m3/rewrite/backport/jdk21-hash-pinned/jdk24-jep485-stream-gatherers/03-Gatherers.java.txt	default-main-resource	blob	0a98d7d5033e6e0ba98c757a606d0d6bdfbbe183	BODY_NOT_ACQUIRED	
m3/tooling/migration-recipes/src/main/resources/com/m3/rewrite/backport/jdk21-hash-pinned/jdk24-jep485-stream-gatherers/04-ReferencePipeline.java.txt	default-main-resource	blob	796e4e74e299127ed4a79e4dfae498028446e56d	BODY_NOT_ACQUIRED	
m3/tooling/migration-recipes/src/main/resources/com/m3/rewrite/backport/jdk21-hash-pinned/jdk24-jep485-stream-gatherers/05-Stream.java.txt	default-main-resource	blob	a04e52cdc3598a0f371baba936b4b6d27748bbb1	BODY_NOT_ACQUIRED	
m3/tooling/migration-recipes/src/main/resources/com/m3/rewrite/backport/jdk21-hash-pinned/jdk24-jep485-stream-gatherers/06-package-info.java.txt	default-main-resource	blob	e79ce70742301cff72ada5910fac10eac3696990	BODY_NOT_ACQUIRED	
m3/tooling/migration-recipes/src/main/resources/com/m3/rewrite/backport/jdk21-hash-pinned/jdk24-jep485-stream-gatherers/07-GathererAPITest.java.txt	default-main-resource	blob	364d3065acb444cf05c2474638240e97587f0bde	BODY_NOT_ACQUIRED	
m3/tooling/migration-recipes/src/main/resources/com/m3/rewrite/backport/jdk21-hash-pinned/jdk24-jep485-stream-gatherers/08-GathererShortCircuitTest.java.txt	default-main-resource	blob	7e755dbe23c994619cb5c04d558603c2906de86d	BODY_NOT_ACQUIRED	
m3/tooling/migration-recipes/src/main/resources/com/m3/rewrite/backport/jdk21-hash-pinned/jdk24-jep485-stream-gatherers/09-GathererTest.java.txt	default-main-resource	blob	7a03c0b35ed341a264f08b37f4365bf56608ba78	BODY_NOT_ACQUIRED	
m3/tooling/migration-recipes/src/main/resources/com/m3/rewrite/backport/jdk21-hash-pinned/jdk24-jep485-stream-gatherers/10-GatherersFoldTest.java.txt	default-main-resource	blob	0e0535882f9e07c399643ed3f05e80e2748cc6f2	BODY_NOT_ACQUIRED	
m3/tooling/migration-recipes/src/main/resources/com/m3/rewrite/backport/jdk21-hash-pinned/jdk24-jep485-stream-gatherers/11-GatherersMapConcurrentTest.java.txt	default-main-resource	blob	970a550400aa689287edd5b163ae54cdd2040a94	BODY_NOT_ACQUIRED	
m3/tooling/migration-recipes/src/main/resources/com/m3/rewrite/backport/jdk21-hash-pinned/jdk24-jep485-stream-gatherers/12-GatherersScanTest.java.txt	default-main-resource	blob	51b7c0ef0ebfa126f489570e947d1e7a25af51b4	BODY_NOT_ACQUIRED	
m3/tooling/migration-recipes/src/main/resources/com/m3/rewrite/backport/jdk21-hash-pinned/jdk24-jep485-stream-gatherers/13-GatherersWindowFixedTest.java.txt	default-main-resource	blob	cddfee1b0980a243c04d8bde74ad87cff520b45b	BODY_NOT_ACQUIRED	
m3/tooling/migration-recipes/src/main/resources/com/m3/rewrite/backport/jdk21-hash-pinned/jdk24-jep485-stream-gatherers/14-GatherersWindowSlidingTest.java.txt	default-main-resource	blob	29ffa54e882b59356e90b45a001f2fc2b62303a6	BODY_NOT_ACQUIRED	
m3/tooling/migration-recipes/src/main/resources/com/m3/rewrite/backport/jdk21-hash-pinned/jdk24-jep485-stream-gatherers/manifest.tsv	default-main-resource	blob	3f298a4c9d4dcb77b5c53e9796a29e166cc90cf5	BODY_NOT_ACQUIRED	
m3/tooling/migration-recipes/src/main/resources/com/m3/rewrite/backport/jdk21-hash-pinned/jdk27-javadoc-8347112-java/01-DocFilesHandlerImpl.java.txt	default-main-resource	blob	02c31c40a647f444315a79b4bcbdc15b0612e607	BODY_NOT_ACQUIRED	
m3/tooling/migration-recipes/src/main/resources/com/m3/rewrite/backport/jdk21-hash-pinned/jdk27-javadoc-8347112-java/02-BaseConfiguration.java.txt	default-main-resource	blob	a9d533019482e434533af2e88cfa714fe06bbb08	BODY_NOT_ACQUIRED	
m3/tooling/migration-recipes/src/main/resources/com/m3/rewrite/backport/jdk21-hash-pinned/jdk27-javadoc-8347112-java/03-TestCopyFiles.java.txt	default-main-resource	blob	ce39e31c9adeca8e442980d887e292558737ef36	BODY_NOT_ACQUIRED	
m3/tooling/migration-recipes/src/main/resources/com/m3/rewrite/backport/jdk21-hash-pinned/jdk27-javadoc-8347112-java/manifest.tsv	default-main-resource	blob	cb7a94bba78932e9f02d371385714c645f32ff45	BODY_NOT_ACQUIRED	
m3/tooling/migration-recipes/src/main/resources/com/m3/rewrite/backport/jdk21-hash-pinned/jdk27-jfr-options-help-8367584-java/00-TestOptionsHelp.java.txt	default-main-resource	blob	16f7ce8500ce4d5ce28d2557d0dd59b53d6f4387	BODY_NOT_ACQUIRED	
m3/tooling/migration-recipes/src/main/resources/com/m3/rewrite/backport/jdk21-hash-pinned/jdk27-jfr-options-help-8367584-java/manifest.tsv	default-main-resource	blob	13e6e607445fc4a1c42f332617731f0d70528c72	BODY_NOT_ACQUIRED	
m3/tooling/migration-recipes/src/main/resources/com/m3/rewrite/backport/jdk21-hash-pinned/jdk27-keystore-creation-instant-8374808/00-KeyStore.java.txt	default-main-resource	blob	84c38fa331ce88d72eabf26608c067c286e3e7cb	BODY_NOT_ACQUIRED	
m3/tooling/migration-recipes/src/main/resources/com/m3/rewrite/backport/jdk21-hash-pinned/jdk27-keystore-creation-instant-8374808/01-KeyStoreSpi.java.txt	default-main-resource	blob	014f3b3bcbeef9638d08f40b4a17ff3113d8d9d9	BODY_NOT_ACQUIRED	
m3/tooling/migration-recipes/src/main/resources/com/m3/rewrite/backport/jdk21-hash-pinned/jdk27-keystore-creation-instant-8374808/02-CreationInstant.java.txt	default-main-resource	blob	86d276eebe3612cade775217182966633e8faec4	BODY_NOT_ACQUIRED	
m3/tooling/migration-recipes/src/main/resources/com/m3/rewrite/backport/jdk21-hash-pinned/jdk27-keystore-creation-instant-8374808/manifest.tsv	default-main-resource	blob	b111ca2616cc2cf149a9152dc605d7dd7c94abe1	BODY_NOT_ACQUIRED	
m3/tooling/migration-recipes/src/main/resources/com/m3/rewrite/backport/jdk21-hash-pinned/jdk27-password-policy-proof-20261004/00-M3PasswordPolicyCases.java.txt	default-main-resource	blob	a6a0a368d1f8a3c2a88e67c733dc00c6cb83b33b	BODY_NOT_ACQUIRED	
m3/tooling/migration-recipes/src/main/resources/com/m3/rewrite/backport/jdk21-hash-pinned/jdk27-password-policy-proof-20261004/manifest.tsv	default-main-resource	blob	34870e19df381ca71478406eaacf54251dcbe789	BODY_NOT_ACQUIRED	
m3/tooling/migration-recipes/src/main/resources/com/m3/rewrite/backport/jdk21-hash-pinned/jdk27-password-systemin-8368692-java/00-Password.java.txt	default-main-resource	blob	c3e25e60710baebd1764a5b0fc85aba2c4afb0a3	BODY_NOT_ACQUIRED	
m3/tooling/migration-recipes/src/main/resources/com/m3/rewrite/backport/jdk21-hash-pinned/jdk27-password-systemin-8368692-java/01-AllowSystemIn.java.txt	default-main-resource	blob	2a2526e0a4660e4ccf0adabefd51a9227b86382a	BODY_NOT_ACQUIRED	
m3/tooling/migration-recipes/src/main/resources/com/m3/rewrite/backport/jdk21-hash-pinned/jdk27-password-systemin-8368692-java/manifest.tsv	default-main-resource	blob	35d9e7d1b85ff9017758cb12bacb19b88cf82073	BODY_NOT_ACQUIRED	
m3/tooling/migration-recipes/src/main/resources/com/m3/rewrite/backport/jdk21-hash-pinned/jdk27-security-properties-8364182-java/00-Security.java.txt	default-main-resource	blob	ded4109bf764ce5c3478121eafa4f72ab0cd3cbb	BODY_NOT_ACQUIRED	
m3/tooling/migration-recipes/src/main/resources/com/m3/rewrite/backport/jdk21-hash-pinned/jdk27-security-properties-8364182-java/01-JavaSecurityPropertiesAccess.java.txt	default-main-resource	blob	2d9dbea052afb86f463692a8cdb8a341ce0355c7	BODY_NOT_ACQUIRED	
m3/tooling/migration-recipes/src/main/resources/com/m3/rewrite/backport/jdk21-hash-pinned/jdk27-security-properties-8364182-java/02-VMSupport.java.txt	default-main-resource	blob	b91aff442c23314ead98f1b9ae2d05f31a5daffe	BODY_NOT_ACQUIRED	
m3/tooling/migration-recipes/src/main/resources/com/m3/rewrite/backport/jdk21-hash-pinned/jdk27-security-properties-8364182-java/03-SecurityPropertiesTest.java.txt	default-main-resource	blob	b5a6ead34c1435d59b84950b1201df8abf835919	BODY_NOT_ACQUIRED	
m3/tooling/migration-recipes/src/main/resources/com/m3/rewrite/backport/jdk21-hash-pinned/jdk27-security-properties-8364182-java/manifest.tsv	default-main-resource	blob	34274b52c6ba7791b21389030158578118f8ac2e	BODY_NOT_ACQUIRED	
m3/tooling/migration-recipes/src/main/resources/com/m3/rewrite/port/FrozenBytes.java.txt	default-main-resource	blob	b624dc8dbb23eac6b3147ea888ac69df60f971e1	BODY_NOT_ACQUIRED	
m3/tooling/migration-recipes/src/main/resources/com/m3/rewrite/port/FrozenChars.java.txt	default-main-resource	blob	a8f016a1764aea6e970bc60e38f345804e82a84e	BODY_NOT_ACQUIRED	
m3/tooling/migration-recipes/src/main/resources/com/m3/rewrite/port/M3Text.java.txt	default-main-resource	blob	46aecc2fb0b1e5f516c1db8b5e93476eb70444f2	BODY_NOT_ACQUIRED	
m3/tooling/migration-recipes/src/main/resources/com/m3/rewrite/port/MIndexJoinedBytes.java.txt	default-main-resource	blob	9db0c6363480ccb0f38bba7b2218e151dd75ee68	BODY_NOT_ACQUIRED	
m3/tooling/migration-recipes/src/main/resources/com/m3/rewrite/port/MIndexJoinedChars.java.txt	default-main-resource	blob	6d7d06cc24c7c42c0aa2e6d21b82a53c9b4e1566	BODY_NOT_ACQUIRED	
m3/tooling/migration-recipes/src/main/resources/com/m3/rewrite/port/MIndexJoinedStorageIntern.java.txt	default-main-resource	blob	95a576da9e60fb830a443034d6403e84740233e8	BODY_NOT_ACQUIRED	
m3/tooling/migration-recipes/src/main/resources/com/m3/rewrite/port/MIndexJoinedStreams.java.txt	default-main-resource	blob	6f350a84b954b2f80929252254a007652fc1d0d0	BODY_NOT_ACQUIRED	
m3/tooling/migration-recipes/src/main/resources/com/m3/rewrite/port/pom.xml.txt	default-main-resource	blob	e1e576668ad4cc91524d1c9b002e1e0fd82bf25b	BODY_NOT_ACQUIRED	
m3/tooling/migration-recipes/src/main/resources/com/m3/rewrite/port/port.properties	default-main-resource	blob	a12ce13ef45d22e11b4377992e700b130663c8f1	BODY_NOT_ACQUIRED	
m3/tooling/migration-recipes/src/main/resources/com/synexia/rewrite/hash-pinned-java/a3-declarative-activation/00-A3Apply.java.txt	default-main-resource	blob	f0124d7edf041ff22ee77f537e304c1ea896deb8	BODY_NOT_ACQUIRED	
m3/tooling/migration-recipes/src/main/resources/com/synexia/rewrite/hash-pinned-java/a3-declarative-activation/01-A3ApplyTest.java.txt	default-main-resource	blob	12808ac475ef44696a32e9b63634e1c1e1b5c0dd	BODY_NOT_ACQUIRED	
m3/tooling/migration-recipes/src/main/resources/com/synexia/rewrite/hash-pinned-java/a3-declarative-activation/before-00-A3Apply.java.txt	default-main-resource	blob	9a0f66609a1450c30493b3316eb36cd0950ce414	BODY_NOT_ACQUIRED	
m3/tooling/migration-recipes/src/main/resources/com/synexia/rewrite/hash-pinned-java/a3-declarative-activation/before-01-A3ApplyTest.java.txt	default-main-resource	blob	f3cff26b94abc1703cff6708571861ac7553964a	BODY_NOT_ACQUIRED	
m3/tooling/migration-recipes/src/main/resources/com/synexia/rewrite/hash-pinned-java/a3-declarative-activation/manifest.tsv	default-main-resource	blob	cdafb6ae81073c68fc2bb9d8e239242b017f8aa6	BODY_NOT_ACQUIRED	
m3/tooling/migration-recipes/src/main/resources/com/synexia/rewrite/hash-pinned-java/a3-declarative-convergence/00-M3Java21ConvergenceCatalog.java.txt	default-main-resource	blob	041f9be54da827cd88cbcb764b5ba5f8bd0a81f4	BODY_NOT_ACQUIRED	
m3/tooling/migration-recipes/src/main/resources/com/synexia/rewrite/hash-pinned-java/a3-declarative-convergence/01-M3A3DeclarativeDeliveryRecipeTest.java.txt	default-main-resource	blob	74bf5a61c5993aaa349afb5d96d4997ee3bc393d	BODY_NOT_ACQUIRED	
m3/tooling/migration-recipes/src/main/resources/com/synexia/rewrite/hash-pinned-java/a3-declarative-convergence/02-M3Java21DeclarativeConvergenceTest.java.txt	default-main-resource	blob	95206f0ca87db57ae72a5db611663d0905e44b58	BODY_NOT_ACQUIRED	
m3/tooling/migration-recipes/src/main/resources/com/synexia/rewrite/hash-pinned-java/a3-declarative-convergence/manifest.tsv	default-main-resource	blob	f65dbb4bb592cd9edc8d8467433cad0319e4ee13	BODY_NOT_ACQUIRED	
m3/tooling/migration-recipes/src/main/resources/com/synexia/rewrite/hash-pinned-java/db-atom/00-M3IndexDB.java.txt	default-main-resource	blob	61e913815a3dc8d94280a765cc050f2e75c9c040	BODY_NOT_ACQUIRED	
m3/tooling/migration-recipes/src/main/resources/com/synexia/rewrite/hash-pinned-java/db-atom/01-M3IndexDbSemanticCodec.java.txt	default-main-resource	blob	da78ddcd3dbce6777a7434b7917434c4a2074cf6	BODY_NOT_ACQUIRED	
m3/tooling/migration-recipes/src/main/resources/com/synexia/rewrite/hash-pinned-java/db-atom/02-DbAtomTest.java.txt	default-main-resource	blob	a8dc475ebfeb3e7add0c3fd2eaae29b75e87ceee	BODY_NOT_ACQUIRED	
m3/tooling/migration-recipes/src/main/resources/com/synexia/rewrite/hash-pinned-java/db-atom/03-DbDigest.java.txt	default-main-resource	blob	9d2cc5599c3f5efb2fd36c0055dedb4f235b08cf	BODY_NOT_ACQUIRED	
m3/tooling/migration-recipes/src/main/resources/com/synexia/rewrite/hash-pinned-java/db-atom/before-00-M3IndexDB.java.txt	default-main-resource	blob	2f91dd5673c685b3d80008052668ee6c3f66e92a	BODY_NOT_ACQUIRED	
m3/tooling/migration-recipes/src/main/resources/com/synexia/rewrite/hash-pinned-java/db-atom/before-01-M3IndexDbSemanticCodec.java.txt	default-main-resource	blob	ad9231ef90ec7a570fe5f55e91cbcaf1bf67be2b	BODY_NOT_ACQUIRED	
m3/tooling/migration-recipes/src/main/resources/com/synexia/rewrite/hash-pinned-java/db-atom/manifest.tsv	default-main-resource	blob	8cd1b6d4e8290a049c8d0f3bfa9fc24141579cf4	BODY_NOT_ACQUIRED	
m3/tooling/migration-recipes/src/main/resources/com/synexia/rewrite/hash-pinned-java/db-build/00-Recipe.java.txt	default-main-resource	blob	33783749e46474f2bdc68103e189fe2907a61fa9	BODY_NOT_ACQUIRED	
m3/tooling/migration-recipes/src/main/resources/com/synexia/rewrite/hash-pinned-java/db-build/01-Test.java.txt	default-main-resource	blob	2ece77f3720875ffc0686c2707b28a73f1eb7f72	BODY_NOT_ACQUIRED	
m3/tooling/migration-recipes/src/main/resources/com/synexia/rewrite/hash-pinned-java/db-build/before-Recipe.java.txt	default-main-resource	blob	828724689638268574c2b599b1bfcef7921a2f90	BODY_NOT_ACQUIRED	
m3/tooling/migration-recipes/src/main/resources/com/synexia/rewrite/hash-pinned-java/db-build/before-Test.java.txt	default-main-resource	blob	e48b1fe8b9f3835449636adec347eb9c9207a2d3	BODY_NOT_ACQUIRED	
m3/tooling/migration-recipes/src/main/resources/com/synexia/rewrite/hash-pinned-java/db-build/manifest.tsv	default-main-resource	blob	b7303dda69f37d797da0fc3d6d872fffa2a9ca6b	BODY_NOT_ACQUIRED	
m3/tooling/migration-recipes/src/main/resources/com/synexia/rewrite/hash-pinned-java/db-check/00-Test.java.txt	default-main-resource	blob	3e6407b1ec3fef4e35f1eacb7394ccfd782e4583	BODY_NOT_ACQUIRED	
m3/tooling/migration-recipes/src/main/resources/com/synexia/rewrite/hash-pinned-java/db-check/before-Test.java.txt	default-main-resource	blob	2e42bcf4260421545e804cb4ed79d760e3449c8d	BODY_NOT_ACQUIRED	
m3/tooling/migration-recipes/src/main/resources/com/synexia/rewrite/hash-pinned-java/db-check/manifest.tsv	default-main-resource	blob	a28a71e12eca18161a8462baf7ebf570173b5895	BODY_NOT_ACQUIRED	
m3/tooling/migration-recipes/src/main/resources/com/synexia/rewrite/hash-pinned-java/db-java/00-M3IndexDB.java.txt	default-main-resource	blob	61e913815a3dc8d94280a765cc050f2e75c9c040	BODY_NOT_ACQUIRED	
m3/tooling/migration-recipes/src/main/resources/com/synexia/rewrite/hash-pinned-java/db-java/01-M3IndexDbArtifact.java.txt	default-main-resource	blob	7b152b2ed51a559c40b466cc7183e94c3b06a342	BODY_NOT_ACQUIRED	
m3/tooling/migration-recipes/src/main/resources/com/synexia/rewrite/hash-pinned-java/db-java/02-M3IndexDbSemanticCodec.java.txt	default-main-resource	blob	da78ddcd3dbce6777a7434b7917434c4a2074cf6	BODY_NOT_ACQUIRED	
m3/tooling/migration-recipes/src/main/resources/com/synexia/rewrite/hash-pinned-java/db-java/03-M3IndexDbSemanticEdge.java.txt	default-main-resource	blob	81b2c71d69b99a081629b1c39db38664af1476e6	BODY_NOT_ACQUIRED	
m3/tooling/migration-recipes/src/main/resources/com/synexia/rewrite/hash-pinned-java/db-java/04-M3IndexDbSemanticFingerprint.java.txt	default-main-resource	blob	df44495f5e5b48ea1bf4a863df9ca188bd787948	BODY_NOT_ACQUIRED	
m3/tooling/migration-recipes/src/main/resources/com/synexia/rewrite/hash-pinned-java/db-java/05-M3IndexDbSemanticIndex.java.txt	default-main-resource	blob	a7245a61c9ccf353be202790f8058f84a0016205	BODY_NOT_ACQUIRED	
m3/tooling/migration-recipes/src/main/resources/com/synexia/rewrite/hash-pinned-java/db-java/06-M3IndexDbSemanticKind.java.txt	default-main-resource	blob	d024ecc2a6c39ae8e232a02493995f505c9a82e3	BODY_NOT_ACQUIRED	
m3/tooling/migration-recipes/src/main/resources/com/synexia/rewrite/hash-pinned-java/db-java/07-M3IndexDbSemanticNode.java.txt	default-main-resource	blob	1c995542cd6d1a9c09126e9cadb4b2d6b2f11a7b	BODY_NOT_ACQUIRED	
m3/tooling/migration-recipes/src/main/resources/com/synexia/rewrite/hash-pinned-java/db-java/08-DbParseTest.java.txt	default-main-resource	blob	f6da64dfff644181d211ac9cdea4e6b1ae9fd7cb	BODY_NOT_ACQUIRED	
m3/tooling/migration-recipes/src/main/resources/com/synexia/rewrite/hash-pinned-java/db-java/09-DbProbe.java.txt	default-main-resource	blob	7233aea7a91d116db5f2cc1712bf294f1683f448	BODY_NOT_ACQUIRED	
m3/tooling/migration-recipes/src/main/resources/com/synexia/rewrite/hash-pinned-java/db-java/10-M3IndexDBIntegrityTest.java.txt	default-main-resource	blob	bae8154c247a519dde4df304c993198ac631114f	BODY_NOT_ACQUIRED	
m3/tooling/migration-recipes/src/main/resources/com/synexia/rewrite/hash-pinned-java/db-java/11-M3IndexDBTest.java.txt	default-main-resource	blob	d951346ee3b0c5a499a791f9ef5ad6fd6ca7d5ea	BODY_NOT_ACQUIRED	
m3/tooling/migration-recipes/src/main/resources/com/synexia/rewrite/hash-pinned-java/db-java/12-M3IndexDbArtifactTest.java.txt	default-main-resource	blob	860ec4e77b50ea34db94ae60b176b940b432f2e3	BODY_NOT_ACQUIRED	
m3/tooling/migration-recipes/src/main/resources/com/synexia/rewrite/hash-pinned-java/db-java/13-M3IndexDbCodecBoundaryTest.java.txt	default-main-resource	blob	4e1bf2b355ed7b4ff15daf35b3832c71baaa2f27	BODY_NOT_ACQUIRED	
m3/tooling/migration-recipes/src/main/resources/com/synexia/rewrite/hash-pinned-java/db-java/14-M3IndexDbSemanticBoundaryTest.java.txt	default-main-resource	blob	44445faa65a30bbc2eeac3b897622c4181a19cbb	BODY_NOT_ACQUIRED	
m3/tooling/migration-recipes/src/main/resources/com/synexia/rewrite/hash-pinned-java/db-java/15-M3IndexDbSemanticFailClosedTest.java.txt	default-main-resource	blob	3e6407b1ec3fef4e35f1eacb7394ccfd782e4583	BODY_NOT_ACQUIRED	
m3/tooling/migration-recipes/src/main/resources/com/synexia/rewrite/hash-pinned-java/db-java/16-M3IndexDbSemanticIndexTest.java.txt	default-main-resource	blob	55bf405b092acbd2861c31a45e5e45c13e4952a3	BODY_NOT_ACQUIRED	
m3/tooling/migration-recipes/src/main/resources/com/synexia/rewrite/hash-pinned-java/db-java/17-M3IndexDbStoreBoundaryTest.java.txt	default-main-resource	blob	c8e15eaa5fa52b7d4de4105fb5fc8b898e4fd147	BODY_NOT_ACQUIRED	
m3/tooling/migration-recipes/src/main/resources/com/synexia/rewrite/hash-pinned-java/db-java/manifest.tsv	default-main-resource	blob	3ced0108efa26ae117463fdb1f7a83d8f251e7c7	BODY_NOT_ACQUIRED	
m3/tooling/migration-recipes/src/main/resources/com/synexia/rewrite/hash-pinned-java/db-mark/00-Test.java.txt	default-main-resource	blob	2ece77f3720875ffc0686c2707b28a73f1eb7f72	BODY_NOT_ACQUIRED	
m3/tooling/migration-recipes/src/main/resources/com/synexia/rewrite/hash-pinned-java/db-mark/before-Test.java.txt	default-main-resource	blob	ed3c0f99eb7ee9f5940c6cd19374033923039a76	BODY_NOT_ACQUIRED	
m3/tooling/migration-recipes/src/main/resources/com/synexia/rewrite/hash-pinned-java/db-mark/manifest.tsv	default-main-resource	blob	d449f6acb84fc7c45253f88d6ed6ee4be425e348	BODY_NOT_ACQUIRED	
m3/tooling/migration-recipes/src/main/resources/com/synexia/rewrite/hash-pinned-java/db-parse/00-Codec.java.txt	default-main-resource	blob	da78ddcd3dbce6777a7434b7917434c4a2074cf6	BODY_NOT_ACQUIRED	
m3/tooling/migration-recipes/src/main/resources/com/synexia/rewrite/hash-pinned-java/db-parse/01-DbParseTest.java.txt	default-main-resource	blob	f6da64dfff644181d211ac9cdea4e6b1ae9fd7cb	BODY_NOT_ACQUIRED	
m3/tooling/migration-recipes/src/main/resources/com/synexia/rewrite/hash-pinned-java/db-parse/02-DbProbe.java.txt	default-main-resource	blob	7233aea7a91d116db5f2cc1712bf294f1683f448	BODY_NOT_ACQUIRED	
m3/tooling/migration-recipes/src/main/resources/com/synexia/rewrite/hash-pinned-java/db-parse/before-00-Codec.java.txt	default-main-resource	blob	316c3824409a29a0acc0d15fccca23132b317d36	BODY_NOT_ACQUIRED	
m3/tooling/migration-recipes/src/main/resources/com/synexia/rewrite/hash-pinned-java/db-parse/manifest.tsv	default-main-resource	blob	dbcb9cb28235d7a161bd081aba752b8746a2c689	BODY_NOT_ACQUIRED	
m3/tooling/migration-recipes/src/main/resources/com/synexia/rewrite/hash-pinned-java/gate-java/00-GateTest.java.txt	default-main-resource	blob	23d5fc75a81698c9a620fac74e08ea50676bcdd1	BODY_NOT_ACQUIRED	
m3/tooling/migration-recipes/src/main/resources/com/synexia/rewrite/hash-pinned-java/gate-java/01-M3Jep458BackportRecipeTest.java.txt	default-main-resource	blob	956e385920d44ffa24a48b69ccc54dab51947073	BODY_NOT_ACQUIRED	
m3/tooling/migration-recipes/src/main/resources/com/synexia/rewrite/hash-pinned-java/gate-java/02-M3VerbatimJavaPairRecipeTest.java.txt	default-main-resource	blob	fa2f7d293d664f178baa6967deb7113153543518	BODY_NOT_ACQUIRED	
m3/tooling/migration-recipes/src/main/resources/com/synexia/rewrite/hash-pinned-java/gate-java/03-M3RecipeScopeDeclarationTest.java.txt	default-main-resource	blob	ede9633c17c11b95201733fcf53bee601cee64be	BODY_NOT_ACQUIRED	
m3/tooling/migration-recipes/src/main/resources/com/synexia/rewrite/hash-pinned-java/gate-java/04-M3MIndexJniNewStringAdmissionRecipeTest.java.txt	default-main-resource	blob	0ca2dea3546842083ae55e1be0b32eed65835d6a	BODY_NOT_ACQUIRED	
m3/tooling/migration-recipes/src/main/resources/com/synexia/rewrite/hash-pinned-java/gate-java/05-M3MIndexJoinedCharsViewRecipeTest.java.txt	default-main-resource	blob	096062f7a9ea0e04a80ddcb58a8abc3ce82857f6	BODY_NOT_ACQUIRED	
m3/tooling/migration-recipes/src/main/resources/com/synexia/rewrite/hash-pinned-java/gate-java/06-M3MIndexStringBulkCharBoundaryRecipeTest.java.txt	default-main-resource	blob	4e174a1a7db7403754bfb4e332289eea4f27f733	BODY_NOT_ACQUIRED	
m3/tooling/migration-recipes/src/main/resources/com/synexia/rewrite/hash-pinned-java/gate-java/before-01-M3Jep458BackportRecipeTest.java.txt	default-main-resource	blob	c170c5be9e2de1dafb36ec6120d5d1b3589480b7	BODY_NOT_ACQUIRED	
m3/tooling/migration-recipes/src/main/resources/com/synexia/rewrite/hash-pinned-java/gate-java/before-02-M3VerbatimJavaPairRecipeTest.java.txt	default-main-resource	blob	370bb2e63369eb12ca4882912451a61c16ea9822	BODY_NOT_ACQUIRED	
m3/tooling/migration-recipes/src/main/resources/com/synexia/rewrite/hash-pinned-java/gate-java/before-03-M3RecipeScopeDeclarationTest.java.txt	default-main-resource	blob	e2ee7ff43f6f2e105e0f33dc66c0d066f5d3d758	BODY_NOT_ACQUIRED	
m3/tooling/migration-recipes/src/main/resources/com/synexia/rewrite/hash-pinned-java/gate-java/before-04-M3MIndexJniNewStringAdmissionRecipeTest.java.txt	default-main-resource	blob	56e9e0f38105d667bbe7b967e0d7333dd9f25665	BODY_NOT_ACQUIRED	
m3/tooling/migration-recipes/src/main/resources/com/synexia/rewrite/hash-pinned-java/gate-java/before-05-M3MIndexJoinedCharsViewRecipeTest.java.txt	default-main-resource	blob	99ec6b3cee0630064eba6b9561ea43783ad96d12	BODY_NOT_ACQUIRED	
m3/tooling/migration-recipes/src/main/resources/com/synexia/rewrite/hash-pinned-java/gate-java/before-06-M3MIndexStringBulkCharBoundaryRecipeTest.java.txt	default-main-resource	blob	207d1ce44658bd74f4ff6126e282d532bb57a7e4	BODY_NOT_ACQUIRED	
m3/tooling/migration-recipes/src/main/resources/com/synexia/rewrite/hash-pinned-java/gate-java/manifest.tsv	default-main-resource	blob	400920825bbac788443ab73b5467d50a6e55d3ff	BODY_NOT_ACQUIRED	
m3/tooling/migration-recipes/src/main/resources/com/synexia/rewrite/hash-pinned-java/jdk-focus-a3/after.java.txt	default-main-resource	blob	3518924871cf5914432c2bc78b9d304655010cc0	BODY_NOT_ACQUIRED	
m3/tooling/migration-recipes/src/main/resources/com/synexia/rewrite/hash-pinned-java/jdk-focus-a3/before.java.txt	default-main-resource	blob	03366657d3b5c53dc3c148df8db3e308f8462391	BODY_NOT_ACQUIRED	
m3/tooling/migration-recipes/src/main/resources/com/synexia/rewrite/hash-pinned-java/jdk-focus-a3/manifest.tsv	default-main-resource	blob	d932b927d23abcbc1e850d6fcd0da3055e35c167	BODY_NOT_ACQUIRED	
m3/tooling/migration-recipes/src/main/resources/com/synexia/rewrite/hash-pinned-java/m3-collection-lanes/M3Address28.java.txt	default-main-resource	blob	2dda612d7cfdc39d8138c17a85308dc9d084b28b	BODY_NOT_ACQUIRED	
m3/tooling/migration-recipes/src/main/resources/com/synexia/rewrite/hash-pinned-java/m3-collection-lanes/M3BitLane28.java.txt	default-main-resource	blob	bf44fbf34b893f3919fa1919064869c5aac7d0c3	BODY_NOT_ACQUIRED	
m3/tooling/migration-recipes/src/main/resources/com/synexia/rewrite/hash-pinned-java/m3-collection-lanes/M3Collections.java.txt	default-main-resource	blob	e0257ce833afc260e23d9d671d111bb55993bf68	BODY_NOT_ACQUIRED	
m3/tooling/migration-recipes/src/main/resources/com/synexia/rewrite/hash-pinned-java/m3-collection-lanes/M3ConcurrentBitSet.java.txt	default-main-resource	blob	feb93280cbc1481c40c52156ffc50e2be5e35b54	BODY_NOT_ACQUIRED	
m3/tooling/migration-recipes/src/main/resources/com/synexia/rewrite/hash-pinned-java/m3-collection-lanes/M3ConcurrentIntLane28.java.txt	default-main-resource	blob	bc2004e2c4802c3338c0099d537b94fb49dc4363	BODY_NOT_ACQUIRED	
m3/tooling/migration-recipes/src/main/resources/com/synexia/rewrite/hash-pinned-java/m3-collection-lanes/M3ConcurrentLaneContractTest.java.txt	default-main-resource	blob	86f5ae48e363b14a00e62ed6fd6d74fe572cc2c3	BODY_NOT_ACQUIRED	
m3/tooling/migration-recipes/src/main/resources/com/synexia/rewrite/hash-pinned-java/m3-collection-lanes/M3ConcurrentLongLane28.java.txt	default-main-resource	blob	176991710420d96aace2774c59fe0137d2b1ba4e	BODY_NOT_ACQUIRED	
m3/tooling/migration-recipes/src/main/resources/com/synexia/rewrite/hash-pinned-java/m3-collection-lanes/M3ConcurrentLongMap.java.txt	default-main-resource	blob	bbe25dfd008fe143806c8c3aefac6d33e413aec2	BODY_NOT_ACQUIRED	
m3/tooling/migration-recipes/src/main/resources/com/synexia/rewrite/hash-pinned-java/m3-collection-lanes/M3ConcurrentLongSet.java.txt	default-main-resource	blob	1dd5331b42efa855a51ba31d40380b0064231983	BODY_NOT_ACQUIRED	
m3/tooling/migration-recipes/src/main/resources/com/synexia/rewrite/hash-pinned-java/m3-collection-lanes/M3IntLane28.java.txt	default-main-resource	blob	4e1e7eb7f2212493eecd544c3e7174ac1ca33232	BODY_NOT_ACQUIRED	
m3/tooling/migration-recipes/src/main/resources/com/synexia/rewrite/hash-pinned-java/m3-collection-lanes/M3LongArena28.java.txt	default-main-resource	blob	b265551ff952606326e25c0361bc6f35c72adedf	BODY_NOT_ACQUIRED	
m3/tooling/migration-recipes/src/main/resources/com/synexia/rewrite/hash-pinned-java/m3-collection-lanes/M3LongCollection.java.txt	default-main-resource	blob	d0b389681ade738e97426d950b6291c746912cf0	BODY_NOT_ACQUIRED	
m3/tooling/migration-recipes/src/main/resources/com/synexia/rewrite/hash-pinned-java/m3-collection-lanes/M3LongIterator.java.txt	default-main-resource	blob	44778a63d99c5b1f99adee536b954a4ebb8c64f3	BODY_NOT_ACQUIRED	
m3/tooling/migration-recipes/src/main/resources/com/synexia/rewrite/hash-pinned-java/m3-collection-lanes/M3LongLane28.java.txt	default-main-resource	blob	8616ab397be434e947a3148ea7b02e946c710e99	BODY_NOT_ACQUIRED	
m3/tooling/migration-recipes/src/main/resources/com/synexia/rewrite/hash-pinned-java/m3-collection-lanes/M3LongLaneStore28.java.txt	default-main-resource	blob	bc67c1f6d4da60c330c2d130cfa69b9c05d5b814	BODY_NOT_ACQUIRED	
m3/tooling/migration-recipes/src/main/resources/com/synexia/rewrite/hash-pinned-java/m3-collection-lanes/M3LongLinkedList28.java.txt	default-main-resource	blob	f92fd3b564b53ee7bee422db4ce7b6b63a0860eb	BODY_NOT_ACQUIRED	
m3/tooling/migration-recipes/src/main/resources/com/synexia/rewrite/hash-pinned-java/m3-collection-lanes/M3LongLongConsumer.java.txt	default-main-resource	blob	b1c01d1afacc76bd338179398ab42835e16992fa	BODY_NOT_ACQUIRED	
m3/tooling/migration-recipes/src/main/resources/com/synexia/rewrite/hash-pinned-java/m3-collection-lanes/M3SlotAllocator28.java.txt	default-main-resource	blob	3aa639f8fa88c948babfacb5b34511dd2f18442d	BODY_NOT_ACQUIRED	
m3/tooling/migration-recipes/src/main/resources/com/synexia/rewrite/hash-pinned-java/m3-collection-lanes/SegmentedLaneBulkContractTest.java.txt	default-main-resource	blob	050fea92fd02950e5cdc653d55234e829d0a7ab3	BODY_NOT_ACQUIRED	
m3/tooling/migration-recipes/src/main/resources/com/synexia/rewrite/hash-pinned-java/m3-collection-lanes/SegmentedPrimitiveStorageTest.java.txt	default-main-resource	blob	fd14c6e5e0e56b634592a3eb0ef46e3136091c4a	BODY_NOT_ACQUIRED	
m3/tooling/migration-recipes/src/main/resources/com/synexia/rewrite/hash-pinned-java/m3-collection-lanes/manifest.tsv	default-main-resource	blob	a4f5105d29b41f8315b0b71d3aaa138534c6d79f	BODY_NOT_ACQUIRED	
m3/tooling/migration-recipes/src/main/resources/com/synexia/rewrite/hash-pinned-java/m3-collection-lanes/module-info.java.txt	default-main-resource	blob	e6ca30e5a04a0b7c0f1ada4f0659342cd863d78d	BODY_NOT_ACQUIRED	
m3/tooling/migration-recipes/src/main/resources/com/synexia/rewrite/hash-pinned-java/mindex-jni-newstring-admission/String.java.before.txt	default-main-resource	blob	6af1bc8be1d18ce357f84a3760ad8ed458a3afe5	BODY_NOT_ACQUIRED	
m3/tooling/migration-recipes/src/main/resources/com/synexia/rewrite/hash-pinned-java/mindex-jni-newstring-admission/String.java.txt	default-main-resource	blob	abc69da2d1ea9eadb3241d44d78a8d64e842d8bb	BODY_NOT_ACQUIRED	
m3/tooling/migration-recipes/src/main/resources/com/synexia/rewrite/hash-pinned-java/mindex-jni-newstring-admission/manifest.tsv	default-main-resource	blob	4cc1d1e5747a1fef81e179069684b8e17ca1c4ab	BODY_NOT_ACQUIRED	
m3/tooling/migration-recipes/src/main/resources/com/synexia/rewrite/hash-pinned-java/mindex-string-bulk-char-boundary/MIndexString.java.before.txt	default-main-resource	blob	b88b070ac6b9f1b7cd42d92f054fdfb5086408a0	BODY_NOT_ACQUIRED	
m3/tooling/migration-recipes/src/main/resources/com/synexia/rewrite/hash-pinned-java/mindex-string-bulk-char-boundary/MIndexString.java.txt	default-main-resource	blob	9fafb61275b32af24d7dce1c611b1360ddbc44f7	BODY_NOT_ACQUIRED	
m3/tooling/migration-recipes/src/main/resources/com/synexia/rewrite/hash-pinned-java/mindex-string-bulk-char-boundary/manifest.tsv	default-main-resource	blob	3ad3ccad81cb8da26dbbd6baf4ad9660391ae3dd	BODY_NOT_ACQUIRED	
m3/tooling/migration-recipes/src/main/resources/com/synexia/rewrite/hash-pinned-java/pack-version/00-M3ModuleInspector.java.txt	default-main-resource	blob	86bd011250ca271cc4f5fb45a91bdcdf9708746f	BODY_NOT_ACQUIRED	
m3/tooling/migration-recipes/src/main/resources/com/synexia/rewrite/hash-pinned-java/pack-version/01-VersionProbe.java.txt	default-main-resource	blob	e954d45b28c1d1328bcd40fd6f0f6bbc00dd4d61	BODY_NOT_ACQUIRED	
m3/tooling/migration-recipes/src/main/resources/com/synexia/rewrite/hash-pinned-java/pack-version/02-VersionTest.java.txt	default-main-resource	blob	ea2f6ec7b76d179bdad94c9a76f54e018cb53394	BODY_NOT_ACQUIRED	
m3/tooling/migration-recipes/src/main/resources/com/synexia/rewrite/hash-pinned-java/pack-version/before-00-M3ModuleInspector.java.txt	default-main-resource	blob	b6b5535ccfe865dbcbaeee3b776d481a88f8da1e	BODY_NOT_ACQUIRED	
m3/tooling/migration-recipes/src/main/resources/com/synexia/rewrite/hash-pinned-java/pack-version/manifest.tsv	default-main-resource	blob	fa58d084752ef8b556e6f693cd17331c3aeae669	BODY_NOT_ACQUIRED	
m3/tooling/migration-recipes/src/main/resources/com/synexia/rewrite/m3port/FrozenBytes.java.before.txt	default-main-resource	blob	b624dc8dbb23eac6b3147ea888ac69df60f971e1	BODY_NOT_ACQUIRED	
m3/tooling/migration-recipes/src/main/resources/com/synexia/rewrite/m3port/FrozenChars.java.before.txt	default-main-resource	blob	a8f016a1764aea6e970bc60e38f345804e82a84e	BODY_NOT_ACQUIRED	
m3/tooling/migration-recipes/src/main/resources/com/synexia/rewrite/m3port/MIndexJoinedBytes.java.before.txt	default-main-resource	blob	9db0c6363480ccb0f38bba7b2218e151dd75ee68	BODY_NOT_ACQUIRED	
m3/tooling/migration-recipes/src/main/resources/com/synexia/rewrite/m3port/MIndexJoinedChars.java.after.txt	default-main-resource	blob	6d7d06cc24c7c42c0aa2e6d21b82a53c9b4e1566	BODY_NOT_ACQUIRED	
m3/tooling/migration-recipes/src/main/resources/com/synexia/rewrite/m3port/MIndexJoinedChars.java.before.txt	default-main-resource	blob	d9ec1832d1b9381cf0243dfd132e089797f0a2d8	BODY_NOT_ACQUIRED	
m3/tooling/migration-recipes/src/main/resources/com/synexia/rewrite/m3port/MIndexJoinedStorageIntern.java.before.txt	default-main-resource	blob	95a576da9e60fb830a443034d6403e84740233e8	BODY_NOT_ACQUIRED	
m3/tooling/migration-recipes/src/main/resources/com/synexia/rewrite/m3port/MIndexJoinedStreams.java.before.txt	default-main-resource	blob	6f350a84b954b2f80929252254a007652fc1d0d0	BODY_NOT_ACQUIRED	
m3/tooling/migration-recipes/src/main/resources/com/synexia/rewrite/m3port/source.properties	default-main-resource	blob	2dd81396179ad88689e0d1628aa0ba4c0f899cce	BODY_NOT_ACQUIRED	
m3/tooling/migration-recipes/src/main/resources/com/synexia/rewrite/segmented-lane-native/segmented_bit_lane.c.txt	default-main-resource	blob	011b847f0d22ea96e4b136547083904ac50b1440	BODY_NOT_ACQUIRED	
m3/tooling/migration-recipes/src/test/java/com/m3/rewrite/InstallIndexStringCompatibilityTest.java	default-test-java	blob	76c7924f9c078981b7638c29ceecd3e47ea371c6	BODY_NOT_ACQUIRED	
m3/tooling/migration-recipes/src/test/java/com/m3/rewrite/M3A3DeclarativeDeliveryRecipeTest.java	default-test-java	blob	74bf5a61c5993aaa349afb5d96d4997ee3bc393d	BODY_NOT_ACQUIRED	
m3/tooling/migration-recipes/src/test/java/com/m3/rewrite/M3ImportAdmissionTest.java	default-test-java	blob	a5f6bd4e0e21de876df6b2e4f123e935efe2ce28	BODY_NOT_ACQUIRED	
m3/tooling/migration-recipes/src/test/java/com/m3/rewrite/M3Java21ConvergenceAdmissionTest.java	default-test-java	blob	547cbfb5ba31c599f995c71974806c480d0059c0	BODY_NOT_ACQUIRED	
m3/tooling/migration-recipes/src/test/java/com/m3/rewrite/M3Java21ConvergenceRecipeTest.java	default-test-java	blob	92f0efca19583a5ebfcfeb856c4b607d86b62b94	BODY_NOT_ACQUIRED	
m3/tooling/migration-recipes/src/test/java/com/m3/rewrite/M3Java21DeclarativeConvergenceTest.java	default-test-java	blob	95206f0ca87db57ae72a5db611663d0905e44b58	BODY_NOT_ACQUIRED	
m3/tooling/migration-recipes/src/test/java/com/m3/rewrite/a3/M3A3AlgorithmCatalogueRecipeTest.java	default-test-java	blob	1e72a55a7bb725dd1d27a960b4f6d8b37f99ffa8	BODY_NOT_ACQUIRED	
m3/tooling/migration-recipes/src/test/java/com/m3/rewrite/a3/M3A3SerialFileWorkRecipeTest.java	default-test-java	blob	4c682b7eee26d01c48b18933aad10189ba7f6623	BODY_NOT_ACQUIRED	
m3/tooling/migration-recipes/src/test/java/com/m3/rewrite/atom/M3AtomCoverageClosureTest.java	default-test-java	blob	0b8bdd4b7df8dc60c987a88b1e8197032b80ed49	BODY_NOT_ACQUIRED	
m3/tooling/migration-recipes/src/test/java/com/m3/rewrite/atom/M3AtomDefensiveBranchTest.java	default-test-java	blob	a12cda8d18e82f0f0078916a9396cd10a7ef0242	BODY_NOT_ACQUIRED	
m3/tooling/migration-recipes/src/test/java/com/m3/rewrite/atom/M3AtomizePureIntReturnRecipeTest.java	default-test-java	blob	27396b63daa866d90b30919280c4f1a0c37138f7	BODY_NOT_ACQUIRED	
m3/tooling/migration-recipes/src/test/java/com/m3/rewrite/atom/M3IntRecipeProjectTest.java	default-test-java	blob	d3cd2a28b3635340c9035b6287650bdf44f975ac	EXACT_BODY_ACQUIRED	004de5f30e2a3c54d439b36493e8733dc73fdae8a288ba18238423ded5afcbed
m3/tooling/migration-recipes/src/test/java/com/m3/rewrite/atom/M3InventoryPureIntAtomCandidatesTest.java	default-test-java	blob	ae4059b7d017b980575ede2094d3472e5afbb831	BODY_NOT_ACQUIRED	
m3/tooling/migration-recipes/src/test/java/com/m3/rewrite/atom/M3PureIntConvergenceRecipeTest.java	default-test-java	blob	d81913808d237a0ed941caaf96e692d7f5a51321	EXACT_BODY_ACQUIRED	152189b0eeeed97460ea798f042fc9f9df7609c9477dcf7bdb593b06c48486c6
m3/tooling/migration-recipes/src/test/java/com/m3/rewrite/atom/MemJava.java	default-test-java	blob	341b55a500964906d15c88ccef9f3e05f2a1c025	EXACT_BODY_ACQUIRED	c2a204144a4ff7fe2f4abfa151a744e7114961b83b7f006e019e595f4569e238
m3/tooling/migration-recipes/src/test/java/com/m3/rewrite/backport/A3KitTest.java	default-test-java	blob	93d1c664572f3fd1b1458b3bd751bdb50158e631	BODY_NOT_ACQUIRED	
m3/tooling/migration-recipes/src/test/java/com/m3/rewrite/backport/ClassVerTest.java	default-test-java	blob	e0a2c2d299a8e73572fa122f788d568e5f2e9d38	BODY_NOT_ACQUIRED	
m3/tooling/migration-recipes/src/test/java/com/m3/rewrite/backport/ClosureRecipeTest.java	default-test-java	blob	dd1ed099f61400cb70d3d26337639027f6760ed6	BODY_NOT_ACQUIRED	
m3/tooling/migration-recipes/src/test/java/com/m3/rewrite/backport/DbRecipeTest.java	default-test-java	blob	2ece77f3720875ffc0686c2707b28a73f1eb7f72	BODY_NOT_ACQUIRED	
m3/tooling/migration-recipes/src/test/java/com/m3/rewrite/backport/DescriptorRecipeTest.java	default-test-java	blob	dae2201ee9f6266195ae19fee1e15ae57a539faa	EXACT_BODY_ACQUIRED	24e7a0d7dbd645426acd6a3bfcbff5d2d61332f9acf3e60bc225c61ab72e307e
m3/tooling/migration-recipes/src/test/java/com/m3/rewrite/backport/GateTest.java	default-test-java	blob	23d5fc75a81698c9a620fac74e08ea50676bcdd1	BODY_NOT_ACQUIRED	
m3/tooling/migration-recipes/src/test/java/com/m3/rewrite/backport/JniTest.java	default-test-java	blob	0262d80b6c0b20371efcf8bfacb7559254418b6a	EXACT_BODY_ACQUIRED	fec35bd3dc11f88e9c66a9c08c58141eea2769831cde868d56ed964ff54cd640
m3/tooling/migration-recipes/src/test/java/com/m3/rewrite/backport/KitTest.java	default-test-java	blob	d533633cd7e080349825e1f14a4756291fc81d36	BODY_NOT_ACQUIRED	
m3/tooling/migration-recipes/src/test/java/com/m3/rewrite/backport/M3A3NativeJniLaneRecipeTest.java	default-test-java	blob	fa2112f1f7f9ee844c6315b0aaa4c33d68cf7067	BODY_NOT_ACQUIRED	
m3/tooling/migration-recipes/src/test/java/com/m3/rewrite/backport/M3Jdk21HashPinnedTextSnapshotRecipeTest.java	default-test-java	blob	1223036479ba04515e21b6a6087d832e6f7f9394	BODY_NOT_ACQUIRED	
m3/tooling/migration-recipes/src/test/java/com/m3/rewrite/backport/M3Jdk8347112BackportRecipeTest.java	default-test-java	blob	e4798568e731c9739e030fb64cfe74ae98776441	BODY_NOT_ACQUIRED	
m3/tooling/migration-recipes/src/test/java/com/m3/rewrite/backport/M3Jdk8364182BackportRecipeTest.java	default-test-java	blob	afd3c19e6fce8aaf54778779b97ec38bffc89dcc	BODY_NOT_ACQUIRED	
m3/tooling/migration-recipes/src/test/java/com/m3/rewrite/backport/M3Jdk8367584JfrOptionsHelpBackportRecipeTest.java	default-test-java	blob	98ac8d5877dce02750de0840918378c29d7898e2	BODY_NOT_ACQUIRED	
m3/tooling/migration-recipes/src/test/java/com/m3/rewrite/backport/M3Jdk8368692PasswordSystemInBackportRecipeTest.java	default-test-java	blob	488ed3cb6a190d142326b96ec7b910db139491f1	BODY_NOT_ACQUIRED	
m3/tooling/migration-recipes/src/test/java/com/m3/rewrite/backport/M3Jdk8374808BackportRecipeTest.java	default-test-java	blob	0a2b34c180851829bc4c943908cc78e017cf5f60	BODY_NOT_ACQUIRED	
m3/tooling/migration-recipes/src/test/java/com/m3/rewrite/backport/M3JdkExecutionFollowthroughRecipeTest.java	default-test-java	blob	8b8f87ee778a5ac1b76344fbd65010789745dcba	BODY_NOT_ACQUIRED	
m3/tooling/migration-recipes/src/test/java/com/m3/rewrite/backport/M3Jep458BackportRecipeTest.java	default-test-java	blob	956e385920d44ffa24a48b69ccc54dab51947073	BODY_NOT_ACQUIRED	
m3/tooling/migration-recipes/src/test/java/com/m3/rewrite/backport/M3VerbatimJavaPairRecipeTest.java	default-test-java	blob	cb74c4706c1e02c6ad217a55c0b61d64c22f5feb	BODY_NOT_ACQUIRED	
m3/tooling/migration-recipes/src/test/java/com/m3/rewrite/backport/MapFactsRecipeTest.java	default-test-java	blob	fc9234e4a3c162216fe94464cf844ffef6c452a3	BODY_NOT_ACQUIRED	
m3/tooling/migration-recipes/src/test/java/com/m3/rewrite/backport/MapGuardRecipeTest.java	default-test-java	blob	2abc7042780036d942e8761ef8740add0b628da5	BODY_NOT_ACQUIRED	
m3/tooling/migration-recipes/src/test/java/com/m3/rewrite/backport/MapUtfRecipeTest.java	default-test-java	blob	a9f87a801832b957cb6763503b6d19c1bfe153b2	BODY_NOT_ACQUIRED	
m3/tooling/migration-recipes/src/test/java/com/m3/rewrite/backport/VersionRecipeTest.java	default-test-java	blob	ec633905ac448a43f8d043d1c85da5ef966e483f	BODY_NOT_ACQUIRED	
m3/tooling/migration-recipes/src/test/java/com/m3/rewrite/scope/M3RecipeScopeDeclarationTest.java	default-test-java	blob	256ecbce8950c4c5e7c00516bf0a0c0d93f101a0	BODY_NOT_ACQUIRED	
m3/tooling/migration-recipes/src/test/java/com/m3/rewrite/scope/M3ScopeContractTest.java	default-test-java	blob	4780698d587d5fe06c706f6a230038c3eaf94241	BODY_NOT_ACQUIRED	
m3/tooling/migration-recipes/src/test/java/com/m3/rewrite/scope/M3ScopeCoverageClosureTest.java	default-test-java	blob	ee5b7b7699b8a89564a843e6846ecf318fbb1891	BODY_NOT_ACQUIRED	
m3/tooling/migration-recipes/src/test/java/com/m3/rewrite/scope/M3ScopeDefensiveBranchTest.java	default-test-java	blob	5780dae3964cb143397e2b3d5b5c063f0a261e19	BODY_NOT_ACQUIRED	
m3/tooling/migration-recipes/src/test/java/com/m3/rewrite/semantic/M3SemanticHashRecipeTest.java	default-test-java	blob	6a05979a14cdd15911766dab350083869e490274	BODY_NOT_ACQUIRED	
m3/tooling/migration-recipes/src/test/java/com/synexia/rewrite/M3MIndexJniNewStringAdmissionRecipeTest.java	default-test-java	blob	0ca2dea3546842083ae55e1be0b32eed65835d6a	BODY_NOT_ACQUIRED	
m3/tooling/migration-recipes/src/test/java/com/synexia/rewrite/M3MIndexJoinedCharsViewRecipeTest.java	default-test-java	blob	096062f7a9ea0e04a80ddcb58a8abc3ce82857f6	BODY_NOT_ACQUIRED	
m3/tooling/migration-recipes/src/test/java/com/synexia/rewrite/M3MIndexStringBulkCharBoundaryRecipeTest.java	default-test-java	blob	4e174a1a7db7403754bfb4e332289eea4f27f733	BODY_NOT_ACQUIRED	
m3/tooling/migration-recipes/src/test/resources/com/m3/rewrite/a3-declarative-proof/before-A3Apply.java.txt	default-test-resource	blob	9a0f66609a1450c30493b3316eb36cd0950ce414	BODY_NOT_ACQUIRED	
m3/tooling/migration-recipes/src/test/resources/com/m3/rewrite/a3-declarative-proof/before-A3ApplyTest.java.txt	default-test-resource	blob	f3cff26b94abc1703cff6708571861ac7553964a	BODY_NOT_ACQUIRED	
m3/tooling/migration-recipes/src/test/resources/com/m3/rewrite/backport/a3-native-jni-lane/pre/README.md.before.txt	default-test-resource	blob	9c64949d304d1777ab9beb3b063667da7f9196e6	BODY_NOT_ACQUIRED	
m3/tooling/migration-recipes/src/test/resources/com/m3/rewrite/backport/a3-native-jni-lane/pre/a3.md.before.txt	default-test-resource	blob	fd701b718e33b7ae4e4b09362029ff090e0bdc67	BODY_NOT_ACQUIRED	
m3/tooling/migration-recipes/src/test/resources/com/m3/rewrite/backport/a3-native-jni-lane/pre/file_delta_inventory.py.before.txt	default-test-resource	blob	332113093ca443707f6aac863aca746f5c2631d0	BODY_NOT_ACQUIRED	
m3/tooling/migration-recipes/src/test/resources/com/m3/rewrite/backport/a3-native-jni-lane/pre/generate_recipe_crates.py.before.txt	default-test-resource	blob	5d6cce3f518a27265cc85ed7cc821c075777afdb	BODY_NOT_ACQUIRED	
m3/tooling/migration-recipes/src/test/resources/com/m3/rewrite/backport/a3-native-jni-lane/pre/test_file_delta_inventory.py.before.txt	default-test-resource	blob	6d75b91ef98bdb14edff1d1ff644c11a1389333b	BODY_NOT_ACQUIRED	
m3/tooling/migration-recipes/src/test/resources/com/m3/rewrite/backport/a3-native-jni-lane/pre/test_generate_recipe_crates.py.before.txt	default-test-resource	blob	027912f4478faad5640de8ebffeaa3e79f0a532e	BODY_NOT_ACQUIRED	
m3/tooling/migration-recipes/src/test/resources/com/m3/rewrite/backport/jdk21-hash-pinned-text/test-text-crate/manifest.tsv	default-test-resource	blob	8b7b81f787087f3bb2d5105014d7679ce56d6ec1	BODY_NOT_ACQUIRED	
m3/tooling/migration-recipes/src/test/resources/com/m3/rewrite/backport/jdk21-hash-pinned-text/test-text-crate/new.conf.txt	default-test-resource	blob	a54e874289cd0185c47d2e892bd2ee03811e803e	BODY_NOT_ACQUIRED	
m3/tooling/migration-recipes/src/test/resources/com/m3/rewrite/backport/jdk21-hash-pinned-text/test-text-crate/test.properties.txt	default-test-resource	blob	554dd0def273232f838c42020e54451d10d4d956	BODY_NOT_ACQUIRED	
m3/tooling/migration-recipes/src/test/resources/com/m3/rewrite/backport/jdk21-hash-pinned/jdk27-db-build/P.java.txt	default-test-resource	blob	6baa14a6e40196af704ac2d57128c17554339706	BODY_NOT_ACQUIRED	
m3/tooling/migration-recipes/src/test/resources/com/m3/rewrite/backport/jdk21-hash-pinned/jdk27-db-build/manifest.tsv	default-test-resource	blob	280942c47e5f7e490adbcd84612bd9f8d555b01a	BODY_NOT_ACQUIRED	
m3/tooling/migration-recipes/src/test/resources/com/m3/rewrite/backport/jdk22-jep458-current/pre/00-CompileInterimLangtools.gmk.before.txt	default-test-resource	blob	bbc2d10369632659b349b0c28084b71547655414	BODY_NOT_ACQUIRED	
m3/tooling/migration-recipes/src/test/resources/com/m3/rewrite/backport/jdk22-jep458-current/pre/00-module-info.java.before.txt	default-test-resource	blob	06b141dcf225f918ba9e0e4586ede1789e4b4351	BODY_NOT_ACQUIRED	
m3/tooling/migration-recipes/src/test/resources/com/m3/rewrite/backport/jdk22-jep458-current/pre/01-Preview.java.before.txt	default-test-resource	blob	bb1c736904fa4eb714bb0c8266db2ee1b708fdc7	BODY_NOT_ACQUIRED	
m3/tooling/migration-recipes/src/test/resources/com/m3/rewrite/backport/jdk22-jep458-current/pre/01-java-base-launcher.properties.before.txt	default-test-resource	blob	9960b026d11f7b97bcc4bc0b3283248fe013bda0	BODY_NOT_ACQUIRED	
m3/tooling/migration-recipes/src/test/resources/com/m3/rewrite/backport/jdk22-jep458-current/pre/02-java.c.before.txt	default-test-resource	blob	3b4a15bac5bc766ac72cf2a0df99fcd19a95872d	BODY_NOT_ACQUIRED	
m3/tooling/migration-recipes/src/test/resources/com/m3/rewrite/backport/jdk22-jep458-current/pre/03-jdk-compiler-launcher.properties.before.txt	default-test-resource	blob	c1d4ac02c90c9f3e86dc3f09285750051205dfb3	BODY_NOT_ACQUIRED	
m3/tooling/migration-recipes/src/test/resources/com/m3/rewrite/backport/jdk22-jep458-current/pre/12-Option.java.before.txt	default-test-resource	blob	74f513a4af52a3ee255af7e10290a40fdbf53902	BODY_NOT_ACQUIRED	
m3/tooling/migration-recipes/src/test/resources/com/m3/rewrite/backport/jdk22-jep458-current/pre/14-GetResourceTest.java.before.txt	default-test-resource	blob	2190da815955c46980c16cd89529668c4276eb24	BODY_NOT_ACQUIRED	
m3/tooling/migration-recipes/src/test/resources/com/m3/rewrite/backport/jdk22-jep458-current/pre/19-SourceLauncherTest.java.before.txt	default-test-resource	blob	87b691be3960ca0656422ba1ec77b4bb3db8d2ef	BODY_NOT_ACQUIRED	
m3/tooling/migration-recipes/src/test/resources/com/m3/rewrite/backport/jdk22-jep458-current/pre/21-ListModuleDeps.java.before.txt	default-test-resource	blob	a9e9f78b28d7b490f67a51ef6abc336d4e743db5	BODY_NOT_ACQUIRED	
m3/tooling/migration-recipes/src/test/resources/com/m3/rewrite/backport/jdk27-javadoc-8347112/pre/BaseConfiguration.java.before.txt	default-test-resource	blob	463f669e6203c7b3ecdc4eb40ed4d7930f54d0ba	BODY_NOT_ACQUIRED	
m3/tooling/migration-recipes/src/test/resources/com/m3/rewrite/backport/jdk27-javadoc-8347112/pre/DocFilesHandlerImpl.java.before.txt	default-test-resource	blob	6567f6e13fb5131679fa87e4706547d752985f9c	BODY_NOT_ACQUIRED	
m3/tooling/migration-recipes/src/test/resources/com/m3/rewrite/backport/jdk27-javadoc-8347112/pre/TestCopyFiles.java.before.txt	default-test-resource	blob	5883bc928ae64129ddb1ceb4daed5dbe8bf464d7	BODY_NOT_ACQUIRED	
m3/tooling/migration-recipes/src/test/resources/com/m3/rewrite/backport/jdk27-javadoc-8347112/pre/javadoc.1.before.txt	default-test-resource	blob	22418de5d754597caa987803af02c1f4659ab445	BODY_NOT_ACQUIRED	
m3/tooling/migration-recipes/src/test/resources/com/m3/rewrite/backport/jdk27-javadoc-8347112/pre/standard.properties.before.txt	default-test-resource	blob	1e517e4e0f0f09ad9f8fad5a677b655349d62105	BODY_NOT_ACQUIRED	
m3/tooling/migration-recipes/src/test/resources/com/m3/rewrite/backport/jdk27-jfr-options-help-8367584/pre/jfrDcmds.cpp.before.txt	default-test-resource	blob	d52bc9e2e5b07d5a108e0aec1f982a68e4f1bc2c	BODY_NOT_ACQUIRED	
m3/tooling/migration-recipes/src/test/resources/com/m3/rewrite/backport/jdk27-jfr-options-help-8367584/pre/jfrDcmds.hpp.before.txt	default-test-resource	blob	ad58c1c16c3b270724111a05b361fb71793fe4a1	BODY_NOT_ACQUIRED	
m3/tooling/migration-recipes/src/test/resources/com/m3/rewrite/backport/jdk27-jfr-options-help-8367584/pre/jfrOptionSet.cpp.before.txt	default-test-resource	blob	a077ec53c9004f9a1c02892b669d26ac17aea600	BODY_NOT_ACQUIRED	
m3/tooling/migration-recipes/src/test/resources/com/m3/rewrite/backport/jdk27-keystore-creation-instant-8374808/pre/KeyStore.java.before.txt	default-test-resource	blob	01edb885726c79b2d7461413cadd7affdda4b832	BODY_NOT_ACQUIRED	
m3/tooling/migration-recipes/src/test/resources/com/m3/rewrite/backport/jdk27-keystore-creation-instant-8374808/pre/KeyStoreSpi.java.before.txt	default-test-resource	blob	0b0aa8adf19d6eea55edaab8aefca70236eeece2	BODY_NOT_ACQUIRED	
m3/tooling/migration-recipes/src/test/resources/com/m3/rewrite/backport/jdk27-password-systemin-8368692/pre/Password.java.before.txt	default-test-resource	blob	7acece65a571572283379e6d638b36bd697a0fc2	BODY_NOT_ACQUIRED	
m3/tooling/migration-recipes/src/test/resources/com/m3/rewrite/backport/jdk27-password-systemin-8368692/pre/java.security.before.txt	default-test-resource	blob	5149edba0e5581512588a5e41fad73b6e52d9992	BODY_NOT_ACQUIRED	
m3/tooling/migration-recipes/src/test/resources/com/m3/rewrite/backport/jdk27-security-properties-8364182/pre/JavaSecurityPropertiesAccess.java.before.txt	default-test-resource	blob	a4875f357e376094ee510354afe9b8b7b0a12fc2	BODY_NOT_ACQUIRED	
m3/tooling/migration-recipes/src/test/resources/com/m3/rewrite/backport/jdk27-security-properties-8364182/pre/Security.java.before.txt	default-test-resource	blob	671529f71a1cb542e354bf17312adc75037633c1	BODY_NOT_ACQUIRED	
m3/tooling/migration-recipes/src/test/resources/com/m3/rewrite/backport/jdk27-security-properties-8364182/pre/VMSupport.java.before.txt	default-test-resource	blob	1a5069e53f377f40e3050d5310612d42811bbe3e	BODY_NOT_ACQUIRED	
m3/tooling/migration-recipes/src/test/resources/com/m3/rewrite/backport/jdk27-security-properties-8364182/pre/diagnosticCommand.cpp.before.txt	default-test-resource	blob	e1be3fb5eb8fa94f84f4a219307ccc7c8df1f7d2	BODY_NOT_ACQUIRED	
m3/tooling/migration-recipes/src/test/resources/com/m3/rewrite/backport/jdk27-security-properties-8364182/pre/diagnosticCommand.hpp.before.txt	default-test-resource	blob	28bd6a9f14e060f656e863957d636ae135592934	BODY_NOT_ACQUIRED	
m3/tooling/migration-recipes/src/test/resources/com/m3/rewrite/backport/jdk27-security-properties-8364182/pre/vmSymbols.hpp.before.txt	default-test-resource	blob	b38839205155631e2b5dc923f4ba9064b3cdfb85	BODY_NOT_ACQUIRED	
m3/tooling/migration-recipes/tasks/a3-replay/ACTION_QUEUE.tsv	other-tracked-module-input	blob	1474976ba9bb439b571b78c672fc809a26f1afd2	BODY_NOT_ACQUIRED	
m3/tooling/migration-recipes/tasks/a3-replay/DESIGN.md	other-tracked-module-input	blob	f2b69b01cf226ae2211ff0907ab67cd59cb9a993	BODY_NOT_ACQUIRED	
m3/tooling/migration-recipes/tasks/a3-replay/FINAL_REPORT.md	other-tracked-module-input	blob	8e14a1924699c599066c7706a8de6a5ea3ec71e9	BODY_NOT_ACQUIRED	
m3/tooling/migration-recipes/tasks/a3-replay/OUTPUT_CONTRACT.tsv	other-tracked-module-input	blob	065e3c45a6664c82644d87b9cd8f9e32255cb515	BODY_NOT_ACQUIRED	
m3/tooling/migration-recipes/tasks/a3-replay/PROVENANCE.tsv	other-tracked-module-input	blob	076c9cfdc58da9c14bb1a8752586ad1c1305dc56	BODY_NOT_ACQUIRED	
m3/tooling/migration-recipes/tasks/a3-replay/RESULTS.tsv	other-tracked-module-input	blob	c426ca60742f08b29ec7e380dda4d424d008a8a6	BODY_NOT_ACQUIRED	
m3/tooling/migration-recipes/tasks/a3-replay/RUN_CONTEXT.tsv	other-tracked-module-input	blob	ae03623b865f78eae0f289f3713819b9a1503cb4	BODY_NOT_ACQUIRED	
m3/tooling/migration-recipes/tasks/a3-replay/STATUS.tsv	other-tracked-module-input	blob	df8bfa19b67ddcc17a2b2ef8b9017778af94aa94	BODY_NOT_ACQUIRED	
m3/tooling/migration-recipes/tasks/a3-replay/TASK_PACKET.json	other-tracked-module-input	blob	46b5cde769be1cc167318c96623dc9a6347aba2b	BODY_NOT_ACQUIRED	
m3/tooling/migration-recipes/tasks/a3-replay/VERIFY_CONTRACT.tsv	other-tracked-module-input	blob	928fe2b93e0ed3963cda4dfa88ac93465b958bf0	BODY_NOT_ACQUIRED	
m3/tooling/migration-recipes/tasks/a3-source-type/DESIGN.md	other-tracked-module-input	blob	b0026f13e326740bb65dd527427944569934a973	BODY_NOT_ACQUIRED	
m3/tooling/migration-recipes/tasks/a3-source-type/FINAL_REPORT.md	other-tracked-module-input	blob	bda7e9419f1cf107f072efc4e08b990333b0d3a9	BODY_NOT_ACQUIRED	
m3/tooling/migration-recipes/tasks/a3-source-type/OUTPUT_CONTRACT.tsv	other-tracked-module-input	blob	8078c5fbdf7c35865bc44d9e5fd1241ebd36015b	BODY_NOT_ACQUIRED	
m3/tooling/migration-recipes/tasks/a3-source-type/PROVENANCE.tsv	other-tracked-module-input	blob	ffc6cae0a9df50d5eae793a2bd4da0191b064d42	BODY_NOT_ACQUIRED	
m3/tooling/migration-recipes/tasks/a3-source-type/RUN_CONTEXT.tsv	other-tracked-module-input	blob	96ba0dc5ed05793a7604e5a4a38a21213549069a	BODY_NOT_ACQUIRED	
m3/tooling/migration-recipes/tasks/a3-source-type/STATUS.tsv	other-tracked-module-input	blob	c41ff14c015be05816224a7a686499e8d9c665c0	BODY_NOT_ACQUIRED	
m3/tooling/migration-recipes/tasks/a3-source-type/TASK_PACKET.json	other-tracked-module-input	blob	9d754bff85a33098de053eff923f37f16a826f07	BODY_NOT_ACQUIRED	
m3/tooling/migration-recipes/tasks/a3-source-type/VERIFY_CONTRACT.tsv	other-tracked-module-input	blob	390944ccd355b282ce8517ebfb5fdb6db2b50aa8	BODY_NOT_ACQUIRED	
m3/tooling/migration-recipes/tasks/catalog-imports/README.md	other-tracked-module-input	blob	549adaccd0a574f9527f998c91916b58c6a99eb2	BODY_NOT_ACQUIRED	
m3/tooling/migration-recipes/tasks/catalog-imports/TASK_PACKET.json	other-tracked-module-input	blob	780f73bb860d25d1ecc65ab429675b81944ba6c1	BODY_NOT_ACQUIRED	
m3/tooling/migration-recipes/tasks/catalog-imports/evidence/ACTION_QUEUE.tsv	other-tracked-module-input	blob	1fea118b16e9be21ad3e1ad54d9e17654fdda0cc	BODY_NOT_ACQUIRED	
m3/tooling/migration-recipes/tasks/catalog-imports/evidence/FINAL_REPORT.md	other-tracked-module-input	blob	71c539063186698de34e9f71e172ac6260136cf0	BODY_NOT_ACQUIRED	
m3/tooling/migration-recipes/tasks/catalog-imports/evidence/INVENTORY.tsv	other-tracked-module-input	blob	cb35cd5e5853126ddf37003b7107776840c6bb49	BODY_NOT_ACQUIRED	
m3/tooling/migration-recipes/tasks/catalog-imports/evidence/OUTPUT_CONTRACT.tsv	other-tracked-module-input	blob	1aaff8acacc9b94997588c5a7c4ce690434cb3fc	BODY_NOT_ACQUIRED	
m3/tooling/migration-recipes/tasks/catalog-imports/evidence/PROVENANCE.tsv	other-tracked-module-input	blob	c0024c65a462551246e4b368828a3be9e86e69ce	BODY_NOT_ACQUIRED	
m3/tooling/migration-recipes/tasks/catalog-imports/evidence/RAW_RESULTS.log	other-tracked-module-input	blob	a966c9e1465461662b2419a90f7b0e45bd3f8289	BODY_NOT_ACQUIRED	
m3/tooling/migration-recipes/tasks/catalog-imports/evidence/RUN_CONTEXT.tsv	other-tracked-module-input	blob	b66b8032e079e1d8ec5fb452ae114983f04a660f	BODY_NOT_ACQUIRED	
m3/tooling/migration-recipes/tasks/catalog-imports/evidence/STATUS.tsv	other-tracked-module-input	blob	4ca615eaf70d310be9d3c611135ea9b3a6d06b7f	BODY_NOT_ACQUIRED	
m3/tooling/migration-recipes/tasks/catalog-imports/evidence/VERIFY_CONTRACT.tsv	other-tracked-module-input	blob	d8ced0a3b6a6241b6e66870123aa30c5ff4e741e	BODY_NOT_ACQUIRED	
m3/tooling/migration-recipes/tasks/class-ver/README.md	other-tracked-module-input	blob	1854f7b32798350640cbdd780f6d031db272599f	BODY_NOT_ACQUIRED	
m3/tooling/migration-recipes/tasks/class-ver/TASK_PACKET.json	other-tracked-module-input	blob	6cf6b5389862b304a8eb25a0568d74fdca2be666	BODY_NOT_ACQUIRED	
m3/tooling/migration-recipes/tasks/class-ver/evidence/ACTION_QUEUE.tsv	other-tracked-module-input	blob	eaedacbb3ec6959b6e47c27287098172658f6661	BODY_NOT_ACQUIRED	
m3/tooling/migration-recipes/tasks/class-ver/evidence/FINAL_REPORT.md	other-tracked-module-input	blob	ca15ea63c043db05a3026a45636d7be7c80c16fb	BODY_NOT_ACQUIRED	
m3/tooling/migration-recipes/tasks/class-ver/evidence/OUTPUT_CONTRACT.tsv	other-tracked-module-input	blob	8c70b23c07994fbea395047c41e83250e023760a	BODY_NOT_ACQUIRED	
m3/tooling/migration-recipes/tasks/class-ver/evidence/PROVENANCE.tsv	other-tracked-module-input	blob	263ae04e744fe58cc623102fe7479a70ce9c702e	BODY_NOT_ACQUIRED	
m3/tooling/migration-recipes/tasks/class-ver/evidence/RAW_RESULTS.log	other-tracked-module-input	blob	6fe3c86fe2d9fec0a44b7144b7af267e3fb9c3aa	BODY_NOT_ACQUIRED	
m3/tooling/migration-recipes/tasks/class-ver/evidence/RUN_CONTEXT.tsv	other-tracked-module-input	blob	d4534f53488f82f385fd555f2c1abefbf0377424	BODY_NOT_ACQUIRED	
m3/tooling/migration-recipes/tasks/class-ver/evidence/STATUS.tsv	other-tracked-module-input	blob	c44ea407ee85368cd54868bf9ec8f20c4a498a7e	BODY_NOT_ACQUIRED	
m3/tooling/migration-recipes/tasks/class-ver/evidence/VERIFY_CONTRACT.tsv	other-tracked-module-input	blob	661e4273d07202795337a0cafdc58abf75e52376	BODY_NOT_ACQUIRED	
m3/tooling/migration-recipes/tasks/db-build/DESIGN.md	other-tracked-module-input	blob	ec40f663eb36e598a66184c0c4ec68f974b57a0e	BODY_NOT_ACQUIRED	
m3/tooling/migration-recipes/tasks/db-build/FINAL_REPORT.md	other-tracked-module-input	blob	4c36f389a2b7e6340451a5b2385009b8071b8345	BODY_NOT_ACQUIRED	
m3/tooling/migration-recipes/tasks/db-build/OUTPUT_CONTRACT.tsv	other-tracked-module-input	blob	923f9bd0106db0d7be058d55a7fa8fa71a1b5398	BODY_NOT_ACQUIRED	
m3/tooling/migration-recipes/tasks/db-build/PROVENANCE.tsv	other-tracked-module-input	blob	f233926479b53c9c89fe5f5e4e9259bc2823fa3c	BODY_NOT_ACQUIRED	
m3/tooling/migration-recipes/tasks/db-build/RUN_CONTEXT.tsv	other-tracked-module-input	blob	092c846da77a4fba2e0dea3a496ebc3e43a7dad4	BODY_NOT_ACQUIRED	
m3/tooling/migration-recipes/tasks/db-build/STATUS.tsv	other-tracked-module-input	blob	716b4efd40c54066ea5a4c0fd2b0b71c784ae94c	BODY_NOT_ACQUIRED	
m3/tooling/migration-recipes/tasks/db-build/TASK_PACKET.json	other-tracked-module-input	blob	b1905621ecf28667e3d42c4dbe4aeef1d36a825e	BODY_NOT_ACQUIRED	
m3/tooling/migration-recipes/tasks/db-build/VERIFY_CONTRACT.tsv	other-tracked-module-input	blob	d6b2e00045dee20f5d22f09667ff66a3b845cb4f	BODY_NOT_ACQUIRED	
m3/tooling/migration-recipes/tasks/db-mark/ACTION_QUEUE.tsv	other-tracked-module-input	blob	c48cd7bc715cad8879a2f1a98b6869900a367021	BODY_NOT_ACQUIRED	
m3/tooling/migration-recipes/tasks/db-mark/DESIGN.md	other-tracked-module-input	blob	8c8a0ca682021457e374635d9386a141a304a5a9	BODY_NOT_ACQUIRED	
m3/tooling/migration-recipes/tasks/db-mark/FINAL_REPORT.md	other-tracked-module-input	blob	3c299ede5e13e278e7dc379f8b393da3ccb34eba	BODY_NOT_ACQUIRED	
m3/tooling/migration-recipes/tasks/db-mark/HOSTED_RECEIPT.json	other-tracked-module-input	blob	7d9f0ebbb5fc52e571e4ee5136c7484fcd52c440	BODY_NOT_ACQUIRED	
m3/tooling/migration-recipes/tasks/db-mark/OUTPUT_CONTRACT.tsv	other-tracked-module-input	blob	1d15810698f7a24a4f806f5671bd06ac3f998695	BODY_NOT_ACQUIRED	
m3/tooling/migration-recipes/tasks/db-mark/PROVENANCE.tsv	other-tracked-module-input	blob	88d97a47555e8dfb4e87662305107687878649fe	BODY_NOT_ACQUIRED	
m3/tooling/migration-recipes/tasks/db-mark/RUN_CONTEXT.tsv	other-tracked-module-input	blob	b17616cf9bb11c00550e5a49acb93fba9eaaacb1	BODY_NOT_ACQUIRED	
m3/tooling/migration-recipes/tasks/db-mark/STATUS.tsv	other-tracked-module-input	blob	efa6bdf5828506605f3659ba562a4e5da592ffee	BODY_NOT_ACQUIRED	
m3/tooling/migration-recipes/tasks/db-mark/TASK_PACKET.json	other-tracked-module-input	blob	de0b907cf7bb2f2230d41bc9608f90dc9c3a440a	BODY_NOT_ACQUIRED	
m3/tooling/migration-recipes/tasks/db-mark/VERIFY_CONTRACT.tsv	other-tracked-module-input	blob	00387034022675971da906fbc41ff3213568567f	BODY_NOT_ACQUIRED	
m3/tooling/migration-recipes/tasks/gate/ACTION_QUEUE.tsv	other-tracked-module-input	blob	e5eed661e3f5059b2b141265be73739c3d6da4bb	BODY_NOT_ACQUIRED	
m3/tooling/migration-recipes/tasks/gate/DESIGN.md	other-tracked-module-input	blob	b0803657c47552db6247ca673b7647558dfa5bfb	BODY_NOT_ACQUIRED	
m3/tooling/migration-recipes/tasks/gate/FINAL_REPORT.md	other-tracked-module-input	blob	f62fa9cb773208ad5a337bbdcc72725782603c46	BODY_NOT_ACQUIRED	
m3/tooling/migration-recipes/tasks/gate/OUTPUT_CONTRACT.tsv	other-tracked-module-input	blob	c94bf18dd4f93a2796c6e4fef488a327f1b5eeda	BODY_NOT_ACQUIRED	
m3/tooling/migration-recipes/tasks/gate/PROVENANCE.tsv	other-tracked-module-input	blob	8def9cbc452a119b6676300353dcd7f6ba6b356e	BODY_NOT_ACQUIRED	
m3/tooling/migration-recipes/tasks/gate/RUN_CONTEXT.tsv	other-tracked-module-input	blob	ff49777fd95e5b1be9cd6fd3b87f8e686dec0b18	BODY_NOT_ACQUIRED	
m3/tooling/migration-recipes/tasks/gate/STATUS.tsv	other-tracked-module-input	blob	40ae5f909ce597b5b8a3be259abef0615fe3cf95	BODY_NOT_ACQUIRED	
m3/tooling/migration-recipes/tasks/gate/TASK_PACKET.json	other-tracked-module-input	blob	ac759ac6c1dc8d96de135de6d19b28e8cf246cc6	BODY_NOT_ACQUIRED	
m3/tooling/migration-recipes/tasks/gate/VERIFY_CONTRACT.tsv	other-tracked-module-input	blob	ce0a18e844838da6f106adbca4ad30efe515214f	BODY_NOT_ACQUIRED	
m3/tooling/migration-recipes/tasks/jdk-focus/DESIGN.md	other-tracked-module-input	blob	12613047ec66169a895c54f4e015b51c0f4b1a04	BODY_NOT_ACQUIRED	
m3/tooling/migration-recipes/tasks/jdk-focus/pom.xml	other-tracked-module-input	blob	13efefb453c22f94f4fe4ce3e71bad3791f30a66	BODY_NOT_ACQUIRED	
m3/tooling/migration-recipes/tasks/jdk-focus/src/test/java/com/m3/rewrite/FocusTest.java	other-tracked-module-input	blob	e53d3cf3abcb35fa9fc9315230b713c68adf8abc	BODY_NOT_ACQUIRED	
m3/tooling/migration-recipes/tasks/map-facts/inputs.sha256	other-tracked-module-input	blob	b8ba716cd6217c01af13f305eb508e3ad171e1f8	BODY_NOT_ACQUIRED	
m3/tooling/migration-recipes/tasks/map-facts/verify.sh	other-tracked-module-input	blob	b27220b9b09e57dd9ef2a9f1e982075432592332	BODY_NOT_ACQUIRED	
m3/tooling/migration-recipes/tasks/map-guard/DESIGN.md	other-tracked-module-input	blob	16f21f5fc1044a97e9f556bbe6e41c1f385cd1cc	BODY_NOT_ACQUIRED	
m3/tooling/migration-recipes/tasks/map-guard/TASK_PACKET.json	other-tracked-module-input	blob	bac347b5a8c3815f9e065e01ea115e150f366ac8	BODY_NOT_ACQUIRED	
m3/tooling/migration-recipes/tasks/map-guard/evidence/ACTION_QUEUE.tsv	other-tracked-module-input	blob	2d624ad69e8679d0fb52261582fb2b43ad0a58d4	BODY_NOT_ACQUIRED	
m3/tooling/migration-recipes/tasks/map-guard/evidence/CLUSTERS_EXACT.tsv	other-tracked-module-input	blob	8a1410a14354195764cc7abfec59143ca7c23f06	BODY_NOT_ACQUIRED	
m3/tooling/migration-recipes/tasks/map-guard/evidence/CLUSTERS_NORMALIZED.tsv	other-tracked-module-input	blob	5d1e8951020ed1ec14f13c07a9032c15e402efc4	BODY_NOT_ACQUIRED	
m3/tooling/migration-recipes/tasks/map-guard/evidence/EXECUTION.json	other-tracked-module-input	blob	50c3755e88ff0fb9e72273e0d741b15c23f3630c	BODY_NOT_ACQUIRED	
m3/tooling/migration-recipes/tasks/map-guard/evidence/FINAL_REPORT.md	other-tracked-module-input	blob	d208de7a9c63a0b5fad6e1244fae0587e684266c	BODY_NOT_ACQUIRED	
m3/tooling/migration-recipes/tasks/map-guard/evidence/INVENTORY.tsv	other-tracked-module-input	blob	5f55f699849fe5252567c0c7b418f44f413fcdaa	BODY_NOT_ACQUIRED	
m3/tooling/migration-recipes/tasks/map-guard/evidence/OUTPUT_CONTRACT.tsv	other-tracked-module-input	blob	2e9e5372c132f4e67c492729c97e1876e48c82ac	BODY_NOT_ACQUIRED	
m3/tooling/migration-recipes/tasks/map-guard/evidence/PROVENANCE.tsv	other-tracked-module-input	blob	9821c17e19ec8e0c3a82a46fc1f4dc3945722baa	BODY_NOT_ACQUIRED	
m3/tooling/migration-recipes/tasks/map-guard/evidence/RUN_CONTEXT.tsv	other-tracked-module-input	blob	2c3aa2e2bfc83f6bc6d17f857b72c66a95925f60	BODY_NOT_ACQUIRED	
m3/tooling/migration-recipes/tasks/map-guard/evidence/STATUS.tsv	other-tracked-module-input	blob	6f30879010d1abbcde7678917a19a039a55e5aa5	BODY_NOT_ACQUIRED	
m3/tooling/migration-recipes/tasks/map-guard/evidence/SUMMARY.tsv	other-tracked-module-input	blob	ca112e1f29d2ef4af05de5b9b742cca92476f547	BODY_NOT_ACQUIRED	
m3/tooling/migration-recipes/tasks/map-guard/evidence/VERIFY_CONTRACT.tsv	other-tracked-module-input	blob	479f37460b1a2a04c39a284342c5e35644e9ea2f	BODY_NOT_ACQUIRED	
m3/tooling/migration-recipes/tasks/map-guard/evidence/after-api.txt	other-tracked-module-input	blob	53f0836ac72eec5aee985fb8286ad26ff4fdffbb	BODY_NOT_ACQUIRED	
m3/tooling/migration-recipes/tasks/map-guard/evidence/after-compile.log	other-tracked-module-input	blob	e69de29bb2d1d6434b8b29ae775ad8c2e48c5391	BODY_NOT_ACQUIRED	
m3/tooling/migration-recipes/tasks/map-guard/evidence/after-interpreter.log	other-tracked-module-input	blob	a6f8dbaf679b70f5363a1b9a48cd82b2ae3306f2	BODY_NOT_ACQUIRED	
m3/tooling/migration-recipes/tasks/map-guard/evidence/after-test.log	other-tracked-module-input	blob	a6f8dbaf679b70f5363a1b9a48cd82b2ae3306f2	BODY_NOT_ACQUIRED	
m3/tooling/migration-recipes/tasks/map-guard/evidence/baseline-exits.tsv	other-tracked-module-input	blob	04896d5aac78ecde61bed1fbd265e21ce78a0ce4	BODY_NOT_ACQUIRED	
m3/tooling/migration-recipes/tasks/map-guard/evidence/before-api.txt	other-tracked-module-input	blob	53f0836ac72eec5aee985fb8286ad26ff4fdffbb	BODY_NOT_ACQUIRED	
m3/tooling/migration-recipes/tasks/map-guard/evidence/before-byte.log	other-tracked-module-input	blob	64a8fdae8578dda2e1389ac7d591bf88d2be69d8	BODY_NOT_ACQUIRED	
m3/tooling/migration-recipes/tasks/map-guard/evidence/before-compile.log	other-tracked-module-input	blob	e69de29bb2d1d6434b8b29ae775ad8c2e48c5391	BODY_NOT_ACQUIRED	
m3/tooling/migration-recipes/tasks/map-guard/evidence/before-existing-test.log	other-tracked-module-input	blob	ba7cfc8ca844b8da7459a352478878617e506bba	BODY_NOT_ACQUIRED	
m3/tooling/migration-recipes/tasks/map-guard/evidence/before-fd.log	other-tracked-module-input	blob	fa14b4dc0adfe4fa30397c698042006481e36cf8	BODY_NOT_ACQUIRED	
m3/tooling/migration-recipes/tasks/map-guard/evidence/before-text.log	other-tracked-module-input	blob	c79b7898acd1e8fec146dc697eb1349e7faf2bf1	BODY_NOT_ACQUIRED	
m3/tooling/migration-recipes/tasks/map-guard/evidence/before-valid-final.log	other-tracked-module-input	blob	aa81e79c4adebf6121c2264331d2ec80c578f9e1	BODY_NOT_ACQUIRED	
m3/tooling/migration-recipes/tasks/map-guard/evidence/maven-connectivity.log	other-tracked-module-input	blob	81146689b6d9be2d25bbbc6207b4b68573b45e1f	BODY_NOT_ACQUIRED	
m3/tooling/migration-recipes/tasks/map-guard/evidence/recipe-syntax.log	other-tracked-module-input	blob	fb054e81b1c4c9371440bc7a810dd374d38b6b3f	BODY_NOT_ACQUIRED	
m3/tooling/migration-recipes/tasks/map-guard/evidence/reproduction.log	other-tracked-module-input	blob	3ea332c797d543771421628ba5a4b2e7edeed46d	BODY_NOT_ACQUIRED	
m3/tooling/migration-recipes/tasks/map-guard/evidence/test-compile.log	other-tracked-module-input	blob	e69de29bb2d1d6434b8b29ae775ad8c2e48c5391	BODY_NOT_ACQUIRED	
m3/tooling/migration-recipes/tasks/map-guard/evidence/toolchain.log	other-tracked-module-input	blob	63d7f1d2327181a63d336e14e540a6334e7d93a9	BODY_NOT_ACQUIRED	
m3/tooling/migration-recipes/tasks/map-guard/verify.sh	other-tracked-module-input	blob	3439c6832759a96df7269f4f9381cc5087c86c67	BODY_NOT_ACQUIRED	
m3/tooling/migration-recipes/tasks/map-utf/DESIGN.md	other-tracked-module-input	blob	7dae20d9d4744fa1f77163836f87687ed4c608c1	BODY_NOT_ACQUIRED	
m3/tooling/migration-recipes/tasks/map-utf/FINAL_REPORT.md	other-tracked-module-input	blob	af8ff1b1a5479d3a9c6c93801b7f6e50574ab34c	BODY_NOT_ACQUIRED	
m3/tooling/migration-recipes/tasks/map-utf/INVENTORY.tsv	other-tracked-module-input	blob	65f5949b7d39f82f525c3f790c6ba08319293684	BODY_NOT_ACQUIRED	
m3/tooling/migration-recipes/tasks/map-utf/OUTPUT_CONTRACT.tsv	other-tracked-module-input	blob	c1298b1ef3c854847feeda19f071e05d9396a5a1	BODY_NOT_ACQUIRED	
m3/tooling/migration-recipes/tasks/map-utf/PROVENANCE.tsv	other-tracked-module-input	blob	6c809670d599cf7025b14ee3987a70eaf5ea9c40	BODY_NOT_ACQUIRED	
m3/tooling/migration-recipes/tasks/map-utf/RUN_CONTEXT.tsv	other-tracked-module-input	blob	8b3ae32505e76d764b50735e4a05fc2cff41ff47	BODY_NOT_ACQUIRED	
m3/tooling/migration-recipes/tasks/map-utf/STATUS.tsv	other-tracked-module-input	blob	a70209bef2349d3a79e374654e57a2b239f6e778	BODY_NOT_ACQUIRED	
m3/tooling/migration-recipes/tasks/map-utf/TASK_PACKET.json	other-tracked-module-input	blob	ecc3ed965fd8ef53987aa0bf9fd08579c0644a35	BODY_NOT_ACQUIRED	
m3/tooling/migration-recipes/tasks/map-utf/TODO.tsv	other-tracked-module-input	blob	eacfa7b7fe15a9a7e7ba629ac5750ba6026ac2f0	BODY_NOT_ACQUIRED	
m3/tooling/migration-recipes/tasks/map-utf/VERIFY_CONTRACT.tsv	other-tracked-module-input	blob	423f27d349a43e4288acb0d55dac23c4cddb41f3	BODY_NOT_ACQUIRED	
m3/tooling/migration-recipes/tasks/map-utf/evidence/EXECUTION.log	other-tracked-module-input	blob	7afa2a4ce94d29d873151d1d449ed0643a87b0f1	BODY_NOT_ACQUIRED	
m3/tooling/migration-recipes/tasks/map-utf/evidence/SOURCE_IDENTITIES.tsv	other-tracked-module-input	blob	655fb4dfcf144c6fde6efcc38eb556d33e6cbdad	BODY_NOT_ACQUIRED	
m3/tooling/migration-recipes/tasks/map-utf/inputs.sha256	other-tracked-module-input	blob	3cf257e4a45be069bdad16b46b93ceca7b539080	BODY_NOT_ACQUIRED	
m3/tooling/migration-recipes/tasks/map-utf/verify.sh	other-tracked-module-input	blob	c8feea81f74e4b07d50b8120840c4ca1a40d5346	BODY_NOT_ACQUIRED	
m3/tooling/migration-recipes/tasks/recipe-closure/CLOSURE_MATERIALIZATION.TSV	other-tracked-module-input	blob	908a6ba4106b170cb948932bb3923826fde59f9e	BODY_NOT_ACQUIRED	
m3/tooling/migration-recipes/tasks/recipe-closure/COVERAGE.tsv	other-tracked-module-input	blob	437b0f2fa66c28134ff6281e4c2268d84a03b355	BODY_NOT_ACQUIRED	
m3/tooling/migration-recipes/tasks/recipe-closure/DESCRIPTOR.md	other-tracked-module-input	blob	0cfa802dac742768652180cfa7be844106ad44f8	EXACT_BODY_ACQUIRED	38181627790d35b3fdbef4a937bb6a2cfba719770fcbd3f2160f12396b92a72d
m3/tooling/migration-recipes/tasks/recipe-closure/DESCRIPTOR_MATERIALIZATION.TSV	other-tracked-module-input	blob	727036f9c417ded20933adfa8ee6ccb83bf4a491	EXACT_BODY_ACQUIRED	008f58648f3daa27ca453411fd9a72d435af170381184e83563f1604d0dbf296
m3/tooling/migration-recipes/tasks/recipe-closure/EVIDENCE_SHA256.tsv	other-tracked-module-input	blob	47abe632c5d775bf9ced10183be9f8b2d282506e	BODY_NOT_ACQUIRED	
m3/tooling/migration-recipes/tasks/recipe-closure/FAILURES.tsv	other-tracked-module-input	blob	d980d6deb6a41c47438bdd74d3d9d6e88bf59552	BODY_NOT_ACQUIRED	
m3/tooling/migration-recipes/tasks/recipe-closure/FINAL_REPORT.md	other-tracked-module-input	blob	836636240fe14c011df09b69bfe4e08eeb699c27	EXACT_BODY_ACQUIRED	5196ab94075f427ad07f13551f308eb7b5c5f0a61386d36ed60461d1c49ce3b3
m3/tooling/migration-recipes/tasks/recipe-closure/JUNIT.tsv	other-tracked-module-input	blob	aed16922e0d2502e49a9128301e162d317624e09	EXACT_BODY_ACQUIRED	19ccb2be56b0b6bef3874751b9d80a0f6dfdb827662a74837deb759047a24a44
m3/tooling/migration-recipes/tasks/recipe-closure/LAB.md	other-tracked-module-input	blob	901c422c8fead53d765b6a69de1fc30119c2086c	BODY_NOT_ACQUIRED	
m3/tooling/migration-recipes/tasks/recipe-closure/LAB_COUNTS.tsv	other-tracked-module-input	blob	daaff997a3ff5fc1ffefddd312f7b55f890b2329	BODY_NOT_ACQUIRED	
m3/tooling/migration-recipes/tasks/recipe-closure/LAB_PROJECT.tsv	other-tracked-module-input	blob	bc8e0ae3d7525fd0168ea65d019c203265f5d4c2	BODY_NOT_ACQUIRED	
m3/tooling/migration-recipes/tasks/recipe-closure/OUTPUT_CONTRACT.tsv	other-tracked-module-input	blob	9f7237c543faf9e0483159c786ab34bb6a198617	BODY_NOT_ACQUIRED	
m3/tooling/migration-recipes/tasks/recipe-closure/PARSER_CUSTODY.md	other-tracked-module-input	blob	dfa4460db8394111f92442adab8740e36f33a03e	BODY_NOT_ACQUIRED	
m3/tooling/migration-recipes/tasks/recipe-closure/PROVENANCE.tsv	other-tracked-module-input	blob	1609b7e307025a7fa371c1ecc52dc2a734b0bd92	BODY_NOT_ACQUIRED	
m3/tooling/migration-recipes/tasks/recipe-closure/RUN_CONTEXT.tsv	other-tracked-module-input	blob	58f721af41faf95f967a32bb4378bc9cd2baadfb	BODY_NOT_ACQUIRED	
m3/tooling/migration-recipes/tasks/recipe-closure/SOURCE_SEALS.tsv	other-tracked-module-input	blob	a9cfeaba445bbd8d3381aac4b63753e02302cecd	EXACT_BODY_ACQUIRED	451dcae9a40ef74b7eff9efd15fed96866f5f342f410d2630e3b497b2f14ce78
m3/tooling/migration-recipes/tasks/recipe-closure/STATUS.tsv	other-tracked-module-input	blob	ba60aab3706fc5c0316e36a91b95c545a1c05a45	BODY_NOT_ACQUIRED	
m3/tooling/migration-recipes/tasks/recipe-closure/TASK_PACKET.md	other-tracked-module-input	blob	ef0b502dbd4bf6a078132baeae5fbba069a0357b	BODY_NOT_ACQUIRED	
m3/tooling/migration-recipes/tasks/recipe-closure/TODO.tsv	other-tracked-module-input	blob	62eef62278be74873043118685acb95db4f75f46	BODY_NOT_ACQUIRED	
m3/tooling/migration-recipes/tasks/recipe-closure/VERIFY_CONTRACT.tsv	other-tracked-module-input	blob	f67bdc4537348d1b4354070a556525cc1a0dc1ac	BODY_NOT_ACQUIRED	
m3/tooling/migration-recipes/tasks/recipe-closure/verify-descriptor.sh	other-tracked-module-input	blob	c6a88fcee58c9a1be1cbe6f78c9109974cbb07cd	BODY_NOT_ACQUIRED	
m3/tooling/migration-recipes/tasks/replay-guards/ACTION_QUEUE.tsv	other-tracked-module-input	blob	d31f66fb58a5a5fe75543b844a3fcbd439f7c195	BODY_NOT_ACQUIRED	
m3/tooling/migration-recipes/tasks/replay-guards/DESIGN.md	other-tracked-module-input	blob	f8232580782743d7da9f42e961df31be921459a5	BODY_NOT_ACQUIRED	
m3/tooling/migration-recipes/tasks/replay-guards/FINAL_REPORT.md	other-tracked-module-input	blob	60a789d773bba5fe87125a7eae18320ad68ffcac	BODY_NOT_ACQUIRED	
m3/tooling/migration-recipes/tasks/replay-guards/OUTPUT_CONTRACT.tsv	other-tracked-module-input	blob	429b656cc7a168538496a01dc09e9d761d298a16	BODY_NOT_ACQUIRED	
m3/tooling/migration-recipes/tasks/replay-guards/PROVENANCE.tsv	other-tracked-module-input	blob	9d612ab70cd38dc2788dba0aac594b284d5d2128	BODY_NOT_ACQUIRED	
m3/tooling/migration-recipes/tasks/replay-guards/RESULTS.tsv	other-tracked-module-input	blob	3b2678b7b0aa36bd27165d02aa7b469a6fd9e9aa	BODY_NOT_ACQUIRED	
m3/tooling/migration-recipes/tasks/replay-guards/RUN_CONTEXT.tsv	other-tracked-module-input	blob	52c4aa7575f79cbb66818df4bf3af0b11e74aa62	BODY_NOT_ACQUIRED	
m3/tooling/migration-recipes/tasks/replay-guards/STATUS.tsv	other-tracked-module-input	blob	783b76658af5f7670637dc51c6267d6624b6d7d6	BODY_NOT_ACQUIRED	
m3/tooling/migration-recipes/tasks/replay-guards/TASK_PACKET.json	other-tracked-module-input	blob	93e3389856bd8c1e2bee951fed57902d1af8bfe5	BODY_NOT_ACQUIRED	
m3/tooling/migration-recipes/tasks/replay-guards/VERIFY_CONTRACT.tsv	other-tracked-module-input	blob	38d8c945b13c463c3fc003ed49201c474915bd17	BODY_NOT_ACQUIRED	
m3/tooling/migration-recipes/verification/jni/pom.xml	other-tracked-module-input	blob	950d68265dccbfaf36764c225bbeb27ddab61112	EXACT_BODY_ACQUIRED	990c05eb337cf68271fb708415a45ad4567dc4c9d53d503f48067e8e2271f129
