
BEGIN_RAW_FILE initial/01-static.log sha256=e2d94ea0c48d85c48a72b05dd07f5ccb8c0e838445b8041df2b6f86c5e6c199a
STATIC_PIN_CHECK_PASS 15 Java files; 100 real corpus files; 4004365 bytes
XML_PARSE_PASS; source syntax still requires Checkstyle and javac

END_RAW_FILE initial/01-static.log

BEGIN_RAW_FILE initial/02-lint.log sha256=66e75da600dc978de1c3d138575144ebfac20c4838cc13ba2a657e97215e17eb
Starting audit...
[ERROR] /workspace/scratch/87c30a06d3c7/m3jdk-spectrum/repo/m3/tooling/migration-recipes/src/test/java/com/m3/rewrite/atom/M3AtomizePureIntReturnRecipeTest.java:9:8: Unused import - java.io.IOException. [UnusedImports]
Audit done.
Checkstyle ends with 1 errors.

END_RAW_FILE initial/02-lint.log

BEGIN_RAW_FILE initial/SOURCE_SHA256.tsv sha256=ca2092998a29278f4ccc9d00c8f871bbb5787ae30d0d4f61c3b2359682c8db05
path	sha256
m3/tooling/migration-recipes/src/main/java/com/m3/rewrite/atom/M3AtomizePureIntReturnRecipe.java	8384244946df1f840406aaf71438b4f0dba311dfd7eba7b421a064d63c31bf3b
m3/tooling/migration-recipes/src/main/java/com/m3/rewrite/atom/M3DocumentPureIntAtomRecipe.java	496624f1f8612f3c39ea20c6f77fa0dc0594fa13c378b2f2a3a06143c739df1c
m3/tooling/migration-recipes/src/main/java/com/m3/rewrite/atom/M3FileAtomCandidateTable.java	2765872917a05ca2e71f977484a872bbac626cdf55ca24c71c8c9bc6dff10f24
m3/tooling/migration-recipes/src/main/java/com/m3/rewrite/atom/M3InventoryPureIntAtomCandidates.java	3ca3fb634bd742821a317c47dde7ecb5f5176a1df8e3c2e8248a7873821a832b
m3/tooling/migration-recipes/src/main/java/com/m3/rewrite/atom/M3PatternizePureIntAtomRecipe.java	2d100ed5d5810232b90b46f55f99c907f54a195b679b58f295dd065c8f03db69
m3/tooling/migration-recipes/src/main/java/com/m3/rewrite/atom/M3PureIntAtomEligibility.java	ea31026be2f699923e4dfcc6fa906cee77eb5a46bdb9a32948948bfdfe19cebb
m3/tooling/migration-recipes/src/main/java/com/m3/rewrite/atom/M3PureIntConvergenceRecipe.java	ba078715aa83969fc6c04fcd0d9d226ff0d0ad7f46f38ebede6f5b312504e534
m3/tooling/migration-recipes/src/test/java/com/m3/rewrite/atom/M3AtomizePureIntReturnRecipeTest.java	05a649e7d3812c0830c219b810413c8ba9e1393cc346860067f8aaf4e2e6f814
m3/tooling/migration-recipes/src/test/java/com/m3/rewrite/atom/M3IntRecipeProjectTest.java	004de5f30e2a3c54d439b36493e8733dc73fdae8a288ba18238423ded5afcbed
m3/tooling/migration-recipes/src/test/java/com/m3/rewrite/atom/M3IntSpectrumTest.java	34bd328d5c80e6a590c1726d91ef5327a20fa9a317cced4b2021ff5ba2da57a6
m3/tooling/migration-recipes/src/test/java/com/m3/rewrite/atom/M3InventoryPureIntAtomCandidatesTest.java	ef29c46f009d7a9d980854226366a9066e5c29fe041e01497c2c40cbfffb397d
m3/tooling/migration-recipes/src/test/java/com/m3/rewrite/atom/M3PureIntConvergenceRecipeTest.java	152189b0eeeed97460ea798f042fc9f9df7609c9477dcf7bdb593b06c48486c6
m3/tooling/migration-recipes/src/test/java/com/m3/rewrite/atom/M3RepositoryCorpusTest.java	f325dbb713ec707326d3bfb3ae8b7e3d1524c9494698d69710a71e7429020612
m3/tooling/migration-recipes/src/test/java/com/m3/rewrite/atom/MemJava.java	c2a204144a4ff7fe2f4abfa151a744e7114961b83b7f006e019e595f4569e238
m3/tooling/migration-recipes/src/test/java/com/m3/rewrite/atom/SpectrumCases.java	52c83c1c18eaee870e6b6703f7476e7fde442f311bfeb6b33e92638546419f61

END_RAW_FILE initial/SOURCE_SHA256.tsv

BEGIN_RAW_FILE round-2/01-static.log sha256=e2d94ea0c48d85c48a72b05dd07f5ccb8c0e838445b8041df2b6f86c5e6c199a
STATIC_PIN_CHECK_PASS 15 Java files; 100 real corpus files; 4004365 bytes
XML_PARSE_PASS; source syntax still requires Checkstyle and javac

END_RAW_FILE round-2/01-static.log

BEGIN_RAW_FILE round-2/02-lint.log sha256=2ee89ca49ecae1bb5b3de5ffcc8a964e605f1b1c6fbe072073a1ea4feaa4e230
Starting audit...
Audit done.

END_RAW_FILE round-2/02-lint.log

BEGIN_RAW_FILE round-2/03-compile.log sha256=4d33d64c763b30bc3a90c3705b1b4bd7500a44fb17527a86c461681dfdb5a184
[INFO] Scanning for projects...
[INFO] 
[INFO] -----------------< com.m3.tooling:atom-spectrum-proof >-----------------
[INFO] Building Focused A3 atom and pattern spectrum proof 0.1.0-SNAPSHOT
[INFO]   from pom.xml
[INFO] --------------------------------[ jar ]---------------------------------
[INFO] 
[INFO] --- resources:3.3.1:resources (default-resources) @ atom-spectrum-proof ---
[INFO] skip non existing resourceDirectory /workspace/scratch/87c30a06d3c7/m3jdk-spectrum/repo/m3/tooling/migration-recipes/tasks/atom-spectrum-20261005/src/main/resources
[INFO] 
[INFO] --- compiler:3.13.0:compile (default-compile) @ atom-spectrum-proof ---
[INFO] Recompiling the module because of changed source code.
[INFO] Compiling 7 source files with javac [debug release 21] to target/classes
[INFO] ------------------------------------------------------------------------
[INFO] BUILD SUCCESS
[INFO] ------------------------------------------------------------------------
[INFO] Total time:  1.497 s
[INFO] Finished at: 2026-10-05T08:47:43+02:00
[INFO] ------------------------------------------------------------------------

END_RAW_FILE round-2/03-compile.log

BEGIN_RAW_FILE round-2/04-test-compile.log sha256=057481b1bc5ccb1ebbe246999376285358576c471b1c17991e25c9d962e4c7c7
[INFO] Scanning for projects...
[INFO] 
[INFO] -----------------< com.m3.tooling:atom-spectrum-proof >-----------------
[INFO] Building Focused A3 atom and pattern spectrum proof 0.1.0-SNAPSHOT
[INFO]   from pom.xml
[INFO] --------------------------------[ jar ]---------------------------------
[INFO] 
[INFO] --- resources:3.3.1:resources (default-resources) @ atom-spectrum-proof ---
[INFO] skip non existing resourceDirectory /workspace/scratch/87c30a06d3c7/m3jdk-spectrum/repo/m3/tooling/migration-recipes/tasks/atom-spectrum-20261005/src/main/resources
[INFO] 
[INFO] --- compiler:3.13.0:compile (default-compile) @ atom-spectrum-proof ---
[INFO] Nothing to compile - all classes are up to date.
[INFO] 
[INFO] --- resources:3.3.1:testResources (default-testResources) @ atom-spectrum-proof ---
[INFO] Copying 1 resource from ../../src/test/resources to target/test-classes
[INFO] 
[INFO] --- compiler:3.13.0:testCompile (default-testCompile) @ atom-spectrum-proof ---
[INFO] Recompiling the module because of changed source code.
[INFO] Compiling 8 source files with javac [debug release 21] to target/test-classes
[INFO] ------------------------------------------------------------------------
[INFO] BUILD SUCCESS
[INFO] ------------------------------------------------------------------------
[INFO] Total time:  2.261 s
[INFO] Finished at: 2026-10-05T08:47:46+02:00
[INFO] ------------------------------------------------------------------------

END_RAW_FILE round-2/04-test-compile.log

BEGIN_RAW_FILE round-2/05-comment-regression.log sha256=df444b754c00009152b652c9fc8a5879a24f47efb0796628a82466332200adb4
[INFO] Scanning for projects...
[INFO] 
[INFO] -----------------< com.m3.tooling:atom-spectrum-proof >-----------------
[INFO] Building Focused A3 atom and pattern spectrum proof 0.1.0-SNAPSHOT
[INFO]   from pom.xml
[INFO] --------------------------------[ jar ]---------------------------------
[INFO] 
[INFO] --- surefire:3.2.5:test (default-cli) @ atom-spectrum-proof ---
[INFO] Using auto detected provider org.apache.maven.surefire.junitplatform.JUnitPlatformProvider
[INFO] 
[INFO] -------------------------------------------------------
[INFO]  T E S T S
[INFO] -------------------------------------------------------
[INFO] Running com.m3.rewrite.atom.M3IntSpectrumTest
SLF4J: Failed to load class "org.slf4j.impl.StaticLoggerBinder".
SLF4J: Defaulting to no-operation (NOP) logger implementation
SLF4J: See http://www.slf4j.org/codes.html#StaticLoggerBinder for further details.
[ERROR] Tests run: 1, Failures: 1, Errors: 0, Skipped: 0, Time elapsed: 2.122 s <<< FAILURE! -- in com.m3.rewrite.atom.M3IntSpectrumTest
[ERROR] com.m3.rewrite.atom.M3IntSpectrumTest.atomizationRetainsInlineSemanticMemory -- Time elapsed: 2.081 s <<< FAILURE!
org.opentest4j.AssertionFailedError: ENTRY_CONTRACT ==> expected: <1> but was: <0>
	at org.junit.jupiter.api.AssertionFailureBuilder.build(AssertionFailureBuilder.java:151)
	at org.junit.jupiter.api.AssertionFailureBuilder.buildAndThrow(AssertionFailureBuilder.java:132)
	at org.junit.jupiter.api.AssertEquals.failNotEqual(AssertEquals.java:197)
	at org.junit.jupiter.api.AssertEquals.assertEquals(AssertEquals.java:150)
	at org.junit.jupiter.api.Assertions.assertEquals(Assertions.java:563)
	at com.m3.rewrite.atom.M3IntSpectrumTest.atomizationRetainsInlineSemanticMemory(M3IntSpectrumTest.java:129)
	at java.base/java.lang.reflect.Method.invoke(Method.java:580)
	at java.base/java.util.ArrayList.forEach(ArrayList.java:1596)
	at java.base/java.util.ArrayList.forEach(ArrayList.java:1596)

[INFO] 
[INFO] Results:
[INFO] 
[ERROR] Failures: 
[ERROR]   M3IntSpectrumTest.atomizationRetainsInlineSemanticMemory:129 ENTRY_CONTRACT ==> expected: <1> but was: <0>
[INFO] 
[ERROR] Tests run: 1, Failures: 1, Errors: 0, Skipped: 0
[INFO] 
[INFO] ------------------------------------------------------------------------
[INFO] BUILD FAILURE
[INFO] ------------------------------------------------------------------------
[INFO] Total time:  3.811 s
[INFO] Finished at: 2026-10-05T08:48:50+02:00
[INFO] ------------------------------------------------------------------------
[ERROR] Failed to execute goal org.apache.maven.plugins:maven-surefire-plugin:3.2.5:test (default-cli) on project atom-spectrum-proof: There are test failures.
[ERROR] 
[ERROR] Please refer to /workspace/scratch/87c30a06d3c7/m3jdk-spectrum/repo/m3/tooling/migration-recipes/tasks/atom-spectrum-20261005/target/surefire-reports for the individual test results.
[ERROR] Please refer to dump files (if any exist) [date].dump, [date]-jvmRun[N].dump and [date].dumpstream.
[ERROR] -> [Help 1]
[ERROR] 
[ERROR] To see the full stack trace of the errors, re-run Maven with the -e switch.
[ERROR] Re-run Maven using the -X switch to enable full debug logging.
[ERROR] 
[ERROR] For more information about the errors and possible solutions, please read the following articles:
[ERROR] [Help 1] http://cwiki.apache.org/confluence/display/MAVEN/MojoFailureException

END_RAW_FILE round-2/05-comment-regression.log

BEGIN_RAW_FILE round-2/SOURCE_SHA256.tsv sha256=354149e86593d8efea747e8b16e7481f30394bb2b0aa53d305b04bae1497db08
path	sha256
m3/tooling/migration-recipes/src/main/java/com/m3/rewrite/atom/M3AtomizePureIntReturnRecipe.java	8384244946df1f840406aaf71438b4f0dba311dfd7eba7b421a064d63c31bf3b
m3/tooling/migration-recipes/src/main/java/com/m3/rewrite/atom/M3DocumentPureIntAtomRecipe.java	496624f1f8612f3c39ea20c6f77fa0dc0594fa13c378b2f2a3a06143c739df1c
m3/tooling/migration-recipes/src/main/java/com/m3/rewrite/atom/M3FileAtomCandidateTable.java	2765872917a05ca2e71f977484a872bbac626cdf55ca24c71c8c9bc6dff10f24
m3/tooling/migration-recipes/src/main/java/com/m3/rewrite/atom/M3InventoryPureIntAtomCandidates.java	3ca3fb634bd742821a317c47dde7ecb5f5176a1df8e3c2e8248a7873821a832b
m3/tooling/migration-recipes/src/main/java/com/m3/rewrite/atom/M3PatternizePureIntAtomRecipe.java	2d100ed5d5810232b90b46f55f99c907f54a195b679b58f295dd065c8f03db69
m3/tooling/migration-recipes/src/main/java/com/m3/rewrite/atom/M3PureIntAtomEligibility.java	ea31026be2f699923e4dfcc6fa906cee77eb5a46bdb9a32948948bfdfe19cebb
m3/tooling/migration-recipes/src/main/java/com/m3/rewrite/atom/M3PureIntConvergenceRecipe.java	ba078715aa83969fc6c04fcd0d9d226ff0d0ad7f46f38ebede6f5b312504e534
m3/tooling/migration-recipes/src/test/java/com/m3/rewrite/atom/M3AtomizePureIntReturnRecipeTest.java	bd015deb2c5b0c7ccbd8471757513973e94eda4e506995d12da90b8e67cde9eb
m3/tooling/migration-recipes/src/test/java/com/m3/rewrite/atom/M3IntRecipeProjectTest.java	004de5f30e2a3c54d439b36493e8733dc73fdae8a288ba18238423ded5afcbed
m3/tooling/migration-recipes/src/test/java/com/m3/rewrite/atom/M3IntSpectrumTest.java	34bd328d5c80e6a590c1726d91ef5327a20fa9a317cced4b2021ff5ba2da57a6
m3/tooling/migration-recipes/src/test/java/com/m3/rewrite/atom/M3InventoryPureIntAtomCandidatesTest.java	ef29c46f009d7a9d980854226366a9066e5c29fe041e01497c2c40cbfffb397d
m3/tooling/migration-recipes/src/test/java/com/m3/rewrite/atom/M3PureIntConvergenceRecipeTest.java	152189b0eeeed97460ea798f042fc9f9df7609c9477dcf7bdb593b06c48486c6
m3/tooling/migration-recipes/src/test/java/com/m3/rewrite/atom/M3RepositoryCorpusTest.java	f325dbb713ec707326d3bfb3ae8b7e3d1524c9494698d69710a71e7429020612
m3/tooling/migration-recipes/src/test/java/com/m3/rewrite/atom/MemJava.java	c2a204144a4ff7fe2f4abfa151a744e7114961b83b7f006e019e595f4569e238
m3/tooling/migration-recipes/src/test/java/com/m3/rewrite/atom/SpectrumCases.java	52c83c1c18eaee870e6b6703f7476e7fde442f311bfeb6b33e92638546419f61

END_RAW_FILE round-2/SOURCE_SHA256.tsv

BEGIN_RAW_FILE bootstrap/01-static.log sha256=8ec183e561f43df0befef7bebcb80963d3060dfe2a348137ccd7711a43c6964a
STATIC_PIN_CHECK_PASS 16 Java files; 100 real corpus files; 4004365 bytes
XML_PARSE_PASS; source syntax still requires Checkstyle and javac

END_RAW_FILE bootstrap/01-static.log

BEGIN_RAW_FILE bootstrap/02-lint.log sha256=2ee89ca49ecae1bb5b3de5ffcc8a964e605f1b1c6fbe072073a1ea4feaa4e230
Starting audit...
Audit done.

END_RAW_FILE bootstrap/02-lint.log

BEGIN_RAW_FILE bootstrap/03-compile.log sha256=0090fb273237a1841c0d912a5c188d41eb919a8c3bb23f20deff238217cca4e1
[INFO] Scanning for projects...
[INFO] 
[INFO] -----------------< com.m3.tooling:atom-spectrum-proof >-----------------
[INFO] Building Focused A3 atom and pattern spectrum proof 0.1.0-SNAPSHOT
[INFO]   from pom.xml
[INFO] --------------------------------[ jar ]---------------------------------
[INFO] 
[INFO] --- resources:3.3.1:resources (default-resources) @ atom-spectrum-proof ---
[INFO] Copying 3 resources from ../../src/main/resources to target/classes
[INFO] 
[INFO] --- compiler:3.13.0:compile (default-compile) @ atom-spectrum-proof ---
[INFO] Recompiling the module because of changed source code.
[INFO] Compiling 8 source files with javac [debug release 21] to target/classes
[INFO] ------------------------------------------------------------------------
[INFO] BUILD SUCCESS
[INFO] ------------------------------------------------------------------------
[INFO] Total time:  3.789 s
[INFO] Finished at: 2026-10-05T08:53:16+02:00
[INFO] ------------------------------------------------------------------------

END_RAW_FILE bootstrap/03-compile.log

BEGIN_RAW_FILE bootstrap/04-test-compile.log sha256=daf3e2ef877b4884ab35dd00870356831a22b5836d1f20402ac1eb1ad9379232
[INFO] Scanning for projects...
[INFO] 
[INFO] -----------------< com.m3.tooling:atom-spectrum-proof >-----------------
[INFO] Building Focused A3 atom and pattern spectrum proof 0.1.0-SNAPSHOT
[INFO]   from pom.xml
[INFO] --------------------------------[ jar ]---------------------------------
[INFO] 
[INFO] --- resources:3.3.1:resources (default-resources) @ atom-spectrum-proof ---
[INFO] Copying 3 resources from ../../src/main/resources to target/classes
[INFO] 
[INFO] --- compiler:3.13.0:compile (default-compile) @ atom-spectrum-proof ---
[INFO] Nothing to compile - all classes are up to date.
[INFO] 
[INFO] --- resources:3.3.1:testResources (default-testResources) @ atom-spectrum-proof ---
[INFO] Copying 1 resource from ../../src/test/resources to target/test-classes
[INFO] 
[INFO] --- compiler:3.13.0:testCompile (default-testCompile) @ atom-spectrum-proof ---
[INFO] Recompiling the module because of changed source code.
[INFO] Compiling 9 source files with javac [debug release 21] to target/test-classes
[INFO] ------------------------------------------------------------------------
[INFO] BUILD SUCCESS
[INFO] ------------------------------------------------------------------------
[INFO] Total time:  4.816 s
[INFO] Finished at: 2026-10-05T08:53:23+02:00
[INFO] ------------------------------------------------------------------------

END_RAW_FILE bootstrap/04-test-compile.log

BEGIN_RAW_FILE bootstrap/05-meta-recipe.log sha256=27fd5925d0b56f7996ccb313ce13bc803c7fb287e4e2438fee9f000688dec272
[INFO] Scanning for projects...
[INFO] 
[INFO] -----------------< com.m3.tooling:atom-spectrum-proof >-----------------
[INFO] Building Focused A3 atom and pattern spectrum proof 0.1.0-SNAPSHOT
[INFO]   from pom.xml
[INFO] --------------------------------[ jar ]---------------------------------
[INFO] 
[INFO] --- surefire:3.2.5:test (default-cli) @ atom-spectrum-proof ---
[INFO] Using auto detected provider org.apache.maven.surefire.junitplatform.JUnitPlatformProvider
[INFO] 
[INFO] -------------------------------------------------------
[INFO]  T E S T S
[INFO] -------------------------------------------------------
[INFO] Running com.m3.rewrite.atom.M3AtomCommentRecipeTest
SLF4J: Failed to load class "org.slf4j.impl.StaticLoggerBinder".
SLF4J: Defaulting to no-operation (NOP) logger implementation
SLF4J: See http://www.slf4j.org/codes.html#StaticLoggerBinder for further details.
[ERROR] Tests run: 2, Failures: 0, Errors: 1, Skipped: 0, Time elapsed: 3.922 s <<< FAILURE! -- in com.m3.rewrite.atom.M3AtomCommentRecipeTest
[ERROR] com.m3.rewrite.atom.M3AtomCommentRecipeTest.sourceDriftCannotBeMaterialized -- Time elapsed: 1.838 s <<< ERROR!
java.lang.IllegalStateException: source drift: src/main/java/com/m3/rewrite/atom/M3AtomizePureIntReturnRecipe.java
	at com.synexia.rewrite.M3HashPinnedJavaSnapshotRecipe.requireAdmissible(M3HashPinnedJavaSnapshotRecipe.java:192)
	at com.synexia.rewrite.M3HashPinnedJavaSnapshotRecipe.prepare(M3HashPinnedJavaSnapshotRecipe.java:172)
	at com.synexia.rewrite.M3HashPinnedJavaSnapshotRecipe.generate(M3HashPinnedJavaSnapshotRecipe.java:119)
	at com.synexia.rewrite.M3HashPinnedJavaSnapshotRecipe.generate(M3HashPinnedJavaSnapshotRecipe.java:40)
	at org.openrewrite.ScanningRecipe.generate(ScanningRecipe.java:63)
	at org.openrewrite.scheduling.RecipeRunCycle.lambda$generateSources$4(RecipeRunCycle.java:113)
	at org.openrewrite.scheduling.RecipeStack.reduce(RecipeStack.java:57)
	at org.openrewrite.scheduling.RecipeRunCycle.generateSources(RecipeRunCycle.java:108)
	at org.openrewrite.RecipeScheduler.runRecipeCycles(RecipeScheduler.java:85)
	at org.openrewrite.RecipeScheduler.scheduleRun(RecipeScheduler.java:41)
	at org.openrewrite.Recipe.run(Recipe.java:344)
	at org.openrewrite.Recipe.run(Recipe.java:340)
	at com.m3.rewrite.atom.M3AtomCommentRecipeTest.sourceDriftCannotBeMaterialized(M3AtomCommentRecipeTest.java:59)
	at java.base/java.lang.reflect.Method.invoke(Method.java:580)
	at java.base/java.util.ArrayList.forEach(ArrayList.java:1596)
	at java.base/java.util.ArrayList.forEach(ArrayList.java:1596)

[INFO] 
[INFO] Results:
[INFO] 
[ERROR] Errors: 
[ERROR]   M3AtomCommentRecipeTest.sourceDriftCannotBeMaterialized:59 » IllegalState source drift: src/main/java/com/m3/rewrite/atom/M3AtomizePureIntReturnRecipe.java
[INFO] 
[ERROR] Tests run: 2, Failures: 0, Errors: 1, Skipped: 0
[INFO] 
[INFO] ------------------------------------------------------------------------
[INFO] BUILD FAILURE
[INFO] ------------------------------------------------------------------------
[INFO] Total time:  6.329 s
[INFO] Finished at: 2026-10-05T08:53:32+02:00
[INFO] ------------------------------------------------------------------------
[ERROR] Failed to execute goal org.apache.maven.plugins:maven-surefire-plugin:3.2.5:test (default-cli) on project atom-spectrum-proof: 
[ERROR] 
[ERROR] Please refer to /workspace/scratch/87c30a06d3c7/m3jdk-spectrum/repo/m3/tooling/migration-recipes/tasks/atom-spectrum-20261005/target/surefire-reports for the individual test results.
[ERROR] Please refer to dump files (if any exist) [date].dump, [date]-jvmRun[N].dump and [date].dumpstream.
[ERROR] -> [Help 1]
[ERROR] 
[ERROR] To see the full stack trace of the errors, re-run Maven with the -e switch.
[ERROR] Re-run Maven using the -X switch to enable full debug logging.
[ERROR] 
[ERROR] For more information about the errors and possible solutions, please read the following articles:
[ERROR] [Help 1] http://cwiki.apache.org/confluence/display/MAVEN/MojoFailureException

END_RAW_FILE bootstrap/05-meta-recipe.log

BEGIN_RAW_FILE bootstrap/SOURCE_SHA256.tsv sha256=8e79fcfacdac8aa3396ecc723bc17c00bf3651d213e4d6220fdf0e6cea3a943e
path	sha256
m3/tooling/migration-recipes/src/main/java/com/m3/rewrite/atom/M3AtomizePureIntReturnRecipe.java	8384244946df1f840406aaf71438b4f0dba311dfd7eba7b421a064d63c31bf3b
m3/tooling/migration-recipes/src/main/java/com/m3/rewrite/atom/M3DocumentPureIntAtomRecipe.java	496624f1f8612f3c39ea20c6f77fa0dc0594fa13c378b2f2a3a06143c739df1c
m3/tooling/migration-recipes/src/main/java/com/m3/rewrite/atom/M3FileAtomCandidateTable.java	2765872917a05ca2e71f977484a872bbac626cdf55ca24c71c8c9bc6dff10f24
m3/tooling/migration-recipes/src/main/java/com/m3/rewrite/atom/M3InventoryPureIntAtomCandidates.java	3ca3fb634bd742821a317c47dde7ecb5f5176a1df8e3c2e8248a7873821a832b
m3/tooling/migration-recipes/src/main/java/com/m3/rewrite/atom/M3PatternizePureIntAtomRecipe.java	2d100ed5d5810232b90b46f55f99c907f54a195b679b58f295dd065c8f03db69
m3/tooling/migration-recipes/src/main/java/com/m3/rewrite/atom/M3PureIntAtomEligibility.java	ea31026be2f699923e4dfcc6fa906cee77eb5a46bdb9a32948948bfdfe19cebb
m3/tooling/migration-recipes/src/main/java/com/m3/rewrite/atom/M3PureIntConvergenceRecipe.java	ba078715aa83969fc6c04fcd0d9d226ff0d0ad7f46f38ebede6f5b312504e534
m3/tooling/migration-recipes/src/test/java/com/m3/rewrite/atom/M3AtomCommentRecipeTest.java	2c070cd808c61de301bc07c2e14eae21f5eb744232545414eb15c8e33ab65075
m3/tooling/migration-recipes/src/test/java/com/m3/rewrite/atom/M3AtomizePureIntReturnRecipeTest.java	bd015deb2c5b0c7ccbd8471757513973e94eda4e506995d12da90b8e67cde9eb
m3/tooling/migration-recipes/src/test/java/com/m3/rewrite/atom/M3IntRecipeProjectTest.java	004de5f30e2a3c54d439b36493e8733dc73fdae8a288ba18238423ded5afcbed
m3/tooling/migration-recipes/src/test/java/com/m3/rewrite/atom/M3IntSpectrumTest.java	34bd328d5c80e6a590c1726d91ef5327a20fa9a317cced4b2021ff5ba2da57a6
m3/tooling/migration-recipes/src/test/java/com/m3/rewrite/atom/M3InventoryPureIntAtomCandidatesTest.java	ef29c46f009d7a9d980854226366a9066e5c29fe041e01497c2c40cbfffb397d
m3/tooling/migration-recipes/src/test/java/com/m3/rewrite/atom/M3PureIntConvergenceRecipeTest.java	152189b0eeeed97460ea798f042fc9f9df7609c9477dcf7bdb593b06c48486c6
m3/tooling/migration-recipes/src/test/java/com/m3/rewrite/atom/M3RepositoryCorpusTest.java	f325dbb713ec707326d3bfb3ae8b7e3d1524c9494698d69710a71e7429020612
m3/tooling/migration-recipes/src/test/java/com/m3/rewrite/atom/MemJava.java	c2a204144a4ff7fe2f4abfa151a744e7114961b83b7f006e019e595f4569e238
m3/tooling/migration-recipes/src/test/java/com/m3/rewrite/atom/SpectrumCases.java	52c83c1c18eaee870e6b6703f7476e7fde442f311bfeb6b33e92638546419f61

END_RAW_FILE bootstrap/SOURCE_SHA256.tsv

BEGIN_RAW_FILE bootstrap-2/01-static.log sha256=8ec183e561f43df0befef7bebcb80963d3060dfe2a348137ccd7711a43c6964a
STATIC_PIN_CHECK_PASS 16 Java files; 100 real corpus files; 4004365 bytes
XML_PARSE_PASS; source syntax still requires Checkstyle and javac

END_RAW_FILE bootstrap-2/01-static.log

BEGIN_RAW_FILE bootstrap-2/02-lint.log sha256=2ee89ca49ecae1bb5b3de5ffcc8a964e605f1b1c6fbe072073a1ea4feaa4e230
Starting audit...
Audit done.

END_RAW_FILE bootstrap-2/02-lint.log

BEGIN_RAW_FILE bootstrap-2/03-compile.log sha256=1590123b10b2433c659d375c989ffc5507efa29fa8ca14f96c24b59dda43edb1
[INFO] Scanning for projects...
[INFO] 
[INFO] -----------------< com.m3.tooling:atom-spectrum-proof >-----------------
[INFO] Building Focused A3 atom and pattern spectrum proof 0.1.0-SNAPSHOT
[INFO]   from pom.xml
[INFO] --------------------------------[ jar ]---------------------------------
[INFO] 
[INFO] --- resources:3.3.1:resources (default-resources) @ atom-spectrum-proof ---
[INFO] Copying 3 resources from ../../src/main/resources to target/classes
[INFO] 
[INFO] --- compiler:3.13.0:compile (default-compile) @ atom-spectrum-proof ---
[INFO] Nothing to compile - all classes are up to date.
[INFO] ------------------------------------------------------------------------
[INFO] BUILD SUCCESS
[INFO] ------------------------------------------------------------------------
[INFO] Total time:  0.796 s
[INFO] Finished at: 2026-10-05T08:54:34+02:00
[INFO] ------------------------------------------------------------------------

END_RAW_FILE bootstrap-2/03-compile.log

BEGIN_RAW_FILE bootstrap-2/04-test-compile.log sha256=f61e3646185ba663530e0555897340e70290952fe99365c7d71145f397832d97
[INFO] Scanning for projects...
[INFO] 
[INFO] -----------------< com.m3.tooling:atom-spectrum-proof >-----------------
[INFO] Building Focused A3 atom and pattern spectrum proof 0.1.0-SNAPSHOT
[INFO]   from pom.xml
[INFO] --------------------------------[ jar ]---------------------------------
[INFO] 
[INFO] --- resources:3.3.1:resources (default-resources) @ atom-spectrum-proof ---
[INFO] Copying 3 resources from ../../src/main/resources to target/classes
[INFO] 
[INFO] --- compiler:3.13.0:compile (default-compile) @ atom-spectrum-proof ---
[INFO] Nothing to compile - all classes are up to date.
[INFO] 
[INFO] --- resources:3.3.1:testResources (default-testResources) @ atom-spectrum-proof ---
[INFO] Copying 1 resource from ../../src/test/resources to target/test-classes
[INFO] 
[INFO] --- compiler:3.13.0:testCompile (default-testCompile) @ atom-spectrum-proof ---
[INFO] Recompiling the module because of changed source code.
[INFO] Compiling 9 source files with javac [debug release 21] to target/test-classes
[INFO] ------------------------------------------------------------------------
[INFO] BUILD SUCCESS
[INFO] ------------------------------------------------------------------------
[INFO] Total time:  2.773 s
[INFO] Finished at: 2026-10-05T08:54:38+02:00
[INFO] ------------------------------------------------------------------------

END_RAW_FILE bootstrap-2/04-test-compile.log

BEGIN_RAW_FILE bootstrap-2/05-meta-recipe.log sha256=5f1eaeef5eaf438b6e77769feac5e092123b79aa8d573d80d8b60809d47a8e28
[INFO] Scanning for projects...
[INFO] 
[INFO] -----------------< com.m3.tooling:atom-spectrum-proof >-----------------
[INFO] Building Focused A3 atom and pattern spectrum proof 0.1.0-SNAPSHOT
[INFO]   from pom.xml
[INFO] --------------------------------[ jar ]---------------------------------
[INFO] 
[INFO] --- surefire:3.2.5:test (default-cli) @ atom-spectrum-proof ---
[INFO] Using auto detected provider org.apache.maven.surefire.junitplatform.JUnitPlatformProvider
[INFO] 
[INFO] -------------------------------------------------------
[INFO]  T E S T S
[INFO] -------------------------------------------------------
[INFO] Running com.m3.rewrite.atom.M3AtomCommentRecipeTest
SLF4J: Failed to load class "org.slf4j.impl.StaticLoggerBinder".
SLF4J: Defaulting to no-operation (NOP) logger implementation
SLF4J: See http://www.slf4j.org/codes.html#StaticLoggerBinder for further details.
[INFO] Tests run: 2, Failures: 0, Errors: 0, Skipped: 0, Time elapsed: 2.834 s -- in com.m3.rewrite.atom.M3AtomCommentRecipeTest
[INFO] 
[INFO] Results:
[INFO] 
[INFO] Tests run: 2, Failures: 0, Errors: 0, Skipped: 0
[INFO] 
[INFO] ------------------------------------------------------------------------
[INFO] BUILD SUCCESS
[INFO] ------------------------------------------------------------------------
[INFO] Total time:  4.379 s
[INFO] Finished at: 2026-10-05T08:54:44+02:00
[INFO] ------------------------------------------------------------------------

END_RAW_FILE bootstrap-2/05-meta-recipe.log

BEGIN_RAW_FILE bootstrap-2/06-materialization.diff sha256=fa6359471bf347b02af3ea66ebb27e21ef6b0980a161a0cd3ef2cc7b6537ee0e
--- src/main/java/com/m3/rewrite/atom/M3AtomizePureIntReturnRecipe.java
+++ src/main/java/com/m3/rewrite/atom/M3AtomizePureIntReturnRecipe.java
@@ -1,14 +1,18 @@
 // SPDX-License-Identifier: Apache-2.0
 package com.m3.rewrite.atom;
 
+import java.util.ArrayList;
+import java.util.List;
 import java.util.Set;
 import org.openrewrite.ExecutionContext;
 import org.openrewrite.Recipe;
 import org.openrewrite.TreeVisitor;
 import org.openrewrite.java.JavaIsoVisitor;
 import org.openrewrite.java.JavaTemplate;
+import org.openrewrite.java.tree.Comment;
 import org.openrewrite.java.tree.Expression;
 import org.openrewrite.java.tree.J;
+import org.openrewrite.java.tree.Statement;
 
 /**
  * File-local M3 atomization for a deliberately tiny proven semantic domain.
@@ -64,10 +68,24 @@
                 }
 
                 Expression expression = M3PureIntAtomEligibility.returnedExpression(candidate);
-                return atomize.apply(
+                J.Block originalBody = candidate.getBody();
+                J.Return originalReturn = (J.Return) originalBody.getStatements().getFirst();
+                J.MethodDeclaration atomized = atomize.apply(
                         updateCursor(candidate),
                         candidate.getCoordinates().replaceBody(),
                         expression);
+                J.Block body = atomized.getBody();
+                J.VariableDeclarations atom =
+                        (J.VariableDeclarations) body.getStatements().getFirst();
+                // Semantic memory belongs to the original leaf, including expression comments.
+                atom = atom.withVariables(List.of(
+                        atom.getVariables().getFirst().withInitializer(expression)));
+                List<Comment> comments = new ArrayList<>(originalReturn.getComments());
+                comments.addAll(atom.getComments());
+                List<Statement> statements = new ArrayList<>(body.getStatements());
+                statements.set(0, atom.withComments(comments));
+                return atomized.withBody(body.withStatements(statements)
+                        .withPrefix(originalBody.getPrefix()).withEnd(originalBody.getEnd()));
             }
         };
     }

END_RAW_FILE bootstrap-2/06-materialization.diff

BEGIN_RAW_FILE bootstrap-2/SOURCE_SHA256.tsv sha256=d1292a3df057a5f67d11e34a5db9d5e8cc05a9e2af17809630bd66e9ba779e20
path	sha256
m3/tooling/migration-recipes/src/main/java/com/m3/rewrite/atom/M3AtomizePureIntReturnRecipe.java	8384244946df1f840406aaf71438b4f0dba311dfd7eba7b421a064d63c31bf3b
m3/tooling/migration-recipes/src/main/java/com/m3/rewrite/atom/M3DocumentPureIntAtomRecipe.java	496624f1f8612f3c39ea20c6f77fa0dc0594fa13c378b2f2a3a06143c739df1c
m3/tooling/migration-recipes/src/main/java/com/m3/rewrite/atom/M3FileAtomCandidateTable.java	2765872917a05ca2e71f977484a872bbac626cdf55ca24c71c8c9bc6dff10f24
m3/tooling/migration-recipes/src/main/java/com/m3/rewrite/atom/M3InventoryPureIntAtomCandidates.java	3ca3fb634bd742821a317c47dde7ecb5f5176a1df8e3c2e8248a7873821a832b
m3/tooling/migration-recipes/src/main/java/com/m3/rewrite/atom/M3PatternizePureIntAtomRecipe.java	2d100ed5d5810232b90b46f55f99c907f54a195b679b58f295dd065c8f03db69
m3/tooling/migration-recipes/src/main/java/com/m3/rewrite/atom/M3PureIntAtomEligibility.java	ea31026be2f699923e4dfcc6fa906cee77eb5a46bdb9a32948948bfdfe19cebb
m3/tooling/migration-recipes/src/main/java/com/m3/rewrite/atom/M3PureIntConvergenceRecipe.java	ba078715aa83969fc6c04fcd0d9d226ff0d0ad7f46f38ebede6f5b312504e534
m3/tooling/migration-recipes/src/test/java/com/m3/rewrite/atom/M3AtomCommentRecipeTest.java	1d38ff27dd160b32368753af09708cc5b083a3b7d3e81a503aada032f70301cf
m3/tooling/migration-recipes/src/test/java/com/m3/rewrite/atom/M3AtomizePureIntReturnRecipeTest.java	bd015deb2c5b0c7ccbd8471757513973e94eda4e506995d12da90b8e67cde9eb
m3/tooling/migration-recipes/src/test/java/com/m3/rewrite/atom/M3IntRecipeProjectTest.java	004de5f30e2a3c54d439b36493e8733dc73fdae8a288ba18238423ded5afcbed
m3/tooling/migration-recipes/src/test/java/com/m3/rewrite/atom/M3IntSpectrumTest.java	34bd328d5c80e6a590c1726d91ef5327a20fa9a317cced4b2021ff5ba2da57a6
m3/tooling/migration-recipes/src/test/java/com/m3/rewrite/atom/M3InventoryPureIntAtomCandidatesTest.java	ef29c46f009d7a9d980854226366a9066e5c29fe041e01497c2c40cbfffb397d
m3/tooling/migration-recipes/src/test/java/com/m3/rewrite/atom/M3PureIntConvergenceRecipeTest.java	152189b0eeeed97460ea798f042fc9f9df7609c9477dcf7bdb593b06c48486c6
m3/tooling/migration-recipes/src/test/java/com/m3/rewrite/atom/M3RepositoryCorpusTest.java	f325dbb713ec707326d3bfb3ae8b7e3d1524c9494698d69710a71e7429020612
m3/tooling/migration-recipes/src/test/java/com/m3/rewrite/atom/MemJava.java	c2a204144a4ff7fe2f4abfa151a744e7114961b83b7f006e019e595f4569e238
m3/tooling/migration-recipes/src/test/java/com/m3/rewrite/atom/SpectrumCases.java	52c83c1c18eaee870e6b6703f7476e7fde442f311bfeb6b33e92638546419f61

END_RAW_FILE bootstrap-2/SOURCE_SHA256.tsv

BEGIN_RAW_FILE target-1/01-static.log sha256=8ec183e561f43df0befef7bebcb80963d3060dfe2a348137ccd7711a43c6964a
STATIC_PIN_CHECK_PASS 16 Java files; 100 real corpus files; 4004365 bytes
XML_PARSE_PASS; source syntax still requires Checkstyle and javac

END_RAW_FILE target-1/01-static.log

BEGIN_RAW_FILE target-1/02-lint.log sha256=2ee89ca49ecae1bb5b3de5ffcc8a964e605f1b1c6fbe072073a1ea4feaa4e230
Starting audit...
Audit done.

END_RAW_FILE target-1/02-lint.log

BEGIN_RAW_FILE target-1/03-compile.log sha256=55c94861fac9b78fe7f6cb3023624758f739582974be802d43bb7f0ca09f2bfa
[INFO] Scanning for projects...
[INFO] 
[INFO] -----------------< com.m3.tooling:atom-spectrum-proof >-----------------
[INFO] Building Focused A3 atom and pattern spectrum proof 0.1.0-SNAPSHOT
[INFO]   from pom.xml
[INFO] --------------------------------[ jar ]---------------------------------
[INFO] 
[INFO] --- resources:3.3.1:resources (default-resources) @ atom-spectrum-proof ---
[INFO] Copying 3 resources from ../../src/main/resources to target/classes
[INFO] 
[INFO] --- compiler:3.13.0:compile (default-compile) @ atom-spectrum-proof ---
[INFO] Recompiling the module because of changed source code.
[INFO] Compiling 8 source files with javac [debug release 21] to target/classes
[INFO] ------------------------------------------------------------------------
[INFO] BUILD SUCCESS
[INFO] ------------------------------------------------------------------------
[INFO] Total time:  1.561 s
[INFO] Finished at: 2026-10-05T08:56:37+02:00
[INFO] ------------------------------------------------------------------------

END_RAW_FILE target-1/03-compile.log

BEGIN_RAW_FILE target-1/04-test-compile.log sha256=5cd2602a5b37b08db53d351f31be3c7044f6fa3d95360f1990b586e4d7a30afe
[INFO] Scanning for projects...
[INFO] 
[INFO] -----------------< com.m3.tooling:atom-spectrum-proof >-----------------
[INFO] Building Focused A3 atom and pattern spectrum proof 0.1.0-SNAPSHOT
[INFO]   from pom.xml
[INFO] --------------------------------[ jar ]---------------------------------
[INFO] 
[INFO] --- resources:3.3.1:resources (default-resources) @ atom-spectrum-proof ---
[INFO] Copying 3 resources from ../../src/main/resources to target/classes
[INFO] 
[INFO] --- compiler:3.13.0:compile (default-compile) @ atom-spectrum-proof ---
[INFO] Nothing to compile - all classes are up to date.
[INFO] 
[INFO] --- resources:3.3.1:testResources (default-testResources) @ atom-spectrum-proof ---
[INFO] Copying 1 resource from ../../src/test/resources to target/test-classes
[INFO] 
[INFO] --- compiler:3.13.0:testCompile (default-testCompile) @ atom-spectrum-proof ---
[INFO] Nothing to compile - all classes are up to date.
[INFO] ------------------------------------------------------------------------
[INFO] BUILD SUCCESS
[INFO] ------------------------------------------------------------------------
[INFO] Total time:  0.617 s
[INFO] Finished at: 2026-10-05T08:56:39+02:00
[INFO] ------------------------------------------------------------------------

END_RAW_FILE target-1/04-test-compile.log

BEGIN_RAW_FILE target-1/05-comment-regression.log sha256=55d9264d486b64eee92bd266926b9232ccb49d24f58c73e718f11c55b6329ac5
[INFO] Scanning for projects...
[INFO] 
[INFO] -----------------< com.m3.tooling:atom-spectrum-proof >-----------------
[INFO] Building Focused A3 atom and pattern spectrum proof 0.1.0-SNAPSHOT
[INFO]   from pom.xml
[INFO] --------------------------------[ jar ]---------------------------------
[INFO] 
[INFO] --- surefire:3.2.5:test (default-cli) @ atom-spectrum-proof ---
[INFO] Using auto detected provider org.apache.maven.surefire.junitplatform.JUnitPlatformProvider
[INFO] 
[INFO] -------------------------------------------------------
[INFO]  T E S T S
[INFO] -------------------------------------------------------
[INFO] Running com.m3.rewrite.atom.M3IntSpectrumTest
SLF4J: Failed to load class "org.slf4j.impl.StaticLoggerBinder".
SLF4J: Defaulting to no-operation (NOP) logger implementation
SLF4J: See http://www.slf4j.org/codes.html#StaticLoggerBinder for further details.
[INFO] Tests run: 1, Failures: 0, Errors: 0, Skipped: 0, Time elapsed: 2.323 s -- in com.m3.rewrite.atom.M3IntSpectrumTest
[INFO] 
[INFO] Results:
[INFO] 
[INFO] Tests run: 1, Failures: 0, Errors: 0, Skipped: 0
[INFO] 
[INFO] ------------------------------------------------------------------------
[INFO] BUILD SUCCESS
[INFO] ------------------------------------------------------------------------
[INFO] Total time:  3.531 s
[INFO] Finished at: 2026-10-05T08:56:44+02:00
[INFO] ------------------------------------------------------------------------

END_RAW_FILE target-1/05-comment-regression.log

BEGIN_RAW_FILE target-1/06-all-tests.log sha256=1b7cc2923ce38228bd7351330da53b50f65e8dd8a4f5cf6c66bd196764af159f
[INFO] Scanning for projects...
[INFO] 
[INFO] -----------------< com.m3.tooling:atom-spectrum-proof >-----------------
[INFO] Building Focused A3 atom and pattern spectrum proof 0.1.0-SNAPSHOT
[INFO]   from pom.xml
[INFO] --------------------------------[ jar ]---------------------------------
[INFO] 
[INFO] --- surefire:3.2.5:test (default-cli) @ atom-spectrum-proof ---
[INFO] Using auto detected provider org.apache.maven.surefire.junitplatform.JUnitPlatformProvider
[INFO] 
[INFO] -------------------------------------------------------
[INFO]  T E S T S
[INFO] -------------------------------------------------------
[INFO] Running com.m3.rewrite.atom.M3InventoryPureIntAtomCandidatesTest
SLF4J: Failed to load class "org.slf4j.impl.StaticLoggerBinder".
SLF4J: Defaulting to no-operation (NOP) logger implementation
SLF4J: See http://www.slf4j.org/codes.html#StaticLoggerBinder for further details.
[INFO] Tests run: 3, Failures: 0, Errors: 0, Skipped: 0, Time elapsed: 1.555 s -- in com.m3.rewrite.atom.M3InventoryPureIntAtomCandidatesTest
[INFO] Running com.m3.rewrite.atom.M3AtomCommentRecipeTest
[INFO] Tests run: 2, Failures: 0, Errors: 0, Skipped: 0, Time elapsed: 1.704 s -- in com.m3.rewrite.atom.M3AtomCommentRecipeTest
[INFO] Running com.m3.rewrite.atom.M3PureIntConvergenceRecipeTest
[INFO] Tests run: 4, Failures: 0, Errors: 0, Skipped: 0, Time elapsed: 2.740 s -- in com.m3.rewrite.atom.M3PureIntConvergenceRecipeTest
[INFO] Running com.m3.rewrite.atom.M3IntRecipeProjectTest
[INFO] Tests run: 6, Failures: 0, Errors: 0, Skipped: 0, Time elapsed: 47.79 s -- in com.m3.rewrite.atom.M3IntRecipeProjectTest
[INFO] Running com.m3.rewrite.atom.M3RepositoryCorpusTest
[INFO] Tests run: 2, Failures: 0, Errors: 0, Skipped: 0, Time elapsed: 13.91 s -- in com.m3.rewrite.atom.M3RepositoryCorpusTest
[INFO] Running com.m3.rewrite.atom.M3IntSpectrumTest
[ERROR] Tests run: 4, Failures: 1, Errors: 0, Skipped: 0, Time elapsed: 213.5 s <<< FAILURE! -- in com.m3.rewrite.atom.M3IntSpectrumTest
[ERROR] com.m3.rewrite.atom.M3IntSpectrumTest.allSixOrdersPreserveEveryIntermediateAndReachOneNormalForm -- Time elapsed: 212.9 s <<< FAILURE!
java.lang.AssertionError: org.openrewrite.internal.RecipeRunException: java.lang.OutOfMemoryError: Java heap space
	at com.m3.rewrite.atom.M3IntSpectrumTest.lambda$apply$4(M3IntSpectrumTest.java:136)
	at org.openrewrite.scheduling.RecipeRunCycle.handleError(RecipeRunCycle.java:243)
	at org.openrewrite.scheduling.RecipeRunCycle.lambda$editSources$6(RecipeRunCycle.java:184)
	at org.openrewrite.scheduling.RecipeStack.reduce(RecipeStack.java:57)
	at org.openrewrite.scheduling.RecipeRunCycle.lambda$editSources$7(RecipeRunCycle.java:134)
	at org.openrewrite.internal.InMemoryLargeSourceSet.lambda$edit$0(InMemoryLargeSourceSet.java:66)
	at org.openrewrite.internal.ListUtils.map(ListUtils.java:176)
	at org.openrewrite.internal.InMemoryLargeSourceSet.edit(InMemoryLargeSourceSet.java:65)
	at org.openrewrite.scheduling.RecipeRunCycle.editSources(RecipeRunCycle.java:133)
	at org.openrewrite.RecipeScheduler.runRecipeCycles(RecipeScheduler.java:86)
	at org.openrewrite.RecipeScheduler.scheduleRun(RecipeScheduler.java:41)
	at org.openrewrite.Recipe.run(Recipe.java:344)
	at org.openrewrite.Recipe.run(Recipe.java:340)
	at com.m3.rewrite.atom.M3IntSpectrumTest.apply(M3IntSpectrumTest.java:149)
	at com.m3.rewrite.atom.M3IntSpectrumTest.allSixOrdersPreserveEveryIntermediateAndReachOneNormalForm(M3IntSpectrumTest.java:54)
	at java.base/java.lang.reflect.Method.invoke(Method.java:580)
	at java.base/java.util.ArrayList.forEach(ArrayList.java:1596)
	at java.base/java.util.ArrayList.forEach(ArrayList.java:1596)
Caused by: org.openrewrite.internal.RecipeRunException: java.lang.OutOfMemoryError: Java heap space
	at org.openrewrite.TreeVisitor.visit(TreeVisitor.java:334)
	at org.openrewrite.TreeVisitor.visit(TreeVisitor.java:184)
	at org.openrewrite.java.JavaTemplate.apply(JavaTemplate.java:64)
	at com.m3.rewrite.atom.M3AtomizePureIntReturnRecipe$1.visitMethodDeclaration(M3AtomizePureIntReturnRecipe.java:73)
	at com.m3.rewrite.atom.M3AtomizePureIntReturnRecipe$1.visitMethodDeclaration(M3AtomizePureIntReturnRecipe.java:54)
	at org.openrewrite.java.tree.J$MethodDeclaration.acceptJava(J.java:3672)
	at org.openrewrite.java.tree.J.accept(J.java:59)
	at org.openrewrite.TreeVisitor.visit(TreeVisitor.java:283)
	at org.openrewrite.TreeVisitor.visitAndCast(TreeVisitor.java:366)
	at org.openrewrite.java.JavaVisitor.visitRightPadded(JavaVisitor.java:1375)
	at org.openrewrite.java.JavaVisitor.lambda$visitBlock$4(JavaVisitor.java:401)
	at org.openrewrite.internal.ListUtils.map(ListUtils.java:176)
	at org.openrewrite.java.JavaVisitor.visitBlock(JavaVisitor.java:400)
	at org.openrewrite.java.JavaIsoVisitor.visitBlock(JavaIsoVisitor.java:88)
	at org.openrewrite.java.JavaIsoVisitor.visitBlock(JavaIsoVisitor.java:30)
	at org.openrewrite.java.tree.J$Block.acceptJava(J.java:838)
	at org.openrewrite.java.tree.J.accept(J.java:59)
	at org.openrewrite.TreeVisitor.visit(TreeVisitor.java:283)
	at org.openrewrite.TreeVisitor.visitAndCast(TreeVisitor.java:366)
	at org.openrewrite.java.JavaVisitor.visitClassDeclaration(JavaVisitor.java:488)
	at org.openrewrite.java.JavaIsoVisitor.visitClassDeclaration(JavaIsoVisitor.java:108)
	at org.openrewrite.java.JavaIsoVisitor.visitClassDeclaration(JavaIsoVisitor.java:30)
	at org.openrewrite.java.tree.J$ClassDeclaration.acceptJava(J.java:1290)
	at org.openrewrite.java.tree.J.accept(J.java:59)
	at org.openrewrite.TreeVisitor.visit(TreeVisitor.java:283)
	at org.openrewrite.TreeVisitor.visitAndCast(TreeVisitor.java:366)
	at org.openrewrite.java.JavaVisitor.lambda$visitCompilationUnit$10(JavaVisitor.java:501)
	at org.openrewrite.internal.ListUtils.map(ListUtils.java:176)
	at org.openrewrite.java.JavaVisitor.visitCompilationUnit(JavaVisitor.java:501)
	at org.openrewrite.java.JavaIsoVisitor.visitCompilationUnit(JavaIsoVisitor.java:113)
	at org.openrewrite.java.JavaIsoVisitor.visitCompilationUnit(JavaIsoVisitor.java:30)
	at org.openrewrite.java.tree.J$CompilationUnit.acceptJava(J.java:1592)
	at org.openrewrite.java.tree.J.accept(J.java:59)
	at org.openrewrite.TreeVisitor.visit(TreeVisitor.java:283)
	at org.openrewrite.TreeVisitor.visit(TreeVisitor.java:184)
	at org.openrewrite.scheduling.RecipeRunCycle.lambda$editSources$5(RecipeRunCycle.java:164)
	at io.micrometer.core.instrument.AbstractTimer.recordCallable(AbstractTimer.java:147)
	at org.openrewrite.table.RecipeRunStats.recordEdit(RecipeRunStats.java:68)
	at org.openrewrite.scheduling.RecipeRunCycle.lambda$editSources$6(RecipeRunCycle.java:161)
	... 15 more
Caused by: java.lang.OutOfMemoryError: Java heap space
	at java.base/java.util.Arrays.copyOf(Arrays.java:3541)
	at java.base/java.io.ByteArrayOutputStream.ensureCapacity(ByteArrayOutputStream.java:100)
	at java.base/java.io.ByteArrayOutputStream.write(ByteArrayOutputStream.java:132)
	at org.openrewrite.internal.EncodingDetectingInputStream.readFully(EncodingDetectingInputStream.java:147)
	at org.openrewrite.tree.ParseError.build(ParseError.java:106)
	at org.openrewrite.java.isolated.ReloadableJava21Parser.lambda$parseInputs$0(ReloadableJava21Parser.java:172)
	at org.openrewrite.java.isolated.ReloadableJava21Parser$$Lambda/0x00007f5a042b3a20.apply(Unknown Source)
	at java.base/java.util.stream.ReferencePipeline$3$1.accept(ReferencePipeline.java:197)
	at java.base/java.util.Spliterators$IteratorSpliterator.tryAdvance(Spliterators.java:1950)
	at java.base/java.util.stream.ReferencePipeline.forEachWithCancel(ReferencePipeline.java:129)
	at java.base/java.util.stream.AbstractPipeline.copyIntoWithCancel(AbstractPipeline.java:527)
	at java.base/java.util.stream.AbstractPipeline.copyInto(AbstractPipeline.java:513)
	at java.base/java.util.stream.AbstractPipeline.wrapAndCopyInto(AbstractPipeline.java:499)
	at java.base/java.util.stream.FindOps$FindOp.evaluateSequential(FindOps.java:150)
	at java.base/java.util.stream.AbstractPipeline.evaluate(AbstractPipeline.java:234)
	at java.base/java.util.stream.ReferencePipeline.findFirst(ReferencePipeline.java:647)
	at org.openrewrite.java.internal.template.JavaTemplateParser.compileTemplate(JavaTemplateParser.java:248)
	at org.openrewrite.java.internal.template.JavaTemplateParser.lambda$parseBlockStatements$9(JavaTemplateParser.java:163)
	at org.openrewrite.java.internal.template.JavaTemplateParser$$Lambda/0x00007f5a0440e368.apply(Unknown Source)
	at org.openrewrite.java.internal.template.JavaTemplateParser.cacheIfContextFree(JavaTemplateParser.java:277)
	at org.openrewrite.java.internal.template.JavaTemplateParser.parseBlockStatements(JavaTemplateParser.java:158)
	at org.openrewrite.java.internal.template.JavaTemplateJavaExtension$1.visitMethodDeclaration(JavaTemplateJavaExtension.java:303)
	at org.openrewrite.java.internal.template.JavaTemplateJavaExtension$1.visitMethodDeclaration(JavaTemplateJavaExtension.java:56)
	at org.openrewrite.java.tree.J$MethodDeclaration.acceptJava(J.java:3672)
	at org.openrewrite.java.tree.J.accept(J.java:59)
	at org.openrewrite.TreeVisitor.visit(TreeVisitor.java:283)
	at org.openrewrite.TreeVisitor.visit(TreeVisitor.java:184)
	at org.openrewrite.java.JavaTemplate.apply(JavaTemplate.java:64)
	at com.m3.rewrite.atom.M3AtomizePureIntReturnRecipe$1.visitMethodDeclaration(M3AtomizePureIntReturnRecipe.java:73)
	at com.m3.rewrite.atom.M3AtomizePureIntReturnRecipe$1.visitMethodDeclaration(M3AtomizePureIntReturnRecipe.java:54)
	at org.openrewrite.java.tree.J$MethodDeclaration.acceptJava(J.java:3672)
	at org.openrewrite.java.tree.J.accept(J.java:59)

[INFO] Running com.m3.rewrite.atom.M3AtomizePureIntReturnRecipeTest
[INFO] Tests run: 4, Failures: 0, Errors: 0, Skipped: 0, Time elapsed: 11.25 s -- in com.m3.rewrite.atom.M3AtomizePureIntReturnRecipeTest
[INFO] 
[INFO] Results:
[INFO] 
[ERROR] Failures: 
[ERROR]   M3IntSpectrumTest.allSixOrdersPreserveEveryIntermediateAndReachOneNormalForm:54->apply:149->lambda$apply$4:136 org.openrewrite.internal.RecipeRunException: java.lang.OutOfMemoryError: Java heap space
[INFO] 
[ERROR] Tests run: 25, Failures: 1, Errors: 0, Skipped: 0
[INFO] 
[INFO] ------------------------------------------------------------------------
[INFO] BUILD FAILURE
[INFO] ------------------------------------------------------------------------
[INFO] Total time:  04:53 min
[INFO] Finished at: 2026-10-05T09:02:10+02:00
[INFO] ------------------------------------------------------------------------
[ERROR] Failed to execute goal org.apache.maven.plugins:maven-surefire-plugin:3.2.5:test (default-cli) on project atom-spectrum-proof: There are test failures.
[ERROR] 
[ERROR] Please refer to /workspace/scratch/87c30a06d3c7/m3jdk-spectrum/repo/m3/tooling/migration-recipes/tasks/atom-spectrum-20261005/target/surefire-reports for the individual test results.
[ERROR] Please refer to dump files (if any exist) [date].dump, [date]-jvmRun[N].dump and [date].dumpstream.
[ERROR] -> [Help 1]
[ERROR] 
[ERROR] To see the full stack trace of the errors, re-run Maven with the -e switch.
[ERROR] Re-run Maven using the -X switch to enable full debug logging.
[ERROR] 
[ERROR] For more information about the errors and possible solutions, please read the following articles:
[ERROR] [Help 1] http://cwiki.apache.org/confluence/display/MAVEN/MojoFailureException

END_RAW_FILE target-1/06-all-tests.log

BEGIN_RAW_FILE target-1/SOURCE_SHA256.tsv sha256=dcce1400309129d19d28a3455b33f11c6626b4042f331a0375af68c3a0b52985
path	sha256
m3/tooling/migration-recipes/src/main/java/com/m3/rewrite/atom/M3AtomizePureIntReturnRecipe.java	cec34964f679c67e38cf946c2b1f7b6fb0dddc1f4ecadd963e7dd998e7ff68ba
m3/tooling/migration-recipes/src/main/java/com/m3/rewrite/atom/M3DocumentPureIntAtomRecipe.java	496624f1f8612f3c39ea20c6f77fa0dc0594fa13c378b2f2a3a06143c739df1c
m3/tooling/migration-recipes/src/main/java/com/m3/rewrite/atom/M3FileAtomCandidateTable.java	2765872917a05ca2e71f977484a872bbac626cdf55ca24c71c8c9bc6dff10f24
m3/tooling/migration-recipes/src/main/java/com/m3/rewrite/atom/M3InventoryPureIntAtomCandidates.java	3ca3fb634bd742821a317c47dde7ecb5f5176a1df8e3c2e8248a7873821a832b
m3/tooling/migration-recipes/src/main/java/com/m3/rewrite/atom/M3PatternizePureIntAtomRecipe.java	2d100ed5d5810232b90b46f55f99c907f54a195b679b58f295dd065c8f03db69
m3/tooling/migration-recipes/src/main/java/com/m3/rewrite/atom/M3PureIntAtomEligibility.java	ea31026be2f699923e4dfcc6fa906cee77eb5a46bdb9a32948948bfdfe19cebb
m3/tooling/migration-recipes/src/main/java/com/m3/rewrite/atom/M3PureIntConvergenceRecipe.java	ba078715aa83969fc6c04fcd0d9d226ff0d0ad7f46f38ebede6f5b312504e534
m3/tooling/migration-recipes/src/test/java/com/m3/rewrite/atom/M3AtomCommentRecipeTest.java	1d38ff27dd160b32368753af09708cc5b083a3b7d3e81a503aada032f70301cf
m3/tooling/migration-recipes/src/test/java/com/m3/rewrite/atom/M3AtomizePureIntReturnRecipeTest.java	bd015deb2c5b0c7ccbd8471757513973e94eda4e506995d12da90b8e67cde9eb
m3/tooling/migration-recipes/src/test/java/com/m3/rewrite/atom/M3IntRecipeProjectTest.java	004de5f30e2a3c54d439b36493e8733dc73fdae8a288ba18238423ded5afcbed
m3/tooling/migration-recipes/src/test/java/com/m3/rewrite/atom/M3IntSpectrumTest.java	34bd328d5c80e6a590c1726d91ef5327a20fa9a317cced4b2021ff5ba2da57a6
m3/tooling/migration-recipes/src/test/java/com/m3/rewrite/atom/M3InventoryPureIntAtomCandidatesTest.java	ef29c46f009d7a9d980854226366a9066e5c29fe041e01497c2c40cbfffb397d
m3/tooling/migration-recipes/src/test/java/com/m3/rewrite/atom/M3PureIntConvergenceRecipeTest.java	152189b0eeeed97460ea798f042fc9f9df7609c9477dcf7bdb593b06c48486c6
m3/tooling/migration-recipes/src/test/java/com/m3/rewrite/atom/M3RepositoryCorpusTest.java	f325dbb713ec707326d3bfb3ae8b7e3d1524c9494698d69710a71e7429020612
m3/tooling/migration-recipes/src/test/java/com/m3/rewrite/atom/MemJava.java	c2a204144a4ff7fe2f4abfa151a744e7114961b83b7f006e019e595f4569e238
m3/tooling/migration-recipes/src/test/java/com/m3/rewrite/atom/SpectrumCases.java	52c83c1c18eaee870e6b6703f7476e7fde442f311bfeb6b33e92638546419f61

END_RAW_FILE target-1/SOURCE_SHA256.tsv

BEGIN_RAW_FILE marker-baseline/01-static.log sha256=787106cbee8ed24d436131b32428e6cdf001e227ef6f5c4a940aa2470ea09687
STATIC_PIN_CHECK_PASS 17 Java files; 100 real corpus files; 4004365 bytes
XML_PARSE_PASS; source syntax still requires Checkstyle and javac

END_RAW_FILE marker-baseline/01-static.log

BEGIN_RAW_FILE marker-baseline/02-lint.log sha256=2ee89ca49ecae1bb5b3de5ffcc8a964e605f1b1c6fbe072073a1ea4feaa4e230
Starting audit...
Audit done.

END_RAW_FILE marker-baseline/02-lint.log

BEGIN_RAW_FILE marker-baseline/03-compile.log sha256=abb6347a7e80a1a0891d57e874b2df10a20a473683ce990b14bbad6e1b105b50
[INFO] Scanning for projects...
[INFO] 
[INFO] -----------------< com.m3.tooling:atom-spectrum-proof >-----------------
[INFO] Building Focused A3 atom and pattern spectrum proof 0.1.0-SNAPSHOT
[INFO]   from pom.xml
[INFO] --------------------------------[ jar ]---------------------------------
[INFO] 
[INFO] --- resources:3.3.1:resources (default-resources) @ atom-spectrum-proof ---
[INFO] Copying 3 resources from ../../src/main/resources to target/classes
[INFO] 
[INFO] --- compiler:3.13.0:compile (default-compile) @ atom-spectrum-proof ---
[INFO] Nothing to compile - all classes are up to date.
[INFO] ------------------------------------------------------------------------
[INFO] BUILD SUCCESS
[INFO] ------------------------------------------------------------------------
[INFO] Total time:  0.651 s
[INFO] Finished at: 2026-10-05T09:04:22+02:00
[INFO] ------------------------------------------------------------------------

END_RAW_FILE marker-baseline/03-compile.log

BEGIN_RAW_FILE marker-baseline/04-test-compile.log sha256=311869ccd3aa3cfc7a6b03c4e370c2cb2f73463efb0e20e985c96d89e918aee5
[INFO] Scanning for projects...
[INFO] 
[INFO] -----------------< com.m3.tooling:atom-spectrum-proof >-----------------
[INFO] Building Focused A3 atom and pattern spectrum proof 0.1.0-SNAPSHOT
[INFO]   from pom.xml
[INFO] --------------------------------[ jar ]---------------------------------
[INFO] 
[INFO] --- resources:3.3.1:resources (default-resources) @ atom-spectrum-proof ---
[INFO] Copying 3 resources from ../../src/main/resources to target/classes
[INFO] 
[INFO] --- compiler:3.13.0:compile (default-compile) @ atom-spectrum-proof ---
[INFO] Nothing to compile - all classes are up to date.
[INFO] 
[INFO] --- resources:3.3.1:testResources (default-testResources) @ atom-spectrum-proof ---
[INFO] Copying 1 resource from ../../src/test/resources to target/test-classes
[INFO] 
[INFO] --- compiler:3.13.0:testCompile (default-testCompile) @ atom-spectrum-proof ---
[INFO] Recompiling the module because of changed source code.
[INFO] Compiling 10 source files with javac [debug release 21] to target/test-classes
[INFO] ------------------------------------------------------------------------
[INFO] BUILD SUCCESS
[INFO] ------------------------------------------------------------------------
[INFO] Total time:  1.898 s
[INFO] Finished at: 2026-10-05T09:04:25+02:00
[INFO] ------------------------------------------------------------------------

END_RAW_FILE marker-baseline/04-test-compile.log

BEGIN_RAW_FILE marker-baseline/05-marker-regression.log sha256=d4e1b9d82dbf5cfbcb5415ffb75cb7711ce62fb63e48fe87a55f702aa830d4f8
[INFO] Scanning for projects...
[INFO] 
[INFO] -----------------< com.m3.tooling:atom-spectrum-proof >-----------------
[INFO] Building Focused A3 atom and pattern spectrum proof 0.1.0-SNAPSHOT
[INFO]   from pom.xml
[INFO] --------------------------------[ jar ]---------------------------------
[INFO] 
[INFO] --- surefire:3.2.5:test (default-cli) @ atom-spectrum-proof ---
[INFO] Using auto detected provider org.apache.maven.surefire.junitplatform.JUnitPlatformProvider
[INFO] 
[INFO] -------------------------------------------------------
[INFO]  T E S T S
[INFO] -------------------------------------------------------
[INFO] Running com.m3.rewrite.atom.M3PatternMarkerTest
SLF4J: Failed to load class "org.slf4j.impl.StaticLoggerBinder".
SLF4J: Defaulting to no-operation (NOP) logger implementation
SLF4J: See http://www.slf4j.org/codes.html#StaticLoggerBinder for further details.
[ERROR] Tests run: 2, Failures: 1, Errors: 0, Skipped: 0, Time elapsed: 1.793 s <<< FAILURE! -- in com.m3.rewrite.atom.M3PatternMarkerTest
[ERROR] com.m3.rewrite.atom.M3PatternMarkerTest.longerOrPrefixedRoleLookalikesCannotSuppressTheCanonicalMarker -- Time elapsed: 0.886 s <<< FAILURE!
org.opentest4j.AssertionFailedError: M3-IOP: PURE_INT_EXPRESSION_NOT_ADMITTED ==> expected: <true> but was: <false>
	at org.junit.jupiter.api.AssertionFailureBuilder.build(AssertionFailureBuilder.java:151)
	at org.junit.jupiter.api.AssertionFailureBuilder.buildAndThrow(AssertionFailureBuilder.java:132)
	at org.junit.jupiter.api.AssertTrue.failNotTrue(AssertTrue.java:63)
	at org.junit.jupiter.api.AssertTrue.assertTrue(AssertTrue.java:36)
	at org.junit.jupiter.api.Assertions.assertTrue(Assertions.java:214)
	at com.m3.rewrite.atom.M3PatternMarkerTest.longerOrPrefixedRoleLookalikesCannotSuppressTheCanonicalMarker(M3PatternMarkerTest.java:21)
	at java.base/java.lang.reflect.Method.invoke(Method.java:580)
	at java.base/java.util.ArrayList.forEach(ArrayList.java:1596)
	at java.base/java.util.ArrayList.forEach(ArrayList.java:1596)

[INFO] 
[INFO] Results:
[INFO] 
[ERROR] Failures: 
[ERROR]   M3PatternMarkerTest.longerOrPrefixedRoleLookalikesCannotSuppressTheCanonicalMarker:21 M3-IOP: PURE_INT_EXPRESSION_NOT_ADMITTED ==> expected: <true> but was: <false>
[INFO] 
[ERROR] Tests run: 2, Failures: 1, Errors: 0, Skipped: 0
[INFO] 
[INFO] ------------------------------------------------------------------------
[INFO] BUILD FAILURE
[INFO] ------------------------------------------------------------------------
[INFO] Total time:  2.793 s
[INFO] Finished at: 2026-10-05T09:04:29+02:00
[INFO] ------------------------------------------------------------------------
[ERROR] Failed to execute goal org.apache.maven.plugins:maven-surefire-plugin:3.2.5:test (default-cli) on project atom-spectrum-proof: There are test failures.
[ERROR] 
[ERROR] Please refer to /workspace/scratch/87c30a06d3c7/m3jdk-spectrum/repo/m3/tooling/migration-recipes/tasks/atom-spectrum-20261005/target/surefire-reports for the individual test results.
[ERROR] Please refer to dump files (if any exist) [date].dump, [date]-jvmRun[N].dump and [date].dumpstream.
[ERROR] -> [Help 1]
[ERROR] 
[ERROR] To see the full stack trace of the errors, re-run Maven with the -e switch.
[ERROR] Re-run Maven using the -X switch to enable full debug logging.
[ERROR] 
[ERROR] For more information about the errors and possible solutions, please read the following articles:
[ERROR] [Help 1] http://cwiki.apache.org/confluence/display/MAVEN/MojoFailureException

END_RAW_FILE marker-baseline/05-marker-regression.log

BEGIN_RAW_FILE marker-baseline/SOURCE_SHA256.tsv sha256=ba4b03b0904ba038f47c5e5658a2f4a366a0b57108f13818f2843076063ff3b5
path	sha256
m3/tooling/migration-recipes/src/main/java/com/m3/rewrite/atom/M3AtomizePureIntReturnRecipe.java	cec34964f679c67e38cf946c2b1f7b6fb0dddc1f4ecadd963e7dd998e7ff68ba
m3/tooling/migration-recipes/src/main/java/com/m3/rewrite/atom/M3DocumentPureIntAtomRecipe.java	496624f1f8612f3c39ea20c6f77fa0dc0594fa13c378b2f2a3a06143c739df1c
m3/tooling/migration-recipes/src/main/java/com/m3/rewrite/atom/M3FileAtomCandidateTable.java	2765872917a05ca2e71f977484a872bbac626cdf55ca24c71c8c9bc6dff10f24
m3/tooling/migration-recipes/src/main/java/com/m3/rewrite/atom/M3InventoryPureIntAtomCandidates.java	3ca3fb634bd742821a317c47dde7ecb5f5176a1df8e3c2e8248a7873821a832b
m3/tooling/migration-recipes/src/main/java/com/m3/rewrite/atom/M3PatternizePureIntAtomRecipe.java	2d100ed5d5810232b90b46f55f99c907f54a195b679b58f295dd065c8f03db69
m3/tooling/migration-recipes/src/main/java/com/m3/rewrite/atom/M3PureIntAtomEligibility.java	ea31026be2f699923e4dfcc6fa906cee77eb5a46bdb9a32948948bfdfe19cebb
m3/tooling/migration-recipes/src/main/java/com/m3/rewrite/atom/M3PureIntConvergenceRecipe.java	ba078715aa83969fc6c04fcd0d9d226ff0d0ad7f46f38ebede6f5b312504e534
m3/tooling/migration-recipes/src/test/java/com/m3/rewrite/atom/M3AtomCommentRecipeTest.java	1d38ff27dd160b32368753af09708cc5b083a3b7d3e81a503aada032f70301cf
m3/tooling/migration-recipes/src/test/java/com/m3/rewrite/atom/M3AtomizePureIntReturnRecipeTest.java	bd015deb2c5b0c7ccbd8471757513973e94eda4e506995d12da90b8e67cde9eb
m3/tooling/migration-recipes/src/test/java/com/m3/rewrite/atom/M3IntRecipeProjectTest.java	004de5f30e2a3c54d439b36493e8733dc73fdae8a288ba18238423ded5afcbed
m3/tooling/migration-recipes/src/test/java/com/m3/rewrite/atom/M3IntSpectrumTest.java	34bd328d5c80e6a590c1726d91ef5327a20fa9a317cced4b2021ff5ba2da57a6
m3/tooling/migration-recipes/src/test/java/com/m3/rewrite/atom/M3InventoryPureIntAtomCandidatesTest.java	ef29c46f009d7a9d980854226366a9066e5c29fe041e01497c2c40cbfffb397d
m3/tooling/migration-recipes/src/test/java/com/m3/rewrite/atom/M3PatternMarkerTest.java	8c8639e126b6d50e14c84c00acb59b3892f351127b7f5478254f4b8c270d9deb
m3/tooling/migration-recipes/src/test/java/com/m3/rewrite/atom/M3PureIntConvergenceRecipeTest.java	152189b0eeeed97460ea798f042fc9f9df7609c9477dcf7bdb593b06c48486c6
m3/tooling/migration-recipes/src/test/java/com/m3/rewrite/atom/M3RepositoryCorpusTest.java	f325dbb713ec707326d3bfb3ae8b7e3d1524c9494698d69710a71e7429020612
m3/tooling/migration-recipes/src/test/java/com/m3/rewrite/atom/MemJava.java	c2a204144a4ff7fe2f4abfa151a744e7114961b83b7f006e019e595f4569e238
m3/tooling/migration-recipes/src/test/java/com/m3/rewrite/atom/SpectrumCases.java	52c83c1c18eaee870e6b6703f7476e7fde442f311bfeb6b33e92638546419f61

END_RAW_FILE marker-baseline/SOURCE_SHA256.tsv

BEGIN_RAW_FILE final-bootstrap/01-static.log sha256=787106cbee8ed24d436131b32428e6cdf001e227ef6f5c4a940aa2470ea09687
STATIC_PIN_CHECK_PASS 17 Java files; 100 real corpus files; 4004365 bytes
XML_PARSE_PASS; source syntax still requires Checkstyle and javac

END_RAW_FILE final-bootstrap/01-static.log

BEGIN_RAW_FILE final-bootstrap/02-lint.log sha256=2ee89ca49ecae1bb5b3de5ffcc8a964e605f1b1c6fbe072073a1ea4feaa4e230
Starting audit...
Audit done.

END_RAW_FILE final-bootstrap/02-lint.log

BEGIN_RAW_FILE final-bootstrap/03-compile.log sha256=e232e61ebc830acb7659fb3525499b5fd199eff18168bba45f053cdc31a3e406
[INFO] Scanning for projects...
[INFO] 
[INFO] -----------------< com.m3.tooling:atom-spectrum-proof >-----------------
[INFO] Building Focused A3 atom and pattern spectrum proof 0.1.0-SNAPSHOT
[INFO]   from pom.xml
[INFO] --------------------------------[ jar ]---------------------------------
[INFO] 
[INFO] --- resources:3.3.1:resources (default-resources) @ atom-spectrum-proof ---
[INFO] Copying 8 resources from ../../src/main/resources to target/classes
[INFO] 
[INFO] --- compiler:3.13.0:compile (default-compile) @ atom-spectrum-proof ---
[INFO] Nothing to compile - all classes are up to date.
[INFO] ------------------------------------------------------------------------
[INFO] BUILD SUCCESS
[INFO] ------------------------------------------------------------------------
[INFO] Total time:  0.663 s
[INFO] Finished at: 2026-10-05T09:09:58+02:00
[INFO] ------------------------------------------------------------------------

END_RAW_FILE final-bootstrap/03-compile.log

BEGIN_RAW_FILE final-bootstrap/04-test-compile.log sha256=67d9160302fe75db8f4bf4b93f0d608904a77bee43266b9a91e808516a9e51c9
[INFO] Scanning for projects...
[INFO] 
[INFO] -----------------< com.m3.tooling:atom-spectrum-proof >-----------------
[INFO] Building Focused A3 atom and pattern spectrum proof 0.1.0-SNAPSHOT
[INFO]   from pom.xml
[INFO] --------------------------------[ jar ]---------------------------------
[INFO] 
[INFO] --- resources:3.3.1:resources (default-resources) @ atom-spectrum-proof ---
[INFO] Copying 8 resources from ../../src/main/resources to target/classes
[INFO] 
[INFO] --- compiler:3.13.0:compile (default-compile) @ atom-spectrum-proof ---
[INFO] Nothing to compile - all classes are up to date.
[INFO] 
[INFO] --- resources:3.3.1:testResources (default-testResources) @ atom-spectrum-proof ---
[INFO] Copying 1 resource from ../../src/test/resources to target/test-classes
[INFO] 
[INFO] --- compiler:3.13.0:testCompile (default-testCompile) @ atom-spectrum-proof ---
[INFO] Recompiling the module because of changed source code.
[INFO] Compiling 10 source files with javac [debug release 21] to target/test-classes
[INFO] ------------------------------------------------------------------------
[INFO] BUILD SUCCESS
[INFO] ------------------------------------------------------------------------
[INFO] Total time:  1.910 s
[INFO] Finished at: 2026-10-05T09:10:01+02:00
[INFO] ------------------------------------------------------------------------

END_RAW_FILE final-bootstrap/04-test-compile.log

BEGIN_RAW_FILE final-bootstrap/05-meta-recipe.log sha256=155501a63cc016563947f4eaeaac5389c1cbed149c120c5262c0e3b2d51b5986
[INFO] Scanning for projects...
[INFO] 
[INFO] -----------------< com.m3.tooling:atom-spectrum-proof >-----------------
[INFO] Building Focused A3 atom and pattern spectrum proof 0.1.0-SNAPSHOT
[INFO]   from pom.xml
[INFO] --------------------------------[ jar ]---------------------------------
[INFO] 
[INFO] --- surefire:3.2.5:test (default-cli) @ atom-spectrum-proof ---
[INFO] Using auto detected provider org.apache.maven.surefire.junitplatform.JUnitPlatformProvider
[INFO] 
[INFO] -------------------------------------------------------
[INFO]  T E S T S
[INFO] -------------------------------------------------------
[INFO] Running com.m3.rewrite.atom.M3AtomCommentRecipeTest
SLF4J: Failed to load class "org.slf4j.impl.StaticLoggerBinder".
SLF4J: Defaulting to no-operation (NOP) logger implementation
SLF4J: See http://www.slf4j.org/codes.html#StaticLoggerBinder for further details.
[INFO] Tests run: 2, Failures: 0, Errors: 0, Skipped: 0, Time elapsed: 3.391 s -- in com.m3.rewrite.atom.M3AtomCommentRecipeTest
[INFO] 
[INFO] Results:
[INFO] 
[INFO] Tests run: 2, Failures: 0, Errors: 0, Skipped: 0
[INFO] 
[INFO] ------------------------------------------------------------------------
[INFO] BUILD SUCCESS
[INFO] ------------------------------------------------------------------------
[INFO] Total time:  4.440 s
[INFO] Finished at: 2026-10-05T09:10:06+02:00
[INFO] ------------------------------------------------------------------------

END_RAW_FILE final-bootstrap/05-meta-recipe.log

BEGIN_RAW_FILE final-bootstrap/06-M3AtomizePureIntReturnRecipe.diff sha256=b9d396261ffc5b3c3e9b9f0e4ed92da1a1a596469a2292c5247d2992e4fee403
--- m3/tooling/migration-recipes/src/main/java/com/m3/rewrite/atom/M3AtomizePureIntReturnRecipe.java
+++ m3/tooling/migration-recipes/src/main/java/com/m3/rewrite/atom/M3AtomizePureIntReturnRecipe.java
@@ -56,7 +56,6 @@
                             "/* M3-IOP: " + M3PureIntAtomEligibility.PATTERN_ROLE + " */ "
                                     + "int " + M3PureIntAtomEligibility.ATOM_NAME + " = #{any(int)}; "
                                     + "return " + M3PureIntAtomEligibility.ATOM_NAME + ";")
-                    .contextSensitive()
                     .build();
 
             @Override

END_RAW_FILE final-bootstrap/06-M3AtomizePureIntReturnRecipe.diff

BEGIN_RAW_FILE final-bootstrap/06-M3PatternizePureIntAtomRecipe.diff sha256=21aa3b1321f4d66b95dede28e8fcc718ae3fb10e8d77d8adaea5b2be4d74ba43
--- m3/tooling/migration-recipes/src/main/java/com/m3/rewrite/atom/M3PatternizePureIntAtomRecipe.java
+++ m3/tooling/migration-recipes/src/main/java/com/m3/rewrite/atom/M3PatternizePureIntAtomRecipe.java
@@ -63,6 +63,6 @@
         return atom.getComments().stream()
                 .filter(TextComment.class::isInstance)
                 .map(TextComment.class::cast)
-                .anyMatch(comment -> comment.getText().contains(MARKER));
+                .anyMatch(comment -> comment.getText().strip().equals(MARKER));
     }
 }

END_RAW_FILE final-bootstrap/06-M3PatternizePureIntAtomRecipe.diff

BEGIN_RAW_FILE final-bootstrap/SOURCE_SHA256.tsv sha256=3358c7108c3a5ef62a4246b1506bd91d3f8b53d32448b1b0928e5b1b81868a99
path	sha256
m3/tooling/migration-recipes/src/main/java/com/m3/rewrite/atom/M3AtomizePureIntReturnRecipe.java	cec34964f679c67e38cf946c2b1f7b6fb0dddc1f4ecadd963e7dd998e7ff68ba
m3/tooling/migration-recipes/src/main/java/com/m3/rewrite/atom/M3DocumentPureIntAtomRecipe.java	496624f1f8612f3c39ea20c6f77fa0dc0594fa13c378b2f2a3a06143c739df1c
m3/tooling/migration-recipes/src/main/java/com/m3/rewrite/atom/M3FileAtomCandidateTable.java	2765872917a05ca2e71f977484a872bbac626cdf55ca24c71c8c9bc6dff10f24
m3/tooling/migration-recipes/src/main/java/com/m3/rewrite/atom/M3InventoryPureIntAtomCandidates.java	3ca3fb634bd742821a317c47dde7ecb5f5176a1df8e3c2e8248a7873821a832b
m3/tooling/migration-recipes/src/main/java/com/m3/rewrite/atom/M3PatternizePureIntAtomRecipe.java	2d100ed5d5810232b90b46f55f99c907f54a195b679b58f295dd065c8f03db69
m3/tooling/migration-recipes/src/main/java/com/m3/rewrite/atom/M3PureIntAtomEligibility.java	ea31026be2f699923e4dfcc6fa906cee77eb5a46bdb9a32948948bfdfe19cebb
m3/tooling/migration-recipes/src/main/java/com/m3/rewrite/atom/M3PureIntConvergenceRecipe.java	ba078715aa83969fc6c04fcd0d9d226ff0d0ad7f46f38ebede6f5b312504e534
m3/tooling/migration-recipes/src/test/java/com/m3/rewrite/atom/M3AtomCommentRecipeTest.java	120985ef8bec9c99bb1f6103f41aed442c0dfafa13a845ba5007859403bd8b05
m3/tooling/migration-recipes/src/test/java/com/m3/rewrite/atom/M3AtomizePureIntReturnRecipeTest.java	bd015deb2c5b0c7ccbd8471757513973e94eda4e506995d12da90b8e67cde9eb
m3/tooling/migration-recipes/src/test/java/com/m3/rewrite/atom/M3IntRecipeProjectTest.java	004de5f30e2a3c54d439b36493e8733dc73fdae8a288ba18238423ded5afcbed
m3/tooling/migration-recipes/src/test/java/com/m3/rewrite/atom/M3IntSpectrumTest.java	34bd328d5c80e6a590c1726d91ef5327a20fa9a317cced4b2021ff5ba2da57a6
m3/tooling/migration-recipes/src/test/java/com/m3/rewrite/atom/M3InventoryPureIntAtomCandidatesTest.java	ef29c46f009d7a9d980854226366a9066e5c29fe041e01497c2c40cbfffb397d
m3/tooling/migration-recipes/src/test/java/com/m3/rewrite/atom/M3PatternMarkerTest.java	9b8b7396e0dba4e8d411db8d56e09bbb4ae0fdab4fbb4f4972d3844c8cab23c0
m3/tooling/migration-recipes/src/test/java/com/m3/rewrite/atom/M3PureIntConvergenceRecipeTest.java	152189b0eeeed97460ea798f042fc9f9df7609c9477dcf7bdb593b06c48486c6
m3/tooling/migration-recipes/src/test/java/com/m3/rewrite/atom/M3RepositoryCorpusTest.java	f5748d2c07ce80fb2735c1d775e4d6fe0d8344355d4fafebc57bd86215353d71
m3/tooling/migration-recipes/src/test/java/com/m3/rewrite/atom/MemJava.java	c2a204144a4ff7fe2f4abfa151a744e7114961b83b7f006e019e595f4569e238
m3/tooling/migration-recipes/src/test/java/com/m3/rewrite/atom/SpectrumCases.java	52c83c1c18eaee870e6b6703f7476e7fde442f311bfeb6b33e92638546419f61

END_RAW_FILE final-bootstrap/SOURCE_SHA256.tsv

BEGIN_RAW_FILE final-target/01-static.log sha256=787106cbee8ed24d436131b32428e6cdf001e227ef6f5c4a940aa2470ea09687
STATIC_PIN_CHECK_PASS 17 Java files; 100 real corpus files; 4004365 bytes
XML_PARSE_PASS; source syntax still requires Checkstyle and javac

END_RAW_FILE final-target/01-static.log

BEGIN_RAW_FILE final-target/02-lint.log sha256=2ee89ca49ecae1bb5b3de5ffcc8a964e605f1b1c6fbe072073a1ea4feaa4e230
Starting audit...
Audit done.

END_RAW_FILE final-target/02-lint.log

BEGIN_RAW_FILE final-target/03-compile.log sha256=211a3bd3dcf285e697aa346b040eaa16264b48d9347c21cf6e75ef4d9c8803d8
[INFO] Scanning for projects...
[INFO] 
[INFO] -----------------< com.m3.tooling:atom-spectrum-proof >-----------------
[INFO] Building Focused A3 atom and pattern spectrum proof 0.1.0-SNAPSHOT
[INFO]   from pom.xml
[INFO] --------------------------------[ jar ]---------------------------------
[INFO] 
[INFO] --- resources:3.3.1:resources (default-resources) @ atom-spectrum-proof ---
[INFO] Copying 8 resources from ../../src/main/resources to target/classes
[INFO] 
[INFO] --- compiler:3.13.0:compile (default-compile) @ atom-spectrum-proof ---
[INFO] Recompiling the module because of changed source code.
[INFO] Compiling 8 source files with javac [debug release 21] to target/classes
[INFO] ------------------------------------------------------------------------
[INFO] BUILD SUCCESS
[INFO] ------------------------------------------------------------------------
[INFO] Total time:  1.414 s
[INFO] Finished at: 2026-10-05T09:11:44+02:00
[INFO] ------------------------------------------------------------------------

END_RAW_FILE final-target/03-compile.log

BEGIN_RAW_FILE final-target/04-test-compile.log sha256=2b2ac4647351191fe28bee3b28c3101758ee7cbd4335d8da5ca40441da7d0514
[INFO] Scanning for projects...
[INFO] 
[INFO] -----------------< com.m3.tooling:atom-spectrum-proof >-----------------
[INFO] Building Focused A3 atom and pattern spectrum proof 0.1.0-SNAPSHOT
[INFO]   from pom.xml
[INFO] --------------------------------[ jar ]---------------------------------
[INFO] 
[INFO] --- resources:3.3.1:resources (default-resources) @ atom-spectrum-proof ---
[INFO] Copying 8 resources from ../../src/main/resources to target/classes
[INFO] 
[INFO] --- compiler:3.13.0:compile (default-compile) @ atom-spectrum-proof ---
[INFO] Nothing to compile - all classes are up to date.
[INFO] 
[INFO] --- resources:3.3.1:testResources (default-testResources) @ atom-spectrum-proof ---
[INFO] Copying 1 resource from ../../src/test/resources to target/test-classes
[INFO] 
[INFO] --- compiler:3.13.0:testCompile (default-testCompile) @ atom-spectrum-proof ---
[INFO] Nothing to compile - all classes are up to date.
[INFO] ------------------------------------------------------------------------
[INFO] BUILD SUCCESS
[INFO] ------------------------------------------------------------------------
[INFO] Total time:  0.545 s
[INFO] Finished at: 2026-10-05T09:11:45+02:00
[INFO] ------------------------------------------------------------------------

END_RAW_FILE final-target/04-test-compile.log

BEGIN_RAW_FILE final-target/05-all-tests.log sha256=731c67d0976903466bdefe895bf7c7b68dfb9e1d59b0806893533da19dca6ded
[INFO] Scanning for projects...
[INFO] 
[INFO] -----------------< com.m3.tooling:atom-spectrum-proof >-----------------
[INFO] Building Focused A3 atom and pattern spectrum proof 0.1.0-SNAPSHOT
[INFO]   from pom.xml
[INFO] --------------------------------[ jar ]---------------------------------
[INFO] 
[INFO] --- surefire:3.2.5:test (default-cli) @ atom-spectrum-proof ---
[INFO] Using auto detected provider org.apache.maven.surefire.junitplatform.JUnitPlatformProvider
[INFO] 
[INFO] -------------------------------------------------------
[INFO]  T E S T S
[INFO] -------------------------------------------------------
[INFO] Running com.m3.rewrite.atom.M3PatternMarkerTest
SLF4J: Failed to load class "org.slf4j.impl.StaticLoggerBinder".
SLF4J: Defaulting to no-operation (NOP) logger implementation
SLF4J: See http://www.slf4j.org/codes.html#StaticLoggerBinder for further details.
[INFO] Tests run: 2, Failures: 0, Errors: 0, Skipped: 0, Time elapsed: 2.974 s -- in com.m3.rewrite.atom.M3PatternMarkerTest
[INFO] Running com.m3.rewrite.atom.M3InventoryPureIntAtomCandidatesTest
[INFO] Tests run: 3, Failures: 0, Errors: 0, Skipped: 0, Time elapsed: 0.559 s -- in com.m3.rewrite.atom.M3InventoryPureIntAtomCandidatesTest
[INFO] Running com.m3.rewrite.atom.M3AtomCommentRecipeTest
[INFO] Tests run: 2, Failures: 0, Errors: 0, Skipped: 0, Time elapsed: 1.983 s -- in com.m3.rewrite.atom.M3AtomCommentRecipeTest
[INFO] Running com.m3.rewrite.atom.M3PureIntConvergenceRecipeTest
[INFO] Tests run: 4, Failures: 0, Errors: 0, Skipped: 0, Time elapsed: 1.628 s -- in com.m3.rewrite.atom.M3PureIntConvergenceRecipeTest
[INFO] Running com.m3.rewrite.atom.M3IntRecipeProjectTest
[INFO] Tests run: 6, Failures: 0, Errors: 0, Skipped: 0, Time elapsed: 7.157 s -- in com.m3.rewrite.atom.M3IntRecipeProjectTest
[INFO] Running com.m3.rewrite.atom.M3RepositoryCorpusTest
[INFO] Tests run: 3, Failures: 0, Errors: 0, Skipped: 0, Time elapsed: 22.01 s -- in com.m3.rewrite.atom.M3RepositoryCorpusTest
[INFO] Running com.m3.rewrite.atom.M3IntSpectrumTest
[INFO] Tests run: 4, Failures: 0, Errors: 0, Skipped: 0, Time elapsed: 19.79 s -- in com.m3.rewrite.atom.M3IntSpectrumTest
[INFO] Running com.m3.rewrite.atom.M3AtomizePureIntReturnRecipeTest
[INFO] Tests run: 4, Failures: 0, Errors: 0, Skipped: 0, Time elapsed: 1.548 s -- in com.m3.rewrite.atom.M3AtomizePureIntReturnRecipeTest
[INFO] 
[INFO] Results:
[INFO] 
[INFO] Tests run: 28, Failures: 0, Errors: 0, Skipped: 0
[INFO] 
[INFO] ------------------------------------------------------------------------
[INFO] BUILD SUCCESS
[INFO] ------------------------------------------------------------------------
[INFO] Total time:  58.665 s
[INFO] Finished at: 2026-10-05T09:12:45+02:00
[INFO] ------------------------------------------------------------------------

END_RAW_FILE final-target/05-all-tests.log

BEGIN_RAW_FILE final-target/06-runtime-audit-static.log sha256=11a2551b3e9b409cc7a3b549592f2c216357c22e3e65f14ce4558396bcb34517
PYTHON_AST_PASS verify-runtime.py

END_RAW_FILE final-target/06-runtime-audit-static.log

BEGIN_RAW_FILE final-target/07-runtime-audit.log sha256=6732c3fbb6457d31d782a5af1cd34de587e0db6af2863f1bcd45a53288428050
{"arithmetic_result_comparisons_per_oracle_across_intermediates": 3280500, "full_default_module_gate": "NOT_EXECUTED", "generated_expressions": 324, "input_pairs": 225, "intermediate_checks": 45, "jdk_configure_make_jtreg": "NOT_EXECUTED", "jni_native_runtime": "NOT_EXECUTED", "junit_failures_errors_skips": 0, "junit_tests": 28, "real_corpus_bytes": 4004365, "real_corpus_files": 100, "real_m3_source_group": {"compiled": 25, "files": 25, "strict_type_admitted": 25, "utf16_cases": 515}, "recipe_orders": 6, "single_file_statuses": {"NOOP_FIXED_POINT": 15, "PARSE_REFUSED": 14, "TYPE_REFUSED": 71}, "source_snapshot_owners": 2, "status": "FOCUSED_RECEIPTS_AUDITED", "zero_change_sweeps": {"[0, 1, 2]": 2, "[0, 2, 1]": 2, "[1, 0, 2]": 2, "[1, 2, 0]": 3, "[2, 0, 1]": 3, "[2, 1, 0]": 3}}

END_RAW_FILE final-target/07-runtime-audit.log

BEGIN_RAW_FILE final-target/RUNTIME_AUDIT.json sha256=93aaffcb1863dcaf7b275a2a59c7e868cf55a2718f9be58ece43bf01b37536e0
{
  "status": "FOCUSED_RECEIPTS_AUDITED",
  "junit_tests": 28,
  "junit_failures_errors_skips": 0,
  "generated_expressions": 324,
  "input_pairs": 225,
  "recipe_orders": 6,
  "intermediate_checks": 45,
  "arithmetic_result_comparisons_per_oracle_across_intermediates": 3280500,
  "zero_change_sweeps": {
    "[0, 1, 2]": 2,
    "[0, 2, 1]": 2,
    "[1, 0, 2]": 2,
    "[1, 2, 0]": 3,
    "[2, 0, 1]": 3,
    "[2, 1, 0]": 3
  },
  "real_corpus_files": 100,
  "real_corpus_bytes": 4004365,
  "single_file_statuses": {
    "NOOP_FIXED_POINT": 15,
    "PARSE_REFUSED": 14,
    "TYPE_REFUSED": 71
  },
  "real_m3_source_group": {
    "files": 25,
    "strict_type_admitted": 25,
    "compiled": 25,
    "utf16_cases": 515
  },
  "source_snapshot_owners": 2,
  "full_default_module_gate": "NOT_EXECUTED",
  "jdk_configure_make_jtreg": "NOT_EXECUTED",
  "jni_native_runtime": "NOT_EXECUTED"
}

END_RAW_FILE final-target/RUNTIME_AUDIT.json

BEGIN_RAW_FILE final-target/SOURCE_SHA256.tsv sha256=b5dd5291dddc3e72cbc327306f1c37fe4e47331018e368173dcaeadca6578de1
path	sha256
m3/tooling/migration-recipes/src/main/java/com/m3/rewrite/atom/M3AtomizePureIntReturnRecipe.java	b8cc725c30cdd5c1258d450d039d258bf99546c0d6332c66a55e39cd09264da2
m3/tooling/migration-recipes/src/main/java/com/m3/rewrite/atom/M3DocumentPureIntAtomRecipe.java	496624f1f8612f3c39ea20c6f77fa0dc0594fa13c378b2f2a3a06143c739df1c
m3/tooling/migration-recipes/src/main/java/com/m3/rewrite/atom/M3FileAtomCandidateTable.java	2765872917a05ca2e71f977484a872bbac626cdf55ca24c71c8c9bc6dff10f24
m3/tooling/migration-recipes/src/main/java/com/m3/rewrite/atom/M3InventoryPureIntAtomCandidates.java	3ca3fb634bd742821a317c47dde7ecb5f5176a1df8e3c2e8248a7873821a832b
m3/tooling/migration-recipes/src/main/java/com/m3/rewrite/atom/M3PatternizePureIntAtomRecipe.java	b831177cbaaeca359a0b397eb4c74c0caf86c27666db702ef4492a42c210cd9f
m3/tooling/migration-recipes/src/main/java/com/m3/rewrite/atom/M3PureIntAtomEligibility.java	ea31026be2f699923e4dfcc6fa906cee77eb5a46bdb9a32948948bfdfe19cebb
m3/tooling/migration-recipes/src/main/java/com/m3/rewrite/atom/M3PureIntConvergenceRecipe.java	ba078715aa83969fc6c04fcd0d9d226ff0d0ad7f46f38ebede6f5b312504e534
m3/tooling/migration-recipes/src/test/java/com/m3/rewrite/atom/M3AtomCommentRecipeTest.java	120985ef8bec9c99bb1f6103f41aed442c0dfafa13a845ba5007859403bd8b05
m3/tooling/migration-recipes/src/test/java/com/m3/rewrite/atom/M3AtomizePureIntReturnRecipeTest.java	bd015deb2c5b0c7ccbd8471757513973e94eda4e506995d12da90b8e67cde9eb
m3/tooling/migration-recipes/src/test/java/com/m3/rewrite/atom/M3IntRecipeProjectTest.java	004de5f30e2a3c54d439b36493e8733dc73fdae8a288ba18238423ded5afcbed
m3/tooling/migration-recipes/src/test/java/com/m3/rewrite/atom/M3IntSpectrumTest.java	34bd328d5c80e6a590c1726d91ef5327a20fa9a317cced4b2021ff5ba2da57a6
m3/tooling/migration-recipes/src/test/java/com/m3/rewrite/atom/M3InventoryPureIntAtomCandidatesTest.java	ef29c46f009d7a9d980854226366a9066e5c29fe041e01497c2c40cbfffb397d
m3/tooling/migration-recipes/src/test/java/com/m3/rewrite/atom/M3PatternMarkerTest.java	9b8b7396e0dba4e8d411db8d56e09bbb4ae0fdab4fbb4f4972d3844c8cab23c0
m3/tooling/migration-recipes/src/test/java/com/m3/rewrite/atom/M3PureIntConvergenceRecipeTest.java	152189b0eeeed97460ea798f042fc9f9df7609c9477dcf7bdb593b06c48486c6
m3/tooling/migration-recipes/src/test/java/com/m3/rewrite/atom/M3RepositoryCorpusTest.java	f5748d2c07ce80fb2735c1d775e4d6fe0d8344355d4fafebc57bd86215353d71
m3/tooling/migration-recipes/src/test/java/com/m3/rewrite/atom/MemJava.java	c2a204144a4ff7fe2f4abfa151a744e7114961b83b7f006e019e595f4569e238
m3/tooling/migration-recipes/src/test/java/com/m3/rewrite/atom/SpectrumCases.java	52c83c1c18eaee870e6b6703f7476e7fde442f311bfeb6b33e92638546419f61

END_RAW_FILE final-target/SOURCE_SHA256.tsv

BEGIN_RAW_FILE trailing-comment-baseline/01-static.log sha256=787106cbee8ed24d436131b32428e6cdf001e227ef6f5c4a940aa2470ea09687
STATIC_PIN_CHECK_PASS 17 Java files; 100 real corpus files; 4004365 bytes
XML_PARSE_PASS; source syntax still requires Checkstyle and javac

END_RAW_FILE trailing-comment-baseline/01-static.log

BEGIN_RAW_FILE trailing-comment-baseline/02-lint.log sha256=2ee89ca49ecae1bb5b3de5ffcc8a964e605f1b1c6fbe072073a1ea4feaa4e230
Starting audit...
Audit done.

END_RAW_FILE trailing-comment-baseline/02-lint.log

BEGIN_RAW_FILE trailing-comment-baseline/03-compile.log sha256=2df36df4d1d3da595eefdd61c9a74dc4e11329612d7c5298c0c2b4bd98957918
[INFO] Scanning for projects...
[INFO] 
[INFO] -----------------< com.m3.tooling:atom-spectrum-proof >-----------------
[INFO] Building Focused A3 atom and pattern spectrum proof 0.1.0-SNAPSHOT
[INFO]   from pom.xml
[INFO] --------------------------------[ jar ]---------------------------------
[INFO] 
[INFO] --- resources:3.3.1:resources (default-resources) @ atom-spectrum-proof ---
[INFO] Copying 8 resources from ../../src/main/resources to target/classes
[INFO] 
[INFO] --- compiler:3.13.0:compile (default-compile) @ atom-spectrum-proof ---
[INFO] Nothing to compile - all classes are up to date.
[INFO] ------------------------------------------------------------------------
[INFO] BUILD SUCCESS
[INFO] ------------------------------------------------------------------------
[INFO] Total time:  1.185 s
[INFO] Finished at: 2026-10-05T09:21:09+02:00
[INFO] ------------------------------------------------------------------------

END_RAW_FILE trailing-comment-baseline/03-compile.log

BEGIN_RAW_FILE trailing-comment-baseline/04-test-compile.log sha256=1a49747aa4283565e798923aebc332dbc2e91e6171c763cb21503ec8d0380ac9
[INFO] Scanning for projects...
[INFO] 
[INFO] -----------------< com.m3.tooling:atom-spectrum-proof >-----------------
[INFO] Building Focused A3 atom and pattern spectrum proof 0.1.0-SNAPSHOT
[INFO]   from pom.xml
[INFO] --------------------------------[ jar ]---------------------------------
[INFO] 
[INFO] --- resources:3.3.1:resources (default-resources) @ atom-spectrum-proof ---
[INFO] Copying 8 resources from ../../src/main/resources to target/classes
[INFO] 
[INFO] --- compiler:3.13.0:compile (default-compile) @ atom-spectrum-proof ---
[INFO] Nothing to compile - all classes are up to date.
[INFO] 
[INFO] --- resources:3.3.1:testResources (default-testResources) @ atom-spectrum-proof ---
[INFO] Copying 1 resource from ../../src/test/resources to target/test-classes
[INFO] 
[INFO] --- compiler:3.13.0:testCompile (default-testCompile) @ atom-spectrum-proof ---
[INFO] Recompiling the module because of changed source code.
[INFO] Compiling 10 source files with javac [debug release 21] to target/test-classes
[INFO] ------------------------------------------------------------------------
[INFO] BUILD SUCCESS
[INFO] ------------------------------------------------------------------------
[INFO] Total time:  2.527 s
[INFO] Finished at: 2026-10-05T09:21:13+02:00
[INFO] ------------------------------------------------------------------------

END_RAW_FILE trailing-comment-baseline/04-test-compile.log

BEGIN_RAW_FILE trailing-comment-baseline/05-tail-regression.log sha256=fea8d54296fd68acb0b5a072d52df407e98cd58f50f7a87bde3137f549776583
[INFO] Scanning for projects...
[INFO] 
[INFO] -----------------< com.m3.tooling:atom-spectrum-proof >-----------------
[INFO] Building Focused A3 atom and pattern spectrum proof 0.1.0-SNAPSHOT
[INFO]   from pom.xml
[INFO] --------------------------------[ jar ]---------------------------------
[INFO] 
[INFO] --- surefire:3.2.5:test (default-cli) @ atom-spectrum-proof ---
[INFO] Using auto detected provider org.apache.maven.surefire.junitplatform.JUnitPlatformProvider
[INFO] 
[INFO] -------------------------------------------------------
[INFO]  T E S T S
[INFO] -------------------------------------------------------
[INFO] Running com.m3.rewrite.atom.M3IntSpectrumTest
SLF4J: Failed to load class "org.slf4j.impl.StaticLoggerBinder".
SLF4J: Defaulting to no-operation (NOP) logger implementation
SLF4J: See http://www.slf4j.org/codes.html#StaticLoggerBinder for further details.
[ERROR] Tests run: 1, Failures: 1, Errors: 0, Skipped: 0, Time elapsed: 1.630 s <<< FAILURE! -- in com.m3.rewrite.atom.M3IntSpectrumTest
[ERROR] com.m3.rewrite.atom.M3IntSpectrumTest.atomizationRetainsInlineSemanticMemory -- Time elapsed: 1.592 s <<< FAILURE!
org.opentest4j.AssertionFailedError: TAIL_CONTRACT ==> expected: <1> but was: <0>
	at org.junit.jupiter.api.AssertionFailureBuilder.build(AssertionFailureBuilder.java:151)
	at org.junit.jupiter.api.AssertionFailureBuilder.buildAndThrow(AssertionFailureBuilder.java:132)
	at org.junit.jupiter.api.AssertEquals.failNotEqual(AssertEquals.java:197)
	at org.junit.jupiter.api.AssertEquals.assertEquals(AssertEquals.java:150)
	at org.junit.jupiter.api.Assertions.assertEquals(Assertions.java:563)
	at com.m3.rewrite.atom.M3IntSpectrumTest.atomizationRetainsInlineSemanticMemory(M3IntSpectrumTest.java:129)
	at java.base/java.lang.reflect.Method.invoke(Method.java:580)
	at java.base/java.util.ArrayList.forEach(ArrayList.java:1596)
	at java.base/java.util.ArrayList.forEach(ArrayList.java:1596)

[INFO] 
[INFO] Results:
[INFO] 
[ERROR] Failures: 
[ERROR]   M3IntSpectrumTest.atomizationRetainsInlineSemanticMemory:129 TAIL_CONTRACT ==> expected: <1> but was: <0>
[INFO] 
[ERROR] Tests run: 1, Failures: 1, Errors: 0, Skipped: 0
[INFO] 
[INFO] ------------------------------------------------------------------------
[INFO] BUILD FAILURE
[INFO] ------------------------------------------------------------------------
[INFO] Total time:  3.508 s
[INFO] Finished at: 2026-10-05T09:21:18+02:00
[INFO] ------------------------------------------------------------------------
[ERROR] Failed to execute goal org.apache.maven.plugins:maven-surefire-plugin:3.2.5:test (default-cli) on project atom-spectrum-proof: There are test failures.
[ERROR] 
[ERROR] Please refer to /workspace/scratch/87c30a06d3c7/m3jdk-spectrum/repo/m3/tooling/migration-recipes/tasks/atom-spectrum-20261005/target/surefire-reports for the individual test results.
[ERROR] Please refer to dump files (if any exist) [date].dump, [date]-jvmRun[N].dump and [date].dumpstream.
[ERROR] -> [Help 1]
[ERROR] 
[ERROR] To see the full stack trace of the errors, re-run Maven with the -e switch.
[ERROR] Re-run Maven using the -X switch to enable full debug logging.
[ERROR] 
[ERROR] For more information about the errors and possible solutions, please read the following articles:
[ERROR] [Help 1] http://cwiki.apache.org/confluence/display/MAVEN/MojoFailureException

END_RAW_FILE trailing-comment-baseline/05-tail-regression.log

BEGIN_RAW_FILE trailing-comment-baseline/COMMANDS.json sha256=2a568dfba2e463e2ab635c92a38bef8f7df0b32d276c94437f54102f34b907c1
[
  [
    "01-static.log",
    [
      "python3",
      "/workspace/scratch/87c30a06d3c7/m3jdk-spectrum/repo/m3/tooling/migration-recipes/tasks/atom-spectrum-20261005/verify-static.py",
      "--corpus-root",
      "/workspace/scratch/87c30a06d3c7/m3jdk-spectrum/corpus",
      "--out",
      "/workspace/scratch/87c30a06d3c7/m3jdk-spectrum/evidence/trailing-comment-baseline"
    ]
  ],
  [
    "02-lint.log",
    [
      "/workspace/scratch/877d9513c002/toolchains/jdk-21.0.2/bin/java",
      "-Xmx192m",
      "-jar",
      "/workspace/scratch/5809f5dce3dd/provider-superset-20261005/toolchain/checkstyle-12.3.1-all.jar",
      "-c",
      "/workspace/scratch/87c30a06d3c7/m3jdk-spectrum/repo/m3/tooling/migration-recipes/tasks/atom-spectrum-20261005/checkstyle.xml",
      "/workspace/scratch/87c30a06d3c7/m3jdk-spectrum/repo/m3/tooling/migration-recipes/src/main/java/com/m3/rewrite/atom/M3AtomizePureIntReturnRecipe.java",
      "/workspace/scratch/87c30a06d3c7/m3jdk-spectrum/repo/m3/tooling/migration-recipes/src/main/java/com/m3/rewrite/atom/M3DocumentPureIntAtomRecipe.java",
      "/workspace/scratch/87c30a06d3c7/m3jdk-spectrum/repo/m3/tooling/migration-recipes/src/main/java/com/m3/rewrite/atom/M3FileAtomCandidateTable.java",
      "/workspace/scratch/87c30a06d3c7/m3jdk-spectrum/repo/m3/tooling/migration-recipes/src/main/java/com/m3/rewrite/atom/M3InventoryPureIntAtomCandidates.java",
      "/workspace/scratch/87c30a06d3c7/m3jdk-spectrum/repo/m3/tooling/migration-recipes/src/main/java/com/m3/rewrite/atom/M3PatternizePureIntAtomRecipe.java",
      "/workspace/scratch/87c30a06d3c7/m3jdk-spectrum/repo/m3/tooling/migration-recipes/src/main/java/com/m3/rewrite/atom/M3PureIntAtomEligibility.java",
      "/workspace/scratch/87c30a06d3c7/m3jdk-spectrum/repo/m3/tooling/migration-recipes/src/main/java/com/m3/rewrite/atom/M3PureIntConvergenceRecipe.java",
      "/workspace/scratch/87c30a06d3c7/m3jdk-spectrum/repo/m3/tooling/migration-recipes/src/main/java/com/synexia/rewrite/M3HashPinnedJavaSnapshotRecipe.java",
      "/workspace/scratch/87c30a06d3c7/m3jdk-spectrum/repo/m3/tooling/migration-recipes/src/test/java/com/m3/rewrite/atom/M3AtomCommentRecipeTest.java",
      "/workspace/scratch/87c30a06d3c7/m3jdk-spectrum/repo/m3/tooling/migration-recipes/src/test/java/com/m3/rewrite/atom/M3AtomizePureIntReturnRecipeTest.java",
      "/workspace/scratch/87c30a06d3c7/m3jdk-spectrum/repo/m3/tooling/migration-recipes/src/test/java/com/m3/rewrite/atom/M3IntRecipeProjectTest.java",
      "/workspace/scratch/87c30a06d3c7/m3jdk-spectrum/repo/m3/tooling/migration-recipes/src/test/java/com/m3/rewrite/atom/M3IntSpectrumTest.java",
      "/workspace/scratch/87c30a06d3c7/m3jdk-spectrum/repo/m3/tooling/migration-recipes/src/test/java/com/m3/rewrite/atom/M3InventoryPureIntAtomCandidatesTest.java",
      "/workspace/scratch/87c30a06d3c7/m3jdk-spectrum/repo/m3/tooling/migration-recipes/src/test/java/com/m3/rewrite/atom/M3PatternMarkerTest.java",
      "/workspace/scratch/87c30a06d3c7/m3jdk-spectrum/repo/m3/tooling/migration-recipes/src/test/java/com/m3/rewrite/atom/M3PureIntConvergenceRecipeTest.java",
      "/workspace/scratch/87c30a06d3c7/m3jdk-spectrum/repo/m3/tooling/migration-recipes/src/test/java/com/m3/rewrite/atom/M3RepositoryCorpusTest.java",
      "/workspace/scratch/87c30a06d3c7/m3jdk-spectrum/repo/m3/tooling/migration-recipes/src/test/java/com/m3/rewrite/atom/MemJava.java",
      "/workspace/scratch/87c30a06d3c7/m3jdk-spectrum/repo/m3/tooling/migration-recipes/src/test/java/com/m3/rewrite/atom/SpectrumCases.java"
    ]
  ],
  [
    "03-compile.log",
    [
      "/workspace/scratch/877d9513c002/toolchains/apache-maven-3.9.12/bin/mvn",
      "-o",
      "-B",
      "-ntp",
      "-Dmaven.repo.local=/workspace/scratch/87c30a06d3c7/m3jdk-spectrum/m2",
      "-Dm3.spectrum.corpusRoot=/workspace/scratch/87c30a06d3c7/m3jdk-spectrum/corpus",
      "-f",
      "/workspace/scratch/87c30a06d3c7/m3jdk-spectrum/repo/m3/tooling/migration-recipes/tasks/atom-spectrum-20261005/pom.xml",
      "compile"
    ]
  ],
  [
    "04-test-compile.log",
    [
      "/workspace/scratch/877d9513c002/toolchains/apache-maven-3.9.12/bin/mvn",
      "-o",
      "-B",
      "-ntp",
      "-Dmaven.repo.local=/workspace/scratch/87c30a06d3c7/m3jdk-spectrum/m2",
      "-Dm3.spectrum.corpusRoot=/workspace/scratch/87c30a06d3c7/m3jdk-spectrum/corpus",
      "-f",
      "/workspace/scratch/87c30a06d3c7/m3jdk-spectrum/repo/m3/tooling/migration-recipes/tasks/atom-spectrum-20261005/pom.xml",
      "test-compile"
    ]
  ],
  [
    "05-tail-regression.log",
    [
      "/workspace/scratch/877d9513c002/toolchains/apache-maven-3.9.12/bin/mvn",
      "-o",
      "-B",
      "-ntp",
      "-Dmaven.repo.local=/workspace/scratch/87c30a06d3c7/m3jdk-spectrum/m2",
      "-Dm3.spectrum.corpusRoot=/workspace/scratch/87c30a06d3c7/m3jdk-spectrum/corpus",
      "-f",
      "/workspace/scratch/87c30a06d3c7/m3jdk-spectrum/repo/m3/tooling/migration-recipes/tasks/atom-spectrum-20261005/pom.xml",
      "surefire:test",
      "-Dtest=M3IntSpectrumTest#atomizationRetainsInlineSemanticMemory"
    ]
  ]
]

END_RAW_FILE trailing-comment-baseline/COMMANDS.json

BEGIN_RAW_FILE trailing-comment-baseline/SOURCE_SHA256.tsv sha256=5e2b74c27a3789c3bbf40a8ff5b213c00f9c33a7d9760ac4b5904c47d84bb1b3
path	sha256
m3/tooling/migration-recipes/src/main/java/com/m3/rewrite/atom/M3AtomizePureIntReturnRecipe.java	b8cc725c30cdd5c1258d450d039d258bf99546c0d6332c66a55e39cd09264da2
m3/tooling/migration-recipes/src/main/java/com/m3/rewrite/atom/M3DocumentPureIntAtomRecipe.java	496624f1f8612f3c39ea20c6f77fa0dc0594fa13c378b2f2a3a06143c739df1c
m3/tooling/migration-recipes/src/main/java/com/m3/rewrite/atom/M3FileAtomCandidateTable.java	2765872917a05ca2e71f977484a872bbac626cdf55ca24c71c8c9bc6dff10f24
m3/tooling/migration-recipes/src/main/java/com/m3/rewrite/atom/M3InventoryPureIntAtomCandidates.java	3ca3fb634bd742821a317c47dde7ecb5f5176a1df8e3c2e8248a7873821a832b
m3/tooling/migration-recipes/src/main/java/com/m3/rewrite/atom/M3PatternizePureIntAtomRecipe.java	b831177cbaaeca359a0b397eb4c74c0caf86c27666db702ef4492a42c210cd9f
m3/tooling/migration-recipes/src/main/java/com/m3/rewrite/atom/M3PureIntAtomEligibility.java	ea31026be2f699923e4dfcc6fa906cee77eb5a46bdb9a32948948bfdfe19cebb
m3/tooling/migration-recipes/src/main/java/com/m3/rewrite/atom/M3PureIntConvergenceRecipe.java	ba078715aa83969fc6c04fcd0d9d226ff0d0ad7f46f38ebede6f5b312504e534
m3/tooling/migration-recipes/src/test/java/com/m3/rewrite/atom/M3AtomCommentRecipeTest.java	120985ef8bec9c99bb1f6103f41aed442c0dfafa13a845ba5007859403bd8b05
m3/tooling/migration-recipes/src/test/java/com/m3/rewrite/atom/M3AtomizePureIntReturnRecipeTest.java	bd015deb2c5b0c7ccbd8471757513973e94eda4e506995d12da90b8e67cde9eb
m3/tooling/migration-recipes/src/test/java/com/m3/rewrite/atom/M3IntRecipeProjectTest.java	004de5f30e2a3c54d439b36493e8733dc73fdae8a288ba18238423ded5afcbed
m3/tooling/migration-recipes/src/test/java/com/m3/rewrite/atom/M3IntSpectrumTest.java	7a4575fa38ef7c77eda03df4341ca530f8e2934c38ada194394705113a40d452
m3/tooling/migration-recipes/src/test/java/com/m3/rewrite/atom/M3InventoryPureIntAtomCandidatesTest.java	ef29c46f009d7a9d980854226366a9066e5c29fe041e01497c2c40cbfffb397d
m3/tooling/migration-recipes/src/test/java/com/m3/rewrite/atom/M3PatternMarkerTest.java	9b8b7396e0dba4e8d411db8d56e09bbb4ae0fdab4fbb4f4972d3844c8cab23c0
m3/tooling/migration-recipes/src/test/java/com/m3/rewrite/atom/M3PureIntConvergenceRecipeTest.java	152189b0eeeed97460ea798f042fc9f9df7609c9477dcf7bdb593b06c48486c6
m3/tooling/migration-recipes/src/test/java/com/m3/rewrite/atom/M3RepositoryCorpusTest.java	f5748d2c07ce80fb2735c1d775e4d6fe0d8344355d4fafebc57bd86215353d71
m3/tooling/migration-recipes/src/test/java/com/m3/rewrite/atom/MemJava.java	c2a204144a4ff7fe2f4abfa151a744e7114961b83b7f006e019e595f4569e238
m3/tooling/migration-recipes/src/test/java/com/m3/rewrite/atom/SpectrumCases.java	52c83c1c18eaee870e6b6703f7476e7fde442f311bfeb6b33e92638546419f61

END_RAW_FILE trailing-comment-baseline/SOURCE_SHA256.tsv

BEGIN_RAW_FILE trailing-bootstrap/01-static.log sha256=787106cbee8ed24d436131b32428e6cdf001e227ef6f5c4a940aa2470ea09687
STATIC_PIN_CHECK_PASS 17 Java files; 100 real corpus files; 4004365 bytes
XML_PARSE_PASS; source syntax still requires Checkstyle and javac

END_RAW_FILE trailing-bootstrap/01-static.log

BEGIN_RAW_FILE trailing-bootstrap/02-lint.log sha256=2ee89ca49ecae1bb5b3de5ffcc8a964e605f1b1c6fbe072073a1ea4feaa4e230
Starting audit...
Audit done.

END_RAW_FILE trailing-bootstrap/02-lint.log

BEGIN_RAW_FILE trailing-bootstrap/03-compile.log sha256=7cc6b84aec48c3c4a6e293f01a5789b6c52a46d6fb1de3f38194ec78dd2ec0b8
[INFO] Scanning for projects...
[INFO] 
[INFO] -----------------< com.m3.tooling:atom-spectrum-proof >-----------------
[INFO] Building Focused A3 atom and pattern spectrum proof 0.1.0-SNAPSHOT
[INFO]   from pom.xml
[INFO] --------------------------------[ jar ]---------------------------------
[INFO] 
[INFO] --- resources:3.3.1:resources (default-resources) @ atom-spectrum-proof ---
[INFO] Copying 8 resources from ../../src/main/resources to target/classes
[INFO] 
[INFO] --- compiler:3.13.0:compile (default-compile) @ atom-spectrum-proof ---
[INFO] Nothing to compile - all classes are up to date.
[INFO] ------------------------------------------------------------------------
[INFO] BUILD SUCCESS
[INFO] ------------------------------------------------------------------------
[INFO] Total time:  1.098 s
[INFO] Finished at: 2026-10-05T09:24:19+02:00
[INFO] ------------------------------------------------------------------------

END_RAW_FILE trailing-bootstrap/03-compile.log

BEGIN_RAW_FILE trailing-bootstrap/04-test-compile.log sha256=91310827888c57069ca8a71badddfec0e847689233c24fa7e17028a69b1b70e8
[INFO] Scanning for projects...
[INFO] 
[INFO] -----------------< com.m3.tooling:atom-spectrum-proof >-----------------
[INFO] Building Focused A3 atom and pattern spectrum proof 0.1.0-SNAPSHOT
[INFO]   from pom.xml
[INFO] --------------------------------[ jar ]---------------------------------
[INFO] 
[INFO] --- resources:3.3.1:resources (default-resources) @ atom-spectrum-proof ---
[INFO] Copying 8 resources from ../../src/main/resources to target/classes
[INFO] 
[INFO] --- compiler:3.13.0:compile (default-compile) @ atom-spectrum-proof ---
[INFO] Nothing to compile - all classes are up to date.
[INFO] 
[INFO] --- resources:3.3.1:testResources (default-testResources) @ atom-spectrum-proof ---
[INFO] Copying 1 resource from ../../src/test/resources to target/test-classes
[INFO] 
[INFO] --- compiler:3.13.0:testCompile (default-testCompile) @ atom-spectrum-proof ---
[INFO] Recompiling the module because of changed source code.
[INFO] Compiling 10 source files with javac [debug release 21] to target/test-classes
[INFO] ------------------------------------------------------------------------
[INFO] BUILD SUCCESS
[INFO] ------------------------------------------------------------------------
[INFO] Total time:  4.352 s
[INFO] Finished at: 2026-10-05T09:24:26+02:00
[INFO] ------------------------------------------------------------------------

END_RAW_FILE trailing-bootstrap/04-test-compile.log

BEGIN_RAW_FILE trailing-bootstrap/05-meta-recipe.log sha256=09be70aaf6700afe512cd735211f709732affb89e823db460d97e67989cb370f
[INFO] Scanning for projects...
[INFO] 
[INFO] -----------------< com.m3.tooling:atom-spectrum-proof >-----------------
[INFO] Building Focused A3 atom and pattern spectrum proof 0.1.0-SNAPSHOT
[INFO]   from pom.xml
[INFO] --------------------------------[ jar ]---------------------------------
[INFO] 
[INFO] --- surefire:3.2.5:test (default-cli) @ atom-spectrum-proof ---
[INFO] Using auto detected provider org.apache.maven.surefire.junitplatform.JUnitPlatformProvider
[INFO] 
[INFO] -------------------------------------------------------
[INFO]  T E S T S
[INFO] -------------------------------------------------------
[INFO] Running com.m3.rewrite.atom.M3AtomCommentRecipeTest
SLF4J: Failed to load class "org.slf4j.impl.StaticLoggerBinder".
SLF4J: Defaulting to no-operation (NOP) logger implementation
SLF4J: See http://www.slf4j.org/codes.html#StaticLoggerBinder for further details.
[INFO] Tests run: 2, Failures: 0, Errors: 0, Skipped: 0, Time elapsed: 7.060 s -- in com.m3.rewrite.atom.M3AtomCommentRecipeTest
[INFO] 
[INFO] Results:
[INFO] 
[INFO] Tests run: 2, Failures: 0, Errors: 0, Skipped: 0
[INFO] 
[INFO] ------------------------------------------------------------------------
[INFO] BUILD SUCCESS
[INFO] ------------------------------------------------------------------------
[INFO] Total time:  9.257 s
[INFO] Finished at: 2026-10-05T09:24:37+02:00
[INFO] ------------------------------------------------------------------------

END_RAW_FILE trailing-bootstrap/05-meta-recipe.log

BEGIN_RAW_FILE trailing-bootstrap/06-materialization.diff sha256=8b770b4d854263a1f857e77c332e72b41afab67e44c40b413fa1c29d65a57e77
--- before/src/main/java/com/m3/rewrite/atom/M3AtomizePureIntReturnRecipe.java
+++ after/src/main/java/com/m3/rewrite/atom/M3AtomizePureIntReturnRecipe.java
@@ -12,6 +12,7 @@
 import org.openrewrite.java.tree.Comment;
 import org.openrewrite.java.tree.Expression;
 import org.openrewrite.java.tree.J;
+import org.openrewrite.java.tree.JRightPadded;
 import org.openrewrite.java.tree.Statement;
 
 /**
@@ -81,9 +82,11 @@
                         atom.getVariables().getFirst().withInitializer(expression)));
                 List<Comment> comments = new ArrayList<>(originalReturn.getComments());
                 comments.addAll(atom.getComments());
-                List<Statement> statements = new ArrayList<>(body.getStatements());
-                statements.set(0, atom.withComments(comments));
-                return atomized.withBody(body.withStatements(statements)
+                List<JRightPadded<Statement>> statements =
+                        new ArrayList<>(body.getPadding().getStatements());
+                statements.set(0, statements.getFirst().withElement(atom.withComments(comments))
+                        .withAfter(originalBody.getPadding().getStatements().getFirst().getAfter()));
+                return atomized.withBody(body.getPadding().withStatements(statements)
                         .withPrefix(originalBody.getPrefix()).withEnd(originalBody.getEnd()));
             }
         };

END_RAW_FILE trailing-bootstrap/06-materialization.diff

BEGIN_RAW_FILE trailing-bootstrap/COMMANDS.json sha256=011fa00b2c0c64d624e1f5fbecd8c6d01a8b2cae2f593dfcfbb4c8b5b5fa61fc
[
  [
    "01-static.log",
    [
      "python3",
      "/workspace/scratch/87c30a06d3c7/m3jdk-spectrum/repo/m3/tooling/migration-recipes/tasks/atom-spectrum-20261005/verify-static.py",
      "--corpus-root",
      "/workspace/scratch/87c30a06d3c7/m3jdk-spectrum/corpus",
      "--out",
      "/workspace/scratch/87c30a06d3c7/m3jdk-spectrum/evidence/trailing-bootstrap"
    ]
  ],
  [
    "02-lint.log",
    [
      "/workspace/scratch/877d9513c002/toolchains/jdk-21.0.2/bin/java",
      "-Xmx192m",
      "-jar",
      "/workspace/scratch/5809f5dce3dd/provider-superset-20261005/toolchain/checkstyle-12.3.1-all.jar",
      "-c",
      "/workspace/scratch/87c30a06d3c7/m3jdk-spectrum/repo/m3/tooling/migration-recipes/tasks/atom-spectrum-20261005/checkstyle.xml",
      "/workspace/scratch/87c30a06d3c7/m3jdk-spectrum/evidence/trailing-bootstrap/template-lint/M3AtomizePureIntReturnRecipe.java",
      "/workspace/scratch/87c30a06d3c7/m3jdk-spectrum/evidence/trailing-bootstrap/template-lint/M3PatternizePureIntAtomRecipe.java",
      "/workspace/scratch/87c30a06d3c7/m3jdk-spectrum/repo/m3/tooling/migration-recipes/src/main/java/com/m3/rewrite/atom/M3AtomizePureIntReturnRecipe.java",
      "/workspace/scratch/87c30a06d3c7/m3jdk-spectrum/repo/m3/tooling/migration-recipes/src/main/java/com/m3/rewrite/atom/M3DocumentPureIntAtomRecipe.java",
      "/workspace/scratch/87c30a06d3c7/m3jdk-spectrum/repo/m3/tooling/migration-recipes/src/main/java/com/m3/rewrite/atom/M3FileAtomCandidateTable.java",
      "/workspace/scratch/87c30a06d3c7/m3jdk-spectrum/repo/m3/tooling/migration-recipes/src/main/java/com/m3/rewrite/atom/M3InventoryPureIntAtomCandidates.java",
      "/workspace/scratch/87c30a06d3c7/m3jdk-spectrum/repo/m3/tooling/migration-recipes/src/main/java/com/m3/rewrite/atom/M3PatternizePureIntAtomRecipe.java",
      "/workspace/scratch/87c30a06d3c7/m3jdk-spectrum/repo/m3/tooling/migration-recipes/src/main/java/com/m3/rewrite/atom/M3PureIntAtomEligibility.java",
      "/workspace/scratch/87c30a06d3c7/m3jdk-spectrum/repo/m3/tooling/migration-recipes/src/main/java/com/m3/rewrite/atom/M3PureIntConvergenceRecipe.java",
      "/workspace/scratch/87c30a06d3c7/m3jdk-spectrum/repo/m3/tooling/migration-recipes/src/main/java/com/synexia/rewrite/M3HashPinnedJavaSnapshotRecipe.java",
      "/workspace/scratch/87c30a06d3c7/m3jdk-spectrum/repo/m3/tooling/migration-recipes/src/test/java/com/m3/rewrite/atom/M3AtomCommentRecipeTest.java",
      "/workspace/scratch/87c30a06d3c7/m3jdk-spectrum/repo/m3/tooling/migration-recipes/src/test/java/com/m3/rewrite/atom/M3AtomizePureIntReturnRecipeTest.java",
      "/workspace/scratch/87c30a06d3c7/m3jdk-spectrum/repo/m3/tooling/migration-recipes/src/test/java/com/m3/rewrite/atom/M3IntRecipeProjectTest.java",
      "/workspace/scratch/87c30a06d3c7/m3jdk-spectrum/repo/m3/tooling/migration-recipes/src/test/java/com/m3/rewrite/atom/M3IntSpectrumTest.java",
      "/workspace/scratch/87c30a06d3c7/m3jdk-spectrum/repo/m3/tooling/migration-recipes/src/test/java/com/m3/rewrite/atom/M3InventoryPureIntAtomCandidatesTest.java",
      "/workspace/scratch/87c30a06d3c7/m3jdk-spectrum/repo/m3/tooling/migration-recipes/src/test/java/com/m3/rewrite/atom/M3PatternMarkerTest.java",
      "/workspace/scratch/87c30a06d3c7/m3jdk-spectrum/repo/m3/tooling/migration-recipes/src/test/java/com/m3/rewrite/atom/M3PureIntConvergenceRecipeTest.java",
      "/workspace/scratch/87c30a06d3c7/m3jdk-spectrum/repo/m3/tooling/migration-recipes/src/test/java/com/m3/rewrite/atom/M3RepositoryCorpusTest.java",
      "/workspace/scratch/87c30a06d3c7/m3jdk-spectrum/repo/m3/tooling/migration-recipes/src/test/java/com/m3/rewrite/atom/MemJava.java",
      "/workspace/scratch/87c30a06d3c7/m3jdk-spectrum/repo/m3/tooling/migration-recipes/src/test/java/com/m3/rewrite/atom/SpectrumCases.java"
    ]
  ],
  [
    "03-compile.log",
    [
      "/workspace/scratch/877d9513c002/toolchains/apache-maven-3.9.12/bin/mvn",
      "-o",
      "-B",
      "-ntp",
      "-Dmaven.repo.local=/workspace/scratch/87c30a06d3c7/m3jdk-spectrum/m2",
      "-Dm3.spectrum.corpusRoot=/workspace/scratch/87c30a06d3c7/m3jdk-spectrum/corpus",
      "-f",
      "/workspace/scratch/87c30a06d3c7/m3jdk-spectrum/repo/m3/tooling/migration-recipes/tasks/atom-spectrum-20261005/pom.xml",
      "compile"
    ]
  ],
  [
    "04-test-compile.log",
    [
      "/workspace/scratch/877d9513c002/toolchains/apache-maven-3.9.12/bin/mvn",
      "-o",
      "-B",
      "-ntp",
      "-Dmaven.repo.local=/workspace/scratch/87c30a06d3c7/m3jdk-spectrum/m2",
      "-Dm3.spectrum.corpusRoot=/workspace/scratch/87c30a06d3c7/m3jdk-spectrum/corpus",
      "-f",
      "/workspace/scratch/87c30a06d3c7/m3jdk-spectrum/repo/m3/tooling/migration-recipes/tasks/atom-spectrum-20261005/pom.xml",
      "test-compile"
    ]
  ],
  [
    "05-meta-recipe.log",
    [
      "/workspace/scratch/877d9513c002/toolchains/apache-maven-3.9.12/bin/mvn",
      "-o",
      "-B",
      "-ntp",
      "-Dmaven.repo.local=/workspace/scratch/87c30a06d3c7/m3jdk-spectrum/m2",
      "-Dm3.spectrum.corpusRoot=/workspace/scratch/87c30a06d3c7/m3jdk-spectrum/corpus",
      "-f",
      "/workspace/scratch/87c30a06d3c7/m3jdk-spectrum/repo/m3/tooling/migration-recipes/tasks/atom-spectrum-20261005/pom.xml",
      "surefire:test",
      "-Dtest=M3AtomCommentRecipeTest"
    ]
  ]
]

END_RAW_FILE trailing-bootstrap/COMMANDS.json

BEGIN_RAW_FILE trailing-bootstrap/SOURCE_SHA256.tsv sha256=57961e361436d8c9b989b9a4d747423f2abaa911e1942c2ff2c3767b203aaa92
path	sha256
m3/tooling/migration-recipes/src/main/java/com/m3/rewrite/atom/M3AtomizePureIntReturnRecipe.java	b8cc725c30cdd5c1258d450d039d258bf99546c0d6332c66a55e39cd09264da2
m3/tooling/migration-recipes/src/main/java/com/m3/rewrite/atom/M3DocumentPureIntAtomRecipe.java	496624f1f8612f3c39ea20c6f77fa0dc0594fa13c378b2f2a3a06143c739df1c
m3/tooling/migration-recipes/src/main/java/com/m3/rewrite/atom/M3FileAtomCandidateTable.java	2765872917a05ca2e71f977484a872bbac626cdf55ca24c71c8c9bc6dff10f24
m3/tooling/migration-recipes/src/main/java/com/m3/rewrite/atom/M3InventoryPureIntAtomCandidates.java	3ca3fb634bd742821a317c47dde7ecb5f5176a1df8e3c2e8248a7873821a832b
m3/tooling/migration-recipes/src/main/java/com/m3/rewrite/atom/M3PatternizePureIntAtomRecipe.java	b831177cbaaeca359a0b397eb4c74c0caf86c27666db702ef4492a42c210cd9f
m3/tooling/migration-recipes/src/main/java/com/m3/rewrite/atom/M3PureIntAtomEligibility.java	ea31026be2f699923e4dfcc6fa906cee77eb5a46bdb9a32948948bfdfe19cebb
m3/tooling/migration-recipes/src/main/java/com/m3/rewrite/atom/M3PureIntConvergenceRecipe.java	ba078715aa83969fc6c04fcd0d9d226ff0d0ad7f46f38ebede6f5b312504e534
m3/tooling/migration-recipes/src/test/java/com/m3/rewrite/atom/M3AtomCommentRecipeTest.java	120985ef8bec9c99bb1f6103f41aed442c0dfafa13a845ba5007859403bd8b05
m3/tooling/migration-recipes/src/test/java/com/m3/rewrite/atom/M3AtomizePureIntReturnRecipeTest.java	bd015deb2c5b0c7ccbd8471757513973e94eda4e506995d12da90b8e67cde9eb
m3/tooling/migration-recipes/src/test/java/com/m3/rewrite/atom/M3IntRecipeProjectTest.java	004de5f30e2a3c54d439b36493e8733dc73fdae8a288ba18238423ded5afcbed
m3/tooling/migration-recipes/src/test/java/com/m3/rewrite/atom/M3IntSpectrumTest.java	aae0bf5d920010103954b3b0b3ef0a4f0857ca3d0ffff32423eb91aa2da70b97
m3/tooling/migration-recipes/src/test/java/com/m3/rewrite/atom/M3InventoryPureIntAtomCandidatesTest.java	ef29c46f009d7a9d980854226366a9066e5c29fe041e01497c2c40cbfffb397d
m3/tooling/migration-recipes/src/test/java/com/m3/rewrite/atom/M3PatternMarkerTest.java	9b8b7396e0dba4e8d411db8d56e09bbb4ae0fdab4fbb4f4972d3844c8cab23c0
m3/tooling/migration-recipes/src/test/java/com/m3/rewrite/atom/M3PureIntConvergenceRecipeTest.java	152189b0eeeed97460ea798f042fc9f9df7609c9477dcf7bdb593b06c48486c6
m3/tooling/migration-recipes/src/test/java/com/m3/rewrite/atom/M3RepositoryCorpusTest.java	f5748d2c07ce80fb2735c1d775e4d6fe0d8344355d4fafebc57bd86215353d71
m3/tooling/migration-recipes/src/test/java/com/m3/rewrite/atom/MemJava.java	c2a204144a4ff7fe2f4abfa151a744e7114961b83b7f006e019e595f4569e238
m3/tooling/migration-recipes/src/test/java/com/m3/rewrite/atom/SpectrumCases.java	52c83c1c18eaee870e6b6703f7476e7fde442f311bfeb6b33e92638546419f61

END_RAW_FILE trailing-bootstrap/SOURCE_SHA256.tsv

BEGIN_RAW_FILE final-reviewed/00-python-syntax.log sha256=61fc01ea3da3b6dc3cdbb78f2ef3a7df6d517bdb8c218a63776a0f34ba17812e
PYTHON_AST_PASS verify-static.py verify-runtime.py

END_RAW_FILE final-reviewed/00-python-syntax.log

BEGIN_RAW_FILE final-reviewed/01-static.log sha256=787106cbee8ed24d436131b32428e6cdf001e227ef6f5c4a940aa2470ea09687
STATIC_PIN_CHECK_PASS 17 Java files; 100 real corpus files; 4004365 bytes
XML_PARSE_PASS; source syntax still requires Checkstyle and javac

END_RAW_FILE final-reviewed/01-static.log

BEGIN_RAW_FILE final-reviewed/02-lint.log sha256=2ee89ca49ecae1bb5b3de5ffcc8a964e605f1b1c6fbe072073a1ea4feaa4e230
Starting audit...
Audit done.

END_RAW_FILE final-reviewed/02-lint.log

BEGIN_RAW_FILE final-reviewed/03-compile.log sha256=0bb78f95cd044a1fa45a9c33040a112c8f1079cb6f2dead60bdf65a8e024fcae
[INFO] Scanning for projects...
[INFO] 
[INFO] -----------------< com.m3.tooling:atom-spectrum-proof >-----------------
[INFO] Building Focused A3 atom and pattern spectrum proof 0.1.0-SNAPSHOT
[INFO]   from pom.xml
[INFO] --------------------------------[ jar ]---------------------------------
[INFO] 
[INFO] --- resources:3.3.1:resources (default-resources) @ atom-spectrum-proof ---
[INFO] Copying 8 resources from ../../src/main/resources to target/classes
[INFO] 
[INFO] --- compiler:3.13.0:compile (default-compile) @ atom-spectrum-proof ---
[INFO] Recompiling the module because of changed source code.
[INFO] Compiling 8 source files with javac [debug release 21] to target/classes
[INFO] ------------------------------------------------------------------------
[INFO] BUILD SUCCESS
[INFO] ------------------------------------------------------------------------
[INFO] Total time:  3.456 s
[INFO] Finished at: 2026-10-05T09:27:31+02:00
[INFO] ------------------------------------------------------------------------

END_RAW_FILE final-reviewed/03-compile.log

BEGIN_RAW_FILE final-reviewed/04-test-compile.log sha256=119c397dc92e8a217fd1edaa308283d9718c9ceaa2f2a81178c4ec3f1c627c09
[INFO] Scanning for projects...
[INFO] 
[INFO] -----------------< com.m3.tooling:atom-spectrum-proof >-----------------
[INFO] Building Focused A3 atom and pattern spectrum proof 0.1.0-SNAPSHOT
[INFO]   from pom.xml
[INFO] --------------------------------[ jar ]---------------------------------
[INFO] 
[INFO] --- resources:3.3.1:resources (default-resources) @ atom-spectrum-proof ---
[INFO] Copying 8 resources from ../../src/main/resources to target/classes
[INFO] 
[INFO] --- compiler:3.13.0:compile (default-compile) @ atom-spectrum-proof ---
[INFO] Nothing to compile - all classes are up to date.
[INFO] 
[INFO] --- resources:3.3.1:testResources (default-testResources) @ atom-spectrum-proof ---
[INFO] Copying 1 resource from ../../src/test/resources to target/test-classes
[INFO] 
[INFO] --- compiler:3.13.0:testCompile (default-testCompile) @ atom-spectrum-proof ---
[INFO] Recompiling the module because of changed source code.
[INFO] Compiling 10 source files with javac [debug release 21] to target/test-classes
[INFO] ------------------------------------------------------------------------
[INFO] BUILD SUCCESS
[INFO] ------------------------------------------------------------------------
[INFO] Total time:  5.588 s
[INFO] Finished at: 2026-10-05T09:27:39+02:00
[INFO] ------------------------------------------------------------------------

END_RAW_FILE final-reviewed/04-test-compile.log

BEGIN_RAW_FILE final-reviewed/05-all-tests.log sha256=d00d9b96833ef7a8e1253525fa00a15a4ab28cb969707de402810913e11725a2
[INFO] Scanning for projects...
[INFO] 
[INFO] -----------------< com.m3.tooling:atom-spectrum-proof >-----------------
[INFO] Building Focused A3 atom and pattern spectrum proof 0.1.0-SNAPSHOT
[INFO]   from pom.xml
[INFO] --------------------------------[ jar ]---------------------------------
[INFO] 
[INFO] --- surefire:3.2.5:test (default-cli) @ atom-spectrum-proof ---
[INFO] Using auto detected provider org.apache.maven.surefire.junitplatform.JUnitPlatformProvider
[INFO] 
[INFO] -------------------------------------------------------
[INFO]  T E S T S
[INFO] -------------------------------------------------------
[INFO] Running com.m3.rewrite.atom.M3PatternMarkerTest
SLF4J: Failed to load class "org.slf4j.impl.StaticLoggerBinder".
SLF4J: Defaulting to no-operation (NOP) logger implementation
SLF4J: See http://www.slf4j.org/codes.html#StaticLoggerBinder for further details.
[INFO] Tests run: 2, Failures: 0, Errors: 0, Skipped: 0, Time elapsed: 7.774 s -- in com.m3.rewrite.atom.M3PatternMarkerTest
[INFO] Running com.m3.rewrite.atom.M3InventoryPureIntAtomCandidatesTest
[INFO] Tests run: 3, Failures: 0, Errors: 0, Skipped: 0, Time elapsed: 2.129 s -- in com.m3.rewrite.atom.M3InventoryPureIntAtomCandidatesTest
[INFO] Running com.m3.rewrite.atom.M3AtomCommentRecipeTest
[INFO] Tests run: 2, Failures: 0, Errors: 0, Skipped: 0, Time elapsed: 6.178 s -- in com.m3.rewrite.atom.M3AtomCommentRecipeTest
[INFO] Running com.m3.rewrite.atom.M3PureIntConvergenceRecipeTest
[INFO] Tests run: 4, Failures: 0, Errors: 0, Skipped: 0, Time elapsed: 4.570 s -- in com.m3.rewrite.atom.M3PureIntConvergenceRecipeTest
[INFO] Running com.m3.rewrite.atom.M3IntRecipeProjectTest
[INFO] Tests run: 6, Failures: 0, Errors: 0, Skipped: 0, Time elapsed: 12.39 s -- in com.m3.rewrite.atom.M3IntRecipeProjectTest
[INFO] Running com.m3.rewrite.atom.M3RepositoryCorpusTest
[INFO] Tests run: 3, Failures: 0, Errors: 0, Skipped: 0, Time elapsed: 37.66 s -- in com.m3.rewrite.atom.M3RepositoryCorpusTest
[INFO] Running com.m3.rewrite.atom.M3IntSpectrumTest
[INFO] Tests run: 4, Failures: 0, Errors: 0, Skipped: 0, Time elapsed: 29.12 s -- in com.m3.rewrite.atom.M3IntSpectrumTest
[INFO] Running com.m3.rewrite.atom.M3AtomizePureIntReturnRecipeTest
[INFO] Tests run: 4, Failures: 0, Errors: 0, Skipped: 0, Time elapsed: 2.055 s -- in com.m3.rewrite.atom.M3AtomizePureIntReturnRecipeTest
[INFO] 
[INFO] Results:
[INFO] 
[INFO] Tests run: 28, Failures: 0, Errors: 0, Skipped: 0
[INFO] 
[INFO] ------------------------------------------------------------------------
[INFO] BUILD SUCCESS
[INFO] ------------------------------------------------------------------------
[INFO] Total time:  01:44 min
[INFO] Finished at: 2026-10-05T09:29:27+02:00
[INFO] ------------------------------------------------------------------------

END_RAW_FILE final-reviewed/05-all-tests.log

BEGIN_RAW_FILE final-reviewed/06-runtime-audit.log sha256=6732c3fbb6457d31d782a5af1cd34de587e0db6af2863f1bcd45a53288428050
{"arithmetic_result_comparisons_per_oracle_across_intermediates": 3280500, "full_default_module_gate": "NOT_EXECUTED", "generated_expressions": 324, "input_pairs": 225, "intermediate_checks": 45, "jdk_configure_make_jtreg": "NOT_EXECUTED", "jni_native_runtime": "NOT_EXECUTED", "junit_failures_errors_skips": 0, "junit_tests": 28, "real_corpus_bytes": 4004365, "real_corpus_files": 100, "real_m3_source_group": {"compiled": 25, "files": 25, "strict_type_admitted": 25, "utf16_cases": 515}, "recipe_orders": 6, "single_file_statuses": {"NOOP_FIXED_POINT": 15, "PARSE_REFUSED": 14, "TYPE_REFUSED": 71}, "source_snapshot_owners": 2, "status": "FOCUSED_RECEIPTS_AUDITED", "zero_change_sweeps": {"[0, 1, 2]": 2, "[0, 2, 1]": 2, "[1, 0, 2]": 2, "[1, 2, 0]": 3, "[2, 0, 1]": 3, "[2, 1, 0]": 3}}

END_RAW_FILE final-reviewed/06-runtime-audit.log

BEGIN_RAW_FILE final-reviewed/COMMANDS.json sha256=e39a3f62c2488e95e85d497984e3c1f1aa42a303ee602fc8d6ad241687e83c0f
{
  "environment": {
    "JAVA_HOME": "/workspace/scratch/877d9513c002/toolchains/jdk-21.0.2",
    "MAVEN_OPTS": "-Xmx192m -XX:ActiveProcessorCount=1"
  },
  "commands": [
    [
      "01-static.log",
      [
        "python3",
        "/workspace/scratch/87c30a06d3c7/m3jdk-spectrum/repo/m3/tooling/migration-recipes/tasks/atom-spectrum-20261005/verify-static.py",
        "--corpus-root",
        "/workspace/scratch/87c30a06d3c7/m3jdk-spectrum/corpus",
        "--out",
        "/workspace/scratch/87c30a06d3c7/m3jdk-spectrum/evidence/final-reviewed"
      ]
    ],
    [
      "02-lint.log",
      [
        "/workspace/scratch/877d9513c002/toolchains/jdk-21.0.2/bin/java",
        "-Xmx192m",
        "-jar",
        "/workspace/scratch/5809f5dce3dd/provider-superset-20261005/toolchain/checkstyle-12.3.1-all.jar",
        "-c",
        "/workspace/scratch/87c30a06d3c7/m3jdk-spectrum/repo/m3/tooling/migration-recipes/tasks/atom-spectrum-20261005/checkstyle.xml",
        "/workspace/scratch/87c30a06d3c7/m3jdk-spectrum/repo/m3/tooling/migration-recipes/src/main/java/com/m3/rewrite/atom",
        "/workspace/scratch/87c30a06d3c7/m3jdk-spectrum/repo/m3/tooling/migration-recipes/src/main/java/com/synexia/rewrite/M3HashPinnedJavaSnapshotRecipe.java",
        "/workspace/scratch/87c30a06d3c7/m3jdk-spectrum/repo/m3/tooling/migration-recipes/src/test/java/com/m3/rewrite/atom"
      ]
    ],
    [
      "03-compile.log",
      [
        "/workspace/scratch/877d9513c002/toolchains/apache-maven-3.9.12/bin/mvn",
        "-o",
        "-B",
        "-ntp",
        "-Dmaven.repo.local=/workspace/scratch/87c30a06d3c7/m3jdk-spectrum/m2",
        "-Dm3.spectrum.corpusRoot=/workspace/scratch/87c30a06d3c7/m3jdk-spectrum/corpus",
        "-f",
        "/workspace/scratch/87c30a06d3c7/m3jdk-spectrum/repo/m3/tooling/migration-recipes/tasks/atom-spectrum-20261005/pom.xml",
        "compile"
      ]
    ],
    [
      "04-test-compile.log",
      [
        "/workspace/scratch/877d9513c002/toolchains/apache-maven-3.9.12/bin/mvn",
        "-o",
        "-B",
        "-ntp",
        "-Dmaven.repo.local=/workspace/scratch/87c30a06d3c7/m3jdk-spectrum/m2",
        "-Dm3.spectrum.corpusRoot=/workspace/scratch/87c30a06d3c7/m3jdk-spectrum/corpus",
        "-f",
        "/workspace/scratch/87c30a06d3c7/m3jdk-spectrum/repo/m3/tooling/migration-recipes/tasks/atom-spectrum-20261005/pom.xml",
        "test-compile"
      ]
    ],
    [
      "05-all-tests.log",
      [
        "/workspace/scratch/877d9513c002/toolchains/apache-maven-3.9.12/bin/mvn",
        "-o",
        "-B",
        "-ntp",
        "-Dmaven.repo.local=/workspace/scratch/87c30a06d3c7/m3jdk-spectrum/m2",
        "-Dm3.spectrum.corpusRoot=/workspace/scratch/87c30a06d3c7/m3jdk-spectrum/corpus",
        "-f",
        "/workspace/scratch/87c30a06d3c7/m3jdk-spectrum/repo/m3/tooling/migration-recipes/tasks/atom-spectrum-20261005/pom.xml",
        "surefire:test"
      ]
    ],
    [
      "06-runtime-audit.log",
      [
        "python3",
        "/workspace/scratch/87c30a06d3c7/m3jdk-spectrum/repo/m3/tooling/migration-recipes/tasks/atom-spectrum-20261005/verify-runtime.py",
        "--static-receipt",
        "/workspace/scratch/87c30a06d3c7/m3jdk-spectrum/evidence/final-reviewed/SOURCE_SHA256.tsv",
        "--corpus-root",
        "/workspace/scratch/87c30a06d3c7/m3jdk-spectrum/corpus",
        "--out",
        "/workspace/scratch/87c30a06d3c7/m3jdk-spectrum/evidence/final-reviewed"
      ]
    ]
  ]
}

END_RAW_FILE final-reviewed/COMMANDS.json

BEGIN_RAW_FILE final-reviewed/RUNTIME_AUDIT.json sha256=93aaffcb1863dcaf7b275a2a59c7e868cf55a2718f9be58ece43bf01b37536e0
{
  "status": "FOCUSED_RECEIPTS_AUDITED",
  "junit_tests": 28,
  "junit_failures_errors_skips": 0,
  "generated_expressions": 324,
  "input_pairs": 225,
  "recipe_orders": 6,
  "intermediate_checks": 45,
  "arithmetic_result_comparisons_per_oracle_across_intermediates": 3280500,
  "zero_change_sweeps": {
    "[0, 1, 2]": 2,
    "[0, 2, 1]": 2,
    "[1, 0, 2]": 2,
    "[1, 2, 0]": 3,
    "[2, 0, 1]": 3,
    "[2, 1, 0]": 3
  },
  "real_corpus_files": 100,
  "real_corpus_bytes": 4004365,
  "single_file_statuses": {
    "NOOP_FIXED_POINT": 15,
    "PARSE_REFUSED": 14,
    "TYPE_REFUSED": 71
  },
  "real_m3_source_group": {
    "files": 25,
    "strict_type_admitted": 25,
    "compiled": 25,
    "utf16_cases": 515
  },
  "source_snapshot_owners": 2,
  "full_default_module_gate": "NOT_EXECUTED",
  "jdk_configure_make_jtreg": "NOT_EXECUTED",
  "jni_native_runtime": "NOT_EXECUTED"
}

END_RAW_FILE final-reviewed/RUNTIME_AUDIT.json

BEGIN_RAW_FILE final-reviewed/SOURCE_SHA256.tsv sha256=fb6d69abdf67b83172d4aca8b244d7147e5eeb0872db03be4ef896cb247c928a
path	sha256
m3/tooling/migration-recipes/src/main/java/com/m3/rewrite/atom/M3AtomizePureIntReturnRecipe.java	4f6c17a035e64106f172b488fded9b565d1af48d6a8ecbd4700b3ff0cc2cd1e1
m3/tooling/migration-recipes/src/main/java/com/m3/rewrite/atom/M3DocumentPureIntAtomRecipe.java	496624f1f8612f3c39ea20c6f77fa0dc0594fa13c378b2f2a3a06143c739df1c
m3/tooling/migration-recipes/src/main/java/com/m3/rewrite/atom/M3FileAtomCandidateTable.java	2765872917a05ca2e71f977484a872bbac626cdf55ca24c71c8c9bc6dff10f24
m3/tooling/migration-recipes/src/main/java/com/m3/rewrite/atom/M3InventoryPureIntAtomCandidates.java	3ca3fb634bd742821a317c47dde7ecb5f5176a1df8e3c2e8248a7873821a832b
m3/tooling/migration-recipes/src/main/java/com/m3/rewrite/atom/M3PatternizePureIntAtomRecipe.java	b831177cbaaeca359a0b397eb4c74c0caf86c27666db702ef4492a42c210cd9f
m3/tooling/migration-recipes/src/main/java/com/m3/rewrite/atom/M3PureIntAtomEligibility.java	ea31026be2f699923e4dfcc6fa906cee77eb5a46bdb9a32948948bfdfe19cebb
m3/tooling/migration-recipes/src/main/java/com/m3/rewrite/atom/M3PureIntConvergenceRecipe.java	ba078715aa83969fc6c04fcd0d9d226ff0d0ad7f46f38ebede6f5b312504e534
m3/tooling/migration-recipes/src/test/java/com/m3/rewrite/atom/M3AtomCommentRecipeTest.java	120985ef8bec9c99bb1f6103f41aed442c0dfafa13a845ba5007859403bd8b05
m3/tooling/migration-recipes/src/test/java/com/m3/rewrite/atom/M3AtomizePureIntReturnRecipeTest.java	bd015deb2c5b0c7ccbd8471757513973e94eda4e506995d12da90b8e67cde9eb
m3/tooling/migration-recipes/src/test/java/com/m3/rewrite/atom/M3IntRecipeProjectTest.java	004de5f30e2a3c54d439b36493e8733dc73fdae8a288ba18238423ded5afcbed
m3/tooling/migration-recipes/src/test/java/com/m3/rewrite/atom/M3IntSpectrumTest.java	aae0bf5d920010103954b3b0b3ef0a4f0857ca3d0ffff32423eb91aa2da70b97
m3/tooling/migration-recipes/src/test/java/com/m3/rewrite/atom/M3InventoryPureIntAtomCandidatesTest.java	ef29c46f009d7a9d980854226366a9066e5c29fe041e01497c2c40cbfffb397d
m3/tooling/migration-recipes/src/test/java/com/m3/rewrite/atom/M3PatternMarkerTest.java	9b8b7396e0dba4e8d411db8d56e09bbb4ae0fdab4fbb4f4972d3844c8cab23c0
m3/tooling/migration-recipes/src/test/java/com/m3/rewrite/atom/M3PureIntConvergenceRecipeTest.java	152189b0eeeed97460ea798f042fc9f9df7609c9477dcf7bdb593b06c48486c6
m3/tooling/migration-recipes/src/test/java/com/m3/rewrite/atom/M3RepositoryCorpusTest.java	f5748d2c07ce80fb2735c1d775e4d6fe0d8344355d4fafebc57bd86215353d71
m3/tooling/migration-recipes/src/test/java/com/m3/rewrite/atom/MemJava.java	c2a204144a4ff7fe2f4abfa151a744e7114961b83b7f006e019e595f4569e238
m3/tooling/migration-recipes/src/test/java/com/m3/rewrite/atom/SpectrumCases.java	52c83c1c18eaee870e6b6703f7476e7fde442f311bfeb6b33e92638546419f61

END_RAW_FILE final-reviewed/SOURCE_SHA256.tsv

BEGIN_RAW_FILE final-reviewed/surefire-reports/TEST-com.m3.rewrite.atom.M3AtomCommentRecipeTest.xml sha256=65120aaaa60fe5d9a5ad7f9eab69741ded3e06099d4dfcb46bb82dc6f5132970
<?xml version="1.0" encoding="UTF-8"?>
<testsuite xmlns:xsi="http://www.w3.org/2001/XMLSchema-instance" xsi:noNamespaceSchemaLocation="https://maven.apache.org/surefire/maven-surefire-plugin/xsd/surefire-test-report-3.0.xsd" version="3.0" name="com.m3.rewrite.atom.M3AtomCommentRecipeTest" time="6.178" tests="2" errors="0" skipped="0" failures="0">
  <properties>
    <property name="java.specification.version" value="21"/>
    <property name="sun.jnu.encoding" value="UTF-8"/>
    <property name="java.class.path" value="/workspace/scratch/87c30a06d3c7/m3jdk-spectrum/repo/m3/tooling/migration-recipes/tasks/atom-spectrum-20261005/target/test-classes:/workspace/scratch/87c30a06d3c7/m3jdk-spectrum/repo/m3/tooling/migration-recipes/tasks/atom-spectrum-20261005/target/classes:/workspace/scratch/87c30a06d3c7/m3jdk-spectrum/m2/org/openrewrite/rewrite-java/8.17.1/rewrite-java-8.17.1.jar:/workspace/scratch/87c30a06d3c7/m3jdk-spectrum/m2/org/openrewrite/rewrite-core/8.17.1/rewrite-core-8.17.1.jar:/workspace/scratch/87c30a06d3c7/m3jdk-spectrum/m2/com/fasterxml/jackson/core/jackson-databind/2.16.1/jackson-databind-2.16.1.jar:/workspace/scratch/87c30a06d3c7/m3jdk-spectrum/m2/com/fasterxml/jackson/dataformat/jackson-dataformat-smile/2.16.1/jackson-dataformat-smile-2.16.1.jar:/workspace/scratch/87c30a06d3c7/m3jdk-spectrum/m2/com/fasterxml/jackson/module/jackson-module-parameter-names/2.16.1/jackson-module-parameter-names-2.16.1.jar:/workspace/scratch/87c30a06d3c7/m3jdk-spectrum/m2/com/fasterxml/jackson/datatype/jackson-datatype-jsr310/2.16.1/jackson-datatype-jsr310-2.16.1.jar:/workspace/scratch/87c30a06d3c7/m3jdk-spectrum/m2/org/openrewrite/tools/java-object-diff/1.0.1/java-object-diff-1.0.1.jar:/workspace/scratch/87c30a06d3c7/m3jdk-spectrum/m2/io/quarkus/gizmo/gizmo/1.0.11.Final/gizmo-1.0.11.Final.jar:/workspace/scratch/87c30a06d3c7/m3jdk-spectrum/m2/org/jboss/jandex/2.4.2.Final/jandex-2.4.2.Final.jar:/workspace/scratch/87c30a06d3c7/m3jdk-spectrum/m2/net/java/dev/jna/jna-platform/5.14.0/jna-platform-5.14.0.jar:/workspace/scratch/87c30a06d3c7/m3jdk-spectrum/m2/net/java/dev/jna/jna/5.14.0/jna-5.14.0.jar:/workspace/scratch/87c30a06d3c7/m3jdk-spectrum/m2/org/apache/commons/commons-compress/1.26.0/commons-compress-1.26.0.jar:/workspace/scratch/87c30a06d3c7/m3jdk-spectrum/m2/commons-io/commons-io/2.15.1/commons-io-2.15.1.jar:/workspace/scratch/87c30a06d3c7/m3jdk-spectrum/m2/org/yaml/snakeyaml/2.2/snakeyaml-2.2.jar:/workspace/scratch/87c30a06d3c7/m3jdk-spectrum/m2/org/openrewrite/rewrite-yaml/8.17.1/rewrite-yaml-8.17.1.jar:/workspace/scratch/87c30a06d3c7/m3jdk-spectrum/m2/org/openrewrite/rewrite-xml/8.17.1/rewrite-xml-8.17.1.jar:/workspace/scratch/87c30a06d3c7/m3jdk-spectrum/m2/io/micrometer/micrometer-core/1.9.17/micrometer-core-1.9.17.jar:/workspace/scratch/87c30a06d3c7/m3jdk-spectrum/m2/org/hdrhistogram/HdrHistogram/2.1.12/HdrHistogram-2.1.12.jar:/workspace/scratch/87c30a06d3c7/m3jdk-spectrum/m2/org/latencyutils/LatencyUtils/2.0.3/LatencyUtils-2.0.3.jar:/workspace/scratch/87c30a06d3c7/m3jdk-spectrum/m2/org/jetbrains/annotations/24.1.0/annotations-24.1.0.jar:/workspace/scratch/87c30a06d3c7/m3jdk-spectrum/m2/com/fasterxml/jackson/core/jackson-annotations/2.16.1/jackson-annotations-2.16.1.jar:/workspace/scratch/87c30a06d3c7/m3jdk-spectrum/m2/org/antlr/antlr4-runtime/4.11.1/antlr4-runtime-4.11.1.jar:/workspace/scratch/87c30a06d3c7/m3jdk-spectrum/m2/org/apache/commons/commons-lang3/3.14.0/commons-lang3-3.14.0.jar:/workspace/scratch/87c30a06d3c7/m3jdk-spectrum/m2/org/apache/commons/commons-text/1.11.0/commons-text-1.11.0.jar:/workspace/scratch/87c30a06d3c7/m3jdk-spectrum/m2/io/github/classgraph/classgraph/4.8.165/classgraph-4.8.165.jar:/workspace/scratch/87c30a06d3c7/m3jdk-spectrum/m2/org/xerial/snappy/snappy-java/1.1.10.5/snappy-java-1.1.10.5.jar:/workspace/scratch/87c30a06d3c7/m3jdk-spectrum/m2/io/github/fastfilter/fastfilter/1.0.2/fastfilter-1.0.2.jar:/workspace/scratch/87c30a06d3c7/m3jdk-spectrum/m2/org/ow2/asm/asm/9.6/asm-9.6.jar:/workspace/scratch/87c30a06d3c7/m3jdk-spectrum/m2/org/ow2/asm/asm-util/9.6/asm-util-9.6.jar:/workspace/scratch/87c30a06d3c7/m3jdk-spectrum/m2/org/ow2/asm/asm-tree/9.6/asm-tree-9.6.jar:/workspace/scratch/87c30a06d3c7/m3jdk-spectrum/m2/org/ow2/asm/asm-analysis/9.6/asm-analysis-9.6.jar:/workspace/scratch/87c30a06d3c7/m3jdk-spectrum/m2/org/openrewrite/rewrite-java-21/8.17.1/rewrite-java-21-8.17.1.jar:/workspace/scratch/87c30a06d3c7/m3jdk-spectrum/m2/org/openrewrite/rewrite-test/8.17.1/rewrite-test-8.17.1.jar:/workspace/scratch/87c30a06d3c7/m3jdk-spectrum/m2/org/junit/jupiter/junit-jupiter-api/5.10.2/junit-jupiter-api-5.10.2.jar:/workspace/scratch/87c30a06d3c7/m3jdk-spectrum/m2/org/opentest4j/opentest4j/1.3.0/opentest4j-1.3.0.jar:/workspace/scratch/87c30a06d3c7/m3jdk-spectrum/m2/org/junit/platform/junit-platform-commons/1.10.2/junit-platform-commons-1.10.2.jar:/workspace/scratch/87c30a06d3c7/m3jdk-spectrum/m2/org/apiguardian/apiguardian-api/1.1.2/apiguardian-api-1.1.2.jar:/workspace/scratch/87c30a06d3c7/m3jdk-spectrum/m2/org/junit/jupiter/junit-jupiter-params/5.10.2/junit-jupiter-params-5.10.2.jar:/workspace/scratch/87c30a06d3c7/m3jdk-spectrum/m2/org/assertj/assertj-core/3.25.3/assertj-core-3.25.3.jar:/workspace/scratch/87c30a06d3c7/m3jdk-spectrum/m2/net/bytebuddy/byte-buddy/1.14.11/byte-buddy-1.14.11.jar:/workspace/scratch/87c30a06d3c7/m3jdk-spectrum/m2/com/fasterxml/jackson/dataformat/jackson-dataformat-csv/2.16.1/jackson-dataformat-csv-2.16.1.jar:/workspace/scratch/87c30a06d3c7/m3jdk-spectrum/m2/com/fasterxml/jackson/core/jackson-core/2.16.1/jackson-core-2.16.1.jar:/workspace/scratch/87c30a06d3c7/m3jdk-spectrum/m2/org/slf4j/slf4j-api/1.7.36/slf4j-api-1.7.36.jar:/workspace/scratch/87c30a06d3c7/m3jdk-spectrum/m2/org/eclipse/jgit/org.eclipse.jgit/5.13.3.202401111512-r/org.eclipse.jgit-5.13.3.202401111512-r.jar:/workspace/scratch/87c30a06d3c7/m3jdk-spectrum/m2/com/googlecode/javaewah/JavaEWAH/1.1.13/JavaEWAH-1.1.13.jar:/workspace/scratch/87c30a06d3c7/m3jdk-spectrum/m2/org/junit/jupiter/junit-jupiter/5.10.2/junit-jupiter-5.10.2.jar:/workspace/scratch/87c30a06d3c7/m3jdk-spectrum/m2/org/junit/jupiter/junit-jupiter-engine/5.10.2/junit-jupiter-engine-5.10.2.jar:/workspace/scratch/87c30a06d3c7/m3jdk-spectrum/m2/org/junit/platform/junit-platform-engine/1.10.2/junit-platform-engine-1.10.2.jar:"/>
    <property name="java.vm.vendor" value="Oracle Corporation"/>
    <property name="sun.arch.data.model" value="64"/>
    <property name="java.vendor.url" value="https://java.oracle.com/"/>
    <property name="user.timezone" value="Europe/Berlin"/>
    <property name="os.name" value="Linux"/>
    <property name="java.vm.specification.version" value="21"/>
    <property name="sun.java.launcher" value="SUN_STANDARD"/>
    <property name="sun.boot.library.path" value="/workspace/scratch/877d9513c002/toolchains/jdk-21.0.2/lib"/>
    <property name="sun.java.command" value="/workspace/scratch/87c30a06d3c7/m3jdk-spectrum/repo/m3/tooling/migration-recipes/tasks/atom-spectrum-20261005/target/surefire/surefirebooter-20261005092744157_3.jar /workspace/scratch/87c30a06d3c7/m3jdk-spectrum/repo/m3/tooling/migration-recipes/tasks/atom-spectrum-20261005/target/surefire 2026-10-05T09-27-44_074-jvmRun1 surefire-20261005092744157_1tmp surefire_0-20261005092744157_2tmp"/>
    <property name="jdk.debug" value="release"/>
    <property name="surefire.test.class.path" value="/workspace/scratch/87c30a06d3c7/m3jdk-spectrum/repo/m3/tooling/migration-recipes/tasks/atom-spectrum-20261005/target/test-classes:/workspace/scratch/87c30a06d3c7/m3jdk-spectrum/repo/m3/tooling/migration-recipes/tasks/atom-spectrum-20261005/target/classes:/workspace/scratch/87c30a06d3c7/m3jdk-spectrum/m2/org/openrewrite/rewrite-java/8.17.1/rewrite-java-8.17.1.jar:/workspace/scratch/87c30a06d3c7/m3jdk-spectrum/m2/org/openrewrite/rewrite-core/8.17.1/rewrite-core-8.17.1.jar:/workspace/scratch/87c30a06d3c7/m3jdk-spectrum/m2/com/fasterxml/jackson/core/jackson-databind/2.16.1/jackson-databind-2.16.1.jar:/workspace/scratch/87c30a06d3c7/m3jdk-spectrum/m2/com/fasterxml/jackson/dataformat/jackson-dataformat-smile/2.16.1/jackson-dataformat-smile-2.16.1.jar:/workspace/scratch/87c30a06d3c7/m3jdk-spectrum/m2/com/fasterxml/jackson/module/jackson-module-parameter-names/2.16.1/jackson-module-parameter-names-2.16.1.jar:/workspace/scratch/87c30a06d3c7/m3jdk-spectrum/m2/com/fasterxml/jackson/datatype/jackson-datatype-jsr310/2.16.1/jackson-datatype-jsr310-2.16.1.jar:/workspace/scratch/87c30a06d3c7/m3jdk-spectrum/m2/org/openrewrite/tools/java-object-diff/1.0.1/java-object-diff-1.0.1.jar:/workspace/scratch/87c30a06d3c7/m3jdk-spectrum/m2/io/quarkus/gizmo/gizmo/1.0.11.Final/gizmo-1.0.11.Final.jar:/workspace/scratch/87c30a06d3c7/m3jdk-spectrum/m2/org/jboss/jandex/2.4.2.Final/jandex-2.4.2.Final.jar:/workspace/scratch/87c30a06d3c7/m3jdk-spectrum/m2/net/java/dev/jna/jna-platform/5.14.0/jna-platform-5.14.0.jar:/workspace/scratch/87c30a06d3c7/m3jdk-spectrum/m2/net/java/dev/jna/jna/5.14.0/jna-5.14.0.jar:/workspace/scratch/87c30a06d3c7/m3jdk-spectrum/m2/org/apache/commons/commons-compress/1.26.0/commons-compress-1.26.0.jar:/workspace/scratch/87c30a06d3c7/m3jdk-spectrum/m2/commons-io/commons-io/2.15.1/commons-io-2.15.1.jar:/workspace/scratch/87c30a06d3c7/m3jdk-spectrum/m2/org/yaml/snakeyaml/2.2/snakeyaml-2.2.jar:/workspace/scratch/87c30a06d3c7/m3jdk-spectrum/m2/org/openrewrite/rewrite-yaml/8.17.1/rewrite-yaml-8.17.1.jar:/workspace/scratch/87c30a06d3c7/m3jdk-spectrum/m2/org/openrewrite/rewrite-xml/8.17.1/rewrite-xml-8.17.1.jar:/workspace/scratch/87c30a06d3c7/m3jdk-spectrum/m2/io/micrometer/micrometer-core/1.9.17/micrometer-core-1.9.17.jar:/workspace/scratch/87c30a06d3c7/m3jdk-spectrum/m2/org/hdrhistogram/HdrHistogram/2.1.12/HdrHistogram-2.1.12.jar:/workspace/scratch/87c30a06d3c7/m3jdk-spectrum/m2/org/latencyutils/LatencyUtils/2.0.3/LatencyUtils-2.0.3.jar:/workspace/scratch/87c30a06d3c7/m3jdk-spectrum/m2/org/jetbrains/annotations/24.1.0/annotations-24.1.0.jar:/workspace/scratch/87c30a06d3c7/m3jdk-spectrum/m2/com/fasterxml/jackson/core/jackson-annotations/2.16.1/jackson-annotations-2.16.1.jar:/workspace/scratch/87c30a06d3c7/m3jdk-spectrum/m2/org/antlr/antlr4-runtime/4.11.1/antlr4-runtime-4.11.1.jar:/workspace/scratch/87c30a06d3c7/m3jdk-spectrum/m2/org/apache/commons/commons-lang3/3.14.0/commons-lang3-3.14.0.jar:/workspace/scratch/87c30a06d3c7/m3jdk-spectrum/m2/org/apache/commons/commons-text/1.11.0/commons-text-1.11.0.jar:/workspace/scratch/87c30a06d3c7/m3jdk-spectrum/m2/io/github/classgraph/classgraph/4.8.165/classgraph-4.8.165.jar:/workspace/scratch/87c30a06d3c7/m3jdk-spectrum/m2/org/xerial/snappy/snappy-java/1.1.10.5/snappy-java-1.1.10.5.jar:/workspace/scratch/87c30a06d3c7/m3jdk-spectrum/m2/io/github/fastfilter/fastfilter/1.0.2/fastfilter-1.0.2.jar:/workspace/scratch/87c30a06d3c7/m3jdk-spectrum/m2/org/ow2/asm/asm/9.6/asm-9.6.jar:/workspace/scratch/87c30a06d3c7/m3jdk-spectrum/m2/org/ow2/asm/asm-util/9.6/asm-util-9.6.jar:/workspace/scratch/87c30a06d3c7/m3jdk-spectrum/m2/org/ow2/asm/asm-tree/9.6/asm-tree-9.6.jar:/workspace/scratch/87c30a06d3c7/m3jdk-spectrum/m2/org/ow2/asm/asm-analysis/9.6/asm-analysis-9.6.jar:/workspace/scratch/87c30a06d3c7/m3jdk-spectrum/m2/org/openrewrite/rewrite-java-21/8.17.1/rewrite-java-21-8.17.1.jar:/workspace/scratch/87c30a06d3c7/m3jdk-spectrum/m2/org/openrewrite/rewrite-test/8.17.1/rewrite-test-8.17.1.jar:/workspace/scratch/87c30a06d3c7/m3jdk-spectrum/m2/org/junit/jupiter/junit-jupiter-api/5.10.2/junit-jupiter-api-5.10.2.jar:/workspace/scratch/87c30a06d3c7/m3jdk-spectrum/m2/org/opentest4j/opentest4j/1.3.0/opentest4j-1.3.0.jar:/workspace/scratch/87c30a06d3c7/m3jdk-spectrum/m2/org/junit/platform/junit-platform-commons/1.10.2/junit-platform-commons-1.10.2.jar:/workspace/scratch/87c30a06d3c7/m3jdk-spectrum/m2/org/apiguardian/apiguardian-api/1.1.2/apiguardian-api-1.1.2.jar:/workspace/scratch/87c30a06d3c7/m3jdk-spectrum/m2/org/junit/jupiter/junit-jupiter-params/5.10.2/junit-jupiter-params-5.10.2.jar:/workspace/scratch/87c30a06d3c7/m3jdk-spectrum/m2/org/assertj/assertj-core/3.25.3/assertj-core-3.25.3.jar:/workspace/scratch/87c30a06d3c7/m3jdk-spectrum/m2/net/bytebuddy/byte-buddy/1.14.11/byte-buddy-1.14.11.jar:/workspace/scratch/87c30a06d3c7/m3jdk-spectrum/m2/com/fasterxml/jackson/dataformat/jackson-dataformat-csv/2.16.1/jackson-dataformat-csv-2.16.1.jar:/workspace/scratch/87c30a06d3c7/m3jdk-spectrum/m2/com/fasterxml/jackson/core/jackson-core/2.16.1/jackson-core-2.16.1.jar:/workspace/scratch/87c30a06d3c7/m3jdk-spectrum/m2/org/slf4j/slf4j-api/1.7.36/slf4j-api-1.7.36.jar:/workspace/scratch/87c30a06d3c7/m3jdk-spectrum/m2/org/eclipse/jgit/org.eclipse.jgit/5.13.3.202401111512-r/org.eclipse.jgit-5.13.3.202401111512-r.jar:/workspace/scratch/87c30a06d3c7/m3jdk-spectrum/m2/com/googlecode/javaewah/JavaEWAH/1.1.13/JavaEWAH-1.1.13.jar:/workspace/scratch/87c30a06d3c7/m3jdk-spectrum/m2/org/junit/jupiter/junit-jupiter/5.10.2/junit-jupiter-5.10.2.jar:/workspace/scratch/87c30a06d3c7/m3jdk-spectrum/m2/org/junit/jupiter/junit-jupiter-engine/5.10.2/junit-jupiter-engine-5.10.2.jar:/workspace/scratch/87c30a06d3c7/m3jdk-spectrum/m2/org/junit/platform/junit-platform-engine/1.10.2/junit-platform-engine-1.10.2.jar:"/>
    <property name="sun.cpu.endian" value="little"/>
    <property name="user.home" value="/root"/>
    <property name="user.language" value="en"/>
    <property name="java.specification.vendor" value="Oracle Corporation"/>
    <property name="java.version.date" value="2024-01-16"/>
    <property name="java.home" value="/workspace/scratch/877d9513c002/toolchains/jdk-21.0.2"/>
    <property name="file.separator" value="/"/>
    <property name="basedir" value="/workspace/scratch/87c30a06d3c7/m3jdk-spectrum/repo/m3/tooling/migration-recipes/tasks/atom-spectrum-20261005"/>
    <property name="java.vm.compressedOopsMode" value="32-bit"/>
    <property name="line.separator" value="&#10;"/>
    <property name="java.vm.specification.vendor" value="Oracle Corporation"/>
    <property name="java.specification.name" value="Java Platform API Specification"/>
    <property name="m3.spectrum.corpusRoot" value="/workspace/scratch/87c30a06d3c7/m3jdk-spectrum/corpus"/>
    <property name="surefire.real.class.path" value="/workspace/scratch/87c30a06d3c7/m3jdk-spectrum/repo/m3/tooling/migration-recipes/tasks/atom-spectrum-20261005/target/surefire/surefirebooter-20261005092744157_3.jar"/>
    <property name="sun.management.compiler" value="HotSpot 64-Bit Tiered Compilers"/>
    <property name="java.runtime.version" value="21.0.2+13-58"/>
    <property name="user.name" value="root"/>
    <property name="stdout.encoding" value="UTF-8"/>
    <property name="path.separator" value=":"/>
    <property name="os.version" value="6.18.44"/>
    <property name="java.runtime.name" value="OpenJDK Runtime Environment"/>
    <property name="file.encoding" value="UTF-8"/>
    <property name="java.vm.name" value="OpenJDK 64-Bit Server VM"/>
    <property name="localRepository" value="/workspace/scratch/87c30a06d3c7/m3jdk-spectrum/m2"/>
    <property name="java.vendor.url.bug" value="https://bugreport.java.com/bugreport/"/>
    <property name="java.io.tmpdir" value="/tmp"/>
    <property name="java.version" value="21.0.2"/>
    <property name="user.dir" value="/workspace/scratch/87c30a06d3c7/m3jdk-spectrum/repo/m3/tooling/migration-recipes/tasks/atom-spectrum-20261005"/>
    <property name="os.arch" value="amd64"/>
    <property name="java.vm.specification.name" value="Java Virtual Machine Specification"/>
    <property name="native.encoding" value="UTF-8"/>
    <property name="java.library.path" value="/usr/java/packages/lib:/usr/lib64:/lib64:/lib:/usr/lib"/>
    <property name="stderr.encoding" value="UTF-8"/>
    <property name="java.vm.info" value="mixed mode, sharing"/>
    <property name="java.vendor" value="Oracle Corporation"/>
    <property name="java.vm.version" value="21.0.2+13-58"/>
    <property name="sun.io.unicode.encoding" value="UnicodeLittle"/>
    <property name="maven.repo.local" value="/workspace/scratch/87c30a06d3c7/m3jdk-spectrum/m2"/>
    <property name="java.class.version" value="65.0"/>
  </properties>
  <testcase name="sourceDriftCannotBeMaterialized" classname="com.m3.rewrite.atom.M3AtomCommentRecipeTest" time="1.917"/>
  <testcase name="actualSnapshotRecipeMaterializesTheReviewedRepairAndReplays" classname="com.m3.rewrite.atom.M3AtomCommentRecipeTest" time="4.258"/>
</testsuite>
END_RAW_FILE final-reviewed/surefire-reports/TEST-com.m3.rewrite.atom.M3AtomCommentRecipeTest.xml

BEGIN_RAW_FILE final-reviewed/surefire-reports/TEST-com.m3.rewrite.atom.M3AtomizePureIntReturnRecipeTest.xml sha256=56e10d3498e6c8a1769971dc7d7fa6621c3ffa65ac61674ab3ed7dd20347686c
<?xml version="1.0" encoding="UTF-8"?>
<testsuite xmlns:xsi="http://www.w3.org/2001/XMLSchema-instance" xsi:noNamespaceSchemaLocation="https://maven.apache.org/surefire/maven-surefire-plugin/xsd/surefire-test-report-3.0.xsd" version="3.0" name="com.m3.rewrite.atom.M3AtomizePureIntReturnRecipeTest" time="2.055" tests="4" errors="0" skipped="0" failures="0">
  <properties>
    <property name="java.specification.version" value="21"/>
    <property name="sun.jnu.encoding" value="UTF-8"/>
    <property name="java.class.path" value="/workspace/scratch/87c30a06d3c7/m3jdk-spectrum/repo/m3/tooling/migration-recipes/tasks/atom-spectrum-20261005/target/test-classes:/workspace/scratch/87c30a06d3c7/m3jdk-spectrum/repo/m3/tooling/migration-recipes/tasks/atom-spectrum-20261005/target/classes:/workspace/scratch/87c30a06d3c7/m3jdk-spectrum/m2/org/openrewrite/rewrite-java/8.17.1/rewrite-java-8.17.1.jar:/workspace/scratch/87c30a06d3c7/m3jdk-spectrum/m2/org/openrewrite/rewrite-core/8.17.1/rewrite-core-8.17.1.jar:/workspace/scratch/87c30a06d3c7/m3jdk-spectrum/m2/com/fasterxml/jackson/core/jackson-databind/2.16.1/jackson-databind-2.16.1.jar:/workspace/scratch/87c30a06d3c7/m3jdk-spectrum/m2/com/fasterxml/jackson/dataformat/jackson-dataformat-smile/2.16.1/jackson-dataformat-smile-2.16.1.jar:/workspace/scratch/87c30a06d3c7/m3jdk-spectrum/m2/com/fasterxml/jackson/module/jackson-module-parameter-names/2.16.1/jackson-module-parameter-names-2.16.1.jar:/workspace/scratch/87c30a06d3c7/m3jdk-spectrum/m2/com/fasterxml/jackson/datatype/jackson-datatype-jsr310/2.16.1/jackson-datatype-jsr310-2.16.1.jar:/workspace/scratch/87c30a06d3c7/m3jdk-spectrum/m2/org/openrewrite/tools/java-object-diff/1.0.1/java-object-diff-1.0.1.jar:/workspace/scratch/87c30a06d3c7/m3jdk-spectrum/m2/io/quarkus/gizmo/gizmo/1.0.11.Final/gizmo-1.0.11.Final.jar:/workspace/scratch/87c30a06d3c7/m3jdk-spectrum/m2/org/jboss/jandex/2.4.2.Final/jandex-2.4.2.Final.jar:/workspace/scratch/87c30a06d3c7/m3jdk-spectrum/m2/net/java/dev/jna/jna-platform/5.14.0/jna-platform-5.14.0.jar:/workspace/scratch/87c30a06d3c7/m3jdk-spectrum/m2/net/java/dev/jna/jna/5.14.0/jna-5.14.0.jar:/workspace/scratch/87c30a06d3c7/m3jdk-spectrum/m2/org/apache/commons/commons-compress/1.26.0/commons-compress-1.26.0.jar:/workspace/scratch/87c30a06d3c7/m3jdk-spectrum/m2/commons-io/commons-io/2.15.1/commons-io-2.15.1.jar:/workspace/scratch/87c30a06d3c7/m3jdk-spectrum/m2/org/yaml/snakeyaml/2.2/snakeyaml-2.2.jar:/workspace/scratch/87c30a06d3c7/m3jdk-spectrum/m2/org/openrewrite/rewrite-yaml/8.17.1/rewrite-yaml-8.17.1.jar:/workspace/scratch/87c30a06d3c7/m3jdk-spectrum/m2/org/openrewrite/rewrite-xml/8.17.1/rewrite-xml-8.17.1.jar:/workspace/scratch/87c30a06d3c7/m3jdk-spectrum/m2/io/micrometer/micrometer-core/1.9.17/micrometer-core-1.9.17.jar:/workspace/scratch/87c30a06d3c7/m3jdk-spectrum/m2/org/hdrhistogram/HdrHistogram/2.1.12/HdrHistogram-2.1.12.jar:/workspace/scratch/87c30a06d3c7/m3jdk-spectrum/m2/org/latencyutils/LatencyUtils/2.0.3/LatencyUtils-2.0.3.jar:/workspace/scratch/87c30a06d3c7/m3jdk-spectrum/m2/org/jetbrains/annotations/24.1.0/annotations-24.1.0.jar:/workspace/scratch/87c30a06d3c7/m3jdk-spectrum/m2/com/fasterxml/jackson/core/jackson-annotations/2.16.1/jackson-annotations-2.16.1.jar:/workspace/scratch/87c30a06d3c7/m3jdk-spectrum/m2/org/antlr/antlr4-runtime/4.11.1/antlr4-runtime-4.11.1.jar:/workspace/scratch/87c30a06d3c7/m3jdk-spectrum/m2/org/apache/commons/commons-lang3/3.14.0/commons-lang3-3.14.0.jar:/workspace/scratch/87c30a06d3c7/m3jdk-spectrum/m2/org/apache/commons/commons-text/1.11.0/commons-text-1.11.0.jar:/workspace/scratch/87c30a06d3c7/m3jdk-spectrum/m2/io/github/classgraph/classgraph/4.8.165/classgraph-4.8.165.jar:/workspace/scratch/87c30a06d3c7/m3jdk-spectrum/m2/org/xerial/snappy/snappy-java/1.1.10.5/snappy-java-1.1.10.5.jar:/workspace/scratch/87c30a06d3c7/m3jdk-spectrum/m2/io/github/fastfilter/fastfilter/1.0.2/fastfilter-1.0.2.jar:/workspace/scratch/87c30a06d3c7/m3jdk-spectrum/m2/org/ow2/asm/asm/9.6/asm-9.6.jar:/workspace/scratch/87c30a06d3c7/m3jdk-spectrum/m2/org/ow2/asm/asm-util/9.6/asm-util-9.6.jar:/workspace/scratch/87c30a06d3c7/m3jdk-spectrum/m2/org/ow2/asm/asm-tree/9.6/asm-tree-9.6.jar:/workspace/scratch/87c30a06d3c7/m3jdk-spectrum/m2/org/ow2/asm/asm-analysis/9.6/asm-analysis-9.6.jar:/workspace/scratch/87c30a06d3c7/m3jdk-spectrum/m2/org/openrewrite/rewrite-java-21/8.17.1/rewrite-java-21-8.17.1.jar:/workspace/scratch/87c30a06d3c7/m3jdk-spectrum/m2/org/openrewrite/rewrite-test/8.17.1/rewrite-test-8.17.1.jar:/workspace/scratch/87c30a06d3c7/m3jdk-spectrum/m2/org/junit/jupiter/junit-jupiter-api/5.10.2/junit-jupiter-api-5.10.2.jar:/workspace/scratch/87c30a06d3c7/m3jdk-spectrum/m2/org/opentest4j/opentest4j/1.3.0/opentest4j-1.3.0.jar:/workspace/scratch/87c30a06d3c7/m3jdk-spectrum/m2/org/junit/platform/junit-platform-commons/1.10.2/junit-platform-commons-1.10.2.jar:/workspace/scratch/87c30a06d3c7/m3jdk-spectrum/m2/org/apiguardian/apiguardian-api/1.1.2/apiguardian-api-1.1.2.jar:/workspace/scratch/87c30a06d3c7/m3jdk-spectrum/m2/org/junit/jupiter/junit-jupiter-params/5.10.2/junit-jupiter-params-5.10.2.jar:/workspace/scratch/87c30a06d3c7/m3jdk-spectrum/m2/org/assertj/assertj-core/3.25.3/assertj-core-3.25.3.jar:/workspace/scratch/87c30a06d3c7/m3jdk-spectrum/m2/net/bytebuddy/byte-buddy/1.14.11/byte-buddy-1.14.11.jar:/workspace/scratch/87c30a06d3c7/m3jdk-spectrum/m2/com/fasterxml/jackson/dataformat/jackson-dataformat-csv/2.16.1/jackson-dataformat-csv-2.16.1.jar:/workspace/scratch/87c30a06d3c7/m3jdk-spectrum/m2/com/fasterxml/jackson/core/jackson-core/2.16.1/jackson-core-2.16.1.jar:/workspace/scratch/87c30a06d3c7/m3jdk-spectrum/m2/org/slf4j/slf4j-api/1.7.36/slf4j-api-1.7.36.jar:/workspace/scratch/87c30a06d3c7/m3jdk-spectrum/m2/org/eclipse/jgit/org.eclipse.jgit/5.13.3.202401111512-r/org.eclipse.jgit-5.13.3.202401111512-r.jar:/workspace/scratch/87c30a06d3c7/m3jdk-spectrum/m2/com/googlecode/javaewah/JavaEWAH/1.1.13/JavaEWAH-1.1.13.jar:/workspace/scratch/87c30a06d3c7/m3jdk-spectrum/m2/org/junit/jupiter/junit-jupiter/5.10.2/junit-jupiter-5.10.2.jar:/workspace/scratch/87c30a06d3c7/m3jdk-spectrum/m2/org/junit/jupiter/junit-jupiter-engine/5.10.2/junit-jupiter-engine-5.10.2.jar:/workspace/scratch/87c30a06d3c7/m3jdk-spectrum/m2/org/junit/platform/junit-platform-engine/1.10.2/junit-platform-engine-1.10.2.jar:"/>
    <property name="java.vm.vendor" value="Oracle Corporation"/>
    <property name="sun.arch.data.model" value="64"/>
    <property name="java.vendor.url" value="https://java.oracle.com/"/>
    <property name="user.timezone" value="Europe/Berlin"/>
    <property name="os.name" value="Linux"/>
    <property name="java.vm.specification.version" value="21"/>
    <property name="sun.java.launcher" value="SUN_STANDARD"/>
    <property name="sun.boot.library.path" value="/workspace/scratch/877d9513c002/toolchains/jdk-21.0.2/lib"/>
    <property name="sun.java.command" value="/workspace/scratch/87c30a06d3c7/m3jdk-spectrum/repo/m3/tooling/migration-recipes/tasks/atom-spectrum-20261005/target/surefire/surefirebooter-20261005092744157_3.jar /workspace/scratch/87c30a06d3c7/m3jdk-spectrum/repo/m3/tooling/migration-recipes/tasks/atom-spectrum-20261005/target/surefire 2026-10-05T09-27-44_074-jvmRun1 surefire-20261005092744157_1tmp surefire_0-20261005092744157_2tmp"/>
    <property name="jdk.debug" value="release"/>
    <property name="surefire.test.class.path" value="/workspace/scratch/87c30a06d3c7/m3jdk-spectrum/repo/m3/tooling/migration-recipes/tasks/atom-spectrum-20261005/target/test-classes:/workspace/scratch/87c30a06d3c7/m3jdk-spectrum/repo/m3/tooling/migration-recipes/tasks/atom-spectrum-20261005/target/classes:/workspace/scratch/87c30a06d3c7/m3jdk-spectrum/m2/org/openrewrite/rewrite-java/8.17.1/rewrite-java-8.17.1.jar:/workspace/scratch/87c30a06d3c7/m3jdk-spectrum/m2/org/openrewrite/rewrite-core/8.17.1/rewrite-core-8.17.1.jar:/workspace/scratch/87c30a06d3c7/m3jdk-spectrum/m2/com/fasterxml/jackson/core/jackson-databind/2.16.1/jackson-databind-2.16.1.jar:/workspace/scratch/87c30a06d3c7/m3jdk-spectrum/m2/com/fasterxml/jackson/dataformat/jackson-dataformat-smile/2.16.1/jackson-dataformat-smile-2.16.1.jar:/workspace/scratch/87c30a06d3c7/m3jdk-spectrum/m2/com/fasterxml/jackson/module/jackson-module-parameter-names/2.16.1/jackson-module-parameter-names-2.16.1.jar:/workspace/scratch/87c30a06d3c7/m3jdk-spectrum/m2/com/fasterxml/jackson/datatype/jackson-datatype-jsr310/2.16.1/jackson-datatype-jsr310-2.16.1.jar:/workspace/scratch/87c30a06d3c7/m3jdk-spectrum/m2/org/openrewrite/tools/java-object-diff/1.0.1/java-object-diff-1.0.1.jar:/workspace/scratch/87c30a06d3c7/m3jdk-spectrum/m2/io/quarkus/gizmo/gizmo/1.0.11.Final/gizmo-1.0.11.Final.jar:/workspace/scratch/87c30a06d3c7/m3jdk-spectrum/m2/org/jboss/jandex/2.4.2.Final/jandex-2.4.2.Final.jar:/workspace/scratch/87c30a06d3c7/m3jdk-spectrum/m2/net/java/dev/jna/jna-platform/5.14.0/jna-platform-5.14.0.jar:/workspace/scratch/87c30a06d3c7/m3jdk-spectrum/m2/net/java/dev/jna/jna/5.14.0/jna-5.14.0.jar:/workspace/scratch/87c30a06d3c7/m3jdk-spectrum/m2/org/apache/commons/commons-compress/1.26.0/commons-compress-1.26.0.jar:/workspace/scratch/87c30a06d3c7/m3jdk-spectrum/m2/commons-io/commons-io/2.15.1/commons-io-2.15.1.jar:/workspace/scratch/87c30a06d3c7/m3jdk-spectrum/m2/org/yaml/snakeyaml/2.2/snakeyaml-2.2.jar:/workspace/scratch/87c30a06d3c7/m3jdk-spectrum/m2/org/openrewrite/rewrite-yaml/8.17.1/rewrite-yaml-8.17.1.jar:/workspace/scratch/87c30a06d3c7/m3jdk-spectrum/m2/org/openrewrite/rewrite-xml/8.17.1/rewrite-xml-8.17.1.jar:/workspace/scratch/87c30a06d3c7/m3jdk-spectrum/m2/io/micrometer/micrometer-core/1.9.17/micrometer-core-1.9.17.jar:/workspace/scratch/87c30a06d3c7/m3jdk-spectrum/m2/org/hdrhistogram/HdrHistogram/2.1.12/HdrHistogram-2.1.12.jar:/workspace/scratch/87c30a06d3c7/m3jdk-spectrum/m2/org/latencyutils/LatencyUtils/2.0.3/LatencyUtils-2.0.3.jar:/workspace/scratch/87c30a06d3c7/m3jdk-spectrum/m2/org/jetbrains/annotations/24.1.0/annotations-24.1.0.jar:/workspace/scratch/87c30a06d3c7/m3jdk-spectrum/m2/com/fasterxml/jackson/core/jackson-annotations/2.16.1/jackson-annotations-2.16.1.jar:/workspace/scratch/87c30a06d3c7/m3jdk-spectrum/m2/org/antlr/antlr4-runtime/4.11.1/antlr4-runtime-4.11.1.jar:/workspace/scratch/87c30a06d3c7/m3jdk-spectrum/m2/org/apache/commons/commons-lang3/3.14.0/commons-lang3-3.14.0.jar:/workspace/scratch/87c30a06d3c7/m3jdk-spectrum/m2/org/apache/commons/commons-text/1.11.0/commons-text-1.11.0.jar:/workspace/scratch/87c30a06d3c7/m3jdk-spectrum/m2/io/github/classgraph/classgraph/4.8.165/classgraph-4.8.165.jar:/workspace/scratch/87c30a06d3c7/m3jdk-spectrum/m2/org/xerial/snappy/snappy-java/1.1.10.5/snappy-java-1.1.10.5.jar:/workspace/scratch/87c30a06d3c7/m3jdk-spectrum/m2/io/github/fastfilter/fastfilter/1.0.2/fastfilter-1.0.2.jar:/workspace/scratch/87c30a06d3c7/m3jdk-spectrum/m2/org/ow2/asm/asm/9.6/asm-9.6.jar:/workspace/scratch/87c30a06d3c7/m3jdk-spectrum/m2/org/ow2/asm/asm-util/9.6/asm-util-9.6.jar:/workspace/scratch/87c30a06d3c7/m3jdk-spectrum/m2/org/ow2/asm/asm-tree/9.6/asm-tree-9.6.jar:/workspace/scratch/87c30a06d3c7/m3jdk-spectrum/m2/org/ow2/asm/asm-analysis/9.6/asm-analysis-9.6.jar:/workspace/scratch/87c30a06d3c7/m3jdk-spectrum/m2/org/openrewrite/rewrite-java-21/8.17.1/rewrite-java-21-8.17.1.jar:/workspace/scratch/87c30a06d3c7/m3jdk-spectrum/m2/org/openrewrite/rewrite-test/8.17.1/rewrite-test-8.17.1.jar:/workspace/scratch/87c30a06d3c7/m3jdk-spectrum/m2/org/junit/jupiter/junit-jupiter-api/5.10.2/junit-jupiter-api-5.10.2.jar:/workspace/scratch/87c30a06d3c7/m3jdk-spectrum/m2/org/opentest4j/opentest4j/1.3.0/opentest4j-1.3.0.jar:/workspace/scratch/87c30a06d3c7/m3jdk-spectrum/m2/org/junit/platform/junit-platform-commons/1.10.2/junit-platform-commons-1.10.2.jar:/workspace/scratch/87c30a06d3c7/m3jdk-spectrum/m2/org/apiguardian/apiguardian-api/1.1.2/apiguardian-api-1.1.2.jar:/workspace/scratch/87c30a06d3c7/m3jdk-spectrum/m2/org/junit/jupiter/junit-jupiter-params/5.10.2/junit-jupiter-params-5.10.2.jar:/workspace/scratch/87c30a06d3c7/m3jdk-spectrum/m2/org/assertj/assertj-core/3.25.3/assertj-core-3.25.3.jar:/workspace/scratch/87c30a06d3c7/m3jdk-spectrum/m2/net/bytebuddy/byte-buddy/1.14.11/byte-buddy-1.14.11.jar:/workspace/scratch/87c30a06d3c7/m3jdk-spectrum/m2/com/fasterxml/jackson/dataformat/jackson-dataformat-csv/2.16.1/jackson-dataformat-csv-2.16.1.jar:/workspace/scratch/87c30a06d3c7/m3jdk-spectrum/m2/com/fasterxml/jackson/core/jackson-core/2.16.1/jackson-core-2.16.1.jar:/workspace/scratch/87c30a06d3c7/m3jdk-spectrum/m2/org/slf4j/slf4j-api/1.7.36/slf4j-api-1.7.36.jar:/workspace/scratch/87c30a06d3c7/m3jdk-spectrum/m2/org/eclipse/jgit/org.eclipse.jgit/5.13.3.202401111512-r/org.eclipse.jgit-5.13.3.202401111512-r.jar:/workspace/scratch/87c30a06d3c7/m3jdk-spectrum/m2/com/googlecode/javaewah/JavaEWAH/1.1.13/JavaEWAH-1.1.13.jar:/workspace/scratch/87c30a06d3c7/m3jdk-spectrum/m2/org/junit/jupiter/junit-jupiter/5.10.2/junit-jupiter-5.10.2.jar:/workspace/scratch/87c30a06d3c7/m3jdk-spectrum/m2/org/junit/jupiter/junit-jupiter-engine/5.10.2/junit-jupiter-engine-5.10.2.jar:/workspace/scratch/87c30a06d3c7/m3jdk-spectrum/m2/org/junit/platform/junit-platform-engine/1.10.2/junit-platform-engine-1.10.2.jar:"/>
    <property name="sun.cpu.endian" value="little"/>
    <property name="user.home" value="/root"/>
    <property name="user.language" value="en"/>
    <property name="java.specification.vendor" value="Oracle Corporation"/>
    <property name="java.version.date" value="2024-01-16"/>
    <property name="java.home" value="/workspace/scratch/877d9513c002/toolchains/jdk-21.0.2"/>
    <property name="file.separator" value="/"/>
    <property name="basedir" value="/workspace/scratch/87c30a06d3c7/m3jdk-spectrum/repo/m3/tooling/migration-recipes/tasks/atom-spectrum-20261005"/>
    <property name="java.vm.compressedOopsMode" value="32-bit"/>
    <property name="line.separator" value="&#10;"/>
    <property name="java.vm.specification.vendor" value="Oracle Corporation"/>
    <property name="java.specification.name" value="Java Platform API Specification"/>
    <property name="m3.spectrum.corpusRoot" value="/workspace/scratch/87c30a06d3c7/m3jdk-spectrum/corpus"/>
    <property name="surefire.real.class.path" value="/workspace/scratch/87c30a06d3c7/m3jdk-spectrum/repo/m3/tooling/migration-recipes/tasks/atom-spectrum-20261005/target/surefire/surefirebooter-20261005092744157_3.jar"/>
    <property name="sun.management.compiler" value="HotSpot 64-Bit Tiered Compilers"/>
    <property name="java.runtime.version" value="21.0.2+13-58"/>
    <property name="user.name" value="root"/>
    <property name="stdout.encoding" value="UTF-8"/>
    <property name="path.separator" value=":"/>
    <property name="os.version" value="6.18.44"/>
    <property name="java.runtime.name" value="OpenJDK Runtime Environment"/>
    <property name="file.encoding" value="UTF-8"/>
    <property name="java.vm.name" value="OpenJDK 64-Bit Server VM"/>
    <property name="localRepository" value="/workspace/scratch/87c30a06d3c7/m3jdk-spectrum/m2"/>
    <property name="java.vendor.url.bug" value="https://bugreport.java.com/bugreport/"/>
    <property name="java.io.tmpdir" value="/tmp"/>
    <property name="java.version" value="21.0.2"/>
    <property name="user.dir" value="/workspace/scratch/87c30a06d3c7/m3jdk-spectrum/repo/m3/tooling/migration-recipes/tasks/atom-spectrum-20261005"/>
    <property name="os.arch" value="amd64"/>
    <property name="java.vm.specification.name" value="Java Virtual Machine Specification"/>
    <property name="native.encoding" value="UTF-8"/>
    <property name="java.library.path" value="/usr/java/packages/lib:/usr/lib64:/lib64:/lib:/usr/lib"/>
    <property name="stderr.encoding" value="UTF-8"/>
    <property name="java.vm.info" value="mixed mode, sharing"/>
    <property name="java.vendor" value="Oracle Corporation"/>
    <property name="java.vm.version" value="21.0.2+13-58"/>
    <property name="sun.io.unicode.encoding" value="UnicodeLittle"/>
    <property name="maven.repo.local" value="/workspace/scratch/87c30a06d3c7/m3jdk-spectrum/m2"/>
    <property name="java.class.version" value="65.0"/>
  </properties>
  <testcase name="unsafeOrBroaderShapesAreLeftUntouched" classname="com.m3.rewrite.atom.M3AtomizePureIntReturnRecipeTest" time="0.141"/>
  <testcase name="oneFileApplyChangesOnlyThePrivatePureLeafAndThenStops" classname="com.m3.rewrite.atom.M3AtomizePureIntReturnRecipeTest" time="0.894"/>
  <testcase name="tagsDeclareBothAtomizationAndPatternization" classname="com.m3.rewrite.atom.M3AtomizePureIntReturnRecipeTest" time="0.001"/>
  <testcase name="hundredFileFullApplyCompilesExecutesAndReachesFixedPoint" classname="com.m3.rewrite.atom.M3AtomizePureIntReturnRecipeTest" time="1.016"/>
</testsuite>
END_RAW_FILE final-reviewed/surefire-reports/TEST-com.m3.rewrite.atom.M3AtomizePureIntReturnRecipeTest.xml

BEGIN_RAW_FILE final-reviewed/surefire-reports/TEST-com.m3.rewrite.atom.M3IntRecipeProjectTest.xml sha256=9e84bff906b38ff08bb3e04c619925fb600593c14abcdbed966aa256246275a4
<?xml version="1.0" encoding="UTF-8"?>
<testsuite xmlns:xsi="http://www.w3.org/2001/XMLSchema-instance" xsi:noNamespaceSchemaLocation="https://maven.apache.org/surefire/maven-surefire-plugin/xsd/surefire-test-report-3.0.xsd" version="3.0" name="com.m3.rewrite.atom.M3IntRecipeProjectTest" time="12.391" tests="6" errors="0" skipped="0" failures="0">
  <properties>
    <property name="java.specification.version" value="21"/>
    <property name="sun.jnu.encoding" value="UTF-8"/>
    <property name="java.class.path" value="/workspace/scratch/87c30a06d3c7/m3jdk-spectrum/repo/m3/tooling/migration-recipes/tasks/atom-spectrum-20261005/target/test-classes:/workspace/scratch/87c30a06d3c7/m3jdk-spectrum/repo/m3/tooling/migration-recipes/tasks/atom-spectrum-20261005/target/classes:/workspace/scratch/87c30a06d3c7/m3jdk-spectrum/m2/org/openrewrite/rewrite-java/8.17.1/rewrite-java-8.17.1.jar:/workspace/scratch/87c30a06d3c7/m3jdk-spectrum/m2/org/openrewrite/rewrite-core/8.17.1/rewrite-core-8.17.1.jar:/workspace/scratch/87c30a06d3c7/m3jdk-spectrum/m2/com/fasterxml/jackson/core/jackson-databind/2.16.1/jackson-databind-2.16.1.jar:/workspace/scratch/87c30a06d3c7/m3jdk-spectrum/m2/com/fasterxml/jackson/dataformat/jackson-dataformat-smile/2.16.1/jackson-dataformat-smile-2.16.1.jar:/workspace/scratch/87c30a06d3c7/m3jdk-spectrum/m2/com/fasterxml/jackson/module/jackson-module-parameter-names/2.16.1/jackson-module-parameter-names-2.16.1.jar:/workspace/scratch/87c30a06d3c7/m3jdk-spectrum/m2/com/fasterxml/jackson/datatype/jackson-datatype-jsr310/2.16.1/jackson-datatype-jsr310-2.16.1.jar:/workspace/scratch/87c30a06d3c7/m3jdk-spectrum/m2/org/openrewrite/tools/java-object-diff/1.0.1/java-object-diff-1.0.1.jar:/workspace/scratch/87c30a06d3c7/m3jdk-spectrum/m2/io/quarkus/gizmo/gizmo/1.0.11.Final/gizmo-1.0.11.Final.jar:/workspace/scratch/87c30a06d3c7/m3jdk-spectrum/m2/org/jboss/jandex/2.4.2.Final/jandex-2.4.2.Final.jar:/workspace/scratch/87c30a06d3c7/m3jdk-spectrum/m2/net/java/dev/jna/jna-platform/5.14.0/jna-platform-5.14.0.jar:/workspace/scratch/87c30a06d3c7/m3jdk-spectrum/m2/net/java/dev/jna/jna/5.14.0/jna-5.14.0.jar:/workspace/scratch/87c30a06d3c7/m3jdk-spectrum/m2/org/apache/commons/commons-compress/1.26.0/commons-compress-1.26.0.jar:/workspace/scratch/87c30a06d3c7/m3jdk-spectrum/m2/commons-io/commons-io/2.15.1/commons-io-2.15.1.jar:/workspace/scratch/87c30a06d3c7/m3jdk-spectrum/m2/org/yaml/snakeyaml/2.2/snakeyaml-2.2.jar:/workspace/scratch/87c30a06d3c7/m3jdk-spectrum/m2/org/openrewrite/rewrite-yaml/8.17.1/rewrite-yaml-8.17.1.jar:/workspace/scratch/87c30a06d3c7/m3jdk-spectrum/m2/org/openrewrite/rewrite-xml/8.17.1/rewrite-xml-8.17.1.jar:/workspace/scratch/87c30a06d3c7/m3jdk-spectrum/m2/io/micrometer/micrometer-core/1.9.17/micrometer-core-1.9.17.jar:/workspace/scratch/87c30a06d3c7/m3jdk-spectrum/m2/org/hdrhistogram/HdrHistogram/2.1.12/HdrHistogram-2.1.12.jar:/workspace/scratch/87c30a06d3c7/m3jdk-spectrum/m2/org/latencyutils/LatencyUtils/2.0.3/LatencyUtils-2.0.3.jar:/workspace/scratch/87c30a06d3c7/m3jdk-spectrum/m2/org/jetbrains/annotations/24.1.0/annotations-24.1.0.jar:/workspace/scratch/87c30a06d3c7/m3jdk-spectrum/m2/com/fasterxml/jackson/core/jackson-annotations/2.16.1/jackson-annotations-2.16.1.jar:/workspace/scratch/87c30a06d3c7/m3jdk-spectrum/m2/org/antlr/antlr4-runtime/4.11.1/antlr4-runtime-4.11.1.jar:/workspace/scratch/87c30a06d3c7/m3jdk-spectrum/m2/org/apache/commons/commons-lang3/3.14.0/commons-lang3-3.14.0.jar:/workspace/scratch/87c30a06d3c7/m3jdk-spectrum/m2/org/apache/commons/commons-text/1.11.0/commons-text-1.11.0.jar:/workspace/scratch/87c30a06d3c7/m3jdk-spectrum/m2/io/github/classgraph/classgraph/4.8.165/classgraph-4.8.165.jar:/workspace/scratch/87c30a06d3c7/m3jdk-spectrum/m2/org/xerial/snappy/snappy-java/1.1.10.5/snappy-java-1.1.10.5.jar:/workspace/scratch/87c30a06d3c7/m3jdk-spectrum/m2/io/github/fastfilter/fastfilter/1.0.2/fastfilter-1.0.2.jar:/workspace/scratch/87c30a06d3c7/m3jdk-spectrum/m2/org/ow2/asm/asm/9.6/asm-9.6.jar:/workspace/scratch/87c30a06d3c7/m3jdk-spectrum/m2/org/ow2/asm/asm-util/9.6/asm-util-9.6.jar:/workspace/scratch/87c30a06d3c7/m3jdk-spectrum/m2/org/ow2/asm/asm-tree/9.6/asm-tree-9.6.jar:/workspace/scratch/87c30a06d3c7/m3jdk-spectrum/m2/org/ow2/asm/asm-analysis/9.6/asm-analysis-9.6.jar:/workspace/scratch/87c30a06d3c7/m3jdk-spectrum/m2/org/openrewrite/rewrite-java-21/8.17.1/rewrite-java-21-8.17.1.jar:/workspace/scratch/87c30a06d3c7/m3jdk-spectrum/m2/org/openrewrite/rewrite-test/8.17.1/rewrite-test-8.17.1.jar:/workspace/scratch/87c30a06d3c7/m3jdk-spectrum/m2/org/junit/jupiter/junit-jupiter-api/5.10.2/junit-jupiter-api-5.10.2.jar:/workspace/scratch/87c30a06d3c7/m3jdk-spectrum/m2/org/opentest4j/opentest4j/1.3.0/opentest4j-1.3.0.jar:/workspace/scratch/87c30a06d3c7/m3jdk-spectrum/m2/org/junit/platform/junit-platform-commons/1.10.2/junit-platform-commons-1.10.2.jar:/workspace/scratch/87c30a06d3c7/m3jdk-spectrum/m2/org/apiguardian/apiguardian-api/1.1.2/apiguardian-api-1.1.2.jar:/workspace/scratch/87c30a06d3c7/m3jdk-spectrum/m2/org/junit/jupiter/junit-jupiter-params/5.10.2/junit-jupiter-params-5.10.2.jar:/workspace/scratch/87c30a06d3c7/m3jdk-spectrum/m2/org/assertj/assertj-core/3.25.3/assertj-core-3.25.3.jar:/workspace/scratch/87c30a06d3c7/m3jdk-spectrum/m2/net/bytebuddy/byte-buddy/1.14.11/byte-buddy-1.14.11.jar:/workspace/scratch/87c30a06d3c7/m3jdk-spectrum/m2/com/fasterxml/jackson/dataformat/jackson-dataformat-csv/2.16.1/jackson-dataformat-csv-2.16.1.jar:/workspace/scratch/87c30a06d3c7/m3jdk-spectrum/m2/com/fasterxml/jackson/core/jackson-core/2.16.1/jackson-core-2.16.1.jar:/workspace/scratch/87c30a06d3c7/m3jdk-spectrum/m2/org/slf4j/slf4j-api/1.7.36/slf4j-api-1.7.36.jar:/workspace/scratch/87c30a06d3c7/m3jdk-spectrum/m2/org/eclipse/jgit/org.eclipse.jgit/5.13.3.202401111512-r/org.eclipse.jgit-5.13.3.202401111512-r.jar:/workspace/scratch/87c30a06d3c7/m3jdk-spectrum/m2/com/googlecode/javaewah/JavaEWAH/1.1.13/JavaEWAH-1.1.13.jar:/workspace/scratch/87c30a06d3c7/m3jdk-spectrum/m2/org/junit/jupiter/junit-jupiter/5.10.2/junit-jupiter-5.10.2.jar:/workspace/scratch/87c30a06d3c7/m3jdk-spectrum/m2/org/junit/jupiter/junit-jupiter-engine/5.10.2/junit-jupiter-engine-5.10.2.jar:/workspace/scratch/87c30a06d3c7/m3jdk-spectrum/m2/org/junit/platform/junit-platform-engine/1.10.2/junit-platform-engine-1.10.2.jar:"/>
    <property name="java.vm.vendor" value="Oracle Corporation"/>
    <property name="sun.arch.data.model" value="64"/>
    <property name="java.vendor.url" value="https://java.oracle.com/"/>
    <property name="user.timezone" value="Europe/Berlin"/>
    <property name="os.name" value="Linux"/>
    <property name="java.vm.specification.version" value="21"/>
    <property name="sun.java.launcher" value="SUN_STANDARD"/>
    <property name="sun.boot.library.path" value="/workspace/scratch/877d9513c002/toolchains/jdk-21.0.2/lib"/>
    <property name="sun.java.command" value="/workspace/scratch/87c30a06d3c7/m3jdk-spectrum/repo/m3/tooling/migration-recipes/tasks/atom-spectrum-20261005/target/surefire/surefirebooter-20261005092744157_3.jar /workspace/scratch/87c30a06d3c7/m3jdk-spectrum/repo/m3/tooling/migration-recipes/tasks/atom-spectrum-20261005/target/surefire 2026-10-05T09-27-44_074-jvmRun1 surefire-20261005092744157_1tmp surefire_0-20261005092744157_2tmp"/>
    <property name="jdk.debug" value="release"/>
    <property name="surefire.test.class.path" value="/workspace/scratch/87c30a06d3c7/m3jdk-spectrum/repo/m3/tooling/migration-recipes/tasks/atom-spectrum-20261005/target/test-classes:/workspace/scratch/87c30a06d3c7/m3jdk-spectrum/repo/m3/tooling/migration-recipes/tasks/atom-spectrum-20261005/target/classes:/workspace/scratch/87c30a06d3c7/m3jdk-spectrum/m2/org/openrewrite/rewrite-java/8.17.1/rewrite-java-8.17.1.jar:/workspace/scratch/87c30a06d3c7/m3jdk-spectrum/m2/org/openrewrite/rewrite-core/8.17.1/rewrite-core-8.17.1.jar:/workspace/scratch/87c30a06d3c7/m3jdk-spectrum/m2/com/fasterxml/jackson/core/jackson-databind/2.16.1/jackson-databind-2.16.1.jar:/workspace/scratch/87c30a06d3c7/m3jdk-spectrum/m2/com/fasterxml/jackson/dataformat/jackson-dataformat-smile/2.16.1/jackson-dataformat-smile-2.16.1.jar:/workspace/scratch/87c30a06d3c7/m3jdk-spectrum/m2/com/fasterxml/jackson/module/jackson-module-parameter-names/2.16.1/jackson-module-parameter-names-2.16.1.jar:/workspace/scratch/87c30a06d3c7/m3jdk-spectrum/m2/com/fasterxml/jackson/datatype/jackson-datatype-jsr310/2.16.1/jackson-datatype-jsr310-2.16.1.jar:/workspace/scratch/87c30a06d3c7/m3jdk-spectrum/m2/org/openrewrite/tools/java-object-diff/1.0.1/java-object-diff-1.0.1.jar:/workspace/scratch/87c30a06d3c7/m3jdk-spectrum/m2/io/quarkus/gizmo/gizmo/1.0.11.Final/gizmo-1.0.11.Final.jar:/workspace/scratch/87c30a06d3c7/m3jdk-spectrum/m2/org/jboss/jandex/2.4.2.Final/jandex-2.4.2.Final.jar:/workspace/scratch/87c30a06d3c7/m3jdk-spectrum/m2/net/java/dev/jna/jna-platform/5.14.0/jna-platform-5.14.0.jar:/workspace/scratch/87c30a06d3c7/m3jdk-spectrum/m2/net/java/dev/jna/jna/5.14.0/jna-5.14.0.jar:/workspace/scratch/87c30a06d3c7/m3jdk-spectrum/m2/org/apache/commons/commons-compress/1.26.0/commons-compress-1.26.0.jar:/workspace/scratch/87c30a06d3c7/m3jdk-spectrum/m2/commons-io/commons-io/2.15.1/commons-io-2.15.1.jar:/workspace/scratch/87c30a06d3c7/m3jdk-spectrum/m2/org/yaml/snakeyaml/2.2/snakeyaml-2.2.jar:/workspace/scratch/87c30a06d3c7/m3jdk-spectrum/m2/org/openrewrite/rewrite-yaml/8.17.1/rewrite-yaml-8.17.1.jar:/workspace/scratch/87c30a06d3c7/m3jdk-spectrum/m2/org/openrewrite/rewrite-xml/8.17.1/rewrite-xml-8.17.1.jar:/workspace/scratch/87c30a06d3c7/m3jdk-spectrum/m2/io/micrometer/micrometer-core/1.9.17/micrometer-core-1.9.17.jar:/workspace/scratch/87c30a06d3c7/m3jdk-spectrum/m2/org/hdrhistogram/HdrHistogram/2.1.12/HdrHistogram-2.1.12.jar:/workspace/scratch/87c30a06d3c7/m3jdk-spectrum/m2/org/latencyutils/LatencyUtils/2.0.3/LatencyUtils-2.0.3.jar:/workspace/scratch/87c30a06d3c7/m3jdk-spectrum/m2/org/jetbrains/annotations/24.1.0/annotations-24.1.0.jar:/workspace/scratch/87c30a06d3c7/m3jdk-spectrum/m2/com/fasterxml/jackson/core/jackson-annotations/2.16.1/jackson-annotations-2.16.1.jar:/workspace/scratch/87c30a06d3c7/m3jdk-spectrum/m2/org/antlr/antlr4-runtime/4.11.1/antlr4-runtime-4.11.1.jar:/workspace/scratch/87c30a06d3c7/m3jdk-spectrum/m2/org/apache/commons/commons-lang3/3.14.0/commons-lang3-3.14.0.jar:/workspace/scratch/87c30a06d3c7/m3jdk-spectrum/m2/org/apache/commons/commons-text/1.11.0/commons-text-1.11.0.jar:/workspace/scratch/87c30a06d3c7/m3jdk-spectrum/m2/io/github/classgraph/classgraph/4.8.165/classgraph-4.8.165.jar:/workspace/scratch/87c30a06d3c7/m3jdk-spectrum/m2/org/xerial/snappy/snappy-java/1.1.10.5/snappy-java-1.1.10.5.jar:/workspace/scratch/87c30a06d3c7/m3jdk-spectrum/m2/io/github/fastfilter/fastfilter/1.0.2/fastfilter-1.0.2.jar:/workspace/scratch/87c30a06d3c7/m3jdk-spectrum/m2/org/ow2/asm/asm/9.6/asm-9.6.jar:/workspace/scratch/87c30a06d3c7/m3jdk-spectrum/m2/org/ow2/asm/asm-util/9.6/asm-util-9.6.jar:/workspace/scratch/87c30a06d3c7/m3jdk-spectrum/m2/org/ow2/asm/asm-tree/9.6/asm-tree-9.6.jar:/workspace/scratch/87c30a06d3c7/m3jdk-spectrum/m2/org/ow2/asm/asm-analysis/9.6/asm-analysis-9.6.jar:/workspace/scratch/87c30a06d3c7/m3jdk-spectrum/m2/org/openrewrite/rewrite-java-21/8.17.1/rewrite-java-21-8.17.1.jar:/workspace/scratch/87c30a06d3c7/m3jdk-spectrum/m2/org/openrewrite/rewrite-test/8.17.1/rewrite-test-8.17.1.jar:/workspace/scratch/87c30a06d3c7/m3jdk-spectrum/m2/org/junit/jupiter/junit-jupiter-api/5.10.2/junit-jupiter-api-5.10.2.jar:/workspace/scratch/87c30a06d3c7/m3jdk-spectrum/m2/org/opentest4j/opentest4j/1.3.0/opentest4j-1.3.0.jar:/workspace/scratch/87c30a06d3c7/m3jdk-spectrum/m2/org/junit/platform/junit-platform-commons/1.10.2/junit-platform-commons-1.10.2.jar:/workspace/scratch/87c30a06d3c7/m3jdk-spectrum/m2/org/apiguardian/apiguardian-api/1.1.2/apiguardian-api-1.1.2.jar:/workspace/scratch/87c30a06d3c7/m3jdk-spectrum/m2/org/junit/jupiter/junit-jupiter-params/5.10.2/junit-jupiter-params-5.10.2.jar:/workspace/scratch/87c30a06d3c7/m3jdk-spectrum/m2/org/assertj/assertj-core/3.25.3/assertj-core-3.25.3.jar:/workspace/scratch/87c30a06d3c7/m3jdk-spectrum/m2/net/bytebuddy/byte-buddy/1.14.11/byte-buddy-1.14.11.jar:/workspace/scratch/87c30a06d3c7/m3jdk-spectrum/m2/com/fasterxml/jackson/dataformat/jackson-dataformat-csv/2.16.1/jackson-dataformat-csv-2.16.1.jar:/workspace/scratch/87c30a06d3c7/m3jdk-spectrum/m2/com/fasterxml/jackson/core/jackson-core/2.16.1/jackson-core-2.16.1.jar:/workspace/scratch/87c30a06d3c7/m3jdk-spectrum/m2/org/slf4j/slf4j-api/1.7.36/slf4j-api-1.7.36.jar:/workspace/scratch/87c30a06d3c7/m3jdk-spectrum/m2/org/eclipse/jgit/org.eclipse.jgit/5.13.3.202401111512-r/org.eclipse.jgit-5.13.3.202401111512-r.jar:/workspace/scratch/87c30a06d3c7/m3jdk-spectrum/m2/com/googlecode/javaewah/JavaEWAH/1.1.13/JavaEWAH-1.1.13.jar:/workspace/scratch/87c30a06d3c7/m3jdk-spectrum/m2/org/junit/jupiter/junit-jupiter/5.10.2/junit-jupiter-5.10.2.jar:/workspace/scratch/87c30a06d3c7/m3jdk-spectrum/m2/org/junit/jupiter/junit-jupiter-engine/5.10.2/junit-jupiter-engine-5.10.2.jar:/workspace/scratch/87c30a06d3c7/m3jdk-spectrum/m2/org/junit/platform/junit-platform-engine/1.10.2/junit-platform-engine-1.10.2.jar:"/>
    <property name="sun.cpu.endian" value="little"/>
    <property name="user.home" value="/root"/>
    <property name="user.language" value="en"/>
    <property name="java.specification.vendor" value="Oracle Corporation"/>
    <property name="java.version.date" value="2024-01-16"/>
    <property name="java.home" value="/workspace/scratch/877d9513c002/toolchains/jdk-21.0.2"/>
    <property name="file.separator" value="/"/>
    <property name="basedir" value="/workspace/scratch/87c30a06d3c7/m3jdk-spectrum/repo/m3/tooling/migration-recipes/tasks/atom-spectrum-20261005"/>
    <property name="java.vm.compressedOopsMode" value="32-bit"/>
    <property name="line.separator" value="&#10;"/>
    <property name="java.vm.specification.vendor" value="Oracle Corporation"/>
    <property name="java.specification.name" value="Java Platform API Specification"/>
    <property name="m3.spectrum.corpusRoot" value="/workspace/scratch/87c30a06d3c7/m3jdk-spectrum/corpus"/>
    <property name="surefire.real.class.path" value="/workspace/scratch/87c30a06d3c7/m3jdk-spectrum/repo/m3/tooling/migration-recipes/tasks/atom-spectrum-20261005/target/surefire/surefirebooter-20261005092744157_3.jar"/>
    <property name="sun.management.compiler" value="HotSpot 64-Bit Tiered Compilers"/>
    <property name="java.runtime.version" value="21.0.2+13-58"/>
    <property name="user.name" value="root"/>
    <property name="stdout.encoding" value="UTF-8"/>
    <property name="path.separator" value=":"/>
    <property name="os.version" value="6.18.44"/>
    <property name="java.runtime.name" value="OpenJDK Runtime Environment"/>
    <property name="file.encoding" value="UTF-8"/>
    <property name="java.vm.name" value="OpenJDK 64-Bit Server VM"/>
    <property name="localRepository" value="/workspace/scratch/87c30a06d3c7/m3jdk-spectrum/m2"/>
    <property name="java.vendor.url.bug" value="https://bugreport.java.com/bugreport/"/>
    <property name="java.io.tmpdir" value="/tmp"/>
    <property name="java.version" value="21.0.2"/>
    <property name="user.dir" value="/workspace/scratch/87c30a06d3c7/m3jdk-spectrum/repo/m3/tooling/migration-recipes/tasks/atom-spectrum-20261005"/>
    <property name="os.arch" value="amd64"/>
    <property name="java.vm.specification.name" value="Java Virtual Machine Specification"/>
    <property name="native.encoding" value="UTF-8"/>
    <property name="java.library.path" value="/usr/java/packages/lib:/usr/lib64:/lib64:/lib:/usr/lib"/>
    <property name="stderr.encoding" value="UTF-8"/>
    <property name="java.vm.info" value="mixed mode, sharing"/>
    <property name="java.vendor" value="Oracle Corporation"/>
    <property name="java.vm.version" value="21.0.2+13-58"/>
    <property name="sun.io.unicode.encoding" value="UnicodeLittle"/>
    <property name="maven.repo.local" value="/workspace/scratch/87c30a06d3c7/m3jdk-spectrum/m2"/>
    <property name="java.class.version" value="65.0"/>
  </properties>
  <testcase name="arrayDeclaratorsAndVarargsAreNotScalarIntParameters" classname="com.m3.rewrite.atom.M3IntRecipeProjectTest" time="1.939"/>
  <testcase name="actualRecipesConvergeAcrossBothOrdersWithEveryIntermediateComparedToFrozenOriginal" classname="com.m3.rewrite.atom.M3IntRecipeProjectTest" time="7.011"/>
  <testcase name="stateExceptionsAliasesAndLexicalLookalikesStayOutsideThePureLeafDomain" classname="com.m3.rewrite.atom.M3IntRecipeProjectTest" time="0.308"/>
  <testcase name="compilerAndDifferentialOracleRejectDeliberatelyBadCandidates" classname="com.m3.rewrite.atom.M3IntRecipeProjectTest" time="0.198"/>
  <testcase name="projectEnumerationOrderDoesNotChangeTheCompleteCompositeResult" classname="com.m3.rewrite.atom.M3IntRecipeProjectTest" time="1.159"/>
  <testcase name="oneSweepBudgetIsNotAReplayWitness" classname="com.m3.rewrite.atom.M3IntRecipeProjectTest" time="1.763"/>
</testsuite>
END_RAW_FILE final-reviewed/surefire-reports/TEST-com.m3.rewrite.atom.M3IntRecipeProjectTest.xml

BEGIN_RAW_FILE final-reviewed/surefire-reports/TEST-com.m3.rewrite.atom.M3IntSpectrumTest.xml sha256=7ba58f9043b7b976b793e95793c2df6babea9d2e2ca9e733545a6005d01944a6
<?xml version="1.0" encoding="UTF-8"?>
<testsuite xmlns:xsi="http://www.w3.org/2001/XMLSchema-instance" xsi:noNamespaceSchemaLocation="https://maven.apache.org/surefire/maven-surefire-plugin/xsd/surefire-test-report-3.0.xsd" version="3.0" name="com.m3.rewrite.atom.M3IntSpectrumTest" time="29.122" tests="4" errors="0" skipped="0" failures="0">
  <properties>
    <property name="java.specification.version" value="21"/>
    <property name="sun.jnu.encoding" value="UTF-8"/>
    <property name="java.class.path" value="/workspace/scratch/87c30a06d3c7/m3jdk-spectrum/repo/m3/tooling/migration-recipes/tasks/atom-spectrum-20261005/target/test-classes:/workspace/scratch/87c30a06d3c7/m3jdk-spectrum/repo/m3/tooling/migration-recipes/tasks/atom-spectrum-20261005/target/classes:/workspace/scratch/87c30a06d3c7/m3jdk-spectrum/m2/org/openrewrite/rewrite-java/8.17.1/rewrite-java-8.17.1.jar:/workspace/scratch/87c30a06d3c7/m3jdk-spectrum/m2/org/openrewrite/rewrite-core/8.17.1/rewrite-core-8.17.1.jar:/workspace/scratch/87c30a06d3c7/m3jdk-spectrum/m2/com/fasterxml/jackson/core/jackson-databind/2.16.1/jackson-databind-2.16.1.jar:/workspace/scratch/87c30a06d3c7/m3jdk-spectrum/m2/com/fasterxml/jackson/dataformat/jackson-dataformat-smile/2.16.1/jackson-dataformat-smile-2.16.1.jar:/workspace/scratch/87c30a06d3c7/m3jdk-spectrum/m2/com/fasterxml/jackson/module/jackson-module-parameter-names/2.16.1/jackson-module-parameter-names-2.16.1.jar:/workspace/scratch/87c30a06d3c7/m3jdk-spectrum/m2/com/fasterxml/jackson/datatype/jackson-datatype-jsr310/2.16.1/jackson-datatype-jsr310-2.16.1.jar:/workspace/scratch/87c30a06d3c7/m3jdk-spectrum/m2/org/openrewrite/tools/java-object-diff/1.0.1/java-object-diff-1.0.1.jar:/workspace/scratch/87c30a06d3c7/m3jdk-spectrum/m2/io/quarkus/gizmo/gizmo/1.0.11.Final/gizmo-1.0.11.Final.jar:/workspace/scratch/87c30a06d3c7/m3jdk-spectrum/m2/org/jboss/jandex/2.4.2.Final/jandex-2.4.2.Final.jar:/workspace/scratch/87c30a06d3c7/m3jdk-spectrum/m2/net/java/dev/jna/jna-platform/5.14.0/jna-platform-5.14.0.jar:/workspace/scratch/87c30a06d3c7/m3jdk-spectrum/m2/net/java/dev/jna/jna/5.14.0/jna-5.14.0.jar:/workspace/scratch/87c30a06d3c7/m3jdk-spectrum/m2/org/apache/commons/commons-compress/1.26.0/commons-compress-1.26.0.jar:/workspace/scratch/87c30a06d3c7/m3jdk-spectrum/m2/commons-io/commons-io/2.15.1/commons-io-2.15.1.jar:/workspace/scratch/87c30a06d3c7/m3jdk-spectrum/m2/org/yaml/snakeyaml/2.2/snakeyaml-2.2.jar:/workspace/scratch/87c30a06d3c7/m3jdk-spectrum/m2/org/openrewrite/rewrite-yaml/8.17.1/rewrite-yaml-8.17.1.jar:/workspace/scratch/87c30a06d3c7/m3jdk-spectrum/m2/org/openrewrite/rewrite-xml/8.17.1/rewrite-xml-8.17.1.jar:/workspace/scratch/87c30a06d3c7/m3jdk-spectrum/m2/io/micrometer/micrometer-core/1.9.17/micrometer-core-1.9.17.jar:/workspace/scratch/87c30a06d3c7/m3jdk-spectrum/m2/org/hdrhistogram/HdrHistogram/2.1.12/HdrHistogram-2.1.12.jar:/workspace/scratch/87c30a06d3c7/m3jdk-spectrum/m2/org/latencyutils/LatencyUtils/2.0.3/LatencyUtils-2.0.3.jar:/workspace/scratch/87c30a06d3c7/m3jdk-spectrum/m2/org/jetbrains/annotations/24.1.0/annotations-24.1.0.jar:/workspace/scratch/87c30a06d3c7/m3jdk-spectrum/m2/com/fasterxml/jackson/core/jackson-annotations/2.16.1/jackson-annotations-2.16.1.jar:/workspace/scratch/87c30a06d3c7/m3jdk-spectrum/m2/org/antlr/antlr4-runtime/4.11.1/antlr4-runtime-4.11.1.jar:/workspace/scratch/87c30a06d3c7/m3jdk-spectrum/m2/org/apache/commons/commons-lang3/3.14.0/commons-lang3-3.14.0.jar:/workspace/scratch/87c30a06d3c7/m3jdk-spectrum/m2/org/apache/commons/commons-text/1.11.0/commons-text-1.11.0.jar:/workspace/scratch/87c30a06d3c7/m3jdk-spectrum/m2/io/github/classgraph/classgraph/4.8.165/classgraph-4.8.165.jar:/workspace/scratch/87c30a06d3c7/m3jdk-spectrum/m2/org/xerial/snappy/snappy-java/1.1.10.5/snappy-java-1.1.10.5.jar:/workspace/scratch/87c30a06d3c7/m3jdk-spectrum/m2/io/github/fastfilter/fastfilter/1.0.2/fastfilter-1.0.2.jar:/workspace/scratch/87c30a06d3c7/m3jdk-spectrum/m2/org/ow2/asm/asm/9.6/asm-9.6.jar:/workspace/scratch/87c30a06d3c7/m3jdk-spectrum/m2/org/ow2/asm/asm-util/9.6/asm-util-9.6.jar:/workspace/scratch/87c30a06d3c7/m3jdk-spectrum/m2/org/ow2/asm/asm-tree/9.6/asm-tree-9.6.jar:/workspace/scratch/87c30a06d3c7/m3jdk-spectrum/m2/org/ow2/asm/asm-analysis/9.6/asm-analysis-9.6.jar:/workspace/scratch/87c30a06d3c7/m3jdk-spectrum/m2/org/openrewrite/rewrite-java-21/8.17.1/rewrite-java-21-8.17.1.jar:/workspace/scratch/87c30a06d3c7/m3jdk-spectrum/m2/org/openrewrite/rewrite-test/8.17.1/rewrite-test-8.17.1.jar:/workspace/scratch/87c30a06d3c7/m3jdk-spectrum/m2/org/junit/jupiter/junit-jupiter-api/5.10.2/junit-jupiter-api-5.10.2.jar:/workspace/scratch/87c30a06d3c7/m3jdk-spectrum/m2/org/opentest4j/opentest4j/1.3.0/opentest4j-1.3.0.jar:/workspace/scratch/87c30a06d3c7/m3jdk-spectrum/m2/org/junit/platform/junit-platform-commons/1.10.2/junit-platform-commons-1.10.2.jar:/workspace/scratch/87c30a06d3c7/m3jdk-spectrum/m2/org/apiguardian/apiguardian-api/1.1.2/apiguardian-api-1.1.2.jar:/workspace/scratch/87c30a06d3c7/m3jdk-spectrum/m2/org/junit/jupiter/junit-jupiter-params/5.10.2/junit-jupiter-params-5.10.2.jar:/workspace/scratch/87c30a06d3c7/m3jdk-spectrum/m2/org/assertj/assertj-core/3.25.3/assertj-core-3.25.3.jar:/workspace/scratch/87c30a06d3c7/m3jdk-spectrum/m2/net/bytebuddy/byte-buddy/1.14.11/byte-buddy-1.14.11.jar:/workspace/scratch/87c30a06d3c7/m3jdk-spectrum/m2/com/fasterxml/jackson/dataformat/jackson-dataformat-csv/2.16.1/jackson-dataformat-csv-2.16.1.jar:/workspace/scratch/87c30a06d3c7/m3jdk-spectrum/m2/com/fasterxml/jackson/core/jackson-core/2.16.1/jackson-core-2.16.1.jar:/workspace/scratch/87c30a06d3c7/m3jdk-spectrum/m2/org/slf4j/slf4j-api/1.7.36/slf4j-api-1.7.36.jar:/workspace/scratch/87c30a06d3c7/m3jdk-spectrum/m2/org/eclipse/jgit/org.eclipse.jgit/5.13.3.202401111512-r/org.eclipse.jgit-5.13.3.202401111512-r.jar:/workspace/scratch/87c30a06d3c7/m3jdk-spectrum/m2/com/googlecode/javaewah/JavaEWAH/1.1.13/JavaEWAH-1.1.13.jar:/workspace/scratch/87c30a06d3c7/m3jdk-spectrum/m2/org/junit/jupiter/junit-jupiter/5.10.2/junit-jupiter-5.10.2.jar:/workspace/scratch/87c30a06d3c7/m3jdk-spectrum/m2/org/junit/jupiter/junit-jupiter-engine/5.10.2/junit-jupiter-engine-5.10.2.jar:/workspace/scratch/87c30a06d3c7/m3jdk-spectrum/m2/org/junit/platform/junit-platform-engine/1.10.2/junit-platform-engine-1.10.2.jar:"/>
    <property name="java.vm.vendor" value="Oracle Corporation"/>
    <property name="sun.arch.data.model" value="64"/>
    <property name="java.vendor.url" value="https://java.oracle.com/"/>
    <property name="user.timezone" value="Europe/Berlin"/>
    <property name="os.name" value="Linux"/>
    <property name="java.vm.specification.version" value="21"/>
    <property name="sun.java.launcher" value="SUN_STANDARD"/>
    <property name="sun.boot.library.path" value="/workspace/scratch/877d9513c002/toolchains/jdk-21.0.2/lib"/>
    <property name="sun.java.command" value="/workspace/scratch/87c30a06d3c7/m3jdk-spectrum/repo/m3/tooling/migration-recipes/tasks/atom-spectrum-20261005/target/surefire/surefirebooter-20261005092744157_3.jar /workspace/scratch/87c30a06d3c7/m3jdk-spectrum/repo/m3/tooling/migration-recipes/tasks/atom-spectrum-20261005/target/surefire 2026-10-05T09-27-44_074-jvmRun1 surefire-20261005092744157_1tmp surefire_0-20261005092744157_2tmp"/>
    <property name="jdk.debug" value="release"/>
    <property name="surefire.test.class.path" value="/workspace/scratch/87c30a06d3c7/m3jdk-spectrum/repo/m3/tooling/migration-recipes/tasks/atom-spectrum-20261005/target/test-classes:/workspace/scratch/87c30a06d3c7/m3jdk-spectrum/repo/m3/tooling/migration-recipes/tasks/atom-spectrum-20261005/target/classes:/workspace/scratch/87c30a06d3c7/m3jdk-spectrum/m2/org/openrewrite/rewrite-java/8.17.1/rewrite-java-8.17.1.jar:/workspace/scratch/87c30a06d3c7/m3jdk-spectrum/m2/org/openrewrite/rewrite-core/8.17.1/rewrite-core-8.17.1.jar:/workspace/scratch/87c30a06d3c7/m3jdk-spectrum/m2/com/fasterxml/jackson/core/jackson-databind/2.16.1/jackson-databind-2.16.1.jar:/workspace/scratch/87c30a06d3c7/m3jdk-spectrum/m2/com/fasterxml/jackson/dataformat/jackson-dataformat-smile/2.16.1/jackson-dataformat-smile-2.16.1.jar:/workspace/scratch/87c30a06d3c7/m3jdk-spectrum/m2/com/fasterxml/jackson/module/jackson-module-parameter-names/2.16.1/jackson-module-parameter-names-2.16.1.jar:/workspace/scratch/87c30a06d3c7/m3jdk-spectrum/m2/com/fasterxml/jackson/datatype/jackson-datatype-jsr310/2.16.1/jackson-datatype-jsr310-2.16.1.jar:/workspace/scratch/87c30a06d3c7/m3jdk-spectrum/m2/org/openrewrite/tools/java-object-diff/1.0.1/java-object-diff-1.0.1.jar:/workspace/scratch/87c30a06d3c7/m3jdk-spectrum/m2/io/quarkus/gizmo/gizmo/1.0.11.Final/gizmo-1.0.11.Final.jar:/workspace/scratch/87c30a06d3c7/m3jdk-spectrum/m2/org/jboss/jandex/2.4.2.Final/jandex-2.4.2.Final.jar:/workspace/scratch/87c30a06d3c7/m3jdk-spectrum/m2/net/java/dev/jna/jna-platform/5.14.0/jna-platform-5.14.0.jar:/workspace/scratch/87c30a06d3c7/m3jdk-spectrum/m2/net/java/dev/jna/jna/5.14.0/jna-5.14.0.jar:/workspace/scratch/87c30a06d3c7/m3jdk-spectrum/m2/org/apache/commons/commons-compress/1.26.0/commons-compress-1.26.0.jar:/workspace/scratch/87c30a06d3c7/m3jdk-spectrum/m2/commons-io/commons-io/2.15.1/commons-io-2.15.1.jar:/workspace/scratch/87c30a06d3c7/m3jdk-spectrum/m2/org/yaml/snakeyaml/2.2/snakeyaml-2.2.jar:/workspace/scratch/87c30a06d3c7/m3jdk-spectrum/m2/org/openrewrite/rewrite-yaml/8.17.1/rewrite-yaml-8.17.1.jar:/workspace/scratch/87c30a06d3c7/m3jdk-spectrum/m2/org/openrewrite/rewrite-xml/8.17.1/rewrite-xml-8.17.1.jar:/workspace/scratch/87c30a06d3c7/m3jdk-spectrum/m2/io/micrometer/micrometer-core/1.9.17/micrometer-core-1.9.17.jar:/workspace/scratch/87c30a06d3c7/m3jdk-spectrum/m2/org/hdrhistogram/HdrHistogram/2.1.12/HdrHistogram-2.1.12.jar:/workspace/scratch/87c30a06d3c7/m3jdk-spectrum/m2/org/latencyutils/LatencyUtils/2.0.3/LatencyUtils-2.0.3.jar:/workspace/scratch/87c30a06d3c7/m3jdk-spectrum/m2/org/jetbrains/annotations/24.1.0/annotations-24.1.0.jar:/workspace/scratch/87c30a06d3c7/m3jdk-spectrum/m2/com/fasterxml/jackson/core/jackson-annotations/2.16.1/jackson-annotations-2.16.1.jar:/workspace/scratch/87c30a06d3c7/m3jdk-spectrum/m2/org/antlr/antlr4-runtime/4.11.1/antlr4-runtime-4.11.1.jar:/workspace/scratch/87c30a06d3c7/m3jdk-spectrum/m2/org/apache/commons/commons-lang3/3.14.0/commons-lang3-3.14.0.jar:/workspace/scratch/87c30a06d3c7/m3jdk-spectrum/m2/org/apache/commons/commons-text/1.11.0/commons-text-1.11.0.jar:/workspace/scratch/87c30a06d3c7/m3jdk-spectrum/m2/io/github/classgraph/classgraph/4.8.165/classgraph-4.8.165.jar:/workspace/scratch/87c30a06d3c7/m3jdk-spectrum/m2/org/xerial/snappy/snappy-java/1.1.10.5/snappy-java-1.1.10.5.jar:/workspace/scratch/87c30a06d3c7/m3jdk-spectrum/m2/io/github/fastfilter/fastfilter/1.0.2/fastfilter-1.0.2.jar:/workspace/scratch/87c30a06d3c7/m3jdk-spectrum/m2/org/ow2/asm/asm/9.6/asm-9.6.jar:/workspace/scratch/87c30a06d3c7/m3jdk-spectrum/m2/org/ow2/asm/asm-util/9.6/asm-util-9.6.jar:/workspace/scratch/87c30a06d3c7/m3jdk-spectrum/m2/org/ow2/asm/asm-tree/9.6/asm-tree-9.6.jar:/workspace/scratch/87c30a06d3c7/m3jdk-spectrum/m2/org/ow2/asm/asm-analysis/9.6/asm-analysis-9.6.jar:/workspace/scratch/87c30a06d3c7/m3jdk-spectrum/m2/org/openrewrite/rewrite-java-21/8.17.1/rewrite-java-21-8.17.1.jar:/workspace/scratch/87c30a06d3c7/m3jdk-spectrum/m2/org/openrewrite/rewrite-test/8.17.1/rewrite-test-8.17.1.jar:/workspace/scratch/87c30a06d3c7/m3jdk-spectrum/m2/org/junit/jupiter/junit-jupiter-api/5.10.2/junit-jupiter-api-5.10.2.jar:/workspace/scratch/87c30a06d3c7/m3jdk-spectrum/m2/org/opentest4j/opentest4j/1.3.0/opentest4j-1.3.0.jar:/workspace/scratch/87c30a06d3c7/m3jdk-spectrum/m2/org/junit/platform/junit-platform-commons/1.10.2/junit-platform-commons-1.10.2.jar:/workspace/scratch/87c30a06d3c7/m3jdk-spectrum/m2/org/apiguardian/apiguardian-api/1.1.2/apiguardian-api-1.1.2.jar:/workspace/scratch/87c30a06d3c7/m3jdk-spectrum/m2/org/junit/jupiter/junit-jupiter-params/5.10.2/junit-jupiter-params-5.10.2.jar:/workspace/scratch/87c30a06d3c7/m3jdk-spectrum/m2/org/assertj/assertj-core/3.25.3/assertj-core-3.25.3.jar:/workspace/scratch/87c30a06d3c7/m3jdk-spectrum/m2/net/bytebuddy/byte-buddy/1.14.11/byte-buddy-1.14.11.jar:/workspace/scratch/87c30a06d3c7/m3jdk-spectrum/m2/com/fasterxml/jackson/dataformat/jackson-dataformat-csv/2.16.1/jackson-dataformat-csv-2.16.1.jar:/workspace/scratch/87c30a06d3c7/m3jdk-spectrum/m2/com/fasterxml/jackson/core/jackson-core/2.16.1/jackson-core-2.16.1.jar:/workspace/scratch/87c30a06d3c7/m3jdk-spectrum/m2/org/slf4j/slf4j-api/1.7.36/slf4j-api-1.7.36.jar:/workspace/scratch/87c30a06d3c7/m3jdk-spectrum/m2/org/eclipse/jgit/org.eclipse.jgit/5.13.3.202401111512-r/org.eclipse.jgit-5.13.3.202401111512-r.jar:/workspace/scratch/87c30a06d3c7/m3jdk-spectrum/m2/com/googlecode/javaewah/JavaEWAH/1.1.13/JavaEWAH-1.1.13.jar:/workspace/scratch/87c30a06d3c7/m3jdk-spectrum/m2/org/junit/jupiter/junit-jupiter/5.10.2/junit-jupiter-5.10.2.jar:/workspace/scratch/87c30a06d3c7/m3jdk-spectrum/m2/org/junit/jupiter/junit-jupiter-engine/5.10.2/junit-jupiter-engine-5.10.2.jar:/workspace/scratch/87c30a06d3c7/m3jdk-spectrum/m2/org/junit/platform/junit-platform-engine/1.10.2/junit-platform-engine-1.10.2.jar:"/>
    <property name="sun.cpu.endian" value="little"/>
    <property name="user.home" value="/root"/>
    <property name="user.language" value="en"/>
    <property name="java.specification.vendor" value="Oracle Corporation"/>
    <property name="java.version.date" value="2024-01-16"/>
    <property name="java.home" value="/workspace/scratch/877d9513c002/toolchains/jdk-21.0.2"/>
    <property name="file.separator" value="/"/>
    <property name="basedir" value="/workspace/scratch/87c30a06d3c7/m3jdk-spectrum/repo/m3/tooling/migration-recipes/tasks/atom-spectrum-20261005"/>
    <property name="java.vm.compressedOopsMode" value="32-bit"/>
    <property name="line.separator" value="&#10;"/>
    <property name="java.vm.specification.vendor" value="Oracle Corporation"/>
    <property name="java.specification.name" value="Java Platform API Specification"/>
    <property name="m3.spectrum.corpusRoot" value="/workspace/scratch/87c30a06d3c7/m3jdk-spectrum/corpus"/>
    <property name="surefire.real.class.path" value="/workspace/scratch/87c30a06d3c7/m3jdk-spectrum/repo/m3/tooling/migration-recipes/tasks/atom-spectrum-20261005/target/surefire/surefirebooter-20261005092744157_3.jar"/>
    <property name="sun.management.compiler" value="HotSpot 64-Bit Tiered Compilers"/>
    <property name="java.runtime.version" value="21.0.2+13-58"/>
    <property name="user.name" value="root"/>
    <property name="stdout.encoding" value="UTF-8"/>
    <property name="path.separator" value=":"/>
    <property name="os.version" value="6.18.44"/>
    <property name="java.runtime.name" value="OpenJDK Runtime Environment"/>
    <property name="file.encoding" value="UTF-8"/>
    <property name="java.vm.name" value="OpenJDK 64-Bit Server VM"/>
    <property name="localRepository" value="/workspace/scratch/87c30a06d3c7/m3jdk-spectrum/m2"/>
    <property name="java.vendor.url.bug" value="https://bugreport.java.com/bugreport/"/>
    <property name="java.io.tmpdir" value="/tmp"/>
    <property name="java.version" value="21.0.2"/>
    <property name="user.dir" value="/workspace/scratch/87c30a06d3c7/m3jdk-spectrum/repo/m3/tooling/migration-recipes/tasks/atom-spectrum-20261005"/>
    <property name="os.arch" value="amd64"/>
    <property name="java.vm.specification.name" value="Java Virtual Machine Specification"/>
    <property name="native.encoding" value="UTF-8"/>
    <property name="java.library.path" value="/usr/java/packages/lib:/usr/lib64:/lib64:/lib:/usr/lib"/>
    <property name="stderr.encoding" value="UTF-8"/>
    <property name="java.vm.info" value="mixed mode, sharing"/>
    <property name="java.vendor" value="Oracle Corporation"/>
    <property name="java.vm.version" value="21.0.2+13-58"/>
    <property name="sun.io.unicode.encoding" value="UnicodeLittle"/>
    <property name="maven.repo.local" value="/workspace/scratch/87c30a06d3c7/m3jdk-spectrum/m2"/>
    <property name="java.class.version" value="65.0"/>
  </properties>
  <testcase name="standaloneOpaqueSourceRemainsByteIdentical" classname="com.m3.rewrite.atom.M3IntSpectrumTest" time="0.339"/>
  <testcase name="atomizationRetainsInlineSemanticMemory" classname="com.m3.rewrite.atom.M3IntSpectrumTest" time="1.787"/>
  <testcase name="allSixOrdersPreserveEveryIntermediateAndReachOneNormalForm" classname="com.m3.rewrite.atom.M3IntSpectrumTest" time="26.731"/>
  <testcase name="compilerAndFrozenOracleKillCuratedBadCandidates" classname="com.m3.rewrite.atom.M3IntSpectrumTest" time="0.26"/>
</testsuite>
END_RAW_FILE final-reviewed/surefire-reports/TEST-com.m3.rewrite.atom.M3IntSpectrumTest.xml

BEGIN_RAW_FILE final-reviewed/surefire-reports/TEST-com.m3.rewrite.atom.M3InventoryPureIntAtomCandidatesTest.xml sha256=048cc97b1624c464b6f9a3cb25a3fb306969e04c0c59b874604588aae2a3e58b
<?xml version="1.0" encoding="UTF-8"?>
<testsuite xmlns:xsi="http://www.w3.org/2001/XMLSchema-instance" xsi:noNamespaceSchemaLocation="https://maven.apache.org/surefire/maven-surefire-plugin/xsd/surefire-test-report-3.0.xsd" version="3.0" name="com.m3.rewrite.atom.M3InventoryPureIntAtomCandidatesTest" time="2.129" tests="3" errors="0" skipped="0" failures="0">
  <properties>
    <property name="java.specification.version" value="21"/>
    <property name="sun.jnu.encoding" value="UTF-8"/>
    <property name="java.class.path" value="/workspace/scratch/87c30a06d3c7/m3jdk-spectrum/repo/m3/tooling/migration-recipes/tasks/atom-spectrum-20261005/target/test-classes:/workspace/scratch/87c30a06d3c7/m3jdk-spectrum/repo/m3/tooling/migration-recipes/tasks/atom-spectrum-20261005/target/classes:/workspace/scratch/87c30a06d3c7/m3jdk-spectrum/m2/org/openrewrite/rewrite-java/8.17.1/rewrite-java-8.17.1.jar:/workspace/scratch/87c30a06d3c7/m3jdk-spectrum/m2/org/openrewrite/rewrite-core/8.17.1/rewrite-core-8.17.1.jar:/workspace/scratch/87c30a06d3c7/m3jdk-spectrum/m2/com/fasterxml/jackson/core/jackson-databind/2.16.1/jackson-databind-2.16.1.jar:/workspace/scratch/87c30a06d3c7/m3jdk-spectrum/m2/com/fasterxml/jackson/dataformat/jackson-dataformat-smile/2.16.1/jackson-dataformat-smile-2.16.1.jar:/workspace/scratch/87c30a06d3c7/m3jdk-spectrum/m2/com/fasterxml/jackson/module/jackson-module-parameter-names/2.16.1/jackson-module-parameter-names-2.16.1.jar:/workspace/scratch/87c30a06d3c7/m3jdk-spectrum/m2/com/fasterxml/jackson/datatype/jackson-datatype-jsr310/2.16.1/jackson-datatype-jsr310-2.16.1.jar:/workspace/scratch/87c30a06d3c7/m3jdk-spectrum/m2/org/openrewrite/tools/java-object-diff/1.0.1/java-object-diff-1.0.1.jar:/workspace/scratch/87c30a06d3c7/m3jdk-spectrum/m2/io/quarkus/gizmo/gizmo/1.0.11.Final/gizmo-1.0.11.Final.jar:/workspace/scratch/87c30a06d3c7/m3jdk-spectrum/m2/org/jboss/jandex/2.4.2.Final/jandex-2.4.2.Final.jar:/workspace/scratch/87c30a06d3c7/m3jdk-spectrum/m2/net/java/dev/jna/jna-platform/5.14.0/jna-platform-5.14.0.jar:/workspace/scratch/87c30a06d3c7/m3jdk-spectrum/m2/net/java/dev/jna/jna/5.14.0/jna-5.14.0.jar:/workspace/scratch/87c30a06d3c7/m3jdk-spectrum/m2/org/apache/commons/commons-compress/1.26.0/commons-compress-1.26.0.jar:/workspace/scratch/87c30a06d3c7/m3jdk-spectrum/m2/commons-io/commons-io/2.15.1/commons-io-2.15.1.jar:/workspace/scratch/87c30a06d3c7/m3jdk-spectrum/m2/org/yaml/snakeyaml/2.2/snakeyaml-2.2.jar:/workspace/scratch/87c30a06d3c7/m3jdk-spectrum/m2/org/openrewrite/rewrite-yaml/8.17.1/rewrite-yaml-8.17.1.jar:/workspace/scratch/87c30a06d3c7/m3jdk-spectrum/m2/org/openrewrite/rewrite-xml/8.17.1/rewrite-xml-8.17.1.jar:/workspace/scratch/87c30a06d3c7/m3jdk-spectrum/m2/io/micrometer/micrometer-core/1.9.17/micrometer-core-1.9.17.jar:/workspace/scratch/87c30a06d3c7/m3jdk-spectrum/m2/org/hdrhistogram/HdrHistogram/2.1.12/HdrHistogram-2.1.12.jar:/workspace/scratch/87c30a06d3c7/m3jdk-spectrum/m2/org/latencyutils/LatencyUtils/2.0.3/LatencyUtils-2.0.3.jar:/workspace/scratch/87c30a06d3c7/m3jdk-spectrum/m2/org/jetbrains/annotations/24.1.0/annotations-24.1.0.jar:/workspace/scratch/87c30a06d3c7/m3jdk-spectrum/m2/com/fasterxml/jackson/core/jackson-annotations/2.16.1/jackson-annotations-2.16.1.jar:/workspace/scratch/87c30a06d3c7/m3jdk-spectrum/m2/org/antlr/antlr4-runtime/4.11.1/antlr4-runtime-4.11.1.jar:/workspace/scratch/87c30a06d3c7/m3jdk-spectrum/m2/org/apache/commons/commons-lang3/3.14.0/commons-lang3-3.14.0.jar:/workspace/scratch/87c30a06d3c7/m3jdk-spectrum/m2/org/apache/commons/commons-text/1.11.0/commons-text-1.11.0.jar:/workspace/scratch/87c30a06d3c7/m3jdk-spectrum/m2/io/github/classgraph/classgraph/4.8.165/classgraph-4.8.165.jar:/workspace/scratch/87c30a06d3c7/m3jdk-spectrum/m2/org/xerial/snappy/snappy-java/1.1.10.5/snappy-java-1.1.10.5.jar:/workspace/scratch/87c30a06d3c7/m3jdk-spectrum/m2/io/github/fastfilter/fastfilter/1.0.2/fastfilter-1.0.2.jar:/workspace/scratch/87c30a06d3c7/m3jdk-spectrum/m2/org/ow2/asm/asm/9.6/asm-9.6.jar:/workspace/scratch/87c30a06d3c7/m3jdk-spectrum/m2/org/ow2/asm/asm-util/9.6/asm-util-9.6.jar:/workspace/scratch/87c30a06d3c7/m3jdk-spectrum/m2/org/ow2/asm/asm-tree/9.6/asm-tree-9.6.jar:/workspace/scratch/87c30a06d3c7/m3jdk-spectrum/m2/org/ow2/asm/asm-analysis/9.6/asm-analysis-9.6.jar:/workspace/scratch/87c30a06d3c7/m3jdk-spectrum/m2/org/openrewrite/rewrite-java-21/8.17.1/rewrite-java-21-8.17.1.jar:/workspace/scratch/87c30a06d3c7/m3jdk-spectrum/m2/org/openrewrite/rewrite-test/8.17.1/rewrite-test-8.17.1.jar:/workspace/scratch/87c30a06d3c7/m3jdk-spectrum/m2/org/junit/jupiter/junit-jupiter-api/5.10.2/junit-jupiter-api-5.10.2.jar:/workspace/scratch/87c30a06d3c7/m3jdk-spectrum/m2/org/opentest4j/opentest4j/1.3.0/opentest4j-1.3.0.jar:/workspace/scratch/87c30a06d3c7/m3jdk-spectrum/m2/org/junit/platform/junit-platform-commons/1.10.2/junit-platform-commons-1.10.2.jar:/workspace/scratch/87c30a06d3c7/m3jdk-spectrum/m2/org/apiguardian/apiguardian-api/1.1.2/apiguardian-api-1.1.2.jar:/workspace/scratch/87c30a06d3c7/m3jdk-spectrum/m2/org/junit/jupiter/junit-jupiter-params/5.10.2/junit-jupiter-params-5.10.2.jar:/workspace/scratch/87c30a06d3c7/m3jdk-spectrum/m2/org/assertj/assertj-core/3.25.3/assertj-core-3.25.3.jar:/workspace/scratch/87c30a06d3c7/m3jdk-spectrum/m2/net/bytebuddy/byte-buddy/1.14.11/byte-buddy-1.14.11.jar:/workspace/scratch/87c30a06d3c7/m3jdk-spectrum/m2/com/fasterxml/jackson/dataformat/jackson-dataformat-csv/2.16.1/jackson-dataformat-csv-2.16.1.jar:/workspace/scratch/87c30a06d3c7/m3jdk-spectrum/m2/com/fasterxml/jackson/core/jackson-core/2.16.1/jackson-core-2.16.1.jar:/workspace/scratch/87c30a06d3c7/m3jdk-spectrum/m2/org/slf4j/slf4j-api/1.7.36/slf4j-api-1.7.36.jar:/workspace/scratch/87c30a06d3c7/m3jdk-spectrum/m2/org/eclipse/jgit/org.eclipse.jgit/5.13.3.202401111512-r/org.eclipse.jgit-5.13.3.202401111512-r.jar:/workspace/scratch/87c30a06d3c7/m3jdk-spectrum/m2/com/googlecode/javaewah/JavaEWAH/1.1.13/JavaEWAH-1.1.13.jar:/workspace/scratch/87c30a06d3c7/m3jdk-spectrum/m2/org/junit/jupiter/junit-jupiter/5.10.2/junit-jupiter-5.10.2.jar:/workspace/scratch/87c30a06d3c7/m3jdk-spectrum/m2/org/junit/jupiter/junit-jupiter-engine/5.10.2/junit-jupiter-engine-5.10.2.jar:/workspace/scratch/87c30a06d3c7/m3jdk-spectrum/m2/org/junit/platform/junit-platform-engine/1.10.2/junit-platform-engine-1.10.2.jar:"/>
    <property name="java.vm.vendor" value="Oracle Corporation"/>
    <property name="sun.arch.data.model" value="64"/>
    <property name="java.vendor.url" value="https://java.oracle.com/"/>
    <property name="user.timezone" value="Europe/Berlin"/>
    <property name="os.name" value="Linux"/>
    <property name="java.vm.specification.version" value="21"/>
    <property name="sun.java.launcher" value="SUN_STANDARD"/>
    <property name="sun.boot.library.path" value="/workspace/scratch/877d9513c002/toolchains/jdk-21.0.2/lib"/>
    <property name="sun.java.command" value="/workspace/scratch/87c30a06d3c7/m3jdk-spectrum/repo/m3/tooling/migration-recipes/tasks/atom-spectrum-20261005/target/surefire/surefirebooter-20261005092744157_3.jar /workspace/scratch/87c30a06d3c7/m3jdk-spectrum/repo/m3/tooling/migration-recipes/tasks/atom-spectrum-20261005/target/surefire 2026-10-05T09-27-44_074-jvmRun1 surefire-20261005092744157_1tmp surefire_0-20261005092744157_2tmp"/>
    <property name="jdk.debug" value="release"/>
    <property name="surefire.test.class.path" value="/workspace/scratch/87c30a06d3c7/m3jdk-spectrum/repo/m3/tooling/migration-recipes/tasks/atom-spectrum-20261005/target/test-classes:/workspace/scratch/87c30a06d3c7/m3jdk-spectrum/repo/m3/tooling/migration-recipes/tasks/atom-spectrum-20261005/target/classes:/workspace/scratch/87c30a06d3c7/m3jdk-spectrum/m2/org/openrewrite/rewrite-java/8.17.1/rewrite-java-8.17.1.jar:/workspace/scratch/87c30a06d3c7/m3jdk-spectrum/m2/org/openrewrite/rewrite-core/8.17.1/rewrite-core-8.17.1.jar:/workspace/scratch/87c30a06d3c7/m3jdk-spectrum/m2/com/fasterxml/jackson/core/jackson-databind/2.16.1/jackson-databind-2.16.1.jar:/workspace/scratch/87c30a06d3c7/m3jdk-spectrum/m2/com/fasterxml/jackson/dataformat/jackson-dataformat-smile/2.16.1/jackson-dataformat-smile-2.16.1.jar:/workspace/scratch/87c30a06d3c7/m3jdk-spectrum/m2/com/fasterxml/jackson/module/jackson-module-parameter-names/2.16.1/jackson-module-parameter-names-2.16.1.jar:/workspace/scratch/87c30a06d3c7/m3jdk-spectrum/m2/com/fasterxml/jackson/datatype/jackson-datatype-jsr310/2.16.1/jackson-datatype-jsr310-2.16.1.jar:/workspace/scratch/87c30a06d3c7/m3jdk-spectrum/m2/org/openrewrite/tools/java-object-diff/1.0.1/java-object-diff-1.0.1.jar:/workspace/scratch/87c30a06d3c7/m3jdk-spectrum/m2/io/quarkus/gizmo/gizmo/1.0.11.Final/gizmo-1.0.11.Final.jar:/workspace/scratch/87c30a06d3c7/m3jdk-spectrum/m2/org/jboss/jandex/2.4.2.Final/jandex-2.4.2.Final.jar:/workspace/scratch/87c30a06d3c7/m3jdk-spectrum/m2/net/java/dev/jna/jna-platform/5.14.0/jna-platform-5.14.0.jar:/workspace/scratch/87c30a06d3c7/m3jdk-spectrum/m2/net/java/dev/jna/jna/5.14.0/jna-5.14.0.jar:/workspace/scratch/87c30a06d3c7/m3jdk-spectrum/m2/org/apache/commons/commons-compress/1.26.0/commons-compress-1.26.0.jar:/workspace/scratch/87c30a06d3c7/m3jdk-spectrum/m2/commons-io/commons-io/2.15.1/commons-io-2.15.1.jar:/workspace/scratch/87c30a06d3c7/m3jdk-spectrum/m2/org/yaml/snakeyaml/2.2/snakeyaml-2.2.jar:/workspace/scratch/87c30a06d3c7/m3jdk-spectrum/m2/org/openrewrite/rewrite-yaml/8.17.1/rewrite-yaml-8.17.1.jar:/workspace/scratch/87c30a06d3c7/m3jdk-spectrum/m2/org/openrewrite/rewrite-xml/8.17.1/rewrite-xml-8.17.1.jar:/workspace/scratch/87c30a06d3c7/m3jdk-spectrum/m2/io/micrometer/micrometer-core/1.9.17/micrometer-core-1.9.17.jar:/workspace/scratch/87c30a06d3c7/m3jdk-spectrum/m2/org/hdrhistogram/HdrHistogram/2.1.12/HdrHistogram-2.1.12.jar:/workspace/scratch/87c30a06d3c7/m3jdk-spectrum/m2/org/latencyutils/LatencyUtils/2.0.3/LatencyUtils-2.0.3.jar:/workspace/scratch/87c30a06d3c7/m3jdk-spectrum/m2/org/jetbrains/annotations/24.1.0/annotations-24.1.0.jar:/workspace/scratch/87c30a06d3c7/m3jdk-spectrum/m2/com/fasterxml/jackson/core/jackson-annotations/2.16.1/jackson-annotations-2.16.1.jar:/workspace/scratch/87c30a06d3c7/m3jdk-spectrum/m2/org/antlr/antlr4-runtime/4.11.1/antlr4-runtime-4.11.1.jar:/workspace/scratch/87c30a06d3c7/m3jdk-spectrum/m2/org/apache/commons/commons-lang3/3.14.0/commons-lang3-3.14.0.jar:/workspace/scratch/87c30a06d3c7/m3jdk-spectrum/m2/org/apache/commons/commons-text/1.11.0/commons-text-1.11.0.jar:/workspace/scratch/87c30a06d3c7/m3jdk-spectrum/m2/io/github/classgraph/classgraph/4.8.165/classgraph-4.8.165.jar:/workspace/scratch/87c30a06d3c7/m3jdk-spectrum/m2/org/xerial/snappy/snappy-java/1.1.10.5/snappy-java-1.1.10.5.jar:/workspace/scratch/87c30a06d3c7/m3jdk-spectrum/m2/io/github/fastfilter/fastfilter/1.0.2/fastfilter-1.0.2.jar:/workspace/scratch/87c30a06d3c7/m3jdk-spectrum/m2/org/ow2/asm/asm/9.6/asm-9.6.jar:/workspace/scratch/87c30a06d3c7/m3jdk-spectrum/m2/org/ow2/asm/asm-util/9.6/asm-util-9.6.jar:/workspace/scratch/87c30a06d3c7/m3jdk-spectrum/m2/org/ow2/asm/asm-tree/9.6/asm-tree-9.6.jar:/workspace/scratch/87c30a06d3c7/m3jdk-spectrum/m2/org/ow2/asm/asm-analysis/9.6/asm-analysis-9.6.jar:/workspace/scratch/87c30a06d3c7/m3jdk-spectrum/m2/org/openrewrite/rewrite-java-21/8.17.1/rewrite-java-21-8.17.1.jar:/workspace/scratch/87c30a06d3c7/m3jdk-spectrum/m2/org/openrewrite/rewrite-test/8.17.1/rewrite-test-8.17.1.jar:/workspace/scratch/87c30a06d3c7/m3jdk-spectrum/m2/org/junit/jupiter/junit-jupiter-api/5.10.2/junit-jupiter-api-5.10.2.jar:/workspace/scratch/87c30a06d3c7/m3jdk-spectrum/m2/org/opentest4j/opentest4j/1.3.0/opentest4j-1.3.0.jar:/workspace/scratch/87c30a06d3c7/m3jdk-spectrum/m2/org/junit/platform/junit-platform-commons/1.10.2/junit-platform-commons-1.10.2.jar:/workspace/scratch/87c30a06d3c7/m3jdk-spectrum/m2/org/apiguardian/apiguardian-api/1.1.2/apiguardian-api-1.1.2.jar:/workspace/scratch/87c30a06d3c7/m3jdk-spectrum/m2/org/junit/jupiter/junit-jupiter-params/5.10.2/junit-jupiter-params-5.10.2.jar:/workspace/scratch/87c30a06d3c7/m3jdk-spectrum/m2/org/assertj/assertj-core/3.25.3/assertj-core-3.25.3.jar:/workspace/scratch/87c30a06d3c7/m3jdk-spectrum/m2/net/bytebuddy/byte-buddy/1.14.11/byte-buddy-1.14.11.jar:/workspace/scratch/87c30a06d3c7/m3jdk-spectrum/m2/com/fasterxml/jackson/dataformat/jackson-dataformat-csv/2.16.1/jackson-dataformat-csv-2.16.1.jar:/workspace/scratch/87c30a06d3c7/m3jdk-spectrum/m2/com/fasterxml/jackson/core/jackson-core/2.16.1/jackson-core-2.16.1.jar:/workspace/scratch/87c30a06d3c7/m3jdk-spectrum/m2/org/slf4j/slf4j-api/1.7.36/slf4j-api-1.7.36.jar:/workspace/scratch/87c30a06d3c7/m3jdk-spectrum/m2/org/eclipse/jgit/org.eclipse.jgit/5.13.3.202401111512-r/org.eclipse.jgit-5.13.3.202401111512-r.jar:/workspace/scratch/87c30a06d3c7/m3jdk-spectrum/m2/com/googlecode/javaewah/JavaEWAH/1.1.13/JavaEWAH-1.1.13.jar:/workspace/scratch/87c30a06d3c7/m3jdk-spectrum/m2/org/junit/jupiter/junit-jupiter/5.10.2/junit-jupiter-5.10.2.jar:/workspace/scratch/87c30a06d3c7/m3jdk-spectrum/m2/org/junit/jupiter/junit-jupiter-engine/5.10.2/junit-jupiter-engine-5.10.2.jar:/workspace/scratch/87c30a06d3c7/m3jdk-spectrum/m2/org/junit/platform/junit-platform-engine/1.10.2/junit-platform-engine-1.10.2.jar:"/>
    <property name="sun.cpu.endian" value="little"/>
    <property name="user.home" value="/root"/>
    <property name="user.language" value="en"/>
    <property name="java.specification.vendor" value="Oracle Corporation"/>
    <property name="java.version.date" value="2024-01-16"/>
    <property name="java.home" value="/workspace/scratch/877d9513c002/toolchains/jdk-21.0.2"/>
    <property name="file.separator" value="/"/>
    <property name="basedir" value="/workspace/scratch/87c30a06d3c7/m3jdk-spectrum/repo/m3/tooling/migration-recipes/tasks/atom-spectrum-20261005"/>
    <property name="java.vm.compressedOopsMode" value="32-bit"/>
    <property name="line.separator" value="&#10;"/>
    <property name="java.vm.specification.vendor" value="Oracle Corporation"/>
    <property name="java.specification.name" value="Java Platform API Specification"/>
    <property name="m3.spectrum.corpusRoot" value="/workspace/scratch/87c30a06d3c7/m3jdk-spectrum/corpus"/>
    <property name="surefire.real.class.path" value="/workspace/scratch/87c30a06d3c7/m3jdk-spectrum/repo/m3/tooling/migration-recipes/tasks/atom-spectrum-20261005/target/surefire/surefirebooter-20261005092744157_3.jar"/>
    <property name="sun.management.compiler" value="HotSpot 64-Bit Tiered Compilers"/>
    <property name="java.runtime.version" value="21.0.2+13-58"/>
    <property name="user.name" value="root"/>
    <property name="stdout.encoding" value="UTF-8"/>
    <property name="path.separator" value=":"/>
    <property name="os.version" value="6.18.44"/>
    <property name="java.runtime.name" value="OpenJDK Runtime Environment"/>
    <property name="file.encoding" value="UTF-8"/>
    <property name="java.vm.name" value="OpenJDK 64-Bit Server VM"/>
    <property name="localRepository" value="/workspace/scratch/87c30a06d3c7/m3jdk-spectrum/m2"/>
    <property name="java.vendor.url.bug" value="https://bugreport.java.com/bugreport/"/>
    <property name="java.io.tmpdir" value="/tmp"/>
    <property name="java.version" value="21.0.2"/>
    <property name="user.dir" value="/workspace/scratch/87c30a06d3c7/m3jdk-spectrum/repo/m3/tooling/migration-recipes/tasks/atom-spectrum-20261005"/>
    <property name="os.arch" value="amd64"/>
    <property name="java.vm.specification.name" value="Java Virtual Machine Specification"/>
    <property name="native.encoding" value="UTF-8"/>
    <property name="java.library.path" value="/usr/java/packages/lib:/usr/lib64:/lib64:/lib:/usr/lib"/>
    <property name="stderr.encoding" value="UTF-8"/>
    <property name="java.vm.info" value="mixed mode, sharing"/>
    <property name="java.vendor" value="Oracle Corporation"/>
    <property name="java.vm.version" value="21.0.2+13-58"/>
    <property name="sun.io.unicode.encoding" value="UnicodeLittle"/>
    <property name="maven.repo.local" value="/workspace/scratch/87c30a06d3c7/m3jdk-spectrum/m2"/>
    <property name="java.class.version" value="65.0"/>
  </properties>
  <testcase name="candidateTableCarriesAllMechanicalFields" classname="com.m3.rewrite.atom.M3InventoryPureIntAtomCandidatesTest" time="0.003"/>
  <testcase name="emitsOnlyCandidatesAcceptedByTheMutationRecipeAndDoesNotChangeSource" classname="com.m3.rewrite.atom.M3InventoryPureIntAtomCandidatesTest" time="2.104"/>
  <testcase name="metadataDeclaresNonMutatingFileLocalAtomPatternInventory" classname="com.m3.rewrite.atom.M3InventoryPureIntAtomCandidatesTest" time="0.001"/>
</testsuite>
END_RAW_FILE final-reviewed/surefire-reports/TEST-com.m3.rewrite.atom.M3InventoryPureIntAtomCandidatesTest.xml

BEGIN_RAW_FILE final-reviewed/surefire-reports/TEST-com.m3.rewrite.atom.M3PatternMarkerTest.xml sha256=d2bd14be9ec27816526d33e51859b3ceb542c450f5bdff7c670ac72d1c991bd8
<?xml version="1.0" encoding="UTF-8"?>
<testsuite xmlns:xsi="http://www.w3.org/2001/XMLSchema-instance" xsi:noNamespaceSchemaLocation="https://maven.apache.org/surefire/maven-surefire-plugin/xsd/surefire-test-report-3.0.xsd" version="3.0" name="com.m3.rewrite.atom.M3PatternMarkerTest" time="7.774" tests="2" errors="0" skipped="0" failures="0">
  <properties>
    <property name="java.specification.version" value="21"/>
    <property name="sun.jnu.encoding" value="UTF-8"/>
    <property name="java.class.path" value="/workspace/scratch/87c30a06d3c7/m3jdk-spectrum/repo/m3/tooling/migration-recipes/tasks/atom-spectrum-20261005/target/test-classes:/workspace/scratch/87c30a06d3c7/m3jdk-spectrum/repo/m3/tooling/migration-recipes/tasks/atom-spectrum-20261005/target/classes:/workspace/scratch/87c30a06d3c7/m3jdk-spectrum/m2/org/openrewrite/rewrite-java/8.17.1/rewrite-java-8.17.1.jar:/workspace/scratch/87c30a06d3c7/m3jdk-spectrum/m2/org/openrewrite/rewrite-core/8.17.1/rewrite-core-8.17.1.jar:/workspace/scratch/87c30a06d3c7/m3jdk-spectrum/m2/com/fasterxml/jackson/core/jackson-databind/2.16.1/jackson-databind-2.16.1.jar:/workspace/scratch/87c30a06d3c7/m3jdk-spectrum/m2/com/fasterxml/jackson/dataformat/jackson-dataformat-smile/2.16.1/jackson-dataformat-smile-2.16.1.jar:/workspace/scratch/87c30a06d3c7/m3jdk-spectrum/m2/com/fasterxml/jackson/module/jackson-module-parameter-names/2.16.1/jackson-module-parameter-names-2.16.1.jar:/workspace/scratch/87c30a06d3c7/m3jdk-spectrum/m2/com/fasterxml/jackson/datatype/jackson-datatype-jsr310/2.16.1/jackson-datatype-jsr310-2.16.1.jar:/workspace/scratch/87c30a06d3c7/m3jdk-spectrum/m2/org/openrewrite/tools/java-object-diff/1.0.1/java-object-diff-1.0.1.jar:/workspace/scratch/87c30a06d3c7/m3jdk-spectrum/m2/io/quarkus/gizmo/gizmo/1.0.11.Final/gizmo-1.0.11.Final.jar:/workspace/scratch/87c30a06d3c7/m3jdk-spectrum/m2/org/jboss/jandex/2.4.2.Final/jandex-2.4.2.Final.jar:/workspace/scratch/87c30a06d3c7/m3jdk-spectrum/m2/net/java/dev/jna/jna-platform/5.14.0/jna-platform-5.14.0.jar:/workspace/scratch/87c30a06d3c7/m3jdk-spectrum/m2/net/java/dev/jna/jna/5.14.0/jna-5.14.0.jar:/workspace/scratch/87c30a06d3c7/m3jdk-spectrum/m2/org/apache/commons/commons-compress/1.26.0/commons-compress-1.26.0.jar:/workspace/scratch/87c30a06d3c7/m3jdk-spectrum/m2/commons-io/commons-io/2.15.1/commons-io-2.15.1.jar:/workspace/scratch/87c30a06d3c7/m3jdk-spectrum/m2/org/yaml/snakeyaml/2.2/snakeyaml-2.2.jar:/workspace/scratch/87c30a06d3c7/m3jdk-spectrum/m2/org/openrewrite/rewrite-yaml/8.17.1/rewrite-yaml-8.17.1.jar:/workspace/scratch/87c30a06d3c7/m3jdk-spectrum/m2/org/openrewrite/rewrite-xml/8.17.1/rewrite-xml-8.17.1.jar:/workspace/scratch/87c30a06d3c7/m3jdk-spectrum/m2/io/micrometer/micrometer-core/1.9.17/micrometer-core-1.9.17.jar:/workspace/scratch/87c30a06d3c7/m3jdk-spectrum/m2/org/hdrhistogram/HdrHistogram/2.1.12/HdrHistogram-2.1.12.jar:/workspace/scratch/87c30a06d3c7/m3jdk-spectrum/m2/org/latencyutils/LatencyUtils/2.0.3/LatencyUtils-2.0.3.jar:/workspace/scratch/87c30a06d3c7/m3jdk-spectrum/m2/org/jetbrains/annotations/24.1.0/annotations-24.1.0.jar:/workspace/scratch/87c30a06d3c7/m3jdk-spectrum/m2/com/fasterxml/jackson/core/jackson-annotations/2.16.1/jackson-annotations-2.16.1.jar:/workspace/scratch/87c30a06d3c7/m3jdk-spectrum/m2/org/antlr/antlr4-runtime/4.11.1/antlr4-runtime-4.11.1.jar:/workspace/scratch/87c30a06d3c7/m3jdk-spectrum/m2/org/apache/commons/commons-lang3/3.14.0/commons-lang3-3.14.0.jar:/workspace/scratch/87c30a06d3c7/m3jdk-spectrum/m2/org/apache/commons/commons-text/1.11.0/commons-text-1.11.0.jar:/workspace/scratch/87c30a06d3c7/m3jdk-spectrum/m2/io/github/classgraph/classgraph/4.8.165/classgraph-4.8.165.jar:/workspace/scratch/87c30a06d3c7/m3jdk-spectrum/m2/org/xerial/snappy/snappy-java/1.1.10.5/snappy-java-1.1.10.5.jar:/workspace/scratch/87c30a06d3c7/m3jdk-spectrum/m2/io/github/fastfilter/fastfilter/1.0.2/fastfilter-1.0.2.jar:/workspace/scratch/87c30a06d3c7/m3jdk-spectrum/m2/org/ow2/asm/asm/9.6/asm-9.6.jar:/workspace/scratch/87c30a06d3c7/m3jdk-spectrum/m2/org/ow2/asm/asm-util/9.6/asm-util-9.6.jar:/workspace/scratch/87c30a06d3c7/m3jdk-spectrum/m2/org/ow2/asm/asm-tree/9.6/asm-tree-9.6.jar:/workspace/scratch/87c30a06d3c7/m3jdk-spectrum/m2/org/ow2/asm/asm-analysis/9.6/asm-analysis-9.6.jar:/workspace/scratch/87c30a06d3c7/m3jdk-spectrum/m2/org/openrewrite/rewrite-java-21/8.17.1/rewrite-java-21-8.17.1.jar:/workspace/scratch/87c30a06d3c7/m3jdk-spectrum/m2/org/openrewrite/rewrite-test/8.17.1/rewrite-test-8.17.1.jar:/workspace/scratch/87c30a06d3c7/m3jdk-spectrum/m2/org/junit/jupiter/junit-jupiter-api/5.10.2/junit-jupiter-api-5.10.2.jar:/workspace/scratch/87c30a06d3c7/m3jdk-spectrum/m2/org/opentest4j/opentest4j/1.3.0/opentest4j-1.3.0.jar:/workspace/scratch/87c30a06d3c7/m3jdk-spectrum/m2/org/junit/platform/junit-platform-commons/1.10.2/junit-platform-commons-1.10.2.jar:/workspace/scratch/87c30a06d3c7/m3jdk-spectrum/m2/org/apiguardian/apiguardian-api/1.1.2/apiguardian-api-1.1.2.jar:/workspace/scratch/87c30a06d3c7/m3jdk-spectrum/m2/org/junit/jupiter/junit-jupiter-params/5.10.2/junit-jupiter-params-5.10.2.jar:/workspace/scratch/87c30a06d3c7/m3jdk-spectrum/m2/org/assertj/assertj-core/3.25.3/assertj-core-3.25.3.jar:/workspace/scratch/87c30a06d3c7/m3jdk-spectrum/m2/net/bytebuddy/byte-buddy/1.14.11/byte-buddy-1.14.11.jar:/workspace/scratch/87c30a06d3c7/m3jdk-spectrum/m2/com/fasterxml/jackson/dataformat/jackson-dataformat-csv/2.16.1/jackson-dataformat-csv-2.16.1.jar:/workspace/scratch/87c30a06d3c7/m3jdk-spectrum/m2/com/fasterxml/jackson/core/jackson-core/2.16.1/jackson-core-2.16.1.jar:/workspace/scratch/87c30a06d3c7/m3jdk-spectrum/m2/org/slf4j/slf4j-api/1.7.36/slf4j-api-1.7.36.jar:/workspace/scratch/87c30a06d3c7/m3jdk-spectrum/m2/org/eclipse/jgit/org.eclipse.jgit/5.13.3.202401111512-r/org.eclipse.jgit-5.13.3.202401111512-r.jar:/workspace/scratch/87c30a06d3c7/m3jdk-spectrum/m2/com/googlecode/javaewah/JavaEWAH/1.1.13/JavaEWAH-1.1.13.jar:/workspace/scratch/87c30a06d3c7/m3jdk-spectrum/m2/org/junit/jupiter/junit-jupiter/5.10.2/junit-jupiter-5.10.2.jar:/workspace/scratch/87c30a06d3c7/m3jdk-spectrum/m2/org/junit/jupiter/junit-jupiter-engine/5.10.2/junit-jupiter-engine-5.10.2.jar:/workspace/scratch/87c30a06d3c7/m3jdk-spectrum/m2/org/junit/platform/junit-platform-engine/1.10.2/junit-platform-engine-1.10.2.jar:"/>
    <property name="java.vm.vendor" value="Oracle Corporation"/>
    <property name="sun.arch.data.model" value="64"/>
    <property name="java.vendor.url" value="https://java.oracle.com/"/>
    <property name="user.timezone" value="Europe/Berlin"/>
    <property name="os.name" value="Linux"/>
    <property name="java.vm.specification.version" value="21"/>
    <property name="sun.java.launcher" value="SUN_STANDARD"/>
    <property name="sun.boot.library.path" value="/workspace/scratch/877d9513c002/toolchains/jdk-21.0.2/lib"/>
    <property name="sun.java.command" value="/workspace/scratch/87c30a06d3c7/m3jdk-spectrum/repo/m3/tooling/migration-recipes/tasks/atom-spectrum-20261005/target/surefire/surefirebooter-20261005092744157_3.jar /workspace/scratch/87c30a06d3c7/m3jdk-spectrum/repo/m3/tooling/migration-recipes/tasks/atom-spectrum-20261005/target/surefire 2026-10-05T09-27-44_074-jvmRun1 surefire-20261005092744157_1tmp surefire_0-20261005092744157_2tmp"/>
    <property name="jdk.debug" value="release"/>
    <property name="surefire.test.class.path" value="/workspace/scratch/87c30a06d3c7/m3jdk-spectrum/repo/m3/tooling/migration-recipes/tasks/atom-spectrum-20261005/target/test-classes:/workspace/scratch/87c30a06d3c7/m3jdk-spectrum/repo/m3/tooling/migration-recipes/tasks/atom-spectrum-20261005/target/classes:/workspace/scratch/87c30a06d3c7/m3jdk-spectrum/m2/org/openrewrite/rewrite-java/8.17.1/rewrite-java-8.17.1.jar:/workspace/scratch/87c30a06d3c7/m3jdk-spectrum/m2/org/openrewrite/rewrite-core/8.17.1/rewrite-core-8.17.1.jar:/workspace/scratch/87c30a06d3c7/m3jdk-spectrum/m2/com/fasterxml/jackson/core/jackson-databind/2.16.1/jackson-databind-2.16.1.jar:/workspace/scratch/87c30a06d3c7/m3jdk-spectrum/m2/com/fasterxml/jackson/dataformat/jackson-dataformat-smile/2.16.1/jackson-dataformat-smile-2.16.1.jar:/workspace/scratch/87c30a06d3c7/m3jdk-spectrum/m2/com/fasterxml/jackson/module/jackson-module-parameter-names/2.16.1/jackson-module-parameter-names-2.16.1.jar:/workspace/scratch/87c30a06d3c7/m3jdk-spectrum/m2/com/fasterxml/jackson/datatype/jackson-datatype-jsr310/2.16.1/jackson-datatype-jsr310-2.16.1.jar:/workspace/scratch/87c30a06d3c7/m3jdk-spectrum/m2/org/openrewrite/tools/java-object-diff/1.0.1/java-object-diff-1.0.1.jar:/workspace/scratch/87c30a06d3c7/m3jdk-spectrum/m2/io/quarkus/gizmo/gizmo/1.0.11.Final/gizmo-1.0.11.Final.jar:/workspace/scratch/87c30a06d3c7/m3jdk-spectrum/m2/org/jboss/jandex/2.4.2.Final/jandex-2.4.2.Final.jar:/workspace/scratch/87c30a06d3c7/m3jdk-spectrum/m2/net/java/dev/jna/jna-platform/5.14.0/jna-platform-5.14.0.jar:/workspace/scratch/87c30a06d3c7/m3jdk-spectrum/m2/net/java/dev/jna/jna/5.14.0/jna-5.14.0.jar:/workspace/scratch/87c30a06d3c7/m3jdk-spectrum/m2/org/apache/commons/commons-compress/1.26.0/commons-compress-1.26.0.jar:/workspace/scratch/87c30a06d3c7/m3jdk-spectrum/m2/commons-io/commons-io/2.15.1/commons-io-2.15.1.jar:/workspace/scratch/87c30a06d3c7/m3jdk-spectrum/m2/org/yaml/snakeyaml/2.2/snakeyaml-2.2.jar:/workspace/scratch/87c30a06d3c7/m3jdk-spectrum/m2/org/openrewrite/rewrite-yaml/8.17.1/rewrite-yaml-8.17.1.jar:/workspace/scratch/87c30a06d3c7/m3jdk-spectrum/m2/org/openrewrite/rewrite-xml/8.17.1/rewrite-xml-8.17.1.jar:/workspace/scratch/87c30a06d3c7/m3jdk-spectrum/m2/io/micrometer/micrometer-core/1.9.17/micrometer-core-1.9.17.jar:/workspace/scratch/87c30a06d3c7/m3jdk-spectrum/m2/org/hdrhistogram/HdrHistogram/2.1.12/HdrHistogram-2.1.12.jar:/workspace/scratch/87c30a06d3c7/m3jdk-spectrum/m2/org/latencyutils/LatencyUtils/2.0.3/LatencyUtils-2.0.3.jar:/workspace/scratch/87c30a06d3c7/m3jdk-spectrum/m2/org/jetbrains/annotations/24.1.0/annotations-24.1.0.jar:/workspace/scratch/87c30a06d3c7/m3jdk-spectrum/m2/com/fasterxml/jackson/core/jackson-annotations/2.16.1/jackson-annotations-2.16.1.jar:/workspace/scratch/87c30a06d3c7/m3jdk-spectrum/m2/org/antlr/antlr4-runtime/4.11.1/antlr4-runtime-4.11.1.jar:/workspace/scratch/87c30a06d3c7/m3jdk-spectrum/m2/org/apache/commons/commons-lang3/3.14.0/commons-lang3-3.14.0.jar:/workspace/scratch/87c30a06d3c7/m3jdk-spectrum/m2/org/apache/commons/commons-text/1.11.0/commons-text-1.11.0.jar:/workspace/scratch/87c30a06d3c7/m3jdk-spectrum/m2/io/github/classgraph/classgraph/4.8.165/classgraph-4.8.165.jar:/workspace/scratch/87c30a06d3c7/m3jdk-spectrum/m2/org/xerial/snappy/snappy-java/1.1.10.5/snappy-java-1.1.10.5.jar:/workspace/scratch/87c30a06d3c7/m3jdk-spectrum/m2/io/github/fastfilter/fastfilter/1.0.2/fastfilter-1.0.2.jar:/workspace/scratch/87c30a06d3c7/m3jdk-spectrum/m2/org/ow2/asm/asm/9.6/asm-9.6.jar:/workspace/scratch/87c30a06d3c7/m3jdk-spectrum/m2/org/ow2/asm/asm-util/9.6/asm-util-9.6.jar:/workspace/scratch/87c30a06d3c7/m3jdk-spectrum/m2/org/ow2/asm/asm-tree/9.6/asm-tree-9.6.jar:/workspace/scratch/87c30a06d3c7/m3jdk-spectrum/m2/org/ow2/asm/asm-analysis/9.6/asm-analysis-9.6.jar:/workspace/scratch/87c30a06d3c7/m3jdk-spectrum/m2/org/openrewrite/rewrite-java-21/8.17.1/rewrite-java-21-8.17.1.jar:/workspace/scratch/87c30a06d3c7/m3jdk-spectrum/m2/org/openrewrite/rewrite-test/8.17.1/rewrite-test-8.17.1.jar:/workspace/scratch/87c30a06d3c7/m3jdk-spectrum/m2/org/junit/jupiter/junit-jupiter-api/5.10.2/junit-jupiter-api-5.10.2.jar:/workspace/scratch/87c30a06d3c7/m3jdk-spectrum/m2/org/opentest4j/opentest4j/1.3.0/opentest4j-1.3.0.jar:/workspace/scratch/87c30a06d3c7/m3jdk-spectrum/m2/org/junit/platform/junit-platform-commons/1.10.2/junit-platform-commons-1.10.2.jar:/workspace/scratch/87c30a06d3c7/m3jdk-spectrum/m2/org/apiguardian/apiguardian-api/1.1.2/apiguardian-api-1.1.2.jar:/workspace/scratch/87c30a06d3c7/m3jdk-spectrum/m2/org/junit/jupiter/junit-jupiter-params/5.10.2/junit-jupiter-params-5.10.2.jar:/workspace/scratch/87c30a06d3c7/m3jdk-spectrum/m2/org/assertj/assertj-core/3.25.3/assertj-core-3.25.3.jar:/workspace/scratch/87c30a06d3c7/m3jdk-spectrum/m2/net/bytebuddy/byte-buddy/1.14.11/byte-buddy-1.14.11.jar:/workspace/scratch/87c30a06d3c7/m3jdk-spectrum/m2/com/fasterxml/jackson/dataformat/jackson-dataformat-csv/2.16.1/jackson-dataformat-csv-2.16.1.jar:/workspace/scratch/87c30a06d3c7/m3jdk-spectrum/m2/com/fasterxml/jackson/core/jackson-core/2.16.1/jackson-core-2.16.1.jar:/workspace/scratch/87c30a06d3c7/m3jdk-spectrum/m2/org/slf4j/slf4j-api/1.7.36/slf4j-api-1.7.36.jar:/workspace/scratch/87c30a06d3c7/m3jdk-spectrum/m2/org/eclipse/jgit/org.eclipse.jgit/5.13.3.202401111512-r/org.eclipse.jgit-5.13.3.202401111512-r.jar:/workspace/scratch/87c30a06d3c7/m3jdk-spectrum/m2/com/googlecode/javaewah/JavaEWAH/1.1.13/JavaEWAH-1.1.13.jar:/workspace/scratch/87c30a06d3c7/m3jdk-spectrum/m2/org/junit/jupiter/junit-jupiter/5.10.2/junit-jupiter-5.10.2.jar:/workspace/scratch/87c30a06d3c7/m3jdk-spectrum/m2/org/junit/jupiter/junit-jupiter-engine/5.10.2/junit-jupiter-engine-5.10.2.jar:/workspace/scratch/87c30a06d3c7/m3jdk-spectrum/m2/org/junit/platform/junit-platform-engine/1.10.2/junit-platform-engine-1.10.2.jar:"/>
    <property name="sun.cpu.endian" value="little"/>
    <property name="user.home" value="/root"/>
    <property name="user.language" value="en"/>
    <property name="java.specification.vendor" value="Oracle Corporation"/>
    <property name="java.version.date" value="2024-01-16"/>
    <property name="java.home" value="/workspace/scratch/877d9513c002/toolchains/jdk-21.0.2"/>
    <property name="file.separator" value="/"/>
    <property name="basedir" value="/workspace/scratch/87c30a06d3c7/m3jdk-spectrum/repo/m3/tooling/migration-recipes/tasks/atom-spectrum-20261005"/>
    <property name="java.vm.compressedOopsMode" value="32-bit"/>
    <property name="line.separator" value="&#10;"/>
    <property name="java.vm.specification.vendor" value="Oracle Corporation"/>
    <property name="java.specification.name" value="Java Platform API Specification"/>
    <property name="m3.spectrum.corpusRoot" value="/workspace/scratch/87c30a06d3c7/m3jdk-spectrum/corpus"/>
    <property name="surefire.real.class.path" value="/workspace/scratch/87c30a06d3c7/m3jdk-spectrum/repo/m3/tooling/migration-recipes/tasks/atom-spectrum-20261005/target/surefire/surefirebooter-20261005092744157_3.jar"/>
    <property name="sun.management.compiler" value="HotSpot 64-Bit Tiered Compilers"/>
    <property name="java.runtime.version" value="21.0.2+13-58"/>
    <property name="user.name" value="root"/>
    <property name="stdout.encoding" value="UTF-8"/>
    <property name="path.separator" value=":"/>
    <property name="os.version" value="6.18.44"/>
    <property name="java.runtime.name" value="OpenJDK Runtime Environment"/>
    <property name="file.encoding" value="UTF-8"/>
    <property name="java.vm.name" value="OpenJDK 64-Bit Server VM"/>
    <property name="localRepository" value="/workspace/scratch/87c30a06d3c7/m3jdk-spectrum/m2"/>
    <property name="java.vendor.url.bug" value="https://bugreport.java.com/bugreport/"/>
    <property name="java.io.tmpdir" value="/tmp"/>
    <property name="java.version" value="21.0.2"/>
    <property name="user.dir" value="/workspace/scratch/87c30a06d3c7/m3jdk-spectrum/repo/m3/tooling/migration-recipes/tasks/atom-spectrum-20261005"/>
    <property name="os.arch" value="amd64"/>
    <property name="java.vm.specification.name" value="Java Virtual Machine Specification"/>
    <property name="native.encoding" value="UTF-8"/>
    <property name="java.library.path" value="/usr/java/packages/lib:/usr/lib64:/lib64:/lib:/usr/lib"/>
    <property name="stderr.encoding" value="UTF-8"/>
    <property name="java.vm.info" value="mixed mode, sharing"/>
    <property name="java.vendor" value="Oracle Corporation"/>
    <property name="java.vm.version" value="21.0.2+13-58"/>
    <property name="sun.io.unicode.encoding" value="UnicodeLittle"/>
    <property name="maven.repo.local" value="/workspace/scratch/87c30a06d3c7/m3jdk-spectrum/m2"/>
    <property name="java.class.version" value="65.0"/>
  </properties>
  <testcase name="longerOrPrefixedRoleLookalikesCannotSuppressTheCanonicalMarker" classname="com.m3.rewrite.atom.M3PatternMarkerTest" time="6.025">
    <system-err><![CDATA[SLF4J: Failed to load class "org.slf4j.impl.StaticLoggerBinder".
SLF4J: Defaulting to no-operation (NOP) logger implementation
SLF4J: See http://www.slf4j.org/codes.html#StaticLoggerBinder for further details.
]]></system-err>
  </testcase>
  <testcase name="exactExistingMarkerIsIdempotentWithSurroundingWhitespace" classname="com.m3.rewrite.atom.M3PatternMarkerTest" time="1.693"/>
</testsuite>
END_RAW_FILE final-reviewed/surefire-reports/TEST-com.m3.rewrite.atom.M3PatternMarkerTest.xml

BEGIN_RAW_FILE final-reviewed/surefire-reports/TEST-com.m3.rewrite.atom.M3PureIntConvergenceRecipeTest.xml sha256=2dc5f1755f759784ea585347746792f4eff6226837728f21a739af8f70b31c92
<?xml version="1.0" encoding="UTF-8"?>
<testsuite xmlns:xsi="http://www.w3.org/2001/XMLSchema-instance" xsi:noNamespaceSchemaLocation="https://maven.apache.org/surefire/maven-surefire-plugin/xsd/surefire-test-report-3.0.xsd" version="3.0" name="com.m3.rewrite.atom.M3PureIntConvergenceRecipeTest" time="4.57" tests="4" errors="0" skipped="0" failures="0">
  <properties>
    <property name="java.specification.version" value="21"/>
    <property name="sun.jnu.encoding" value="UTF-8"/>
    <property name="java.class.path" value="/workspace/scratch/87c30a06d3c7/m3jdk-spectrum/repo/m3/tooling/migration-recipes/tasks/atom-spectrum-20261005/target/test-classes:/workspace/scratch/87c30a06d3c7/m3jdk-spectrum/repo/m3/tooling/migration-recipes/tasks/atom-spectrum-20261005/target/classes:/workspace/scratch/87c30a06d3c7/m3jdk-spectrum/m2/org/openrewrite/rewrite-java/8.17.1/rewrite-java-8.17.1.jar:/workspace/scratch/87c30a06d3c7/m3jdk-spectrum/m2/org/openrewrite/rewrite-core/8.17.1/rewrite-core-8.17.1.jar:/workspace/scratch/87c30a06d3c7/m3jdk-spectrum/m2/com/fasterxml/jackson/core/jackson-databind/2.16.1/jackson-databind-2.16.1.jar:/workspace/scratch/87c30a06d3c7/m3jdk-spectrum/m2/com/fasterxml/jackson/dataformat/jackson-dataformat-smile/2.16.1/jackson-dataformat-smile-2.16.1.jar:/workspace/scratch/87c30a06d3c7/m3jdk-spectrum/m2/com/fasterxml/jackson/module/jackson-module-parameter-names/2.16.1/jackson-module-parameter-names-2.16.1.jar:/workspace/scratch/87c30a06d3c7/m3jdk-spectrum/m2/com/fasterxml/jackson/datatype/jackson-datatype-jsr310/2.16.1/jackson-datatype-jsr310-2.16.1.jar:/workspace/scratch/87c30a06d3c7/m3jdk-spectrum/m2/org/openrewrite/tools/java-object-diff/1.0.1/java-object-diff-1.0.1.jar:/workspace/scratch/87c30a06d3c7/m3jdk-spectrum/m2/io/quarkus/gizmo/gizmo/1.0.11.Final/gizmo-1.0.11.Final.jar:/workspace/scratch/87c30a06d3c7/m3jdk-spectrum/m2/org/jboss/jandex/2.4.2.Final/jandex-2.4.2.Final.jar:/workspace/scratch/87c30a06d3c7/m3jdk-spectrum/m2/net/java/dev/jna/jna-platform/5.14.0/jna-platform-5.14.0.jar:/workspace/scratch/87c30a06d3c7/m3jdk-spectrum/m2/net/java/dev/jna/jna/5.14.0/jna-5.14.0.jar:/workspace/scratch/87c30a06d3c7/m3jdk-spectrum/m2/org/apache/commons/commons-compress/1.26.0/commons-compress-1.26.0.jar:/workspace/scratch/87c30a06d3c7/m3jdk-spectrum/m2/commons-io/commons-io/2.15.1/commons-io-2.15.1.jar:/workspace/scratch/87c30a06d3c7/m3jdk-spectrum/m2/org/yaml/snakeyaml/2.2/snakeyaml-2.2.jar:/workspace/scratch/87c30a06d3c7/m3jdk-spectrum/m2/org/openrewrite/rewrite-yaml/8.17.1/rewrite-yaml-8.17.1.jar:/workspace/scratch/87c30a06d3c7/m3jdk-spectrum/m2/org/openrewrite/rewrite-xml/8.17.1/rewrite-xml-8.17.1.jar:/workspace/scratch/87c30a06d3c7/m3jdk-spectrum/m2/io/micrometer/micrometer-core/1.9.17/micrometer-core-1.9.17.jar:/workspace/scratch/87c30a06d3c7/m3jdk-spectrum/m2/org/hdrhistogram/HdrHistogram/2.1.12/HdrHistogram-2.1.12.jar:/workspace/scratch/87c30a06d3c7/m3jdk-spectrum/m2/org/latencyutils/LatencyUtils/2.0.3/LatencyUtils-2.0.3.jar:/workspace/scratch/87c30a06d3c7/m3jdk-spectrum/m2/org/jetbrains/annotations/24.1.0/annotations-24.1.0.jar:/workspace/scratch/87c30a06d3c7/m3jdk-spectrum/m2/com/fasterxml/jackson/core/jackson-annotations/2.16.1/jackson-annotations-2.16.1.jar:/workspace/scratch/87c30a06d3c7/m3jdk-spectrum/m2/org/antlr/antlr4-runtime/4.11.1/antlr4-runtime-4.11.1.jar:/workspace/scratch/87c30a06d3c7/m3jdk-spectrum/m2/org/apache/commons/commons-lang3/3.14.0/commons-lang3-3.14.0.jar:/workspace/scratch/87c30a06d3c7/m3jdk-spectrum/m2/org/apache/commons/commons-text/1.11.0/commons-text-1.11.0.jar:/workspace/scratch/87c30a06d3c7/m3jdk-spectrum/m2/io/github/classgraph/classgraph/4.8.165/classgraph-4.8.165.jar:/workspace/scratch/87c30a06d3c7/m3jdk-spectrum/m2/org/xerial/snappy/snappy-java/1.1.10.5/snappy-java-1.1.10.5.jar:/workspace/scratch/87c30a06d3c7/m3jdk-spectrum/m2/io/github/fastfilter/fastfilter/1.0.2/fastfilter-1.0.2.jar:/workspace/scratch/87c30a06d3c7/m3jdk-spectrum/m2/org/ow2/asm/asm/9.6/asm-9.6.jar:/workspace/scratch/87c30a06d3c7/m3jdk-spectrum/m2/org/ow2/asm/asm-util/9.6/asm-util-9.6.jar:/workspace/scratch/87c30a06d3c7/m3jdk-spectrum/m2/org/ow2/asm/asm-tree/9.6/asm-tree-9.6.jar:/workspace/scratch/87c30a06d3c7/m3jdk-spectrum/m2/org/ow2/asm/asm-analysis/9.6/asm-analysis-9.6.jar:/workspace/scratch/87c30a06d3c7/m3jdk-spectrum/m2/org/openrewrite/rewrite-java-21/8.17.1/rewrite-java-21-8.17.1.jar:/workspace/scratch/87c30a06d3c7/m3jdk-spectrum/m2/org/openrewrite/rewrite-test/8.17.1/rewrite-test-8.17.1.jar:/workspace/scratch/87c30a06d3c7/m3jdk-spectrum/m2/org/junit/jupiter/junit-jupiter-api/5.10.2/junit-jupiter-api-5.10.2.jar:/workspace/scratch/87c30a06d3c7/m3jdk-spectrum/m2/org/opentest4j/opentest4j/1.3.0/opentest4j-1.3.0.jar:/workspace/scratch/87c30a06d3c7/m3jdk-spectrum/m2/org/junit/platform/junit-platform-commons/1.10.2/junit-platform-commons-1.10.2.jar:/workspace/scratch/87c30a06d3c7/m3jdk-spectrum/m2/org/apiguardian/apiguardian-api/1.1.2/apiguardian-api-1.1.2.jar:/workspace/scratch/87c30a06d3c7/m3jdk-spectrum/m2/org/junit/jupiter/junit-jupiter-params/5.10.2/junit-jupiter-params-5.10.2.jar:/workspace/scratch/87c30a06d3c7/m3jdk-spectrum/m2/org/assertj/assertj-core/3.25.3/assertj-core-3.25.3.jar:/workspace/scratch/87c30a06d3c7/m3jdk-spectrum/m2/net/bytebuddy/byte-buddy/1.14.11/byte-buddy-1.14.11.jar:/workspace/scratch/87c30a06d3c7/m3jdk-spectrum/m2/com/fasterxml/jackson/dataformat/jackson-dataformat-csv/2.16.1/jackson-dataformat-csv-2.16.1.jar:/workspace/scratch/87c30a06d3c7/m3jdk-spectrum/m2/com/fasterxml/jackson/core/jackson-core/2.16.1/jackson-core-2.16.1.jar:/workspace/scratch/87c30a06d3c7/m3jdk-spectrum/m2/org/slf4j/slf4j-api/1.7.36/slf4j-api-1.7.36.jar:/workspace/scratch/87c30a06d3c7/m3jdk-spectrum/m2/org/eclipse/jgit/org.eclipse.jgit/5.13.3.202401111512-r/org.eclipse.jgit-5.13.3.202401111512-r.jar:/workspace/scratch/87c30a06d3c7/m3jdk-spectrum/m2/com/googlecode/javaewah/JavaEWAH/1.1.13/JavaEWAH-1.1.13.jar:/workspace/scratch/87c30a06d3c7/m3jdk-spectrum/m2/org/junit/jupiter/junit-jupiter/5.10.2/junit-jupiter-5.10.2.jar:/workspace/scratch/87c30a06d3c7/m3jdk-spectrum/m2/org/junit/jupiter/junit-jupiter-engine/5.10.2/junit-jupiter-engine-5.10.2.jar:/workspace/scratch/87c30a06d3c7/m3jdk-spectrum/m2/org/junit/platform/junit-platform-engine/1.10.2/junit-platform-engine-1.10.2.jar:"/>
    <property name="java.vm.vendor" value="Oracle Corporation"/>
    <property name="sun.arch.data.model" value="64"/>
    <property name="java.vendor.url" value="https://java.oracle.com/"/>
    <property name="user.timezone" value="Europe/Berlin"/>
    <property name="os.name" value="Linux"/>
    <property name="java.vm.specification.version" value="21"/>
    <property name="sun.java.launcher" value="SUN_STANDARD"/>
    <property name="sun.boot.library.path" value="/workspace/scratch/877d9513c002/toolchains/jdk-21.0.2/lib"/>
    <property name="sun.java.command" value="/workspace/scratch/87c30a06d3c7/m3jdk-spectrum/repo/m3/tooling/migration-recipes/tasks/atom-spectrum-20261005/target/surefire/surefirebooter-20261005092744157_3.jar /workspace/scratch/87c30a06d3c7/m3jdk-spectrum/repo/m3/tooling/migration-recipes/tasks/atom-spectrum-20261005/target/surefire 2026-10-05T09-27-44_074-jvmRun1 surefire-20261005092744157_1tmp surefire_0-20261005092744157_2tmp"/>
    <property name="jdk.debug" value="release"/>
    <property name="surefire.test.class.path" value="/workspace/scratch/87c30a06d3c7/m3jdk-spectrum/repo/m3/tooling/migration-recipes/tasks/atom-spectrum-20261005/target/test-classes:/workspace/scratch/87c30a06d3c7/m3jdk-spectrum/repo/m3/tooling/migration-recipes/tasks/atom-spectrum-20261005/target/classes:/workspace/scratch/87c30a06d3c7/m3jdk-spectrum/m2/org/openrewrite/rewrite-java/8.17.1/rewrite-java-8.17.1.jar:/workspace/scratch/87c30a06d3c7/m3jdk-spectrum/m2/org/openrewrite/rewrite-core/8.17.1/rewrite-core-8.17.1.jar:/workspace/scratch/87c30a06d3c7/m3jdk-spectrum/m2/com/fasterxml/jackson/core/jackson-databind/2.16.1/jackson-databind-2.16.1.jar:/workspace/scratch/87c30a06d3c7/m3jdk-spectrum/m2/com/fasterxml/jackson/dataformat/jackson-dataformat-smile/2.16.1/jackson-dataformat-smile-2.16.1.jar:/workspace/scratch/87c30a06d3c7/m3jdk-spectrum/m2/com/fasterxml/jackson/module/jackson-module-parameter-names/2.16.1/jackson-module-parameter-names-2.16.1.jar:/workspace/scratch/87c30a06d3c7/m3jdk-spectrum/m2/com/fasterxml/jackson/datatype/jackson-datatype-jsr310/2.16.1/jackson-datatype-jsr310-2.16.1.jar:/workspace/scratch/87c30a06d3c7/m3jdk-spectrum/m2/org/openrewrite/tools/java-object-diff/1.0.1/java-object-diff-1.0.1.jar:/workspace/scratch/87c30a06d3c7/m3jdk-spectrum/m2/io/quarkus/gizmo/gizmo/1.0.11.Final/gizmo-1.0.11.Final.jar:/workspace/scratch/87c30a06d3c7/m3jdk-spectrum/m2/org/jboss/jandex/2.4.2.Final/jandex-2.4.2.Final.jar:/workspace/scratch/87c30a06d3c7/m3jdk-spectrum/m2/net/java/dev/jna/jna-platform/5.14.0/jna-platform-5.14.0.jar:/workspace/scratch/87c30a06d3c7/m3jdk-spectrum/m2/net/java/dev/jna/jna/5.14.0/jna-5.14.0.jar:/workspace/scratch/87c30a06d3c7/m3jdk-spectrum/m2/org/apache/commons/commons-compress/1.26.0/commons-compress-1.26.0.jar:/workspace/scratch/87c30a06d3c7/m3jdk-spectrum/m2/commons-io/commons-io/2.15.1/commons-io-2.15.1.jar:/workspace/scratch/87c30a06d3c7/m3jdk-spectrum/m2/org/yaml/snakeyaml/2.2/snakeyaml-2.2.jar:/workspace/scratch/87c30a06d3c7/m3jdk-spectrum/m2/org/openrewrite/rewrite-yaml/8.17.1/rewrite-yaml-8.17.1.jar:/workspace/scratch/87c30a06d3c7/m3jdk-spectrum/m2/org/openrewrite/rewrite-xml/8.17.1/rewrite-xml-8.17.1.jar:/workspace/scratch/87c30a06d3c7/m3jdk-spectrum/m2/io/micrometer/micrometer-core/1.9.17/micrometer-core-1.9.17.jar:/workspace/scratch/87c30a06d3c7/m3jdk-spectrum/m2/org/hdrhistogram/HdrHistogram/2.1.12/HdrHistogram-2.1.12.jar:/workspace/scratch/87c30a06d3c7/m3jdk-spectrum/m2/org/latencyutils/LatencyUtils/2.0.3/LatencyUtils-2.0.3.jar:/workspace/scratch/87c30a06d3c7/m3jdk-spectrum/m2/org/jetbrains/annotations/24.1.0/annotations-24.1.0.jar:/workspace/scratch/87c30a06d3c7/m3jdk-spectrum/m2/com/fasterxml/jackson/core/jackson-annotations/2.16.1/jackson-annotations-2.16.1.jar:/workspace/scratch/87c30a06d3c7/m3jdk-spectrum/m2/org/antlr/antlr4-runtime/4.11.1/antlr4-runtime-4.11.1.jar:/workspace/scratch/87c30a06d3c7/m3jdk-spectrum/m2/org/apache/commons/commons-lang3/3.14.0/commons-lang3-3.14.0.jar:/workspace/scratch/87c30a06d3c7/m3jdk-spectrum/m2/org/apache/commons/commons-text/1.11.0/commons-text-1.11.0.jar:/workspace/scratch/87c30a06d3c7/m3jdk-spectrum/m2/io/github/classgraph/classgraph/4.8.165/classgraph-4.8.165.jar:/workspace/scratch/87c30a06d3c7/m3jdk-spectrum/m2/org/xerial/snappy/snappy-java/1.1.10.5/snappy-java-1.1.10.5.jar:/workspace/scratch/87c30a06d3c7/m3jdk-spectrum/m2/io/github/fastfilter/fastfilter/1.0.2/fastfilter-1.0.2.jar:/workspace/scratch/87c30a06d3c7/m3jdk-spectrum/m2/org/ow2/asm/asm/9.6/asm-9.6.jar:/workspace/scratch/87c30a06d3c7/m3jdk-spectrum/m2/org/ow2/asm/asm-util/9.6/asm-util-9.6.jar:/workspace/scratch/87c30a06d3c7/m3jdk-spectrum/m2/org/ow2/asm/asm-tree/9.6/asm-tree-9.6.jar:/workspace/scratch/87c30a06d3c7/m3jdk-spectrum/m2/org/ow2/asm/asm-analysis/9.6/asm-analysis-9.6.jar:/workspace/scratch/87c30a06d3c7/m3jdk-spectrum/m2/org/openrewrite/rewrite-java-21/8.17.1/rewrite-java-21-8.17.1.jar:/workspace/scratch/87c30a06d3c7/m3jdk-spectrum/m2/org/openrewrite/rewrite-test/8.17.1/rewrite-test-8.17.1.jar:/workspace/scratch/87c30a06d3c7/m3jdk-spectrum/m2/org/junit/jupiter/junit-jupiter-api/5.10.2/junit-jupiter-api-5.10.2.jar:/workspace/scratch/87c30a06d3c7/m3jdk-spectrum/m2/org/opentest4j/opentest4j/1.3.0/opentest4j-1.3.0.jar:/workspace/scratch/87c30a06d3c7/m3jdk-spectrum/m2/org/junit/platform/junit-platform-commons/1.10.2/junit-platform-commons-1.10.2.jar:/workspace/scratch/87c30a06d3c7/m3jdk-spectrum/m2/org/apiguardian/apiguardian-api/1.1.2/apiguardian-api-1.1.2.jar:/workspace/scratch/87c30a06d3c7/m3jdk-spectrum/m2/org/junit/jupiter/junit-jupiter-params/5.10.2/junit-jupiter-params-5.10.2.jar:/workspace/scratch/87c30a06d3c7/m3jdk-spectrum/m2/org/assertj/assertj-core/3.25.3/assertj-core-3.25.3.jar:/workspace/scratch/87c30a06d3c7/m3jdk-spectrum/m2/net/bytebuddy/byte-buddy/1.14.11/byte-buddy-1.14.11.jar:/workspace/scratch/87c30a06d3c7/m3jdk-spectrum/m2/com/fasterxml/jackson/dataformat/jackson-dataformat-csv/2.16.1/jackson-dataformat-csv-2.16.1.jar:/workspace/scratch/87c30a06d3c7/m3jdk-spectrum/m2/com/fasterxml/jackson/core/jackson-core/2.16.1/jackson-core-2.16.1.jar:/workspace/scratch/87c30a06d3c7/m3jdk-spectrum/m2/org/slf4j/slf4j-api/1.7.36/slf4j-api-1.7.36.jar:/workspace/scratch/87c30a06d3c7/m3jdk-spectrum/m2/org/eclipse/jgit/org.eclipse.jgit/5.13.3.202401111512-r/org.eclipse.jgit-5.13.3.202401111512-r.jar:/workspace/scratch/87c30a06d3c7/m3jdk-spectrum/m2/com/googlecode/javaewah/JavaEWAH/1.1.13/JavaEWAH-1.1.13.jar:/workspace/scratch/87c30a06d3c7/m3jdk-spectrum/m2/org/junit/jupiter/junit-jupiter/5.10.2/junit-jupiter-5.10.2.jar:/workspace/scratch/87c30a06d3c7/m3jdk-spectrum/m2/org/junit/jupiter/junit-jupiter-engine/5.10.2/junit-jupiter-engine-5.10.2.jar:/workspace/scratch/87c30a06d3c7/m3jdk-spectrum/m2/org/junit/platform/junit-platform-engine/1.10.2/junit-platform-engine-1.10.2.jar:"/>
    <property name="sun.cpu.endian" value="little"/>
    <property name="user.home" value="/root"/>
    <property name="user.language" value="en"/>
    <property name="java.specification.vendor" value="Oracle Corporation"/>
    <property name="java.version.date" value="2024-01-16"/>
    <property name="java.home" value="/workspace/scratch/877d9513c002/toolchains/jdk-21.0.2"/>
    <property name="file.separator" value="/"/>
    <property name="basedir" value="/workspace/scratch/87c30a06d3c7/m3jdk-spectrum/repo/m3/tooling/migration-recipes/tasks/atom-spectrum-20261005"/>
    <property name="java.vm.compressedOopsMode" value="32-bit"/>
    <property name="line.separator" value="&#10;"/>
    <property name="java.vm.specification.vendor" value="Oracle Corporation"/>
    <property name="java.specification.name" value="Java Platform API Specification"/>
    <property name="m3.spectrum.corpusRoot" value="/workspace/scratch/87c30a06d3c7/m3jdk-spectrum/corpus"/>
    <property name="surefire.real.class.path" value="/workspace/scratch/87c30a06d3c7/m3jdk-spectrum/repo/m3/tooling/migration-recipes/tasks/atom-spectrum-20261005/target/surefire/surefirebooter-20261005092744157_3.jar"/>
    <property name="sun.management.compiler" value="HotSpot 64-Bit Tiered Compilers"/>
    <property name="java.runtime.version" value="21.0.2+13-58"/>
    <property name="user.name" value="root"/>
    <property name="stdout.encoding" value="UTF-8"/>
    <property name="path.separator" value=":"/>
    <property name="os.version" value="6.18.44"/>
    <property name="java.runtime.name" value="OpenJDK Runtime Environment"/>
    <property name="file.encoding" value="UTF-8"/>
    <property name="java.vm.name" value="OpenJDK 64-Bit Server VM"/>
    <property name="localRepository" value="/workspace/scratch/87c30a06d3c7/m3jdk-spectrum/m2"/>
    <property name="java.vendor.url.bug" value="https://bugreport.java.com/bugreport/"/>
    <property name="java.io.tmpdir" value="/tmp"/>
    <property name="java.version" value="21.0.2"/>
    <property name="user.dir" value="/workspace/scratch/87c30a06d3c7/m3jdk-spectrum/repo/m3/tooling/migration-recipes/tasks/atom-spectrum-20261005"/>
    <property name="os.arch" value="amd64"/>
    <property name="java.vm.specification.name" value="Java Virtual Machine Specification"/>
    <property name="native.encoding" value="UTF-8"/>
    <property name="java.library.path" value="/usr/java/packages/lib:/usr/lib64:/lib64:/lib:/usr/lib"/>
    <property name="stderr.encoding" value="UTF-8"/>
    <property name="java.vm.info" value="mixed mode, sharing"/>
    <property name="java.vendor" value="Oracle Corporation"/>
    <property name="java.vm.version" value="21.0.2+13-58"/>
    <property name="sun.io.unicode.encoding" value="UnicodeLittle"/>
    <property name="maven.repo.local" value="/workspace/scratch/87c30a06d3c7/m3jdk-spectrum/m2"/>
    <property name="java.class.version" value="65.0"/>
  </properties>
  <testcase name="patternizerAndDocumenterConvergeIndependentlyAndThenStop" classname="com.m3.rewrite.atom.M3PureIntConvergenceRecipeTest" time="1.497"/>
  <testcase name="compositeConvergesCompilesExecutesAndReachesFixedPoint" classname="com.m3.rewrite.atom.M3PureIntConvergenceRecipeTest" time="2.212"/>
  <testcase name="nonAtomizedSourceIsNotPatternizedOrDocumented" classname="com.m3.rewrite.atom.M3PureIntConvergenceRecipeTest" time="0.853"/>
  <testcase name="compositeOrderAndMetadataAreExplicit" classname="com.m3.rewrite.atom.M3PureIntConvergenceRecipeTest" time="0.0"/>
</testsuite>
END_RAW_FILE final-reviewed/surefire-reports/TEST-com.m3.rewrite.atom.M3PureIntConvergenceRecipeTest.xml

BEGIN_RAW_FILE final-reviewed/surefire-reports/TEST-com.m3.rewrite.atom.M3RepositoryCorpusTest.xml sha256=fedaafe3ec1056f3145354a485bdcfcf46c6bece6bf1af82349c6e9854889804
<?xml version="1.0" encoding="UTF-8"?>
<testsuite xmlns:xsi="http://www.w3.org/2001/XMLSchema-instance" xsi:noNamespaceSchemaLocation="https://maven.apache.org/surefire/maven-surefire-plugin/xsd/surefire-test-report-3.0.xsd" version="3.0" name="com.m3.rewrite.atom.M3RepositoryCorpusTest" time="37.664" tests="3" errors="0" skipped="0" failures="0">
  <properties>
    <property name="java.specification.version" value="21"/>
    <property name="sun.jnu.encoding" value="UTF-8"/>
    <property name="java.class.path" value="/workspace/scratch/87c30a06d3c7/m3jdk-spectrum/repo/m3/tooling/migration-recipes/tasks/atom-spectrum-20261005/target/test-classes:/workspace/scratch/87c30a06d3c7/m3jdk-spectrum/repo/m3/tooling/migration-recipes/tasks/atom-spectrum-20261005/target/classes:/workspace/scratch/87c30a06d3c7/m3jdk-spectrum/m2/org/openrewrite/rewrite-java/8.17.1/rewrite-java-8.17.1.jar:/workspace/scratch/87c30a06d3c7/m3jdk-spectrum/m2/org/openrewrite/rewrite-core/8.17.1/rewrite-core-8.17.1.jar:/workspace/scratch/87c30a06d3c7/m3jdk-spectrum/m2/com/fasterxml/jackson/core/jackson-databind/2.16.1/jackson-databind-2.16.1.jar:/workspace/scratch/87c30a06d3c7/m3jdk-spectrum/m2/com/fasterxml/jackson/dataformat/jackson-dataformat-smile/2.16.1/jackson-dataformat-smile-2.16.1.jar:/workspace/scratch/87c30a06d3c7/m3jdk-spectrum/m2/com/fasterxml/jackson/module/jackson-module-parameter-names/2.16.1/jackson-module-parameter-names-2.16.1.jar:/workspace/scratch/87c30a06d3c7/m3jdk-spectrum/m2/com/fasterxml/jackson/datatype/jackson-datatype-jsr310/2.16.1/jackson-datatype-jsr310-2.16.1.jar:/workspace/scratch/87c30a06d3c7/m3jdk-spectrum/m2/org/openrewrite/tools/java-object-diff/1.0.1/java-object-diff-1.0.1.jar:/workspace/scratch/87c30a06d3c7/m3jdk-spectrum/m2/io/quarkus/gizmo/gizmo/1.0.11.Final/gizmo-1.0.11.Final.jar:/workspace/scratch/87c30a06d3c7/m3jdk-spectrum/m2/org/jboss/jandex/2.4.2.Final/jandex-2.4.2.Final.jar:/workspace/scratch/87c30a06d3c7/m3jdk-spectrum/m2/net/java/dev/jna/jna-platform/5.14.0/jna-platform-5.14.0.jar:/workspace/scratch/87c30a06d3c7/m3jdk-spectrum/m2/net/java/dev/jna/jna/5.14.0/jna-5.14.0.jar:/workspace/scratch/87c30a06d3c7/m3jdk-spectrum/m2/org/apache/commons/commons-compress/1.26.0/commons-compress-1.26.0.jar:/workspace/scratch/87c30a06d3c7/m3jdk-spectrum/m2/commons-io/commons-io/2.15.1/commons-io-2.15.1.jar:/workspace/scratch/87c30a06d3c7/m3jdk-spectrum/m2/org/yaml/snakeyaml/2.2/snakeyaml-2.2.jar:/workspace/scratch/87c30a06d3c7/m3jdk-spectrum/m2/org/openrewrite/rewrite-yaml/8.17.1/rewrite-yaml-8.17.1.jar:/workspace/scratch/87c30a06d3c7/m3jdk-spectrum/m2/org/openrewrite/rewrite-xml/8.17.1/rewrite-xml-8.17.1.jar:/workspace/scratch/87c30a06d3c7/m3jdk-spectrum/m2/io/micrometer/micrometer-core/1.9.17/micrometer-core-1.9.17.jar:/workspace/scratch/87c30a06d3c7/m3jdk-spectrum/m2/org/hdrhistogram/HdrHistogram/2.1.12/HdrHistogram-2.1.12.jar:/workspace/scratch/87c30a06d3c7/m3jdk-spectrum/m2/org/latencyutils/LatencyUtils/2.0.3/LatencyUtils-2.0.3.jar:/workspace/scratch/87c30a06d3c7/m3jdk-spectrum/m2/org/jetbrains/annotations/24.1.0/annotations-24.1.0.jar:/workspace/scratch/87c30a06d3c7/m3jdk-spectrum/m2/com/fasterxml/jackson/core/jackson-annotations/2.16.1/jackson-annotations-2.16.1.jar:/workspace/scratch/87c30a06d3c7/m3jdk-spectrum/m2/org/antlr/antlr4-runtime/4.11.1/antlr4-runtime-4.11.1.jar:/workspace/scratch/87c30a06d3c7/m3jdk-spectrum/m2/org/apache/commons/commons-lang3/3.14.0/commons-lang3-3.14.0.jar:/workspace/scratch/87c30a06d3c7/m3jdk-spectrum/m2/org/apache/commons/commons-text/1.11.0/commons-text-1.11.0.jar:/workspace/scratch/87c30a06d3c7/m3jdk-spectrum/m2/io/github/classgraph/classgraph/4.8.165/classgraph-4.8.165.jar:/workspace/scratch/87c30a06d3c7/m3jdk-spectrum/m2/org/xerial/snappy/snappy-java/1.1.10.5/snappy-java-1.1.10.5.jar:/workspace/scratch/87c30a06d3c7/m3jdk-spectrum/m2/io/github/fastfilter/fastfilter/1.0.2/fastfilter-1.0.2.jar:/workspace/scratch/87c30a06d3c7/m3jdk-spectrum/m2/org/ow2/asm/asm/9.6/asm-9.6.jar:/workspace/scratch/87c30a06d3c7/m3jdk-spectrum/m2/org/ow2/asm/asm-util/9.6/asm-util-9.6.jar:/workspace/scratch/87c30a06d3c7/m3jdk-spectrum/m2/org/ow2/asm/asm-tree/9.6/asm-tree-9.6.jar:/workspace/scratch/87c30a06d3c7/m3jdk-spectrum/m2/org/ow2/asm/asm-analysis/9.6/asm-analysis-9.6.jar:/workspace/scratch/87c30a06d3c7/m3jdk-spectrum/m2/org/openrewrite/rewrite-java-21/8.17.1/rewrite-java-21-8.17.1.jar:/workspace/scratch/87c30a06d3c7/m3jdk-spectrum/m2/org/openrewrite/rewrite-test/8.17.1/rewrite-test-8.17.1.jar:/workspace/scratch/87c30a06d3c7/m3jdk-spectrum/m2/org/junit/jupiter/junit-jupiter-api/5.10.2/junit-jupiter-api-5.10.2.jar:/workspace/scratch/87c30a06d3c7/m3jdk-spectrum/m2/org/opentest4j/opentest4j/1.3.0/opentest4j-1.3.0.jar:/workspace/scratch/87c30a06d3c7/m3jdk-spectrum/m2/org/junit/platform/junit-platform-commons/1.10.2/junit-platform-commons-1.10.2.jar:/workspace/scratch/87c30a06d3c7/m3jdk-spectrum/m2/org/apiguardian/apiguardian-api/1.1.2/apiguardian-api-1.1.2.jar:/workspace/scratch/87c30a06d3c7/m3jdk-spectrum/m2/org/junit/jupiter/junit-jupiter-params/5.10.2/junit-jupiter-params-5.10.2.jar:/workspace/scratch/87c30a06d3c7/m3jdk-spectrum/m2/org/assertj/assertj-core/3.25.3/assertj-core-3.25.3.jar:/workspace/scratch/87c30a06d3c7/m3jdk-spectrum/m2/net/bytebuddy/byte-buddy/1.14.11/byte-buddy-1.14.11.jar:/workspace/scratch/87c30a06d3c7/m3jdk-spectrum/m2/com/fasterxml/jackson/dataformat/jackson-dataformat-csv/2.16.1/jackson-dataformat-csv-2.16.1.jar:/workspace/scratch/87c30a06d3c7/m3jdk-spectrum/m2/com/fasterxml/jackson/core/jackson-core/2.16.1/jackson-core-2.16.1.jar:/workspace/scratch/87c30a06d3c7/m3jdk-spectrum/m2/org/slf4j/slf4j-api/1.7.36/slf4j-api-1.7.36.jar:/workspace/scratch/87c30a06d3c7/m3jdk-spectrum/m2/org/eclipse/jgit/org.eclipse.jgit/5.13.3.202401111512-r/org.eclipse.jgit-5.13.3.202401111512-r.jar:/workspace/scratch/87c30a06d3c7/m3jdk-spectrum/m2/com/googlecode/javaewah/JavaEWAH/1.1.13/JavaEWAH-1.1.13.jar:/workspace/scratch/87c30a06d3c7/m3jdk-spectrum/m2/org/junit/jupiter/junit-jupiter/5.10.2/junit-jupiter-5.10.2.jar:/workspace/scratch/87c30a06d3c7/m3jdk-spectrum/m2/org/junit/jupiter/junit-jupiter-engine/5.10.2/junit-jupiter-engine-5.10.2.jar:/workspace/scratch/87c30a06d3c7/m3jdk-spectrum/m2/org/junit/platform/junit-platform-engine/1.10.2/junit-platform-engine-1.10.2.jar:"/>
    <property name="java.vm.vendor" value="Oracle Corporation"/>
    <property name="sun.arch.data.model" value="64"/>
    <property name="java.vendor.url" value="https://java.oracle.com/"/>
    <property name="user.timezone" value="Europe/Berlin"/>
    <property name="os.name" value="Linux"/>
    <property name="java.vm.specification.version" value="21"/>
    <property name="sun.java.launcher" value="SUN_STANDARD"/>
    <property name="sun.boot.library.path" value="/workspace/scratch/877d9513c002/toolchains/jdk-21.0.2/lib"/>
    <property name="sun.java.command" value="/workspace/scratch/87c30a06d3c7/m3jdk-spectrum/repo/m3/tooling/migration-recipes/tasks/atom-spectrum-20261005/target/surefire/surefirebooter-20261005092744157_3.jar /workspace/scratch/87c30a06d3c7/m3jdk-spectrum/repo/m3/tooling/migration-recipes/tasks/atom-spectrum-20261005/target/surefire 2026-10-05T09-27-44_074-jvmRun1 surefire-20261005092744157_1tmp surefire_0-20261005092744157_2tmp"/>
    <property name="jdk.debug" value="release"/>
    <property name="surefire.test.class.path" value="/workspace/scratch/87c30a06d3c7/m3jdk-spectrum/repo/m3/tooling/migration-recipes/tasks/atom-spectrum-20261005/target/test-classes:/workspace/scratch/87c30a06d3c7/m3jdk-spectrum/repo/m3/tooling/migration-recipes/tasks/atom-spectrum-20261005/target/classes:/workspace/scratch/87c30a06d3c7/m3jdk-spectrum/m2/org/openrewrite/rewrite-java/8.17.1/rewrite-java-8.17.1.jar:/workspace/scratch/87c30a06d3c7/m3jdk-spectrum/m2/org/openrewrite/rewrite-core/8.17.1/rewrite-core-8.17.1.jar:/workspace/scratch/87c30a06d3c7/m3jdk-spectrum/m2/com/fasterxml/jackson/core/jackson-databind/2.16.1/jackson-databind-2.16.1.jar:/workspace/scratch/87c30a06d3c7/m3jdk-spectrum/m2/com/fasterxml/jackson/dataformat/jackson-dataformat-smile/2.16.1/jackson-dataformat-smile-2.16.1.jar:/workspace/scratch/87c30a06d3c7/m3jdk-spectrum/m2/com/fasterxml/jackson/module/jackson-module-parameter-names/2.16.1/jackson-module-parameter-names-2.16.1.jar:/workspace/scratch/87c30a06d3c7/m3jdk-spectrum/m2/com/fasterxml/jackson/datatype/jackson-datatype-jsr310/2.16.1/jackson-datatype-jsr310-2.16.1.jar:/workspace/scratch/87c30a06d3c7/m3jdk-spectrum/m2/org/openrewrite/tools/java-object-diff/1.0.1/java-object-diff-1.0.1.jar:/workspace/scratch/87c30a06d3c7/m3jdk-spectrum/m2/io/quarkus/gizmo/gizmo/1.0.11.Final/gizmo-1.0.11.Final.jar:/workspace/scratch/87c30a06d3c7/m3jdk-spectrum/m2/org/jboss/jandex/2.4.2.Final/jandex-2.4.2.Final.jar:/workspace/scratch/87c30a06d3c7/m3jdk-spectrum/m2/net/java/dev/jna/jna-platform/5.14.0/jna-platform-5.14.0.jar:/workspace/scratch/87c30a06d3c7/m3jdk-spectrum/m2/net/java/dev/jna/jna/5.14.0/jna-5.14.0.jar:/workspace/scratch/87c30a06d3c7/m3jdk-spectrum/m2/org/apache/commons/commons-compress/1.26.0/commons-compress-1.26.0.jar:/workspace/scratch/87c30a06d3c7/m3jdk-spectrum/m2/commons-io/commons-io/2.15.1/commons-io-2.15.1.jar:/workspace/scratch/87c30a06d3c7/m3jdk-spectrum/m2/org/yaml/snakeyaml/2.2/snakeyaml-2.2.jar:/workspace/scratch/87c30a06d3c7/m3jdk-spectrum/m2/org/openrewrite/rewrite-yaml/8.17.1/rewrite-yaml-8.17.1.jar:/workspace/scratch/87c30a06d3c7/m3jdk-spectrum/m2/org/openrewrite/rewrite-xml/8.17.1/rewrite-xml-8.17.1.jar:/workspace/scratch/87c30a06d3c7/m3jdk-spectrum/m2/io/micrometer/micrometer-core/1.9.17/micrometer-core-1.9.17.jar:/workspace/scratch/87c30a06d3c7/m3jdk-spectrum/m2/org/hdrhistogram/HdrHistogram/2.1.12/HdrHistogram-2.1.12.jar:/workspace/scratch/87c30a06d3c7/m3jdk-spectrum/m2/org/latencyutils/LatencyUtils/2.0.3/LatencyUtils-2.0.3.jar:/workspace/scratch/87c30a06d3c7/m3jdk-spectrum/m2/org/jetbrains/annotations/24.1.0/annotations-24.1.0.jar:/workspace/scratch/87c30a06d3c7/m3jdk-spectrum/m2/com/fasterxml/jackson/core/jackson-annotations/2.16.1/jackson-annotations-2.16.1.jar:/workspace/scratch/87c30a06d3c7/m3jdk-spectrum/m2/org/antlr/antlr4-runtime/4.11.1/antlr4-runtime-4.11.1.jar:/workspace/scratch/87c30a06d3c7/m3jdk-spectrum/m2/org/apache/commons/commons-lang3/3.14.0/commons-lang3-3.14.0.jar:/workspace/scratch/87c30a06d3c7/m3jdk-spectrum/m2/org/apache/commons/commons-text/1.11.0/commons-text-1.11.0.jar:/workspace/scratch/87c30a06d3c7/m3jdk-spectrum/m2/io/github/classgraph/classgraph/4.8.165/classgraph-4.8.165.jar:/workspace/scratch/87c30a06d3c7/m3jdk-spectrum/m2/org/xerial/snappy/snappy-java/1.1.10.5/snappy-java-1.1.10.5.jar:/workspace/scratch/87c30a06d3c7/m3jdk-spectrum/m2/io/github/fastfilter/fastfilter/1.0.2/fastfilter-1.0.2.jar:/workspace/scratch/87c30a06d3c7/m3jdk-spectrum/m2/org/ow2/asm/asm/9.6/asm-9.6.jar:/workspace/scratch/87c30a06d3c7/m3jdk-spectrum/m2/org/ow2/asm/asm-util/9.6/asm-util-9.6.jar:/workspace/scratch/87c30a06d3c7/m3jdk-spectrum/m2/org/ow2/asm/asm-tree/9.6/asm-tree-9.6.jar:/workspace/scratch/87c30a06d3c7/m3jdk-spectrum/m2/org/ow2/asm/asm-analysis/9.6/asm-analysis-9.6.jar:/workspace/scratch/87c30a06d3c7/m3jdk-spectrum/m2/org/openrewrite/rewrite-java-21/8.17.1/rewrite-java-21-8.17.1.jar:/workspace/scratch/87c30a06d3c7/m3jdk-spectrum/m2/org/openrewrite/rewrite-test/8.17.1/rewrite-test-8.17.1.jar:/workspace/scratch/87c30a06d3c7/m3jdk-spectrum/m2/org/junit/jupiter/junit-jupiter-api/5.10.2/junit-jupiter-api-5.10.2.jar:/workspace/scratch/87c30a06d3c7/m3jdk-spectrum/m2/org/opentest4j/opentest4j/1.3.0/opentest4j-1.3.0.jar:/workspace/scratch/87c30a06d3c7/m3jdk-spectrum/m2/org/junit/platform/junit-platform-commons/1.10.2/junit-platform-commons-1.10.2.jar:/workspace/scratch/87c30a06d3c7/m3jdk-spectrum/m2/org/apiguardian/apiguardian-api/1.1.2/apiguardian-api-1.1.2.jar:/workspace/scratch/87c30a06d3c7/m3jdk-spectrum/m2/org/junit/jupiter/junit-jupiter-params/5.10.2/junit-jupiter-params-5.10.2.jar:/workspace/scratch/87c30a06d3c7/m3jdk-spectrum/m2/org/assertj/assertj-core/3.25.3/assertj-core-3.25.3.jar:/workspace/scratch/87c30a06d3c7/m3jdk-spectrum/m2/net/bytebuddy/byte-buddy/1.14.11/byte-buddy-1.14.11.jar:/workspace/scratch/87c30a06d3c7/m3jdk-spectrum/m2/com/fasterxml/jackson/dataformat/jackson-dataformat-csv/2.16.1/jackson-dataformat-csv-2.16.1.jar:/workspace/scratch/87c30a06d3c7/m3jdk-spectrum/m2/com/fasterxml/jackson/core/jackson-core/2.16.1/jackson-core-2.16.1.jar:/workspace/scratch/87c30a06d3c7/m3jdk-spectrum/m2/org/slf4j/slf4j-api/1.7.36/slf4j-api-1.7.36.jar:/workspace/scratch/87c30a06d3c7/m3jdk-spectrum/m2/org/eclipse/jgit/org.eclipse.jgit/5.13.3.202401111512-r/org.eclipse.jgit-5.13.3.202401111512-r.jar:/workspace/scratch/87c30a06d3c7/m3jdk-spectrum/m2/com/googlecode/javaewah/JavaEWAH/1.1.13/JavaEWAH-1.1.13.jar:/workspace/scratch/87c30a06d3c7/m3jdk-spectrum/m2/org/junit/jupiter/junit-jupiter/5.10.2/junit-jupiter-5.10.2.jar:/workspace/scratch/87c30a06d3c7/m3jdk-spectrum/m2/org/junit/jupiter/junit-jupiter-engine/5.10.2/junit-jupiter-engine-5.10.2.jar:/workspace/scratch/87c30a06d3c7/m3jdk-spectrum/m2/org/junit/platform/junit-platform-engine/1.10.2/junit-platform-engine-1.10.2.jar:"/>
    <property name="sun.cpu.endian" value="little"/>
    <property name="user.home" value="/root"/>
    <property name="user.language" value="en"/>
    <property name="java.specification.vendor" value="Oracle Corporation"/>
    <property name="java.version.date" value="2024-01-16"/>
    <property name="java.home" value="/workspace/scratch/877d9513c002/toolchains/jdk-21.0.2"/>
    <property name="file.separator" value="/"/>
    <property name="basedir" value="/workspace/scratch/87c30a06d3c7/m3jdk-spectrum/repo/m3/tooling/migration-recipes/tasks/atom-spectrum-20261005"/>
    <property name="java.vm.compressedOopsMode" value="32-bit"/>
    <property name="line.separator" value="&#10;"/>
    <property name="java.vm.specification.vendor" value="Oracle Corporation"/>
    <property name="java.specification.name" value="Java Platform API Specification"/>
    <property name="m3.spectrum.corpusRoot" value="/workspace/scratch/87c30a06d3c7/m3jdk-spectrum/corpus"/>
    <property name="surefire.real.class.path" value="/workspace/scratch/87c30a06d3c7/m3jdk-spectrum/repo/m3/tooling/migration-recipes/tasks/atom-spectrum-20261005/target/surefire/surefirebooter-20261005092744157_3.jar"/>
    <property name="sun.management.compiler" value="HotSpot 64-Bit Tiered Compilers"/>
    <property name="java.runtime.version" value="21.0.2+13-58"/>
    <property name="user.name" value="root"/>
    <property name="stdout.encoding" value="UTF-8"/>
    <property name="path.separator" value=":"/>
    <property name="os.version" value="6.18.44"/>
    <property name="java.runtime.name" value="OpenJDK Runtime Environment"/>
    <property name="file.encoding" value="UTF-8"/>
    <property name="java.vm.name" value="OpenJDK 64-Bit Server VM"/>
    <property name="localRepository" value="/workspace/scratch/87c30a06d3c7/m3jdk-spectrum/m2"/>
    <property name="java.vendor.url.bug" value="https://bugreport.java.com/bugreport/"/>
    <property name="java.io.tmpdir" value="/tmp"/>
    <property name="java.version" value="21.0.2"/>
    <property name="user.dir" value="/workspace/scratch/87c30a06d3c7/m3jdk-spectrum/repo/m3/tooling/migration-recipes/tasks/atom-spectrum-20261005"/>
    <property name="os.arch" value="amd64"/>
    <property name="java.vm.specification.name" value="Java Virtual Machine Specification"/>
    <property name="native.encoding" value="UTF-8"/>
    <property name="java.library.path" value="/usr/java/packages/lib:/usr/lib64:/lib64:/lib:/usr/lib"/>
    <property name="stderr.encoding" value="UTF-8"/>
    <property name="java.vm.info" value="mixed mode, sharing"/>
    <property name="java.vendor" value="Oracle Corporation"/>
    <property name="java.vm.version" value="21.0.2+13-58"/>
    <property name="sun.io.unicode.encoding" value="UnicodeLittle"/>
    <property name="maven.repo.local" value="/workspace/scratch/87c30a06d3c7/m3jdk-spectrum/m2"/>
    <property name="java.class.version" value="65.0"/>
  </properties>
  <testcase name="completePinnedM3GroupCompilesAndRunsItsRealPrefixAlgorithm" classname="com.m3.rewrite.atom.M3RepositoryCorpusTest" time="1.485"/>
  <testcase name="sourcePinnedHundredFileCorpusRecordsAdmissionAndRefusalWithoutProductWrites" classname="com.m3.rewrite.atom.M3RepositoryCorpusTest" time="36.15"/>
  <testcase name="changedSourceCannotBorrowAnOldPin" classname="com.m3.rewrite.atom.M3RepositoryCorpusTest" time="0.017"/>
</testsuite>
END_RAW_FILE final-reviewed/surefire-reports/TEST-com.m3.rewrite.atom.M3RepositoryCorpusTest.xml

BEGIN_RAW_FILE final-current/00-baseline-helper.diff sha256=2706d1a2acb83e83ee7fc2bdfc8df115e5191dd35a5cb4b92c69a95443dd0d20
--- initial-master/m3/tooling/migration-recipes/src/main/java/com/synexia/rewrite/M3HashPinnedJavaSnapshotRecipe.java
+++ current-master/m3/tooling/migration-recipes/src/main/java/com/synexia/rewrite/M3HashPinnedJavaSnapshotRecipe.java
@@ -27,12 +27,15 @@
 import org.openrewrite.TreeVisitor;
 import org.openrewrite.java.JavaParser;
 import org.openrewrite.java.tree.J;
+import org.openrewrite.text.PlainText;
 
 /**
  * Reusable, candidate-only Java migration from an exact source snapshot to reviewed Java LSTs.
  *
  * <p>Each crate supplies a manifest and UTF-8 templates as classpath resources. All target
- * preimages and all output templates are admitted before any output is produced. Hashes cover
+ * preimages and all output templates are admitted before any output is produced. Java LST mode is
+ * the default. Explicit PlainText mode is a source-custody fallback for parser-incompatible exact
+ * JDK owners and does not claim Java semantic/type validation. Hashes cover
  * rendered Java text encoded as UTF-8, not the original on-disk byte encoding. Replacements
  * preserve the input charset and BOM flag and discard its obsolete checksum. This recipe checks source identity and
  * syntax; the sealed M3 contract, coverage, compiler, test and runtime gates remain authoritative.
@@ -47,6 +50,12 @@
             example = "sealed-readonly-requirement")
     private final String crateName;
 
+    @Option(
+            displayName = "LST mode",
+            description = "Parse targets/templates as Java LSTs. Set false only for exact Java-source custody when the pinned parser cannot represent the reviewed owner.",
+            required = false)
+    private final boolean lst;
+
     private record Target(String path, String before, String after, String text) { }
 
     public static final class Inventory {
@@ -60,12 +69,19 @@
         }
     }
 
+    public M3HashPinnedJavaSnapshotRecipe(String crateName) {
+        this(crateName, true);
+    }
+
     @JsonCreator
-    public M3HashPinnedJavaSnapshotRecipe(@JsonProperty("crateName") String crateName) {
+    public M3HashPinnedJavaSnapshotRecipe(
+            @JsonProperty("crateName") String crateName,
+            @JsonProperty("lst") Boolean lst) {
         if (crateName == null || !crateName.matches("[a-z0-9][a-z0-9-]{0,79}")) {
             throw new IllegalArgumentException("invalid hash-pinned Java crate");
         }
         this.crateName = crateName;
+        this.lst = lst == null || lst;
     }
 
     @Override public String getDisplayName() {
@@ -73,8 +89,8 @@
     }
 
     @Override public String getDescription() {
-        return "Reconstructs reviewed Java LST candidates only when every source matches "
-                + "the crate's exact SHA-256 preimage or already matches its SHA-256 output.";
+        return "Reconstructs reviewed Java source from exact SHA-256 preimages. LST mode is the "
+                + "default; explicit PlainText mode provides source custody only and never Java semantic proof.";
     }
 
     @Override public Set<String> getTags() {
@@ -97,8 +113,8 @@
                         if (!target.path().equals(path)) continue;
                         String hash = sha256(file.printAll());
                         synchronized (inventory) {
-                            if (!(file instanceof J.CompilationUnit)) {
-                                inventory.conflicts.add("target is not a Java compilation unit: " + path);
+                            if (!admitted(file)) {
+                                inventory.conflicts.add("target representation does not match configured Java snapshot mode: " + path);
                             }
                             if (inventory.seen.putIfAbsent(path, hash) != null) {
                                 inventory.conflicts.add("duplicate target: " + path);
@@ -144,7 +160,7 @@
                                     ? target.before().equals("ABSENT")
                                             && current.equals(target.after())
                                     : current.equals(scanned);
-                            if (!(file instanceof J.CompilationUnit)
+                            if (!admitted(file)
                                     || !matchesManifest || !matchesScan) {
                                 throw new IllegalStateException("target changed after scan: " + path);
                             }
@@ -167,7 +183,9 @@
 
     public String getCrateName() { return crateName; }
 
-    private static void prepare(Inventory inventory, ExecutionContext context) {
+    public boolean isLst() { return lst; }
+
+    private void prepare(Inventory inventory, ExecutionContext context) {
         synchronized (inventory) {
             requireAdmissible(inventory);
             if (inventory.candidates == null) {
@@ -194,7 +212,13 @@
         }
     }
 
-    private static SourceFile parse(Target target, ExecutionContext context) {
+    private SourceFile parse(Target target, ExecutionContext context) {
+        if (!lst) {
+            return PlainText.builder()
+                    .sourcePath(Path.of(target.path()))
+                    .text(target.text())
+                    .build();
+        }
         List<SourceFile> parsed = JavaParser.fromJavaVersion().build()
                 .parseInputs(List.of(Parser.Input.fromString(Path.of(target.path()), target.text())),
                         null, context).toList();
@@ -247,6 +271,10 @@
         return value.chars().noneMatch(Character::isISOControl);
     }
 
+    private boolean admitted(SourceFile file) {
+        return lst ? file instanceof J.CompilationUnit : file instanceof PlainText;
+    }
+
     private static String normalized(Path path) {
         return path.normalize().toString().replace('\\', '/');
     }

END_RAW_FILE final-current/00-baseline-helper.diff

BEGIN_RAW_FILE final-current/00-baseline-integration.json sha256=66efbdb1be8a1c5c0b388bb6bab50998a7f3e2821722c4d2385a7522e8b826f3
{
  "event": "upstream_baseline_integration",
  "initial_commit": "e8fdab9a7abc4b0273438ce9e5d0ffd6255b1247",
  "publication_commit": "da958d00d24154c0db87beca0ec80a7df2b43b73",
  "publication_root_tree": "548f3d7c434c49c3989fc722f34ebba2ba9f0c5a",
  "helper_path": "m3/tooling/migration-recipes/src/main/java/com/synexia/rewrite/M3HashPinnedJavaSnapshotRecipe.java",
  "before_sha256": "b96894a77e5c310addbda72b248ab56fedf8ceb24e5de81fe6e5d090982a4abc",
  "current_sha256": "9cf77c6e68a534e84b88230ca517fa6c5a76fb3e101ea3a1f68aa5222c3ec4d9",
  "current_git_blob_sha1": "717c3e01f8f0407ce96439e3ecc96190b10c1eed",
  "authored_changes_to_helper": false,
  "one_argument_constructor_mode": "Java LST",
  "next_gate": "static_lint"
}

END_RAW_FILE final-current/00-baseline-integration.json

BEGIN_RAW_FILE final-current/00-publication-preflight.json sha256=078229832f13d3c23846e3e334ff69eeac1df4bdc602f3b5e6c01a0d8e6b216e
{
  "repository": "hsoliwal/M3jdk21",
  "pinned_source_baseline": "e8fdab9a7abc4b0273438ce9e5d0ffd6255b1247",
  "publication_base": "da958d00d24154c0db87beca0ec80a7df2b43b73",
  "publication_tree": "548f3d7c434c49c3989fc722f34ebba2ba9f0c5a",
  "write_paths": [
    {
      "path": "m3/tooling/migration-recipes/src/main/java/com/m3/rewrite/atom/M3AtomizePureIntReturnRecipe.java",
      "operation": "MODIFY",
      "expected": "94ff41d9a298b671749a69bd8bc7b32005ebf877",
      "actual": "94ff41d9a298b671749a69bd8bc7b32005ebf877",
      "matches": true
    },
    {
      "path": "m3/tooling/migration-recipes/src/main/java/com/m3/rewrite/atom/M3PatternizePureIntAtomRecipe.java",
      "operation": "MODIFY",
      "expected": "6b3b8a126cca230526c66adba36f53f5f9f49f5b",
      "actual": "6b3b8a126cca230526c66adba36f53f5f9f49f5b",
      "matches": true
    },
    {
      "path": "m3/tooling/migration-recipes/src/main/resources/com/synexia/rewrite/hash-pinned-java/atom-comment-custody/after.java.txt",
      "operation": "ADD",
      "expected": "ABSENT",
      "actual": "ABSENT",
      "matches": true
    },
    {
      "path": "m3/tooling/migration-recipes/src/main/resources/com/synexia/rewrite/hash-pinned-java/atom-comment-custody/before.java.txt",
      "operation": "ADD",
      "expected": "ABSENT",
      "actual": "ABSENT",
      "matches": true
    },
    {
      "path": "m3/tooling/migration-recipes/src/main/resources/com/synexia/rewrite/hash-pinned-java/atom-comment-custody/manifest.tsv",
      "operation": "ADD",
      "expected": "ABSENT",
      "actual": "ABSENT",
      "matches": true
    },
    {
      "path": "m3/tooling/migration-recipes/src/main/resources/com/synexia/rewrite/hash-pinned-java/atom-pattern-spectrum/after-atom.java.txt",
      "operation": "ADD",
      "expected": "ABSENT",
      "actual": "ABSENT",
      "matches": true
    },
    {
      "path": "m3/tooling/migration-recipes/src/main/resources/com/synexia/rewrite/hash-pinned-java/atom-pattern-spectrum/after-pattern.java.txt",
      "operation": "ADD",
      "expected": "ABSENT",
      "actual": "ABSENT",
      "matches": true
    },
    {
      "path": "m3/tooling/migration-recipes/src/main/resources/com/synexia/rewrite/hash-pinned-java/atom-pattern-spectrum/before-atom.java.txt",
      "operation": "ADD",
      "expected": "ABSENT",
      "actual": "ABSENT",
      "matches": true
    },
    {
      "path": "m3/tooling/migration-recipes/src/main/resources/com/synexia/rewrite/hash-pinned-java/atom-pattern-spectrum/before-pattern.java.txt",
      "operation": "ADD",
      "expected": "ABSENT",
      "actual": "ABSENT",
      "matches": true
    },
    {
      "path": "m3/tooling/migration-recipes/src/main/resources/com/synexia/rewrite/hash-pinned-java/atom-pattern-spectrum/manifest.tsv",
      "operation": "ADD",
      "expected": "ABSENT",
      "actual": "ABSENT",
      "matches": true
    },
    {
      "path": "m3/tooling/migration-recipes/src/test/java/com/m3/rewrite/atom/M3AtomCommentRecipeTest.java",
      "operation": "ADD",
      "expected": "ABSENT",
      "actual": "ABSENT",
      "matches": true
    },
    {
      "path": "m3/tooling/migration-recipes/src/test/java/com/m3/rewrite/atom/M3AtomizePureIntReturnRecipeTest.java",
      "operation": "MODIFY",
      "expected": "27396b63daa866d90b30919280c4f1a0c37138f7",
      "actual": "27396b63daa866d90b30919280c4f1a0c37138f7",
      "matches": true
    },
    {
      "path": "m3/tooling/migration-recipes/src/test/java/com/m3/rewrite/atom/M3IntSpectrumTest.java",
      "operation": "ADD",
      "expected": "ABSENT",
      "actual": "ABSENT",
      "matches": true
    },
    {
      "path": "m3/tooling/migration-recipes/src/test/java/com/m3/rewrite/atom/M3PatternMarkerTest.java",
      "operation": "ADD",
      "expected": "ABSENT",
      "actual": "ABSENT",
      "matches": true
    },
    {
      "path": "m3/tooling/migration-recipes/src/test/java/com/m3/rewrite/atom/M3RepositoryCorpusTest.java",
      "operation": "ADD",
      "expected": "ABSENT",
      "actual": "ABSENT",
      "matches": true
    },
    {
      "path": "m3/tooling/migration-recipes/src/test/java/com/m3/rewrite/atom/SpectrumCases.java",
      "operation": "ADD",
      "expected": "ABSENT",
      "actual": "ABSENT",
      "matches": true
    },
    {
      "path": "m3/tooling/migration-recipes/src/test/resources/com/m3/rewrite/atom/spectrum/CORPUS.tsv",
      "operation": "ADD",
      "expected": "ABSENT",
      "actual": "ABSENT",
      "matches": true
    },
    {
      "path": "m3/tooling/migration-recipes/tasks/atom-spectrum-20261005/DESIGN.md",
      "operation": "ADD",
      "expected": "ABSENT",
      "actual": "ABSENT",
      "matches": true
    },
    {
      "path": "m3/tooling/migration-recipes/tasks/atom-spectrum-20261005/FINAL_REPORT.md",
      "operation": "ADD",
      "expected": "ABSENT",
      "actual": "ABSENT",
      "matches": true
    },
    {
      "path": "m3/tooling/migration-recipes/tasks/atom-spectrum-20261005/README.md",
      "operation": "ADD",
      "expected": "ABSENT",
      "actual": "ABSENT",
      "matches": true
    },
    {
      "path": "m3/tooling/migration-recipes/tasks/atom-spectrum-20261005/SOURCE_PINS.tsv",
      "operation": "ADD",
      "expected": "ABSENT",
      "actual": "ABSENT",
      "matches": true
    },
    {
      "path": "m3/tooling/migration-recipes/tasks/atom-spectrum-20261005/checkstyle.xml",
      "operation": "ADD",
      "expected": "ABSENT",
      "actual": "ABSENT",
      "matches": true
    },
    {
      "path": "m3/tooling/migration-recipes/tasks/atom-spectrum-20261005/evidence/BASELINE.json",
      "operation": "ADD",
      "expected": "ABSENT",
      "actual": "ABSENT",
      "matches": true
    },
    {
      "path": "m3/tooling/migration-recipes/tasks/atom-spectrum-20261005/evidence/CORPUS_ADMISSION.tsv",
      "operation": "ADD",
      "expected": "ABSENT",
      "actual": "ABSENT",
      "matches": true
    },
    {
      "path": "m3/tooling/migration-recipes/tasks/atom-spectrum-20261005/evidence/CORPUS_COUNTS.tsv",
      "operation": "ADD",
      "expected": "ABSENT",
      "actual": "ABSENT",
      "matches": true
    },
    {
      "path": "m3/tooling/migration-recipes/tasks/atom-spectrum-20261005/evidence/COUNTS.tsv",
      "operation": "ADD",
      "expected": "ABSENT",
      "actual": "ABSENT",
      "matches": true
    },
    {
      "path": "m3/tooling/migration-recipes/tasks/atom-spectrum-20261005/evidence/EVENTS.jsonl",
      "operation": "ADD",
      "expected": "ABSENT",
      "actual": "ABSENT",
      "matches": true
    },
    {
      "path": "m3/tooling/migration-recipes/tasks/atom-spectrum-20261005/evidence/FINAL_COMMANDS.json",
      "operation": "ADD",
      "expected": "ABSENT",
      "actual": "ABSENT",
      "matches": true
    },
    {
      "path": "m3/tooling/migration-recipes/tasks/atom-spectrum-20261005/evidence/FINAL_CONTROL_SHA256.tsv",
      "operation": "ADD",
      "expected": "ABSENT",
      "actual": "ABSENT",
      "matches": true
    },
    {
      "path": "m3/tooling/migration-recipes/tasks/atom-spectrum-20261005/evidence/FINAL_SOURCE_SHA256.tsv",
      "operation": "ADD",
      "expected": "ABSENT",
      "actual": "ABSENT",
      "matches": true
    },
    {
      "path": "m3/tooling/migration-recipes/tasks/atom-spectrum-20261005/evidence/GATES.tsv",
      "operation": "ADD",
      "expected": "ABSENT",
      "actual": "ABSENT",
      "matches": true
    },
    {
      "path": "m3/tooling/migration-recipes/tasks/atom-spectrum-20261005/evidence/JUNIT.tsv",
      "operation": "ADD",
      "expected": "ABSENT",
      "actual": "ABSENT",
      "matches": true
    },
    {
      "path": "m3/tooling/migration-recipes/tasks/atom-spectrum-20261005/evidence/M3_GROUP.tsv",
      "operation": "ADD",
      "expected": "ABSENT",
      "actual": "ABSENT",
      "matches": true
    },
    {
      "path": "m3/tooling/migration-recipes/tasks/atom-spectrum-20261005/evidence/MATERIALIZATION.tsv",
      "operation": "ADD",
      "expected": "ABSENT",
      "actual": "ABSENT",
      "matches": true
    },
    {
      "path": "m3/tooling/migration-recipes/tasks/atom-spectrum-20261005/evidence/PERMUTATIONS.tsv",
      "operation": "ADD",
      "expected": "ABSENT",
      "actual": "ABSENT",
      "matches": true
    },
    {
      "path": "m3/tooling/migration-recipes/tasks/atom-spectrum-20261005/evidence/RAW_GATES.log",
      "operation": "ADD",
      "expected": "ABSENT",
      "actual": "ABSENT",
      "matches": true
    },
    {
      "path": "m3/tooling/migration-recipes/tasks/atom-spectrum-20261005/evidence/RAW_GATES_INDEX.tsv",
      "operation": "ADD",
      "expected": "ABSENT",
      "actual": "ABSENT",
      "matches": true
    },
    {
      "path": "m3/tooling/migration-recipes/tasks/atom-spectrum-20261005/evidence/RUNTIME_AUDIT.json",
      "operation": "ADD",
      "expected": "ABSENT",
      "actual": "ABSENT",
      "matches": true
    },
    {
      "path": "m3/tooling/migration-recipes/tasks/atom-spectrum-20261005/pom.xml",
      "operation": "ADD",
      "expected": "ABSENT",
      "actual": "ABSENT",
      "matches": true
    },
    {
      "path": "m3/tooling/migration-recipes/tasks/atom-spectrum-20261005/verify-runtime.py",
      "operation": "ADD",
      "expected": "ABSENT",
      "actual": "ABSENT",
      "matches": true
    },
    {
      "path": "m3/tooling/migration-recipes/tasks/atom-spectrum-20261005/verify-static.py",
      "operation": "ADD",
      "expected": "ABSENT",
      "actual": "ABSENT",
      "matches": true
    }
  ],
  "comparison": {
    "status": "ahead",
    "total_commits": 21,
    "file_count": 23,
    "changed_files": [
      {
        "path": ".github/workflows/m3-jep467-markdown-inventory.yml",
        "sha": "9639e8303d10f39996df9ef3902e95b851389b43",
        "status": "modified"
      },
      {
        "path": ".github/workflows/m3-parser-custody-diagnostics.yml",
        "sha": "4e9ac8ddafa662c2303af614b7336dd2f9e250a2",
        "status": "added"
      },
      {
        "path": ".github/workflows/m3-post21-jep-compatibility-policy.yml",
        "sha": "b0fc3976d11c525c5e27a4bd85561ba5e323691f",
        "status": "added"
      },
      {
        "path": ".github/workflows/m3-proof-harness-repair-diagnostics.yml",
        "sha": "259b8d1a39693b59fd011df6c69610ac77752da5",
        "status": "added"
      },
      {
        "path": "m3/backports/POST21_PRIORITY_COMPATIBILITY.tsv",
        "sha": "ebe8a2e68c3ebf7f1607f8d629ce9b5ac814c639",
        "status": "added"
      },
      {
        "path": "m3/backports/PROOF_HARNESS_REPAIR_20261005.md",
        "sha": "d9999d6391ffe3b0a4b9b4b3b8f7142b8c2d9c2c",
        "status": "added"
      },
      {
        "path": "m3/backports/compatibility_policy.py",
        "sha": "b1e16c127f72338456075447e192f4c2f26bc5d3",
        "status": "added"
      },
      {
        "path": "m3/backports/file_delta_inventory.py",
        "sha": "b7f9926f262ae5de4fb8089a52369cbcd36e3601",
        "status": "modified"
      },
      {
        "path": "m3/backports/recipes/jep-467-markdown/PATHS.txt",
        "sha": "8875de188cf1ca221397f4e3e15a31bd79e14a85",
        "status": "modified"
      },
      {
        "path": "m3/backports/test_compatibility_policy.py",
        "sha": "40471960766b47ee03d1298564de20f94b440520",
        "status": "added"
      },
      {
        "path": "m3/backports/test_file_delta_inventory.py",
        "sha": "3429a610f2f150b199948a7fafb6fff4290cc372",
        "status": "modified"
      },
      {
        "path": "m3/tooling/migration-recipes/src/main/java/com/m3/rewrite/scope/M3ScopeInference.java",
        "sha": "13a5ed9cd0b0923f1f81f799b7bcbe3758dd2ee8",
        "status": "modified"
      },
      {
        "path": "m3/tooling/migration-recipes/src/main/java/com/synexia/rewrite/M3HashPinnedJavaSnapshotRecipe.java",
        "sha": "717c3e01f8f0407ce96439e3ecc96190b10c1eed",
        "status": "modified"
      },
      {
        "path": "m3/tooling/migration-recipes/src/main/resources/com/synexia/rewrite/hash-pinned-java/gate-java/04-M3MIndexJniNewStringAdmissionRecipeTest.java.txt",
        "sha": "0ca2dea3546842083ae55e1be0b32eed65835d6a",
        "status": "modified"
      },
      {
        "path": "m3/tooling/migration-recipes/src/main/resources/com/synexia/rewrite/hash-pinned-java/gate-java/06-M3MIndexStringBulkCharBoundaryRecipeTest.java.txt",
        "sha": "4e174a1a7db7403754bfb4e332289eea4f27f733",
        "status": "modified"
      },
      {
        "path": "m3/tooling/migration-recipes/src/main/resources/com/synexia/rewrite/hash-pinned-java/gate-java/manifest.tsv",
        "sha": "400920825bbac788443ab73b5467d50a6e55d3ff",
        "status": "modified"
      },
      {
        "path": "m3/tooling/migration-recipes/src/test/java/com/m3/rewrite/atom/M3AtomCoverageClosureTest.java",
        "sha": "0b8bdd4b7df8dc60c987a88b1e8197032b80ed49",
        "status": "added"
      },
      {
        "path": "m3/tooling/migration-recipes/src/test/java/com/m3/rewrite/atom/M3AtomDefensiveBranchTest.java",
        "sha": "a12cda8d18e82f0f0078916a9396cd10a7ef0242",
        "status": "added"
      },
      {
        "path": "m3/tooling/migration-recipes/src/test/java/com/m3/rewrite/scope/M3ScopeCoverageClosureTest.java",
        "sha": "ee5b7b7699b8a89564a843e6846ecf318fbb1891",
        "status": "added"
      },
      {
        "path": "m3/tooling/migration-recipes/src/test/java/com/m3/rewrite/scope/M3ScopeDefensiveBranchTest.java",
        "sha": "5780dae3964cb143397e2b3d5b5c063f0a261e19",
        "status": "added"
      },
      {
        "path": "m3/tooling/migration-recipes/src/test/java/com/synexia/rewrite/M3MIndexJniNewStringAdmissionRecipeTest.java",
        "sha": "0ca2dea3546842083ae55e1be0b32eed65835d6a",
        "status": "modified"
      },
      {
        "path": "m3/tooling/migration-recipes/src/test/java/com/synexia/rewrite/M3MIndexStringBulkCharBoundaryRecipeTest.java",
        "sha": "4e174a1a7db7403754bfb4e332289eea4f27f733",
        "status": "modified"
      },
      {
        "path": "m3/tooling/migration-recipes/tasks/recipe-closure/PARSER_CUSTODY.md",
        "sha": "dfa4460db8394111f92442adab8740e36f33a03e",
        "status": "added"
      }
    ]
  },
  "generic": {
    "path": "m3/tooling/migration-recipes/src/main/java/com/synexia/rewrite/M3HashPinnedJavaSnapshotRecipe.java",
    "git_blob": "717c3e01f8f0407ce96439e3ecc96190b10c1eed",
    "sha256": "9cf77c6e68a534e84b88230ca517fa6c5a76fb3e101ea3a1f68aa5222c3ec4d9"
  },
  "corpus_changed_paths": [],
  "corpus_unmodified_paths": 100
}

END_RAW_FILE final-current/00-publication-preflight.json

BEGIN_RAW_FILE final-current/00-python-syntax.log sha256=61fc01ea3da3b6dc3cdbb78f2ef3a7df6d517bdb8c218a63776a0f34ba17812e
PYTHON_AST_PASS verify-static.py verify-runtime.py

END_RAW_FILE final-current/00-python-syntax.log

BEGIN_RAW_FILE final-current/00-upstream-tests.json sha256=1bd6fde3a9a3ebbe0bf7ea772b71070facbd6574d7a3500d70ac2c71906af929
[
  {
    "path": "m3/tooling/migration-recipes/src/test/java/com/m3/rewrite/atom/M3AtomCoverageClosureTest.java",
    "git_blob": "0b8bdd4b7df8dc60c987a88b1e8197032b80ed49",
    "sha256": "e1d4d4d33502dbcf046ec7c52c2e1c357b37f0b0fbeea58a00a2114073a02dc1",
    "bytes": 13464,
    "authored_change": false
  },
  {
    "path": "m3/tooling/migration-recipes/src/test/java/com/m3/rewrite/atom/M3AtomDefensiveBranchTest.java",
    "git_blob": "a12cda8d18e82f0f0078916a9396cd10a7ef0242",
    "sha256": "91552baecc3f8c791326ffbfa47375624ae694dffdc5dcedceedc01be7865ab5",
    "bytes": 5370,
    "authored_change": false
  }
]

END_RAW_FILE final-current/00-upstream-tests.json

BEGIN_RAW_FILE final-current/01-static.log sha256=d399b4ab24a2fcad1b4b38f1693ef814f6f5711d63624402e89fca74dfc79c4c
STATIC_PIN_CHECK_PASS 19 Java files; 100 real corpus files; 4004365 bytes
XML_PARSE_PASS; source syntax still requires Checkstyle and javac

END_RAW_FILE final-current/01-static.log

BEGIN_RAW_FILE final-current/02-lint.log sha256=8085eb6bb58fcd9bf425ec0136de2f0d44a7dcb79fcd46550819cf01482a50d9
Starting audit...
[ERROR] /workspace/scratch/87c30a06d3c7/m3jdk-spectrum/repo/m3/tooling/migration-recipes/src/test/java/com/m3/rewrite/atom/M3AtomDefensiveBranchTest.java:4:15: Unused import - org.junit.jupiter.api.Assertions.assertEquals. [UnusedImports]
Audit done.
Checkstyle ends with 1 errors.

END_RAW_FILE final-current/02-lint.log

BEGIN_RAW_FILE final-current/COMMANDS.json sha256=0f53b356ab7b0a6ab7ab2f4402ea038d96fe9eeea908273d107fd14c3b79c89b
{
  "environment": {
    "JAVA_HOME": "/workspace/scratch/877d9513c002/toolchains/jdk-21.0.2",
    "MAVEN_OPTS": "-Xmx192m -XX:ActiveProcessorCount=1"
  },
  "commands": [
    [
      "01-static.log",
      [
        "python3",
        "/workspace/scratch/87c30a06d3c7/m3jdk-spectrum/repo/m3/tooling/migration-recipes/tasks/atom-spectrum-20261005/verify-static.py",
        "--corpus-root",
        "/workspace/scratch/87c30a06d3c7/m3jdk-spectrum/corpus",
        "--out",
        "/workspace/scratch/87c30a06d3c7/m3jdk-spectrum/evidence/final-current"
      ]
    ],
    [
      "02-lint.log",
      [
        "/workspace/scratch/877d9513c002/toolchains/jdk-21.0.2/bin/java",
        "-Xmx192m",
        "-jar",
        "/workspace/scratch/5809f5dce3dd/provider-superset-20261005/toolchain/checkstyle-12.3.1-all.jar",
        "-c",
        "/workspace/scratch/87c30a06d3c7/m3jdk-spectrum/repo/m3/tooling/migration-recipes/tasks/atom-spectrum-20261005/checkstyle.xml",
        "/workspace/scratch/87c30a06d3c7/m3jdk-spectrum/repo/m3/tooling/migration-recipes/src/main/java/com/m3/rewrite/atom",
        "/workspace/scratch/87c30a06d3c7/m3jdk-spectrum/repo/m3/tooling/migration-recipes/src/main/java/com/synexia/rewrite/M3HashPinnedJavaSnapshotRecipe.java",
        "/workspace/scratch/87c30a06d3c7/m3jdk-spectrum/repo/m3/tooling/migration-recipes/src/test/java/com/m3/rewrite/atom"
      ]
    ],
    [
      "03-compile.log",
      [
        "/workspace/scratch/877d9513c002/toolchains/apache-maven-3.9.12/bin/mvn",
        "-o",
        "-B",
        "-ntp",
        "-Dmaven.repo.local=/workspace/scratch/87c30a06d3c7/m3jdk-spectrum/m2",
        "-Dm3.spectrum.corpusRoot=/workspace/scratch/87c30a06d3c7/m3jdk-spectrum/corpus",
        "-f",
        "/workspace/scratch/87c30a06d3c7/m3jdk-spectrum/repo/m3/tooling/migration-recipes/tasks/atom-spectrum-20261005/pom.xml",
        "compile"
      ]
    ],
    [
      "04-test-compile.log",
      [
        "/workspace/scratch/877d9513c002/toolchains/apache-maven-3.9.12/bin/mvn",
        "-o",
        "-B",
        "-ntp",
        "-Dmaven.repo.local=/workspace/scratch/87c30a06d3c7/m3jdk-spectrum/m2",
        "-Dm3.spectrum.corpusRoot=/workspace/scratch/87c30a06d3c7/m3jdk-spectrum/corpus",
        "-f",
        "/workspace/scratch/87c30a06d3c7/m3jdk-spectrum/repo/m3/tooling/migration-recipes/tasks/atom-spectrum-20261005/pom.xml",
        "test-compile"
      ]
    ],
    [
      "05-all-tests.log",
      [
        "/workspace/scratch/877d9513c002/toolchains/apache-maven-3.9.12/bin/mvn",
        "-o",
        "-B",
        "-ntp",
        "-Dmaven.repo.local=/workspace/scratch/87c30a06d3c7/m3jdk-spectrum/m2",
        "-Dm3.spectrum.corpusRoot=/workspace/scratch/87c30a06d3c7/m3jdk-spectrum/corpus",
        "-f",
        "/workspace/scratch/87c30a06d3c7/m3jdk-spectrum/repo/m3/tooling/migration-recipes/tasks/atom-spectrum-20261005/pom.xml",
        "surefire:test"
      ]
    ],
    [
      "06-runtime-audit.log",
      [
        "python3",
        "/workspace/scratch/87c30a06d3c7/m3jdk-spectrum/repo/m3/tooling/migration-recipes/tasks/atom-spectrum-20261005/verify-runtime.py",
        "--static-receipt",
        "/workspace/scratch/87c30a06d3c7/m3jdk-spectrum/evidence/final-current/SOURCE_SHA256.tsv",
        "--corpus-root",
        "/workspace/scratch/87c30a06d3c7/m3jdk-spectrum/corpus",
        "--out",
        "/workspace/scratch/87c30a06d3c7/m3jdk-spectrum/evidence/final-current"
      ]
    ]
  ]
}

END_RAW_FILE final-current/COMMANDS.json

BEGIN_RAW_FILE final-current/SOURCE_SHA256.tsv sha256=f809d29624a5e54db7e1ba320b4e05714762570a2a74804c8a4d41068379da9b
path	sha256
m3/tooling/migration-recipes/src/main/java/com/m3/rewrite/atom/M3AtomizePureIntReturnRecipe.java	4f6c17a035e64106f172b488fded9b565d1af48d6a8ecbd4700b3ff0cc2cd1e1
m3/tooling/migration-recipes/src/main/java/com/m3/rewrite/atom/M3DocumentPureIntAtomRecipe.java	496624f1f8612f3c39ea20c6f77fa0dc0594fa13c378b2f2a3a06143c739df1c
m3/tooling/migration-recipes/src/main/java/com/m3/rewrite/atom/M3FileAtomCandidateTable.java	2765872917a05ca2e71f977484a872bbac626cdf55ca24c71c8c9bc6dff10f24
m3/tooling/migration-recipes/src/main/java/com/m3/rewrite/atom/M3InventoryPureIntAtomCandidates.java	3ca3fb634bd742821a317c47dde7ecb5f5176a1df8e3c2e8248a7873821a832b
m3/tooling/migration-recipes/src/main/java/com/m3/rewrite/atom/M3PatternizePureIntAtomRecipe.java	b831177cbaaeca359a0b397eb4c74c0caf86c27666db702ef4492a42c210cd9f
m3/tooling/migration-recipes/src/main/java/com/m3/rewrite/atom/M3PureIntAtomEligibility.java	ea31026be2f699923e4dfcc6fa906cee77eb5a46bdb9a32948948bfdfe19cebb
m3/tooling/migration-recipes/src/main/java/com/m3/rewrite/atom/M3PureIntConvergenceRecipe.java	ba078715aa83969fc6c04fcd0d9d226ff0d0ad7f46f38ebede6f5b312504e534
m3/tooling/migration-recipes/src/test/java/com/m3/rewrite/atom/M3AtomCommentRecipeTest.java	120985ef8bec9c99bb1f6103f41aed442c0dfafa13a845ba5007859403bd8b05
m3/tooling/migration-recipes/src/test/java/com/m3/rewrite/atom/M3AtomCoverageClosureTest.java	e1d4d4d33502dbcf046ec7c52c2e1c357b37f0b0fbeea58a00a2114073a02dc1
m3/tooling/migration-recipes/src/test/java/com/m3/rewrite/atom/M3AtomDefensiveBranchTest.java	91552baecc3f8c791326ffbfa47375624ae694dffdc5dcedceedc01be7865ab5
m3/tooling/migration-recipes/src/test/java/com/m3/rewrite/atom/M3AtomizePureIntReturnRecipeTest.java	bd015deb2c5b0c7ccbd8471757513973e94eda4e506995d12da90b8e67cde9eb
m3/tooling/migration-recipes/src/test/java/com/m3/rewrite/atom/M3IntRecipeProjectTest.java	004de5f30e2a3c54d439b36493e8733dc73fdae8a288ba18238423ded5afcbed
m3/tooling/migration-recipes/src/test/java/com/m3/rewrite/atom/M3IntSpectrumTest.java	aae0bf5d920010103954b3b0b3ef0a4f0857ca3d0ffff32423eb91aa2da70b97
m3/tooling/migration-recipes/src/test/java/com/m3/rewrite/atom/M3InventoryPureIntAtomCandidatesTest.java	ef29c46f009d7a9d980854226366a9066e5c29fe041e01497c2c40cbfffb397d
m3/tooling/migration-recipes/src/test/java/com/m3/rewrite/atom/M3PatternMarkerTest.java	9b8b7396e0dba4e8d411db8d56e09bbb4ae0fdab4fbb4f4972d3844c8cab23c0
m3/tooling/migration-recipes/src/test/java/com/m3/rewrite/atom/M3PureIntConvergenceRecipeTest.java	152189b0eeeed97460ea798f042fc9f9df7609c9477dcf7bdb593b06c48486c6
m3/tooling/migration-recipes/src/test/java/com/m3/rewrite/atom/M3RepositoryCorpusTest.java	f5748d2c07ce80fb2735c1d775e4d6fe0d8344355d4fafebc57bd86215353d71
m3/tooling/migration-recipes/src/test/java/com/m3/rewrite/atom/MemJava.java	c2a204144a4ff7fe2f4abfa151a744e7114961b83b7f006e019e595f4569e238
m3/tooling/migration-recipes/src/test/java/com/m3/rewrite/atom/SpectrumCases.java	52c83c1c18eaee870e6b6703f7476e7fde442f311bfeb6b33e92638546419f61

END_RAW_FILE final-current/SOURCE_SHA256.tsv

BEGIN_RAW_FILE current-2/00-fixture-import.diff sha256=faec4bf2a47541174191f72e1e95aefcbb1923155cd73fe696aa27bfc0ad208f
--- current-master/m3/tooling/migration-recipes/src/test/java/com/m3/rewrite/atom/M3AtomDefensiveBranchTest.java
+++ candidate/m3/tooling/migration-recipes/src/test/java/com/m3/rewrite/atom/M3AtomDefensiveBranchTest.java
@@ -1,7 +1,6 @@
 // SPDX-License-Identifier: Apache-2.0
 package com.m3.rewrite.atom;
 
-import static org.junit.jupiter.api.Assertions.assertEquals;
 import static org.junit.jupiter.api.Assertions.assertFalse;
 import static org.junit.jupiter.api.Assertions.assertTrue;
 

END_RAW_FILE current-2/00-fixture-import.diff

BEGIN_RAW_FILE current-2/00-python-syntax.log sha256=61fc01ea3da3b6dc3cdbb78f2ef3a7df6d517bdb8c218a63776a0f34ba17812e
PYTHON_AST_PASS verify-static.py verify-runtime.py

END_RAW_FILE current-2/00-python-syntax.log

BEGIN_RAW_FILE current-2/01-static.log sha256=d399b4ab24a2fcad1b4b38f1693ef814f6f5711d63624402e89fca74dfc79c4c
STATIC_PIN_CHECK_PASS 19 Java files; 100 real corpus files; 4004365 bytes
XML_PARSE_PASS; source syntax still requires Checkstyle and javac

END_RAW_FILE current-2/01-static.log

BEGIN_RAW_FILE current-2/02-lint.log sha256=2ee89ca49ecae1bb5b3de5ffcc8a964e605f1b1c6fbe072073a1ea4feaa4e230
Starting audit...
Audit done.

END_RAW_FILE current-2/02-lint.log

BEGIN_RAW_FILE current-2/03-compile.log sha256=44de43f68e722a1d7370997a96c4c50518300c8bf05ad7a464b8bac7e76f75be
[INFO] Scanning for projects...
[INFO] 
[INFO] -----------------< com.m3.tooling:atom-spectrum-proof >-----------------
[INFO] Building Focused A3 atom and pattern spectrum proof 0.1.0-SNAPSHOT
[INFO]   from pom.xml
[INFO] --------------------------------[ jar ]---------------------------------
[INFO] 
[INFO] --- resources:3.3.1:resources (default-resources) @ atom-spectrum-proof ---
[INFO] Copying 8 resources from ../../src/main/resources to target/classes
[INFO] 
[INFO] --- compiler:3.13.0:compile (default-compile) @ atom-spectrum-proof ---
[INFO] Recompiling the module because of changed source code.
[INFO] Compiling 8 source files with javac [debug release 21] to target/classes
[INFO] ------------------------------------------------------------------------
[INFO] BUILD SUCCESS
[INFO] ------------------------------------------------------------------------
[INFO] Total time:  1.603 s
[INFO] Finished at: 2026-10-05T09:54:36+02:00
[INFO] ------------------------------------------------------------------------

END_RAW_FILE current-2/03-compile.log

BEGIN_RAW_FILE current-2/04-test-compile.log sha256=8a8767fe41fbed37747fd6ced7767cf6ddb7a40ffb95670ae24e1fed35b39c22
[INFO] Scanning for projects...
[INFO] 
[INFO] -----------------< com.m3.tooling:atom-spectrum-proof >-----------------
[INFO] Building Focused A3 atom and pattern spectrum proof 0.1.0-SNAPSHOT
[INFO]   from pom.xml
[INFO] --------------------------------[ jar ]---------------------------------
[INFO] 
[INFO] --- resources:3.3.1:resources (default-resources) @ atom-spectrum-proof ---
[INFO] Copying 8 resources from ../../src/main/resources to target/classes
[INFO] 
[INFO] --- compiler:3.13.0:compile (default-compile) @ atom-spectrum-proof ---
[INFO] Nothing to compile - all classes are up to date.
[INFO] 
[INFO] --- resources:3.3.1:testResources (default-testResources) @ atom-spectrum-proof ---
[INFO] Copying 1 resource from ../../src/test/resources to target/test-classes
[INFO] 
[INFO] --- compiler:3.13.0:testCompile (default-testCompile) @ atom-spectrum-proof ---
[INFO] Recompiling the module because of changed source code.
[INFO] Compiling 12 source files with javac [debug release 21] to target/test-classes
[INFO] ------------------------------------------------------------------------
[INFO] BUILD SUCCESS
[INFO] ------------------------------------------------------------------------
[INFO] Total time:  1.977 s
[INFO] Finished at: 2026-10-05T09:54:39+02:00
[INFO] ------------------------------------------------------------------------

END_RAW_FILE current-2/04-test-compile.log

BEGIN_RAW_FILE current-2/05-all-tests.log sha256=e842d0113c27977df59e1d485f47e2877f529d1886bec7c40abca08c3c6e1399
[INFO] Scanning for projects...
[INFO] 
[INFO] -----------------< com.m3.tooling:atom-spectrum-proof >-----------------
[INFO] Building Focused A3 atom and pattern spectrum proof 0.1.0-SNAPSHOT
[INFO]   from pom.xml
[INFO] --------------------------------[ jar ]---------------------------------
[INFO] 
[INFO] --- surefire:3.2.5:test (default-cli) @ atom-spectrum-proof ---
[INFO] Using auto detected provider org.apache.maven.surefire.junitplatform.JUnitPlatformProvider
[INFO] 
[INFO] -------------------------------------------------------
[INFO]  T E S T S
[INFO] -------------------------------------------------------
[INFO] Running com.m3.rewrite.atom.M3AtomDefensiveBranchTest
SLF4J: Failed to load class "org.slf4j.impl.StaticLoggerBinder".
SLF4J: Defaulting to no-operation (NOP) logger implementation
SLF4J: See http://www.slf4j.org/codes.html#StaticLoggerBinder for further details.
[INFO] Tests run: 4, Failures: 0, Errors: 0, Skipped: 0, Time elapsed: 2.644 s -- in com.m3.rewrite.atom.M3AtomDefensiveBranchTest
[INFO] Running com.m3.rewrite.atom.M3PatternMarkerTest
[INFO] Tests run: 2, Failures: 0, Errors: 0, Skipped: 0, Time elapsed: 2.276 s -- in com.m3.rewrite.atom.M3PatternMarkerTest
[INFO] Running com.m3.rewrite.atom.M3InventoryPureIntAtomCandidatesTest
[INFO] Tests run: 3, Failures: 0, Errors: 0, Skipped: 0, Time elapsed: 0.761 s -- in com.m3.rewrite.atom.M3InventoryPureIntAtomCandidatesTest
[INFO] Running com.m3.rewrite.atom.M3AtomCommentRecipeTest
[INFO] Tests run: 2, Failures: 0, Errors: 0, Skipped: 0, Time elapsed: 2.013 s -- in com.m3.rewrite.atom.M3AtomCommentRecipeTest
[INFO] Running com.m3.rewrite.atom.M3PureIntConvergenceRecipeTest
[INFO] Tests run: 4, Failures: 0, Errors: 0, Skipped: 0, Time elapsed: 1.916 s -- in com.m3.rewrite.atom.M3PureIntConvergenceRecipeTest
[INFO] Running com.m3.rewrite.atom.M3IntRecipeProjectTest
[INFO] Tests run: 6, Failures: 0, Errors: 0, Skipped: 0, Time elapsed: 7.450 s -- in com.m3.rewrite.atom.M3IntRecipeProjectTest
[INFO] Running com.m3.rewrite.atom.M3RepositoryCorpusTest
[INFO] Tests run: 3, Failures: 0, Errors: 0, Skipped: 0, Time elapsed: 27.33 s -- in com.m3.rewrite.atom.M3RepositoryCorpusTest
[INFO] Running com.m3.rewrite.atom.M3AtomCoverageClosureTest
[ERROR] Tests run: 7, Failures: 0, Errors: 1, Skipped: 0, Time elapsed: 10.80 s <<< FAILURE! -- in com.m3.rewrite.atom.M3AtomCoverageClosureTest
[ERROR] com.m3.rewrite.atom.M3AtomCoverageClosureTest.inventoryAndCandidateTableCoverDetachedAndAccessorPaths -- Time elapsed: 0.150 s <<< ERROR!
org.openrewrite.internal.RecipeRunException: java.lang.NullPointerException
	at org.openrewrite.TreeVisitor.visit(TreeVisitor.java:334)
	at com.m3.rewrite.atom.M3AtomCoverageClosureTest.inventoryAndCandidateTableCoverDetachedAndAccessorPaths(M3AtomCoverageClosureTest.java:195)
	at java.base/java.lang.reflect.Method.invoke(Method.java:580)
	at java.base/java.util.ArrayList.forEach(ArrayList.java:1596)
	at java.base/java.util.ArrayList.forEach(ArrayList.java:1596)
Caused by: java.lang.NullPointerException
	at java.base/java.util.Objects.requireNonNull(Objects.java:233)
	at org.openrewrite.ExecutionContext.getCycleDetails(ExecutionContext.java:108)
	at org.openrewrite.ExecutionContext.getCycle(ExecutionContext.java:104)
	at org.openrewrite.DataTable.insertRow(DataTable.java:84)
	at com.m3.rewrite.atom.M3InventoryPureIntAtomCandidates$1.visitMethodDeclaration(M3InventoryPureIntAtomCandidates.java:60)
	at com.m3.rewrite.atom.M3InventoryPureIntAtomCandidates$1.visitMethodDeclaration(M3InventoryPureIntAtomCandidates.java:45)
	at org.openrewrite.java.tree.J$MethodDeclaration.acceptJava(J.java:3672)
	at org.openrewrite.java.tree.J.accept(J.java:59)
	at org.openrewrite.TreeVisitor.visit(TreeVisitor.java:283)
	... 4 more

[INFO] Running com.m3.rewrite.atom.M3IntSpectrumTest
[INFO] Tests run: 4, Failures: 0, Errors: 0, Skipped: 0, Time elapsed: 22.10 s -- in com.m3.rewrite.atom.M3IntSpectrumTest
[INFO] Running com.m3.rewrite.atom.M3AtomizePureIntReturnRecipeTest
[INFO] Tests run: 4, Failures: 0, Errors: 0, Skipped: 0, Time elapsed: 1.575 s -- in com.m3.rewrite.atom.M3AtomizePureIntReturnRecipeTest
[INFO] 
[INFO] Results:
[INFO] 
[ERROR] Errors: 
[ERROR]   M3AtomCoverageClosureTest.inventoryAndCandidateTableCoverDetachedAndAccessorPaths:195 » RecipeRun java.lang.NullPointerException
[INFO] 
[ERROR] Tests run: 39, Failures: 0, Errors: 1, Skipped: 0
[INFO] 
[INFO] ------------------------------------------------------------------------
[INFO] BUILD FAILURE
[INFO] ------------------------------------------------------------------------
[INFO] Total time:  01:20 min
[INFO] Finished at: 2026-10-05T09:56:00+02:00
[INFO] ------------------------------------------------------------------------
[ERROR] Failed to execute goal org.apache.maven.plugins:maven-surefire-plugin:3.2.5:test (default-cli) on project atom-spectrum-proof: 
[ERROR] 
[ERROR] Please refer to /workspace/scratch/87c30a06d3c7/m3jdk-spectrum/repo/m3/tooling/migration-recipes/tasks/atom-spectrum-20261005/target/surefire-reports for the individual test results.
[ERROR] Please refer to dump files (if any exist) [date].dump, [date]-jvmRun[N].dump and [date].dumpstream.
[ERROR] -> [Help 1]
[ERROR] 
[ERROR] To see the full stack trace of the errors, re-run Maven with the -e switch.
[ERROR] Re-run Maven using the -X switch to enable full debug logging.
[ERROR] 
[ERROR] For more information about the errors and possible solutions, please read the following articles:
[ERROR] [Help 1] http://cwiki.apache.org/confluence/display/MAVEN/MojoFailureException

END_RAW_FILE current-2/05-all-tests.log

BEGIN_RAW_FILE current-2/COMMANDS.json sha256=6aa496b51a737aff4e56c7a656c9197d4feed9d07e05c75006878de1b621cdef
{
  "environment": {
    "JAVA_HOME": "/workspace/scratch/877d9513c002/toolchains/jdk-21.0.2",
    "MAVEN_OPTS": "-Xmx192m -XX:ActiveProcessorCount=1"
  },
  "commands": [
    [
      "01-static.log",
      [
        "python3",
        "/workspace/scratch/87c30a06d3c7/m3jdk-spectrum/repo/m3/tooling/migration-recipes/tasks/atom-spectrum-20261005/verify-static.py",
        "--corpus-root",
        "/workspace/scratch/87c30a06d3c7/m3jdk-spectrum/corpus",
        "--out",
        "/workspace/scratch/87c30a06d3c7/m3jdk-spectrum/evidence/current-2"
      ]
    ],
    [
      "02-lint.log",
      [
        "/workspace/scratch/877d9513c002/toolchains/jdk-21.0.2/bin/java",
        "-Xmx192m",
        "-jar",
        "/workspace/scratch/5809f5dce3dd/provider-superset-20261005/toolchain/checkstyle-12.3.1-all.jar",
        "-c",
        "/workspace/scratch/87c30a06d3c7/m3jdk-spectrum/repo/m3/tooling/migration-recipes/tasks/atom-spectrum-20261005/checkstyle.xml",
        "/workspace/scratch/87c30a06d3c7/m3jdk-spectrum/repo/m3/tooling/migration-recipes/src/main/java/com/m3/rewrite/atom",
        "/workspace/scratch/87c30a06d3c7/m3jdk-spectrum/repo/m3/tooling/migration-recipes/src/main/java/com/synexia/rewrite/M3HashPinnedJavaSnapshotRecipe.java",
        "/workspace/scratch/87c30a06d3c7/m3jdk-spectrum/repo/m3/tooling/migration-recipes/src/test/java/com/m3/rewrite/atom"
      ]
    ],
    [
      "03-compile.log",
      [
        "/workspace/scratch/877d9513c002/toolchains/apache-maven-3.9.12/bin/mvn",
        "-o",
        "-B",
        "-ntp",
        "-Dmaven.repo.local=/workspace/scratch/87c30a06d3c7/m3jdk-spectrum/m2",
        "-Dm3.spectrum.corpusRoot=/workspace/scratch/87c30a06d3c7/m3jdk-spectrum/corpus",
        "-f",
        "/workspace/scratch/87c30a06d3c7/m3jdk-spectrum/repo/m3/tooling/migration-recipes/tasks/atom-spectrum-20261005/pom.xml",
        "compile"
      ]
    ],
    [
      "04-test-compile.log",
      [
        "/workspace/scratch/877d9513c002/toolchains/apache-maven-3.9.12/bin/mvn",
        "-o",
        "-B",
        "-ntp",
        "-Dmaven.repo.local=/workspace/scratch/87c30a06d3c7/m3jdk-spectrum/m2",
        "-Dm3.spectrum.corpusRoot=/workspace/scratch/87c30a06d3c7/m3jdk-spectrum/corpus",
        "-f",
        "/workspace/scratch/87c30a06d3c7/m3jdk-spectrum/repo/m3/tooling/migration-recipes/tasks/atom-spectrum-20261005/pom.xml",
        "test-compile"
      ]
    ],
    [
      "05-all-tests.log",
      [
        "/workspace/scratch/877d9513c002/toolchains/apache-maven-3.9.12/bin/mvn",
        "-o",
        "-B",
        "-ntp",
        "-Dmaven.repo.local=/workspace/scratch/87c30a06d3c7/m3jdk-spectrum/m2",
        "-Dm3.spectrum.corpusRoot=/workspace/scratch/87c30a06d3c7/m3jdk-spectrum/corpus",
        "-f",
        "/workspace/scratch/87c30a06d3c7/m3jdk-spectrum/repo/m3/tooling/migration-recipes/tasks/atom-spectrum-20261005/pom.xml",
        "surefire:test"
      ]
    ],
    [
      "06-runtime-audit.log",
      [
        "python3",
        "/workspace/scratch/87c30a06d3c7/m3jdk-spectrum/repo/m3/tooling/migration-recipes/tasks/atom-spectrum-20261005/verify-runtime.py",
        "--static-receipt",
        "/workspace/scratch/87c30a06d3c7/m3jdk-spectrum/evidence/current-2/SOURCE_SHA256.tsv",
        "--corpus-root",
        "/workspace/scratch/87c30a06d3c7/m3jdk-spectrum/corpus",
        "--out",
        "/workspace/scratch/87c30a06d3c7/m3jdk-spectrum/evidence/current-2"
      ]
    ]
  ]
}

END_RAW_FILE current-2/COMMANDS.json

BEGIN_RAW_FILE current-2/SOURCE_SHA256.tsv sha256=abdabad798f1de409d4ad23380f7ff11a8ae9f2d5192d177125af72c2b124c77
path	sha256
m3/tooling/migration-recipes/src/main/java/com/m3/rewrite/atom/M3AtomizePureIntReturnRecipe.java	4f6c17a035e64106f172b488fded9b565d1af48d6a8ecbd4700b3ff0cc2cd1e1
m3/tooling/migration-recipes/src/main/java/com/m3/rewrite/atom/M3DocumentPureIntAtomRecipe.java	496624f1f8612f3c39ea20c6f77fa0dc0594fa13c378b2f2a3a06143c739df1c
m3/tooling/migration-recipes/src/main/java/com/m3/rewrite/atom/M3FileAtomCandidateTable.java	2765872917a05ca2e71f977484a872bbac626cdf55ca24c71c8c9bc6dff10f24
m3/tooling/migration-recipes/src/main/java/com/m3/rewrite/atom/M3InventoryPureIntAtomCandidates.java	3ca3fb634bd742821a317c47dde7ecb5f5176a1df8e3c2e8248a7873821a832b
m3/tooling/migration-recipes/src/main/java/com/m3/rewrite/atom/M3PatternizePureIntAtomRecipe.java	b831177cbaaeca359a0b397eb4c74c0caf86c27666db702ef4492a42c210cd9f
m3/tooling/migration-recipes/src/main/java/com/m3/rewrite/atom/M3PureIntAtomEligibility.java	ea31026be2f699923e4dfcc6fa906cee77eb5a46bdb9a32948948bfdfe19cebb
m3/tooling/migration-recipes/src/main/java/com/m3/rewrite/atom/M3PureIntConvergenceRecipe.java	ba078715aa83969fc6c04fcd0d9d226ff0d0ad7f46f38ebede6f5b312504e534
m3/tooling/migration-recipes/src/test/java/com/m3/rewrite/atom/M3AtomCommentRecipeTest.java	120985ef8bec9c99bb1f6103f41aed442c0dfafa13a845ba5007859403bd8b05
m3/tooling/migration-recipes/src/test/java/com/m3/rewrite/atom/M3AtomCoverageClosureTest.java	e1d4d4d33502dbcf046ec7c52c2e1c357b37f0b0fbeea58a00a2114073a02dc1
m3/tooling/migration-recipes/src/test/java/com/m3/rewrite/atom/M3AtomDefensiveBranchTest.java	a044d57355d0b71bcfea035ed71539006ded0dbda2ef34b0e0567cd274ccb8c2
m3/tooling/migration-recipes/src/test/java/com/m3/rewrite/atom/M3AtomizePureIntReturnRecipeTest.java	bd015deb2c5b0c7ccbd8471757513973e94eda4e506995d12da90b8e67cde9eb
m3/tooling/migration-recipes/src/test/java/com/m3/rewrite/atom/M3IntRecipeProjectTest.java	004de5f30e2a3c54d439b36493e8733dc73fdae8a288ba18238423ded5afcbed
m3/tooling/migration-recipes/src/test/java/com/m3/rewrite/atom/M3IntSpectrumTest.java	aae0bf5d920010103954b3b0b3ef0a4f0857ca3d0ffff32423eb91aa2da70b97
m3/tooling/migration-recipes/src/test/java/com/m3/rewrite/atom/M3InventoryPureIntAtomCandidatesTest.java	ef29c46f009d7a9d980854226366a9066e5c29fe041e01497c2c40cbfffb397d
m3/tooling/migration-recipes/src/test/java/com/m3/rewrite/atom/M3PatternMarkerTest.java	9b8b7396e0dba4e8d411db8d56e09bbb4ae0fdab4fbb4f4972d3844c8cab23c0
m3/tooling/migration-recipes/src/test/java/com/m3/rewrite/atom/M3PureIntConvergenceRecipeTest.java	152189b0eeeed97460ea798f042fc9f9df7609c9477dcf7bdb593b06c48486c6
m3/tooling/migration-recipes/src/test/java/com/m3/rewrite/atom/M3RepositoryCorpusTest.java	f5748d2c07ce80fb2735c1d775e4d6fe0d8344355d4fafebc57bd86215353d71
m3/tooling/migration-recipes/src/test/java/com/m3/rewrite/atom/MemJava.java	c2a204144a4ff7fe2f4abfa151a744e7114961b83b7f006e019e595f4569e238
m3/tooling/migration-recipes/src/test/java/com/m3/rewrite/atom/SpectrumCases.java	52c83c1c18eaee870e6b6703f7476e7fde442f311bfeb6b33e92638546419f61

END_RAW_FILE current-2/SOURCE_SHA256.tsv

BEGIN_RAW_FILE current-2/surefire-reports/TEST-com.m3.rewrite.atom.M3AtomCoverageClosureTest.xml sha256=75cec95ea2e8aa0d0ed49d966f20c364eec2c30ea3ba2aa241dd699eb44bd212
<?xml version="1.0" encoding="UTF-8"?>
<testsuite xmlns:xsi="http://www.w3.org/2001/XMLSchema-instance" xsi:noNamespaceSchemaLocation="https://maven.apache.org/surefire/maven-surefire-plugin/xsd/surefire-test-report-3.0.xsd" version="3.0" name="com.m3.rewrite.atom.M3AtomCoverageClosureTest" time="10.797" tests="7" errors="1" skipped="0" failures="0">
  <properties>
    <property name="java.specification.version" value="21"/>
    <property name="sun.jnu.encoding" value="UTF-8"/>
    <property name="java.class.path" value="/workspace/scratch/87c30a06d3c7/m3jdk-spectrum/repo/m3/tooling/migration-recipes/tasks/atom-spectrum-20261005/target/test-classes:/workspace/scratch/87c30a06d3c7/m3jdk-spectrum/repo/m3/tooling/migration-recipes/tasks/atom-spectrum-20261005/target/classes:/workspace/scratch/87c30a06d3c7/m3jdk-spectrum/m2/org/openrewrite/rewrite-java/8.17.1/rewrite-java-8.17.1.jar:/workspace/scratch/87c30a06d3c7/m3jdk-spectrum/m2/org/openrewrite/rewrite-core/8.17.1/rewrite-core-8.17.1.jar:/workspace/scratch/87c30a06d3c7/m3jdk-spectrum/m2/com/fasterxml/jackson/core/jackson-databind/2.16.1/jackson-databind-2.16.1.jar:/workspace/scratch/87c30a06d3c7/m3jdk-spectrum/m2/com/fasterxml/jackson/dataformat/jackson-dataformat-smile/2.16.1/jackson-dataformat-smile-2.16.1.jar:/workspace/scratch/87c30a06d3c7/m3jdk-spectrum/m2/com/fasterxml/jackson/module/jackson-module-parameter-names/2.16.1/jackson-module-parameter-names-2.16.1.jar:/workspace/scratch/87c30a06d3c7/m3jdk-spectrum/m2/com/fasterxml/jackson/datatype/jackson-datatype-jsr310/2.16.1/jackson-datatype-jsr310-2.16.1.jar:/workspace/scratch/87c30a06d3c7/m3jdk-spectrum/m2/org/openrewrite/tools/java-object-diff/1.0.1/java-object-diff-1.0.1.jar:/workspace/scratch/87c30a06d3c7/m3jdk-spectrum/m2/io/quarkus/gizmo/gizmo/1.0.11.Final/gizmo-1.0.11.Final.jar:/workspace/scratch/87c30a06d3c7/m3jdk-spectrum/m2/org/jboss/jandex/2.4.2.Final/jandex-2.4.2.Final.jar:/workspace/scratch/87c30a06d3c7/m3jdk-spectrum/m2/net/java/dev/jna/jna-platform/5.14.0/jna-platform-5.14.0.jar:/workspace/scratch/87c30a06d3c7/m3jdk-spectrum/m2/net/java/dev/jna/jna/5.14.0/jna-5.14.0.jar:/workspace/scratch/87c30a06d3c7/m3jdk-spectrum/m2/org/apache/commons/commons-compress/1.26.0/commons-compress-1.26.0.jar:/workspace/scratch/87c30a06d3c7/m3jdk-spectrum/m2/commons-io/commons-io/2.15.1/commons-io-2.15.1.jar:/workspace/scratch/87c30a06d3c7/m3jdk-spectrum/m2/org/yaml/snakeyaml/2.2/snakeyaml-2.2.jar:/workspace/scratch/87c30a06d3c7/m3jdk-spectrum/m2/org/openrewrite/rewrite-yaml/8.17.1/rewrite-yaml-8.17.1.jar:/workspace/scratch/87c30a06d3c7/m3jdk-spectrum/m2/org/openrewrite/rewrite-xml/8.17.1/rewrite-xml-8.17.1.jar:/workspace/scratch/87c30a06d3c7/m3jdk-spectrum/m2/io/micrometer/micrometer-core/1.9.17/micrometer-core-1.9.17.jar:/workspace/scratch/87c30a06d3c7/m3jdk-spectrum/m2/org/hdrhistogram/HdrHistogram/2.1.12/HdrHistogram-2.1.12.jar:/workspace/scratch/87c30a06d3c7/m3jdk-spectrum/m2/org/latencyutils/LatencyUtils/2.0.3/LatencyUtils-2.0.3.jar:/workspace/scratch/87c30a06d3c7/m3jdk-spectrum/m2/org/jetbrains/annotations/24.1.0/annotations-24.1.0.jar:/workspace/scratch/87c30a06d3c7/m3jdk-spectrum/m2/com/fasterxml/jackson/core/jackson-annotations/2.16.1/jackson-annotations-2.16.1.jar:/workspace/scratch/87c30a06d3c7/m3jdk-spectrum/m2/org/antlr/antlr4-runtime/4.11.1/antlr4-runtime-4.11.1.jar:/workspace/scratch/87c30a06d3c7/m3jdk-spectrum/m2/org/apache/commons/commons-lang3/3.14.0/commons-lang3-3.14.0.jar:/workspace/scratch/87c30a06d3c7/m3jdk-spectrum/m2/org/apache/commons/commons-text/1.11.0/commons-text-1.11.0.jar:/workspace/scratch/87c30a06d3c7/m3jdk-spectrum/m2/io/github/classgraph/classgraph/4.8.165/classgraph-4.8.165.jar:/workspace/scratch/87c30a06d3c7/m3jdk-spectrum/m2/org/xerial/snappy/snappy-java/1.1.10.5/snappy-java-1.1.10.5.jar:/workspace/scratch/87c30a06d3c7/m3jdk-spectrum/m2/io/github/fastfilter/fastfilter/1.0.2/fastfilter-1.0.2.jar:/workspace/scratch/87c30a06d3c7/m3jdk-spectrum/m2/org/ow2/asm/asm/9.6/asm-9.6.jar:/workspace/scratch/87c30a06d3c7/m3jdk-spectrum/m2/org/ow2/asm/asm-util/9.6/asm-util-9.6.jar:/workspace/scratch/87c30a06d3c7/m3jdk-spectrum/m2/org/ow2/asm/asm-tree/9.6/asm-tree-9.6.jar:/workspace/scratch/87c30a06d3c7/m3jdk-spectrum/m2/org/ow2/asm/asm-analysis/9.6/asm-analysis-9.6.jar:/workspace/scratch/87c30a06d3c7/m3jdk-spectrum/m2/org/openrewrite/rewrite-java-21/8.17.1/rewrite-java-21-8.17.1.jar:/workspace/scratch/87c30a06d3c7/m3jdk-spectrum/m2/org/openrewrite/rewrite-test/8.17.1/rewrite-test-8.17.1.jar:/workspace/scratch/87c30a06d3c7/m3jdk-spectrum/m2/org/junit/jupiter/junit-jupiter-api/5.10.2/junit-jupiter-api-5.10.2.jar:/workspace/scratch/87c30a06d3c7/m3jdk-spectrum/m2/org/opentest4j/opentest4j/1.3.0/opentest4j-1.3.0.jar:/workspace/scratch/87c30a06d3c7/m3jdk-spectrum/m2/org/junit/platform/junit-platform-commons/1.10.2/junit-platform-commons-1.10.2.jar:/workspace/scratch/87c30a06d3c7/m3jdk-spectrum/m2/org/apiguardian/apiguardian-api/1.1.2/apiguardian-api-1.1.2.jar:/workspace/scratch/87c30a06d3c7/m3jdk-spectrum/m2/org/junit/jupiter/junit-jupiter-params/5.10.2/junit-jupiter-params-5.10.2.jar:/workspace/scratch/87c30a06d3c7/m3jdk-spectrum/m2/org/assertj/assertj-core/3.25.3/assertj-core-3.25.3.jar:/workspace/scratch/87c30a06d3c7/m3jdk-spectrum/m2/net/bytebuddy/byte-buddy/1.14.11/byte-buddy-1.14.11.jar:/workspace/scratch/87c30a06d3c7/m3jdk-spectrum/m2/com/fasterxml/jackson/dataformat/jackson-dataformat-csv/2.16.1/jackson-dataformat-csv-2.16.1.jar:/workspace/scratch/87c30a06d3c7/m3jdk-spectrum/m2/com/fasterxml/jackson/core/jackson-core/2.16.1/jackson-core-2.16.1.jar:/workspace/scratch/87c30a06d3c7/m3jdk-spectrum/m2/org/slf4j/slf4j-api/1.7.36/slf4j-api-1.7.36.jar:/workspace/scratch/87c30a06d3c7/m3jdk-spectrum/m2/org/eclipse/jgit/org.eclipse.jgit/5.13.3.202401111512-r/org.eclipse.jgit-5.13.3.202401111512-r.jar:/workspace/scratch/87c30a06d3c7/m3jdk-spectrum/m2/com/googlecode/javaewah/JavaEWAH/1.1.13/JavaEWAH-1.1.13.jar:/workspace/scratch/87c30a06d3c7/m3jdk-spectrum/m2/org/junit/jupiter/junit-jupiter/5.10.2/junit-jupiter-5.10.2.jar:/workspace/scratch/87c30a06d3c7/m3jdk-spectrum/m2/org/junit/jupiter/junit-jupiter-engine/5.10.2/junit-jupiter-engine-5.10.2.jar:/workspace/scratch/87c30a06d3c7/m3jdk-spectrum/m2/org/junit/platform/junit-platform-engine/1.10.2/junit-platform-engine-1.10.2.jar:"/>
    <property name="java.vm.vendor" value="Oracle Corporation"/>
    <property name="sun.arch.data.model" value="64"/>
    <property name="java.vendor.url" value="https://java.oracle.com/"/>
    <property name="user.timezone" value="Europe/Berlin"/>
    <property name="os.name" value="Linux"/>
    <property name="java.vm.specification.version" value="21"/>
    <property name="sun.java.launcher" value="SUN_STANDARD"/>
    <property name="sun.boot.library.path" value="/workspace/scratch/877d9513c002/toolchains/jdk-21.0.2/lib"/>
    <property name="sun.java.command" value="/workspace/scratch/87c30a06d3c7/m3jdk-spectrum/repo/m3/tooling/migration-recipes/tasks/atom-spectrum-20261005/target/surefire/surefirebooter-20261005095441539_3.jar /workspace/scratch/87c30a06d3c7/m3jdk-spectrum/repo/m3/tooling/migration-recipes/tasks/atom-spectrum-20261005/target/surefire 2026-10-05T09-54-41_474-jvmRun1 surefire-20261005095441539_1tmp surefire_0-20261005095441539_2tmp"/>
    <property name="jdk.debug" value="release"/>
    <property name="surefire.test.class.path" value="/workspace/scratch/87c30a06d3c7/m3jdk-spectrum/repo/m3/tooling/migration-recipes/tasks/atom-spectrum-20261005/target/test-classes:/workspace/scratch/87c30a06d3c7/m3jdk-spectrum/repo/m3/tooling/migration-recipes/tasks/atom-spectrum-20261005/target/classes:/workspace/scratch/87c30a06d3c7/m3jdk-spectrum/m2/org/openrewrite/rewrite-java/8.17.1/rewrite-java-8.17.1.jar:/workspace/scratch/87c30a06d3c7/m3jdk-spectrum/m2/org/openrewrite/rewrite-core/8.17.1/rewrite-core-8.17.1.jar:/workspace/scratch/87c30a06d3c7/m3jdk-spectrum/m2/com/fasterxml/jackson/core/jackson-databind/2.16.1/jackson-databind-2.16.1.jar:/workspace/scratch/87c30a06d3c7/m3jdk-spectrum/m2/com/fasterxml/jackson/dataformat/jackson-dataformat-smile/2.16.1/jackson-dataformat-smile-2.16.1.jar:/workspace/scratch/87c30a06d3c7/m3jdk-spectrum/m2/com/fasterxml/jackson/module/jackson-module-parameter-names/2.16.1/jackson-module-parameter-names-2.16.1.jar:/workspace/scratch/87c30a06d3c7/m3jdk-spectrum/m2/com/fasterxml/jackson/datatype/jackson-datatype-jsr310/2.16.1/jackson-datatype-jsr310-2.16.1.jar:/workspace/scratch/87c30a06d3c7/m3jdk-spectrum/m2/org/openrewrite/tools/java-object-diff/1.0.1/java-object-diff-1.0.1.jar:/workspace/scratch/87c30a06d3c7/m3jdk-spectrum/m2/io/quarkus/gizmo/gizmo/1.0.11.Final/gizmo-1.0.11.Final.jar:/workspace/scratch/87c30a06d3c7/m3jdk-spectrum/m2/org/jboss/jandex/2.4.2.Final/jandex-2.4.2.Final.jar:/workspace/scratch/87c30a06d3c7/m3jdk-spectrum/m2/net/java/dev/jna/jna-platform/5.14.0/jna-platform-5.14.0.jar:/workspace/scratch/87c30a06d3c7/m3jdk-spectrum/m2/net/java/dev/jna/jna/5.14.0/jna-5.14.0.jar:/workspace/scratch/87c30a06d3c7/m3jdk-spectrum/m2/org/apache/commons/commons-compress/1.26.0/commons-compress-1.26.0.jar:/workspace/scratch/87c30a06d3c7/m3jdk-spectrum/m2/commons-io/commons-io/2.15.1/commons-io-2.15.1.jar:/workspace/scratch/87c30a06d3c7/m3jdk-spectrum/m2/org/yaml/snakeyaml/2.2/snakeyaml-2.2.jar:/workspace/scratch/87c30a06d3c7/m3jdk-spectrum/m2/org/openrewrite/rewrite-yaml/8.17.1/rewrite-yaml-8.17.1.jar:/workspace/scratch/87c30a06d3c7/m3jdk-spectrum/m2/org/openrewrite/rewrite-xml/8.17.1/rewrite-xml-8.17.1.jar:/workspace/scratch/87c30a06d3c7/m3jdk-spectrum/m2/io/micrometer/micrometer-core/1.9.17/micrometer-core-1.9.17.jar:/workspace/scratch/87c30a06d3c7/m3jdk-spectrum/m2/org/hdrhistogram/HdrHistogram/2.1.12/HdrHistogram-2.1.12.jar:/workspace/scratch/87c30a06d3c7/m3jdk-spectrum/m2/org/latencyutils/LatencyUtils/2.0.3/LatencyUtils-2.0.3.jar:/workspace/scratch/87c30a06d3c7/m3jdk-spectrum/m2/org/jetbrains/annotations/24.1.0/annotations-24.1.0.jar:/workspace/scratch/87c30a06d3c7/m3jdk-spectrum/m2/com/fasterxml/jackson/core/jackson-annotations/2.16.1/jackson-annotations-2.16.1.jar:/workspace/scratch/87c30a06d3c7/m3jdk-spectrum/m2/org/antlr/antlr4-runtime/4.11.1/antlr4-runtime-4.11.1.jar:/workspace/scratch/87c30a06d3c7/m3jdk-spectrum/m2/org/apache/commons/commons-lang3/3.14.0/commons-lang3-3.14.0.jar:/workspace/scratch/87c30a06d3c7/m3jdk-spectrum/m2/org/apache/commons/commons-text/1.11.0/commons-text-1.11.0.jar:/workspace/scratch/87c30a06d3c7/m3jdk-spectrum/m2/io/github/classgraph/classgraph/4.8.165/classgraph-4.8.165.jar:/workspace/scratch/87c30a06d3c7/m3jdk-spectrum/m2/org/xerial/snappy/snappy-java/1.1.10.5/snappy-java-1.1.10.5.jar:/workspace/scratch/87c30a06d3c7/m3jdk-spectrum/m2/io/github/fastfilter/fastfilter/1.0.2/fastfilter-1.0.2.jar:/workspace/scratch/87c30a06d3c7/m3jdk-spectrum/m2/org/ow2/asm/asm/9.6/asm-9.6.jar:/workspace/scratch/87c30a06d3c7/m3jdk-spectrum/m2/org/ow2/asm/asm-util/9.6/asm-util-9.6.jar:/workspace/scratch/87c30a06d3c7/m3jdk-spectrum/m2/org/ow2/asm/asm-tree/9.6/asm-tree-9.6.jar:/workspace/scratch/87c30a06d3c7/m3jdk-spectrum/m2/org/ow2/asm/asm-analysis/9.6/asm-analysis-9.6.jar:/workspace/scratch/87c30a06d3c7/m3jdk-spectrum/m2/org/openrewrite/rewrite-java-21/8.17.1/rewrite-java-21-8.17.1.jar:/workspace/scratch/87c30a06d3c7/m3jdk-spectrum/m2/org/openrewrite/rewrite-test/8.17.1/rewrite-test-8.17.1.jar:/workspace/scratch/87c30a06d3c7/m3jdk-spectrum/m2/org/junit/jupiter/junit-jupiter-api/5.10.2/junit-jupiter-api-5.10.2.jar:/workspace/scratch/87c30a06d3c7/m3jdk-spectrum/m2/org/opentest4j/opentest4j/1.3.0/opentest4j-1.3.0.jar:/workspace/scratch/87c30a06d3c7/m3jdk-spectrum/m2/org/junit/platform/junit-platform-commons/1.10.2/junit-platform-commons-1.10.2.jar:/workspace/scratch/87c30a06d3c7/m3jdk-spectrum/m2/org/apiguardian/apiguardian-api/1.1.2/apiguardian-api-1.1.2.jar:/workspace/scratch/87c30a06d3c7/m3jdk-spectrum/m2/org/junit/jupiter/junit-jupiter-params/5.10.2/junit-jupiter-params-5.10.2.jar:/workspace/scratch/87c30a06d3c7/m3jdk-spectrum/m2/org/assertj/assertj-core/3.25.3/assertj-core-3.25.3.jar:/workspace/scratch/87c30a06d3c7/m3jdk-spectrum/m2/net/bytebuddy/byte-buddy/1.14.11/byte-buddy-1.14.11.jar:/workspace/scratch/87c30a06d3c7/m3jdk-spectrum/m2/com/fasterxml/jackson/dataformat/jackson-dataformat-csv/2.16.1/jackson-dataformat-csv-2.16.1.jar:/workspace/scratch/87c30a06d3c7/m3jdk-spectrum/m2/com/fasterxml/jackson/core/jackson-core/2.16.1/jackson-core-2.16.1.jar:/workspace/scratch/87c30a06d3c7/m3jdk-spectrum/m2/org/slf4j/slf4j-api/1.7.36/slf4j-api-1.7.36.jar:/workspace/scratch/87c30a06d3c7/m3jdk-spectrum/m2/org/eclipse/jgit/org.eclipse.jgit/5.13.3.202401111512-r/org.eclipse.jgit-5.13.3.202401111512-r.jar:/workspace/scratch/87c30a06d3c7/m3jdk-spectrum/m2/com/googlecode/javaewah/JavaEWAH/1.1.13/JavaEWAH-1.1.13.jar:/workspace/scratch/87c30a06d3c7/m3jdk-spectrum/m2/org/junit/jupiter/junit-jupiter/5.10.2/junit-jupiter-5.10.2.jar:/workspace/scratch/87c30a06d3c7/m3jdk-spectrum/m2/org/junit/jupiter/junit-jupiter-engine/5.10.2/junit-jupiter-engine-5.10.2.jar:/workspace/scratch/87c30a06d3c7/m3jdk-spectrum/m2/org/junit/platform/junit-platform-engine/1.10.2/junit-platform-engine-1.10.2.jar:"/>
    <property name="sun.cpu.endian" value="little"/>
    <property name="user.home" value="/root"/>
    <property name="user.language" value="en"/>
    <property name="java.specification.vendor" value="Oracle Corporation"/>
    <property name="java.version.date" value="2024-01-16"/>
    <property name="java.home" value="/workspace/scratch/877d9513c002/toolchains/jdk-21.0.2"/>
    <property name="file.separator" value="/"/>
    <property name="basedir" value="/workspace/scratch/87c30a06d3c7/m3jdk-spectrum/repo/m3/tooling/migration-recipes/tasks/atom-spectrum-20261005"/>
    <property name="java.vm.compressedOopsMode" value="32-bit"/>
    <property name="line.separator" value="&#10;"/>
    <property name="java.vm.specification.vendor" value="Oracle Corporation"/>
    <property name="java.specification.name" value="Java Platform API Specification"/>
    <property name="m3.spectrum.corpusRoot" value="/workspace/scratch/87c30a06d3c7/m3jdk-spectrum/corpus"/>
    <property name="surefire.real.class.path" value="/workspace/scratch/87c30a06d3c7/m3jdk-spectrum/repo/m3/tooling/migration-recipes/tasks/atom-spectrum-20261005/target/surefire/surefirebooter-20261005095441539_3.jar"/>
    <property name="sun.management.compiler" value="HotSpot 64-Bit Tiered Compilers"/>
    <property name="java.runtime.version" value="21.0.2+13-58"/>
    <property name="user.name" value="root"/>
    <property name="stdout.encoding" value="UTF-8"/>
    <property name="path.separator" value=":"/>
    <property name="os.version" value="6.18.44"/>
    <property name="java.runtime.name" value="OpenJDK Runtime Environment"/>
    <property name="file.encoding" value="UTF-8"/>
    <property name="java.vm.name" value="OpenJDK 64-Bit Server VM"/>
    <property name="localRepository" value="/workspace/scratch/87c30a06d3c7/m3jdk-spectrum/m2"/>
    <property name="java.vendor.url.bug" value="https://bugreport.java.com/bugreport/"/>
    <property name="java.io.tmpdir" value="/tmp"/>
    <property name="java.version" value="21.0.2"/>
    <property name="user.dir" value="/workspace/scratch/87c30a06d3c7/m3jdk-spectrum/repo/m3/tooling/migration-recipes/tasks/atom-spectrum-20261005"/>
    <property name="os.arch" value="amd64"/>
    <property name="java.vm.specification.name" value="Java Virtual Machine Specification"/>
    <property name="native.encoding" value="UTF-8"/>
    <property name="java.library.path" value="/usr/java/packages/lib:/usr/lib64:/lib64:/lib:/usr/lib"/>
    <property name="stderr.encoding" value="UTF-8"/>
    <property name="java.vm.info" value="mixed mode, sharing"/>
    <property name="java.vendor" value="Oracle Corporation"/>
    <property name="java.vm.version" value="21.0.2+13-58"/>
    <property name="sun.io.unicode.encoding" value="UnicodeLittle"/>
    <property name="maven.repo.local" value="/workspace/scratch/87c30a06d3c7/m3jdk-spectrum/m2"/>
    <property name="java.class.version" value="65.0"/>
  </properties>
  <testcase name="eligibilityRejectsEveryUnsafeSurfaceAndUnsupportedExpressionShape" classname="com.m3.rewrite.atom.M3AtomCoverageClosureTest" time="3.219"/>
  <testcase name="inventoryAndCandidateTableCoverDetachedAndAccessorPaths" classname="com.m3.rewrite.atom.M3AtomCoverageClosureTest" time="0.15">
    <error message="java.lang.NullPointerException" type="org.openrewrite.internal.RecipeRunException"><![CDATA[org.openrewrite.internal.RecipeRunException: java.lang.NullPointerException
	at org.openrewrite.TreeVisitor.visit(TreeVisitor.java:334)
	at com.m3.rewrite.atom.M3AtomCoverageClosureTest.inventoryAndCandidateTableCoverDetachedAndAccessorPaths(M3AtomCoverageClosureTest.java:195)
	at java.base/java.lang.reflect.Method.invoke(Method.java:580)
	at java.base/java.util.ArrayList.forEach(ArrayList.java:1596)
	at java.base/java.util.ArrayList.forEach(ArrayList.java:1596)
Caused by: java.lang.NullPointerException
	at java.base/java.util.Objects.requireNonNull(Objects.java:233)
	at org.openrewrite.ExecutionContext.getCycleDetails(ExecutionContext.java:108)
	at org.openrewrite.ExecutionContext.getCycle(ExecutionContext.java:104)
	at org.openrewrite.DataTable.insertRow(DataTable.java:84)
	at com.m3.rewrite.atom.M3InventoryPureIntAtomCandidates$1.visitMethodDeclaration(M3InventoryPureIntAtomCandidates.java:60)
	at com.m3.rewrite.atom.M3InventoryPureIntAtomCandidates$1.visitMethodDeclaration(M3InventoryPureIntAtomCandidates.java:45)
	at org.openrewrite.java.tree.J$MethodDeclaration.acceptJava(J.java:3672)
	at org.openrewrite.java.tree.J.accept(J.java:59)
	at org.openrewrite.TreeVisitor.visit(TreeVisitor.java:283)
	... 4 more
]]></error>
  </testcase>
  <testcase name="semanticDocumentationIsIdempotentForGeneratedTextAndExistingJavadoc" classname="com.m3.rewrite.atom.M3AtomCoverageClosureTest" time="0.825"/>
  <testcase name="recipeMetadataAndConvergenceCompositionAreFullyDeclared" classname="com.m3.rewrite.atom.M3AtomCoverageClosureTest" time="0.003"/>
  <testcase name="atomizedAdmissionCoversAllStructuralGuards" classname="com.m3.rewrite.atom.M3AtomCoverageClosureTest" time="3.412"/>
  <testcase name="eligibilityAcceptsEveryAdmittedPrimitiveOperatorAndWrapperShape" classname="com.m3.rewrite.atom.M3AtomCoverageClosureTest" time="2.684"/>
  <testcase name="patternizationIsIdempotentAndRefusesNonAtomizedMethods" classname="com.m3.rewrite.atom.M3AtomCoverageClosureTest" time="0.491"/>
</testsuite>
END_RAW_FILE current-2/surefire-reports/TEST-com.m3.rewrite.atom.M3AtomCoverageClosureTest.xml

BEGIN_RAW_FILE current-3/00-fixture-lifecycle.diff sha256=a52d5163d2276b0384e114fa60474763908b655f452b43bcbd9695a1513fa6ce
--- current-master/m3/tooling/migration-recipes/src/test/java/com/m3/rewrite/atom/M3AtomCoverageClosureTest.java
+++ candidate/m3/tooling/migration-recipes/src/test/java/com/m3/rewrite/atom/M3AtomCoverageClosureTest.java
@@ -11,10 +11,13 @@
 import java.util.List;
 import java.util.Set;
 import org.junit.jupiter.api.Test;
+import org.openrewrite.ExecutionContext;
 import org.openrewrite.InMemoryExecutionContext;
 import org.openrewrite.Parser;
 import org.openrewrite.Recipe;
 import org.openrewrite.Tree;
+import org.openrewrite.TreeVisitor;
+import org.openrewrite.internal.InMemoryLargeSourceSet;
 import org.openrewrite.java.JavaParser;
 import org.openrewrite.java.tree.J;
 
@@ -192,11 +195,36 @@
         M3InventoryPureIntAtomCandidates inventory = new M3InventoryPureIntAtomCandidates();
         J.MethodDeclaration eligible =
                 method("private static int f(int a, int b) { return a + b; }");
-        assertNotNull(inventory.getVisitor().visit(eligible, context()));
-
         J.MethodDeclaration rejected =
                 method("private static int f(int a) { return a; }");
-        assertNotNull(inventory.getVisitor().visit(rejected, context()));
+        int[] detachedVisits = {0};
+        Recipe fixtureCycle = new Recipe() {
+            @Override public String getDisplayName() {
+                return "Exercise detached inventory nodes in a real recipe cycle";
+            }
+
+            @Override public String getDescription() {
+                return "Supplies the runner context while retaining detached-node inventory visits.";
+            }
+
+            @Override public List<Recipe> getRecipeList() {
+                return List.of(inventory);
+            }
+
+            @Override public TreeVisitor<?, ExecutionContext> getVisitor() {
+                return new TreeVisitor<Tree, ExecutionContext>() {
+                    @Override public Tree preVisit(Tree tree, ExecutionContext scheduled) {
+                        stopAfterPreVisit();
+                        assertNotNull(inventory.getVisitor().visit(eligible, scheduled));
+                        assertNotNull(inventory.getVisitor().visit(rejected, scheduled));
+                        detachedVisits[0]++;
+                        return tree;
+                    }
+                };
+            }
+        };
+        fixtureCycle.run(new InMemoryLargeSourceSet(List.of(unit(""))), context(), 1);
+        assertEquals(1, detachedVisits[0], "the scheduled fixture must visit both detached methods");
 
         M3FileAtomCandidateTable table = new M3FileAtomCandidateTable(inventory);
         M3FileAtomCandidateTable.Row row = new M3FileAtomCandidateTable.Row(
@@ -255,8 +283,20 @@
     }
 
     private static J.MethodDeclaration method(String member) {
+        return unit(member).getClasses()
+                .getFirst()
+                .getBody()
+                .getStatements()
+                .stream()
+                .filter(J.MethodDeclaration.class::isInstance)
+                .map(J.MethodDeclaration.class::cast)
+                .findFirst()
+                .orElseThrow();
+    }
+
+    private static J.CompilationUnit unit(String member) {
         String source = "class T { static int X = 7; " + member + " }";
-        J.CompilationUnit unit = (J.CompilationUnit) JavaParser.fromJavaVersion()
+        return (J.CompilationUnit) JavaParser.fromJavaVersion()
                 .build()
                 .parseInputs(
                         List.of(Parser.Input.fromString(
@@ -266,15 +306,6 @@
                         context())
                 .findFirst()
                 .orElseThrow();
-        return unit.getClasses()
-                .getFirst()
-                .getBody()
-                .getStatements()
-                .stream()
-                .filter(J.MethodDeclaration.class::isInstance)
-                .map(J.MethodDeclaration.class::cast)
-                .findFirst()
-                .orElseThrow();
     }
 
     private static InMemoryExecutionContext context() {

END_RAW_FILE current-3/00-fixture-lifecycle.diff

BEGIN_RAW_FILE current-3/00-python-syntax.log sha256=61fc01ea3da3b6dc3cdbb78f2ef3a7df6d517bdb8c218a63776a0f34ba17812e
PYTHON_AST_PASS verify-static.py verify-runtime.py

END_RAW_FILE current-3/00-python-syntax.log

BEGIN_RAW_FILE current-3/01-static.log sha256=d399b4ab24a2fcad1b4b38f1693ef814f6f5711d63624402e89fca74dfc79c4c
STATIC_PIN_CHECK_PASS 19 Java files; 100 real corpus files; 4004365 bytes
XML_PARSE_PASS; source syntax still requires Checkstyle and javac

END_RAW_FILE current-3/01-static.log

BEGIN_RAW_FILE current-3/02-lint.log sha256=2ee89ca49ecae1bb5b3de5ffcc8a964e605f1b1c6fbe072073a1ea4feaa4e230
Starting audit...
Audit done.

END_RAW_FILE current-3/02-lint.log

BEGIN_RAW_FILE current-3/03-compile.log sha256=a16f4f42d06ff6149743cf65e2da4d6c7ad327c7820329747b49dbd33ca19e33
[INFO] Scanning for projects...
[INFO] 
[INFO] -----------------< com.m3.tooling:atom-spectrum-proof >-----------------
[INFO] Building Focused A3 atom and pattern spectrum proof 0.1.0-SNAPSHOT
[INFO]   from pom.xml
[INFO] --------------------------------[ jar ]---------------------------------
[INFO] 
[INFO] --- resources:3.3.1:resources (default-resources) @ atom-spectrum-proof ---
[INFO] Copying 8 resources from ../../src/main/resources to target/classes
[INFO] 
[INFO] --- compiler:3.13.0:compile (default-compile) @ atom-spectrum-proof ---
[INFO] Nothing to compile - all classes are up to date.
[INFO] ------------------------------------------------------------------------
[INFO] BUILD SUCCESS
[INFO] ------------------------------------------------------------------------
[INFO] Total time:  0.531 s
[INFO] Finished at: 2026-10-05T10:01:28+02:00
[INFO] ------------------------------------------------------------------------

END_RAW_FILE current-3/03-compile.log

BEGIN_RAW_FILE current-3/04-test-compile.log sha256=aa863242c728b22b9bfcb22fc70dfd437e4139c69f76dae1d47a57a9d11b8a6c
[INFO] Scanning for projects...
[INFO] 
[INFO] -----------------< com.m3.tooling:atom-spectrum-proof >-----------------
[INFO] Building Focused A3 atom and pattern spectrum proof 0.1.0-SNAPSHOT
[INFO]   from pom.xml
[INFO] --------------------------------[ jar ]---------------------------------
[INFO] 
[INFO] --- resources:3.3.1:resources (default-resources) @ atom-spectrum-proof ---
[INFO] Copying 8 resources from ../../src/main/resources to target/classes
[INFO] 
[INFO] --- compiler:3.13.0:compile (default-compile) @ atom-spectrum-proof ---
[INFO] Nothing to compile - all classes are up to date.
[INFO] 
[INFO] --- resources:3.3.1:testResources (default-testResources) @ atom-spectrum-proof ---
[INFO] Copying 1 resource from ../../src/test/resources to target/test-classes
[INFO] 
[INFO] --- compiler:3.13.0:testCompile (default-testCompile) @ atom-spectrum-proof ---
[INFO] Recompiling the module because of changed source code.
[INFO] Compiling 12 source files with javac [debug release 21] to target/test-classes
[INFO] ------------------------------------------------------------------------
[INFO] BUILD SUCCESS
[INFO] ------------------------------------------------------------------------
[INFO] Total time:  1.800 s
[INFO] Finished at: 2026-10-05T10:01:31+02:00
[INFO] ------------------------------------------------------------------------

END_RAW_FILE current-3/04-test-compile.log

BEGIN_RAW_FILE current-3/05-detached-fixture.log sha256=becc6348753061d73561519d9eb92cbaae600c69e04c7416973d6b1ccf25911d
[INFO] Scanning for projects...
[INFO] 
[INFO] -----------------< com.m3.tooling:atom-spectrum-proof >-----------------
[INFO] Building Focused A3 atom and pattern spectrum proof 0.1.0-SNAPSHOT
[INFO]   from pom.xml
[INFO] --------------------------------[ jar ]---------------------------------
[INFO] 
[INFO] --- surefire:3.2.5:test (default-cli) @ atom-spectrum-proof ---
[INFO] Using auto detected provider org.apache.maven.surefire.junitplatform.JUnitPlatformProvider
[INFO] 
[INFO] -------------------------------------------------------
[INFO]  T E S T S
[INFO] -------------------------------------------------------
[INFO] Running com.m3.rewrite.atom.M3AtomCoverageClosureTest
SLF4J: Failed to load class "org.slf4j.impl.StaticLoggerBinder".
SLF4J: Defaulting to no-operation (NOP) logger implementation
SLF4J: See http://www.slf4j.org/codes.html#StaticLoggerBinder for further details.
[INFO] Tests run: 1, Failures: 0, Errors: 0, Skipped: 0, Time elapsed: 1.322 s -- in com.m3.rewrite.atom.M3AtomCoverageClosureTest
[INFO] 
[INFO] Results:
[INFO] 
[INFO] Tests run: 1, Failures: 0, Errors: 0, Skipped: 0
[INFO] 
[INFO] ------------------------------------------------------------------------
[INFO] BUILD SUCCESS
[INFO] ------------------------------------------------------------------------
[INFO] Total time:  2.384 s
[INFO] Finished at: 2026-10-05T10:01:35+02:00
[INFO] ------------------------------------------------------------------------

END_RAW_FILE current-3/05-detached-fixture.log

BEGIN_RAW_FILE current-3/06-all-tests.log sha256=10c029d8c1babb78de778481739d43952e8d0c137026c5831e20fade1ef1ba62
[INFO] Scanning for projects...
[INFO] 
[INFO] -----------------< com.m3.tooling:atom-spectrum-proof >-----------------
[INFO] Building Focused A3 atom and pattern spectrum proof 0.1.0-SNAPSHOT
[INFO]   from pom.xml
[INFO] --------------------------------[ jar ]---------------------------------
[INFO] 
[INFO] --- surefire:3.2.5:test (default-cli) @ atom-spectrum-proof ---
[INFO] Using auto detected provider org.apache.maven.surefire.junitplatform.JUnitPlatformProvider
[INFO] 
[INFO] -------------------------------------------------------
[INFO]  T E S T S
[INFO] -------------------------------------------------------
[INFO] Running com.m3.rewrite.atom.M3AtomDefensiveBranchTest
SLF4J: Failed to load class "org.slf4j.impl.StaticLoggerBinder".
SLF4J: Defaulting to no-operation (NOP) logger implementation
SLF4J: See http://www.slf4j.org/codes.html#StaticLoggerBinder for further details.
[INFO] Tests run: 4, Failures: 0, Errors: 0, Skipped: 0, Time elapsed: 2.660 s -- in com.m3.rewrite.atom.M3AtomDefensiveBranchTest
[INFO] Running com.m3.rewrite.atom.M3PatternMarkerTest
[INFO] Tests run: 2, Failures: 0, Errors: 0, Skipped: 0, Time elapsed: 2.184 s -- in com.m3.rewrite.atom.M3PatternMarkerTest
[INFO] Running com.m3.rewrite.atom.M3InventoryPureIntAtomCandidatesTest
[INFO] Tests run: 3, Failures: 0, Errors: 0, Skipped: 0, Time elapsed: 0.610 s -- in com.m3.rewrite.atom.M3InventoryPureIntAtomCandidatesTest
[INFO] Running com.m3.rewrite.atom.M3AtomCommentRecipeTest
[INFO] Tests run: 2, Failures: 0, Errors: 0, Skipped: 0, Time elapsed: 1.811 s -- in com.m3.rewrite.atom.M3AtomCommentRecipeTest
[INFO] Running com.m3.rewrite.atom.M3PureIntConvergenceRecipeTest
[INFO] Tests run: 4, Failures: 0, Errors: 0, Skipped: 0, Time elapsed: 1.873 s -- in com.m3.rewrite.atom.M3PureIntConvergenceRecipeTest
[INFO] Running com.m3.rewrite.atom.M3IntRecipeProjectTest
[INFO] Tests run: 6, Failures: 0, Errors: 0, Skipped: 0, Time elapsed: 7.128 s -- in com.m3.rewrite.atom.M3IntRecipeProjectTest
[INFO] Running com.m3.rewrite.atom.M3RepositoryCorpusTest
[INFO] Tests run: 3, Failures: 0, Errors: 0, Skipped: 0, Time elapsed: 21.62 s -- in com.m3.rewrite.atom.M3RepositoryCorpusTest
[INFO] Running com.m3.rewrite.atom.M3AtomCoverageClosureTest
[INFO] Tests run: 7, Failures: 0, Errors: 0, Skipped: 0, Time elapsed: 10.20 s -- in com.m3.rewrite.atom.M3AtomCoverageClosureTest
[INFO] Running com.m3.rewrite.atom.M3IntSpectrumTest
[INFO] Tests run: 4, Failures: 0, Errors: 0, Skipped: 0, Time elapsed: 18.01 s -- in com.m3.rewrite.atom.M3IntSpectrumTest
[INFO] Running com.m3.rewrite.atom.M3AtomizePureIntReturnRecipeTest
[INFO] Tests run: 4, Failures: 0, Errors: 0, Skipped: 0, Time elapsed: 1.318 s -- in com.m3.rewrite.atom.M3AtomizePureIntReturnRecipeTest
[INFO] 
[INFO] Results:
[INFO] 
[INFO] Tests run: 39, Failures: 0, Errors: 0, Skipped: 0
[INFO] 
[INFO] ------------------------------------------------------------------------
[INFO] BUILD SUCCESS
[INFO] ------------------------------------------------------------------------
[INFO] Total time:  01:08 min
[INFO] Finished at: 2026-10-05T10:02:44+02:00
[INFO] ------------------------------------------------------------------------

END_RAW_FILE current-3/06-all-tests.log

BEGIN_RAW_FILE current-3/07-runtime-audit.log sha256=157a37474c8d43597ac7e3a2e437f737abeb4bd762d68430d027644fe53b4be2
{"arithmetic_result_comparisons_per_oracle_across_intermediates": 3280500, "full_default_module_gate": "NOT_EXECUTED", "generated_expressions": 324, "input_pairs": 225, "intermediate_checks": 45, "jdk_configure_make_jtreg": "NOT_EXECUTED", "jni_native_runtime": "NOT_EXECUTED", "junit_failures_errors_skips": 0, "junit_tests": 39, "real_corpus_bytes": 4004365, "real_corpus_files": 100, "real_m3_source_group": {"compiled": 25, "files": 25, "strict_type_admitted": 25, "utf16_cases": 515}, "recipe_orders": 6, "single_file_statuses": {"NOOP_FIXED_POINT": 15, "PARSE_REFUSED": 14, "TYPE_REFUSED": 71}, "source_snapshot_owners": 2, "status": "FOCUSED_RECEIPTS_AUDITED", "zero_change_sweeps": {"[0, 1, 2]": 2, "[0, 2, 1]": 2, "[1, 0, 2]": 2, "[1, 2, 0]": 3, "[2, 0, 1]": 3, "[2, 1, 0]": 3}}

END_RAW_FILE current-3/07-runtime-audit.log

BEGIN_RAW_FILE current-3/COMMANDS.json sha256=7eb20d33a4e58767eaf506f275c50d3d2b8e2181d7af851b77fa525d224fad29
{
  "environment": {
    "JAVA_HOME": "/workspace/scratch/877d9513c002/toolchains/jdk-21.0.2",
    "MAVEN_OPTS": "-Xmx192m -XX:ActiveProcessorCount=1"
  },
  "commands": [
    [
      "01-static.log",
      [
        "python3",
        "/workspace/scratch/87c30a06d3c7/m3jdk-spectrum/repo/m3/tooling/migration-recipes/tasks/atom-spectrum-20261005/verify-static.py",
        "--corpus-root",
        "/workspace/scratch/87c30a06d3c7/m3jdk-spectrum/corpus",
        "--out",
        "/workspace/scratch/87c30a06d3c7/m3jdk-spectrum/evidence/current-3"
      ]
    ],
    [
      "02-lint.log",
      [
        "/workspace/scratch/877d9513c002/toolchains/jdk-21.0.2/bin/java",
        "-Xmx192m",
        "-jar",
        "/workspace/scratch/5809f5dce3dd/provider-superset-20261005/toolchain/checkstyle-12.3.1-all.jar",
        "-c",
        "/workspace/scratch/87c30a06d3c7/m3jdk-spectrum/repo/m3/tooling/migration-recipes/tasks/atom-spectrum-20261005/checkstyle.xml",
        "/workspace/scratch/87c30a06d3c7/m3jdk-spectrum/repo/m3/tooling/migration-recipes/src/main/java/com/m3/rewrite/atom",
        "/workspace/scratch/87c30a06d3c7/m3jdk-spectrum/repo/m3/tooling/migration-recipes/src/main/java/com/synexia/rewrite/M3HashPinnedJavaSnapshotRecipe.java",
        "/workspace/scratch/87c30a06d3c7/m3jdk-spectrum/repo/m3/tooling/migration-recipes/src/test/java/com/m3/rewrite/atom"
      ]
    ],
    [
      "03-compile.log",
      [
        "/workspace/scratch/877d9513c002/toolchains/apache-maven-3.9.12/bin/mvn",
        "-o",
        "-B",
        "-ntp",
        "-Dmaven.repo.local=/workspace/scratch/87c30a06d3c7/m3jdk-spectrum/m2",
        "-Dm3.spectrum.corpusRoot=/workspace/scratch/87c30a06d3c7/m3jdk-spectrum/corpus",
        "-f",
        "/workspace/scratch/87c30a06d3c7/m3jdk-spectrum/repo/m3/tooling/migration-recipes/tasks/atom-spectrum-20261005/pom.xml",
        "compile"
      ]
    ],
    [
      "04-test-compile.log",
      [
        "/workspace/scratch/877d9513c002/toolchains/apache-maven-3.9.12/bin/mvn",
        "-o",
        "-B",
        "-ntp",
        "-Dmaven.repo.local=/workspace/scratch/87c30a06d3c7/m3jdk-spectrum/m2",
        "-Dm3.spectrum.corpusRoot=/workspace/scratch/87c30a06d3c7/m3jdk-spectrum/corpus",
        "-f",
        "/workspace/scratch/87c30a06d3c7/m3jdk-spectrum/repo/m3/tooling/migration-recipes/tasks/atom-spectrum-20261005/pom.xml",
        "test-compile"
      ]
    ],
    [
      "05-detached-fixture.log",
      [
        "/workspace/scratch/877d9513c002/toolchains/apache-maven-3.9.12/bin/mvn",
        "-o",
        "-B",
        "-ntp",
        "-Dmaven.repo.local=/workspace/scratch/87c30a06d3c7/m3jdk-spectrum/m2",
        "-Dm3.spectrum.corpusRoot=/workspace/scratch/87c30a06d3c7/m3jdk-spectrum/corpus",
        "-f",
        "/workspace/scratch/87c30a06d3c7/m3jdk-spectrum/repo/m3/tooling/migration-recipes/tasks/atom-spectrum-20261005/pom.xml",
        "surefire:test",
        "-Dtest=M3AtomCoverageClosureTest#inventoryAndCandidateTableCoverDetachedAndAccessorPaths"
      ]
    ],
    [
      "06-all-tests.log",
      [
        "/workspace/scratch/877d9513c002/toolchains/apache-maven-3.9.12/bin/mvn",
        "-o",
        "-B",
        "-ntp",
        "-Dmaven.repo.local=/workspace/scratch/87c30a06d3c7/m3jdk-spectrum/m2",
        "-Dm3.spectrum.corpusRoot=/workspace/scratch/87c30a06d3c7/m3jdk-spectrum/corpus",
        "-f",
        "/workspace/scratch/87c30a06d3c7/m3jdk-spectrum/repo/m3/tooling/migration-recipes/tasks/atom-spectrum-20261005/pom.xml",
        "surefire:test"
      ]
    ],
    [
      "07-runtime-audit.log",
      [
        "python3",
        "/workspace/scratch/87c30a06d3c7/m3jdk-spectrum/repo/m3/tooling/migration-recipes/tasks/atom-spectrum-20261005/verify-runtime.py",
        "--static-receipt",
        "/workspace/scratch/87c30a06d3c7/m3jdk-spectrum/evidence/current-3/SOURCE_SHA256.tsv",
        "--corpus-root",
        "/workspace/scratch/87c30a06d3c7/m3jdk-spectrum/corpus",
        "--out",
        "/workspace/scratch/87c30a06d3c7/m3jdk-spectrum/evidence/current-3"
      ]
    ]
  ]
}

END_RAW_FILE current-3/COMMANDS.json

BEGIN_RAW_FILE current-3/RUNTIME_AUDIT.json sha256=07e3b5a46e6c295803f749eca655dfd121e3f45e32c7efc2f50b510d2dbbbff3
{
  "status": "FOCUSED_RECEIPTS_AUDITED",
  "junit_tests": 39,
  "junit_failures_errors_skips": 0,
  "generated_expressions": 324,
  "input_pairs": 225,
  "recipe_orders": 6,
  "intermediate_checks": 45,
  "arithmetic_result_comparisons_per_oracle_across_intermediates": 3280500,
  "zero_change_sweeps": {
    "[0, 1, 2]": 2,
    "[0, 2, 1]": 2,
    "[1, 0, 2]": 2,
    "[1, 2, 0]": 3,
    "[2, 0, 1]": 3,
    "[2, 1, 0]": 3
  },
  "real_corpus_files": 100,
  "real_corpus_bytes": 4004365,
  "single_file_statuses": {
    "NOOP_FIXED_POINT": 15,
    "PARSE_REFUSED": 14,
    "TYPE_REFUSED": 71
  },
  "real_m3_source_group": {
    "files": 25,
    "strict_type_admitted": 25,
    "compiled": 25,
    "utf16_cases": 515
  },
  "source_snapshot_owners": 2,
  "full_default_module_gate": "NOT_EXECUTED",
  "jdk_configure_make_jtreg": "NOT_EXECUTED",
  "jni_native_runtime": "NOT_EXECUTED"
}

END_RAW_FILE current-3/RUNTIME_AUDIT.json

BEGIN_RAW_FILE current-3/SOURCE_SHA256.tsv sha256=5920ac61c49c7595e557088c1f3cb6bfa39473713a4be99f79a25c4968beaac2
path	sha256
m3/tooling/migration-recipes/src/main/java/com/m3/rewrite/atom/M3AtomizePureIntReturnRecipe.java	4f6c17a035e64106f172b488fded9b565d1af48d6a8ecbd4700b3ff0cc2cd1e1
m3/tooling/migration-recipes/src/main/java/com/m3/rewrite/atom/M3DocumentPureIntAtomRecipe.java	496624f1f8612f3c39ea20c6f77fa0dc0594fa13c378b2f2a3a06143c739df1c
m3/tooling/migration-recipes/src/main/java/com/m3/rewrite/atom/M3FileAtomCandidateTable.java	2765872917a05ca2e71f977484a872bbac626cdf55ca24c71c8c9bc6dff10f24
m3/tooling/migration-recipes/src/main/java/com/m3/rewrite/atom/M3InventoryPureIntAtomCandidates.java	3ca3fb634bd742821a317c47dde7ecb5f5176a1df8e3c2e8248a7873821a832b
m3/tooling/migration-recipes/src/main/java/com/m3/rewrite/atom/M3PatternizePureIntAtomRecipe.java	b831177cbaaeca359a0b397eb4c74c0caf86c27666db702ef4492a42c210cd9f
m3/tooling/migration-recipes/src/main/java/com/m3/rewrite/atom/M3PureIntAtomEligibility.java	ea31026be2f699923e4dfcc6fa906cee77eb5a46bdb9a32948948bfdfe19cebb
m3/tooling/migration-recipes/src/main/java/com/m3/rewrite/atom/M3PureIntConvergenceRecipe.java	ba078715aa83969fc6c04fcd0d9d226ff0d0ad7f46f38ebede6f5b312504e534
m3/tooling/migration-recipes/src/test/java/com/m3/rewrite/atom/M3AtomCommentRecipeTest.java	120985ef8bec9c99bb1f6103f41aed442c0dfafa13a845ba5007859403bd8b05
m3/tooling/migration-recipes/src/test/java/com/m3/rewrite/atom/M3AtomCoverageClosureTest.java	b093aac929d9798cfedea92639ea5753f90af5855f611a793179afafd1cbd605
m3/tooling/migration-recipes/src/test/java/com/m3/rewrite/atom/M3AtomDefensiveBranchTest.java	a044d57355d0b71bcfea035ed71539006ded0dbda2ef34b0e0567cd274ccb8c2
m3/tooling/migration-recipes/src/test/java/com/m3/rewrite/atom/M3AtomizePureIntReturnRecipeTest.java	bd015deb2c5b0c7ccbd8471757513973e94eda4e506995d12da90b8e67cde9eb
m3/tooling/migration-recipes/src/test/java/com/m3/rewrite/atom/M3IntRecipeProjectTest.java	004de5f30e2a3c54d439b36493e8733dc73fdae8a288ba18238423ded5afcbed
m3/tooling/migration-recipes/src/test/java/com/m3/rewrite/atom/M3IntSpectrumTest.java	aae0bf5d920010103954b3b0b3ef0a4f0857ca3d0ffff32423eb91aa2da70b97
m3/tooling/migration-recipes/src/test/java/com/m3/rewrite/atom/M3InventoryPureIntAtomCandidatesTest.java	ef29c46f009d7a9d980854226366a9066e5c29fe041e01497c2c40cbfffb397d
m3/tooling/migration-recipes/src/test/java/com/m3/rewrite/atom/M3PatternMarkerTest.java	9b8b7396e0dba4e8d411db8d56e09bbb4ae0fdab4fbb4f4972d3844c8cab23c0
m3/tooling/migration-recipes/src/test/java/com/m3/rewrite/atom/M3PureIntConvergenceRecipeTest.java	152189b0eeeed97460ea798f042fc9f9df7609c9477dcf7bdb593b06c48486c6
m3/tooling/migration-recipes/src/test/java/com/m3/rewrite/atom/M3RepositoryCorpusTest.java	f5748d2c07ce80fb2735c1d775e4d6fe0d8344355d4fafebc57bd86215353d71
m3/tooling/migration-recipes/src/test/java/com/m3/rewrite/atom/MemJava.java	c2a204144a4ff7fe2f4abfa151a744e7114961b83b7f006e019e595f4569e238
m3/tooling/migration-recipes/src/test/java/com/m3/rewrite/atom/SpectrumCases.java	52c83c1c18eaee870e6b6703f7476e7fde442f311bfeb6b33e92638546419f61

END_RAW_FILE current-3/SOURCE_SHA256.tsv

BEGIN_RAW_FILE current-3/surefire-reports/TEST-com.m3.rewrite.atom.M3AtomCommentRecipeTest.xml sha256=9d92ed5e8bde4c89aa04467b651d46a2d6f978bec2de35e61de2ab5c60dce1d0
<?xml version="1.0" encoding="UTF-8"?>
<testsuite xmlns:xsi="http://www.w3.org/2001/XMLSchema-instance" xsi:noNamespaceSchemaLocation="https://maven.apache.org/surefire/maven-surefire-plugin/xsd/surefire-test-report-3.0.xsd" version="3.0" name="com.m3.rewrite.atom.M3AtomCommentRecipeTest" time="1.811" tests="2" errors="0" skipped="0" failures="0">
  <properties>
    <property name="java.specification.version" value="21"/>
    <property name="sun.jnu.encoding" value="UTF-8"/>
    <property name="java.class.path" value="/workspace/scratch/87c30a06d3c7/m3jdk-spectrum/repo/m3/tooling/migration-recipes/tasks/atom-spectrum-20261005/target/test-classes:/workspace/scratch/87c30a06d3c7/m3jdk-spectrum/repo/m3/tooling/migration-recipes/tasks/atom-spectrum-20261005/target/classes:/workspace/scratch/87c30a06d3c7/m3jdk-spectrum/m2/org/openrewrite/rewrite-java/8.17.1/rewrite-java-8.17.1.jar:/workspace/scratch/87c30a06d3c7/m3jdk-spectrum/m2/org/openrewrite/rewrite-core/8.17.1/rewrite-core-8.17.1.jar:/workspace/scratch/87c30a06d3c7/m3jdk-spectrum/m2/com/fasterxml/jackson/core/jackson-databind/2.16.1/jackson-databind-2.16.1.jar:/workspace/scratch/87c30a06d3c7/m3jdk-spectrum/m2/com/fasterxml/jackson/dataformat/jackson-dataformat-smile/2.16.1/jackson-dataformat-smile-2.16.1.jar:/workspace/scratch/87c30a06d3c7/m3jdk-spectrum/m2/com/fasterxml/jackson/module/jackson-module-parameter-names/2.16.1/jackson-module-parameter-names-2.16.1.jar:/workspace/scratch/87c30a06d3c7/m3jdk-spectrum/m2/com/fasterxml/jackson/datatype/jackson-datatype-jsr310/2.16.1/jackson-datatype-jsr310-2.16.1.jar:/workspace/scratch/87c30a06d3c7/m3jdk-spectrum/m2/org/openrewrite/tools/java-object-diff/1.0.1/java-object-diff-1.0.1.jar:/workspace/scratch/87c30a06d3c7/m3jdk-spectrum/m2/io/quarkus/gizmo/gizmo/1.0.11.Final/gizmo-1.0.11.Final.jar:/workspace/scratch/87c30a06d3c7/m3jdk-spectrum/m2/org/jboss/jandex/2.4.2.Final/jandex-2.4.2.Final.jar:/workspace/scratch/87c30a06d3c7/m3jdk-spectrum/m2/net/java/dev/jna/jna-platform/5.14.0/jna-platform-5.14.0.jar:/workspace/scratch/87c30a06d3c7/m3jdk-spectrum/m2/net/java/dev/jna/jna/5.14.0/jna-5.14.0.jar:/workspace/scratch/87c30a06d3c7/m3jdk-spectrum/m2/org/apache/commons/commons-compress/1.26.0/commons-compress-1.26.0.jar:/workspace/scratch/87c30a06d3c7/m3jdk-spectrum/m2/commons-io/commons-io/2.15.1/commons-io-2.15.1.jar:/workspace/scratch/87c30a06d3c7/m3jdk-spectrum/m2/org/yaml/snakeyaml/2.2/snakeyaml-2.2.jar:/workspace/scratch/87c30a06d3c7/m3jdk-spectrum/m2/org/openrewrite/rewrite-yaml/8.17.1/rewrite-yaml-8.17.1.jar:/workspace/scratch/87c30a06d3c7/m3jdk-spectrum/m2/org/openrewrite/rewrite-xml/8.17.1/rewrite-xml-8.17.1.jar:/workspace/scratch/87c30a06d3c7/m3jdk-spectrum/m2/io/micrometer/micrometer-core/1.9.17/micrometer-core-1.9.17.jar:/workspace/scratch/87c30a06d3c7/m3jdk-spectrum/m2/org/hdrhistogram/HdrHistogram/2.1.12/HdrHistogram-2.1.12.jar:/workspace/scratch/87c30a06d3c7/m3jdk-spectrum/m2/org/latencyutils/LatencyUtils/2.0.3/LatencyUtils-2.0.3.jar:/workspace/scratch/87c30a06d3c7/m3jdk-spectrum/m2/org/jetbrains/annotations/24.1.0/annotations-24.1.0.jar:/workspace/scratch/87c30a06d3c7/m3jdk-spectrum/m2/com/fasterxml/jackson/core/jackson-annotations/2.16.1/jackson-annotations-2.16.1.jar:/workspace/scratch/87c30a06d3c7/m3jdk-spectrum/m2/org/antlr/antlr4-runtime/4.11.1/antlr4-runtime-4.11.1.jar:/workspace/scratch/87c30a06d3c7/m3jdk-spectrum/m2/org/apache/commons/commons-lang3/3.14.0/commons-lang3-3.14.0.jar:/workspace/scratch/87c30a06d3c7/m3jdk-spectrum/m2/org/apache/commons/commons-text/1.11.0/commons-text-1.11.0.jar:/workspace/scratch/87c30a06d3c7/m3jdk-spectrum/m2/io/github/classgraph/classgraph/4.8.165/classgraph-4.8.165.jar:/workspace/scratch/87c30a06d3c7/m3jdk-spectrum/m2/org/xerial/snappy/snappy-java/1.1.10.5/snappy-java-1.1.10.5.jar:/workspace/scratch/87c30a06d3c7/m3jdk-spectrum/m2/io/github/fastfilter/fastfilter/1.0.2/fastfilter-1.0.2.jar:/workspace/scratch/87c30a06d3c7/m3jdk-spectrum/m2/org/ow2/asm/asm/9.6/asm-9.6.jar:/workspace/scratch/87c30a06d3c7/m3jdk-spectrum/m2/org/ow2/asm/asm-util/9.6/asm-util-9.6.jar:/workspace/scratch/87c30a06d3c7/m3jdk-spectrum/m2/org/ow2/asm/asm-tree/9.6/asm-tree-9.6.jar:/workspace/scratch/87c30a06d3c7/m3jdk-spectrum/m2/org/ow2/asm/asm-analysis/9.6/asm-analysis-9.6.jar:/workspace/scratch/87c30a06d3c7/m3jdk-spectrum/m2/org/openrewrite/rewrite-java-21/8.17.1/rewrite-java-21-8.17.1.jar:/workspace/scratch/87c30a06d3c7/m3jdk-spectrum/m2/org/openrewrite/rewrite-test/8.17.1/rewrite-test-8.17.1.jar:/workspace/scratch/87c30a06d3c7/m3jdk-spectrum/m2/org/junit/jupiter/junit-jupiter-api/5.10.2/junit-jupiter-api-5.10.2.jar:/workspace/scratch/87c30a06d3c7/m3jdk-spectrum/m2/org/opentest4j/opentest4j/1.3.0/opentest4j-1.3.0.jar:/workspace/scratch/87c30a06d3c7/m3jdk-spectrum/m2/org/junit/platform/junit-platform-commons/1.10.2/junit-platform-commons-1.10.2.jar:/workspace/scratch/87c30a06d3c7/m3jdk-spectrum/m2/org/apiguardian/apiguardian-api/1.1.2/apiguardian-api-1.1.2.jar:/workspace/scratch/87c30a06d3c7/m3jdk-spectrum/m2/org/junit/jupiter/junit-jupiter-params/5.10.2/junit-jupiter-params-5.10.2.jar:/workspace/scratch/87c30a06d3c7/m3jdk-spectrum/m2/org/assertj/assertj-core/3.25.3/assertj-core-3.25.3.jar:/workspace/scratch/87c30a06d3c7/m3jdk-spectrum/m2/net/bytebuddy/byte-buddy/1.14.11/byte-buddy-1.14.11.jar:/workspace/scratch/87c30a06d3c7/m3jdk-spectrum/m2/com/fasterxml/jackson/dataformat/jackson-dataformat-csv/2.16.1/jackson-dataformat-csv-2.16.1.jar:/workspace/scratch/87c30a06d3c7/m3jdk-spectrum/m2/com/fasterxml/jackson/core/jackson-core/2.16.1/jackson-core-2.16.1.jar:/workspace/scratch/87c30a06d3c7/m3jdk-spectrum/m2/org/slf4j/slf4j-api/1.7.36/slf4j-api-1.7.36.jar:/workspace/scratch/87c30a06d3c7/m3jdk-spectrum/m2/org/eclipse/jgit/org.eclipse.jgit/5.13.3.202401111512-r/org.eclipse.jgit-5.13.3.202401111512-r.jar:/workspace/scratch/87c30a06d3c7/m3jdk-spectrum/m2/com/googlecode/javaewah/JavaEWAH/1.1.13/JavaEWAH-1.1.13.jar:/workspace/scratch/87c30a06d3c7/m3jdk-spectrum/m2/org/junit/jupiter/junit-jupiter/5.10.2/junit-jupiter-5.10.2.jar:/workspace/scratch/87c30a06d3c7/m3jdk-spectrum/m2/org/junit/jupiter/junit-jupiter-engine/5.10.2/junit-jupiter-engine-5.10.2.jar:/workspace/scratch/87c30a06d3c7/m3jdk-spectrum/m2/org/junit/platform/junit-platform-engine/1.10.2/junit-platform-engine-1.10.2.jar:"/>
    <property name="java.vm.vendor" value="Oracle Corporation"/>
    <property name="sun.arch.data.model" value="64"/>
    <property name="java.vendor.url" value="https://java.oracle.com/"/>
    <property name="user.timezone" value="Europe/Berlin"/>
    <property name="os.name" value="Linux"/>
    <property name="java.vm.specification.version" value="21"/>
    <property name="sun.java.launcher" value="SUN_STANDARD"/>
    <property name="sun.boot.library.path" value="/workspace/scratch/877d9513c002/toolchains/jdk-21.0.2/lib"/>
    <property name="sun.java.command" value="/workspace/scratch/87c30a06d3c7/m3jdk-spectrum/repo/m3/tooling/migration-recipes/tasks/atom-spectrum-20261005/target/surefire/surefirebooter-20261005100136760_3.jar /workspace/scratch/87c30a06d3c7/m3jdk-spectrum/repo/m3/tooling/migration-recipes/tasks/atom-spectrum-20261005/target/surefire 2026-10-05T10-01-36_694-jvmRun1 surefire-20261005100136760_1tmp surefire_0-20261005100136760_2tmp"/>
    <property name="jdk.debug" value="release"/>
    <property name="surefire.test.class.path" value="/workspace/scratch/87c30a06d3c7/m3jdk-spectrum/repo/m3/tooling/migration-recipes/tasks/atom-spectrum-20261005/target/test-classes:/workspace/scratch/87c30a06d3c7/m3jdk-spectrum/repo/m3/tooling/migration-recipes/tasks/atom-spectrum-20261005/target/classes:/workspace/scratch/87c30a06d3c7/m3jdk-spectrum/m2/org/openrewrite/rewrite-java/8.17.1/rewrite-java-8.17.1.jar:/workspace/scratch/87c30a06d3c7/m3jdk-spectrum/m2/org/openrewrite/rewrite-core/8.17.1/rewrite-core-8.17.1.jar:/workspace/scratch/87c30a06d3c7/m3jdk-spectrum/m2/com/fasterxml/jackson/core/jackson-databind/2.16.1/jackson-databind-2.16.1.jar:/workspace/scratch/87c30a06d3c7/m3jdk-spectrum/m2/com/fasterxml/jackson/dataformat/jackson-dataformat-smile/2.16.1/jackson-dataformat-smile-2.16.1.jar:/workspace/scratch/87c30a06d3c7/m3jdk-spectrum/m2/com/fasterxml/jackson/module/jackson-module-parameter-names/2.16.1/jackson-module-parameter-names-2.16.1.jar:/workspace/scratch/87c30a06d3c7/m3jdk-spectrum/m2/com/fasterxml/jackson/datatype/jackson-datatype-jsr310/2.16.1/jackson-datatype-jsr310-2.16.1.jar:/workspace/scratch/87c30a06d3c7/m3jdk-spectrum/m2/org/openrewrite/tools/java-object-diff/1.0.1/java-object-diff-1.0.1.jar:/workspace/scratch/87c30a06d3c7/m3jdk-spectrum/m2/io/quarkus/gizmo/gizmo/1.0.11.Final/gizmo-1.0.11.Final.jar:/workspace/scratch/87c30a06d3c7/m3jdk-spectrum/m2/org/jboss/jandex/2.4.2.Final/jandex-2.4.2.Final.jar:/workspace/scratch/87c30a06d3c7/m3jdk-spectrum/m2/net/java/dev/jna/jna-platform/5.14.0/jna-platform-5.14.0.jar:/workspace/scratch/87c30a06d3c7/m3jdk-spectrum/m2/net/java/dev/jna/jna/5.14.0/jna-5.14.0.jar:/workspace/scratch/87c30a06d3c7/m3jdk-spectrum/m2/org/apache/commons/commons-compress/1.26.0/commons-compress-1.26.0.jar:/workspace/scratch/87c30a06d3c7/m3jdk-spectrum/m2/commons-io/commons-io/2.15.1/commons-io-2.15.1.jar:/workspace/scratch/87c30a06d3c7/m3jdk-spectrum/m2/org/yaml/snakeyaml/2.2/snakeyaml-2.2.jar:/workspace/scratch/87c30a06d3c7/m3jdk-spectrum/m2/org/openrewrite/rewrite-yaml/8.17.1/rewrite-yaml-8.17.1.jar:/workspace/scratch/87c30a06d3c7/m3jdk-spectrum/m2/org/openrewrite/rewrite-xml/8.17.1/rewrite-xml-8.17.1.jar:/workspace/scratch/87c30a06d3c7/m3jdk-spectrum/m2/io/micrometer/micrometer-core/1.9.17/micrometer-core-1.9.17.jar:/workspace/scratch/87c30a06d3c7/m3jdk-spectrum/m2/org/hdrhistogram/HdrHistogram/2.1.12/HdrHistogram-2.1.12.jar:/workspace/scratch/87c30a06d3c7/m3jdk-spectrum/m2/org/latencyutils/LatencyUtils/2.0.3/LatencyUtils-2.0.3.jar:/workspace/scratch/87c30a06d3c7/m3jdk-spectrum/m2/org/jetbrains/annotations/24.1.0/annotations-24.1.0.jar:/workspace/scratch/87c30a06d3c7/m3jdk-spectrum/m2/com/fasterxml/jackson/core/jackson-annotations/2.16.1/jackson-annotations-2.16.1.jar:/workspace/scratch/87c30a06d3c7/m3jdk-spectrum/m2/org/antlr/antlr4-runtime/4.11.1/antlr4-runtime-4.11.1.jar:/workspace/scratch/87c30a06d3c7/m3jdk-spectrum/m2/org/apache/commons/commons-lang3/3.14.0/commons-lang3-3.14.0.jar:/workspace/scratch/87c30a06d3c7/m3jdk-spectrum/m2/org/apache/commons/commons-text/1.11.0/commons-text-1.11.0.jar:/workspace/scratch/87c30a06d3c7/m3jdk-spectrum/m2/io/github/classgraph/classgraph/4.8.165/classgraph-4.8.165.jar:/workspace/scratch/87c30a06d3c7/m3jdk-spectrum/m2/org/xerial/snappy/snappy-java/1.1.10.5/snappy-java-1.1.10.5.jar:/workspace/scratch/87c30a06d3c7/m3jdk-spectrum/m2/io/github/fastfilter/fastfilter/1.0.2/fastfilter-1.0.2.jar:/workspace/scratch/87c30a06d3c7/m3jdk-spectrum/m2/org/ow2/asm/asm/9.6/asm-9.6.jar:/workspace/scratch/87c30a06d3c7/m3jdk-spectrum/m2/org/ow2/asm/asm-util/9.6/asm-util-9.6.jar:/workspace/scratch/87c30a06d3c7/m3jdk-spectrum/m2/org/ow2/asm/asm-tree/9.6/asm-tree-9.6.jar:/workspace/scratch/87c30a06d3c7/m3jdk-spectrum/m2/org/ow2/asm/asm-analysis/9.6/asm-analysis-9.6.jar:/workspace/scratch/87c30a06d3c7/m3jdk-spectrum/m2/org/openrewrite/rewrite-java-21/8.17.1/rewrite-java-21-8.17.1.jar:/workspace/scratch/87c30a06d3c7/m3jdk-spectrum/m2/org/openrewrite/rewrite-test/8.17.1/rewrite-test-8.17.1.jar:/workspace/scratch/87c30a06d3c7/m3jdk-spectrum/m2/org/junit/jupiter/junit-jupiter-api/5.10.2/junit-jupiter-api-5.10.2.jar:/workspace/scratch/87c30a06d3c7/m3jdk-spectrum/m2/org/opentest4j/opentest4j/1.3.0/opentest4j-1.3.0.jar:/workspace/scratch/87c30a06d3c7/m3jdk-spectrum/m2/org/junit/platform/junit-platform-commons/1.10.2/junit-platform-commons-1.10.2.jar:/workspace/scratch/87c30a06d3c7/m3jdk-spectrum/m2/org/apiguardian/apiguardian-api/1.1.2/apiguardian-api-1.1.2.jar:/workspace/scratch/87c30a06d3c7/m3jdk-spectrum/m2/org/junit/jupiter/junit-jupiter-params/5.10.2/junit-jupiter-params-5.10.2.jar:/workspace/scratch/87c30a06d3c7/m3jdk-spectrum/m2/org/assertj/assertj-core/3.25.3/assertj-core-3.25.3.jar:/workspace/scratch/87c30a06d3c7/m3jdk-spectrum/m2/net/bytebuddy/byte-buddy/1.14.11/byte-buddy-1.14.11.jar:/workspace/scratch/87c30a06d3c7/m3jdk-spectrum/m2/com/fasterxml/jackson/dataformat/jackson-dataformat-csv/2.16.1/jackson-dataformat-csv-2.16.1.jar:/workspace/scratch/87c30a06d3c7/m3jdk-spectrum/m2/com/fasterxml/jackson/core/jackson-core/2.16.1/jackson-core-2.16.1.jar:/workspace/scratch/87c30a06d3c7/m3jdk-spectrum/m2/org/slf4j/slf4j-api/1.7.36/slf4j-api-1.7.36.jar:/workspace/scratch/87c30a06d3c7/m3jdk-spectrum/m2/org/eclipse/jgit/org.eclipse.jgit/5.13.3.202401111512-r/org.eclipse.jgit-5.13.3.202401111512-r.jar:/workspace/scratch/87c30a06d3c7/m3jdk-spectrum/m2/com/googlecode/javaewah/JavaEWAH/1.1.13/JavaEWAH-1.1.13.jar:/workspace/scratch/87c30a06d3c7/m3jdk-spectrum/m2/org/junit/jupiter/junit-jupiter/5.10.2/junit-jupiter-5.10.2.jar:/workspace/scratch/87c30a06d3c7/m3jdk-spectrum/m2/org/junit/jupiter/junit-jupiter-engine/5.10.2/junit-jupiter-engine-5.10.2.jar:/workspace/scratch/87c30a06d3c7/m3jdk-spectrum/m2/org/junit/platform/junit-platform-engine/1.10.2/junit-platform-engine-1.10.2.jar:"/>
    <property name="sun.cpu.endian" value="little"/>
    <property name="user.home" value="/root"/>
    <property name="user.language" value="en"/>
    <property name="java.specification.vendor" value="Oracle Corporation"/>
    <property name="java.version.date" value="2024-01-16"/>
    <property name="java.home" value="/workspace/scratch/877d9513c002/toolchains/jdk-21.0.2"/>
    <property name="file.separator" value="/"/>
    <property name="basedir" value="/workspace/scratch/87c30a06d3c7/m3jdk-spectrum/repo/m3/tooling/migration-recipes/tasks/atom-spectrum-20261005"/>
    <property name="java.vm.compressedOopsMode" value="32-bit"/>
    <property name="line.separator" value="&#10;"/>
    <property name="java.vm.specification.vendor" value="Oracle Corporation"/>
    <property name="java.specification.name" value="Java Platform API Specification"/>
    <property name="m3.spectrum.corpusRoot" value="/workspace/scratch/87c30a06d3c7/m3jdk-spectrum/corpus"/>
    <property name="surefire.real.class.path" value="/workspace/scratch/87c30a06d3c7/m3jdk-spectrum/repo/m3/tooling/migration-recipes/tasks/atom-spectrum-20261005/target/surefire/surefirebooter-20261005100136760_3.jar"/>
    <property name="sun.management.compiler" value="HotSpot 64-Bit Tiered Compilers"/>
    <property name="java.runtime.version" value="21.0.2+13-58"/>
    <property name="user.name" value="root"/>
    <property name="stdout.encoding" value="UTF-8"/>
    <property name="path.separator" value=":"/>
    <property name="os.version" value="6.18.44"/>
    <property name="java.runtime.name" value="OpenJDK Runtime Environment"/>
    <property name="file.encoding" value="UTF-8"/>
    <property name="java.vm.name" value="OpenJDK 64-Bit Server VM"/>
    <property name="localRepository" value="/workspace/scratch/87c30a06d3c7/m3jdk-spectrum/m2"/>
    <property name="java.vendor.url.bug" value="https://bugreport.java.com/bugreport/"/>
    <property name="java.io.tmpdir" value="/tmp"/>
    <property name="java.version" value="21.0.2"/>
    <property name="user.dir" value="/workspace/scratch/87c30a06d3c7/m3jdk-spectrum/repo/m3/tooling/migration-recipes/tasks/atom-spectrum-20261005"/>
    <property name="os.arch" value="amd64"/>
    <property name="java.vm.specification.name" value="Java Virtual Machine Specification"/>
    <property name="native.encoding" value="UTF-8"/>
    <property name="java.library.path" value="/usr/java/packages/lib:/usr/lib64:/lib64:/lib:/usr/lib"/>
    <property name="stderr.encoding" value="UTF-8"/>
    <property name="java.vm.info" value="mixed mode, sharing"/>
    <property name="java.vendor" value="Oracle Corporation"/>
    <property name="java.vm.version" value="21.0.2+13-58"/>
    <property name="sun.io.unicode.encoding" value="UnicodeLittle"/>
    <property name="maven.repo.local" value="/workspace/scratch/87c30a06d3c7/m3jdk-spectrum/m2"/>
    <property name="java.class.version" value="65.0"/>
  </properties>
  <testcase name="sourceDriftCannotBeMaterialized" classname="com.m3.rewrite.atom.M3AtomCommentRecipeTest" time="0.558"/>
  <testcase name="actualSnapshotRecipeMaterializesTheReviewedRepairAndReplays" classname="com.m3.rewrite.atom.M3AtomCommentRecipeTest" time="1.251"/>
</testsuite>
END_RAW_FILE current-3/surefire-reports/TEST-com.m3.rewrite.atom.M3AtomCommentRecipeTest.xml

BEGIN_RAW_FILE current-3/surefire-reports/TEST-com.m3.rewrite.atom.M3AtomCoverageClosureTest.xml sha256=6e1e78c532eaedaf4cdcc7b3964011b809b22ac758b75ffb0b5c03860a28b1c0
<?xml version="1.0" encoding="UTF-8"?>
<testsuite xmlns:xsi="http://www.w3.org/2001/XMLSchema-instance" xsi:noNamespaceSchemaLocation="https://maven.apache.org/surefire/maven-surefire-plugin/xsd/surefire-test-report-3.0.xsd" version="3.0" name="com.m3.rewrite.atom.M3AtomCoverageClosureTest" time="10.205" tests="7" errors="0" skipped="0" failures="0">
  <properties>
    <property name="java.specification.version" value="21"/>
    <property name="sun.jnu.encoding" value="UTF-8"/>
    <property name="java.class.path" value="/workspace/scratch/87c30a06d3c7/m3jdk-spectrum/repo/m3/tooling/migration-recipes/tasks/atom-spectrum-20261005/target/test-classes:/workspace/scratch/87c30a06d3c7/m3jdk-spectrum/repo/m3/tooling/migration-recipes/tasks/atom-spectrum-20261005/target/classes:/workspace/scratch/87c30a06d3c7/m3jdk-spectrum/m2/org/openrewrite/rewrite-java/8.17.1/rewrite-java-8.17.1.jar:/workspace/scratch/87c30a06d3c7/m3jdk-spectrum/m2/org/openrewrite/rewrite-core/8.17.1/rewrite-core-8.17.1.jar:/workspace/scratch/87c30a06d3c7/m3jdk-spectrum/m2/com/fasterxml/jackson/core/jackson-databind/2.16.1/jackson-databind-2.16.1.jar:/workspace/scratch/87c30a06d3c7/m3jdk-spectrum/m2/com/fasterxml/jackson/dataformat/jackson-dataformat-smile/2.16.1/jackson-dataformat-smile-2.16.1.jar:/workspace/scratch/87c30a06d3c7/m3jdk-spectrum/m2/com/fasterxml/jackson/module/jackson-module-parameter-names/2.16.1/jackson-module-parameter-names-2.16.1.jar:/workspace/scratch/87c30a06d3c7/m3jdk-spectrum/m2/com/fasterxml/jackson/datatype/jackson-datatype-jsr310/2.16.1/jackson-datatype-jsr310-2.16.1.jar:/workspace/scratch/87c30a06d3c7/m3jdk-spectrum/m2/org/openrewrite/tools/java-object-diff/1.0.1/java-object-diff-1.0.1.jar:/workspace/scratch/87c30a06d3c7/m3jdk-spectrum/m2/io/quarkus/gizmo/gizmo/1.0.11.Final/gizmo-1.0.11.Final.jar:/workspace/scratch/87c30a06d3c7/m3jdk-spectrum/m2/org/jboss/jandex/2.4.2.Final/jandex-2.4.2.Final.jar:/workspace/scratch/87c30a06d3c7/m3jdk-spectrum/m2/net/java/dev/jna/jna-platform/5.14.0/jna-platform-5.14.0.jar:/workspace/scratch/87c30a06d3c7/m3jdk-spectrum/m2/net/java/dev/jna/jna/5.14.0/jna-5.14.0.jar:/workspace/scratch/87c30a06d3c7/m3jdk-spectrum/m2/org/apache/commons/commons-compress/1.26.0/commons-compress-1.26.0.jar:/workspace/scratch/87c30a06d3c7/m3jdk-spectrum/m2/commons-io/commons-io/2.15.1/commons-io-2.15.1.jar:/workspace/scratch/87c30a06d3c7/m3jdk-spectrum/m2/org/yaml/snakeyaml/2.2/snakeyaml-2.2.jar:/workspace/scratch/87c30a06d3c7/m3jdk-spectrum/m2/org/openrewrite/rewrite-yaml/8.17.1/rewrite-yaml-8.17.1.jar:/workspace/scratch/87c30a06d3c7/m3jdk-spectrum/m2/org/openrewrite/rewrite-xml/8.17.1/rewrite-xml-8.17.1.jar:/workspace/scratch/87c30a06d3c7/m3jdk-spectrum/m2/io/micrometer/micrometer-core/1.9.17/micrometer-core-1.9.17.jar:/workspace/scratch/87c30a06d3c7/m3jdk-spectrum/m2/org/hdrhistogram/HdrHistogram/2.1.12/HdrHistogram-2.1.12.jar:/workspace/scratch/87c30a06d3c7/m3jdk-spectrum/m2/org/latencyutils/LatencyUtils/2.0.3/LatencyUtils-2.0.3.jar:/workspace/scratch/87c30a06d3c7/m3jdk-spectrum/m2/org/jetbrains/annotations/24.1.0/annotations-24.1.0.jar:/workspace/scratch/87c30a06d3c7/m3jdk-spectrum/m2/com/fasterxml/jackson/core/jackson-annotations/2.16.1/jackson-annotations-2.16.1.jar:/workspace/scratch/87c30a06d3c7/m3jdk-spectrum/m2/org/antlr/antlr4-runtime/4.11.1/antlr4-runtime-4.11.1.jar:/workspace/scratch/87c30a06d3c7/m3jdk-spectrum/m2/org/apache/commons/commons-lang3/3.14.0/commons-lang3-3.14.0.jar:/workspace/scratch/87c30a06d3c7/m3jdk-spectrum/m2/org/apache/commons/commons-text/1.11.0/commons-text-1.11.0.jar:/workspace/scratch/87c30a06d3c7/m3jdk-spectrum/m2/io/github/classgraph/classgraph/4.8.165/classgraph-4.8.165.jar:/workspace/scratch/87c30a06d3c7/m3jdk-spectrum/m2/org/xerial/snappy/snappy-java/1.1.10.5/snappy-java-1.1.10.5.jar:/workspace/scratch/87c30a06d3c7/m3jdk-spectrum/m2/io/github/fastfilter/fastfilter/1.0.2/fastfilter-1.0.2.jar:/workspace/scratch/87c30a06d3c7/m3jdk-spectrum/m2/org/ow2/asm/asm/9.6/asm-9.6.jar:/workspace/scratch/87c30a06d3c7/m3jdk-spectrum/m2/org/ow2/asm/asm-util/9.6/asm-util-9.6.jar:/workspace/scratch/87c30a06d3c7/m3jdk-spectrum/m2/org/ow2/asm/asm-tree/9.6/asm-tree-9.6.jar:/workspace/scratch/87c30a06d3c7/m3jdk-spectrum/m2/org/ow2/asm/asm-analysis/9.6/asm-analysis-9.6.jar:/workspace/scratch/87c30a06d3c7/m3jdk-spectrum/m2/org/openrewrite/rewrite-java-21/8.17.1/rewrite-java-21-8.17.1.jar:/workspace/scratch/87c30a06d3c7/m3jdk-spectrum/m2/org/openrewrite/rewrite-test/8.17.1/rewrite-test-8.17.1.jar:/workspace/scratch/87c30a06d3c7/m3jdk-spectrum/m2/org/junit/jupiter/junit-jupiter-api/5.10.2/junit-jupiter-api-5.10.2.jar:/workspace/scratch/87c30a06d3c7/m3jdk-spectrum/m2/org/opentest4j/opentest4j/1.3.0/opentest4j-1.3.0.jar:/workspace/scratch/87c30a06d3c7/m3jdk-spectrum/m2/org/junit/platform/junit-platform-commons/1.10.2/junit-platform-commons-1.10.2.jar:/workspace/scratch/87c30a06d3c7/m3jdk-spectrum/m2/org/apiguardian/apiguardian-api/1.1.2/apiguardian-api-1.1.2.jar:/workspace/scratch/87c30a06d3c7/m3jdk-spectrum/m2/org/junit/jupiter/junit-jupiter-params/5.10.2/junit-jupiter-params-5.10.2.jar:/workspace/scratch/87c30a06d3c7/m3jdk-spectrum/m2/org/assertj/assertj-core/3.25.3/assertj-core-3.25.3.jar:/workspace/scratch/87c30a06d3c7/m3jdk-spectrum/m2/net/bytebuddy/byte-buddy/1.14.11/byte-buddy-1.14.11.jar:/workspace/scratch/87c30a06d3c7/m3jdk-spectrum/m2/com/fasterxml/jackson/dataformat/jackson-dataformat-csv/2.16.1/jackson-dataformat-csv-2.16.1.jar:/workspace/scratch/87c30a06d3c7/m3jdk-spectrum/m2/com/fasterxml/jackson/core/jackson-core/2.16.1/jackson-core-2.16.1.jar:/workspace/scratch/87c30a06d3c7/m3jdk-spectrum/m2/org/slf4j/slf4j-api/1.7.36/slf4j-api-1.7.36.jar:/workspace/scratch/87c30a06d3c7/m3jdk-spectrum/m2/org/eclipse/jgit/org.eclipse.jgit/5.13.3.202401111512-r/org.eclipse.jgit-5.13.3.202401111512-r.jar:/workspace/scratch/87c30a06d3c7/m3jdk-spectrum/m2/com/googlecode/javaewah/JavaEWAH/1.1.13/JavaEWAH-1.1.13.jar:/workspace/scratch/87c30a06d3c7/m3jdk-spectrum/m2/org/junit/jupiter/junit-jupiter/5.10.2/junit-jupiter-5.10.2.jar:/workspace/scratch/87c30a06d3c7/m3jdk-spectrum/m2/org/junit/jupiter/junit-jupiter-engine/5.10.2/junit-jupiter-engine-5.10.2.jar:/workspace/scratch/87c30a06d3c7/m3jdk-spectrum/m2/org/junit/platform/junit-platform-engine/1.10.2/junit-platform-engine-1.10.2.jar:"/>
    <property name="java.vm.vendor" value="Oracle Corporation"/>
    <property name="sun.arch.data.model" value="64"/>
    <property name="java.vendor.url" value="https://java.oracle.com/"/>
    <property name="user.timezone" value="Europe/Berlin"/>
    <property name="os.name" value="Linux"/>
    <property name="java.vm.specification.version" value="21"/>
    <property name="sun.java.launcher" value="SUN_STANDARD"/>
    <property name="sun.boot.library.path" value="/workspace/scratch/877d9513c002/toolchains/jdk-21.0.2/lib"/>
    <property name="sun.java.command" value="/workspace/scratch/87c30a06d3c7/m3jdk-spectrum/repo/m3/tooling/migration-recipes/tasks/atom-spectrum-20261005/target/surefire/surefirebooter-20261005100136760_3.jar /workspace/scratch/87c30a06d3c7/m3jdk-spectrum/repo/m3/tooling/migration-recipes/tasks/atom-spectrum-20261005/target/surefire 2026-10-05T10-01-36_694-jvmRun1 surefire-20261005100136760_1tmp surefire_0-20261005100136760_2tmp"/>
    <property name="jdk.debug" value="release"/>
    <property name="surefire.test.class.path" value="/workspace/scratch/87c30a06d3c7/m3jdk-spectrum/repo/m3/tooling/migration-recipes/tasks/atom-spectrum-20261005/target/test-classes:/workspace/scratch/87c30a06d3c7/m3jdk-spectrum/repo/m3/tooling/migration-recipes/tasks/atom-spectrum-20261005/target/classes:/workspace/scratch/87c30a06d3c7/m3jdk-spectrum/m2/org/openrewrite/rewrite-java/8.17.1/rewrite-java-8.17.1.jar:/workspace/scratch/87c30a06d3c7/m3jdk-spectrum/m2/org/openrewrite/rewrite-core/8.17.1/rewrite-core-8.17.1.jar:/workspace/scratch/87c30a06d3c7/m3jdk-spectrum/m2/com/fasterxml/jackson/core/jackson-databind/2.16.1/jackson-databind-2.16.1.jar:/workspace/scratch/87c30a06d3c7/m3jdk-spectrum/m2/com/fasterxml/jackson/dataformat/jackson-dataformat-smile/2.16.1/jackson-dataformat-smile-2.16.1.jar:/workspace/scratch/87c30a06d3c7/m3jdk-spectrum/m2/com/fasterxml/jackson/module/jackson-module-parameter-names/2.16.1/jackson-module-parameter-names-2.16.1.jar:/workspace/scratch/87c30a06d3c7/m3jdk-spectrum/m2/com/fasterxml/jackson/datatype/jackson-datatype-jsr310/2.16.1/jackson-datatype-jsr310-2.16.1.jar:/workspace/scratch/87c30a06d3c7/m3jdk-spectrum/m2/org/openrewrite/tools/java-object-diff/1.0.1/java-object-diff-1.0.1.jar:/workspace/scratch/87c30a06d3c7/m3jdk-spectrum/m2/io/quarkus/gizmo/gizmo/1.0.11.Final/gizmo-1.0.11.Final.jar:/workspace/scratch/87c30a06d3c7/m3jdk-spectrum/m2/org/jboss/jandex/2.4.2.Final/jandex-2.4.2.Final.jar:/workspace/scratch/87c30a06d3c7/m3jdk-spectrum/m2/net/java/dev/jna/jna-platform/5.14.0/jna-platform-5.14.0.jar:/workspace/scratch/87c30a06d3c7/m3jdk-spectrum/m2/net/java/dev/jna/jna/5.14.0/jna-5.14.0.jar:/workspace/scratch/87c30a06d3c7/m3jdk-spectrum/m2/org/apache/commons/commons-compress/1.26.0/commons-compress-1.26.0.jar:/workspace/scratch/87c30a06d3c7/m3jdk-spectrum/m2/commons-io/commons-io/2.15.1/commons-io-2.15.1.jar:/workspace/scratch/87c30a06d3c7/m3jdk-spectrum/m2/org/yaml/snakeyaml/2.2/snakeyaml-2.2.jar:/workspace/scratch/87c30a06d3c7/m3jdk-spectrum/m2/org/openrewrite/rewrite-yaml/8.17.1/rewrite-yaml-8.17.1.jar:/workspace/scratch/87c30a06d3c7/m3jdk-spectrum/m2/org/openrewrite/rewrite-xml/8.17.1/rewrite-xml-8.17.1.jar:/workspace/scratch/87c30a06d3c7/m3jdk-spectrum/m2/io/micrometer/micrometer-core/1.9.17/micrometer-core-1.9.17.jar:/workspace/scratch/87c30a06d3c7/m3jdk-spectrum/m2/org/hdrhistogram/HdrHistogram/2.1.12/HdrHistogram-2.1.12.jar:/workspace/scratch/87c30a06d3c7/m3jdk-spectrum/m2/org/latencyutils/LatencyUtils/2.0.3/LatencyUtils-2.0.3.jar:/workspace/scratch/87c30a06d3c7/m3jdk-spectrum/m2/org/jetbrains/annotations/24.1.0/annotations-24.1.0.jar:/workspace/scratch/87c30a06d3c7/m3jdk-spectrum/m2/com/fasterxml/jackson/core/jackson-annotations/2.16.1/jackson-annotations-2.16.1.jar:/workspace/scratch/87c30a06d3c7/m3jdk-spectrum/m2/org/antlr/antlr4-runtime/4.11.1/antlr4-runtime-4.11.1.jar:/workspace/scratch/87c30a06d3c7/m3jdk-spectrum/m2/org/apache/commons/commons-lang3/3.14.0/commons-lang3-3.14.0.jar:/workspace/scratch/87c30a06d3c7/m3jdk-spectrum/m2/org/apache/commons/commons-text/1.11.0/commons-text-1.11.0.jar:/workspace/scratch/87c30a06d3c7/m3jdk-spectrum/m2/io/github/classgraph/classgraph/4.8.165/classgraph-4.8.165.jar:/workspace/scratch/87c30a06d3c7/m3jdk-spectrum/m2/org/xerial/snappy/snappy-java/1.1.10.5/snappy-java-1.1.10.5.jar:/workspace/scratch/87c30a06d3c7/m3jdk-spectrum/m2/io/github/fastfilter/fastfilter/1.0.2/fastfilter-1.0.2.jar:/workspace/scratch/87c30a06d3c7/m3jdk-spectrum/m2/org/ow2/asm/asm/9.6/asm-9.6.jar:/workspace/scratch/87c30a06d3c7/m3jdk-spectrum/m2/org/ow2/asm/asm-util/9.6/asm-util-9.6.jar:/workspace/scratch/87c30a06d3c7/m3jdk-spectrum/m2/org/ow2/asm/asm-tree/9.6/asm-tree-9.6.jar:/workspace/scratch/87c30a06d3c7/m3jdk-spectrum/m2/org/ow2/asm/asm-analysis/9.6/asm-analysis-9.6.jar:/workspace/scratch/87c30a06d3c7/m3jdk-spectrum/m2/org/openrewrite/rewrite-java-21/8.17.1/rewrite-java-21-8.17.1.jar:/workspace/scratch/87c30a06d3c7/m3jdk-spectrum/m2/org/openrewrite/rewrite-test/8.17.1/rewrite-test-8.17.1.jar:/workspace/scratch/87c30a06d3c7/m3jdk-spectrum/m2/org/junit/jupiter/junit-jupiter-api/5.10.2/junit-jupiter-api-5.10.2.jar:/workspace/scratch/87c30a06d3c7/m3jdk-spectrum/m2/org/opentest4j/opentest4j/1.3.0/opentest4j-1.3.0.jar:/workspace/scratch/87c30a06d3c7/m3jdk-spectrum/m2/org/junit/platform/junit-platform-commons/1.10.2/junit-platform-commons-1.10.2.jar:/workspace/scratch/87c30a06d3c7/m3jdk-spectrum/m2/org/apiguardian/apiguardian-api/1.1.2/apiguardian-api-1.1.2.jar:/workspace/scratch/87c30a06d3c7/m3jdk-spectrum/m2/org/junit/jupiter/junit-jupiter-params/5.10.2/junit-jupiter-params-5.10.2.jar:/workspace/scratch/87c30a06d3c7/m3jdk-spectrum/m2/org/assertj/assertj-core/3.25.3/assertj-core-3.25.3.jar:/workspace/scratch/87c30a06d3c7/m3jdk-spectrum/m2/net/bytebuddy/byte-buddy/1.14.11/byte-buddy-1.14.11.jar:/workspace/scratch/87c30a06d3c7/m3jdk-spectrum/m2/com/fasterxml/jackson/dataformat/jackson-dataformat-csv/2.16.1/jackson-dataformat-csv-2.16.1.jar:/workspace/scratch/87c30a06d3c7/m3jdk-spectrum/m2/com/fasterxml/jackson/core/jackson-core/2.16.1/jackson-core-2.16.1.jar:/workspace/scratch/87c30a06d3c7/m3jdk-spectrum/m2/org/slf4j/slf4j-api/1.7.36/slf4j-api-1.7.36.jar:/workspace/scratch/87c30a06d3c7/m3jdk-spectrum/m2/org/eclipse/jgit/org.eclipse.jgit/5.13.3.202401111512-r/org.eclipse.jgit-5.13.3.202401111512-r.jar:/workspace/scratch/87c30a06d3c7/m3jdk-spectrum/m2/com/googlecode/javaewah/JavaEWAH/1.1.13/JavaEWAH-1.1.13.jar:/workspace/scratch/87c30a06d3c7/m3jdk-spectrum/m2/org/junit/jupiter/junit-jupiter/5.10.2/junit-jupiter-5.10.2.jar:/workspace/scratch/87c30a06d3c7/m3jdk-spectrum/m2/org/junit/jupiter/junit-jupiter-engine/5.10.2/junit-jupiter-engine-5.10.2.jar:/workspace/scratch/87c30a06d3c7/m3jdk-spectrum/m2/org/junit/platform/junit-platform-engine/1.10.2/junit-platform-engine-1.10.2.jar:"/>
    <property name="sun.cpu.endian" value="little"/>
    <property name="user.home" value="/root"/>
    <property name="user.language" value="en"/>
    <property name="java.specification.vendor" value="Oracle Corporation"/>
    <property name="java.version.date" value="2024-01-16"/>
    <property name="java.home" value="/workspace/scratch/877d9513c002/toolchains/jdk-21.0.2"/>
    <property name="file.separator" value="/"/>
    <property name="basedir" value="/workspace/scratch/87c30a06d3c7/m3jdk-spectrum/repo/m3/tooling/migration-recipes/tasks/atom-spectrum-20261005"/>
    <property name="java.vm.compressedOopsMode" value="32-bit"/>
    <property name="line.separator" value="&#10;"/>
    <property name="java.vm.specification.vendor" value="Oracle Corporation"/>
    <property name="java.specification.name" value="Java Platform API Specification"/>
    <property name="m3.spectrum.corpusRoot" value="/workspace/scratch/87c30a06d3c7/m3jdk-spectrum/corpus"/>
    <property name="surefire.real.class.path" value="/workspace/scratch/87c30a06d3c7/m3jdk-spectrum/repo/m3/tooling/migration-recipes/tasks/atom-spectrum-20261005/target/surefire/surefirebooter-20261005100136760_3.jar"/>
    <property name="sun.management.compiler" value="HotSpot 64-Bit Tiered Compilers"/>
    <property name="java.runtime.version" value="21.0.2+13-58"/>
    <property name="user.name" value="root"/>
    <property name="stdout.encoding" value="UTF-8"/>
    <property name="path.separator" value=":"/>
    <property name="os.version" value="6.18.44"/>
    <property name="java.runtime.name" value="OpenJDK Runtime Environment"/>
    <property name="file.encoding" value="UTF-8"/>
    <property name="java.vm.name" value="OpenJDK 64-Bit Server VM"/>
    <property name="localRepository" value="/workspace/scratch/87c30a06d3c7/m3jdk-spectrum/m2"/>
    <property name="java.vendor.url.bug" value="https://bugreport.java.com/bugreport/"/>
    <property name="java.io.tmpdir" value="/tmp"/>
    <property name="java.version" value="21.0.2"/>
    <property name="user.dir" value="/workspace/scratch/87c30a06d3c7/m3jdk-spectrum/repo/m3/tooling/migration-recipes/tasks/atom-spectrum-20261005"/>
    <property name="os.arch" value="amd64"/>
    <property name="java.vm.specification.name" value="Java Virtual Machine Specification"/>
    <property name="native.encoding" value="UTF-8"/>
    <property name="java.library.path" value="/usr/java/packages/lib:/usr/lib64:/lib64:/lib:/usr/lib"/>
    <property name="stderr.encoding" value="UTF-8"/>
    <property name="java.vm.info" value="mixed mode, sharing"/>
    <property name="java.vendor" value="Oracle Corporation"/>
    <property name="java.vm.version" value="21.0.2+13-58"/>
    <property name="sun.io.unicode.encoding" value="UnicodeLittle"/>
    <property name="maven.repo.local" value="/workspace/scratch/87c30a06d3c7/m3jdk-spectrum/m2"/>
    <property name="java.class.version" value="65.0"/>
  </properties>
  <testcase name="eligibilityRejectsEveryUnsafeSurfaceAndUnsupportedExpressionShape" classname="com.m3.rewrite.atom.M3AtomCoverageClosureTest" time="3.312"/>
  <testcase name="inventoryAndCandidateTableCoverDetachedAndAccessorPaths" classname="com.m3.rewrite.atom.M3AtomCoverageClosureTest" time="0.446"/>
  <testcase name="semanticDocumentationIsIdempotentForGeneratedTextAndExistingJavadoc" classname="com.m3.rewrite.atom.M3AtomCoverageClosureTest" time="0.733"/>
  <testcase name="recipeMetadataAndConvergenceCompositionAreFullyDeclared" classname="com.m3.rewrite.atom.M3AtomCoverageClosureTest" time="0.002"/>
  <testcase name="atomizedAdmissionCoversAllStructuralGuards" classname="com.m3.rewrite.atom.M3AtomCoverageClosureTest" time="2.943"/>
  <testcase name="eligibilityAcceptsEveryAdmittedPrimitiveOperatorAndWrapperShape" classname="com.m3.rewrite.atom.M3AtomCoverageClosureTest" time="2.458"/>
  <testcase name="patternizationIsIdempotentAndRefusesNonAtomizedMethods" classname="com.m3.rewrite.atom.M3AtomCoverageClosureTest" time="0.289"/>
</testsuite>
END_RAW_FILE current-3/surefire-reports/TEST-com.m3.rewrite.atom.M3AtomCoverageClosureTest.xml

BEGIN_RAW_FILE current-3/surefire-reports/TEST-com.m3.rewrite.atom.M3AtomDefensiveBranchTest.xml sha256=30862375f3b50da76ef62510ae5e54c9fec5bd9f55301105657700457c76fe5c
<?xml version="1.0" encoding="UTF-8"?>
<testsuite xmlns:xsi="http://www.w3.org/2001/XMLSchema-instance" xsi:noNamespaceSchemaLocation="https://maven.apache.org/surefire/maven-surefire-plugin/xsd/surefire-test-report-3.0.xsd" version="3.0" name="com.m3.rewrite.atom.M3AtomDefensiveBranchTest" time="2.66" tests="4" errors="0" skipped="0" failures="0">
  <properties>
    <property name="java.specification.version" value="21"/>
    <property name="sun.jnu.encoding" value="UTF-8"/>
    <property name="java.class.path" value="/workspace/scratch/87c30a06d3c7/m3jdk-spectrum/repo/m3/tooling/migration-recipes/tasks/atom-spectrum-20261005/target/test-classes:/workspace/scratch/87c30a06d3c7/m3jdk-spectrum/repo/m3/tooling/migration-recipes/tasks/atom-spectrum-20261005/target/classes:/workspace/scratch/87c30a06d3c7/m3jdk-spectrum/m2/org/openrewrite/rewrite-java/8.17.1/rewrite-java-8.17.1.jar:/workspace/scratch/87c30a06d3c7/m3jdk-spectrum/m2/org/openrewrite/rewrite-core/8.17.1/rewrite-core-8.17.1.jar:/workspace/scratch/87c30a06d3c7/m3jdk-spectrum/m2/com/fasterxml/jackson/core/jackson-databind/2.16.1/jackson-databind-2.16.1.jar:/workspace/scratch/87c30a06d3c7/m3jdk-spectrum/m2/com/fasterxml/jackson/dataformat/jackson-dataformat-smile/2.16.1/jackson-dataformat-smile-2.16.1.jar:/workspace/scratch/87c30a06d3c7/m3jdk-spectrum/m2/com/fasterxml/jackson/module/jackson-module-parameter-names/2.16.1/jackson-module-parameter-names-2.16.1.jar:/workspace/scratch/87c30a06d3c7/m3jdk-spectrum/m2/com/fasterxml/jackson/datatype/jackson-datatype-jsr310/2.16.1/jackson-datatype-jsr310-2.16.1.jar:/workspace/scratch/87c30a06d3c7/m3jdk-spectrum/m2/org/openrewrite/tools/java-object-diff/1.0.1/java-object-diff-1.0.1.jar:/workspace/scratch/87c30a06d3c7/m3jdk-spectrum/m2/io/quarkus/gizmo/gizmo/1.0.11.Final/gizmo-1.0.11.Final.jar:/workspace/scratch/87c30a06d3c7/m3jdk-spectrum/m2/org/jboss/jandex/2.4.2.Final/jandex-2.4.2.Final.jar:/workspace/scratch/87c30a06d3c7/m3jdk-spectrum/m2/net/java/dev/jna/jna-platform/5.14.0/jna-platform-5.14.0.jar:/workspace/scratch/87c30a06d3c7/m3jdk-spectrum/m2/net/java/dev/jna/jna/5.14.0/jna-5.14.0.jar:/workspace/scratch/87c30a06d3c7/m3jdk-spectrum/m2/org/apache/commons/commons-compress/1.26.0/commons-compress-1.26.0.jar:/workspace/scratch/87c30a06d3c7/m3jdk-spectrum/m2/commons-io/commons-io/2.15.1/commons-io-2.15.1.jar:/workspace/scratch/87c30a06d3c7/m3jdk-spectrum/m2/org/yaml/snakeyaml/2.2/snakeyaml-2.2.jar:/workspace/scratch/87c30a06d3c7/m3jdk-spectrum/m2/org/openrewrite/rewrite-yaml/8.17.1/rewrite-yaml-8.17.1.jar:/workspace/scratch/87c30a06d3c7/m3jdk-spectrum/m2/org/openrewrite/rewrite-xml/8.17.1/rewrite-xml-8.17.1.jar:/workspace/scratch/87c30a06d3c7/m3jdk-spectrum/m2/io/micrometer/micrometer-core/1.9.17/micrometer-core-1.9.17.jar:/workspace/scratch/87c30a06d3c7/m3jdk-spectrum/m2/org/hdrhistogram/HdrHistogram/2.1.12/HdrHistogram-2.1.12.jar:/workspace/scratch/87c30a06d3c7/m3jdk-spectrum/m2/org/latencyutils/LatencyUtils/2.0.3/LatencyUtils-2.0.3.jar:/workspace/scratch/87c30a06d3c7/m3jdk-spectrum/m2/org/jetbrains/annotations/24.1.0/annotations-24.1.0.jar:/workspace/scratch/87c30a06d3c7/m3jdk-spectrum/m2/com/fasterxml/jackson/core/jackson-annotations/2.16.1/jackson-annotations-2.16.1.jar:/workspace/scratch/87c30a06d3c7/m3jdk-spectrum/m2/org/antlr/antlr4-runtime/4.11.1/antlr4-runtime-4.11.1.jar:/workspace/scratch/87c30a06d3c7/m3jdk-spectrum/m2/org/apache/commons/commons-lang3/3.14.0/commons-lang3-3.14.0.jar:/workspace/scratch/87c30a06d3c7/m3jdk-spectrum/m2/org/apache/commons/commons-text/1.11.0/commons-text-1.11.0.jar:/workspace/scratch/87c30a06d3c7/m3jdk-spectrum/m2/io/github/classgraph/classgraph/4.8.165/classgraph-4.8.165.jar:/workspace/scratch/87c30a06d3c7/m3jdk-spectrum/m2/org/xerial/snappy/snappy-java/1.1.10.5/snappy-java-1.1.10.5.jar:/workspace/scratch/87c30a06d3c7/m3jdk-spectrum/m2/io/github/fastfilter/fastfilter/1.0.2/fastfilter-1.0.2.jar:/workspace/scratch/87c30a06d3c7/m3jdk-spectrum/m2/org/ow2/asm/asm/9.6/asm-9.6.jar:/workspace/scratch/87c30a06d3c7/m3jdk-spectrum/m2/org/ow2/asm/asm-util/9.6/asm-util-9.6.jar:/workspace/scratch/87c30a06d3c7/m3jdk-spectrum/m2/org/ow2/asm/asm-tree/9.6/asm-tree-9.6.jar:/workspace/scratch/87c30a06d3c7/m3jdk-spectrum/m2/org/ow2/asm/asm-analysis/9.6/asm-analysis-9.6.jar:/workspace/scratch/87c30a06d3c7/m3jdk-spectrum/m2/org/openrewrite/rewrite-java-21/8.17.1/rewrite-java-21-8.17.1.jar:/workspace/scratch/87c30a06d3c7/m3jdk-spectrum/m2/org/openrewrite/rewrite-test/8.17.1/rewrite-test-8.17.1.jar:/workspace/scratch/87c30a06d3c7/m3jdk-spectrum/m2/org/junit/jupiter/junit-jupiter-api/5.10.2/junit-jupiter-api-5.10.2.jar:/workspace/scratch/87c30a06d3c7/m3jdk-spectrum/m2/org/opentest4j/opentest4j/1.3.0/opentest4j-1.3.0.jar:/workspace/scratch/87c30a06d3c7/m3jdk-spectrum/m2/org/junit/platform/junit-platform-commons/1.10.2/junit-platform-commons-1.10.2.jar:/workspace/scratch/87c30a06d3c7/m3jdk-spectrum/m2/org/apiguardian/apiguardian-api/1.1.2/apiguardian-api-1.1.2.jar:/workspace/scratch/87c30a06d3c7/m3jdk-spectrum/m2/org/junit/jupiter/junit-jupiter-params/5.10.2/junit-jupiter-params-5.10.2.jar:/workspace/scratch/87c30a06d3c7/m3jdk-spectrum/m2/org/assertj/assertj-core/3.25.3/assertj-core-3.25.3.jar:/workspace/scratch/87c30a06d3c7/m3jdk-spectrum/m2/net/bytebuddy/byte-buddy/1.14.11/byte-buddy-1.14.11.jar:/workspace/scratch/87c30a06d3c7/m3jdk-spectrum/m2/com/fasterxml/jackson/dataformat/jackson-dataformat-csv/2.16.1/jackson-dataformat-csv-2.16.1.jar:/workspace/scratch/87c30a06d3c7/m3jdk-spectrum/m2/com/fasterxml/jackson/core/jackson-core/2.16.1/jackson-core-2.16.1.jar:/workspace/scratch/87c30a06d3c7/m3jdk-spectrum/m2/org/slf4j/slf4j-api/1.7.36/slf4j-api-1.7.36.jar:/workspace/scratch/87c30a06d3c7/m3jdk-spectrum/m2/org/eclipse/jgit/org.eclipse.jgit/5.13.3.202401111512-r/org.eclipse.jgit-5.13.3.202401111512-r.jar:/workspace/scratch/87c30a06d3c7/m3jdk-spectrum/m2/com/googlecode/javaewah/JavaEWAH/1.1.13/JavaEWAH-1.1.13.jar:/workspace/scratch/87c30a06d3c7/m3jdk-spectrum/m2/org/junit/jupiter/junit-jupiter/5.10.2/junit-jupiter-5.10.2.jar:/workspace/scratch/87c30a06d3c7/m3jdk-spectrum/m2/org/junit/jupiter/junit-jupiter-engine/5.10.2/junit-jupiter-engine-5.10.2.jar:/workspace/scratch/87c30a06d3c7/m3jdk-spectrum/m2/org/junit/platform/junit-platform-engine/1.10.2/junit-platform-engine-1.10.2.jar:"/>
    <property name="java.vm.vendor" value="Oracle Corporation"/>
    <property name="sun.arch.data.model" value="64"/>
    <property name="java.vendor.url" value="https://java.oracle.com/"/>
    <property name="os.name" value="Linux"/>
    <property name="java.vm.specification.version" value="21"/>
    <property name="sun.java.launcher" value="SUN_STANDARD"/>
    <property name="sun.boot.library.path" value="/workspace/scratch/877d9513c002/toolchains/jdk-21.0.2/lib"/>
    <property name="sun.java.command" value="/workspace/scratch/87c30a06d3c7/m3jdk-spectrum/repo/m3/tooling/migration-recipes/tasks/atom-spectrum-20261005/target/surefire/surefirebooter-20261005100136760_3.jar /workspace/scratch/87c30a06d3c7/m3jdk-spectrum/repo/m3/tooling/migration-recipes/tasks/atom-spectrum-20261005/target/surefire 2026-10-05T10-01-36_694-jvmRun1 surefire-20261005100136760_1tmp surefire_0-20261005100136760_2tmp"/>
    <property name="jdk.debug" value="release"/>
    <property name="surefire.test.class.path" value="/workspace/scratch/87c30a06d3c7/m3jdk-spectrum/repo/m3/tooling/migration-recipes/tasks/atom-spectrum-20261005/target/test-classes:/workspace/scratch/87c30a06d3c7/m3jdk-spectrum/repo/m3/tooling/migration-recipes/tasks/atom-spectrum-20261005/target/classes:/workspace/scratch/87c30a06d3c7/m3jdk-spectrum/m2/org/openrewrite/rewrite-java/8.17.1/rewrite-java-8.17.1.jar:/workspace/scratch/87c30a06d3c7/m3jdk-spectrum/m2/org/openrewrite/rewrite-core/8.17.1/rewrite-core-8.17.1.jar:/workspace/scratch/87c30a06d3c7/m3jdk-spectrum/m2/com/fasterxml/jackson/core/jackson-databind/2.16.1/jackson-databind-2.16.1.jar:/workspace/scratch/87c30a06d3c7/m3jdk-spectrum/m2/com/fasterxml/jackson/dataformat/jackson-dataformat-smile/2.16.1/jackson-dataformat-smile-2.16.1.jar:/workspace/scratch/87c30a06d3c7/m3jdk-spectrum/m2/com/fasterxml/jackson/module/jackson-module-parameter-names/2.16.1/jackson-module-parameter-names-2.16.1.jar:/workspace/scratch/87c30a06d3c7/m3jdk-spectrum/m2/com/fasterxml/jackson/datatype/jackson-datatype-jsr310/2.16.1/jackson-datatype-jsr310-2.16.1.jar:/workspace/scratch/87c30a06d3c7/m3jdk-spectrum/m2/org/openrewrite/tools/java-object-diff/1.0.1/java-object-diff-1.0.1.jar:/workspace/scratch/87c30a06d3c7/m3jdk-spectrum/m2/io/quarkus/gizmo/gizmo/1.0.11.Final/gizmo-1.0.11.Final.jar:/workspace/scratch/87c30a06d3c7/m3jdk-spectrum/m2/org/jboss/jandex/2.4.2.Final/jandex-2.4.2.Final.jar:/workspace/scratch/87c30a06d3c7/m3jdk-spectrum/m2/net/java/dev/jna/jna-platform/5.14.0/jna-platform-5.14.0.jar:/workspace/scratch/87c30a06d3c7/m3jdk-spectrum/m2/net/java/dev/jna/jna/5.14.0/jna-5.14.0.jar:/workspace/scratch/87c30a06d3c7/m3jdk-spectrum/m2/org/apache/commons/commons-compress/1.26.0/commons-compress-1.26.0.jar:/workspace/scratch/87c30a06d3c7/m3jdk-spectrum/m2/commons-io/commons-io/2.15.1/commons-io-2.15.1.jar:/workspace/scratch/87c30a06d3c7/m3jdk-spectrum/m2/org/yaml/snakeyaml/2.2/snakeyaml-2.2.jar:/workspace/scratch/87c30a06d3c7/m3jdk-spectrum/m2/org/openrewrite/rewrite-yaml/8.17.1/rewrite-yaml-8.17.1.jar:/workspace/scratch/87c30a06d3c7/m3jdk-spectrum/m2/org/openrewrite/rewrite-xml/8.17.1/rewrite-xml-8.17.1.jar:/workspace/scratch/87c30a06d3c7/m3jdk-spectrum/m2/io/micrometer/micrometer-core/1.9.17/micrometer-core-1.9.17.jar:/workspace/scratch/87c30a06d3c7/m3jdk-spectrum/m2/org/hdrhistogram/HdrHistogram/2.1.12/HdrHistogram-2.1.12.jar:/workspace/scratch/87c30a06d3c7/m3jdk-spectrum/m2/org/latencyutils/LatencyUtils/2.0.3/LatencyUtils-2.0.3.jar:/workspace/scratch/87c30a06d3c7/m3jdk-spectrum/m2/org/jetbrains/annotations/24.1.0/annotations-24.1.0.jar:/workspace/scratch/87c30a06d3c7/m3jdk-spectrum/m2/com/fasterxml/jackson/core/jackson-annotations/2.16.1/jackson-annotations-2.16.1.jar:/workspace/scratch/87c30a06d3c7/m3jdk-spectrum/m2/org/antlr/antlr4-runtime/4.11.1/antlr4-runtime-4.11.1.jar:/workspace/scratch/87c30a06d3c7/m3jdk-spectrum/m2/org/apache/commons/commons-lang3/3.14.0/commons-lang3-3.14.0.jar:/workspace/scratch/87c30a06d3c7/m3jdk-spectrum/m2/org/apache/commons/commons-text/1.11.0/commons-text-1.11.0.jar:/workspace/scratch/87c30a06d3c7/m3jdk-spectrum/m2/io/github/classgraph/classgraph/4.8.165/classgraph-4.8.165.jar:/workspace/scratch/87c30a06d3c7/m3jdk-spectrum/m2/org/xerial/snappy/snappy-java/1.1.10.5/snappy-java-1.1.10.5.jar:/workspace/scratch/87c30a06d3c7/m3jdk-spectrum/m2/io/github/fastfilter/fastfilter/1.0.2/fastfilter-1.0.2.jar:/workspace/scratch/87c30a06d3c7/m3jdk-spectrum/m2/org/ow2/asm/asm/9.6/asm-9.6.jar:/workspace/scratch/87c30a06d3c7/m3jdk-spectrum/m2/org/ow2/asm/asm-util/9.6/asm-util-9.6.jar:/workspace/scratch/87c30a06d3c7/m3jdk-spectrum/m2/org/ow2/asm/asm-tree/9.6/asm-tree-9.6.jar:/workspace/scratch/87c30a06d3c7/m3jdk-spectrum/m2/org/ow2/asm/asm-analysis/9.6/asm-analysis-9.6.jar:/workspace/scratch/87c30a06d3c7/m3jdk-spectrum/m2/org/openrewrite/rewrite-java-21/8.17.1/rewrite-java-21-8.17.1.jar:/workspace/scratch/87c30a06d3c7/m3jdk-spectrum/m2/org/openrewrite/rewrite-test/8.17.1/rewrite-test-8.17.1.jar:/workspace/scratch/87c30a06d3c7/m3jdk-spectrum/m2/org/junit/jupiter/junit-jupiter-api/5.10.2/junit-jupiter-api-5.10.2.jar:/workspace/scratch/87c30a06d3c7/m3jdk-spectrum/m2/org/opentest4j/opentest4j/1.3.0/opentest4j-1.3.0.jar:/workspace/scratch/87c30a06d3c7/m3jdk-spectrum/m2/org/junit/platform/junit-platform-commons/1.10.2/junit-platform-commons-1.10.2.jar:/workspace/scratch/87c30a06d3c7/m3jdk-spectrum/m2/org/apiguardian/apiguardian-api/1.1.2/apiguardian-api-1.1.2.jar:/workspace/scratch/87c30a06d3c7/m3jdk-spectrum/m2/org/junit/jupiter/junit-jupiter-params/5.10.2/junit-jupiter-params-5.10.2.jar:/workspace/scratch/87c30a06d3c7/m3jdk-spectrum/m2/org/assertj/assertj-core/3.25.3/assertj-core-3.25.3.jar:/workspace/scratch/87c30a06d3c7/m3jdk-spectrum/m2/net/bytebuddy/byte-buddy/1.14.11/byte-buddy-1.14.11.jar:/workspace/scratch/87c30a06d3c7/m3jdk-spectrum/m2/com/fasterxml/jackson/dataformat/jackson-dataformat-csv/2.16.1/jackson-dataformat-csv-2.16.1.jar:/workspace/scratch/87c30a06d3c7/m3jdk-spectrum/m2/com/fasterxml/jackson/core/jackson-core/2.16.1/jackson-core-2.16.1.jar:/workspace/scratch/87c30a06d3c7/m3jdk-spectrum/m2/org/slf4j/slf4j-api/1.7.36/slf4j-api-1.7.36.jar:/workspace/scratch/87c30a06d3c7/m3jdk-spectrum/m2/org/eclipse/jgit/org.eclipse.jgit/5.13.3.202401111512-r/org.eclipse.jgit-5.13.3.202401111512-r.jar:/workspace/scratch/87c30a06d3c7/m3jdk-spectrum/m2/com/googlecode/javaewah/JavaEWAH/1.1.13/JavaEWAH-1.1.13.jar:/workspace/scratch/87c30a06d3c7/m3jdk-spectrum/m2/org/junit/jupiter/junit-jupiter/5.10.2/junit-jupiter-5.10.2.jar:/workspace/scratch/87c30a06d3c7/m3jdk-spectrum/m2/org/junit/jupiter/junit-jupiter-engine/5.10.2/junit-jupiter-engine-5.10.2.jar:/workspace/scratch/87c30a06d3c7/m3jdk-spectrum/m2/org/junit/platform/junit-platform-engine/1.10.2/junit-platform-engine-1.10.2.jar:"/>
    <property name="sun.cpu.endian" value="little"/>
    <property name="user.home" value="/root"/>
    <property name="user.language" value="en"/>
    <property name="java.specification.vendor" value="Oracle Corporation"/>
    <property name="java.version.date" value="2024-01-16"/>
    <property name="java.home" value="/workspace/scratch/877d9513c002/toolchains/jdk-21.0.2"/>
    <property name="file.separator" value="/"/>
    <property name="basedir" value="/workspace/scratch/87c30a06d3c7/m3jdk-spectrum/repo/m3/tooling/migration-recipes/tasks/atom-spectrum-20261005"/>
    <property name="java.vm.compressedOopsMode" value="32-bit"/>
    <property name="line.separator" value="&#10;"/>
    <property name="java.vm.specification.vendor" value="Oracle Corporation"/>
    <property name="java.specification.name" value="Java Platform API Specification"/>
    <property name="m3.spectrum.corpusRoot" value="/workspace/scratch/87c30a06d3c7/m3jdk-spectrum/corpus"/>
    <property name="surefire.real.class.path" value="/workspace/scratch/87c30a06d3c7/m3jdk-spectrum/repo/m3/tooling/migration-recipes/tasks/atom-spectrum-20261005/target/surefire/surefirebooter-20261005100136760_3.jar"/>
    <property name="sun.management.compiler" value="HotSpot 64-Bit Tiered Compilers"/>
    <property name="java.runtime.version" value="21.0.2+13-58"/>
    <property name="user.name" value="root"/>
    <property name="stdout.encoding" value="UTF-8"/>
    <property name="path.separator" value=":"/>
    <property name="os.version" value="6.18.44"/>
    <property name="java.runtime.name" value="OpenJDK Runtime Environment"/>
    <property name="file.encoding" value="UTF-8"/>
    <property name="java.vm.name" value="OpenJDK 64-Bit Server VM"/>
    <property name="localRepository" value="/workspace/scratch/87c30a06d3c7/m3jdk-spectrum/m2"/>
    <property name="java.vendor.url.bug" value="https://bugreport.java.com/bugreport/"/>
    <property name="java.io.tmpdir" value="/tmp"/>
    <property name="java.version" value="21.0.2"/>
    <property name="user.dir" value="/workspace/scratch/87c30a06d3c7/m3jdk-spectrum/repo/m3/tooling/migration-recipes/tasks/atom-spectrum-20261005"/>
    <property name="os.arch" value="amd64"/>
    <property name="java.vm.specification.name" value="Java Virtual Machine Specification"/>
    <property name="native.encoding" value="UTF-8"/>
    <property name="java.library.path" value="/usr/java/packages/lib:/usr/lib64:/lib64:/lib:/usr/lib"/>
    <property name="stderr.encoding" value="UTF-8"/>
    <property name="java.vm.info" value="mixed mode, sharing"/>
    <property name="java.vendor" value="Oracle Corporation"/>
    <property name="java.vm.version" value="21.0.2+13-58"/>
    <property name="sun.io.unicode.encoding" value="UnicodeLittle"/>
    <property name="maven.repo.local" value="/workspace/scratch/87c30a06d3c7/m3jdk-spectrum/m2"/>
    <property name="java.class.version" value="65.0"/>
  </properties>
  <testcase name="patternizationScansUnrelatedLocalCommentsBeforeAddingMarker" classname="com.m3.rewrite.atom.M3AtomDefensiveBranchTest" time="0.735">
    <system-err><![CDATA[SLF4J: Failed to load class "org.slf4j.impl.StaticLoggerBinder".
SLF4J: Defaulting to no-operation (NOP) logger implementation
SLF4J: See http://www.slf4j.org/codes.html#StaticLoggerBinder for further details.
]]></system-err>
  </testcase>
  <testcase name="documentationScansNonMatchingTextAndJavadocBeforeAddingSemanticMemory" classname="com.m3.rewrite.atom.M3AtomDefensiveBranchTest" time="0.609"/>
  <testcase name="atomizedAdmissionRejectsNativeAndParameterNameCollisionShapes" classname="com.m3.rewrite.atom.M3AtomDefensiveBranchTest" time="0.491"/>
  <testcase name="scalarIntAdmissionRejectsVarargsNestedInvalidUnaryAndOversizedComposition" classname="com.m3.rewrite.atom.M3AtomDefensiveBranchTest" time="0.807"/>
</testsuite>
END_RAW_FILE current-3/surefire-reports/TEST-com.m3.rewrite.atom.M3AtomDefensiveBranchTest.xml

BEGIN_RAW_FILE current-3/surefire-reports/TEST-com.m3.rewrite.atom.M3AtomizePureIntReturnRecipeTest.xml sha256=65609d85ed92a168c2a0da65e52cba9023e50bbc2ffc709f212f2bba1cea45ba
<?xml version="1.0" encoding="UTF-8"?>
<testsuite xmlns:xsi="http://www.w3.org/2001/XMLSchema-instance" xsi:noNamespaceSchemaLocation="https://maven.apache.org/surefire/maven-surefire-plugin/xsd/surefire-test-report-3.0.xsd" version="3.0" name="com.m3.rewrite.atom.M3AtomizePureIntReturnRecipeTest" time="1.318" tests="4" errors="0" skipped="0" failures="0">
  <properties>
    <property name="java.specification.version" value="21"/>
    <property name="sun.jnu.encoding" value="UTF-8"/>
    <property name="java.class.path" value="/workspace/scratch/87c30a06d3c7/m3jdk-spectrum/repo/m3/tooling/migration-recipes/tasks/atom-spectrum-20261005/target/test-classes:/workspace/scratch/87c30a06d3c7/m3jdk-spectrum/repo/m3/tooling/migration-recipes/tasks/atom-spectrum-20261005/target/classes:/workspace/scratch/87c30a06d3c7/m3jdk-spectrum/m2/org/openrewrite/rewrite-java/8.17.1/rewrite-java-8.17.1.jar:/workspace/scratch/87c30a06d3c7/m3jdk-spectrum/m2/org/openrewrite/rewrite-core/8.17.1/rewrite-core-8.17.1.jar:/workspace/scratch/87c30a06d3c7/m3jdk-spectrum/m2/com/fasterxml/jackson/core/jackson-databind/2.16.1/jackson-databind-2.16.1.jar:/workspace/scratch/87c30a06d3c7/m3jdk-spectrum/m2/com/fasterxml/jackson/dataformat/jackson-dataformat-smile/2.16.1/jackson-dataformat-smile-2.16.1.jar:/workspace/scratch/87c30a06d3c7/m3jdk-spectrum/m2/com/fasterxml/jackson/module/jackson-module-parameter-names/2.16.1/jackson-module-parameter-names-2.16.1.jar:/workspace/scratch/87c30a06d3c7/m3jdk-spectrum/m2/com/fasterxml/jackson/datatype/jackson-datatype-jsr310/2.16.1/jackson-datatype-jsr310-2.16.1.jar:/workspace/scratch/87c30a06d3c7/m3jdk-spectrum/m2/org/openrewrite/tools/java-object-diff/1.0.1/java-object-diff-1.0.1.jar:/workspace/scratch/87c30a06d3c7/m3jdk-spectrum/m2/io/quarkus/gizmo/gizmo/1.0.11.Final/gizmo-1.0.11.Final.jar:/workspace/scratch/87c30a06d3c7/m3jdk-spectrum/m2/org/jboss/jandex/2.4.2.Final/jandex-2.4.2.Final.jar:/workspace/scratch/87c30a06d3c7/m3jdk-spectrum/m2/net/java/dev/jna/jna-platform/5.14.0/jna-platform-5.14.0.jar:/workspace/scratch/87c30a06d3c7/m3jdk-spectrum/m2/net/java/dev/jna/jna/5.14.0/jna-5.14.0.jar:/workspace/scratch/87c30a06d3c7/m3jdk-spectrum/m2/org/apache/commons/commons-compress/1.26.0/commons-compress-1.26.0.jar:/workspace/scratch/87c30a06d3c7/m3jdk-spectrum/m2/commons-io/commons-io/2.15.1/commons-io-2.15.1.jar:/workspace/scratch/87c30a06d3c7/m3jdk-spectrum/m2/org/yaml/snakeyaml/2.2/snakeyaml-2.2.jar:/workspace/scratch/87c30a06d3c7/m3jdk-spectrum/m2/org/openrewrite/rewrite-yaml/8.17.1/rewrite-yaml-8.17.1.jar:/workspace/scratch/87c30a06d3c7/m3jdk-spectrum/m2/org/openrewrite/rewrite-xml/8.17.1/rewrite-xml-8.17.1.jar:/workspace/scratch/87c30a06d3c7/m3jdk-spectrum/m2/io/micrometer/micrometer-core/1.9.17/micrometer-core-1.9.17.jar:/workspace/scratch/87c30a06d3c7/m3jdk-spectrum/m2/org/hdrhistogram/HdrHistogram/2.1.12/HdrHistogram-2.1.12.jar:/workspace/scratch/87c30a06d3c7/m3jdk-spectrum/m2/org/latencyutils/LatencyUtils/2.0.3/LatencyUtils-2.0.3.jar:/workspace/scratch/87c30a06d3c7/m3jdk-spectrum/m2/org/jetbrains/annotations/24.1.0/annotations-24.1.0.jar:/workspace/scratch/87c30a06d3c7/m3jdk-spectrum/m2/com/fasterxml/jackson/core/jackson-annotations/2.16.1/jackson-annotations-2.16.1.jar:/workspace/scratch/87c30a06d3c7/m3jdk-spectrum/m2/org/antlr/antlr4-runtime/4.11.1/antlr4-runtime-4.11.1.jar:/workspace/scratch/87c30a06d3c7/m3jdk-spectrum/m2/org/apache/commons/commons-lang3/3.14.0/commons-lang3-3.14.0.jar:/workspace/scratch/87c30a06d3c7/m3jdk-spectrum/m2/org/apache/commons/commons-text/1.11.0/commons-text-1.11.0.jar:/workspace/scratch/87c30a06d3c7/m3jdk-spectrum/m2/io/github/classgraph/classgraph/4.8.165/classgraph-4.8.165.jar:/workspace/scratch/87c30a06d3c7/m3jdk-spectrum/m2/org/xerial/snappy/snappy-java/1.1.10.5/snappy-java-1.1.10.5.jar:/workspace/scratch/87c30a06d3c7/m3jdk-spectrum/m2/io/github/fastfilter/fastfilter/1.0.2/fastfilter-1.0.2.jar:/workspace/scratch/87c30a06d3c7/m3jdk-spectrum/m2/org/ow2/asm/asm/9.6/asm-9.6.jar:/workspace/scratch/87c30a06d3c7/m3jdk-spectrum/m2/org/ow2/asm/asm-util/9.6/asm-util-9.6.jar:/workspace/scratch/87c30a06d3c7/m3jdk-spectrum/m2/org/ow2/asm/asm-tree/9.6/asm-tree-9.6.jar:/workspace/scratch/87c30a06d3c7/m3jdk-spectrum/m2/org/ow2/asm/asm-analysis/9.6/asm-analysis-9.6.jar:/workspace/scratch/87c30a06d3c7/m3jdk-spectrum/m2/org/openrewrite/rewrite-java-21/8.17.1/rewrite-java-21-8.17.1.jar:/workspace/scratch/87c30a06d3c7/m3jdk-spectrum/m2/org/openrewrite/rewrite-test/8.17.1/rewrite-test-8.17.1.jar:/workspace/scratch/87c30a06d3c7/m3jdk-spectrum/m2/org/junit/jupiter/junit-jupiter-api/5.10.2/junit-jupiter-api-5.10.2.jar:/workspace/scratch/87c30a06d3c7/m3jdk-spectrum/m2/org/opentest4j/opentest4j/1.3.0/opentest4j-1.3.0.jar:/workspace/scratch/87c30a06d3c7/m3jdk-spectrum/m2/org/junit/platform/junit-platform-commons/1.10.2/junit-platform-commons-1.10.2.jar:/workspace/scratch/87c30a06d3c7/m3jdk-spectrum/m2/org/apiguardian/apiguardian-api/1.1.2/apiguardian-api-1.1.2.jar:/workspace/scratch/87c30a06d3c7/m3jdk-spectrum/m2/org/junit/jupiter/junit-jupiter-params/5.10.2/junit-jupiter-params-5.10.2.jar:/workspace/scratch/87c30a06d3c7/m3jdk-spectrum/m2/org/assertj/assertj-core/3.25.3/assertj-core-3.25.3.jar:/workspace/scratch/87c30a06d3c7/m3jdk-spectrum/m2/net/bytebuddy/byte-buddy/1.14.11/byte-buddy-1.14.11.jar:/workspace/scratch/87c30a06d3c7/m3jdk-spectrum/m2/com/fasterxml/jackson/dataformat/jackson-dataformat-csv/2.16.1/jackson-dataformat-csv-2.16.1.jar:/workspace/scratch/87c30a06d3c7/m3jdk-spectrum/m2/com/fasterxml/jackson/core/jackson-core/2.16.1/jackson-core-2.16.1.jar:/workspace/scratch/87c30a06d3c7/m3jdk-spectrum/m2/org/slf4j/slf4j-api/1.7.36/slf4j-api-1.7.36.jar:/workspace/scratch/87c30a06d3c7/m3jdk-spectrum/m2/org/eclipse/jgit/org.eclipse.jgit/5.13.3.202401111512-r/org.eclipse.jgit-5.13.3.202401111512-r.jar:/workspace/scratch/87c30a06d3c7/m3jdk-spectrum/m2/com/googlecode/javaewah/JavaEWAH/1.1.13/JavaEWAH-1.1.13.jar:/workspace/scratch/87c30a06d3c7/m3jdk-spectrum/m2/org/junit/jupiter/junit-jupiter/5.10.2/junit-jupiter-5.10.2.jar:/workspace/scratch/87c30a06d3c7/m3jdk-spectrum/m2/org/junit/jupiter/junit-jupiter-engine/5.10.2/junit-jupiter-engine-5.10.2.jar:/workspace/scratch/87c30a06d3c7/m3jdk-spectrum/m2/org/junit/platform/junit-platform-engine/1.10.2/junit-platform-engine-1.10.2.jar:"/>
    <property name="java.vm.vendor" value="Oracle Corporation"/>
    <property name="sun.arch.data.model" value="64"/>
    <property name="java.vendor.url" value="https://java.oracle.com/"/>
    <property name="user.timezone" value="Europe/Berlin"/>
    <property name="os.name" value="Linux"/>
    <property name="java.vm.specification.version" value="21"/>
    <property name="sun.java.launcher" value="SUN_STANDARD"/>
    <property name="sun.boot.library.path" value="/workspace/scratch/877d9513c002/toolchains/jdk-21.0.2/lib"/>
    <property name="sun.java.command" value="/workspace/scratch/87c30a06d3c7/m3jdk-spectrum/repo/m3/tooling/migration-recipes/tasks/atom-spectrum-20261005/target/surefire/surefirebooter-20261005100136760_3.jar /workspace/scratch/87c30a06d3c7/m3jdk-spectrum/repo/m3/tooling/migration-recipes/tasks/atom-spectrum-20261005/target/surefire 2026-10-05T10-01-36_694-jvmRun1 surefire-20261005100136760_1tmp surefire_0-20261005100136760_2tmp"/>
    <property name="jdk.debug" value="release"/>
    <property name="surefire.test.class.path" value="/workspace/scratch/87c30a06d3c7/m3jdk-spectrum/repo/m3/tooling/migration-recipes/tasks/atom-spectrum-20261005/target/test-classes:/workspace/scratch/87c30a06d3c7/m3jdk-spectrum/repo/m3/tooling/migration-recipes/tasks/atom-spectrum-20261005/target/classes:/workspace/scratch/87c30a06d3c7/m3jdk-spectrum/m2/org/openrewrite/rewrite-java/8.17.1/rewrite-java-8.17.1.jar:/workspace/scratch/87c30a06d3c7/m3jdk-spectrum/m2/org/openrewrite/rewrite-core/8.17.1/rewrite-core-8.17.1.jar:/workspace/scratch/87c30a06d3c7/m3jdk-spectrum/m2/com/fasterxml/jackson/core/jackson-databind/2.16.1/jackson-databind-2.16.1.jar:/workspace/scratch/87c30a06d3c7/m3jdk-spectrum/m2/com/fasterxml/jackson/dataformat/jackson-dataformat-smile/2.16.1/jackson-dataformat-smile-2.16.1.jar:/workspace/scratch/87c30a06d3c7/m3jdk-spectrum/m2/com/fasterxml/jackson/module/jackson-module-parameter-names/2.16.1/jackson-module-parameter-names-2.16.1.jar:/workspace/scratch/87c30a06d3c7/m3jdk-spectrum/m2/com/fasterxml/jackson/datatype/jackson-datatype-jsr310/2.16.1/jackson-datatype-jsr310-2.16.1.jar:/workspace/scratch/87c30a06d3c7/m3jdk-spectrum/m2/org/openrewrite/tools/java-object-diff/1.0.1/java-object-diff-1.0.1.jar:/workspace/scratch/87c30a06d3c7/m3jdk-spectrum/m2/io/quarkus/gizmo/gizmo/1.0.11.Final/gizmo-1.0.11.Final.jar:/workspace/scratch/87c30a06d3c7/m3jdk-spectrum/m2/org/jboss/jandex/2.4.2.Final/jandex-2.4.2.Final.jar:/workspace/scratch/87c30a06d3c7/m3jdk-spectrum/m2/net/java/dev/jna/jna-platform/5.14.0/jna-platform-5.14.0.jar:/workspace/scratch/87c30a06d3c7/m3jdk-spectrum/m2/net/java/dev/jna/jna/5.14.0/jna-5.14.0.jar:/workspace/scratch/87c30a06d3c7/m3jdk-spectrum/m2/org/apache/commons/commons-compress/1.26.0/commons-compress-1.26.0.jar:/workspace/scratch/87c30a06d3c7/m3jdk-spectrum/m2/commons-io/commons-io/2.15.1/commons-io-2.15.1.jar:/workspace/scratch/87c30a06d3c7/m3jdk-spectrum/m2/org/yaml/snakeyaml/2.2/snakeyaml-2.2.jar:/workspace/scratch/87c30a06d3c7/m3jdk-spectrum/m2/org/openrewrite/rewrite-yaml/8.17.1/rewrite-yaml-8.17.1.jar:/workspace/scratch/87c30a06d3c7/m3jdk-spectrum/m2/org/openrewrite/rewrite-xml/8.17.1/rewrite-xml-8.17.1.jar:/workspace/scratch/87c30a06d3c7/m3jdk-spectrum/m2/io/micrometer/micrometer-core/1.9.17/micrometer-core-1.9.17.jar:/workspace/scratch/87c30a06d3c7/m3jdk-spectrum/m2/org/hdrhistogram/HdrHistogram/2.1.12/HdrHistogram-2.1.12.jar:/workspace/scratch/87c30a06d3c7/m3jdk-spectrum/m2/org/latencyutils/LatencyUtils/2.0.3/LatencyUtils-2.0.3.jar:/workspace/scratch/87c30a06d3c7/m3jdk-spectrum/m2/org/jetbrains/annotations/24.1.0/annotations-24.1.0.jar:/workspace/scratch/87c30a06d3c7/m3jdk-spectrum/m2/com/fasterxml/jackson/core/jackson-annotations/2.16.1/jackson-annotations-2.16.1.jar:/workspace/scratch/87c30a06d3c7/m3jdk-spectrum/m2/org/antlr/antlr4-runtime/4.11.1/antlr4-runtime-4.11.1.jar:/workspace/scratch/87c30a06d3c7/m3jdk-spectrum/m2/org/apache/commons/commons-lang3/3.14.0/commons-lang3-3.14.0.jar:/workspace/scratch/87c30a06d3c7/m3jdk-spectrum/m2/org/apache/commons/commons-text/1.11.0/commons-text-1.11.0.jar:/workspace/scratch/87c30a06d3c7/m3jdk-spectrum/m2/io/github/classgraph/classgraph/4.8.165/classgraph-4.8.165.jar:/workspace/scratch/87c30a06d3c7/m3jdk-spectrum/m2/org/xerial/snappy/snappy-java/1.1.10.5/snappy-java-1.1.10.5.jar:/workspace/scratch/87c30a06d3c7/m3jdk-spectrum/m2/io/github/fastfilter/fastfilter/1.0.2/fastfilter-1.0.2.jar:/workspace/scratch/87c30a06d3c7/m3jdk-spectrum/m2/org/ow2/asm/asm/9.6/asm-9.6.jar:/workspace/scratch/87c30a06d3c7/m3jdk-spectrum/m2/org/ow2/asm/asm-util/9.6/asm-util-9.6.jar:/workspace/scratch/87c30a06d3c7/m3jdk-spectrum/m2/org/ow2/asm/asm-tree/9.6/asm-tree-9.6.jar:/workspace/scratch/87c30a06d3c7/m3jdk-spectrum/m2/org/ow2/asm/asm-analysis/9.6/asm-analysis-9.6.jar:/workspace/scratch/87c30a06d3c7/m3jdk-spectrum/m2/org/openrewrite/rewrite-java-21/8.17.1/rewrite-java-21-8.17.1.jar:/workspace/scratch/87c30a06d3c7/m3jdk-spectrum/m2/org/openrewrite/rewrite-test/8.17.1/rewrite-test-8.17.1.jar:/workspace/scratch/87c30a06d3c7/m3jdk-spectrum/m2/org/junit/jupiter/junit-jupiter-api/5.10.2/junit-jupiter-api-5.10.2.jar:/workspace/scratch/87c30a06d3c7/m3jdk-spectrum/m2/org/opentest4j/opentest4j/1.3.0/opentest4j-1.3.0.jar:/workspace/scratch/87c30a06d3c7/m3jdk-spectrum/m2/org/junit/platform/junit-platform-commons/1.10.2/junit-platform-commons-1.10.2.jar:/workspace/scratch/87c30a06d3c7/m3jdk-spectrum/m2/org/apiguardian/apiguardian-api/1.1.2/apiguardian-api-1.1.2.jar:/workspace/scratch/87c30a06d3c7/m3jdk-spectrum/m2/org/junit/jupiter/junit-jupiter-params/5.10.2/junit-jupiter-params-5.10.2.jar:/workspace/scratch/87c30a06d3c7/m3jdk-spectrum/m2/org/assertj/assertj-core/3.25.3/assertj-core-3.25.3.jar:/workspace/scratch/87c30a06d3c7/m3jdk-spectrum/m2/net/bytebuddy/byte-buddy/1.14.11/byte-buddy-1.14.11.jar:/workspace/scratch/87c30a06d3c7/m3jdk-spectrum/m2/com/fasterxml/jackson/dataformat/jackson-dataformat-csv/2.16.1/jackson-dataformat-csv-2.16.1.jar:/workspace/scratch/87c30a06d3c7/m3jdk-spectrum/m2/com/fasterxml/jackson/core/jackson-core/2.16.1/jackson-core-2.16.1.jar:/workspace/scratch/87c30a06d3c7/m3jdk-spectrum/m2/org/slf4j/slf4j-api/1.7.36/slf4j-api-1.7.36.jar:/workspace/scratch/87c30a06d3c7/m3jdk-spectrum/m2/org/eclipse/jgit/org.eclipse.jgit/5.13.3.202401111512-r/org.eclipse.jgit-5.13.3.202401111512-r.jar:/workspace/scratch/87c30a06d3c7/m3jdk-spectrum/m2/com/googlecode/javaewah/JavaEWAH/1.1.13/JavaEWAH-1.1.13.jar:/workspace/scratch/87c30a06d3c7/m3jdk-spectrum/m2/org/junit/jupiter/junit-jupiter/5.10.2/junit-jupiter-5.10.2.jar:/workspace/scratch/87c30a06d3c7/m3jdk-spectrum/m2/org/junit/jupiter/junit-jupiter-engine/5.10.2/junit-jupiter-engine-5.10.2.jar:/workspace/scratch/87c30a06d3c7/m3jdk-spectrum/m2/org/junit/platform/junit-platform-engine/1.10.2/junit-platform-engine-1.10.2.jar:"/>
    <property name="sun.cpu.endian" value="little"/>
    <property name="user.home" value="/root"/>
    <property name="user.language" value="en"/>
    <property name="java.specification.vendor" value="Oracle Corporation"/>
    <property name="java.version.date" value="2024-01-16"/>
    <property name="java.home" value="/workspace/scratch/877d9513c002/toolchains/jdk-21.0.2"/>
    <property name="file.separator" value="/"/>
    <property name="basedir" value="/workspace/scratch/87c30a06d3c7/m3jdk-spectrum/repo/m3/tooling/migration-recipes/tasks/atom-spectrum-20261005"/>
    <property name="java.vm.compressedOopsMode" value="32-bit"/>
    <property name="line.separator" value="&#10;"/>
    <property name="java.vm.specification.vendor" value="Oracle Corporation"/>
    <property name="java.specification.name" value="Java Platform API Specification"/>
    <property name="m3.spectrum.corpusRoot" value="/workspace/scratch/87c30a06d3c7/m3jdk-spectrum/corpus"/>
    <property name="surefire.real.class.path" value="/workspace/scratch/87c30a06d3c7/m3jdk-spectrum/repo/m3/tooling/migration-recipes/tasks/atom-spectrum-20261005/target/surefire/surefirebooter-20261005100136760_3.jar"/>
    <property name="sun.management.compiler" value="HotSpot 64-Bit Tiered Compilers"/>
    <property name="java.runtime.version" value="21.0.2+13-58"/>
    <property name="user.name" value="root"/>
    <property name="stdout.encoding" value="UTF-8"/>
    <property name="path.separator" value=":"/>
    <property name="os.version" value="6.18.44"/>
    <property name="java.runtime.name" value="OpenJDK Runtime Environment"/>
    <property name="file.encoding" value="UTF-8"/>
    <property name="java.vm.name" value="OpenJDK 64-Bit Server VM"/>
    <property name="localRepository" value="/workspace/scratch/87c30a06d3c7/m3jdk-spectrum/m2"/>
    <property name="java.vendor.url.bug" value="https://bugreport.java.com/bugreport/"/>
    <property name="java.io.tmpdir" value="/tmp"/>
    <property name="java.version" value="21.0.2"/>
    <property name="user.dir" value="/workspace/scratch/87c30a06d3c7/m3jdk-spectrum/repo/m3/tooling/migration-recipes/tasks/atom-spectrum-20261005"/>
    <property name="os.arch" value="amd64"/>
    <property name="java.vm.specification.name" value="Java Virtual Machine Specification"/>
    <property name="native.encoding" value="UTF-8"/>
    <property name="java.library.path" value="/usr/java/packages/lib:/usr/lib64:/lib64:/lib:/usr/lib"/>
    <property name="stderr.encoding" value="UTF-8"/>
    <property name="java.vm.info" value="mixed mode, sharing"/>
    <property name="java.vendor" value="Oracle Corporation"/>
    <property name="java.vm.version" value="21.0.2+13-58"/>
    <property name="sun.io.unicode.encoding" value="UnicodeLittle"/>
    <property name="maven.repo.local" value="/workspace/scratch/87c30a06d3c7/m3jdk-spectrum/m2"/>
    <property name="java.class.version" value="65.0"/>
  </properties>
  <testcase name="unsafeOrBroaderShapesAreLeftUntouched" classname="com.m3.rewrite.atom.M3AtomizePureIntReturnRecipeTest" time="0.111"/>
  <testcase name="oneFileApplyChangesOnlyThePrivatePureLeafAndThenStops" classname="com.m3.rewrite.atom.M3AtomizePureIntReturnRecipeTest" time="0.496"/>
  <testcase name="tagsDeclareBothAtomizationAndPatternization" classname="com.m3.rewrite.atom.M3AtomizePureIntReturnRecipeTest" time="0.001"/>
  <testcase name="hundredFileFullApplyCompilesExecutesAndReachesFixedPoint" classname="com.m3.rewrite.atom.M3AtomizePureIntReturnRecipeTest" time="0.708"/>
</testsuite>
END_RAW_FILE current-3/surefire-reports/TEST-com.m3.rewrite.atom.M3AtomizePureIntReturnRecipeTest.xml

BEGIN_RAW_FILE current-3/surefire-reports/TEST-com.m3.rewrite.atom.M3IntRecipeProjectTest.xml sha256=c83dfff33d9101b987727c3a6ac023a6952a68e47bfa0f01066f7a0240eb0614
<?xml version="1.0" encoding="UTF-8"?>
<testsuite xmlns:xsi="http://www.w3.org/2001/XMLSchema-instance" xsi:noNamespaceSchemaLocation="https://maven.apache.org/surefire/maven-surefire-plugin/xsd/surefire-test-report-3.0.xsd" version="3.0" name="com.m3.rewrite.atom.M3IntRecipeProjectTest" time="7.128" tests="6" errors="0" skipped="0" failures="0">
  <properties>
    <property name="java.specification.version" value="21"/>
    <property name="sun.jnu.encoding" value="UTF-8"/>
    <property name="java.class.path" value="/workspace/scratch/87c30a06d3c7/m3jdk-spectrum/repo/m3/tooling/migration-recipes/tasks/atom-spectrum-20261005/target/test-classes:/workspace/scratch/87c30a06d3c7/m3jdk-spectrum/repo/m3/tooling/migration-recipes/tasks/atom-spectrum-20261005/target/classes:/workspace/scratch/87c30a06d3c7/m3jdk-spectrum/m2/org/openrewrite/rewrite-java/8.17.1/rewrite-java-8.17.1.jar:/workspace/scratch/87c30a06d3c7/m3jdk-spectrum/m2/org/openrewrite/rewrite-core/8.17.1/rewrite-core-8.17.1.jar:/workspace/scratch/87c30a06d3c7/m3jdk-spectrum/m2/com/fasterxml/jackson/core/jackson-databind/2.16.1/jackson-databind-2.16.1.jar:/workspace/scratch/87c30a06d3c7/m3jdk-spectrum/m2/com/fasterxml/jackson/dataformat/jackson-dataformat-smile/2.16.1/jackson-dataformat-smile-2.16.1.jar:/workspace/scratch/87c30a06d3c7/m3jdk-spectrum/m2/com/fasterxml/jackson/module/jackson-module-parameter-names/2.16.1/jackson-module-parameter-names-2.16.1.jar:/workspace/scratch/87c30a06d3c7/m3jdk-spectrum/m2/com/fasterxml/jackson/datatype/jackson-datatype-jsr310/2.16.1/jackson-datatype-jsr310-2.16.1.jar:/workspace/scratch/87c30a06d3c7/m3jdk-spectrum/m2/org/openrewrite/tools/java-object-diff/1.0.1/java-object-diff-1.0.1.jar:/workspace/scratch/87c30a06d3c7/m3jdk-spectrum/m2/io/quarkus/gizmo/gizmo/1.0.11.Final/gizmo-1.0.11.Final.jar:/workspace/scratch/87c30a06d3c7/m3jdk-spectrum/m2/org/jboss/jandex/2.4.2.Final/jandex-2.4.2.Final.jar:/workspace/scratch/87c30a06d3c7/m3jdk-spectrum/m2/net/java/dev/jna/jna-platform/5.14.0/jna-platform-5.14.0.jar:/workspace/scratch/87c30a06d3c7/m3jdk-spectrum/m2/net/java/dev/jna/jna/5.14.0/jna-5.14.0.jar:/workspace/scratch/87c30a06d3c7/m3jdk-spectrum/m2/org/apache/commons/commons-compress/1.26.0/commons-compress-1.26.0.jar:/workspace/scratch/87c30a06d3c7/m3jdk-spectrum/m2/commons-io/commons-io/2.15.1/commons-io-2.15.1.jar:/workspace/scratch/87c30a06d3c7/m3jdk-spectrum/m2/org/yaml/snakeyaml/2.2/snakeyaml-2.2.jar:/workspace/scratch/87c30a06d3c7/m3jdk-spectrum/m2/org/openrewrite/rewrite-yaml/8.17.1/rewrite-yaml-8.17.1.jar:/workspace/scratch/87c30a06d3c7/m3jdk-spectrum/m2/org/openrewrite/rewrite-xml/8.17.1/rewrite-xml-8.17.1.jar:/workspace/scratch/87c30a06d3c7/m3jdk-spectrum/m2/io/micrometer/micrometer-core/1.9.17/micrometer-core-1.9.17.jar:/workspace/scratch/87c30a06d3c7/m3jdk-spectrum/m2/org/hdrhistogram/HdrHistogram/2.1.12/HdrHistogram-2.1.12.jar:/workspace/scratch/87c30a06d3c7/m3jdk-spectrum/m2/org/latencyutils/LatencyUtils/2.0.3/LatencyUtils-2.0.3.jar:/workspace/scratch/87c30a06d3c7/m3jdk-spectrum/m2/org/jetbrains/annotations/24.1.0/annotations-24.1.0.jar:/workspace/scratch/87c30a06d3c7/m3jdk-spectrum/m2/com/fasterxml/jackson/core/jackson-annotations/2.16.1/jackson-annotations-2.16.1.jar:/workspace/scratch/87c30a06d3c7/m3jdk-spectrum/m2/org/antlr/antlr4-runtime/4.11.1/antlr4-runtime-4.11.1.jar:/workspace/scratch/87c30a06d3c7/m3jdk-spectrum/m2/org/apache/commons/commons-lang3/3.14.0/commons-lang3-3.14.0.jar:/workspace/scratch/87c30a06d3c7/m3jdk-spectrum/m2/org/apache/commons/commons-text/1.11.0/commons-text-1.11.0.jar:/workspace/scratch/87c30a06d3c7/m3jdk-spectrum/m2/io/github/classgraph/classgraph/4.8.165/classgraph-4.8.165.jar:/workspace/scratch/87c30a06d3c7/m3jdk-spectrum/m2/org/xerial/snappy/snappy-java/1.1.10.5/snappy-java-1.1.10.5.jar:/workspace/scratch/87c30a06d3c7/m3jdk-spectrum/m2/io/github/fastfilter/fastfilter/1.0.2/fastfilter-1.0.2.jar:/workspace/scratch/87c30a06d3c7/m3jdk-spectrum/m2/org/ow2/asm/asm/9.6/asm-9.6.jar:/workspace/scratch/87c30a06d3c7/m3jdk-spectrum/m2/org/ow2/asm/asm-util/9.6/asm-util-9.6.jar:/workspace/scratch/87c30a06d3c7/m3jdk-spectrum/m2/org/ow2/asm/asm-tree/9.6/asm-tree-9.6.jar:/workspace/scratch/87c30a06d3c7/m3jdk-spectrum/m2/org/ow2/asm/asm-analysis/9.6/asm-analysis-9.6.jar:/workspace/scratch/87c30a06d3c7/m3jdk-spectrum/m2/org/openrewrite/rewrite-java-21/8.17.1/rewrite-java-21-8.17.1.jar:/workspace/scratch/87c30a06d3c7/m3jdk-spectrum/m2/org/openrewrite/rewrite-test/8.17.1/rewrite-test-8.17.1.jar:/workspace/scratch/87c30a06d3c7/m3jdk-spectrum/m2/org/junit/jupiter/junit-jupiter-api/5.10.2/junit-jupiter-api-5.10.2.jar:/workspace/scratch/87c30a06d3c7/m3jdk-spectrum/m2/org/opentest4j/opentest4j/1.3.0/opentest4j-1.3.0.jar:/workspace/scratch/87c30a06d3c7/m3jdk-spectrum/m2/org/junit/platform/junit-platform-commons/1.10.2/junit-platform-commons-1.10.2.jar:/workspace/scratch/87c30a06d3c7/m3jdk-spectrum/m2/org/apiguardian/apiguardian-api/1.1.2/apiguardian-api-1.1.2.jar:/workspace/scratch/87c30a06d3c7/m3jdk-spectrum/m2/org/junit/jupiter/junit-jupiter-params/5.10.2/junit-jupiter-params-5.10.2.jar:/workspace/scratch/87c30a06d3c7/m3jdk-spectrum/m2/org/assertj/assertj-core/3.25.3/assertj-core-3.25.3.jar:/workspace/scratch/87c30a06d3c7/m3jdk-spectrum/m2/net/bytebuddy/byte-buddy/1.14.11/byte-buddy-1.14.11.jar:/workspace/scratch/87c30a06d3c7/m3jdk-spectrum/m2/com/fasterxml/jackson/dataformat/jackson-dataformat-csv/2.16.1/jackson-dataformat-csv-2.16.1.jar:/workspace/scratch/87c30a06d3c7/m3jdk-spectrum/m2/com/fasterxml/jackson/core/jackson-core/2.16.1/jackson-core-2.16.1.jar:/workspace/scratch/87c30a06d3c7/m3jdk-spectrum/m2/org/slf4j/slf4j-api/1.7.36/slf4j-api-1.7.36.jar:/workspace/scratch/87c30a06d3c7/m3jdk-spectrum/m2/org/eclipse/jgit/org.eclipse.jgit/5.13.3.202401111512-r/org.eclipse.jgit-5.13.3.202401111512-r.jar:/workspace/scratch/87c30a06d3c7/m3jdk-spectrum/m2/com/googlecode/javaewah/JavaEWAH/1.1.13/JavaEWAH-1.1.13.jar:/workspace/scratch/87c30a06d3c7/m3jdk-spectrum/m2/org/junit/jupiter/junit-jupiter/5.10.2/junit-jupiter-5.10.2.jar:/workspace/scratch/87c30a06d3c7/m3jdk-spectrum/m2/org/junit/jupiter/junit-jupiter-engine/5.10.2/junit-jupiter-engine-5.10.2.jar:/workspace/scratch/87c30a06d3c7/m3jdk-spectrum/m2/org/junit/platform/junit-platform-engine/1.10.2/junit-platform-engine-1.10.2.jar:"/>
    <property name="java.vm.vendor" value="Oracle Corporation"/>
    <property name="sun.arch.data.model" value="64"/>
    <property name="java.vendor.url" value="https://java.oracle.com/"/>
    <property name="user.timezone" value="Europe/Berlin"/>
    <property name="os.name" value="Linux"/>
    <property name="java.vm.specification.version" value="21"/>
    <property name="sun.java.launcher" value="SUN_STANDARD"/>
    <property name="sun.boot.library.path" value="/workspace/scratch/877d9513c002/toolchains/jdk-21.0.2/lib"/>
    <property name="sun.java.command" value="/workspace/scratch/87c30a06d3c7/m3jdk-spectrum/repo/m3/tooling/migration-recipes/tasks/atom-spectrum-20261005/target/surefire/surefirebooter-20261005100136760_3.jar /workspace/scratch/87c30a06d3c7/m3jdk-spectrum/repo/m3/tooling/migration-recipes/tasks/atom-spectrum-20261005/target/surefire 2026-10-05T10-01-36_694-jvmRun1 surefire-20261005100136760_1tmp surefire_0-20261005100136760_2tmp"/>
    <property name="jdk.debug" value="release"/>
    <property name="surefire.test.class.path" value="/workspace/scratch/87c30a06d3c7/m3jdk-spectrum/repo/m3/tooling/migration-recipes/tasks/atom-spectrum-20261005/target/test-classes:/workspace/scratch/87c30a06d3c7/m3jdk-spectrum/repo/m3/tooling/migration-recipes/tasks/atom-spectrum-20261005/target/classes:/workspace/scratch/87c30a06d3c7/m3jdk-spectrum/m2/org/openrewrite/rewrite-java/8.17.1/rewrite-java-8.17.1.jar:/workspace/scratch/87c30a06d3c7/m3jdk-spectrum/m2/org/openrewrite/rewrite-core/8.17.1/rewrite-core-8.17.1.jar:/workspace/scratch/87c30a06d3c7/m3jdk-spectrum/m2/com/fasterxml/jackson/core/jackson-databind/2.16.1/jackson-databind-2.16.1.jar:/workspace/scratch/87c30a06d3c7/m3jdk-spectrum/m2/com/fasterxml/jackson/dataformat/jackson-dataformat-smile/2.16.1/jackson-dataformat-smile-2.16.1.jar:/workspace/scratch/87c30a06d3c7/m3jdk-spectrum/m2/com/fasterxml/jackson/module/jackson-module-parameter-names/2.16.1/jackson-module-parameter-names-2.16.1.jar:/workspace/scratch/87c30a06d3c7/m3jdk-spectrum/m2/com/fasterxml/jackson/datatype/jackson-datatype-jsr310/2.16.1/jackson-datatype-jsr310-2.16.1.jar:/workspace/scratch/87c30a06d3c7/m3jdk-spectrum/m2/org/openrewrite/tools/java-object-diff/1.0.1/java-object-diff-1.0.1.jar:/workspace/scratch/87c30a06d3c7/m3jdk-spectrum/m2/io/quarkus/gizmo/gizmo/1.0.11.Final/gizmo-1.0.11.Final.jar:/workspace/scratch/87c30a06d3c7/m3jdk-spectrum/m2/org/jboss/jandex/2.4.2.Final/jandex-2.4.2.Final.jar:/workspace/scratch/87c30a06d3c7/m3jdk-spectrum/m2/net/java/dev/jna/jna-platform/5.14.0/jna-platform-5.14.0.jar:/workspace/scratch/87c30a06d3c7/m3jdk-spectrum/m2/net/java/dev/jna/jna/5.14.0/jna-5.14.0.jar:/workspace/scratch/87c30a06d3c7/m3jdk-spectrum/m2/org/apache/commons/commons-compress/1.26.0/commons-compress-1.26.0.jar:/workspace/scratch/87c30a06d3c7/m3jdk-spectrum/m2/commons-io/commons-io/2.15.1/commons-io-2.15.1.jar:/workspace/scratch/87c30a06d3c7/m3jdk-spectrum/m2/org/yaml/snakeyaml/2.2/snakeyaml-2.2.jar:/workspace/scratch/87c30a06d3c7/m3jdk-spectrum/m2/org/openrewrite/rewrite-yaml/8.17.1/rewrite-yaml-8.17.1.jar:/workspace/scratch/87c30a06d3c7/m3jdk-spectrum/m2/org/openrewrite/rewrite-xml/8.17.1/rewrite-xml-8.17.1.jar:/workspace/scratch/87c30a06d3c7/m3jdk-spectrum/m2/io/micrometer/micrometer-core/1.9.17/micrometer-core-1.9.17.jar:/workspace/scratch/87c30a06d3c7/m3jdk-spectrum/m2/org/hdrhistogram/HdrHistogram/2.1.12/HdrHistogram-2.1.12.jar:/workspace/scratch/87c30a06d3c7/m3jdk-spectrum/m2/org/latencyutils/LatencyUtils/2.0.3/LatencyUtils-2.0.3.jar:/workspace/scratch/87c30a06d3c7/m3jdk-spectrum/m2/org/jetbrains/annotations/24.1.0/annotations-24.1.0.jar:/workspace/scratch/87c30a06d3c7/m3jdk-spectrum/m2/com/fasterxml/jackson/core/jackson-annotations/2.16.1/jackson-annotations-2.16.1.jar:/workspace/scratch/87c30a06d3c7/m3jdk-spectrum/m2/org/antlr/antlr4-runtime/4.11.1/antlr4-runtime-4.11.1.jar:/workspace/scratch/87c30a06d3c7/m3jdk-spectrum/m2/org/apache/commons/commons-lang3/3.14.0/commons-lang3-3.14.0.jar:/workspace/scratch/87c30a06d3c7/m3jdk-spectrum/m2/org/apache/commons/commons-text/1.11.0/commons-text-1.11.0.jar:/workspace/scratch/87c30a06d3c7/m3jdk-spectrum/m2/io/github/classgraph/classgraph/4.8.165/classgraph-4.8.165.jar:/workspace/scratch/87c30a06d3c7/m3jdk-spectrum/m2/org/xerial/snappy/snappy-java/1.1.10.5/snappy-java-1.1.10.5.jar:/workspace/scratch/87c30a06d3c7/m3jdk-spectrum/m2/io/github/fastfilter/fastfilter/1.0.2/fastfilter-1.0.2.jar:/workspace/scratch/87c30a06d3c7/m3jdk-spectrum/m2/org/ow2/asm/asm/9.6/asm-9.6.jar:/workspace/scratch/87c30a06d3c7/m3jdk-spectrum/m2/org/ow2/asm/asm-util/9.6/asm-util-9.6.jar:/workspace/scratch/87c30a06d3c7/m3jdk-spectrum/m2/org/ow2/asm/asm-tree/9.6/asm-tree-9.6.jar:/workspace/scratch/87c30a06d3c7/m3jdk-spectrum/m2/org/ow2/asm/asm-analysis/9.6/asm-analysis-9.6.jar:/workspace/scratch/87c30a06d3c7/m3jdk-spectrum/m2/org/openrewrite/rewrite-java-21/8.17.1/rewrite-java-21-8.17.1.jar:/workspace/scratch/87c30a06d3c7/m3jdk-spectrum/m2/org/openrewrite/rewrite-test/8.17.1/rewrite-test-8.17.1.jar:/workspace/scratch/87c30a06d3c7/m3jdk-spectrum/m2/org/junit/jupiter/junit-jupiter-api/5.10.2/junit-jupiter-api-5.10.2.jar:/workspace/scratch/87c30a06d3c7/m3jdk-spectrum/m2/org/opentest4j/opentest4j/1.3.0/opentest4j-1.3.0.jar:/workspace/scratch/87c30a06d3c7/m3jdk-spectrum/m2/org/junit/platform/junit-platform-commons/1.10.2/junit-platform-commons-1.10.2.jar:/workspace/scratch/87c30a06d3c7/m3jdk-spectrum/m2/org/apiguardian/apiguardian-api/1.1.2/apiguardian-api-1.1.2.jar:/workspace/scratch/87c30a06d3c7/m3jdk-spectrum/m2/org/junit/jupiter/junit-jupiter-params/5.10.2/junit-jupiter-params-5.10.2.jar:/workspace/scratch/87c30a06d3c7/m3jdk-spectrum/m2/org/assertj/assertj-core/3.25.3/assertj-core-3.25.3.jar:/workspace/scratch/87c30a06d3c7/m3jdk-spectrum/m2/net/bytebuddy/byte-buddy/1.14.11/byte-buddy-1.14.11.jar:/workspace/scratch/87c30a06d3c7/m3jdk-spectrum/m2/com/fasterxml/jackson/dataformat/jackson-dataformat-csv/2.16.1/jackson-dataformat-csv-2.16.1.jar:/workspace/scratch/87c30a06d3c7/m3jdk-spectrum/m2/com/fasterxml/jackson/core/jackson-core/2.16.1/jackson-core-2.16.1.jar:/workspace/scratch/87c30a06d3c7/m3jdk-spectrum/m2/org/slf4j/slf4j-api/1.7.36/slf4j-api-1.7.36.jar:/workspace/scratch/87c30a06d3c7/m3jdk-spectrum/m2/org/eclipse/jgit/org.eclipse.jgit/5.13.3.202401111512-r/org.eclipse.jgit-5.13.3.202401111512-r.jar:/workspace/scratch/87c30a06d3c7/m3jdk-spectrum/m2/com/googlecode/javaewah/JavaEWAH/1.1.13/JavaEWAH-1.1.13.jar:/workspace/scratch/87c30a06d3c7/m3jdk-spectrum/m2/org/junit/jupiter/junit-jupiter/5.10.2/junit-jupiter-5.10.2.jar:/workspace/scratch/87c30a06d3c7/m3jdk-spectrum/m2/org/junit/jupiter/junit-jupiter-engine/5.10.2/junit-jupiter-engine-5.10.2.jar:/workspace/scratch/87c30a06d3c7/m3jdk-spectrum/m2/org/junit/platform/junit-platform-engine/1.10.2/junit-platform-engine-1.10.2.jar:"/>
    <property name="sun.cpu.endian" value="little"/>
    <property name="user.home" value="/root"/>
    <property name="user.language" value="en"/>
    <property name="java.specification.vendor" value="Oracle Corporation"/>
    <property name="java.version.date" value="2024-01-16"/>
    <property name="java.home" value="/workspace/scratch/877d9513c002/toolchains/jdk-21.0.2"/>
    <property name="file.separator" value="/"/>
    <property name="basedir" value="/workspace/scratch/87c30a06d3c7/m3jdk-spectrum/repo/m3/tooling/migration-recipes/tasks/atom-spectrum-20261005"/>
    <property name="java.vm.compressedOopsMode" value="32-bit"/>
    <property name="line.separator" value="&#10;"/>
    <property name="java.vm.specification.vendor" value="Oracle Corporation"/>
    <property name="java.specification.name" value="Java Platform API Specification"/>
    <property name="m3.spectrum.corpusRoot" value="/workspace/scratch/87c30a06d3c7/m3jdk-spectrum/corpus"/>
    <property name="surefire.real.class.path" value="/workspace/scratch/87c30a06d3c7/m3jdk-spectrum/repo/m3/tooling/migration-recipes/tasks/atom-spectrum-20261005/target/surefire/surefirebooter-20261005100136760_3.jar"/>
    <property name="sun.management.compiler" value="HotSpot 64-Bit Tiered Compilers"/>
    <property name="java.runtime.version" value="21.0.2+13-58"/>
    <property name="user.name" value="root"/>
    <property name="stdout.encoding" value="UTF-8"/>
    <property name="path.separator" value=":"/>
    <property name="os.version" value="6.18.44"/>
    <property name="java.runtime.name" value="OpenJDK Runtime Environment"/>
    <property name="file.encoding" value="UTF-8"/>
    <property name="java.vm.name" value="OpenJDK 64-Bit Server VM"/>
    <property name="localRepository" value="/workspace/scratch/87c30a06d3c7/m3jdk-spectrum/m2"/>
    <property name="java.vendor.url.bug" value="https://bugreport.java.com/bugreport/"/>
    <property name="java.io.tmpdir" value="/tmp"/>
    <property name="java.version" value="21.0.2"/>
    <property name="user.dir" value="/workspace/scratch/87c30a06d3c7/m3jdk-spectrum/repo/m3/tooling/migration-recipes/tasks/atom-spectrum-20261005"/>
    <property name="os.arch" value="amd64"/>
    <property name="java.vm.specification.name" value="Java Virtual Machine Specification"/>
    <property name="native.encoding" value="UTF-8"/>
    <property name="java.library.path" value="/usr/java/packages/lib:/usr/lib64:/lib64:/lib:/usr/lib"/>
    <property name="stderr.encoding" value="UTF-8"/>
    <property name="java.vm.info" value="mixed mode, sharing"/>
    <property name="java.vendor" value="Oracle Corporation"/>
    <property name="java.vm.version" value="21.0.2+13-58"/>
    <property name="sun.io.unicode.encoding" value="UnicodeLittle"/>
    <property name="maven.repo.local" value="/workspace/scratch/87c30a06d3c7/m3jdk-spectrum/m2"/>
    <property name="java.class.version" value="65.0"/>
  </properties>
  <testcase name="arrayDeclaratorsAndVarargsAreNotScalarIntParameters" classname="com.m3.rewrite.atom.M3IntRecipeProjectTest" time="0.912"/>
  <testcase name="actualRecipesConvergeAcrossBothOrdersWithEveryIntermediateComparedToFrozenOriginal" classname="com.m3.rewrite.atom.M3IntRecipeProjectTest" time="4.007"/>
  <testcase name="stateExceptionsAliasesAndLexicalLookalikesStayOutsideThePureLeafDomain" classname="com.m3.rewrite.atom.M3IntRecipeProjectTest" time="0.232"/>
  <testcase name="compilerAndDifferentialOracleRejectDeliberatelyBadCandidates" classname="com.m3.rewrite.atom.M3IntRecipeProjectTest" time="0.13"/>
  <testcase name="projectEnumerationOrderDoesNotChangeTheCompleteCompositeResult" classname="com.m3.rewrite.atom.M3IntRecipeProjectTest" time="0.849"/>
  <testcase name="oneSweepBudgetIsNotAReplayWitness" classname="com.m3.rewrite.atom.M3IntRecipeProjectTest" time="0.983"/>
</testsuite>
END_RAW_FILE current-3/surefire-reports/TEST-com.m3.rewrite.atom.M3IntRecipeProjectTest.xml

BEGIN_RAW_FILE current-3/surefire-reports/TEST-com.m3.rewrite.atom.M3IntSpectrumTest.xml sha256=444cf32cdd327a2bcc6138ab1b2d121a5fa8ce8ca4f3d1f458c7fd29a068971a
<?xml version="1.0" encoding="UTF-8"?>
<testsuite xmlns:xsi="http://www.w3.org/2001/XMLSchema-instance" xsi:noNamespaceSchemaLocation="https://maven.apache.org/surefire/maven-surefire-plugin/xsd/surefire-test-report-3.0.xsd" version="3.0" name="com.m3.rewrite.atom.M3IntSpectrumTest" time="18.013" tests="4" errors="0" skipped="0" failures="0">
  <properties>
    <property name="java.specification.version" value="21"/>
    <property name="sun.jnu.encoding" value="UTF-8"/>
    <property name="java.class.path" value="/workspace/scratch/87c30a06d3c7/m3jdk-spectrum/repo/m3/tooling/migration-recipes/tasks/atom-spectrum-20261005/target/test-classes:/workspace/scratch/87c30a06d3c7/m3jdk-spectrum/repo/m3/tooling/migration-recipes/tasks/atom-spectrum-20261005/target/classes:/workspace/scratch/87c30a06d3c7/m3jdk-spectrum/m2/org/openrewrite/rewrite-java/8.17.1/rewrite-java-8.17.1.jar:/workspace/scratch/87c30a06d3c7/m3jdk-spectrum/m2/org/openrewrite/rewrite-core/8.17.1/rewrite-core-8.17.1.jar:/workspace/scratch/87c30a06d3c7/m3jdk-spectrum/m2/com/fasterxml/jackson/core/jackson-databind/2.16.1/jackson-databind-2.16.1.jar:/workspace/scratch/87c30a06d3c7/m3jdk-spectrum/m2/com/fasterxml/jackson/dataformat/jackson-dataformat-smile/2.16.1/jackson-dataformat-smile-2.16.1.jar:/workspace/scratch/87c30a06d3c7/m3jdk-spectrum/m2/com/fasterxml/jackson/module/jackson-module-parameter-names/2.16.1/jackson-module-parameter-names-2.16.1.jar:/workspace/scratch/87c30a06d3c7/m3jdk-spectrum/m2/com/fasterxml/jackson/datatype/jackson-datatype-jsr310/2.16.1/jackson-datatype-jsr310-2.16.1.jar:/workspace/scratch/87c30a06d3c7/m3jdk-spectrum/m2/org/openrewrite/tools/java-object-diff/1.0.1/java-object-diff-1.0.1.jar:/workspace/scratch/87c30a06d3c7/m3jdk-spectrum/m2/io/quarkus/gizmo/gizmo/1.0.11.Final/gizmo-1.0.11.Final.jar:/workspace/scratch/87c30a06d3c7/m3jdk-spectrum/m2/org/jboss/jandex/2.4.2.Final/jandex-2.4.2.Final.jar:/workspace/scratch/87c30a06d3c7/m3jdk-spectrum/m2/net/java/dev/jna/jna-platform/5.14.0/jna-platform-5.14.0.jar:/workspace/scratch/87c30a06d3c7/m3jdk-spectrum/m2/net/java/dev/jna/jna/5.14.0/jna-5.14.0.jar:/workspace/scratch/87c30a06d3c7/m3jdk-spectrum/m2/org/apache/commons/commons-compress/1.26.0/commons-compress-1.26.0.jar:/workspace/scratch/87c30a06d3c7/m3jdk-spectrum/m2/commons-io/commons-io/2.15.1/commons-io-2.15.1.jar:/workspace/scratch/87c30a06d3c7/m3jdk-spectrum/m2/org/yaml/snakeyaml/2.2/snakeyaml-2.2.jar:/workspace/scratch/87c30a06d3c7/m3jdk-spectrum/m2/org/openrewrite/rewrite-yaml/8.17.1/rewrite-yaml-8.17.1.jar:/workspace/scratch/87c30a06d3c7/m3jdk-spectrum/m2/org/openrewrite/rewrite-xml/8.17.1/rewrite-xml-8.17.1.jar:/workspace/scratch/87c30a06d3c7/m3jdk-spectrum/m2/io/micrometer/micrometer-core/1.9.17/micrometer-core-1.9.17.jar:/workspace/scratch/87c30a06d3c7/m3jdk-spectrum/m2/org/hdrhistogram/HdrHistogram/2.1.12/HdrHistogram-2.1.12.jar:/workspace/scratch/87c30a06d3c7/m3jdk-spectrum/m2/org/latencyutils/LatencyUtils/2.0.3/LatencyUtils-2.0.3.jar:/workspace/scratch/87c30a06d3c7/m3jdk-spectrum/m2/org/jetbrains/annotations/24.1.0/annotations-24.1.0.jar:/workspace/scratch/87c30a06d3c7/m3jdk-spectrum/m2/com/fasterxml/jackson/core/jackson-annotations/2.16.1/jackson-annotations-2.16.1.jar:/workspace/scratch/87c30a06d3c7/m3jdk-spectrum/m2/org/antlr/antlr4-runtime/4.11.1/antlr4-runtime-4.11.1.jar:/workspace/scratch/87c30a06d3c7/m3jdk-spectrum/m2/org/apache/commons/commons-lang3/3.14.0/commons-lang3-3.14.0.jar:/workspace/scratch/87c30a06d3c7/m3jdk-spectrum/m2/org/apache/commons/commons-text/1.11.0/commons-text-1.11.0.jar:/workspace/scratch/87c30a06d3c7/m3jdk-spectrum/m2/io/github/classgraph/classgraph/4.8.165/classgraph-4.8.165.jar:/workspace/scratch/87c30a06d3c7/m3jdk-spectrum/m2/org/xerial/snappy/snappy-java/1.1.10.5/snappy-java-1.1.10.5.jar:/workspace/scratch/87c30a06d3c7/m3jdk-spectrum/m2/io/github/fastfilter/fastfilter/1.0.2/fastfilter-1.0.2.jar:/workspace/scratch/87c30a06d3c7/m3jdk-spectrum/m2/org/ow2/asm/asm/9.6/asm-9.6.jar:/workspace/scratch/87c30a06d3c7/m3jdk-spectrum/m2/org/ow2/asm/asm-util/9.6/asm-util-9.6.jar:/workspace/scratch/87c30a06d3c7/m3jdk-spectrum/m2/org/ow2/asm/asm-tree/9.6/asm-tree-9.6.jar:/workspace/scratch/87c30a06d3c7/m3jdk-spectrum/m2/org/ow2/asm/asm-analysis/9.6/asm-analysis-9.6.jar:/workspace/scratch/87c30a06d3c7/m3jdk-spectrum/m2/org/openrewrite/rewrite-java-21/8.17.1/rewrite-java-21-8.17.1.jar:/workspace/scratch/87c30a06d3c7/m3jdk-spectrum/m2/org/openrewrite/rewrite-test/8.17.1/rewrite-test-8.17.1.jar:/workspace/scratch/87c30a06d3c7/m3jdk-spectrum/m2/org/junit/jupiter/junit-jupiter-api/5.10.2/junit-jupiter-api-5.10.2.jar:/workspace/scratch/87c30a06d3c7/m3jdk-spectrum/m2/org/opentest4j/opentest4j/1.3.0/opentest4j-1.3.0.jar:/workspace/scratch/87c30a06d3c7/m3jdk-spectrum/m2/org/junit/platform/junit-platform-commons/1.10.2/junit-platform-commons-1.10.2.jar:/workspace/scratch/87c30a06d3c7/m3jdk-spectrum/m2/org/apiguardian/apiguardian-api/1.1.2/apiguardian-api-1.1.2.jar:/workspace/scratch/87c30a06d3c7/m3jdk-spectrum/m2/org/junit/jupiter/junit-jupiter-params/5.10.2/junit-jupiter-params-5.10.2.jar:/workspace/scratch/87c30a06d3c7/m3jdk-spectrum/m2/org/assertj/assertj-core/3.25.3/assertj-core-3.25.3.jar:/workspace/scratch/87c30a06d3c7/m3jdk-spectrum/m2/net/bytebuddy/byte-buddy/1.14.11/byte-buddy-1.14.11.jar:/workspace/scratch/87c30a06d3c7/m3jdk-spectrum/m2/com/fasterxml/jackson/dataformat/jackson-dataformat-csv/2.16.1/jackson-dataformat-csv-2.16.1.jar:/workspace/scratch/87c30a06d3c7/m3jdk-spectrum/m2/com/fasterxml/jackson/core/jackson-core/2.16.1/jackson-core-2.16.1.jar:/workspace/scratch/87c30a06d3c7/m3jdk-spectrum/m2/org/slf4j/slf4j-api/1.7.36/slf4j-api-1.7.36.jar:/workspace/scratch/87c30a06d3c7/m3jdk-spectrum/m2/org/eclipse/jgit/org.eclipse.jgit/5.13.3.202401111512-r/org.eclipse.jgit-5.13.3.202401111512-r.jar:/workspace/scratch/87c30a06d3c7/m3jdk-spectrum/m2/com/googlecode/javaewah/JavaEWAH/1.1.13/JavaEWAH-1.1.13.jar:/workspace/scratch/87c30a06d3c7/m3jdk-spectrum/m2/org/junit/jupiter/junit-jupiter/5.10.2/junit-jupiter-5.10.2.jar:/workspace/scratch/87c30a06d3c7/m3jdk-spectrum/m2/org/junit/jupiter/junit-jupiter-engine/5.10.2/junit-jupiter-engine-5.10.2.jar:/workspace/scratch/87c30a06d3c7/m3jdk-spectrum/m2/org/junit/platform/junit-platform-engine/1.10.2/junit-platform-engine-1.10.2.jar:"/>
    <property name="java.vm.vendor" value="Oracle Corporation"/>
    <property name="sun.arch.data.model" value="64"/>
    <property name="java.vendor.url" value="https://java.oracle.com/"/>
    <property name="user.timezone" value="Europe/Berlin"/>
    <property name="os.name" value="Linux"/>
    <property name="java.vm.specification.version" value="21"/>
    <property name="sun.java.launcher" value="SUN_STANDARD"/>
    <property name="sun.boot.library.path" value="/workspace/scratch/877d9513c002/toolchains/jdk-21.0.2/lib"/>
    <property name="sun.java.command" value="/workspace/scratch/87c30a06d3c7/m3jdk-spectrum/repo/m3/tooling/migration-recipes/tasks/atom-spectrum-20261005/target/surefire/surefirebooter-20261005100136760_3.jar /workspace/scratch/87c30a06d3c7/m3jdk-spectrum/repo/m3/tooling/migration-recipes/tasks/atom-spectrum-20261005/target/surefire 2026-10-05T10-01-36_694-jvmRun1 surefire-20261005100136760_1tmp surefire_0-20261005100136760_2tmp"/>
    <property name="jdk.debug" value="release"/>
    <property name="surefire.test.class.path" value="/workspace/scratch/87c30a06d3c7/m3jdk-spectrum/repo/m3/tooling/migration-recipes/tasks/atom-spectrum-20261005/target/test-classes:/workspace/scratch/87c30a06d3c7/m3jdk-spectrum/repo/m3/tooling/migration-recipes/tasks/atom-spectrum-20261005/target/classes:/workspace/scratch/87c30a06d3c7/m3jdk-spectrum/m2/org/openrewrite/rewrite-java/8.17.1/rewrite-java-8.17.1.jar:/workspace/scratch/87c30a06d3c7/m3jdk-spectrum/m2/org/openrewrite/rewrite-core/8.17.1/rewrite-core-8.17.1.jar:/workspace/scratch/87c30a06d3c7/m3jdk-spectrum/m2/com/fasterxml/jackson/core/jackson-databind/2.16.1/jackson-databind-2.16.1.jar:/workspace/scratch/87c30a06d3c7/m3jdk-spectrum/m2/com/fasterxml/jackson/dataformat/jackson-dataformat-smile/2.16.1/jackson-dataformat-smile-2.16.1.jar:/workspace/scratch/87c30a06d3c7/m3jdk-spectrum/m2/com/fasterxml/jackson/module/jackson-module-parameter-names/2.16.1/jackson-module-parameter-names-2.16.1.jar:/workspace/scratch/87c30a06d3c7/m3jdk-spectrum/m2/com/fasterxml/jackson/datatype/jackson-datatype-jsr310/2.16.1/jackson-datatype-jsr310-2.16.1.jar:/workspace/scratch/87c30a06d3c7/m3jdk-spectrum/m2/org/openrewrite/tools/java-object-diff/1.0.1/java-object-diff-1.0.1.jar:/workspace/scratch/87c30a06d3c7/m3jdk-spectrum/m2/io/quarkus/gizmo/gizmo/1.0.11.Final/gizmo-1.0.11.Final.jar:/workspace/scratch/87c30a06d3c7/m3jdk-spectrum/m2/org/jboss/jandex/2.4.2.Final/jandex-2.4.2.Final.jar:/workspace/scratch/87c30a06d3c7/m3jdk-spectrum/m2/net/java/dev/jna/jna-platform/5.14.0/jna-platform-5.14.0.jar:/workspace/scratch/87c30a06d3c7/m3jdk-spectrum/m2/net/java/dev/jna/jna/5.14.0/jna-5.14.0.jar:/workspace/scratch/87c30a06d3c7/m3jdk-spectrum/m2/org/apache/commons/commons-compress/1.26.0/commons-compress-1.26.0.jar:/workspace/scratch/87c30a06d3c7/m3jdk-spectrum/m2/commons-io/commons-io/2.15.1/commons-io-2.15.1.jar:/workspace/scratch/87c30a06d3c7/m3jdk-spectrum/m2/org/yaml/snakeyaml/2.2/snakeyaml-2.2.jar:/workspace/scratch/87c30a06d3c7/m3jdk-spectrum/m2/org/openrewrite/rewrite-yaml/8.17.1/rewrite-yaml-8.17.1.jar:/workspace/scratch/87c30a06d3c7/m3jdk-spectrum/m2/org/openrewrite/rewrite-xml/8.17.1/rewrite-xml-8.17.1.jar:/workspace/scratch/87c30a06d3c7/m3jdk-spectrum/m2/io/micrometer/micrometer-core/1.9.17/micrometer-core-1.9.17.jar:/workspace/scratch/87c30a06d3c7/m3jdk-spectrum/m2/org/hdrhistogram/HdrHistogram/2.1.12/HdrHistogram-2.1.12.jar:/workspace/scratch/87c30a06d3c7/m3jdk-spectrum/m2/org/latencyutils/LatencyUtils/2.0.3/LatencyUtils-2.0.3.jar:/workspace/scratch/87c30a06d3c7/m3jdk-spectrum/m2/org/jetbrains/annotations/24.1.0/annotations-24.1.0.jar:/workspace/scratch/87c30a06d3c7/m3jdk-spectrum/m2/com/fasterxml/jackson/core/jackson-annotations/2.16.1/jackson-annotations-2.16.1.jar:/workspace/scratch/87c30a06d3c7/m3jdk-spectrum/m2/org/antlr/antlr4-runtime/4.11.1/antlr4-runtime-4.11.1.jar:/workspace/scratch/87c30a06d3c7/m3jdk-spectrum/m2/org/apache/commons/commons-lang3/3.14.0/commons-lang3-3.14.0.jar:/workspace/scratch/87c30a06d3c7/m3jdk-spectrum/m2/org/apache/commons/commons-text/1.11.0/commons-text-1.11.0.jar:/workspace/scratch/87c30a06d3c7/m3jdk-spectrum/m2/io/github/classgraph/classgraph/4.8.165/classgraph-4.8.165.jar:/workspace/scratch/87c30a06d3c7/m3jdk-spectrum/m2/org/xerial/snappy/snappy-java/1.1.10.5/snappy-java-1.1.10.5.jar:/workspace/scratch/87c30a06d3c7/m3jdk-spectrum/m2/io/github/fastfilter/fastfilter/1.0.2/fastfilter-1.0.2.jar:/workspace/scratch/87c30a06d3c7/m3jdk-spectrum/m2/org/ow2/asm/asm/9.6/asm-9.6.jar:/workspace/scratch/87c30a06d3c7/m3jdk-spectrum/m2/org/ow2/asm/asm-util/9.6/asm-util-9.6.jar:/workspace/scratch/87c30a06d3c7/m3jdk-spectrum/m2/org/ow2/asm/asm-tree/9.6/asm-tree-9.6.jar:/workspace/scratch/87c30a06d3c7/m3jdk-spectrum/m2/org/ow2/asm/asm-analysis/9.6/asm-analysis-9.6.jar:/workspace/scratch/87c30a06d3c7/m3jdk-spectrum/m2/org/openrewrite/rewrite-java-21/8.17.1/rewrite-java-21-8.17.1.jar:/workspace/scratch/87c30a06d3c7/m3jdk-spectrum/m2/org/openrewrite/rewrite-test/8.17.1/rewrite-test-8.17.1.jar:/workspace/scratch/87c30a06d3c7/m3jdk-spectrum/m2/org/junit/jupiter/junit-jupiter-api/5.10.2/junit-jupiter-api-5.10.2.jar:/workspace/scratch/87c30a06d3c7/m3jdk-spectrum/m2/org/opentest4j/opentest4j/1.3.0/opentest4j-1.3.0.jar:/workspace/scratch/87c30a06d3c7/m3jdk-spectrum/m2/org/junit/platform/junit-platform-commons/1.10.2/junit-platform-commons-1.10.2.jar:/workspace/scratch/87c30a06d3c7/m3jdk-spectrum/m2/org/apiguardian/apiguardian-api/1.1.2/apiguardian-api-1.1.2.jar:/workspace/scratch/87c30a06d3c7/m3jdk-spectrum/m2/org/junit/jupiter/junit-jupiter-params/5.10.2/junit-jupiter-params-5.10.2.jar:/workspace/scratch/87c30a06d3c7/m3jdk-spectrum/m2/org/assertj/assertj-core/3.25.3/assertj-core-3.25.3.jar:/workspace/scratch/87c30a06d3c7/m3jdk-spectrum/m2/net/bytebuddy/byte-buddy/1.14.11/byte-buddy-1.14.11.jar:/workspace/scratch/87c30a06d3c7/m3jdk-spectrum/m2/com/fasterxml/jackson/dataformat/jackson-dataformat-csv/2.16.1/jackson-dataformat-csv-2.16.1.jar:/workspace/scratch/87c30a06d3c7/m3jdk-spectrum/m2/com/fasterxml/jackson/core/jackson-core/2.16.1/jackson-core-2.16.1.jar:/workspace/scratch/87c30a06d3c7/m3jdk-spectrum/m2/org/slf4j/slf4j-api/1.7.36/slf4j-api-1.7.36.jar:/workspace/scratch/87c30a06d3c7/m3jdk-spectrum/m2/org/eclipse/jgit/org.eclipse.jgit/5.13.3.202401111512-r/org.eclipse.jgit-5.13.3.202401111512-r.jar:/workspace/scratch/87c30a06d3c7/m3jdk-spectrum/m2/com/googlecode/javaewah/JavaEWAH/1.1.13/JavaEWAH-1.1.13.jar:/workspace/scratch/87c30a06d3c7/m3jdk-spectrum/m2/org/junit/jupiter/junit-jupiter/5.10.2/junit-jupiter-5.10.2.jar:/workspace/scratch/87c30a06d3c7/m3jdk-spectrum/m2/org/junit/jupiter/junit-jupiter-engine/5.10.2/junit-jupiter-engine-5.10.2.jar:/workspace/scratch/87c30a06d3c7/m3jdk-spectrum/m2/org/junit/platform/junit-platform-engine/1.10.2/junit-platform-engine-1.10.2.jar:"/>
    <property name="sun.cpu.endian" value="little"/>
    <property name="user.home" value="/root"/>
    <property name="user.language" value="en"/>
    <property name="java.specification.vendor" value="Oracle Corporation"/>
    <property name="java.version.date" value="2024-01-16"/>
    <property name="java.home" value="/workspace/scratch/877d9513c002/toolchains/jdk-21.0.2"/>
    <property name="file.separator" value="/"/>
    <property name="basedir" value="/workspace/scratch/87c30a06d3c7/m3jdk-spectrum/repo/m3/tooling/migration-recipes/tasks/atom-spectrum-20261005"/>
    <property name="java.vm.compressedOopsMode" value="32-bit"/>
    <property name="line.separator" value="&#10;"/>
    <property name="java.vm.specification.vendor" value="Oracle Corporation"/>
    <property name="java.specification.name" value="Java Platform API Specification"/>
    <property name="m3.spectrum.corpusRoot" value="/workspace/scratch/87c30a06d3c7/m3jdk-spectrum/corpus"/>
    <property name="surefire.real.class.path" value="/workspace/scratch/87c30a06d3c7/m3jdk-spectrum/repo/m3/tooling/migration-recipes/tasks/atom-spectrum-20261005/target/surefire/surefirebooter-20261005100136760_3.jar"/>
    <property name="sun.management.compiler" value="HotSpot 64-Bit Tiered Compilers"/>
    <property name="java.runtime.version" value="21.0.2+13-58"/>
    <property name="user.name" value="root"/>
    <property name="stdout.encoding" value="UTF-8"/>
    <property name="path.separator" value=":"/>
    <property name="os.version" value="6.18.44"/>
    <property name="java.runtime.name" value="OpenJDK Runtime Environment"/>
    <property name="file.encoding" value="UTF-8"/>
    <property name="java.vm.name" value="OpenJDK 64-Bit Server VM"/>
    <property name="localRepository" value="/workspace/scratch/87c30a06d3c7/m3jdk-spectrum/m2"/>
    <property name="java.vendor.url.bug" value="https://bugreport.java.com/bugreport/"/>
    <property name="java.io.tmpdir" value="/tmp"/>
    <property name="java.version" value="21.0.2"/>
    <property name="user.dir" value="/workspace/scratch/87c30a06d3c7/m3jdk-spectrum/repo/m3/tooling/migration-recipes/tasks/atom-spectrum-20261005"/>
    <property name="os.arch" value="amd64"/>
    <property name="java.vm.specification.name" value="Java Virtual Machine Specification"/>
    <property name="native.encoding" value="UTF-8"/>
    <property name="java.library.path" value="/usr/java/packages/lib:/usr/lib64:/lib64:/lib:/usr/lib"/>
    <property name="stderr.encoding" value="UTF-8"/>
    <property name="java.vm.info" value="mixed mode, sharing"/>
    <property name="java.vendor" value="Oracle Corporation"/>
    <property name="java.vm.version" value="21.0.2+13-58"/>
    <property name="sun.io.unicode.encoding" value="UnicodeLittle"/>
    <property name="maven.repo.local" value="/workspace/scratch/87c30a06d3c7/m3jdk-spectrum/m2"/>
    <property name="java.class.version" value="65.0"/>
  </properties>
  <testcase name="standaloneOpaqueSourceRemainsByteIdentical" classname="com.m3.rewrite.atom.M3IntSpectrumTest" time="0.251"/>
  <testcase name="atomizationRetainsInlineSemanticMemory" classname="com.m3.rewrite.atom.M3IntSpectrumTest" time="1.557"/>
  <testcase name="allSixOrdersPreserveEveryIntermediateAndReachOneNormalForm" classname="com.m3.rewrite.atom.M3IntSpectrumTest" time="16.057"/>
  <testcase name="compilerAndFrozenOracleKillCuratedBadCandidates" classname="com.m3.rewrite.atom.M3IntSpectrumTest" time="0.144"/>
</testsuite>
END_RAW_FILE current-3/surefire-reports/TEST-com.m3.rewrite.atom.M3IntSpectrumTest.xml

BEGIN_RAW_FILE current-3/surefire-reports/TEST-com.m3.rewrite.atom.M3InventoryPureIntAtomCandidatesTest.xml sha256=1efdfa497873e89010af510a69cb8de173121dd6010d38eeeaad7581a78d563b
<?xml version="1.0" encoding="UTF-8"?>
<testsuite xmlns:xsi="http://www.w3.org/2001/XMLSchema-instance" xsi:noNamespaceSchemaLocation="https://maven.apache.org/surefire/maven-surefire-plugin/xsd/surefire-test-report-3.0.xsd" version="3.0" name="com.m3.rewrite.atom.M3InventoryPureIntAtomCandidatesTest" time="0.61" tests="3" errors="0" skipped="0" failures="0">
  <properties>
    <property name="java.specification.version" value="21"/>
    <property name="sun.jnu.encoding" value="UTF-8"/>
    <property name="java.class.path" value="/workspace/scratch/87c30a06d3c7/m3jdk-spectrum/repo/m3/tooling/migration-recipes/tasks/atom-spectrum-20261005/target/test-classes:/workspace/scratch/87c30a06d3c7/m3jdk-spectrum/repo/m3/tooling/migration-recipes/tasks/atom-spectrum-20261005/target/classes:/workspace/scratch/87c30a06d3c7/m3jdk-spectrum/m2/org/openrewrite/rewrite-java/8.17.1/rewrite-java-8.17.1.jar:/workspace/scratch/87c30a06d3c7/m3jdk-spectrum/m2/org/openrewrite/rewrite-core/8.17.1/rewrite-core-8.17.1.jar:/workspace/scratch/87c30a06d3c7/m3jdk-spectrum/m2/com/fasterxml/jackson/core/jackson-databind/2.16.1/jackson-databind-2.16.1.jar:/workspace/scratch/87c30a06d3c7/m3jdk-spectrum/m2/com/fasterxml/jackson/dataformat/jackson-dataformat-smile/2.16.1/jackson-dataformat-smile-2.16.1.jar:/workspace/scratch/87c30a06d3c7/m3jdk-spectrum/m2/com/fasterxml/jackson/module/jackson-module-parameter-names/2.16.1/jackson-module-parameter-names-2.16.1.jar:/workspace/scratch/87c30a06d3c7/m3jdk-spectrum/m2/com/fasterxml/jackson/datatype/jackson-datatype-jsr310/2.16.1/jackson-datatype-jsr310-2.16.1.jar:/workspace/scratch/87c30a06d3c7/m3jdk-spectrum/m2/org/openrewrite/tools/java-object-diff/1.0.1/java-object-diff-1.0.1.jar:/workspace/scratch/87c30a06d3c7/m3jdk-spectrum/m2/io/quarkus/gizmo/gizmo/1.0.11.Final/gizmo-1.0.11.Final.jar:/workspace/scratch/87c30a06d3c7/m3jdk-spectrum/m2/org/jboss/jandex/2.4.2.Final/jandex-2.4.2.Final.jar:/workspace/scratch/87c30a06d3c7/m3jdk-spectrum/m2/net/java/dev/jna/jna-platform/5.14.0/jna-platform-5.14.0.jar:/workspace/scratch/87c30a06d3c7/m3jdk-spectrum/m2/net/java/dev/jna/jna/5.14.0/jna-5.14.0.jar:/workspace/scratch/87c30a06d3c7/m3jdk-spectrum/m2/org/apache/commons/commons-compress/1.26.0/commons-compress-1.26.0.jar:/workspace/scratch/87c30a06d3c7/m3jdk-spectrum/m2/commons-io/commons-io/2.15.1/commons-io-2.15.1.jar:/workspace/scratch/87c30a06d3c7/m3jdk-spectrum/m2/org/yaml/snakeyaml/2.2/snakeyaml-2.2.jar:/workspace/scratch/87c30a06d3c7/m3jdk-spectrum/m2/org/openrewrite/rewrite-yaml/8.17.1/rewrite-yaml-8.17.1.jar:/workspace/scratch/87c30a06d3c7/m3jdk-spectrum/m2/org/openrewrite/rewrite-xml/8.17.1/rewrite-xml-8.17.1.jar:/workspace/scratch/87c30a06d3c7/m3jdk-spectrum/m2/io/micrometer/micrometer-core/1.9.17/micrometer-core-1.9.17.jar:/workspace/scratch/87c30a06d3c7/m3jdk-spectrum/m2/org/hdrhistogram/HdrHistogram/2.1.12/HdrHistogram-2.1.12.jar:/workspace/scratch/87c30a06d3c7/m3jdk-spectrum/m2/org/latencyutils/LatencyUtils/2.0.3/LatencyUtils-2.0.3.jar:/workspace/scratch/87c30a06d3c7/m3jdk-spectrum/m2/org/jetbrains/annotations/24.1.0/annotations-24.1.0.jar:/workspace/scratch/87c30a06d3c7/m3jdk-spectrum/m2/com/fasterxml/jackson/core/jackson-annotations/2.16.1/jackson-annotations-2.16.1.jar:/workspace/scratch/87c30a06d3c7/m3jdk-spectrum/m2/org/antlr/antlr4-runtime/4.11.1/antlr4-runtime-4.11.1.jar:/workspace/scratch/87c30a06d3c7/m3jdk-spectrum/m2/org/apache/commons/commons-lang3/3.14.0/commons-lang3-3.14.0.jar:/workspace/scratch/87c30a06d3c7/m3jdk-spectrum/m2/org/apache/commons/commons-text/1.11.0/commons-text-1.11.0.jar:/workspace/scratch/87c30a06d3c7/m3jdk-spectrum/m2/io/github/classgraph/classgraph/4.8.165/classgraph-4.8.165.jar:/workspace/scratch/87c30a06d3c7/m3jdk-spectrum/m2/org/xerial/snappy/snappy-java/1.1.10.5/snappy-java-1.1.10.5.jar:/workspace/scratch/87c30a06d3c7/m3jdk-spectrum/m2/io/github/fastfilter/fastfilter/1.0.2/fastfilter-1.0.2.jar:/workspace/scratch/87c30a06d3c7/m3jdk-spectrum/m2/org/ow2/asm/asm/9.6/asm-9.6.jar:/workspace/scratch/87c30a06d3c7/m3jdk-spectrum/m2/org/ow2/asm/asm-util/9.6/asm-util-9.6.jar:/workspace/scratch/87c30a06d3c7/m3jdk-spectrum/m2/org/ow2/asm/asm-tree/9.6/asm-tree-9.6.jar:/workspace/scratch/87c30a06d3c7/m3jdk-spectrum/m2/org/ow2/asm/asm-analysis/9.6/asm-analysis-9.6.jar:/workspace/scratch/87c30a06d3c7/m3jdk-spectrum/m2/org/openrewrite/rewrite-java-21/8.17.1/rewrite-java-21-8.17.1.jar:/workspace/scratch/87c30a06d3c7/m3jdk-spectrum/m2/org/openrewrite/rewrite-test/8.17.1/rewrite-test-8.17.1.jar:/workspace/scratch/87c30a06d3c7/m3jdk-spectrum/m2/org/junit/jupiter/junit-jupiter-api/5.10.2/junit-jupiter-api-5.10.2.jar:/workspace/scratch/87c30a06d3c7/m3jdk-spectrum/m2/org/opentest4j/opentest4j/1.3.0/opentest4j-1.3.0.jar:/workspace/scratch/87c30a06d3c7/m3jdk-spectrum/m2/org/junit/platform/junit-platform-commons/1.10.2/junit-platform-commons-1.10.2.jar:/workspace/scratch/87c30a06d3c7/m3jdk-spectrum/m2/org/apiguardian/apiguardian-api/1.1.2/apiguardian-api-1.1.2.jar:/workspace/scratch/87c30a06d3c7/m3jdk-spectrum/m2/org/junit/jupiter/junit-jupiter-params/5.10.2/junit-jupiter-params-5.10.2.jar:/workspace/scratch/87c30a06d3c7/m3jdk-spectrum/m2/org/assertj/assertj-core/3.25.3/assertj-core-3.25.3.jar:/workspace/scratch/87c30a06d3c7/m3jdk-spectrum/m2/net/bytebuddy/byte-buddy/1.14.11/byte-buddy-1.14.11.jar:/workspace/scratch/87c30a06d3c7/m3jdk-spectrum/m2/com/fasterxml/jackson/dataformat/jackson-dataformat-csv/2.16.1/jackson-dataformat-csv-2.16.1.jar:/workspace/scratch/87c30a06d3c7/m3jdk-spectrum/m2/com/fasterxml/jackson/core/jackson-core/2.16.1/jackson-core-2.16.1.jar:/workspace/scratch/87c30a06d3c7/m3jdk-spectrum/m2/org/slf4j/slf4j-api/1.7.36/slf4j-api-1.7.36.jar:/workspace/scratch/87c30a06d3c7/m3jdk-spectrum/m2/org/eclipse/jgit/org.eclipse.jgit/5.13.3.202401111512-r/org.eclipse.jgit-5.13.3.202401111512-r.jar:/workspace/scratch/87c30a06d3c7/m3jdk-spectrum/m2/com/googlecode/javaewah/JavaEWAH/1.1.13/JavaEWAH-1.1.13.jar:/workspace/scratch/87c30a06d3c7/m3jdk-spectrum/m2/org/junit/jupiter/junit-jupiter/5.10.2/junit-jupiter-5.10.2.jar:/workspace/scratch/87c30a06d3c7/m3jdk-spectrum/m2/org/junit/jupiter/junit-jupiter-engine/5.10.2/junit-jupiter-engine-5.10.2.jar:/workspace/scratch/87c30a06d3c7/m3jdk-spectrum/m2/org/junit/platform/junit-platform-engine/1.10.2/junit-platform-engine-1.10.2.jar:"/>
    <property name="java.vm.vendor" value="Oracle Corporation"/>
    <property name="sun.arch.data.model" value="64"/>
    <property name="java.vendor.url" value="https://java.oracle.com/"/>
    <property name="user.timezone" value="Europe/Berlin"/>
    <property name="os.name" value="Linux"/>
    <property name="java.vm.specification.version" value="21"/>
    <property name="sun.java.launcher" value="SUN_STANDARD"/>
    <property name="sun.boot.library.path" value="/workspace/scratch/877d9513c002/toolchains/jdk-21.0.2/lib"/>
    <property name="sun.java.command" value="/workspace/scratch/87c30a06d3c7/m3jdk-spectrum/repo/m3/tooling/migration-recipes/tasks/atom-spectrum-20261005/target/surefire/surefirebooter-20261005100136760_3.jar /workspace/scratch/87c30a06d3c7/m3jdk-spectrum/repo/m3/tooling/migration-recipes/tasks/atom-spectrum-20261005/target/surefire 2026-10-05T10-01-36_694-jvmRun1 surefire-20261005100136760_1tmp surefire_0-20261005100136760_2tmp"/>
    <property name="jdk.debug" value="release"/>
    <property name="surefire.test.class.path" value="/workspace/scratch/87c30a06d3c7/m3jdk-spectrum/repo/m3/tooling/migration-recipes/tasks/atom-spectrum-20261005/target/test-classes:/workspace/scratch/87c30a06d3c7/m3jdk-spectrum/repo/m3/tooling/migration-recipes/tasks/atom-spectrum-20261005/target/classes:/workspace/scratch/87c30a06d3c7/m3jdk-spectrum/m2/org/openrewrite/rewrite-java/8.17.1/rewrite-java-8.17.1.jar:/workspace/scratch/87c30a06d3c7/m3jdk-spectrum/m2/org/openrewrite/rewrite-core/8.17.1/rewrite-core-8.17.1.jar:/workspace/scratch/87c30a06d3c7/m3jdk-spectrum/m2/com/fasterxml/jackson/core/jackson-databind/2.16.1/jackson-databind-2.16.1.jar:/workspace/scratch/87c30a06d3c7/m3jdk-spectrum/m2/com/fasterxml/jackson/dataformat/jackson-dataformat-smile/2.16.1/jackson-dataformat-smile-2.16.1.jar:/workspace/scratch/87c30a06d3c7/m3jdk-spectrum/m2/com/fasterxml/jackson/module/jackson-module-parameter-names/2.16.1/jackson-module-parameter-names-2.16.1.jar:/workspace/scratch/87c30a06d3c7/m3jdk-spectrum/m2/com/fasterxml/jackson/datatype/jackson-datatype-jsr310/2.16.1/jackson-datatype-jsr310-2.16.1.jar:/workspace/scratch/87c30a06d3c7/m3jdk-spectrum/m2/org/openrewrite/tools/java-object-diff/1.0.1/java-object-diff-1.0.1.jar:/workspace/scratch/87c30a06d3c7/m3jdk-spectrum/m2/io/quarkus/gizmo/gizmo/1.0.11.Final/gizmo-1.0.11.Final.jar:/workspace/scratch/87c30a06d3c7/m3jdk-spectrum/m2/org/jboss/jandex/2.4.2.Final/jandex-2.4.2.Final.jar:/workspace/scratch/87c30a06d3c7/m3jdk-spectrum/m2/net/java/dev/jna/jna-platform/5.14.0/jna-platform-5.14.0.jar:/workspace/scratch/87c30a06d3c7/m3jdk-spectrum/m2/net/java/dev/jna/jna/5.14.0/jna-5.14.0.jar:/workspace/scratch/87c30a06d3c7/m3jdk-spectrum/m2/org/apache/commons/commons-compress/1.26.0/commons-compress-1.26.0.jar:/workspace/scratch/87c30a06d3c7/m3jdk-spectrum/m2/commons-io/commons-io/2.15.1/commons-io-2.15.1.jar:/workspace/scratch/87c30a06d3c7/m3jdk-spectrum/m2/org/yaml/snakeyaml/2.2/snakeyaml-2.2.jar:/workspace/scratch/87c30a06d3c7/m3jdk-spectrum/m2/org/openrewrite/rewrite-yaml/8.17.1/rewrite-yaml-8.17.1.jar:/workspace/scratch/87c30a06d3c7/m3jdk-spectrum/m2/org/openrewrite/rewrite-xml/8.17.1/rewrite-xml-8.17.1.jar:/workspace/scratch/87c30a06d3c7/m3jdk-spectrum/m2/io/micrometer/micrometer-core/1.9.17/micrometer-core-1.9.17.jar:/workspace/scratch/87c30a06d3c7/m3jdk-spectrum/m2/org/hdrhistogram/HdrHistogram/2.1.12/HdrHistogram-2.1.12.jar:/workspace/scratch/87c30a06d3c7/m3jdk-spectrum/m2/org/latencyutils/LatencyUtils/2.0.3/LatencyUtils-2.0.3.jar:/workspace/scratch/87c30a06d3c7/m3jdk-spectrum/m2/org/jetbrains/annotations/24.1.0/annotations-24.1.0.jar:/workspace/scratch/87c30a06d3c7/m3jdk-spectrum/m2/com/fasterxml/jackson/core/jackson-annotations/2.16.1/jackson-annotations-2.16.1.jar:/workspace/scratch/87c30a06d3c7/m3jdk-spectrum/m2/org/antlr/antlr4-runtime/4.11.1/antlr4-runtime-4.11.1.jar:/workspace/scratch/87c30a06d3c7/m3jdk-spectrum/m2/org/apache/commons/commons-lang3/3.14.0/commons-lang3-3.14.0.jar:/workspace/scratch/87c30a06d3c7/m3jdk-spectrum/m2/org/apache/commons/commons-text/1.11.0/commons-text-1.11.0.jar:/workspace/scratch/87c30a06d3c7/m3jdk-spectrum/m2/io/github/classgraph/classgraph/4.8.165/classgraph-4.8.165.jar:/workspace/scratch/87c30a06d3c7/m3jdk-spectrum/m2/org/xerial/snappy/snappy-java/1.1.10.5/snappy-java-1.1.10.5.jar:/workspace/scratch/87c30a06d3c7/m3jdk-spectrum/m2/io/github/fastfilter/fastfilter/1.0.2/fastfilter-1.0.2.jar:/workspace/scratch/87c30a06d3c7/m3jdk-spectrum/m2/org/ow2/asm/asm/9.6/asm-9.6.jar:/workspace/scratch/87c30a06d3c7/m3jdk-spectrum/m2/org/ow2/asm/asm-util/9.6/asm-util-9.6.jar:/workspace/scratch/87c30a06d3c7/m3jdk-spectrum/m2/org/ow2/asm/asm-tree/9.6/asm-tree-9.6.jar:/workspace/scratch/87c30a06d3c7/m3jdk-spectrum/m2/org/ow2/asm/asm-analysis/9.6/asm-analysis-9.6.jar:/workspace/scratch/87c30a06d3c7/m3jdk-spectrum/m2/org/openrewrite/rewrite-java-21/8.17.1/rewrite-java-21-8.17.1.jar:/workspace/scratch/87c30a06d3c7/m3jdk-spectrum/m2/org/openrewrite/rewrite-test/8.17.1/rewrite-test-8.17.1.jar:/workspace/scratch/87c30a06d3c7/m3jdk-spectrum/m2/org/junit/jupiter/junit-jupiter-api/5.10.2/junit-jupiter-api-5.10.2.jar:/workspace/scratch/87c30a06d3c7/m3jdk-spectrum/m2/org/opentest4j/opentest4j/1.3.0/opentest4j-1.3.0.jar:/workspace/scratch/87c30a06d3c7/m3jdk-spectrum/m2/org/junit/platform/junit-platform-commons/1.10.2/junit-platform-commons-1.10.2.jar:/workspace/scratch/87c30a06d3c7/m3jdk-spectrum/m2/org/apiguardian/apiguardian-api/1.1.2/apiguardian-api-1.1.2.jar:/workspace/scratch/87c30a06d3c7/m3jdk-spectrum/m2/org/junit/jupiter/junit-jupiter-params/5.10.2/junit-jupiter-params-5.10.2.jar:/workspace/scratch/87c30a06d3c7/m3jdk-spectrum/m2/org/assertj/assertj-core/3.25.3/assertj-core-3.25.3.jar:/workspace/scratch/87c30a06d3c7/m3jdk-spectrum/m2/net/bytebuddy/byte-buddy/1.14.11/byte-buddy-1.14.11.jar:/workspace/scratch/87c30a06d3c7/m3jdk-spectrum/m2/com/fasterxml/jackson/dataformat/jackson-dataformat-csv/2.16.1/jackson-dataformat-csv-2.16.1.jar:/workspace/scratch/87c30a06d3c7/m3jdk-spectrum/m2/com/fasterxml/jackson/core/jackson-core/2.16.1/jackson-core-2.16.1.jar:/workspace/scratch/87c30a06d3c7/m3jdk-spectrum/m2/org/slf4j/slf4j-api/1.7.36/slf4j-api-1.7.36.jar:/workspace/scratch/87c30a06d3c7/m3jdk-spectrum/m2/org/eclipse/jgit/org.eclipse.jgit/5.13.3.202401111512-r/org.eclipse.jgit-5.13.3.202401111512-r.jar:/workspace/scratch/87c30a06d3c7/m3jdk-spectrum/m2/com/googlecode/javaewah/JavaEWAH/1.1.13/JavaEWAH-1.1.13.jar:/workspace/scratch/87c30a06d3c7/m3jdk-spectrum/m2/org/junit/jupiter/junit-jupiter/5.10.2/junit-jupiter-5.10.2.jar:/workspace/scratch/87c30a06d3c7/m3jdk-spectrum/m2/org/junit/jupiter/junit-jupiter-engine/5.10.2/junit-jupiter-engine-5.10.2.jar:/workspace/scratch/87c30a06d3c7/m3jdk-spectrum/m2/org/junit/platform/junit-platform-engine/1.10.2/junit-platform-engine-1.10.2.jar:"/>
    <property name="sun.cpu.endian" value="little"/>
    <property name="user.home" value="/root"/>
    <property name="user.language" value="en"/>
    <property name="java.specification.vendor" value="Oracle Corporation"/>
    <property name="java.version.date" value="2024-01-16"/>
    <property name="java.home" value="/workspace/scratch/877d9513c002/toolchains/jdk-21.0.2"/>
    <property name="file.separator" value="/"/>
    <property name="basedir" value="/workspace/scratch/87c30a06d3c7/m3jdk-spectrum/repo/m3/tooling/migration-recipes/tasks/atom-spectrum-20261005"/>
    <property name="java.vm.compressedOopsMode" value="32-bit"/>
    <property name="line.separator" value="&#10;"/>
    <property name="java.vm.specification.vendor" value="Oracle Corporation"/>
    <property name="java.specification.name" value="Java Platform API Specification"/>
    <property name="m3.spectrum.corpusRoot" value="/workspace/scratch/87c30a06d3c7/m3jdk-spectrum/corpus"/>
    <property name="surefire.real.class.path" value="/workspace/scratch/87c30a06d3c7/m3jdk-spectrum/repo/m3/tooling/migration-recipes/tasks/atom-spectrum-20261005/target/surefire/surefirebooter-20261005100136760_3.jar"/>
    <property name="sun.management.compiler" value="HotSpot 64-Bit Tiered Compilers"/>
    <property name="java.runtime.version" value="21.0.2+13-58"/>
    <property name="user.name" value="root"/>
    <property name="stdout.encoding" value="UTF-8"/>
    <property name="path.separator" value=":"/>
    <property name="os.version" value="6.18.44"/>
    <property name="java.runtime.name" value="OpenJDK Runtime Environment"/>
    <property name="file.encoding" value="UTF-8"/>
    <property name="java.vm.name" value="OpenJDK 64-Bit Server VM"/>
    <property name="localRepository" value="/workspace/scratch/87c30a06d3c7/m3jdk-spectrum/m2"/>
    <property name="java.vendor.url.bug" value="https://bugreport.java.com/bugreport/"/>
    <property name="java.io.tmpdir" value="/tmp"/>
    <property name="java.version" value="21.0.2"/>
    <property name="user.dir" value="/workspace/scratch/87c30a06d3c7/m3jdk-spectrum/repo/m3/tooling/migration-recipes/tasks/atom-spectrum-20261005"/>
    <property name="os.arch" value="amd64"/>
    <property name="java.vm.specification.name" value="Java Virtual Machine Specification"/>
    <property name="native.encoding" value="UTF-8"/>
    <property name="java.library.path" value="/usr/java/packages/lib:/usr/lib64:/lib64:/lib:/usr/lib"/>
    <property name="stderr.encoding" value="UTF-8"/>
    <property name="java.vm.info" value="mixed mode, sharing"/>
    <property name="java.vendor" value="Oracle Corporation"/>
    <property name="java.vm.version" value="21.0.2+13-58"/>
    <property name="sun.io.unicode.encoding" value="UnicodeLittle"/>
    <property name="maven.repo.local" value="/workspace/scratch/87c30a06d3c7/m3jdk-spectrum/m2"/>
    <property name="java.class.version" value="65.0"/>
  </properties>
  <testcase name="candidateTableCarriesAllMechanicalFields" classname="com.m3.rewrite.atom.M3InventoryPureIntAtomCandidatesTest" time="0.002"/>
  <testcase name="emitsOnlyCandidatesAcceptedByTheMutationRecipeAndDoesNotChangeSource" classname="com.m3.rewrite.atom.M3InventoryPureIntAtomCandidatesTest" time="0.604"/>
  <testcase name="metadataDeclaresNonMutatingFileLocalAtomPatternInventory" classname="com.m3.rewrite.atom.M3InventoryPureIntAtomCandidatesTest" time="0.001"/>
</testsuite>
END_RAW_FILE current-3/surefire-reports/TEST-com.m3.rewrite.atom.M3InventoryPureIntAtomCandidatesTest.xml

BEGIN_RAW_FILE current-3/surefire-reports/TEST-com.m3.rewrite.atom.M3PatternMarkerTest.xml sha256=7e22adb031f2fc7ac7ce3d8b9925a72aa8342ef037f876885ba653948b04830d
<?xml version="1.0" encoding="UTF-8"?>
<testsuite xmlns:xsi="http://www.w3.org/2001/XMLSchema-instance" xsi:noNamespaceSchemaLocation="https://maven.apache.org/surefire/maven-surefire-plugin/xsd/surefire-test-report-3.0.xsd" version="3.0" name="com.m3.rewrite.atom.M3PatternMarkerTest" time="2.184" tests="2" errors="0" skipped="0" failures="0">
  <properties>
    <property name="java.specification.version" value="21"/>
    <property name="sun.jnu.encoding" value="UTF-8"/>
    <property name="java.class.path" value="/workspace/scratch/87c30a06d3c7/m3jdk-spectrum/repo/m3/tooling/migration-recipes/tasks/atom-spectrum-20261005/target/test-classes:/workspace/scratch/87c30a06d3c7/m3jdk-spectrum/repo/m3/tooling/migration-recipes/tasks/atom-spectrum-20261005/target/classes:/workspace/scratch/87c30a06d3c7/m3jdk-spectrum/m2/org/openrewrite/rewrite-java/8.17.1/rewrite-java-8.17.1.jar:/workspace/scratch/87c30a06d3c7/m3jdk-spectrum/m2/org/openrewrite/rewrite-core/8.17.1/rewrite-core-8.17.1.jar:/workspace/scratch/87c30a06d3c7/m3jdk-spectrum/m2/com/fasterxml/jackson/core/jackson-databind/2.16.1/jackson-databind-2.16.1.jar:/workspace/scratch/87c30a06d3c7/m3jdk-spectrum/m2/com/fasterxml/jackson/dataformat/jackson-dataformat-smile/2.16.1/jackson-dataformat-smile-2.16.1.jar:/workspace/scratch/87c30a06d3c7/m3jdk-spectrum/m2/com/fasterxml/jackson/module/jackson-module-parameter-names/2.16.1/jackson-module-parameter-names-2.16.1.jar:/workspace/scratch/87c30a06d3c7/m3jdk-spectrum/m2/com/fasterxml/jackson/datatype/jackson-datatype-jsr310/2.16.1/jackson-datatype-jsr310-2.16.1.jar:/workspace/scratch/87c30a06d3c7/m3jdk-spectrum/m2/org/openrewrite/tools/java-object-diff/1.0.1/java-object-diff-1.0.1.jar:/workspace/scratch/87c30a06d3c7/m3jdk-spectrum/m2/io/quarkus/gizmo/gizmo/1.0.11.Final/gizmo-1.0.11.Final.jar:/workspace/scratch/87c30a06d3c7/m3jdk-spectrum/m2/org/jboss/jandex/2.4.2.Final/jandex-2.4.2.Final.jar:/workspace/scratch/87c30a06d3c7/m3jdk-spectrum/m2/net/java/dev/jna/jna-platform/5.14.0/jna-platform-5.14.0.jar:/workspace/scratch/87c30a06d3c7/m3jdk-spectrum/m2/net/java/dev/jna/jna/5.14.0/jna-5.14.0.jar:/workspace/scratch/87c30a06d3c7/m3jdk-spectrum/m2/org/apache/commons/commons-compress/1.26.0/commons-compress-1.26.0.jar:/workspace/scratch/87c30a06d3c7/m3jdk-spectrum/m2/commons-io/commons-io/2.15.1/commons-io-2.15.1.jar:/workspace/scratch/87c30a06d3c7/m3jdk-spectrum/m2/org/yaml/snakeyaml/2.2/snakeyaml-2.2.jar:/workspace/scratch/87c30a06d3c7/m3jdk-spectrum/m2/org/openrewrite/rewrite-yaml/8.17.1/rewrite-yaml-8.17.1.jar:/workspace/scratch/87c30a06d3c7/m3jdk-spectrum/m2/org/openrewrite/rewrite-xml/8.17.1/rewrite-xml-8.17.1.jar:/workspace/scratch/87c30a06d3c7/m3jdk-spectrum/m2/io/micrometer/micrometer-core/1.9.17/micrometer-core-1.9.17.jar:/workspace/scratch/87c30a06d3c7/m3jdk-spectrum/m2/org/hdrhistogram/HdrHistogram/2.1.12/HdrHistogram-2.1.12.jar:/workspace/scratch/87c30a06d3c7/m3jdk-spectrum/m2/org/latencyutils/LatencyUtils/2.0.3/LatencyUtils-2.0.3.jar:/workspace/scratch/87c30a06d3c7/m3jdk-spectrum/m2/org/jetbrains/annotations/24.1.0/annotations-24.1.0.jar:/workspace/scratch/87c30a06d3c7/m3jdk-spectrum/m2/com/fasterxml/jackson/core/jackson-annotations/2.16.1/jackson-annotations-2.16.1.jar:/workspace/scratch/87c30a06d3c7/m3jdk-spectrum/m2/org/antlr/antlr4-runtime/4.11.1/antlr4-runtime-4.11.1.jar:/workspace/scratch/87c30a06d3c7/m3jdk-spectrum/m2/org/apache/commons/commons-lang3/3.14.0/commons-lang3-3.14.0.jar:/workspace/scratch/87c30a06d3c7/m3jdk-spectrum/m2/org/apache/commons/commons-text/1.11.0/commons-text-1.11.0.jar:/workspace/scratch/87c30a06d3c7/m3jdk-spectrum/m2/io/github/classgraph/classgraph/4.8.165/classgraph-4.8.165.jar:/workspace/scratch/87c30a06d3c7/m3jdk-spectrum/m2/org/xerial/snappy/snappy-java/1.1.10.5/snappy-java-1.1.10.5.jar:/workspace/scratch/87c30a06d3c7/m3jdk-spectrum/m2/io/github/fastfilter/fastfilter/1.0.2/fastfilter-1.0.2.jar:/workspace/scratch/87c30a06d3c7/m3jdk-spectrum/m2/org/ow2/asm/asm/9.6/asm-9.6.jar:/workspace/scratch/87c30a06d3c7/m3jdk-spectrum/m2/org/ow2/asm/asm-util/9.6/asm-util-9.6.jar:/workspace/scratch/87c30a06d3c7/m3jdk-spectrum/m2/org/ow2/asm/asm-tree/9.6/asm-tree-9.6.jar:/workspace/scratch/87c30a06d3c7/m3jdk-spectrum/m2/org/ow2/asm/asm-analysis/9.6/asm-analysis-9.6.jar:/workspace/scratch/87c30a06d3c7/m3jdk-spectrum/m2/org/openrewrite/rewrite-java-21/8.17.1/rewrite-java-21-8.17.1.jar:/workspace/scratch/87c30a06d3c7/m3jdk-spectrum/m2/org/openrewrite/rewrite-test/8.17.1/rewrite-test-8.17.1.jar:/workspace/scratch/87c30a06d3c7/m3jdk-spectrum/m2/org/junit/jupiter/junit-jupiter-api/5.10.2/junit-jupiter-api-5.10.2.jar:/workspace/scratch/87c30a06d3c7/m3jdk-spectrum/m2/org/opentest4j/opentest4j/1.3.0/opentest4j-1.3.0.jar:/workspace/scratch/87c30a06d3c7/m3jdk-spectrum/m2/org/junit/platform/junit-platform-commons/1.10.2/junit-platform-commons-1.10.2.jar:/workspace/scratch/87c30a06d3c7/m3jdk-spectrum/m2/org/apiguardian/apiguardian-api/1.1.2/apiguardian-api-1.1.2.jar:/workspace/scratch/87c30a06d3c7/m3jdk-spectrum/m2/org/junit/jupiter/junit-jupiter-params/5.10.2/junit-jupiter-params-5.10.2.jar:/workspace/scratch/87c30a06d3c7/m3jdk-spectrum/m2/org/assertj/assertj-core/3.25.3/assertj-core-3.25.3.jar:/workspace/scratch/87c30a06d3c7/m3jdk-spectrum/m2/net/bytebuddy/byte-buddy/1.14.11/byte-buddy-1.14.11.jar:/workspace/scratch/87c30a06d3c7/m3jdk-spectrum/m2/com/fasterxml/jackson/dataformat/jackson-dataformat-csv/2.16.1/jackson-dataformat-csv-2.16.1.jar:/workspace/scratch/87c30a06d3c7/m3jdk-spectrum/m2/com/fasterxml/jackson/core/jackson-core/2.16.1/jackson-core-2.16.1.jar:/workspace/scratch/87c30a06d3c7/m3jdk-spectrum/m2/org/slf4j/slf4j-api/1.7.36/slf4j-api-1.7.36.jar:/workspace/scratch/87c30a06d3c7/m3jdk-spectrum/m2/org/eclipse/jgit/org.eclipse.jgit/5.13.3.202401111512-r/org.eclipse.jgit-5.13.3.202401111512-r.jar:/workspace/scratch/87c30a06d3c7/m3jdk-spectrum/m2/com/googlecode/javaewah/JavaEWAH/1.1.13/JavaEWAH-1.1.13.jar:/workspace/scratch/87c30a06d3c7/m3jdk-spectrum/m2/org/junit/jupiter/junit-jupiter/5.10.2/junit-jupiter-5.10.2.jar:/workspace/scratch/87c30a06d3c7/m3jdk-spectrum/m2/org/junit/jupiter/junit-jupiter-engine/5.10.2/junit-jupiter-engine-5.10.2.jar:/workspace/scratch/87c30a06d3c7/m3jdk-spectrum/m2/org/junit/platform/junit-platform-engine/1.10.2/junit-platform-engine-1.10.2.jar:"/>
    <property name="java.vm.vendor" value="Oracle Corporation"/>
    <property name="sun.arch.data.model" value="64"/>
    <property name="java.vendor.url" value="https://java.oracle.com/"/>
    <property name="user.timezone" value="Europe/Berlin"/>
    <property name="os.name" value="Linux"/>
    <property name="java.vm.specification.version" value="21"/>
    <property name="sun.java.launcher" value="SUN_STANDARD"/>
    <property name="sun.boot.library.path" value="/workspace/scratch/877d9513c002/toolchains/jdk-21.0.2/lib"/>
    <property name="sun.java.command" value="/workspace/scratch/87c30a06d3c7/m3jdk-spectrum/repo/m3/tooling/migration-recipes/tasks/atom-spectrum-20261005/target/surefire/surefirebooter-20261005100136760_3.jar /workspace/scratch/87c30a06d3c7/m3jdk-spectrum/repo/m3/tooling/migration-recipes/tasks/atom-spectrum-20261005/target/surefire 2026-10-05T10-01-36_694-jvmRun1 surefire-20261005100136760_1tmp surefire_0-20261005100136760_2tmp"/>
    <property name="jdk.debug" value="release"/>
    <property name="surefire.test.class.path" value="/workspace/scratch/87c30a06d3c7/m3jdk-spectrum/repo/m3/tooling/migration-recipes/tasks/atom-spectrum-20261005/target/test-classes:/workspace/scratch/87c30a06d3c7/m3jdk-spectrum/repo/m3/tooling/migration-recipes/tasks/atom-spectrum-20261005/target/classes:/workspace/scratch/87c30a06d3c7/m3jdk-spectrum/m2/org/openrewrite/rewrite-java/8.17.1/rewrite-java-8.17.1.jar:/workspace/scratch/87c30a06d3c7/m3jdk-spectrum/m2/org/openrewrite/rewrite-core/8.17.1/rewrite-core-8.17.1.jar:/workspace/scratch/87c30a06d3c7/m3jdk-spectrum/m2/com/fasterxml/jackson/core/jackson-databind/2.16.1/jackson-databind-2.16.1.jar:/workspace/scratch/87c30a06d3c7/m3jdk-spectrum/m2/com/fasterxml/jackson/dataformat/jackson-dataformat-smile/2.16.1/jackson-dataformat-smile-2.16.1.jar:/workspace/scratch/87c30a06d3c7/m3jdk-spectrum/m2/com/fasterxml/jackson/module/jackson-module-parameter-names/2.16.1/jackson-module-parameter-names-2.16.1.jar:/workspace/scratch/87c30a06d3c7/m3jdk-spectrum/m2/com/fasterxml/jackson/datatype/jackson-datatype-jsr310/2.16.1/jackson-datatype-jsr310-2.16.1.jar:/workspace/scratch/87c30a06d3c7/m3jdk-spectrum/m2/org/openrewrite/tools/java-object-diff/1.0.1/java-object-diff-1.0.1.jar:/workspace/scratch/87c30a06d3c7/m3jdk-spectrum/m2/io/quarkus/gizmo/gizmo/1.0.11.Final/gizmo-1.0.11.Final.jar:/workspace/scratch/87c30a06d3c7/m3jdk-spectrum/m2/org/jboss/jandex/2.4.2.Final/jandex-2.4.2.Final.jar:/workspace/scratch/87c30a06d3c7/m3jdk-spectrum/m2/net/java/dev/jna/jna-platform/5.14.0/jna-platform-5.14.0.jar:/workspace/scratch/87c30a06d3c7/m3jdk-spectrum/m2/net/java/dev/jna/jna/5.14.0/jna-5.14.0.jar:/workspace/scratch/87c30a06d3c7/m3jdk-spectrum/m2/org/apache/commons/commons-compress/1.26.0/commons-compress-1.26.0.jar:/workspace/scratch/87c30a06d3c7/m3jdk-spectrum/m2/commons-io/commons-io/2.15.1/commons-io-2.15.1.jar:/workspace/scratch/87c30a06d3c7/m3jdk-spectrum/m2/org/yaml/snakeyaml/2.2/snakeyaml-2.2.jar:/workspace/scratch/87c30a06d3c7/m3jdk-spectrum/m2/org/openrewrite/rewrite-yaml/8.17.1/rewrite-yaml-8.17.1.jar:/workspace/scratch/87c30a06d3c7/m3jdk-spectrum/m2/org/openrewrite/rewrite-xml/8.17.1/rewrite-xml-8.17.1.jar:/workspace/scratch/87c30a06d3c7/m3jdk-spectrum/m2/io/micrometer/micrometer-core/1.9.17/micrometer-core-1.9.17.jar:/workspace/scratch/87c30a06d3c7/m3jdk-spectrum/m2/org/hdrhistogram/HdrHistogram/2.1.12/HdrHistogram-2.1.12.jar:/workspace/scratch/87c30a06d3c7/m3jdk-spectrum/m2/org/latencyutils/LatencyUtils/2.0.3/LatencyUtils-2.0.3.jar:/workspace/scratch/87c30a06d3c7/m3jdk-spectrum/m2/org/jetbrains/annotations/24.1.0/annotations-24.1.0.jar:/workspace/scratch/87c30a06d3c7/m3jdk-spectrum/m2/com/fasterxml/jackson/core/jackson-annotations/2.16.1/jackson-annotations-2.16.1.jar:/workspace/scratch/87c30a06d3c7/m3jdk-spectrum/m2/org/antlr/antlr4-runtime/4.11.1/antlr4-runtime-4.11.1.jar:/workspace/scratch/87c30a06d3c7/m3jdk-spectrum/m2/org/apache/commons/commons-lang3/3.14.0/commons-lang3-3.14.0.jar:/workspace/scratch/87c30a06d3c7/m3jdk-spectrum/m2/org/apache/commons/commons-text/1.11.0/commons-text-1.11.0.jar:/workspace/scratch/87c30a06d3c7/m3jdk-spectrum/m2/io/github/classgraph/classgraph/4.8.165/classgraph-4.8.165.jar:/workspace/scratch/87c30a06d3c7/m3jdk-spectrum/m2/org/xerial/snappy/snappy-java/1.1.10.5/snappy-java-1.1.10.5.jar:/workspace/scratch/87c30a06d3c7/m3jdk-spectrum/m2/io/github/fastfilter/fastfilter/1.0.2/fastfilter-1.0.2.jar:/workspace/scratch/87c30a06d3c7/m3jdk-spectrum/m2/org/ow2/asm/asm/9.6/asm-9.6.jar:/workspace/scratch/87c30a06d3c7/m3jdk-spectrum/m2/org/ow2/asm/asm-util/9.6/asm-util-9.6.jar:/workspace/scratch/87c30a06d3c7/m3jdk-spectrum/m2/org/ow2/asm/asm-tree/9.6/asm-tree-9.6.jar:/workspace/scratch/87c30a06d3c7/m3jdk-spectrum/m2/org/ow2/asm/asm-analysis/9.6/asm-analysis-9.6.jar:/workspace/scratch/87c30a06d3c7/m3jdk-spectrum/m2/org/openrewrite/rewrite-java-21/8.17.1/rewrite-java-21-8.17.1.jar:/workspace/scratch/87c30a06d3c7/m3jdk-spectrum/m2/org/openrewrite/rewrite-test/8.17.1/rewrite-test-8.17.1.jar:/workspace/scratch/87c30a06d3c7/m3jdk-spectrum/m2/org/junit/jupiter/junit-jupiter-api/5.10.2/junit-jupiter-api-5.10.2.jar:/workspace/scratch/87c30a06d3c7/m3jdk-spectrum/m2/org/opentest4j/opentest4j/1.3.0/opentest4j-1.3.0.jar:/workspace/scratch/87c30a06d3c7/m3jdk-spectrum/m2/org/junit/platform/junit-platform-commons/1.10.2/junit-platform-commons-1.10.2.jar:/workspace/scratch/87c30a06d3c7/m3jdk-spectrum/m2/org/apiguardian/apiguardian-api/1.1.2/apiguardian-api-1.1.2.jar:/workspace/scratch/87c30a06d3c7/m3jdk-spectrum/m2/org/junit/jupiter/junit-jupiter-params/5.10.2/junit-jupiter-params-5.10.2.jar:/workspace/scratch/87c30a06d3c7/m3jdk-spectrum/m2/org/assertj/assertj-core/3.25.3/assertj-core-3.25.3.jar:/workspace/scratch/87c30a06d3c7/m3jdk-spectrum/m2/net/bytebuddy/byte-buddy/1.14.11/byte-buddy-1.14.11.jar:/workspace/scratch/87c30a06d3c7/m3jdk-spectrum/m2/com/fasterxml/jackson/dataformat/jackson-dataformat-csv/2.16.1/jackson-dataformat-csv-2.16.1.jar:/workspace/scratch/87c30a06d3c7/m3jdk-spectrum/m2/com/fasterxml/jackson/core/jackson-core/2.16.1/jackson-core-2.16.1.jar:/workspace/scratch/87c30a06d3c7/m3jdk-spectrum/m2/org/slf4j/slf4j-api/1.7.36/slf4j-api-1.7.36.jar:/workspace/scratch/87c30a06d3c7/m3jdk-spectrum/m2/org/eclipse/jgit/org.eclipse.jgit/5.13.3.202401111512-r/org.eclipse.jgit-5.13.3.202401111512-r.jar:/workspace/scratch/87c30a06d3c7/m3jdk-spectrum/m2/com/googlecode/javaewah/JavaEWAH/1.1.13/JavaEWAH-1.1.13.jar:/workspace/scratch/87c30a06d3c7/m3jdk-spectrum/m2/org/junit/jupiter/junit-jupiter/5.10.2/junit-jupiter-5.10.2.jar:/workspace/scratch/87c30a06d3c7/m3jdk-spectrum/m2/org/junit/jupiter/junit-jupiter-engine/5.10.2/junit-jupiter-engine-5.10.2.jar:/workspace/scratch/87c30a06d3c7/m3jdk-spectrum/m2/org/junit/platform/junit-platform-engine/1.10.2/junit-platform-engine-1.10.2.jar:"/>
    <property name="sun.cpu.endian" value="little"/>
    <property name="user.home" value="/root"/>
    <property name="user.language" value="en"/>
    <property name="java.specification.vendor" value="Oracle Corporation"/>
    <property name="java.version.date" value="2024-01-16"/>
    <property name="java.home" value="/workspace/scratch/877d9513c002/toolchains/jdk-21.0.2"/>
    <property name="file.separator" value="/"/>
    <property name="basedir" value="/workspace/scratch/87c30a06d3c7/m3jdk-spectrum/repo/m3/tooling/migration-recipes/tasks/atom-spectrum-20261005"/>
    <property name="java.vm.compressedOopsMode" value="32-bit"/>
    <property name="line.separator" value="&#10;"/>
    <property name="java.vm.specification.vendor" value="Oracle Corporation"/>
    <property name="java.specification.name" value="Java Platform API Specification"/>
    <property name="m3.spectrum.corpusRoot" value="/workspace/scratch/87c30a06d3c7/m3jdk-spectrum/corpus"/>
    <property name="surefire.real.class.path" value="/workspace/scratch/87c30a06d3c7/m3jdk-spectrum/repo/m3/tooling/migration-recipes/tasks/atom-spectrum-20261005/target/surefire/surefirebooter-20261005100136760_3.jar"/>
    <property name="sun.management.compiler" value="HotSpot 64-Bit Tiered Compilers"/>
    <property name="java.runtime.version" value="21.0.2+13-58"/>
    <property name="user.name" value="root"/>
    <property name="stdout.encoding" value="UTF-8"/>
    <property name="path.separator" value=":"/>
    <property name="os.version" value="6.18.44"/>
    <property name="java.runtime.name" value="OpenJDK Runtime Environment"/>
    <property name="file.encoding" value="UTF-8"/>
    <property name="java.vm.name" value="OpenJDK 64-Bit Server VM"/>
    <property name="localRepository" value="/workspace/scratch/87c30a06d3c7/m3jdk-spectrum/m2"/>
    <property name="java.vendor.url.bug" value="https://bugreport.java.com/bugreport/"/>
    <property name="java.io.tmpdir" value="/tmp"/>
    <property name="java.version" value="21.0.2"/>
    <property name="user.dir" value="/workspace/scratch/87c30a06d3c7/m3jdk-spectrum/repo/m3/tooling/migration-recipes/tasks/atom-spectrum-20261005"/>
    <property name="os.arch" value="amd64"/>
    <property name="java.vm.specification.name" value="Java Virtual Machine Specification"/>
    <property name="native.encoding" value="UTF-8"/>
    <property name="java.library.path" value="/usr/java/packages/lib:/usr/lib64:/lib64:/lib:/usr/lib"/>
    <property name="stderr.encoding" value="UTF-8"/>
    <property name="java.vm.info" value="mixed mode, sharing"/>
    <property name="java.vendor" value="Oracle Corporation"/>
    <property name="java.vm.version" value="21.0.2+13-58"/>
    <property name="sun.io.unicode.encoding" value="UnicodeLittle"/>
    <property name="maven.repo.local" value="/workspace/scratch/87c30a06d3c7/m3jdk-spectrum/m2"/>
    <property name="java.class.version" value="65.0"/>
  </properties>
  <testcase name="longerOrPrefixedRoleLookalikesCannotSuppressTheCanonicalMarker" classname="com.m3.rewrite.atom.M3PatternMarkerTest" time="1.499"/>
  <testcase name="exactExistingMarkerIsIdempotentWithSurroundingWhitespace" classname="com.m3.rewrite.atom.M3PatternMarkerTest" time="0.683"/>
</testsuite>
END_RAW_FILE current-3/surefire-reports/TEST-com.m3.rewrite.atom.M3PatternMarkerTest.xml

BEGIN_RAW_FILE current-3/surefire-reports/TEST-com.m3.rewrite.atom.M3PureIntConvergenceRecipeTest.xml sha256=d7deefff0fe0cb161325e9c648c1efc099efa6ed6596f385da3cc30c486238ed
<?xml version="1.0" encoding="UTF-8"?>
<testsuite xmlns:xsi="http://www.w3.org/2001/XMLSchema-instance" xsi:noNamespaceSchemaLocation="https://maven.apache.org/surefire/maven-surefire-plugin/xsd/surefire-test-report-3.0.xsd" version="3.0" name="com.m3.rewrite.atom.M3PureIntConvergenceRecipeTest" time="1.873" tests="4" errors="0" skipped="0" failures="0">
  <properties>
    <property name="java.specification.version" value="21"/>
    <property name="sun.jnu.encoding" value="UTF-8"/>
    <property name="java.class.path" value="/workspace/scratch/87c30a06d3c7/m3jdk-spectrum/repo/m3/tooling/migration-recipes/tasks/atom-spectrum-20261005/target/test-classes:/workspace/scratch/87c30a06d3c7/m3jdk-spectrum/repo/m3/tooling/migration-recipes/tasks/atom-spectrum-20261005/target/classes:/workspace/scratch/87c30a06d3c7/m3jdk-spectrum/m2/org/openrewrite/rewrite-java/8.17.1/rewrite-java-8.17.1.jar:/workspace/scratch/87c30a06d3c7/m3jdk-spectrum/m2/org/openrewrite/rewrite-core/8.17.1/rewrite-core-8.17.1.jar:/workspace/scratch/87c30a06d3c7/m3jdk-spectrum/m2/com/fasterxml/jackson/core/jackson-databind/2.16.1/jackson-databind-2.16.1.jar:/workspace/scratch/87c30a06d3c7/m3jdk-spectrum/m2/com/fasterxml/jackson/dataformat/jackson-dataformat-smile/2.16.1/jackson-dataformat-smile-2.16.1.jar:/workspace/scratch/87c30a06d3c7/m3jdk-spectrum/m2/com/fasterxml/jackson/module/jackson-module-parameter-names/2.16.1/jackson-module-parameter-names-2.16.1.jar:/workspace/scratch/87c30a06d3c7/m3jdk-spectrum/m2/com/fasterxml/jackson/datatype/jackson-datatype-jsr310/2.16.1/jackson-datatype-jsr310-2.16.1.jar:/workspace/scratch/87c30a06d3c7/m3jdk-spectrum/m2/org/openrewrite/tools/java-object-diff/1.0.1/java-object-diff-1.0.1.jar:/workspace/scratch/87c30a06d3c7/m3jdk-spectrum/m2/io/quarkus/gizmo/gizmo/1.0.11.Final/gizmo-1.0.11.Final.jar:/workspace/scratch/87c30a06d3c7/m3jdk-spectrum/m2/org/jboss/jandex/2.4.2.Final/jandex-2.4.2.Final.jar:/workspace/scratch/87c30a06d3c7/m3jdk-spectrum/m2/net/java/dev/jna/jna-platform/5.14.0/jna-platform-5.14.0.jar:/workspace/scratch/87c30a06d3c7/m3jdk-spectrum/m2/net/java/dev/jna/jna/5.14.0/jna-5.14.0.jar:/workspace/scratch/87c30a06d3c7/m3jdk-spectrum/m2/org/apache/commons/commons-compress/1.26.0/commons-compress-1.26.0.jar:/workspace/scratch/87c30a06d3c7/m3jdk-spectrum/m2/commons-io/commons-io/2.15.1/commons-io-2.15.1.jar:/workspace/scratch/87c30a06d3c7/m3jdk-spectrum/m2/org/yaml/snakeyaml/2.2/snakeyaml-2.2.jar:/workspace/scratch/87c30a06d3c7/m3jdk-spectrum/m2/org/openrewrite/rewrite-yaml/8.17.1/rewrite-yaml-8.17.1.jar:/workspace/scratch/87c30a06d3c7/m3jdk-spectrum/m2/org/openrewrite/rewrite-xml/8.17.1/rewrite-xml-8.17.1.jar:/workspace/scratch/87c30a06d3c7/m3jdk-spectrum/m2/io/micrometer/micrometer-core/1.9.17/micrometer-core-1.9.17.jar:/workspace/scratch/87c30a06d3c7/m3jdk-spectrum/m2/org/hdrhistogram/HdrHistogram/2.1.12/HdrHistogram-2.1.12.jar:/workspace/scratch/87c30a06d3c7/m3jdk-spectrum/m2/org/latencyutils/LatencyUtils/2.0.3/LatencyUtils-2.0.3.jar:/workspace/scratch/87c30a06d3c7/m3jdk-spectrum/m2/org/jetbrains/annotations/24.1.0/annotations-24.1.0.jar:/workspace/scratch/87c30a06d3c7/m3jdk-spectrum/m2/com/fasterxml/jackson/core/jackson-annotations/2.16.1/jackson-annotations-2.16.1.jar:/workspace/scratch/87c30a06d3c7/m3jdk-spectrum/m2/org/antlr/antlr4-runtime/4.11.1/antlr4-runtime-4.11.1.jar:/workspace/scratch/87c30a06d3c7/m3jdk-spectrum/m2/org/apache/commons/commons-lang3/3.14.0/commons-lang3-3.14.0.jar:/workspace/scratch/87c30a06d3c7/m3jdk-spectrum/m2/org/apache/commons/commons-text/1.11.0/commons-text-1.11.0.jar:/workspace/scratch/87c30a06d3c7/m3jdk-spectrum/m2/io/github/classgraph/classgraph/4.8.165/classgraph-4.8.165.jar:/workspace/scratch/87c30a06d3c7/m3jdk-spectrum/m2/org/xerial/snappy/snappy-java/1.1.10.5/snappy-java-1.1.10.5.jar:/workspace/scratch/87c30a06d3c7/m3jdk-spectrum/m2/io/github/fastfilter/fastfilter/1.0.2/fastfilter-1.0.2.jar:/workspace/scratch/87c30a06d3c7/m3jdk-spectrum/m2/org/ow2/asm/asm/9.6/asm-9.6.jar:/workspace/scratch/87c30a06d3c7/m3jdk-spectrum/m2/org/ow2/asm/asm-util/9.6/asm-util-9.6.jar:/workspace/scratch/87c30a06d3c7/m3jdk-spectrum/m2/org/ow2/asm/asm-tree/9.6/asm-tree-9.6.jar:/workspace/scratch/87c30a06d3c7/m3jdk-spectrum/m2/org/ow2/asm/asm-analysis/9.6/asm-analysis-9.6.jar:/workspace/scratch/87c30a06d3c7/m3jdk-spectrum/m2/org/openrewrite/rewrite-java-21/8.17.1/rewrite-java-21-8.17.1.jar:/workspace/scratch/87c30a06d3c7/m3jdk-spectrum/m2/org/openrewrite/rewrite-test/8.17.1/rewrite-test-8.17.1.jar:/workspace/scratch/87c30a06d3c7/m3jdk-spectrum/m2/org/junit/jupiter/junit-jupiter-api/5.10.2/junit-jupiter-api-5.10.2.jar:/workspace/scratch/87c30a06d3c7/m3jdk-spectrum/m2/org/opentest4j/opentest4j/1.3.0/opentest4j-1.3.0.jar:/workspace/scratch/87c30a06d3c7/m3jdk-spectrum/m2/org/junit/platform/junit-platform-commons/1.10.2/junit-platform-commons-1.10.2.jar:/workspace/scratch/87c30a06d3c7/m3jdk-spectrum/m2/org/apiguardian/apiguardian-api/1.1.2/apiguardian-api-1.1.2.jar:/workspace/scratch/87c30a06d3c7/m3jdk-spectrum/m2/org/junit/jupiter/junit-jupiter-params/5.10.2/junit-jupiter-params-5.10.2.jar:/workspace/scratch/87c30a06d3c7/m3jdk-spectrum/m2/org/assertj/assertj-core/3.25.3/assertj-core-3.25.3.jar:/workspace/scratch/87c30a06d3c7/m3jdk-spectrum/m2/net/bytebuddy/byte-buddy/1.14.11/byte-buddy-1.14.11.jar:/workspace/scratch/87c30a06d3c7/m3jdk-spectrum/m2/com/fasterxml/jackson/dataformat/jackson-dataformat-csv/2.16.1/jackson-dataformat-csv-2.16.1.jar:/workspace/scratch/87c30a06d3c7/m3jdk-spectrum/m2/com/fasterxml/jackson/core/jackson-core/2.16.1/jackson-core-2.16.1.jar:/workspace/scratch/87c30a06d3c7/m3jdk-spectrum/m2/org/slf4j/slf4j-api/1.7.36/slf4j-api-1.7.36.jar:/workspace/scratch/87c30a06d3c7/m3jdk-spectrum/m2/org/eclipse/jgit/org.eclipse.jgit/5.13.3.202401111512-r/org.eclipse.jgit-5.13.3.202401111512-r.jar:/workspace/scratch/87c30a06d3c7/m3jdk-spectrum/m2/com/googlecode/javaewah/JavaEWAH/1.1.13/JavaEWAH-1.1.13.jar:/workspace/scratch/87c30a06d3c7/m3jdk-spectrum/m2/org/junit/jupiter/junit-jupiter/5.10.2/junit-jupiter-5.10.2.jar:/workspace/scratch/87c30a06d3c7/m3jdk-spectrum/m2/org/junit/jupiter/junit-jupiter-engine/5.10.2/junit-jupiter-engine-5.10.2.jar:/workspace/scratch/87c30a06d3c7/m3jdk-spectrum/m2/org/junit/platform/junit-platform-engine/1.10.2/junit-platform-engine-1.10.2.jar:"/>
    <property name="java.vm.vendor" value="Oracle Corporation"/>
    <property name="sun.arch.data.model" value="64"/>
    <property name="java.vendor.url" value="https://java.oracle.com/"/>
    <property name="user.timezone" value="Europe/Berlin"/>
    <property name="os.name" value="Linux"/>
    <property name="java.vm.specification.version" value="21"/>
    <property name="sun.java.launcher" value="SUN_STANDARD"/>
    <property name="sun.boot.library.path" value="/workspace/scratch/877d9513c002/toolchains/jdk-21.0.2/lib"/>
    <property name="sun.java.command" value="/workspace/scratch/87c30a06d3c7/m3jdk-spectrum/repo/m3/tooling/migration-recipes/tasks/atom-spectrum-20261005/target/surefire/surefirebooter-20261005100136760_3.jar /workspace/scratch/87c30a06d3c7/m3jdk-spectrum/repo/m3/tooling/migration-recipes/tasks/atom-spectrum-20261005/target/surefire 2026-10-05T10-01-36_694-jvmRun1 surefire-20261005100136760_1tmp surefire_0-20261005100136760_2tmp"/>
    <property name="jdk.debug" value="release"/>
    <property name="surefire.test.class.path" value="/workspace/scratch/87c30a06d3c7/m3jdk-spectrum/repo/m3/tooling/migration-recipes/tasks/atom-spectrum-20261005/target/test-classes:/workspace/scratch/87c30a06d3c7/m3jdk-spectrum/repo/m3/tooling/migration-recipes/tasks/atom-spectrum-20261005/target/classes:/workspace/scratch/87c30a06d3c7/m3jdk-spectrum/m2/org/openrewrite/rewrite-java/8.17.1/rewrite-java-8.17.1.jar:/workspace/scratch/87c30a06d3c7/m3jdk-spectrum/m2/org/openrewrite/rewrite-core/8.17.1/rewrite-core-8.17.1.jar:/workspace/scratch/87c30a06d3c7/m3jdk-spectrum/m2/com/fasterxml/jackson/core/jackson-databind/2.16.1/jackson-databind-2.16.1.jar:/workspace/scratch/87c30a06d3c7/m3jdk-spectrum/m2/com/fasterxml/jackson/dataformat/jackson-dataformat-smile/2.16.1/jackson-dataformat-smile-2.16.1.jar:/workspace/scratch/87c30a06d3c7/m3jdk-spectrum/m2/com/fasterxml/jackson/module/jackson-module-parameter-names/2.16.1/jackson-module-parameter-names-2.16.1.jar:/workspace/scratch/87c30a06d3c7/m3jdk-spectrum/m2/com/fasterxml/jackson/datatype/jackson-datatype-jsr310/2.16.1/jackson-datatype-jsr310-2.16.1.jar:/workspace/scratch/87c30a06d3c7/m3jdk-spectrum/m2/org/openrewrite/tools/java-object-diff/1.0.1/java-object-diff-1.0.1.jar:/workspace/scratch/87c30a06d3c7/m3jdk-spectrum/m2/io/quarkus/gizmo/gizmo/1.0.11.Final/gizmo-1.0.11.Final.jar:/workspace/scratch/87c30a06d3c7/m3jdk-spectrum/m2/org/jboss/jandex/2.4.2.Final/jandex-2.4.2.Final.jar:/workspace/scratch/87c30a06d3c7/m3jdk-spectrum/m2/net/java/dev/jna/jna-platform/5.14.0/jna-platform-5.14.0.jar:/workspace/scratch/87c30a06d3c7/m3jdk-spectrum/m2/net/java/dev/jna/jna/5.14.0/jna-5.14.0.jar:/workspace/scratch/87c30a06d3c7/m3jdk-spectrum/m2/org/apache/commons/commons-compress/1.26.0/commons-compress-1.26.0.jar:/workspace/scratch/87c30a06d3c7/m3jdk-spectrum/m2/commons-io/commons-io/2.15.1/commons-io-2.15.1.jar:/workspace/scratch/87c30a06d3c7/m3jdk-spectrum/m2/org/yaml/snakeyaml/2.2/snakeyaml-2.2.jar:/workspace/scratch/87c30a06d3c7/m3jdk-spectrum/m2/org/openrewrite/rewrite-yaml/8.17.1/rewrite-yaml-8.17.1.jar:/workspace/scratch/87c30a06d3c7/m3jdk-spectrum/m2/org/openrewrite/rewrite-xml/8.17.1/rewrite-xml-8.17.1.jar:/workspace/scratch/87c30a06d3c7/m3jdk-spectrum/m2/io/micrometer/micrometer-core/1.9.17/micrometer-core-1.9.17.jar:/workspace/scratch/87c30a06d3c7/m3jdk-spectrum/m2/org/hdrhistogram/HdrHistogram/2.1.12/HdrHistogram-2.1.12.jar:/workspace/scratch/87c30a06d3c7/m3jdk-spectrum/m2/org/latencyutils/LatencyUtils/2.0.3/LatencyUtils-2.0.3.jar:/workspace/scratch/87c30a06d3c7/m3jdk-spectrum/m2/org/jetbrains/annotations/24.1.0/annotations-24.1.0.jar:/workspace/scratch/87c30a06d3c7/m3jdk-spectrum/m2/com/fasterxml/jackson/core/jackson-annotations/2.16.1/jackson-annotations-2.16.1.jar:/workspace/scratch/87c30a06d3c7/m3jdk-spectrum/m2/org/antlr/antlr4-runtime/4.11.1/antlr4-runtime-4.11.1.jar:/workspace/scratch/87c30a06d3c7/m3jdk-spectrum/m2/org/apache/commons/commons-lang3/3.14.0/commons-lang3-3.14.0.jar:/workspace/scratch/87c30a06d3c7/m3jdk-spectrum/m2/org/apache/commons/commons-text/1.11.0/commons-text-1.11.0.jar:/workspace/scratch/87c30a06d3c7/m3jdk-spectrum/m2/io/github/classgraph/classgraph/4.8.165/classgraph-4.8.165.jar:/workspace/scratch/87c30a06d3c7/m3jdk-spectrum/m2/org/xerial/snappy/snappy-java/1.1.10.5/snappy-java-1.1.10.5.jar:/workspace/scratch/87c30a06d3c7/m3jdk-spectrum/m2/io/github/fastfilter/fastfilter/1.0.2/fastfilter-1.0.2.jar:/workspace/scratch/87c30a06d3c7/m3jdk-spectrum/m2/org/ow2/asm/asm/9.6/asm-9.6.jar:/workspace/scratch/87c30a06d3c7/m3jdk-spectrum/m2/org/ow2/asm/asm-util/9.6/asm-util-9.6.jar:/workspace/scratch/87c30a06d3c7/m3jdk-spectrum/m2/org/ow2/asm/asm-tree/9.6/asm-tree-9.6.jar:/workspace/scratch/87c30a06d3c7/m3jdk-spectrum/m2/org/ow2/asm/asm-analysis/9.6/asm-analysis-9.6.jar:/workspace/scratch/87c30a06d3c7/m3jdk-spectrum/m2/org/openrewrite/rewrite-java-21/8.17.1/rewrite-java-21-8.17.1.jar:/workspace/scratch/87c30a06d3c7/m3jdk-spectrum/m2/org/openrewrite/rewrite-test/8.17.1/rewrite-test-8.17.1.jar:/workspace/scratch/87c30a06d3c7/m3jdk-spectrum/m2/org/junit/jupiter/junit-jupiter-api/5.10.2/junit-jupiter-api-5.10.2.jar:/workspace/scratch/87c30a06d3c7/m3jdk-spectrum/m2/org/opentest4j/opentest4j/1.3.0/opentest4j-1.3.0.jar:/workspace/scratch/87c30a06d3c7/m3jdk-spectrum/m2/org/junit/platform/junit-platform-commons/1.10.2/junit-platform-commons-1.10.2.jar:/workspace/scratch/87c30a06d3c7/m3jdk-spectrum/m2/org/apiguardian/apiguardian-api/1.1.2/apiguardian-api-1.1.2.jar:/workspace/scratch/87c30a06d3c7/m3jdk-spectrum/m2/org/junit/jupiter/junit-jupiter-params/5.10.2/junit-jupiter-params-5.10.2.jar:/workspace/scratch/87c30a06d3c7/m3jdk-spectrum/m2/org/assertj/assertj-core/3.25.3/assertj-core-3.25.3.jar:/workspace/scratch/87c30a06d3c7/m3jdk-spectrum/m2/net/bytebuddy/byte-buddy/1.14.11/byte-buddy-1.14.11.jar:/workspace/scratch/87c30a06d3c7/m3jdk-spectrum/m2/com/fasterxml/jackson/dataformat/jackson-dataformat-csv/2.16.1/jackson-dataformat-csv-2.16.1.jar:/workspace/scratch/87c30a06d3c7/m3jdk-spectrum/m2/com/fasterxml/jackson/core/jackson-core/2.16.1/jackson-core-2.16.1.jar:/workspace/scratch/87c30a06d3c7/m3jdk-spectrum/m2/org/slf4j/slf4j-api/1.7.36/slf4j-api-1.7.36.jar:/workspace/scratch/87c30a06d3c7/m3jdk-spectrum/m2/org/eclipse/jgit/org.eclipse.jgit/5.13.3.202401111512-r/org.eclipse.jgit-5.13.3.202401111512-r.jar:/workspace/scratch/87c30a06d3c7/m3jdk-spectrum/m2/com/googlecode/javaewah/JavaEWAH/1.1.13/JavaEWAH-1.1.13.jar:/workspace/scratch/87c30a06d3c7/m3jdk-spectrum/m2/org/junit/jupiter/junit-jupiter/5.10.2/junit-jupiter-5.10.2.jar:/workspace/scratch/87c30a06d3c7/m3jdk-spectrum/m2/org/junit/jupiter/junit-jupiter-engine/5.10.2/junit-jupiter-engine-5.10.2.jar:/workspace/scratch/87c30a06d3c7/m3jdk-spectrum/m2/org/junit/platform/junit-platform-engine/1.10.2/junit-platform-engine-1.10.2.jar:"/>
    <property name="sun.cpu.endian" value="little"/>
    <property name="user.home" value="/root"/>
    <property name="user.language" value="en"/>
    <property name="java.specification.vendor" value="Oracle Corporation"/>
    <property name="java.version.date" value="2024-01-16"/>
    <property name="java.home" value="/workspace/scratch/877d9513c002/toolchains/jdk-21.0.2"/>
    <property name="file.separator" value="/"/>
    <property name="basedir" value="/workspace/scratch/87c30a06d3c7/m3jdk-spectrum/repo/m3/tooling/migration-recipes/tasks/atom-spectrum-20261005"/>
    <property name="java.vm.compressedOopsMode" value="32-bit"/>
    <property name="line.separator" value="&#10;"/>
    <property name="java.vm.specification.vendor" value="Oracle Corporation"/>
    <property name="java.specification.name" value="Java Platform API Specification"/>
    <property name="m3.spectrum.corpusRoot" value="/workspace/scratch/87c30a06d3c7/m3jdk-spectrum/corpus"/>
    <property name="surefire.real.class.path" value="/workspace/scratch/87c30a06d3c7/m3jdk-spectrum/repo/m3/tooling/migration-recipes/tasks/atom-spectrum-20261005/target/surefire/surefirebooter-20261005100136760_3.jar"/>
    <property name="sun.management.compiler" value="HotSpot 64-Bit Tiered Compilers"/>
    <property name="java.runtime.version" value="21.0.2+13-58"/>
    <property name="user.name" value="root"/>
    <property name="stdout.encoding" value="UTF-8"/>
    <property name="path.separator" value=":"/>
    <property name="os.version" value="6.18.44"/>
    <property name="java.runtime.name" value="OpenJDK Runtime Environment"/>
    <property name="file.encoding" value="UTF-8"/>
    <property name="java.vm.name" value="OpenJDK 64-Bit Server VM"/>
    <property name="localRepository" value="/workspace/scratch/87c30a06d3c7/m3jdk-spectrum/m2"/>
    <property name="java.vendor.url.bug" value="https://bugreport.java.com/bugreport/"/>
    <property name="java.io.tmpdir" value="/tmp"/>
    <property name="java.version" value="21.0.2"/>
    <property name="user.dir" value="/workspace/scratch/87c30a06d3c7/m3jdk-spectrum/repo/m3/tooling/migration-recipes/tasks/atom-spectrum-20261005"/>
    <property name="os.arch" value="amd64"/>
    <property name="java.vm.specification.name" value="Java Virtual Machine Specification"/>
    <property name="native.encoding" value="UTF-8"/>
    <property name="java.library.path" value="/usr/java/packages/lib:/usr/lib64:/lib64:/lib:/usr/lib"/>
    <property name="stderr.encoding" value="UTF-8"/>
    <property name="java.vm.info" value="mixed mode, sharing"/>
    <property name="java.vendor" value="Oracle Corporation"/>
    <property name="java.vm.version" value="21.0.2+13-58"/>
    <property name="sun.io.unicode.encoding" value="UnicodeLittle"/>
    <property name="maven.repo.local" value="/workspace/scratch/87c30a06d3c7/m3jdk-spectrum/m2"/>
    <property name="java.class.version" value="65.0"/>
  </properties>
  <testcase name="patternizerAndDocumenterConvergeIndependentlyAndThenStop" classname="com.m3.rewrite.atom.M3PureIntConvergenceRecipeTest" time="0.713"/>
  <testcase name="compositeConvergesCompilesExecutesAndReachesFixedPoint" classname="com.m3.rewrite.atom.M3PureIntConvergenceRecipeTest" time="0.794"/>
  <testcase name="nonAtomizedSourceIsNotPatternizedOrDocumented" classname="com.m3.rewrite.atom.M3PureIntConvergenceRecipeTest" time="0.357"/>
  <testcase name="compositeOrderAndMetadataAreExplicit" classname="com.m3.rewrite.atom.M3PureIntConvergenceRecipeTest" time="0.006"/>
</testsuite>
END_RAW_FILE current-3/surefire-reports/TEST-com.m3.rewrite.atom.M3PureIntConvergenceRecipeTest.xml

BEGIN_RAW_FILE current-3/surefire-reports/TEST-com.m3.rewrite.atom.M3RepositoryCorpusTest.xml sha256=9aebbe6448df1bbe88e2d503fb9f8fbe01b6e71fdf2289bdbc1d36c3871b397c
<?xml version="1.0" encoding="UTF-8"?>
<testsuite xmlns:xsi="http://www.w3.org/2001/XMLSchema-instance" xsi:noNamespaceSchemaLocation="https://maven.apache.org/surefire/maven-surefire-plugin/xsd/surefire-test-report-3.0.xsd" version="3.0" name="com.m3.rewrite.atom.M3RepositoryCorpusTest" time="21.618" tests="3" errors="0" skipped="0" failures="0">
  <properties>
    <property name="java.specification.version" value="21"/>
    <property name="sun.jnu.encoding" value="UTF-8"/>
    <property name="java.class.path" value="/workspace/scratch/87c30a06d3c7/m3jdk-spectrum/repo/m3/tooling/migration-recipes/tasks/atom-spectrum-20261005/target/test-classes:/workspace/scratch/87c30a06d3c7/m3jdk-spectrum/repo/m3/tooling/migration-recipes/tasks/atom-spectrum-20261005/target/classes:/workspace/scratch/87c30a06d3c7/m3jdk-spectrum/m2/org/openrewrite/rewrite-java/8.17.1/rewrite-java-8.17.1.jar:/workspace/scratch/87c30a06d3c7/m3jdk-spectrum/m2/org/openrewrite/rewrite-core/8.17.1/rewrite-core-8.17.1.jar:/workspace/scratch/87c30a06d3c7/m3jdk-spectrum/m2/com/fasterxml/jackson/core/jackson-databind/2.16.1/jackson-databind-2.16.1.jar:/workspace/scratch/87c30a06d3c7/m3jdk-spectrum/m2/com/fasterxml/jackson/dataformat/jackson-dataformat-smile/2.16.1/jackson-dataformat-smile-2.16.1.jar:/workspace/scratch/87c30a06d3c7/m3jdk-spectrum/m2/com/fasterxml/jackson/module/jackson-module-parameter-names/2.16.1/jackson-module-parameter-names-2.16.1.jar:/workspace/scratch/87c30a06d3c7/m3jdk-spectrum/m2/com/fasterxml/jackson/datatype/jackson-datatype-jsr310/2.16.1/jackson-datatype-jsr310-2.16.1.jar:/workspace/scratch/87c30a06d3c7/m3jdk-spectrum/m2/org/openrewrite/tools/java-object-diff/1.0.1/java-object-diff-1.0.1.jar:/workspace/scratch/87c30a06d3c7/m3jdk-spectrum/m2/io/quarkus/gizmo/gizmo/1.0.11.Final/gizmo-1.0.11.Final.jar:/workspace/scratch/87c30a06d3c7/m3jdk-spectrum/m2/org/jboss/jandex/2.4.2.Final/jandex-2.4.2.Final.jar:/workspace/scratch/87c30a06d3c7/m3jdk-spectrum/m2/net/java/dev/jna/jna-platform/5.14.0/jna-platform-5.14.0.jar:/workspace/scratch/87c30a06d3c7/m3jdk-spectrum/m2/net/java/dev/jna/jna/5.14.0/jna-5.14.0.jar:/workspace/scratch/87c30a06d3c7/m3jdk-spectrum/m2/org/apache/commons/commons-compress/1.26.0/commons-compress-1.26.0.jar:/workspace/scratch/87c30a06d3c7/m3jdk-spectrum/m2/commons-io/commons-io/2.15.1/commons-io-2.15.1.jar:/workspace/scratch/87c30a06d3c7/m3jdk-spectrum/m2/org/yaml/snakeyaml/2.2/snakeyaml-2.2.jar:/workspace/scratch/87c30a06d3c7/m3jdk-spectrum/m2/org/openrewrite/rewrite-yaml/8.17.1/rewrite-yaml-8.17.1.jar:/workspace/scratch/87c30a06d3c7/m3jdk-spectrum/m2/org/openrewrite/rewrite-xml/8.17.1/rewrite-xml-8.17.1.jar:/workspace/scratch/87c30a06d3c7/m3jdk-spectrum/m2/io/micrometer/micrometer-core/1.9.17/micrometer-core-1.9.17.jar:/workspace/scratch/87c30a06d3c7/m3jdk-spectrum/m2/org/hdrhistogram/HdrHistogram/2.1.12/HdrHistogram-2.1.12.jar:/workspace/scratch/87c30a06d3c7/m3jdk-spectrum/m2/org/latencyutils/LatencyUtils/2.0.3/LatencyUtils-2.0.3.jar:/workspace/scratch/87c30a06d3c7/m3jdk-spectrum/m2/org/jetbrains/annotations/24.1.0/annotations-24.1.0.jar:/workspace/scratch/87c30a06d3c7/m3jdk-spectrum/m2/com/fasterxml/jackson/core/jackson-annotations/2.16.1/jackson-annotations-2.16.1.jar:/workspace/scratch/87c30a06d3c7/m3jdk-spectrum/m2/org/antlr/antlr4-runtime/4.11.1/antlr4-runtime-4.11.1.jar:/workspace/scratch/87c30a06d3c7/m3jdk-spectrum/m2/org/apache/commons/commons-lang3/3.14.0/commons-lang3-3.14.0.jar:/workspace/scratch/87c30a06d3c7/m3jdk-spectrum/m2/org/apache/commons/commons-text/1.11.0/commons-text-1.11.0.jar:/workspace/scratch/87c30a06d3c7/m3jdk-spectrum/m2/io/github/classgraph/classgraph/4.8.165/classgraph-4.8.165.jar:/workspace/scratch/87c30a06d3c7/m3jdk-spectrum/m2/org/xerial/snappy/snappy-java/1.1.10.5/snappy-java-1.1.10.5.jar:/workspace/scratch/87c30a06d3c7/m3jdk-spectrum/m2/io/github/fastfilter/fastfilter/1.0.2/fastfilter-1.0.2.jar:/workspace/scratch/87c30a06d3c7/m3jdk-spectrum/m2/org/ow2/asm/asm/9.6/asm-9.6.jar:/workspace/scratch/87c30a06d3c7/m3jdk-spectrum/m2/org/ow2/asm/asm-util/9.6/asm-util-9.6.jar:/workspace/scratch/87c30a06d3c7/m3jdk-spectrum/m2/org/ow2/asm/asm-tree/9.6/asm-tree-9.6.jar:/workspace/scratch/87c30a06d3c7/m3jdk-spectrum/m2/org/ow2/asm/asm-analysis/9.6/asm-analysis-9.6.jar:/workspace/scratch/87c30a06d3c7/m3jdk-spectrum/m2/org/openrewrite/rewrite-java-21/8.17.1/rewrite-java-21-8.17.1.jar:/workspace/scratch/87c30a06d3c7/m3jdk-spectrum/m2/org/openrewrite/rewrite-test/8.17.1/rewrite-test-8.17.1.jar:/workspace/scratch/87c30a06d3c7/m3jdk-spectrum/m2/org/junit/jupiter/junit-jupiter-api/5.10.2/junit-jupiter-api-5.10.2.jar:/workspace/scratch/87c30a06d3c7/m3jdk-spectrum/m2/org/opentest4j/opentest4j/1.3.0/opentest4j-1.3.0.jar:/workspace/scratch/87c30a06d3c7/m3jdk-spectrum/m2/org/junit/platform/junit-platform-commons/1.10.2/junit-platform-commons-1.10.2.jar:/workspace/scratch/87c30a06d3c7/m3jdk-spectrum/m2/org/apiguardian/apiguardian-api/1.1.2/apiguardian-api-1.1.2.jar:/workspace/scratch/87c30a06d3c7/m3jdk-spectrum/m2/org/junit/jupiter/junit-jupiter-params/5.10.2/junit-jupiter-params-5.10.2.jar:/workspace/scratch/87c30a06d3c7/m3jdk-spectrum/m2/org/assertj/assertj-core/3.25.3/assertj-core-3.25.3.jar:/workspace/scratch/87c30a06d3c7/m3jdk-spectrum/m2/net/bytebuddy/byte-buddy/1.14.11/byte-buddy-1.14.11.jar:/workspace/scratch/87c30a06d3c7/m3jdk-spectrum/m2/com/fasterxml/jackson/dataformat/jackson-dataformat-csv/2.16.1/jackson-dataformat-csv-2.16.1.jar:/workspace/scratch/87c30a06d3c7/m3jdk-spectrum/m2/com/fasterxml/jackson/core/jackson-core/2.16.1/jackson-core-2.16.1.jar:/workspace/scratch/87c30a06d3c7/m3jdk-spectrum/m2/org/slf4j/slf4j-api/1.7.36/slf4j-api-1.7.36.jar:/workspace/scratch/87c30a06d3c7/m3jdk-spectrum/m2/org/eclipse/jgit/org.eclipse.jgit/5.13.3.202401111512-r/org.eclipse.jgit-5.13.3.202401111512-r.jar:/workspace/scratch/87c30a06d3c7/m3jdk-spectrum/m2/com/googlecode/javaewah/JavaEWAH/1.1.13/JavaEWAH-1.1.13.jar:/workspace/scratch/87c30a06d3c7/m3jdk-spectrum/m2/org/junit/jupiter/junit-jupiter/5.10.2/junit-jupiter-5.10.2.jar:/workspace/scratch/87c30a06d3c7/m3jdk-spectrum/m2/org/junit/jupiter/junit-jupiter-engine/5.10.2/junit-jupiter-engine-5.10.2.jar:/workspace/scratch/87c30a06d3c7/m3jdk-spectrum/m2/org/junit/platform/junit-platform-engine/1.10.2/junit-platform-engine-1.10.2.jar:"/>
    <property name="java.vm.vendor" value="Oracle Corporation"/>
    <property name="sun.arch.data.model" value="64"/>
    <property name="java.vendor.url" value="https://java.oracle.com/"/>
    <property name="user.timezone" value="Europe/Berlin"/>
    <property name="os.name" value="Linux"/>
    <property name="java.vm.specification.version" value="21"/>
    <property name="sun.java.launcher" value="SUN_STANDARD"/>
    <property name="sun.boot.library.path" value="/workspace/scratch/877d9513c002/toolchains/jdk-21.0.2/lib"/>
    <property name="sun.java.command" value="/workspace/scratch/87c30a06d3c7/m3jdk-spectrum/repo/m3/tooling/migration-recipes/tasks/atom-spectrum-20261005/target/surefire/surefirebooter-20261005100136760_3.jar /workspace/scratch/87c30a06d3c7/m3jdk-spectrum/repo/m3/tooling/migration-recipes/tasks/atom-spectrum-20261005/target/surefire 2026-10-05T10-01-36_694-jvmRun1 surefire-20261005100136760_1tmp surefire_0-20261005100136760_2tmp"/>
    <property name="jdk.debug" value="release"/>
    <property name="surefire.test.class.path" value="/workspace/scratch/87c30a06d3c7/m3jdk-spectrum/repo/m3/tooling/migration-recipes/tasks/atom-spectrum-20261005/target/test-classes:/workspace/scratch/87c30a06d3c7/m3jdk-spectrum/repo/m3/tooling/migration-recipes/tasks/atom-spectrum-20261005/target/classes:/workspace/scratch/87c30a06d3c7/m3jdk-spectrum/m2/org/openrewrite/rewrite-java/8.17.1/rewrite-java-8.17.1.jar:/workspace/scratch/87c30a06d3c7/m3jdk-spectrum/m2/org/openrewrite/rewrite-core/8.17.1/rewrite-core-8.17.1.jar:/workspace/scratch/87c30a06d3c7/m3jdk-spectrum/m2/com/fasterxml/jackson/core/jackson-databind/2.16.1/jackson-databind-2.16.1.jar:/workspace/scratch/87c30a06d3c7/m3jdk-spectrum/m2/com/fasterxml/jackson/dataformat/jackson-dataformat-smile/2.16.1/jackson-dataformat-smile-2.16.1.jar:/workspace/scratch/87c30a06d3c7/m3jdk-spectrum/m2/com/fasterxml/jackson/module/jackson-module-parameter-names/2.16.1/jackson-module-parameter-names-2.16.1.jar:/workspace/scratch/87c30a06d3c7/m3jdk-spectrum/m2/com/fasterxml/jackson/datatype/jackson-datatype-jsr310/2.16.1/jackson-datatype-jsr310-2.16.1.jar:/workspace/scratch/87c30a06d3c7/m3jdk-spectrum/m2/org/openrewrite/tools/java-object-diff/1.0.1/java-object-diff-1.0.1.jar:/workspace/scratch/87c30a06d3c7/m3jdk-spectrum/m2/io/quarkus/gizmo/gizmo/1.0.11.Final/gizmo-1.0.11.Final.jar:/workspace/scratch/87c30a06d3c7/m3jdk-spectrum/m2/org/jboss/jandex/2.4.2.Final/jandex-2.4.2.Final.jar:/workspace/scratch/87c30a06d3c7/m3jdk-spectrum/m2/net/java/dev/jna/jna-platform/5.14.0/jna-platform-5.14.0.jar:/workspace/scratch/87c30a06d3c7/m3jdk-spectrum/m2/net/java/dev/jna/jna/5.14.0/jna-5.14.0.jar:/workspace/scratch/87c30a06d3c7/m3jdk-spectrum/m2/org/apache/commons/commons-compress/1.26.0/commons-compress-1.26.0.jar:/workspace/scratch/87c30a06d3c7/m3jdk-spectrum/m2/commons-io/commons-io/2.15.1/commons-io-2.15.1.jar:/workspace/scratch/87c30a06d3c7/m3jdk-spectrum/m2/org/yaml/snakeyaml/2.2/snakeyaml-2.2.jar:/workspace/scratch/87c30a06d3c7/m3jdk-spectrum/m2/org/openrewrite/rewrite-yaml/8.17.1/rewrite-yaml-8.17.1.jar:/workspace/scratch/87c30a06d3c7/m3jdk-spectrum/m2/org/openrewrite/rewrite-xml/8.17.1/rewrite-xml-8.17.1.jar:/workspace/scratch/87c30a06d3c7/m3jdk-spectrum/m2/io/micrometer/micrometer-core/1.9.17/micrometer-core-1.9.17.jar:/workspace/scratch/87c30a06d3c7/m3jdk-spectrum/m2/org/hdrhistogram/HdrHistogram/2.1.12/HdrHistogram-2.1.12.jar:/workspace/scratch/87c30a06d3c7/m3jdk-spectrum/m2/org/latencyutils/LatencyUtils/2.0.3/LatencyUtils-2.0.3.jar:/workspace/scratch/87c30a06d3c7/m3jdk-spectrum/m2/org/jetbrains/annotations/24.1.0/annotations-24.1.0.jar:/workspace/scratch/87c30a06d3c7/m3jdk-spectrum/m2/com/fasterxml/jackson/core/jackson-annotations/2.16.1/jackson-annotations-2.16.1.jar:/workspace/scratch/87c30a06d3c7/m3jdk-spectrum/m2/org/antlr/antlr4-runtime/4.11.1/antlr4-runtime-4.11.1.jar:/workspace/scratch/87c30a06d3c7/m3jdk-spectrum/m2/org/apache/commons/commons-lang3/3.14.0/commons-lang3-3.14.0.jar:/workspace/scratch/87c30a06d3c7/m3jdk-spectrum/m2/org/apache/commons/commons-text/1.11.0/commons-text-1.11.0.jar:/workspace/scratch/87c30a06d3c7/m3jdk-spectrum/m2/io/github/classgraph/classgraph/4.8.165/classgraph-4.8.165.jar:/workspace/scratch/87c30a06d3c7/m3jdk-spectrum/m2/org/xerial/snappy/snappy-java/1.1.10.5/snappy-java-1.1.10.5.jar:/workspace/scratch/87c30a06d3c7/m3jdk-spectrum/m2/io/github/fastfilter/fastfilter/1.0.2/fastfilter-1.0.2.jar:/workspace/scratch/87c30a06d3c7/m3jdk-spectrum/m2/org/ow2/asm/asm/9.6/asm-9.6.jar:/workspace/scratch/87c30a06d3c7/m3jdk-spectrum/m2/org/ow2/asm/asm-util/9.6/asm-util-9.6.jar:/workspace/scratch/87c30a06d3c7/m3jdk-spectrum/m2/org/ow2/asm/asm-tree/9.6/asm-tree-9.6.jar:/workspace/scratch/87c30a06d3c7/m3jdk-spectrum/m2/org/ow2/asm/asm-analysis/9.6/asm-analysis-9.6.jar:/workspace/scratch/87c30a06d3c7/m3jdk-spectrum/m2/org/openrewrite/rewrite-java-21/8.17.1/rewrite-java-21-8.17.1.jar:/workspace/scratch/87c30a06d3c7/m3jdk-spectrum/m2/org/openrewrite/rewrite-test/8.17.1/rewrite-test-8.17.1.jar:/workspace/scratch/87c30a06d3c7/m3jdk-spectrum/m2/org/junit/jupiter/junit-jupiter-api/5.10.2/junit-jupiter-api-5.10.2.jar:/workspace/scratch/87c30a06d3c7/m3jdk-spectrum/m2/org/opentest4j/opentest4j/1.3.0/opentest4j-1.3.0.jar:/workspace/scratch/87c30a06d3c7/m3jdk-spectrum/m2/org/junit/platform/junit-platform-commons/1.10.2/junit-platform-commons-1.10.2.jar:/workspace/scratch/87c30a06d3c7/m3jdk-spectrum/m2/org/apiguardian/apiguardian-api/1.1.2/apiguardian-api-1.1.2.jar:/workspace/scratch/87c30a06d3c7/m3jdk-spectrum/m2/org/junit/jupiter/junit-jupiter-params/5.10.2/junit-jupiter-params-5.10.2.jar:/workspace/scratch/87c30a06d3c7/m3jdk-spectrum/m2/org/assertj/assertj-core/3.25.3/assertj-core-3.25.3.jar:/workspace/scratch/87c30a06d3c7/m3jdk-spectrum/m2/net/bytebuddy/byte-buddy/1.14.11/byte-buddy-1.14.11.jar:/workspace/scratch/87c30a06d3c7/m3jdk-spectrum/m2/com/fasterxml/jackson/dataformat/jackson-dataformat-csv/2.16.1/jackson-dataformat-csv-2.16.1.jar:/workspace/scratch/87c30a06d3c7/m3jdk-spectrum/m2/com/fasterxml/jackson/core/jackson-core/2.16.1/jackson-core-2.16.1.jar:/workspace/scratch/87c30a06d3c7/m3jdk-spectrum/m2/org/slf4j/slf4j-api/1.7.36/slf4j-api-1.7.36.jar:/workspace/scratch/87c30a06d3c7/m3jdk-spectrum/m2/org/eclipse/jgit/org.eclipse.jgit/5.13.3.202401111512-r/org.eclipse.jgit-5.13.3.202401111512-r.jar:/workspace/scratch/87c30a06d3c7/m3jdk-spectrum/m2/com/googlecode/javaewah/JavaEWAH/1.1.13/JavaEWAH-1.1.13.jar:/workspace/scratch/87c30a06d3c7/m3jdk-spectrum/m2/org/junit/jupiter/junit-jupiter/5.10.2/junit-jupiter-5.10.2.jar:/workspace/scratch/87c30a06d3c7/m3jdk-spectrum/m2/org/junit/jupiter/junit-jupiter-engine/5.10.2/junit-jupiter-engine-5.10.2.jar:/workspace/scratch/87c30a06d3c7/m3jdk-spectrum/m2/org/junit/platform/junit-platform-engine/1.10.2/junit-platform-engine-1.10.2.jar:"/>
    <property name="sun.cpu.endian" value="little"/>
    <property name="user.home" value="/root"/>
    <property name="user.language" value="en"/>
    <property name="java.specification.vendor" value="Oracle Corporation"/>
    <property name="java.version.date" value="2024-01-16"/>
    <property name="java.home" value="/workspace/scratch/877d9513c002/toolchains/jdk-21.0.2"/>
    <property name="file.separator" value="/"/>
    <property name="basedir" value="/workspace/scratch/87c30a06d3c7/m3jdk-spectrum/repo/m3/tooling/migration-recipes/tasks/atom-spectrum-20261005"/>
    <property name="java.vm.compressedOopsMode" value="32-bit"/>
    <property name="line.separator" value="&#10;"/>
    <property name="java.vm.specification.vendor" value="Oracle Corporation"/>
    <property name="java.specification.name" value="Java Platform API Specification"/>
    <property name="m3.spectrum.corpusRoot" value="/workspace/scratch/87c30a06d3c7/m3jdk-spectrum/corpus"/>
    <property name="surefire.real.class.path" value="/workspace/scratch/87c30a06d3c7/m3jdk-spectrum/repo/m3/tooling/migration-recipes/tasks/atom-spectrum-20261005/target/surefire/surefirebooter-20261005100136760_3.jar"/>
    <property name="sun.management.compiler" value="HotSpot 64-Bit Tiered Compilers"/>
    <property name="java.runtime.version" value="21.0.2+13-58"/>
    <property name="user.name" value="root"/>
    <property name="stdout.encoding" value="UTF-8"/>
    <property name="path.separator" value=":"/>
    <property name="os.version" value="6.18.44"/>
    <property name="java.runtime.name" value="OpenJDK Runtime Environment"/>
    <property name="file.encoding" value="UTF-8"/>
    <property name="java.vm.name" value="OpenJDK 64-Bit Server VM"/>
    <property name="localRepository" value="/workspace/scratch/87c30a06d3c7/m3jdk-spectrum/m2"/>
    <property name="java.vendor.url.bug" value="https://bugreport.java.com/bugreport/"/>
    <property name="java.io.tmpdir" value="/tmp"/>
    <property name="java.version" value="21.0.2"/>
    <property name="user.dir" value="/workspace/scratch/87c30a06d3c7/m3jdk-spectrum/repo/m3/tooling/migration-recipes/tasks/atom-spectrum-20261005"/>
    <property name="os.arch" value="amd64"/>
    <property name="java.vm.specification.name" value="Java Virtual Machine Specification"/>
    <property name="native.encoding" value="UTF-8"/>
    <property name="java.library.path" value="/usr/java/packages/lib:/usr/lib64:/lib64:/lib:/usr/lib"/>
    <property name="stderr.encoding" value="UTF-8"/>
    <property name="java.vm.info" value="mixed mode, sharing"/>
    <property name="java.vendor" value="Oracle Corporation"/>
    <property name="java.vm.version" value="21.0.2+13-58"/>
    <property name="sun.io.unicode.encoding" value="UnicodeLittle"/>
    <property name="maven.repo.local" value="/workspace/scratch/87c30a06d3c7/m3jdk-spectrum/m2"/>
    <property name="java.class.version" value="65.0"/>
  </properties>
  <testcase name="completePinnedM3GroupCompilesAndRunsItsRealPrefixAlgorithm" classname="com.m3.rewrite.atom.M3RepositoryCorpusTest" time="0.661"/>
  <testcase name="sourcePinnedHundredFileCorpusRecordsAdmissionAndRefusalWithoutProductWrites" classname="com.m3.rewrite.atom.M3RepositoryCorpusTest" time="20.951"/>
  <testcase name="changedSourceCannotBorrowAnOldPin" classname="com.m3.rewrite.atom.M3RepositoryCorpusTest" time="0.002"/>
</testsuite>
END_RAW_FILE current-3/surefire-reports/TEST-com.m3.rewrite.atom.M3RepositoryCorpusTest.xml
