universe	source_path	sha256	bytes	classification	active_receiving_paths	receiving_evidence_paths	explicit_portable_paths	portable_file_byte_matches	portable_logical_entries
published-source-205	synexia-openrewrite-recipes/docs/20261005-m3-ci-admission-correction.md	1cffcb72445fe8c6ed756db71dd96298aa546bfaf3104abb976254ff17e1582b	2764	PORTABLE_FILE_BYTES				m3/migration/intake-20261005/current-752-ci/producer-portable/source-context/synexia/synexia-openrewrite-recipes/docs/20261005-m3-ci-admission-correction.md	producer:producer-package-inputs/source-context/synexia/synexia-openrewrite-recipes/docs/20261005-m3-ci-admission-correction.md
published-source-205	synexia-openrewrite-recipes/docs/20261005-m3-ci-admission.md	c83800cf7ce84fd428cd57ba88596f37cb6a90b8434dde1d369f4eb94629bfdd	5652	PORTABLE_FILE_BYTES				m3/migration/intake-20261005/current-752-ci/producer-portable/source-context/synexia/synexia-openrewrite-recipes/docs/20261005-m3-ci-admission.md	producer:producer-package-inputs/source-context/synexia/synexia-openrewrite-recipes/docs/20261005-m3-ci-admission.md
published-source-205	synexia-openrewrite-recipes/docs/20261005-m3-ci-owner-resolution.md	9714c353e1d5bf0b4d11eaa7d1c071c0f4ecc11a675b150cd91e1b298f1c3341	2163	PORTABLE_FILE_BYTES				m3/migration/intake-20261005/current-752-ci/producer-portable/source-context/synexia/synexia-openrewrite-recipes/docs/20261005-m3-ci-owner-resolution.md	producer:producer-package-inputs/source-context/synexia/synexia-openrewrite-recipes/docs/20261005-m3-ci-owner-resolution.md
published-source-205	synexia-openrewrite-recipes/src/main/resources/META-INF/rewrite/m3-ci-752-text.yml	4ac9bcaf7e026474b87045c8461b4ab5b95d4fcfc91e2678a2e8dd56f3046a04	441	PORTABLE_LOGICAL_BYTES					producer:producer-authoring-v2/src/main/resources/META-INF/rewrite/m3-ci-752-text.yml | producer:evidence/producer-v2/project/src/main/resources/META-INF/rewrite/m3-ci-752-text.yml | producer:evidence/producer-v2/project/target/classes/META-INF/rewrite/m3-ci-752-text.yml | producer:evidence/producer-v1/project/src/main/resources/META-INF/rewrite/m3-ci-752-text.yml | producer:producer-package-inputs/authoring-v1/src/main/resources/META-INF/rewrite/m3-ci-752-text.yml | producer:producer-package-inputs/authoring-v2/src/main/resources/META-INF/rewrite/m3-ci-752-text.yml
published-source-205	synexia-openrewrite-recipes/src/main/resources/com/synexia/rewrite/hash-pinned-text/m3-ci-752-text/manifest.tsv	ee1689f026984bb0273a77848df5e4611f1c55ce9ffb45f1d5f1eda9e0a2ba12	587	PORTABLE_LOGICAL_BYTES					producer:producer-authoring-v2/src/main/resources/com/synexia/rewrite/hash-pinned-text/m3-ci-752-text/manifest.tsv | producer:evidence/producer-v2/project/src/main/resources/com/synexia/rewrite/hash-pinned-text/m3-ci-752-text/manifest.tsv | producer:evidence/producer-v2/project/target/classes/com/synexia/rewrite/hash-pinned-text/m3-ci-752-text/manifest.tsv | producer:evidence/producer-v1/project/src/main/resources/com/synexia/rewrite/hash-pinned-text/m3-ci-752-text/manifest.tsv | producer:producer-package-inputs/authoring-v1/src/main/resources/com/synexia/rewrite/hash-pinned-text/m3-ci-752-text/manifest.tsv | producer:producer-package-inputs/authoring-v2/src/main/resources/com/synexia/rewrite/hash-pinned-text/m3-ci-752-text/manifest.tsv
published-source-205	synexia-openrewrite-recipes/src/main/resources/com/synexia/rewrite/hash-pinned-text/m3-ci-752-text/target-1.txt	f6f569ef91e6b17be68a48801d1f97639d288d436c277a6401628bd82e210d3e	2413	ACTIVE_RECEIVING_BYTES	.github/workflows/m3-foundation.yml	m3/migration/intake-20261005/current-752-ci/crate/after/0.txt			producer:producer-authoring-v2/src/main/resources/com/synexia/rewrite/hash-pinned-text/m3-ci-752-text/target-1.txt | producer:evidence/producer-v2/project/src/main/resources/com/synexia/rewrite/hash-pinned-text/m3-ci-752-text/target-1.txt | producer:evidence/producer-v2/project/target/classes/com/synexia/rewrite/hash-pinned-text/m3-ci-752-text/target-1.txt | producer:evidence/producer-v1/project/src/main/resources/com/synexia/rewrite/hash-pinned-text/m3-ci-752-text/target-1.txt | producer:evidence/producer-v2/generated-candidate/.github/workflows/m3-foundation.yml | producer:producer-package-inputs/authoring-v1/src/main/resources/com/synexia/rewrite/hash-pinned-text/m3-ci-752-text/target-1.txt | producer:producer-package-inputs/authoring-v2/src/main/resources/com/synexia/rewrite/hash-pinned-text/m3-ci-752-text/target-1.txt
published-source-205	synexia-openrewrite-recipes/src/main/resources/com/synexia/rewrite/hash-pinned-text/m3-ci-752-text/target-2.txt	d51301d3ea225e89b000a2256855ab7806a1faf20c5fa493eb5666de1e7880c2	4695	ACTIVE_RECEIVING_BYTES	m3/backports/compatibility_policy.py	m3/migration/intake-20261005/current-752-ci/crate/after/1.txt			producer:producer-authoring-v2/src/main/resources/com/synexia/rewrite/hash-pinned-text/m3-ci-752-text/target-2.txt | producer:evidence/producer-v2/project/src/main/resources/com/synexia/rewrite/hash-pinned-text/m3-ci-752-text/target-2.txt | producer:evidence/producer-v2/project/target/classes/com/synexia/rewrite/hash-pinned-text/m3-ci-752-text/target-2.txt | producer:evidence/producer-v1/project/src/main/resources/com/synexia/rewrite/hash-pinned-text/m3-ci-752-text/target-2.txt | producer:evidence/producer-v2/generated-candidate/m3/backports/compatibility_policy.py | producer:producer-package-inputs/authoring-v1/src/main/resources/com/synexia/rewrite/hash-pinned-text/m3-ci-752-text/target-2.txt | producer:producer-package-inputs/authoring-v2/src/main/resources/com/synexia/rewrite/hash-pinned-text/m3-ci-752-text/target-2.txt
published-source-205	synexia-openrewrite-recipes/src/main/resources/com/synexia/rewrite/hash-pinned-text/m3-ci-752-text/target-3.txt	dbd50a08d902a4009c66e22b8e6f499a66bbe4316c2d96d1e47c60194b572937	7177	ACTIVE_RECEIVING_BYTES	m3/backports/test_compatibility_policy.py	m3/migration/intake-20261005/current-752-ci/crate/after/2.txt			producer:producer-authoring-v2/src/main/resources/com/synexia/rewrite/hash-pinned-text/m3-ci-752-text/target-3.txt | producer:evidence/producer-v2/project/src/main/resources/com/synexia/rewrite/hash-pinned-text/m3-ci-752-text/target-3.txt | producer:evidence/producer-v2/project/target/classes/com/synexia/rewrite/hash-pinned-text/m3-ci-752-text/target-3.txt | producer:evidence/producer-v1/project/src/main/resources/com/synexia/rewrite/hash-pinned-text/m3-ci-752-text/target-3.txt | producer:evidence/producer-v2/generated-candidate/m3/backports/test_compatibility_policy.py | producer:producer-package-inputs/authoring-v1/src/main/resources/com/synexia/rewrite/hash-pinned-text/m3-ci-752-text/target-3.txt | producer:producer-package-inputs/authoring-v2/src/main/resources/com/synexia/rewrite/hash-pinned-text/m3-ci-752-text/target-3.txt
published-source-205	synexia-openrewrite-recipes/tasks/m3-ci-752/README.md	309b37fac97082e92878186f04c046fdb77c33ea1192fcd059298af07b27cc59	7746	PORTABLE_LOGICAL_BYTES					producer:producer-authoring-v2/README.md | producer:evidence/producer-v2/project/README.md | producer:evidence/producer-v1/project/README.md | producer:producer-package-inputs/authoring-v1/README.md | producer:producer-package-inputs/authoring-v2/README.md
published-source-205	synexia-openrewrite-recipes/tasks/m3-ci-752/dependency-source/com/m3/rewrite/backport/M3Jdk21HashPinnedTextSnapshotRecipe.java	8015207ce502d22955f7f77697177e5939fa1e25be7cd74be89c639335ae48e6	12032	ACTIVE_RECEIVING_BYTES	m3/tooling/migration-recipes/src/main/java/com/m3/rewrite/backport/M3Jdk21HashPinnedTextSnapshotRecipe.java				cia:cia-authoring-v1/dependency-source/com/m3/rewrite/backport/M3Jdk21HashPinnedTextSnapshotRecipe.java | cir:cir-authoring-v2/dependency-source/com/m3/rewrite/backport/M3Jdk21HashPinnedTextSnapshotRecipe.java | producer:producer-authoring-v2/dependency-source/com/m3/rewrite/backport/M3Jdk21HashPinnedTextSnapshotRecipe.java | cia:evidence/cia-producer-v1/project/dependency-source/com/m3/rewrite/backport/M3Jdk21HashPinnedTextSnapshotRecipe.java | cir:evidence/cir-producer-v2/project/dependency-source/com/m3/rewrite/backport/M3Jdk21HashPinnedTextSnapshotRecipe.java | producer:evidence/producer-v2/project/dependency-source/com/m3/rewrite/backport/M3Jdk21HashPinnedTextSnapshotRecipe.java | cir:cir-authoring-v1/dependency-source/com/m3/rewrite/backport/M3Jdk21HashPinnedTextSnapshotRecipe.java | cir:evidence/cir-producer-v1/project/dependency-source/com/m3/rewrite/backport/M3Jdk21HashPinnedTextSnapshotRecipe.java | producer:evidence/producer-v1/project/dependency-source/com/m3/rewrite/backport/M3Jdk21HashPinnedTextSnapshotRecipe.java | producer:producer-package-inputs/authoring-v1/dependency-source/com/m3/rewrite/backport/M3Jdk21HashPinnedTextSnapshotRecipe.java | producer:producer-package-inputs/authoring-v2/dependency-source/com/m3/rewrite/backport/M3Jdk21HashPinnedTextSnapshotRecipe.java
published-source-205	synexia-openrewrite-recipes/tasks/m3-ci-752/dependency-source/com/synexia/rewrite/M3EditScope.java	962d37d62d740c3e8055c365a048ae7ee0479c26a9f6bbfe741e540d6c1134ab	1052	PORTABLE_LOGICAL_BYTES					producer:producer-authoring-v2/dependency-source/com/synexia/rewrite/M3EditScope.java | producer:evidence/producer-v2/project/dependency-source/com/synexia/rewrite/M3EditScope.java | producer:evidence/producer-v1/project/dependency-source/com/synexia/rewrite/M3EditScope.java | producer:producer-package-inputs/authoring-v1/dependency-source/com/synexia/rewrite/M3EditScope.java | producer:producer-package-inputs/authoring-v2/dependency-source/com/synexia/rewrite/M3EditScope.java
published-source-205	synexia-openrewrite-recipes/tasks/m3-ci-752/dependency-source/com/synexia/rewrite/M3HashPinnedJavaSnapshotRecipe.java	5c30358f276a7587b3364e03f67330cd017f5325fb1f0afb15cb20a5ba8859f6	21621	PORTABLE_LOGICAL_BYTES					producer:producer-authoring-v2/dependency-source/com/synexia/rewrite/M3HashPinnedJavaSnapshotRecipe.java | producer:evidence/producer-v2/project/dependency-source/com/synexia/rewrite/M3HashPinnedJavaSnapshotRecipe.java | producer:evidence/producer-v1/project/dependency-source/com/synexia/rewrite/M3HashPinnedJavaSnapshotRecipe.java | producer:producer-package-inputs/authoring-v1/dependency-source/com/synexia/rewrite/M3HashPinnedJavaSnapshotRecipe.java | producer:producer-package-inputs/authoring-v2/dependency-source/com/synexia/rewrite/M3HashPinnedJavaSnapshotRecipe.java
published-source-205	synexia-openrewrite-recipes/tasks/m3-ci-752/dependency-source/com/synexia/rewrite/M3HashPinnedTextSnapshotRecipe.java	3537f87c5c0891e6164c204aa192ab7bdff28f06a5ed752b7ddd205fb968b74a	13262	PORTABLE_LOGICAL_BYTES					producer:producer-authoring-v2/dependency-source/com/synexia/rewrite/M3HashPinnedTextSnapshotRecipe.java | producer:evidence/producer-v2/project/dependency-source/com/synexia/rewrite/M3HashPinnedTextSnapshotRecipe.java | producer:evidence/producer-v1/project/dependency-source/com/synexia/rewrite/M3HashPinnedTextSnapshotRecipe.java | producer:producer-package-inputs/authoring-v1/dependency-source/com/synexia/rewrite/M3HashPinnedTextSnapshotRecipe.java | producer:producer-package-inputs/authoring-v2/dependency-source/com/synexia/rewrite/M3HashPinnedTextSnapshotRecipe.java
published-source-205	synexia-openrewrite-recipes/tasks/m3-ci-752/dependency-source/com/synexia/rewrite/M3ScopeInference.java	17228a698f917bfabb46f8c4a20b50822820516fbc6e9ad71d52587a1918e730	6596	PORTABLE_LOGICAL_BYTES					producer:producer-authoring-v2/dependency-source/com/synexia/rewrite/M3ScopeInference.java | producer:evidence/producer-v2/project/dependency-source/com/synexia/rewrite/M3ScopeInference.java | producer:evidence/producer-v1/project/dependency-source/com/synexia/rewrite/M3ScopeInference.java | producer:producer-package-inputs/authoring-v1/dependency-source/com/synexia/rewrite/M3ScopeInference.java | producer:producer-package-inputs/authoring-v2/dependency-source/com/synexia/rewrite/M3ScopeInference.java
published-source-205	synexia-openrewrite-recipes/tasks/m3-ci-752/evidence/authoring/FINAL_REPORT.md	9398e994685e1af07e10bfdec9ac7883dac856c055394daa4ce93e159f017b56	1128	FROZEN_RECEIVING_EVIDENCE		m3/migration/intake-20261005/current-752-ci/source-task-packet/FINAL_REPORT.md		m3/migration/intake-20261005/current-752-ci/producer-portable/task-packet/FINAL_REPORT.md	producer:task-packet/FINAL_REPORT.md
published-source-205	synexia-openrewrite-recipes/tasks/m3-ci-752/evidence/authoring/OUTPUT_CONTRACT.tsv	e10a3e8c6cac4ff480bf98ba33593d7591ef3b47c85e793714f1164759bf24d4	644	FROZEN_RECEIVING_EVIDENCE		m3/migration/intake-20261005/current-752-ci/source-task-packet/OUTPUT_CONTRACT.tsv		m3/migration/intake-20261005/current-752-ci/producer-portable/task-packet/OUTPUT_CONTRACT.tsv	producer:task-packet/OUTPUT_CONTRACT.tsv
published-source-205	synexia-openrewrite-recipes/tasks/m3-ci-752/evidence/authoring/OWNER-PROVENANCE.json	ec28f568489da71a0574c09bfd0e361757b2558125444a0c3c39ff59ffce1421	3737	PORTABLE_FILE_BYTES				m3/migration/intake-20261005/current-752-ci/producer-portable/OWNER-PROVENANCE.json	producer:OWNER-PROVENANCE.json | cia:OWNER-PROVENANCE.json | cia:cia-package-inputs/source-context/ci-repairs/OWNER-PROVENANCE.json
published-source-205	synexia-openrewrite-recipes/tasks/m3-ci-752/evidence/authoring/PREFLIGHT-REFUSAL-v1.json	c55e43c69de25a151ead06d5ffe917b16b6b3aeafc7b37ca0da06942b36dec6d	708	PORTABLE_FILE_BYTES				m3/migration/intake-20261005/current-752-ci/producer-portable/PREFLIGHT-REFUSAL-v1.json	producer:PREFLIGHT-REFUSAL-v1.json
published-source-205	synexia-openrewrite-recipes/tasks/m3-ci-752/evidence/authoring/PROVENANCE.tsv	4e5523e7fb5c37df8be0f327ed63a4b7b51b371117ba53cccbed8e4ac05d70e3	708	FROZEN_RECEIVING_EVIDENCE		m3/migration/intake-20261005/current-752-ci/source-task-packet/PROVENANCE.tsv		m3/migration/intake-20261005/current-752-ci/producer-portable/task-packet/PROVENANCE.tsv	producer:task-packet/PROVENANCE.tsv
published-source-205	synexia-openrewrite-recipes/tasks/m3-ci-752/evidence/authoring/RUN_CONTEXT.tsv	6c980e16d0d4e4f8a58723522cb6e716fd5a44f30b0e3a27e75f848b726bdfc8	583	FROZEN_RECEIVING_EVIDENCE		m3/migration/intake-20261005/current-752-ci/source-task-packet/RUN_CONTEXT.tsv		m3/migration/intake-20261005/current-752-ci/producer-portable/task-packet/RUN_CONTEXT.tsv	producer:task-packet/RUN_CONTEXT.tsv
published-source-205	synexia-openrewrite-recipes/tasks/m3-ci-752/evidence/authoring/STATUS.tsv	eab61f7203ce00769b1d67824e206c6552d9821c092f8d18621bee0761fc1c1d	479	FROZEN_RECEIVING_EVIDENCE		m3/migration/intake-20261005/current-752-ci/source-task-packet/STATUS.tsv		m3/migration/intake-20261005/current-752-ci/producer-portable/task-packet/STATUS.tsv	producer:task-packet/STATUS.tsv
published-source-205	synexia-openrewrite-recipes/tasks/m3-ci-752/evidence/authoring/TASK_PACKET.json	574537187fbbbbdc3800e64c31f19f4d9a4a63f49d6bc43935609ecd35bfe4af	3562	FROZEN_RECEIVING_EVIDENCE		m3/migration/intake-20261005/current-752-ci/source-task-packet/TASK_PACKET.json		m3/migration/intake-20261005/current-752-ci/producer-portable/task-packet/TASK_PACKET.json	producer:task-packet/TASK_PACKET.json
published-source-205	synexia-openrewrite-recipes/tasks/m3-ci-752/evidence/authoring/VERIFY_CONTRACT.tsv	4e44f8931c93e3f4c58e3eb8359447acb6d8d2d5476a3d37b32fd505fe1bdcd5	990	FROZEN_RECEIVING_EVIDENCE		m3/migration/intake-20261005/current-752-ci/source-task-packet/VERIFY_CONTRACT.tsv		m3/migration/intake-20261005/current-752-ci/producer-portable/task-packet/VERIFY_CONTRACT.tsv	producer:task-packet/VERIFY_CONTRACT.tsv
published-source-205	synexia-openrewrite-recipes/tasks/m3-ci-752/pom.xml	25b2fe7bba960ee8d93aebf2a70242447de0a2e895aa61da081ed1eab62bdbc6	3741	PORTABLE_LOGICAL_BYTES					producer:producer-authoring-v2/pom.xml | producer:evidence/producer-v2/project/pom.xml | producer:evidence/producer-v1/project/pom.xml | producer:producer-package-inputs/authoring-v1/pom.xml | producer:producer-package-inputs/authoring-v2/pom.xml
published-source-205	synexia-openrewrite-recipes/tasks/m3-ci-752/proof.py	ff4b857579e813debf4beb4ce434c0ea1e83f9fb38e73a812002e831e6be6083	25953	PORTABLE_LOGICAL_BYTES					producer:producer-authoring-v2/proof.py | producer:evidence/producer-v2/project/proof.py | producer:producer-package-inputs/authoring-v2/proof.py
published-source-205	synexia-openrewrite-recipes/tasks/m3-ci-752/src/main/resources/META-INF/rewrite/m3-ci-752-java.yml	f03d42912ca9f6417ed38ba9f3582c04f979e17fd46aaa979d94bd37dd0171d3	403	PORTABLE_LOGICAL_BYTES					producer:producer-authoring-v2/src/main/resources/META-INF/rewrite/m3-ci-752-java.yml | producer:evidence/producer-v2/project/src/main/resources/META-INF/rewrite/m3-ci-752-java.yml | producer:evidence/producer-v2/project/target/classes/META-INF/rewrite/m3-ci-752-java.yml | producer:evidence/producer-v1/project/src/main/resources/META-INF/rewrite/m3-ci-752-java.yml | producer:producer-package-inputs/authoring-v1/src/main/resources/META-INF/rewrite/m3-ci-752-java.yml | producer:producer-package-inputs/authoring-v2/src/main/resources/META-INF/rewrite/m3-ci-752-java.yml
published-source-205	synexia-openrewrite-recipes/tasks/m3-ci-752/src/main/resources/META-INF/rewrite/m3-ci-752-text.yml	4ac9bcaf7e026474b87045c8461b4ab5b95d4fcfc91e2678a2e8dd56f3046a04	441	PORTABLE_LOGICAL_BYTES					producer:producer-authoring-v2/src/main/resources/META-INF/rewrite/m3-ci-752-text.yml | producer:evidence/producer-v2/project/src/main/resources/META-INF/rewrite/m3-ci-752-text.yml | producer:evidence/producer-v2/project/target/classes/META-INF/rewrite/m3-ci-752-text.yml | producer:evidence/producer-v1/project/src/main/resources/META-INF/rewrite/m3-ci-752-text.yml | producer:producer-package-inputs/authoring-v1/src/main/resources/META-INF/rewrite/m3-ci-752-text.yml | producer:producer-package-inputs/authoring-v2/src/main/resources/META-INF/rewrite/m3-ci-752-text.yml
published-source-205	synexia-openrewrite-recipes/tasks/m3-ci-752/src/main/resources/com/m3/rewrite/backport/jdk21-hash-pinned-text/m3-ci-752-java/manifest.tsv	20bb056836e5834daed7492bac87bef2df852945ea66d3cefc148ce9bff8b85a	532	PORTABLE_LOGICAL_BYTES					producer:producer-authoring-v2/src/main/resources/com/m3/rewrite/backport/jdk21-hash-pinned-text/m3-ci-752-java/manifest.tsv | producer:evidence/producer-v2/project/src/main/resources/com/m3/rewrite/backport/jdk21-hash-pinned-text/m3-ci-752-java/manifest.tsv | producer:evidence/producer-v2/project/target/classes/com/m3/rewrite/backport/jdk21-hash-pinned-text/m3-ci-752-java/manifest.tsv | producer:evidence/producer-v1/project/src/main/resources/com/m3/rewrite/backport/jdk21-hash-pinned-text/m3-ci-752-java/manifest.tsv | producer:producer-package-inputs/authoring-v1/src/main/resources/com/m3/rewrite/backport/jdk21-hash-pinned-text/m3-ci-752-java/manifest.tsv | producer:producer-package-inputs/authoring-v2/src/main/resources/com/m3/rewrite/backport/jdk21-hash-pinned-text/m3-ci-752-java/manifest.tsv
published-source-205	synexia-openrewrite-recipes/tasks/m3-ci-752/src/main/resources/com/m3/rewrite/backport/jdk21-hash-pinned-text/m3-ci-752-java/target-1.txt	f34470a701cf71b4b4abbe1fa9a5091392a930426ec84d700f13e53edd244629	5380	ACTIVE_RECEIVING_BYTES	m3/tooling/migration-recipes/src/test/java/com/m3/rewrite/M3A3RegexMemoryLabDeliveryRecipeTest.java	m3/migration/intake-20261005/current-752-ci/crate/after/3.txt			producer:producer-authoring-v2/src/main/resources/com/m3/rewrite/backport/jdk21-hash-pinned-text/m3-ci-752-java/target-1.txt | producer:evidence/producer-v2/project/src/main/resources/com/m3/rewrite/backport/jdk21-hash-pinned-text/m3-ci-752-java/target-1.txt | producer:evidence/producer-v2/project/target/classes/com/m3/rewrite/backport/jdk21-hash-pinned-text/m3-ci-752-java/target-1.txt | producer:evidence/producer-v1/project/src/main/resources/com/m3/rewrite/backport/jdk21-hash-pinned-text/m3-ci-752-java/target-1.txt | producer:evidence/producer-v2/generated-candidate/m3/tooling/migration-recipes/src/test/java/com/m3/rewrite/M3A3RegexMemoryLabDeliveryRecipeTest.java | producer:java-authoring-v1/after/m3/tooling/migration-recipes/src/test/java/com/m3/rewrite/M3A3RegexMemoryLabDeliveryRecipeTest.java | producer:producer-package-inputs/authoring-v1/src/main/resources/com/m3/rewrite/backport/jdk21-hash-pinned-text/m3-ci-752-java/target-1.txt | producer:producer-package-inputs/authoring-v2/src/main/resources/com/m3/rewrite/backport/jdk21-hash-pinned-text/m3-ci-752-java/target-1.txt
published-source-205	synexia-openrewrite-recipes/tasks/m3-ci-752/src/main/resources/com/m3/rewrite/backport/jdk21-hash-pinned-text/m3-ci-752-java/target-2.txt	3f3ab065d9e87e9f6095629a56b052642ec9d0883a466430e90a4a4355edd05b	4975	ACTIVE_RECEIVING_BYTES	m3/tooling/migration-recipes/src/test/java/com/m3/rewrite/M3A3RegexMemoryWorkflowRecipeTest.java	m3/migration/intake-20261005/current-752-ci/crate/after/4.txt			producer:producer-authoring-v2/src/main/resources/com/m3/rewrite/backport/jdk21-hash-pinned-text/m3-ci-752-java/target-2.txt | producer:evidence/producer-v2/project/src/main/resources/com/m3/rewrite/backport/jdk21-hash-pinned-text/m3-ci-752-java/target-2.txt | producer:evidence/producer-v2/project/target/classes/com/m3/rewrite/backport/jdk21-hash-pinned-text/m3-ci-752-java/target-2.txt | producer:evidence/producer-v1/project/src/main/resources/com/m3/rewrite/backport/jdk21-hash-pinned-text/m3-ci-752-java/target-2.txt | producer:evidence/producer-v2/generated-candidate/m3/tooling/migration-recipes/src/test/java/com/m3/rewrite/M3A3RegexMemoryWorkflowRecipeTest.java | producer:java-authoring-v1/after/m3/tooling/migration-recipes/src/test/java/com/m3/rewrite/M3A3RegexMemoryWorkflowRecipeTest.java | producer:producer-package-inputs/authoring-v1/src/main/resources/com/m3/rewrite/backport/jdk21-hash-pinned-text/m3-ci-752-java/target-2.txt | producer:producer-package-inputs/authoring-v2/src/main/resources/com/m3/rewrite/backport/jdk21-hash-pinned-text/m3-ci-752-java/target-2.txt
published-source-205	synexia-openrewrite-recipes/tasks/m3-ci-752/src/main/resources/com/synexia/rewrite/hash-pinned-text/m3-ci-752-text/manifest.tsv	ee1689f026984bb0273a77848df5e4611f1c55ce9ffb45f1d5f1eda9e0a2ba12	587	PORTABLE_LOGICAL_BYTES					producer:producer-authoring-v2/src/main/resources/com/synexia/rewrite/hash-pinned-text/m3-ci-752-text/manifest.tsv | producer:evidence/producer-v2/project/src/main/resources/com/synexia/rewrite/hash-pinned-text/m3-ci-752-text/manifest.tsv | producer:evidence/producer-v2/project/target/classes/com/synexia/rewrite/hash-pinned-text/m3-ci-752-text/manifest.tsv | producer:evidence/producer-v1/project/src/main/resources/com/synexia/rewrite/hash-pinned-text/m3-ci-752-text/manifest.tsv | producer:producer-package-inputs/authoring-v1/src/main/resources/com/synexia/rewrite/hash-pinned-text/m3-ci-752-text/manifest.tsv | producer:producer-package-inputs/authoring-v2/src/main/resources/com/synexia/rewrite/hash-pinned-text/m3-ci-752-text/manifest.tsv
published-source-205	synexia-openrewrite-recipes/tasks/m3-ci-752/src/main/resources/com/synexia/rewrite/hash-pinned-text/m3-ci-752-text/target-1.txt	f6f569ef91e6b17be68a48801d1f97639d288d436c277a6401628bd82e210d3e	2413	ACTIVE_RECEIVING_BYTES	.github/workflows/m3-foundation.yml	m3/migration/intake-20261005/current-752-ci/crate/after/0.txt			producer:producer-authoring-v2/src/main/resources/com/synexia/rewrite/hash-pinned-text/m3-ci-752-text/target-1.txt | producer:evidence/producer-v2/project/src/main/resources/com/synexia/rewrite/hash-pinned-text/m3-ci-752-text/target-1.txt | producer:evidence/producer-v2/project/target/classes/com/synexia/rewrite/hash-pinned-text/m3-ci-752-text/target-1.txt | producer:evidence/producer-v1/project/src/main/resources/com/synexia/rewrite/hash-pinned-text/m3-ci-752-text/target-1.txt | producer:evidence/producer-v2/generated-candidate/.github/workflows/m3-foundation.yml | producer:producer-package-inputs/authoring-v1/src/main/resources/com/synexia/rewrite/hash-pinned-text/m3-ci-752-text/target-1.txt | producer:producer-package-inputs/authoring-v2/src/main/resources/com/synexia/rewrite/hash-pinned-text/m3-ci-752-text/target-1.txt
published-source-205	synexia-openrewrite-recipes/tasks/m3-ci-752/src/main/resources/com/synexia/rewrite/hash-pinned-text/m3-ci-752-text/target-2.txt	d51301d3ea225e89b000a2256855ab7806a1faf20c5fa493eb5666de1e7880c2	4695	ACTIVE_RECEIVING_BYTES	m3/backports/compatibility_policy.py	m3/migration/intake-20261005/current-752-ci/crate/after/1.txt			producer:producer-authoring-v2/src/main/resources/com/synexia/rewrite/hash-pinned-text/m3-ci-752-text/target-2.txt | producer:evidence/producer-v2/project/src/main/resources/com/synexia/rewrite/hash-pinned-text/m3-ci-752-text/target-2.txt | producer:evidence/producer-v2/project/target/classes/com/synexia/rewrite/hash-pinned-text/m3-ci-752-text/target-2.txt | producer:evidence/producer-v1/project/src/main/resources/com/synexia/rewrite/hash-pinned-text/m3-ci-752-text/target-2.txt | producer:evidence/producer-v2/generated-candidate/m3/backports/compatibility_policy.py | producer:producer-package-inputs/authoring-v1/src/main/resources/com/synexia/rewrite/hash-pinned-text/m3-ci-752-text/target-2.txt | producer:producer-package-inputs/authoring-v2/src/main/resources/com/synexia/rewrite/hash-pinned-text/m3-ci-752-text/target-2.txt
published-source-205	synexia-openrewrite-recipes/tasks/m3-ci-752/src/main/resources/com/synexia/rewrite/hash-pinned-text/m3-ci-752-text/target-3.txt	dbd50a08d902a4009c66e22b8e6f499a66bbe4316c2d96d1e47c60194b572937	7177	ACTIVE_RECEIVING_BYTES	m3/backports/test_compatibility_policy.py	m3/migration/intake-20261005/current-752-ci/crate/after/2.txt			producer:producer-authoring-v2/src/main/resources/com/synexia/rewrite/hash-pinned-text/m3-ci-752-text/target-3.txt | producer:evidence/producer-v2/project/src/main/resources/com/synexia/rewrite/hash-pinned-text/m3-ci-752-text/target-3.txt | producer:evidence/producer-v2/project/target/classes/com/synexia/rewrite/hash-pinned-text/m3-ci-752-text/target-3.txt | producer:evidence/producer-v1/project/src/main/resources/com/synexia/rewrite/hash-pinned-text/m3-ci-752-text/target-3.txt | producer:evidence/producer-v2/generated-candidate/m3/backports/test_compatibility_policy.py | producer:producer-package-inputs/authoring-v1/src/main/resources/com/synexia/rewrite/hash-pinned-text/m3-ci-752-text/target-3.txt | producer:producer-package-inputs/authoring-v2/src/main/resources/com/synexia/rewrite/hash-pinned-text/m3-ci-752-text/target-3.txt
published-source-205	synexia-openrewrite-recipes/tasks/m3-ci-752/src/test/java/com/synexia/rewrite/CiRecipeTest.java	c1393fa0877d8e1d5bf01773b973ed8713fb47b205ab7953feec1efab9bdcae0	23897	PORTABLE_LOGICAL_BYTES					producer:producer-authoring-v2/src/test/java/com/synexia/rewrite/CiRecipeTest.java | producer:evidence/producer-v2/project/src/test/java/com/synexia/rewrite/CiRecipeTest.java | producer:evidence/producer-v1/project/src/test/java/com/synexia/rewrite/CiRecipeTest.java | producer:producer-package-inputs/authoring-v1/src/test/java/com/synexia/rewrite/CiRecipeTest.java | producer:producer-package-inputs/authoring-v2/src/test/java/com/synexia/rewrite/CiRecipeTest.java
published-source-205	synexia-openrewrite-recipes/tasks/m3-ci-752/src/test/resources/before/.github/workflows/m3-foundation.yml	2a81b9ebfa5d477977dba4632a0e7c89f2ebb89606eb46491197536335d63fee	2205	FROZEN_RECEIVING_EVIDENCE		m3/migration/intake-20261005/current-752-ci/crate/before/0.txt			producer:producer-authoring-v2/src/test/resources/before/.github/workflows/m3-foundation.yml | producer:evidence/producer-v2/project/src/test/resources/before/.github/workflows/m3-foundation.yml | producer:evidence/producer-v2/project/target/test-classes/before/.github/workflows/m3-foundation.yml | producer:evidence/producer-v1/project/src/test/resources/before/.github/workflows/m3-foundation.yml | producer:producer-package-inputs/authoring-v1/src/test/resources/before/.github/workflows/m3-foundation.yml | producer:producer-package-inputs/authoring-v2/src/test/resources/before/.github/workflows/m3-foundation.yml | producer:text-authoring-v1/before/.github/workflows/m3-foundation.yml
published-source-205	synexia-openrewrite-recipes/tasks/m3-ci-752/src/test/resources/before/m3/backports/compatibility_policy.py	3fbe65ee5d3130858d114b0637207585e0cb20c2b5008def8c3dc6607f042d41	4692	FROZEN_RECEIVING_EVIDENCE		m3/migration/intake-20261005/current-752-ci/crate/before/1.txt			producer:producer-authoring-v2/src/test/resources/before/m3/backports/compatibility_policy.py | producer:evidence/producer-v2/project/src/test/resources/before/m3/backports/compatibility_policy.py | producer:evidence/producer-v2/project/target/test-classes/before/m3/backports/compatibility_policy.py | producer:evidence/producer-v1/project/src/test/resources/before/m3/backports/compatibility_policy.py | producer:producer-package-inputs/authoring-v1/src/test/resources/before/m3/backports/compatibility_policy.py | producer:producer-package-inputs/authoring-v2/src/test/resources/before/m3/backports/compatibility_policy.py | producer:text-authoring-v1/before/m3/backports/compatibility_policy.py
published-source-205	synexia-openrewrite-recipes/tasks/m3-ci-752/src/test/resources/before/m3/backports/test_compatibility_policy.py	10d8d11da8b4dd6772875cb3ba5c1f2c0732e307cdd5c983a96811b9c9f5180d	6038	FROZEN_RECEIVING_EVIDENCE		m3/migration/intake-20261005/current-752-ci/crate/before/2.txt			producer:producer-authoring-v2/src/test/resources/before/m3/backports/test_compatibility_policy.py | producer:evidence/producer-v2/project/src/test/resources/before/m3/backports/test_compatibility_policy.py | producer:evidence/producer-v2/project/target/test-classes/before/m3/backports/test_compatibility_policy.py | producer:evidence/producer-v1/project/src/test/resources/before/m3/backports/test_compatibility_policy.py | producer:producer-package-inputs/authoring-v1/src/test/resources/before/m3/backports/test_compatibility_policy.py | producer:producer-package-inputs/authoring-v2/src/test/resources/before/m3/backports/test_compatibility_policy.py | producer:text-authoring-v1/before/m3/backports/test_compatibility_policy.py
published-source-205	synexia-openrewrite-recipes/tasks/m3-ci-752/src/test/resources/before/m3/tooling/migration-recipes/src/test/java/com/m3/rewrite/M3A3RegexMemoryLabDeliveryRecipeTest.java	58d01008f3dc6e79d988e855d76ba90eb0a13d39a76e7eb4027d75442389ec94	5379	FROZEN_RECEIVING_EVIDENCE		m3/migration/intake-20261005/current-752-ci/crate/before/3.txt			producer:producer-authoring-v2/src/test/resources/before/m3/tooling/migration-recipes/src/test/java/com/m3/rewrite/M3A3RegexMemoryLabDeliveryRecipeTest.java | producer:evidence/producer-v2/project/src/test/resources/before/m3/tooling/migration-recipes/src/test/java/com/m3/rewrite/M3A3RegexMemoryLabDeliveryRecipeTest.java | producer:evidence/producer-v2/project/target/test-classes/before/m3/tooling/migration-recipes/src/test/java/com/m3/rewrite/M3A3RegexMemoryLabDeliveryRecipeTest.java | producer:evidence/producer-v1/project/src/test/resources/before/m3/tooling/migration-recipes/src/test/java/com/m3/rewrite/M3A3RegexMemoryLabDeliveryRecipeTest.java | producer:java-authoring-v1/before/m3/tooling/migration-recipes/src/test/java/com/m3/rewrite/M3A3RegexMemoryLabDeliveryRecipeTest.java | producer:producer-package-inputs/authoring-v1/src/test/resources/before/m3/tooling/migration-recipes/src/test/java/com/m3/rewrite/M3A3RegexMemoryLabDeliveryRecipeTest.java | producer:producer-package-inputs/authoring-v2/src/test/resources/before/m3/tooling/migration-recipes/src/test/java/com/m3/rewrite/M3A3RegexMemoryLabDeliveryRecipeTest.java
published-source-205	synexia-openrewrite-recipes/tasks/m3-ci-752/src/test/resources/before/m3/tooling/migration-recipes/src/test/java/com/m3/rewrite/M3A3RegexMemoryWorkflowRecipeTest.java	69882638771a411cf0866f789a7b3ef7e7e7040cde38a1c40ef4a743d37168e2	4974	FROZEN_RECEIVING_EVIDENCE		m3/migration/intake-20261005/current-752-ci/crate/before/4.txt			producer:producer-authoring-v2/src/test/resources/before/m3/tooling/migration-recipes/src/test/java/com/m3/rewrite/M3A3RegexMemoryWorkflowRecipeTest.java | producer:evidence/producer-v2/project/src/test/resources/before/m3/tooling/migration-recipes/src/test/java/com/m3/rewrite/M3A3RegexMemoryWorkflowRecipeTest.java | producer:evidence/producer-v2/project/target/test-classes/before/m3/tooling/migration-recipes/src/test/java/com/m3/rewrite/M3A3RegexMemoryWorkflowRecipeTest.java | producer:evidence/producer-v1/project/src/test/resources/before/m3/tooling/migration-recipes/src/test/java/com/m3/rewrite/M3A3RegexMemoryWorkflowRecipeTest.java | producer:java-authoring-v1/before/m3/tooling/migration-recipes/src/test/java/com/m3/rewrite/M3A3RegexMemoryWorkflowRecipeTest.java | producer:producer-package-inputs/authoring-v1/src/test/resources/before/m3/tooling/migration-recipes/src/test/java/com/m3/rewrite/M3A3RegexMemoryWorkflowRecipeTest.java | producer:producer-package-inputs/authoring-v2/src/test/resources/before/m3/tooling/migration-recipes/src/test/java/com/m3/rewrite/M3A3RegexMemoryWorkflowRecipeTest.java
published-source-205	synexia-openrewrite-recipes/verification/ci-current-20261005/README.md	c4f6015fb69aa7cf39bc6c6694516060f0589fb36b8c1158fdb478b8afc87703	5380	MISSING_BYTES					
published-source-205	synexia-openrewrite-recipes/verification/ci-current-20261005/admission-evidence/COPIED_INPUTS.json	5538624b0a313737802a816a5c2a9126dd6d9952b9589f4f8f033ba704771abf	6678	MISSING_BYTES					
published-source-205	synexia-openrewrite-recipes/verification/ci-current-20261005/admission-evidence/author-text-resources.py	56131f696b1f278c433821338aec86d273b01ac06c50d3f4eee594ee0004a5f3	6418	PORTABLE_LOGICAL_BYTES					producer:author-text-resources.py
published-source-205	synexia-openrewrite-recipes/verification/ci-current-20261005/admission-evidence/ci-at-pr148-5c1ee94/ACQUISITIONS.json	7f53911ce1de3974fbd0bae2290d89f6520d127572f4e02545a7e3b9c6336af8	264829	MISSING_BYTES					
published-source-205	synexia-openrewrite-recipes/verification/ci-current-20261005/admission-evidence/ci-at-pr148-5c1ee94/INDEX.json	8a7986f83b3f80b252b1bb65bb38d83dcb8f0bec7ec521eaef7cd7b566a97e81	2964	MISSING_BYTES					
published-source-205	synexia-openrewrite-recipes/verification/ci-current-20261005/admission-evidence/ci-at-pr148-5c1ee94/README.md	cdf843c21a56e538ce9a15d5297961073ea08d17ed5120a2d0f7cb57365e7e5b	4328	MISSING_BYTES					
published-source-205	synexia-openrewrite-recipes/verification/ci-current-20261005/admission-evidence/ci-at-pr148-5c1ee94/REPORT.json	b3451ffae472498a6d94d01f49aebed75928e68b414ccd6a5ac2655c6391e100	13199	MISSING_BYTES					
published-source-205	synexia-openrewrite-recipes/verification/ci-current-20261005/admission-evidence/ci-at-pr148-5c1ee94/attempted-job-detail-111763396934.json	88192edc8ce3b84943535216f9687f6a11440ec491b0aa119a3ec0eed8a18ac7	156	MISSING_BYTES					
published-source-205	synexia-openrewrite-recipes/verification/ci-current-20261005/admission-evidence/ci-at-pr148-5c1ee94/attempted-job-detail-111763397210.json	88192edc8ce3b84943535216f9687f6a11440ec491b0aa119a3ec0eed8a18ac7	156	MISSING_BYTES					
published-source-205	synexia-openrewrite-recipes/verification/ci-current-20261005/admission-evidence/ci-at-pr148-5c1ee94/attempted-job-detail-111763397781.json	88192edc8ce3b84943535216f9687f6a11440ec491b0aa119a3ec0eed8a18ac7	156	MISSING_BYTES					
published-source-205	synexia-openrewrite-recipes/verification/ci-current-20261005/admission-evidence/ci-at-pr148-5c1ee94/check-runs.first-page.json	ec539b8da07e52f73c02465d9a0b8fa34b519d2c86bf30b1c965d311e55f5af6	116267	MISSING_BYTES					
published-source-205	synexia-openrewrite-recipes/verification/ci-current-20261005/admission-evidence/ci-at-pr148-5c1ee94/combined-status.json	3c91caab22dad3973962314f0f0d09d9f959792b3f7a5f0719262e27e7f3f685	15	MISSING_BYTES					
published-source-205	synexia-openrewrite-recipes/verification/ci-current-20261005/admission-evidence/ci-at-pr148-5c1ee94/foundation-command-excerpts.txt	917ccef20aa289428426ba14ccf7e532e15bbbe0f3cd9ae3a8f3562384e0b41c	4747	MISSING_BYTES					
published-source-205	synexia-openrewrite-recipes/verification/ci-current-20261005/admission-evidence/ci-at-pr148-5c1ee94/java-test-compile-excerpt.txt	0d1fca352c18ae7c7759ca0bcc24b3fc099b01bbfbb7bd4dfa257ce0d9a7c26f	2654	MISSING_BYTES					
published-source-205	synexia-openrewrite-recipes/verification/ci-current-20261005/admission-evidence/ci-at-pr148-5c1ee94/job-111763396934.log	5bf59102405b8a059dff536683a3344857f1e0a6d938a7288e1c43449f51291d	78707	MISSING_BYTES					
published-source-205	synexia-openrewrite-recipes/verification/ci-current-20261005/admission-evidence/ci-at-pr148-5c1ee94/job-111763397210.log	28a1d7372652aa3d704aae587c8e3f0f1763ee9b077a4d6fb806d6c2404b7676	14446	MISSING_BYTES					
published-source-205	synexia-openrewrite-recipes/verification/ci-current-20261005/admission-evidence/ci-at-pr148-5c1ee94/job-111763397781.log	03d194f95a632e9e2ccae5f4756253cb3776c23172e4a2f4986874c37302aee1	24769	MISSING_BYTES					
published-source-205	synexia-openrewrite-recipes/verification/ci-current-20261005/admission-evidence/ci-at-pr148-5c1ee94/python-import-excerpt.txt	d6f4d5226df1904a87d32d63c16ca289745dd7c68e668151ad53153414aa875e	1060	MISSING_BYTES					
published-source-205	synexia-openrewrite-recipes/verification/ci-current-20261005/admission-evidence/ci-at-pr148-5c1ee94/run-37310184481-jobs.json	58cc07d538b7ed3b663ee5baf4ed403da9e87f20b2406ba2ff6b099dcae7ca8e	2367	MISSING_BYTES					
published-source-205	synexia-openrewrite-recipes/verification/ci-current-20261005/admission-evidence/ci-at-pr148-5c1ee94/run-37310184488-jobs.json	7551a6c3f4068dd37e5452448929bd37a5cf36c6516728978f02e5a0cd2cfd5e	2143	MISSING_BYTES					
published-source-205	synexia-openrewrite-recipes/verification/ci-current-20261005/admission-evidence/ci-at-pr148-5c1ee94/run-37310184801-jobs.json	86711f471b3a400946b9ecd36e4ea02447b12d3b95097ff873d0dd38b7719584	2747	MISSING_BYTES					
published-source-205	synexia-openrewrite-recipes/verification/ci-current-20261005/admission-evidence/ci-at-pr148-5c1ee94/workflow-runs.first-page.json	6b28960e4c6643312e0c28fc33420550cbeca8c6cec2cd65026af22139d070c9	3535	MISSING_BYTES					
published-source-205	synexia-openrewrite-recipes/verification/ci-current-20261005/admission-evidence/preparation-packet/FINAL_REPORT.md	9398e994685e1af07e10bfdec9ac7883dac856c055394daa4ce93e159f017b56	1128	FROZEN_RECEIVING_EVIDENCE		m3/migration/intake-20261005/current-752-ci/source-task-packet/FINAL_REPORT.md		m3/migration/intake-20261005/current-752-ci/producer-portable/task-packet/FINAL_REPORT.md	producer:task-packet/FINAL_REPORT.md
published-source-205	synexia-openrewrite-recipes/verification/ci-current-20261005/admission-evidence/preparation-packet/OUTPUT_CONTRACT.tsv	e10a3e8c6cac4ff480bf98ba33593d7591ef3b47c85e793714f1164759bf24d4	644	FROZEN_RECEIVING_EVIDENCE		m3/migration/intake-20261005/current-752-ci/source-task-packet/OUTPUT_CONTRACT.tsv		m3/migration/intake-20261005/current-752-ci/producer-portable/task-packet/OUTPUT_CONTRACT.tsv	producer:task-packet/OUTPUT_CONTRACT.tsv
published-source-205	synexia-openrewrite-recipes/verification/ci-current-20261005/admission-evidence/preparation-packet/PROVENANCE.tsv	4e5523e7fb5c37df8be0f327ed63a4b7b51b371117ba53cccbed8e4ac05d70e3	708	FROZEN_RECEIVING_EVIDENCE		m3/migration/intake-20261005/current-752-ci/source-task-packet/PROVENANCE.tsv		m3/migration/intake-20261005/current-752-ci/producer-portable/task-packet/PROVENANCE.tsv	producer:task-packet/PROVENANCE.tsv
published-source-205	synexia-openrewrite-recipes/verification/ci-current-20261005/admission-evidence/preparation-packet/RUN_CONTEXT.tsv	6c980e16d0d4e4f8a58723522cb6e716fd5a44f30b0e3a27e75f848b726bdfc8	583	FROZEN_RECEIVING_EVIDENCE		m3/migration/intake-20261005/current-752-ci/source-task-packet/RUN_CONTEXT.tsv		m3/migration/intake-20261005/current-752-ci/producer-portable/task-packet/RUN_CONTEXT.tsv	producer:task-packet/RUN_CONTEXT.tsv
published-source-205	synexia-openrewrite-recipes/verification/ci-current-20261005/admission-evidence/preparation-packet/STATUS.tsv	eab61f7203ce00769b1d67824e206c6552d9821c092f8d18621bee0761fc1c1d	479	FROZEN_RECEIVING_EVIDENCE		m3/migration/intake-20261005/current-752-ci/source-task-packet/STATUS.tsv		m3/migration/intake-20261005/current-752-ci/producer-portable/task-packet/STATUS.tsv	producer:task-packet/STATUS.tsv
published-source-205	synexia-openrewrite-recipes/verification/ci-current-20261005/admission-evidence/preparation-packet/TASK_PACKET.json	574537187fbbbbdc3800e64c31f19f4d9a4a63f49d6bc43935609ecd35bfe4af	3562	FROZEN_RECEIVING_EVIDENCE		m3/migration/intake-20261005/current-752-ci/source-task-packet/TASK_PACKET.json		m3/migration/intake-20261005/current-752-ci/producer-portable/task-packet/TASK_PACKET.json	producer:task-packet/TASK_PACKET.json
published-source-205	synexia-openrewrite-recipes/verification/ci-current-20261005/admission-evidence/preparation-packet/VERIFY_CONTRACT.tsv	4e44f8931c93e3f4c58e3eb8359447acb6d8d2d5476a3d37b32fd505fe1bdcd5	990	FROZEN_RECEIVING_EVIDENCE		m3/migration/intake-20261005/current-752-ci/source-task-packet/VERIFY_CONTRACT.tsv		m3/migration/intake-20261005/current-752-ci/producer-portable/task-packet/VERIFY_CONTRACT.tsv	producer:task-packet/VERIFY_CONTRACT.tsv
published-source-205	synexia-openrewrite-recipes/verification/ci-current-20261005/admission-evidence/review/COPIED_REVIEW.json	37089aee060fe37bee3ac7e6fabc5f6cf33181de17c000cdf34cce1fd437e055	379	MISSING_BYTES					
published-source-205	synexia-openrewrite-recipes/verification/ci-current-20261005/admission-evidence/review/cit-text3-review.json	65112b1b058d200764e115a6f45cba1c545c80d09c009bddb6c67f500de39dc0	11620	PORTABLE_LOGICAL_BYTES					producer:review/cit-text3-review.json
published-source-205	synexia-openrewrite-recipes/verification/ci-current-20261005/admission-evidence/review/cit-text3-review.md	3d43e216f7b89729a59019f7a8c29fa7ae6778dcddc79473f7831e00d8788b88	2746	PORTABLE_LOGICAL_BYTES					producer:review/cit-text3-review.md
published-source-205	synexia-openrewrite-recipes/verification/ci-current-20261005/admission-evidence/text-authoring.json	0f6e2d3d8f96b003e97ab25282967fac96df871a5713edd2561b4c70f6c2e821	1691	PORTABLE_LOGICAL_BYTES					producer:text-authoring-v1/AUTHORED.json
published-source-205	synexia-openrewrite-recipes/verification/ci-current-20261005/native-current-v1/FINAL-AUDIT.json	5c646be616f481b835bcf65607408f1573bd589716d1ea98cbf56f4616298e33	1972	FROZEN_RECEIVING_EVIDENCE		m3/migration/intake-20261005/current-752-ci/native-current-v1/FINAL-AUDIT.json	m3/migration/intake-20261005/current-752-ci/native-current-v1/FINAL-AUDIT.json		native:evidence/current-v1/FINAL-AUDIT.json
published-source-205	synexia-openrewrite-recipes/verification/ci-current-20261005/native-current-v1/FINAL_REPORT.md	3b1a9bd70bdcddcea04d27f63e99c3bb051a623e5cdabff3ccd081fc7515cb62	5351	FROZEN_RECEIVING_EVIDENCE		m3/migration/intake-20261005/current-752-ci/native-current-v1/FINAL_REPORT.md	m3/migration/intake-20261005/current-752-ci/native-current-v1/FINAL_REPORT.md		native:publication-metadata/FINAL_REPORT.md
published-source-205	synexia-openrewrite-recipes/verification/ci-current-20261005/native-current-v1/INDEPENDENT-READBACK.json	70038d936c62c8dfed73a60059b08104c5326f460ddc36e63d9e4249dc24bbda	3167	FROZEN_RECEIVING_EVIDENCE		m3/migration/intake-20261005/current-752-ci/native-current-v1/INDEPENDENT-READBACK.json	m3/migration/intake-20261005/current-752-ci/native-current-v1/INDEPENDENT-READBACK.json		
published-source-205	synexia-openrewrite-recipes/verification/ci-current-20261005/native-current-v1/OUTPUT_CONTRACT.tsv	0ea2600bfc6703aa2449f8fbc3fe7c650eba1c5d2969cc0074d6ba83d43e331a	1719	FROZEN_RECEIVING_EVIDENCE		m3/migration/intake-20261005/current-752-ci/native-current-v1/OUTPUT_CONTRACT.tsv	m3/migration/intake-20261005/current-752-ci/native-current-v1/OUTPUT_CONTRACT.tsv		native:publication-metadata/OUTPUT_CONTRACT.tsv
published-source-205	synexia-openrewrite-recipes/verification/ci-current-20261005/native-current-v1/PREPARED.json	1d23b6f673f7ee717af18a9e9284808505d6e2956a610f8a30e30101c462a841	5773	FROZEN_RECEIVING_EVIDENCE		m3/migration/intake-20261005/current-752-ci/native-current-v1/PREPARED.json	m3/migration/intake-20261005/current-752-ci/native-current-v1/PREPARED.json		native:PREPARED.json
published-source-205	synexia-openrewrite-recipes/verification/ci-current-20261005/native-current-v1/PROVENANCE.tsv	8eae2d464bc16b566957aff8cc0fb62f02dcada2250a8b51a493de0514966bfb	2238	FROZEN_RECEIVING_EVIDENCE		m3/migration/intake-20261005/current-752-ci/native-current-v1/PROVENANCE.tsv	m3/migration/intake-20261005/current-752-ci/native-current-v1/PROVENANCE.tsv		native:publication-metadata/PROVENANCE.tsv
published-source-205	synexia-openrewrite-recipes/verification/ci-current-20261005/native-current-v1/README.md	f59fe0e255ea492379e8a2b1e4cb1b731dcf5bdc46e889da6bc0706b9aa23f51	1499	FROZEN_RECEIVING_EVIDENCE		m3/migration/intake-20261005/current-752-ci/native-current-v1/README.md	m3/migration/intake-20261005/current-752-ci/native-current-v1/README.md		
published-source-205	synexia-openrewrite-recipes/verification/ci-current-20261005/native-current-v1/RESULT.json	1e82bec642c8ea8ece15e8caeeed283416c1b612e22c357b20178524b6ab1605	3750	FROZEN_RECEIVING_EVIDENCE		m3/migration/intake-20261005/current-752-ci/native-current-v1/RESULT.json	m3/migration/intake-20261005/current-752-ci/native-current-v1/RESULT.json		native:evidence/current-v1/RESULT.json
published-source-205	synexia-openrewrite-recipes/verification/ci-current-20261005/native-current-v1/RUN_CONTEXT.tsv	06c850533eb5b9efc5da380835e47b4f6d797bb73a3b5cc5552f09c3b6bd87c2	1718	FROZEN_RECEIVING_EVIDENCE		m3/migration/intake-20261005/current-752-ci/native-current-v1/RUN_CONTEXT.tsv	m3/migration/intake-20261005/current-752-ci/native-current-v1/RUN_CONTEXT.tsv		native:publication-metadata/RUN_CONTEXT.tsv
published-source-205	synexia-openrewrite-recipes/verification/ci-current-20261005/native-current-v1/STATUS.tsv	24d8a3a37645fe63c13aad8177c1333abcbd80dd176f69eea4a6d383e021da56	1532	FROZEN_RECEIVING_EVIDENCE		m3/migration/intake-20261005/current-752-ci/native-current-v1/STATUS.tsv	m3/migration/intake-20261005/current-752-ci/native-current-v1/STATUS.tsv		native:publication-metadata/STATUS.tsv
published-source-205	synexia-openrewrite-recipes/verification/ci-current-20261005/native-current-v1/VERIFY_CONTRACT.tsv	8a94b7c0d1829129bc5a35853fea4844ad99f2ca5c9b391c13ef14b4e69585f7	1295	FROZEN_RECEIVING_EVIDENCE		m3/migration/intake-20261005/current-752-ci/native-current-v1/VERIFY_CONTRACT.tsv	m3/migration/intake-20261005/current-752-ci/native-current-v1/VERIFY_CONTRACT.tsv		native:publication-metadata/VERIFY_CONTRACT.tsv
published-source-205	synexia-openrewrite-recipes/verification/ci-current-20261005/native-current-v1/evidence-bundle/BUNDLE.json	d3a09e407eeb5e352e00ff7167ddb73737a2c488c16e4d382491defa4d706b42	6919	FROZEN_RECEIVING_EVIDENCE		m3/migration/intake-20261005/current-752-ci/native-current-v1/evidence-bundle/BUNDLE.json	m3/migration/intake-20261005/current-752-ci/native-current-v1/evidence-bundle/BUNDLE.json		
published-source-205	synexia-openrewrite-recipes/verification/ci-current-20261005/native-current-v1/evidence-bundle/LANES.json	87661dd6b9c47695e67b34a8f806ae2705e3972b8d5a63272bd092cd54ea4ade	4652	FROZEN_RECEIVING_EVIDENCE		m3/migration/intake-20261005/current-752-ci/native-current-v1/evidence-bundle/LANES.json	m3/migration/intake-20261005/current-752-ci/native-current-v1/evidence-bundle/LANES.json		
published-source-205	synexia-openrewrite-recipes/verification/ci-current-20261005/native-current-v1/evidence-bundle/PACKAGE.json	c1c777a4facbbf4c5b842a3cd62326993ca7859d1ef67c6861bf5ae06e80f6c7	1432	FROZEN_RECEIVING_EVIDENCE		m3/migration/intake-20261005/current-752-ci/native-current-v1/evidence-bundle/PACKAGE.json	m3/migration/intake-20261005/current-752-ci/native-current-v1/evidence-bundle/PACKAGE.json		
published-source-205	synexia-openrewrite-recipes/verification/ci-current-20261005/native-current-v1/evidence-bundle/PATHS-0001.tsv	59d32402560ecb152e0fbc87475a6ce59784b25833cc33f881268e081118761a	35870	FROZEN_RECEIVING_EVIDENCE		m3/migration/intake-20261005/current-752-ci/native-current-v1/evidence-bundle/PATHS-0001.tsv	m3/migration/intake-20261005/current-752-ci/native-current-v1/evidence-bundle/PATHS-0001.tsv		
published-source-205	synexia-openrewrite-recipes/verification/ci-current-20261005/native-current-v1/evidence-bundle/README.md	2bc32d89eeff69ac9200abed775bdcd5bd346fe818f12f845dc97a845a214853	2425	FROZEN_RECEIVING_EVIDENCE		m3/migration/intake-20261005/current-752-ci/native-current-v1/evidence-bundle/README.md	m3/migration/intake-20261005/current-752-ci/native-current-v1/evidence-bundle/README.md		
published-source-205	synexia-openrewrite-recipes/verification/ci-current-20261005/native-current-v1/evidence-bundle/VERIFY-COMMAND.json	fa34bfb0420e30c36b262a20474bf17805ef589dc687a689976f2de7fbe6600e	1595	FROZEN_RECEIVING_EVIDENCE		m3/migration/intake-20261005/current-752-ci/native-current-v1/evidence-bundle/VERIFY-COMMAND.json	m3/migration/intake-20261005/current-752-ci/native-current-v1/evidence-bundle/VERIFY-COMMAND.json		
published-source-205	synexia-openrewrite-recipes/verification/ci-current-20261005/native-current-v1/evidence-bundle/VERIFY.json	14e7d9bbf54ae124f9f96e459244431ab3092036e48e282451cfb02e6f62f585	770	FROZEN_RECEIVING_EVIDENCE		m3/migration/intake-20261005/current-752-ci/native-current-v1/evidence-bundle/VERIFY.json	m3/migration/intake-20261005/current-752-ci/native-current-v1/evidence-bundle/VERIFY.json		
published-source-205	synexia-openrewrite-recipes/verification/ci-current-20261005/native-current-v1/evidence-bundle/part-0001.tar.gz	39da8febc4cb5b66776b9655db3ac19d30e78c7ada2edb2238ccbebdb3ec7c8e	1943079	FROZEN_RECEIVING_EVIDENCE		m3/migration/intake-20261005/current-752-ci/native-current-v1/evidence-bundle/part-0001.tar.gz	m3/migration/intake-20261005/current-752-ci/native-current-v1/evidence-bundle/part-0001.tar.gz		
published-source-205	synexia-openrewrite-recipes/verification/ci-current-20261005/native-current-v1/evidence-bundle/part-0002.tar.gz	76129776495671c7f33932595e4dc0014df10b3dfaa886d938af97e05370da0e	198304	FROZEN_RECEIVING_EVIDENCE		m3/migration/intake-20261005/current-752-ci/native-current-v1/evidence-bundle/part-0002.tar.gz	m3/migration/intake-20261005/current-752-ci/native-current-v1/evidence-bundle/part-0002.tar.gz		
published-source-205	synexia-openrewrite-recipes/verification/ci-current-20261005/native-current-v1/evidence-tools/native_bundle.py	9bde181c72dd0372a55104ee9dfabc7173351c8734f8b9b778060589e2a5a3e6	753	FROZEN_RECEIVING_EVIDENCE		m3/migration/intake-20261005/current-752-ci/native-current-v1/evidence-tools/native_bundle.py	m3/migration/intake-20261005/current-752-ci/native-current-v1/evidence-tools/native_bundle.py		native:acquisition/native_bundle.py
published-source-205	synexia-openrewrite-recipes/verification/ci-current-20261005/native-current-v1/evidence-tools/package_evidence.py	89d43693f508c723e431296cc06f611c8de4f94df8eaddea95a2c7742feb0574	33814	FROZEN_RECEIVING_EVIDENCE		m3/migration/intake-20261005/current-752-ci/native-current-v1/evidence-tools/package_evidence.py	m3/migration/intake-20261005/current-752-ci/native-current-v1/evidence-tools/package_evidence.py	m3/migration/intake-20261005/current-752-ci/producer-portable/evidence-tools/package_evidence.py | m3/migration/intake-20261005/current-752-ci/cir-producer-portable/package_evidence.py | m3/migration/intake-20261005/current-752-ci/cia-producer-portable/package_evidence.py	native:acquisition/package_evidence.py | cir:cir-package-inputs/package_evidence.py | producer:producer-package-inputs/acquisition/package_evidence.py
published-source-205	synexia-openrewrite-recipes/verification/ci-current-20261005/native-current-v1/evidence-tools/readback_native.py	52e46492bd3ebadff1aea7981ae55b21c82d0c1523e4e067a2d8fc97618bd1e3	14925	FROZEN_RECEIVING_EVIDENCE		m3/migration/intake-20261005/current-752-ci/native-current-v1/evidence-tools/readback_native.py	m3/migration/intake-20261005/current-752-ci/native-current-v1/evidence-tools/readback_native.py		
published-source-205	synexia-openrewrite-recipes/verification/ci-current-20261005/native-current-v1/package-plan.json	9bc72208f52d917857223bccd8f9b9ef5c3cce931515331d7c3d0b48b4cba68a	1137	FROZEN_RECEIVING_EVIDENCE		m3/migration/intake-20261005/current-752-ci/native-current-v1/package-plan.json	m3/migration/intake-20261005/current-752-ci/native-current-v1/package-plan.json		native:package-plan.json
published-source-205	synexia-openrewrite-recipes/verification/ci-current-20261005/producer-current/OUTPUT.json	0347e932f876d72db7d5247c54375fdc40f15f1138392ddffab03c0bb63834c5	1369	FROZEN_RECEIVING_EVIDENCE		m3/migration/intake-20261005/current-752-ci/producer/OUTPUT.json	m3/migration/intake-20261005/current-752-ci/producer-portable/OUTPUT.json	m3/migration/intake-20261005/current-752-ci/producer-portable/OUTPUT.json	cia:cia-package-inputs/source-context/ci-repairs/evidence/producer-v2/generated-candidate/OUTPUT.json | producer:evidence/producer-v2/generated-candidate/OUTPUT.json | cir:evidence/producer-v2/generated-candidate/OUTPUT.json | cia:evidence/producer-v2/generated-candidate/OUTPUT.json
published-source-205	synexia-openrewrite-recipes/verification/ci-current-20261005/producer-current/OWNER-PROVENANCE.json	ec28f568489da71a0574c09bfd0e361757b2558125444a0c3c39ff59ffce1421	3737	EXPLICIT_PORTABLE_FILE			m3/migration/intake-20261005/current-752-ci/producer-portable/OWNER-PROVENANCE.json	m3/migration/intake-20261005/current-752-ci/producer-portable/OWNER-PROVENANCE.json	producer:OWNER-PROVENANCE.json | cia:OWNER-PROVENANCE.json | cia:cia-package-inputs/source-context/ci-repairs/OWNER-PROVENANCE.json
published-source-205	synexia-openrewrite-recipes/verification/ci-current-20261005/producer-current/PACK-COMMAND.json	c7266ae6aa1954f108637651906fe2f7a0d65b67d2c334a51079c4995748e485	1139	EXPLICIT_PORTABLE_FILE			m3/migration/intake-20261005/current-752-ci/producer-portable/PACK-COMMAND.json	m3/migration/intake-20261005/current-752-ci/producer-portable/PACK-COMMAND.json	
published-source-205	synexia-openrewrite-recipes/verification/ci-current-20261005/producer-current/PATCH.json	e68b1a68c92078a9d700459d112987c8fcd5dc6bd7a06692859e530838ab33ce	941	FROZEN_RECEIVING_EVIDENCE		m3/migration/intake-20261005/current-752-ci/producer/PATCH.json	m3/migration/intake-20261005/current-752-ci/producer-portable/PATCH.json	m3/migration/intake-20261005/current-752-ci/producer-portable/PATCH.json	producer:evidence/producer-v2/PATCH.json
published-source-205	synexia-openrewrite-recipes/verification/ci-current-20261005/producer-current/PREFLIGHT-REFUSAL-v1.json	c55e43c69de25a151ead06d5ffe917b16b6b3aeafc7b37ca0da06942b36dec6d	708	EXPLICIT_PORTABLE_FILE			m3/migration/intake-20261005/current-752-ci/producer-portable/PREFLIGHT-REFUSAL-v1.json	m3/migration/intake-20261005/current-752-ci/producer-portable/PREFLIGHT-REFUSAL-v1.json	producer:PREFLIGHT-REFUSAL-v1.json
published-source-205	synexia-openrewrite-recipes/verification/ci-current-20261005/producer-current/QUALIFIED-PRODUCER.json	8a745cb9c01ccd11e4f3a179e1d91a55542decf9c5d6a22b812750b781281b8b	3377	EXPLICIT_PORTABLE_FILE			m3/migration/intake-20261005/current-752-ci/producer-portable/QUALIFIED-PRODUCER.json	m3/migration/intake-20261005/current-752-ci/producer-portable/QUALIFIED-PRODUCER.json	producer:QUALIFIED-PRODUCER.json
published-source-205	synexia-openrewrite-recipes/verification/ci-current-20261005/producer-current/README.md	dad88ede04160dfff84c775e3718a68c29748e621d911253753a341ecfc9cb21	4085	EXPLICIT_PORTABLE_FILE			m3/migration/intake-20261005/current-752-ci/producer-portable/README.md	m3/migration/intake-20261005/current-752-ci/producer-portable/README.md	
published-source-205	synexia-openrewrite-recipes/verification/ci-current-20261005/producer-current/RESULT.json	d6d265a959e378fce47d68b5aa4a3a3bbee14bebf21355a54bd8077cb51e8630	4857	FROZEN_RECEIVING_EVIDENCE		m3/migration/intake-20261005/current-752-ci/producer/RESULT.json	m3/migration/intake-20261005/current-752-ci/producer-portable/RESULT.json	m3/migration/intake-20261005/current-752-ci/producer-portable/RESULT.json	cia:cia-package-inputs/source-context/ci-repairs/evidence/producer-v2/RESULT.json | producer:evidence/producer-v2/RESULT.json | cir:evidence/producer-v2/RESULT.json | cia:evidence/producer-v2/RESULT.json
published-source-205	synexia-openrewrite-recipes/verification/ci-current-20261005/producer-current/RETENTION-AUDIT.json	3a8d6534782a4b79da0408e37a6ca265f42411e9a851cf991dd894fc9205f298	119486	EXPLICIT_PORTABLE_FILE			m3/migration/intake-20261005/current-752-ci/producer-portable/RETENTION-AUDIT.json	m3/migration/intake-20261005/current-752-ci/producer-portable/RETENTION-AUDIT.json	
published-source-205	synexia-openrewrite-recipes/verification/ci-current-20261005/producer-current/SOURCE-PROVENANCE.json	3ad98d904f4036d110f0f99e5680bf9c5868df4f6c717fe53180a63241af68d1	34479	EXPLICIT_PORTABLE_FILE			m3/migration/intake-20261005/current-752-ci/producer-portable/SOURCE-PROVENANCE.json	m3/migration/intake-20261005/current-752-ci/producer-portable/SOURCE-PROVENANCE.json	producer:producer-package-inputs/SOURCE-PROVENANCE.json
published-source-205	synexia-openrewrite-recipes/verification/ci-current-20261005/producer-current/V1-PATCH.json	e8cf492bbfc1d35ba39aa59e358f2e139ea393aa47bc1e12dbe133e4bda01b5a	941	EXPLICIT_PORTABLE_FILE			m3/migration/intake-20261005/current-752-ci/producer-portable/V1-PATCH.json	m3/migration/intake-20261005/current-752-ci/producer-portable/V1-PATCH.json	producer:evidence/producer-v1/PATCH.json
published-source-205	synexia-openrewrite-recipes/verification/ci-current-20261005/producer-current/VERIFY-COMMAND.json	b952b7c67a79627ba66f6abe8a047e221d2bc2145f55e6e20f463e1c54c55251	888	EXPLICIT_PORTABLE_FILE			m3/migration/intake-20261005/current-752-ci/producer-portable/VERIFY-COMMAND.json	m3/migration/intake-20261005/current-752-ci/producer-portable/VERIFY-COMMAND.json	
published-source-205	synexia-openrewrite-recipes/verification/ci-current-20261005/producer-current/VERIFY.json	52c689d54b0a1436f871b74d672af4c3f8db5548c96f20928db7406c22cc38ee	769	EXPLICIT_PORTABLE_FILE			m3/migration/intake-20261005/current-752-ci/producer-portable/VERIFY.json	m3/migration/intake-20261005/current-752-ci/producer-portable/VERIFY.json | m3/migration/intake-20261005/current-752-ci/producer-portable/verify.stdout.log	
published-source-205	synexia-openrewrite-recipes/verification/ci-current-20261005/producer-current/candidate.patch	a9a56f1803d5d33e42efb63fa0f047a1b49027beb827ca427adc25f8b126440e	4475	FROZEN_RECEIVING_EVIDENCE		m3/migration/intake-20261005/current-752-ci/producer/candidate.patch	m3/migration/intake-20261005/current-752-ci/producer-portable/candidate.patch	m3/migration/intake-20261005/current-752-ci/producer-portable/candidate.patch	producer:evidence/producer-v2/generated-candidate/candidate.patch
published-source-205	synexia-openrewrite-recipes/verification/ci-current-20261005/producer-current/evidence-bundle/BUNDLE.json	a97d19b88e6b0469f5a30b42739f9d6713cf810cca5872b4e771825946e2f856	5279	EXPLICIT_PORTABLE_FILE			m3/migration/intake-20261005/current-752-ci/producer-portable/evidence-bundle/BUNDLE.json	m3/migration/intake-20261005/current-752-ci/producer-portable/evidence-bundle/BUNDLE.json	
published-source-205	synexia-openrewrite-recipes/verification/ci-current-20261005/producer-current/evidence-bundle/LANES.json	5b60472eb82e66ed86319f97e5801679341da3b879b0cbdf4aae3a67e6158448	5676	EXPLICIT_PORTABLE_FILE			m3/migration/intake-20261005/current-752-ci/producer-portable/evidence-bundle/LANES.json	m3/migration/intake-20261005/current-752-ci/producer-portable/evidence-bundle/LANES.json	
published-source-205	synexia-openrewrite-recipes/verification/ci-current-20261005/producer-current/evidence-bundle/PACKAGE.json	d2fc057d47b16bd123a1778e91f24d9ceaafcc400784e59f6941381eafdaee3f	1452	EXPLICIT_PORTABLE_FILE			m3/migration/intake-20261005/current-752-ci/producer-portable/evidence-bundle/PACKAGE.json	m3/migration/intake-20261005/current-752-ci/producer-portable/evidence-bundle/PACKAGE.json	
published-source-205	synexia-openrewrite-recipes/verification/ci-current-20261005/producer-current/evidence-bundle/PATHS-0001.tsv	4ed047e88968fe23cb80c63afa204c1f8aaa69c7412d918ea12cba426e98a4ae	32102	EXPLICIT_PORTABLE_FILE			m3/migration/intake-20261005/current-752-ci/producer-portable/evidence-bundle/PATHS-0001.tsv	m3/migration/intake-20261005/current-752-ci/producer-portable/evidence-bundle/PATHS-0001.tsv	
published-source-205	synexia-openrewrite-recipes/verification/ci-current-20261005/producer-current/evidence-bundle/README.md	8ff04ca50375b1cae9baa8778de4e5e5f24e8d6076e5aed8057ea4b297522cb6	2422	EXPLICIT_PORTABLE_FILE			m3/migration/intake-20261005/current-752-ci/producer-portable/evidence-bundle/README.md	m3/migration/intake-20261005/current-752-ci/producer-portable/evidence-bundle/README.md	
published-source-205	synexia-openrewrite-recipes/verification/ci-current-20261005/producer-current/evidence-bundle/part-0001.tar.gz	ae0415ed7616d2ac0645281ed1ec3b9046c7b3fdc5e8d9cebd3dc9530acbd617	419006	EXPLICIT_PORTABLE_FILE			m3/migration/intake-20261005/current-752-ci/producer-portable/evidence-bundle/part-0001.tar.gz	m3/migration/intake-20261005/current-752-ci/producer-portable/evidence-bundle/part-0001.tar.gz	
published-source-205	synexia-openrewrite-recipes/verification/ci-current-20261005/producer-current/evidence-tools/package_evidence.py	89d43693f508c723e431296cc06f611c8de4f94df8eaddea95a2c7742feb0574	33814	FROZEN_RECEIVING_EVIDENCE		m3/migration/intake-20261005/current-752-ci/native-current-v1/evidence-tools/package_evidence.py	m3/migration/intake-20261005/current-752-ci/producer-portable/evidence-tools/package_evidence.py	m3/migration/intake-20261005/current-752-ci/producer-portable/evidence-tools/package_evidence.py | m3/migration/intake-20261005/current-752-ci/cir-producer-portable/package_evidence.py | m3/migration/intake-20261005/current-752-ci/cia-producer-portable/package_evidence.py	native:acquisition/package_evidence.py | cir:cir-package-inputs/package_evidence.py | producer:producer-package-inputs/acquisition/package_evidence.py
published-source-205	synexia-openrewrite-recipes/verification/ci-current-20261005/producer-current/pack.stderr.log	e3b0c44298fc1c149afbf4c8996fb92427ae41e4649b934ca495991b7852b855	0	EXPLICIT_PORTABLE_FILE			m3/migration/intake-20261005/current-752-ci/producer-portable/pack.stderr.log		
published-source-205	synexia-openrewrite-recipes/verification/ci-current-20261005/producer-current/pack.stdout.log	0d1a71e348a7a5b60b182a147ed56d5e5b0361a92a4bed2abf9f2fdc33b0bb30	656	EXPLICIT_PORTABLE_FILE			m3/migration/intake-20261005/current-752-ci/producer-portable/pack.stdout.log	m3/migration/intake-20261005/current-752-ci/producer-portable/pack.stdout.log	
published-source-205	synexia-openrewrite-recipes/verification/ci-current-20261005/producer-current/package-plan.json	0a42a19b547ba9615e8e2f7665832910d1af6b5496d19045a8fcae41ddd43afa	1552	EXPLICIT_PORTABLE_FILE			m3/migration/intake-20261005/current-752-ci/producer-portable/package-plan.json	m3/migration/intake-20261005/current-752-ci/producer-portable/package-plan.json	producer:producer-package-plan.json
published-source-205	synexia-openrewrite-recipes/verification/ci-current-20261005/producer-current/source-context/m3/acquisition/ci-source-manifest.json	b22b6f94518119d88ae3d73c1beeb28f61a377e29d127b27919ff8f03d4125cc	3519	EXPLICIT_PORTABLE_FILE			m3/migration/intake-20261005/current-752-ci/producer-portable/source-context/m3/acquisition/ci-source-manifest.json	m3/migration/intake-20261005/current-752-ci/producer-portable/source-context/m3/acquisition/ci-source-manifest.json	producer:producer-package-inputs/source-context/m3/acquisition/ci-source-manifest.json
published-source-205	synexia-openrewrite-recipes/verification/ci-current-20261005/producer-current/source-context/source/AGENTS-9963.md	086b03459e4f441d0ecf1c90773dd63877c03956957ec0f41ac7ceb90069c0f9	15464	EXPLICIT_PORTABLE_FILE			m3/migration/intake-20261005/current-752-ci/producer-portable/source-context/source/AGENTS-9963.md	m3/migration/intake-20261005/current-752-ci/producer-portable/source-context/source/AGENTS-9963.md	cia:cia-package-inputs/source-context/source/AGENTS-9963.md | cir:cir-package-inputs/source-context/continuation-20261005/source/AGENTS-9963.md | native:evidence/current-v1/repo/AGENTS.md | producer:producer-package-inputs/source-context/source/AGENTS-9963.md
published-source-205	synexia-openrewrite-recipes/verification/ci-current-20261005/producer-current/source-context/synexia/synexia-openrewrite-recipes/docs/20261005-m3-ci-admission-correction.md	1cffcb72445fe8c6ed756db71dd96298aa546bfaf3104abb976254ff17e1582b	2764	EXPLICIT_PORTABLE_FILE			m3/migration/intake-20261005/current-752-ci/producer-portable/source-context/synexia/synexia-openrewrite-recipes/docs/20261005-m3-ci-admission-correction.md	m3/migration/intake-20261005/current-752-ci/producer-portable/source-context/synexia/synexia-openrewrite-recipes/docs/20261005-m3-ci-admission-correction.md	producer:producer-package-inputs/source-context/synexia/synexia-openrewrite-recipes/docs/20261005-m3-ci-admission-correction.md
published-source-205	synexia-openrewrite-recipes/verification/ci-current-20261005/producer-current/source-context/synexia/synexia-openrewrite-recipes/docs/20261005-m3-ci-admission.md	c83800cf7ce84fd428cd57ba88596f37cb6a90b8434dde1d369f4eb94629bfdd	5652	EXPLICIT_PORTABLE_FILE			m3/migration/intake-20261005/current-752-ci/producer-portable/source-context/synexia/synexia-openrewrite-recipes/docs/20261005-m3-ci-admission.md	m3/migration/intake-20261005/current-752-ci/producer-portable/source-context/synexia/synexia-openrewrite-recipes/docs/20261005-m3-ci-admission.md	producer:producer-package-inputs/source-context/synexia/synexia-openrewrite-recipes/docs/20261005-m3-ci-admission.md
published-source-205	synexia-openrewrite-recipes/verification/ci-current-20261005/producer-current/source-context/synexia/synexia-openrewrite-recipes/docs/20261005-m3-ci-owner-resolution.md	9714c353e1d5bf0b4d11eaa7d1c071c0f4ecc11a675b150cd91e1b298f1c3341	2163	EXPLICIT_PORTABLE_FILE			m3/migration/intake-20261005/current-752-ci/producer-portable/source-context/synexia/synexia-openrewrite-recipes/docs/20261005-m3-ci-owner-resolution.md	m3/migration/intake-20261005/current-752-ci/producer-portable/source-context/synexia/synexia-openrewrite-recipes/docs/20261005-m3-ci-owner-resolution.md	producer:producer-package-inputs/source-context/synexia/synexia-openrewrite-recipes/docs/20261005-m3-ci-owner-resolution.md
published-source-205	synexia-openrewrite-recipes/verification/ci-current-20261005/producer-current/specs/producer-spec-v1.json	02901f60f84cfbeca87c74aafe5e0ccaf4df79751118aa51a09de9a74b2ccf9a	14817	EXPLICIT_PORTABLE_FILE			m3/migration/intake-20261005/current-752-ci/producer-portable/specs/producer-spec-v1.json	m3/migration/intake-20261005/current-752-ci/producer-portable/specs/producer-spec-v1.json	producer:evidence/producer-v1/spec.json | producer:producer-spec-v1.json
published-source-205	synexia-openrewrite-recipes/verification/ci-current-20261005/producer-current/specs/producer-spec-v2.json	1d4f61a01faacdd32026739d9c8ec62c94a825a4f385cf92408a82ed6815ea9b	14546	FROZEN_RECEIVING_EVIDENCE		m3/migration/intake-20261005/current-752-ci/producer/spec.json	m3/migration/intake-20261005/current-752-ci/producer-portable/specs/producer-spec-v2.json	m3/migration/intake-20261005/current-752-ci/producer-portable/specs/producer-spec-v2.json	producer:evidence/producer-v2/spec.json | producer:producer-spec-v2.json
published-source-205	synexia-openrewrite-recipes/verification/ci-current-20261005/producer-current/task-packet/FINAL_REPORT.md	9398e994685e1af07e10bfdec9ac7883dac856c055394daa4ce93e159f017b56	1128	FROZEN_RECEIVING_EVIDENCE		m3/migration/intake-20261005/current-752-ci/source-task-packet/FINAL_REPORT.md	m3/migration/intake-20261005/current-752-ci/producer-portable/task-packet/FINAL_REPORT.md	m3/migration/intake-20261005/current-752-ci/producer-portable/task-packet/FINAL_REPORT.md	producer:task-packet/FINAL_REPORT.md
published-source-205	synexia-openrewrite-recipes/verification/ci-current-20261005/producer-current/task-packet/OUTPUT_CONTRACT.tsv	e10a3e8c6cac4ff480bf98ba33593d7591ef3b47c85e793714f1164759bf24d4	644	FROZEN_RECEIVING_EVIDENCE		m3/migration/intake-20261005/current-752-ci/source-task-packet/OUTPUT_CONTRACT.tsv	m3/migration/intake-20261005/current-752-ci/producer-portable/task-packet/OUTPUT_CONTRACT.tsv	m3/migration/intake-20261005/current-752-ci/producer-portable/task-packet/OUTPUT_CONTRACT.tsv	producer:task-packet/OUTPUT_CONTRACT.tsv
published-source-205	synexia-openrewrite-recipes/verification/ci-current-20261005/producer-current/task-packet/PROVENANCE.tsv	4e5523e7fb5c37df8be0f327ed63a4b7b51b371117ba53cccbed8e4ac05d70e3	708	FROZEN_RECEIVING_EVIDENCE		m3/migration/intake-20261005/current-752-ci/source-task-packet/PROVENANCE.tsv	m3/migration/intake-20261005/current-752-ci/producer-portable/task-packet/PROVENANCE.tsv	m3/migration/intake-20261005/current-752-ci/producer-portable/task-packet/PROVENANCE.tsv	producer:task-packet/PROVENANCE.tsv
published-source-205	synexia-openrewrite-recipes/verification/ci-current-20261005/producer-current/task-packet/RUN_CONTEXT.tsv	6c980e16d0d4e4f8a58723522cb6e716fd5a44f30b0e3a27e75f848b726bdfc8	583	FROZEN_RECEIVING_EVIDENCE		m3/migration/intake-20261005/current-752-ci/source-task-packet/RUN_CONTEXT.tsv	m3/migration/intake-20261005/current-752-ci/producer-portable/task-packet/RUN_CONTEXT.tsv	m3/migration/intake-20261005/current-752-ci/producer-portable/task-packet/RUN_CONTEXT.tsv	producer:task-packet/RUN_CONTEXT.tsv
published-source-205	synexia-openrewrite-recipes/verification/ci-current-20261005/producer-current/task-packet/STATUS.tsv	eab61f7203ce00769b1d67824e206c6552d9821c092f8d18621bee0761fc1c1d	479	FROZEN_RECEIVING_EVIDENCE		m3/migration/intake-20261005/current-752-ci/source-task-packet/STATUS.tsv	m3/migration/intake-20261005/current-752-ci/producer-portable/task-packet/STATUS.tsv	m3/migration/intake-20261005/current-752-ci/producer-portable/task-packet/STATUS.tsv	producer:task-packet/STATUS.tsv
published-source-205	synexia-openrewrite-recipes/verification/ci-current-20261005/producer-current/task-packet/TASK_PACKET.json	574537187fbbbbdc3800e64c31f19f4d9a4a63f49d6bc43935609ecd35bfe4af	3562	FROZEN_RECEIVING_EVIDENCE		m3/migration/intake-20261005/current-752-ci/source-task-packet/TASK_PACKET.json	m3/migration/intake-20261005/current-752-ci/producer-portable/task-packet/TASK_PACKET.json	m3/migration/intake-20261005/current-752-ci/producer-portable/task-packet/TASK_PACKET.json	producer:task-packet/TASK_PACKET.json
published-source-205	synexia-openrewrite-recipes/verification/ci-current-20261005/producer-current/task-packet/VERIFY_CONTRACT.tsv	4e44f8931c93e3f4c58e3eb8359447acb6d8d2d5476a3d37b32fd505fe1bdcd5	990	FROZEN_RECEIVING_EVIDENCE		m3/migration/intake-20261005/current-752-ci/source-task-packet/VERIFY_CONTRACT.tsv	m3/migration/intake-20261005/current-752-ci/producer-portable/task-packet/VERIFY_CONTRACT.tsv	m3/migration/intake-20261005/current-752-ci/producer-portable/task-packet/VERIFY_CONTRACT.tsv	producer:task-packet/VERIFY_CONTRACT.tsv
published-source-205	synexia-openrewrite-recipes/verification/ci-current-20261005/producer-current/verify.stderr.log	e3b0c44298fc1c149afbf4c8996fb92427ae41e4649b934ca495991b7852b855	0	EXPLICIT_PORTABLE_FILE			m3/migration/intake-20261005/current-752-ci/producer-portable/verify.stderr.log		
published-source-205	synexia-openrewrite-recipes/verification/ci-current-20261005/producer-current/verify.stdout.log	52c689d54b0a1436f871b74d672af4c3f8db5548c96f20928db7406c22cc38ee	769	EXPLICIT_PORTABLE_FILE			m3/migration/intake-20261005/current-752-ci/producer-portable/verify.stdout.log	m3/migration/intake-20261005/current-752-ci/producer-portable/VERIFY.json | m3/migration/intake-20261005/current-752-ci/producer-portable/verify.stdout.log	
published-source-205	synexia-openrewrite-recipes/docs/20261005-m3-regex-template-admission-control-literals.md	e7f05694d31286451c54925aeccdce6fbe5d61fc5e121c99183e1bbd9232088b	2660	PORTABLE_FILE_BYTES				m3/migration/intake-20261005/current-752-ci/cir-producer-portable/source-context/20261005-m3-regex-template-admission-control-literals.md	cir:cir-package-inputs/source-context/continuation-20261005/synexia/synexia-openrewrite-recipes/docs/20261005-m3-regex-template-admission-control-literals.md
published-source-205	synexia-openrewrite-recipes/docs/20261005-m3-regex-template-admission.md	e6a88f16eb77e2c9d742a13003b3d5e78f708ca25f13e0949c4afbcf8d6964e5	3765	PORTABLE_FILE_BYTES				m3/migration/intake-20261005/current-752-ci/cir-producer-portable/source-context/20261005-m3-regex-template-admission.md	cir:cir-package-inputs/source-context/continuation-20261005/synexia/synexia-openrewrite-recipes/docs/20261005-m3-regex-template-admission.md
published-source-205	synexia-openrewrite-recipes/tasks/m3-ci-752-regex/README.md	707b37b547da43923b517a6fca3e1b957ad528ea55ddde7331850ce78de7d053	4931	PORTABLE_LOGICAL_BYTES					cir:cir-authoring-v2/README.md | cir:evidence/cir-producer-v2/project/README.md
published-source-205	synexia-openrewrite-recipes/tasks/m3-ci-752-regex/dependency-source/com/m3/rewrite/atom/M3AtomizePureIntReturnRecipe.java	4f6c17a035e64106f172b488fded9b565d1af48d6a8ecbd4700b3ff0cc2cd1e1	4448	ACTIVE_RECEIVING_BYTES	m3/tooling/migration-recipes/src/main/java/com/m3/rewrite/atom/M3AtomizePureIntReturnRecipe.java | m3/tooling/migration-recipes/src/main/resources/com/synexia/rewrite/hash-pinned-java/atom-pattern-spectrum/after-atom.java.txt				cir:cir-authoring-v2/dependency-source/com/m3/rewrite/atom/M3AtomizePureIntReturnRecipe.java | cir:evidence/cir-producer-v2/project/dependency-source/com/m3/rewrite/atom/M3AtomizePureIntReturnRecipe.java | cir:cir-authoring-v1/dependency-source/com/m3/rewrite/atom/M3AtomizePureIntReturnRecipe.java | cir:evidence/cir-producer-v1/project/dependency-source/com/m3/rewrite/atom/M3AtomizePureIntReturnRecipe.java
published-source-205	synexia-openrewrite-recipes/tasks/m3-ci-752-regex/dependency-source/com/m3/rewrite/atom/M3PatternizePureIntAtomRecipe.java	b831177cbaaeca359a0b397eb4c74c0caf86c27666db702ef4492a42c210cd9f	2706	ACTIVE_RECEIVING_BYTES	m3/tooling/migration-recipes/src/main/java/com/m3/rewrite/atom/M3PatternizePureIntAtomRecipe.java | m3/tooling/migration-recipes/src/main/resources/com/synexia/rewrite/hash-pinned-java/atom-pattern-spectrum/after-pattern.java.txt				cir:cir-authoring-v2/dependency-source/com/m3/rewrite/atom/M3PatternizePureIntAtomRecipe.java | cir:evidence/cir-producer-v2/project/dependency-source/com/m3/rewrite/atom/M3PatternizePureIntAtomRecipe.java | cir:cir-authoring-v1/dependency-source/com/m3/rewrite/atom/M3PatternizePureIntAtomRecipe.java | cir:evidence/cir-producer-v1/project/dependency-source/com/m3/rewrite/atom/M3PatternizePureIntAtomRecipe.java
published-source-205	synexia-openrewrite-recipes/tasks/m3-ci-752-regex/dependency-source/com/m3/rewrite/atom/M3PureIntAtomEligibility.java	ea31026be2f699923e4dfcc6fa906cee77eb5a46bdb9a32948948bfdfe19cebb	7151	ACTIVE_RECEIVING_BYTES	m3/tooling/migration-recipes/src/main/java/com/m3/rewrite/atom/M3PureIntAtomEligibility.java | m3/tooling/migration-recipes/src/main/resources/com/m3/rewrite/backport/jdk21-hash-pinned/jdk22-recipe-closure/01-M3PureIntAtomEligibility.java.txt				cir:cir-authoring-v2/dependency-source/com/m3/rewrite/atom/M3PureIntAtomEligibility.java | cir:evidence/cir-producer-v2/project/dependency-source/com/m3/rewrite/atom/M3PureIntAtomEligibility.java
published-source-205	synexia-openrewrite-recipes/tasks/m3-ci-752-regex/dependency-source/com/m3/rewrite/backport/M3Jdk21HashPinnedTextSnapshotRecipe.java	8015207ce502d22955f7f77697177e5939fa1e25be7cd74be89c639335ae48e6	12032	ACTIVE_RECEIVING_BYTES	m3/tooling/migration-recipes/src/main/java/com/m3/rewrite/backport/M3Jdk21HashPinnedTextSnapshotRecipe.java				cia:cia-authoring-v1/dependency-source/com/m3/rewrite/backport/M3Jdk21HashPinnedTextSnapshotRecipe.java | cir:cir-authoring-v2/dependency-source/com/m3/rewrite/backport/M3Jdk21HashPinnedTextSnapshotRecipe.java | producer:producer-authoring-v2/dependency-source/com/m3/rewrite/backport/M3Jdk21HashPinnedTextSnapshotRecipe.java | cia:evidence/cia-producer-v1/project/dependency-source/com/m3/rewrite/backport/M3Jdk21HashPinnedTextSnapshotRecipe.java | cir:evidence/cir-producer-v2/project/dependency-source/com/m3/rewrite/backport/M3Jdk21HashPinnedTextSnapshotRecipe.java | producer:evidence/producer-v2/project/dependency-source/com/m3/rewrite/backport/M3Jdk21HashPinnedTextSnapshotRecipe.java | cir:cir-authoring-v1/dependency-source/com/m3/rewrite/backport/M3Jdk21HashPinnedTextSnapshotRecipe.java | cir:evidence/cir-producer-v1/project/dependency-source/com/m3/rewrite/backport/M3Jdk21HashPinnedTextSnapshotRecipe.java | producer:evidence/producer-v1/project/dependency-source/com/m3/rewrite/backport/M3Jdk21HashPinnedTextSnapshotRecipe.java | producer:producer-package-inputs/authoring-v1/dependency-source/com/m3/rewrite/backport/M3Jdk21HashPinnedTextSnapshotRecipe.java | producer:producer-package-inputs/authoring-v2/dependency-source/com/m3/rewrite/backport/M3Jdk21HashPinnedTextSnapshotRecipe.java
published-source-205	synexia-openrewrite-recipes/tasks/m3-ci-752-regex/dependency-source/com/synexia/rewrite/M3HashPinnedJavaSnapshotRecipe.java	3fc6e77a1394e292747d689a4a42a328b496000865aa390afe05d5571febd599	13805	ACTIVE_RECEIVING_BYTES	m3/tooling/migration-recipes/src/main/java/com/synexia/rewrite/M3HashPinnedJavaSnapshotRecipe.java				cir:cir-authoring-v2/dependency-source/com/synexia/rewrite/M3HashPinnedJavaSnapshotRecipe.java | cir:evidence/cir-producer-v2/project/dependency-source/com/synexia/rewrite/M3HashPinnedJavaSnapshotRecipe.java | cir:cir-authoring-v1/dependency-source/com/synexia/rewrite/M3HashPinnedJavaSnapshotRecipe.java | cir:evidence/cir-producer-v1/project/dependency-source/com/synexia/rewrite/M3HashPinnedJavaSnapshotRecipe.java
published-source-205	synexia-openrewrite-recipes/tasks/m3-ci-752-regex/pom.xml	de7d0f89b87ef2de2a129f3d630af31d68d02f88825fd546aaca48b5a9ba4fb6	3604	PORTABLE_LOGICAL_BYTES					cir:cir-authoring-v2/pom.xml | cir:evidence/cir-producer-v2/project/pom.xml | cir:cir-authoring-v1/pom.xml | cir:evidence/cir-producer-v1/project/pom.xml
published-source-205	synexia-openrewrite-recipes/tasks/m3-ci-752-regex/proof.py	22bc6a9f05bd3a881e9e5c3c1da07c85ae043ebe99dac1e769dcece82354058c	26958	PORTABLE_LOGICAL_BYTES					cir:cir-authoring-v2/proof.py | cir:evidence/cir-producer-v2/project/proof.py
published-source-205	synexia-openrewrite-recipes/tasks/m3-ci-752-regex/src/main/resources/META-INF/rewrite/m3-ci-752-regex.yml	e1486e41112dc0e4a354fbbc8a54d27a539d28aec961c012243421b2c6cab243	467	PORTABLE_LOGICAL_BYTES					cir:cir-authoring-v2/src/main/resources/META-INF/rewrite/m3-ci-752-regex.yml | cir:evidence/cir-producer-v2/project/src/main/resources/META-INF/rewrite/m3-ci-752-regex.yml | cir:evidence/cir-producer-v2/project/target/classes/META-INF/rewrite/m3-ci-752-regex.yml | cir:cir-authoring-v1/src/main/resources/META-INF/rewrite/m3-ci-752-regex.yml | cir:evidence/cir-producer-v1/project/src/main/resources/META-INF/rewrite/m3-ci-752-regex.yml | cir:evidence/cir-producer-v1/project/target/classes/META-INF/rewrite/m3-ci-752-regex.yml
published-source-205	synexia-openrewrite-recipes/tasks/m3-ci-752-regex/src/main/resources/com/m3/rewrite/backport/jdk21-hash-pinned-text/m3-ci-752-regex/manifest.tsv	a212c4001d0a2a2df0289e4209bdb3c48846c2b8b2d750014171e55db6d494e3	1213	PORTABLE_LOGICAL_BYTES					cir:cir-authoring-v2/src/main/resources/com/m3/rewrite/backport/jdk21-hash-pinned-text/m3-ci-752-regex/manifest.tsv | cir:evidence/cir-producer-v2/project/src/main/resources/com/m3/rewrite/backport/jdk21-hash-pinned-text/m3-ci-752-regex/manifest.tsv | cir:evidence/cir-producer-v2/project/target/classes/com/m3/rewrite/backport/jdk21-hash-pinned-text/m3-ci-752-regex/manifest.tsv | cir:cir-authoring-v1/src/main/resources/com/m3/rewrite/backport/jdk21-hash-pinned-text/m3-ci-752-regex/manifest.tsv | cir:evidence/cir-producer-v1/project/src/main/resources/com/m3/rewrite/backport/jdk21-hash-pinned-text/m3-ci-752-regex/manifest.tsv | cir:evidence/cir-producer-v1/project/target/classes/com/m3/rewrite/backport/jdk21-hash-pinned-text/m3-ci-752-regex/manifest.tsv
published-source-205	synexia-openrewrite-recipes/tasks/m3-ci-752-regex/src/main/resources/com/m3/rewrite/backport/jdk21-hash-pinned-text/m3-ci-752-regex/target-1.txt	acc1f301aef53281ccbb26c78921537de99f98bc3f401906f5be658c761f62ef	6447	ACTIVE_RECEIVING_BYTES	m3/tooling/a3/src/main/java/com/m3/a3/A3MemoryCompiler.java | m3/tooling/migration-recipes/src/main/resources/com/synexia/rewrite/hash-pinned-java/a3-regex-memory-lab/A3MemoryCompiler.java.after	m3/migration/intake-20261005/current-752-ci/crate/after/5.txt | m3/migration/intake-20261005/current-752-ci/crate/after/7.txt			cir:cir-authoring-v2/src/main/resources/com/m3/rewrite/backport/jdk21-hash-pinned-text/m3-ci-752-regex/target-1.txt | cir:cir-authoring-v2/src/main/resources/com/m3/rewrite/backport/jdk21-hash-pinned-text/m3-ci-752-regex/target-3.txt | cir:evidence/cir-producer-v2/project/src/main/resources/com/m3/rewrite/backport/jdk21-hash-pinned-text/m3-ci-752-regex/target-1.txt | cir:evidence/cir-producer-v2/project/src/main/resources/com/m3/rewrite/backport/jdk21-hash-pinned-text/m3-ci-752-regex/target-3.txt | cir:evidence/cir-producer-v2/project/target/classes/com/m3/rewrite/backport/jdk21-hash-pinned-text/m3-ci-752-regex/target-1.txt | cir:evidence/cir-producer-v2/project/target/classes/com/m3/rewrite/backport/jdk21-hash-pinned-text/m3-ci-752-regex/target-3.txt | cir:cir-authoring-v1/src/main/resources/com/m3/rewrite/backport/jdk21-hash-pinned-text/m3-ci-752-regex/target-1.txt | cir:cir-authoring-v1/src/main/resources/com/m3/rewrite/backport/jdk21-hash-pinned-text/m3-ci-752-regex/target-3.txt | cir:evidence/cir-producer-v1/project/src/main/resources/com/m3/rewrite/backport/jdk21-hash-pinned-text/m3-ci-752-regex/target-1.txt | cir:evidence/cir-producer-v1/project/src/main/resources/com/m3/rewrite/backport/jdk21-hash-pinned-text/m3-ci-752-regex/target-3.txt | cir:evidence/cir-producer-v1/project/target/classes/com/m3/rewrite/backport/jdk21-hash-pinned-text/m3-ci-752-regex/target-1.txt | cir:evidence/cir-producer-v1/project/target/classes/com/m3/rewrite/backport/jdk21-hash-pinned-text/m3-ci-752-regex/target-3.txt | cir:evidence/cir-producer-v2/generated-candidate/m3/tooling/a3/src/main/java/com/m3/a3/A3MemoryCompiler.java | cir:evidence/cir-producer-v2/generated-candidate/m3/tooling/migration-recipes/src/main/resources/com/synexia/rewrite/hash-pinned-java/a3-regex-memory-lab/A3MemoryCompiler.java.after
published-source-205	synexia-openrewrite-recipes/tasks/m3-ci-752-regex/src/main/resources/com/m3/rewrite/backport/jdk21-hash-pinned-text/m3-ci-752-regex/target-2.txt	19f7e3fb8c5f4332ab721d1962ab9cac261c524a10d9d91272346636fbe86ada	7516	ACTIVE_RECEIVING_BYTES	m3/tooling/a3/src/main/java/com/m3/a3/A3RegexMatrix.java | m3/tooling/migration-recipes/src/main/resources/com/synexia/rewrite/hash-pinned-java/a3-regex-memory-lab/A3RegexMatrix.java.after	m3/migration/intake-20261005/current-752-ci/crate/after/6.txt | m3/migration/intake-20261005/current-752-ci/crate/after/8.txt			cir:cir-authoring-v2/src/main/resources/com/m3/rewrite/backport/jdk21-hash-pinned-text/m3-ci-752-regex/target-2.txt | cir:cir-authoring-v2/src/main/resources/com/m3/rewrite/backport/jdk21-hash-pinned-text/m3-ci-752-regex/target-4.txt | cir:evidence/cir-producer-v2/project/src/main/resources/com/m3/rewrite/backport/jdk21-hash-pinned-text/m3-ci-752-regex/target-2.txt | cir:evidence/cir-producer-v2/project/src/main/resources/com/m3/rewrite/backport/jdk21-hash-pinned-text/m3-ci-752-regex/target-4.txt | cir:evidence/cir-producer-v2/project/target/classes/com/m3/rewrite/backport/jdk21-hash-pinned-text/m3-ci-752-regex/target-2.txt | cir:evidence/cir-producer-v2/project/target/classes/com/m3/rewrite/backport/jdk21-hash-pinned-text/m3-ci-752-regex/target-4.txt | cir:cir-authoring-v1/src/main/resources/com/m3/rewrite/backport/jdk21-hash-pinned-text/m3-ci-752-regex/target-2.txt | cir:cir-authoring-v1/src/main/resources/com/m3/rewrite/backport/jdk21-hash-pinned-text/m3-ci-752-regex/target-4.txt | cir:evidence/cir-producer-v1/project/src/main/resources/com/m3/rewrite/backport/jdk21-hash-pinned-text/m3-ci-752-regex/target-2.txt | cir:evidence/cir-producer-v1/project/src/main/resources/com/m3/rewrite/backport/jdk21-hash-pinned-text/m3-ci-752-regex/target-4.txt | cir:evidence/cir-producer-v1/project/target/classes/com/m3/rewrite/backport/jdk21-hash-pinned-text/m3-ci-752-regex/target-2.txt | cir:evidence/cir-producer-v1/project/target/classes/com/m3/rewrite/backport/jdk21-hash-pinned-text/m3-ci-752-regex/target-4.txt | cir:evidence/cir-producer-v2/generated-candidate/m3/tooling/a3/src/main/java/com/m3/a3/A3RegexMatrix.java | cir:evidence/cir-producer-v2/generated-candidate/m3/tooling/migration-recipes/src/main/resources/com/synexia/rewrite/hash-pinned-java/a3-regex-memory-lab/A3RegexMatrix.java.after
published-source-205	synexia-openrewrite-recipes/tasks/m3-ci-752-regex/src/main/resources/com/m3/rewrite/backport/jdk21-hash-pinned-text/m3-ci-752-regex/target-3.txt	acc1f301aef53281ccbb26c78921537de99f98bc3f401906f5be658c761f62ef	6447	ACTIVE_RECEIVING_BYTES	m3/tooling/a3/src/main/java/com/m3/a3/A3MemoryCompiler.java | m3/tooling/migration-recipes/src/main/resources/com/synexia/rewrite/hash-pinned-java/a3-regex-memory-lab/A3MemoryCompiler.java.after	m3/migration/intake-20261005/current-752-ci/crate/after/5.txt | m3/migration/intake-20261005/current-752-ci/crate/after/7.txt			cir:cir-authoring-v2/src/main/resources/com/m3/rewrite/backport/jdk21-hash-pinned-text/m3-ci-752-regex/target-1.txt | cir:cir-authoring-v2/src/main/resources/com/m3/rewrite/backport/jdk21-hash-pinned-text/m3-ci-752-regex/target-3.txt | cir:evidence/cir-producer-v2/project/src/main/resources/com/m3/rewrite/backport/jdk21-hash-pinned-text/m3-ci-752-regex/target-1.txt | cir:evidence/cir-producer-v2/project/src/main/resources/com/m3/rewrite/backport/jdk21-hash-pinned-text/m3-ci-752-regex/target-3.txt | cir:evidence/cir-producer-v2/project/target/classes/com/m3/rewrite/backport/jdk21-hash-pinned-text/m3-ci-752-regex/target-1.txt | cir:evidence/cir-producer-v2/project/target/classes/com/m3/rewrite/backport/jdk21-hash-pinned-text/m3-ci-752-regex/target-3.txt | cir:cir-authoring-v1/src/main/resources/com/m3/rewrite/backport/jdk21-hash-pinned-text/m3-ci-752-regex/target-1.txt | cir:cir-authoring-v1/src/main/resources/com/m3/rewrite/backport/jdk21-hash-pinned-text/m3-ci-752-regex/target-3.txt | cir:evidence/cir-producer-v1/project/src/main/resources/com/m3/rewrite/backport/jdk21-hash-pinned-text/m3-ci-752-regex/target-1.txt | cir:evidence/cir-producer-v1/project/src/main/resources/com/m3/rewrite/backport/jdk21-hash-pinned-text/m3-ci-752-regex/target-3.txt | cir:evidence/cir-producer-v1/project/target/classes/com/m3/rewrite/backport/jdk21-hash-pinned-text/m3-ci-752-regex/target-1.txt | cir:evidence/cir-producer-v1/project/target/classes/com/m3/rewrite/backport/jdk21-hash-pinned-text/m3-ci-752-regex/target-3.txt | cir:evidence/cir-producer-v2/generated-candidate/m3/tooling/a3/src/main/java/com/m3/a3/A3MemoryCompiler.java | cir:evidence/cir-producer-v2/generated-candidate/m3/tooling/migration-recipes/src/main/resources/com/synexia/rewrite/hash-pinned-java/a3-regex-memory-lab/A3MemoryCompiler.java.after
published-source-205	synexia-openrewrite-recipes/tasks/m3-ci-752-regex/src/main/resources/com/m3/rewrite/backport/jdk21-hash-pinned-text/m3-ci-752-regex/target-4.txt	19f7e3fb8c5f4332ab721d1962ab9cac261c524a10d9d91272346636fbe86ada	7516	ACTIVE_RECEIVING_BYTES	m3/tooling/a3/src/main/java/com/m3/a3/A3RegexMatrix.java | m3/tooling/migration-recipes/src/main/resources/com/synexia/rewrite/hash-pinned-java/a3-regex-memory-lab/A3RegexMatrix.java.after	m3/migration/intake-20261005/current-752-ci/crate/after/6.txt | m3/migration/intake-20261005/current-752-ci/crate/after/8.txt			cir:cir-authoring-v2/src/main/resources/com/m3/rewrite/backport/jdk21-hash-pinned-text/m3-ci-752-regex/target-2.txt | cir:cir-authoring-v2/src/main/resources/com/m3/rewrite/backport/jdk21-hash-pinned-text/m3-ci-752-regex/target-4.txt | cir:evidence/cir-producer-v2/project/src/main/resources/com/m3/rewrite/backport/jdk21-hash-pinned-text/m3-ci-752-regex/target-2.txt | cir:evidence/cir-producer-v2/project/src/main/resources/com/m3/rewrite/backport/jdk21-hash-pinned-text/m3-ci-752-regex/target-4.txt | cir:evidence/cir-producer-v2/project/target/classes/com/m3/rewrite/backport/jdk21-hash-pinned-text/m3-ci-752-regex/target-2.txt | cir:evidence/cir-producer-v2/project/target/classes/com/m3/rewrite/backport/jdk21-hash-pinned-text/m3-ci-752-regex/target-4.txt | cir:cir-authoring-v1/src/main/resources/com/m3/rewrite/backport/jdk21-hash-pinned-text/m3-ci-752-regex/target-2.txt | cir:cir-authoring-v1/src/main/resources/com/m3/rewrite/backport/jdk21-hash-pinned-text/m3-ci-752-regex/target-4.txt | cir:evidence/cir-producer-v1/project/src/main/resources/com/m3/rewrite/backport/jdk21-hash-pinned-text/m3-ci-752-regex/target-2.txt | cir:evidence/cir-producer-v1/project/src/main/resources/com/m3/rewrite/backport/jdk21-hash-pinned-text/m3-ci-752-regex/target-4.txt | cir:evidence/cir-producer-v1/project/target/classes/com/m3/rewrite/backport/jdk21-hash-pinned-text/m3-ci-752-regex/target-2.txt | cir:evidence/cir-producer-v1/project/target/classes/com/m3/rewrite/backport/jdk21-hash-pinned-text/m3-ci-752-regex/target-4.txt | cir:evidence/cir-producer-v2/generated-candidate/m3/tooling/a3/src/main/java/com/m3/a3/A3RegexMatrix.java | cir:evidence/cir-producer-v2/generated-candidate/m3/tooling/migration-recipes/src/main/resources/com/synexia/rewrite/hash-pinned-java/a3-regex-memory-lab/A3RegexMatrix.java.after
published-source-205	synexia-openrewrite-recipes/tasks/m3-ci-752-regex/src/main/resources/com/m3/rewrite/backport/jdk21-hash-pinned-text/m3-ci-752-regex/target-5.txt	e7a96b1290ead86d3861f0388423504078cc8f66f10303f73e0a7d44a6e5776b	658	ACTIVE_RECEIVING_BYTES	m3/tooling/migration-recipes/src/main/resources/com/synexia/rewrite/hash-pinned-java/a3-regex-memory-lab/manifest.tsv	m3/migration/intake-20261005/current-752-ci/crate/after/9.txt			cir:cir-authoring-v2/src/main/resources/com/m3/rewrite/backport/jdk21-hash-pinned-text/m3-ci-752-regex/target-5.txt | cir:evidence/cir-producer-v2/project/src/main/resources/com/m3/rewrite/backport/jdk21-hash-pinned-text/m3-ci-752-regex/target-5.txt | cir:evidence/cir-producer-v2/project/target/classes/com/m3/rewrite/backport/jdk21-hash-pinned-text/m3-ci-752-regex/target-5.txt | cir:cir-authoring-v1/src/main/resources/com/m3/rewrite/backport/jdk21-hash-pinned-text/m3-ci-752-regex/target-5.txt | cir:evidence/cir-producer-v1/project/src/main/resources/com/m3/rewrite/backport/jdk21-hash-pinned-text/m3-ci-752-regex/target-5.txt | cir:evidence/cir-producer-v1/project/target/classes/com/m3/rewrite/backport/jdk21-hash-pinned-text/m3-ci-752-regex/target-5.txt | cir:evidence/cir-producer-v2/generated-candidate/m3/tooling/migration-recipes/src/main/resources/com/synexia/rewrite/hash-pinned-java/a3-regex-memory-lab/manifest.tsv
published-source-205	synexia-openrewrite-recipes/tasks/m3-ci-752-regex/src/test/java/com/synexia/rewrite/CirRecipeTest.java	c59301677407e959e05be52a814e093e6c007fb64fa1266d1c44c6db75852117	30148	PORTABLE_LOGICAL_BYTES					cir:cir-authoring-v2/src/test/java/com/synexia/rewrite/CirRecipeTest.java | cir:evidence/cir-producer-v2/project/src/test/java/com/synexia/rewrite/CirRecipeTest.java | cir:cir-authoring-v1/src/test/java/com/synexia/rewrite/CirRecipeTest.java | cir:evidence/cir-producer-v1/project/src/test/java/com/synexia/rewrite/CirRecipeTest.java
published-source-205	synexia-openrewrite-recipes/tasks/m3-ci-752-regex/src/test/resources/before/m3/tooling/a3/src/main/java/com/m3/a3/A3MemoryCompiler.java	9171b0ada1d7845b63d7a586d99ef97a6fa6eccbfd84204c47a6a01c8b3e4697	6442	FROZEN_RECEIVING_EVIDENCE		m3/migration/intake-20261005/current-752-ci/crate/before/5.txt | m3/migration/intake-20261005/current-752-ci/crate/before/7.txt			cir:cir-authoring-v2/src/test/resources/before/m3/tooling/a3/src/main/java/com/m3/a3/A3MemoryCompiler.java | cir:cir-authoring-v2/src/test/resources/before/m3/tooling/migration-recipes/src/main/resources/com/synexia/rewrite/hash-pinned-java/a3-regex-memory-lab/A3MemoryCompiler.java.after | cir:evidence/cir-producer-v2/project/src/test/resources/before/m3/tooling/a3/src/main/java/com/m3/a3/A3MemoryCompiler.java | cir:evidence/cir-producer-v2/project/src/test/resources/before/m3/tooling/migration-recipes/src/main/resources/com/synexia/rewrite/hash-pinned-java/a3-regex-memory-lab/A3MemoryCompiler.java.after | cir:evidence/cir-producer-v2/project/target/test-classes/before/m3/tooling/a3/src/main/java/com/m3/a3/A3MemoryCompiler.java | cir:evidence/cir-producer-v2/project/target/test-classes/before/m3/tooling/migration-recipes/src/main/resources/com/synexia/rewrite/hash-pinned-java/a3-regex-memory-lab/A3MemoryCompiler.java.after | cir:cir-authoring-v1/src/test/resources/before/m3/tooling/a3/src/main/java/com/m3/a3/A3MemoryCompiler.java | cir:cir-authoring-v1/src/test/resources/before/m3/tooling/migration-recipes/src/main/resources/com/synexia/rewrite/hash-pinned-java/a3-regex-memory-lab/A3MemoryCompiler.java.after | cir:evidence/cir-producer-v1/project/src/test/resources/before/m3/tooling/a3/src/main/java/com/m3/a3/A3MemoryCompiler.java | cir:evidence/cir-producer-v1/project/src/test/resources/before/m3/tooling/migration-recipes/src/main/resources/com/synexia/rewrite/hash-pinned-java/a3-regex-memory-lab/A3MemoryCompiler.java.after
published-source-205	synexia-openrewrite-recipes/tasks/m3-ci-752-regex/src/test/resources/before/m3/tooling/a3/src/main/java/com/m3/a3/A3RegexMatrix.java	f000b1eea411056baaca6051b220149f25334bc70bf69b4f0536839c6c78e404	7514	FROZEN_RECEIVING_EVIDENCE		m3/migration/intake-20261005/current-752-ci/crate/before/6.txt | m3/migration/intake-20261005/current-752-ci/crate/before/8.txt			cir:cir-authoring-v2/src/test/resources/before/m3/tooling/a3/src/main/java/com/m3/a3/A3RegexMatrix.java | cir:cir-authoring-v2/src/test/resources/before/m3/tooling/migration-recipes/src/main/resources/com/synexia/rewrite/hash-pinned-java/a3-regex-memory-lab/A3RegexMatrix.java.after | cir:evidence/cir-producer-v2/project/src/test/resources/before/m3/tooling/a3/src/main/java/com/m3/a3/A3RegexMatrix.java | cir:evidence/cir-producer-v2/project/src/test/resources/before/m3/tooling/migration-recipes/src/main/resources/com/synexia/rewrite/hash-pinned-java/a3-regex-memory-lab/A3RegexMatrix.java.after | cir:evidence/cir-producer-v2/project/target/test-classes/before/m3/tooling/a3/src/main/java/com/m3/a3/A3RegexMatrix.java | cir:evidence/cir-producer-v2/project/target/test-classes/before/m3/tooling/migration-recipes/src/main/resources/com/synexia/rewrite/hash-pinned-java/a3-regex-memory-lab/A3RegexMatrix.java.after | cir:cir-authoring-v1/src/test/resources/before/m3/tooling/a3/src/main/java/com/m3/a3/A3RegexMatrix.java | cir:cir-authoring-v1/src/test/resources/before/m3/tooling/migration-recipes/src/main/resources/com/synexia/rewrite/hash-pinned-java/a3-regex-memory-lab/A3RegexMatrix.java.after | cir:evidence/cir-producer-v1/project/src/test/resources/before/m3/tooling/a3/src/main/java/com/m3/a3/A3RegexMatrix.java | cir:evidence/cir-producer-v1/project/src/test/resources/before/m3/tooling/migration-recipes/src/main/resources/com/synexia/rewrite/hash-pinned-java/a3-regex-memory-lab/A3RegexMatrix.java.after
published-source-205	synexia-openrewrite-recipes/tasks/m3-ci-752-regex/src/test/resources/before/m3/tooling/migration-recipes/src/main/resources/com/synexia/rewrite/hash-pinned-java/a3-regex-memory-lab/A3MemoryCompiler.java.after	9171b0ada1d7845b63d7a586d99ef97a6fa6eccbfd84204c47a6a01c8b3e4697	6442	FROZEN_RECEIVING_EVIDENCE		m3/migration/intake-20261005/current-752-ci/crate/before/5.txt | m3/migration/intake-20261005/current-752-ci/crate/before/7.txt			cir:cir-authoring-v2/src/test/resources/before/m3/tooling/a3/src/main/java/com/m3/a3/A3MemoryCompiler.java | cir:cir-authoring-v2/src/test/resources/before/m3/tooling/migration-recipes/src/main/resources/com/synexia/rewrite/hash-pinned-java/a3-regex-memory-lab/A3MemoryCompiler.java.after | cir:evidence/cir-producer-v2/project/src/test/resources/before/m3/tooling/a3/src/main/java/com/m3/a3/A3MemoryCompiler.java | cir:evidence/cir-producer-v2/project/src/test/resources/before/m3/tooling/migration-recipes/src/main/resources/com/synexia/rewrite/hash-pinned-java/a3-regex-memory-lab/A3MemoryCompiler.java.after | cir:evidence/cir-producer-v2/project/target/test-classes/before/m3/tooling/a3/src/main/java/com/m3/a3/A3MemoryCompiler.java | cir:evidence/cir-producer-v2/project/target/test-classes/before/m3/tooling/migration-recipes/src/main/resources/com/synexia/rewrite/hash-pinned-java/a3-regex-memory-lab/A3MemoryCompiler.java.after | cir:cir-authoring-v1/src/test/resources/before/m3/tooling/a3/src/main/java/com/m3/a3/A3MemoryCompiler.java | cir:cir-authoring-v1/src/test/resources/before/m3/tooling/migration-recipes/src/main/resources/com/synexia/rewrite/hash-pinned-java/a3-regex-memory-lab/A3MemoryCompiler.java.after | cir:evidence/cir-producer-v1/project/src/test/resources/before/m3/tooling/a3/src/main/java/com/m3/a3/A3MemoryCompiler.java | cir:evidence/cir-producer-v1/project/src/test/resources/before/m3/tooling/migration-recipes/src/main/resources/com/synexia/rewrite/hash-pinned-java/a3-regex-memory-lab/A3MemoryCompiler.java.after
published-source-205	synexia-openrewrite-recipes/tasks/m3-ci-752-regex/src/test/resources/before/m3/tooling/migration-recipes/src/main/resources/com/synexia/rewrite/hash-pinned-java/a3-regex-memory-lab/A3RegexMatrix.java.after	f000b1eea411056baaca6051b220149f25334bc70bf69b4f0536839c6c78e404	7514	FROZEN_RECEIVING_EVIDENCE		m3/migration/intake-20261005/current-752-ci/crate/before/6.txt | m3/migration/intake-20261005/current-752-ci/crate/before/8.txt			cir:cir-authoring-v2/src/test/resources/before/m3/tooling/a3/src/main/java/com/m3/a3/A3RegexMatrix.java | cir:cir-authoring-v2/src/test/resources/before/m3/tooling/migration-recipes/src/main/resources/com/synexia/rewrite/hash-pinned-java/a3-regex-memory-lab/A3RegexMatrix.java.after | cir:evidence/cir-producer-v2/project/src/test/resources/before/m3/tooling/a3/src/main/java/com/m3/a3/A3RegexMatrix.java | cir:evidence/cir-producer-v2/project/src/test/resources/before/m3/tooling/migration-recipes/src/main/resources/com/synexia/rewrite/hash-pinned-java/a3-regex-memory-lab/A3RegexMatrix.java.after | cir:evidence/cir-producer-v2/project/target/test-classes/before/m3/tooling/a3/src/main/java/com/m3/a3/A3RegexMatrix.java | cir:evidence/cir-producer-v2/project/target/test-classes/before/m3/tooling/migration-recipes/src/main/resources/com/synexia/rewrite/hash-pinned-java/a3-regex-memory-lab/A3RegexMatrix.java.after | cir:cir-authoring-v1/src/test/resources/before/m3/tooling/a3/src/main/java/com/m3/a3/A3RegexMatrix.java | cir:cir-authoring-v1/src/test/resources/before/m3/tooling/migration-recipes/src/main/resources/com/synexia/rewrite/hash-pinned-java/a3-regex-memory-lab/A3RegexMatrix.java.after | cir:evidence/cir-producer-v1/project/src/test/resources/before/m3/tooling/a3/src/main/java/com/m3/a3/A3RegexMatrix.java | cir:evidence/cir-producer-v1/project/src/test/resources/before/m3/tooling/migration-recipes/src/main/resources/com/synexia/rewrite/hash-pinned-java/a3-regex-memory-lab/A3RegexMatrix.java.after
published-source-205	synexia-openrewrite-recipes/tasks/m3-ci-752-regex/src/test/resources/before/m3/tooling/migration-recipes/src/main/resources/com/synexia/rewrite/hash-pinned-java/a3-regex-memory-lab/manifest.tsv	b2febbb17ed96ae6f582eee2e16af3fc5e435c23e350708f56397bee9ac38ab5	658	FROZEN_RECEIVING_EVIDENCE		m3/migration/intake-20261005/current-752-ci/crate/before/9.txt			cir:cir-authoring-v2/src/test/resources/before/m3/tooling/migration-recipes/src/main/resources/com/synexia/rewrite/hash-pinned-java/a3-regex-memory-lab/manifest.tsv | cir:evidence/cir-producer-v2/project/src/test/resources/before/m3/tooling/migration-recipes/src/main/resources/com/synexia/rewrite/hash-pinned-java/a3-regex-memory-lab/manifest.tsv | cir:evidence/cir-producer-v2/project/target/test-classes/before/m3/tooling/migration-recipes/src/main/resources/com/synexia/rewrite/hash-pinned-java/a3-regex-memory-lab/manifest.tsv | cir:cir-authoring-v1/src/test/resources/before/m3/tooling/migration-recipes/src/main/resources/com/synexia/rewrite/hash-pinned-java/a3-regex-memory-lab/manifest.tsv | cir:evidence/cir-producer-v1/project/src/test/resources/before/m3/tooling/migration-recipes/src/main/resources/com/synexia/rewrite/hash-pinned-java/a3-regex-memory-lab/manifest.tsv
published-source-205	synexia-openrewrite-recipes/tasks/m3-ci-752-regex/src/test/resources/closure/A3Cases.java	677324e1566d482eb5b4470ec1a63d3493bb2a75fc77ea0edb61ba364906c298	7782	ACTIVE_RECEIVING_BYTES	m3/tooling/a3/src/main/java/com/m3/a3/A3Cases.java | m3/tooling/migration-recipes/src/main/resources/com/synexia/rewrite/hash-pinned-java/a3-mastery-lab/A3Cases.java.after				cir:cir-authoring-v2/src/test/resources/closure/A3Cases.java | cir:evidence/cir-producer-v2/project/src/test/resources/closure/A3Cases.java | cir:evidence/cir-producer-v2/project/target/test-classes/closure/A3Cases.java | cir:cir-authoring-v1/src/test/resources/closure/A3Cases.java | cir:evidence/cir-producer-v1/project/src/test/resources/closure/A3Cases.java
published-source-205	synexia-openrewrite-recipes/tasks/m3-ci-752-regex/src/test/resources/closure/A3Fs.java	ebddb148600afd7ee7df1175175df7da86b3a2cb048ca9b4e723d4eec5c2fe8c	3137	ACTIVE_RECEIVING_BYTES	m3/tooling/a3/src/main/java/com/m3/a3/A3Fs.java				cia:cia-authoring-v1/src/test/resources/closure/A3Fs.java | cir:cir-authoring-v2/src/test/resources/closure/A3Fs.java | cia:evidence/cia-producer-v1/project/src/test/resources/closure/A3Fs.java | cia:evidence/cia-producer-v1/project/target/test-classes/closure/A3Fs.java | cir:evidence/cir-producer-v2/project/src/test/resources/closure/A3Fs.java | cir:evidence/cir-producer-v2/project/target/test-classes/closure/A3Fs.java | cir:cir-authoring-v1/src/test/resources/closure/A3Fs.java | cir:evidence/cir-producer-v1/project/src/test/resources/closure/A3Fs.java
published-source-205	synexia-openrewrite-recipes/tasks/m3-ci-752-regex/src/test/resources/nested-a3/A3Lab.java.after	c212736f000836cb782a5ff81fd2de48e67d36ea4b3bd53cf7743c4aadbfdaf6	16196	ACTIVE_RECEIVING_BYTES	m3/tooling/a3/src/main/java/com/m3/a3/A3Lab.java | m3/tooling/migration-recipes/src/main/resources/com/synexia/rewrite/hash-pinned-java/a3-regex-memory-lab/A3Lab.java.after				cir:cir-authoring-v2/src/test/resources/nested-a3/A3Lab.java.after | cir:evidence/cir-producer-v2/project/src/test/resources/nested-a3/A3Lab.java.after | cir:evidence/cir-producer-v2/project/target/test-classes/nested-a3/A3Lab.java.after | cir:cir-authoring-v1/src/test/resources/nested-a3/A3Lab.java.after | cir:evidence/cir-producer-v1/project/src/test/resources/nested-a3/A3Lab.java.after
published-source-205	synexia-openrewrite-recipes/tasks/m3-ci-752-regex/src/test/resources/nested-a3/A3LabTest.java.after	351eeac06154189e79f3d139336437d5911da5721c9a95a779ebd5d511997d9c	6117	ACTIVE_RECEIVING_BYTES	m3/tooling/a3/src/test/java/com/m3/a3/A3LabTest.java | m3/tooling/migration-recipes/src/main/resources/com/synexia/rewrite/hash-pinned-java/a3-regex-memory-lab/A3LabTest.java.after				cir:cir-authoring-v2/src/test/resources/nested-a3/A3LabTest.java.after | cir:evidence/cir-producer-v2/project/src/test/resources/nested-a3/A3LabTest.java.after | cir:evidence/cir-producer-v2/project/target/test-classes/nested-a3/A3LabTest.java.after | cir:cir-authoring-v1/src/test/resources/nested-a3/A3LabTest.java.after | cir:evidence/cir-producer-v1/project/src/test/resources/nested-a3/A3LabTest.java.after
published-source-205	synexia-openrewrite-recipes/tasks/m3-ci-752-regex/src/test/resources/nested-a3/before/A3Lab.java	f68fb01640e7bee16e67af34ff986006a8ebebca3c13e9088296540f844b2200	17623	ACTIVE_RECEIVING_BYTES	m3/tooling/migration-recipes/src/main/resources/com/synexia/rewrite/hash-pinned-java/a3-mastery-lab/A3Lab.java.after | m3/tooling/migration-recipes/src/test/resources/com/m3/rewrite/a3-regex-memory-lab/before/A3Lab.java				cir:cir-authoring-v2/src/test/resources/nested-a3/before/A3Lab.java | cir:evidence/cir-producer-v2/project/src/test/resources/nested-a3/before/A3Lab.java | cir:evidence/cir-producer-v2/project/target/test-classes/nested-a3/before/A3Lab.java | cir:cir-authoring-v1/src/test/resources/nested-a3/before/A3Lab.java | cir:evidence/cir-producer-v1/project/src/test/resources/nested-a3/before/A3Lab.java
published-source-205	synexia-openrewrite-recipes/tasks/m3-ci-752-regex/src/test/resources/nested-a3/before/A3LabTest.java	225efc2885ba8c002d036ecf70b4dd8a13b646debc74afeb031b0fce624d3f18	3860	ACTIVE_RECEIVING_BYTES	m3/tooling/migration-recipes/src/main/resources/com/synexia/rewrite/hash-pinned-java/a3-mastery-lab/A3LabTest.java.after | m3/tooling/migration-recipes/src/test/resources/com/m3/rewrite/a3-regex-memory-lab/before/A3LabTest.java				cir:cir-authoring-v2/src/test/resources/nested-a3/before/A3LabTest.java | cir:evidence/cir-producer-v2/project/src/test/resources/nested-a3/before/A3LabTest.java | cir:evidence/cir-producer-v2/project/target/test-classes/nested-a3/before/A3LabTest.java | cir:cir-authoring-v1/src/test/resources/nested-a3/before/A3LabTest.java | cir:evidence/cir-producer-v1/project/src/test/resources/nested-a3/before/A3LabTest.java
published-source-205	synexia-openrewrite-recipes/tasks/m3-ci-752-regex/evidence/authoring/CIR-AUTHORED.json	e93f9292546683cefd5e3f425cfab16fc1e9aaa7f2ae341ac5614fbd43e73df8	6158	FROZEN_RECEIVING_EVIDENCE		m3/migration/intake-20261005/current-752-ci/a3-producer/AUTHORED.json		m3/migration/intake-20261005/current-752-ci/cir-producer-portable/CIR-AUTHORED.json	cir:CIR-AUTHORED.json
published-source-205	synexia-openrewrite-recipes/tasks/m3-ci-752-regex/evidence/authoring/CIR-CLOSURE-CORRECTION-v2.json	220884f40b35dfc9bb1329629f93e8f80ac1bd22927105afc7daf64f4668bd07	971	PORTABLE_FILE_BYTES				m3/migration/intake-20261005/current-752-ci/cir-producer-portable/CIR-CLOSURE-CORRECTION-v2.json	cir:CIR-CLOSURE-CORRECTION-v2.json
published-source-205	synexia-openrewrite-recipes/tasks/m3-ci-752-regex/evidence/authoring/INDEPENDENT-REVIEW.json	309e6c30f4e6342fcffdd0aab81f1a52ae51748029bd0122ceb546322c23c806	8222	PORTABLE_FILE_BYTES				m3/migration/intake-20261005/current-752-ci/cir-producer-portable/review/independent.json	cir:cir-package-inputs/source-context/continuation-20261005/m3/research/regex-matrix/independent/REVIEW.json
published-source-205	synexia-openrewrite-recipes/tasks/m3-ci-752-regex/evidence/authoring/QUALIFIED-CIR.json	c96fc219ef9ade58c04da59979d202b74a4e82ece96a16fe6f840b0939a89dc7	3026	PORTABLE_FILE_BYTES				m3/migration/intake-20261005/current-752-ci/cir-producer-portable/QUALIFIED-CIR.json	
published-source-205	synexia-openrewrite-recipes/tasks/m3-ci-752-regex/evidence/authoring/ROOT-REVIEW.json	75c7faa54c96c34df0d27376bfaa168b97e8a1667e6a0f4c1d13b511138f51c1	5217	PORTABLE_FILE_BYTES				m3/migration/intake-20261005/current-752-ci/cir-producer-portable/review/cir-five-literals-root-review.json	cir:review/cir-five-literals-root-review.json
published-source-205	synexia-openrewrite-recipes/verification/ci-current-20261005/cir-current/CIR-AUTHORED.json	e93f9292546683cefd5e3f425cfab16fc1e9aaa7f2ae341ac5614fbd43e73df8	6158	FROZEN_RECEIVING_EVIDENCE		m3/migration/intake-20261005/current-752-ci/a3-producer/AUTHORED.json	m3/migration/intake-20261005/current-752-ci/cir-producer-portable/CIR-AUTHORED.json	m3/migration/intake-20261005/current-752-ci/cir-producer-portable/CIR-AUTHORED.json	cir:CIR-AUTHORED.json
published-source-205	synexia-openrewrite-recipes/verification/ci-current-20261005/cir-current/CIR-CLOSURE-CORRECTION-v2.json	220884f40b35dfc9bb1329629f93e8f80ac1bd22927105afc7daf64f4668bd07	971	EXPLICIT_PORTABLE_FILE			m3/migration/intake-20261005/current-752-ci/cir-producer-portable/CIR-CLOSURE-CORRECTION-v2.json	m3/migration/intake-20261005/current-752-ci/cir-producer-portable/CIR-CLOSURE-CORRECTION-v2.json	cir:CIR-CLOSURE-CORRECTION-v2.json
published-source-205	synexia-openrewrite-recipes/verification/ci-current-20261005/cir-current/OUTPUT.json	90d336c43ad1ad0a397badc18cf384afe2c2502fcc64e0a1e11a8f0c1fcfa1ad	1462	FROZEN_RECEIVING_EVIDENCE		m3/migration/intake-20261005/current-752-ci/a3-producer/OUTPUT.json	m3/migration/intake-20261005/current-752-ci/cir-producer-portable/OUTPUT.json	m3/migration/intake-20261005/current-752-ci/cir-producer-portable/OUTPUT.json	cia:cia-package-inputs/source-context/ci-repairs/evidence/cir-producer-v2/generated-candidate/OUTPUT.json | cir:evidence/cir-producer-v2/generated-candidate/OUTPUT.json | cia:evidence/cir-producer-v2/generated-candidate/OUTPUT.json
published-source-205	synexia-openrewrite-recipes/verification/ci-current-20261005/cir-current/PATCH.json	651cc67cff40d9b44f901a4767883c7208968adfa162742e060094e675e8c21f	846	FROZEN_RECEIVING_EVIDENCE		m3/migration/intake-20261005/current-752-ci/a3-producer/PATCH.json	m3/migration/intake-20261005/current-752-ci/cir-producer-portable/PATCH.json	m3/migration/intake-20261005/current-752-ci/cir-producer-portable/PATCH.json	cir:evidence/cir-producer-v2/PATCH.json
published-source-205	synexia-openrewrite-recipes/verification/ci-current-20261005/cir-current/QUALIFIED-CIR.json	c96fc219ef9ade58c04da59979d202b74a4e82ece96a16fe6f840b0939a89dc7	3026	EXPLICIT_PORTABLE_FILE			m3/migration/intake-20261005/current-752-ci/cir-producer-portable/QUALIFIED-CIR.json	m3/migration/intake-20261005/current-752-ci/cir-producer-portable/QUALIFIED-CIR.json	
published-source-205	synexia-openrewrite-recipes/verification/ci-current-20261005/cir-current/README.md	dc4f77277af1bd03c76d7455a1c096bc1bb175313e3d446f1c3c9c096a6cbe10	2611	EXPLICIT_PORTABLE_FILE			m3/migration/intake-20261005/current-752-ci/cir-producer-portable/README.md	m3/migration/intake-20261005/current-752-ci/cir-producer-portable/README.md	
published-source-205	synexia-openrewrite-recipes/verification/ci-current-20261005/cir-current/RESULT.json	4dbc2cf6dc163cacd930b6e90d3d359aa15380535c811545651e4a936f3e92ea	4911	FROZEN_RECEIVING_EVIDENCE		m3/migration/intake-20261005/current-752-ci/a3-producer/RESULT.json	m3/migration/intake-20261005/current-752-ci/cir-producer-portable/RESULT.json	m3/migration/intake-20261005/current-752-ci/cir-producer-portable/RESULT.json	cia:cia-package-inputs/source-context/ci-repairs/evidence/cir-producer-v2/RESULT.json | cir:evidence/cir-producer-v2/RESULT.json | cia:evidence/cir-producer-v2/RESULT.json
published-source-205	synexia-openrewrite-recipes/verification/ci-current-20261005/cir-current/RETENTION-AUDIT.json	b30b306142760481f2003913fee2ce38f8325f06d392859aa033bacfcb46a6d6	167331	EXPLICIT_PORTABLE_FILE			m3/migration/intake-20261005/current-752-ci/cir-producer-portable/RETENTION-AUDIT.json	m3/migration/intake-20261005/current-752-ci/cir-producer-portable/RETENTION-AUDIT.json	
published-source-205	synexia-openrewrite-recipes/verification/ci-current-20261005/cir-current/SOURCE-PROVENANCE.json	68b648fa542c962f76a35b8aa679ba44391c9fd37ab6d43e58119dbfb1fcfffe	8335	EXPLICIT_PORTABLE_FILE			m3/migration/intake-20261005/current-752-ci/cir-producer-portable/SOURCE-PROVENANCE.json	m3/migration/intake-20261005/current-752-ci/cir-producer-portable/SOURCE-PROVENANCE.json	cir:cir-package-inputs/SOURCE-PROVENANCE.json
published-source-205	synexia-openrewrite-recipes/verification/ci-current-20261005/cir-current/V1-PATCH.json	8f7a2a25b7470e2bc07a4f95020fc3dd9c44353e149d3b819d5934a2ee98608d	846	EXPLICIT_PORTABLE_FILE			m3/migration/intake-20261005/current-752-ci/cir-producer-portable/V1-PATCH.json	m3/migration/intake-20261005/current-752-ci/cir-producer-portable/V1-PATCH.json	cir:evidence/cir-producer-v1/PATCH.json
published-source-205	synexia-openrewrite-recipes/verification/ci-current-20261005/cir-current/V1-RESULT.json	8e075767061e6958163d2ba84e9b96051b5ba2e844bd40770290cb219fbb86ef	1305	EXPLICIT_PORTABLE_FILE			m3/migration/intake-20261005/current-752-ci/cir-producer-portable/V1-RESULT.json	m3/migration/intake-20261005/current-752-ci/cir-producer-portable/V1-RESULT.json	cir:evidence/cir-producer-v1/RESULT.json
published-source-205	synexia-openrewrite-recipes/verification/ci-current-20261005/cir-current/candidate.patch	01f9f7c4b6f92e5cadc55d7518dede0559bbc50a953ea9ca2aaafe01a8b86e69	4250	FROZEN_RECEIVING_EVIDENCE		m3/migration/intake-20261005/current-752-ci/a3-producer/candidate.patch	m3/migration/intake-20261005/current-752-ci/cir-producer-portable/candidate.patch	m3/migration/intake-20261005/current-752-ci/cir-producer-portable/candidate.patch	cir:evidence/cir-producer-v2/generated-candidate/candidate.patch
published-source-205	synexia-openrewrite-recipes/verification/ci-current-20261005/cir-current/cir-spec-v1.json	19628d649ac834335510467cbfc558eef19d52ebc858ef339c7407cc37476eca	14108	EXPLICIT_PORTABLE_FILE			m3/migration/intake-20261005/current-752-ci/cir-producer-portable/cir-spec-v1.json	m3/migration/intake-20261005/current-752-ci/cir-producer-portable/cir-spec-v1.json	cir:cir-spec-v1.json | cir:evidence/cir-producer-v1/spec.json
published-source-205	synexia-openrewrite-recipes/verification/ci-current-20261005/cir-current/cir-spec-v2.json	6ab29f4f82803624282c8f20f65afa6413a3088cd63a5d6abf2f83748f217bd5	15029	FROZEN_RECEIVING_EVIDENCE		m3/migration/intake-20261005/current-752-ci/a3-producer/spec.json	m3/migration/intake-20261005/current-752-ci/cir-producer-portable/cir-spec-v2.json	m3/migration/intake-20261005/current-752-ci/cir-producer-portable/cir-spec-v2.json	cir:cir-spec-v2.json | cir:evidence/cir-producer-v2/spec.json
published-source-205	synexia-openrewrite-recipes/verification/ci-current-20261005/cir-current/evidence-bundle/BUNDLE.json	9799b18e1fd42973fd27319240a57d3d7cb5ca20e436e41eb0d0f156ee4f8c89	5357	EXPLICIT_PORTABLE_FILE			m3/migration/intake-20261005/current-752-ci/cir-producer-portable/evidence-bundle/BUNDLE.json	m3/migration/intake-20261005/current-752-ci/cir-producer-portable/evidence-bundle/BUNDLE.json	
published-source-205	synexia-openrewrite-recipes/verification/ci-current-20261005/cir-current/evidence-bundle/LANES.json	45c0e312ef70058d09b9686156b05f7552ffb949032ceeb6be92f7c370246b45	5726	EXPLICIT_PORTABLE_FILE			m3/migration/intake-20261005/current-752-ci/cir-producer-portable/evidence-bundle/LANES.json	m3/migration/intake-20261005/current-752-ci/cir-producer-portable/evidence-bundle/LANES.json	
published-source-205	synexia-openrewrite-recipes/verification/ci-current-20261005/cir-current/evidence-bundle/PACKAGE.json	b2ce9f917bd5aa19699ca0a1f680482fcdc2fcae8ac40cfa3562a8819dfe85fc	1447	EXPLICIT_PORTABLE_FILE			m3/migration/intake-20261005/current-752-ci/cir-producer-portable/evidence-bundle/PACKAGE.json	m3/migration/intake-20261005/current-752-ci/cir-producer-portable/evidence-bundle/PACKAGE.json	
published-source-205	synexia-openrewrite-recipes/verification/ci-current-20261005/cir-current/evidence-bundle/PATHS-0001.tsv	5b020bdfdd2d56599e30fef01a942b09c1d0706d3ce031a0f6c0a071101945e4	32711	EXPLICIT_PORTABLE_FILE			m3/migration/intake-20261005/current-752-ci/cir-producer-portable/evidence-bundle/PATHS-0001.tsv	m3/migration/intake-20261005/current-752-ci/cir-producer-portable/evidence-bundle/PATHS-0001.tsv	
published-source-205	synexia-openrewrite-recipes/verification/ci-current-20261005/cir-current/evidence-bundle/README.md	84aecc3f00e5007105f8766e27962d99a8e2e0cb7d06c6640908125bb7d77aac	2426	EXPLICIT_PORTABLE_FILE			m3/migration/intake-20261005/current-752-ci/cir-producer-portable/evidence-bundle/README.md	m3/migration/intake-20261005/current-752-ci/cir-producer-portable/evidence-bundle/README.md	
published-source-205	synexia-openrewrite-recipes/verification/ci-current-20261005/cir-current/evidence-bundle/part-0001.tar.gz	85b82dbc077f6ed5a5a4f73694a0fc7b45a9f8bcce2374cc8c567be1c839eddf	823201	EXPLICIT_PORTABLE_FILE			m3/migration/intake-20261005/current-752-ci/cir-producer-portable/evidence-bundle/part-0001.tar.gz	m3/migration/intake-20261005/current-752-ci/cir-producer-portable/evidence-bundle/part-0001.tar.gz	
published-source-205	synexia-openrewrite-recipes/verification/ci-current-20261005/cir-current/pack.json	24e33483987cc913010cdf62280cb1fcbf9138f54c31cf54022d36b7564db7f0	1594	EXPLICIT_PORTABLE_FILE			m3/migration/intake-20261005/current-752-ci/cir-producer-portable/pack.json	m3/migration/intake-20261005/current-752-ci/cir-producer-portable/pack.json	
published-source-205	synexia-openrewrite-recipes/verification/ci-current-20261005/cir-current/pack.stderr.log	e3b0c44298fc1c149afbf4c8996fb92427ae41e4649b934ca495991b7852b855	0	EXPLICIT_PORTABLE_FILE			m3/migration/intake-20261005/current-752-ci/cir-producer-portable/pack.stderr.log		
published-source-205	synexia-openrewrite-recipes/verification/ci-current-20261005/cir-current/pack.stdout.log	cc3b73cf8616c991d1fe8dd757a630f228cc3e8294fb4b81cf88e7a47b80b8de	651	EXPLICIT_PORTABLE_FILE			m3/migration/intake-20261005/current-752-ci/cir-producer-portable/pack.stdout.log	m3/migration/intake-20261005/current-752-ci/cir-producer-portable/pack.stdout.log	
published-source-205	synexia-openrewrite-recipes/verification/ci-current-20261005/cir-current/package-plan.json	8923c7ef92cc9b860ca12bb9e1cd3c7796e1cd1f97363baa336f039e43edfc64	1634	EXPLICIT_PORTABLE_FILE			m3/migration/intake-20261005/current-752-ci/cir-producer-portable/package-plan.json	m3/migration/intake-20261005/current-752-ci/cir-producer-portable/package-plan.json	cir:cir-package-plan.json
published-source-205	synexia-openrewrite-recipes/verification/ci-current-20261005/cir-current/package_evidence.py	89d43693f508c723e431296cc06f611c8de4f94df8eaddea95a2c7742feb0574	33814	FROZEN_RECEIVING_EVIDENCE		m3/migration/intake-20261005/current-752-ci/native-current-v1/evidence-tools/package_evidence.py	m3/migration/intake-20261005/current-752-ci/cir-producer-portable/package_evidence.py	m3/migration/intake-20261005/current-752-ci/producer-portable/evidence-tools/package_evidence.py | m3/migration/intake-20261005/current-752-ci/cir-producer-portable/package_evidence.py | m3/migration/intake-20261005/current-752-ci/cia-producer-portable/package_evidence.py	native:acquisition/package_evidence.py | cir:cir-package-inputs/package_evidence.py | producer:producer-package-inputs/acquisition/package_evidence.py
published-source-205	synexia-openrewrite-recipes/verification/ci-current-20261005/cir-current/parent-consumer-v1/PATCH.json	082a323ce1b3de43039b12b1d71a5f4ff960c51a22e146858d2b40f5488574ec	676	EXPLICIT_PORTABLE_FILE			m3/migration/intake-20261005/current-752-ci/cir-producer-portable/parent-consumer-v1/PATCH.json	m3/migration/intake-20261005/current-752-ci/cir-producer-portable/parent-consumer-v1/PATCH.json	cir:cir-package-inputs/source-context/continuation-20261005/m3/evidence/consumer-v1/PATCH.json
published-source-205	synexia-openrewrite-recipes/verification/ci-current-20261005/cir-current/parent-consumer-v1/RESULT.json	47a1efd8b72eb173d3c48124e549e7ecb28d332be09e97bc63290989ba34ba92	3384	EXPLICIT_PORTABLE_FILE			m3/migration/intake-20261005/current-752-ci/cir-producer-portable/parent-consumer-v1/RESULT.json	m3/migration/intake-20261005/current-752-ci/cir-producer-portable/parent-consumer-v1/RESULT.json	cir:cir-package-inputs/source-context/continuation-20261005/m3/evidence/consumer-v1/RESULT.json
published-source-205	synexia-openrewrite-recipes/verification/ci-current-20261005/cir-current/review/cir-five-literals-root-review.json	75c7faa54c96c34df0d27376bfaa168b97e8a1667e6a0f4c1d13b511138f51c1	5217	EXPLICIT_PORTABLE_FILE			m3/migration/intake-20261005/current-752-ci/cir-producer-portable/review/cir-five-literals-root-review.json	m3/migration/intake-20261005/current-752-ci/cir-producer-portable/review/cir-five-literals-root-review.json	cir:review/cir-five-literals-root-review.json
published-source-205	synexia-openrewrite-recipes/verification/ci-current-20261005/cir-current/review/independent.json	309e6c30f4e6342fcffdd0aab81f1a52ae51748029bd0122ceb546322c23c806	8222	EXPLICIT_PORTABLE_FILE			m3/migration/intake-20261005/current-752-ci/cir-producer-portable/review/independent.json	m3/migration/intake-20261005/current-752-ci/cir-producer-portable/review/independent.json	cir:cir-package-inputs/source-context/continuation-20261005/m3/research/regex-matrix/independent/REVIEW.json
published-source-205	synexia-openrewrite-recipes/verification/ci-current-20261005/cir-current/source-context/20261005-m3-regex-template-admission-control-literals.md	e7f05694d31286451c54925aeccdce6fbe5d61fc5e121c99183e1bbd9232088b	2660	EXPLICIT_PORTABLE_FILE			m3/migration/intake-20261005/current-752-ci/cir-producer-portable/source-context/20261005-m3-regex-template-admission-control-literals.md	m3/migration/intake-20261005/current-752-ci/cir-producer-portable/source-context/20261005-m3-regex-template-admission-control-literals.md	cir:cir-package-inputs/source-context/continuation-20261005/synexia/synexia-openrewrite-recipes/docs/20261005-m3-regex-template-admission-control-literals.md
published-source-205	synexia-openrewrite-recipes/verification/ci-current-20261005/cir-current/source-context/20261005-m3-regex-template-admission.md	e6a88f16eb77e2c9d742a13003b3d5e78f708ca25f13e0949c4afbcf8d6964e5	3765	EXPLICIT_PORTABLE_FILE			m3/migration/intake-20261005/current-752-ci/cir-producer-portable/source-context/20261005-m3-regex-template-admission.md	m3/migration/intake-20261005/current-752-ci/cir-producer-portable/source-context/20261005-m3-regex-template-admission.md	cir:cir-package-inputs/source-context/continuation-20261005/synexia/synexia-openrewrite-recipes/docs/20261005-m3-regex-template-admission.md
published-source-205	synexia-openrewrite-recipes/verification/ci-current-20261005/cir-current/verify.json	ee4918b2a55abcec4cc9dde64c80cf5ecbfb61edfcd1ba31bae934090782380d	1350	EXPLICIT_PORTABLE_FILE			m3/migration/intake-20261005/current-752-ci/cir-producer-portable/verify.json	m3/migration/intake-20261005/current-752-ci/cir-producer-portable/verify.json	
published-source-205	synexia-openrewrite-recipes/verification/ci-current-20261005/cir-current/verify.stderr.log	e3b0c44298fc1c149afbf4c8996fb92427ae41e4649b934ca495991b7852b855	0	EXPLICIT_PORTABLE_FILE			m3/migration/intake-20261005/current-752-ci/cir-producer-portable/verify.stderr.log		
published-source-205	synexia-openrewrite-recipes/verification/ci-current-20261005/cir-current/verify.stdout.log	3e079c455939eb1e4b400175fc83b285c1d742dd8df977bd900d3b51fd9338e2	769	EXPLICIT_PORTABLE_FILE			m3/migration/intake-20261005/current-752-ci/cir-producer-portable/verify.stdout.log	m3/migration/intake-20261005/current-752-ci/cir-producer-portable/verify.stdout.log	
cia-source-26-increment	synexia-openrewrite-recipes/docs/20261005-m3-a3-runtime-admission.md	e93fd4b683ff3bfc74ea3d2816468e8e41ad51945875d5d1a4d5224662c2ac59	3825	PORTABLE_FILE_BYTES				m3/migration/intake-20261005/current-752-ci/cia-producer-portable/source-context/20261005-m3-a3-runtime-admission.md	cia:cia-package-inputs/source-context/synexia/synexia-openrewrite-recipes/docs/20261005-m3-a3-runtime-admission.md
cia-source-26-increment	synexia-openrewrite-recipes/tasks/m3-ci-752-a3/README.md	b27d8958a48a00f257bb892157b30065df5731fa8d99467c4506f434295aa914	4202	PORTABLE_LOGICAL_BYTES					cia:cia-authoring-v1/README.md | cia:evidence/cia-producer-v1/project/README.md
cia-source-26-increment	synexia-openrewrite-recipes/tasks/m3-ci-752-a3/dependency-source/com/m3/rewrite/backport/M3Jdk21HashPinnedTextSnapshotRecipe.java	8015207ce502d22955f7f77697177e5939fa1e25be7cd74be89c639335ae48e6	12032	ACTIVE_RECEIVING_BYTES	m3/tooling/migration-recipes/src/main/java/com/m3/rewrite/backport/M3Jdk21HashPinnedTextSnapshotRecipe.java				cia:cia-authoring-v1/dependency-source/com/m3/rewrite/backport/M3Jdk21HashPinnedTextSnapshotRecipe.java | cir:cir-authoring-v2/dependency-source/com/m3/rewrite/backport/M3Jdk21HashPinnedTextSnapshotRecipe.java | producer:producer-authoring-v2/dependency-source/com/m3/rewrite/backport/M3Jdk21HashPinnedTextSnapshotRecipe.java | cia:evidence/cia-producer-v1/project/dependency-source/com/m3/rewrite/backport/M3Jdk21HashPinnedTextSnapshotRecipe.java | cir:evidence/cir-producer-v2/project/dependency-source/com/m3/rewrite/backport/M3Jdk21HashPinnedTextSnapshotRecipe.java | producer:evidence/producer-v2/project/dependency-source/com/m3/rewrite/backport/M3Jdk21HashPinnedTextSnapshotRecipe.java | cir:cir-authoring-v1/dependency-source/com/m3/rewrite/backport/M3Jdk21HashPinnedTextSnapshotRecipe.java | cir:evidence/cir-producer-v1/project/dependency-source/com/m3/rewrite/backport/M3Jdk21HashPinnedTextSnapshotRecipe.java | producer:evidence/producer-v1/project/dependency-source/com/m3/rewrite/backport/M3Jdk21HashPinnedTextSnapshotRecipe.java | producer:producer-package-inputs/authoring-v1/dependency-source/com/m3/rewrite/backport/M3Jdk21HashPinnedTextSnapshotRecipe.java | producer:producer-package-inputs/authoring-v2/dependency-source/com/m3/rewrite/backport/M3Jdk21HashPinnedTextSnapshotRecipe.java
cia-source-26-increment	synexia-openrewrite-recipes/tasks/m3-ci-752-a3/evidence/authoring/CIA-AUTHORED.json	33df01fd87e1ae74e5265a4259714f9b18a210f55fd94e8ee59a8721949518fa	5730	FROZEN_RECEIVING_EVIDENCE		m3/migration/intake-20261005/current-752-ci/a3-receiving-producer/AUTHORED.json		m3/migration/intake-20261005/current-752-ci/cia-producer-portable/CIA-AUTHORED.json	cia:CIA-AUTHORED.json | cia:cia-package-inputs/source-context/ci-repairs/CIA-AUTHORED.json
cia-source-26-increment	synexia-openrewrite-recipes/tasks/m3-ci-752-a3/evidence/authoring/QUALIFIED-CIA.json	a0f06302aaf0f09551169cb79b7778a205d59f2e04fa567a6f30ad88c9e7b0f1	2975	PORTABLE_FILE_BYTES				m3/migration/intake-20261005/current-752-ci/cia-producer-portable/QUALIFIED-CIA.json	cia:QUALIFIED-CIA.json
cia-source-26-increment	synexia-openrewrite-recipes/tasks/m3-ci-752-a3/evidence/authoring/SLF4J-RUNTIME-DIAGNOSIS.json	68dd8b08cea1fa8940b8c4b89e020e1748db2561420ff364c8b834acbf24109e	7466	PORTABLE_FILE_BYTES				m3/migration/intake-20261005/current-752-ci/cia-producer-portable/review/SLF4J-RUNTIME-DIAGNOSIS.json	cia:cia-package-inputs/source-context/publication/SLF4J-RUNTIME-DIAGNOSIS.json
cia-source-26-increment	synexia-openrewrite-recipes/tasks/m3-ci-752-a3/pom.xml	d7263a7f913f70e5be7c52031248477ab0bbef5e6bd8f84d7883b6702ff5e407	3595	PORTABLE_LOGICAL_BYTES					cia:cia-authoring-v1/pom.xml | cia:evidence/cia-producer-v1/project/pom.xml
cia-source-26-increment	synexia-openrewrite-recipes/tasks/m3-ci-752-a3/proof.py	02d7476cc67843e0ba01fa24bd4c2515bb0da3de64b87b5db1b570ea970ddb0b	28469	PORTABLE_LOGICAL_BYTES					cia:cia-authoring-v1/proof.py | cia:evidence/cia-producer-v1/project/proof.py
cia-source-26-increment	synexia-openrewrite-recipes/tasks/m3-ci-752-a3/src/main/resources/META-INF/rewrite/m3-ci-752-a3.yml	2dfa64c57bb5ad3f973852d6b8ea5e48f139215e2b737c43583fcd5f2773dbb8	493	PORTABLE_LOGICAL_BYTES					cia:cia-authoring-v1/src/main/resources/META-INF/rewrite/m3-ci-752-a3.yml | cia:evidence/cia-producer-v1/project/src/main/resources/META-INF/rewrite/m3-ci-752-a3.yml | cia:evidence/cia-producer-v1/project/target/classes/META-INF/rewrite/m3-ci-752-a3.yml
cia-source-26-increment	synexia-openrewrite-recipes/tasks/m3-ci-752-a3/src/main/resources/com/m3/rewrite/backport/jdk21-hash-pinned-text/m3-ci-752-a3/manifest.tsv	89d7df5d0190e71b6fb69797fe848b37f5ffb09e274f020135e0df948488782a	1306	PORTABLE_LOGICAL_BYTES					cia:cia-authoring-v1/src/main/resources/com/m3/rewrite/backport/jdk21-hash-pinned-text/m3-ci-752-a3/manifest.tsv | cia:evidence/cia-producer-v1/project/src/main/resources/com/m3/rewrite/backport/jdk21-hash-pinned-text/m3-ci-752-a3/manifest.tsv | cia:evidence/cia-producer-v1/project/target/classes/com/m3/rewrite/backport/jdk21-hash-pinned-text/m3-ci-752-a3/manifest.tsv
cia-source-26-increment	synexia-openrewrite-recipes/tasks/m3-ci-752-a3/src/main/resources/com/m3/rewrite/backport/jdk21-hash-pinned-text/m3-ci-752-a3/target-1.txt	0de471de5a54e1c87153e4b1c23c4013a800f07595cfc05eec7bd4e68f1345d6	10008	ACTIVE_RECEIVING_BYTES	m3/tooling/a3/src/main/java/com/m3/a3/A3Alg.java | m3/tooling/migration-recipes/src/main/resources/com/m3/rewrite/a3-algorithm-catalogue/after/A3Alg.java	m3/migration/intake-20261005/current-752-ci/crate/after/10.txt | m3/migration/intake-20261005/current-752-ci/crate/after/14.txt			cia:cia-authoring-v1/src/main/resources/com/m3/rewrite/backport/jdk21-hash-pinned-text/m3-ci-752-a3/target-1.txt | cia:cia-authoring-v1/src/main/resources/com/m3/rewrite/backport/jdk21-hash-pinned-text/m3-ci-752-a3/target-5.txt | cia:evidence/cia-producer-v1/project/src/main/resources/com/m3/rewrite/backport/jdk21-hash-pinned-text/m3-ci-752-a3/target-1.txt | cia:evidence/cia-producer-v1/project/src/main/resources/com/m3/rewrite/backport/jdk21-hash-pinned-text/m3-ci-752-a3/target-5.txt | cia:evidence/cia-producer-v1/project/target/classes/com/m3/rewrite/backport/jdk21-hash-pinned-text/m3-ci-752-a3/target-1.txt | cia:evidence/cia-producer-v1/project/target/classes/com/m3/rewrite/backport/jdk21-hash-pinned-text/m3-ci-752-a3/target-5.txt | cia:evidence/cia-producer-v1/generated-candidate/m3/tooling/a3/src/main/java/com/m3/a3/A3Alg.java | cia:evidence/cia-producer-v1/generated-candidate/m3/tooling/migration-recipes/src/main/resources/com/m3/rewrite/a3-algorithm-catalogue/after/A3Alg.java
cia-source-26-increment	synexia-openrewrite-recipes/tasks/m3-ci-752-a3/src/main/resources/com/m3/rewrite/backport/jdk21-hash-pinned-text/m3-ci-752-a3/target-2.txt	8922e21e4f814dc99282cf1828786a0347552454003e23ac2fa91aa8710851b1	4466	ACTIVE_RECEIVING_BYTES	m3/tooling/a3/src/test/java/com/m3/a3/A3PlanTest.java | m3/tooling/migration-recipes/src/main/resources/com/m3/rewrite/a3-algorithm-catalogue/after/A3PlanTest.java	m3/migration/intake-20261005/current-752-ci/crate/after/11.txt | m3/migration/intake-20261005/current-752-ci/crate/after/15.txt			cia:cia-authoring-v1/src/main/resources/com/m3/rewrite/backport/jdk21-hash-pinned-text/m3-ci-752-a3/target-2.txt | cia:cia-authoring-v1/src/main/resources/com/m3/rewrite/backport/jdk21-hash-pinned-text/m3-ci-752-a3/target-6.txt | cia:evidence/cia-producer-v1/project/src/main/resources/com/m3/rewrite/backport/jdk21-hash-pinned-text/m3-ci-752-a3/target-2.txt | cia:evidence/cia-producer-v1/project/src/main/resources/com/m3/rewrite/backport/jdk21-hash-pinned-text/m3-ci-752-a3/target-6.txt | cia:evidence/cia-producer-v1/project/target/classes/com/m3/rewrite/backport/jdk21-hash-pinned-text/m3-ci-752-a3/target-2.txt | cia:evidence/cia-producer-v1/project/target/classes/com/m3/rewrite/backport/jdk21-hash-pinned-text/m3-ci-752-a3/target-6.txt | cia:evidence/cia-producer-v1/generated-candidate/m3/tooling/a3/src/test/java/com/m3/a3/A3PlanTest.java | cia:evidence/cia-producer-v1/generated-candidate/m3/tooling/migration-recipes/src/main/resources/com/m3/rewrite/a3-algorithm-catalogue/after/A3PlanTest.java
cia-source-26-increment	synexia-openrewrite-recipes/tasks/m3-ci-752-a3/src/main/resources/com/m3/rewrite/backport/jdk21-hash-pinned-text/m3-ci-752-a3/target-3.txt	a53bdeee8afe28b90cb0e348e718b70610a9487edb1b75b46e09bfb76e0f3dc9	3522	ACTIVE_RECEIVING_BYTES	m3/tooling/migration-recipes/pom.xml	m3/migration/intake-20261005/current-752-ci/crate/after/12.txt			cia:cia-authoring-v1/src/main/resources/com/m3/rewrite/backport/jdk21-hash-pinned-text/m3-ci-752-a3/target-3.txt | cia:evidence/cia-producer-v1/project/src/main/resources/com/m3/rewrite/backport/jdk21-hash-pinned-text/m3-ci-752-a3/target-3.txt | cia:evidence/cia-producer-v1/project/target/classes/com/m3/rewrite/backport/jdk21-hash-pinned-text/m3-ci-752-a3/target-3.txt | cia:evidence/cia-producer-v1/generated-candidate/m3/tooling/migration-recipes/pom.xml
cia-source-26-increment	synexia-openrewrite-recipes/tasks/m3-ci-752-a3/src/main/resources/com/m3/rewrite/backport/jdk21-hash-pinned-text/m3-ci-752-a3/target-4.txt	521a7f07e59f507e0ce3193a3d0c7540c232a37c74128d954b52670677498241	2338	ACTIVE_RECEIVING_BYTES	m3/tooling/migration-recipes/src/main/java/com/m3/rewrite/a3/M3A3AlgorithmCatalogueManifest.java	m3/migration/intake-20261005/current-752-ci/crate/after/13.txt			cia:cia-authoring-v1/src/main/resources/com/m3/rewrite/backport/jdk21-hash-pinned-text/m3-ci-752-a3/target-4.txt | cia:evidence/cia-producer-v1/project/src/main/resources/com/m3/rewrite/backport/jdk21-hash-pinned-text/m3-ci-752-a3/target-4.txt | cia:evidence/cia-producer-v1/project/target/classes/com/m3/rewrite/backport/jdk21-hash-pinned-text/m3-ci-752-a3/target-4.txt | cia:evidence/cia-producer-v1/generated-candidate/m3/tooling/migration-recipes/src/main/java/com/m3/rewrite/a3/M3A3AlgorithmCatalogueManifest.java
cia-source-26-increment	synexia-openrewrite-recipes/tasks/m3-ci-752-a3/src/main/resources/com/m3/rewrite/backport/jdk21-hash-pinned-text/m3-ci-752-a3/target-5.txt	0de471de5a54e1c87153e4b1c23c4013a800f07595cfc05eec7bd4e68f1345d6	10008	ACTIVE_RECEIVING_BYTES	m3/tooling/a3/src/main/java/com/m3/a3/A3Alg.java | m3/tooling/migration-recipes/src/main/resources/com/m3/rewrite/a3-algorithm-catalogue/after/A3Alg.java	m3/migration/intake-20261005/current-752-ci/crate/after/10.txt | m3/migration/intake-20261005/current-752-ci/crate/after/14.txt			cia:cia-authoring-v1/src/main/resources/com/m3/rewrite/backport/jdk21-hash-pinned-text/m3-ci-752-a3/target-1.txt | cia:cia-authoring-v1/src/main/resources/com/m3/rewrite/backport/jdk21-hash-pinned-text/m3-ci-752-a3/target-5.txt | cia:evidence/cia-producer-v1/project/src/main/resources/com/m3/rewrite/backport/jdk21-hash-pinned-text/m3-ci-752-a3/target-1.txt | cia:evidence/cia-producer-v1/project/src/main/resources/com/m3/rewrite/backport/jdk21-hash-pinned-text/m3-ci-752-a3/target-5.txt | cia:evidence/cia-producer-v1/project/target/classes/com/m3/rewrite/backport/jdk21-hash-pinned-text/m3-ci-752-a3/target-1.txt | cia:evidence/cia-producer-v1/project/target/classes/com/m3/rewrite/backport/jdk21-hash-pinned-text/m3-ci-752-a3/target-5.txt | cia:evidence/cia-producer-v1/generated-candidate/m3/tooling/a3/src/main/java/com/m3/a3/A3Alg.java | cia:evidence/cia-producer-v1/generated-candidate/m3/tooling/migration-recipes/src/main/resources/com/m3/rewrite/a3-algorithm-catalogue/after/A3Alg.java
cia-source-26-increment	synexia-openrewrite-recipes/tasks/m3-ci-752-a3/src/main/resources/com/m3/rewrite/backport/jdk21-hash-pinned-text/m3-ci-752-a3/target-6.txt	8922e21e4f814dc99282cf1828786a0347552454003e23ac2fa91aa8710851b1	4466	ACTIVE_RECEIVING_BYTES	m3/tooling/a3/src/test/java/com/m3/a3/A3PlanTest.java | m3/tooling/migration-recipes/src/main/resources/com/m3/rewrite/a3-algorithm-catalogue/after/A3PlanTest.java	m3/migration/intake-20261005/current-752-ci/crate/after/11.txt | m3/migration/intake-20261005/current-752-ci/crate/after/15.txt			cia:cia-authoring-v1/src/main/resources/com/m3/rewrite/backport/jdk21-hash-pinned-text/m3-ci-752-a3/target-2.txt | cia:cia-authoring-v1/src/main/resources/com/m3/rewrite/backport/jdk21-hash-pinned-text/m3-ci-752-a3/target-6.txt | cia:evidence/cia-producer-v1/project/src/main/resources/com/m3/rewrite/backport/jdk21-hash-pinned-text/m3-ci-752-a3/target-2.txt | cia:evidence/cia-producer-v1/project/src/main/resources/com/m3/rewrite/backport/jdk21-hash-pinned-text/m3-ci-752-a3/target-6.txt | cia:evidence/cia-producer-v1/project/target/classes/com/m3/rewrite/backport/jdk21-hash-pinned-text/m3-ci-752-a3/target-2.txt | cia:evidence/cia-producer-v1/project/target/classes/com/m3/rewrite/backport/jdk21-hash-pinned-text/m3-ci-752-a3/target-6.txt | cia:evidence/cia-producer-v1/generated-candidate/m3/tooling/a3/src/test/java/com/m3/a3/A3PlanTest.java | cia:evidence/cia-producer-v1/generated-candidate/m3/tooling/migration-recipes/src/main/resources/com/m3/rewrite/a3-algorithm-catalogue/after/A3PlanTest.java
cia-source-26-increment	synexia-openrewrite-recipes/tasks/m3-ci-752-a3/src/test/java/com/synexia/rewrite/CiaRecipeTest.java	30e41c28cf90a370cbdb741d367c12db38b7f5aafe262f963df7298bdc7e20f7	29501	PORTABLE_LOGICAL_BYTES					cia:cia-authoring-v1/src/test/java/com/synexia/rewrite/CiaRecipeTest.java | cia:evidence/cia-producer-v1/project/src/test/java/com/synexia/rewrite/CiaRecipeTest.java
cia-source-26-increment	synexia-openrewrite-recipes/tasks/m3-ci-752-a3/src/test/resources/before/m3/tooling/a3/src/main/java/com/m3/a3/A3Alg.java	d88f347f77069dc1e2e6a3871c68c55e76f885f324801957d041f9ecc31ec6f4	9492	FROZEN_RECEIVING_EVIDENCE		m3/migration/intake-20261005/current-752-ci/crate/before/10.txt | m3/migration/intake-20261005/current-752-ci/crate/before/14.txt			cia:cia-authoring-v1/src/test/resources/before/m3/tooling/a3/src/main/java/com/m3/a3/A3Alg.java | cia:cia-authoring-v1/src/test/resources/before/m3/tooling/migration-recipes/src/main/resources/com/m3/rewrite/a3-algorithm-catalogue/after/A3Alg.java | cia:evidence/cia-producer-v1/project/src/test/resources/before/m3/tooling/a3/src/main/java/com/m3/a3/A3Alg.java | cia:evidence/cia-producer-v1/project/src/test/resources/before/m3/tooling/migration-recipes/src/main/resources/com/m3/rewrite/a3-algorithm-catalogue/after/A3Alg.java | cia:evidence/cia-producer-v1/project/target/test-classes/before/m3/tooling/a3/src/main/java/com/m3/a3/A3Alg.java | cia:evidence/cia-producer-v1/project/target/test-classes/before/m3/tooling/migration-recipes/src/main/resources/com/m3/rewrite/a3-algorithm-catalogue/after/A3Alg.java
cia-source-26-increment	synexia-openrewrite-recipes/tasks/m3-ci-752-a3/src/test/resources/before/m3/tooling/a3/src/test/java/com/m3/a3/A3PlanTest.java	d684f2c95622c32683dbdce162d2f49101c7431bfbba1927a34182dcecadc77f	4462	FROZEN_RECEIVING_EVIDENCE		m3/migration/intake-20261005/current-752-ci/crate/before/11.txt | m3/migration/intake-20261005/current-752-ci/crate/before/15.txt			cia:cia-authoring-v1/src/test/resources/before/m3/tooling/a3/src/test/java/com/m3/a3/A3PlanTest.java | cia:cia-authoring-v1/src/test/resources/before/m3/tooling/migration-recipes/src/main/resources/com/m3/rewrite/a3-algorithm-catalogue/after/A3PlanTest.java | cia:evidence/cia-producer-v1/project/src/test/resources/before/m3/tooling/a3/src/test/java/com/m3/a3/A3PlanTest.java | cia:evidence/cia-producer-v1/project/src/test/resources/before/m3/tooling/migration-recipes/src/main/resources/com/m3/rewrite/a3-algorithm-catalogue/after/A3PlanTest.java | cia:evidence/cia-producer-v1/project/target/test-classes/before/m3/tooling/a3/src/test/java/com/m3/a3/A3PlanTest.java | cia:evidence/cia-producer-v1/project/target/test-classes/before/m3/tooling/migration-recipes/src/main/resources/com/m3/rewrite/a3-algorithm-catalogue/after/A3PlanTest.java
cia-source-26-increment	synexia-openrewrite-recipes/tasks/m3-ci-752-a3/src/test/resources/before/m3/tooling/migration-recipes/pom.xml	8544be570c2656c5fa641ae34fc01eaea420bbb420f6d80ce5f95253504e9888	3383	FROZEN_RECEIVING_EVIDENCE		m3/migration/intake-20261005/current-752-ci/crate/before/12.txt			cia:cia-authoring-v1/src/test/resources/before/m3/tooling/migration-recipes/pom.xml | cia:evidence/cia-producer-v1/project/src/test/resources/before/m3/tooling/migration-recipes/pom.xml | cia:evidence/cia-producer-v1/project/target/test-classes/before/m3/tooling/migration-recipes/pom.xml
cia-source-26-increment	synexia-openrewrite-recipes/tasks/m3-ci-752-a3/src/test/resources/before/m3/tooling/migration-recipes/src/main/java/com/m3/rewrite/a3/M3A3AlgorithmCatalogueManifest.java	280d7c08e9da9f618f4596516420a5c6c2de8f32fa1b52ff354853f3b0fb7c2b	2338	FROZEN_RECEIVING_EVIDENCE		m3/migration/intake-20261005/current-752-ci/crate/before/13.txt			cia:cia-authoring-v1/src/test/resources/before/m3/tooling/migration-recipes/src/main/java/com/m3/rewrite/a3/M3A3AlgorithmCatalogueManifest.java | cia:evidence/cia-producer-v1/project/src/test/resources/before/m3/tooling/migration-recipes/src/main/java/com/m3/rewrite/a3/M3A3AlgorithmCatalogueManifest.java | cia:evidence/cia-producer-v1/project/target/test-classes/before/m3/tooling/migration-recipes/src/main/java/com/m3/rewrite/a3/M3A3AlgorithmCatalogueManifest.java
cia-source-26-increment	synexia-openrewrite-recipes/tasks/m3-ci-752-a3/src/test/resources/before/m3/tooling/migration-recipes/src/main/resources/com/m3/rewrite/a3-algorithm-catalogue/after/A3Alg.java	d88f347f77069dc1e2e6a3871c68c55e76f885f324801957d041f9ecc31ec6f4	9492	FROZEN_RECEIVING_EVIDENCE		m3/migration/intake-20261005/current-752-ci/crate/before/10.txt | m3/migration/intake-20261005/current-752-ci/crate/before/14.txt			cia:cia-authoring-v1/src/test/resources/before/m3/tooling/a3/src/main/java/com/m3/a3/A3Alg.java | cia:cia-authoring-v1/src/test/resources/before/m3/tooling/migration-recipes/src/main/resources/com/m3/rewrite/a3-algorithm-catalogue/after/A3Alg.java | cia:evidence/cia-producer-v1/project/src/test/resources/before/m3/tooling/a3/src/main/java/com/m3/a3/A3Alg.java | cia:evidence/cia-producer-v1/project/src/test/resources/before/m3/tooling/migration-recipes/src/main/resources/com/m3/rewrite/a3-algorithm-catalogue/after/A3Alg.java | cia:evidence/cia-producer-v1/project/target/test-classes/before/m3/tooling/a3/src/main/java/com/m3/a3/A3Alg.java | cia:evidence/cia-producer-v1/project/target/test-classes/before/m3/tooling/migration-recipes/src/main/resources/com/m3/rewrite/a3-algorithm-catalogue/after/A3Alg.java
cia-source-26-increment	synexia-openrewrite-recipes/tasks/m3-ci-752-a3/src/test/resources/before/m3/tooling/migration-recipes/src/main/resources/com/m3/rewrite/a3-algorithm-catalogue/after/A3PlanTest.java	d684f2c95622c32683dbdce162d2f49101c7431bfbba1927a34182dcecadc77f	4462	FROZEN_RECEIVING_EVIDENCE		m3/migration/intake-20261005/current-752-ci/crate/before/11.txt | m3/migration/intake-20261005/current-752-ci/crate/before/15.txt			cia:cia-authoring-v1/src/test/resources/before/m3/tooling/a3/src/test/java/com/m3/a3/A3PlanTest.java | cia:cia-authoring-v1/src/test/resources/before/m3/tooling/migration-recipes/src/main/resources/com/m3/rewrite/a3-algorithm-catalogue/after/A3PlanTest.java | cia:evidence/cia-producer-v1/project/src/test/resources/before/m3/tooling/a3/src/test/java/com/m3/a3/A3PlanTest.java | cia:evidence/cia-producer-v1/project/src/test/resources/before/m3/tooling/migration-recipes/src/main/resources/com/m3/rewrite/a3-algorithm-catalogue/after/A3PlanTest.java | cia:evidence/cia-producer-v1/project/target/test-classes/before/m3/tooling/a3/src/test/java/com/m3/a3/A3PlanTest.java | cia:evidence/cia-producer-v1/project/target/test-classes/before/m3/tooling/migration-recipes/src/main/resources/com/m3/rewrite/a3-algorithm-catalogue/after/A3PlanTest.java
cia-source-26-increment	synexia-openrewrite-recipes/tasks/m3-ci-752-a3/src/test/resources/closure/A3AlgTest.java	594ae68ab3994526b03d31db36aab0c11235a10c078c740ffaea7d597884efbe	6270	ACTIVE_RECEIVING_BYTES	m3/tooling/a3/src/test/java/com/m3/a3/A3AlgTest.java | m3/tooling/migration-recipes/src/main/resources/com/m3/rewrite/a3-algorithm-catalogue/after/A3AlgTest.java				cia:cia-authoring-v1/src/test/resources/closure/A3AlgTest.java | cia:evidence/cia-producer-v1/project/src/test/resources/closure/A3AlgTest.java | cia:evidence/cia-producer-v1/project/target/test-classes/closure/A3AlgTest.java
cia-source-26-increment	synexia-openrewrite-recipes/tasks/m3-ci-752-a3/src/test/resources/closure/A3Fs.java	ebddb148600afd7ee7df1175175df7da86b3a2cb048ca9b4e723d4eec5c2fe8c	3137	ACTIVE_RECEIVING_BYTES	m3/tooling/a3/src/main/java/com/m3/a3/A3Fs.java				cia:cia-authoring-v1/src/test/resources/closure/A3Fs.java | cir:cir-authoring-v2/src/test/resources/closure/A3Fs.java | cia:evidence/cia-producer-v1/project/src/test/resources/closure/A3Fs.java | cia:evidence/cia-producer-v1/project/target/test-classes/closure/A3Fs.java | cir:evidence/cir-producer-v2/project/src/test/resources/closure/A3Fs.java | cir:evidence/cir-producer-v2/project/target/test-classes/closure/A3Fs.java | cir:cir-authoring-v1/src/test/resources/closure/A3Fs.java | cir:evidence/cir-producer-v1/project/src/test/resources/closure/A3Fs.java
cia-source-26-increment	synexia-openrewrite-recipes/tasks/m3-ci-752-a3/src/test/resources/closure/A3Plan.java	e973e37826a09fc2571d4df5514cad4fafec37008d65b6a63cb6bf89a96f4800	7885	ACTIVE_RECEIVING_BYTES	m3/tooling/a3/src/main/java/com/m3/a3/A3Plan.java | m3/tooling/migration-recipes/src/main/resources/com/m3/rewrite/a3-algorithm-catalogue/after/A3Plan.java				cia:cia-authoring-v1/src/test/resources/closure/A3Plan.java | cia:evidence/cia-producer-v1/project/src/test/resources/closure/A3Plan.java | cia:evidence/cia-producer-v1/project/target/test-classes/closure/A3Plan.java
source-publication-provenance-3	synexia-openrewrite-recipes/verification/ci-current-20261005/source-publication-e1cf/COMMIT.json	cae989142c43011180dbb7584f2379983fcf9e44823455d8bc281da30588bf55	1614	MISSING_BYTES					
source-publication-provenance-3	synexia-openrewrite-recipes/verification/ci-current-20261005/source-publication-e1cf/READBACK.json	bbee9a38f74068b39b576923d1f1760cd17198fac964c5aefc567d2eed2be490	58017	MISSING_BYTES					
source-publication-provenance-3	synexia-openrewrite-recipes/verification/ci-current-20261005/source-publication-e1cf/REMOTE-CI.json	63e0c850a79fd3c4e278e630457b10e47945023bf537cbc03d0f10db77ef3468	56605	MISSING_BYTES					
