2026-10-05T18:25:51.4436143Z Current runner version: '2.337.0'
2026-10-05T18:25:51.4461981Z ##[group]Runner Image Provisioner
2026-10-05T18:25:51.4463078Z Hosted Compute Agent
2026-10-05T18:25:51.4463761Z Version: 20260901.588
2026-10-05T18:25:51.4464450Z Commit: f88ec8081b781fac6c440065ac7ff9e710ce3d0b
2026-10-05T18:25:51.4465362Z Build Date: 2026-09-01T19:56:44Z
2026-10-05T18:25:51.4466160Z Worker ID: {ba6c7fa8-e56f-46db-b732-275be126f3a5}
2026-10-05T18:25:51.4467026Z Azure Region: westus2
2026-10-05T18:25:51.4467775Z ##[endgroup]
2026-10-05T18:25:51.4469696Z ##[group]Operating System
2026-10-05T18:25:51.4470567Z Ubuntu
2026-10-05T18:25:51.4471154Z 22.04.5
2026-10-05T18:25:51.4471772Z LTS
2026-10-05T18:25:51.4472381Z ##[endgroup]
2026-10-05T18:25:51.4472995Z ##[group]Runner Image
2026-10-05T18:25:51.4474053Z Image: ubuntu-22.04
2026-10-05T18:25:51.4474706Z Version: 20260927.309.1
2026-10-05T18:25:51.4476245Z Included Software: https://github.com/actions/runner-images/blob/ubuntu22/20260927.309/images/ubuntu/Ubuntu2204-Readme.md
2026-10-05T18:25:51.4478093Z Image Release: https://github.com/actions/runner-images/releases/tag/ubuntu22%2F20260927.309
2026-10-05T18:25:51.4479514Z ##[endgroup]
2026-10-05T18:25:51.4480924Z ##[group]GITHUB_TOKEN Permissions
2026-10-05T18:25:51.4483125Z Contents: read
2026-10-05T18:25:51.4483841Z Metadata: read
2026-10-05T18:25:51.4484565Z Packages: read
2026-10-05T18:25:51.4485218Z ##[endgroup]
2026-10-05T18:25:51.4487312Z Secret source: Actions
2026-10-05T18:25:51.4488448Z Cache mode: write
2026-10-05T18:25:51.4489520Z Prepare workflow directory
2026-10-05T18:25:51.4839344Z Prepare all required actions
2026-10-05T18:25:51.4891110Z Getting action download info
2026-10-05T18:25:51.8342151Z Download action repository 'actions/checkout@v3' (SHA:a37ce9120846195fa4ece8f58b268e6043cb2f26)
2026-10-05T18:25:52.0475929Z Uses: hsoliwal/M3jdk21/.github/workflows/build-linux.yml@refs/heads/aix/jcc-source-final-handoff-20261005 (0483f79ae51dd578c2e4fec1b8431bd51b59b469)
2026-10-05T18:25:52.0481509Z ##[group] Inputs
2026-10-05T18:25:52.0482333Z   platform: linux-x64
2026-10-05T18:25:52.0483008Z   extra-conf-options: 
2026-10-05T18:25:52.0483672Z   make-target: product-bundles test-bundles
2026-10-05T18:25:52.0484546Z   debug-levels: [ "debug", "release" ]
2026-10-05T18:25:52.0485327Z   gcc-major-version: 10
2026-10-05T18:25:52.0592262Z   gcc-package-suffix: 
2026-10-05T18:25:52.0593536Z   apt-gcc-version: 10.4.0-4ubuntu1~22.04
2026-10-05T18:25:52.0594949Z   apt-architecture: 
2026-10-05T18:25:52.0596093Z   apt-extra-packages: 
2026-10-05T18:25:52.0597269Z   configure-arguments: 
2026-10-05T18:25:52.0598352Z   make-arguments: 
2026-10-05T18:25:52.0599267Z ##[endgroup]
2026-10-05T18:25:52.0600044Z Complete job name: linux-x64 / build (release)
2026-10-05T18:25:52.1442189Z ##[group]Run actions/checkout@v3
2026-10-05T18:25:52.1443090Z with:
2026-10-05T18:25:52.1443556Z   repository: hsoliwal/M3jdk21
2026-10-05T18:25:52.1448576Z   token: ***
2026-10-05T18:25:52.1449033Z   ssh-strict: true
2026-10-05T18:25:52.1449788Z   persist-credentials: true
2026-10-05T18:25:52.1450341Z   clean: true
2026-10-05T18:25:52.1450835Z   sparse-checkout-cone-mode: true
2026-10-05T18:25:52.1451404Z   fetch-depth: 1
2026-10-05T18:25:52.1451866Z   fetch-tags: false
2026-10-05T18:25:52.1452325Z   lfs: false
2026-10-05T18:25:52.1452765Z   submodules: false
2026-10-05T18:25:52.1453244Z   set-safe-directory: true
2026-10-05T18:25:52.1453827Z   allow-unsafe-pr-checkout: false
2026-10-05T18:25:52.1455395Z ##[endgroup]
2026-10-05T18:25:52.2305610Z (node:1899) [DEP0040] DeprecationWarning: The `punycode` module is deprecated. Please use a userland alternative instead.
2026-10-05T18:25:52.2307417Z (Use `node --trace-deprecation ...` to show where the warning was created)
2026-10-05T18:25:52.2392894Z Syncing repository: hsoliwal/M3jdk21
2026-10-05T18:25:52.2394963Z ##[group]Getting Git version info
2026-10-05T18:25:52.2396035Z Working directory is '/home/runner/work/M3jdk21/M3jdk21'
2026-10-05T18:25:52.2397907Z [command]/usr/bin/git version
2026-10-05T18:25:52.2465646Z git version 2.55.0
2026-10-05T18:25:52.2489522Z ##[endgroup]
2026-10-05T18:25:52.2504254Z Temporarily overriding HOME='/home/runner/work/_temp/e0d16d70-3872-4bff-8004-4da5981e0d2b' before making global git config changes
2026-10-05T18:25:52.2506023Z Adding repository directory to the temporary git global config as a safe directory
2026-10-05T18:25:52.2507926Z [command]/usr/bin/git config --global --add safe.directory /home/runner/work/M3jdk21/M3jdk21
2026-10-05T18:25:52.2546487Z Deleting the contents of '/home/runner/work/M3jdk21/M3jdk21'
2026-10-05T18:25:52.2551982Z ##[group]Initializing the repository
2026-10-05T18:25:52.2555593Z [command]/usr/bin/git init /home/runner/work/M3jdk21/M3jdk21
2026-10-05T18:25:52.2684159Z hint: Using 'master' as the name for the initial branch. This default branch name
2026-10-05T18:25:52.2688004Z hint: will change to "main" in Git 3.0. To configure the initial branch name
2026-10-05T18:25:52.2690451Z hint: to use in all of your new repositories, which will suppress this warning,
2026-10-05T18:25:52.2691749Z hint: call:
2026-10-05T18:25:52.2692413Z hint:
2026-10-05T18:25:52.2693285Z hint: 	git config --global init.defaultBranch <name>
2026-10-05T18:25:52.2694375Z hint:
2026-10-05T18:25:52.2695976Z hint: Names commonly chosen instead of 'master' are 'main', 'trunk' and
2026-10-05T18:25:52.2698177Z hint: 'development'. The just-created branch can be renamed via this command:
2026-10-05T18:25:52.2700057Z hint:
2026-10-05T18:25:52.2700912Z hint: 	git branch -m <name>
2026-10-05T18:25:52.2701749Z hint:
2026-10-05T18:25:52.2703651Z hint: Disable this message with "git config set advice.defaultBranchName false"
2026-10-05T18:25:52.2706000Z Initialized empty Git repository in /home/runner/work/M3jdk21/M3jdk21/.git/
2026-10-05T18:25:52.2710493Z [command]/usr/bin/git remote add origin https://github.com/hsoliwal/M3jdk21
2026-10-05T18:25:52.2747044Z ##[endgroup]
2026-10-05T18:25:52.2748056Z ##[group]Disabling automatic garbage collection
2026-10-05T18:25:52.2750781Z [command]/usr/bin/git config --local gc.auto 0
2026-10-05T18:25:52.2785842Z ##[endgroup]
2026-10-05T18:25:52.2786786Z ##[group]Setting up auth
2026-10-05T18:25:52.2792641Z [command]/usr/bin/git config --local --name-only --get-regexp core\.sshCommand
2026-10-05T18:25:52.2830209Z [command]/usr/bin/git submodule foreach --recursive sh -c "git config --local --name-only --get-regexp 'core\.sshCommand' && git config --local --unset-all 'core.sshCommand' || :"
2026-10-05T18:25:52.3215097Z [command]/usr/bin/git config --local --name-only --get-regexp http\.https\:\/\/github\.com\/\.extraheader
2026-10-05T18:25:52.3253031Z [command]/usr/bin/git submodule foreach --recursive sh -c "git config --local --name-only --get-regexp 'http\.https\:\/\/github\.com\/\.extraheader' && git config --local --unset-all 'http.https://github.com/.extraheader' || :"
2026-10-05T18:25:52.3521432Z [command]/usr/bin/git config --local http.https://github.com/.extraheader AUTHORIZATION: basic ***
2026-10-05T18:25:52.3562366Z ##[endgroup]
2026-10-05T18:25:52.3563671Z ##[group]Fetching the repository
2026-10-05T18:25:52.3571487Z [command]/usr/bin/git -c protocol.version=2 fetch --no-tags --prune --progress --no-recurse-submodules --depth=1 origin +0483f79ae51dd578c2e4fec1b8431bd51b59b469:refs/remotes/origin/aix/jcc-source-final-handoff-20261005
2026-10-05T18:25:52.9019401Z remote: Enumerating objects: 84811, done.        
2026-10-05T18:25:52.9021635Z remote: Counting objects:   0% (1/84811)        
2026-10-05T18:25:52.9023413Z remote: Counting objects:   1% (849/84811)        
2026-10-05T18:25:52.9025198Z remote: Counting objects:   2% (1697/84811)        
2026-10-05T18:25:52.9026797Z remote: Counting objects:   3% (2545/84811)        
2026-10-05T18:25:52.9027919Z remote: Counting objects:   4% (3393/84811)        
2026-10-05T18:25:52.9028999Z remote: Counting objects:   5% (4241/84811)        
2026-10-05T18:25:52.9030760Z remote: Counting objects:   6% (5089/84811)        
2026-10-05T18:25:52.9032075Z remote: Counting objects:   7% (5937/84811)        
2026-10-05T18:25:52.9033313Z remote: Counting objects:   8% (6785/84811)        
2026-10-05T18:25:52.9034099Z remote: Counting objects:   9% (7633/84811)        
2026-10-05T18:25:52.9034870Z remote: Counting objects:  10% (8482/84811)        
2026-10-05T18:25:52.9035644Z remote: Counting objects:  11% (9330/84811)        
2026-10-05T18:25:52.9036429Z remote: Counting objects:  12% (10178/84811)        
2026-10-05T18:25:52.9037250Z remote: Counting objects:  13% (11026/84811)        
2026-10-05T18:25:52.9038041Z remote: Counting objects:  14% (11874/84811)        
2026-10-05T18:25:52.9038813Z remote: Counting objects:  15% (12722/84811)        
2026-10-05T18:25:52.9039937Z remote: Counting objects:  16% (13570/84811)        
2026-10-05T18:25:52.9040795Z remote: Counting objects:  17% (14418/84811)        
2026-10-05T18:25:52.9041573Z remote: Counting objects:  18% (15266/84811)        
2026-10-05T18:25:52.9042300Z remote: Counting objects:  19% (16115/84811)        
2026-10-05T18:25:52.9043037Z remote: Counting objects:  20% (16963/84811)        
2026-10-05T18:25:52.9043775Z remote: Counting objects:  21% (17811/84811)        
2026-10-05T18:25:52.9044503Z remote: Counting objects:  22% (18659/84811)        
2026-10-05T18:25:52.9045241Z remote: Counting objects:  23% (19507/84811)        
2026-10-05T18:25:52.9045967Z remote: Counting objects:  24% (20355/84811)        
2026-10-05T18:25:52.9046699Z remote: Counting objects:  25% (21203/84811)        
2026-10-05T18:25:52.9047443Z remote: Counting objects:  26% (22051/84811)        
2026-10-05T18:25:52.9048215Z remote: Counting objects:  27% (22899/84811)        
2026-10-05T18:25:52.9049026Z remote: Counting objects:  28% (23748/84811)        
2026-10-05T18:25:52.9050130Z remote: Counting objects:  29% (24596/84811)        
2026-10-05T18:25:52.9050877Z remote: Counting objects:  30% (25444/84811)        
2026-10-05T18:25:52.9051599Z remote: Counting objects:  31% (26292/84811)        
2026-10-05T18:25:52.9052324Z remote: Counting objects:  32% (27140/84811)        
2026-10-05T18:25:52.9053057Z remote: Counting objects:  33% (27988/84811)        
2026-10-05T18:25:52.9053774Z remote: Counting objects:  34% (28836/84811)        
2026-10-05T18:25:52.9054499Z remote: Counting objects:  35% (29684/84811)        
2026-10-05T18:25:52.9055232Z remote: Counting objects:  36% (30532/84811)        
2026-10-05T18:25:52.9055956Z remote: Counting objects:  37% (31381/84811)        
2026-10-05T18:25:52.9056673Z remote: Counting objects:  38% (32229/84811)        
2026-10-05T18:25:52.9057389Z remote: Counting objects:  39% (33077/84811)        
2026-10-05T18:25:52.9058112Z remote: Counting objects:  40% (33925/84811)        
2026-10-05T18:25:52.9058844Z remote: Counting objects:  41% (34773/84811)        
2026-10-05T18:25:52.9060088Z remote: Counting objects:  42% (35621/84811)        
2026-10-05T18:25:52.9060862Z remote: Counting objects:  43% (36469/84811)        
2026-10-05T18:25:52.9061597Z remote: Counting objects:  44% (37317/84811)        
2026-10-05T18:25:52.9062322Z remote: Counting objects:  45% (38165/84811)        
2026-10-05T18:25:52.9063056Z remote: Counting objects:  46% (39014/84811)        
2026-10-05T18:25:52.9063772Z remote: Counting objects:  47% (39862/84811)        
2026-10-05T18:25:52.9064491Z remote: Counting objects:  48% (40710/84811)        
2026-10-05T18:25:52.9065216Z remote: Counting objects:  49% (41558/84811)        
2026-10-05T18:25:52.9065934Z remote: Counting objects:  50% (42406/84811)        
2026-10-05T18:25:52.9066657Z remote: Counting objects:  51% (43254/84811)        
2026-10-05T18:25:52.9067389Z remote: Counting objects:  52% (44102/84811)        
2026-10-05T18:25:52.9068112Z remote: Counting objects:  53% (44950/84811)        
2026-10-05T18:25:52.9068864Z remote: Counting objects:  54% (45798/84811)        
2026-10-05T18:25:52.9069752Z remote: Counting objects:  55% (46647/84811)        
2026-10-05T18:25:52.9070464Z remote: Counting objects:  56% (47495/84811)        
2026-10-05T18:25:52.9071181Z remote: Counting objects:  57% (48343/84811)        
2026-10-05T18:25:52.9072078Z remote: Counting objects:  58% (49191/84811)        
2026-10-05T18:25:52.9072798Z remote: Counting objects:  59% (50039/84811)        
2026-10-05T18:25:52.9073515Z remote: Counting objects:  60% (50887/84811)        
2026-10-05T18:25:52.9074235Z remote: Counting objects:  61% (51735/84811)        
2026-10-05T18:25:52.9074950Z remote: Counting objects:  62% (52583/84811)        
2026-10-05T18:25:52.9075693Z remote: Counting objects:  63% (53431/84811)        
2026-10-05T18:25:52.9076431Z remote: Counting objects:  64% (54280/84811)        
2026-10-05T18:25:52.9077157Z remote: Counting objects:  65% (55128/84811)        
2026-10-05T18:25:52.9077864Z remote: Counting objects:  66% (55976/84811)        
2026-10-05T18:25:52.9078584Z remote: Counting objects:  67% (56824/84811)        
2026-10-05T18:25:52.9079426Z remote: Counting objects:  68% (57672/84811)        
2026-10-05T18:25:52.9080143Z remote: Counting objects:  69% (58520/84811)        
2026-10-05T18:25:52.9080845Z remote: Counting objects:  70% (59368/84811)        
2026-10-05T18:25:52.9081565Z remote: Counting objects:  71% (60216/84811)        
2026-10-05T18:25:52.9082301Z remote: Counting objects:  72% (61064/84811)        
2026-10-05T18:25:52.9083025Z remote: Counting objects:  73% (61913/84811)        
2026-10-05T18:25:52.9083747Z remote: Counting objects:  74% (62761/84811)        
2026-10-05T18:25:52.9084474Z remote: Counting objects:  75% (63609/84811)        
2026-10-05T18:25:52.9085202Z remote: Counting objects:  76% (64457/84811)        
2026-10-05T18:25:52.9085920Z remote: Counting objects:  77% (65305/84811)        
2026-10-05T18:25:52.9086649Z remote: Counting objects:  78% (66153/84811)        
2026-10-05T18:25:52.9087360Z remote: Counting objects:  79% (67001/84811)        
2026-10-05T18:25:52.9088281Z remote: Counting objects:  80% (67849/84811)        
2026-10-05T18:25:52.9089274Z remote: Counting objects:  81% (68697/84811)        
2026-10-05T18:25:52.9090309Z remote: Counting objects:  82% (69546/84811)        
2026-10-05T18:25:52.9091109Z remote: Counting objects:  83% (70394/84811)        
2026-10-05T18:25:52.9091823Z remote: Counting objects:  84% (71242/84811)        
2026-10-05T18:25:52.9092548Z remote: Counting objects:  85% (72090/84811)        
2026-10-05T18:25:52.9093286Z remote: Counting objects:  86% (72938/84811)        
2026-10-05T18:25:52.9094022Z remote: Counting objects:  87% (73786/84811)        
2026-10-05T18:25:52.9693790Z remote: Counting objects:  88% (74634/84811)        
2026-10-05T18:25:52.9695471Z remote: Counting objects:  89% (75482/84811)        
2026-10-05T18:25:52.9697029Z remote: Counting objects:  90% (76330/84811)        
2026-10-05T18:25:52.9698565Z remote: Counting objects:  91% (77179/84811)        
2026-10-05T18:25:52.9700844Z remote: Counting objects:  92% (78027/84811)        
2026-10-05T18:25:52.9702384Z remote: Counting objects:  93% (78875/84811)        
2026-10-05T18:25:52.9703620Z remote: Counting objects:  94% (79723/84811)        
2026-10-05T18:25:52.9704850Z remote: Counting objects:  95% (80571/84811)        
2026-10-05T18:25:52.9706089Z remote: Counting objects:  96% (81419/84811)        
2026-10-05T18:25:52.9707327Z remote: Counting objects:  97% (82267/84811)        
2026-10-05T18:25:52.9708561Z remote: Counting objects:  98% (83115/84811)        
2026-10-05T18:25:52.9709941Z remote: Counting objects:  99% (83963/84811)        
2026-10-05T18:25:52.9711172Z remote: Counting objects: 100% (84811/84811)        
2026-10-05T18:25:52.9712527Z remote: Counting objects: 100% (84811/84811), done.        
2026-10-05T18:25:52.9713573Z remote: Compressing objects:   0% (1/53880)        
2026-10-05T18:25:52.9714478Z remote: Compressing objects:   1% (539/53880)        
2026-10-05T18:25:52.9715459Z remote: Compressing objects:   2% (1078/53880)        
2026-10-05T18:25:52.9716383Z remote: Compressing objects:   3% (1617/53880)        
2026-10-05T18:25:52.9717300Z remote: Compressing objects:   4% (2156/53880)        
2026-10-05T18:25:52.9718229Z remote: Compressing objects:   5% (2694/53880)        
2026-10-05T18:25:52.9719464Z remote: Compressing objects:   6% (3233/53880)        
2026-10-05T18:25:52.9720393Z remote: Compressing objects:   7% (3772/53880)        
2026-10-05T18:25:52.9721318Z remote: Compressing objects:   8% (4311/53880)        
2026-10-05T18:25:52.9722234Z remote: Compressing objects:   8% (4680/53880)        
2026-10-05T18:25:53.6108962Z remote: Compressing objects:   9% (4850/53880)        
2026-10-05T18:25:53.6111968Z remote: Compressing objects:  10% (5388/53880)        
2026-10-05T18:25:54.2508319Z remote: Compressing objects:  11% (5927/53880)        
2026-10-05T18:25:54.2509598Z remote: Compressing objects:  12% (6466/53880)        
2026-10-05T18:25:54.6349468Z remote: Compressing objects:  12% (6518/53880)        
2026-10-05T18:25:55.0509386Z remote: Compressing objects:  13% (7005/53880)        
2026-10-05T18:25:55.0510437Z remote: Compressing objects:  14% (7544/53880)        
2026-10-05T18:25:55.0511290Z remote: Compressing objects:  15% (8082/53880)        
2026-10-05T18:25:55.5308576Z remote: Compressing objects:  15% (8305/53880)        
2026-10-05T18:25:55.5310148Z remote: Compressing objects:  16% (8621/53880)        
2026-10-05T18:25:55.5311095Z remote: Compressing objects:  17% (9160/53880)        
2026-10-05T18:25:55.5311941Z remote: Compressing objects:  18% (9699/53880)        
2026-10-05T18:25:55.5988185Z remote: Compressing objects:  19% (10238/53880)        
2026-10-05T18:25:55.5989894Z remote: Compressing objects:  20% (10776/53880)        
2026-10-05T18:25:56.3027926Z remote: Compressing objects:  21% (11315/53880)        
2026-10-05T18:25:56.3028939Z remote: Compressing objects:  21% (11824/53880)        
2026-10-05T18:25:56.3030289Z remote: Compressing objects:  22% (11854/53880)        
2026-10-05T18:25:56.3031079Z remote: Compressing objects:  23% (12393/53880)        
2026-10-05T18:25:56.8468544Z remote: Compressing objects:  24% (12932/53880)        
2026-10-05T18:25:56.8469776Z remote: Compressing objects:  25% (13470/53880)        
2026-10-05T18:25:57.1988466Z remote: Compressing objects:  26% (14009/53880)        
2026-10-05T18:25:57.1989626Z remote: Compressing objects:  27% (14548/53880)        
2026-10-05T18:25:57.1990302Z remote: Compressing objects:  27% (14720/53880)        
2026-10-05T18:25:57.1990981Z remote: Compressing objects:  28% (15087/53880)        
2026-10-05T18:25:57.7707920Z remote: Compressing objects:  29% (15626/53880)        
2026-10-05T18:25:57.7708740Z remote: Compressing objects:  30% (16164/53880)        
2026-10-05T18:25:58.1556660Z remote: Compressing objects:  31% (16703/53880)        
2026-10-05T18:25:58.1557974Z remote: Compressing objects:  32% (17242/53880)        
2026-10-05T18:25:58.1560114Z remote: Compressing objects:  32% (17653/53880)        
2026-10-05T18:25:58.5748905Z remote: Compressing objects:  33% (17781/53880)        
2026-10-05T18:25:58.5750232Z remote: Compressing objects:  34% (18320/53880)        
2026-10-05T18:25:58.9548379Z remote: Compressing objects:  35% (18858/53880)        
2026-10-05T18:25:58.9549764Z remote: Compressing objects:  36% (19397/53880)        
2026-10-05T18:25:58.9550603Z remote: Compressing objects:  37% (19936/53880)        
2026-10-05T18:25:58.9551371Z remote: Compressing objects:  37% (20126/53880)        
2026-10-05T18:25:59.6311100Z remote: Compressing objects:  38% (20475/53880)        
2026-10-05T18:25:59.6312118Z remote: Compressing objects:  39% (21014/53880)        
2026-10-05T18:26:00.0467455Z remote: Compressing objects:  40% (21552/53880)        
2026-10-05T18:26:00.0468350Z remote: Compressing objects:  41% (22091/53880)        
2026-10-05T18:26:00.0469604Z remote: Compressing objects:  41% (22609/53880)        
2026-10-05T18:26:00.5867897Z remote: Compressing objects:  42% (22630/53880)        
2026-10-05T18:26:00.5868728Z remote: Compressing objects:  43% (23169/53880)        
2026-10-05T18:26:01.1001471Z remote: Compressing objects:  44% (23708/53880)        
2026-10-05T18:26:01.1002516Z remote: Compressing objects:  45% (24246/53880)        
2026-10-05T18:26:01.1003441Z remote: Compressing objects:  45% (24608/53880)        
2026-10-05T18:26:01.6107276Z remote: Compressing objects:  46% (24785/53880)        
2026-10-05T18:26:01.6108169Z remote: Compressing objects:  47% (25324/53880)        
2026-10-05T18:26:01.6787941Z remote: Compressing objects:  48% (25863/53880)        
2026-10-05T18:26:02.1548646Z remote: Compressing objects:  49% (26402/53880)        
2026-10-05T18:26:02.1549951Z remote: Compressing objects:  50% (26940/53880)        
2026-10-05T18:26:02.1550748Z remote: Compressing objects:  51% (27479/53880)        
2026-10-05T18:26:02.2229864Z remote: Compressing objects:  51% (27504/53880)        
2026-10-05T18:26:02.8588206Z remote: Compressing objects:  52% (28018/53880)        
2026-10-05T18:26:02.8589019Z remote: Compressing objects:  53% (28557/53880)        
2026-10-05T18:26:03.2751555Z remote: Compressing objects:  54% (29096/53880)        
2026-10-05T18:26:03.2752418Z remote: Compressing objects:  54% (29558/53880)        
2026-10-05T18:26:03.3430409Z remote: Compressing objects:  55% (29634/53880)        
2026-10-05T18:26:03.3431444Z remote: Compressing objects:  56% (30173/53880)        
2026-10-05T18:26:03.8867553Z remote: Compressing objects:  57% (30712/53880)        
2026-10-05T18:26:03.8868458Z remote: Compressing objects:  58% (31251/53880)        
2026-10-05T18:26:03.9549439Z remote: Compressing objects:  59% (31790/53880)        
2026-10-05T18:26:03.9550402Z remote: Compressing objects:  60% (32328/53880)        
2026-10-05T18:26:03.9551048Z remote: Compressing objects:  60% (32515/53880)        
2026-10-05T18:26:04.6228485Z remote: Compressing objects:  61% (32867/53880)        
2026-10-05T18:26:04.6229958Z remote: Compressing objects:  62% (33406/53880)        
2026-10-05T18:26:04.6908768Z remote: Compressing objects:  63% (33945/53880)        
2026-10-05T18:26:04.6910513Z remote: Compressing objects:  64% (34484/53880)        
2026-10-05T18:26:05.2909871Z remote: Compressing objects:  65% (35022/53880)        
2026-10-05T18:26:05.2911351Z remote: Compressing objects:  65% (35465/53880)        
2026-10-05T18:26:05.2912796Z remote: Compressing objects:  66% (35561/53880)        
2026-10-05T18:26:05.3588027Z remote: Compressing objects:  67% (36100/53880)        
2026-10-05T18:26:05.9308203Z remote: Compressing objects:  68% (36639/53880)        
2026-10-05T18:26:05.9308850Z remote: Compressing objects:  69% (37178/53880)        
2026-10-05T18:26:05.9309723Z remote: Compressing objects:  70% (37716/53880)        
2026-10-05T18:26:05.9310317Z remote: Compressing objects:  71% (38255/53880)        
2026-10-05T18:26:05.9310869Z remote: Compressing objects:  71% (38495/53880)        
2026-10-05T18:26:06.4792829Z remote: Compressing objects:  72% (38794/53880)        
2026-10-05T18:26:06.4794275Z remote: Compressing objects:  73% (39333/53880)        
2026-10-05T18:26:06.5469668Z remote: Compressing objects:  74% (39872/53880)        
2026-10-05T18:26:06.5470406Z remote: Compressing objects:  75% (40410/53880)        
2026-10-05T18:26:07.3069802Z remote: Compressing objects:  76% (40949/53880)        
2026-10-05T18:26:07.3070686Z remote: Compressing objects:  76% (41365/53880)        
2026-10-05T18:26:07.3071421Z remote: Compressing objects:  77% (41488/53880)        
2026-10-05T18:26:08.1427898Z remote: Compressing objects:  78% (42027/53880)        
2026-10-05T18:26:08.1428959Z remote: Compressing objects:  79% (42566/53880)        
2026-10-05T18:26:08.3196248Z remote: Compressing objects:  79% (42758/53880)        
2026-10-05T18:26:08.3197721Z remote: Compressing objects:  80% (43104/53880)        
2026-10-05T18:26:08.3199064Z remote: Compressing objects:  81% (43643/53880)        
2026-10-05T18:26:08.3200233Z remote: Compressing objects:  82% (44182/53880)        
2026-10-05T18:26:08.3201026Z remote: Compressing objects:  83% (44721/53880)        
2026-10-05T18:26:08.3201766Z remote: Compressing objects:  84% (45260/53880)        
2026-10-05T18:26:08.3202373Z remote: Compressing objects:  85% (45798/53880)        
2026-10-05T18:26:08.3202977Z remote: Compressing objects:  86% (46337/53880)        
2026-10-05T18:26:08.3203839Z remote: Compressing objects:  87% (46876/53880)        
2026-10-05T18:26:08.3204490Z remote: Compressing objects:  88% (47415/53880)        
2026-10-05T18:26:08.3205205Z remote: Compressing objects:  89% (47954/53880)        
2026-10-05T18:26:08.3205831Z remote: Compressing objects:  90% (48492/53880)        
2026-10-05T18:26:08.3206444Z remote: Compressing objects:  91% (49031/53880)        
2026-10-05T18:26:08.3207055Z remote: Compressing objects:  92% (49570/53880)        
2026-10-05T18:26:08.3207667Z remote: Compressing objects:  93% (50109/53880)        
2026-10-05T18:26:08.3208279Z remote: Compressing objects:  94% (50648/53880)        
2026-10-05T18:26:08.3208900Z remote: Compressing objects:  95% (51186/53880)        
2026-10-05T18:26:08.3209843Z remote: Compressing objects:  96% (51725/53880)        
2026-10-05T18:26:08.3210459Z remote: Compressing objects:  97% (52264/53880)        
2026-10-05T18:26:08.3211067Z remote: Compressing objects:  98% (52803/53880)        
2026-10-05T18:26:08.3211705Z remote: Compressing objects:  99% (53342/53880)        
2026-10-05T18:26:08.3212283Z remote: Compressing objects: 100% (53880/53880)        
2026-10-05T18:26:08.3212867Z remote: Compressing objects: 100% (53880/53880), done.        
2026-10-05T18:26:08.3877034Z Receiving objects:   0% (1/84811)
2026-10-05T18:26:08.6498984Z Receiving objects:   1% (849/84811)
2026-10-05T18:26:09.3114888Z Receiving objects:   2% (1697/84811)
2026-10-05T18:26:09.3269570Z Receiving objects:   3% (2545/84811), 3.91 MiB | 7.63 MiB/s
2026-10-05T18:26:09.7706199Z Receiving objects:   3% (2577/84811), 3.91 MiB | 7.63 MiB/s
2026-10-05T18:26:09.9446657Z Receiving objects:   4% (3393/84811), 9.68 MiB | 9.54 MiB/s
2026-10-05T18:26:10.0454821Z Receiving objects:   5% (4241/84811), 16.24 MiB | 10.72 MiB/s
2026-10-05T18:26:10.3357590Z Receiving objects:   6% (5089/84811), 16.24 MiB | 10.72 MiB/s
2026-10-05T18:26:10.6158922Z Receiving objects:   6% (5605/84811), 16.24 MiB | 10.72 MiB/s
2026-10-05T18:26:11.0672525Z Receiving objects:   7% (5937/84811), 22.01 MiB | 10.91 MiB/s
2026-10-05T18:26:11.3076993Z Receiving objects:   8% (6785/84811), 24.70 MiB | 9.81 MiB/s 
2026-10-05T18:26:11.3264845Z Receiving objects:   9% (7633/84811), 24.70 MiB | 9.81 MiB/s
2026-10-05T18:26:11.5077226Z Receiving objects:   9% (7760/84811), 24.70 MiB | 9.81 MiB/s
2026-10-05T18:26:12.3285229Z Receiving objects:  10% (8482/84811), 28.02 MiB | 9.27 MiB/s
2026-10-05T18:26:12.5063550Z Receiving objects:  10% (8922/84811), 30.74 MiB | 8.67 MiB/s
2026-10-05T18:26:12.9632583Z Receiving objects:  11% (9330/84811), 32.09 MiB | 7.90 MiB/s
2026-10-05T18:26:13.3297184Z Receiving objects:  12% (10178/84811), 35.07 MiB | 7.69 MiB/s
2026-10-05T18:26:13.4570246Z Receiving objects:  12% (10767/84811), 35.07 MiB | 7.69 MiB/s
2026-10-05T18:26:13.6997590Z Receiving objects:  13% (11026/84811), 38.32 MiB | 7.55 MiB/s
2026-10-05T18:26:14.0352752Z Receiving objects:  14% (11874/84811), 38.32 MiB | 7.55 MiB/s
2026-10-05T18:26:14.3823326Z Receiving objects:  15% (12722/84811), 41.48 MiB | 6.97 MiB/s
2026-10-05T18:26:14.5666384Z Receiving objects:  15% (13216/84811), 41.48 MiB | 6.97 MiB/s
2026-10-05T18:26:14.8618209Z Receiving objects:  16% (13570/84811), 44.79 MiB | 6.23 MiB/s
2026-10-05T18:26:15.2032162Z Receiving objects:  17% (14418/84811), 44.79 MiB | 6.23 MiB/s
2026-10-05T18:26:15.3301812Z Receiving objects:  18% (15266/84811), 48.36 MiB | 5.74 MiB/s
2026-10-05T18:26:15.6478678Z Receiving objects:  18% (15514/84811), 48.36 MiB | 5.74 MiB/s
2026-10-05T18:26:16.0479788Z Receiving objects:  19% (16115/84811), 51.09 MiB | 5.75 MiB/s
2026-10-05T18:26:16.3475015Z Receiving objects:  20% (16963/84811), 53.62 MiB | 5.58 MiB/s
2026-10-05T18:26:16.3832347Z Receiving objects:  20% (17709/84811), 53.62 MiB | 5.58 MiB/s
2026-10-05T18:26:16.8661292Z Receiving objects:  21% (17811/84811), 53.62 MiB | 5.58 MiB/s
2026-10-05T18:26:17.3276778Z Receiving objects:  22% (18659/84811), 57.00 MiB | 5.75 MiB/s
2026-10-05T18:26:17.3645332Z Receiving objects:  22% (19438/84811), 60.22 MiB | 6.18 MiB/s
2026-10-05T18:26:17.8709983Z Receiving objects:  23% (19507/84811), 60.22 MiB | 6.18 MiB/s
2026-10-05T18:26:18.3314917Z Receiving objects:  24% (20355/84811), 62.29 MiB | 5.97 MiB/s
2026-10-05T18:26:18.3541579Z Receiving objects:  24% (21116/84811), 64.05 MiB | 5.63 MiB/s
2026-10-05T18:26:18.5664748Z Receiving objects:  25% (21203/84811), 64.05 MiB | 5.63 MiB/s
2026-10-05T18:26:19.0257193Z Receiving objects:  26% (22051/84811), 66.12 MiB | 5.40 MiB/s
2026-10-05T18:26:19.3344994Z Receiving objects:  27% (22899/84811), 68.82 MiB | 5.29 MiB/s
2026-10-05T18:26:19.5166375Z Receiving objects:  27% (23335/84811), 68.82 MiB | 5.29 MiB/s
2026-10-05T18:26:20.2055579Z Receiving objects:  28% (23748/84811), 70.67 MiB | 4.91 MiB/s
2026-10-05T18:26:20.3461334Z Receiving objects:  29% (24596/84811), 72.41 MiB | 4.69 MiB/s
2026-10-05T18:26:20.4578938Z Receiving objects:  29% (24799/84811), 72.41 MiB | 4.69 MiB/s
2026-10-05T18:26:20.8285773Z Receiving objects:  30% (25444/84811), 72.41 MiB | 4.69 MiB/s
2026-10-05T18:26:21.0395035Z Receiving objects:  31% (26292/84811), 74.54 MiB | 4.60 MiB/s
2026-10-05T18:26:21.2535956Z Receiving objects:  32% (27140/84811), 77.96 MiB | 4.60 MiB/s
2026-10-05T18:26:21.3344208Z Receiving objects:  33% (27988/84811), 77.96 MiB | 4.60 MiB/s
2026-10-05T18:26:21.4884071Z Receiving objects:  33% (28331/84811), 77.96 MiB | 4.60 MiB/s
2026-10-05T18:26:21.6020440Z Receiving objects:  34% (28836/84811), 77.96 MiB | 4.60 MiB/s
2026-10-05T18:26:21.6658419Z Receiving objects:  35% (29684/84811), 81.51 MiB | 4.66 MiB/s
2026-10-05T18:26:21.8095410Z Receiving objects:  36% (30532/84811), 81.51 MiB | 4.66 MiB/s
2026-10-05T18:26:22.0321449Z Receiving objects:  37% (31381/84811), 81.51 MiB | 4.66 MiB/s
2026-10-05T18:26:22.1663912Z Receiving objects:  38% (32229/84811), 85.25 MiB | 5.03 MiB/s
2026-10-05T18:26:22.3348597Z Receiving objects:  39% (33077/84811), 85.25 MiB | 5.03 MiB/s
2026-10-05T18:26:22.3368805Z Receiving objects:  39% (33820/84811), 85.25 MiB | 5.03 MiB/s
2026-10-05T18:26:22.5022109Z Receiving objects:  40% (33925/84811), 85.25 MiB | 5.03 MiB/s
2026-10-05T18:26:22.5752962Z Receiving objects:  41% (34773/84811), 85.25 MiB | 5.03 MiB/s
2026-10-05T18:26:22.6491070Z Receiving objects:  42% (35621/84811), 88.28 MiB | 5.33 MiB/s
2026-10-05T18:26:22.7184762Z Receiving objects:  43% (36469/84811), 88.28 MiB | 5.33 MiB/s
2026-10-05T18:26:22.7854812Z Receiving objects:  44% (37317/84811), 88.28 MiB | 5.33 MiB/s
2026-10-05T18:26:22.8261667Z Receiving objects:  45% (38165/84811), 88.28 MiB | 5.33 MiB/s
2026-10-05T18:26:22.8746743Z Receiving objects:  46% (39014/84811), 88.28 MiB | 5.33 MiB/s
2026-10-05T18:26:22.9265308Z Receiving objects:  47% (39862/84811), 88.28 MiB | 5.33 MiB/s
2026-10-05T18:26:22.9591835Z Receiving objects:  48% (40710/84811), 88.28 MiB | 5.33 MiB/s
2026-10-05T18:26:22.9972828Z Receiving objects:  49% (41558/84811), 88.28 MiB | 5.33 MiB/s
2026-10-05T18:26:23.0268034Z Receiving objects:  50% (42406/84811), 88.28 MiB | 5.33 MiB/s
2026-10-05T18:26:23.0472925Z Receiving objects:  51% (43254/84811), 93.63 MiB | 6.05 MiB/s
2026-10-05T18:26:23.0907671Z Receiving objects:  52% (44102/84811), 93.63 MiB | 6.05 MiB/s
2026-10-05T18:26:23.1271969Z Receiving objects:  53% (44950/84811), 93.63 MiB | 6.05 MiB/s
2026-10-05T18:26:23.1623007Z Receiving objects:  54% (45798/84811), 93.63 MiB | 6.05 MiB/s
2026-10-05T18:26:23.2056013Z Receiving objects:  55% (46647/84811), 93.63 MiB | 6.05 MiB/s
2026-10-05T18:26:23.2378949Z Receiving objects:  56% (47495/84811), 93.63 MiB | 6.05 MiB/s
2026-10-05T18:26:23.2747047Z Receiving objects:  57% (48343/84811), 93.63 MiB | 6.05 MiB/s
2026-10-05T18:26:23.3294079Z Receiving objects:  58% (49191/84811), 93.63 MiB | 6.05 MiB/s
2026-10-05T18:26:23.3645621Z Receiving objects:  58% (49459/84811), 93.63 MiB | 6.05 MiB/s
2026-10-05T18:26:23.4972692Z Receiving objects:  59% (50039/84811), 93.63 MiB | 6.05 MiB/s
2026-10-05T18:26:23.5506153Z Receiving objects:  60% (50887/84811), 93.63 MiB | 6.05 MiB/s
2026-10-05T18:26:23.6645158Z Receiving objects:  61% (51735/84811), 97.95 MiB | 6.41 MiB/s
2026-10-05T18:26:23.7275923Z Receiving objects:  62% (52583/84811), 97.95 MiB | 6.41 MiB/s
2026-10-05T18:26:23.7857190Z Receiving objects:  63% (53431/84811), 97.95 MiB | 6.41 MiB/s
2026-10-05T18:26:23.9017042Z Receiving objects:  64% (54280/84811), 97.95 MiB | 6.41 MiB/s
2026-10-05T18:26:24.0099728Z Receiving objects:  65% (55128/84811), 97.95 MiB | 6.41 MiB/s
2026-10-05T18:26:24.2772749Z Receiving objects:  66% (55976/84811), 97.95 MiB | 6.41 MiB/s
2026-10-05T18:26:24.3266222Z Receiving objects:  67% (56824/84811), 102.91 MiB | 7.11 MiB/s
2026-10-05T18:26:24.3501548Z Receiving objects:  67% (57231/84811), 102.91 MiB | 7.11 MiB/s
2026-10-05T18:26:24.5067020Z Receiving objects:  68% (57672/84811), 102.91 MiB | 7.11 MiB/s
2026-10-05T18:26:24.6145688Z Receiving objects:  69% (58520/84811), 102.91 MiB | 7.11 MiB/s
2026-10-05T18:26:24.7409987Z Receiving objects:  70% (59368/84811), 105.54 MiB | 7.31 MiB/s
2026-10-05T18:26:24.8731563Z Receiving objects:  71% (60216/84811), 105.54 MiB | 7.31 MiB/s
2026-10-05T18:26:24.9445427Z Receiving objects:  72% (61064/84811), 105.54 MiB | 7.31 MiB/s
2026-10-05T18:26:25.1026702Z Receiving objects:  73% (61913/84811), 105.54 MiB | 7.31 MiB/s
2026-10-05T18:26:25.2397444Z Receiving objects:  74% (62761/84811), 109.68 MiB | 7.76 MiB/s
2026-10-05T18:26:25.3348414Z Receiving objects:  75% (63609/84811), 109.68 MiB | 7.76 MiB/s
2026-10-05T18:26:25.4076017Z Receiving objects:  75% (64168/84811), 109.68 MiB | 7.76 MiB/s
2026-10-05T18:26:25.5303194Z Receiving objects:  76% (64457/84811), 109.68 MiB | 7.76 MiB/s
2026-10-05T18:26:25.6406143Z Receiving objects:  77% (65305/84811), 114.41 MiB | 8.06 MiB/s
2026-10-05T18:26:25.7514492Z Receiving objects:  78% (66153/84811), 114.41 MiB | 8.06 MiB/s
2026-10-05T18:26:25.8188888Z Receiving objects:  79% (67001/84811), 114.41 MiB | 8.06 MiB/s
2026-10-05T18:26:25.9298617Z Receiving objects:  80% (67849/84811), 114.41 MiB | 8.06 MiB/s
2026-10-05T18:26:26.0417172Z Receiving objects:  81% (68697/84811), 114.41 MiB | 8.06 MiB/s
2026-10-05T18:26:26.3334747Z Receiving objects:  82% (69546/84811), 118.28 MiB | 8.16 MiB/s
2026-10-05T18:26:26.4036246Z Receiving objects:  82% (70328/84811), 118.28 MiB | 8.16 MiB/s
2026-10-05T18:26:26.7744445Z Receiving objects:  83% (70394/84811), 118.28 MiB | 8.16 MiB/s
2026-10-05T18:26:26.9450204Z Receiving objects:  84% (71242/84811), 120.92 MiB | 7.90 MiB/s
2026-10-05T18:26:27.0791984Z Receiving objects:  85% (72090/84811), 120.92 MiB | 7.90 MiB/s
2026-10-05T18:26:27.1689251Z Receiving objects:  86% (72938/84811), 130.46 MiB | 9.33 MiB/s
2026-10-05T18:26:27.2278375Z Receiving objects:  87% (73786/84811), 130.46 MiB | 9.33 MiB/s
2026-10-05T18:26:27.3218185Z Receiving objects:  88% (74634/84811), 130.46 MiB | 9.33 MiB/s
2026-10-05T18:26:27.3320893Z Receiving objects:  89% (75482/84811), 130.46 MiB | 9.33 MiB/s
2026-10-05T18:26:27.3494680Z Receiving objects:  89% (75584/84811), 130.46 MiB | 9.33 MiB/s
2026-10-05T18:26:27.3953489Z Receiving objects:  90% (76330/84811), 130.46 MiB | 9.33 MiB/s
2026-10-05T18:26:27.4480272Z Receiving objects:  91% (77179/84811), 130.46 MiB | 9.33 MiB/s
2026-10-05T18:26:27.4715569Z Receiving objects:  92% (78027/84811), 130.46 MiB | 9.33 MiB/s
2026-10-05T18:26:27.4856044Z Receiving objects:  93% (78875/84811), 130.46 MiB | 9.33 MiB/s
2026-10-05T18:26:27.5074863Z Receiving objects:  94% (79723/84811), 130.46 MiB | 9.33 MiB/s
2026-10-05T18:26:27.5370493Z Receiving objects:  95% (80571/84811), 130.46 MiB | 9.33 MiB/s
2026-10-05T18:26:27.6254320Z Receiving objects:  96% (81419/84811), 130.46 MiB | 9.33 MiB/s
2026-10-05T18:26:27.6853172Z Receiving objects:  97% (82267/84811), 134.48 MiB | 9.03 MiB/s
2026-10-05T18:26:27.7411804Z Receiving objects:  98% (83115/84811), 134.48 MiB | 9.03 MiB/s
2026-10-05T18:26:27.8565499Z Receiving objects:  99% (83963/84811), 134.48 MiB | 9.03 MiB/s
2026-10-05T18:26:27.8566394Z Receiving objects: 100% (84811/84811), 134.48 MiB | 9.03 MiB/s
2026-10-05T18:26:27.8567009Z Receiving objects: 100% (84811/84811), 136.74 MiB | 7.00 MiB/s, done.
2026-10-05T18:26:27.9441134Z remote: Total 84811 (delta 34619), reused 50934 (delta 24780), pack-reused 0 (from 0)        
2026-10-05T18:26:27.9610294Z Resolving deltas:   0% (0/34619)
2026-10-05T18:26:27.9770093Z Resolving deltas:   1% (347/34619)
2026-10-05T18:26:28.0621313Z Resolving deltas:   2% (693/34619)
2026-10-05T18:26:28.0822928Z Resolving deltas:   3% (1039/34619)
2026-10-05T18:26:28.0923723Z Resolving deltas:   4% (1385/34619)
2026-10-05T18:26:28.0960366Z Resolving deltas:   5% (1731/34619)
2026-10-05T18:26:28.1035732Z Resolving deltas:   6% (2078/34619)
2026-10-05T18:26:28.1103473Z Resolving deltas:   7% (2424/34619)
2026-10-05T18:26:28.1170826Z Resolving deltas:   8% (2770/34619)
2026-10-05T18:26:28.1219857Z Resolving deltas:   9% (3116/34619)
2026-10-05T18:26:28.1278073Z Resolving deltas:  10% (3462/34619)
2026-10-05T18:26:28.1332043Z Resolving deltas:  11% (3809/34619)
2026-10-05T18:26:28.1375083Z Resolving deltas:  12% (4155/34619)
2026-10-05T18:26:28.1408557Z Resolving deltas:  13% (4501/34619)
2026-10-05T18:26:28.1467175Z Resolving deltas:  14% (4847/34619)
2026-10-05T18:26:28.1553561Z Resolving deltas:  15% (5193/34619)
2026-10-05T18:26:28.1593197Z Resolving deltas:  16% (5540/34619)
2026-10-05T18:26:28.1668046Z Resolving deltas:  17% (5886/34619)
2026-10-05T18:26:28.1741857Z Resolving deltas:  18% (6232/34619)
2026-10-05T18:26:28.1783333Z Resolving deltas:  19% (6578/34619)
2026-10-05T18:26:28.1841702Z Resolving deltas:  20% (6924/34619)
2026-10-05T18:26:28.1906206Z Resolving deltas:  21% (7270/34619)
2026-10-05T18:26:28.1965994Z Resolving deltas:  22% (7617/34619)
2026-10-05T18:26:28.2034740Z Resolving deltas:  23% (7963/34619)
2026-10-05T18:26:28.2096371Z Resolving deltas:  24% (8309/34619)
2026-10-05T18:26:28.2166558Z Resolving deltas:  25% (8655/34619)
2026-10-05T18:26:28.2248206Z Resolving deltas:  26% (9001/34619)
2026-10-05T18:26:28.2334724Z Resolving deltas:  27% (9348/34619)
2026-10-05T18:26:28.2351217Z Resolving deltas:  28% (9694/34619)
2026-10-05T18:26:28.2411256Z Resolving deltas:  29% (10040/34619)
2026-10-05T18:26:28.2490908Z Resolving deltas:  30% (10386/34619)
2026-10-05T18:26:28.2535281Z Resolving deltas:  31% (10732/34619)
2026-10-05T18:26:28.2624334Z Resolving deltas:  32% (11079/34619)
2026-10-05T18:26:28.2704810Z Resolving deltas:  33% (11425/34619)
2026-10-05T18:26:28.2804558Z Resolving deltas:  34% (11771/34619)
2026-10-05T18:26:28.2848959Z Resolving deltas:  35% (12117/34619)
2026-10-05T18:26:28.2892448Z Resolving deltas:  36% (12463/34619)
2026-10-05T18:26:28.3136112Z Resolving deltas:  37% (12810/34619)
2026-10-05T18:26:28.3193296Z Resolving deltas:  38% (13156/34619)
2026-10-05T18:26:28.3238679Z Resolving deltas:  39% (13502/34619)
2026-10-05T18:26:28.3281931Z Resolving deltas:  40% (13848/34619)
2026-10-05T18:26:28.3315620Z Resolving deltas:  41% (14194/34619)
2026-10-05T18:26:28.3349556Z Resolving deltas:  42% (14540/34619)
2026-10-05T18:26:28.3396701Z Resolving deltas:  43% (14887/34619)
2026-10-05T18:26:28.3440476Z Resolving deltas:  44% (15233/34619)
2026-10-05T18:26:28.3473256Z Resolving deltas:  45% (15579/34619)
2026-10-05T18:26:28.3513313Z Resolving deltas:  46% (15925/34619)
2026-10-05T18:26:28.3558373Z Resolving deltas:  47% (16271/34619)
2026-10-05T18:26:28.3593553Z Resolving deltas:  48% (16618/34619)
2026-10-05T18:26:28.3623413Z Resolving deltas:  49% (16964/34619)
2026-10-05T18:26:28.3657856Z Resolving deltas:  50% (17310/34619)
2026-10-05T18:26:28.3683621Z Resolving deltas:  51% (17656/34619)
2026-10-05T18:26:28.3717559Z Resolving deltas:  52% (18002/34619)
2026-10-05T18:26:28.3751535Z Resolving deltas:  53% (18349/34619)
2026-10-05T18:26:28.3789055Z Resolving deltas:  54% (18695/34619)
2026-10-05T18:26:28.3809427Z Resolving deltas:  55% (19041/34619)
2026-10-05T18:26:28.3838658Z Resolving deltas:  56% (19387/34619)
2026-10-05T18:26:28.3860872Z Resolving deltas:  57% (19733/34619)
2026-10-05T18:26:28.3890371Z Resolving deltas:  58% (20080/34619)
2026-10-05T18:26:28.3917942Z Resolving deltas:  59% (20426/34619)
2026-10-05T18:26:28.3952427Z Resolving deltas:  60% (20772/34619)
2026-10-05T18:26:28.3994192Z Resolving deltas:  61% (21118/34619)
2026-10-05T18:26:28.4027574Z Resolving deltas:  62% (21464/34619)
2026-10-05T18:26:28.4067110Z Resolving deltas:  63% (21810/34619)
2026-10-05T18:26:28.4120000Z Resolving deltas:  64% (22157/34619)
2026-10-05T18:26:28.4157989Z Resolving deltas:  65% (22503/34619)
2026-10-05T18:26:28.4211858Z Resolving deltas:  66% (22849/34619)
2026-10-05T18:26:28.4265161Z Resolving deltas:  67% (23195/34619)
2026-10-05T18:26:28.4284124Z Resolving deltas:  68% (23541/34619)
2026-10-05T18:26:28.4323078Z Resolving deltas:  69% (23888/34619)
2026-10-05T18:26:28.4359207Z Resolving deltas:  70% (24234/34619)
2026-10-05T18:26:28.4403749Z Resolving deltas:  71% (24580/34619)
2026-10-05T18:26:28.4429969Z Resolving deltas:  72% (24926/34619)
2026-10-05T18:26:28.4456662Z Resolving deltas:  73% (25272/34619)
2026-10-05T18:26:28.4509117Z Resolving deltas:  74% (25619/34619)
2026-10-05T18:26:28.4542842Z Resolving deltas:  75% (25965/34619)
2026-10-05T18:26:28.4582114Z Resolving deltas:  76% (26311/34619)
2026-10-05T18:26:28.4619993Z Resolving deltas:  77% (26657/34619)
2026-10-05T18:26:28.4664517Z Resolving deltas:  78% (27003/34619)
2026-10-05T18:26:28.4701314Z Resolving deltas:  79% (27350/34619)
2026-10-05T18:26:28.4746756Z Resolving deltas:  80% (27696/34619)
2026-10-05T18:26:28.4783832Z Resolving deltas:  81% (28042/34619)
2026-10-05T18:26:28.4816803Z Resolving deltas:  82% (28388/34619)
2026-10-05T18:26:28.4851311Z Resolving deltas:  83% (28734/34619)
2026-10-05T18:26:28.4896638Z Resolving deltas:  84% (29080/34619)
2026-10-05T18:26:28.4946633Z Resolving deltas:  85% (29427/34619)
2026-10-05T18:26:28.5000442Z Resolving deltas:  86% (29773/34619)
2026-10-05T18:26:28.5035059Z Resolving deltas:  87% (30119/34619)
2026-10-05T18:26:28.5100760Z Resolving deltas:  88% (30465/34619)
2026-10-05T18:26:28.5166291Z Resolving deltas:  89% (30811/34619)
2026-10-05T18:26:28.5213194Z Resolving deltas:  90% (31158/34619)
2026-10-05T18:26:28.5258158Z Resolving deltas:  91% (31504/34619)
2026-10-05T18:26:28.5399928Z Resolving deltas:  92% (31850/34619)
2026-10-05T18:26:28.5443402Z Resolving deltas:  93% (32196/34619)
2026-10-05T18:26:28.5672615Z Resolving deltas:  94% (32542/34619)
2026-10-05T18:26:28.5727093Z Resolving deltas:  95% (32889/34619)
2026-10-05T18:26:28.5769456Z Resolving deltas:  96% (33235/34619)
2026-10-05T18:26:28.5801964Z Resolving deltas:  97% (33581/34619)
2026-10-05T18:26:28.5835857Z Resolving deltas:  98% (33927/34619)
2026-10-05T18:26:28.5874821Z Resolving deltas:  99% (34273/34619)
2026-10-05T18:26:28.5876119Z Resolving deltas: 100% (34619/34619)
2026-10-05T18:26:28.5876580Z Resolving deltas: 100% (34619/34619), done.
2026-10-05T18:26:28.7367042Z From https://github.com/hsoliwal/M3jdk21
2026-10-05T18:26:28.7368133Z  * [new ref]             0483f79ae51dd578c2e4fec1b8431bd51b59b469 -> origin/aix/jcc-source-final-handoff-20261005
2026-10-05T18:26:28.7373562Z ##[endgroup]
2026-10-05T18:26:28.7374219Z ##[group]Determining the checkout info
2026-10-05T18:26:28.7376091Z ##[endgroup]
2026-10-05T18:26:28.7376712Z ##[group]Checking out the ref
2026-10-05T18:26:28.7381499Z [command]/usr/bin/git checkout --progress --force -B aix/jcc-source-final-handoff-20261005 refs/remotes/origin/aix/jcc-source-final-handoff-20261005
2026-10-05T18:26:29.8317953Z Updating files:  12% (8946/69955)
2026-10-05T18:26:29.9065717Z Updating files:  13% (9095/69955)
2026-10-05T18:26:29.9696469Z Updating files:  14% (9794/69955)
2026-10-05T18:26:30.0323553Z Updating files:  15% (10494/69955)
2026-10-05T18:26:30.0983341Z Updating files:  16% (11193/69955)
2026-10-05T18:26:30.1805140Z Updating files:  17% (11893/69955)
2026-10-05T18:26:30.2384024Z Updating files:  18% (12592/69955)
2026-10-05T18:26:30.3050726Z Updating files:  19% (13292/69955)
2026-10-05T18:26:30.3676800Z Updating files:  20% (13991/69955)
2026-10-05T18:26:30.4308031Z Updating files:  21% (14691/69955)
2026-10-05T18:26:30.4961098Z Updating files:  22% (15391/69955)
2026-10-05T18:26:30.5675299Z Updating files:  23% (16090/69955)
2026-10-05T18:26:30.6367148Z Updating files:  24% (16790/69955)
2026-10-05T18:26:30.6991435Z Updating files:  25% (17489/69955)
2026-10-05T18:26:30.7563760Z Updating files:  26% (18189/69955)
2026-10-05T18:26:30.8156323Z Updating files:  27% (18888/69955)
2026-10-05T18:26:30.8158736Z Updating files:  27% (19582/69955)
2026-10-05T18:26:30.8739073Z Updating files:  28% (19588/69955)
2026-10-05T18:26:30.9352688Z Updating files:  29% (20287/69955)
2026-10-05T18:26:30.9920251Z Updating files:  30% (20987/69955)
2026-10-05T18:26:31.0726760Z Updating files:  31% (21687/69955)
2026-10-05T18:26:31.1251425Z Updating files:  32% (22386/69955)
2026-10-05T18:26:31.1804116Z Updating files:  33% (23086/69955)
2026-10-05T18:26:31.2579978Z Updating files:  34% (23785/69955)
2026-10-05T18:26:31.3107022Z Updating files:  35% (24485/69955)
2026-10-05T18:26:31.3610950Z Updating files:  36% (25184/69955)
2026-10-05T18:26:31.4088960Z Updating files:  37% (25884/69955)
2026-10-05T18:26:31.4661428Z Updating files:  38% (26583/69955)
2026-10-05T18:26:31.5123253Z Updating files:  39% (27283/69955)
2026-10-05T18:26:31.5625849Z Updating files:  40% (27982/69955)
2026-10-05T18:26:31.6084164Z Updating files:  41% (28682/69955)
2026-10-05T18:26:31.6544791Z Updating files:  42% (29382/69955)
2026-10-05T18:26:31.6983887Z Updating files:  43% (30081/69955)
2026-10-05T18:26:31.7399410Z Updating files:  44% (30781/69955)
2026-10-05T18:26:31.7865876Z Updating files:  45% (31480/69955)
2026-10-05T18:26:31.8155820Z Updating files:  46% (32180/69955)
2026-10-05T18:26:31.8283258Z Updating files:  46% (32657/69955)
2026-10-05T18:26:31.8799500Z Updating files:  47% (32879/69955)
2026-10-05T18:26:31.9369352Z Updating files:  48% (33579/69955)
2026-10-05T18:26:31.9886831Z Updating files:  49% (34278/69955)
2026-10-05T18:26:32.0390271Z Updating files:  50% (34978/69955)
2026-10-05T18:26:32.0898234Z Updating files:  51% (35678/69955)
2026-10-05T18:26:32.1389815Z Updating files:  52% (36377/69955)
2026-10-05T18:26:32.1883923Z Updating files:  53% (37077/69955)
2026-10-05T18:26:32.2298886Z Updating files:  54% (37776/69955)
2026-10-05T18:26:32.2728107Z Updating files:  55% (38476/69955)
2026-10-05T18:26:32.3174583Z Updating files:  56% (39175/69955)
2026-10-05T18:26:32.3651719Z Updating files:  57% (39875/69955)
2026-10-05T18:26:32.4153315Z Updating files:  58% (40574/69955)
2026-10-05T18:26:32.4596546Z Updating files:  59% (41274/69955)
2026-10-05T18:26:32.5024292Z Updating files:  60% (41973/69955)
2026-10-05T18:26:32.5471071Z Updating files:  61% (42673/69955)
2026-10-05T18:26:32.5990409Z Updating files:  62% (43373/69955)
2026-10-05T18:26:32.6458045Z Updating files:  63% (44072/69955)
2026-10-05T18:26:32.6966171Z Updating files:  64% (44772/69955)
2026-10-05T18:26:32.7408363Z Updating files:  65% (45471/69955)
2026-10-05T18:26:32.8100393Z Updating files:  66% (46171/69955)
2026-10-05T18:26:32.8155498Z Updating files:  67% (46870/69955)
2026-10-05T18:26:32.8597829Z Updating files:  67% (46945/69955)
2026-10-05T18:26:32.9111958Z Updating files:  68% (47570/69955)
2026-10-05T18:26:32.9655898Z Updating files:  69% (48269/69955)
2026-10-05T18:26:33.0146748Z Updating files:  70% (48969/69955)
2026-10-05T18:26:33.0592203Z Updating files:  71% (49669/69955)
2026-10-05T18:26:33.1030521Z Updating files:  72% (50368/69955)
2026-10-05T18:26:33.1663730Z Updating files:  73% (51068/69955)
2026-10-05T18:26:33.3233697Z Updating files:  74% (51767/69955)
2026-10-05T18:26:33.3772541Z Updating files:  75% (52467/69955)
2026-10-05T18:26:33.4219893Z Updating files:  76% (53166/69955)
2026-10-05T18:26:33.4651432Z Updating files:  77% (53866/69955)
2026-10-05T18:26:33.5133692Z Updating files:  78% (54565/69955)
2026-10-05T18:26:33.5704019Z Updating files:  79% (55265/69955)
2026-10-05T18:26:33.6252612Z Updating files:  80% (55964/69955)
2026-10-05T18:26:33.6672256Z Updating files:  81% (56664/69955)
2026-10-05T18:26:33.7248041Z Updating files:  82% (57364/69955)
2026-10-05T18:26:33.8157065Z Updating files:  83% (58063/69955)
2026-10-05T18:26:33.8624713Z Updating files:  83% (58621/69955)
2026-10-05T18:26:33.9108848Z Updating files:  84% (58763/69955)
2026-10-05T18:26:33.9584690Z Updating files:  85% (59462/69955)
2026-10-05T18:26:34.0123963Z Updating files:  86% (60162/69955)
2026-10-05T18:26:34.0576230Z Updating files:  87% (60861/69955)
2026-10-05T18:26:34.1128491Z Updating files:  88% (61561/69955)
2026-10-05T18:26:34.1514346Z Updating files:  89% (62260/69955)
2026-10-05T18:26:34.1893900Z Updating files:  90% (62960/69955)
2026-10-05T18:26:34.2273359Z Updating files:  91% (63660/69955)
2026-10-05T18:26:34.2664148Z Updating files:  92% (64359/69955)
2026-10-05T18:26:34.3030227Z Updating files:  93% (65059/69955)
2026-10-05T18:26:34.3383127Z Updating files:  94% (65758/69955)
2026-10-05T18:26:34.3737235Z Updating files:  95% (66458/69955)
2026-10-05T18:26:34.4139055Z Updating files:  96% (67157/69955)
2026-10-05T18:26:34.4531951Z Updating files:  97% (67857/69955)
2026-10-05T18:26:34.4959750Z Updating files:  98% (68556/69955)
2026-10-05T18:26:34.5389649Z Updating files:  99% (69256/69955)
2026-10-05T18:26:34.5390908Z Updating files: 100% (69955/69955)
2026-10-05T18:26:34.5391954Z Updating files: 100% (69955/69955), done.
2026-10-05T18:26:34.6347332Z Switched to a new branch 'aix/jcc-source-final-handoff-20261005'
2026-10-05T18:26:34.6350513Z branch 'aix/jcc-source-final-handoff-20261005' set up to track 'origin/aix/jcc-source-final-handoff-20261005'.
2026-10-05T18:26:34.6475604Z ##[endgroup]
2026-10-05T18:26:34.6523270Z [command]/usr/bin/git log -1 --format='%H'
2026-10-05T18:26:34.6550301Z '0483f79ae51dd578c2e4fec1b8431bd51b59b469'
2026-10-05T18:26:34.6908330Z Prepare all required actions
2026-10-05T18:26:34.6908950Z Getting action download info
2026-10-05T18:26:34.8341972Z Download action repository 'actions/cache@v3' (SHA:6f8efc29b200d32929f49075959781ed54ec270c)
2026-10-05T18:26:34.9532733Z ##[group]Run ./.github/actions/get-bootjdk
2026-10-05T18:26:34.9533022Z with:
2026-10-05T18:26:34.9533223Z   platform: linux-x64
2026-10-05T18:26:34.9533440Z ##[endgroup]
2026-10-05T18:26:34.9601429Z ##[start-action display=Determine platform prefix;id=bootjdk.platform-prefix]
2026-10-05T18:26:34.9657994Z ##[group]Run # Convert platform name to upper case
2026-10-05T18:26:34.9658444Z [36;1m# Convert platform name to upper case[0m
2026-10-05T18:26:34.9658840Z [36;1mplatform_prefix="$(echo linux-x64 | tr [a-z-] [A-Z_])"[0m
2026-10-05T18:26:34.9659458Z [36;1mecho "value=$platform_prefix" >> $GITHUB_OUTPUT[0m
2026-10-05T18:26:35.0038997Z shell: /usr/bin/bash --noprofile --norc -e -o pipefail {0}
2026-10-05T18:26:35.0039640Z ##[endgroup]
2026-10-05T18:26:35.0208227Z ##[end-action id=bootjdk.platform-prefix;outcome=success;conclusion=success;duration_ms=60]
2026-10-05T18:26:35.0213434Z ##[start-action display=Get URL configuration;id=bootjdk.url]
2026-10-05T18:26:35.0240091Z Prepare all required actions
2026-10-05T18:26:35.0278353Z ##[group]Run ./.github/actions/config
2026-10-05T18:26:35.0278617Z with:
2026-10-05T18:26:35.0278821Z   var: LINUX_X64_BOOT_JDK_URL
2026-10-05T18:26:35.0279060Z ##[endgroup]
2026-10-05T18:26:35.0282777Z ##[start-action display=Read configuration variable from repo;id=bootjdk.url.read-config]
2026-10-05T18:26:35.0300769Z ##[group]Run # Extract value from configuration file
2026-10-05T18:26:35.0301156Z [36;1m# Extract value from configuration file[0m
2026-10-05T18:26:35.0301666Z [36;1mvalue="$(grep -h LINUX_X64_BOOT_JDK_URL= make/conf/github-actions.conf | cut -d '=' -f 2-)"[0m
2026-10-05T18:26:35.0302165Z [36;1mecho "value=$value" >> $GITHUB_OUTPUT[0m
2026-10-05T18:26:35.0371537Z shell: /usr/bin/bash --noprofile --norc -e -o pipefail {0}
2026-10-05T18:26:35.0371945Z ##[endgroup]
2026-10-05T18:26:35.0498346Z ##[end-action id=bootjdk.url.read-config;outcome=success;conclusion=success;duration_ms=21]
2026-10-05T18:26:35.0528851Z ##[end-action id=bootjdk.url;outcome=success;conclusion=success;duration_ms=31]
2026-10-05T18:26:35.0531539Z ##[start-action display=Get SHA256 configuration;id=bootjdk.sha256]
2026-10-05T18:26:35.0556679Z Prepare all required actions
2026-10-05T18:26:35.0599971Z ##[group]Run ./.github/actions/config
2026-10-05T18:26:35.0600287Z with:
2026-10-05T18:26:35.0600519Z   var: LINUX_X64_BOOT_JDK_SHA256
2026-10-05T18:26:35.0600809Z ##[endgroup]
2026-10-05T18:26:35.0604125Z ##[start-action display=Read configuration variable from repo;id=bootjdk.sha256.read-config]
2026-10-05T18:26:35.0623202Z ##[group]Run # Extract value from configuration file
2026-10-05T18:26:35.0623664Z [36;1m# Extract value from configuration file[0m
2026-10-05T18:26:35.0624333Z [36;1mvalue="$(grep -h LINUX_X64_BOOT_JDK_SHA256= make/conf/github-actions.conf | cut -d '=' -f 2-)"[0m
2026-10-05T18:26:35.0624991Z [36;1mecho "value=$value" >> $GITHUB_OUTPUT[0m
2026-10-05T18:26:35.0695786Z shell: /usr/bin/bash --noprofile --norc -e -o pipefail {0}
2026-10-05T18:26:35.0696317Z ##[endgroup]
2026-10-05T18:26:35.0822878Z ##[end-action id=bootjdk.sha256.read-config;outcome=success;conclusion=success;duration_ms=21]
2026-10-05T18:26:35.0831388Z ##[end-action id=bootjdk.sha256;outcome=success;conclusion=success;duration_ms=29]
2026-10-05T18:26:35.0834333Z ##[start-action display=Get file extension configuration;id=bootjdk.ext]
2026-10-05T18:26:35.0862746Z Prepare all required actions
2026-10-05T18:26:35.0902785Z ##[group]Run ./.github/actions/config
2026-10-05T18:26:35.0903072Z with:
2026-10-05T18:26:35.0903284Z   var: LINUX_X64_BOOT_JDK_EXT
2026-10-05T18:26:35.0903542Z ##[endgroup]
2026-10-05T18:26:35.0906755Z ##[start-action display=Read configuration variable from repo;id=bootjdk.ext.read-config]
2026-10-05T18:26:35.0925373Z ##[group]Run # Extract value from configuration file
2026-10-05T18:26:35.0925786Z [36;1m# Extract value from configuration file[0m
2026-10-05T18:26:35.0926375Z [36;1mvalue="$(grep -h LINUX_X64_BOOT_JDK_EXT= make/conf/github-actions.conf | cut -d '=' -f 2-)"[0m
2026-10-05T18:26:35.0926963Z [36;1mecho "value=$value" >> $GITHUB_OUTPUT[0m
2026-10-05T18:26:35.1016312Z shell: /usr/bin/bash --noprofile --norc -e -o pipefail {0}
2026-10-05T18:26:35.1016907Z ##[endgroup]
2026-10-05T18:26:35.1193723Z ##[end-action id=bootjdk.ext.read-config;outcome=success;conclusion=success;duration_ms=28]
2026-10-05T18:26:35.1203875Z ##[end-action id=bootjdk.ext;outcome=success;conclusion=success;duration_ms=36]
2026-10-05T18:26:35.1207348Z ##[start-action display=Check cache for BootJDK;id=bootjdk.get-cached-bootjdk]
2026-10-05T18:26:35.1275501Z ##[group]Run actions/cache@v3
2026-10-05T18:26:35.1275923Z with:
2026-10-05T18:26:35.1276257Z   path: bootjdk/jdk
2026-10-05T18:26:35.1277032Z   key: boot-jdk-linux-x64-bb863b2d542976d1ae4b7b81af3e78b1e4247a64644350b552d298d8dc5980dc
2026-10-05T18:26:35.1277926Z   enableCrossOsArchive: false
2026-10-05T18:26:35.1278371Z   fail-on-cache-miss: false
2026-10-05T18:26:35.1278781Z   lookup-only: false
2026-10-05T18:26:35.1279390Z ##[endgroup]
2026-10-05T18:26:35.2585670Z (node:2004) [DEP0040] DeprecationWarning: The `punycode` module is deprecated. Please use a userland alternative instead.
2026-10-05T18:26:35.2586924Z (Use `node --trace-deprecation ...` to show where the warning was created)
2026-10-05T18:26:35.4946111Z Cache not found for input keys: boot-jdk-linux-x64-bb863b2d542976d1ae4b7b81af3e78b1e4247a64644350b552d298d8dc5980dc
2026-10-05T18:26:35.5009848Z ##[end-action id=bootjdk.get-cached-bootjdk;outcome=success;conclusion=success;duration_ms=380]
2026-10-05T18:26:35.5013718Z ##[start-action display=Install sha256sum;id=bootjdk.__run]
2026-10-05T18:26:35.5047992Z ##[end-action id=bootjdk.__run;outcome=skipped;conclusion=skipped;duration_ms=0]
2026-10-05T18:26:35.5050950Z ##[start-action display=Download BootJDK;id=bootjdk.__run_2]
2026-10-05T18:26:35.5076160Z ##[group]Run # Download BootJDK and verify checksum
2026-10-05T18:26:35.5076599Z [36;1m# Download BootJDK and verify checksum[0m
2026-10-05T18:26:35.5076963Z [36;1mmkdir -p bootjdk/jdk[0m
2026-10-05T18:26:35.5077272Z [36;1mmkdir -p bootjdk/unpacked[0m
2026-10-05T18:26:35.5078185Z [36;1mwget --progress=dot:mega -O bootjdk/jdk.tar.gz 'https://download.java.net/java/GA/jdk20/bdc68b4b9cbc4ebcb30745c85038d91d/36/GPL/openjdk-20_linux-x64_bin.tar.gz'[0m
2026-10-05T18:26:35.5079910Z [36;1mecho 'bb863b2d542976d1ae4b7b81af3e78b1e4247a64644350b552d298d8dc5980dc bootjdk/jdk.tar.gz' | sha256sum -c >/dev/null -[0m
2026-10-05T18:26:35.5156441Z shell: /usr/bin/bash --noprofile --norc -e -o pipefail {0}
2026-10-05T18:26:35.5157145Z ##[endgroup]
2026-10-05T18:26:35.5352018Z --2026-10-05 18:26:35--  https://download.java.net/java/GA/jdk20/bdc68b4b9cbc4ebcb30745c85038d91d/36/GPL/openjdk-20_linux-x64_bin.tar.gz
2026-10-05T18:26:35.6229376Z Resolving download.java.net (download.java.net)... 184.28.148.100
2026-10-05T18:26:35.6457903Z Connecting to download.java.net (download.java.net)|184.28.148.100|:443... connected.
2026-10-05T18:26:35.7195259Z HTTP request sent, awaiting response... 200 OK
2026-10-05T18:26:35.7196224Z Length: 197562076 (188M) [application/x-gzip]
2026-10-05T18:26:35.7197797Z Saving to: ‘bootjdk/jdk.tar.gz’
2026-10-05T18:26:35.7586658Z 
2026-10-05T18:26:35.8874575Z      0K ........ ........ ........ ........ ........ ........  1% 17.9M 10s
2026-10-05T18:26:35.9158950Z   3072K ........ ........ ........ ........ ........ ........  3%  105M 6s
2026-10-05T18:26:35.9322232Z   6144K ........ ........ ........ ........ ........ ........  4%  183M 4s
2026-10-05T18:26:35.9561341Z   9216K ........ ........ ........ ........ ........ ........  6%  125M 3s
2026-10-05T18:26:35.9747760Z  12288K ........ ........ ........ ........ ........ ........  7%  161M 3s
2026-10-05T18:26:35.9991135Z  15360K ........ ........ ........ ........ ........ ........  9%  124M 3s
2026-10-05T18:26:36.0226396Z  18432K ........ ........ ........ ........ ........ ........ 11%  127M 2s
2026-10-05T18:26:36.0414863Z  21504K ........ ........ ........ ........ ........ ........ 12%  159M 2s
2026-10-05T18:26:36.0659809Z  24576K ........ ........ ........ ........ ........ ........ 14%  124M 2s
2026-10-05T18:26:36.0806924Z  27648K ........ ........ ........ ........ ........ ........ 15%  202M 2s
2026-10-05T18:26:36.1047105Z  30720K ........ ........ ........ ........ ........ ........ 17%  125M 2s
2026-10-05T18:26:36.1281571Z  33792K ........ ........ ........ ........ ........ ........ 19%  128M 2s
2026-10-05T18:26:36.1479669Z  36864K ........ ........ ........ ........ ........ ........ 20%  150M 2s
2026-10-05T18:26:36.1725957Z  39936K ........ ........ ........ ........ ........ ........ 22%  123M 2s
2026-10-05T18:26:36.1969343Z  43008K ........ ........ ........ ........ ........ ........ 23%  123M 2s
2026-10-05T18:26:36.2066085Z  46080K ........ ........ ........ ........ ........ ........ 25%  308M 1s
2026-10-05T18:26:36.2304643Z  49152K ........ ........ ........ ........ ........ ........ 27%  126M 1s
2026-10-05T18:26:36.2553011Z  52224K ........ ........ ........ ........ ........ ........ 28%  121M 1s
2026-10-05T18:26:36.2796811Z  55296K ........ ........ ........ ........ ........ ........ 30%  123M 1s
2026-10-05T18:26:36.3044524Z  58368K ........ ........ ........ ........ ........ ........ 31%  122M 1s
2026-10-05T18:26:36.3241581Z  61440K ........ ........ ........ ........ ........ ........ 33%  150M 1s
2026-10-05T18:26:36.3401708Z  64512K ........ ........ ........ ........ ........ ........ 35%  187M 1s
2026-10-05T18:26:36.3617945Z  67584K ........ ........ ........ ........ ........ ........ 36%  139M 1s
2026-10-05T18:26:36.3866594Z  70656K ........ ........ ........ ........ ........ ........ 38%  121M 1s
2026-10-05T18:26:36.4111168Z  73728K ........ ........ ........ ........ ........ ........ 39%  123M 1s
2026-10-05T18:26:36.4356475Z  76800K ........ ........ ........ ........ ........ ........ 41%  122M 1s
2026-10-05T18:26:36.4595510Z  79872K ........ ........ ........ ........ ........ ........ 42%  125M 1s
2026-10-05T18:26:36.4684273Z  82944K ........ ........ ........ ........ ........ ........ 44%  338M 1s
2026-10-05T18:26:36.4919475Z  86016K ........ ........ ........ ........ ........ ........ 46%  128M 1s
2026-10-05T18:26:36.5162777Z  89088K ........ ........ ........ ........ ........ ........ 47%  124M 1s
2026-10-05T18:26:36.5396012Z  92160K ........ ........ ........ ........ ........ ........ 49%  128M 1s
2026-10-05T18:26:36.5638356Z  95232K ........ ........ ........ ........ ........ ........ 50%  125M 1s
2026-10-05T18:26:36.5871750Z  98304K ........ ........ ........ ........ ........ ........ 52%  128M 1s
2026-10-05T18:26:36.6039229Z 101376K ........ ........ ........ ........ ........ ........ 54%  179M 1s
2026-10-05T18:26:36.6200552Z 104448K ........ ........ ........ ........ ........ ........ 55%  186M 1s
2026-10-05T18:26:36.6442153Z 107520K ........ ........ ........ ........ ........ ........ 57%  124M 1s
2026-10-05T18:26:36.6694233Z 110592K ........ ........ ........ ........ ........ ........ 58%  119M 1s
2026-10-05T18:26:36.6932961Z 113664K ........ ........ ........ ........ ........ ........ 60%  125M 1s
2026-10-05T18:26:36.7170293Z 116736K ........ ........ ........ ........ ........ ........ 62%  126M 1s
2026-10-05T18:26:36.7384236Z 119808K ........ ........ ........ ........ ........ ........ 63%  141M 1s
2026-10-05T18:26:36.7494047Z 122880K ........ ........ ........ ........ ........ ........ 65%  269M 1s
2026-10-05T18:26:36.7735345Z 125952K ........ ........ ........ ........ ........ ........ 66%  125M 1s
2026-10-05T18:26:36.7975057Z 129024K ........ ........ ........ ........ ........ ........ 68%  125M 0s
2026-10-05T18:26:36.8214550Z 132096K ........ ........ ........ ........ ........ ........ 70%  125M 0s
2026-10-05T18:26:36.8450264Z 135168K ........ ........ ........ ........ ........ ........ 71%  128M 0s
2026-10-05T18:26:36.8667986Z 138240K ........ ........ ........ ........ ........ ........ 73%  138M 0s
2026-10-05T18:26:36.8892244Z 141312K ........ ........ ........ ........ ........ ........ 74%  134M 0s
2026-10-05T18:26:36.9016936Z 144384K ........ ........ ........ ........ ........ ........ 76%  240M 0s
2026-10-05T18:26:36.9260789Z 147456K ........ ........ ........ ........ ........ ........ 78%  124M 0s
2026-10-05T18:26:36.9499684Z 150528K ........ ........ ........ ........ ........ ........ 79%  125M 0s
2026-10-05T18:26:36.9754471Z 153600K ........ ........ ........ ........ ........ ........ 81%  117M 0s
2026-10-05T18:26:36.9999873Z 156672K ........ ........ ........ ........ ........ ........ 82%  122M 0s
2026-10-05T18:26:37.0088193Z 159744K ........ ........ ........ ........ ........ ........ 84%  338M 0s
2026-10-05T18:26:37.0336568Z 162816K ........ ........ ........ ........ ........ ........ 85%  121M 0s
2026-10-05T18:26:37.0645640Z 165888K ........ ........ ........ ........ ........ ........ 87% 97.4M 0s
2026-10-05T18:26:37.0877479Z 168960K ........ ........ ........ ........ ........ ........ 89%  129M 0s
2026-10-05T18:26:37.1125856Z 172032K ........ ........ ........ ........ ........ ........ 90%  121M 0s
2026-10-05T18:26:37.1362348Z 175104K ........ ........ ........ ........ ........ ........ 92%  128M 0s
2026-10-05T18:26:37.1474084Z 178176K ........ ........ ........ ........ ........ ........ 93%  262M 0s
2026-10-05T18:26:37.1713476Z 181248K ........ ........ ........ ........ ........ ........ 95%  125M 0s
2026-10-05T18:26:37.1953352Z 184320K ........ ........ ........ ........ ........ ........ 97%  125M 0s
2026-10-05T18:26:37.2186135Z 187392K ........ ........ ........ ........ ........ ........ 98%  130M 0s
2026-10-05T18:26:37.2401751Z 190464K ........ ........ ........ ........ ......           100%  110M=1.5s
2026-10-05T18:26:37.2402225Z 
2026-10-05T18:26:37.2403006Z 2026-10-05 18:26:37 (124 MB/s) - ‘bootjdk/jdk.tar.gz’ saved [197562076/197562076]
2026-10-05T18:26:37.2403797Z 
2026-10-05T18:26:38.0079537Z ##[end-action id=bootjdk.__run_2;outcome=success;conclusion=success;duration_ms=2502]
2026-10-05T18:26:38.0083987Z ##[start-action display=Unpack BootJDK;id=bootjdk.__run_3]
2026-10-05T18:26:38.0108821Z ##[group]Run # Unpack the BootJDK and move files to a common location
2026-10-05T18:26:38.0109762Z [36;1m# Unpack the BootJDK and move files to a common location[0m
2026-10-05T18:26:38.0110184Z [36;1mif [[ 'tar.gz' == 'tar.gz' ]]; then[0m
2026-10-05T18:26:38.0110565Z [36;1m  tar -xf bootjdk/jdk.tar.gz -C bootjdk/unpacked[0m
2026-10-05T18:26:38.0111148Z [36;1melse[0m
2026-10-05T18:26:38.0111447Z [36;1m  unzip -q bootjdk/jdk.tar.gz -d bootjdk/unpacked[0m
2026-10-05T18:26:38.0111798Z [36;1mfi[0m
2026-10-05T18:26:38.0112135Z [36;1mjdk_root="$(dirname $(find bootjdk/unpacked -name bin -type d))"[0m
2026-10-05T18:26:38.0112556Z [36;1mmv "$jdk_root"/* bootjdk/jdk/[0m
2026-10-05T18:26:38.0186715Z shell: /usr/bin/bash --noprofile --norc -e -o pipefail {0}
2026-10-05T18:26:38.0187155Z ##[endgroup]
2026-10-05T18:26:40.2444651Z ##[end-action id=bootjdk.__run_3;outcome=success;conclusion=success;duration_ms=2235]
2026-10-05T18:26:40.2448295Z ##[start-action display=Export path to where BootJDK is installed;id=bootjdk.path-name]
2026-10-05T18:26:40.2468979Z ##[group]Run # Export the path
2026-10-05T18:26:40.2469642Z [36;1m# Export the path[0m
2026-10-05T18:26:40.2470013Z [36;1mecho 'path=bootjdk/jdk' >> $GITHUB_OUTPUT[0m
2026-10-05T18:26:40.2542324Z shell: /usr/bin/bash --noprofile --norc -e -o pipefail {0}
2026-10-05T18:26:40.2542819Z ##[endgroup]
2026-10-05T18:26:40.2638346Z ##[end-action id=bootjdk.path-name;outcome=success;conclusion=success;duration_ms=18]
2026-10-05T18:26:40.2713788Z Prepare all required actions
2026-10-05T18:26:40.2714297Z Getting action download info
2026-10-05T18:26:40.4687744Z ##[group]Run ./.github/actions/get-jtreg
2026-10-05T18:26:40.4688030Z ##[endgroup]
2026-10-05T18:26:40.4693419Z ##[start-action display=Get JTReg version configuration;id=jtreg.version]
2026-10-05T18:26:40.4719233Z Prepare all required actions
2026-10-05T18:26:40.4755506Z ##[group]Run ./.github/actions/config
2026-10-05T18:26:40.4755777Z with:
2026-10-05T18:26:40.4755968Z   var: JTREG_VERSION
2026-10-05T18:26:40.4756179Z ##[endgroup]
2026-10-05T18:26:40.4758928Z ##[start-action display=Read configuration variable from repo;id=jtreg.version.read-config]
2026-10-05T18:26:40.4775377Z ##[group]Run # Extract value from configuration file
2026-10-05T18:26:40.4775755Z [36;1m# Extract value from configuration file[0m
2026-10-05T18:26:40.4776250Z [36;1mvalue="$(grep -h JTREG_VERSION= make/conf/github-actions.conf | cut -d '=' -f 2-)"[0m
2026-10-05T18:26:40.4776765Z [36;1mecho "value=$value" >> $GITHUB_OUTPUT[0m
2026-10-05T18:26:40.4848772Z shell: /usr/bin/bash --noprofile --norc -e -o pipefail {0}
2026-10-05T18:26:40.4849325Z ##[endgroup]
2026-10-05T18:26:40.4974654Z ##[end-action id=jtreg.version.read-config;outcome=success;conclusion=success;duration_ms=21]
2026-10-05T18:26:40.4981578Z ##[end-action id=jtreg.version;outcome=success;conclusion=success;duration_ms=28]
2026-10-05T18:26:40.4984102Z ##[start-action display=Check cache for JTReg;id=jtreg.get-cached-jtreg]
2026-10-05T18:26:40.5028036Z ##[group]Run actions/cache@v3
2026-10-05T18:26:40.5028293Z with:
2026-10-05T18:26:40.5028510Z   path: jtreg/installed
2026-10-05T18:26:40.5028740Z   key: jtreg-7.2+1
2026-10-05T18:26:40.5028974Z   enableCrossOsArchive: false
2026-10-05T18:26:40.5029549Z   fail-on-cache-miss: false
2026-10-05T18:26:40.5029826Z   lookup-only: false
2026-10-05T18:26:40.5030053Z ##[endgroup]
2026-10-05T18:26:40.6227525Z (node:2036) [DEP0040] DeprecationWarning: The `punycode` module is deprecated. Please use a userland alternative instead.
2026-10-05T18:26:40.6228936Z (Use `node --trace-deprecation ...` to show where the warning was created)
2026-10-05T18:26:40.8685863Z Cache not found for input keys: jtreg-7.2+1
2026-10-05T18:26:40.8750090Z ##[end-action id=jtreg.get-cached-jtreg;outcome=success;conclusion=success;duration_ms=376]
2026-10-05T18:26:40.8753094Z ##[start-action display=Checkout the JTReg source;id=jtreg.__actions_checkout]
2026-10-05T18:26:40.8814790Z ##[group]Run actions/checkout@v3
2026-10-05T18:26:40.8815045Z with:
2026-10-05T18:26:40.8815246Z   repository: openjdk/jtreg
2026-10-05T18:26:40.8815483Z   ref: jtreg-7.2+1
2026-10-05T18:26:40.8815685Z   path: jtreg/src
2026-10-05T18:26:40.8818594Z   token: ***
2026-10-05T18:26:40.8818811Z   ssh-strict: true
2026-10-05T18:26:40.8819034Z   persist-credentials: true
2026-10-05T18:26:40.8819803Z   clean: true
2026-10-05T18:26:40.8820029Z   sparse-checkout-cone-mode: true
2026-10-05T18:26:40.8820296Z   fetch-depth: 1
2026-10-05T18:26:40.8820513Z   fetch-tags: false
2026-10-05T18:26:40.8820717Z   lfs: false
2026-10-05T18:26:40.8820908Z   submodules: false
2026-10-05T18:26:40.8821149Z   set-safe-directory: true
2026-10-05T18:26:40.8821407Z   allow-unsafe-pr-checkout: false
2026-10-05T18:26:40.8821664Z ##[endgroup]
2026-10-05T18:26:40.9561587Z (node:2049) [DEP0040] DeprecationWarning: The `punycode` module is deprecated. Please use a userland alternative instead.
2026-10-05T18:26:40.9562351Z (Use `node --trace-deprecation ...` to show where the warning was created)
2026-10-05T18:26:40.9577383Z Syncing repository: openjdk/jtreg
2026-10-05T18:26:40.9584452Z ##[group]Getting Git version info
2026-10-05T18:26:40.9585113Z Working directory is '/home/runner/work/M3jdk21/M3jdk21/jtreg/src'
2026-10-05T18:26:40.9618269Z [command]/usr/bin/git version
2026-10-05T18:26:40.9656258Z git version 2.55.0
2026-10-05T18:26:40.9677139Z ##[endgroup]
2026-10-05T18:26:40.9690266Z Temporarily overriding HOME='/home/runner/work/_temp/6c5bd305-b136-4c2f-b1f0-6816e8c5eb1a' before making global git config changes
2026-10-05T18:26:40.9691311Z Adding repository directory to the temporary git global config as a safe directory
2026-10-05T18:26:40.9693568Z [command]/usr/bin/git config --global --add safe.directory /home/runner/work/M3jdk21/M3jdk21/jtreg/src
2026-10-05T18:26:40.9730185Z ##[group]Initializing the repository
2026-10-05T18:26:40.9734103Z [command]/usr/bin/git init /home/runner/work/M3jdk21/M3jdk21/jtreg/src
2026-10-05T18:26:40.9778605Z hint: Using 'master' as the name for the initial branch. This default branch name
2026-10-05T18:26:40.9779850Z hint: will change to "main" in Git 3.0. To configure the initial branch name
2026-10-05T18:26:40.9780814Z hint: to use in all of your new repositories, which will suppress this warning,
2026-10-05T18:26:40.9781541Z hint: call:
2026-10-05T18:26:40.9781857Z hint:
2026-10-05T18:26:40.9782291Z hint: 	git config --global init.defaultBranch <name>
2026-10-05T18:26:40.9782643Z hint:
2026-10-05T18:26:40.9782995Z hint: Names commonly chosen instead of 'master' are 'main', 'trunk' and
2026-10-05T18:26:40.9783556Z hint: 'development'. The just-created branch can be renamed via this command:
2026-10-05T18:26:40.9783975Z hint:
2026-10-05T18:26:40.9784181Z hint: 	git branch -m <name>
2026-10-05T18:26:40.9784427Z hint:
2026-10-05T18:26:40.9784770Z hint: Disable this message with "git config set advice.defaultBranchName false"
2026-10-05T18:26:40.9785393Z Initialized empty Git repository in /home/runner/work/M3jdk21/M3jdk21/jtreg/src/.git/
2026-10-05T18:26:40.9791571Z [command]/usr/bin/git remote add origin https://github.com/openjdk/jtreg
2026-10-05T18:26:40.9825561Z ##[endgroup]
2026-10-05T18:26:40.9825968Z ##[group]Disabling automatic garbage collection
2026-10-05T18:26:40.9828986Z [command]/usr/bin/git config --local gc.auto 0
2026-10-05T18:26:40.9860814Z ##[endgroup]
2026-10-05T18:26:40.9861229Z ##[group]Setting up auth
2026-10-05T18:26:40.9867010Z [command]/usr/bin/git config --local --name-only --get-regexp core\.sshCommand
2026-10-05T18:26:40.9900258Z [command]/usr/bin/git submodule foreach --recursive sh -c "git config --local --name-only --get-regexp 'core\.sshCommand' && git config --local --unset-all 'core.sshCommand' || :"
2026-10-05T18:26:41.0156773Z [command]/usr/bin/git config --local --name-only --get-regexp http\.https\:\/\/github\.com\/\.extraheader
2026-10-05T18:26:41.0188937Z [command]/usr/bin/git submodule foreach --recursive sh -c "git config --local --name-only --get-regexp 'http\.https\:\/\/github\.com\/\.extraheader' && git config --local --unset-all 'http.https://github.com/.extraheader' || :"
2026-10-05T18:26:41.0442803Z [command]/usr/bin/git config --local http.https://github.com/.extraheader AUTHORIZATION: basic ***
2026-10-05T18:26:41.0483673Z ##[endgroup]
2026-10-05T18:26:41.0484344Z ##[group]Fetching the repository
2026-10-05T18:26:41.0491997Z [command]/usr/bin/git -c protocol.version=2 fetch --no-tags --prune --progress --no-recurse-submodules --depth=1 origin +refs/heads/jtreg-7.2+1*:refs/remotes/origin/jtreg-7.2+1* +refs/tags/jtreg-7.2+1*:refs/tags/jtreg-7.2+1*
2026-10-05T18:26:41.7320316Z remote: Enumerating objects: 1365, done.        
2026-10-05T18:26:41.7321487Z remote: Counting objects:   0% (1/1365)        
2026-10-05T18:26:41.7324075Z remote: Counting objects:   1% (14/1365)        
2026-10-05T18:26:41.7324723Z remote: Counting objects:   2% (28/1365)        
2026-10-05T18:26:41.7325457Z remote: Counting objects:   3% (41/1365)        
2026-10-05T18:26:41.7326229Z remote: Counting objects:   4% (55/1365)        
2026-10-05T18:26:41.7326771Z remote: Counting objects:   5% (69/1365)        
2026-10-05T18:26:41.7327246Z remote: Counting objects:   6% (82/1365)        
2026-10-05T18:26:41.7327727Z remote: Counting objects:   7% (96/1365)        
2026-10-05T18:26:41.7328255Z remote: Counting objects:   8% (110/1365)        
2026-10-05T18:26:41.7328776Z remote: Counting objects:   9% (123/1365)        
2026-10-05T18:26:41.7329630Z remote: Counting objects:  10% (137/1365)        
2026-10-05T18:26:41.7330733Z remote: Counting objects:  11% (151/1365)        
2026-10-05T18:26:41.7331234Z remote: Counting objects:  12% (164/1365)        
2026-10-05T18:26:41.7331721Z remote: Counting objects:  13% (178/1365)        
2026-10-05T18:26:41.7332184Z remote: Counting objects:  14% (192/1365)        
2026-10-05T18:26:41.7332534Z remote: Counting objects:  15% (205/1365)        
2026-10-05T18:26:41.7332870Z remote: Counting objects:  16% (219/1365)        
2026-10-05T18:26:41.7333210Z remote: Counting objects:  17% (233/1365)        
2026-10-05T18:26:41.7333563Z remote: Counting objects:  18% (246/1365)        
2026-10-05T18:26:41.7333909Z remote: Counting objects:  19% (260/1365)        
2026-10-05T18:26:41.7334245Z remote: Counting objects:  20% (273/1365)        
2026-10-05T18:26:41.7334579Z remote: Counting objects:  21% (287/1365)        
2026-10-05T18:26:41.7334918Z remote: Counting objects:  22% (301/1365)        
2026-10-05T18:26:41.7335255Z remote: Counting objects:  23% (314/1365)        
2026-10-05T18:26:41.7335606Z remote: Counting objects:  24% (328/1365)        
2026-10-05T18:26:41.7335941Z remote: Counting objects:  25% (342/1365)        
2026-10-05T18:26:41.7336270Z remote: Counting objects:  26% (355/1365)        
2026-10-05T18:26:41.7336605Z remote: Counting objects:  27% (369/1365)        
2026-10-05T18:26:41.7336938Z remote: Counting objects:  28% (383/1365)        
2026-10-05T18:26:41.7337270Z remote: Counting objects:  29% (396/1365)        
2026-10-05T18:26:41.7337600Z remote: Counting objects:  30% (410/1365)        
2026-10-05T18:26:41.7337932Z remote: Counting objects:  31% (424/1365)        
2026-10-05T18:26:41.7338265Z remote: Counting objects:  32% (437/1365)        
2026-10-05T18:26:41.7338595Z remote: Counting objects:  33% (451/1365)        
2026-10-05T18:26:41.7338939Z remote: Counting objects:  34% (465/1365)        
2026-10-05T18:26:41.7339552Z remote: Counting objects:  35% (478/1365)        
2026-10-05T18:26:41.7339887Z remote: Counting objects:  36% (492/1365)        
2026-10-05T18:26:41.7340241Z remote: Counting objects:  37% (506/1365)        
2026-10-05T18:26:41.7340586Z remote: Counting objects:  38% (519/1365)        
2026-10-05T18:26:41.7340926Z remote: Counting objects:  39% (533/1365)        
2026-10-05T18:26:41.7341264Z remote: Counting objects:  40% (546/1365)        
2026-10-05T18:26:41.7341600Z remote: Counting objects:  41% (560/1365)        
2026-10-05T18:26:41.7341935Z remote: Counting objects:  42% (574/1365)        
2026-10-05T18:26:41.7342275Z remote: Counting objects:  43% (587/1365)        
2026-10-05T18:26:41.7342580Z remote: Counting objects:  44% (601/1365)        
2026-10-05T18:26:41.7342890Z remote: Counting objects:  45% (615/1365)        
2026-10-05T18:26:41.7343208Z remote: Counting objects:  46% (628/1365)        
2026-10-05T18:26:41.7343514Z remote: Counting objects:  47% (642/1365)        
2026-10-05T18:26:41.7343998Z remote: Counting objects:  48% (656/1365)        
2026-10-05T18:26:41.7344299Z remote: Counting objects:  49% (669/1365)        
2026-10-05T18:26:41.7344603Z remote: Counting objects:  50% (683/1365)        
2026-10-05T18:26:41.7344909Z remote: Counting objects:  51% (697/1365)        
2026-10-05T18:26:41.7345226Z remote: Counting objects:  52% (710/1365)        
2026-10-05T18:26:41.7345534Z remote: Counting objects:  53% (724/1365)        
2026-10-05T18:26:41.7345835Z remote: Counting objects:  54% (738/1365)        
2026-10-05T18:26:41.7346138Z remote: Counting objects:  55% (751/1365)        
2026-10-05T18:26:41.7346444Z remote: Counting objects:  56% (765/1365)        
2026-10-05T18:26:41.7346750Z remote: Counting objects:  57% (779/1365)        
2026-10-05T18:26:41.7347053Z remote: Counting objects:  58% (792/1365)        
2026-10-05T18:26:41.7347355Z remote: Counting objects:  59% (806/1365)        
2026-10-05T18:26:41.7347660Z remote: Counting objects:  60% (819/1365)        
2026-10-05T18:26:41.7347990Z remote: Counting objects:  61% (833/1365)        
2026-10-05T18:26:41.7348291Z remote: Counting objects:  62% (847/1365)        
2026-10-05T18:26:41.7348722Z remote: Counting objects:  63% (860/1365)        
2026-10-05T18:26:41.7349030Z remote: Counting objects:  64% (874/1365)        
2026-10-05T18:26:41.7349560Z remote: Counting objects:  65% (888/1365)        
2026-10-05T18:26:41.7349866Z remote: Counting objects:  66% (901/1365)        
2026-10-05T18:26:41.7350172Z remote: Counting objects:  67% (915/1365)        
2026-10-05T18:26:41.7350472Z remote: Counting objects:  68% (929/1365)        
2026-10-05T18:26:41.7350776Z remote: Counting objects:  69% (942/1365)        
2026-10-05T18:26:41.7351073Z remote: Counting objects:  70% (956/1365)        
2026-10-05T18:26:41.7351372Z remote: Counting objects:  71% (970/1365)        
2026-10-05T18:26:41.7351669Z remote: Counting objects:  72% (983/1365)        
2026-10-05T18:26:41.7351968Z remote: Counting objects:  73% (997/1365)        
2026-10-05T18:26:41.7352285Z remote: Counting objects:  74% (1011/1365)        
2026-10-05T18:26:41.7352597Z remote: Counting objects:  75% (1024/1365)        
2026-10-05T18:26:41.7352904Z remote: Counting objects:  76% (1038/1365)        
2026-10-05T18:26:41.7353203Z remote: Counting objects:  77% (1052/1365)        
2026-10-05T18:26:41.7353505Z remote: Counting objects:  78% (1065/1365)        
2026-10-05T18:26:41.7353800Z remote: Counting objects:  79% (1079/1365)        
2026-10-05T18:26:41.7354094Z remote: Counting objects:  80% (1092/1365)        
2026-10-05T18:26:41.7354390Z remote: Counting objects:  81% (1106/1365)        
2026-10-05T18:26:41.7354688Z remote: Counting objects:  82% (1120/1365)        
2026-10-05T18:26:41.7354986Z remote: Counting objects:  83% (1133/1365)        
2026-10-05T18:26:41.7355278Z remote: Counting objects:  84% (1147/1365)        
2026-10-05T18:26:41.7355577Z remote: Counting objects:  85% (1161/1365)        
2026-10-05T18:26:41.7355873Z remote: Counting objects:  86% (1174/1365)        
2026-10-05T18:26:41.7356178Z remote: Counting objects:  87% (1188/1365)        
2026-10-05T18:26:41.7356471Z remote: Counting objects:  88% (1202/1365)        
2026-10-05T18:26:41.7356768Z remote: Counting objects:  89% (1215/1365)        
2026-10-05T18:26:41.7357062Z remote: Counting objects:  90% (1229/1365)        
2026-10-05T18:26:41.7357360Z remote: Counting objects:  91% (1243/1365)        
2026-10-05T18:26:41.7357656Z remote: Counting objects:  92% (1256/1365)        
2026-10-05T18:26:41.7357947Z remote: Counting objects:  93% (1270/1365)        
2026-10-05T18:26:41.7358244Z remote: Counting objects:  94% (1284/1365)        
2026-10-05T18:26:41.7358538Z remote: Counting objects:  95% (1297/1365)        
2026-10-05T18:26:41.7358841Z remote: Counting objects:  96% (1311/1365)        
2026-10-05T18:26:41.7359387Z remote: Counting objects:  97% (1325/1365)        
2026-10-05T18:26:41.7359707Z remote: Counting objects:  98% (1338/1365)        
2026-10-05T18:26:41.7360013Z remote: Counting objects:  99% (1352/1365)        
2026-10-05T18:26:41.7360552Z remote: Counting objects: 100% (1365/1365)        
2026-10-05T18:26:41.7360881Z remote: Counting objects: 100% (1365/1365), done.        
2026-10-05T18:26:41.7361222Z remote: Compressing objects:   0% (1/780)        
2026-10-05T18:26:41.7361534Z remote: Compressing objects:   1% (8/780)        
2026-10-05T18:26:41.7361836Z remote: Compressing objects:   2% (16/780)        
2026-10-05T18:26:41.7362145Z remote: Compressing objects:   3% (24/780)        
2026-10-05T18:26:41.7362448Z remote: Compressing objects:   4% (32/780)        
2026-10-05T18:26:41.7362748Z remote: Compressing objects:   5% (39/780)        
2026-10-05T18:26:41.7363052Z remote: Compressing objects:   6% (47/780)        
2026-10-05T18:26:41.7363351Z remote: Compressing objects:   7% (55/780)        
2026-10-05T18:26:41.7363655Z remote: Compressing objects:   8% (63/780)        
2026-10-05T18:26:41.7363958Z remote: Compressing objects:   9% (71/780)        
2026-10-05T18:26:41.7364258Z remote: Compressing objects:  10% (78/780)        
2026-10-05T18:26:41.7364562Z remote: Compressing objects:  11% (86/780)        
2026-10-05T18:26:41.7364998Z remote: Compressing objects:  12% (94/780)        
2026-10-05T18:26:41.7365312Z remote: Compressing objects:  13% (102/780)        
2026-10-05T18:26:41.7365627Z remote: Compressing objects:  14% (110/780)        
2026-10-05T18:26:41.7365932Z remote: Compressing objects:  15% (117/780)        
2026-10-05T18:26:41.7366235Z remote: Compressing objects:  16% (125/780)        
2026-10-05T18:26:41.7366538Z remote: Compressing objects:  17% (133/780)        
2026-10-05T18:26:41.7366838Z remote: Compressing objects:  18% (141/780)        
2026-10-05T18:26:41.7367139Z remote: Compressing objects:  19% (149/780)        
2026-10-05T18:26:41.7367442Z remote: Compressing objects:  20% (156/780)        
2026-10-05T18:26:41.7367751Z remote: Compressing objects:  21% (164/780)        
2026-10-05T18:26:41.7368052Z remote: Compressing objects:  22% (172/780)        
2026-10-05T18:26:41.7368359Z remote: Compressing objects:  23% (180/780)        
2026-10-05T18:26:41.7368662Z remote: Compressing objects:  24% (188/780)        
2026-10-05T18:26:41.7368971Z remote: Compressing objects:  25% (195/780)        
2026-10-05T18:26:41.7369612Z remote: Compressing objects:  26% (203/780)        
2026-10-05T18:26:41.7369952Z remote: Compressing objects:  27% (211/780)        
2026-10-05T18:26:41.8023307Z remote: Compressing objects:  28% (219/780)        
2026-10-05T18:26:41.8023906Z remote: Compressing objects:  29% (227/780)        
2026-10-05T18:26:41.8024436Z remote: Compressing objects:  30% (234/780)        
2026-10-05T18:26:41.8024952Z remote: Compressing objects:  31% (242/780)        
2026-10-05T18:26:41.8025451Z remote: Compressing objects:  32% (250/780)        
2026-10-05T18:26:41.8025949Z remote: Compressing objects:  33% (258/780)        
2026-10-05T18:26:41.8026456Z remote: Compressing objects:  34% (266/780)        
2026-10-05T18:26:41.8026971Z remote: Compressing objects:  35% (273/780)        
2026-10-05T18:26:41.8027489Z remote: Compressing objects:  36% (281/780)        
2026-10-05T18:26:41.8028602Z remote: Compressing objects:  37% (289/780)        
2026-10-05T18:26:41.8029812Z remote: Compressing objects:  38% (297/780)        
2026-10-05T18:26:41.8030778Z remote: Compressing objects:  39% (305/780)        
2026-10-05T18:26:41.8031731Z remote: Compressing objects:  40% (312/780)        
2026-10-05T18:26:41.8032489Z remote: Compressing objects:  41% (320/780)        
2026-10-05T18:26:41.8033010Z remote: Compressing objects:  42% (328/780)        
2026-10-05T18:26:41.8033498Z remote: Compressing objects:  43% (336/780)        
2026-10-05T18:26:41.8033972Z remote: Compressing objects:  44% (344/780)        
2026-10-05T18:26:41.8034427Z remote: Compressing objects:  45% (351/780)        
2026-10-05T18:26:41.8034881Z remote: Compressing objects:  46% (359/780)        
2026-10-05T18:26:41.8035332Z remote: Compressing objects:  47% (367/780)        
2026-10-05T18:26:41.8035777Z remote: Compressing objects:  48% (375/780)        
2026-10-05T18:26:41.8036487Z remote: Compressing objects:  49% (383/780)        
2026-10-05T18:26:41.8036951Z remote: Compressing objects:  50% (390/780)        
2026-10-05T18:26:41.8037399Z remote: Compressing objects:  51% (398/780)        
2026-10-05T18:26:41.8037846Z remote: Compressing objects:  52% (406/780)        
2026-10-05T18:26:41.8038290Z remote: Compressing objects:  53% (414/780)        
2026-10-05T18:26:41.8038734Z remote: Compressing objects:  54% (422/780)        
2026-10-05T18:26:41.8039482Z remote: Compressing objects:  55% (429/780)        
2026-10-05T18:26:41.8039934Z remote: Compressing objects:  56% (437/780)        
2026-10-05T18:26:41.8040377Z remote: Compressing objects:  57% (445/780)        
2026-10-05T18:26:41.8040819Z remote: Compressing objects:  58% (453/780)        
2026-10-05T18:26:41.8041270Z remote: Compressing objects:  59% (461/780)        
2026-10-05T18:26:41.8041713Z remote: Compressing objects:  60% (468/780)        
2026-10-05T18:26:41.8042167Z remote: Compressing objects:  61% (476/780)        
2026-10-05T18:26:41.8042611Z remote: Compressing objects:  62% (484/780)        
2026-10-05T18:26:41.8043246Z remote: Compressing objects:  63% (492/780)        
2026-10-05T18:26:41.8043638Z remote: Compressing objects:  64% (500/780)        
2026-10-05T18:26:41.8043963Z remote: Compressing objects:  65% (507/780)        
2026-10-05T18:26:41.8044287Z remote: Compressing objects:  66% (515/780)        
2026-10-05T18:26:41.8044608Z remote: Compressing objects:  67% (523/780)        
2026-10-05T18:26:41.8044938Z remote: Compressing objects:  68% (531/780)        
2026-10-05T18:26:41.8045262Z remote: Compressing objects:  69% (539/780)        
2026-10-05T18:26:41.8045595Z remote: Compressing objects:  70% (546/780)        
2026-10-05T18:26:41.8045926Z remote: Compressing objects:  71% (554/780)        
2026-10-05T18:26:41.8046250Z remote: Compressing objects:  72% (562/780)        
2026-10-05T18:26:41.8046572Z remote: Compressing objects:  73% (570/780)        
2026-10-05T18:26:41.8046905Z remote: Compressing objects:  74% (578/780)        
2026-10-05T18:26:41.8047237Z remote: Compressing objects:  75% (585/780)        
2026-10-05T18:26:41.8047566Z remote: Compressing objects:  76% (593/780)        
2026-10-05T18:26:41.8047900Z remote: Compressing objects:  77% (601/780)        
2026-10-05T18:26:41.8048230Z remote: Compressing objects:  78% (609/780)        
2026-10-05T18:26:41.8052094Z remote: Compressing objects:  79% (617/780)        
2026-10-05T18:26:41.8052577Z remote: Compressing objects:  80% (624/780)        
2026-10-05T18:26:41.8052940Z remote: Compressing objects:  81% (632/780)        
2026-10-05T18:26:41.8053285Z remote: Compressing objects:  82% (640/780)        
2026-10-05T18:26:41.8053603Z remote: Compressing objects:  83% (648/780)        
2026-10-05T18:26:41.8053918Z remote: Compressing objects:  84% (656/780)        
2026-10-05T18:26:41.8054249Z remote: Compressing objects:  85% (663/780)        
2026-10-05T18:26:41.8054578Z remote: Compressing objects:  86% (671/780)        
2026-10-05T18:26:41.8054890Z remote: Compressing objects:  87% (679/780)        
2026-10-05T18:26:41.8055209Z remote: Compressing objects:  88% (687/780)        
2026-10-05T18:26:41.8055524Z remote: Compressing objects:  89% (695/780)        
2026-10-05T18:26:41.8055835Z remote: Compressing objects:  90% (702/780)        
2026-10-05T18:26:41.8056143Z remote: Compressing objects:  91% (710/780)        
2026-10-05T18:26:41.8056448Z remote: Compressing objects:  92% (718/780)        
2026-10-05T18:26:41.8056756Z remote: Compressing objects:  93% (726/780)        
2026-10-05T18:26:41.8057073Z remote: Compressing objects:  94% (734/780)        
2026-10-05T18:26:41.8057387Z remote: Compressing objects:  95% (741/780)        
2026-10-05T18:26:41.8057702Z remote: Compressing objects:  96% (749/780)        
2026-10-05T18:26:41.8058011Z remote: Compressing objects:  97% (757/780)        
2026-10-05T18:26:41.8058319Z remote: Compressing objects:  98% (765/780)        
2026-10-05T18:26:41.8058990Z remote: Compressing objects:  99% (773/780)        
2026-10-05T18:26:41.8059645Z remote: Compressing objects: 100% (780/780)        
2026-10-05T18:26:41.8060002Z remote: Compressing objects: 100% (780/780), done.        
2026-10-05T18:26:41.8088054Z Receiving objects:   0% (1/1365)
2026-10-05T18:26:41.8089404Z Receiving objects:   1% (14/1365)
2026-10-05T18:26:41.8090433Z Receiving objects:   2% (28/1365)
2026-10-05T18:26:41.8091847Z Receiving objects:   3% (41/1365)
2026-10-05T18:26:41.8095216Z Receiving objects:   4% (55/1365)
2026-10-05T18:26:41.8096084Z Receiving objects:   5% (69/1365)
2026-10-05T18:26:41.8098034Z Receiving objects:   6% (82/1365)
2026-10-05T18:26:41.8099397Z Receiving objects:   7% (96/1365)
2026-10-05T18:26:41.8100399Z Receiving objects:   8% (110/1365)
2026-10-05T18:26:41.8101570Z Receiving objects:   9% (123/1365)
2026-10-05T18:26:41.8102621Z Receiving objects:  10% (137/1365)
2026-10-05T18:26:41.8103543Z Receiving objects:  11% (151/1365)
2026-10-05T18:26:41.8104521Z Receiving objects:  12% (164/1365)
2026-10-05T18:26:41.8105933Z Receiving objects:  13% (178/1365)
2026-10-05T18:26:41.8107044Z Receiving objects:  14% (192/1365)
2026-10-05T18:26:41.8108269Z Receiving objects:  15% (205/1365)
2026-10-05T18:26:41.8109274Z Receiving objects:  16% (219/1365)
2026-10-05T18:26:41.8117884Z Receiving objects:  17% (233/1365)
2026-10-05T18:26:41.8118285Z Receiving objects:  18% (246/1365)
2026-10-05T18:26:41.8118559Z Receiving objects:  19% (260/1365)
2026-10-05T18:26:41.8118853Z Receiving objects:  20% (273/1365)
2026-10-05T18:26:41.8119362Z Receiving objects:  21% (287/1365)
2026-10-05T18:26:41.8119649Z Receiving objects:  22% (301/1365)
2026-10-05T18:26:41.8119923Z Receiving objects:  23% (314/1365)
2026-10-05T18:26:41.8120197Z Receiving objects:  24% (328/1365)
2026-10-05T18:26:41.8120471Z Receiving objects:  25% (342/1365)
2026-10-05T18:26:41.8120747Z Receiving objects:  26% (355/1365)
2026-10-05T18:26:41.8121031Z Receiving objects:  27% (369/1365)
2026-10-05T18:26:41.8138752Z Receiving objects:  28% (383/1365)
2026-10-05T18:26:41.8139506Z Receiving objects:  29% (396/1365)
2026-10-05T18:26:41.8140109Z Receiving objects:  30% (410/1365)
2026-10-05T18:26:41.8140686Z Receiving objects:  31% (424/1365)
2026-10-05T18:26:41.8141233Z Receiving objects:  32% (437/1365)
2026-10-05T18:26:41.8141702Z Receiving objects:  33% (451/1365)
2026-10-05T18:26:41.8144324Z Receiving objects:  34% (465/1365)
2026-10-05T18:26:41.8163875Z Receiving objects:  35% (478/1365)
2026-10-05T18:26:41.8164450Z Receiving objects:  36% (492/1365)
2026-10-05T18:26:41.8164968Z Receiving objects:  37% (506/1365)
2026-10-05T18:26:41.8186472Z Receiving objects:  38% (519/1365)
2026-10-05T18:26:41.8204700Z Receiving objects:  39% (533/1365)
2026-10-05T18:26:41.8252146Z Receiving objects:  40% (546/1365)
2026-10-05T18:26:41.8254341Z Receiving objects:  41% (560/1365)
2026-10-05T18:26:41.8267013Z Receiving objects:  42% (574/1365)
2026-10-05T18:26:41.8312275Z Receiving objects:  43% (587/1365)
2026-10-05T18:26:41.8312887Z Receiving objects:  44% (601/1365)
2026-10-05T18:26:41.8320715Z Receiving objects:  45% (615/1365)
2026-10-05T18:26:41.8331495Z Receiving objects:  46% (628/1365)
2026-10-05T18:26:41.8333511Z Receiving objects:  47% (642/1365)
2026-10-05T18:26:41.8334071Z Receiving objects:  48% (656/1365)
2026-10-05T18:26:41.8334501Z Receiving objects:  49% (669/1365)
2026-10-05T18:26:41.8334951Z Receiving objects:  50% (683/1365)
2026-10-05T18:26:41.8335380Z Receiving objects:  51% (697/1365)
2026-10-05T18:26:41.8339472Z Receiving objects:  52% (710/1365)
2026-10-05T18:26:41.8342225Z Receiving objects:  53% (724/1365)
2026-10-05T18:26:41.8343307Z Receiving objects:  54% (738/1365)
2026-10-05T18:26:41.8388173Z Receiving objects:  55% (751/1365)
2026-10-05T18:26:41.8392411Z Receiving objects:  56% (765/1365)
2026-10-05T18:26:41.8398528Z Receiving objects:  57% (779/1365)
2026-10-05T18:26:41.8410020Z Receiving objects:  58% (792/1365)
2026-10-05T18:26:41.8412506Z Receiving objects:  59% (806/1365)
2026-10-05T18:26:41.8502285Z Receiving objects:  60% (819/1365)
2026-10-05T18:26:41.8508595Z Receiving objects:  61% (833/1365)
2026-10-05T18:26:41.8531867Z Receiving objects:  62% (847/1365)
2026-10-05T18:26:41.8575468Z Receiving objects:  63% (860/1365)
2026-10-05T18:26:41.8643380Z Receiving objects:  64% (874/1365)
2026-10-05T18:26:41.8644469Z Receiving objects:  65% (888/1365)
2026-10-05T18:26:41.8645969Z Receiving objects:  66% (901/1365)
2026-10-05T18:26:41.8647205Z Receiving objects:  67% (915/1365)
2026-10-05T18:26:41.8647917Z Receiving objects:  68% (929/1365)
2026-10-05T18:26:41.8648565Z Receiving objects:  69% (942/1365)
2026-10-05T18:26:41.8652152Z Receiving objects:  70% (956/1365)
2026-10-05T18:26:41.8652557Z Receiving objects:  71% (970/1365)
2026-10-05T18:26:41.8652949Z Receiving objects:  72% (983/1365)
2026-10-05T18:26:41.8653345Z Receiving objects:  73% (997/1365)
2026-10-05T18:26:41.8661010Z Receiving objects:  74% (1011/1365)
2026-10-05T18:26:41.8661484Z Receiving objects:  75% (1024/1365)
2026-10-05T18:26:41.8661818Z Receiving objects:  76% (1038/1365)
2026-10-05T18:26:41.8662129Z Receiving objects:  77% (1052/1365)
2026-10-05T18:26:41.8662431Z Receiving objects:  78% (1065/1365)
2026-10-05T18:26:41.8663109Z Receiving objects:  79% (1079/1365)
2026-10-05T18:26:41.8663432Z Receiving objects:  80% (1092/1365)
2026-10-05T18:26:41.8664353Z Receiving objects:  81% (1106/1365)
2026-10-05T18:26:41.8664873Z Receiving objects:  82% (1120/1365)
2026-10-05T18:26:41.8665699Z Receiving objects:  83% (1133/1365)
2026-10-05T18:26:41.8667209Z Receiving objects:  84% (1147/1365)
2026-10-05T18:26:41.8681635Z Receiving objects:  85% (1161/1365)
2026-10-05T18:26:41.8682205Z Receiving objects:  86% (1174/1365)
2026-10-05T18:26:41.8683846Z Receiving objects:  87% (1188/1365)
2026-10-05T18:26:41.8695684Z Receiving objects:  88% (1202/1365)
2026-10-05T18:26:41.8696759Z Receiving objects:  89% (1215/1365)
2026-10-05T18:26:41.8697867Z Receiving objects:  90% (1229/1365)
2026-10-05T18:26:41.8698796Z Receiving objects:  91% (1243/1365)
2026-10-05T18:26:41.9094835Z Receiving objects:  92% (1256/1365)
2026-10-05T18:26:41.9095520Z remote: Total 1365 (delta 651), reused 904 (delta 389), pack-reused 0 (from 0)        
2026-10-05T18:26:41.9097292Z Receiving objects:  93% (1270/1365)
2026-10-05T18:26:41.9098665Z Receiving objects:  94% (1284/1365)
2026-10-05T18:26:41.9119795Z Receiving objects:  95% (1297/1365)
2026-10-05T18:26:41.9120706Z Receiving objects:  96% (1311/1365)
2026-10-05T18:26:41.9129414Z Receiving objects:  97% (1325/1365)
2026-10-05T18:26:41.9130132Z Receiving objects:  98% (1338/1365)
2026-10-05T18:26:41.9130772Z Receiving objects:  99% (1352/1365)
2026-10-05T18:26:41.9131408Z Receiving objects: 100% (1365/1365)
2026-10-05T18:26:41.9132140Z Receiving objects: 100% (1365/1365), 748.48 KiB | 7.20 MiB/s, done.
2026-10-05T18:26:41.9132936Z Resolving deltas:   0% (0/651)
2026-10-05T18:26:41.9133515Z Resolving deltas:   1% (7/651)
2026-10-05T18:26:41.9134080Z Resolving deltas:   2% (14/651)
2026-10-05T18:26:41.9134634Z Resolving deltas:   3% (20/651)
2026-10-05T18:26:41.9135205Z Resolving deltas:   4% (27/651)
2026-10-05T18:26:41.9135801Z Resolving deltas:   5% (33/651)
2026-10-05T18:26:41.9136378Z Resolving deltas:   6% (40/651)
2026-10-05T18:26:41.9138771Z Resolving deltas:   7% (46/651)
2026-10-05T18:26:41.9139672Z Resolving deltas:   8% (53/651)
2026-10-05T18:26:41.9140429Z Resolving deltas:   9% (59/651)
2026-10-05T18:26:41.9141116Z Resolving deltas:  10% (67/651)
2026-10-05T18:26:41.9141796Z Resolving deltas:  11% (72/651)
2026-10-05T18:26:41.9142241Z Resolving deltas:  12% (79/651)
2026-10-05T18:26:41.9142646Z Resolving deltas:  13% (85/651)
2026-10-05T18:26:41.9143046Z Resolving deltas:  14% (92/651)
2026-10-05T18:26:41.9143445Z Resolving deltas:  15% (98/651)
2026-10-05T18:26:41.9143848Z Resolving deltas:  16% (105/651)
2026-10-05T18:26:41.9144267Z Resolving deltas:  17% (111/651)
2026-10-05T18:26:41.9144699Z Resolving deltas:  18% (118/651)
2026-10-05T18:26:41.9145126Z Resolving deltas:  19% (124/651)
2026-10-05T18:26:41.9145845Z Resolving deltas:  20% (131/651)
2026-10-05T18:26:41.9146256Z Resolving deltas:  21% (137/651)
2026-10-05T18:26:41.9146667Z Resolving deltas:  22% (144/651)
2026-10-05T18:26:41.9148468Z Resolving deltas:  23% (150/651)
2026-10-05T18:26:41.9149003Z Resolving deltas:  24% (157/651)
2026-10-05T18:26:41.9149671Z Resolving deltas:  25% (163/651)
2026-10-05T18:26:41.9150083Z Resolving deltas:  26% (170/651)
2026-10-05T18:26:41.9150490Z Resolving deltas:  27% (176/651)
2026-10-05T18:26:41.9150895Z Resolving deltas:  28% (183/651)
2026-10-05T18:26:41.9151314Z Resolving deltas:  29% (189/651)
2026-10-05T18:26:41.9151723Z Resolving deltas:  30% (196/651)
2026-10-05T18:26:41.9152126Z Resolving deltas:  31% (202/651)
2026-10-05T18:26:41.9152536Z Resolving deltas:  32% (209/651)
2026-10-05T18:26:41.9152951Z Resolving deltas:  33% (215/651)
2026-10-05T18:26:41.9167570Z Resolving deltas:  34% (222/651)
2026-10-05T18:26:41.9169388Z Resolving deltas:  35% (228/651)
2026-10-05T18:26:41.9170712Z Resolving deltas:  36% (235/651)
2026-10-05T18:26:41.9172625Z Resolving deltas:  37% (241/651)
2026-10-05T18:26:41.9173337Z Resolving deltas:  38% (248/651)
2026-10-05T18:26:41.9174121Z Resolving deltas:  39% (254/651)
2026-10-05T18:26:41.9174614Z Resolving deltas:  40% (261/651)
2026-10-05T18:26:41.9175070Z Resolving deltas:  41% (267/651)
2026-10-05T18:26:41.9175507Z Resolving deltas:  42% (274/651)
2026-10-05T18:26:41.9175961Z Resolving deltas:  43% (280/651)
2026-10-05T18:26:41.9176398Z Resolving deltas:  44% (287/651)
2026-10-05T18:26:41.9176835Z Resolving deltas:  45% (293/651)
2026-10-05T18:26:41.9177272Z Resolving deltas:  46% (300/651)
2026-10-05T18:26:41.9177701Z Resolving deltas:  47% (306/651)
2026-10-05T18:26:41.9178114Z Resolving deltas:  48% (313/651)
2026-10-05T18:26:41.9178541Z Resolving deltas:  49% (319/651)
2026-10-05T18:26:41.9178957Z Resolving deltas:  50% (326/651)
2026-10-05T18:26:41.9179618Z Resolving deltas:  51% (333/651)
2026-10-05T18:26:41.9180044Z Resolving deltas:  52% (339/651)
2026-10-05T18:26:41.9180485Z Resolving deltas:  53% (346/651)
2026-10-05T18:26:41.9180904Z Resolving deltas:  54% (352/651)
2026-10-05T18:26:41.9181338Z Resolving deltas:  55% (359/651)
2026-10-05T18:26:41.9181783Z Resolving deltas:  56% (365/651)
2026-10-05T18:26:41.9182203Z Resolving deltas:  57% (372/651)
2026-10-05T18:26:41.9190525Z Resolving deltas:  58% (378/651)
2026-10-05T18:26:41.9193332Z Resolving deltas:  59% (385/651)
2026-10-05T18:26:41.9193944Z Resolving deltas:  60% (391/651)
2026-10-05T18:26:41.9201061Z Resolving deltas:  61% (398/651)
2026-10-05T18:26:41.9201549Z Resolving deltas:  62% (404/651)
2026-10-05T18:26:41.9201990Z Resolving deltas:  63% (411/651)
2026-10-05T18:26:41.9202425Z Resolving deltas:  64% (417/651)
2026-10-05T18:26:41.9202871Z Resolving deltas:  65% (424/651)
2026-10-05T18:26:41.9203313Z Resolving deltas:  66% (430/651)
2026-10-05T18:26:41.9203730Z Resolving deltas:  67% (437/651)
2026-10-05T18:26:41.9204167Z Resolving deltas:  68% (443/651)
2026-10-05T18:26:41.9204630Z Resolving deltas:  69% (450/651)
2026-10-05T18:26:41.9205069Z Resolving deltas:  70% (456/651)
2026-10-05T18:26:41.9205480Z Resolving deltas:  71% (463/651)
2026-10-05T18:26:41.9205896Z Resolving deltas:  72% (469/651)
2026-10-05T18:26:41.9206334Z Resolving deltas:  73% (476/651)
2026-10-05T18:26:41.9206736Z Resolving deltas:  74% (482/651)
2026-10-05T18:26:41.9207142Z Resolving deltas:  75% (489/651)
2026-10-05T18:26:41.9207559Z Resolving deltas:  76% (495/651)
2026-10-05T18:26:41.9207972Z Resolving deltas:  77% (502/651)
2026-10-05T18:26:41.9208396Z Resolving deltas:  78% (508/651)
2026-10-05T18:26:41.9208808Z Resolving deltas:  79% (515/651)
2026-10-05T18:26:41.9209447Z Resolving deltas:  80% (521/651)
2026-10-05T18:26:41.9209739Z Resolving deltas:  81% (528/651)
2026-10-05T18:26:41.9209976Z Resolving deltas:  82% (534/651)
2026-10-05T18:26:41.9210218Z Resolving deltas:  83% (541/651)
2026-10-05T18:26:41.9210450Z Resolving deltas:  84% (547/651)
2026-10-05T18:26:41.9210684Z Resolving deltas:  85% (554/651)
2026-10-05T18:26:41.9211173Z Resolving deltas:  86% (560/651)
2026-10-05T18:26:41.9211405Z Resolving deltas:  87% (567/651)
2026-10-05T18:26:41.9211641Z Resolving deltas:  88% (573/651)
2026-10-05T18:26:41.9212072Z Resolving deltas:  89% (580/651)
2026-10-05T18:26:41.9212366Z Resolving deltas:  90% (586/651)
2026-10-05T18:26:41.9212596Z Resolving deltas:  91% (593/651)
2026-10-05T18:26:41.9212844Z Resolving deltas:  92% (599/651)
2026-10-05T18:26:41.9213231Z Resolving deltas:  93% (606/651)
2026-10-05T18:26:41.9213742Z Resolving deltas:  94% (612/651)
2026-10-05T18:26:41.9226776Z Resolving deltas:  95% (619/651)
2026-10-05T18:26:41.9227063Z Resolving deltas:  96% (625/651)
2026-10-05T18:26:41.9227315Z Resolving deltas:  97% (632/651)
2026-10-05T18:26:41.9227562Z Resolving deltas:  98% (638/651)
2026-10-05T18:26:41.9227799Z Resolving deltas:  99% (645/651)
2026-10-05T18:26:41.9228028Z Resolving deltas: 100% (651/651)
2026-10-05T18:26:41.9228422Z Resolving deltas: 100% (651/651), done.
2026-10-05T18:26:41.9311948Z From https://github.com/openjdk/jtreg
2026-10-05T18:26:41.9312437Z  * [new tag]         jtreg-7.2+1 -> jtreg-7.2+1
2026-10-05T18:26:41.9319897Z ##[endgroup]
2026-10-05T18:26:41.9320990Z ##[group]Determining the checkout info
2026-10-05T18:26:41.9328107Z [command]/usr/bin/git branch --list --remote origin/jtreg-7.2+1
2026-10-05T18:26:41.9366079Z [command]/usr/bin/git tag --list jtreg-7.2+1
2026-10-05T18:26:41.9394210Z jtreg-7.2+1
2026-10-05T18:26:41.9398899Z ##[endgroup]
2026-10-05T18:26:41.9399845Z ##[group]Checking out the ref
2026-10-05T18:26:41.9409519Z [command]/usr/bin/git checkout --progress --force refs/tags/jtreg-7.2+1
2026-10-05T18:26:42.0098536Z Note: switching to 'refs/tags/jtreg-7.2+1'.
2026-10-05T18:26:42.0099441Z 
2026-10-05T18:26:42.0099957Z You are in 'detached HEAD' state. You can look around, make experimental
2026-10-05T18:26:42.0100871Z changes and commit them, and you can discard any commits you make in this
2026-10-05T18:26:42.0101647Z state without impacting any branches by switching back to a branch.
2026-10-05T18:26:42.0102127Z 
2026-10-05T18:26:42.0102434Z If you want to create a new branch to retain commits you create, you may
2026-10-05T18:26:42.0103324Z do so (now or later) by using -c with the switch command. Example:
2026-10-05T18:26:42.0103993Z 
2026-10-05T18:26:42.0104210Z   git switch -c <new-branch-name>
2026-10-05T18:26:42.0104622Z 
2026-10-05T18:26:42.0104864Z Or undo this operation with:
2026-10-05T18:26:42.0105346Z 
2026-10-05T18:26:42.0105566Z   git switch -
2026-10-05T18:26:42.0105855Z 
2026-10-05T18:26:42.0106371Z Turn off this advice by setting config variable advice.detachedHead to false
2026-10-05T18:26:42.0107200Z 
2026-10-05T18:26:42.0107844Z HEAD is now at 5b9e661 7903373: Add ability to customize test execution using main wrapper plugin
2026-10-05T18:26:42.0110247Z ##[endgroup]
2026-10-05T18:26:42.0151153Z [command]/usr/bin/git log -1 --format='%H'
2026-10-05T18:26:42.0178227Z '5b9e661eb6ee9dd9a9d2690986bbf9ce303a8f03'
2026-10-05T18:26:42.0277679Z ##[end-action id=jtreg.__actions_checkout;outcome=success;conclusion=success;duration_ms=1152]
2026-10-05T18:26:42.0281419Z ##[start-action display=Build JTReg;id=jtreg.__run]
2026-10-05T18:26:42.0305452Z ##[group]Run # Build JTReg and move files to the proper locations
2026-10-05T18:26:42.0305956Z [36;1m# Build JTReg and move files to the proper locations[0m
2026-10-05T18:26:42.0306396Z [36;1mbash make/build.sh --jdk "$JAVA_HOME_17_X64"[0m
2026-10-05T18:26:42.0306743Z [36;1mmkdir ../installed[0m
2026-10-05T18:26:42.0307025Z [36;1mmv build/images/jtreg/* ../installed[0m
2026-10-05T18:26:42.0380407Z shell: /usr/bin/bash --noprofile --norc -e -o pipefail {0}
2026-10-05T18:26:42.0380892Z ##[endgroup]
2026-10-05T18:26:42.0595052Z [build.sh][INFO] CYGWIN_OR_MSYS=0
2026-10-05T18:26:42.9675313Z [build.sh][INFO] JAVA_HOME: /usr/lib/jvm/temurin-17-jdk-amd64
2026-10-05T18:26:42.9707046Z [build.sh][INFO] Downloading https://archive.apache.org/dist/ant/binaries/apache-ant-1.10.8-bin.zip to /home/runner/work/M3jdk21/M3jdk21/jtreg/src/make/../build/deps/apache-ant-1.10.8-bin.zip
2026-10-05T18:27:46.4304385Z [build.sh][INFO] Unpacking /home/runner/work/M3jdk21/M3jdk21/jtreg/src/make/../build/deps/apache-ant-1.10.8-bin.zip in /home/runner/work/M3jdk21/M3jdk21/jtreg/src/make/../build/deps/ant
2026-10-05T18:27:46.8157777Z [build.sh][INFO] ANT: /home/runner/work/M3jdk21/M3jdk21/jtreg/src/make/../build/deps/ant/apache-ant-1.10.8/bin/ant
2026-10-05T18:27:46.8159832Z [build.sh][INFO] None of JTHARNESS_JAVATEST_JAR, JTHARNESS_ARCHIVE_URL or JTHARNESS_ARCHIVE_URL_BASE are set; building from source
2026-10-05T18:27:46.8259818Z [build.sh][INFO] CYGWIN_OR_MSYS=0
2026-10-05T18:27:46.8263369Z [build.sh][INFO] ANT: /home/runner/work/M3jdk21/M3jdk21/jtreg/src/make/../build/deps/ant/apache-ant-1.10.8/bin/ant
2026-10-05T18:27:46.8284407Z [build.sh][INFO] Downloading https://git.openjdk.java.net/jtharness/archive/jt6.0-b24.zip to /home/runner/work/M3jdk21/M3jdk21/jtreg/src/make/../build/deps/jtharness/src/../source.zip
2026-10-05T18:27:48.0041259Z [build.sh][INFO] Unpacking /home/runner/work/M3jdk21/M3jdk21/jtreg/src/make/../build/deps/jtharness/src/../source.zip in /home/runner/work/M3jdk21/M3jdk21/jtreg/src/make/../build/deps/jtharness/src
2026-10-05T18:27:48.8677082Z Buildfile: /home/runner/work/M3jdk21/M3jdk21/jtreg/src/build/deps/jtharness/src/jtharness-jt6.0-b24/build/build.xml
2026-10-05T18:27:49.8079877Z 
2026-10-05T18:27:49.8080487Z verify-servlet-api:
2026-10-05T18:27:50.8917330Z 
2026-10-05T18:27:50.8917867Z compile-servlet-warning:
2026-10-05T18:27:50.9061296Z      [echo] Servlet classes will not be compiled (specify servletjar dependency in the 'local.properties' file)
2026-10-05T18:27:51.9875247Z 
2026-10-05T18:27:51.9876080Z compare-servlet-checksum:
2026-10-05T18:27:51.9876983Z 
2026-10-05T18:27:51.9877696Z checksum-servlet-warning:
2026-10-05T18:27:51.9878257Z 
2026-10-05T18:27:51.9878627Z verify-serial:
2026-10-05T18:27:53.0469864Z 
2026-10-05T18:27:53.0470877Z compile-serial-warning:
2026-10-05T18:27:53.0474228Z      [echo] Serial Agent classes will not be compiled (specify jcommjar dependency in the 'local.properties' file)
2026-10-05T18:27:53.1210233Z 
2026-10-05T18:27:53.1225634Z compare-serial-checksum:
2026-10-05T18:27:53.1229698Z 
2026-10-05T18:27:53.1249921Z checksum-serial-warning:
2026-10-05T18:27:53.1259525Z 
2026-10-05T18:27:53.1289673Z verify-junit:
2026-10-05T18:27:54.1927890Z 
2026-10-05T18:27:54.1928651Z compile-junit-warning:
2026-10-05T18:27:54.1932096Z      [echo] JUnit support classes will not be compiled (specify asmjar, asmcommonsjar and junitlib dependencies in the 'local.properties' file)
2026-10-05T18:27:54.2629528Z 
2026-10-05T18:27:54.2630778Z compare-asm-checksum:
2026-10-05T18:27:54.2631631Z 
2026-10-05T18:27:54.2660049Z checksum-asm-warning:
2026-10-05T18:27:54.3264801Z 
2026-10-05T18:27:54.3265545Z compare-asm-commons-checksum:
2026-10-05T18:27:54.3266152Z 
2026-10-05T18:27:54.3310077Z checksum-asm-commons-warning:
2026-10-05T18:27:54.3904584Z 
2026-10-05T18:27:54.3905251Z compare-junitlib-checksum:
2026-10-05T18:27:54.3906109Z 
2026-10-05T18:27:54.3906575Z checksum-junitlib-warning:
2026-10-05T18:27:54.3906908Z 
2026-10-05T18:27:54.3907064Z verify-dependencies:
2026-10-05T18:27:54.3907324Z 
2026-10-05T18:27:54.3907493Z compile.classes:
2026-10-05T18:27:54.3909954Z      [echo] =================================================================
2026-10-05T18:27:54.3912235Z      [echo] jdk.builder.home set to /usr/lib/jvm/temurin-17-jdk-amd64
2026-10-05T18:27:54.3914090Z      [echo] =================================================================
2026-10-05T18:27:54.3916255Z      [echo] Using ant.version=Apache Ant(TM) version 1.10.12 compiled on January 17 1970
2026-10-05T18:27:54.3917936Z      [echo] Using ant.home=/usr/share/ant
2026-10-05T18:27:54.3920186Z      [echo] Using ant.java.version=17
2026-10-05T18:27:54.3922195Z      [echo] Using java.home=/usr/lib/jvm/temurin-17-jdk-amd64
2026-10-05T18:27:54.3924029Z      [echo] =================================================================
2026-10-05T18:27:54.4670785Z     [mkdir] Created dir: /home/runner/work/M3jdk21/M3jdk21/jtreg/src/build/deps/jtharness/build/classes
2026-10-05T18:27:54.4717127Z     [javac] /home/runner/work/M3jdk21/M3jdk21/jtreg/src/build/deps/jtharness/src/jtharness-jt6.0-b24/build/build.xml:353: warning: 'includeantruntime' was not set, defaulting to build.sysclasspath=last; set to false for repeatable builds
2026-10-05T18:27:54.6351163Z     [javac] Compiling 606 source files to /home/runner/work/M3jdk21/M3jdk21/jtreg/src/build/deps/jtharness/build/classes
2026-10-05T18:27:55.2170647Z     [javac] javac 17.0.20.1
2026-10-05T18:27:55.2171670Z     [javac] warning: [options] bootstrap class path not set in conjunction with -source 8
2026-10-05T18:27:57.1215381Z     [javac] /home/runner/work/M3jdk21/M3jdk21/jtreg/src/build/deps/jtharness/src/jtharness-jt6.0-b24/src/com/sun/interview/Interview.java:33: warning: [removal] AccessController in java.security has been deprecated and marked for removal
2026-10-05T18:27:57.1217791Z     [javac] import java.security.AccessController;
2026-10-05T18:27:57.1223188Z     [javac]                     ^
2026-10-05T18:27:57.1225609Z     [javac] /home/runner/work/M3jdk21/M3jdk21/jtreg/src/build/deps/jtharness/src/jtharness-jt6.0-b24/src/com/sun/javatest/util/I18NResourceBundle.java:31: warning: [removal] AccessController in java.security has been deprecated and marked for removal
2026-10-05T18:27:57.1227742Z     [javac] import java.security.AccessController;
2026-10-05T18:27:57.1228352Z     [javac]                     ^
2026-10-05T18:27:57.6239411Z     [javac] /home/runner/work/M3jdk21/M3jdk21/jtreg/src/build/deps/jtharness/src/jtharness-jt6.0-b24/src/com/sun/javatest/ResourceLoader.java:36: warning: [removal] AccessController in java.security has been deprecated and marked for removal
2026-10-05T18:27:57.6242422Z     [javac] import java.security.AccessController;
2026-10-05T18:27:57.6243453Z     [javac]                     ^
2026-10-05T18:27:57.6245788Z     [javac] /home/runner/work/M3jdk21/M3jdk21/jtreg/src/build/deps/jtharness/src/jtharness-jt6.0-b24/src/com/sun/javatest/agent/AgentApplet.java:33: warning: [removal] Applet in java.applet has been deprecated and marked for removal
2026-10-05T18:27:57.6248052Z     [javac] import java.applet.Applet;
2026-10-05T18:27:57.6248636Z     [javac]                   ^
2026-10-05T18:27:57.6251098Z     [javac] /home/runner/work/M3jdk21/M3jdk21/jtreg/src/build/deps/jtharness/src/jtharness-jt6.0-b24/src/com/sun/javatest/agent/AgentApplet.java:34: warning: [removal] AppletContext in java.applet has been deprecated and marked for removal
2026-10-05T18:27:57.6253260Z     [javac] import java.applet.AppletContext;
2026-10-05T18:27:57.6253805Z     [javac]                   ^
2026-10-05T18:27:58.1259534Z     [javac] /home/runner/work/M3jdk21/M3jdk21/jtreg/src/build/deps/jtharness/src/jtharness-jt6.0-b24/src/com/sun/javatest/util/MainAppletContext.java:29: warning: [removal] Applet in java.applet has been deprecated and marked for removal
2026-10-05T18:27:58.1280237Z     [javac] import java.applet.Applet;
2026-10-05T18:27:58.1300233Z     [javac]                   ^
2026-10-05T18:27:58.1302594Z     [javac] /home/runner/work/M3jdk21/M3jdk21/jtreg/src/build/deps/jtharness/src/jtharness-jt6.0-b24/src/com/sun/javatest/util/MainAppletContext.java:30: warning: [removal] AppletContext in java.applet has been deprecated and marked for removal
2026-10-05T18:27:58.1307002Z     [javac] import java.applet.AppletContext;
2026-10-05T18:27:58.1314600Z     [javac]                   ^
2026-10-05T18:27:59.1295155Z     [javac] /home/runner/work/M3jdk21/M3jdk21/jtreg/src/build/deps/jtharness/src/jtharness-jt6.0-b24/src/com/sun/interview/Interview.java:464: warning: [removal] AccessController in java.security has been deprecated and marked for removal
2026-10-05T18:27:59.1320104Z     [javac]             bundle = AccessController.doPrivileged(
2026-10-05T18:27:59.1349782Z     [javac]                      ^
2026-10-05T18:27:59.1360891Z     [javac] /home/runner/work/M3jdk21/M3jdk21/jtreg/src/build/deps/jtharness/src/jtharness-jt6.0-b24/src/com/sun/interview/Interview.java:521: warning: [removal] AccessController in java.security has been deprecated and marked for removal
2026-10-05T18:27:59.1368424Z     [javac]             bundle = AccessController.doPrivileged(
2026-10-05T18:27:59.1371525Z     [javac]                      ^
2026-10-05T18:27:59.3340892Z     [javac] /home/runner/work/M3jdk21/M3jdk21/jtreg/src/build/deps/jtharness/src/jtharness-jt6.0-b24/src/com/sun/javatest/util/I18NResourceBundle.java:137: warning: [removal] AccessController in java.security has been deprecated and marked for removal
2026-10-05T18:27:59.3347013Z     [javac]                 delegate = AccessController.doPrivileged(
2026-10-05T18:27:59.3360248Z     [javac]                            ^
2026-10-05T18:27:59.3362721Z     [javac] /home/runner/work/M3jdk21/M3jdk21/jtreg/src/build/deps/jtharness/src/jtharness-jt6.0-b24/src/com/sun/javatest/util/I18NResourceBundle.java:142: warning: [removal] AccessController in java.security has been deprecated and marked for removal
2026-10-05T18:27:59.3365562Z     [javac]             ResourceBundle bundle = AccessController.doPrivileged(
2026-10-05T18:27:59.3366605Z     [javac]                                     ^
2026-10-05T18:27:59.3369612Z     [javac] /home/runner/work/M3jdk21/M3jdk21/jtreg/src/build/deps/jtharness/src/jtharness-jt6.0-b24/src/com/sun/javatest/util/I18NResourceBundle.java:176: warning: [removal] AccessController in java.security has been deprecated and marked for removal
2026-10-05T18:27:59.3378958Z     [javac]             delegate = AccessController.doPrivileged(
2026-10-05T18:27:59.3380048Z     [javac]                        ^
2026-10-05T18:27:59.3382121Z     [javac] /home/runner/work/M3jdk21/M3jdk21/jtreg/src/build/deps/jtharness/src/jtharness-jt6.0-b24/src/com/sun/javatest/util/I18NResourceBundle.java:184: warning: [removal] AccessController in java.security has been deprecated and marked for removal
2026-10-05T18:27:59.3388485Z     [javac]         ResourceBundle bundle = AccessController.doPrivileged(
2026-10-05T18:27:59.3398355Z     [javac]                                 ^
2026-10-05T18:28:00.8381442Z     [javac] /home/runner/work/M3jdk21/M3jdk21/jtreg/src/build/deps/jtharness/src/jtharness-jt6.0-b24/src/com/sun/javatest/JavaTestSecurityManager.java:44: warning: [removal] SecurityManager in java.lang has been deprecated and marked for removal
2026-10-05T18:28:00.8394252Z     [javac] public class JavaTestSecurityManager extends SecurityManager {
2026-10-05T18:28:00.8410216Z     [javac]                                              ^
2026-10-05T18:28:00.8412930Z     [javac] /home/runner/work/M3jdk21/M3jdk21/jtreg/src/build/deps/jtharness/src/jtharness-jt6.0-b24/src/com/sun/javatest/JavaTestSecurityManager.java:83: warning: [removal] setSecurityManager(SecurityManager) in System has been deprecated and marked for removal
2026-10-05T18:28:00.8415693Z     [javac]                     System.setSecurityManager(new NewJavaTestSecurityManager());
2026-10-05T18:28:00.8416768Z     [javac]                           ^
2026-10-05T18:28:00.8419026Z     [javac] /home/runner/work/M3jdk21/M3jdk21/jtreg/src/build/deps/jtharness/src/jtharness-jt6.0-b24/src/com/sun/javatest/JavaTestSecurityManager.java:85: warning: [removal] setSecurityManager(SecurityManager) in System has been deprecated and marked for removal
2026-10-05T18:28:00.8422013Z     [javac]                     System.setSecurityManager(new JavaTestSecurityManager());
2026-10-05T18:28:00.8423051Z     [javac]                           ^
2026-10-05T18:28:00.8425189Z     [javac] /home/runner/work/M3jdk21/M3jdk21/jtreg/src/build/deps/jtharness/src/jtharness-jt6.0-b24/src/com/sun/javatest/JavaTestSecurityManager.java:93: warning: [removal] SecurityManager in java.lang has been deprecated and marked for removal
2026-10-05T18:28:00.8427513Z     [javac]             SecurityManager sm = System.getSecurityManager();
2026-10-05T18:28:00.8428468Z     [javac]             ^
2026-10-05T18:28:00.8430777Z     [javac] /home/runner/work/M3jdk21/M3jdk21/jtreg/src/build/deps/jtharness/src/jtharness-jt6.0-b24/src/com/sun/javatest/JavaTestSecurityManager.java:93: warning: [removal] getSecurityManager() in System has been deprecated and marked for removal
2026-10-05T18:28:00.8433557Z     [javac]             SecurityManager sm = System.getSecurityManager();
2026-10-05T18:28:00.8434416Z     [javac]                                        ^
2026-10-05T18:28:00.8436763Z     [javac] /home/runner/work/M3jdk21/M3jdk21/jtreg/src/build/deps/jtharness/src/jtharness-jt6.0-b24/src/com/sun/javatest/JavaTestSecurityManager.java:242: warning: [removal] checkMulticast(InetAddress,byte) in SecurityManager has been deprecated and marked for removal
2026-10-05T18:28:00.8439490Z     [javac]     public void checkMulticast(InetAddress maddr, byte ttl) {
2026-10-05T18:28:00.8440476Z     [javac]                 ^
2026-10-05T18:28:00.8442497Z     [javac] /home/runner/work/M3jdk21/M3jdk21/jtreg/src/build/deps/jtharness/src/jtharness-jt6.0-b24/src/com/sun/javatest/ResourceLoader.java:92: warning: [removal] AccessController in java.security has been deprecated and marked for removal
2026-10-05T18:28:00.8444732Z     [javac]                 return AccessController.doPrivileged(
2026-10-05T18:28:00.8445880Z     [javac]                        ^
2026-10-05T18:28:00.8447952Z     [javac] /home/runner/work/M3jdk21/M3jdk21/jtreg/src/build/deps/jtharness/src/jtharness-jt6.0-b24/src/com/sun/javatest/ResourceLoader.java:206: warning: [removal] AccessController in java.security has been deprecated and marked for removal
2026-10-05T18:28:00.8450472Z     [javac]         return AccessController.doPrivileged(
2026-10-05T18:28:00.8451336Z     [javac]                ^
2026-10-05T18:28:00.9424595Z     [javac] /home/runner/work/M3jdk21/M3jdk21/jtreg/src/build/deps/jtharness/src/jtharness-jt6.0-b24/src/com/sun/javatest/agent/AgentApplet.java:54: warning: [removal] Applet in java.applet has been deprecated and marked for removal
2026-10-05T18:28:00.9435728Z     [javac] public class AgentApplet extends Applet implements Agent.Observer {
2026-10-05T18:28:00.9436838Z     [javac]                                  ^
2026-10-05T18:28:00.9438865Z     [javac] /home/runner/work/M3jdk21/M3jdk21/jtreg/src/build/deps/jtharness/src/jtharness-jt6.0-b24/src/com/sun/javatest/agent/AgentApplet.java:219: warning: [removal] AppletContext in java.applet has been deprecated and marked for removal
2026-10-05T18:28:00.9441249Z     [javac]             AppletContext context = getAppletContext();
2026-10-05T18:28:00.9442049Z     [javac]             ^
2026-10-05T18:28:00.9443921Z     [javac] /home/runner/work/M3jdk21/M3jdk21/jtreg/src/build/deps/jtharness/src/jtharness-jt6.0-b24/src/com/sun/javatest/agent/AgentClassLoader2.java:54: warning: [removal] SecurityManager in java.lang has been deprecated and marked for removal
2026-10-05T18:28:00.9446108Z     [javac]         SecurityManager security = System.getSecurityManager();
2026-10-05T18:28:00.9446957Z     [javac]         ^
2026-10-05T18:28:00.9448836Z     [javac] /home/runner/work/M3jdk21/M3jdk21/jtreg/src/build/deps/jtharness/src/jtharness-jt6.0-b24/src/com/sun/javatest/agent/AgentClassLoader2.java:54: warning: [removal] getSecurityManager() in System has been deprecated and marked for removal
2026-10-05T18:28:00.9451347Z     [javac]         SecurityManager security = System.getSecurityManager();
2026-10-05T18:28:00.9452290Z     [javac]                                          ^
2026-10-05T18:28:01.0465879Z     [javac] /home/runner/work/M3jdk21/M3jdk21/jtreg/src/build/deps/jtharness/src/jtharness-jt6.0-b24/src/com/sun/javatest/agent/AgentMain.java:162: warning: [removal] SecurityManager in java.lang has been deprecated and marked for removal
2026-10-05T18:28:01.0476604Z     [javac]         SecurityManager sc = System.getSecurityManager();
2026-10-05T18:28:01.0477636Z     [javac]         ^
2026-10-05T18:28:01.0479893Z     [javac] /home/runner/work/M3jdk21/M3jdk21/jtreg/src/build/deps/jtharness/src/jtharness-jt6.0-b24/src/com/sun/javatest/agent/AgentMain.java:162: warning: [removal] getSecurityManager() in System has been deprecated and marked for removal
2026-10-05T18:28:01.0482569Z     [javac]         SecurityManager sc = System.getSecurityManager();
2026-10-05T18:28:01.0483543Z     [javac]                                    ^
2026-10-05T18:28:01.3476510Z     [javac] /home/runner/work/M3jdk21/M3jdk21/jtreg/src/build/deps/jtharness/src/jtharness-jt6.0-b24/src/com/sun/javatest/agent/SocketConnection.java:95: warning: [removal] SecurityManager in java.lang has been deprecated and marked for removal
2026-10-05T18:28:01.3485975Z     [javac]         SecurityManager sm = System.getSecurityManager();
2026-10-05T18:28:01.3487128Z     [javac]         ^
2026-10-05T18:28:01.3489460Z     [javac] /home/runner/work/M3jdk21/M3jdk21/jtreg/src/build/deps/jtharness/src/jtharness-jt6.0-b24/src/com/sun/javatest/agent/SocketConnection.java:95: warning: [removal] getSecurityManager() in System has been deprecated and marked for removal
2026-10-05T18:28:01.3491866Z     [javac]         SecurityManager sm = System.getSecurityManager();
2026-10-05T18:28:01.3492868Z     [javac]                                    ^
2026-10-05T18:28:01.3495533Z     [javac] /home/runner/work/M3jdk21/M3jdk21/jtreg/src/build/deps/jtharness/src/jtharness-jt6.0-b24/src/com/sun/javatest/agent/SocketConnection.java:146: warning: [removal] SecurityManager in java.lang has been deprecated and marked for removal
2026-10-05T18:28:01.3497916Z     [javac]         SecurityManager sm = System.getSecurityManager();
2026-10-05T18:28:01.3498829Z     [javac]         ^
2026-10-05T18:28:01.3501218Z     [javac] /home/runner/work/M3jdk21/M3jdk21/jtreg/src/build/deps/jtharness/src/jtharness-jt6.0-b24/src/com/sun/javatest/agent/SocketConnection.java:146: warning: [removal] getSecurityManager() in System has been deprecated and marked for removal
2026-10-05T18:28:01.3503665Z     [javac]         SecurityManager sm = System.getSecurityManager();
2026-10-05T18:28:01.3504605Z     [javac]                                    ^
2026-10-05T18:28:03.3547296Z     [javac] /home/runner/work/M3jdk21/M3jdk21/jtreg/src/build/deps/jtharness/src/jtharness-jt6.0-b24/src/com/sun/javatest/tool/EnvironmentManager.java:122: warning: [removal] SecurityManager in java.lang has been deprecated and marked for removal
2026-10-05T18:28:03.3566184Z     [javac]                 SecurityManager sc = System.getSecurityManager();
2026-10-05T18:28:03.3567342Z     [javac]                 ^
2026-10-05T18:28:03.3569892Z     [javac] /home/runner/work/M3jdk21/M3jdk21/jtreg/src/build/deps/jtharness/src/jtharness-jt6.0-b24/src/com/sun/javatest/tool/EnvironmentManager.java:122: warning: [removal] getSecurityManager() in System has been deprecated and marked for removal
2026-10-05T18:28:03.3572251Z     [javac]                 SecurityManager sc = System.getSecurityManager();
2026-10-05T18:28:03.3573165Z     [javac]                                            ^
2026-10-05T18:28:03.4565976Z     [javac] /home/runner/work/M3jdk21/M3jdk21/jtreg/src/build/deps/jtharness/src/jtharness-jt6.0-b24/src/com/sun/javatest/tool/Main.java:239: warning: [removal] SecurityManager in java.lang has been deprecated and marked for removal
2026-10-05T18:28:03.4573366Z     [javac]         SecurityManager sc = System.getSecurityManager();
2026-10-05T18:28:03.4574106Z     [javac]         ^
2026-10-05T18:28:03.4575407Z     [javac] /home/runner/work/M3jdk21/M3jdk21/jtreg/src/build/deps/jtharness/src/jtharness-jt6.0-b24/src/com/sun/javatest/tool/Main.java:239: warning: [removal] getSecurityManager() in System has been deprecated and marked for removal
2026-10-05T18:28:03.4576837Z     [javac]         SecurityManager sc = System.getSecurityManager();
2026-10-05T18:28:03.4577415Z     [javac]                                    ^
2026-10-05T18:28:03.5670837Z     [javac] /home/runner/work/M3jdk21/M3jdk21/jtreg/src/build/deps/jtharness/src/jtharness-jt6.0-b24/src/com/sun/javatest/util/ExitCount.java:67: warning: [removal] SecurityManager in java.lang has been deprecated and marked for removal
2026-10-05T18:28:03.5690180Z     [javac]             SecurityManager sc = System.getSecurityManager();
2026-10-05T18:28:03.5691191Z     [javac]             ^
2026-10-05T18:28:03.5693525Z     [javac] /home/runner/work/M3jdk21/M3jdk21/jtreg/src/build/deps/jtharness/src/jtharness-jt6.0-b24/src/com/sun/javatest/util/ExitCount.java:67: warning: [removal] getSecurityManager() in System has been deprecated and marked for removal
2026-10-05T18:28:03.5695845Z     [javac]             SecurityManager sc = System.getSecurityManager();
2026-10-05T18:28:03.5698038Z     [javac]                                        ^
2026-10-05T18:28:03.5700263Z     [javac] /home/runner/work/M3jdk21/M3jdk21/jtreg/src/build/deps/jtharness/src/jtharness-jt6.0-b24/src/com/sun/javatest/util/MainAppletContext.java:45: warning: [removal] AppletContext in java.applet has been deprecated and marked for removal
2026-10-05T18:28:03.5789876Z     [javac]     private static AppletContext context = null;
2026-10-05T18:28:03.5855882Z     [javac]                    ^
2026-10-05T18:28:03.5891072Z     [javac] /home/runner/work/M3jdk21/M3jdk21/jtreg/src/build/deps/jtharness/src/jtharness-jt6.0-b24/src/com/sun/javatest/util/MainAppletContext.java:47: warning: [removal] Applet in java.applet has been deprecated and marked for removal
2026-10-05T18:28:03.5895888Z     [javac]     private static Map<String, Applet> applets = new Hashtable<>();
2026-10-05T18:28:03.5898414Z     [javac]                                ^
2026-10-05T18:28:03.5900861Z     [javac] /home/runner/work/M3jdk21/M3jdk21/jtreg/src/build/deps/jtharness/src/jtharness-jt6.0-b24/src/com/sun/javatest/util/MainAppletContext.java:49: warning: [removal] Applet in java.applet has been deprecated and marked for removal
2026-10-05T18:28:03.5903270Z     [javac]     private static Applet agentApplet = null;
2026-10-05T18:28:03.5904161Z     [javac]                    ^
2026-10-05T18:28:03.5906436Z     [javac] /home/runner/work/M3jdk21/M3jdk21/jtreg/src/build/deps/jtharness/src/jtharness-jt6.0-b24/src/com/sun/javatest/util/MainAppletContext.java:59: warning: [removal] AppletContext in java.applet has been deprecated and marked for removal
2026-10-05T18:28:03.5908799Z     [javac]     public static AppletContext getAppletContext() {
2026-10-05T18:28:03.5909964Z     [javac]                   ^
2026-10-05T18:28:03.5912097Z     [javac] /home/runner/work/M3jdk21/M3jdk21/jtreg/src/build/deps/jtharness/src/jtharness-jt6.0-b24/src/com/sun/javatest/util/MainAppletContext.java:69: warning: [removal] AppletContext in java.applet has been deprecated and marked for removal
2026-10-05T18:28:03.5914504Z     [javac]     public static void setAppletContext(AppletContext ctx) {
2026-10-05T18:28:03.5915475Z     [javac]                                         ^
2026-10-05T18:28:03.5917482Z     [javac] /home/runner/work/M3jdk21/M3jdk21/jtreg/src/build/deps/jtharness/src/jtharness-jt6.0-b24/src/com/sun/javatest/util/MainAppletContext.java:81: warning: [removal] Applet in java.applet has been deprecated and marked for removal
2026-10-05T18:28:03.5920100Z     [javac]     public static synchronized void putApplet(String name, Applet applet) {
2026-10-05T18:28:03.5921174Z     [javac]                                                            ^
2026-10-05T18:28:03.5923160Z     [javac] /home/runner/work/M3jdk21/M3jdk21/jtreg/src/build/deps/jtharness/src/jtharness-jt6.0-b24/src/com/sun/javatest/util/MainAppletContext.java:91: warning: [removal] Applet in java.applet has been deprecated and marked for removal
2026-10-05T18:28:03.5925436Z     [javac]     public static synchronized Applet getApplet(String name) {
2026-10-05T18:28:03.5926387Z     [javac]                                ^
2026-10-05T18:28:03.5928417Z     [javac] /home/runner/work/M3jdk21/M3jdk21/jtreg/src/build/deps/jtharness/src/jtharness-jt6.0-b24/src/com/sun/javatest/util/MainAppletContext.java:110: warning: [removal] Applet in java.applet has been deprecated and marked for removal
2026-10-05T18:28:03.5930852Z     [javac]     public static Applet getAgentApplet() {
2026-10-05T18:28:03.5931654Z     [javac]                   ^
2026-10-05T18:28:03.5933619Z     [javac] /home/runner/work/M3jdk21/M3jdk21/jtreg/src/build/deps/jtharness/src/jtharness-jt6.0-b24/src/com/sun/javatest/util/MainAppletContext.java:120: warning: [removal] Applet in java.applet has been deprecated and marked for removal
2026-10-05T18:28:03.5936334Z     [javac]     public static void setAgentApplet(Applet applet) {
2026-10-05T18:28:03.5937705Z     [javac]                                       ^
2026-10-05T18:28:03.6612591Z     [javac] Note: Some input files use or override a deprecated API.
2026-10-05T18:28:03.6615204Z     [javac] Note: Recompile with -Xlint:deprecation for details.
2026-10-05T18:28:03.6616038Z     [javac] Note: Some input files use unchecked or unsafe operations.
2026-10-05T18:28:03.6616756Z     [javac] Note: Recompile with -Xlint:unchecked for details.
2026-10-05T18:28:03.6617324Z     [javac] 47 warnings
2026-10-05T18:28:03.6983640Z     [javac] Creating empty /home/runner/work/M3jdk21/M3jdk21/jtreg/src/build/deps/jtharness/build/classes/com/sun/tck/lib/tgf/data/package-info.class
2026-10-05T18:28:03.6988650Z     [javac] Creating empty /home/runner/work/M3jdk21/M3jdk21/jtreg/src/build/deps/jtharness/build/classes/com/sun/tck/package-info.class
2026-10-05T18:28:03.6991819Z     [javac] Creating empty /home/runner/work/M3jdk21/M3jdk21/jtreg/src/build/deps/jtharness/build/classes/com/oracle/tck/package-info.class
2026-10-05T18:28:03.7052637Z      [copy] Copying 1 file to /home/runner/work/M3jdk21/M3jdk21/jtreg/src/build/deps/jtharness/build/classes
2026-10-05T18:28:03.7079309Z 
2026-10-05T18:28:03.7079554Z stamp:
2026-10-05T18:28:03.7252088Z 
2026-10-05T18:28:03.7252372Z generate.release.file:
2026-10-05T18:28:03.7801042Z      [echo] Warning: the latest git commit ID could not be determined
2026-10-05T18:28:03.7860953Z      [echo] generated /home/runner/work/M3jdk21/M3jdk21/jtreg/src/make/../build/deps/jtharness/build/binaries/release file:
2026-10-05T18:28:03.7862702Z      [echo] =================================================================
2026-10-05T18:28:03.7889841Z      [echo] JTHARNESS_VERSION=6.0 b24
2026-10-05T18:28:03.7897887Z      [echo] BUILD_DATE=Oct 05, 2026
2026-10-05T18:28:03.7898515Z 
2026-10-05T18:28:03.7898859Z compile.resources:
2026-10-05T18:28:03.8292351Z      [copy] Copying 244 files to /home/runner/work/M3jdk21/M3jdk21/jtreg/src/build/deps/jtharness/build/classes
2026-10-05T18:28:03.8801236Z     [mkdir] Created dir: /home/runner/work/M3jdk21/M3jdk21/jtreg/src/build/deps/jtharness/build/classes/META-INF
2026-10-05T18:28:03.8820524Z      [copy] Copying 1 file to /home/runner/work/M3jdk21/M3jdk21/jtreg/src/build/deps/jtharness/build/classes/com/sun/javatest/tool
2026-10-05T18:28:03.8822586Z      [copy] Copying 1 file to /home/runner/work/M3jdk21/M3jdk21/jtreg/src/build/deps/jtharness/build/classes/com/sun/javatest/tool
2026-10-05T18:28:03.8824490Z     [mkdir] Created dir: /home/runner/work/M3jdk21/M3jdk21/jtreg/src/build/deps/jtharness/build/classes/META-INF/services
2026-10-05T18:28:03.8826350Z      [copy] Copying 1 file to /home/runner/work/M3jdk21/M3jdk21/jtreg/src/build/deps/jtharness/build/classes/META-INF/services
2026-10-05T18:28:03.8828219Z      [copy] Copying 1 file to /home/runner/work/M3jdk21/M3jdk21/jtreg/src/build/deps/jtharness/build/classes/META-INF/services
2026-10-05T18:28:03.8831171Z      [copy] Copying 1 file to /home/runner/work/M3jdk21/M3jdk21/jtreg/src/build/deps/jtharness/build/classes/META-INF/services
2026-10-05T18:28:03.8833618Z 
2026-10-05T18:28:03.8834164Z compile-javatest.help.main:
2026-10-05T18:28:03.8836552Z     [mkdir] Created dir: /home/runner/work/M3jdk21/M3jdk21/jtreg/src/build/deps/jtharness/build/tmp
2026-10-05T18:28:03.9228287Z      [copy] Copying 253 files to /home/runner/work/M3jdk21/M3jdk21/jtreg/src/build/deps/jtharness/build/classes/com/sun/javatest/help
2026-10-05T18:28:04.0353060Z      [copy] Copying 86 files to /home/runner/work/M3jdk21/M3jdk21/jtreg/src/build/deps/jtharness/build/classes
2026-10-05T18:28:04.0518382Z 
2026-10-05T18:28:04.0519623Z compile-javatestAgent.help:
2026-10-05T18:28:04.0594864Z 
2026-10-05T18:28:04.0595555Z compile-javatest.help:
2026-10-05T18:28:04.0596239Z 
2026-10-05T18:28:04.0597065Z compile:
2026-10-05T18:28:04.0597512Z 
2026-10-05T18:28:04.0597871Z jar.check:
2026-10-05T18:28:04.1334865Z 
2026-10-05T18:28:04.1335667Z jar:
2026-10-05T18:28:04.1338110Z     [mkdir] Created dir: /home/runner/work/M3jdk21/M3jdk21/jtreg/src/build/deps/jtharness/build/binaries/lib
2026-10-05T18:28:04.2014268Z       [jar] Building jar: /home/runner/work/M3jdk21/M3jdk21/jtreg/src/build/deps/jtharness/build/binaries/lib/javatest.jar
2026-10-05T18:28:04.6499849Z 
2026-10-05T18:28:04.6530202Z build:
2026-10-05T18:28:04.6530947Z 
2026-10-05T18:28:04.6531654Z BUILD SUCCESSFUL
2026-10-05T18:28:04.6532312Z Total time: 15 seconds
2026-10-05T18:28:04.6922291Z [build.sh][INFO] JTHARNESS_JAVATEST_JAR: /home/runner/work/M3jdk21/M3jdk21/jtreg/src/make/../build/deps/jtharness/build/binaries/lib/javatest.jar
2026-10-05T18:28:04.6924610Z [build.sh][INFO] JTHARNESS_LICENSE: /home/runner/work/M3jdk21/M3jdk21/jtreg/src/make/../build/deps/jtharness/src/jtharness-jt6.0-b24/LICENSE
2026-10-05T18:28:04.6926869Z [build.sh][INFO] JTHARNESS_COPYRIGHT: /home/runner/work/M3jdk21/M3jdk21/jtreg/src/make/../build/deps/jtharness/src/jtharness-jt6.0-b24/legal/copyright.txt
2026-10-05T18:28:04.6930139Z [build.sh][INFO] None of ASMTOOLS_JAR, ASMTOOLS_ARCHIVE_URL or ASMTOOLS_ARCHIVE_URL_BASE are set; building from source
2026-10-05T18:28:04.7028418Z [build.sh][INFO] CYGWIN_OR_MSYS=0
2026-10-05T18:28:04.7048805Z [build.sh][INFO] Downloading https://git.openjdk.java.net/asmtools/archive/7.0-b09.zip to /home/runner/work/M3jdk21/M3jdk21/jtreg/src/make/../build/deps/asmtools/src/../source.zip
2026-10-05T18:28:05.4735031Z [build.sh][INFO] Unpacking /home/runner/work/M3jdk21/M3jdk21/jtreg/src/make/../build/deps/asmtools/src/../source.zip in /home/runner/work/M3jdk21/M3jdk21/jtreg/src/make/../build/deps/asmtools/src
2026-10-05T18:28:05.6181334Z Buildfile: /home/runner/work/M3jdk21/M3jdk21/jtreg/src/build/deps/asmtools/src/asmtools-7.0-b09/build/build.xml
2026-10-05T18:28:05.9678683Z    [delete] Deleting: /home/runner/work/M3jdk21/M3jdk21/jtreg/src/build/deps/asmtools/src/asmtools-7.0-b09/build/asmtools.properties
2026-10-05T18:28:05.9981658Z 
2026-10-05T18:28:05.9982321Z prepareGenArea:
2026-10-05T18:28:05.9992577Z     [mkdir] Created dir: /home/runner/work/M3jdk21/M3jdk21/jtreg/src/build/deps/asmtools/build
2026-10-05T18:28:05.9993827Z     [mkdir] Created dir: /tmp/asmtools-7.0-build-10-05-2026_06-28-PM
2026-10-05T18:28:05.9996269Z     [mkdir] Created dir: /home/runner/work/M3jdk21/M3jdk21/jtreg/src/build/deps/asmtools/build/dist
2026-10-05T18:28:06.0000323Z 
2026-10-05T18:28:06.0000740Z preparebuildarea:
2026-10-05T18:28:06.0001737Z     [mkdir] Created dir: /home/runner/work/M3jdk21/M3jdk21/jtreg/src/build/deps/asmtools/build/binaries
2026-10-05T18:28:06.0007075Z     [mkdir] Created dir: /tmp/asmtools-7.0-build-10-05-2026_06-28-PM/binaries
2026-10-05T18:28:06.0012366Z     [mkdir] Created dir: /home/runner/work/M3jdk21/M3jdk21/jtreg/src/build/deps/asmtools/build/binaries/classes
2026-10-05T18:28:06.0014038Z     [mkdir] Created dir: /home/runner/work/M3jdk21/M3jdk21/jtreg/src/build/deps/asmtools/build/binaries/src
2026-10-05T18:28:06.0015601Z     [mkdir] Created dir: /home/runner/work/M3jdk21/M3jdk21/jtreg/src/build/deps/asmtools/build/binaries/lib
2026-10-05T18:28:06.0017146Z     [mkdir] Created dir: /home/runner/work/M3jdk21/M3jdk21/jtreg/src/build/deps/asmtools/build/binaries/doc
2026-10-05T18:28:06.0481646Z      [copy] Copying 100 files to /home/runner/work/M3jdk21/M3jdk21/jtreg/src/build/deps/asmtools/build/binaries/src
2026-10-05T18:28:06.0791107Z      [copy] Copying 1 file to /home/runner/work/M3jdk21/M3jdk21/jtreg/src/build/deps/asmtools/build/binaries
2026-10-05T18:28:06.0793456Z      [copy] Copying 1 file to /home/runner/work/M3jdk21/M3jdk21/jtreg/src/build/deps/asmtools/build/binaries
2026-10-05T18:28:06.0794460Z 
2026-10-05T18:28:06.0794702Z preparereleasearea:
2026-10-05T18:28:06.0796138Z     [mkdir] Created dir: /home/runner/work/M3jdk21/M3jdk21/jtreg/src/build/deps/asmtools/build/release
2026-10-05T18:28:06.0797975Z     [mkdir] Created dir: /tmp/asmtools-7.0-build-10-05-2026_06-28-PM/release
2026-10-05T18:28:06.0800620Z     [mkdir] Created dir: /home/runner/work/M3jdk21/M3jdk21/jtreg/src/build/deps/asmtools/build/release/lib
2026-10-05T18:28:06.0802055Z     [mkdir] Created dir: /home/runner/work/M3jdk21/M3jdk21/jtreg/src/build/deps/asmtools/build/release/doc
2026-10-05T18:28:06.0802920Z     [mkdir] Created dir: /home/runner/work/M3jdk21/M3jdk21/jtreg/src/build/deps/asmtools/build/release/bin
2026-10-05T18:28:06.0803768Z      [copy] Copying 1 file to /home/runner/work/M3jdk21/M3jdk21/jtreg/src/build/deps/asmtools/build/release
2026-10-05T18:28:06.0804608Z      [copy] Copying 1 file to /home/runner/work/M3jdk21/M3jdk21/jtreg/src/build/deps/asmtools/build/release
2026-10-05T18:28:06.0805109Z 
2026-10-05T18:28:06.0805202Z prepare:
2026-10-05T18:28:06.0805330Z 
2026-10-05T18:28:06.0805419Z stamp:
2026-10-05T18:28:06.0809592Z 
2026-10-05T18:28:06.0810010Z replace-tokens:
2026-10-05T18:28:06.1078184Z 
2026-10-05T18:28:06.1078698Z compileClasses:
2026-10-05T18:28:06.1380765Z     [javac] Compiling 93 source files to /home/runner/work/M3jdk21/M3jdk21/jtreg/src/build/deps/asmtools/build/binaries/classes
2026-10-05T18:28:06.3728715Z     [javac] warning: [options] bootstrap class path not set in conjunction with -source 8
2026-10-05T18:28:09.4559578Z     [javac] Note: Some input files use unchecked or unsafe operations.
2026-10-05T18:28:09.4560681Z     [javac] Note: Recompile with -Xlint:unchecked for details.
2026-10-05T18:28:09.4561461Z     [javac] 1 warning
2026-10-05T18:28:09.4640602Z      [copy] Copying 7 files to /home/runner/work/M3jdk21/M3jdk21/jtreg/src/build/deps/asmtools/build/binaries/classes
2026-10-05T18:28:09.4656058Z 
2026-10-05T18:28:09.4656325Z jar:
2026-10-05T18:28:09.4660557Z      [copy] Copying 1 file to /home/runner/work/M3jdk21/M3jdk21/jtreg/src/build/deps/asmtools/build/binaries/classes
2026-10-05T18:28:09.4840930Z       [jar] Building jar: /home/runner/work/M3jdk21/M3jdk21/jtreg/src/build/deps/asmtools/build/binaries/lib/asmtools.jar
2026-10-05T18:28:09.5603046Z 
2026-10-05T18:28:09.5604349Z javadoc:
2026-10-05T18:28:09.5606805Z     [mkdir] Created dir: /home/runner/work/M3jdk21/M3jdk21/jtreg/src/build/deps/asmtools/build/javadoc
2026-10-05T18:28:09.5729715Z   [javadoc] Generating Javadoc
2026-10-05T18:28:09.5750050Z   [javadoc] Javadoc execution
2026-10-05T18:28:10.1960665Z   [javadoc] Loading source files for package org.openjdk.asmtools...
2026-10-05T18:28:10.1966989Z   [javadoc] Loading source files for package org.openjdk.asmtools.asmutils...
2026-10-05T18:28:10.1968138Z   [javadoc] Loading source files for package org.openjdk.asmtools.common...
2026-10-05T18:28:10.1969813Z   [javadoc] Loading source files for package org.openjdk.asmtools.jasm...
2026-10-05T18:28:10.1971183Z   [javadoc] Loading source files for package org.openjdk.asmtools.jcdec...
2026-10-05T18:28:10.1972434Z   [javadoc] Loading source files for package org.openjdk.asmtools.jcoder...
2026-10-05T18:28:10.1973702Z   [javadoc] Loading source files for package org.openjdk.asmtools.jdec...
2026-10-05T18:28:10.1975002Z   [javadoc] Loading source files for package org.openjdk.asmtools.jdis...
2026-10-05T18:28:10.1976272Z   [javadoc] Loading source files for package org.openjdk.asmtools.util...
2026-10-05T18:28:10.5997823Z   [javadoc] Constructing Javadoc information...
2026-10-05T18:28:11.3018819Z   [javadoc] Building index for all the packages and classes...
2026-10-05T18:28:11.3020361Z   [javadoc] Standard Doclet version 17.0.20.1+1
2026-10-05T18:28:11.3021677Z   [javadoc] Building tree for all the packages and classes...
2026-10-05T18:28:11.5022041Z   [javadoc] Generating /home/runner/work/M3jdk21/M3jdk21/jtreg/src/build/deps/asmtools/build/javadoc/org/openjdk/asmtools/jdis/AnnotationData.html...
2026-10-05T18:28:11.6042672Z   [javadoc] Generating /home/runner/work/M3jdk21/M3jdk21/jtreg/src/build/deps/asmtools/build/javadoc/org/openjdk/asmtools/jdis/AnnotationElement.html...
2026-10-05T18:28:11.7073869Z   [javadoc] Generating /home/runner/work/M3jdk21/M3jdk21/jtreg/src/build/deps/asmtools/build/javadoc/org/openjdk/asmtools/jdis/AnnotationElement.Annot_AnnotValue.html...
2026-10-05T18:28:11.7120727Z   [javadoc] Generating /home/runner/work/M3jdk21/M3jdk21/jtreg/src/build/deps/asmtools/build/javadoc/org/openjdk/asmtools/jdis/AnnotationElement.AnnotValue.html...
2026-10-05T18:28:11.7144045Z   [javadoc] Generating /home/runner/work/M3jdk21/M3jdk21/jtreg/src/build/deps/asmtools/build/javadoc/org/openjdk/asmtools/jdis/AnnotationElement.Array_AnnotValue.html...
2026-10-05T18:28:11.7170598Z   [javadoc] Generating /home/runner/work/M3jdk21/M3jdk21/jtreg/src/build/deps/asmtools/build/javadoc/org/openjdk/asmtools/jdis/AnnotationElement.CPX_AnnotValue.html...
2026-10-05T18:28:11.7173089Z   [javadoc] Generating /home/runner/work/M3jdk21/M3jdk21/jtreg/src/build/deps/asmtools/build/javadoc/org/openjdk/asmtools/jdis/AnnotationElement.CPX2_AnnotValue.html...
2026-10-05T18:28:11.7175279Z   [javadoc] Generating /home/runner/work/M3jdk21/M3jdk21/jtreg/src/build/deps/asmtools/build/javadoc/org/openjdk/asmtools/jdis/AttrData.html...
2026-10-05T18:28:11.7177778Z   [javadoc] Generating /home/runner/work/M3jdk21/M3jdk21/jtreg/src/build/deps/asmtools/build/javadoc/org/openjdk/asmtools/jdis/BootstrapMethodData.html...
2026-10-05T18:28:11.7200230Z   [javadoc] Generating /home/runner/work/M3jdk21/M3jdk21/jtreg/src/build/deps/asmtools/build/javadoc/org/openjdk/asmtools/jasm/CFVersion.html...
2026-10-05T18:28:11.7231794Z   [javadoc] Generating /home/runner/work/M3jdk21/M3jdk21/jtreg/src/build/deps/asmtools/build/javadoc/org/openjdk/asmtools/jasm/CheckedDataOutputStream.html...
2026-10-05T18:28:11.8123668Z   [javadoc] Generating /home/runner/work/M3jdk21/M3jdk21/jtreg/src/build/deps/asmtools/build/javadoc/org/openjdk/asmtools/jasm/ClassArrayAttr.html...
2026-10-05T18:28:11.8133207Z   [javadoc] Generating /home/runner/work/M3jdk21/M3jdk21/jtreg/src/build/deps/asmtools/build/javadoc/org/openjdk/asmtools/jdis/ClassArrayData.html...
2026-10-05T18:28:11.8135410Z   [javadoc] Generating /home/runner/work/M3jdk21/M3jdk21/jtreg/src/build/deps/asmtools/build/javadoc/org/openjdk/asmtools/jdis/ClassData.html...
2026-10-05T18:28:11.8137526Z   [javadoc] Generating /home/runner/work/M3jdk21/M3jdk21/jtreg/src/build/deps/asmtools/build/javadoc/org/openjdk/asmtools/jdis/CodeData.html...
2026-10-05T18:28:11.8139922Z   [javadoc] Generating /home/runner/work/M3jdk21/M3jdk21/jtreg/src/build/deps/asmtools/build/javadoc/org/openjdk/asmtools/jdis/CodeData.LocVarData.html...
2026-10-05T18:28:11.8142167Z   [javadoc] Generating /home/runner/work/M3jdk21/M3jdk21/jtreg/src/build/deps/asmtools/build/javadoc/org/openjdk/asmtools/jasm/ConstantPool.html...
2026-10-05T18:28:11.8144351Z   [javadoc] Generating /home/runner/work/M3jdk21/M3jdk21/jtreg/src/build/deps/asmtools/build/javadoc/org/openjdk/asmtools/jdis/ConstantPool.html...
2026-10-05T18:28:11.9129746Z   [javadoc] Generating /home/runner/work/M3jdk21/M3jdk21/jtreg/src/build/deps/asmtools/build/javadoc/org/openjdk/asmtools/jdis/ConstantPool.Constant.html...
2026-10-05T18:28:11.9178973Z   [javadoc] Generating /home/runner/work/M3jdk21/M3jdk21/jtreg/src/build/deps/asmtools/build/javadoc/org/openjdk/asmtools/jasm/ConstantPool.ConstCell.html...
2026-10-05T18:28:11.9210842Z   [javadoc] Generating /home/runner/work/M3jdk21/M3jdk21/jtreg/src/build/deps/asmtools/build/javadoc/org/openjdk/asmtools/jasm/ConstantPool.ConstValue.html...
2026-10-05T18:28:11.9213214Z   [javadoc] Generating /home/runner/work/M3jdk21/M3jdk21/jtreg/src/build/deps/asmtools/build/javadoc/org/openjdk/asmtools/jasm/ConstantPool.ConstValue_Cell.html...
2026-10-05T18:28:11.9223472Z   [javadoc] Generating /home/runner/work/M3jdk21/M3jdk21/jtreg/src/build/deps/asmtools/build/javadoc/org/openjdk/asmtools/jasm/ConstantPool.ConstValue_CondyPair.html...
2026-10-05T18:28:11.9225760Z   [javadoc] Generating /home/runner/work/M3jdk21/M3jdk21/jtreg/src/build/deps/asmtools/build/javadoc/org/openjdk/asmtools/jasm/ConstantPool.ConstValue_IndyOrCondyPair.html...
2026-10-05T18:28:11.9228217Z   [javadoc] Generating /home/runner/work/M3jdk21/M3jdk21/jtreg/src/build/deps/asmtools/build/javadoc/org/openjdk/asmtools/jasm/ConstantPool.ConstValue_IndyPair.html...
2026-10-05T18:28:11.9231366Z   [javadoc] Generating /home/runner/work/M3jdk21/M3jdk21/jtreg/src/build/deps/asmtools/build/javadoc/org/openjdk/asmtools/jasm/ConstantPool.ConstValue_Integer.html...
2026-10-05T18:28:11.9233779Z   [javadoc] Generating /home/runner/work/M3jdk21/M3jdk21/jtreg/src/build/deps/asmtools/build/javadoc/org/openjdk/asmtools/jasm/ConstantPool.ConstValue_Long.html...
2026-10-05T18:28:11.9236112Z   [javadoc] Generating /home/runner/work/M3jdk21/M3jdk21/jtreg/src/build/deps/asmtools/build/javadoc/org/openjdk/asmtools/jasm/ConstantPool.ConstValue_Pair.html...
2026-10-05T18:28:11.9238527Z   [javadoc] Generating /home/runner/work/M3jdk21/M3jdk21/jtreg/src/build/deps/asmtools/build/javadoc/org/openjdk/asmtools/jasm/ConstantPool.ConstValue_String.html...
2026-10-05T18:28:11.9241194Z   [javadoc] Generating /home/runner/work/M3jdk21/M3jdk21/jtreg/src/build/deps/asmtools/build/javadoc/org/openjdk/asmtools/jasm/ConstantPool.ConstValue_Zero.html...
2026-10-05T18:28:11.9244058Z   [javadoc] Generating /home/runner/work/M3jdk21/M3jdk21/jtreg/src/build/deps/asmtools/build/javadoc/org/openjdk/asmtools/jasm/ConstantPool.CPTagVisitor.html...
2026-10-05T18:28:12.0209610Z   [javadoc] Generating /home/runner/work/M3jdk21/M3jdk21/jtreg/src/build/deps/asmtools/build/javadoc/org/openjdk/asmtools/jasm/ConstantPool.CPVisitor.html...
2026-10-05T18:28:12.0260927Z   [javadoc] Generating /home/runner/work/M3jdk21/M3jdk21/jtreg/src/build/deps/asmtools/build/javadoc/org/openjdk/asmtools/jdis/ConstantPool.SUBTAG.html...
2026-10-05T18:28:12.0266412Z   [javadoc] Generating /home/runner/work/M3jdk21/M3jdk21/jtreg/src/build/deps/asmtools/build/javadoc/org/openjdk/asmtools/jdis/ConstantPool.TAG.html...
2026-10-05T18:28:12.0290522Z   [javadoc] Generating /home/runner/work/M3jdk21/M3jdk21/jtreg/src/build/deps/asmtools/build/javadoc/org/openjdk/asmtools/jasm/Constants.html...
2026-10-05T18:28:12.0310655Z   [javadoc] Generating /home/runner/work/M3jdk21/M3jdk21/jtreg/src/build/deps/asmtools/build/javadoc/org/openjdk/asmtools/jasm/DataVector.html...
2026-10-05T18:28:12.0312927Z   [javadoc] Generating /home/runner/work/M3jdk21/M3jdk21/jtreg/src/build/deps/asmtools/build/javadoc/org/openjdk/asmtools/jasm/DefaultAnnotationAttr.html...
2026-10-05T18:28:12.0315226Z   [javadoc] Generating /home/runner/work/M3jdk21/M3jdk21/jtreg/src/build/deps/asmtools/build/javadoc/org/openjdk/asmtools/jasm/Environment.html...
2026-10-05T18:28:12.1215234Z   [javadoc] Generating /home/runner/work/M3jdk21/M3jdk21/jtreg/src/build/deps/asmtools/build/javadoc/org/openjdk/asmtools/jdis/FieldData.html...
2026-10-05T18:28:12.1217718Z   [javadoc] Generating /home/runner/work/M3jdk21/M3jdk21/jtreg/src/build/deps/asmtools/build/javadoc/org/openjdk/asmtools/asmutils/HexUtils.html...
2026-10-05T18:28:12.1220814Z   [javadoc] Generating /home/runner/work/M3jdk21/M3jdk21/jtreg/src/build/deps/asmtools/build/javadoc/org/openjdk/asmtools/util/I18NResourceBundle.html...
2026-10-05T18:28:12.1223609Z   [javadoc] Generating /home/runner/work/M3jdk21/M3jdk21/jtreg/src/build/deps/asmtools/build/javadoc/org/openjdk/asmtools/jdis/Indenter.html...
2026-10-05T18:28:12.1227749Z   [javadoc] Generating /home/runner/work/M3jdk21/M3jdk21/jtreg/src/build/deps/asmtools/build/javadoc/org/openjdk/asmtools/jasm/JasmTokens.html...
2026-10-05T18:28:12.1230326Z   [javadoc] Generating /home/runner/work/M3jdk21/M3jdk21/jtreg/src/build/deps/asmtools/build/javadoc/org/openjdk/asmtools/jasm/JasmTokens.AnnotationType.html...
2026-10-05T18:28:12.2245529Z   [javadoc] Generating /home/runner/work/M3jdk21/M3jdk21/jtreg/src/build/deps/asmtools/build/javadoc/org/openjdk/asmtools/jasm/JasmTokens.KeywordType.html...
2026-10-05T18:28:12.2286596Z   [javadoc] Generating /home/runner/work/M3jdk21/M3jdk21/jtreg/src/build/deps/asmtools/build/javadoc/org/openjdk/asmtools/jasm/JasmTokens.Token.html...
2026-10-05T18:28:12.2289245Z   [javadoc] Generating /home/runner/work/M3jdk21/M3jdk21/jtreg/src/build/deps/asmtools/build/javadoc/org/openjdk/asmtools/jasm/JasmTokens.TokenType.html...
2026-10-05T18:28:12.2292239Z   [javadoc] Generating /home/runner/work/M3jdk21/M3jdk21/jtreg/src/build/deps/asmtools/build/javadoc/org/openjdk/asmtools/jcoder/JcodTokens.html...
2026-10-05T18:28:12.2294467Z   [javadoc] Generating /home/runner/work/M3jdk21/M3jdk21/jtreg/src/build/deps/asmtools/build/javadoc/org/openjdk/asmtools/jcoder/JcodTokens.ConstType.html...
2026-10-05T18:28:12.2296668Z   [javadoc] Generating /home/runner/work/M3jdk21/M3jdk21/jtreg/src/build/deps/asmtools/build/javadoc/org/openjdk/asmtools/jcoder/JcodTokens.KeywordType.html...
2026-10-05T18:28:12.2299018Z   [javadoc] Generating /home/runner/work/M3jdk21/M3jdk21/jtreg/src/build/deps/asmtools/build/javadoc/org/openjdk/asmtools/jcoder/JcodTokens.Token.html...
2026-10-05T18:28:12.2301281Z   [javadoc] Generating /home/runner/work/M3jdk21/M3jdk21/jtreg/src/build/deps/asmtools/build/javadoc/org/openjdk/asmtools/jcoder/JcodTokens.TokenType.html...
2026-10-05T18:28:12.2303462Z   [javadoc] Generating /home/runner/work/M3jdk21/M3jdk21/jtreg/src/build/deps/asmtools/build/javadoc/org/openjdk/asmtools/jasm/Main.html...
2026-10-05T18:28:12.3272199Z   [javadoc] Generating /home/runner/work/M3jdk21/M3jdk21/jtreg/src/build/deps/asmtools/build/javadoc/org/openjdk/asmtools/jcdec/Main.html...
2026-10-05T18:28:12.3326024Z   [javadoc] Generating /home/runner/work/M3jdk21/M3jdk21/jtreg/src/build/deps/asmtools/build/javadoc/org/openjdk/asmtools/jcoder/Main.html...
2026-10-05T18:28:12.3328309Z   [javadoc] Generating /home/runner/work/M3jdk21/M3jdk21/jtreg/src/build/deps/asmtools/build/javadoc/org/openjdk/asmtools/jdec/Main.html...
2026-10-05T18:28:12.3330695Z   [javadoc] Generating /home/runner/work/M3jdk21/M3jdk21/jtreg/src/build/deps/asmtools/build/javadoc/org/openjdk/asmtools/jdis/Main.html...
2026-10-05T18:28:12.3332719Z   [javadoc] Generating /home/runner/work/M3jdk21/M3jdk21/jtreg/src/build/deps/asmtools/build/javadoc/org/openjdk/asmtools/Main.html...
2026-10-05T18:28:12.3334783Z   [javadoc] Generating /home/runner/work/M3jdk21/M3jdk21/jtreg/src/build/deps/asmtools/build/javadoc/org/openjdk/asmtools/jasm/MemberData.html...
2026-10-05T18:28:12.3336951Z   [javadoc] Generating /home/runner/work/M3jdk21/M3jdk21/jtreg/src/build/deps/asmtools/build/javadoc/org/openjdk/asmtools/jdis/MemberData.html...
2026-10-05T18:28:12.3339285Z   [javadoc] Generating /home/runner/work/M3jdk21/M3jdk21/jtreg/src/build/deps/asmtools/build/javadoc/org/openjdk/asmtools/jdis/MethodData.html...
2026-10-05T18:28:12.3341506Z   [javadoc] Generating /home/runner/work/M3jdk21/M3jdk21/jtreg/src/build/deps/asmtools/build/javadoc/org/openjdk/asmtools/jasm/Modifiers.html...
2026-10-05T18:28:12.3343554Z   [javadoc] Generating /home/runner/work/M3jdk21/M3jdk21/jtreg/src/build/deps/asmtools/build/javadoc/org/openjdk/asmtools/common/Module.html...
2026-10-05T18:28:12.4293602Z   [javadoc] Generating /home/runner/work/M3jdk21/M3jdk21/jtreg/src/build/deps/asmtools/build/javadoc/org/openjdk/asmtools/common/Module.Builder.html...
2026-10-05T18:28:12.4317206Z   [javadoc] Generating /home/runner/work/M3jdk21/M3jdk21/jtreg/src/build/deps/asmtools/build/javadoc/org/openjdk/asmtools/common/Module.Dependence.html...
2026-10-05T18:28:12.4334778Z   [javadoc] Generating /home/runner/work/M3jdk21/M3jdk21/jtreg/src/build/deps/asmtools/build/javadoc/org/openjdk/asmtools/common/Module.Exported.html...
2026-10-05T18:28:12.4337412Z   [javadoc] Generating /home/runner/work/M3jdk21/M3jdk21/jtreg/src/build/deps/asmtools/build/javadoc/org/openjdk/asmtools/common/Module.FlaggedTargetType.html...
2026-10-05T18:28:12.4340296Z   [javadoc] Generating /home/runner/work/M3jdk21/M3jdk21/jtreg/src/build/deps/asmtools/build/javadoc/org/openjdk/asmtools/common/Module.Header.html...
2026-10-05T18:28:12.4342851Z   [javadoc] Generating /home/runner/work/M3jdk21/M3jdk21/jtreg/src/build/deps/asmtools/build/javadoc/org/openjdk/asmtools/common/Module.Modifier.html...
2026-10-05T18:28:12.4345391Z   [javadoc] Generating /home/runner/work/M3jdk21/M3jdk21/jtreg/src/build/deps/asmtools/build/javadoc/org/openjdk/asmtools/common/Module.Opened.html...
2026-10-05T18:28:12.4348284Z   [javadoc] Generating /home/runner/work/M3jdk21/M3jdk21/jtreg/src/build/deps/asmtools/build/javadoc/org/openjdk/asmtools/common/Module.Provided.html...
2026-10-05T18:28:12.4350875Z   [javadoc] Generating /home/runner/work/M3jdk21/M3jdk21/jtreg/src/build/deps/asmtools/build/javadoc/org/openjdk/asmtools/common/Module.TargetType.html...
2026-10-05T18:28:12.4353221Z   [javadoc] Generating /home/runner/work/M3jdk21/M3jdk21/jtreg/src/build/deps/asmtools/build/javadoc/org/openjdk/asmtools/common/Module.Uses.html...
2026-10-05T18:28:12.4355878Z   [javadoc] Generating /home/runner/work/M3jdk21/M3jdk21/jtreg/src/build/deps/asmtools/build/javadoc/org/openjdk/asmtools/common/Module.VersionedFlaggedTargetType.html...
2026-10-05T18:28:12.4358425Z   [javadoc] Generating /home/runner/work/M3jdk21/M3jdk21/jtreg/src/build/deps/asmtools/build/javadoc/org/openjdk/asmtools/jdis/ModuleData.html...
2026-10-05T18:28:12.4361325Z   [javadoc] Generating /home/runner/work/M3jdk21/M3jdk21/jtreg/src/build/deps/asmtools/build/javadoc/org/openjdk/asmtools/jdec/NestedByteArrayInputStream.html...
2026-10-05T18:28:12.4363989Z   [javadoc] Generating /home/runner/work/M3jdk21/M3jdk21/jtreg/src/build/deps/asmtools/build/javadoc/org/openjdk/asmtools/jdis/NestHostData.html...
2026-10-05T18:28:12.4366294Z   [javadoc] Generating /home/runner/work/M3jdk21/M3jdk21/jtreg/src/build/deps/asmtools/build/javadoc/org/openjdk/asmtools/jasm/NestMembersAttr.html...
2026-10-05T18:28:12.4368706Z   [javadoc] Generating /home/runner/work/M3jdk21/M3jdk21/jtreg/src/build/deps/asmtools/build/javadoc/org/openjdk/asmtools/jdis/NestMembersData.html...
2026-10-05T18:28:12.4371253Z   [javadoc] Generating /home/runner/work/M3jdk21/M3jdk21/jtreg/src/build/deps/asmtools/build/javadoc/org/openjdk/asmtools/jasm/OpcodeTables.html...
2026-10-05T18:28:12.4373492Z   [javadoc] Generating /home/runner/work/M3jdk21/M3jdk21/jtreg/src/build/deps/asmtools/build/javadoc/org/openjdk/asmtools/jasm/OpcodeTables.Opcode.html...
2026-10-05T18:28:12.5346558Z   [javadoc] Generating /home/runner/work/M3jdk21/M3jdk21/jtreg/src/build/deps/asmtools/build/javadoc/org/openjdk/asmtools/jasm/OpcodeTables.OpcodeType.html...
2026-10-05T18:28:12.5391153Z   [javadoc] Generating /home/runner/work/M3jdk21/M3jdk21/jtreg/src/build/deps/asmtools/build/javadoc/org/openjdk/asmtools/jdis/Options.html...
2026-10-05T18:28:12.5393760Z   [javadoc] Generating /home/runner/work/M3jdk21/M3jdk21/jtreg/src/build/deps/asmtools/build/javadoc/org/openjdk/asmtools/jdis/Options.PR.html...
2026-10-05T18:28:12.5396665Z   [javadoc] Generating /home/runner/work/M3jdk21/M3jdk21/jtreg/src/build/deps/asmtools/build/javadoc/org/openjdk/asmtools/jdis/ParameterAnnotationData.html...
2026-10-05T18:28:12.5402432Z   [javadoc] Generating /home/runner/work/M3jdk21/M3jdk21/jtreg/src/build/deps/asmtools/build/javadoc/org/openjdk/asmtools/jasm/ParseBase.html...
2026-10-05T18:28:12.5405201Z   [javadoc] Generating /home/runner/work/M3jdk21/M3jdk21/jtreg/src/build/deps/asmtools/build/javadoc/org/openjdk/asmtools/jasm/ParserAnnotation.html...
2026-10-05T18:28:12.5430505Z   [javadoc] Generating /home/runner/work/M3jdk21/M3jdk21/jtreg/src/build/deps/asmtools/build/javadoc/org/openjdk/asmtools/jasm/ParserCP.html...
2026-10-05T18:28:12.5455541Z   [javadoc] Generating /home/runner/work/M3jdk21/M3jdk21/jtreg/src/build/deps/asmtools/build/javadoc/org/openjdk/asmtools/jasm/ParserInstr.html...
2026-10-05T18:28:12.5457956Z   [javadoc] Generating /home/runner/work/M3jdk21/M3jdk21/jtreg/src/build/deps/asmtools/build/javadoc/org/openjdk/asmtools/jasm/PermittedSubclassesAttr.html...
2026-10-05T18:28:12.5460564Z   [javadoc] Generating /home/runner/work/M3jdk21/M3jdk21/jtreg/src/build/deps/asmtools/build/javadoc/org/openjdk/asmtools/jdis/PermittedSubclassesData.html...
2026-10-05T18:28:12.5473283Z   [javadoc] Generating /home/runner/work/M3jdk21/M3jdk21/jtreg/src/build/deps/asmtools/build/javadoc/org/openjdk/asmtools/util/ProductInfo.html...
2026-10-05T18:28:12.5486930Z   [javadoc] Generating /home/runner/work/M3jdk21/M3jdk21/jtreg/src/build/deps/asmtools/build/javadoc/org/openjdk/asmtools/jasm/RecordData.html...
2026-10-05T18:28:12.5494602Z   [javadoc] Generating /home/runner/work/M3jdk21/M3jdk21/jtreg/src/build/deps/asmtools/build/javadoc/org/openjdk/asmtools/jdis/RecordData.html...
2026-10-05T18:28:12.6365685Z   [javadoc] Generating /home/runner/work/M3jdk21/M3jdk21/jtreg/src/build/deps/asmtools/build/javadoc/org/openjdk/asmtools/jasm/RuntimeConstants.html...
2026-10-05T18:28:12.6394998Z   [javadoc] Generating /home/runner/work/M3jdk21/M3jdk21/jtreg/src/build/deps/asmtools/build/javadoc/org/openjdk/asmtools/jasm/Scanner.html...
2026-10-05T18:28:12.6402546Z   [javadoc] Generating /home/runner/work/M3jdk21/M3jdk21/jtreg/src/build/deps/asmtools/build/javadoc/org/openjdk/asmtools/jcoder/Scanner.html...
2026-10-05T18:28:12.6404893Z   [javadoc] Generating /home/runner/work/M3jdk21/M3jdk21/jtreg/src/build/deps/asmtools/build/javadoc/org/openjdk/asmtools/jasm/Scanner.SyntaxError.html...
2026-10-05T18:28:12.6407198Z   [javadoc] Generating /home/runner/work/M3jdk21/M3jdk21/jtreg/src/build/deps/asmtools/build/javadoc/org/openjdk/asmtools/jdis/SignatureData.html...
2026-10-05T18:28:12.6409950Z   [javadoc] Generating /home/runner/work/M3jdk21/M3jdk21/jtreg/src/build/deps/asmtools/build/javadoc/org/openjdk/asmtools/jcoder/SourceFile.html...
2026-10-05T18:28:12.6412196Z   [javadoc] Generating /home/runner/work/M3jdk21/M3jdk21/jtreg/src/build/deps/asmtools/build/javadoc/org/openjdk/asmtools/jasm/StackMapData.html...
2026-10-05T18:28:12.6414537Z   [javadoc] Generating /home/runner/work/M3jdk21/M3jdk21/jtreg/src/build/deps/asmtools/build/javadoc/org/openjdk/asmtools/jasm/StackMapData.StackMapItem1.html...
2026-10-05T18:28:12.6416978Z   [javadoc] Generating /home/runner/work/M3jdk21/M3jdk21/jtreg/src/build/deps/asmtools/build/javadoc/org/openjdk/asmtools/jasm/StackMapData.StackMapItem2.html...
2026-10-05T18:28:12.6419531Z   [javadoc] Generating /home/runner/work/M3jdk21/M3jdk21/jtreg/src/build/deps/asmtools/build/javadoc/org/openjdk/asmtools/asmutils/StringUtils.html...
2026-10-05T18:28:12.6421523Z   [javadoc] Generating /home/runner/work/M3jdk21/M3jdk21/jtreg/src/build/deps/asmtools/build/javadoc/org/openjdk/asmtools/jasm/Tables.html...
2026-10-05T18:28:12.6423491Z   [javadoc] Generating /home/runner/work/M3jdk21/M3jdk21/jtreg/src/build/deps/asmtools/build/javadoc/org/openjdk/asmtools/jasm/Tables.AnnotElemType.html...
2026-10-05T18:28:12.6425409Z   [javadoc] Generating /home/runner/work/M3jdk21/M3jdk21/jtreg/src/build/deps/asmtools/build/javadoc/org/openjdk/asmtools/jasm/Tables.AttrTag.html...
2026-10-05T18:28:12.6427648Z   [javadoc] Generating /home/runner/work/M3jdk21/M3jdk21/jtreg/src/build/deps/asmtools/build/javadoc/org/openjdk/asmtools/jasm/Tables.BasicType.html...
2026-10-05T18:28:12.6430220Z   [javadoc] Generating /home/runner/work/M3jdk21/M3jdk21/jtreg/src/build/deps/asmtools/build/javadoc/org/openjdk/asmtools/jasm/Tables.CF_Context.html...
2026-10-05T18:28:12.6432647Z   [javadoc] Generating /home/runner/work/M3jdk21/M3jdk21/jtreg/src/build/deps/asmtools/build/javadoc/org/openjdk/asmtools/jasm/Tables.ConstType.html...
2026-10-05T18:28:12.7410407Z   [javadoc] Generating /home/runner/work/M3jdk21/M3jdk21/jtreg/src/build/deps/asmtools/build/javadoc/org/openjdk/asmtools/jasm/Tables.StackMapFrameType.html...
2026-10-05T18:28:12.7431042Z   [javadoc] Generating /home/runner/work/M3jdk21/M3jdk21/jtreg/src/build/deps/asmtools/build/javadoc/org/openjdk/asmtools/jasm/Tables.StackMapType.html...
2026-10-05T18:28:12.7461559Z   [javadoc] Generating /home/runner/work/M3jdk21/M3jdk21/jtreg/src/build/deps/asmtools/build/javadoc/org/openjdk/asmtools/jasm/Tables.SubTag.html...
2026-10-05T18:28:12.7463731Z   [javadoc] Generating /home/runner/work/M3jdk21/M3jdk21/jtreg/src/build/deps/asmtools/build/javadoc/org/openjdk/asmtools/jdis/TextLines.html...
2026-10-05T18:28:12.7465680Z   [javadoc] Generating /home/runner/work/M3jdk21/M3jdk21/jtreg/src/build/deps/asmtools/build/javadoc/org/openjdk/asmtools/common/Tool.html...
2026-10-05T18:28:12.7467949Z   [javadoc] Generating /home/runner/work/M3jdk21/M3jdk21/jtreg/src/build/deps/asmtools/build/javadoc/org/openjdk/asmtools/jdis/TraceUtils.html...
2026-10-05T18:28:12.7470299Z   [javadoc] Generating /home/runner/work/M3jdk21/M3jdk21/jtreg/src/build/deps/asmtools/build/javadoc/org/openjdk/asmtools/jasm/TypeAnnotationData.html...
2026-10-05T18:28:12.7472376Z   [javadoc] Generating /home/runner/work/M3jdk21/M3jdk21/jtreg/src/build/deps/asmtools/build/javadoc/org/openjdk/asmtools/jdis/TypeAnnotationData.html...
2026-10-05T18:28:12.7474513Z   [javadoc] Generating /home/runner/work/M3jdk21/M3jdk21/jtreg/src/build/deps/asmtools/build/javadoc/org/openjdk/asmtools/jasm/TypeAnnotationTargetInfoData.html...
2026-10-05T18:28:12.7476788Z   [javadoc] Generating /home/runner/work/M3jdk21/M3jdk21/jtreg/src/build/deps/asmtools/build/javadoc/org/openjdk/asmtools/jasm/TypeAnnotationTargetInfoData.catch_target.html...
2026-10-05T18:28:12.7479321Z   [javadoc] Generating /home/runner/work/M3jdk21/M3jdk21/jtreg/src/build/deps/asmtools/build/javadoc/org/openjdk/asmtools/jasm/TypeAnnotationTargetInfoData.empty_target.html...
2026-10-05T18:28:12.7481960Z   [javadoc] Generating /home/runner/work/M3jdk21/M3jdk21/jtreg/src/build/deps/asmtools/build/javadoc/org/openjdk/asmtools/jasm/TypeAnnotationTargetInfoData.formal_parameter_target.html...
2026-10-05T18:28:12.7484539Z   [javadoc] Generating /home/runner/work/M3jdk21/M3jdk21/jtreg/src/build/deps/asmtools/build/javadoc/org/openjdk/asmtools/jasm/TypeAnnotationTargetInfoData.localvar_target.html...
2026-10-05T18:28:12.7487268Z   [javadoc] Generating /home/runner/work/M3jdk21/M3jdk21/jtreg/src/build/deps/asmtools/build/javadoc/org/openjdk/asmtools/jasm/TypeAnnotationTargetInfoData.localvar_target.LocalVar_Entry.html...
2026-10-05T18:28:12.7490371Z   [javadoc] Generating /home/runner/work/M3jdk21/M3jdk21/jtreg/src/build/deps/asmtools/build/javadoc/org/openjdk/asmtools/jasm/TypeAnnotationTargetInfoData.offset_target.html...
2026-10-05T18:28:12.7493017Z   [javadoc] Generating /home/runner/work/M3jdk21/M3jdk21/jtreg/src/build/deps/asmtools/build/javadoc/org/openjdk/asmtools/jasm/TypeAnnotationTargetInfoData.supertype_target.html...
2026-10-05T18:28:12.7495937Z   [javadoc] Generating /home/runner/work/M3jdk21/M3jdk21/jtreg/src/build/deps/asmtools/build/javadoc/org/openjdk/asmtools/jasm/TypeAnnotationTargetInfoData.throws_target.html...
2026-10-05T18:28:12.7498673Z   [javadoc] Generating /home/runner/work/M3jdk21/M3jdk21/jtreg/src/build/deps/asmtools/build/javadoc/org/openjdk/asmtools/jasm/TypeAnnotationTargetInfoData.type_argument_target.html...
2026-10-05T18:28:12.7501576Z   [javadoc] Generating /home/runner/work/M3jdk21/M3jdk21/jtreg/src/build/deps/asmtools/build/javadoc/org/openjdk/asmtools/jasm/TypeAnnotationTargetInfoData.type_parameter_bound_target.html...
2026-10-05T18:28:12.8432346Z   [javadoc] Generating /home/runner/work/M3jdk21/M3jdk21/jtreg/src/build/deps/asmtools/build/javadoc/org/openjdk/asmtools/jasm/TypeAnnotationTargetInfoData.type_parameter_target.html...
2026-10-05T18:28:12.8532171Z   [javadoc] Generating /home/runner/work/M3jdk21/M3jdk21/jtreg/src/build/deps/asmtools/build/javadoc/org/openjdk/asmtools/jasm/TypeAnnotationTypePathData.html...
2026-10-05T18:28:12.8617554Z   [javadoc] Generating /home/runner/work/M3jdk21/M3jdk21/jtreg/src/build/deps/asmtools/build/javadoc/org/openjdk/asmtools/jasm/TypeAnnotationTypes.html...
2026-10-05T18:28:12.8640312Z   [javadoc] /home/runner/work/M3jdk21/M3jdk21/jtreg/src/build/deps/asmtools/build/binaries/src/org/openjdk/asmtools/jasm/TypeAnnotationTypes.java:28: warning: invalid input: '&'
2026-10-05T18:28:12.8662464Z   [javadoc]  * Type annotation types: target_type, target_info && target_path
2026-10-05T18:28:12.8669858Z   [javadoc]                                                    ^
2026-10-05T18:28:12.8671470Z   [javadoc] /home/runner/work/M3jdk21/M3jdk21/jtreg/src/build/deps/asmtools/build/binaries/src/org/openjdk/asmtools/jasm/TypeAnnotationTypes.java:28: warning: invalid input: '&'
2026-10-05T18:28:12.8673158Z   [javadoc]  * Type annotation types: target_type, target_info && target_path
2026-10-05T18:28:12.8674318Z   [javadoc]                                                     ^
2026-10-05T18:28:12.8675740Z   [javadoc] Generating /home/runner/work/M3jdk21/M3jdk21/jtreg/src/build/deps/asmtools/build/javadoc/org/openjdk/asmtools/jasm/TypeAnnotationTypes.EPathKind.html...
2026-10-05T18:28:12.8677983Z   [javadoc] Generating /home/runner/work/M3jdk21/M3jdk21/jtreg/src/build/deps/asmtools/build/javadoc/org/openjdk/asmtools/jasm/TypeAnnotationTypes.ETargetInfo.html...
2026-10-05T18:28:12.8680604Z   [javadoc] Generating /home/runner/work/M3jdk21/M3jdk21/jtreg/src/build/deps/asmtools/build/javadoc/org/openjdk/asmtools/jasm/TypeAnnotationTypes.ETargetType.html...
2026-10-05T18:28:12.8683079Z   [javadoc] Generating /home/runner/work/M3jdk21/M3jdk21/jtreg/src/build/deps/asmtools/build/javadoc/org/openjdk/asmtools/jasm/TypeAnnotationTypes.TypeAnnotationTargetVisitor.html...
2026-10-05T18:28:12.8685533Z   [javadoc] Generating /home/runner/work/M3jdk21/M3jdk21/jtreg/src/build/deps/asmtools/build/javadoc/org/openjdk/asmtools/jasm/TypeAnnotationTypes.TypePathEntry.html...
2026-10-05T18:28:12.8687950Z   [javadoc] Generating /home/runner/work/M3jdk21/M3jdk21/jtreg/src/build/deps/asmtools/build/javadoc/org/openjdk/asmtools/jdis/uEscWriter.html...
2026-10-05T18:28:12.8690187Z   [javadoc] Generating /home/runner/work/M3jdk21/M3jdk21/jtreg/src/build/deps/asmtools/build/javadoc/org/openjdk/asmtools/jdis/Utils.html...
2026-10-05T18:28:12.8692109Z   [javadoc] Generating /home/runner/work/M3jdk21/M3jdk21/jtreg/src/build/deps/asmtools/build/javadoc/org/openjdk/asmtools/package-summary.html...
2026-10-05T18:28:12.8694039Z   [javadoc] Generating /home/runner/work/M3jdk21/M3jdk21/jtreg/src/build/deps/asmtools/build/javadoc/org/openjdk/asmtools/package-tree.html...
2026-10-05T18:28:12.8695955Z   [javadoc] Generating /home/runner/work/M3jdk21/M3jdk21/jtreg/src/build/deps/asmtools/build/javadoc/org/openjdk/asmtools/asmutils/package-summary.html...
2026-10-05T18:28:12.8697856Z   [javadoc] Generating /home/runner/work/M3jdk21/M3jdk21/jtreg/src/build/deps/asmtools/build/javadoc/org/openjdk/asmtools/asmutils/package-tree.html...
2026-10-05T18:28:12.8710302Z   [javadoc] Generating /home/runner/work/M3jdk21/M3jdk21/jtreg/src/build/deps/asmtools/build/javadoc/org/openjdk/asmtools/common/package-summary.html...
2026-10-05T18:28:12.8712490Z   [javadoc] Generating /home/runner/work/M3jdk21/M3jdk21/jtreg/src/build/deps/asmtools/build/javadoc/org/openjdk/asmtools/common/package-tree.html...
2026-10-05T18:28:12.8714659Z   [javadoc] Generating /home/runner/work/M3jdk21/M3jdk21/jtreg/src/build/deps/asmtools/build/javadoc/org/openjdk/asmtools/jasm/package-summary.html...
2026-10-05T18:28:12.8717057Z   [javadoc] /home/runner/work/M3jdk21/M3jdk21/jtreg/src/build/deps/asmtools/build/binaries/src/org/openjdk/asmtools/jasm/TypeAnnotationTypes.java:28: warning: invalid input: '&'
2026-10-05T18:28:12.8718813Z   [javadoc]  * Type annotation types: target_type, target_info && target_path
2026-10-05T18:28:12.8719898Z   [javadoc]                                                    ^
2026-10-05T18:28:12.8721453Z   [javadoc] /home/runner/work/M3jdk21/M3jdk21/jtreg/src/build/deps/asmtools/build/binaries/src/org/openjdk/asmtools/jasm/TypeAnnotationTypes.java:28: warning: invalid input: '&'
2026-10-05T18:28:12.8723418Z   [javadoc]  * Type annotation types: target_type, target_info && target_path
2026-10-05T18:28:12.8724220Z   [javadoc]                                                     ^
2026-10-05T18:28:12.8725535Z   [javadoc] Generating /home/runner/work/M3jdk21/M3jdk21/jtreg/src/build/deps/asmtools/build/javadoc/org/openjdk/asmtools/jasm/package-tree.html...
2026-10-05T18:28:12.8727553Z   [javadoc] Generating /home/runner/work/M3jdk21/M3jdk21/jtreg/src/build/deps/asmtools/build/javadoc/org/openjdk/asmtools/jcdec/package-summary.html...
2026-10-05T18:28:12.8729795Z   [javadoc] Generating /home/runner/work/M3jdk21/M3jdk21/jtreg/src/build/deps/asmtools/build/javadoc/org/openjdk/asmtools/jcdec/package-tree.html...
2026-10-05T18:28:12.8732016Z   [javadoc] Generating /home/runner/work/M3jdk21/M3jdk21/jtreg/src/build/deps/asmtools/build/javadoc/org/openjdk/asmtools/jcoder/package-summary.html...
2026-10-05T18:28:12.8733990Z   [javadoc] Generating /home/runner/work/M3jdk21/M3jdk21/jtreg/src/build/deps/asmtools/build/javadoc/org/openjdk/asmtools/jcoder/package-tree.html...
2026-10-05T18:28:12.8735904Z   [javadoc] Generating /home/runner/work/M3jdk21/M3jdk21/jtreg/src/build/deps/asmtools/build/javadoc/org/openjdk/asmtools/jdec/package-summary.html...
2026-10-05T18:28:12.8737807Z   [javadoc] Generating /home/runner/work/M3jdk21/M3jdk21/jtreg/src/build/deps/asmtools/build/javadoc/org/openjdk/asmtools/jdec/package-tree.html...
2026-10-05T18:28:12.8740411Z   [javadoc] Generating /home/runner/work/M3jdk21/M3jdk21/jtreg/src/build/deps/asmtools/build/javadoc/org/openjdk/asmtools/jdis/package-summary.html...
2026-10-05T18:28:12.9635351Z   [javadoc] Generating /home/runner/work/M3jdk21/M3jdk21/jtreg/src/build/deps/asmtools/build/javadoc/org/openjdk/asmtools/jdis/package-tree.html...
2026-10-05T18:28:12.9639380Z   [javadoc] Generating /home/runner/work/M3jdk21/M3jdk21/jtreg/src/build/deps/asmtools/build/javadoc/org/openjdk/asmtools/util/package-summary.html...
2026-10-05T18:28:12.9649622Z   [javadoc] Generating /home/runner/work/M3jdk21/M3jdk21/jtreg/src/build/deps/asmtools/build/javadoc/org/openjdk/asmtools/util/package-tree.html...
2026-10-05T18:28:12.9668049Z   [javadoc] Generating /home/runner/work/M3jdk21/M3jdk21/jtreg/src/build/deps/asmtools/build/javadoc/constant-values.html...
2026-10-05T18:28:12.9687930Z   [javadoc] Generating /home/runner/work/M3jdk21/M3jdk21/jtreg/src/build/deps/asmtools/build/javadoc/serialized-form.html...
2026-10-05T18:28:12.9719371Z   [javadoc] Generating /home/runner/work/M3jdk21/M3jdk21/jtreg/src/build/deps/asmtools/build/javadoc/overview-tree.html...
2026-10-05T18:28:12.9750382Z   [javadoc] Generating /home/runner/work/M3jdk21/M3jdk21/jtreg/src/build/deps/asmtools/build/javadoc/index.html...
2026-10-05T18:28:13.0670736Z   [javadoc] Building index for all classes...
2026-10-05T18:28:13.0690772Z   [javadoc] Generating /home/runner/work/M3jdk21/M3jdk21/jtreg/src/build/deps/asmtools/build/javadoc/allclasses-index.html...
2026-10-05T18:28:13.0692778Z   [javadoc] /home/runner/work/M3jdk21/M3jdk21/jtreg/src/build/deps/asmtools/build/binaries/src/org/openjdk/asmtools/jasm/TypeAnnotationTypes.java:28: warning: invalid input: '&'
2026-10-05T18:28:13.0694427Z   [javadoc]  * Type annotation types: target_type, target_info && target_path
2026-10-05T18:28:13.0695195Z   [javadoc]                                                    ^
2026-10-05T18:28:13.0696641Z   [javadoc] /home/runner/work/M3jdk21/M3jdk21/jtreg/src/build/deps/asmtools/build/binaries/src/org/openjdk/asmtools/jasm/TypeAnnotationTypes.java:28: warning: invalid input: '&'
2026-10-05T18:28:13.0698216Z   [javadoc]  * Type annotation types: target_type, target_info && target_path
2026-10-05T18:28:13.0698952Z   [javadoc]                                                     ^
2026-10-05T18:28:13.0720722Z   [javadoc] Generating /home/runner/work/M3jdk21/M3jdk21/jtreg/src/build/deps/asmtools/build/javadoc/allpackages-index.html...
2026-10-05T18:28:13.0722337Z   [javadoc] Generating /home/runner/work/M3jdk21/M3jdk21/jtreg/src/build/deps/asmtools/build/javadoc/index-all.html...
2026-10-05T18:28:13.1761715Z   [javadoc] /home/runner/work/M3jdk21/M3jdk21/jtreg/src/build/deps/asmtools/build/binaries/src/org/openjdk/asmtools/jasm/TypeAnnotationTypes.java:28: warning: invalid input: '&'
2026-10-05T18:28:13.1790102Z   [javadoc]  * Type annotation types: target_type, target_info && target_path
2026-10-05T18:28:13.1799879Z   [javadoc]                                                    ^
2026-10-05T18:28:13.1830687Z   [javadoc] /home/runner/work/M3jdk21/M3jdk21/jtreg/src/build/deps/asmtools/build/binaries/src/org/openjdk/asmtools/jasm/TypeAnnotationTypes.java:28: warning: invalid input: '&'
2026-10-05T18:28:13.1835510Z   [javadoc]  * Type annotation types: target_type, target_info && target_path
2026-10-05T18:28:13.1837086Z   [javadoc]                                                     ^
2026-10-05T18:28:13.1838662Z   [javadoc] Generating /home/runner/work/M3jdk21/M3jdk21/jtreg/src/build/deps/asmtools/build/javadoc/overview-summary.html...
2026-10-05T18:28:13.1840886Z   [javadoc] Generating /home/runner/work/M3jdk21/M3jdk21/jtreg/src/build/deps/asmtools/build/javadoc/help-doc.html...
2026-10-05T18:28:13.2427957Z   [javadoc] 8 warnings
2026-10-05T18:28:13.2497850Z 
2026-10-05T18:28:13.2498485Z devbuild:
2026-10-05T18:28:13.2499295Z 
2026-10-05T18:28:13.2499716Z examples:
2026-10-05T18:28:13.2500171Z 
2026-10-05T18:28:13.2500578Z preparerelease:
2026-10-05T18:28:13.2520264Z      [copy] Copying 1 file to /home/runner/work/M3jdk21/M3jdk21/jtreg/src/build/deps/asmtools/build/release/lib
2026-10-05T18:28:13.2529701Z 
2026-10-05T18:28:13.2530256Z releaseproduct:
2026-10-05T18:28:13.2564122Z       [zip] Building zip: /tmp/asmtools-7.0-build-10-05-2026_06-28-PM/release/asmtools-7.0.zip
2026-10-05T18:28:13.2773789Z      [move] Moving 1 file to /home/runner/work/M3jdk21/M3jdk21/jtreg/src/build/deps/asmtools/build/dist
2026-10-05T18:28:13.2775069Z 
2026-10-05T18:28:13.2778055Z release:
2026-10-05T18:28:13.2778559Z 
2026-10-05T18:28:13.2778869Z build:
2026-10-05T18:28:13.2807074Z 
2026-10-05T18:28:13.2807307Z BUILD SUCCESSFUL
2026-10-05T18:28:13.2807706Z Total time: 7 seconds
2026-10-05T18:28:13.3068639Z [build.sh][INFO] ASMTOOLS_JAR: /home/runner/work/M3jdk21/M3jdk21/jtreg/src/make/../build/deps/asmtools/build/binaries/lib/asmtools.jar
2026-10-05T18:28:13.3070725Z [build.sh][INFO] ASMTOOLS_LICENSE: /home/runner/work/M3jdk21/M3jdk21/jtreg/src/make/../build/deps/asmtools/src/asmtools-7.0-b09/LICENSE
2026-10-05T18:28:13.3093675Z [build.sh][INFO] Downloading https://repo1.maven.org/maven2/org/junit/platform/junit-platform-console-standalone/1.9.2/junit-platform-console-standalone-1.9.2.jar to /home/runner/work/M3jdk21/M3jdk21/jtreg/src/make/../build/deps/junit/junit-platform-console-standalone-1.9.2.jar
2026-10-05T18:28:13.4583021Z [build.sh][INFO] JUNIT_JAR /home/runner/work/M3jdk21/M3jdk21/jtreg/src/make/../build/deps/junit/junit-platform-console-standalone-1.9.2.jar
2026-10-05T18:28:13.4625643Z [build.sh][INFO] JUNIT_LICENSE: /home/runner/work/M3jdk21/M3jdk21/jtreg/src/make/../build/deps/junit-license/LICENSE-junit.txt
2026-10-05T18:28:13.4646753Z [build.sh][INFO] Downloading https://repo1.maven.org/maven2/org/testng/testng/7.3.0/testng-7.3.0.jar to /home/runner/work/M3jdk21/M3jdk21/jtreg/src/make/../build/deps/testng/testng-7.3.0.jar
2026-10-05T18:28:13.5863529Z [build.sh][INFO] TESTNG_JAR: /home/runner/work/M3jdk21/M3jdk21/jtreg/src/make/../build/deps/testng/testng-7.3.0.jar
2026-10-05T18:28:13.5867502Z [build.sh][INFO] Downloading https://raw.githubusercontent.com/cbeust/testng/7.3.0/LICENSE.txt to /home/runner/work/M3jdk21/M3jdk21/jtreg/src/make/../build/deps/testng-license/LICENSE.txt
2026-10-05T18:28:13.7001407Z [build.sh][INFO] TESTNG_LICENSE: /home/runner/work/M3jdk21/M3jdk21/jtreg/src/make/../build/deps/testng-license/LICENSE.txt
2026-10-05T18:28:13.7021451Z [build.sh][INFO] Downloading https://repo1.maven.org/maven2/com/beust/jcommander/1.78/jcommander-1.78.jar to /home/runner/work/M3jdk21/M3jdk21/jtreg/src/make/../build/deps/jcommander/jcommander-1.78.jar
2026-10-05T18:28:13.8106667Z [build.sh][INFO] JCOMMANDER_JAR: /home/runner/work/M3jdk21/M3jdk21/jtreg/src/make/../build/deps/jcommander/jcommander-1.78.jar
2026-10-05T18:28:13.8127328Z [build.sh][INFO] Downloading https://repo1.maven.org/maven2/com/google/inject/guice/4.2.3/guice-4.2.3.jar to /home/runner/work/M3jdk21/M3jdk21/jtreg/src/make/../build/deps/guice/guice-4.2.3.jar
2026-10-05T18:28:13.9365381Z [build.sh][INFO] GOOGLE_GUICE_JAR: /home/runner/work/M3jdk21/M3jdk21/jtreg/src/make/../build/deps/guice/guice-4.2.3.jar
2026-10-05T18:28:13.9374874Z [build.sh][INFO] ASMTOOLS_NOTICES: /home/runner/work/M3jdk21/M3jdk21/jtreg/src/make/../build/deps/asmtools/src/asmtools-7.0-b09/LICENSE
2026-10-05T18:28:13.9391862Z [build.sh][INFO] JTHARNESS_NOTICES: /home/runner/work/M3jdk21/M3jdk21/jtreg/src/make/../build/deps/jtharness/src/jtharness-jt6.0-b24/legal/copyright.txt /home/runner/work/M3jdk21/M3jdk21/jtreg/src/make/../build/deps/jtharness/src/jtharness-jt6.0-b24/LICENSE
2026-10-05T18:28:13.9416475Z [build.sh][INFO] TESTNG_JARS: /home/runner/work/M3jdk21/M3jdk21/jtreg/src/make/../build/deps/testng/testng-7.3.0.jar /home/runner/work/M3jdk21/M3jdk21/jtreg/src/make/../build/deps/guice/guice-4.2.3.jar /home/runner/work/M3jdk21/M3jdk21/jtreg/src/make/../build/deps/jcommander/jcommander-1.78.jar
2026-10-05T18:28:13.9424905Z [build.sh][INFO] TESTNG_NOTICES: /home/runner/work/M3jdk21/M3jdk21/jtreg/src/make/../build/deps/testng-license/LICENSE.txt
2026-10-05T18:28:13.9433772Z [build.sh][INFO] JUNIT_JARS: /home/runner/work/M3jdk21/M3jdk21/jtreg/src/make/../build/deps/junit/junit-platform-console-standalone-1.9.2.jar
2026-10-05T18:28:13.9442285Z [build.sh][INFO] JUNIT_NOTICES: /home/runner/work/M3jdk21/M3jdk21/jtreg/src/make/../build/deps/junit-license/LICENSE-junit.txt
2026-10-05T18:28:13.9444087Z [build.sh][INFO] JTREG_VERSION: 7.2
2026-10-05T18:28:13.9444719Z [build.sh][INFO] JTREG_BUILD_NUMBER: 0
2026-10-05T18:28:13.9445674Z [build.sh][INFO] JTREG_BUILD_MILESTONE: dev
2026-10-05T18:28:13.9447090Z [build.sh][INFO] Checking /home/runner/work/M3jdk21/M3jdk21/jtreg/src/make/../build/deps/ant/apache-ant-1.10.8/bin/ant
2026-10-05T18:28:13.9449332Z [build.sh][INFO] Checking /home/runner/work/M3jdk21/M3jdk21/jtreg/src/make/../build/deps/asmtools/build/binaries/lib/asmtools.jar
2026-10-05T18:28:13.9451314Z [build.sh][INFO] Checking /home/runner/work/M3jdk21/M3jdk21/jtreg/src/make/../build/deps/asmtools/src/asmtools-7.0-b09/LICENSE
2026-10-05T18:28:13.9452441Z [build.sh][INFO] Checking /usr/lib/jvm/temurin-17-jdk-amd64
2026-10-05T18:28:13.9453558Z [build.sh][INFO] Checking /home/runner/work/M3jdk21/M3jdk21/jtreg/src/make/../build/deps/jtharness/build/binaries/lib/javatest.jar
2026-10-05T18:28:13.9460770Z [build.sh][INFO] Checking /home/runner/work/M3jdk21/M3jdk21/jtreg/src/make/../build/deps/jtharness/src/jtharness-jt6.0-b24/legal/copyright.txt
2026-10-05T18:28:13.9462203Z [build.sh][INFO] Checking /home/runner/work/M3jdk21/M3jdk21/jtreg/src/make/../build/deps/jtharness/src/jtharness-jt6.0-b24/LICENSE
2026-10-05T18:28:13.9463336Z [build.sh][INFO] Checking /home/runner/work/M3jdk21/M3jdk21/jtreg/src/make/../build/deps/junit/junit-platform-console-standalone-1.9.2.jar
2026-10-05T18:28:13.9464408Z [build.sh][INFO] Checking /home/runner/work/M3jdk21/M3jdk21/jtreg/src/make/../build/deps/junit-license/LICENSE-junit.txt
2026-10-05T18:28:13.9465340Z [build.sh][INFO] Checking /home/runner/work/M3jdk21/M3jdk21/jtreg/src/make/../build/deps/testng/testng-7.3.0.jar
2026-10-05T18:28:13.9466231Z [build.sh][INFO] Checking /home/runner/work/M3jdk21/M3jdk21/jtreg/src/make/../build/deps/guice/guice-4.2.3.jar
2026-10-05T18:28:13.9467145Z [build.sh][INFO] Checking /home/runner/work/M3jdk21/M3jdk21/jtreg/src/make/../build/deps/jcommander/jcommander-1.78.jar
2026-10-05T18:28:13.9468085Z [build.sh][INFO] Checking /home/runner/work/M3jdk21/M3jdk21/jtreg/src/make/../build/deps/testng-license/LICENSE.txt
2026-10-05T18:28:14.0178679Z /bin/mkdir -p /home/runner/work/M3jdk21/M3jdk21/jtreg/src/build/images/jtreg/bin
2026-10-05T18:28:14.0193527Z /bin/rm -rf /home/runner/work/M3jdk21/M3jdk21/jtreg/src/build/images/jtreg/bin/jtdiff
2026-10-05T18:28:14.0204391Z /bin/cp ../src/share/bin/jtdiff.sh  /home/runner/work/M3jdk21/M3jdk21/jtreg/src/build/images/jtreg/bin/jtdiff
2026-10-05T18:28:14.0226322Z /bin/chmod a+x,a-w /home/runner/work/M3jdk21/M3jdk21/jtreg/src/build/images/jtreg/bin/jtdiff
2026-10-05T18:28:14.0237935Z /bin/mkdir -p /home/runner/work/M3jdk21/M3jdk21/jtreg/src/build/images/jtreg
2026-10-05T18:28:14.0250976Z /bin/rm -rf /home/runner/work/M3jdk21/M3jdk21/jtreg/src/build/images/jtreg/COPYRIGHT
2026-10-05T18:28:14.0261435Z /bin/cp ../COPYRIGHT /home/runner/work/M3jdk21/M3jdk21/jtreg/src/build/images/jtreg/COPYRIGHT
2026-10-05T18:28:14.0277714Z /bin/mkdir -p /home/runner/work/M3jdk21/M3jdk21/jtreg/src/build/images/jtreg/doc/jtreg
2026-10-05T18:28:14.0291977Z /bin/echo '/<header>/{;:a;N;/<\/header>/!ba;};/<h1 class="title">/d' | tr ';' '\n' > /home/runner/work/M3jdk21/M3jdk21/jtreg/src/build/fixupheader
2026-10-05T18:28:14.0312557Z /bin/echo pandoc not available \
2026-10-05T18:28:14.0313020Z     --standalone \
2026-10-05T18:28:14.0313543Z     --include-in-header ../src/share/doc/javatest/regtest/faq-local-style.html \
2026-10-05T18:28:14.0314284Z     --include-before ../src/share/doc/javatest/regtest/faq-intro.html \
2026-10-05T18:28:14.0314820Z     --toc \
2026-10-05T18:28:14.0315083Z     --to html5 \
2026-10-05T18:28:14.0315370Z     --number-sections \
2026-10-05T18:28:14.0315728Z     ../src/share/doc/javatest/regtest/faq.md | \
2026-10-05T18:28:14.0316121Z /bin/sed \
2026-10-05T18:28:14.0316454Z     -e 's/^code > span\.\([a-z][a-z] .*\)/code span.\1/' \
2026-10-05T18:28:14.0316947Z     -e 's/-section-number">0./-section-number">/' \
2026-10-05T18:28:14.0317650Z     -e 's/…/\&hellip;/g' \
2026-10-05T18:28:14.0318034Z     -e 's/™/\&trade;/g' \
2026-10-05T18:28:14.0318495Z     -f  /home/runner/work/M3jdk21/M3jdk21/jtreg/src/build/fixupheader \
2026-10-05T18:28:14.0319007Z      \
2026-10-05T18:28:14.0320039Z     > /home/runner/work/M3jdk21/M3jdk21/jtreg/src/build/images/jtreg/doc/jtreg/faq.html
2026-10-05T18:28:14.0338714Z /bin/mkdir -p /home/runner/work/M3jdk21/M3jdk21/jtreg/src/build/images/jtreg
2026-10-05T18:28:14.0351659Z /bin/cp ../LICENSE /home/runner/work/M3jdk21/M3jdk21/jtreg/src/build/images/jtreg/LICENSE
2026-10-05T18:28:14.0367076Z /bin/mkdir -p /home/runner/work/M3jdk21/M3jdk21/jtreg/src/build/images/jtreg
2026-10-05T18:28:14.0380347Z /bin/rm -rf /home/runner/work/M3jdk21/M3jdk21/jtreg/src/build/images/jtreg/README
2026-10-05T18:28:14.0390703Z /bin/cp ../src/share/doc/javatest/regtest/README /home/runner/work/M3jdk21/M3jdk21/jtreg/src/build/images/jtreg/README
2026-10-05T18:28:14.0405960Z /bin/rm -rf /home/runner/work/M3jdk21/M3jdk21/jtreg/src/build/images/jtreg/doc/jtreg/tag-spec.html
2026-10-05T18:28:14.0416450Z /bin/mkdir -p /home/runner/work/M3jdk21/M3jdk21/jtreg/src/build/images/jtreg/doc/jtreg
2026-10-05T18:28:14.0429561Z /bin/cp ../src/share/doc/javatest/regtest/tag-spec.html /home/runner/work/M3jdk21/M3jdk21/jtreg/src/build/images/jtreg/doc/jtreg/tag-spec.html
2026-10-05T18:28:14.0482561Z /bin/mkdir -p /home/runner/work/M3jdk21/M3jdk21/jtreg/src/build/classes
2026-10-05T18:28:14.0501172Z CLASSPATH="/home/runner/work/M3jdk21/M3jdk21/jtreg/src/build/classes:/home/runner/work/M3jdk21/M3jdk21/jtreg/src/make/../build/deps/jtharness/build/binaries/lib/javatest.jar:/home/runner/work/M3jdk21/M3jdk21/jtreg/src/make/../build/deps/junit/junit-platform-console-standalone-1.9.2.jar:/home/runner/work/M3jdk21/M3jdk21/jtreg/src/make/../build/deps/testng/testng-7.3.0.jar:/home/runner/work/M3jdk21/M3jdk21/jtreg/src/make/../build/deps/guice/guice-4.2.3.jar:/home/runner/work/M3jdk21/M3jdk21/jtreg/src/make/../build/deps/jcommander/jcommander-1.78.jar" \
2026-10-05T18:28:14.0504868Z     /usr/lib/jvm/temurin-17-jdk-amd64/bin/javac --release 8 -Xlint:all,-options,-deprecation -Werror \
2026-10-05T18:28:14.0505703Z 	-d /home/runner/work/M3jdk21/M3jdk21/jtreg/src/build/classes \
2026-10-05T18:28:14.0506200Z 	-encoding ASCII \
2026-10-05T18:28:14.0506473Z 	-g \
2026-10-05T18:28:14.0515067Z 	../src/share/classes/com/sun/javatest/regtest/agent/CompileActionHelper.java ../src/share/classes/com/sun/javatest/regtest/agent/AppletWrapper.java ../src/share/classes/com/sun/javatest/regtest/agent/JavaTestSecurityManager.java ../src/share/classes/com/sun/javatest/regtest/agent/TestNGRunner.java ../src/share/classes/com/sun/javatest/regtest/agent/GetSystemProperty.java ../src/share/classes/com/sun/javatest/regtest/agent/JUnitRunner.java ../src/share/classes/com/sun/javatest/regtest/agent/TestThreadFactoryHelper.java ../src/share/classes/com/sun/javatest/regtest/agent/Flags.java ../src/share/classes/com/sun/javatest/regtest/agent/AStatus.java ../src/share/classes/com/sun/javatest/regtest/agent/SearchPath.java ../src/share/classes/com/sun/javatest/regtest/agent/ModuleHelper.java ../src/share/classes/com/sun/javatest/regtest/agent/ActionHelper.java ../src/share/classes/com/sun/javatest/regtest/agent/Alarm.java ../src/share/classes/com/sun/javatest/regtest/agent/MainWrapper.java ../src/share/classes/com/sun/javatest/regtest/agent/RegressionCompileCommand.java ../src/share/classes/com/sun/javatest/regtest/agent/JDK_Version.java ../src/share/classes/com/sun/javatest/regtest/agent/MainActionHelper.java ../src/share/classes/com/sun/javatest/regtest/agent/package-info.java ../src/share/classes/com/sun/javatest/regtest/agent/GetJDKProperties.java ../src/share/classes/com/sun/javatest/regtest/agent/AgentServer.java ../src/share/classes/com/sun/javatest/regtest/agent/RegressionSecurityManager.java ../src/share/classes/com/sun/javatest/regtest/agent/StringArray.java
2026-10-05T18:28:15.9925723Z echo "classes built at `date`" > /home/runner/work/M3jdk21/M3jdk21/jtreg/src/build/classes.com.sun.javatest.regtest.agent.ok
2026-10-05T18:28:15.9954172Z CLASSPATH="/home/runner/work/M3jdk21/M3jdk21/jtreg/src/build/classes:/home/runner/work/M3jdk21/M3jdk21/jtreg/src/make/../build/deps/jtharness/build/binaries/lib/javatest.jar:/home/runner/work/M3jdk21/M3jdk21/jtreg/src/make/../build/deps/junit/junit-platform-console-standalone-1.9.2.jar:/home/runner/work/M3jdk21/M3jdk21/jtreg/src/make/../build/deps/testng/testng-7.3.0.jar:/home/runner/work/M3jdk21/M3jdk21/jtreg/src/make/../build/deps/guice/guice-4.2.3.jar:/home/runner/work/M3jdk21/M3jdk21/jtreg/src/make/../build/deps/jcommander/jcommander-1.78.jar" \
2026-10-05T18:28:15.9957373Z     /usr/lib/jvm/temurin-17-jdk-amd64/bin/javac --release 11 -Xlint:all,-options,-deprecation -Werror \
2026-10-05T18:28:15.9958138Z 	-d /home/runner/work/M3jdk21/M3jdk21/jtreg/src/build/classes \
2026-10-05T18:28:15.9958596Z 	-encoding ASCII \
2026-10-05T18:28:15.9958848Z 	-g \
2026-10-05T18:28:15.9982158Z 	../src/share/classes/com/sun/javatest/regtest/CheckFiles.java ../src/share/classes/com/sun/javatest/regtest/util/ProcessUtils.java ../src/share/classes/com/sun/javatest/regtest/util/NaturalComparator.java ../src/share/classes/com/sun/javatest/regtest/util/FileUtils.java ../src/share/classes/com/sun/javatest/regtest/util/package-info.java ../src/share/classes/com/sun/javatest/regtest/util/StreamCopier.java ../src/share/classes/com/sun/javatest/regtest/util/StringUtils.java ../src/share/classes/com/sun/javatest/regtest/util/GraphUtils.java ../src/share/classes/com/sun/javatest/regtest/config/JDK.java ../src/share/classes/com/sun/javatest/regtest/config/ExtraPropDefns.java ../src/share/classes/com/sun/javatest/regtest/config/RegressionKeywords.java ../src/share/classes/com/sun/javatest/regtest/config/RegressionTestFinder.java ../src/share/classes/com/sun/javatest/regtest/config/Expr.java ../src/share/classes/com/sun/javatest/regtest/config/Locations.java ../src/share/classes/com/sun/javatest/regtest/config/RegressionContext.java ../src/share/classes/com/sun/javatest/regtest/config/TestProperties.java ../src/share/classes/com/sun/javatest/regtest/config/RegressionTestSuite.java ../src/share/classes/com/sun/javatest/regtest/config/ExecMode.java ../src/share/classes/com/sun/javatest/regtest/config/ParseException.java ../src/share/classes/com/sun/javatest/regtest/config/ObservableTestFilter.java ../src/share/classes/com/sun/javatest/regtest/config/RegressionParameters.java ../src/share/classes/com/sun/javatest/regtest/config/CachingTestFilter.java ../src/share/classes/com/sun/javatest/regtest/config/IgnoreKind.java ../src/share/classes/com/sun/javatest/regtest/config/TestManager.java ../src/share/classes/com/sun/javatest/regtest/config/package-info.java ../src/share/classes/com/sun/javatest/regtest/config/Modules.java ../src/share/classes/com/sun/javatest/regtest/config/RegressionEnvironment.java ../src/share/classes/com/sun/javatest/regtest/config/OS.java ../src/share/classes/com/sun/javatest/regtest/config/GroupManager.java ../src/share/classes/com/sun/javatest/regtest/config/JDKOpts.java ../src/share/classes/com/sun/javatest/regtest/RStatus.java ../src/share/classes/com/sun/javatest/regtest/Main.java ../src/share/classes/com/sun/javatest/regtest/TimeoutHandler.java ../src/share/classes/com/sun/javatest/regtest/BadArgs.java ../src/share/classes/com/sun/javatest/regtest/tool/JtregToolProvider.java ../src/share/classes/com/sun/javatest/regtest/tool/Help.java ../src/share/classes/com/sun/javatest/regtest/tool/Version.java ../src/share/classes/com/sun/javatest/regtest/tool/JarManager.java ../src/share/classes/com/sun/javatest/regtest/tool/RegressionContextManager.java ../src/share/classes/com/sun/javatest/regtest/tool/Startup.java ../src/share/classes/com/sun/javatest/regtest/tool/Option.java ../src/share/classes/com/sun/javatest/regtest/tool/package-info.java ../src/share/classes/com/sun/javatest/regtest/tool/OptionDecoder.java ../src/share/classes/com/sun/javatest/regtest/tool/Tool.java ../src/share/classes/com/sun/javatest/regtest/exec/ShellAction.java ../src/share/classes/com/sun/javatest/regtest/exec/IgnoreAction.java ../src/share/classes/com/sun/javatest/regtest/exec/MainAction.java ../src/share/classes/com/sun/javatest/regtest/exec/DefaultTimeoutHandler.java ../src/share/classes/com/sun/javatest/regtest/exec/JUnitAction.java ../src/share/classes/com/sun/javatest/regtest/exec/TestRunException.java ../src/share/classes/com/sun/javatest/regtest/exec/BuildAction.java ../src/share/classes/com/sun/javatest/regtest/exec/ProcessCommand.java ../src/share/classes/com/sun/javatest/regtest/exec/TestNGAction.java ../src/share/classes/com/sun/javatest/regtest/exec/CompileAction.java ../src/share/classes/com/sun/javatest/regtest/exec/Lock.java ../src/share/classes/com/sun/javatest/regtest/exec/AppletAction.java ../src/share/classes/com/sun/javatest/regtest/exec/DriverAction.java ../src/share/classes/com/sun/javatest/regtest/exec/TimeoutHandlerProvider.java ../src/share/classes/com/sun/javatest/regtest/exec/RegressionScript.java ../src/share/classes/com/sun/javatest/regtest/exec/CleanAction.java ../src/share/classes/com/sun/javatest/regtest/exec/ActionRecorder.java ../src/share/classes/com/sun/javatest/regtest/exec/ScratchDirectory.java ../src/share/classes/com/sun/javatest/regtest/exec/Action.java ../src/share/classes/com/sun/javatest/regtest/exec/package-info.java ../src/share/classes/com/sun/javatest/regtest/exec/Agent.java ../src/share/classes/com/sun/javatest/regtest/exec/ModuleConfig.java ../src/share/classes/com/sun/javatest/regtest/package-info.java ../src/share/classes/com/sun/javatest/regtest/report/Verbose.java ../src/share/classes/com/sun/javatest/regtest/report/ElapsedTimeHandler.java ../src/share/classes/com/sun/javatest/regtest/report/VerboseHandler.java ../src/share/classes/com/sun/javatest/regtest/report/XMLWriter.java ../src/share/classes/com/sun/javatest/regtest/report/RegressionReporter.java ../src/share/classes/com/sun/javatest/regtest/report/BasicObserver.java ../src/share/classes/com/sun/javatest/regtest/report/package-info.java ../src/share/classes/com/sun/javatest/regtest/report/TestStats.java ../src/share/classes/com/sun/javatest/regtest/report/SummaryReporter.java
2026-10-05T18:28:19.7607832Z Note: ../src/share/classes/com/sun/javatest/regtest/TimeoutHandler.java uses or overrides a deprecated API.
2026-10-05T18:28:19.7608989Z Note: Recompile with -Xlint:deprecation for details.
2026-10-05T18:28:19.8025519Z echo "classes built at `date`" > /home/runner/work/M3jdk21/M3jdk21/jtreg/src/build/classes.com.sun.javatest.regtest.ok
2026-10-05T18:28:19.8050063Z /bin/rm -rf -f /home/runner/work/M3jdk21/M3jdk21/jtreg/src/build/classes/com/sun/javatest/regtest/tool/i18n.properties
2026-10-05T18:28:19.8063732Z if [ ! -d /home/runner/work/M3jdk21/M3jdk21/jtreg/src/build/classes/com/sun/javatest/regtest/tool ] ; then /bin/mkdir -p /home/runner/work/M3jdk21/M3jdk21/jtreg/src/build/classes/com/sun/javatest/regtest/tool ; fi
2026-10-05T18:28:19.8072896Z /bin/cp ../src/share/classes/com/sun/javatest/regtest/tool/i18n.properties /home/runner/work/M3jdk21/M3jdk21/jtreg/src/build/classes/com/sun/javatest/regtest/tool/i18n.properties
2026-10-05T18:28:19.8094125Z ( \
2026-10-05T18:28:19.8095123Z     echo "asmtools=asmtools.jar" ; \
2026-10-05T18:28:19.8096058Z     echo "testng=testng-7.3.0.jar guice-4.2.3.jar jcommander-1.78.jar" ; \
2026-10-05T18:28:19.8097331Z     echo "junit=junit-platform-console-standalone-1.9.2.jar" \
2026-10-05T18:28:19.8098323Z ) > /home/runner/work/M3jdk21/M3jdk21/jtreg/src/build/classes/com/sun/javatest/regtest/tool/jars.properties
2026-10-05T18:28:19.8109378Z /usr/lib/jvm/temurin-17-jdk-amd64/bin/java -cp "/home/runner/work/M3jdk21/M3jdk21/jtreg/src/build/classes:/home/runner/work/M3jdk21/M3jdk21/jtreg/src/make/../build/deps/jtharness/build/binaries/lib/javatest.jar" \
2026-10-05T18:28:19.8111632Z     -Dprogram=jtreg com.sun.javatest.regtest.Main -help all > /home/runner/work/M3jdk21/M3jdk21/jtreg/src/build/jtreg-usage.txt
2026-10-05T18:28:19.9916661Z /bin/cp /home/runner/work/M3jdk21/M3jdk21/jtreg/src/build/jtreg-usage.txt /home/runner/work/M3jdk21/M3jdk21/jtreg/src/build/images/jtreg/doc/jtreg/usage.txt
2026-10-05T18:28:19.9937753Z /bin/rm -rf -f /home/runner/work/M3jdk21/M3jdk21/jtreg/src/build/images/jtreg/lib/javatest.jar
2026-10-05T18:28:19.9949762Z /bin/mkdir -p /home/runner/work/M3jdk21/M3jdk21/jtreg/src/build/images/jtreg/lib
2026-10-05T18:28:19.9965418Z /bin/cp /home/runner/work/M3jdk21/M3jdk21/jtreg/src/make/../build/deps/jtharness/build/binaries/lib/javatest.jar /home/runner/work/M3jdk21/M3jdk21/jtreg/src/build/images/jtreg/lib/javatest.jar
2026-10-05T18:28:20.0029570Z CLASSPATH="/home/runner/work/M3jdk21/M3jdk21/jtreg/src/build/classes:/home/runner/work/M3jdk21/M3jdk21/jtreg/src/make/../build/deps/jtharness/build/binaries/lib/javatest.jar:" \
2026-10-05T18:28:20.0031435Z     /usr/lib/jvm/temurin-17-jdk-amd64/bin/javac --release 11 -Xlint:all,-options,-deprecation -Werror \
2026-10-05T18:28:20.0032360Z 	-d /home/runner/work/M3jdk21/M3jdk21/jtreg/src/build/classes \
2026-10-05T18:28:20.0032917Z 	-encoding ASCII \
2026-10-05T18:28:20.0038236Z 	../src/share/classes/com/sun/javatest/diff/Diff.java ../src/share/classes/com/sun/javatest/diff/MultiMap.java ../src/share/classes/com/sun/javatest/diff/Reporter.java ../src/share/classes/com/sun/javatest/diff/Help.java ../src/share/classes/com/sun/javatest/diff/Main.java ../src/share/classes/com/sun/javatest/diff/SimpleReporter.java ../src/share/classes/com/sun/javatest/diff/SuperDiff.java ../src/share/classes/com/sun/javatest/diff/HTMLReporter.java ../src/share/classes/com/sun/javatest/diff/HTMLWriter.java ../src/share/classes/com/sun/javatest/diff/WorkDirectoryReader.java ../src/share/classes/com/sun/javatest/diff/Fault.java ../src/share/classes/com/sun/javatest/diff/DiffReader.java ../src/share/classes/com/sun/javatest/diff/ReportReader.java ../src/share/classes/com/sun/javatest/diff/StatusComparator.java ../src/share/classes/com/sun/javatest/diff/StandardDiff.java
2026-10-05T18:28:21.3262745Z echo "classes built at `date`" > /home/runner/work/M3jdk21/M3jdk21/jtreg/src/build/classes.com.sun.javatest.diff.ok
2026-10-05T18:28:21.3288507Z /bin/rm -rf -f /home/runner/work/M3jdk21/M3jdk21/jtreg/src/build/classes/com/sun/javatest/diff/i18n.properties
2026-10-05T18:28:21.3302523Z if [ ! -d /home/runner/work/M3jdk21/M3jdk21/jtreg/src/build/classes/com/sun/javatest/diff ] ; then /bin/mkdir -p /home/runner/work/M3jdk21/M3jdk21/jtreg/src/build/classes/com/sun/javatest/diff ; fi
2026-10-05T18:28:21.3312100Z /bin/cp ../src/share/classes/com/sun/javatest/diff/i18n.properties /home/runner/work/M3jdk21/M3jdk21/jtreg/src/build/classes/com/sun/javatest/diff/i18n.properties
2026-10-05T18:28:21.3330392Z CLASSPATH= \
2026-10-05T18:28:21.3331988Z     /usr/lib/jvm/temurin-17-jdk-amd64/bin/javac --release 11 -Xlint:all,-options,-deprecation -Werror --release 9 --patch-module java.base=../src/share/classes \
2026-10-05T18:28:21.3333963Z 	-d /home/runner/work/M3jdk21/M3jdk21/jtreg/src/build/classes \
2026-10-05T18:28:21.3334700Z 	-encoding ASCII \
2026-10-05T18:28:21.3335104Z 	-g \
2026-10-05T18:28:21.3335600Z 	../src/share/classes/java/lang/JTRegModuleHelper.java
2026-10-05T18:28:21.9432766Z echo "classes built at `date`" > /home/runner/work/M3jdk21/M3jdk21/jtreg/src/build/classes.java.lang.ok
2026-10-05T18:28:21.9455937Z /bin/rm -rf -f /home/runner/work/M3jdk21/M3jdk21/jtreg/src/build/classes/META-INF/services/java.util.spi.ToolProvider
2026-10-05T18:28:21.9468632Z if [ ! -d /home/runner/work/M3jdk21/M3jdk21/jtreg/src/build/classes/META-INF/services ] ; then /bin/mkdir -p /home/runner/work/M3jdk21/M3jdk21/jtreg/src/build/classes/META-INF/services ; fi
2026-10-05T18:28:21.9492003Z /bin/cp ../src/share/classes/META-INF/services/java.util.spi.ToolProvider /home/runner/work/M3jdk21/M3jdk21/jtreg/src/build/classes/META-INF/services/java.util.spi.ToolProvider
2026-10-05T18:28:21.9508671Z /bin/rm -rf -f /home/runner/work/M3jdk21/M3jdk21/jtreg/src/build/classes/com/sun/javatest/regtest/config/i18n.properties
2026-10-05T18:28:21.9521380Z if [ ! -d /home/runner/work/M3jdk21/M3jdk21/jtreg/src/build/classes/com/sun/javatest/regtest/config ] ; then /bin/mkdir -p /home/runner/work/M3jdk21/M3jdk21/jtreg/src/build/classes/com/sun/javatest/regtest/config ; fi
2026-10-05T18:28:21.9530047Z /bin/cp ../src/share/classes/com/sun/javatest/regtest/config/i18n.properties /home/runner/work/M3jdk21/M3jdk21/jtreg/src/build/classes/com/sun/javatest/regtest/config/i18n.properties
2026-10-05T18:28:21.9546769Z /bin/rm -rf -f /home/runner/work/M3jdk21/M3jdk21/jtreg/src/build/classes/com/sun/javatest/regtest/report/i18n.properties
2026-10-05T18:28:21.9559375Z if [ ! -d /home/runner/work/M3jdk21/M3jdk21/jtreg/src/build/classes/com/sun/javatest/regtest/report ] ; then /bin/mkdir -p /home/runner/work/M3jdk21/M3jdk21/jtreg/src/build/classes/com/sun/javatest/regtest/report ; fi
2026-10-05T18:28:21.9567851Z /bin/cp ../src/share/classes/com/sun/javatest/regtest/report/i18n.properties /home/runner/work/M3jdk21/M3jdk21/jtreg/src/build/classes/com/sun/javatest/regtest/report/i18n.properties
2026-10-05T18:28:21.9584845Z /bin/rm -rf -f /home/runner/work/M3jdk21/M3jdk21/jtreg/src/build/classes/com/sun/javatest/regtest/tool/jtlogo.png
2026-10-05T18:28:21.9597138Z if [ ! -d /home/runner/work/M3jdk21/M3jdk21/jtreg/src/build/classes/com/sun/javatest/regtest/tool ] ; then /bin/mkdir -p /home/runner/work/M3jdk21/M3jdk21/jtreg/src/build/classes/com/sun/javatest/regtest/tool ; fi
2026-10-05T18:28:21.9606095Z /bin/cp ../src/share/classes/com/sun/javatest/regtest/tool/jtlogo.png /home/runner/work/M3jdk21/M3jdk21/jtreg/src/build/classes/com/sun/javatest/regtest/tool/jtlogo.png
2026-10-05T18:28:21.9622198Z /bin/rm -rf -f /home/runner/work/M3jdk21/M3jdk21/jtreg/src/build/images/jtreg/lib/asmtools.jar
2026-10-05T18:28:21.9634481Z /bin/mkdir -p /home/runner/work/M3jdk21/M3jdk21/jtreg/src/build/images/jtreg/lib
2026-10-05T18:28:21.9647139Z /bin/cp /home/runner/work/M3jdk21/M3jdk21/jtreg/src/make/../build/deps/asmtools/build/binaries/lib/asmtools.jar /home/runner/work/M3jdk21/M3jdk21/jtreg/src/build/images/jtreg/lib/asmtools.jar
2026-10-05T18:28:21.9667905Z /bin/rm -rf /home/runner/work/M3jdk21/M3jdk21/jtreg/src/build/images/jtreg/lib/jtreg.jar /home/runner/work/M3jdk21/M3jdk21/jtreg/src/build/jarData/jtreg/lib/jtreg
2026-10-05T18:28:21.9679391Z /bin/mkdir -p /home/runner/work/M3jdk21/M3jdk21/jtreg/src/build/images/jtreg/lib
2026-10-05T18:28:21.9693022Z /bin/mkdir -p /home/runner/work/M3jdk21/M3jdk21/jtreg/src/build/jarData/jtreg/lib/jtreg
2026-10-05T18:28:21.9708051Z ( if [ -n "com.sun.javatest.regtest.Main" ]; then echo "Main-class: com.sun.javatest.regtest.Main" ; fi ; \
2026-10-05T18:28:21.9710061Z   if [ -n "javatest.jar asmtools.jar" ]; then echo "Class-Path: javatest.jar asmtools.jar" ; fi ; \
2026-10-05T18:28:21.9710963Z   echo "jtreg-Name: jtreg" ; \
2026-10-05T18:28:21.9711585Z   if [ -n "7.2-dev+0" ]; then echo "jtreg-VersionString: 7.2-dev+0" ; fi ; \
2026-10-05T18:28:21.9712276Z   echo "jtreg-Version: 7.2" ; \
2026-10-05T18:28:21.9712737Z   echo "jtreg-Milestone: dev" ; \
2026-10-05T18:28:21.9713190Z   echo "jtreg-Build: 0" ; \
2026-10-05T18:28:21.9714125Z   echo "jtreg-BuildJavaVersion: `/usr/lib/jvm/temurin-17-jdk-amd64/bin/java -fullversion 2>&1 | awk '{print $NF}'  | \
2026-10-05T18:28:21.9715200Z 	sed -e 's|^"\(.*\)"$|Java(TM) 2 SDK, Version \1|'`" ; \
2026-10-05T18:28:21.9716064Z   echo "jtreg-BuildDate: `/bin/date +'%B %d, %Y'`" ; \
2026-10-05T18:28:21.9716590Z ) \
2026-10-05T18:28:21.9717226Z 	> /home/runner/work/M3jdk21/M3jdk21/jtreg/src/build/jarData/jtreg/lib/jtreg/manifest.txt
2026-10-05T18:28:21.9774883Z sh pkgsToFiles.sh /home/runner/work/M3jdk21/M3jdk21/jtreg/src/build/classes com.sun.javatest.diff com.sun.javatest.regtest com.sun.javatest.regtest.agent com.sun.javatest.regtest.config com.sun.javatest.regtest.exec com.sun.javatest.regtest.report com.sun.javatest.regtest.tool com.sun.javatest.regtest.util java.lang > /home/runner/work/M3jdk21/M3jdk21/jtreg/src/build/jarData/jtreg/lib/jtreg/includes.txt
2026-10-05T18:28:22.0146024Z /usr/lib/jvm/temurin-17-jdk-amd64/bin/jar -cmf /home/runner/work/M3jdk21/M3jdk21/jtreg/src/build/jarData/jtreg/lib/jtreg/manifest.txt /home/runner/work/M3jdk21/M3jdk21/jtreg/src/build/images/jtreg/lib/jtreg.jar \
2026-10-05T18:28:22.0147384Z     -C .. COPYRIGHT \
2026-10-05T18:28:22.0147984Z     @/home/runner/work/M3jdk21/M3jdk21/jtreg/src/build/jarData/jtreg/lib/jtreg/includes.txt \
2026-10-05T18:28:22.0149501Z     -C /home/runner/work/M3jdk21/M3jdk21/jtreg/src/build/classes META-INF/services/java.util.spi.ToolProvider \
2026-10-05T18:28:22.0150305Z     
2026-10-05T18:28:22.2912070Z /bin/chmod a-w /home/runner/work/M3jdk21/M3jdk21/jtreg/src/build/images/jtreg/lib/jtreg.jar
2026-10-05T18:28:22.2926821Z /bin/rm -rf -f /home/runner/work/M3jdk21/M3jdk21/jtreg/src/build/images/jtreg/legal/jtharness/copyright.txt
2026-10-05T18:28:22.2939853Z /bin/mkdir -p /home/runner/work/M3jdk21/M3jdk21/jtreg/src/build/images/jtreg/legal/jtharness
2026-10-05T18:28:22.2955891Z /bin/cp /home/runner/work/M3jdk21/M3jdk21/jtreg/src/make/../build/deps/jtharness/src/jtharness-jt6.0-b24/legal/copyright.txt /home/runner/work/M3jdk21/M3jdk21/jtreg/src/build/images/jtreg/legal/jtharness/copyright.txt
2026-10-05T18:28:22.2973624Z /bin/rm -rf -f /home/runner/work/M3jdk21/M3jdk21/jtreg/src/build/images/jtreg/legal/jtharness/LICENSE
2026-10-05T18:28:22.2985958Z /bin/mkdir -p /home/runner/work/M3jdk21/M3jdk21/jtreg/src/build/images/jtreg/legal/jtharness
2026-10-05T18:28:22.3001476Z /bin/cp /home/runner/work/M3jdk21/M3jdk21/jtreg/src/make/../build/deps/jtharness/src/jtharness-jt6.0-b24/LICENSE /home/runner/work/M3jdk21/M3jdk21/jtreg/src/build/images/jtreg/legal/jtharness/LICENSE
2026-10-05T18:28:22.3017538Z /bin/rm -rf -f /home/runner/work/M3jdk21/M3jdk21/jtreg/src/build/images/jtreg/lib/junit-platform-console-standalone-1.9.2.jar
2026-10-05T18:28:22.3028212Z /bin/mkdir -p /home/runner/work/M3jdk21/M3jdk21/jtreg/src/build/images/jtreg/lib
2026-10-05T18:28:22.3044838Z /bin/cp /home/runner/work/M3jdk21/M3jdk21/jtreg/src/make/../build/deps/junit/junit-platform-console-standalone-1.9.2.jar /home/runner/work/M3jdk21/M3jdk21/jtreg/src/build/images/jtreg/lib/junit-platform-console-standalone-1.9.2.jar
2026-10-05T18:28:22.3084365Z /bin/rm -rf -f /home/runner/work/M3jdk21/M3jdk21/jtreg/src/build/images/jtreg/legal/junit/LICENSE-junit.txt
2026-10-05T18:28:22.3098234Z /bin/mkdir -p /home/runner/work/M3jdk21/M3jdk21/jtreg/src/build/images/jtreg/legal/junit
2026-10-05T18:28:22.3114032Z /bin/cp /home/runner/work/M3jdk21/M3jdk21/jtreg/src/make/../build/deps/junit-license/LICENSE-junit.txt /home/runner/work/M3jdk21/M3jdk21/jtreg/src/build/images/jtreg/legal/junit/LICENSE-junit.txt
2026-10-05T18:28:22.3130191Z /bin/rm -rf -f /home/runner/work/M3jdk21/M3jdk21/jtreg/src/build/images/jtreg/lib/testng-7.3.0.jar
2026-10-05T18:28:22.3140264Z /bin/mkdir -p /home/runner/work/M3jdk21/M3jdk21/jtreg/src/build/images/jtreg/lib
2026-10-05T18:28:22.3154977Z /bin/cp /home/runner/work/M3jdk21/M3jdk21/jtreg/src/make/../build/deps/testng/testng-7.3.0.jar /home/runner/work/M3jdk21/M3jdk21/jtreg/src/build/images/jtreg/lib/testng-7.3.0.jar
2026-10-05T18:28:22.3178870Z /bin/rm -rf -f /home/runner/work/M3jdk21/M3jdk21/jtreg/src/build/images/jtreg/lib/guice-4.2.3.jar
2026-10-05T18:28:22.3189877Z /bin/mkdir -p /home/runner/work/M3jdk21/M3jdk21/jtreg/src/build/images/jtreg/lib
2026-10-05T18:28:22.3204460Z /bin/cp /home/runner/work/M3jdk21/M3jdk21/jtreg/src/make/../build/deps/guice/guice-4.2.3.jar /home/runner/work/M3jdk21/M3jdk21/jtreg/src/build/images/jtreg/lib/guice-4.2.3.jar
2026-10-05T18:28:22.3227824Z /bin/rm -rf -f /home/runner/work/M3jdk21/M3jdk21/jtreg/src/build/images/jtreg/lib/jcommander-1.78.jar
2026-10-05T18:28:22.3238524Z /bin/mkdir -p /home/runner/work/M3jdk21/M3jdk21/jtreg/src/build/images/jtreg/lib
2026-10-05T18:28:22.3253484Z /bin/cp /home/runner/work/M3jdk21/M3jdk21/jtreg/src/make/../build/deps/jcommander/jcommander-1.78.jar /home/runner/work/M3jdk21/M3jdk21/jtreg/src/build/images/jtreg/lib/jcommander-1.78.jar
2026-10-05T18:28:22.3271367Z /bin/rm -rf -f /home/runner/work/M3jdk21/M3jdk21/jtreg/src/build/images/jtreg/legal/testng/LICENSE.txt
2026-10-05T18:28:22.3282883Z /bin/mkdir -p /home/runner/work/M3jdk21/M3jdk21/jtreg/src/build/images/jtreg/legal/testng
2026-10-05T18:28:22.3298611Z /bin/cp /home/runner/work/M3jdk21/M3jdk21/jtreg/src/make/../build/deps/testng-license/LICENSE.txt /home/runner/work/M3jdk21/M3jdk21/jtreg/src/build/images/jtreg/legal/testng/LICENSE.txt
2026-10-05T18:28:22.3313820Z /bin/rm -rf -f /home/runner/work/M3jdk21/M3jdk21/jtreg/src/build/images/jtreg/legal/asmtools/LICENSE
2026-10-05T18:28:22.3325668Z /bin/mkdir -p /home/runner/work/M3jdk21/M3jdk21/jtreg/src/build/images/jtreg/legal/asmtools
2026-10-05T18:28:22.3340276Z /bin/cp /home/runner/work/M3jdk21/M3jdk21/jtreg/src/make/../build/deps/asmtools/src/asmtools-7.0-b09/LICENSE /home/runner/work/M3jdk21/M3jdk21/jtreg/src/build/images/jtreg/legal/asmtools/LICENSE
2026-10-05T18:28:22.3354855Z /bin/mkdir -p /home/runner/work/M3jdk21/M3jdk21/jtreg/src/build/images/jtreg/bin
2026-10-05T18:28:22.3367924Z /bin/rm -rf /home/runner/work/M3jdk21/M3jdk21/jtreg/src/build/images/jtreg/bin/jtreg
2026-10-05T18:28:22.3378738Z /bin/cp ../src/share/bin/jtreg.sh  /home/runner/work/M3jdk21/M3jdk21/jtreg/src/build/images/jtreg/bin/jtreg
2026-10-05T18:28:22.3394168Z /bin/chmod a+x,a-w /home/runner/work/M3jdk21/M3jdk21/jtreg/src/build/images/jtreg/bin/jtreg
2026-10-05T18:28:22.3405136Z echo "JTREG_VERSION=7.2 0" > /home/runner/work/M3jdk21/M3jdk21/jtreg/src/build/images/jtreg/release
2026-10-05T18:28:22.3415628Z echo "BUILD_DATE=`/bin/date +'%B %d, %Y'`" >> /home/runner/work/M3jdk21/M3jdk21/jtreg/src/build/images/jtreg/release
2026-10-05T18:28:22.3436709Z if [ -r ../.git ]; then \
2026-10-05T18:28:22.3438308Z     echo "SOURCE=$(/usr/bin/printf "git:%s%s\n" "$(git log -n1 --format=%H | cut -c1-12)" "$(if test -n "$(git status --porcelain)"; then printf '+'; fi)")" >> /home/runner/work/M3jdk21/M3jdk21/jtreg/src/build/images/jtreg/release ; \
2026-10-05T18:28:22.3440030Z elif [ -n "" -a -r  ]; then \
2026-10-05T18:28:22.3440927Z     echo "SOURCE=\"$(/bin/cat  | /bin/sed -e 's/:/:git:/' -e 's/  *$//')\"" >> /home/runner/work/M3jdk21/M3jdk21/jtreg/src/build/images/jtreg/release ; \
2026-10-05T18:28:22.3441853Z fi
2026-10-05T18:28:22.3638604Z /bin/rm -rf /home/runner/work/M3jdk21/M3jdk21/jtreg/src/build/images/jtreg.zip
2026-10-05T18:28:22.3652330Z cd /home/runner/work/M3jdk21/M3jdk21/jtreg/src/build/images; /usr/bin/zip -rq /home/runner/work/M3jdk21/M3jdk21/jtreg/src/build/images/jtreg.zip jtreg
2026-10-05T18:28:22.6854849Z ##[end-action id=jtreg.__run;outcome=success;conclusion=success;duration_ms=100657]
2026-10-05T18:28:22.6858228Z ##[start-action display=Export path to where JTReg is installed;id=jtreg.path-name]
2026-10-05T18:28:22.6880196Z ##[group]Run # Export the path
2026-10-05T18:28:22.6880732Z [36;1m# Export the path[0m
2026-10-05T18:28:22.6881144Z [36;1mecho 'path=jtreg/installed' >> $GITHUB_OUTPUT[0m
2026-10-05T18:28:22.6954035Z shell: /usr/bin/bash --noprofile --norc -e -o pipefail {0}
2026-10-05T18:28:22.6954570Z ##[endgroup]
2026-10-05T18:28:22.7056051Z ##[end-action id=jtreg.path-name;outcome=success;conclusion=success;duration_ms=19]
2026-10-05T18:28:22.7106150Z Prepare all required actions
2026-10-05T18:28:22.7106778Z Getting action download info
2026-10-05T18:28:23.0373672Z ##[group]Run ./.github/actions/get-gtest
2026-10-05T18:28:23.0374157Z ##[endgroup]
2026-10-05T18:28:23.0378078Z ##[start-action display=Get GTest version configuration;id=gtest.version]
2026-10-05T18:28:23.0397891Z Prepare all required actions
2026-10-05T18:28:23.0427857Z ##[group]Run ./.github/actions/config
2026-10-05T18:28:23.0428132Z with:
2026-10-05T18:28:23.0428325Z   var: GTEST_VERSION
2026-10-05T18:28:23.0428539Z ##[endgroup]
2026-10-05T18:28:23.0431554Z ##[start-action display=Read configuration variable from repo;id=gtest.version.read-config]
2026-10-05T18:28:23.0447733Z ##[group]Run # Extract value from configuration file
2026-10-05T18:28:23.0448126Z [36;1m# Extract value from configuration file[0m
2026-10-05T18:28:23.0448629Z [36;1mvalue="$(grep -h GTEST_VERSION= make/conf/github-actions.conf | cut -d '=' -f 2-)"[0m
2026-10-05T18:28:23.0449368Z [36;1mecho "value=$value" >> $GITHUB_OUTPUT[0m
2026-10-05T18:28:23.0521308Z shell: /usr/bin/bash --noprofile --norc -e -o pipefail {0}
2026-10-05T18:28:23.0521740Z ##[endgroup]
2026-10-05T18:28:23.0654366Z ##[end-action id=gtest.version.read-config;outcome=success;conclusion=success;duration_ms=22]
2026-10-05T18:28:23.0661714Z ##[end-action id=gtest.version;outcome=success;conclusion=success;duration_ms=28]
2026-10-05T18:28:23.0664270Z ##[start-action display=Checkout GTest source;id=gtest.__actions_checkout]
2026-10-05T18:28:23.0744381Z ##[group]Run actions/checkout@v3
2026-10-05T18:28:23.0744667Z with:
2026-10-05T18:28:23.0744895Z   repository: google/googletest
2026-10-05T18:28:23.0745178Z   ref: v1.13.0
2026-10-05T18:28:23.0745405Z   path: gtest
2026-10-05T18:28:23.0749403Z   token: ***
2026-10-05T18:28:23.0749651Z   ssh-strict: true
2026-10-05T18:28:23.0749916Z   persist-credentials: true
2026-10-05T18:28:23.0750195Z   clean: true
2026-10-05T18:28:23.0750442Z   sparse-checkout-cone-mode: true
2026-10-05T18:28:23.0750769Z   fetch-depth: 1
2026-10-05T18:28:23.0751003Z   fetch-tags: false
2026-10-05T18:28:23.0751233Z   lfs: false
2026-10-05T18:28:23.0751452Z   submodules: false
2026-10-05T18:28:23.0751714Z   set-safe-directory: true
2026-10-05T18:28:23.0752008Z   allow-unsafe-pr-checkout: false
2026-10-05T18:28:23.0752303Z ##[endgroup]
2026-10-05T18:28:23.1539725Z (node:3036) [DEP0040] DeprecationWarning: The `punycode` module is deprecated. Please use a userland alternative instead.
2026-10-05T18:28:23.1540844Z (Use `node --trace-deprecation ...` to show where the warning was created)
2026-10-05T18:28:23.1554336Z Syncing repository: google/googletest
2026-10-05T18:28:23.1561752Z ##[group]Getting Git version info
2026-10-05T18:28:23.1563082Z Working directory is '/home/runner/work/M3jdk21/M3jdk21/gtest'
2026-10-05T18:28:23.1597121Z [command]/usr/bin/git version
2026-10-05T18:28:23.1637477Z git version 2.55.0
2026-10-05T18:28:23.1659705Z ##[endgroup]
2026-10-05T18:28:23.1671985Z Temporarily overriding HOME='/home/runner/work/_temp/eaf9e23c-6fc6-45eb-9558-06af401dfeb8' before making global git config changes
2026-10-05T18:28:23.1673224Z Adding repository directory to the temporary git global config as a safe directory
2026-10-05T18:28:23.1677222Z [command]/usr/bin/git config --global --add safe.directory /home/runner/work/M3jdk21/M3jdk21/gtest
2026-10-05T18:28:23.1713705Z ##[group]Initializing the repository
2026-10-05T18:28:23.1717301Z [command]/usr/bin/git init /home/runner/work/M3jdk21/M3jdk21/gtest
2026-10-05T18:28:23.1762956Z hint: Using 'master' as the name for the initial branch. This default branch name
2026-10-05T18:28:23.1764158Z hint: will change to "main" in Git 3.0. To configure the initial branch name
2026-10-05T18:28:23.1765364Z hint: to use in all of your new repositories, which will suppress this warning,
2026-10-05T18:28:23.1766247Z hint: call:
2026-10-05T18:28:23.1766623Z hint:
2026-10-05T18:28:23.1766954Z hint: 	git config --global init.defaultBranch <name>
2026-10-05T18:28:23.1767339Z hint:
2026-10-05T18:28:23.1767998Z hint: Names commonly chosen instead of 'master' are 'main', 'trunk' and
2026-10-05T18:28:23.1768658Z hint: 'development'. The just-created branch can be renamed via this command:
2026-10-05T18:28:23.1769843Z hint:
2026-10-05T18:28:23.1770101Z hint: 	git branch -m <name>
2026-10-05T18:28:23.1770399Z hint:
2026-10-05T18:28:23.1770810Z hint: Disable this message with "git config set advice.defaultBranchName false"
2026-10-05T18:28:23.1771530Z Initialized empty Git repository in /home/runner/work/M3jdk21/M3jdk21/gtest/.git/
2026-10-05T18:28:23.1775851Z [command]/usr/bin/git remote add origin https://github.com/google/googletest
2026-10-05T18:28:23.1811469Z ##[endgroup]
2026-10-05T18:28:23.1812015Z ##[group]Disabling automatic garbage collection
2026-10-05T18:28:23.1814417Z [command]/usr/bin/git config --local gc.auto 0
2026-10-05T18:28:23.1847118Z ##[endgroup]
2026-10-05T18:28:23.1848175Z ##[group]Setting up auth
2026-10-05T18:28:23.1855906Z [command]/usr/bin/git config --local --name-only --get-regexp core\.sshCommand
2026-10-05T18:28:23.1896283Z [command]/usr/bin/git submodule foreach --recursive sh -c "git config --local --name-only --get-regexp 'core\.sshCommand' && git config --local --unset-all 'core.sshCommand' || :"
2026-10-05T18:28:23.2162251Z [command]/usr/bin/git config --local --name-only --get-regexp http\.https\:\/\/github\.com\/\.extraheader
2026-10-05T18:28:23.2200372Z [command]/usr/bin/git submodule foreach --recursive sh -c "git config --local --name-only --get-regexp 'http\.https\:\/\/github\.com\/\.extraheader' && git config --local --unset-all 'http.https://github.com/.extraheader' || :"
2026-10-05T18:28:23.2475231Z [command]/usr/bin/git config --local http.https://github.com/.extraheader AUTHORIZATION: basic ***
2026-10-05T18:28:23.2518519Z ##[endgroup]
2026-10-05T18:28:23.2519564Z ##[group]Fetching the repository
2026-10-05T18:28:23.2527936Z [command]/usr/bin/git -c protocol.version=2 fetch --no-tags --prune --progress --no-recurse-submodules --depth=1 origin +refs/heads/v1.13.0*:refs/remotes/origin/v1.13.0* +refs/tags/v1.13.0*:refs/tags/v1.13.0*
2026-10-05T18:28:23.5953845Z remote: Enumerating objects: 274, done.        
2026-10-05T18:28:23.5954616Z remote: Counting objects:   0% (1/274)        
2026-10-05T18:28:23.5955247Z remote: Counting objects:   1% (3/274)        
2026-10-05T18:28:23.5956120Z remote: Counting objects:   2% (6/274)        
2026-10-05T18:28:23.5957116Z remote: Counting objects:   3% (9/274)        
2026-10-05T18:28:23.5957918Z remote: Counting objects:   4% (11/274)        
2026-10-05T18:28:23.5958544Z remote: Counting objects:   5% (14/274)        
2026-10-05T18:28:23.5959857Z remote: Counting objects:   6% (17/274)        
2026-10-05T18:28:23.5960995Z remote: Counting objects:   7% (20/274)        
2026-10-05T18:28:23.5962085Z remote: Counting objects:   8% (22/274)        
2026-10-05T18:28:23.5963039Z remote: Counting objects:   9% (25/274)        
2026-10-05T18:28:23.5963954Z remote: Counting objects:  10% (28/274)        
2026-10-05T18:28:23.5964884Z remote: Counting objects:  11% (31/274)        
2026-10-05T18:28:23.5965800Z remote: Counting objects:  12% (33/274)        
2026-10-05T18:28:23.5966708Z remote: Counting objects:  13% (36/274)        
2026-10-05T18:28:23.5967553Z remote: Counting objects:  14% (39/274)        
2026-10-05T18:28:23.5968096Z remote: Counting objects:  15% (42/274)        
2026-10-05T18:28:23.5968622Z remote: Counting objects:  16% (44/274)        
2026-10-05T18:28:23.5969417Z remote: Counting objects:  17% (47/274)        
2026-10-05T18:28:23.5969963Z remote: Counting objects:  18% (50/274)        
2026-10-05T18:28:23.5970536Z remote: Counting objects:  19% (53/274)        
2026-10-05T18:28:23.5971064Z remote: Counting objects:  20% (55/274)        
2026-10-05T18:28:23.5971593Z remote: Counting objects:  21% (58/274)        
2026-10-05T18:28:23.5972118Z remote: Counting objects:  22% (61/274)        
2026-10-05T18:28:23.5972597Z remote: Counting objects:  23% (64/274)        
2026-10-05T18:28:23.5973315Z remote: Counting objects:  24% (66/274)        
2026-10-05T18:28:23.5973741Z remote: Counting objects:  25% (69/274)        
2026-10-05T18:28:23.5974160Z remote: Counting objects:  26% (72/274)        
2026-10-05T18:28:23.5974750Z remote: Counting objects:  27% (74/274)        
2026-10-05T18:28:23.5975173Z remote: Counting objects:  28% (77/274)        
2026-10-05T18:28:23.5975593Z remote: Counting objects:  29% (80/274)        
2026-10-05T18:28:23.5976007Z remote: Counting objects:  30% (83/274)        
2026-10-05T18:28:23.5976426Z remote: Counting objects:  31% (85/274)        
2026-10-05T18:28:23.5976850Z remote: Counting objects:  32% (88/274)        
2026-10-05T18:28:23.5977266Z remote: Counting objects:  33% (91/274)        
2026-10-05T18:28:23.5977680Z remote: Counting objects:  34% (94/274)        
2026-10-05T18:28:23.5978098Z remote: Counting objects:  35% (96/274)        
2026-10-05T18:28:23.5978513Z remote: Counting objects:  36% (99/274)        
2026-10-05T18:28:23.5978943Z remote: Counting objects:  37% (102/274)        
2026-10-05T18:28:23.5979768Z remote: Counting objects:  38% (105/274)        
2026-10-05T18:28:23.5980202Z remote: Counting objects:  39% (107/274)        
2026-10-05T18:28:23.5980630Z remote: Counting objects:  40% (110/274)        
2026-10-05T18:28:23.5981051Z remote: Counting objects:  41% (113/274)        
2026-10-05T18:28:23.5981482Z remote: Counting objects:  42% (116/274)        
2026-10-05T18:28:23.5981903Z remote: Counting objects:  43% (118/274)        
2026-10-05T18:28:23.5982323Z remote: Counting objects:  44% (121/274)        
2026-10-05T18:28:23.5982707Z remote: Counting objects:  45% (124/274)        
2026-10-05T18:28:23.5983090Z remote: Counting objects:  46% (127/274)        
2026-10-05T18:28:23.5983474Z remote: Counting objects:  47% (129/274)        
2026-10-05T18:28:23.5983861Z remote: Counting objects:  48% (132/274)        
2026-10-05T18:28:23.5984243Z remote: Counting objects:  49% (135/274)        
2026-10-05T18:28:23.5984625Z remote: Counting objects:  50% (137/274)        
2026-10-05T18:28:23.5985026Z remote: Counting objects:  51% (140/274)        
2026-10-05T18:28:23.5985410Z remote: Counting objects:  52% (143/274)        
2026-10-05T18:28:23.5985797Z remote: Counting objects:  53% (146/274)        
2026-10-05T18:28:23.5986180Z remote: Counting objects:  54% (148/274)        
2026-10-05T18:28:23.5986564Z remote: Counting objects:  55% (151/274)        
2026-10-05T18:28:23.5986944Z remote: Counting objects:  56% (154/274)        
2026-10-05T18:28:23.5987325Z remote: Counting objects:  57% (157/274)        
2026-10-05T18:28:23.5987720Z remote: Counting objects:  58% (159/274)        
2026-10-05T18:28:23.5988102Z remote: Counting objects:  59% (162/274)        
2026-10-05T18:28:23.5988493Z remote: Counting objects:  60% (165/274)        
2026-10-05T18:28:23.5988873Z remote: Counting objects:  61% (168/274)        
2026-10-05T18:28:23.5989478Z remote: Counting objects:  62% (170/274)        
2026-10-05T18:28:23.5989869Z remote: Counting objects:  63% (173/274)        
2026-10-05T18:28:23.5990260Z remote: Counting objects:  64% (176/274)        
2026-10-05T18:28:23.5990642Z remote: Counting objects:  65% (179/274)        
2026-10-05T18:28:23.5991031Z remote: Counting objects:  66% (181/274)        
2026-10-05T18:28:23.5991413Z remote: Counting objects:  67% (184/274)        
2026-10-05T18:28:23.5991796Z remote: Counting objects:  68% (187/274)        
2026-10-05T18:28:23.5992181Z remote: Counting objects:  69% (190/274)        
2026-10-05T18:28:23.5992573Z remote: Counting objects:  70% (192/274)        
2026-10-05T18:28:23.5992956Z remote: Counting objects:  71% (195/274)        
2026-10-05T18:28:23.5993338Z remote: Counting objects:  72% (198/274)        
2026-10-05T18:28:23.5993723Z remote: Counting objects:  73% (201/274)        
2026-10-05T18:28:23.5994109Z remote: Counting objects:  74% (203/274)        
2026-10-05T18:28:23.5994493Z remote: Counting objects:  75% (206/274)        
2026-10-05T18:28:23.5994882Z remote: Counting objects:  76% (209/274)        
2026-10-05T18:28:23.5995426Z remote: Counting objects:  77% (211/274)        
2026-10-05T18:28:23.5995815Z remote: Counting objects:  78% (214/274)        
2026-10-05T18:28:23.5996207Z remote: Counting objects:  79% (217/274)        
2026-10-05T18:28:23.5996715Z remote: Counting objects:  80% (220/274)        
2026-10-05T18:28:23.5997098Z remote: Counting objects:  81% (222/274)        
2026-10-05T18:28:23.5997483Z remote: Counting objects:  82% (225/274)        
2026-10-05T18:28:23.6314779Z remote: Counting objects:  83% (228/274)        
2026-10-05T18:28:23.6317077Z remote: Counting objects:  84% (231/274)        
2026-10-05T18:28:23.6318275Z remote: Counting objects:  85% (233/274)        
2026-10-05T18:28:23.6319737Z remote: Counting objects:  86% (236/274)        
2026-10-05T18:28:23.6320899Z remote: Counting objects:  87% (239/274)        
2026-10-05T18:28:23.6322059Z remote: Counting objects:  88% (242/274)        
2026-10-05T18:28:23.6322981Z remote: Counting objects:  89% (244/274)        
2026-10-05T18:28:23.6323537Z remote: Counting objects:  90% (247/274)        
2026-10-05T18:28:23.6324084Z remote: Counting objects:  91% (250/274)        
2026-10-05T18:28:23.6324620Z remote: Counting objects:  92% (253/274)        
2026-10-05T18:28:23.6325162Z remote: Counting objects:  93% (255/274)        
2026-10-05T18:28:23.6325694Z remote: Counting objects:  94% (258/274)        
2026-10-05T18:28:23.6326226Z remote: Counting objects:  95% (261/274)        
2026-10-05T18:28:23.6326761Z remote: Counting objects:  96% (264/274)        
2026-10-05T18:28:23.6327293Z remote: Counting objects:  97% (266/274)        
2026-10-05T18:28:23.6327823Z remote: Counting objects:  98% (269/274)        
2026-10-05T18:28:23.6328354Z remote: Counting objects:  99% (272/274)        
2026-10-05T18:28:23.6328900Z remote: Counting objects: 100% (274/274)        
2026-10-05T18:28:23.6329795Z remote: Counting objects: 100% (274/274), done.        
2026-10-05T18:28:23.6330405Z remote: Compressing objects:   0% (1/222)        
2026-10-05T18:28:23.6330979Z remote: Compressing objects:   1% (3/222)        
2026-10-05T18:28:23.6331528Z remote: Compressing objects:   2% (5/222)        
2026-10-05T18:28:23.6332078Z remote: Compressing objects:   3% (7/222)        
2026-10-05T18:28:23.6332639Z remote: Compressing objects:   4% (9/222)        
2026-10-05T18:28:23.6333185Z remote: Compressing objects:   5% (12/222)        
2026-10-05T18:28:23.6333637Z remote: Compressing objects:   6% (14/222)        
2026-10-05T18:28:23.6334081Z remote: Compressing objects:   7% (16/222)        
2026-10-05T18:28:23.6334527Z remote: Compressing objects:   8% (18/222)        
2026-10-05T18:28:23.6334966Z remote: Compressing objects:   9% (20/222)        
2026-10-05T18:28:23.6335407Z remote: Compressing objects:  10% (23/222)        
2026-10-05T18:28:23.6335849Z remote: Compressing objects:  11% (25/222)        
2026-10-05T18:28:23.6336284Z remote: Compressing objects:  12% (27/222)        
2026-10-05T18:28:23.6336723Z remote: Compressing objects:  13% (29/222)        
2026-10-05T18:28:23.6337163Z remote: Compressing objects:  14% (32/222)        
2026-10-05T18:28:23.6337607Z remote: Compressing objects:  15% (34/222)        
2026-10-05T18:28:23.6338046Z remote: Compressing objects:  16% (36/222)        
2026-10-05T18:28:23.6338496Z remote: Compressing objects:  17% (38/222)        
2026-10-05T18:28:23.6338937Z remote: Compressing objects:  18% (40/222)        
2026-10-05T18:28:23.6339603Z remote: Compressing objects:  19% (43/222)        
2026-10-05T18:28:23.6340045Z remote: Compressing objects:  20% (45/222)        
2026-10-05T18:28:23.6340486Z remote: Compressing objects:  21% (47/222)        
2026-10-05T18:28:23.6340935Z remote: Compressing objects:  22% (49/222)        
2026-10-05T18:28:23.6676451Z remote: Compressing objects:  23% (52/222)        
2026-10-05T18:28:23.6677504Z remote: Compressing objects:  24% (54/222)        
2026-10-05T18:28:23.6678620Z remote: Compressing objects:  25% (56/222)        
2026-10-05T18:28:23.6679903Z remote: Compressing objects:  26% (58/222)        
2026-10-05T18:28:23.6680926Z remote: Compressing objects:  27% (60/222)        
2026-10-05T18:28:23.6681565Z remote: Compressing objects:  28% (63/222)        
2026-10-05T18:28:23.6682377Z remote: Compressing objects:  29% (65/222)        
2026-10-05T18:28:23.6683046Z remote: Compressing objects:  30% (67/222)        
2026-10-05T18:28:23.6683674Z remote: Compressing objects:  31% (69/222)        
2026-10-05T18:28:23.6684246Z remote: Compressing objects:  32% (72/222)        
2026-10-05T18:28:23.6684803Z remote: Compressing objects:  33% (74/222)        
2026-10-05T18:28:23.6685365Z remote: Compressing objects:  34% (76/222)        
2026-10-05T18:28:23.6685922Z remote: Compressing objects:  35% (78/222)        
2026-10-05T18:28:23.6686477Z remote: Compressing objects:  36% (80/222)        
2026-10-05T18:28:23.6687034Z remote: Compressing objects:  37% (83/222)        
2026-10-05T18:28:23.6687588Z remote: Compressing objects:  38% (85/222)        
2026-10-05T18:28:23.6688147Z remote: Compressing objects:  39% (87/222)        
2026-10-05T18:28:23.6688698Z remote: Compressing objects:  40% (89/222)        
2026-10-05T18:28:23.6689538Z remote: Compressing objects:  41% (92/222)        
2026-10-05T18:28:23.6690121Z remote: Compressing objects:  42% (94/222)        
2026-10-05T18:28:23.6690683Z remote: Compressing objects:  43% (96/222)        
2026-10-05T18:28:23.7034549Z remote: Compressing objects:  44% (98/222)        
2026-10-05T18:28:23.7035133Z remote: Compressing objects:  45% (100/222)        
2026-10-05T18:28:23.7035975Z remote: Compressing objects:  46% (103/222)        
2026-10-05T18:28:23.7036825Z remote: Compressing objects:  47% (105/222)        
2026-10-05T18:28:23.7037688Z remote: Compressing objects:  48% (107/222)        
2026-10-05T18:28:23.7038452Z remote: Compressing objects:  49% (109/222)        
2026-10-05T18:28:23.7038973Z remote: Compressing objects:  50% (111/222)        
2026-10-05T18:28:23.7039894Z remote: Compressing objects:  51% (114/222)        
2026-10-05T18:28:23.7040433Z remote: Compressing objects:  52% (116/222)        
2026-10-05T18:28:23.7040940Z remote: Compressing objects:  53% (118/222)        
2026-10-05T18:28:23.7041440Z remote: Compressing objects:  54% (120/222)        
2026-10-05T18:28:23.7041954Z remote: Compressing objects:  55% (123/222)        
2026-10-05T18:28:23.7042459Z remote: Compressing objects:  56% (125/222)        
2026-10-05T18:28:23.7042958Z remote: Compressing objects:  57% (127/222)        
2026-10-05T18:28:23.7043456Z remote: Compressing objects:  58% (129/222)        
2026-10-05T18:28:23.7044057Z remote: Compressing objects:  59% (131/222)        
2026-10-05T18:28:23.7044557Z remote: Compressing objects:  60% (134/222)        
2026-10-05T18:28:23.7045048Z remote: Compressing objects:  61% (136/222)        
2026-10-05T18:28:23.7045542Z remote: Compressing objects:  62% (138/222)        
2026-10-05T18:28:23.7046035Z remote: Compressing objects:  63% (140/222)        
2026-10-05T18:28:23.7046532Z remote: Compressing objects:  64% (143/222)        
2026-10-05T18:28:23.7047035Z remote: Compressing objects:  65% (145/222)        
2026-10-05T18:28:23.7047860Z remote: Compressing objects:  66% (147/222)        
2026-10-05T18:28:23.7050407Z remote: Compressing objects:  67% (149/222)        
2026-10-05T18:28:23.7051350Z remote: Compressing objects:  68% (151/222)        
2026-10-05T18:28:23.7052209Z remote: Compressing objects:  69% (154/222)        
2026-10-05T18:28:23.7052854Z remote: Compressing objects:  70% (156/222)        
2026-10-05T18:28:23.7053359Z remote: Compressing objects:  71% (158/222)        
2026-10-05T18:28:23.7053855Z remote: Compressing objects:  72% (160/222)        
2026-10-05T18:28:23.7054405Z remote: Compressing objects:  73% (163/222)        
2026-10-05T18:28:23.7054990Z remote: Compressing objects:  74% (165/222)        
2026-10-05T18:28:23.7055579Z remote: Compressing objects:  75% (167/222)        
2026-10-05T18:28:23.7056155Z remote: Compressing objects:  76% (169/222)        
2026-10-05T18:28:23.7057015Z remote: Compressing objects:  77% (171/222)        
2026-10-05T18:28:23.7057477Z remote: Compressing objects:  78% (174/222)        
2026-10-05T18:28:23.7057870Z remote: Compressing objects:  79% (176/222)        
2026-10-05T18:28:23.7058400Z remote: Compressing objects:  80% (178/222)        
2026-10-05T18:28:23.7058757Z remote: Compressing objects:  81% (180/222)        
2026-10-05T18:28:23.7059434Z remote: Compressing objects:  82% (183/222)        
2026-10-05T18:28:23.7059881Z remote: Compressing objects:  83% (185/222)        
2026-10-05T18:28:23.7060229Z remote: Compressing objects:  84% (187/222)        
2026-10-05T18:28:23.7060585Z remote: Compressing objects:  85% (189/222)        
2026-10-05T18:28:23.7060931Z remote: Compressing objects:  86% (191/222)        
2026-10-05T18:28:23.7061276Z remote: Compressing objects:  87% (194/222)        
2026-10-05T18:28:23.7061625Z remote: Compressing objects:  88% (196/222)        
2026-10-05T18:28:23.7061973Z remote: Compressing objects:  89% (198/222)        
2026-10-05T18:28:23.7062333Z remote: Compressing objects:  90% (200/222)        
2026-10-05T18:28:23.7062681Z remote: Compressing objects:  91% (203/222)        
2026-10-05T18:28:23.7063030Z remote: Compressing objects:  92% (205/222)        
2026-10-05T18:28:23.7063388Z remote: Compressing objects:  93% (207/222)        
2026-10-05T18:28:23.7063744Z remote: Compressing objects:  94% (209/222)        
2026-10-05T18:28:23.7064089Z remote: Compressing objects:  95% (211/222)        
2026-10-05T18:28:23.7064438Z remote: Compressing objects:  96% (214/222)        
2026-10-05T18:28:23.7064746Z remote: Compressing objects:  97% (216/222)        
2026-10-05T18:28:23.7065052Z remote: Compressing objects:  98% (218/222)        
2026-10-05T18:28:23.7065359Z remote: Compressing objects:  99% (220/222)        
2026-10-05T18:28:23.7065668Z remote: Compressing objects: 100% (222/222)        
2026-10-05T18:28:23.7066005Z remote: Compressing objects: 100% (222/222), done.        
2026-10-05T18:28:23.7075601Z Receiving objects:   0% (1/274)
2026-10-05T18:28:23.7076289Z Receiving objects:   1% (3/274)
2026-10-05T18:28:23.7076893Z Receiving objects:   2% (6/274)
2026-10-05T18:28:23.7077502Z Receiving objects:   3% (9/274)
2026-10-05T18:28:23.7078148Z Receiving objects:   4% (11/274)
2026-10-05T18:28:23.7078764Z Receiving objects:   5% (14/274)
2026-10-05T18:28:23.7079641Z Receiving objects:   6% (17/274)
2026-10-05T18:28:23.7080265Z Receiving objects:   7% (20/274)
2026-10-05T18:28:23.7080920Z Receiving objects:   8% (22/274)
2026-10-05T18:28:23.7081539Z Receiving objects:   9% (25/274)
2026-10-05T18:28:23.7082192Z Receiving objects:  10% (28/274)
2026-10-05T18:28:23.7082812Z Receiving objects:  11% (31/274)
2026-10-05T18:28:23.7083425Z Receiving objects:  12% (33/274)
2026-10-05T18:28:23.7084061Z Receiving objects:  13% (36/274)
2026-10-05T18:28:23.7085060Z Receiving objects:  14% (39/274)
2026-10-05T18:28:23.7085561Z Receiving objects:  15% (42/274)
2026-10-05T18:28:23.7086058Z Receiving objects:  16% (44/274)
2026-10-05T18:28:23.7099925Z Receiving objects:  17% (47/274)
2026-10-05T18:28:23.7100559Z Receiving objects:  18% (50/274)
2026-10-05T18:28:23.7102867Z Receiving objects:  19% (53/274)
2026-10-05T18:28:23.7113022Z Receiving objects:  20% (55/274)
2026-10-05T18:28:23.7138568Z Receiving objects:  21% (58/274)
2026-10-05T18:28:23.7142952Z Receiving objects:  22% (61/274)
2026-10-05T18:28:23.7143654Z Receiving objects:  23% (64/274)
2026-10-05T18:28:23.7146600Z Receiving objects:  24% (66/274)
2026-10-05T18:28:23.7151227Z Receiving objects:  25% (69/274)
2026-10-05T18:28:23.7155461Z Receiving objects:  26% (72/274)
2026-10-05T18:28:23.7159862Z Receiving objects:  27% (74/274)
2026-10-05T18:28:23.7160330Z Receiving objects:  28% (77/274)
2026-10-05T18:28:23.7197404Z Receiving objects:  29% (80/274)
2026-10-05T18:28:23.7200249Z Receiving objects:  30% (83/274)
2026-10-05T18:28:23.7230314Z Receiving objects:  31% (85/274)
2026-10-05T18:28:23.7236785Z Receiving objects:  32% (88/274)
2026-10-05T18:28:23.7247733Z Receiving objects:  33% (91/274)
2026-10-05T18:28:23.7248509Z Receiving objects:  34% (94/274)
2026-10-05T18:28:23.7249031Z Receiving objects:  35% (96/274)
2026-10-05T18:28:23.7249715Z Receiving objects:  36% (99/274)
2026-10-05T18:28:23.7250182Z Receiving objects:  37% (102/274)
2026-10-05T18:28:23.7250494Z Receiving objects:  38% (105/274)
2026-10-05T18:28:23.7254441Z Receiving objects:  39% (107/274)
2026-10-05T18:28:23.7256786Z Receiving objects:  40% (110/274)
2026-10-05T18:28:23.7267388Z Receiving objects:  41% (113/274)
2026-10-05T18:28:23.7270801Z Receiving objects:  42% (116/274)
2026-10-05T18:28:23.7273707Z Receiving objects:  43% (118/274)
2026-10-05T18:28:23.7346199Z Receiving objects:  44% (121/274)
2026-10-05T18:28:23.7353750Z Receiving objects:  45% (124/274)
2026-10-05T18:28:23.7358252Z Receiving objects:  46% (127/274)
2026-10-05T18:28:23.7361083Z Receiving objects:  47% (129/274)
2026-10-05T18:28:23.7368367Z Receiving objects:  48% (132/274)
2026-10-05T18:28:23.7379925Z Receiving objects:  49% (135/274)
2026-10-05T18:28:23.7446581Z Receiving objects:  50% (137/274)
2026-10-05T18:28:23.7447244Z Receiving objects:  51% (140/274)
2026-10-05T18:28:23.7450675Z Receiving objects:  52% (143/274)
2026-10-05T18:28:23.7454099Z Receiving objects:  53% (146/274)
2026-10-05T18:28:23.7457003Z Receiving objects:  54% (148/274)
2026-10-05T18:28:23.7470692Z Receiving objects:  55% (151/274)
2026-10-05T18:28:23.7471263Z Receiving objects:  56% (154/274)
2026-10-05T18:28:23.7471772Z Receiving objects:  57% (157/274)
2026-10-05T18:28:23.7472292Z Receiving objects:  58% (159/274)
2026-10-05T18:28:23.7472807Z Receiving objects:  59% (162/274)
2026-10-05T18:28:23.7473261Z Receiving objects:  60% (165/274)
2026-10-05T18:28:23.7473704Z Receiving objects:  61% (168/274)
2026-10-05T18:28:23.7474155Z Receiving objects:  62% (170/274)
2026-10-05T18:28:23.7481869Z Receiving objects:  63% (173/274)
2026-10-05T18:28:23.7554525Z Receiving objects:  64% (176/274)
2026-10-05T18:28:23.7574159Z Receiving objects:  65% (179/274)
2026-10-05T18:28:23.7589098Z Receiving objects:  66% (181/274)
2026-10-05T18:28:23.7663762Z Receiving objects:  67% (184/274)
2026-10-05T18:28:23.7667602Z Receiving objects:  68% (187/274)
2026-10-05T18:28:23.7671513Z Receiving objects:  69% (190/274)
2026-10-05T18:28:23.7672004Z Receiving objects:  70% (192/274)
2026-10-05T18:28:23.7672440Z Receiving objects:  71% (195/274)
2026-10-05T18:28:23.7673536Z Receiving objects:  72% (198/274)
2026-10-05T18:28:23.7675386Z Receiving objects:  73% (201/274)
2026-10-05T18:28:23.7774000Z Receiving objects:  74% (203/274)
2026-10-05T18:28:23.7779877Z Receiving objects:  75% (206/274)
2026-10-05T18:28:23.7800116Z Receiving objects:  76% (209/274)
2026-10-05T18:28:23.7806226Z Receiving objects:  77% (211/274)
2026-10-05T18:28:23.7806973Z Receiving objects:  78% (214/274)
2026-10-05T18:28:23.7811919Z Receiving objects:  79% (217/274)
2026-10-05T18:28:23.7815685Z Receiving objects:  80% (220/274)
2026-10-05T18:28:23.7818274Z Receiving objects:  81% (222/274)
2026-10-05T18:28:23.7818961Z Receiving objects:  82% (225/274)
2026-10-05T18:28:23.7821856Z Receiving objects:  83% (228/274)
2026-10-05T18:28:23.7822543Z Receiving objects:  84% (231/274)
2026-10-05T18:28:23.7823315Z Receiving objects:  85% (233/274)
2026-10-05T18:28:23.7883595Z Receiving objects:  86% (236/274)
2026-10-05T18:28:23.7885902Z Receiving objects:  87% (239/274)
2026-10-05T18:28:23.7888198Z Receiving objects:  88% (242/274)
2026-10-05T18:28:23.7891796Z Receiving objects:  89% (244/274)
2026-10-05T18:28:23.7898230Z Receiving objects:  90% (247/274)
2026-10-05T18:28:23.7904050Z Receiving objects:  91% (250/274)
2026-10-05T18:28:23.7906303Z Receiving objects:  92% (253/274)
2026-10-05T18:28:23.7907631Z Receiving objects:  93% (255/274)
2026-10-05T18:28:23.7908120Z Receiving objects:  94% (258/274)
2026-10-05T18:28:23.7912509Z Receiving objects:  95% (261/274)
2026-10-05T18:28:23.7916346Z Receiving objects:  96% (264/274)
2026-10-05T18:28:23.7918645Z Receiving objects:  97% (266/274)
2026-10-05T18:28:23.8322251Z Receiving objects:  98% (269/274)
2026-10-05T18:28:23.8323603Z remote: Total 274 (delta 76), reused 107 (delta 42), pack-reused 0 (from 0)        
2026-10-05T18:28:23.8341363Z Receiving objects:  99% (272/274)
2026-10-05T18:28:23.8342488Z Receiving objects: 100% (274/274)
2026-10-05T18:28:23.8343274Z Receiving objects: 100% (274/274), 958.77 KiB | 7.43 MiB/s, done.
2026-10-05T18:28:23.8347660Z Resolving deltas:   0% (0/76)
2026-10-05T18:28:23.8358594Z Resolving deltas:   1% (1/76)
2026-10-05T18:28:23.8359406Z Resolving deltas:   2% (2/76)
2026-10-05T18:28:23.8359991Z Resolving deltas:   3% (3/76)
2026-10-05T18:28:23.8360449Z Resolving deltas:   5% (4/76)
2026-10-05T18:28:23.8360856Z Resolving deltas:   6% (5/76)
2026-10-05T18:28:23.8361262Z Resolving deltas:   7% (6/76)
2026-10-05T18:28:23.8361667Z Resolving deltas:   9% (7/76)
2026-10-05T18:28:23.8362076Z Resolving deltas:  10% (8/76)
2026-10-05T18:28:23.8362490Z Resolving deltas:  11% (9/76)
2026-10-05T18:28:23.8362897Z Resolving deltas:  13% (10/76)
2026-10-05T18:28:23.8363312Z Resolving deltas:  14% (11/76)
2026-10-05T18:28:23.8363736Z Resolving deltas:  15% (12/76)
2026-10-05T18:28:23.8364140Z Resolving deltas:  17% (13/76)
2026-10-05T18:28:23.8364533Z Resolving deltas:  18% (14/76)
2026-10-05T18:28:23.8364943Z Resolving deltas:  19% (15/76)
2026-10-05T18:28:23.8365345Z Resolving deltas:  21% (16/76)
2026-10-05T18:28:23.8365761Z Resolving deltas:  22% (17/76)
2026-10-05T18:28:23.8366172Z Resolving deltas:  23% (18/76)
2026-10-05T18:28:23.8366580Z Resolving deltas:  25% (19/76)
2026-10-05T18:28:23.8366984Z Resolving deltas:  26% (20/76)
2026-10-05T18:28:23.8367396Z Resolving deltas:  27% (21/76)
2026-10-05T18:28:23.8367815Z Resolving deltas:  28% (22/76)
2026-10-05T18:28:23.8368216Z Resolving deltas:  30% (23/76)
2026-10-05T18:28:23.8368615Z Resolving deltas:  31% (24/76)
2026-10-05T18:28:23.8369012Z Resolving deltas:  32% (25/76)
2026-10-05T18:28:23.8369674Z Resolving deltas:  34% (26/76)
2026-10-05T18:28:23.8370074Z Resolving deltas:  35% (27/76)
2026-10-05T18:28:23.8370474Z Resolving deltas:  36% (28/76)
2026-10-05T18:28:23.8370880Z Resolving deltas:  38% (29/76)
2026-10-05T18:28:23.8371293Z Resolving deltas:  39% (30/76)
2026-10-05T18:28:23.8371686Z Resolving deltas:  40% (31/76)
2026-10-05T18:28:23.8371941Z Resolving deltas:  42% (32/76)
2026-10-05T18:28:23.8372246Z Resolving deltas:  43% (33/76)
2026-10-05T18:28:23.8372886Z Resolving deltas:  44% (34/76)
2026-10-05T18:28:23.8373320Z Resolving deltas:  46% (35/76)
2026-10-05T18:28:23.8373755Z Resolving deltas:  47% (36/76)
2026-10-05T18:28:23.8374176Z Resolving deltas:  48% (37/76)
2026-10-05T18:28:23.8374602Z Resolving deltas:  50% (38/76)
2026-10-05T18:28:23.8375052Z Resolving deltas:  51% (39/76)
2026-10-05T18:28:23.8375468Z Resolving deltas:  52% (40/76)
2026-10-05T18:28:23.8375882Z Resolving deltas:  53% (41/76)
2026-10-05T18:28:23.8376298Z Resolving deltas:  55% (42/76)
2026-10-05T18:28:23.8376718Z Resolving deltas:  56% (43/76)
2026-10-05T18:28:23.8377134Z Resolving deltas:  57% (44/76)
2026-10-05T18:28:23.8381305Z Resolving deltas:  59% (45/76)
2026-10-05T18:28:23.8381797Z Resolving deltas:  60% (46/76)
2026-10-05T18:28:23.8382256Z Resolving deltas:  61% (47/76)
2026-10-05T18:28:23.8382733Z Resolving deltas:  63% (48/76)
2026-10-05T18:28:23.8383073Z Resolving deltas:  64% (49/76)
2026-10-05T18:28:23.8383327Z Resolving deltas:  65% (50/76)
2026-10-05T18:28:23.8383744Z Resolving deltas:  67% (51/76)
2026-10-05T18:28:23.8384194Z Resolving deltas:  68% (52/76)
2026-10-05T18:28:23.8384527Z Resolving deltas:  69% (53/76)
2026-10-05T18:28:23.8384765Z Resolving deltas:  71% (54/76)
2026-10-05T18:28:23.8385000Z Resolving deltas:  72% (55/76)
2026-10-05T18:28:23.8385227Z Resolving deltas:  73% (56/76)
2026-10-05T18:28:23.8385452Z Resolving deltas:  75% (57/76)
2026-10-05T18:28:23.8385682Z Resolving deltas:  76% (58/76)
2026-10-05T18:28:23.8385919Z Resolving deltas:  77% (59/76)
2026-10-05T18:28:23.8386150Z Resolving deltas:  78% (60/76)
2026-10-05T18:28:23.8386393Z Resolving deltas:  80% (61/76)
2026-10-05T18:28:23.8386620Z Resolving deltas:  81% (62/76)
2026-10-05T18:28:23.8387071Z Resolving deltas:  82% (63/76)
2026-10-05T18:28:23.8387313Z Resolving deltas:  84% (64/76)
2026-10-05T18:28:23.8387545Z Resolving deltas:  85% (65/76)
2026-10-05T18:28:23.8388084Z Resolving deltas:  86% (66/76)
2026-10-05T18:28:23.8388503Z Resolving deltas:  88% (67/76)
2026-10-05T18:28:23.8388896Z Resolving deltas:  89% (68/76)
2026-10-05T18:28:23.8389508Z Resolving deltas:  90% (69/76)
2026-10-05T18:28:23.8389898Z Resolving deltas:  92% (70/76)
2026-10-05T18:28:23.8390288Z Resolving deltas:  93% (71/76)
2026-10-05T18:28:23.8390679Z Resolving deltas:  94% (72/76)
2026-10-05T18:28:23.8391068Z Resolving deltas:  96% (73/76)
2026-10-05T18:28:23.8391449Z Resolving deltas:  97% (74/76)
2026-10-05T18:28:23.8391827Z Resolving deltas:  98% (75/76)
2026-10-05T18:28:23.8392195Z Resolving deltas: 100% (76/76)
2026-10-05T18:28:23.8392577Z Resolving deltas: 100% (76/76), done.
2026-10-05T18:28:23.8467002Z From https://github.com/google/googletest
2026-10-05T18:28:23.8467585Z  * [new tag]         v1.13.0     -> v1.13.0
2026-10-05T18:28:23.8467981Z  * [new tag]         v1.13.0-pre -> v1.13.0-pre
2026-10-05T18:28:23.8475608Z ##[endgroup]
2026-10-05T18:28:23.8476311Z ##[group]Determining the checkout info
2026-10-05T18:28:23.8481731Z [command]/usr/bin/git branch --list --remote origin/v1.13.0
2026-10-05T18:28:23.8520696Z [command]/usr/bin/git tag --list v1.13.0
2026-10-05T18:28:23.8546479Z v1.13.0
2026-10-05T18:28:23.8551665Z ##[endgroup]
2026-10-05T18:28:23.8552419Z ##[group]Checking out the ref
2026-10-05T18:28:23.8556404Z [command]/usr/bin/git checkout --progress --force refs/tags/v1.13.0
2026-10-05T18:28:23.8855940Z Note: switching to 'refs/tags/v1.13.0'.
2026-10-05T18:28:23.8856691Z 
2026-10-05T18:28:23.8857333Z You are in 'detached HEAD' state. You can look around, make experimental
2026-10-05T18:28:23.8858491Z changes and commit them, and you can discard any commits you make in this
2026-10-05T18:28:23.8859797Z state without impacting any branches by switching back to a branch.
2026-10-05T18:28:23.8860478Z 
2026-10-05T18:28:23.8860914Z If you want to create a new branch to retain commits you create, you may
2026-10-05T18:28:23.8861959Z do so (now or later) by using -c with the switch command. Example:
2026-10-05T18:28:23.8862478Z 
2026-10-05T18:28:23.8862669Z   git switch -c <new-branch-name>
2026-10-05T18:28:23.8862934Z 
2026-10-05T18:28:23.8863060Z Or undo this operation with:
2026-10-05T18:28:23.8863261Z 
2026-10-05T18:28:23.8863372Z   git switch -
2026-10-05T18:28:23.8863529Z 
2026-10-05T18:28:23.8863801Z Turn off this advice by setting config variable advice.detachedHead to false
2026-10-05T18:28:23.8864213Z 
2026-10-05T18:28:23.8864464Z HEAD is now at b796f7d Bump version to 1.13.0 in preparation for release
2026-10-05T18:28:23.8866366Z ##[endgroup]
2026-10-05T18:28:23.8905549Z [command]/usr/bin/git log -1 --format='%H'
2026-10-05T18:28:23.8932468Z 'b796f7d44681514f58a683a3a71ff17c94edb0c1'
2026-10-05T18:28:23.9039505Z ##[end-action id=gtest.__actions_checkout;outcome=success;conclusion=success;duration_ms=837]
2026-10-05T18:28:23.9042744Z ##[start-action display=Export path to where GTest is installed;id=gtest.path-name]
2026-10-05T18:28:23.9061032Z ##[group]Run # Export the path
2026-10-05T18:28:23.9061397Z [36;1m# Export the path[0m
2026-10-05T18:28:23.9061989Z [36;1mecho 'path=gtest' >> $GITHUB_OUTPUT[0m
2026-10-05T18:28:23.9135353Z shell: /usr/bin/bash --noprofile --norc -e -o pipefail {0}
2026-10-05T18:28:23.9135842Z ##[endgroup]
2026-10-05T18:28:23.9254061Z ##[end-action id=gtest.path-name;outcome=success;conclusion=success;duration_ms=21]
2026-10-05T18:28:23.9284445Z ##[group]Run # Set a proper suffix for packages if using a different architecture
2026-10-05T18:28:23.9285104Z [36;1m# Set a proper suffix for packages if using a different architecture[0m
2026-10-05T18:28:23.9285559Z [36;1mif [[ '' != '' ]]; then[0m
2026-10-05T18:28:23.9285858Z [36;1m  echo 'suffix=:' >> $GITHUB_OUTPUT[0m
2026-10-05T18:28:23.9286159Z [36;1mfi[0m
2026-10-05T18:28:23.9356442Z shell: /usr/bin/bash -e {0}
2026-10-05T18:28:23.9356789Z ##[endgroup]
2026-10-05T18:28:23.9475729Z ##[group]Run # Install dependencies using apt-get
2026-10-05T18:28:23.9476170Z [36;1m# Install dependencies using apt-get[0m
2026-10-05T18:28:23.9476717Z [36;1mif [[ '' != '' ]]; then[0m
2026-10-05T18:28:23.9477018Z [36;1m  sudo dpkg --add-architecture [0m
2026-10-05T18:28:23.9477315Z [36;1mfi[0m
2026-10-05T18:28:23.9477528Z [36;1msudo apt-get update[0m
2026-10-05T18:28:23.9477832Z [36;1msudo apt-get install --only-upgrade apt[0m
2026-10-05T18:28:23.9478527Z [36;1msudo apt-get install gcc-10=10.4.0-4ubuntu1~22.04 g++-10=10.4.0-4ubuntu1~22.04 libxrandr-dev libxtst-dev libcups2-dev libasound2-dev [0m
2026-10-05T18:28:23.9479842Z [36;1msudo update-alternatives --install /usr/bin/gcc gcc /usr/bin/gcc-10 100 --slave /usr/bin/g++ g++ /usr/bin/g++-10[0m
2026-10-05T18:28:23.9544990Z shell: /usr/bin/bash -e {0}
2026-10-05T18:28:23.9545304Z ##[endgroup]
2026-10-05T18:28:24.0663264Z Get:1 file:/etc/apt/apt-mirrors.txt Mirrorlist [144 B]
2026-10-05T18:28:24.1017351Z Hit:2 http://azure.archive.ubuntu.com/ubuntu jammy InRelease
2026-10-05T18:28:24.1018785Z Get:6 https://packages.microsoft.com/ubuntu/22.04/prod jammy InRelease [3632 B]
2026-10-05T18:28:24.1040398Z Get:3 http://azure.archive.ubuntu.com/ubuntu jammy-updates InRelease [128 kB]
2026-10-05T18:28:24.1076805Z Get:4 http://azure.archive.ubuntu.com/ubuntu jammy-backports InRelease [127 kB]
2026-10-05T18:28:24.1119813Z Get:5 http://azure.archive.ubuntu.com/ubuntu jammy-security InRelease [129 kB]
2026-10-05T18:28:24.2616530Z Get:7 https://packages.microsoft.com/ubuntu/22.04/prod jammy/main arm64 Packages [551 kB]
2026-10-05T18:28:24.2791135Z Get:8 https://packages.microsoft.com/ubuntu/22.04/prod jammy/main amd64 Packages [794 kB]
2026-10-05T18:28:24.3600722Z Get:9 http://azure.archive.ubuntu.com/ubuntu jammy-updates/main amd64 Packages [3908 kB]
2026-10-05T18:28:24.3803080Z Get:10 http://azure.archive.ubuntu.com/ubuntu jammy-updates/main Translation-en [576 kB]
2026-10-05T18:28:24.3825630Z Get:11 http://azure.archive.ubuntu.com/ubuntu jammy-updates/restricted amd64 Packages [6714 kB]
2026-10-05T18:28:24.4180654Z Get:12 http://azure.archive.ubuntu.com/ubuntu jammy-updates/restricted Translation-en [1290 kB]
2026-10-05T18:28:24.4239612Z Get:13 http://azure.archive.ubuntu.com/ubuntu jammy-updates/universe amd64 Packages [1285 kB]
2026-10-05T18:28:24.4310919Z Get:14 http://azure.archive.ubuntu.com/ubuntu jammy-updates/universe Translation-en [325 kB]
2026-10-05T18:28:24.5568239Z Get:15 http://azure.archive.ubuntu.com/ubuntu jammy-security/main amd64 Packages [3631 kB]
2026-10-05T18:28:24.5760877Z Get:16 http://azure.archive.ubuntu.com/ubuntu jammy-security/main Translation-en [508 kB]
2026-10-05T18:28:24.5792041Z Get:17 http://azure.archive.ubuntu.com/ubuntu jammy-security/restricted amd64 Packages [6465 kB]
2026-10-05T18:28:24.6111312Z Get:18 http://azure.archive.ubuntu.com/ubuntu jammy-security/restricted Translation-en [1244 kB]
2026-10-05T18:28:24.6591301Z Get:19 http://azure.archive.ubuntu.com/ubuntu jammy-security/universe amd64 Packages [1052 kB]
2026-10-05T18:28:24.6647334Z Get:20 http://azure.archive.ubuntu.com/ubuntu jammy-security/universe Translation-en [237 kB]
2026-10-05T18:28:30.3787793Z Fetched 29.0 MB in 3s (8968 kB/s)
2026-10-05T18:28:31.7671383Z Reading package lists...
2026-10-05T18:28:31.8415639Z Reading package lists...
2026-10-05T18:28:32.1345582Z Building dependency tree...
2026-10-05T18:28:32.1358582Z Reading state information...
2026-10-05T18:28:32.3522502Z apt is already the newest version (2.4.14).
2026-10-05T18:28:32.3523331Z 0 upgraded, 0 newly installed, 0 to remove and 20 not upgraded.
2026-10-05T18:28:32.4120415Z Reading package lists...
2026-10-05T18:28:32.6971787Z Building dependency tree...
2026-10-05T18:28:32.6983673Z Reading state information...
2026-10-05T18:28:32.7130417Z Package g++-10 is not available, but is referred to by another package.
2026-10-05T18:28:32.7131530Z This may mean that the package is missing, has been obsoleted, or
2026-10-05T18:28:32.7132920Z is only available from another source
2026-10-05T18:28:32.7133344Z 
2026-10-05T18:28:32.7133764Z Package gcc-10 is not available, but is referred to by another package.
2026-10-05T18:28:32.7134797Z This may mean that the package is missing, has been obsoleted, or
2026-10-05T18:28:32.7135451Z is only available from another source
2026-10-05T18:28:32.7135775Z 
2026-10-05T18:28:32.7172528Z E: Version '10.4.0-4ubuntu1~22.04' for 'gcc-10' was not found
2026-10-05T18:28:32.7173383Z E: Version '10.4.0-4ubuntu1~22.04' for 'g++-10' was not found
2026-10-05T18:28:32.7212538Z ##[error]Process completed with exit code 100.
2026-10-05T18:28:32.7324356Z Post job cleanup.
2026-10-05T18:28:32.7328244Z ##[start-action display=Checkout GTest source;id=__762d5689-c6a6-43a3-899c-2db472d645c7.__actions_checkout]
2026-10-05T18:28:32.7380495Z Post job cleanup.
2026-10-05T18:28:32.8103840Z (node:3556) [DEP0040] DeprecationWarning: The `punycode` module is deprecated. Please use a userland alternative instead.
2026-10-05T18:28:32.8105006Z (Use `node --trace-deprecation ...` to show where the warning was created)
2026-10-05T18:28:32.8136067Z [command]/usr/bin/git version
2026-10-05T18:28:32.8175105Z git version 2.55.0
2026-10-05T18:28:32.8213001Z Temporarily overriding HOME='/home/runner/work/_temp/2ba7ebd9-5c99-4605-84fd-12b2f20b2dfa' before making global git config changes
2026-10-05T18:28:32.8214400Z Adding repository directory to the temporary git global config as a safe directory
2026-10-05T18:28:32.8216616Z [command]/usr/bin/git config --global --add safe.directory /home/runner/work/M3jdk21/M3jdk21/gtest
2026-10-05T18:28:32.8255935Z [command]/usr/bin/git config --local --name-only --get-regexp core\.sshCommand
2026-10-05T18:28:32.8291514Z [command]/usr/bin/git submodule foreach --recursive sh -c "git config --local --name-only --get-regexp 'core\.sshCommand' && git config --local --unset-all 'core.sshCommand' || :"
2026-10-05T18:28:32.8565338Z [command]/usr/bin/git config --local --name-only --get-regexp http\.https\:\/\/github\.com\/\.extraheader
2026-10-05T18:28:32.8590036Z http.https://github.com/.extraheader
2026-10-05T18:28:32.8602195Z [command]/usr/bin/git config --local --unset-all http.https://github.com/.extraheader
2026-10-05T18:28:32.8638400Z [command]/usr/bin/git submodule foreach --recursive sh -c "git config --local --name-only --get-regexp 'http\.https\:\/\/github\.com\/\.extraheader' && git config --local --unset-all 'http.https://github.com/.extraheader' || :"
2026-10-05T18:28:32.8988798Z ##[end-action id=__762d5689-c6a6-43a3-899c-2db472d645c7.__actions_checkout;outcome=success;conclusion=success;duration_ms=165]
2026-10-05T18:28:32.9065056Z Post job cleanup.
2026-10-05T18:28:32.9068792Z ##[start-action display=Checkout the JTReg source;id=__0201930d-1de6-4b77-9abe-ae0ec243d573.__actions_checkout]
2026-10-05T18:28:32.9119240Z Post job cleanup.
2026-10-05T18:28:32.9856160Z (node:3625) [DEP0040] DeprecationWarning: The `punycode` module is deprecated. Please use a userland alternative instead.
2026-10-05T18:28:32.9857468Z (Use `node --trace-deprecation ...` to show where the warning was created)
2026-10-05T18:28:32.9888088Z [command]/usr/bin/git version
2026-10-05T18:28:32.9927360Z git version 2.55.0
2026-10-05T18:28:32.9966957Z Temporarily overriding HOME='/home/runner/work/_temp/7c6c99c6-7451-4577-8c50-32746224490a' before making global git config changes
2026-10-05T18:28:32.9968829Z Adding repository directory to the temporary git global config as a safe directory
2026-10-05T18:28:32.9973039Z [command]/usr/bin/git config --global --add safe.directory /home/runner/work/M3jdk21/M3jdk21/jtreg/src
2026-10-05T18:28:33.0033532Z [command]/usr/bin/git config --local --name-only --get-regexp core\.sshCommand
2026-10-05T18:28:33.0059645Z [command]/usr/bin/git submodule foreach --recursive sh -c "git config --local --name-only --get-regexp 'core\.sshCommand' && git config --local --unset-all 'core.sshCommand' || :"
2026-10-05T18:28:33.0325522Z [command]/usr/bin/git config --local --name-only --get-regexp http\.https\:\/\/github\.com\/\.extraheader
2026-10-05T18:28:33.0351215Z http.https://github.com/.extraheader
2026-10-05T18:28:33.0361821Z [command]/usr/bin/git config --local --unset-all http.https://github.com/.extraheader
2026-10-05T18:28:33.0397719Z [command]/usr/bin/git submodule foreach --recursive sh -c "git config --local --name-only --get-regexp 'http\.https\:\/\/github\.com\/\.extraheader' && git config --local --unset-all 'http.https://github.com/.extraheader' || :"
2026-10-05T18:28:33.0779638Z ##[end-action id=__0201930d-1de6-4b77-9abe-ae0ec243d573.__actions_checkout;outcome=success;conclusion=success;duration_ms=170]
2026-10-05T18:28:33.0783971Z ##[start-action display=Check cache for JTReg;id=__0201930d-1de6-4b77-9abe-ae0ec243d573.get-cached-jtreg]
2026-10-05T18:28:33.0788454Z ##[end-action id=__0201930d-1de6-4b77-9abe-ae0ec243d573.get-cached-jtreg;outcome=skipped;conclusion=skipped;duration_ms=0]
2026-10-05T18:28:33.0906438Z Post job cleanup.
2026-10-05T18:28:33.0911141Z ##[start-action display=Check cache for BootJDK;id=__e3c2501b-79a0-4fef-8eee-8b0cdb1028fa.get-cached-bootjdk]
2026-10-05T18:28:33.0913591Z ##[end-action id=__e3c2501b-79a0-4fef-8eee-8b0cdb1028fa.get-cached-bootjdk;outcome=skipped;conclusion=skipped;duration_ms=0]
2026-10-05T18:28:33.0991835Z Post job cleanup.
2026-10-05T18:28:33.1860558Z (node:3694) [DEP0040] DeprecationWarning: The `punycode` module is deprecated. Please use a userland alternative instead.
2026-10-05T18:28:33.1862220Z (Use `node --trace-deprecation ...` to show where the warning was created)
2026-10-05T18:28:33.1894473Z [command]/usr/bin/git version
2026-10-05T18:28:33.1938527Z git version 2.55.0
2026-10-05T18:28:33.1975938Z Temporarily overriding HOME='/home/runner/work/_temp/8d408a28-6e04-4d60-a3c5-600518a6fa17' before making global git config changes
2026-10-05T18:28:33.1978010Z Adding repository directory to the temporary git global config as a safe directory
2026-10-05T18:28:33.1980309Z [command]/usr/bin/git config --global --add safe.directory /home/runner/work/M3jdk21/M3jdk21
2026-10-05T18:28:33.2020075Z [command]/usr/bin/git config --local --name-only --get-regexp core\.sshCommand
2026-10-05T18:28:33.2056419Z [command]/usr/bin/git submodule foreach --recursive sh -c "git config --local --name-only --get-regexp 'core\.sshCommand' && git config --local --unset-all 'core.sshCommand' || :"
2026-10-05T18:28:33.2501904Z [command]/usr/bin/git config --local --name-only --get-regexp http\.https\:\/\/github\.com\/\.extraheader
2026-10-05T18:28:33.2530700Z http.https://github.com/.extraheader
2026-10-05T18:28:33.2542603Z [command]/usr/bin/git config --local --unset-all http.https://github.com/.extraheader
2026-10-05T18:28:33.2581392Z [command]/usr/bin/git submodule foreach --recursive sh -c "git config --local --name-only --get-regexp 'http\.https\:\/\/github\.com\/\.extraheader' && git config --local --unset-all 'http.https://github.com/.extraheader' || :"
2026-10-05T18:28:33.3166683Z Cleaning up orphan processes
2026-10-05T18:28:33.3512484Z ##[warning]Node.js 20 is deprecated. The following actions target Node.js 20 but are being forced to run on Node.js 24: actions/cache@v3, actions/checkout@v3. For more information see: https://github.blog/changelog/2025-09-19-deprecation-of-node-20-on-github-actions-runners/
